id, identification, timestamp, despatch
1, YjLu0asVxyAfJWhmF4ZK, 1970-01-11 14:38:58, 1970-01-16 18:25:41
2, nr3LRC1V5UeG8A4mWYgU, 1970-01-09 23:38:58, 1970-01-17 04:52:41
3, Se3jnaJUcbqVsVtLxitz, 1970-01-16 02:30:37, 1970-01-18 07:36:41
4, oBnwcyDuZhjwICn45coT, 1970-01-14 23:26:11, 1970-01-17 21:59:27
5, XPme4beKc43HK30GXaDk, 1970-01-13 22:26:38, 1970-01-14 06:03:03
6, lnGn6bMXptSINMMaKjXd, 1970-01-05 23:19:42, 1970-01-08 02:06:26
7, ZBuwcM0VLOrOB0HVXkW9, 1970-01-10 17:17:05, 1970-01-13 11:38:36
8, bzEgU8SZK3TgDR4JU8NZ, 1970-01-14 00:47:00, 1970-01-16 00:24:40
9, AEZcH0jPvAX4uC6RlGKz, 1970-01-12 00:07:36, 1970-01-14 19:25:10
10, NT0SX9BalQKg8r9J1TVn, 1970-01-03 22:49:43, 1970-01-13 23:06:02
11, u8kIsVLvjdEEhWetrEX9, 1970-01-03 13:38:33, 1970-01-09 17:39:24
12, SpfKsm1oVf0bAxFC1KKp, 1970-01-16 16:12:21, 1970-01-17 18:51:50
13, Zp2zqeJDVMyF2LWGb6X6, 1970-01-06 05:03:50, 1970-01-12 21:36:57
14, aQdA07vsdA0pyTT5I62b, 1970-01-05 05:34:59, 1970-01-16 17:08:20
15, 6WhB71i7LtfVw2jGb5dY, 1970-01-13 14:21:24, 1970-01-16 01:47:19
16, emjIV59gNBFS4HasQRNt, 1970-01-12 08:05:49, 1970-01-15 00:28:35
17, BVtRENeNmrs2HKDjPFMM, 1970-01-02 17:06:57, 1970-01-05 04:14:30
18, 7UvRpvu3pKsqh1dirCBD, 1970-01-15 15:57:02, 1970-01-16 01:27:48
19, 4dJcEJyIV62vpZ0avxpt, 1970-01-11 16:55:55, 1970-01-16 00:52:03
20, jD2t8ZXQFnILInUSKIji, 1970-01-17 16:52:25, 1970-01-18 02:04:35
21, VJkpomF9J1PIlf2etKkt, 1970-01-03 11:09:48, 1970-01-04 22:59:50
22, 9uumZK5Vta6J5U0wovts, 1970-01-04 15:11:20, 1970-01-15 00:16:21
23, slGfodqH0VaZjjxXWfZ1, 1970-01-06 07:36:44, 1970-01-15 00:53:11
24, mh6pJeAxLHmWbRB46vGX, 1970-01-07 12:20:02, 1970-01-16 17:53:44
25, VjvPVzjFaQIC2cSVyGIJ, 1970-01-09 17:05:30, 1970-01-17 07:51:00
26, ejQvRnWLQbydu6spyv2k, 1970-01-06 11:27:34, 1970-01-17 16:46:02
27, gBBcOgh2urAYQWcXolLh, 1970-01-08 18:46:37, 1970-01-14 00:59:02
28, Dy7rBBlQKMHK2tTcURkh, 1970-01-10 12:18:40, 1970-01-11 09:58:43
29, Zhphn4yZBaWV2x2i96es, 1970-01-03 13:22:18, 1970-01-14 08:17:21
30, hH9HB06EDtXqs3rPM9dB, 1970-01-17 02:20:47, 1970-01-17 08:25:10
31, 2NiR8ssMWoXfSKqGy87t, 1970-01-13 13:44:50, 1970-01-13 19:05:46
32, oFvi62zjVdL8iwNoYj48, 1970-01-04 22:54:36, 1970-01-15 07:11:15
33, Sxt8Xz740gOlm2l6sDxO, 1970-01-13 08:36:35, 1970-01-17 21:54:07
34, znUWOvywXgjYgBgcLC9P, 1970-01-16 07:32:03, 1970-01-17 18:14:38
35, 058TpymPlxl1I2kUvwVJ, 1970-01-14 13:42:25, 1970-01-15 19:53:48
36, NMWCdxlAwFKlGWmQ6lNU, 1970-01-11 13:53:46, 1970-01-13 08:44:31
37, dUrVj7zxwGjXGKyCEXJj, 1970-01-07 15:15:35, 1970-01-18 00:20:40
38, g53bfmQpPhlPJ4dhNp4s, 1970-01-18 07:30:49, 1970-01-18 07:31:32
39, 3WeSCHcQ5las6BALWsyT, 1970-01-04 23:53:35, 1970-01-08 21:24:08
40, 0c0TDGT7xE7gQQWLxNSo, 1970-01-14 23:59:03, 1970-01-17 06:21:33
41, DHnvKnndIzbMkVvPZh5e, 1970-01-13 01:38:12, 1970-01-16 16:05:31
42, uVANr2ir47rj9p4OUNIa, 1970-01-13 00:45:01, 1970-01-14 07:05:37
43, VkBlEGqzkAb7lgJiTxoC, 1970-01-11 07:47:55, 1970-01-12 21:11:40
44, 63XvdlhW4Upicp06GDar, 1970-01-06 23:42:21, 1970-01-13 13:46:55
45, tU58nHOswyViNKrVXPk3, 1970-01-09 06:03:29, 1970-01-17 00:23:33
46, G6LRxuBP7W5UNsRobb39, 1970-01-10 04:27:17, 1970-01-15 08:11:21
47, rfQ87i42GVNRjjBSJZQ4, 1970-01-04 21:51:54, 1970-01-12 17:07:12
48, KNg1qd6RrV6HqTstjKxX, 1970-01-15 02:10:17, 1970-01-17 00:55:39
49, Rz3dJLqQElt0ApUc3oFC, 1970-01-09 17:30:41, 1970-01-13 04:16:43
50, m5oEjJ58KFVCWBTF0aL4, 1970-01-11 14:29:34, 1970-01-14 22:51:56
51, ePGRyMYgm2Y1Vg7QMx7s, 1970-01-16 00:56:53, 1970-01-16 03:36:04
52, hXwsf8NWFFaaLVZ6j42a, 1970-01-15 08:18:51, 1970-01-16 17:28:24
53, vdnt9h7G7GmfhFlqxFKW, 1970-01-03 01:03:20, 1970-01-13 14:58:11
54, kkidlr4pJkcw6Pn4iNGN, 1970-01-02 16:01:22, 1970-01-12 12:42:46
55, LpiClsTjsMuxAkPiHK31, 1970-01-17 00:40:43, 1970-01-18 02:59:51
56, q7wYKaSQQ4jdCnbz1HHd, 1970-01-03 00:17:12, 1970-01-04 05:47:28
57, JWsUQcIIHP5EmgQdxZsD, 1970-01-03 17:31:29, 1970-01-16 03:04:47
58, IkA48fEwALeOoKx6cUkk, 1970-01-14 12:29:57, 1970-01-17 19:35:17
59, 0tvLisoQwCROrPQMY174, 1970-01-13 20:57:47, 1970-01-16 17:25:52
60, xlsQo9P2GRnbcoBJEIiP, 1970-01-06 06:30:51, 1970-01-15 19:19:18
61, 5gLG4xLQsRsmJI5lWn0G, 1970-01-03 20:27:34, 1970-01-14 01:25:30
62, Wv8vcxdrYFySUSTyFQIl, 1970-01-09 06:28:47, 1970-01-11 11:47:41
63, dRSQAmdHYwlkXCKhlb2u, 1970-01-15 06:15:53, 1970-01-17 00:35:02
64, KxQriAvVtpnIHk9pH0Us, 1970-01-10 06:44:12, 1970-01-14 17:21:15
65, WlSud590mlOIdIGZ2MLx, 1970-01-10 09:08:21, 1970-01-13 18:46:00
66, K4qYqexJoZET5I4a63wE, 1970-01-10 07:45:28, 1970-01-17 03:05:57
67, QiRkMiN7CoQdKlNiSha4, 1970-01-06 13:04:23, 1970-01-16 22:25:21
68, TOkc0zu04JgI0yf2VBnJ, 1970-01-09 15:41:58, 1970-01-10 00:19:11
69, J3YzXGm8l1jqGQC1BYbx, 1970-01-16 01:14:37, 1970-01-16 10:13:19
70, IXEia82kNhhA5ZRX2BCt, 1970-01-06 05:18:46, 1970-01-14 08:29:30
71, lEmoSBtWBaN1Oww356Dm, 1970-01-05 14:26:40, 1970-01-10 19:39:21
72, k55Zmytpf1pjqTHSytDd, 1970-01-14 10:16:04, 1970-01-15 06:05:04
73, FLuvs63ddOWJK6RQOhJ3, 1970-01-15 11:31:22, 1970-01-15 21:53:15
74, a3tBbyWNK0RqKorwkfn2, 1970-01-04 07:56:58, 1970-01-07 14:19:16
75, BAv19piuQ1DhfDOIXfuT, 1970-01-08 02:49:39, 1970-01-13 22:11:03
76, 2JiLxNh6HZgjUTlqkwV3, 1970-01-05 17:31:59, 1970-01-05 22:40:19
77, hQaLkcy336UmTOzcc3jf, 1970-01-14 09:12:01, 1970-01-14 21:13:03
78, sYDfxKwckvbxKJvIzQdG, 1970-01-12 13:25:44, 1970-01-18 02:01:00
79, KJIMVRjA5FV6yHgNyZaV, 1970-01-07 12:14:23, 1970-01-18 06:32:06
80, Dbg1NlpfI0f5zsUlOXbg, 1970-01-07 14:05:00, 1970-01-10 02:04:19
81, 43kbsxqF3QMw5n5s5gmo, 1970-01-16 01:26:34, 1970-01-17 23:42:57
82, FQELSXKgCxvzSK7ehPw9, 1970-01-09 23:54:12, 1970-01-11 23:49:32
83, 7ZujcF9ZzkIpNULFA85w, 1970-01-17 20:54:38, 1970-01-17 22:56:29
84, v7r7sBUZ5US2IJnxEIxF, 1970-01-12 09:53:41, 1970-01-17 15:35:59
85, ZUeovBUtL9zq4uSvAwE1, 1970-01-06 13:48:52, 1970-01-09 12:58:31
86, dadyLx4mP0rm0e8VomJ0, 1970-01-07 11:41:39, 1970-01-08 05:45:31
87, bwhQvyP9zFLOi2j7gBQ5, 1970-01-12 17:05:07, 1970-01-13 14:44:36
88, a6aCXOkPOG86OOQOXfiC, 1970-01-03 12:48:18, 1970-01-11 13:09:32
89, ihCoaYb3DUpDu5ZYLp6W, 1970-01-13 06:46:51, 1970-01-15 17:01:57
90, CoBPpBmYi9x4hsZ56z3J, 1970-01-12 23:24:02, 1970-01-14 14:53:14
91, jvNhgeOgXL5yNi1aCCfi, 1970-01-14 02:27:40, 1970-01-14 03:11:34
92, GFnKjb1lyfjqcCCAIu46, 1970-01-09 11:25:06, 1970-01-14 05:18:47
93, 3wM9KrfaUTvnJcmUxXvS, 1970-01-16 20:07:39, 1970-01-16 23:56:50
94, ec5p5hisVOj9N41eEY30, 1970-01-16 10:46:54, 1970-01-17 00:32:48
95, L7fPowVhcTu6E2TDu83T, 1970-01-11 04:21:33, 1970-01-11 16:41:27
96, cEMEPJqPVKRgezehhuxF, 1970-01-13 10:35:54, 1970-01-15 22:25:24
97, xQz30DG1BLamMTR2W3xa, 1970-01-13 01:49:23, 1970-01-17 09:55:43
98, PKrMXFpFnodkfE4Y6V53, 1970-01-07 06:19:37, 1970-01-12 14:49:53
99, 2suClrtyAzsHBksbZSN2, 1970-01-03 05:26:56, 1970-01-09 12:58:42
100, Toz97i3eN1W7zxay9Bss, 1970-01-07 06:01:30, 1970-01-09 06:14:08
101, I1cDojemnj8S7JPIiWMK, 1970-01-13 18:44:33, 1970-01-15 20:54:05
102, S0xymrBYakU0DTKmPiPC, 1970-01-18 07:30:44, 1970-01-18 07:52:29
103, hqOXIbQ8irhhahj1Dtz6, 1970-01-10 08:18:39, 1970-01-17 11:19:56
104, Q2vf1uk18JHUnDorL10K, 1970-01-13 21:32:32, 1970-01-17 23:05:41
105, VL6r3obgOnpJ7gblrXKC, 1970-01-06 00:40:50, 1970-01-15 08:39:42
106, x0AoP94aXy94iyiGDVKc, 1970-01-04 11:48:33, 1970-01-16 14:12:41
107, grQ0TuonRUjXOjnR7Pbg, 1970-01-14 01:01:42, 1970-01-16 19:41:04
108, Ql6zTKSqpa5EhaHw3mfh, 1970-01-12 21:05:14, 1970-01-17 04:49:23
109, ZHDPI1eU4CxoWvOw3IAR, 1970-01-14 04:58:38, 1970-01-15 21:13:34
110, msg7daGX7FfBPHKCoQhh, 1970-01-11 23:20:37, 1970-01-13 17:21:38
111, odFO7N6ADOvGpcJKH0rt, 1970-01-05 10:33:12, 1970-01-14 20:32:48
112, 6DTYfXqy6lRR30Z41woz, 1970-01-03 22:36:54, 1970-01-05 05:49:25
113, hYh4ayfnBqWl3PRZ3PiN, 1970-01-08 07:38:38, 1970-01-10 05:44:32
114, 2h9nUjvgjMGllxQN7Y0H, 1970-01-06 15:55:30, 1970-01-10 20:18:07
115, bevvx4ZU4p3kXXpwXr2E, 1970-01-15 21:17:02, 1970-01-16 14:32:28
116, oqeqZLUL97M9lmHX3f9o, 1970-01-10 06:57:47, 1970-01-15 00:23:16
117, txxTHFWgb5693aIKjIqj, 1970-01-15 13:26:23, 1970-01-15 16:45:09
118, BiLgNVedyD9vyggHdXJS, 1970-01-06 13:21:01, 1970-01-13 07:46:54
119, dNRtIXhy8XPxri8lpcLp, 1970-01-04 19:54:23, 1970-01-14 11:47:13
120, 0kz4ha9uTPjTKqvxpXVv, 1970-01-16 08:30:04, 1970-01-16 11:16:20
121, aNk5fbSPbeemOX3byAOh, 1970-01-12 03:57:48, 1970-01-14 04:33:47
122, XF3RnjUnicl7ixd0zwcY, 1970-01-09 23:07:44, 1970-01-12 23:02:19
123, tbKERooQiTQ2owsBBL0a, 1970-01-13 11:11:29, 1970-01-17 15:44:31
124, 89vZpacCMSAnGPBcQG4G, 1970-01-10 03:39:54, 1970-01-16 01:33:17
125, s77UONXzCSJJoNYXzshj, 1970-01-14 18:29:22, 1970-01-15 18:09:34
126, 2wF47d6Fln69Tw9wPRRq, 1970-01-09 10:39:46, 1970-01-17 17:34:51
127, loJFzxr4X6ZzrIfAe7jV, 1970-01-03 15:02:41, 1970-01-16 04:18:21
128, cMu7RzHljQ2VQLilPWfE, 1970-01-16 17:53:55, 1970-01-17 04:16:33
129, KWjkQe2IvJ5TGyk0OfU5, 1970-01-05 00:54:26, 1970-01-13 11:12:40
130, wj7IdMO5RemxjUEBZKJ8, 1970-01-10 20:22:34, 1970-01-10 22:09:48
131, J98XXfItnSB605adUk1t, 1970-01-11 05:20:15, 1970-01-16 02:37:55
132, 74obfC0WDqVLIdFAne98, 1970-01-05 15:59:24, 1970-01-07 00:05:31
133, cwmdrhllDczCd0g9oLNR, 1970-01-05 12:20:11, 1970-01-13 09:07:03
134, Ote1GoYjSQkfuBDp3B4T, 1970-01-06 02:17:41, 1970-01-09 09:45:59
135, WeuP0anl3KIRBbpD0709, 1970-01-09 09:58:21, 1970-01-16 09:55:51
136, G3hjuEwtadO6LDWho8PK, 1970-01-06 17:53:11, 1970-01-06 20:12:19
137, OGSglHLbVs6dcXEBi16i, 1970-01-14 04:20:42, 1970-01-17 23:03:20
138, FZfhQXqpepIMCWfC8DWW, 1970-01-07 04:08:24, 1970-01-13 08:15:47
139, I08EXPv9r3Hq1tKxN5hm, 1970-01-17 04:45:55, 1970-01-17 07:36:50
140, zwn4tD4J2upeqN4kO9Kf, 1970-01-10 09:10:07, 1970-01-14 09:50:20
141, cPoPZ50AUfEAatkjOBP8, 1970-01-03 07:58:44, 1970-01-10 07:35:09
142, sEJc3db7rm3v6QL7h0xG, 1970-01-04 15:22:17, 1970-01-16 21:43:11
143, QL63plR4WLBNQpI32rXj, 1970-01-08 16:06:53, 1970-01-09 09:07:42
144, bUevn0NWbL4mIUcrbCRT, 1970-01-16 04:05:38, 1970-01-16 11:17:34
145, DGImhKEsFV2CFYrROjkq, 1970-01-14 18:06:47, 1970-01-16 21:55:22
146, O8gAx52hzVgYEA8dCimS, 1970-01-10 19:58:11, 1970-01-16 04:11:18
147, VJn0ApbCnODOfqnvbEao, 1970-01-04 05:49:09, 1970-01-11 22:43:41
148, 4LeNxpKXkP7hFKRJ3TMd, 1970-01-07 04:13:20, 1970-01-12 06:35:32
149, FTfepaJqBqDmM1kSW8pI, 1970-01-02 08:54:10, 1970-01-05 21:19:00
150, DpBwwTUQjnn4oAVqcuGF, 1970-01-07 19:07:48, 1970-01-17 12:44:59
151, sx69YDNqwx8BGQ5cVc36, 1970-01-08 05:05:43, 1970-01-16 06:11:22
152, Yw583NqMB39pc3CWataq, 1970-01-04 23:47:18, 1970-01-17 09:36:09
153, OgXvzvkulgzA4AMhPUPR, 1970-01-14 23:33:14, 1970-01-16 12:20:37
154, GSTia9mhfhVyxZV90RZr, 1970-01-02 09:31:46, 1970-01-13 04:15:07
155, KeSHYEYkdegBIQHeKwk9, 1970-01-18 03:44:45, 1970-01-18 05:52:15
156, eozZzJPyz9FQXUchuYq8, 1970-01-05 19:11:46, 1970-01-08 18:52:42
157, ASSIMnrKo9QxzQKsOpiu, 1970-01-03 01:36:03, 1970-01-03 12:32:42
158, xJqmaqrh4HZT5oIa9wdS, 1970-01-06 17:14:17, 1970-01-11 00:31:10
159, 42Uj4ujxQ49ckDV9xYPV, 1970-01-15 13:57:30, 1970-01-17 21:49:36
160, 9ANJLYXmYa817KoqcQyC, 1970-01-10 04:54:44, 1970-01-14 17:01:43
161, yAC8vFcEflhONFYgE3sE, 1970-01-09 16:27:40, 1970-01-13 07:58:36
162, p0TfV0MHz262sHQPakO6, 1970-01-13 01:08:54, 1970-01-17 20:02:57
163, CYNuDKCLrealTU0EhB0S, 1970-01-07 08:00:15, 1970-01-11 23:04:40
164, BSWzdcRi0G5h7z2IBQ3t, 1970-01-05 15:08:34, 1970-01-14 22:47:10
165, VgaMwk3fT1wXeymcmXFC, 1970-01-14 06:10:57, 1970-01-15 10:02:57
166, aZiDfPFGzYOuhyJcIpew, 1970-01-11 02:23:53, 1970-01-17 08:40:40
167, 14xbtwVKfIqrAsBULi4b, 1970-01-11 09:59:27, 1970-01-17 14:23:16
168, ZUB5Bk8QS8g1B4OjoeNs, 1970-01-16 06:36:25, 1970-01-16 11:50:21
169, C0txROWMhGMMpmYcVJft, 1970-01-16 11:17:08, 1970-01-17 07:22:11
170, stsRIAQbot3kKYARncmg, 1970-01-15 17:33:41, 1970-01-18 02:11:25
171, H0oeK6SKLohTiwYqhYdZ, 1970-01-06 16:46:16, 1970-01-17 20:51:37
172, MywrwlVELLzqFN8YEnTK, 1970-01-07 03:37:20, 1970-01-12 01:33:45
173, fQmt4sQOilSlTeeozLzR, 1970-01-06 07:29:26, 1970-01-17 10:02:25
174, fkcBJ1ZkbkgaPFhW82ya, 1970-01-14 11:38:20, 1970-01-14 13:41:26
175, TocOIpVkF6uopXZ7Wxha, 1970-01-02 09:03:07, 1970-01-10 21:31:07
176, lwtve6fgmdif1vNDDejj, 1970-01-15 18:13:39, 1970-01-16 07:51:32
177, ud9Z7bn0yP6F79nQoyuy, 1970-01-03 02:05:40, 1970-01-11 01:54:44
178, sRVwviuQVCBIw0FNM1i2, 1970-01-13 15:49:06, 1970-01-15 05:14:50
179, MvRENB58APOljGzO2XJN, 1970-01-14 23:15:22, 1970-01-15 08:18:35
180, MgfbnBe8EOsxXuMkTkkr, 1970-01-15 23:03:11, 1970-01-18 02:11:40
181, qxQVAFKfG4h0DoKgddEP, 1970-01-18 01:37:37, 1970-01-18 05:10:19
182, GVwZPMROxYgqHjliKIEr, 1970-01-03 14:18:37, 1970-01-12 05:54:06
183, 6srANNAjGQ0f4RpUBXev, 1970-01-06 07:56:39, 1970-01-08 23:40:43
184, HuK3mDjA13ItQMsuX4oq, 1970-01-08 04:18:20, 1970-01-15 16:20:28
185, MBNWAyV6ZjD72boWKnEB, 1970-01-09 21:05:25, 1970-01-15 00:30:51
186, PGLAOOauUenjS2l36pbb, 1970-01-13 22:00:23, 1970-01-14 12:36:03
187, zwTRoW5wRhbw7ZK3HV7o, 1970-01-11 15:29:24, 1970-01-16 13:45:40
188, EjqCuSqU7s7Z14wYgJrq, 1970-01-05 20:29:58, 1970-01-10 17:21:21
189, n1JYJeU3sRUvMP2QUOiw, 1970-01-16 02:08:23, 1970-01-17 18:13:16
190, ePaef6hqjLKEMQE2VM09, 1970-01-07 18:25:51, 1970-01-10 09:09:15
191, Y2GzGORzPdxNJelHzphP, 1970-01-06 02:04:46, 1970-01-13 00:56:15
192, BJqTtcQvtY9x5mme1ur1, 1970-01-08 11:56:38, 1970-01-18 07:04:04
193, tHEE7R2u4LYR6i5dcqY4, 1970-01-15 19:25:07, 1970-01-16 06:38:48
194, BDpB09BS7sGAQmeAl2nl, 1970-01-05 16:56:07, 1970-01-07 03:51:29
195, E9pyiX11NGkAB0OxsKTO, 1970-01-17 18:41:35, 1970-01-18 00:59:47
196, rriKV9KDrELyeIujzOFD, 1970-01-14 15:28:47, 1970-01-15 13:44:46
197, I1x8cnFELpHD5H4nApoL, 1970-01-15 23:50:21, 1970-01-18 00:39:44
198, lzwBWkEV454CvxR8a4NT, 1970-01-11 08:35:03, 1970-01-15 00:40:52
199, SkWXiBUCqxGvkhbBzn9c, 1970-01-11 11:39:51, 1970-01-12 21:43:16
200, Yyf2It8Sqw6QtiMUxT5v, 1970-01-13 16:52:26, 1970-01-14 19:57:41
201, 80qtu5WvaXFJF2z1nHTs, 1970-01-13 03:34:19, 1970-01-14 00:18:09
202, AiqoaRtUKaqvc7vHKks4, 1970-01-10 21:59:58, 1970-01-18 03:11:24
203, m8kn5A6BGE98zLQnapsn, 1970-01-06 05:36:00, 1970-01-06 21:51:06
204, jBhFKWHzAwMD5S588zB0, 1970-01-04 13:23:16, 1970-01-05 13:48:16
205, REXOYhhrOnA2Ot4zXLjt, 1970-01-14 02:39:35, 1970-01-17 17:54:20
206, y6FYXj6ZAVUaa0ltqzK5, 1970-01-05 12:08:59, 1970-01-16 09:14:52
207, glzikohWnQdANQZVCXpn, 1970-01-07 13:53:20, 1970-01-10 14:04:21
208, jUsztqb7v5jY6yBXglZI, 1970-01-03 11:49:35, 1970-01-17 19:35:05
209, 7b1X7v44U7UqRR9eJq40, 1970-01-06 19:49:36, 1970-01-08 03:08:36
210, pXDmJoJ5UXSojYjwAJ3B, 1970-01-05 14:51:42, 1970-01-10 00:28:09
211, 8MqfNug1QTP1l212km2t, 1970-01-15 20:51:55, 1970-01-15 22:51:42
212, CD1S15vnRIyatO71zyI2, 1970-01-03 19:56:16, 1970-01-15 07:17:32
213, t0NlyVuCTsV1nAh8zjHZ, 1970-01-05 15:10:39, 1970-01-12 04:14:34
214, iclOoRctT37iv1YTALuI, 1970-01-05 20:22:38, 1970-01-07 19:23:22
215, nTvKHSzr91ux8hXZhStG, 1970-01-09 06:53:51, 1970-01-13 20:55:43
216, B6dMh0fUyKluwgGr9ITv, 1970-01-18 05:13:00, 1970-01-18 07:14:40
217, n9E0EJHi2Yh7VnpvDUbi, 1970-01-03 11:34:28, 1970-01-07 16:20:30
218, kMdAP4SXmWb1r8VHjjdc, 1970-01-07 12:45:07, 1970-01-12 20:19:01
219, BGlQkCcYmrV38a0Hu8vH, 1970-01-04 07:02:50, 1970-01-06 08:17:02
220, R7dHl0V1raTKnJ77s9yn, 1970-01-02 23:28:18, 1970-01-13 16:49:43
221, DUjXWNVfYzmS09xxUhax, 1970-01-12 05:32:57, 1970-01-15 14:22:40
222, oN9ctAx2FF0vQXoZfwIg, 1970-01-10 18:07:50, 1970-01-11 09:11:16
223, oSEfu50eS3oXfXxoXfrs, 1970-01-05 15:07:15, 1970-01-09 06:22:09
224, RfZC0ks41mHfGSL6S36Y, 1970-01-12 23:16:09, 1970-01-16 04:24:11
225, 9HUaOPjjNAIhPpGCg3WX, 1970-01-09 16:44:06, 1970-01-17 05:06:39
226, iLvqKlIEPrqFh1Mwe0rl, 1970-01-10 16:21:56, 1970-01-11 03:12:14
227, ygmtqlCg09tYUxvMHOei, 1970-01-11 05:00:51, 1970-01-14 21:43:52
228, tp9Y9gO4ncRpYIXvdhKv, 1970-01-03 03:12:16, 1970-01-14 20:21:29
229, yj1m1NYUB64giarkzHFb, 1970-01-06 09:37:37, 1970-01-10 02:14:07
230, 0CTRqxgVCBY7qMGWqQbO, 1970-01-03 06:54:40, 1970-01-05 22:18:17
231, wDcM5bhS0L4LLlcSQcV9, 1970-01-15 07:24:17, 1970-01-17 00:01:31
232, LxYN9XcvstxX5jEwUkGf, 1970-01-16 20:28:39, 1970-01-18 00:43:23
233, kR7kdmPM2vcQYaXq6g0P, 1970-01-10 13:51:03, 1970-01-13 22:52:10
234, fsYpIH8uuevpVhUt4sUQ, 1970-01-13 21:36:16, 1970-01-14 16:30:28
235, 05dz3r2HdK7SA6yKZHQN, 1970-01-04 16:39:03, 1970-01-04 23:46:22
236, Eo0htx51KYUVozc68Ju1, 1970-01-07 05:12:52, 1970-01-12 13:14:01
237, s8chm0RBhDIZMowvmE7j, 1970-01-11 22:42:12, 1970-01-12 03:12:11
238, OhvI3TBVikSY37Kukihv, 1970-01-06 05:53:09, 1970-01-16 17:52:53
239, dwk1Wy9IRIeFxEHfqQrU, 1970-01-13 20:39:00, 1970-01-15 14:06:00
240, I6SHJ3D4b43sioc09h5f, 1970-01-06 07:52:13, 1970-01-16 11:54:25
241, LYe8rJ0NiZTC9Cpe9SE0, 1970-01-10 07:40:22, 1970-01-11 03:51:12
242, uBZiWq68pr9mMLfBM9eb, 1970-01-11 03:26:23, 1970-01-12 17:05:33
243, lTFysatPHMA0M8zgfZkV, 1970-01-13 04:56:44, 1970-01-13 17:45:36
244, AZpypG9c6bPwrPTcgmmg, 1970-01-17 15:22:42, 1970-01-18 04:58:28
245, CWC47uApTCMbUrMCrD4G, 1970-01-04 19:56:08, 1970-01-16 06:03:53
246, cS1Qa5RMdiSB9ZhkBrpB, 1970-01-14 16:15:39, 1970-01-14 17:01:08
247, KRYIP0BkniAmkWhr5H6M, 1970-01-02 07:57:16, 1970-01-11 02:37:23
248, cW9USf15EpYyYZ6oVDG3, 1970-01-07 22:49:57, 1970-01-17 11:48:09
249, RsZjOIlASCvmuNZmD1WZ, 1970-01-02 11:54:44, 1970-01-07 12:03:50
250, M9vSsMBcWzHmn7HaJaTb, 1970-01-05 08:14:41, 1970-01-06 00:57:01
251, 8VAmZt5LxgM1X7C2stuY, 1970-01-06 08:31:51, 1970-01-13 01:06:47
252, WdOSw8gSutCqdOWRbXwD, 1970-01-13 23:45:27, 1970-01-15 20:16:19
253, QoMR4N1vllMFwqQUiAfv, 1970-01-15 09:50:47, 1970-01-18 05:43:29
254, 4cwEB0JEsCWLvStwMd8G, 1970-01-14 00:28:50, 1970-01-15 07:02:39
255, 6KcILuusfLqDeI7ZjgEZ, 1970-01-10 14:19:26, 1970-01-12 03:13:16
256, oFaqtebGeYdf6rCPlhzS, 1970-01-05 20:09:17, 1970-01-08 23:50:14
257, 4jatdnQ1vgphBkbd4eJz, 1970-01-04 12:47:12, 1970-01-06 17:02:03
258, LYBhI533OEOpkCJTGiBR, 1970-01-11 13:05:56, 1970-01-14 18:28:47
259, vCRWGuLuv4UV3IkFNKef, 1970-01-10 10:56:30, 1970-01-10 13:41:26
260, 4srQlsYon9w4Wwt5TIQN, 1970-01-05 05:08:15, 1970-01-13 23:29:10
261, IafdCk5Hdsa1iyV4cKNV, 1970-01-09 03:59:58, 1970-01-12 15:18:22
262, TA3KIs6nyUm4kREmeziU, 1970-01-02 18:02:51, 1970-01-12 02:06:15
263, rCjf3FYPDXGSjMj9J1Tb, 1970-01-11 20:27:01, 1970-01-17 03:04:28
264, ecLcfvTDTFQA65rgILSM, 1970-01-17 04:17:06, 1970-01-17 13:45:38
265, fMLuxiNWKIOA0WFMsdKC, 1970-01-12 12:21:11, 1970-01-15 23:10:16
266, HBIKV1UnhfJOampHdF5F, 1970-01-08 10:40:48, 1970-01-14 09:32:03
267, PIXl7GbWTFQj08CK5hYN, 1970-01-16 16:55:17, 1970-01-17 12:35:08
268, obvmkdULgCSeNY7znfwB, 1970-01-09 01:26:48, 1970-01-09 23:11:21
269, qZP0ERhB9TYoUEMwOT7y, 1970-01-10 18:49:46, 1970-01-13 18:16:29
270, z1mDGKT1quWyCiYHRrrH, 1970-01-05 19:03:55, 1970-01-16 16:46:35
271, ZEVIPWOPbz2FRDAAa1T2, 1970-01-05 02:29:50, 1970-01-13 14:42:16
272, VkcxMwARrWnyLLsPjlBx, 1970-01-05 23:26:12, 1970-01-10 05:50:59
273, gUPsW7exWsx9NJZ0m2de, 1970-01-05 02:15:14, 1970-01-13 15:47:16
274, h2YU9Y3znIAfgX50iWif, 1970-01-13 07:44:45, 1970-01-14 18:08:39
275, 6OuL6SX6d9V9ZUXt3BxL, 1970-01-06 14:52:24, 1970-01-15 01:02:24
276, kuFjvMuvTG4tyPjBojBX, 1970-01-10 15:01:00, 1970-01-11 11:29:13
277, 1r1mC6Xz51LkMXEO3Rmv, 1970-01-02 19:40:44, 1970-01-07 16:29:37
278, SvbsGVacFMJWvB0NKWJM, 1970-01-17 08:43:14, 1970-01-17 16:24:37
279, 0Ofkb8tKz1tUkPSbaaMT, 1970-01-03 10:33:30, 1970-01-14 16:50:55
280, DsWZgClCbvKMcFLJ2Pnk, 1970-01-03 18:46:55, 1970-01-05 19:51:22
281, y455Kfl9yX81xqF6DkU5, 1970-01-11 19:23:31, 1970-01-17 05:44:13
282, nAo2cPLIbjDNOz1y60ey, 1970-01-03 02:47:12, 1970-01-17 06:32:01
283, ghoqEKRILtONVpZ6vyzq, 1970-01-10 13:13:54, 1970-01-12 02:48:09
284, qMHETYq0G4xF0lHQhhDK, 1970-01-09 19:50:25, 1970-01-18 07:21:26
285, mR6KnZGT5WBl9R892wLz, 1970-01-11 08:57:51, 1970-01-17 07:49:18
286, pPcYhNrBa7qCbbqtUa6V, 1970-01-10 17:16:48, 1970-01-16 14:39:27
287, sTuqDbIzxyyPwY9FDhEj, 1970-01-09 17:11:59, 1970-01-17 06:09:55
288, DFdyTlt4ThNwVLLwtU4F, 1970-01-13 19:04:37, 1970-01-17 04:33:26
289, jzF3IHGLCX18hVqqPFHR, 1970-01-16 21:59:15, 1970-01-17 03:50:00
290, YxVTqcxQoZMr6LYay5ks, 1970-01-14 01:03:49, 1970-01-17 18:39:52
291, hbUPXcZyJIuwyxQFWEzr, 1970-01-08 09:57:20, 1970-01-10 17:47:44
292, MPpZ8luoCN8BaZh0cTtt, 1970-01-03 10:02:25, 1970-01-04 22:14:10
293, y31XpXL3vtQ901jYFfRK, 1970-01-08 16:23:15, 1970-01-12 21:35:31
294, Py3Re4CFmcOIAPDxutJ2, 1970-01-05 06:07:44, 1970-01-11 13:21:28
295, H5fky50T1PZcObGULULQ, 1970-01-04 21:59:34, 1970-01-12 01:09:39
296, 4P5tEqkJJ05aBGECTfxO, 1970-01-12 20:59:08, 1970-01-17 22:26:58
297, Ksj01Ed0WsJbuRFaY5b4, 1970-01-09 04:54:30, 1970-01-15 03:17:36
298, IJMw0Vqq7nm8smK1B06u, 1970-01-06 21:28:51, 1970-01-12 08:19:19
299, 1iUGsikqswsJiRbzmrPr, 1970-01-03 23:44:41, 1970-01-04 14:18:19
300, T27IoAnwiP1tXUELhYZh, 1970-01-05 09:20:26, 1970-01-09 19:47:26
301, kIzXJouAffiEdAwjXdBG, 1970-01-15 15:31:58, 1970-01-17 20:56:08
302, lvfl6jsYhNftfiEwnPTy, 1970-01-17 14:53:53, 1970-01-17 21:39:51
303, oVsymVLOPrepZhia6lDk, 1970-01-03 03:44:23, 1970-01-12 00:15:40
304, m4vLqXS3c3AQwVW3ZFtS, 1970-01-09 00:39:20, 1970-01-15 19:16:49
305, VplmBwNtDOvVN0frmTK9, 1970-01-09 02:20:50, 1970-01-14 13:39:56
306, W0pPmRDuPIMwbTOs34fF, 1970-01-14 14:53:56, 1970-01-17 03:08:16
307, LQJMUVmwmr4aIfzMeJaB, 1970-01-11 14:42:15, 1970-01-12 00:32:55
308, QhtbCddT3FvDETHETklz, 1970-01-03 22:38:16, 1970-01-06 00:43:19
309, VQCqdVeLKGxj8ULrLZxK, 1970-01-11 05:47:58, 1970-01-11 06:07:31
310, 8wHZCRsaFRtgwDl9QEvj, 1970-01-03 09:12:32, 1970-01-12 09:34:00
311, TyBNO2ERnznvKr38e8vo, 1970-01-07 02:58:07, 1970-01-13 23:33:57
312, t18G5dwEEvY4aZnKlCR5, 1970-01-09 01:23:20, 1970-01-18 04:41:21
313, IeFT1Ti0bwTlzK1DUbTC, 1970-01-02 14:38:41, 1970-01-10 08:46:10
314, L8lbg7bJ8JMGK9zCDXes, 1970-01-16 13:45:59, 1970-01-17 12:06:55
315, rQ60f8zmpv5cdXe7sfo5, 1970-01-08 04:27:36, 1970-01-09 17:36:21
316, Af0fcAr2aptZFR0mGbP4, 1970-01-16 02:05:35, 1970-01-18 07:36:33
317, omz52gvYFzxnFN93c9ct, 1970-01-04 03:49:31, 1970-01-05 23:28:33
318, zEq0jd7D86tppLvQmBLS, 1970-01-13 17:36:34, 1970-01-16 23:18:39
319, dtcrRQ1bcaqnOym4kDA9, 1970-01-17 16:57:10, 1970-01-17 21:12:54
320, VoEHMlyHO21TSZ2iwtqz, 1970-01-05 03:53:40, 1970-01-11 00:02:30
321, SqfhWXw1iTQPzOmLyJ7G, 1970-01-17 00:00:02, 1970-01-18 01:49:37
322, Dx3TWrYQC9IMXbVlZQHD, 1970-01-11 06:06:12, 1970-01-14 00:28:52
323, a3Jqf4GP9YRng99uGlNO, 1970-01-14 03:12:50, 1970-01-17 06:37:37
324, rh4dBwBxIEXbkMGnnpOR, 1970-01-07 21:04:50, 1970-01-14 06:58:59
325, f1NsX9ZPGjatkaYEZa4X, 1970-01-08 00:17:53, 1970-01-12 01:47:13
326, irZhontw9CeeyNAZOZJC, 1970-01-02 12:44:56, 1970-01-07 11:12:53
327, CpqXzWU9Bc33HG4A28Wi, 1970-01-02 22:02:56, 1970-01-14 00:04:59
328, VTBOA4KieQzjpnXnXilR, 1970-01-04 23:02:03, 1970-01-10 06:17:21
329, AeKUiKzOzXBt5j7AxvDz, 1970-01-09 01:28:16, 1970-01-10 06:51:00
330, 5x8htvxySjCAuM6dPFy8, 1970-01-16 13:33:04, 1970-01-16 19:47:06
331, Zy3ghUCFtYM8z8wy5WtM, 1970-01-09 20:34:59, 1970-01-12 06:30:05
332, H92vl7EIOO7vzG5cAOyY, 1970-01-15 05:07:39, 1970-01-16 23:07:51
333, 27N87tCoofqCfN9V0IP4, 1970-01-13 09:29:59, 1970-01-14 04:56:55
334, 0LiKO0dUeahZOUmtUS3Z, 1970-01-15 07:48:59, 1970-01-15 20:59:16
335, XpATCqXWpaceqe1AtSG9, 1970-01-02 07:23:03, 1970-01-16 09:47:06
336, Eo1YyXJhjcwFhTLb7UwZ, 1970-01-16 13:32:19, 1970-01-16 18:40:01
337, q6mU0vZkzxBDPV3jcNIh, 1970-01-06 02:20:52, 1970-01-18 00:46:45
338, MEdkO2vvDGIJpp3ueHv1, 1970-01-12 05:40:28, 1970-01-16 00:10:24
339, B5RuuIvRanIUCwf9JyIj, 1970-01-15 17:29:00, 1970-01-15 23:22:56
340, QICN0XbvKxhO5g5WANUw, 1970-01-10 21:47:51, 1970-01-12 23:16:14
341, T3aDPX1DzKaChngPaDjE, 1970-01-14 09:09:26, 1970-01-14 12:32:14
342, JVWm5LmcFlMmoT7bXOcD, 1970-01-15 21:20:30, 1970-01-16 10:08:28
343, EfKzj0EwF7G1yyd76hmz, 1970-01-12 08:10:20, 1970-01-14 19:36:44
344, RNuKxP2srwD84r7XC7j0, 1970-01-15 00:56:42, 1970-01-17 00:08:10
345, BdCv7EFooJnSPSERRpeI, 1970-01-15 16:01:16, 1970-01-16 04:36:40
346, sx6xgt4tlkGDE8TsBucF, 1970-01-02 14:20:22, 1970-01-12 01:19:42
347, SUMiQhYsflXwhW1RXFj9, 1970-01-12 18:54:20, 1970-01-17 11:47:30
348, LyGnrnY7BGniCAVk7uOF, 1970-01-15 19:52:41, 1970-01-18 05:00:27
349, jt1gAySOmn4bkjWVs1ul, 1970-01-07 10:39:00, 1970-01-10 20:17:58
350, UnZyESldbjKYFGIblJij, 1970-01-07 04:04:16, 1970-01-11 01:05:26
351, 1644tjA9u86t4H6hDou0, 1970-01-10 13:27:51, 1970-01-17 00:40:50
352, qUcTbIUpjJTgqcDNncqA, 1970-01-13 20:40:16, 1970-01-16 11:41:10
353, 4nBg68oOmDWLqxyvnaRA, 1970-01-05 18:43:58, 1970-01-10 04:30:37
354, 7eg6eS6eth61HhIL4XVS, 1970-01-05 11:38:25, 1970-01-13 07:58:28
355, BCYbuKQs1ZqyZSgD1b9n, 1970-01-08 22:06:44, 1970-01-11 15:31:30
356, L3IBLLoNuH4jftANQvfL, 1970-01-14 12:57:46, 1970-01-15 15:46:38
357, nnOc8UEvUKnBRFRXdb7K, 1970-01-11 13:58:22, 1970-01-15 20:26:43
358, ODXkMuuuuzyxR9jr6QqD, 1970-01-10 19:28:31, 1970-01-14 15:53:25
359, pa7jb7uNk8ivS47s6zpU, 1970-01-15 06:09:54, 1970-01-15 18:51:36
360, AS1ySAwt7TbgLFTiiyOC, 1970-01-13 05:59:37, 1970-01-14 09:39:09
361, pDFj4A4uu3IElXd8SL5y, 1970-01-17 22:58:41, 1970-01-18 00:54:50
362, HTmOT3fYhfyIpyoZ8KNf, 1970-01-16 12:43:25, 1970-01-17 00:10:46
363, RqEqu1wNpiwQBNplxG15, 1970-01-07 11:24:03, 1970-01-15 01:23:53
364, I4fcRSgkvxgrZ7qmzOpm, 1970-01-07 03:29:00, 1970-01-14 22:49:48
365, GlczwizRWKoXA0uikvaR, 1970-01-14 06:41:32, 1970-01-16 20:46:31
366, SqOwEwifSFQpcbwSREyY, 1970-01-15 00:53:42, 1970-01-15 20:26:32
367, 1M7QhKL6zaexvO2ejEnl, 1970-01-11 18:38:12, 1970-01-12 03:26:22
368, kjfOgNp22aaI6rrV9kAZ, 1970-01-08 22:24:17, 1970-01-14 22:56:11
369, Ko6xL4jnDff2judEOAN2, 1970-01-09 09:52:10, 1970-01-16 13:51:42
370, thEvtNSzkKLXKWdBvYEY, 1970-01-09 03:37:37, 1970-01-13 15:43:49
371, znoqmsap4qdyVYbmXdY5, 1970-01-07 12:38:08, 1970-01-10 18:20:37
372, 9mu2kUTKYKthDWlxdE9w, 1970-01-09 07:21:27, 1970-01-14 09:31:27
373, HTsOjxqfYroXJ1pHrKo7, 1970-01-17 12:31:49, 1970-01-18 01:16:10
374, Pbc4IdHE7IMdjgrRx1VA, 1970-01-16 23:52:02, 1970-01-17 03:21:48
375, PLXSl2qS2J0rXsUc2kyz, 1970-01-07 22:42:00, 1970-01-08 08:42:56
376, tiS2gS3Tl6H5H3XHBQ2e, 1970-01-09 05:55:49, 1970-01-13 07:55:19
377, Jy37n7l5Ygz0bYuiXscv, 1970-01-04 15:36:40, 1970-01-15 00:22:20
378, X1tjcTiluAmrjcFfS6Jz, 1970-01-03 18:34:13, 1970-01-09 00:24:49
379, nRC045RdCv89wMzMxvxY, 1970-01-09 03:36:29, 1970-01-10 15:18:14
380, m6IUR5FuusaV5uDrYTru, 1970-01-14 20:24:15, 1970-01-15 20:14:00
381, 7h9SKi9CI7Zy1XxtFBOL, 1970-01-07 02:01:41, 1970-01-11 11:36:52
382, vTr1Fa91S3NjOEcZ4SWc, 1970-01-04 22:04:25, 1970-01-13 15:47:26
383, 8hFTQlC30PUgcZKGy8hR, 1970-01-07 05:49:46, 1970-01-16 23:19:53
384, 6xLd7FIV6EuPPD4vrATf, 1970-01-15 23:57:19, 1970-01-16 06:42:15
385, IFMU3cx93rox2GG87kIh, 1970-01-09 07:04:19, 1970-01-16 22:36:32
386, 6F0KW6ELD1xvleVhJj3U, 1970-01-10 01:20:47, 1970-01-10 16:00:03
387, wstmkimfnGXxb5zMtuUM, 1970-01-14 20:39:49, 1970-01-16 06:42:34
388, ds0wo2LYkjTipPL89Pru, 1970-01-05 09:35:31, 1970-01-11 08:26:07
389, ZdrccqYMdbyHfo9LTro9, 1970-01-07 13:04:08, 1970-01-09 18:25:10
390, AR1Rd1MxP3HW2VYLFPzE, 1970-01-03 22:43:45, 1970-01-15 22:06:59
391, u95WW5ytdKyjxqbJf6P9, 1970-01-11 14:28:27, 1970-01-14 06:26:34
392, Vu4oUqN5tumFVSJ5Io4T, 1970-01-14 22:55:49, 1970-01-16 10:41:23
393, fhwWMLjzEB1YEAaJP55G, 1970-01-06 05:36:27, 1970-01-14 21:58:59
394, jtdXhnAUyOUIOLvkz8gA, 1970-01-14 11:37:02, 1970-01-14 14:40:48
395, ElwrtBaVwBlZb1lztR82, 1970-01-08 04:35:56, 1970-01-18 01:44:02
396, ZC1XkruIXS0Fp60p3oup, 1970-01-02 20:13:21, 1970-01-17 15:22:36
397, oh7RYjOb5aK1E3O9ilAm, 1970-01-11 15:28:52, 1970-01-17 15:41:28
398, df1522lyTH3S0XFoGJ9d, 1970-01-08 20:02:00, 1970-01-11 10:53:28
399, 2mZo1ybdl9UZElbyYx8s, 1970-01-04 06:59:14, 1970-01-10 04:11:43
400, GoV7hxBUF00Ef4iElPSe, 1970-01-13 08:39:20, 1970-01-13 15:00:15
401, 7noicZ3RrA0MWoqVBw6p, 1970-01-14 07:38:03, 1970-01-15 19:36:40
402, tu2RzqmGew3UInHqXtSc, 1970-01-07 15:29:28, 1970-01-15 15:32:44
403, bP0rZkDaXsiNV43Xzuod, 1970-01-09 04:27:25, 1970-01-13 16:25:49
404, pbBP2Go6gADjZS31nIJY, 1970-01-02 20:43:44, 1970-01-13 18:40:07
405, dNfTiIfTwzrLKmtrdkfF, 1970-01-06 17:56:43, 1970-01-14 13:23:15
406, 3laGwBIbFyXZR4Tm5UAL, 1970-01-10 03:25:53, 1970-01-16 22:33:54
407, VHkRCuFylyIR1ZRv6Bgw, 1970-01-17 16:59:56, 1970-01-18 03:31:33
408, 6uhoElD94TKHAttUcA3J, 1970-01-10 08:35:57, 1970-01-15 13:30:30
409, mXyHk6izLeYm9MKFINDT, 1970-01-06 16:37:45, 1970-01-08 08:30:47
410, tg4c087zHfMdchFFSsB9, 1970-01-09 07:07:03, 1970-01-13 17:10:11
411, 47w4kBSoaw1ooykftww7, 1970-01-14 20:11:21, 1970-01-17 20:17:40
412, esBtQGN92a1BAWWQK7F0, 1970-01-08 15:26:13, 1970-01-18 06:57:37
413, Ewa3tFTLMmHCEwOw7nMm, 1970-01-03 19:00:36, 1970-01-06 08:03:03
414, xJ7onfgwEB3h2m2v4gEc, 1970-01-14 17:25:43, 1970-01-15 12:29:56
415, JWJA5oYP6F0Qy2Z2Flya, 1970-01-03 00:33:04, 1970-01-15 15:06:39
416, UZSLBEcfK5CBpGSFgW2q, 1970-01-15 22:20:03, 1970-01-17 23:39:17
417, KCiaRyNRJSfZsVnd0IWT, 1970-01-15 03:59:35, 1970-01-16 17:54:37
418, Ggyk059qRwfsUWlRlkNB, 1970-01-10 16:17:08, 1970-01-18 02:40:27
419, JUdcLPyFxdwuaLAGD9y1, 1970-01-08 11:49:38, 1970-01-16 03:58:42
420, NCzlmdRYEu8ll4l8S6e6, 1970-01-17 07:03:46, 1970-01-17 17:51:01
421, 0Oc7aJ4t2DEQdpTjRF8Z, 1970-01-11 08:58:33, 1970-01-13 02:11:17
422, Kt5dcyWfcUOf08yEcgzW, 1970-01-12 08:41:21, 1970-01-14 19:29:36
423, GwydsmgfaN4ZXmo31wB6, 1970-01-04 11:57:32, 1970-01-16 09:49:01
424, BLzNtjPlkGinVUnvNEmc, 1970-01-15 20:31:45, 1970-01-17 14:19:53
425, pg1RuhDXtOiRCKscoyaq, 1970-01-18 01:33:24, 1970-01-18 04:01:57
426, LyRXJ5CaKl4lkUbOnncm, 1970-01-04 23:45:44, 1970-01-13 00:30:06
427, 516mtRE0Et3KBKfOs2Xd, 1970-01-09 10:54:26, 1970-01-17 21:36:24
428, ZszrI6k6LgWFrACkyrok, 1970-01-09 02:37:20, 1970-01-13 13:48:04
429, 7MXanvl0Aa1y5A2pCbAl, 1970-01-07 16:13:25, 1970-01-12 11:20:37
430, ffxM94Szb0l8xlcvQZlo, 1970-01-03 19:03:36, 1970-01-15 18:22:33
431, 25yrktriRLyl621QMY6R, 1970-01-14 23:14:11, 1970-01-16 08:52:04
432, zXdtWpVsZk5eRfdH3dbt, 1970-01-12 23:47:16, 1970-01-17 16:39:38
433, CfeczjvYeDpPAxjT3uSW, 1970-01-06 15:30:01, 1970-01-08 16:53:36
434, u9HnXyUy1c10W2KpMoqE, 1970-01-15 10:38:08, 1970-01-17 05:04:29
435, 1L8zay8YMe6AF7l1911m, 1970-01-11 16:19:05, 1970-01-15 17:34:45
436, KGJjUJMfzSfgtFQjg3Ba, 1970-01-10 01:26:48, 1970-01-14 18:11:11
437, ktIt4R5EZ4F0DtgImUx3, 1970-01-15 10:18:49, 1970-01-16 19:16:14
438, lWW8v85L4H4H6VcRkeMy, 1970-01-05 10:55:38, 1970-01-07 03:42:00
439, BjaeeNMpCi1C08pZR88i, 1970-01-03 01:17:55, 1970-01-13 13:50:10
440, CZcMaoXSW9VFhpwOZCkn, 1970-01-08 11:53:21, 1970-01-12 17:46:30
441, Y0rjs0ba483ZX41jhKCy, 1970-01-13 08:11:18, 1970-01-16 17:48:00
442, Knjn71EmpTlzLMxZYQ4k, 1970-01-09 18:38:52, 1970-01-10 00:49:52
443, ORoOKQUZ0fPNl575ASrn, 1970-01-10 01:26:44, 1970-01-15 14:56:43
444, UWlSddZXdmveuhhojDxK, 1970-01-03 21:51:11, 1970-01-04 22:03:32
445, U3ZxBuLGnRRDOrraNgiU, 1970-01-04 23:08:07, 1970-01-10 19:47:54
446, AaB8KyXhjvgDMzECnDl3, 1970-01-10 06:53:26, 1970-01-11 06:29:11
447, D1qd5ICnPWq26iigtQcc, 1970-01-08 10:28:59, 1970-01-08 22:30:31
448, uJtEOB1Oh2soYJtwtiyW, 1970-01-04 05:16:16, 1970-01-17 18:38:24
449, MSTx3y165lDcpKNUuTrL, 1970-01-05 04:44:26, 1970-01-16 04:21:47
450, fgOlKoHJnySfHHkikdjp, 1970-01-03 04:41:53, 1970-01-16 07:50:46
451, NmgLw2IFfezgCKm0kNOg, 1970-01-17 06:22:43, 1970-01-17 23:39:57
452, dZfXtnYzywNUR7tRXLsh, 1970-01-05 16:27:22, 1970-01-14 08:43:23
453, PmYtZYJj6GLQ9ltLBkD0, 1970-01-08 20:01:24, 1970-01-16 21:55:57
454, FGt5uFCiQ8s8cqWFsetU, 1970-01-08 16:16:31, 1970-01-17 08:08:44
455, BwXMVFmdb8yP8embPr0r, 1970-01-06 19:14:17, 1970-01-08 20:41:15
456, eRP2mia5OTL28M5FnoaN, 1970-01-05 15:57:30, 1970-01-12 13:35:33
457, WZDNibOXxQwzJ2s8ueiA, 1970-01-10 08:31:29, 1970-01-16 18:05:30
458, CfYC5capGR05qgvtcw9o, 1970-01-15 06:02:58, 1970-01-15 23:01:43
459, 7qGa6jcZvguaLWZ1VO6d, 1970-01-09 03:55:23, 1970-01-14 11:07:25
460, ky0idDRZYyvWkhtXnLXz, 1970-01-04 13:15:36, 1970-01-04 22:17:32
461, 0sIyw20AB57EmdVYs018, 1970-01-12 15:34:53, 1970-01-17 12:23:37
462, foNumIGeRlD84JBXbihM, 1970-01-10 01:39:00, 1970-01-13 07:52:54
463, ywppAWazFmX4BfHYLwN4, 1970-01-02 15:51:14, 1970-01-11 07:53:24
464, a2os7M5pkyxIeP3FjxLn, 1970-01-04 04:31:47, 1970-01-08 07:07:01
465, TfLu0XN2vvynobFW5Tra, 1970-01-10 18:11:30, 1970-01-11 20:39:57
466, GgdsbJN81hN9dfbOFaa3, 1970-01-16 07:19:13, 1970-01-16 16:58:43
467, UFIAi5bmyC1tFcT6CSg2, 1970-01-17 13:13:21, 1970-01-17 13:53:56
468, Afwl5mZfBOznCfsankTQ, 1970-01-08 07:57:44, 1970-01-11 06:51:41
469, aMZYfU6v4zPTUC4AlV0J, 1970-01-16 02:42:34, 1970-01-17 14:58:21
470, NP7BSN1eCbMNS7cEFWH2, 1970-01-14 19:16:08, 1970-01-17 02:53:32
471, qNBvfMQPf9pmZZw0F3MF, 1970-01-03 09:21:46, 1970-01-04 06:37:27
472, 0IF2TtkQCwvZiRAx2sL9, 1970-01-15 06:58:44, 1970-01-16 17:51:20
473, uuz5LPjyA8Ia71akiN8i, 1970-01-17 10:42:14, 1970-01-18 02:04:59
474, tawWTAe9QB43ksgHToPQ, 1970-01-05 18:03:34, 1970-01-09 11:06:02
475, QjndF2m8rBHb6R751sJQ, 1970-01-08 01:38:21, 1970-01-13 09:08:06
476, 3942iMow906nSoc8QOte, 1970-01-08 12:00:54, 1970-01-12 17:10:43
477, Iiyt7MVIl2DxBZA5ctW8, 1970-01-14 03:30:46, 1970-01-15 02:07:44
478, paukRZh3gRvvajcVXKsX, 1970-01-15 07:40:39, 1970-01-15 18:14:22
479, OeZMIpysAsdvEJ4ySThu, 1970-01-04 05:26:20, 1970-01-11 15:49:53
480, 7RyS2zKcCxRf7KooRNG8, 1970-01-05 16:29:41, 1970-01-14 13:19:17
481, dJeWKCrmrNZfmLwfLLm4, 1970-01-05 03:11:32, 1970-01-07 11:07:10
482, BGnWBbuqOfafAoB3WrLm, 1970-01-03 10:25:01, 1970-01-05 18:29:58
483, 5z7zRI8gc3pTuRQHelJX, 1970-01-13 06:35:38, 1970-01-15 09:23:26
484, jCg1JtO9FkSmtkZLJteL, 1970-01-18 02:01:08, 1970-01-18 06:53:16
485, Xiqdv2u5Tt7GVw6RNzm4, 1970-01-16 07:58:24, 1970-01-18 03:18:18
486, fHUw7nZRVvYKYloA9fpa, 1970-01-02 12:48:12, 1970-01-17 15:13:59
487, Wng8E0MRKLEiqMhQhXt9, 1970-01-02 17:58:53, 1970-01-12 00:08:04
488, TQQExYYbNRm2eScHh8Qf, 1970-01-13 03:09:49, 1970-01-16 06:19:53
489, RD7dFYmMOrzg7hymLpkF, 1970-01-02 10:17:37, 1970-01-11 21:13:11
490, ZsKWoqmrT6ZyD2gJW8GO, 1970-01-17 04:51:09, 1970-01-18 03:17:28
491, KzOHtOxCe1Ro17DDRg5Y, 1970-01-07 07:26:13, 1970-01-15 14:58:17
492, IBWCUSuyb9FeWz632Ala, 1970-01-10 18:00:31, 1970-01-13 02:23:35
493, S8GdSqLMvY5PJoCTRLJ9, 1970-01-05 05:17:20, 1970-01-09 14:16:38
494, hdMk4oISATbvmmAn7Vpv, 1970-01-12 10:35:47, 1970-01-13 01:29:20
495, E9YuKkmgBgvcuA99huKV, 1970-01-07 15:38:36, 1970-01-10 16:33:51
496, NF7Pg5gXo5unYaYaVyag, 1970-01-17 09:09:56, 1970-01-17 17:18:22
497, mphrsY6RNY0PJH64rsX9, 1970-01-07 11:47:50, 1970-01-07 12:57:11
498, MENFBkjMDmjC7oKDinuG, 1970-01-16 20:35:10, 1970-01-17 00:03:23
499, WkZlvS9dRATQ78GhEXjX, 1970-01-12 19:30:59, 1970-01-17 15:22:39
500, 2HkvhUnFEuoID6JMCzbo, 1970-01-18 07:00:19, 1970-01-18 07:40:13
501, LbiLYFsphdt7zff2roee, 1970-01-13 12:54:18, 1970-01-14 05:05:34
502, 3s16QBUgEEOQda3AvarR, 1970-01-10 19:19:08, 1970-01-17 18:59:56
503, rKP9fjIEjGdYnc4If0TP, 1970-01-03 03:15:03, 1970-01-06 10:58:33
504, mFrHfXktBbJXCAGwFVjI, 1970-01-17 01:31:25, 1970-01-17 02:17:48
505, MaLfdOVNnmaa3opnFKHU, 1970-01-18 00:29:12, 1970-01-18 02:34:15
506, ZkUXel57sRoqOjnRgJSY, 1970-01-15 03:54:52, 1970-01-15 10:38:46
507, BitCOC4l4CDFjmCFkTNh, 1970-01-10 00:31:41, 1970-01-18 05:24:10
508, 9jUAfPPcnnczdciaPGf2, 1970-01-05 19:33:46, 1970-01-11 09:47:59
509, Kwh5iuTGxk8Yk9AeuYKf, 1970-01-04 12:29:19, 1970-01-06 07:00:42
510, Tzsp3GWp41cOqNidYXyh, 1970-01-15 19:34:36, 1970-01-18 03:03:08
511, 6WF69tiHSWcdhioQKHzw, 1970-01-12 15:40:46, 1970-01-15 06:20:52
512, UMckLjfWQuQpX543AYij, 1970-01-07 23:28:46, 1970-01-16 23:45:41
513, xxCkK5LFFLYvChyHIAPB, 1970-01-14 03:51:53, 1970-01-18 05:50:12
514, jxagtpzn3Ho732jpc6pw, 1970-01-04 20:18:58, 1970-01-11 09:16:14
515, wKy5qCUjeiDBWIkUVeaD, 1970-01-03 16:58:35, 1970-01-08 07:59:49
516, Gy1gfk8wYr10phY9lQSf, 1970-01-08 11:22:41, 1970-01-15 15:46:31
517, ndkwPKVpkx4c987Q5zTy, 1970-01-14 15:44:41, 1970-01-16 06:21:57
518, ADPqytXDr7j27tqmD7MW, 1970-01-15 05:21:37, 1970-01-16 23:41:53
519, fwdJTNJ2OAAU8tG0XVKI, 1970-01-16 04:57:15, 1970-01-17 03:59:23
520, JN0jjNRjJuJ3eDVzcHDS, 1970-01-16 05:26:35, 1970-01-17 23:43:07
521, iMQdAKocGFypSz28JkWl, 1970-01-17 20:47:59, 1970-01-17 23:17:35
522, 1OI27PiXcuXJiS7tO2ds, 1970-01-15 01:35:11, 1970-01-16 23:36:39
523, 1X24plPlZ2mhADltsAtG, 1970-01-10 14:12:48, 1970-01-17 10:11:09
524, M8vkbj1cZaoJcQVPorEr, 1970-01-04 13:56:36, 1970-01-09 05:42:28
525, Sc5fL2m4JpUApeoQtICz, 1970-01-08 08:38:47, 1970-01-14 12:28:37
526, MCfSaRNVt44vABp15SjP, 1970-01-14 20:00:12, 1970-01-17 18:48:22
527, WZnMTqLDOeCnD6aQpUpI, 1970-01-14 23:15:33, 1970-01-16 10:26:10
528, 6qSwb6ibZjjnda4xe3Rs, 1970-01-07 02:52:38, 1970-01-15 19:54:20
529, xldyE6g5lzWtAgRffbhG, 1970-01-05 05:35:55, 1970-01-15 04:35:55
530, cDpOWTKniOqjCeNcqkbc, 1970-01-16 08:33:06, 1970-01-17 02:37:48
531, 5Bvvj6d1yfw9njjJXUdK, 1970-01-14 21:29:06, 1970-01-17 08:47:21
532, iYaFD4XMVpnDPpvfiIQV, 1970-01-04 10:30:56, 1970-01-13 15:30:49
533, KhOVDH4FY4wPMMF6wuvi, 1970-01-13 18:25:31, 1970-01-14 23:57:34
534, glwWAxlbrGAm2PRSmz7O, 1970-01-08 06:40:42, 1970-01-17 00:19:25
535, QkvyKY4jS4KIffBvQxh2, 1970-01-17 23:13:54, 1970-01-18 06:58:22
536, 9UplwphMBBnxpOkMPHYq, 1970-01-10 06:00:47, 1970-01-10 13:34:00
537, saIOSPJjvV38NbGz2qPT, 1970-01-11 05:24:33, 1970-01-17 18:41:44
538, ig4IcepSsnrHUS1tRivq, 1970-01-07 13:26:05, 1970-01-10 03:42:07
539, AeJ20AptFRMZgw1KWy6Z, 1970-01-12 18:18:49, 1970-01-15 10:26:58
540, Utxbxj22XBgwbKeqsL8y, 1970-01-12 23:27:48, 1970-01-13 15:44:17
541, 36gXRT0PpdGchSKKdzsf, 1970-01-18 00:32:43, 1970-01-18 06:11:30
542, u7oiBSilkP5nSYuC6vFi, 1970-01-17 02:16:17, 1970-01-17 05:55:51
543, xbydGAosKDmN8ApDLnmm, 1970-01-14 18:33:57, 1970-01-14 20:35:47
544, EXpRhf1DDnpvP6aFFkRb, 1970-01-05 05:33:44, 1970-01-13 23:35:19
545, LWL5AiSWoSBU4JWoJZfG, 1970-01-12 06:35:26, 1970-01-13 07:20:33
546, kYn5nTRaCGYorZTsorNk, 1970-01-16 23:27:03, 1970-01-18 04:53:41
547, XDT6o6OohZcXx44FMcsR, 1970-01-12 03:14:11, 1970-01-14 20:45:45
548, smjDF8dCp8W6sLu3OlF4, 1970-01-09 16:59:53, 1970-01-12 06:10:25
549, ADgof6LEnCd6uvBEcyX4, 1970-01-08 09:49:42, 1970-01-13 04:33:42
550, 8aB5Dz9TiP6qyQ9CkVy5, 1970-01-12 11:25:35, 1970-01-18 02:31:34
551, Db7lL32JxxgK2HtYjelB, 1970-01-05 22:41:02, 1970-01-08 03:19:59
552, rTE1iILNIiYbKNoMyzzW, 1970-01-10 22:59:37, 1970-01-17 23:28:05
553, sLnCZGhJLWCOtj1wwWDu, 1970-01-14 21:54:11, 1970-01-15 01:02:23
554, BOcLth91j9KoBgHOidmN, 1970-01-07 06:26:49, 1970-01-16 04:27:46
555, 1IFpE2B1N1UJrpBbOj4q, 1970-01-06 05:27:46, 1970-01-14 08:10:06
556, g6e6FZYpQWcb315dGb8a, 1970-01-18 05:45:35, 1970-01-18 06:04:19
557, wtv6AZwctKVYvRh37teE, 1970-01-13 05:17:56, 1970-01-16 11:32:07
558, a5yTEz8sXcyYIIaUxD1z, 1970-01-02 22:31:53, 1970-01-15 02:04:32
559, XpvHJ1HSox0c7gUWsjo1, 1970-01-14 15:36:14, 1970-01-17 05:40:05
560, 26yUioG8uu9dc75tWH8n, 1970-01-06 20:34:20, 1970-01-12 19:29:45
561, ndr3Knen2qBRCbh5LwVw, 1970-01-05 17:16:47, 1970-01-17 06:16:51
562, BHp6YNN50vqLIQkWzHWl, 1970-01-14 18:54:49, 1970-01-17 14:55:54
563, Fw0Bz7Npc89OjTToQ11h, 1970-01-05 07:46:50, 1970-01-15 19:18:57
564, Wmj1esu93ZYlFtvCUs33, 1970-01-10 11:16:59, 1970-01-16 21:42:42
565, 83lT5jAPKIMjw3NSyxBu, 1970-01-14 23:45:38, 1970-01-15 11:34:25
566, 8Gl9sGAb2L6wanxFfUT9, 1970-01-07 11:05:31, 1970-01-11 17:40:51
567, sF9TObXRSvxrUH4JZjpt, 1970-01-05 16:10:00, 1970-01-18 05:18:19
568, JGNJIdP4KjJ6A4vLSbr5, 1970-01-09 19:16:51, 1970-01-14 22:35:23
569, t1YroeNxMQwGbWLJFHDA, 1970-01-04 21:22:07, 1970-01-05 09:02:37
570, B3yOuvXar4jpvma7yv9a, 1970-01-07 07:23:01, 1970-01-17 11:58:51
571, aVZDoyAyniC8DXUF0dTE, 1970-01-09 20:09:15, 1970-01-17 08:36:56
572, lpJRKVbrNR4nfbY3E2zP, 1970-01-15 05:34:00, 1970-01-16 10:33:46
573, 04QkTY1e9epQVKHjhU4k, 1970-01-08 06:48:12, 1970-01-18 02:23:59
574, VqX6uoenU8CimUyLeAHx, 1970-01-17 22:49:39, 1970-01-17 22:53:13
575, rLiIbMbmPCCmT0oLTphS, 1970-01-13 05:30:14, 1970-01-16 10:14:53
576, 2sqwk9Lh63ZrzeyePS1o, 1970-01-17 03:45:20, 1970-01-17 18:39:21
577, xzJwfwXANPZFLQV86pOp, 1970-01-18 00:12:12, 1970-01-18 00:57:46
578, T2RniBh73GqaiEOjdzft, 1970-01-04 12:28:50, 1970-01-13 14:38:27
579, FT6M6jzXA7tJnaFDr5FB, 1970-01-11 07:49:20, 1970-01-11 21:01:10
580, ocmT5PBcDTjjnTQmy0wP, 1970-01-10 15:14:07, 1970-01-13 19:18:05
581, FFNbMUtsTYi02YrDCqRN, 1970-01-05 07:08:41, 1970-01-12 08:29:36
582, Fo9eF9RoJNlduAskUnFa, 1970-01-04 04:14:56, 1970-01-10 02:41:46
583, yRQyFS36ylKzrlaiNQ9A, 1970-01-06 13:47:19, 1970-01-10 01:38:05
584, oKklpYWlTIS6x3XQhbDL, 1970-01-04 04:25:31, 1970-01-07 05:27:12
585, OWClWwkAlsXSpthp2toy, 1970-01-13 20:48:44, 1970-01-14 22:55:25
586, vFOzNLTob3u6rxO9Gg5Z, 1970-01-13 07:39:49, 1970-01-16 18:23:00
587, aGpWTGVO0Y0GYR8lNooW, 1970-01-12 20:08:44, 1970-01-12 23:52:31
588, DqxAb9ikYOXfztJ10VGQ, 1970-01-17 19:53:56, 1970-01-18 07:32:50
589, UZhGlULxQxYTQrPQeBEA, 1970-01-03 03:09:12, 1970-01-09 16:04:46
590, v9mIcBddPEg5cX0K9b23, 1970-01-09 22:47:48, 1970-01-11 20:33:41
591, RjCG5OawR8Y3yNcz8mEa, 1970-01-17 05:52:34, 1970-01-17 22:26:38
592, KttegmbiF0Lpn8lq411Q, 1970-01-04 16:26:08, 1970-01-10 06:55:24
593, m24duP4k6lS8Ip6XODet, 1970-01-06 09:18:40, 1970-01-07 09:45:42
594, gtoJKqlV1X9kGt7R8kVt, 1970-01-12 18:08:11, 1970-01-14 05:31:16
595, MHhBOEP91U5SLMIB3doJ, 1970-01-02 12:35:37, 1970-01-05 17:44:37
596, ih0k5INcBZ0zODPj347K, 1970-01-05 22:42:22, 1970-01-13 10:58:38
597, lfnuS1YH6dT91FGZi2RX, 1970-01-08 21:06:33, 1970-01-18 03:02:28
598, PAIqdjHv1st968LZBnBD, 1970-01-13 16:06:23, 1970-01-15 22:01:30
599, CWwHVAGss6ocTzaE9rHm, 1970-01-16 04:07:40, 1970-01-17 17:14:09
600, RIK7wNK4CnsfKNZKBMG2, 1970-01-18 05:55:52, 1970-01-18 06:24:25
601, YzqaW8WMzZ0W8G2HXtgc, 1970-01-11 05:24:49, 1970-01-13 00:47:56
602, 88KNIparmv2debl7jm7I, 1970-01-05 09:58:44, 1970-01-09 05:54:17
603, UMvcFgejlUQlfGYvLUwy, 1970-01-17 19:04:26, 1970-01-18 05:38:48
604, y1JXcUT041Y0dWZYYr8d, 1970-01-17 22:30:01, 1970-01-18 05:39:13
605, Za1aRMKgQ3bBsulysa1J, 1970-01-17 09:29:33, 1970-01-18 04:41:51
606, CsGGNjM93PPKgxsL5e46, 1970-01-15 21:32:36, 1970-01-16 22:03:44
607, ibYeJLJDRjXKtPOxZRPi, 1970-01-17 23:06:31, 1970-01-17 23:30:29
608, M4Ivx1ibu6sxXq8UWYPI, 1970-01-02 10:21:02, 1970-01-14 16:20:57
609, G31GIRwNjveBUsrzc2ZT, 1970-01-04 11:40:02, 1970-01-17 03:25:41
610, ZtUbqzYjehyKoqbloutW, 1970-01-07 21:02:40, 1970-01-12 19:56:20
611, T6YNE0hc4GbAUPB9Fttz, 1970-01-08 01:11:47, 1970-01-18 04:29:12
612, nCP0q8wgFT0c78pksXxZ, 1970-01-10 16:09:36, 1970-01-12 15:49:22
613, xaGlPZ2BgGXJ2uMcSk6u, 1970-01-04 11:14:42, 1970-01-08 14:07:48
614, qkOlV6aSI1IkdgjpmKHj, 1970-01-07 09:47:27, 1970-01-13 06:02:26
615, GgXI313XdQHcjuKV5u0y, 1970-01-09 05:18:57, 1970-01-13 02:53:14
616, HufA2qlt6Bncx2UVzQxj, 1970-01-04 17:06:59, 1970-01-05 06:55:23
617, GcxGKAC1jVldybjEkTjk, 1970-01-17 17:28:19, 1970-01-17 17:34:47
618, 9RVs3j1rtO0O1pXG0RZ9, 1970-01-06 07:39:38, 1970-01-11 01:10:15
619, 4GmeYyNjTuUrr97nnAdj, 1970-01-08 06:29:52, 1970-01-12 11:21:55
620, B4MZg6NqDvvyGrAEoOOI, 1970-01-05 08:48:07, 1970-01-07 19:06:25
621, HnS50FyxpasvKEh65836, 1970-01-04 01:46:33, 1970-01-04 18:08:58
622, e8P2GRDiEnhprP4aOHMk, 1970-01-03 23:45:14, 1970-01-12 11:29:48
623, fPbXBa454xTvfTcheol4, 1970-01-04 05:40:03, 1970-01-12 05:00:10
624, rjr0pGE0eKrlquLjH5UH, 1970-01-05 10:20:04, 1970-01-13 14:12:24
625, dWBs0ytsDqiOl4pA0QbP, 1970-01-05 01:59:09, 1970-01-08 19:07:30
626, KfkHvcCujezkWmrLjFJD, 1970-01-09 21:30:26, 1970-01-16 01:58:19
627, 7iLf8OOmecdeN9wg61YI, 1970-01-05 08:42:55, 1970-01-09 04:02:28
628, m2dwFNjz3MN7PJhoVhyL, 1970-01-08 11:47:34, 1970-01-13 20:11:23
629, xjl4C4CmOXMbs0kT3ZBd, 1970-01-15 23:38:47, 1970-01-17 15:44:13
630, NIbVyDkkLeInP8R0UAJH, 1970-01-05 09:16:27, 1970-01-16 05:28:05
631, 1oua29Sbx12Byf1IIakB, 1970-01-08 07:33:28, 1970-01-10 21:30:56
632, eLHaqZIduynPfwa8v7oI, 1970-01-07 06:57:12, 1970-01-17 01:49:27
633, jI092QaJyDcpqOgg5unw, 1970-01-08 13:18:48, 1970-01-18 07:23:33
634, ufBCXlA5d9OONx7yOmpJ, 1970-01-15 22:15:09, 1970-01-17 09:58:00
635, HQNufFgPdAED17yuykP2, 1970-01-06 19:16:30, 1970-01-08 05:33:23
636, Yyn1D5mQiJNBwx9D9QmR, 1970-01-18 02:36:17, 1970-01-18 04:12:34
637, z8FrsXSvTHty6BO51EFF, 1970-01-04 20:35:15, 1970-01-16 20:11:45
638, 7vXr7NIC2A2CfC7qz6i6, 1970-01-03 09:54:14, 1970-01-13 14:04:07
639, Nib944CdXbsD1yfyVK9N, 1970-01-07 20:48:25, 1970-01-08 15:36:59
640, IDayAyGQdb61Ac6xpaFh, 1970-01-09 00:55:14, 1970-01-12 08:37:32
641, bypeqc0rlytGma0xM4dF, 1970-01-17 20:19:12, 1970-01-18 07:35:00
642, JL0ptjNjBPRLkZYXLrIP, 1970-01-10 16:51:14, 1970-01-16 12:45:51
643, NaiHfOzPq8le6zu3pb44, 1970-01-02 21:10:21, 1970-01-17 17:29:47
644, jTJOEpiNSpw8Yll21Eb5, 1970-01-16 17:13:01, 1970-01-16 23:04:40
645, s5sQWZra03QSrinMHzMx, 1970-01-17 09:13:20, 1970-01-17 20:48:07
646, ZQbxKxZLVFJMkpbnDp2B, 1970-01-13 21:39:48, 1970-01-17 19:52:41
647, Gg9F9j3k8U1PnH7oHS5w, 1970-01-17 15:54:10, 1970-01-18 00:42:33
648, qIuLD9kr558dAjjFPFNU, 1970-01-09 18:47:56, 1970-01-18 07:25:27
649, ZWe6zJhTf0NdlyUEJrAN, 1970-01-11 08:49:04, 1970-01-14 13:25:20
650, HGqU6Yu4DsUmfJwv7i9u, 1970-01-16 10:06:13, 1970-01-16 12:06:24
651, zhmAagjEKFCw0AymhoS7, 1970-01-02 23:44:07, 1970-01-17 20:49:02
652, nCwvd2sSyjwTgFtgbbEd, 1970-01-13 16:38:06, 1970-01-18 03:30:27
653, NHnzJ1zAeoD0LZMB2aLF, 1970-01-09 23:07:39, 1970-01-18 07:15:59
654, D1HOy2nmcsAMjSzxpvJy, 1970-01-13 19:51:21, 1970-01-13 23:36:28
655, WlZi74lURd9gEXMePVEv, 1970-01-02 23:51:13, 1970-01-07 05:55:32
656, A9wVvetyGCXCJcJxsGHk, 1970-01-09 18:49:00, 1970-01-17 17:31:05
657, k5qvoURBuoctmcjDmqvD, 1970-01-02 23:56:44, 1970-01-12 01:47:51
658, DXBfXyKqP3ZlGaGHJOrq, 1970-01-06 05:56:34, 1970-01-15 03:56:58
659, QWYXYZhqnqEfUHpfJhuR, 1970-01-09 07:32:31, 1970-01-10 04:23:23
660, LYiydNvgqeVBacyu0WVE, 1970-01-12 05:09:47, 1970-01-18 03:28:08
661, Bs44tOIQoF9iCvv2mqim, 1970-01-12 03:00:35, 1970-01-14 22:57:57
662, VEjT5acHLS0BaakqYGV0, 1970-01-08 14:13:07, 1970-01-12 02:28:38
663, IZAM8q8QhXMLZk6HHG3h, 1970-01-06 06:32:47, 1970-01-16 10:26:59
664, evmoj5Fii2DUKE9wAfHH, 1970-01-08 16:54:01, 1970-01-16 06:44:12
665, ffBlGjRNjzhEN2wmjrHH, 1970-01-05 21:50:43, 1970-01-13 08:33:34
666, 8LXQsNUodE1GSYMMhY0z, 1970-01-14 10:00:26, 1970-01-16 07:05:00
667, DcMdPRYjgKu3eXcY7S91, 1970-01-11 03:22:20, 1970-01-15 23:39:38
668, DCLsw7nwpEubZTyqh46n, 1970-01-16 20:49:04, 1970-01-17 09:17:42
669, jtZxZYncRkBxuc4EmDYq, 1970-01-03 04:17:41, 1970-01-11 06:40:40
670, rDNGg3NLtn3VKbmBH9T7, 1970-01-05 05:07:26, 1970-01-14 03:34:00
671, UT0A6DP0GXc7GIPyYs8B, 1970-01-12 19:48:15, 1970-01-15 09:20:03
672, HaW2R2jKVoELs1fQLgph, 1970-01-06 22:40:22, 1970-01-17 10:32:58
673, c1xG1dLTm3k5lWJwySdi, 1970-01-14 07:05:46, 1970-01-14 13:32:48
674, PRen6vQ8K3fSZwI124Ms, 1970-01-11 16:18:35, 1970-01-15 21:03:30
675, 5QKFYut4LegFvnxHPVCE, 1970-01-16 00:47:04, 1970-01-17 21:32:45
676, 1SxbHJ4dXAmXbpeJQbsB, 1970-01-13 07:52:36, 1970-01-13 08:19:41
677, H50l0uqvb8sBUCh9BWF9, 1970-01-09 01:08:07, 1970-01-16 07:48:49
678, zAkCu3wOZejeQiP7gtQT, 1970-01-11 13:05:37, 1970-01-14 08:23:34
679, K0ZEul2kLVNEZp49SBym, 1970-01-12 17:41:42, 1970-01-16 22:34:20
680, Qw6YefI50FIapAVKmTwo, 1970-01-14 09:08:23, 1970-01-16 20:27:29
681, U9UvQ3MCkvklsSuhuDGw, 1970-01-04 14:19:46, 1970-01-12 09:06:18
682, PZhjqUKxvFdEVt9E91vP, 1970-01-13 14:08:28, 1970-01-15 07:36:09
683, rG7mfR9nMQNtQDVmB2tC, 1970-01-17 12:46:00, 1970-01-18 03:49:16
684, 2HYMHNm2bvcKmSulXq7l, 1970-01-15 19:52:06, 1970-01-15 22:06:03
685, 1A0EAooQbR8aS4NJicWO, 1970-01-08 02:06:01, 1970-01-14 21:44:45
686, Qy9XJ6VmUewUTLVJnlfN, 1970-01-11 12:56:07, 1970-01-17 12:50:57
687, UHzY9xkKMrymzj0R3YSu, 1970-01-10 21:38:34, 1970-01-11 17:16:14
688, kEXboHkrA8JHm8bFf0Xt, 1970-01-08 00:53:54, 1970-01-12 10:19:00
689, qidL3qsNaJUsWKVNKH8z, 1970-01-16 02:11:33, 1970-01-16 17:15:58
690, xOcGt9LAjvRclrkPe0xx, 1970-01-05 23:24:45, 1970-01-06 19:37:47
691, Wv2VuDHM4s2R9bamzslm, 1970-01-15 17:18:07, 1970-01-16 04:45:18
692, LZ75pKf8413lv7gYatyK, 1970-01-18 04:33:51, 1970-01-18 04:34:03
693, hkCdgY8P9ZNASRa2BIFA, 1970-01-12 09:18:50, 1970-01-17 04:30:59
694, wTS8dw9mK4ao4f9lRihw, 1970-01-05 16:43:53, 1970-01-15 23:33:54
695, MYTZhPeagbERDwj5KMU7, 1970-01-16 17:56:01, 1970-01-16 21:34:47
696, 4JebhFzgN4du4VPYaaFf, 1970-01-05 08:43:18, 1970-01-14 21:04:06
697, fgj1rEJo1cZ7oc68BBeF, 1970-01-15 20:38:57, 1970-01-18 00:00:46
698, RtbMc5NAj2Ryd1ZZWFLq, 1970-01-13 10:54:41, 1970-01-15 04:15:56
699, BZnbq5kQENctiipd7yvs, 1970-01-02 17:15:06, 1970-01-10 17:07:10
700, kAcHJhGxgfmke7Pk9Nrq, 1970-01-08 23:30:41, 1970-01-17 02:15:30
701, fHJYB0fDfWghx42ncMF5, 1970-01-02 10:42:35, 1970-01-02 13:36:23
702, 4gcQuiYhwmeSGfipZSvN, 1970-01-16 07:50:17, 1970-01-17 17:20:57
703, eY1Izu4IkGC8JOJmvahG, 1970-01-03 20:10:06, 1970-01-15 06:02:33
704, qM3337zfBYLMOl7qSSr0, 1970-01-10 08:19:23, 1970-01-15 12:56:47
705, 89QfGBUf70YAznumtCGW, 1970-01-11 04:33:13, 1970-01-12 05:19:02
706, 1uh1mp4nGkIDzp4Xhpjm, 1970-01-07 17:35:37, 1970-01-13 09:16:24
707, eD3cL1ZrCl1gCDuSNH2b, 1970-01-12 14:23:15, 1970-01-14 09:41:40
708, KuDrxmdUNTU75aq4kN9G, 1970-01-06 07:55:09, 1970-01-07 03:26:48
709, xedbeA3uoNpXXRUx9V5d, 1970-01-04 07:20:46, 1970-01-04 11:28:52
710, vIlwAoJItFxrN7MBCZtQ, 1970-01-12 11:16:40, 1970-01-15 01:24:40
711, lLVdGXqqBnw0aZuvsO9h, 1970-01-09 11:00:55, 1970-01-09 20:58:51
712, GEjhGsfo31B5YW3WsSOm, 1970-01-11 13:33:49, 1970-01-12 05:19:55
713, IzbTT85q7EDm79LsP5ii, 1970-01-04 20:17:26, 1970-01-06 08:09:55
714, XGqkQEaankjjZIzAAJGZ, 1970-01-07 01:40:20, 1970-01-08 08:07:19
715, b2wiDdTpBS6Qm3CTCax3, 1970-01-13 21:50:18, 1970-01-16 22:40:25
716, Mhbs2hZrAxhi9v1eAIQO, 1970-01-03 21:04:09, 1970-01-05 23:57:38
717, 718f2MMg3UDbC2ODWZhX, 1970-01-14 02:37:08, 1970-01-16 03:29:20
718, RFUZY5QPuRRDNMN50PrI, 1970-01-06 19:33:00, 1970-01-09 06:19:07
719, 6cYsHLcCyFXPfWtZihg9, 1970-01-06 22:54:45, 1970-01-17 16:13:16
720, KaAXTa4oGWImEQTImFQK, 1970-01-03 09:51:23, 1970-01-17 12:56:38
721, LH34vqVtgyTulqmN2gXm, 1970-01-14 07:51:50, 1970-01-17 14:24:19
722, 7nyNVPsYoiaxiJlMJ42x, 1970-01-07 08:26:15, 1970-01-15 09:14:57
723, MpiaE3jyZXmY1qkD7KR5, 1970-01-17 01:55:37, 1970-01-17 11:21:41
724, LEYIeFStZMvgW3CtEZBD, 1970-01-03 09:40:26, 1970-01-08 00:47:56
725, tynGWzBIXPJu0BUX0V1P, 1970-01-03 01:47:58, 1970-01-10 13:57:32
726, QDOW1yiyDBuNeEGrbZuA, 1970-01-11 04:28:44, 1970-01-15 20:56:46
727, Ov9jD5rFv4PTuBg4d0BB, 1970-01-04 01:15:57, 1970-01-13 14:26:05
728, IFl7529HxuLhqAG8ALkD, 1970-01-11 09:32:10, 1970-01-12 23:06:46
729, GfRp99I9Kor2HkR5OVR5, 1970-01-15 23:16:54, 1970-01-18 01:14:50
730, BN82F3ksCnIq6x6KR1c8, 1970-01-04 09:18:56, 1970-01-10 10:54:53
731, SsxwFS8QcT80rcouLT8R, 1970-01-06 22:56:07, 1970-01-15 11:15:04
732, TII1Aszn5sMLMGLSS1zN, 1970-01-13 13:07:33, 1970-01-14 06:31:06
733, QZBM7lQuWBiDU6F9AgdU, 1970-01-15 06:05:51, 1970-01-16 18:24:32
734, ojdgZSQSgeEb2B2IKtaM, 1970-01-06 19:13:51, 1970-01-13 14:26:50
735, RnhNGu5O3s0bgLPnriVI, 1970-01-07 18:33:38, 1970-01-12 10:38:31
736, 2Zul0LVlnagDGJ3X4Lsa, 1970-01-03 05:50:39, 1970-01-11 21:57:40
737, mZVOdMrpEY7iLt5TUgU6, 1970-01-17 16:54:33, 1970-01-18 03:34:06
738, 8tpmdA3Pzm1jtw2ax02I, 1970-01-12 04:01:24, 1970-01-14 06:33:50
739, AYDCoRa08kqBSbDtnLyn, 1970-01-09 18:58:28, 1970-01-15 15:16:51
740, irQDNPmHxfEk3sBT3EnP, 1970-01-07 17:24:45, 1970-01-16 10:52:36
741, FOjXCWUA96duOJR0LWYL, 1970-01-09 22:25:48, 1970-01-10 13:43:30
742, rSy3SF0WdivNxKX9L6IK, 1970-01-08 03:59:07, 1970-01-10 23:02:31
743, Vk8KR9I1So6b6fxNFosl, 1970-01-04 16:46:00, 1970-01-15 22:38:31
744, m9WfJGOrdNmytASXOpv6, 1970-01-05 23:19:45, 1970-01-15 22:20:38
745, MAuzre0LZ5dWBVi07yAM, 1970-01-04 16:22:59, 1970-01-05 20:05:12
746, bG1wO04vcbo2DCIayTCB, 1970-01-14 11:33:38, 1970-01-17 00:19:07
747, TTm64dfeIMAnHvohbdpc, 1970-01-11 10:24:31, 1970-01-14 00:12:50
748, Ru0u8b8FFVOigsgCmW6s, 1970-01-03 22:22:39, 1970-01-14 01:50:07
749, dyRNSAJrbMe4ogaEFkad, 1970-01-11 16:54:33, 1970-01-14 04:35:34
750, 0x4WpP6pBVzRBhc9pKsr, 1970-01-16 09:52:44, 1970-01-17 22:28:24
751, ckXJLwoDC7E9u99C9RzZ, 1970-01-03 04:59:11, 1970-01-14 22:31:56
752, NgcAIrHfivZvLvmti65N, 1970-01-06 06:33:33, 1970-01-15 01:29:30
753, A93OnQjrKfgGUkC7xhNU, 1970-01-03 09:50:09, 1970-01-11 01:59:33
754, on1kCpFo4F1T6nFbipJF, 1970-01-18 00:49:02, 1970-01-18 06:05:36
755, FpVjYiiydEeGMywWZnIR, 1970-01-09 22:50:42, 1970-01-12 13:39:51
756, tJlZeWohXhxqemKRwMXd, 1970-01-08 12:14:03, 1970-01-15 01:41:38
757, agnosvPedOKEx1bXMRQX, 1970-01-10 15:15:57, 1970-01-12 10:06:02
758, O8SFMQOaswEgnFrQNONh, 1970-01-12 21:00:11, 1970-01-14 17:40:11
759, Puwu8EpdwY32zrRTe2wk, 1970-01-04 19:53:33, 1970-01-16 07:40:14
760, jqqIqgxgY1RW46DpwrvM, 1970-01-17 17:06:00, 1970-01-18 00:05:21
761, 3oWbrRlWjaD2REVKOtHh, 1970-01-09 02:38:10, 1970-01-10 07:11:20
762, DAWLpfVWmJt5id4QDZcq, 1970-01-03 12:03:06, 1970-01-15 14:21:30
763, Y75lK3urz012TjORy3t3, 1970-01-15 04:47:14, 1970-01-15 10:03:43
764, r2rwOeZyLhE0rDNCQh3g, 1970-01-08 08:22:33, 1970-01-08 10:59:50
765, iUheL3OWLZVQSW3N9PrG, 1970-01-13 08:47:33, 1970-01-15 18:50:48
766, V9jXSKEOCMlj61M9pcRL, 1970-01-13 12:38:22, 1970-01-17 04:50:17
767, tNWsPRszXcqUR9oQaWTf, 1970-01-16 15:22:14, 1970-01-17 09:16:23
768, Ej5HYt4GGtCEgFtrrZI6, 1970-01-10 00:56:42, 1970-01-17 15:13:07
769, uR95EEOs8FpVuY83Lexn, 1970-01-18 01:53:05, 1970-01-18 07:27:50
770, qiuSW2Kxt9igF1OuNwrp, 1970-01-12 09:35:29, 1970-01-15 19:18:52
771, VlCovBUEO2kSW3f64uMy, 1970-01-12 21:55:33, 1970-01-18 06:33:24
772, FIySLEjMMWkZToKaTwiY, 1970-01-11 10:32:49, 1970-01-12 09:10:54
773, y0M6dPOH0vJdFsurAp2h, 1970-01-14 02:03:45, 1970-01-17 16:33:21
774, zj51URis8XunYyoFEIcy, 1970-01-02 14:34:20, 1970-01-08 14:13:17
775, qs5PhesP19589h2JLGTE, 1970-01-12 16:33:45, 1970-01-17 21:47:55
776, Bkj4hpDkOmml6b6BqL4N, 1970-01-15 02:50:20, 1970-01-15 08:33:10
777, XWp07U7EKUvsFLYv2iul, 1970-01-11 03:10:51, 1970-01-15 16:18:31
778, L3WKiAZ3pI9r2Ckkd7hm, 1970-01-09 16:47:25, 1970-01-14 10:00:34
779, 1ctHXwyNnjOpBYmzTp5b, 1970-01-07 04:16:15, 1970-01-15 22:20:35
780, nlquHe2iTDWIFpmoaIOD, 1970-01-10 12:35:42, 1970-01-11 13:31:46
781, ZnTzF4OTQMzriCGZnbVl, 1970-01-05 23:31:10, 1970-01-17 12:03:37
782, bZjkBV3YEORdcI4jcwNN, 1970-01-06 05:54:09, 1970-01-16 05:07:37
783, JQXasJrLV6LYfAx37ztQ, 1970-01-17 10:46:40, 1970-01-17 11:48:18
784, 5U9Hhy06XXa8Zc6TCchO, 1970-01-12 20:16:08, 1970-01-17 14:14:44
785, ijmtScwgPLLVeNJilgJT, 1970-01-09 07:06:40, 1970-01-15 21:28:30
786, 5FiHEH7t6N4omQ5wduMq, 1970-01-06 18:37:49, 1970-01-13 07:44:41
787, uoOt7fpBlebMePhkflVZ, 1970-01-08 12:52:48, 1970-01-16 14:17:37
788, gR8iMdTk0dxVkxCLcG1g, 1970-01-14 19:39:21, 1970-01-17 20:16:13
789, GBSKIr7ZruHhiChGsfOj, 1970-01-02 23:06:28, 1970-01-17 02:32:15
790, pbLwdMwSFmMnRyKotXlT, 1970-01-13 06:59:40, 1970-01-15 10:23:14
791, Ld9jf3borniT5RbnVBIF, 1970-01-16 09:43:13, 1970-01-16 15:48:05
792, 4RXJn8NwZyVBtGsvcN2I, 1970-01-05 19:20:04, 1970-01-13 01:11:31
793, HsHqLSFM2JQYi4DAtNa1, 1970-01-12 03:14:16, 1970-01-14 00:30:13
794, GUFRGG7ljxtqvC4EZ0PS, 1970-01-03 00:21:24, 1970-01-11 18:34:04
795, Pz7xZNBXih0KzzTyauqe, 1970-01-04 17:08:44, 1970-01-06 01:06:46
796, 3kTCyEBZmehcFdEgHLWm, 1970-01-02 22:12:59, 1970-01-17 17:41:50
797, 0lZs4fFxXpIwvZ7MyJy8, 1970-01-12 05:57:50, 1970-01-16 12:45:34
798, vAcgMlOQdnlj2NI7A7ud, 1970-01-16 11:09:35, 1970-01-16 14:07:57
799, fEk2u5y7oOyOdbsE606W, 1970-01-05 20:50:48, 1970-01-12 16:43:43
800, 2iTXVyqRx0SWwiQSTf9h, 1970-01-06 18:07:41, 1970-01-13 08:25:33
801, WP8N4o8IZJwZ4cvcFFMw, 1970-01-09 21:13:18, 1970-01-16 07:53:07
802, oiIKFHs83Xdb1vkjGcWZ, 1970-01-15 14:07:11, 1970-01-17 23:16:52
803, FqCZELRxc8h7MGbDjANS, 1970-01-16 17:49:46, 1970-01-17 14:46:03
804, xhgGqq6j16ACLfj0SamR, 1970-01-04 03:43:34, 1970-01-06 23:26:16
805, HcFXCPY9aE7RAaXU25ui, 1970-01-02 10:53:56, 1970-01-06 07:17:24
806, 0najCn5RkbbIKlyJcpL7, 1970-01-02 18:57:29, 1970-01-09 21:35:32
807, ywP4toWDX4rD0xXihIwH, 1970-01-11 23:34:23, 1970-01-14 09:02:17
808, acMyXz0XMpihpqXC7rUJ, 1970-01-14 11:37:06, 1970-01-15 19:49:15
809, XU9tSbE4LJb552b0iLNM, 1970-01-09 11:01:57, 1970-01-11 00:51:56
810, kI0mEP6Fo0EBRaBcbvEE, 1970-01-17 23:40:11, 1970-01-18 00:50:16
811, 9wvub37KmZQxAxwoZzgz, 1970-01-09 05:13:18, 1970-01-13 18:43:32
812, QDnOymrbsGJloLG51WFQ, 1970-01-05 07:11:36, 1970-01-13 19:30:49
813, BgsNSOT5Mz9FMGZ0PSKg, 1970-01-08 03:55:11, 1970-01-15 15:44:52
814, iE3ecj3nIQ10p0eNct2J, 1970-01-06 21:05:26, 1970-01-16 08:56:07
815, aB8sPjdtW0hQLgPdM8em, 1970-01-04 18:43:01, 1970-01-11 17:05:28
816, oJHJfoga9Vs5NwLULRLN, 1970-01-07 16:56:11, 1970-01-11 10:09:12
817, N3AFaVnpR16svUI6E0re, 1970-01-14 20:21:26, 1970-01-16 22:52:06
818, lXfpr1Y8N0WoqG1X1sYs, 1970-01-09 13:18:02, 1970-01-13 19:56:11
819, GRR4E4BdoKLDRB5u6aVC, 1970-01-12 11:33:21, 1970-01-17 23:57:04
820, KJm6fPdajthh4c7sdTh1, 1970-01-12 14:03:03, 1970-01-15 23:16:39
821, eT710EAjcB1CdrJRnAbO, 1970-01-06 12:34:34, 1970-01-07 05:57:48
822, 1PmLqLaxRQm15UgxdFPw, 1970-01-07 22:58:11, 1970-01-15 12:51:07
823, bDT0pOWfcFwRB3Om3ZYO, 1970-01-06 15:27:37, 1970-01-10 23:00:15
824, QJNJtiKUocCG8CARuoqN, 1970-01-04 05:29:02, 1970-01-12 16:51:08
825, VgAkBjhh9tLhr631S88N, 1970-01-10 01:30:02, 1970-01-11 06:18:27
826, z6oPjEz20H30b3HgQw43, 1970-01-12 21:46:06, 1970-01-15 09:41:41
827, F0UeC4J2ifzvdpZ4MXwO, 1970-01-07 14:53:22, 1970-01-16 02:32:25
828, 22pMAVx158pDvgwQDZ8e, 1970-01-07 00:34:01, 1970-01-07 03:57:49
829, hzUzImtxOlxbWGC7aQqp, 1970-01-12 00:55:50, 1970-01-17 20:07:36
830, l2yHfVusXTMUbfXJ080p, 1970-01-04 19:39:42, 1970-01-17 11:17:13
831, 3D09rqHxdLP3G1d9EezK, 1970-01-02 23:16:59, 1970-01-12 01:30:31
832, 7marM31qyRLiua5sXqOf, 1970-01-04 00:15:25, 1970-01-10 23:20:03
833, RubzaTQLQKgLvMvedMI8, 1970-01-04 04:12:15, 1970-01-11 06:09:31
834, pTegf4Q2annw5V885ohJ, 1970-01-15 20:51:29, 1970-01-17 04:11:42
835, ggvrhoYZLR3sT4849Avc, 1970-01-12 00:40:08, 1970-01-16 01:30:34
836, 8ASr3T9RramUPP231W0x, 1970-01-17 15:25:06, 1970-01-18 02:47:47
837, AlGyDHKOmUmQArxJQa3J, 1970-01-14 19:48:50, 1970-01-17 23:14:44
838, bRK4DmO9AbAT7OPrGFle, 1970-01-17 06:38:39, 1970-01-17 07:08:08
839, d38nVOglOdH4jGtwslqy, 1970-01-05 21:18:31, 1970-01-09 13:49:08
840, Y91vsg6YVHTNvxPn07un, 1970-01-16 04:00:33, 1970-01-17 17:42:24
841, jjjshsT0e10Luf49XZIj, 1970-01-06 20:08:51, 1970-01-09 04:21:37
842, 21MT42mo7GeEEbpZdlml, 1970-01-18 01:51:21, 1970-01-18 05:41:43
843, zPn0TbNA4HGTd1Gv3ukD, 1970-01-05 22:35:56, 1970-01-17 18:28:30
844, 5Y6Fq6YPvkfy3RNmLAOt, 1970-01-16 12:36:06, 1970-01-17 22:45:31
845, dSLedFNtXU2O4vCqGzdX, 1970-01-18 02:12:27, 1970-01-18 04:53:35
846, hi74cy4MKBOeB5QdADtE, 1970-01-04 15:07:30, 1970-01-09 21:39:00
847, PTd0hBCGyWWOrMI5EW9b, 1970-01-17 18:58:14, 1970-01-17 20:58:35
848, wclBFZjRTWEWcsBh6CO6, 1970-01-14 20:30:17, 1970-01-16 20:14:55
849, E37GuMJ2WIfFGfmf8aP7, 1970-01-04 05:38:57, 1970-01-15 12:02:26
850, ikhegqCnfGtM1R6r8b8U, 1970-01-16 14:11:02, 1970-01-16 20:40:08
851, YHYFjFN4shcFXiutatyB, 1970-01-12 00:11:05, 1970-01-12 20:52:47
852, FzkYoQ3cyPsvt2DRfyKl, 1970-01-14 05:35:53, 1970-01-15 14:48:04
853, pw9vQKrJS1KcqEaK6IJF, 1970-01-14 15:39:18, 1970-01-16 11:05:49
854, DtgyScPooZy8ojoetwQ4, 1970-01-04 21:43:43, 1970-01-08 17:16:29
855, 72ANBNH6AIqTjEfPSRw4, 1970-01-03 17:29:07, 1970-01-10 08:59:49
856, eRVcKBTBJABfNpFvEkng, 1970-01-17 06:00:45, 1970-01-17 16:09:11
857, TOLGllQRPFI9nLmibSuu, 1970-01-17 06:43:49, 1970-01-17 09:16:40
858, eHMVksEthfiVwzKY07Fw, 1970-01-03 23:17:28, 1970-01-13 17:27:30
859, HVH0aDQ7GP7qCXvcmWEz, 1970-01-09 04:26:39, 1970-01-15 11:25:43
860, hcNgFPeF7Q7IVjNoXhJF, 1970-01-07 16:43:45, 1970-01-10 12:23:25
861, rpbdt4pbAHn6IBByp6fx, 1970-01-14 22:30:07, 1970-01-16 01:04:26
862, C5LI8mxHY8YrJEOX2fOy, 1970-01-03 16:11:55, 1970-01-07 13:56:41
863, ICbe2gafNq4LGNuwe2Zg, 1970-01-13 16:16:19, 1970-01-17 01:29:10
864, HSw9tSLKxFAHMwVVFiYt, 1970-01-06 16:05:52, 1970-01-16 16:36:35
865, 3kyV44vbCByUvcZr2vXx, 1970-01-06 03:44:47, 1970-01-14 04:36:24
866, BPaHjlqiTEZYMXuX9D0J, 1970-01-13 04:39:36, 1970-01-16 05:21:58
867, lpiYw4VmiX3pHcwlAqym, 1970-01-17 08:07:37, 1970-01-17 17:31:17
868, unFRGVJjoZwgMSBOJyy2, 1970-01-10 15:22:50, 1970-01-16 15:14:55
869, hmYm5gWDHSj7ELOsSJiy, 1970-01-06 12:42:38, 1970-01-18 04:05:12
870, 9q9vk38FX841TJNsF1zf, 1970-01-17 16:03:37, 1970-01-18 06:45:07
871, XZZBK6haih6eyA7fpHEl, 1970-01-05 12:00:29, 1970-01-13 11:34:11
872, aZM1EnqPcXaaJETL92ep, 1970-01-05 06:59:51, 1970-01-14 07:53:12
873, biUFKBedH67i5RGcGF9s, 1970-01-16 22:01:40, 1970-01-18 01:41:52
874, e5Q23C6kpNBT9yqVQAB9, 1970-01-17 00:48:23, 1970-01-17 04:47:15
875, YZs6lJ4PNuaV5eZviAud, 1970-01-12 19:25:09, 1970-01-13 07:25:19
876, VsVtiCvVJq3nBxj0xzBd, 1970-01-13 05:01:21, 1970-01-15 06:43:43
877, jjdFS87X1yMQxRN0P97b, 1970-01-07 14:49:24, 1970-01-15 09:27:15
878, NPYqayWBMEUqGaOfLaoD, 1970-01-14 02:10:40, 1970-01-15 04:51:08
879, VsWQHKCsBcxzqqoWAwmr, 1970-01-11 09:47:55, 1970-01-13 10:33:14
880, HoPxP1wmNT50eq0zv0Uf, 1970-01-05 15:42:27, 1970-01-12 07:19:45
881, 8ZtNDLqOj0k3KytnCc94, 1970-01-10 13:08:54, 1970-01-11 22:22:57
882, DwViCc2SZmzs09UoOMd8, 1970-01-07 21:45:18, 1970-01-11 21:08:01
883, bjPUbOD4EZ1mlOEhOTcl, 1970-01-06 13:52:27, 1970-01-17 02:22:09
884, jrys8Arxq2HCY4oyYBal, 1970-01-10 21:07:20, 1970-01-16 19:59:11
885, nxRYmhb0v07M7aTIjyOq, 1970-01-12 00:38:41, 1970-01-16 15:25:54
886, xH8X9H0AJ4GRgDMOle35, 1970-01-17 21:11:31, 1970-01-18 05:30:01
887, Nb91eAZQD4wtgFW53rv6, 1970-01-02 10:59:55, 1970-01-06 09:54:18
888, Ajr5EZO4mwTpQmZwjlkn, 1970-01-16 07:47:24, 1970-01-16 19:04:28
889, L3l5LuTfMkamct1DAeRc, 1970-01-07 17:18:52, 1970-01-11 02:11:28
890, 6L0ZBxWGfVqOawsiZ7ph, 1970-01-12 06:12:38, 1970-01-17 19:31:16
891, 4eUqqUiQC20NQGNcpNSI, 1970-01-04 09:19:33, 1970-01-04 17:46:57
892, mRB1Z4IfBO7gY7tlSeJ1, 1970-01-17 09:57:46, 1970-01-18 04:00:24
893, 6iuo1bDsJQuioVFN8w9I, 1970-01-17 03:48:11, 1970-01-17 19:15:42
894, UgKQ5ZxW2AxYKeYOhU45, 1970-01-06 03:14:22, 1970-01-17 17:05:08
895, swjxfiCOD5xXUB6ddjHH, 1970-01-17 19:08:00, 1970-01-18 01:26:17
896, 8fSDVgVcszn0m8B1Wynl, 1970-01-10 15:19:26, 1970-01-12 10:08:37
897, gOCbzsCuM0ffQfodi8mb, 1970-01-05 10:25:29, 1970-01-18 03:08:34
898, zidgkHKF6uNxdgh0peLD, 1970-01-03 02:03:07, 1970-01-04 01:13:13
899, dlId4WG6OP8jh4azCbzm, 1970-01-10 18:01:46, 1970-01-13 12:05:02
900, BzPXAg4BmdoOEkUtUkkE, 1970-01-02 14:30:51, 1970-01-04 14:59:59
901, CBjhjbrsgM8ovFopyjGA, 1970-01-06 23:15:09, 1970-01-10 09:43:15
902, UwuMtWmFJrA1iGbpxFev, 1970-01-03 12:11:05, 1970-01-17 07:42:51
903, 1E2R3hCLR2BIpMR15357, 1970-01-04 16:48:02, 1970-01-16 19:10:23
904, cnxUESOqj0yrwDN8sz4W, 1970-01-17 19:31:17, 1970-01-18 03:13:43
905, ZIMr5tQiVvMcUsADoLMw, 1970-01-12 07:28:30, 1970-01-14 03:04:59
906, R2LEbaSX9NcLGwqRRLza, 1970-01-07 10:02:45, 1970-01-08 16:23:55
907, TBik8Blibzb8ME6Ga4mA, 1970-01-13 00:11:28, 1970-01-15 11:28:03
908, Zka5HWDpgpgNKN3f5CNi, 1970-01-05 06:32:04, 1970-01-13 02:52:01
909, gnA4fQWYs9gsaBWbIqYU, 1970-01-06 07:36:59, 1970-01-07 02:59:35
910, e6J9f7zAZBnT1iCeFfkO, 1970-01-11 06:47:09, 1970-01-17 06:14:37
911, a5e8pxfuUybRzDmTVu1y, 1970-01-18 05:13:20, 1970-01-18 05:27:26
912, uVerINQYp3OmqmQQYxJt, 1970-01-17 11:32:59, 1970-01-17 18:07:30
913, 9ooP61SAVGZiuXH9jZiS, 1970-01-10 17:06:42, 1970-01-12 22:40:50
914, 80zFq4PUWTgttfTyMAcC, 1970-01-17 21:08:10, 1970-01-17 23:12:17
915, bNEhnJeGBCmR7B3HOqYv, 1970-01-03 01:28:20, 1970-01-06 06:14:15
916, 28DzLv1G2SyS1ElQLMk6, 1970-01-05 00:32:07, 1970-01-11 16:01:36
917, I2TsDWr7tDicRq4jK8HM, 1970-01-16 18:10:06, 1970-01-17 16:00:24
918, TmUvrvEMj7rO7NOvhIHg, 1970-01-13 16:51:38, 1970-01-16 08:08:30
919, 1yjXAufxzwpH34Ff96w8, 1970-01-05 00:01:17, 1970-01-18 06:56:38
920, GcoLPR8Tv71Zd60NvUy7, 1970-01-08 16:13:54, 1970-01-13 07:11:12
921, TGVsG9WzW1YigwGuVAy4, 1970-01-14 22:43:24, 1970-01-17 19:00:59
922, 40Qls3MHkqyKUcAzIvAz, 1970-01-13 05:48:17, 1970-01-14 04:28:42
923, tHq1mVbxRsqgTx8iNC6t, 1970-01-04 10:20:39, 1970-01-10 17:38:46
924, PvrSeidqD4BKuNFyKHEJ, 1970-01-07 18:05:30, 1970-01-17 09:42:33
925, 82g0wU7lTWqJn4EiiEGG, 1970-01-04 10:10:14, 1970-01-05 12:45:49
926, 1v6MF8l9agXwkBybuwAM, 1970-01-05 09:50:55, 1970-01-06 23:41:54
927, 4RthFrqr6yHXgbcH8yVb, 1970-01-11 19:55:33, 1970-01-12 15:05:40
928, VRH3i4w3jAXY24yzKdH1, 1970-01-05 11:38:53, 1970-01-06 22:27:08
929, yOI3aGPvrCEDTy2IGbRq, 1970-01-03 14:37:21, 1970-01-10 04:30:37
930, eCapxOstaVRow9kXORlK, 1970-01-09 23:07:18, 1970-01-16 11:48:56
931, cFE2JZmkkjAdgxoyxEeJ, 1970-01-04 04:40:17, 1970-01-08 17:15:35
932, flliijBPNntxCHGWXC2h, 1970-01-14 11:24:06, 1970-01-16 09:34:00
933, nbpfNmkD5VYuq9HHDSjM, 1970-01-16 06:59:49, 1970-01-16 12:28:32
934, E9G32BfIfjYuQlVU2mIU, 1970-01-08 15:31:44, 1970-01-16 15:43:28
935, NXZsuSpEEPbRSHwCXl8W, 1970-01-07 14:37:57, 1970-01-15 17:51:58
936, O88bPuG2vjh5WZYTUS5F, 1970-01-02 11:54:25, 1970-01-16 13:29:51
937, 960m5WEc7pgLoJKAFIWg, 1970-01-06 18:27:14, 1970-01-18 05:06:58
938, nWn9tNQnoPsIi581r0uN, 1970-01-08 06:05:32, 1970-01-12 00:14:16
939, UhHTKw0MxfOFmyxtXJ0L, 1970-01-02 23:02:37, 1970-01-08 03:44:54
940, C5aanVtChyOzlQKdc1GY, 1970-01-08 06:53:51, 1970-01-16 03:03:43
941, TYwBs2j5gXglRWdm5BOj, 1970-01-11 14:11:16, 1970-01-15 18:23:05
942, ZiqNIWWw2kaXGoSAhXfr, 1970-01-16 17:31:59, 1970-01-17 21:39:50
943, 2YsCYkzeFgDYlR5zyQy2, 1970-01-13 12:51:48, 1970-01-14 22:21:47
944, 42Z0YjGsRr032APuVgaV, 1970-01-07 18:51:42, 1970-01-12 07:34:47
945, 163JE5iNda744WtC3reJ, 1970-01-09 16:55:20, 1970-01-17 13:39:45
946, Xg7MbVFL9GWE7uUXP2NW, 1970-01-07 16:46:34, 1970-01-16 12:47:17
947, fKKVwtHIszJEIYQPiQjO, 1970-01-03 15:02:44, 1970-01-09 08:19:38
948, TxCjmDMdQpFoKugq2Le2, 1970-01-15 20:40:24, 1970-01-17 00:22:56
949, i2I5pAn6jlJ0wFPeIeqa, 1970-01-10 20:10:55, 1970-01-15 16:14:03
950, y9GMruam7vqUtgln6xmQ, 1970-01-03 04:33:59, 1970-01-03 09:07:22
951, 0KWjFKU4Bnd8PtA3zOQl, 1970-01-10 23:59:23, 1970-01-14 14:02:20
952, LboXJiwGrGOdaOV9mKUv, 1970-01-12 03:38:19, 1970-01-16 15:33:10
953, 78QkPYnH45hSDKnk201l, 1970-01-08 12:30:18, 1970-01-11 01:22:29
954, WvOgYnwXkJZVHTqKca2g, 1970-01-05 19:13:09, 1970-01-16 14:11:13
955, hRNrAi4VJ9WkYdDVFhuw, 1970-01-09 00:14:21, 1970-01-12 20:18:01
956, WU8dPCYbeiCay8LsHM7G, 1970-01-03 12:19:11, 1970-01-05 22:01:03
957, cppSX7W8Lm2cpF6XzRwM, 1970-01-04 02:15:42, 1970-01-17 20:46:25
958, KdYEUZ2ejl8f4cJUzTAF, 1970-01-11 06:51:15, 1970-01-14 15:51:54
959, xxiDIgasSD0ALj15jSHp, 1970-01-13 18:06:19, 1970-01-14 15:41:37
960, 6VOjmA1cpIgX0GkDElqc, 1970-01-08 04:22:54, 1970-01-16 21:09:49
961, JDImTJHxPTFK5YTyMve6, 1970-01-02 12:08:36, 1970-01-16 03:40:14
962, OUDQbDaDerNcCgQViAFB, 1970-01-04 14:46:44, 1970-01-08 00:39:55
963, 1zCIOO08D8j5XCrNoUW0, 1970-01-08 04:42:10, 1970-01-10 04:26:19
964, 1OL7bsMjVZY7XGRPbCY4, 1970-01-10 14:39:49, 1970-01-15 21:59:26
965, xF5R76mHdLfxw7ezc68H, 1970-01-09 15:45:18, 1970-01-17 18:32:03
966, nu831mWnZM3f6yRhgDR0, 1970-01-15 15:02:27, 1970-01-16 12:35:53
967, 72pjgyBgbQF7auRaO75r, 1970-01-02 13:37:22, 1970-01-03 10:53:28
968, vQzMwhw442eDRgksYwik, 1970-01-12 05:57:45, 1970-01-14 03:37:09
969, MKSmdNo58ShjvCjVY6Rs, 1970-01-11 21:29:19, 1970-01-14 04:20:54
970, H83vFmz67cfWkDx7Pqtu, 1970-01-03 08:46:17, 1970-01-11 21:05:01
971, FF3fw163jxtSrfA0s40z, 1970-01-11 05:26:59, 1970-01-11 09:22:26
972, BIW2xPUvtWmQHYFfJYMa, 1970-01-15 04:38:15, 1970-01-15 20:19:13
973, QoaG8SOiTfiXOVlsxthH, 1970-01-04 00:56:36, 1970-01-12 03:06:06
974, 3ryFh8mDEquqotL3WNTW, 1970-01-15 19:06:37, 1970-01-17 16:44:47
975, ikIDoOflD7dy2u9WcdZY, 1970-01-14 09:18:37, 1970-01-15 16:49:56
976, XpvcqJb5T4u8GFX47qUZ, 1970-01-12 07:04:40, 1970-01-15 02:53:06
977, oE2Y8biu11jJpS8J78ct, 1970-01-07 06:38:08, 1970-01-10 13:11:21
978, WyKGv123QCvzf4dL6NZm, 1970-01-03 01:41:58, 1970-01-17 02:40:46
979, G1Uw6kisHYBg7gFMwBL2, 1970-01-11 11:54:10, 1970-01-14 15:09:50
980, KgJO4vAOpEJ5VSsn8s13, 1970-01-08 10:15:56, 1970-01-17 19:21:26
981, vX6dMJOfgTPtpYK1aC4A, 1970-01-07 17:22:38, 1970-01-15 12:56:36
982, mIrEeS5hThvgpHXR5xOX, 1970-01-05 08:29:33, 1970-01-10 03:12:19
983, w2BYGFcWhOupNKwe4KDr, 1970-01-17 20:24:50, 1970-01-18 04:34:10
984, 6KDtQSYTQvMPKJscnXii, 1970-01-15 02:23:20, 1970-01-17 02:21:14
985, ZKb48lt1Q0zFBDloXCON, 1970-01-08 07:53:42, 1970-01-11 11:54:45
986, TLjvRqdUwCbKRIF3mVjS, 1970-01-02 22:34:34, 1970-01-06 10:59:35
987, 3OpFBUXCcAcnN5o8n2El, 1970-01-08 03:23:58, 1970-01-11 03:58:44
988, tlzhu3mxyr1uSMKBsDv3, 1970-01-04 09:12:15, 1970-01-14 15:25:47
989, YGT5Wjj6enmEk6jZXpXY, 1970-01-13 15:08:59, 1970-01-15 08:04:04
990, qBNKmQnqOJqhOVkPQCbt, 1970-01-11 06:23:59, 1970-01-14 06:47:27
991, NwmEIsd0UXMR1LMAmumb, 1970-01-04 18:57:43, 1970-01-14 10:56:54
992, tEvmvnPIcK0Sb7ASTT0P, 1970-01-17 17:57:17, 1970-01-18 01:24:10
993, MPf5iXk8Nx2xnxQ0ETOC, 1970-01-02 21:15:58, 1970-01-06 23:13:27
994, ewr83ka8qshKI97FLm5k, 1970-01-12 19:26:51, 1970-01-16 15:44:50
995, HKdB01VMRSZ6JMKdL8QV, 1970-01-05 09:31:31, 1970-01-11 21:29:46
996, io9eP4TUH9kYlfHS2NHB, 1970-01-10 01:58:32, 1970-01-11 16:19:20
997, YR3hHjgZlQzPldXOW4Fv, 1970-01-06 22:51:10, 1970-01-10 03:05:01
998, 8lSaWJ2k0KSOIOJxIAkF, 1970-01-11 07:03:09, 1970-01-17 12:42:49
999, Jw4R5J4dA5nsWjIgBAyx, 1970-01-06 04:12:52, 1970-01-17 22:43:06
1000, S8eZ8wUDeyuKEQ4tzg6W, 1970-01-16 00:59:50, 1970-01-17 17:29:22
1001, oQXD4BztRNhNpLao6bsO, 1970-01-13 20:29:01, 1970-01-14 19:16:28
1002, IZCFXeTqDaUKYYV6Edor, 1970-01-10 08:41:09, 1970-01-11 12:29:48
1003, VMwDPCCxS1rLbSQo6vMi, 1970-01-13 06:21:24, 1970-01-18 06:06:09
1004, QI0WjFOoDJI6xazUiX05, 1970-01-04 01:04:06, 1970-01-05 09:31:45
1005, j7PCdjOgiuZ3GsrSPhCW, 1970-01-12 20:28:48, 1970-01-14 02:18:49
1006, WzuCA0WQtdIF3gqUh2SL, 1970-01-16 19:30:12, 1970-01-17 11:17:40
1007, 05ZHJICrlvzFxoTb5rDt, 1970-01-07 04:58:20, 1970-01-10 14:54:41
1008, NSyZBOrcIq7vGO1nKjGl, 1970-01-10 00:27:36, 1970-01-13 18:25:30
1009, 1EB0mzkI9Hpd1JOp6sHS, 1970-01-12 09:46:15, 1970-01-12 14:34:56
1010, ZTc7yMhICVlgFPokKeJw, 1970-01-14 09:27:05, 1970-01-18 06:33:25
1011, QNdbXNJK3Y3CrZcdSqHK, 1970-01-11 07:14:08, 1970-01-13 19:45:29
1012, vZEMXhm6bhjwJq3XsS7z, 1970-01-14 11:40:53, 1970-01-14 22:57:07
1013, L6eHBvswcw3HXp9yjkvU, 1970-01-15 16:01:15, 1970-01-17 14:33:56
1014, ybEN0yIZfUZ1lYPuNcFu, 1970-01-07 16:29:26, 1970-01-12 17:51:29
1015, WD8NMmJncdcj6cQzmHA5, 1970-01-07 23:53:14, 1970-01-15 17:19:19
1016, YWxU3gLZhqpbuVC4bGha, 1970-01-05 05:49:00, 1970-01-05 14:32:28
1017, lVcNiFLnnOXPogJ7TPxX, 1970-01-06 19:21:38, 1970-01-09 13:19:33
1018, LJxfN7Zssjc8mDgHrAcl, 1970-01-18 00:29:22, 1970-01-18 02:36:29
1019, Dtwr7I6QN1TNl87Qd08f, 1970-01-04 13:55:03, 1970-01-15 12:02:52
1020, L52lo3llzHUgRPQhOQEP, 1970-01-11 14:12:52, 1970-01-18 00:13:43
1021, vdn9ggTkhQQFHcmVmcgW, 1970-01-14 02:25:20, 1970-01-15 07:48:28
1022, HoGhylTy3NORSEOKyp7h, 1970-01-09 02:20:42, 1970-01-11 15:44:30
1023, ZogBxMTkFqa4xopVM63N, 1970-01-08 09:18:41, 1970-01-12 06:32:13
1024, 6EDnAW5nkGvkaGYElr2x, 1970-01-16 02:50:20, 1970-01-17 11:31:29
1025, yXMFHN4hWZNiZJmsJBdi, 1970-01-06 00:55:51, 1970-01-15 02:55:06
1026, q2lDphEHy8Hodx3snIB0, 1970-01-09 11:36:59, 1970-01-15 11:15:32
1027, 1iHM92oHCNeGR5v55EpB, 1970-01-10 16:21:44, 1970-01-14 09:04:26
1028, g316GjYTaZMC6U0C3WJr, 1970-01-10 02:11:28, 1970-01-16 20:02:16
1029, aEQU7QBEkuI4ptZtB0cG, 1970-01-14 16:59:52, 1970-01-14 20:07:32
1030, 2lyiPYdYEh4OXeu4JUYS, 1970-01-12 17:15:16, 1970-01-15 10:40:54
1031, WJOYllf88RP778fDw2uZ, 1970-01-12 01:43:14, 1970-01-13 05:19:07
1032, u7tJu2PWHl7Ec4rEIgV3, 1970-01-02 11:58:41, 1970-01-10 16:33:25
1033, 0sk9S2YyfkQBi8sxdO9D, 1970-01-15 23:46:15, 1970-01-17 04:08:24
1034, 7qNhKbIc6J3kfqRdOvNv, 1970-01-03 23:11:42, 1970-01-16 04:15:34
1035, VIZgIxWH0v5WRQ8LZl8L, 1970-01-04 03:58:04, 1970-01-13 03:22:27
1036, 6ta72JRZnj6tlrTukMYq, 1970-01-16 00:52:46, 1970-01-17 21:57:07
1037, 955UZQ23U1niJbB49OMF, 1970-01-08 03:43:57, 1970-01-12 17:41:40
1038, dF9DNdxKw29rozOM6XJf, 1970-01-15 11:52:28, 1970-01-15 15:49:18
1039, SpBZM3SbCFxSkbtuuDHh, 1970-01-08 02:32:24, 1970-01-14 14:38:01
1040, 6tJyKMd2eP97LXvxBLUe, 1970-01-17 04:51:23, 1970-01-18 03:22:01
1041, SbYmJe1UcgFZPsuXxxwY, 1970-01-14 03:57:08, 1970-01-17 10:49:00
1042, hD0ZHSCQ5WXmv1dg5Kxg, 1970-01-11 10:20:58, 1970-01-12 07:22:30
1043, Sm4T2uKKZQBAg7xSV0ME, 1970-01-11 14:51:44, 1970-01-17 00:00:00
1044, g2DkK5iIYXoj0KlFP20s, 1970-01-12 13:51:47, 1970-01-16 15:04:43
1045, IwmJd5YElpfN7W9g6LBJ, 1970-01-16 21:35:16, 1970-01-17 12:10:07
1046, 6DCigaATn3TnekElYnht, 1970-01-02 19:31:10, 1970-01-10 08:51:16
1047, 2tQ5ctH9NbDKydEQaVq6, 1970-01-12 00:47:54, 1970-01-14 23:42:11
1048, 0xes4czhpykJg6U9HV3Z, 1970-01-17 04:25:01, 1970-01-17 07:26:02
1049, 2b9SxtjlHOkhGEvYs3qI, 1970-01-05 07:12:51, 1970-01-09 16:21:45
1050, hUB9hKPHsZ0kREvy4Wih, 1970-01-07 08:37:39, 1970-01-10 01:44:56
1051, uQm3A8XPaA9hbyG8D8Ld, 1970-01-05 14:37:53, 1970-01-13 22:56:41
1052, igXYGahtmljf36bFguRo, 1970-01-17 19:22:55, 1970-01-18 04:23:15
1053, kx1NYJEvNTOr6Wb2496C, 1970-01-17 12:08:37, 1970-01-18 04:38:13
1054, GcdgWVJ15NdRzs1Gbs3t, 1970-01-09 09:19:20, 1970-01-15 17:01:22
1055, rhBfcM4Huv7lG2ASd8g9, 1970-01-03 02:33:23, 1970-01-03 10:28:38
1056, o8TqP2GDYJiymYbRLW38, 1970-01-10 10:17:36, 1970-01-11 03:28:46
1057, WZzriSShYLcH3mdK4xfW, 1970-01-02 07:52:25, 1970-01-15 07:25:47
1058, AWPV5PtYdnoZo9wGd9rF, 1970-01-10 19:29:27, 1970-01-17 09:55:13
1059, pNUpOd0DjvAUIAKq3Dz0, 1970-01-06 14:32:42, 1970-01-07 15:12:24
1060, Zpdd6fnC48cAcBlETZZO, 1970-01-04 06:51:18, 1970-01-12 15:21:57
1061, Ldl111Z27qAksciZbDon, 1970-01-14 22:21:17, 1970-01-17 08:12:15
1062, CrErGjxkcGH9p3yCR3Et, 1970-01-05 09:16:13, 1970-01-09 14:59:18
1063, ZTXrxOC1VeOMIrFzRPrR, 1970-01-03 15:32:09, 1970-01-10 12:10:40
1064, 5jb1QbSIXvmbwtQV8oI1, 1970-01-10 00:20:26, 1970-01-14 20:55:27
1065, 2AaVfTL3MmzOsXJObEOs, 1970-01-11 19:17:19, 1970-01-12 04:03:23
1066, 5L71VFPnOHfe3gOVDsr8, 1970-01-16 00:03:35, 1970-01-16 04:32:09
1067, rU75gCFLY7hCwgih0MqZ, 1970-01-04 00:35:46, 1970-01-13 12:53:23
1068, vTzxIT5FuEY9cVYJ7eWd, 1970-01-07 11:22:06, 1970-01-14 23:47:05
1069, M97ezS9WH6hwf3wn4jRP, 1970-01-14 19:24:54, 1970-01-17 23:24:44
1070, LbrfPy3WrFzsCtC9AhLS, 1970-01-17 11:04:47, 1970-01-17 15:03:22
1071, Ph51nfbhWiLXKmlY52NT, 1970-01-10 07:44:08, 1970-01-13 22:12:56
1072, SZq8iqrhyveVMhlhOjkH, 1970-01-04 18:04:19, 1970-01-05 05:33:21
1073, iB7q6wzn2UPiGCCQAFfz, 1970-01-06 16:07:35, 1970-01-14 15:06:32
1074, Uwi52xl5Q2E1AORubYrd, 1970-01-15 11:49:10, 1970-01-15 19:09:11
1075, 0fwizuDMNDxjXACgDa5p, 1970-01-03 23:58:43, 1970-01-15 04:39:33
1076, LQBmFu2WFwrHyAQMW2xl, 1970-01-15 17:47:47, 1970-01-16 09:00:23
1077, GKsgTTJfvOcjj6wgmjUI, 1970-01-07 19:27:22, 1970-01-15 01:11:59
1078, nqmzcxiEIuamnuwaPJpH, 1970-01-12 19:43:17, 1970-01-13 10:25:48
1079, fby1KfQupvQnP1UH0WxI, 1970-01-10 12:04:26, 1970-01-13 21:04:07
1080, Fkm6c18XxD9H4QO3WYxz, 1970-01-09 02:30:55, 1970-01-09 16:11:56
1081, 0ij2CwQyzCzcfyk6DUfI, 1970-01-09 04:34:25, 1970-01-13 23:44:27
1082, v2CBRX2RXLRymPjyCobn, 1970-01-12 09:15:34, 1970-01-18 03:38:26
1083, ymz0vzFr47xQ3KgdaNFu, 1970-01-05 07:09:50, 1970-01-18 05:45:10
1084, SvvX9sIi6PtCiAAoTATy, 1970-01-13 07:44:36, 1970-01-17 08:00:11
1085, LZrrWegdAaKRn2Lp5g4e, 1970-01-08 19:29:39, 1970-01-11 02:30:25
1086, pudpr0MUm72TRGkMak15, 1970-01-14 12:58:04, 1970-01-14 17:53:06
1087, piKWtgUdounioH6kXrB4, 1970-01-08 07:31:53, 1970-01-08 23:57:05
1088, V918R5bcxGHtIjaOQvGl, 1970-01-07 09:04:01, 1970-01-10 10:56:57
1089, YQLytmnh7o2f5oQzlAsT, 1970-01-04 02:56:57, 1970-01-05 12:15:26
1090, mZcVXhp2BcFoqaVFVsAW, 1970-01-10 00:37:45, 1970-01-16 17:39:34
1091, Um87o8k7s4D7HqfCBpi1, 1970-01-17 12:39:40, 1970-01-18 01:40:03
1092, p6i3LO2edZFad5YzkE85, 1970-01-16 12:58:12, 1970-01-17 11:37:20
1093, FLARTGa6TqEP4pl4DCt0, 1970-01-07 21:07:49, 1970-01-13 09:54:31
1094, y2Gxe2GpVM320hzogoC8, 1970-01-04 10:55:14, 1970-01-05 09:24:54
1095, pbEb49joBc668tu4Mxxy, 1970-01-14 05:07:09, 1970-01-17 01:56:39
1096, F1EDNwAahJZo2JWpgwFT, 1970-01-15 11:51:47, 1970-01-17 23:52:48
1097, s9iXYn7yzXK92h2L3xSy, 1970-01-15 12:28:57, 1970-01-15 18:08:01
1098, LdJKVOcz82dJ5exypWyR, 1970-01-04 04:37:37, 1970-01-07 00:39:42
1099, BRBJKXRDZQdnI1umXaqK, 1970-01-04 03:00:12, 1970-01-07 19:20:26
1100, CsvLq9rneZkklBtWYOaE, 1970-01-11 15:07:23, 1970-01-18 04:45:20
1101, AVOU5cn5JzEpEQnbYy0A, 1970-01-16 21:10:33, 1970-01-17 10:30:35
1102, USrtk0y0ulwWizpVKJGg, 1970-01-13 16:19:03, 1970-01-16 05:21:04
1103, UFgTFjz28ewR1pmRVpyn, 1970-01-02 16:14:54, 1970-01-04 04:45:04
1104, UAxkADsc5s9lnSUEcAFE, 1970-01-10 03:19:01, 1970-01-17 19:29:41
1105, zyEzrN1fGgrkCUI8UC1j, 1970-01-12 21:06:25, 1970-01-13 22:06:05
1106, gBeVMrs2r3v9aoRYjO1j, 1970-01-10 11:21:54, 1970-01-16 01:58:27
1107, tZAXfuP2kTVG34Wn6uRH, 1970-01-11 07:05:47, 1970-01-15 05:47:21
1108, css2WOLquMg9Sj01cUf4, 1970-01-09 00:55:29, 1970-01-13 22:29:25
1109, oqjnIdUj73y29Q2OJYfd, 1970-01-16 19:20:24, 1970-01-17 11:19:59
1110, XooHnCU1rm08MYBCAlBx, 1970-01-09 16:26:21, 1970-01-17 20:56:03
1111, cWdsUgbPRJDY7wipZKaq, 1970-01-11 03:43:16, 1970-01-18 04:33:15
1112, nsCR2iyHzptI8DuZ4tqB, 1970-01-14 10:31:24, 1970-01-14 20:19:54
1113, D8nfy7Kac5EmUGBQGd8H, 1970-01-14 09:46:58, 1970-01-15 06:34:35
1114, R0jW1wQ4nQzhgSTrbmNn, 1970-01-04 15:07:48, 1970-01-06 17:35:52
1115, zVnCAKtlqlXq8oc3hQSj, 1970-01-07 20:49:08, 1970-01-09 05:48:32
1116, PaZN80ehnBJU2THWa4Oe, 1970-01-12 14:08:00, 1970-01-15 17:39:53
1117, Jk2iyB0jpEBPaUjAuaET, 1970-01-16 05:39:39, 1970-01-17 22:21:25
1118, SOB8zbp5jYKuQjSvYfnE, 1970-01-04 03:31:14, 1970-01-06 09:42:31
1119, gtEuu2daKCDAWeZ73hBi, 1970-01-04 20:06:46, 1970-01-11 17:58:40
1120, ekU3VxPuikcCoDlsdtMx, 1970-01-05 21:36:17, 1970-01-16 22:41:14
1121, V6rjtWdHm4iiDYCTjwC2, 1970-01-04 18:10:59, 1970-01-11 07:26:40
1122, CrNCjEJMAPiS3KvwfDvr, 1970-01-13 05:55:44, 1970-01-17 01:45:56
1123, T9Hn5N5Tkw419jtv9YKq, 1970-01-15 07:37:56, 1970-01-18 02:42:43
1124, vx4zCZPpAjw4JkgjnRAs, 1970-01-08 11:39:31, 1970-01-09 06:02:31
1125, 6GAFLVy5IUyPgZ1L2l12, 1970-01-02 09:14:27, 1970-01-12 02:15:09
1126, OiR9g8ht1eZtRlgfszMv, 1970-01-10 13:41:20, 1970-01-11 02:59:41
1127, 1DXr0VmvUvI5CnO1rGlH, 1970-01-15 12:06:07, 1970-01-17 19:46:33
1128, pY7RbiBWAP6gSrcchNrd, 1970-01-05 09:31:47, 1970-01-14 08:20:04
1129, 7eZ89EB5wxf4KARxELjp, 1970-01-11 22:00:20, 1970-01-13 03:34:02
1130, WxsvBcyixUtbIrmsjOVa, 1970-01-03 01:36:47, 1970-01-14 15:44:42
1131, Lv4X7YZSVWaaPEDyqWEU, 1970-01-13 07:14:54, 1970-01-14 20:13:37
1132, 0UJzasAnizD6TnhM3CwN, 1970-01-15 05:44:47, 1970-01-17 03:05:20
1133, xE7d86vNR5InC1q9Y35J, 1970-01-11 22:47:28, 1970-01-17 07:03:53
1134, fhuqkWV2s314ZnqxP2lo, 1970-01-17 10:26:28, 1970-01-17 23:41:54
1135, w3vNgNHwvSnULbLKPH78, 1970-01-16 09:06:51, 1970-01-17 07:21:14
1136, JGq6FbrSwwO3JT0TQboO, 1970-01-10 22:29:32, 1970-01-11 01:32:07
1137, hz7EAIzMUmI3C85ymTlL, 1970-01-17 18:40:03, 1970-01-17 23:02:26
1138, dyqAv0UZKZXsdGUBmVH0, 1970-01-03 05:44:46, 1970-01-03 21:49:29
1139, 4VJyJdRS73E9c3yNtL2f, 1970-01-15 17:43:48, 1970-01-17 14:13:10
1140, wmU44JtaOBHeP17GHV9L, 1970-01-09 16:00:46, 1970-01-09 18:01:57
1141, tPp492oKV3BW4bGuFrvn, 1970-01-07 18:56:43, 1970-01-16 10:49:32
1142, 7jqno9fT38h0yBj2rfEy, 1970-01-11 13:42:33, 1970-01-14 05:41:41
1143, 8G4eK2rxNjsG08ZyEyL7, 1970-01-12 16:14:29, 1970-01-16 11:46:48
1144, JuXum51JMqmmhuVAxRxG, 1970-01-06 15:24:38, 1970-01-09 19:41:42
1145, QN5JQw2jMXZJFfrqSRm9, 1970-01-13 18:34:13, 1970-01-16 08:53:20
1146, HOmiL0wlfia9b6BLK8UD, 1970-01-06 16:52:41, 1970-01-13 00:57:41
1147, SnUQUbQqmVd3RIiZgpRU, 1970-01-13 20:12:08, 1970-01-16 10:42:51
1148, xjUKG8bnAQ1RiCiz6jhz, 1970-01-10 13:12:38, 1970-01-16 11:23:04
1149, eEkKvIMVFN4EwFPW3DvY, 1970-01-06 13:26:41, 1970-01-08 20:11:49
1150, 4pXn4gqIYvHoWrc1gLcq, 1970-01-16 01:49:52, 1970-01-17 22:41:01
1151, Hpmhb4WmsPV1r0OzaXwh, 1970-01-15 14:09:51, 1970-01-17 14:03:03
1152, mk9D3kJXpYWrv6PGnUzA, 1970-01-13 04:55:48, 1970-01-17 06:58:03
1153, CzIhABujazEUNfx0OpYK, 1970-01-15 03:47:44, 1970-01-16 23:45:04
1154, ZwmbPPSxSFsOr3dXOMDQ, 1970-01-15 08:41:28, 1970-01-17 17:29:43
1155, GPHFO67lCXajiuutvSZ5, 1970-01-11 16:20:21, 1970-01-12 15:55:56
1156, MeJbqXgtWqL08xmBaGqy, 1970-01-18 02:31:49, 1970-01-18 05:32:49
1157, vm5m4VT7JOOkgMkhb7vA, 1970-01-06 15:47:03, 1970-01-10 02:38:58
1158, NI1jAao7wVFjaZdnXucK, 1970-01-18 01:22:06, 1970-01-18 06:07:52
1159, uF6W8Ny8p7FlUMtxmOL9, 1970-01-08 18:01:56, 1970-01-09 13:31:22
1160, EwqAQMzFuh7sX3nxuDpO, 1970-01-04 10:01:45, 1970-01-08 01:53:29
1161, sNdHWXtcMM1czKyWJsqZ, 1970-01-05 06:08:02, 1970-01-16 04:36:56
1162, DxsWaTazijsF0UbydlKU, 1970-01-04 02:07:54, 1970-01-14 00:38:12
1163, PD40fDFt51W1jM94wTST, 1970-01-13 23:48:04, 1970-01-17 12:36:01
1164, 1pQwZoLA6jQrp7Ztp73L, 1970-01-17 17:12:33, 1970-01-18 02:44:50
1165, l9MoRjWAnFCjhu5J3kO4, 1970-01-08 09:54:29, 1970-01-09 16:54:04
1166, i6omyD0PXGkISj31wGna, 1970-01-08 09:44:53, 1970-01-15 00:46:49
1167, nHjJyN6LwkunJc9cOjra, 1970-01-08 11:49:18, 1970-01-15 17:12:02
1168, ktQHHGKyfk4hVsv61Yvt, 1970-01-12 19:43:01, 1970-01-15 09:37:01
1169, 77hYPb7RvGRuiZKKhiwv, 1970-01-13 14:22:16, 1970-01-16 13:58:38
1170, AtKgIXGTwdcpkCauPEvc, 1970-01-13 15:34:31, 1970-01-14 07:44:19
1171, GOBufJqTUJT1bHUtEimf, 1970-01-14 18:06:49, 1970-01-15 16:06:39
1172, TGDQf2E5r42f9a2wqmsl, 1970-01-12 01:27:12, 1970-01-12 02:28:06
1173, Gi0H4S9lOHO5vBKT9wi9, 1970-01-06 03:18:39, 1970-01-10 05:38:36
1174, zh60KYwTih6kAhfS5ohw, 1970-01-11 23:48:41, 1970-01-15 22:37:49
1175, muNCawWblVkws9poL40H, 1970-01-07 14:38:04, 1970-01-14 07:27:51
1176, wV35AJfNmQXX0jICVGzw, 1970-01-04 01:19:24, 1970-01-06 13:50:42
1177, 12eZ6DvCqRlhybyhNObL, 1970-01-03 23:53:06, 1970-01-12 14:55:17
1178, ovdSLo4mjrzK7thrdK5t, 1970-01-15 13:51:47, 1970-01-16 15:10:41
1179, RrF53MsaYiX16PMM6Rkv, 1970-01-08 16:01:57, 1970-01-13 15:39:08
1180, SU05L90A42LgJYIG8sWe, 1970-01-07 19:19:03, 1970-01-14 06:07:26
1181, iExwPSUy2RIPg8bY19tH, 1970-01-05 04:33:51, 1970-01-06 12:37:46
1182, tC7zxw8ueDO7TUrL3LFB, 1970-01-02 15:09:20, 1970-01-09 06:10:30
1183, F4o19PPNIZttl3Sn1rUn, 1970-01-15 19:16:39, 1970-01-17 16:47:04
1184, vZSnlD4OLduugh521Qfq, 1970-01-16 20:18:54, 1970-01-16 23:41:32
1185, CHgrWFK701ryBR14Wsji, 1970-01-09 10:25:12, 1970-01-14 22:31:23
1186, oHU3fF3iC6Z2i1c94Fcn, 1970-01-07 08:07:54, 1970-01-08 17:54:37
1187, OgxVFylMvlTiYEbqhPSq, 1970-01-17 08:10:28, 1970-01-17 09:44:01
1188, RiGXhUB2yY1huoxRgFDG, 1970-01-05 21:24:14, 1970-01-08 22:27:40
1189, h4Z71A66UJpnrn8kXRBh, 1970-01-03 14:10:04, 1970-01-17 18:20:58
1190, gPcuTkvvL16bGyCwtc0o, 1970-01-18 03:58:45, 1970-01-18 07:52:14
1191, 0wSWbRzalaJJmTlLtEl1, 1970-01-04 09:52:41, 1970-01-16 07:46:38
1192, vJ8lDnapAkUPdBECvOwL, 1970-01-11 05:52:03, 1970-01-17 19:32:55
1193, CSHn3TtPcvwLE4aFzANq, 1970-01-13 21:31:38, 1970-01-18 00:49:29
1194, gEcH1hlGOoqa39MDJnxW, 1970-01-10 10:11:10, 1970-01-15 01:37:32
1195, kTART0VrFYP6oMVVvD8F, 1970-01-16 14:44:33, 1970-01-17 14:05:40
1196, kzA9Fp2xFoLtDLdITBsv, 1970-01-13 05:56:58, 1970-01-16 06:38:57
1197, sn7ZBZKOsAuVOQB16nrH, 1970-01-06 19:57:10, 1970-01-10 12:04:00
1198, Zyhf9wswm32o49Mm3gJw, 1970-01-14 15:10:21, 1970-01-17 16:14:33
1199, nA5nDTGYIfOmyNzafSDF, 1970-01-15 08:28:07, 1970-01-16 09:26:13
1200, 1l9EY2pU67FXSCqFXiYV, 1970-01-16 19:32:04, 1970-01-17 12:35:27
1201, ftmQCRo7m7hNZAl3l1el, 1970-01-15 10:06:58, 1970-01-17 03:37:16
1202, AKcLqQBrqnh4ppi7ujPi, 1970-01-15 10:47:00, 1970-01-17 11:53:02
1203, VsTlGRMB0SSltIwgF6sg, 1970-01-06 11:12:16, 1970-01-09 03:04:08
1204, csTB906SXA3TQxg5hovi, 1970-01-08 17:40:32, 1970-01-16 04:20:58
1205, QK37gbWS2zL9IQ9KSFM7, 1970-01-12 06:14:22, 1970-01-15 05:48:00
1206, lMGWH1iwBWbzquN4okpn, 1970-01-07 22:30:50, 1970-01-09 04:44:02
1207, cpimD5zf3v9dtLZ70Luv, 1970-01-14 16:37:03, 1970-01-18 03:55:57
1208, ZqnWxrPyUVFnwHPLeuEV, 1970-01-15 03:27:53, 1970-01-16 07:01:18
1209, sQ9Ahp8chztX2j04QvU1, 1970-01-15 21:29:45, 1970-01-17 02:24:45
1210, 7S08eFg47htxms12pTcb, 1970-01-06 17:03:47, 1970-01-11 15:43:53
1211, WGOiO8j8EAXwCHfPUfaY, 1970-01-14 18:54:48, 1970-01-16 07:38:23
1212, JJR5O18Zk1MYK3PB2DXH, 1970-01-14 05:23:12, 1970-01-14 18:41:51
1213, pJvUkObWzckOVoUAPBdp, 1970-01-15 00:11:29, 1970-01-17 02:57:35
1214, McgQNibf8T5234rk8hqU, 1970-01-17 22:27:39, 1970-01-18 03:48:47
1215, axtzKBFpq7bAgecdm1NI, 1970-01-04 06:54:00, 1970-01-12 20:41:14
1216, dBUEdLQRm9dDJ3BlSplB, 1970-01-11 03:37:30, 1970-01-17 12:06:43
1217, AiHT1UkdmdqSBWsgQrxe, 1970-01-13 10:56:10, 1970-01-14 13:35:03
1218, BahoVIhKE1XBjicxnQ4s, 1970-01-16 21:16:30, 1970-01-17 10:48:15
1219, zdKZ9u3dIlochLgHQsLJ, 1970-01-02 18:33:47, 1970-01-13 19:27:52
1220, ZPAh3gQ2NgZCIvkpoMPr, 1970-01-05 06:26:09, 1970-01-17 03:16:36
1221, 9paLaERq7ueBVGCtiBSD, 1970-01-06 13:24:23, 1970-01-14 04:37:01
1222, OTxpAOhIcPWatvXBJJZm, 1970-01-14 05:26:36, 1970-01-17 10:32:06
1223, L5VrWKGCUoxH9dkSwsTy, 1970-01-16 00:32:53, 1970-01-17 18:43:27
1224, AHgAw3il9BhLcWshpmXp, 1970-01-13 22:22:06, 1970-01-17 08:56:37
1225, 55kEaW8YnFeT0Ve91oMK, 1970-01-14 07:57:12, 1970-01-14 14:19:24
1226, DC5fznMs0KBwiizkSbXO, 1970-01-18 01:02:20, 1970-01-18 05:25:28
1227, LYW5Mj68ahepOTuLQ5J5, 1970-01-10 03:54:42, 1970-01-17 17:08:54
1228, HY1XcAjIwAuhlv9tqoeR, 1970-01-16 09:19:33, 1970-01-18 06:35:27
1229, tsNqrCgJW8kZxkdsSZPj, 1970-01-09 21:30:50, 1970-01-16 14:11:11
1230, CFTDnWHVCZoDUQk2Ntkx, 1970-01-06 18:50:40, 1970-01-17 19:14:29
1231, AycTZ6Hk7XNQ4EuRTaNm, 1970-01-08 17:52:24, 1970-01-14 03:37:08
1232, GRbU3hLKT1N7iqsXiffw, 1970-01-04 01:54:30, 1970-01-04 17:47:26
1233, Nx9HeBjB9AbIOv9N3gtK, 1970-01-11 15:24:36, 1970-01-16 08:51:43
1234, NOBWhN5oInI0qrbOriiG, 1970-01-17 01:17:26, 1970-01-17 02:11:24
1235, zxOZJOjt0P0nCms1UZON, 1970-01-12 08:15:08, 1970-01-17 06:30:40
1236, daaj2O3lzySk44OhvEvi, 1970-01-07 02:09:30, 1970-01-08 03:59:37
1237, tqUONyVmmLVAN10euLO5, 1970-01-17 12:29:26, 1970-01-17 12:39:14
1238, 6egrhxk361NdZrIRqEoo, 1970-01-08 11:54:15, 1970-01-09 15:05:49
1239, fH3KrkRUJhw9OcBAx0Ep, 1970-01-02 19:47:33, 1970-01-08 00:21:27
1240, wwFlLyXlAfSIL3wVlLYm, 1970-01-14 17:11:13, 1970-01-14 18:01:13
1241, GnjgwoiQxkr0CLCklIHP, 1970-01-03 21:11:30, 1970-01-05 18:21:17
1242, ALNCiZZfTprWraKtLRUE, 1970-01-17 19:30:58, 1970-01-17 21:24:23
1243, ZbTMMRUwSkKXBJhhsbyP, 1970-01-11 18:35:17, 1970-01-12 09:44:28
1244, g2APXQHVkmT0IUqLSgny, 1970-01-05 13:51:33, 1970-01-17 18:55:54
1245, gPjpPiPEFXK1PnCkDgyn, 1970-01-12 10:22:55, 1970-01-12 19:32:49
1246, AZz7WkgaIIYOA1hcrdZa, 1970-01-05 04:55:30, 1970-01-06 00:44:38
1247, 0Aq9ypb79g0o95xgGV4D, 1970-01-12 10:41:17, 1970-01-15 15:56:11
1248, wvbNx6RmKQG0rRlVSLet, 1970-01-11 20:52:13, 1970-01-17 20:25:14
1249, o6yeCE1UzLNLQAndofBX, 1970-01-05 05:12:11, 1970-01-06 05:25:00
1250, LP7pDn5BHHXLQTAddU86, 1970-01-06 04:07:09, 1970-01-06 21:20:57
1251, M9OxImnGNmpWRUntTkLh, 1970-01-09 21:24:37, 1970-01-12 17:51:50
1252, kSSS1OmUA3A7VyDIEWDW, 1970-01-13 04:15:47, 1970-01-15 17:41:04
1253, skm9JW5sMqIcjj4Mny4a, 1970-01-11 02:39:53, 1970-01-12 05:04:17
1254, tqDShoKEjFnxLoqLUFs3, 1970-01-05 22:09:55, 1970-01-06 23:21:46
1255, oEGAsUuJgt0nnioo85nX, 1970-01-11 23:49:44, 1970-01-18 03:08:22
1256, 28I14TOYKqSCE4Q2KvC3, 1970-01-07 01:51:31, 1970-01-13 13:22:24
1257, uyvh2apk6isCcWgRSGTZ, 1970-01-04 18:37:21, 1970-01-11 03:52:07
1258, Lecv3HtJzk8P6jUVxHQx, 1970-01-05 04:06:58, 1970-01-08 03:08:47
1259, jwNFUgssLnEPrKC8xgHS, 1970-01-04 12:36:19, 1970-01-14 06:39:19
1260, LXq4eBulYaXPwjo6NJfF, 1970-01-16 19:22:40, 1970-01-17 01:11:38
1261, CjudMjmcQKNdExWAE4Rf, 1970-01-09 19:10:23, 1970-01-13 13:34:40
1262, e4nsxYqBC3vOGCyAmtLC, 1970-01-06 23:01:21, 1970-01-11 19:04:52
1263, zNqNKb4qaxpeZpEnHzW0, 1970-01-12 08:17:37, 1970-01-16 18:38:24
1264, wtr9GJCK3Goy3Vct8TTk, 1970-01-07 09:32:26, 1970-01-08 13:23:28
1265, C6Vnv9XLA1mtRy5rHJcV, 1970-01-08 10:57:26, 1970-01-08 12:38:06
1266, mANFnMZRT0Nizvnuyq92, 1970-01-16 19:18:36, 1970-01-18 06:44:33
1267, F68TpT1bW4aCapSW2tY0, 1970-01-13 08:38:38, 1970-01-15 22:50:30
1268, YDGzRalKlKF3ufSasIat, 1970-01-12 06:34:12, 1970-01-16 16:05:06
1269, ZYBAZxlN0cAW8OuS6fVB, 1970-01-05 20:52:08, 1970-01-16 22:51:42
1270, KOC84pXN8xFr41rFaHIl, 1970-01-10 16:56:07, 1970-01-14 23:00:02
1271, X90Qv6COmDUowOvoe39y, 1970-01-02 23:58:55, 1970-01-18 01:09:00
1272, dfCLN8s7tU7isVDr85Iy, 1970-01-04 09:22:32, 1970-01-15 12:46:36
1273, N5GhB1uFp6ni2HTyerKP, 1970-01-08 03:08:10, 1970-01-12 12:13:41
1274, P7F5xqn6HuAjDvkhVUg7, 1970-01-17 10:14:08, 1970-01-18 02:22:00
1275, 5Wq31pa2RGZp6C0QUwrW, 1970-01-14 00:37:30, 1970-01-15 20:27:53
1276, EzUsywT4Rmmvb3yi36Tt, 1970-01-05 11:04:56, 1970-01-12 17:05:56
1277, SgfCtEFON7i5rCG4FEUg, 1970-01-09 08:43:06, 1970-01-12 00:23:34
1278, eQQhqFcJ5VRXOe9ZsNTT, 1970-01-06 07:36:08, 1970-01-16 09:14:35
1279, 1OJs0cXMz2f23u1LITxM, 1970-01-05 11:03:23, 1970-01-11 23:09:18
1280, JwUOuPiLXveLKIE60VOe, 1970-01-10 15:42:42, 1970-01-10 16:11:30
1281, FbfYvoR8olUE4VPtoEps, 1970-01-12 16:59:59, 1970-01-15 12:59:49
1282, P0g6JmFBtx3pwFX0XWTa, 1970-01-06 09:10:04, 1970-01-10 08:56:18
1283, 8q1Vu27Ebe4GLtZlA8bb, 1970-01-08 14:22:02, 1970-01-16 23:24:45
1284, Qcyg6PfoIAcW4C5iEF8S, 1970-01-02 07:18:57, 1970-01-09 05:22:45
1285, mreCcr2FnVjXNrjvYvSi, 1970-01-14 11:17:39, 1970-01-18 06:59:01
1286, 2OIoJE7JKMLiSIcZ3EzY, 1970-01-05 08:52:47, 1970-01-14 03:33:46
1287, P9ELbo9Ax8S0LVmjwuAX, 1970-01-03 07:14:56, 1970-01-11 19:21:53
1288, V9X9PhtzBATpLVUHRhGm, 1970-01-13 11:49:35, 1970-01-14 13:10:10
1289, sSfyn49PRoxFwtDrobkZ, 1970-01-03 17:52:35, 1970-01-14 04:46:48
1290, xmdKZfjEADxvfqnBb5cv, 1970-01-04 17:21:49, 1970-01-13 19:54:27
1291, cAswhGjqmSUpyj2mrcH7, 1970-01-02 16:10:37, 1970-01-06 15:29:55
1292, rOUwZjNa2dzeZLHbB3nC, 1970-01-11 09:46:51, 1970-01-16 22:33:14
1293, L6IA4LQvLfW6qvYqJpeG, 1970-01-17 11:10:08, 1970-01-18 07:24:49
1294, F50WdLdIYhoI5LhVtYuS, 1970-01-12 20:15:14, 1970-01-17 00:53:18
1295, EZz6c25eQ9ZiauavHeGH, 1970-01-04 00:04:27, 1970-01-16 10:06:48
1296, Lf91DHTo5py0RfCcgBoG, 1970-01-08 02:23:17, 1970-01-13 06:03:29
1297, snQnsjkMo7AEq7gR4mbT, 1970-01-15 02:10:17, 1970-01-15 22:03:07
1298, AxAuE8BShEUgbc5F3JfF, 1970-01-10 01:54:53, 1970-01-16 19:05:02
1299, 9GfUUU0SNZL10n0bD2yg, 1970-01-14 00:39:45, 1970-01-15 00:47:13
1300, BHTXmJdS6Y6IT0gGJMcQ, 1970-01-14 12:37:29, 1970-01-15 05:02:35
1301, ILvOUOBJGejMI5GMXJm6, 1970-01-17 09:26:53, 1970-01-17 16:59:47
1302, clOTdFIUYlPJnlLVqDKm, 1970-01-15 13:05:27, 1970-01-17 23:38:12
1303, Dii1tsc5MRk5e4dWhenl, 1970-01-09 09:16:57, 1970-01-18 04:28:41
1304, KfwuQAVNyq2Yi0Xmky84, 1970-01-06 01:30:55, 1970-01-18 04:59:47
1305, RgCcRhYVy0hHsHzGHMM8, 1970-01-02 10:29:04, 1970-01-10 08:05:51
1306, H4sqEaui02vHx8Rl8xtY, 1970-01-06 20:25:32, 1970-01-08 00:48:04
1307, pxxbyCD0cjPe1SV6rbUR, 1970-01-08 06:49:05, 1970-01-17 07:25:10
1308, qCZ747HGzygbgaLbSZMh, 1970-01-09 10:39:37, 1970-01-11 05:16:12
1309, nWYNiEx70dqp0QCD8k8e, 1970-01-06 23:42:39, 1970-01-08 18:10:02
1310, lcrhTmcGZKcmknY8QR8k, 1970-01-07 11:30:07, 1970-01-17 07:05:40
1311, UKdBUXTL2pdhZMDtE5tC, 1970-01-11 23:03:06, 1970-01-16 06:00:32
1312, s85zAot8PgkkMIcQ303y, 1970-01-03 07:53:22, 1970-01-10 02:21:25
1313, Ki4kk4qE63dqw14wWDJZ, 1970-01-05 19:27:29, 1970-01-08 16:50:46
1314, 49hzgJvrKSX0S5bcymIH, 1970-01-12 01:15:02, 1970-01-18 02:10:44
1315, xZGdrIYegOrFAKV2YYvt, 1970-01-07 01:09:50, 1970-01-15 17:18:35
1316, yD2K3dQITkRc6Q4TCqMy, 1970-01-03 03:52:54, 1970-01-17 20:21:33
1317, YbSRPGIABbU5yRmnqshw, 1970-01-16 21:41:24, 1970-01-18 07:26:55
1318, NHa5FLTXHTbcJut7Hl5T, 1970-01-03 14:59:00, 1970-01-14 04:08:18
1319, FM3YcA7O8U3UIVGaKht0, 1970-01-12 01:19:30, 1970-01-16 05:30:16
1320, 6LdGy3PZgpINgaulQ9ax, 1970-01-05 23:04:46, 1970-01-10 05:31:49
1321, 08cGFtzz6JZvfU1IxtqW, 1970-01-03 01:34:50, 1970-01-11 05:56:25
1322, kLJZDmfxJVfwdLFtEh9r, 1970-01-06 20:01:05, 1970-01-12 19:07:40
1323, 3Iiz4dQJbbYwXbLdPmmP, 1970-01-09 04:07:31, 1970-01-18 05:15:20
1324, fvKV5jcb4z6tfZ7FNn3e, 1970-01-16 11:24:27, 1970-01-18 01:49:30
1325, aoFBlXg77DeugKjuOnuj, 1970-01-05 18:23:23, 1970-01-11 10:59:30
1326, W3xQmWRNCcV4GQZdGcDu, 1970-01-12 07:08:09, 1970-01-15 09:56:09
1327, GbzQ4sea7Rr1iz4EkvMp, 1970-01-17 11:20:24, 1970-01-17 22:38:00
1328, 4dOSzGfBfNMYsZvpABVX, 1970-01-05 08:15:22, 1970-01-12 11:53:19
1329, mfcqwg2ZGCrufOBvbEWa, 1970-01-15 10:34:22, 1970-01-16 17:48:22
1330, hbRrgcVOLT80eoUdNTqH, 1970-01-07 19:41:04, 1970-01-11 07:08:48
1331, 14XzAMAWCybpCZIMrrnO, 1970-01-17 22:28:58, 1970-01-17 23:30:41
1332, JTfh0a733wNeg7CJTH2x, 1970-01-08 06:36:25, 1970-01-14 19:19:24
1333, kED1vRj226vXYDyYJy7C, 1970-01-07 23:02:57, 1970-01-15 04:53:46
1334, vTqkjU2A0vMPRfl0AsxE, 1970-01-11 11:17:02, 1970-01-17 15:05:24
1335, u4zT7OYWhrjdSUdRrYiH, 1970-01-17 02:38:55, 1970-01-18 05:19:09
1336, nLof3bocRAmBg3ob3vlz, 1970-01-17 16:24:38, 1970-01-17 17:17:09
1337, KFR7oNPosOEn7eqyIRbh, 1970-01-08 04:36:56, 1970-01-17 21:08:16
1338, Qwgob6OyovuzcgZi36n8, 1970-01-02 20:38:12, 1970-01-03 17:03:52
1339, PDzJezWNgE25v9f0vLm1, 1970-01-07 05:11:53, 1970-01-09 14:47:54
1340, bZm40enuTq6nRlFuD07i, 1970-01-09 08:24:05, 1970-01-15 20:56:57
1341, 2JbSbQ0oK39Cr3vfwyVs, 1970-01-12 05:27:11, 1970-01-17 07:37:31
1342, 2OCZSnJnUJLVRqtEtnJA, 1970-01-10 05:00:13, 1970-01-14 22:07:57
1343, XOlJaLoMn3ktYdvOOsep, 1970-01-08 05:34:37, 1970-01-15 19:55:14
1344, cq0IVvP8mgGfGhZL7QGN, 1970-01-11 18:27:53, 1970-01-14 00:48:20
1345, PeEjgBU2wku0kDjYLo03, 1970-01-14 20:43:10, 1970-01-17 10:08:15
1346, ArqzllEbs9JfiRowvn6T, 1970-01-07 02:33:23, 1970-01-16 14:33:06
1347, YFCfnLGSLgRITHEPOk1h, 1970-01-08 18:47:44, 1970-01-17 01:19:12
1348, y5aaJPU6EfkOrZLziPyr, 1970-01-14 05:24:53, 1970-01-16 18:26:41
1349, kUM5o8G3rK8hQgAH3mg2, 1970-01-06 15:09:04, 1970-01-14 03:35:50
1350, 0kzVf2tbL7WOHq7iaImZ, 1970-01-11 05:27:22, 1970-01-12 02:47:24
1351, YAKqgoOV1MjM9aTgtHxh, 1970-01-06 20:13:57, 1970-01-14 10:41:05
1352, pseUK0PhDPXkzP0M9I3a, 1970-01-09 19:20:09, 1970-01-17 08:10:08
1353, emr8NU8LOodngm5rzPGK, 1970-01-10 16:24:25, 1970-01-15 18:56:13
1354, sFU9A7z8BjlixgXpCu39, 1970-01-11 09:27:44, 1970-01-13 19:42:25
1355, 20YksY12CO1GkDjM3Ccx, 1970-01-07 23:40:37, 1970-01-17 09:10:24
1356, gDBqfeQBhYROGPRx8yZE, 1970-01-14 22:17:09, 1970-01-15 04:41:22
1357, a6wMkbFybn4XFp6qjBh4, 1970-01-18 00:58:26, 1970-01-18 04:41:32
1358, rxRXFRsIp30zXORRlOlM, 1970-01-14 06:55:20, 1970-01-14 16:20:02
1359, SrhaPGc2CYw9UQzWpnyK, 1970-01-10 17:19:25, 1970-01-14 11:19:45
1360, r1vrA9BjI160LXegExgZ, 1970-01-16 03:20:12, 1970-01-17 22:24:17
1361, P7LQL1bPRQG3NBdlIERu, 1970-01-14 02:55:11, 1970-01-14 17:15:37
1362, kebdGX36cizwAlv0VNrh, 1970-01-10 06:55:50, 1970-01-15 16:06:32
1363, RlOS0vJ1GoMMxjJOYffa, 1970-01-16 15:43:58, 1970-01-17 06:52:06
1364, xqypWBpt4Gk1udpVNaO3, 1970-01-02 07:38:08, 1970-01-09 18:59:12
1365, 2UrZLVdt9hmXtsaL4IiR, 1970-01-08 20:46:54, 1970-01-15 12:39:55
1366, BlkFiWYIE1RY8AcGI04C, 1970-01-05 22:10:56, 1970-01-06 13:00:37
1367, 1vLKUCvbfmKHa1BTdAll, 1970-01-12 11:14:03, 1970-01-17 17:51:29
1368, X1mPRNcGmLSiW7hA4dUJ, 1970-01-15 17:00:32, 1970-01-15 18:57:56
1369, hhliiWG3dZYfN4kCkOVx, 1970-01-12 20:56:19, 1970-01-17 04:00:33
1370, 5ALhx9xFiJ3Uwv3Vk4Y1, 1970-01-09 02:15:14, 1970-01-16 01:52:09
1371, 5OnYmTVEXwE5mxbMISm9, 1970-01-12 14:40:35, 1970-01-16 20:01:44
1372, hVo0gEpuFzeMh9vmGPIi, 1970-01-14 03:34:57, 1970-01-17 21:59:40
1373, YOEMDjweNspHWMuSWL8M, 1970-01-08 11:25:45, 1970-01-11 15:12:21
1374, kCZgmjVaQ93vuzPq4Qnf, 1970-01-08 12:27:41, 1970-01-16 06:56:54
1375, 8LsZaMzFKgOVgf9F30ex, 1970-01-09 12:03:25, 1970-01-14 13:42:42
1376, OCmK1mD9lOOzwcMiUF04, 1970-01-02 17:42:29, 1970-01-11 15:43:10
1377, ZexklUMdF7KYENAnrVpx, 1970-01-07 01:19:59, 1970-01-16 16:44:55
1378, zox5p4stuNfQKTriNExJ, 1970-01-11 10:39:02, 1970-01-12 04:59:40
1379, uneI1qn2XzzqmkLycg58, 1970-01-09 22:10:07, 1970-01-17 06:21:01
1380, PYv4yUHJpEb46wrvYHNH, 1970-01-03 18:48:22, 1970-01-13 19:21:50
1381, DEpUKbKdilCYJBQQcoA7, 1970-01-12 09:19:09, 1970-01-16 05:57:22
1382, fe12CotKMVHvRMmHYGA0, 1970-01-09 02:44:40, 1970-01-13 00:16:51
1383, gXZgHZf4wHHvpmeqQYbb, 1970-01-02 15:11:39, 1970-01-14 08:25:27
1384, ndzLE7Lq5DEovvfgYqub, 1970-01-11 22:35:21, 1970-01-15 00:32:51
1385, mQ4wnHYA9AdcsPa2ogRX, 1970-01-03 08:38:16, 1970-01-17 02:15:24
1386, Q5CuCqJBjU0FZ7WhIWoU, 1970-01-13 04:23:49, 1970-01-16 09:07:42
1387, nmvViuw3AwmgNqTlZY4Y, 1970-01-09 16:23:16, 1970-01-11 02:34:38
1388, aXGTJUa1hOe2zfh6GYIG, 1970-01-08 23:33:52, 1970-01-16 23:27:29
1389, EL8lEdDRDWuMW8jJ5IGn, 1970-01-12 12:20:55, 1970-01-13 21:01:53
1390, xX5ZK2TJboFoa7DhRMz1, 1970-01-15 17:01:33, 1970-01-16 23:17:24
1391, mE8h5Q5nnOQbMeH4GiNj, 1970-01-09 03:13:45, 1970-01-16 10:09:26
1392, z4SrfszjPgMxiUq5zsJd, 1970-01-07 21:06:51, 1970-01-15 22:32:09
1393, KJp8UHL90zydroJuEi7L, 1970-01-16 22:56:10, 1970-01-17 21:52:42
1394, 3lzDIciuEbxsqW5u72bk, 1970-01-09 21:14:20, 1970-01-11 16:34:59
1395, PJtbTthYZuhNoWLwsXbF, 1970-01-05 18:42:06, 1970-01-12 06:23:44
1396, bYpcDKmFUvHg0tgHzbgh, 1970-01-03 07:18:06, 1970-01-04 02:15:39
1397, HIzd8ENJ5kc5ro988KP8, 1970-01-04 08:27:06, 1970-01-10 22:24:37
1398, HJP3Md0bWq7HBpItRuUk, 1970-01-14 12:52:25, 1970-01-15 23:07:00
1399, uo1OgUrO5UxXYiGJnDUv, 1970-01-18 06:58:59, 1970-01-18 07:50:18
1400, 3WjPnxxUjoXpoNQJjXoV, 1970-01-17 07:35:07, 1970-01-17 10:29:43
1401, 5dC1VtrCXfJdYl6IThTL, 1970-01-06 13:30:36, 1970-01-10 05:37:24
1402, tN2hF67FQ8IeXRYVeX9v, 1970-01-16 20:49:42, 1970-01-17 06:10:42
1403, 7ZL0tlLsgRL5U7xUV9Qw, 1970-01-13 23:58:38, 1970-01-16 10:44:38
1404, 0h2oLF28n7cFfAtJUWz1, 1970-01-14 16:22:43, 1970-01-17 17:37:34
1405, 0tYlJXkumHffhsCsrnr9, 1970-01-16 20:47:23, 1970-01-17 21:18:08
1406, uEaoCBHT2iY60M5wb6jU, 1970-01-07 07:59:47, 1970-01-17 11:06:00
1407, mVEFEaFVQpmclrAKz55W, 1970-01-04 08:41:19, 1970-01-09 22:00:41
1408, jxl6bRuwt5C3pFIBnbLk, 1970-01-17 07:08:21, 1970-01-17 13:33:13
1409, Xk5cddQMg0y03645QJe8, 1970-01-10 09:49:15, 1970-01-16 08:17:34
1410, LEDkgsh6CGKAs4fZkTmu, 1970-01-05 17:17:10, 1970-01-14 02:35:05
1411, ROkSVJyhFF8zQdo77Aaz, 1970-01-17 23:17:20, 1970-01-18 04:33:11
1412, KEvsFOgVL8wONP03aWGl, 1970-01-14 10:53:50, 1970-01-15 05:08:27
1413, 2SqwtYThh7ZO4p5TvWjc, 1970-01-11 01:54:39, 1970-01-18 07:17:32
1414, scRcVp1MEGIZKCJnM3dj, 1970-01-17 13:25:54, 1970-01-17 13:59:10
1415, 8R8PXYD18duon6D77o2X, 1970-01-13 09:26:07, 1970-01-17 11:44:31
1416, 2vzGVlFE9pKuaNeXhvHE, 1970-01-14 13:42:16, 1970-01-15 02:22:51
1417, sT9akhf1YqvkHal1yQsz, 1970-01-08 07:55:14, 1970-01-17 10:37:18
1418, kLnTFpxa114cPsZI4IXr, 1970-01-05 10:19:53, 1970-01-06 15:09:28
1419, EkaapXIGxmPTcEaVVBTJ, 1970-01-08 06:12:15, 1970-01-14 05:37:26
1420, r0WV7J197HjPQRSqCo2O, 1970-01-06 12:51:25, 1970-01-17 17:10:12
1421, P3AGuBUFlCsJMvkdunbP, 1970-01-14 12:25:31, 1970-01-15 00:30:15
1422, EP1l6Lcke47zzngFWMj4, 1970-01-06 22:02:23, 1970-01-11 13:41:12
1423, ghbaAkO5XIZWm6WBYzh1, 1970-01-13 15:52:28, 1970-01-16 00:06:06
1424, gpk52r0dxPaLLa8YSjPj, 1970-01-15 16:53:04, 1970-01-17 17:00:38
1425, Ce11FW2QUOo5caqgHXtr, 1970-01-13 08:26:58, 1970-01-13 21:32:45
1426, rjlkuHrw3npOUvszzu38, 1970-01-14 07:20:14, 1970-01-17 23:56:27
1427, RmKyrZH6gxlfjD6N8WVt, 1970-01-07 06:09:40, 1970-01-18 00:38:59
1428, fJqdinMdUpXWUHhcBc7N, 1970-01-04 01:40:09, 1970-01-06 04:11:00
1429, jliD3alDMmQ19ImaFWxr, 1970-01-04 02:26:47, 1970-01-10 11:32:44
1430, K1JcCtqwXsNyIya5oVFn, 1970-01-03 00:10:24, 1970-01-06 16:23:33
1431, chbLmrUXTYFUYjCionq1, 1970-01-08 12:24:53, 1970-01-11 12:47:21
1432, WddAsxUD5CKn6hHelTUt, 1970-01-02 23:15:23, 1970-01-16 00:42:12
1433, vDyTBZD0Y83qZnWTGaSz, 1970-01-17 22:23:10, 1970-01-18 05:58:17
1434, Q9nhGJQywysFy5hatKFe, 1970-01-17 00:02:43, 1970-01-17 10:15:42
1435, JkQ82cm2XciPBQuVFF5R, 1970-01-07 13:29:04, 1970-01-13 16:09:05
1436, 6IGG7ANFVCbJU1TN2Vd3, 1970-01-06 06:00:50, 1970-01-15 09:26:05
1437, gaowu8cIOZZ3ZLREdFex, 1970-01-06 18:27:56, 1970-01-17 22:11:54
1438, DQHCgf6b9d12mAHT9ySj, 1970-01-05 08:30:34, 1970-01-15 19:49:21
1439, IbOQvz3arbHk6uy1IKvV, 1970-01-11 13:17:11, 1970-01-14 00:23:37
1440, 0evM0oMgndyFVSQrm8Cp, 1970-01-18 07:52:47, 1970-01-18 07:56:12
1441, jYZsAccXR3djsFMDrOZA, 1970-01-08 22:21:33, 1970-01-15 01:13:06
1442, zYPQcg0GuIgrFO6uYHfA, 1970-01-15 22:14:07, 1970-01-16 08:51:21
1443, qP4vzznzReP8HIsyBOss, 1970-01-16 17:47:00, 1970-01-17 10:58:56
1444, AhkByqXSjQBZoVY49x9a, 1970-01-17 18:45:03, 1970-01-18 03:56:56
1445, WIAEaFNV1ZMi6BshYqYy, 1970-01-16 15:37:22, 1970-01-16 20:27:02
1446, PFvikktQpFTlePvu02jU, 1970-01-13 20:01:03, 1970-01-15 10:44:51
1447, BSql23PfMQtO8OVNwM6r, 1970-01-05 16:19:08, 1970-01-12 15:32:49
1448, nnURUQt6eUTFAtht35yd, 1970-01-08 19:17:31, 1970-01-12 23:07:32
1449, vABoNeCZliHFfi6NJQ1I, 1970-01-12 09:42:22, 1970-01-17 19:48:11
1450, eNtQviVMS8IWTxVCGvgk, 1970-01-14 03:48:27, 1970-01-16 12:49:59
1451, 6JW3HDuuZAhE0eCikQxT, 1970-01-04 11:24:26, 1970-01-09 08:24:50
1452, 9LdjuiSIqOriLBvhPU4Z, 1970-01-12 23:54:01, 1970-01-17 12:25:31
1453, WAfEVvwimWeCiopl71zN, 1970-01-18 05:46:27, 1970-01-18 06:10:34
1454, lQ6CgjaVXrUxFZKfoJJr, 1970-01-03 19:48:54, 1970-01-10 03:19:37
1455, FFE2hQOBzCemm0RN6MlH, 1970-01-10 10:54:14, 1970-01-13 02:24:47
1456, IF6AQpY3c4C2KMW7V5k4, 1970-01-13 05:31:21, 1970-01-18 00:42:59
1457, fd8ULjFZTndFvTiUMajj, 1970-01-14 14:13:04, 1970-01-15 17:52:42
1458, UFyv8f82G4HIIIOt0m3W, 1970-01-12 10:57:20, 1970-01-16 06:29:13
1459, BOnZeh7mEKQJH30sjfY4, 1970-01-11 15:24:20, 1970-01-14 03:29:10
1460, qYnze3aDY3H04QmhtFz8, 1970-01-06 11:40:02, 1970-01-06 13:11:59
1461, LEe6d9tEtIXDXQv78q1H, 1970-01-04 04:56:33, 1970-01-10 22:57:34
1462, KiKXP0ST9aHKGeffYwcv, 1970-01-04 10:32:22, 1970-01-05 13:09:05
1463, 1Ty1rY2K4Mw9enc7sW0X, 1970-01-10 12:41:33, 1970-01-15 18:31:14
1464, LVINu45OPLvMrK95wkPo, 1970-01-04 07:54:39, 1970-01-14 21:45:24
1465, fS4R9tcyUeCVgqhYpoMe, 1970-01-11 20:39:13, 1970-01-15 21:06:26
1466, TnhlumUPxX6KnaZH9HiT, 1970-01-14 02:50:05, 1970-01-17 04:40:03
1467, TRcOo1ptSUxm2WChANkT, 1970-01-15 10:14:05, 1970-01-15 15:14:22
1468, CEFSFxKdrxfwv8OkSXLs, 1970-01-16 15:05:38, 1970-01-18 01:33:07
1469, 5gvI7JplSPWrP7Mcy8nB, 1970-01-07 11:45:59, 1970-01-13 06:16:16
1470, t0K0pduhB4DHLKroLSCm, 1970-01-09 15:36:08, 1970-01-17 22:08:42
1471, 7e5f1KfTHHTpu41Rqx2K, 1970-01-07 07:41:43, 1970-01-16 15:49:38
1472, lLqnrusgGK5WDc8MjlWb, 1970-01-14 07:27:53, 1970-01-17 19:34:47
1473, LqeTbXx1V0Mosa9MuuTp, 1970-01-12 00:39:31, 1970-01-13 03:07:58
1474, qOYyqzuzgfkMzL0FZDse, 1970-01-11 06:13:52, 1970-01-17 01:22:26
1475, B5OBc2ytDkWpRdAqBrrD, 1970-01-08 07:32:06, 1970-01-09 19:53:58
1476, cJipQiQhUe67omTIchLe, 1970-01-12 16:28:04, 1970-01-16 22:46:52
1477, X6CU2JSDAIW7OWB1yeB4, 1970-01-05 09:19:25, 1970-01-17 14:45:47
1478, vuAMAFdfaV09qW0XTwHj, 1970-01-17 08:36:42, 1970-01-17 13:52:56
1479, HdZSZS2sSK5eT4YcL0iC, 1970-01-13 15:05:27, 1970-01-14 12:18:06
1480, SuSL04Pv0v9dzhj6kf8N, 1970-01-15 05:43:54, 1970-01-18 01:19:35
1481, ekkyx8wSAelFFutgeQHA, 1970-01-15 23:09:12, 1970-01-16 01:24:01
1482, vRrbqxyzLKylQ5egWrRB, 1970-01-05 07:20:15, 1970-01-15 17:01:01
1483, iDeEVUcs5PdpO9xqj03A, 1970-01-10 22:29:43, 1970-01-14 01:13:10
1484, U7bLV0woQFKNzMgY1xKR, 1970-01-18 03:42:55, 1970-01-18 04:00:30
1485, D6qeorRBQWeaL9DMs7zJ, 1970-01-17 06:52:28, 1970-01-18 06:24:56
1486, MzalSTt0C0kjv07m13O0, 1970-01-03 18:36:55, 1970-01-05 15:28:24
1487, tqot1ZcRlztR3xtDaXnG, 1970-01-15 06:45:28, 1970-01-16 19:19:17
1488, OYeYkwGMeE7VldicnuWw, 1970-01-14 04:48:58, 1970-01-15 09:48:53
1489, lwOGsMVbFvTNtAb1eJuE, 1970-01-10 08:24:44, 1970-01-13 16:19:36
1490, AO3XF0edyX7rca9oQXmc, 1970-01-17 20:05:35, 1970-01-17 21:32:03
1491, l83NsQytxmER0q7jbM4L, 1970-01-06 14:56:52, 1970-01-18 00:39:27
1492, njSbYD7gjsWsltptQlY6, 1970-01-06 13:47:50, 1970-01-16 23:14:48
1493, zJY5zcQ3DbmxwRHh1JL5, 1970-01-12 05:45:15, 1970-01-16 11:24:27
1494, tiIsf11yEi5biXMIHDWG, 1970-01-06 16:33:40, 1970-01-07 12:56:31
1495, sAJtCX6UBVUgklWNKxq1, 1970-01-02 15:22:05, 1970-01-14 23:47:17
1496, qoLw6tZNa73N6q6ySYdU, 1970-01-03 10:19:20, 1970-01-18 03:41:07
1497, CXvG2RiTrM8MFnEXiWPu, 1970-01-15 10:09:45, 1970-01-17 23:19:35
1498, 9sHGgwbx407vAH2Kbor4, 1970-01-06 09:19:07, 1970-01-09 15:41:26
1499, WPAsuNfKOtSCLwUNg3cr, 1970-01-07 15:00:11, 1970-01-12 16:28:57
1500, Qs4t6mkVehX2NyrLmXtn, 1970-01-15 16:56:57, 1970-01-17 15:28:36
1501, eCl23q18NAACDRToyXJd, 1970-01-03 10:30:16, 1970-01-07 22:26:11
1502, QikEJGLbrioYuRGllb92, 1970-01-16 00:23:58, 1970-01-16 14:42:25
1503, A1qylE5A8sYu3P6nfy9c, 1970-01-13 23:09:52, 1970-01-17 14:21:10
1504, YPvoMVZninaf2whndO8n, 1970-01-07 00:48:54, 1970-01-09 20:08:18
1505, hbpkykctHpZhLqNJjvz8, 1970-01-09 00:19:02, 1970-01-12 09:27:59
1506, CBrZkMxPUE2sanW8Dqgp, 1970-01-12 20:28:55, 1970-01-16 03:09:16
1507, 7JvH992HLTA0jGWOiJeO, 1970-01-06 17:19:13, 1970-01-10 03:02:40
1508, KjYyNNSnz82RLaSgQ23V, 1970-01-03 13:16:57, 1970-01-15 05:17:12
1509, 6t5Zl79OGCcQzr05jELC, 1970-01-11 10:35:36, 1970-01-14 20:09:55
1510, mzynpYPn90KUkuv5ynuu, 1970-01-17 00:45:47, 1970-01-18 03:55:17
1511, 27bMCavFbYTSm3ynFoGT, 1970-01-03 15:18:37, 1970-01-17 22:56:33
1512, U69ZRe3dGMEuTwHAgPDe, 1970-01-13 00:45:39, 1970-01-17 14:19:57
1513, IUvQjZp4fOFARqxsoLYZ, 1970-01-12 05:35:19, 1970-01-14 13:34:00
1514, h2fHjBB6l8oLK5AUKBQq, 1970-01-15 10:21:20, 1970-01-16 19:08:34
1515, tPeELgujITb9OELFdDkw, 1970-01-13 20:26:10, 1970-01-16 11:48:04
1516, gWrQINDnCCoY33JuhTCK, 1970-01-14 06:09:44, 1970-01-15 08:40:12
1517, R86HGhvXJnGqIQIwz9SA, 1970-01-17 09:32:34, 1970-01-18 05:15:04
1518, xyVkuCu61mkqdwTiBYbc, 1970-01-16 08:47:59, 1970-01-17 21:02:47
1519, H5IxLvZ3FNZExFLV9e1n, 1970-01-12 00:05:21, 1970-01-15 14:41:00
1520, GHtseYROGFBiR7rn76W0, 1970-01-02 09:18:18, 1970-01-08 16:01:09
1521, nLnLhivYvVz82jC5Wq4O, 1970-01-07 06:20:35, 1970-01-18 01:14:36
1522, aDDfVfhJDfgnkQLhPrfn, 1970-01-09 15:11:17, 1970-01-17 10:56:37
1523, HrBg7YqDLb89kAZpMe0x, 1970-01-04 19:24:17, 1970-01-06 03:42:10
1524, CbqQjRT4ufJJqXk2J4kY, 1970-01-14 09:04:47, 1970-01-17 08:23:09
1525, P2cUREbaVwxC0gATInqx, 1970-01-15 05:54:44, 1970-01-17 14:42:40
1526, GGa9pe8uPk7YB6kUTiZA, 1970-01-07 15:48:08, 1970-01-13 09:17:51
1527, wJeGYCfP2chDaTMudzaZ, 1970-01-13 02:52:23, 1970-01-16 21:58:28
1528, iZRDHm5YHohMfZe3HRUZ, 1970-01-06 10:15:52, 1970-01-17 09:46:35
1529, n1eUs6i3e9Ea3UC6ue3M, 1970-01-15 23:48:30, 1970-01-17 18:26:52
1530, g3zSGIcMOWxtojly1a3m, 1970-01-14 05:25:14, 1970-01-17 06:33:08
1531, LpuEwq351RLFXKRLwdGE, 1970-01-04 22:25:30, 1970-01-16 21:27:41
1532, UsLQ70r5lXS35rxLUijn, 1970-01-07 15:12:41, 1970-01-14 23:58:03
1533, kv1vkAxsyIYsiPjqg5tF, 1970-01-05 10:44:46, 1970-01-10 00:16:48
1534, Fvgn2uF61tAVKLCSJ9fk, 1970-01-07 11:49:21, 1970-01-09 07:28:15
1535, QAf2suq1jdVeN0hLL7TP, 1970-01-13 12:37:21, 1970-01-16 00:53:11
1536, 9B3OzNTkgvSVrDEMZVrm, 1970-01-05 16:48:34, 1970-01-14 14:04:55
1537, iiEGZaIwNwhsIJqmpah8, 1970-01-04 15:53:42, 1970-01-08 04:47:07
1538, 06XD7HD4nzu7VePgmgjq, 1970-01-02 10:09:41, 1970-01-14 01:52:11
1539, o3FXv1ILlgI2UTNdwvWf, 1970-01-16 13:33:11, 1970-01-16 23:11:22
1540, Pfbi8B9bpgfBLtJlQtbL, 1970-01-15 12:42:17, 1970-01-16 08:28:02
1541, 85zbPsVXWe5V5I8oxWEE, 1970-01-06 19:20:02, 1970-01-13 21:47:05
1542, MZoWSBPZJGTvQVOyUpeh, 1970-01-17 23:14:30, 1970-01-18 07:03:33
1543, XIrXg3Fpp7ksREqU1N76, 1970-01-17 01:44:08, 1970-01-18 04:32:21
1544, DbE3qpku9pt1MniUvoLY, 1970-01-08 03:15:39, 1970-01-12 20:20:25
1545, UoaLRDLtZ251BNA7k7uF, 1970-01-04 05:05:51, 1970-01-05 13:54:06
1546, FPlbNhAQmofdCfKqSlA8, 1970-01-06 22:03:45, 1970-01-16 19:15:09
1547, RIWOvFf6kBQxgRFGF9Y9, 1970-01-09 00:59:28, 1970-01-11 10:19:25
1548, MvWuAtSqGEyDTXfQ2YoS, 1970-01-10 12:25:36, 1970-01-13 21:58:57
1549, uJu9CQef6hh5QhZS5DV4, 1970-01-03 05:06:56, 1970-01-17 02:23:21
1550, G09lI2O21fTDFUfeqSWU, 1970-01-03 22:55:43, 1970-01-09 19:12:29
1551, LkDB7syiX2mpf6bbHGLz, 1970-01-09 08:39:15, 1970-01-17 23:11:16
1552, AiUfwfaooqW0JHNZzuXq, 1970-01-12 06:25:37, 1970-01-13 16:40:10
1553, 2xnjRJbO753RDlFj015J, 1970-01-14 17:41:54, 1970-01-16 16:40:48
1554, L2C47CF82kzo08wIMRhP, 1970-01-10 06:19:07, 1970-01-11 10:43:29
1555, bK6qWpwKHZHuDaQ0RFb8, 1970-01-02 11:08:34, 1970-01-09 09:03:10
1556, OpSd5StTMPv1NyJMZ2qY, 1970-01-08 16:31:36, 1970-01-16 02:55:33
1557, x3N2lsb4JNMzj84yjFii, 1970-01-08 20:33:24, 1970-01-10 11:10:57
1558, sfZZtKeHFgOtq5dyJIYH, 1970-01-05 02:39:01, 1970-01-17 11:08:18
1559, l6hCAJUd0Rlb3rV3uSfC, 1970-01-05 18:13:23, 1970-01-16 20:14:44
1560, 3fInE5iWXulwdjSg3c9U, 1970-01-15 16:18:56, 1970-01-17 00:45:01
1561, JUiKXAxvsRuWhb9ZRYST, 1970-01-18 06:46:32, 1970-01-18 07:04:46
1562, b4PmCPCZmSMTcbv7CkRk, 1970-01-11 03:44:31, 1970-01-16 10:40:30
1563, dt2zEQXX5PtEDhE2XcZw, 1970-01-05 18:22:31, 1970-01-12 21:13:52
1564, xHag3vprcxzGQhxjPWZu, 1970-01-14 04:54:26, 1970-01-17 22:40:20
1565, NZ7sHpBChIACW4lzsn87, 1970-01-06 19:46:49, 1970-01-17 08:10:41
1566, QdViQEKq0YIPR5KVfsZj, 1970-01-10 11:22:34, 1970-01-15 19:41:32
1567, HVIzl33yYsUWzXCJyipF, 1970-01-10 06:27:01, 1970-01-12 17:33:32
1568, I5iisX9wHftAIdN28dnz, 1970-01-15 15:31:36, 1970-01-16 17:48:24
1569, cp9cFcPf9iPdhkjtm3KS, 1970-01-14 21:24:10, 1970-01-16 11:15:15
1570, oHMpMHZKLYuaJyXuBLBu, 1970-01-09 21:06:45, 1970-01-17 15:11:23
1571, XthmDWgTDx9mXD6ew0vm, 1970-01-12 23:05:32, 1970-01-14 19:19:48
1572, Oi8bvNgztY2H6B74TQRW, 1970-01-15 07:40:36, 1970-01-16 18:56:39
1573, XcCvXY6AMewV9gGExuAm, 1970-01-13 00:56:26, 1970-01-17 20:38:11
1574, IEIEK4uBy4Dt95NpVjt1, 1970-01-05 17:43:20, 1970-01-16 21:40:29
1575, 1youwoH2GngTvbUqBIZ5, 1970-01-09 05:16:20, 1970-01-16 11:50:51
1576, YrMa2Vm6rE3L1Uw6tTO6, 1970-01-08 15:21:25, 1970-01-11 22:23:29
1577, BljFCORd9ySILFRKlLuF, 1970-01-17 03:45:19, 1970-01-18 01:17:53
1578, 4duEfehHwbJrgir28dFU, 1970-01-11 00:52:24, 1970-01-16 20:36:34
1579, OdvUncEk7P94AZ7SNlRa, 1970-01-06 03:10:33, 1970-01-12 11:11:00
1580, rqgWjo4GNBSa6kNCT0zv, 1970-01-17 10:19:11, 1970-01-17 16:33:14
1581, FTztujMnzZzTgKHvR99W, 1970-01-04 11:20:21, 1970-01-08 19:37:54
1582, SwWvqxwprLaOER8sFQM9, 1970-01-07 23:32:55, 1970-01-15 14:24:26
1583, 15arMruzHnunPfmM1MNx, 1970-01-14 11:46:53, 1970-01-16 22:01:49
1584, Z5wjmLsB8FyLQ98vLk66, 1970-01-15 23:16:55, 1970-01-17 05:48:04
1585, IWxqfcI6RhWlgWnl2fth, 1970-01-12 06:59:55, 1970-01-13 15:42:37
1586, LRdBDXd3iBtzYhhMhLKw, 1970-01-14 03:56:24, 1970-01-17 09:43:02
1587, fdX3lJ8UyFLjNkfwtljK, 1970-01-14 09:15:57, 1970-01-16 14:19:58
1588, 7npAsDkcd7MvmfYKNtoZ, 1970-01-07 23:13:18, 1970-01-10 15:51:31
1589, CqDb9DDjcHd1Nos9ECGD, 1970-01-11 20:22:41, 1970-01-17 17:16:57
1590, KtB1J9WfNzcNeWm19xqp, 1970-01-17 13:02:21, 1970-01-17 18:33:37
1591, GulCkNavSXadHxIgkLp7, 1970-01-08 10:50:41, 1970-01-16 03:40:47
1592, yWJr4omo1vLiJFZ5nOMr, 1970-01-17 07:52:15, 1970-01-17 21:54:54
1593, 6QOWXXqS4VWDszwWEruA, 1970-01-17 13:05:49, 1970-01-18 02:21:02
1594, beGKUkcORPxfxv925AEX, 1970-01-11 16:19:48, 1970-01-13 02:01:43
1595, XUQel6fobU4Pu62MJYGK, 1970-01-06 18:15:54, 1970-01-09 11:41:37
1596, xYLXYbtRSyoyn9FOPLIv, 1970-01-07 08:39:28, 1970-01-13 17:32:48
1597, 7S7jLH2WMGpRAP2aSvPJ, 1970-01-09 17:53:43, 1970-01-16 12:28:24
1598, 9eCUYbFUY2yHtYgEFtVV, 1970-01-03 09:24:50, 1970-01-08 11:36:43
1599, FR6CMLqSyhKTvZL8PDSY, 1970-01-02 15:07:26, 1970-01-06 20:59:51
1600, S1HB7CmSLM5nVcXQbIeK, 1970-01-11 21:51:14, 1970-01-12 11:47:59
1601, LZ31hLmmuJQTQpmR0gyh, 1970-01-11 00:26:01, 1970-01-14 16:37:38
1602, TBrViJOM5koXRIHo9pX2, 1970-01-05 04:17:08, 1970-01-07 13:57:34
1603, X7l8dqQoO03fcWqbG9pg, 1970-01-06 22:39:06, 1970-01-11 08:06:12
1604, TJy0QuHvf5m2Dr9p4Q5F, 1970-01-17 20:55:46, 1970-01-18 07:32:34
1605, Glsw3PjyAlPT0zXPDhFi, 1970-01-03 16:56:42, 1970-01-07 21:01:50
1606, lGdWsKxsbA701xMjOfMr, 1970-01-16 21:39:53, 1970-01-17 09:42:31
1607, Jd5hUOESDcIuBNZt9EIf, 1970-01-16 04:16:06, 1970-01-17 04:43:56
1608, WJ22QPBl8K5MxbkxhQxn, 1970-01-08 05:14:45, 1970-01-15 15:19:12
1609, gUPiddhyrQJ54ZKblDnC, 1970-01-12 20:03:08, 1970-01-14 01:24:16
1610, ngkiuMxV4TUOmwpwLUmy, 1970-01-12 18:41:30, 1970-01-15 11:06:41
1611, p204Y9bKPQ8oGiWrJwdv, 1970-01-09 09:15:59, 1970-01-11 17:52:36
1612, q6csNecDkEUuXe2fKQQ0, 1970-01-10 20:25:29, 1970-01-13 14:34:42
1613, nMZDfUe2b4JbQwlSATO3, 1970-01-06 13:36:42, 1970-01-13 00:31:57
1614, tB6CypEJNswP8OPPodMS, 1970-01-03 22:24:43, 1970-01-16 21:16:10
1615, hkeZltsU3VmESb4wjFp2, 1970-01-15 14:05:01, 1970-01-16 14:46:10
1616, NrTfY9K2Cv8CebpQpr45, 1970-01-02 20:17:08, 1970-01-13 17:50:32
1617, lVgPPKbUUo4ZDZkjvbvs, 1970-01-14 10:44:11, 1970-01-16 11:26:05
1618, wqlB9QXPpco9iPUvKDn0, 1970-01-12 07:24:23, 1970-01-14 18:56:03
1619, ZydgpAu74cQaJPpcVIKR, 1970-01-15 20:06:29, 1970-01-16 07:06:07
1620, 8t9ohgtCPkx9XLB3OMla, 1970-01-17 00:08:16, 1970-01-17 11:38:58
1621, gKdXzEmMSmxc6Ln8VVX2, 1970-01-10 09:11:02, 1970-01-16 14:59:49
1622, sfpOBo2pByMNqIaA3BLa, 1970-01-07 00:56:05, 1970-01-11 17:18:35
1623, vMM93XTBnUwJbl9g4HdY, 1970-01-08 02:37:07, 1970-01-17 22:45:06
1624, jToWDlXll6V7W9KcMKlJ, 1970-01-06 02:37:16, 1970-01-13 19:28:06
1625, aovLnjtoHBzgbZYSQL7k, 1970-01-18 05:20:28, 1970-01-18 05:48:12
1626, uQfA2fGTOQTlUpNUSgKa, 1970-01-13 01:09:28, 1970-01-13 17:11:42
1627, bk5WdfgriaMMSuYCnWaF, 1970-01-03 11:51:11, 1970-01-09 03:29:28
1628, cY21uHQRqTnhHmFQgoyr, 1970-01-13 02:59:10, 1970-01-16 04:01:49
1629, yvCAZEIruNq4jfzN68NW, 1970-01-15 14:54:44, 1970-01-15 18:14:33
1630, HYWLFgJ9gACJRXBxCDDv, 1970-01-10 05:43:36, 1970-01-10 06:37:06
1631, XzLiPzVin7zEdud06OYK, 1970-01-03 10:55:07, 1970-01-16 12:39:04
1632, u4tyvNX9ptEMjTO3K1px, 1970-01-15 07:36:55, 1970-01-15 13:41:03
1633, EBjU9ni2VornqEkt0dse, 1970-01-15 00:07:55, 1970-01-17 17:09:26
1634, Vs2fNKsumZLHlAoPxqqh, 1970-01-11 02:23:05, 1970-01-11 19:40:46
1635, iNwOrWSkFhMsVW7MiGgw, 1970-01-12 05:52:51, 1970-01-17 15:06:50
1636, UW93O04AkpG7weovBk2J, 1970-01-12 11:09:26, 1970-01-16 09:33:29
1637, JOonAneJRm8LXFiPVi46, 1970-01-09 17:23:23, 1970-01-17 11:30:25
1638, GaDlgDBxKM3iQk7qeVcm, 1970-01-02 21:44:04, 1970-01-15 04:35:56
1639, QBpl24TfFHukQOV2oxVH, 1970-01-18 00:37:01, 1970-01-18 00:59:14
1640, Wm7TNg3iUvKMGuINp04m, 1970-01-13 08:18:36, 1970-01-16 15:20:24
1641, f0BnaTlgAK3qT8mBP7gE, 1970-01-08 05:10:31, 1970-01-09 07:19:37
1642, IbHcT8d8SXo8Bx5uL7xS, 1970-01-11 01:29:51, 1970-01-14 21:38:16
1643, 1gDNcDCLhKIrCnQiMi1E, 1970-01-06 14:21:53, 1970-01-17 17:47:58
1644, vwLHNgQxUC0SkSyslMlu, 1970-01-09 01:44:04, 1970-01-13 11:59:24
1645, KebvTC4VbYobNHZqDbZj, 1970-01-05 02:20:07, 1970-01-15 14:32:58
1646, pfQRWwJoHjKLyQVHiLva, 1970-01-15 21:50:50, 1970-01-16 14:46:06
1647, ZMzZw7gblf93r4Rhcahv, 1970-01-07 08:25:35, 1970-01-16 21:44:31
1648, 8wFdBMOhkcLfMsr2Bhb5, 1970-01-04 17:40:34, 1970-01-17 04:07:33
1649, D9FdecyYIRl5oaKTdEsD, 1970-01-15 13:06:19, 1970-01-17 05:02:12
1650, QUEPbKRuhBiqmz5zz0Iy, 1970-01-09 09:55:30, 1970-01-16 21:01:25
1651, DQ9Xgwzgg1M74kIT9Wxw, 1970-01-16 08:54:51, 1970-01-17 02:39:44
1652, 40GBXAUNTJiZ94ZWbA5q, 1970-01-12 15:55:00, 1970-01-13 12:42:14
1653, FmCRkADQNz02u8uDSQS0, 1970-01-06 18:55:58, 1970-01-10 15:26:30
1654, iePWADXmxtup3bkSRDur, 1970-01-08 03:00:18, 1970-01-08 08:13:35
1655, Ng6RXwEsWpNjeOINqPsS, 1970-01-03 07:18:42, 1970-01-06 23:55:57
1656, ov3OY4Yccyr68sYv9HEH, 1970-01-08 22:52:41, 1970-01-13 07:08:23
1657, sVlPKtBVaKkYehegTRB6, 1970-01-05 19:10:20, 1970-01-08 07:04:56
1658, Xr1fPCaxdpUgXEzIEWKs, 1970-01-15 09:45:50, 1970-01-17 14:50:33
1659, 2wyI3IJ4R56151GOOpta, 1970-01-03 05:15:12, 1970-01-04 12:41:28
1660, XeQolmGZiADuUdtdouIu, 1970-01-09 05:33:59, 1970-01-15 19:54:37
1661, ZOeP9UE9sRdRT4HlAMAe, 1970-01-15 02:11:49, 1970-01-15 19:18:14
1662, dm7zMHYaWKtjR9ej3TPs, 1970-01-06 09:50:19, 1970-01-11 12:05:49
1663, UQCowISADgxyTd76Ye7J, 1970-01-14 16:22:52, 1970-01-16 05:30:43
1664, ccv5TQ1NV5Aiz1JXe28j, 1970-01-04 00:35:10, 1970-01-14 02:16:11
1665, Ygci4QO87ulXLY8SkcSi, 1970-01-03 11:43:48, 1970-01-09 01:21:52
1666, t4MZdtGx7s06yMFp5b2n, 1970-01-15 13:46:11, 1970-01-17 04:43:10
1667, OuLZjQqsFMUcChnK0CcJ, 1970-01-10 23:13:59, 1970-01-12 21:02:17
1668, p7QMGmwHEQpdGw0rMimN, 1970-01-13 15:52:00, 1970-01-16 23:19:57
1669, vTDVR3M0Wfrl2EXNq05k, 1970-01-03 15:45:00, 1970-01-07 13:41:19
1670, cT15QTpUqKUZS85Q0HW0, 1970-01-08 03:53:53, 1970-01-11 11:20:43
1671, liGAIfqhZDj8axUOXCq0, 1970-01-09 22:56:48, 1970-01-11 10:24:13
1672, JOFQ43AMTMd9NtZ9anLv, 1970-01-06 04:48:29, 1970-01-11 12:11:49
1673, Nk9ivZ3q0itWCGKx6LGf, 1970-01-15 03:31:06, 1970-01-15 06:16:04
1674, OVpElGuVDJWvnU2rZAdR, 1970-01-14 08:44:25, 1970-01-15 21:24:45
1675, J3JjeLfZdzcVB6rqdYcO, 1970-01-11 02:08:39, 1970-01-14 00:26:29
1676, EWrXflgk3i27Bs5fhziq, 1970-01-09 08:43:08, 1970-01-11 01:36:19
1677, WRhVlAOyFPu1bqelzccq, 1970-01-16 02:02:17, 1970-01-17 02:18:23
1678, TuElexk3UxWBpc9QDH7R, 1970-01-05 01:52:36, 1970-01-06 13:00:03
1679, ib4KekBlaI1dcT6RJEOT, 1970-01-18 01:35:09, 1970-01-18 03:08:33
1680, DoMignuYIhzNKHMYL0Iy, 1970-01-13 22:12:54, 1970-01-15 07:27:57
1681, wd0QMiycQLGctx0LaWJF, 1970-01-17 06:47:19, 1970-01-18 00:38:37
1682, 0pGKBRotW9Q6iyIXlJhG, 1970-01-05 06:31:23, 1970-01-17 19:15:49
1683, cvNk8ULIBVIRLDXugHff, 1970-01-11 10:51:37, 1970-01-13 03:38:07
1684, Hy25lmQa6XUNB3NIhdMI, 1970-01-07 23:39:17, 1970-01-08 20:20:25
1685, SoqBJRjgb5qRUtWq16w3, 1970-01-08 17:09:42, 1970-01-08 21:26:14
1686, lDcWYyUNzGkatwfZsg8L, 1970-01-10 08:32:24, 1970-01-11 11:29:16
1687, 6wZ7jwAYZNLmEZVk8GqT, 1970-01-15 14:52:24, 1970-01-16 09:35:25
1688, JXVGoFAAVycQNe3VVyeU, 1970-01-03 20:18:55, 1970-01-08 07:29:12
1689, sc6kVqtrIiWqnUUwJuZd, 1970-01-09 00:21:02, 1970-01-13 03:00:04
1690, KkiCFISVPZAW0Ccsy8XU, 1970-01-04 01:20:12, 1970-01-16 14:30:15
1691, E1IjTIq5gBhH1UcMSKzD, 1970-01-12 02:35:03, 1970-01-14 05:41:34
1692, igTIJAQ9Qegm2cuXOtio, 1970-01-18 00:12:21, 1970-01-18 06:07:00
1693, aPV76isrNuyLkicro86N, 1970-01-08 04:00:03, 1970-01-10 02:06:22
1694, PWfCtzRvU2h9LKW9uQn0, 1970-01-03 16:02:52, 1970-01-07 12:16:45
1695, NOvWeg6ChUsuTPj31Ace, 1970-01-07 13:49:07, 1970-01-09 17:04:47
1696, gUeXPCgpIuDf17P9BSq4, 1970-01-11 15:00:37, 1970-01-17 00:27:55
1697, iiUXe5Z87osj7BSXjAs0, 1970-01-12 21:06:10, 1970-01-17 12:06:01
1698, y6jKUzkYP6cDoD2LHrln, 1970-01-09 18:15:01, 1970-01-12 20:21:49
1699, axALFQD9fYJbcK6MPDLj, 1970-01-10 06:46:16, 1970-01-16 23:50:19
1700, 8eFrna4lrDCEY6Q3faFn, 1970-01-11 23:24:56, 1970-01-12 22:34:58
1701, l3K58L2RWgB0MfMG3JDq, 1970-01-08 14:59:44, 1970-01-09 02:16:39
1702, czoPAEML7iigojFH1Y2K, 1970-01-12 08:01:45, 1970-01-18 07:39:59
1703, grTjTEooV0ec0XaUUvDh, 1970-01-07 07:27:11, 1970-01-15 15:43:29
1704, gOjizInklQEIVo3sHzO8, 1970-01-17 00:00:16, 1970-01-17 19:53:51
1705, YqH0iAayldT7cQbppfYu, 1970-01-02 14:39:02, 1970-01-15 12:48:57
1706, nkMT5ag7QYESjH5S5lX5, 1970-01-06 10:11:14, 1970-01-08 08:05:13
1707, ETY7iF45ya0kAd3PNhYl, 1970-01-10 01:51:07, 1970-01-11 01:33:20
1708, R7hKmtK7uyqDtuRNWHZK, 1970-01-13 06:14:25, 1970-01-14 01:48:52
1709, oEVBdLbJe87vtQ0UnnyY, 1970-01-10 12:59:17, 1970-01-16 17:32:15
1710, fySqzO2tVVPtacn13TUB, 1970-01-03 09:16:18, 1970-01-08 00:09:09
1711, nd0glB5bVofOOrSwOG1V, 1970-01-02 08:54:00, 1970-01-03 11:25:24
1712, yOf48yDJHwWyYWT8xmrs, 1970-01-15 06:10:23, 1970-01-17 20:07:50
1713, k1PvdWRVNr8VhCIPSUX2, 1970-01-11 01:37:22, 1970-01-14 06:40:51
1714, i1WJ7wEXs4KazDt843bm, 1970-01-17 14:44:24, 1970-01-18 03:40:37
1715, bwACYdS3gTc30Doju5ke, 1970-01-11 01:38:49, 1970-01-15 11:32:54
1716, Jk43fHhD5amfAlMS0Im9, 1970-01-03 04:50:00, 1970-01-04 19:34:14
1717, nyIX1VJLUy4yAuPS28P8, 1970-01-10 10:13:53, 1970-01-17 23:10:52
1718, 7kU8IFokYsIh5vLZzCj7, 1970-01-17 22:08:11, 1970-01-17 22:59:11
1719, pyecDRWCT1zBOiqXKLa9, 1970-01-15 01:43:50, 1970-01-16 18:32:29
1720, NApRi7cUzorXops8JV4S, 1970-01-09 12:38:46, 1970-01-12 05:26:23
1721, i0BK2emkv747uAyIC7nt, 1970-01-08 10:46:38, 1970-01-13 22:00:46
1722, lDyMQ6L2OVZfvozW7Udb, 1970-01-11 12:17:28, 1970-01-13 13:13:40
1723, qMkJMEImPqQI1ld28XiY, 1970-01-05 14:34:49, 1970-01-10 00:41:10
1724, AJ6UCNd0od5r8BKKhb2Z, 1970-01-05 11:52:53, 1970-01-15 16:54:42
1725, wd3KNCI3bGXHfrbyQUDr, 1970-01-05 19:41:47, 1970-01-06 07:58:25
1726, UgYgLwsDaE8XwZlxO3SR, 1970-01-15 00:42:30, 1970-01-15 18:05:09
1727, U7aoiUIikCOBTY00e9y1, 1970-01-12 08:33:46, 1970-01-13 00:51:22
1728, BwyckURSCbn8zEUytyyM, 1970-01-09 03:14:01, 1970-01-14 01:21:14
1729, 1HrpyDoxzbtjHmO2fA4R, 1970-01-17 18:53:16, 1970-01-18 01:50:27
1730, ND6BGlRe4zyL0p0lD0Fi, 1970-01-02 18:17:36, 1970-01-16 03:16:12
1731, T08gsvgd1BTdm0GzWZUb, 1970-01-18 04:39:42, 1970-01-18 04:52:49
1732, 6bdzzmtRAKQot2sSue0N, 1970-01-14 13:22:37, 1970-01-15 07:07:51
1733, 2qLYMSu4bofWkQWElgmi, 1970-01-14 01:50:17, 1970-01-14 13:21:50
1734, Dqq6ZFQZK2jyd4e3anau, 1970-01-08 23:38:57, 1970-01-17 19:24:11
1735, JHjxXpOVmLKnMOWTx7YV, 1970-01-13 19:41:55, 1970-01-15 04:26:16
1736, 8fbHorc92LVBe1b3LSY8, 1970-01-09 08:37:30, 1970-01-09 16:28:37
1737, TPBkRRFv5fUj2UdCH3dr, 1970-01-03 18:26:53, 1970-01-12 14:19:25
1738, DBTJBCmnUfTGsvm5yhT8, 1970-01-13 16:54:57, 1970-01-13 17:35:25
1739, 1R7LkDaKkJgBsBavqrag, 1970-01-03 08:03:05, 1970-01-15 05:24:35
1740, 7d9DXNjH6KvagGzUAg3J, 1970-01-05 12:31:38, 1970-01-09 11:37:51
1741, 4AKkZMSZCIpfqyJ4s1tF, 1970-01-07 23:40:24, 1970-01-16 11:49:20
1742, S3Cc6eF7fpU8TzEbkDo9, 1970-01-02 22:46:57, 1970-01-11 17:00:53
1743, Ojml4Q85ZhtiGMeYrbKp, 1970-01-10 01:27:17, 1970-01-10 08:34:03
1744, PxH7hv3DJQf9DRU5by8w, 1970-01-06 08:49:46, 1970-01-17 08:17:30
1745, 3ijGuQVO4TNGXia2YQ9z, 1970-01-09 05:07:23, 1970-01-11 10:52:31
1746, X0X48efbxvzFhkuZFJAB, 1970-01-02 07:57:11, 1970-01-12 22:10:13
1747, Wst199YXBsAgqxw5K84e, 1970-01-15 22:12:54, 1970-01-17 02:55:44
1748, UNEbhdNWrfJ0gh6Gwa21, 1970-01-18 06:57:04, 1970-01-18 07:02:02
1749, kTFQSw7s7SJXeB1FQnrS, 1970-01-03 06:39:51, 1970-01-08 06:27:20
1750, RRH0JKWsjpoDMneHiNI9, 1970-01-14 17:26:23, 1970-01-17 00:12:16
1751, p7fo07bJaMDe8zKgVaUb, 1970-01-06 19:24:23, 1970-01-11 03:55:45
1752, AJVpqqEEEgp8IN20QuO5, 1970-01-12 16:43:42, 1970-01-17 20:59:48
1753, Lzc1vfQGRME5yKDfwj1w, 1970-01-12 10:55:25, 1970-01-15 15:09:03
1754, mXLNswcsXwguaBDvXmgU, 1970-01-10 19:26:02, 1970-01-14 19:48:43
1755, S6tcCl02U0XlbFsRcjdG, 1970-01-14 13:23:35, 1970-01-17 07:12:37
1756, 5OftOFa7CF3gFTMIOXgR, 1970-01-14 19:58:54, 1970-01-16 09:07:11
1757, vwi6jimgP3u48ZIakzqB, 1970-01-06 23:04:32, 1970-01-17 19:45:27
1758, j0bdEAaGzxcnCt3KE5GN, 1970-01-07 02:50:11, 1970-01-13 15:36:27
1759, UFLxGffLBSBbLMqW4lO9, 1970-01-07 01:19:03, 1970-01-12 16:38:11
1760, uZWdX7YVir6qvvCoEszx, 1970-01-09 04:17:07, 1970-01-10 02:06:02
1761, 1SXE4ZKO5sSpb3jT6uWv, 1970-01-15 14:32:09, 1970-01-17 01:44:21
1762, 1Mo997zIhCOxppBj4ME7, 1970-01-06 03:46:43, 1970-01-13 05:54:52
1763, WVgIe8SlbYGP59EIvkZC, 1970-01-09 00:17:05, 1970-01-13 12:30:30
1764, 9nkeWIFNbuKB2LuXigrT, 1970-01-10 11:28:20, 1970-01-13 20:22:09
1765, ECRAuzZsrrX1rA3gjsZl, 1970-01-10 18:39:15, 1970-01-15 12:37:22
1766, vaiUnAH9KLSVklQHhQzm, 1970-01-08 13:06:09, 1970-01-16 11:28:28
1767, mH6fVOH27L524UUyoZu5, 1970-01-13 11:24:34, 1970-01-16 09:16:52
1768, v2KmYAyJMFyzAiAPX32G, 1970-01-09 11:00:15, 1970-01-10 04:43:16
1769, 1B4lFOEV6cCSEg1bQTCS, 1970-01-15 10:24:44, 1970-01-15 16:37:34
1770, Kmy2L6qTCTU2N7HahHjr, 1970-01-12 08:48:28, 1970-01-14 02:08:36
1771, jLfv4dsPLyPoauYeeshx, 1970-01-03 01:49:53, 1970-01-09 22:32:50
1772, sayk70HCfNGVYkCrrV5L, 1970-01-02 20:38:26, 1970-01-09 20:01:29
1773, Ya1J1TNGY7Vc9SuQmNqM, 1970-01-09 13:48:48, 1970-01-14 03:43:48
1774, nuQP9ITtSdHl8P08x87E, 1970-01-03 03:05:19, 1970-01-07 17:52:47
1775, kTOBvOMRjT5HUzexVtfk, 1970-01-04 18:06:18, 1970-01-16 03:00:46
1776, 1mKoGsINxwc759zukApz, 1970-01-07 03:47:57, 1970-01-09 13:42:09
1777, CEVoDGWlGYDdgZqeCuFA, 1970-01-10 21:09:41, 1970-01-16 22:11:06
1778, 1JnNDuAY994fS2TD4yBF, 1970-01-03 17:45:50, 1970-01-04 07:16:04
1779, smHfrPmW7FISnoa1H0nO, 1970-01-06 18:38:59, 1970-01-08 01:00:33
1780, z543dV3An6lJgex8ujBP, 1970-01-17 18:09:37, 1970-01-17 18:53:05
1781, 8XmNdF8NnnJu2NSONxfe, 1970-01-15 09:25:30, 1970-01-16 01:25:58
1782, LLdMwaVyZ2RHAa91GUOt, 1970-01-05 23:36:04, 1970-01-15 13:40:24
1783, YEFDKiPNEK9NU5OnZqBK, 1970-01-14 01:11:41, 1970-01-16 01:47:17
1784, XBZrQ1QiTPygzHPLqUKB, 1970-01-12 20:01:10, 1970-01-14 15:01:45
1785, 2St5Buj3D68NEcCah6YQ, 1970-01-03 22:41:30, 1970-01-07 09:14:54
1786, dxK9zurfS6PB7m21SP8p, 1970-01-04 12:37:06, 1970-01-13 17:02:09
1787, GhEqzNBuIQEkOBbVwjKM, 1970-01-07 11:15:18, 1970-01-12 03:10:19
1788, asfiExdbkIrpR3BNRCp1, 1970-01-09 00:20:46, 1970-01-12 04:35:00
1789, 8ljWlybHfpil09UzA2m5, 1970-01-05 07:40:41, 1970-01-05 08:41:26
1790, MEvO49uhGN39mTVBZEff, 1970-01-06 03:48:55, 1970-01-11 23:04:46
1791, uuvU9Y00euT2WdLlVj5V, 1970-01-06 10:21:50, 1970-01-15 19:12:20
1792, ivDqIVE9wWer9mYgBwvD, 1970-01-12 09:39:38, 1970-01-17 10:48:01
1793, uqDVECAyVvnSXphvf7Op, 1970-01-11 17:46:16, 1970-01-17 22:31:57
1794, IbOeYEdgTg85jDOLkZyh, 1970-01-12 21:07:08, 1970-01-17 08:27:26
1795, 1h9Tq4YuotxD0yMzt7J0, 1970-01-02 12:25:29, 1970-01-11 03:10:34
1796, sq65DFDbEnkyVjCgpaSG, 1970-01-07 05:35:05, 1970-01-13 08:35:29
1797, djdzOVbWszs5YU7geboM, 1970-01-03 10:17:13, 1970-01-13 00:38:05
1798, 81ypmPGRlx6p1jEM5Hvn, 1970-01-10 16:44:06, 1970-01-14 18:56:41
1799, lzPnxtdI5NNGlNmlnoyU, 1970-01-08 01:30:13, 1970-01-08 15:03:10
1800, 1Xd8xXqprl6de3vEtx9u, 1970-01-04 16:01:55, 1970-01-04 22:18:59
1801, YQCAAgZBbVUXpGUlkJ9Y, 1970-01-02 20:00:52, 1970-01-13 16:13:46
1802, VZdzaxNZsq43dRaRp2MN, 1970-01-10 06:27:41, 1970-01-17 12:58:52
1803, AKR7uOYnGdETDvtIrXH0, 1970-01-03 20:17:17, 1970-01-16 15:22:25
1804, g2IZRpyoIahxsFBm5Bdn, 1970-01-10 20:51:23, 1970-01-11 16:36:10
1805, 7bxMsaXA4Az6Q8b34Q7K, 1970-01-09 01:20:46, 1970-01-15 08:06:06
1806, uL2tfHqHUlXKA9APdkqX, 1970-01-17 09:42:06, 1970-01-17 14:42:11
1807, d1J6Az0LH6GZuNS86eQi, 1970-01-08 10:04:28, 1970-01-10 01:39:14
1808, ncvYfTNijnWKDsgKzQ3T, 1970-01-02 23:48:13, 1970-01-08 07:38:38
1809, gQmb8svhtiTCemgRoRg3, 1970-01-16 06:37:47, 1970-01-17 12:02:13
1810, 2ieTUowvx2E3pZMNMfwe, 1970-01-04 09:42:21, 1970-01-08 16:29:08
1811, yDDAgBW8gvmDiX8mbqLI, 1970-01-08 22:48:02, 1970-01-17 04:40:54
1812, hgFjycR5vb0aFiOn76n8, 1970-01-15 11:24:41, 1970-01-16 17:13:54
1813, yrU9u9BFSi4LW0Yzn2CW, 1970-01-06 03:45:30, 1970-01-17 14:34:02
1814, 3XgZdzG2cdHO2RWS4eC0, 1970-01-16 12:21:13, 1970-01-16 22:36:00
1815, KmCVS7s8AbmJmzktmosW, 1970-01-13 20:00:28, 1970-01-18 04:17:00
1816, Nsq1oE8fQlxygw3VbDtZ, 1970-01-13 06:10:40, 1970-01-16 16:37:25
1817, mjS6N6EgZdFHQIhZCFCd, 1970-01-13 13:16:36, 1970-01-15 04:30:43
1818, sBCgW0xUpncDedaZRSp4, 1970-01-09 00:56:33, 1970-01-15 07:10:03
1819, 19fgHJ8CAe5oikMpLhRd, 1970-01-08 09:30:48, 1970-01-16 12:48:01
1820, KYM3K102dJNoxcNcf0BQ, 1970-01-03 12:34:27, 1970-01-07 22:35:29
1821, xP0NQQEAy8SSsCP6wwE7, 1970-01-08 03:31:43, 1970-01-10 13:34:39
1822, iFHKgZwiVhJRswuE6Da5, 1970-01-03 16:49:40, 1970-01-04 02:47:18
1823, QrSWCU7VbX8wpOnJzCXo, 1970-01-02 13:42:51, 1970-01-11 15:45:42
1824, HtX0ixeblTj7XukHc0nK, 1970-01-05 17:22:49, 1970-01-06 04:11:47
1825, m7KuULGTajtyCHgxno5T, 1970-01-15 17:41:16, 1970-01-17 13:37:18
1826, oRo8szM5MI07HHJeMUuw, 1970-01-11 20:15:08, 1970-01-17 07:06:39
1827, GgaSE1iSKucM45A1P3mA, 1970-01-14 17:43:38, 1970-01-15 13:20:06
1828, 20urGYGriLWaapHOd1rv, 1970-01-05 15:45:01, 1970-01-10 15:33:56
1829, hVar02rV9paLbyiaG8fM, 1970-01-16 20:46:46, 1970-01-18 01:12:30
1830, Jx8q3mhKblPHjDEtCsaU, 1970-01-15 00:09:34, 1970-01-16 07:08:33
1831, pOGmN7D53BHXWtzo2DLf, 1970-01-12 15:03:11, 1970-01-16 14:44:22
1832, c4xqxEJIieTiGXJJY4h6, 1970-01-06 01:45:48, 1970-01-07 03:51:03
1833, fOmR08rFd7hFlEqbcI1M, 1970-01-17 19:25:09, 1970-01-18 04:34:04
1834, 7i7Xe6EFmKAl7Y0Y6sda, 1970-01-07 23:53:10, 1970-01-09 23:10:31
1835, BsTh7BmnXxEsZQtbs9JW, 1970-01-08 14:49:14, 1970-01-10 02:57:33
1836, bT9ggYfcRjKAn8Qm74OF, 1970-01-16 16:10:50, 1970-01-16 18:23:39
1837, WsQOS3ztHN6gbNB1L4L0, 1970-01-08 00:57:44, 1970-01-18 06:50:47
1838, KYj8lcV88IB42b73lB0b, 1970-01-09 11:31:50, 1970-01-10 00:20:14
1839, GCPF5nepHz9k8BwPvnYu, 1970-01-08 03:44:03, 1970-01-10 06:35:24
1840, bOP2x0P674AbeVUumJlM, 1970-01-02 12:03:37, 1970-01-15 01:31:57
1841, Gq3DdnD32JxfMvaAz0kR, 1970-01-04 02:59:13, 1970-01-15 16:08:10
1842, shmlR9FmDhWWgvfsIpde, 1970-01-14 10:12:32, 1970-01-14 11:59:05
1843, Oor5S5XCg4MKkEkSSHUH, 1970-01-16 05:52:09, 1970-01-17 15:00:49
1844, BDC7VKPIJEYsN16O15nD, 1970-01-02 18:07:15, 1970-01-06 00:55:09
1845, I2m8eiPPMcHUHSGeHh9Z, 1970-01-14 09:34:04, 1970-01-15 04:33:40
1846, EovbW4VPNEdZPcw6rPzY, 1970-01-05 03:31:12, 1970-01-09 02:27:23
1847, S9WtPSWNcwjospXhdPly, 1970-01-13 00:23:23, 1970-01-13 22:15:13
1848, 2iqEWuJORmjdFnzoQ7RO, 1970-01-03 21:08:49, 1970-01-14 19:25:21
1849, tKT2ujBUgxebJDI3tMio, 1970-01-02 16:38:39, 1970-01-12 01:39:36
1850, W2emujpZccXoEDenbnMd, 1970-01-18 01:39:32, 1970-01-18 07:21:49
1851, J2YBJFhKYMFe1CRnAW2e, 1970-01-12 03:30:05, 1970-01-12 04:50:55
1852, yLjYaPTj5H6NB2LvYnkL, 1970-01-13 08:11:30, 1970-01-14 16:28:36
1853, 3r5TZQVHUrcexTsafTiz, 1970-01-12 08:16:46, 1970-01-15 08:17:23
1854, gQyiDgx37j62TxA5YjLW, 1970-01-03 00:45:17, 1970-01-17 23:22:26
1855, jp2VqCMVlmbBX6kilu9c, 1970-01-16 07:28:02, 1970-01-18 00:53:41
1856, xctDsXfede7V3Q1wrHWm, 1970-01-03 09:55:21, 1970-01-06 17:26:40
1857, oQBoqnHdqHAJU7rj3VIn, 1970-01-04 07:49:19, 1970-01-16 17:32:15
1858, NelNt6ief3uQQvpIETZ2, 1970-01-13 01:46:25, 1970-01-15 15:09:46
1859, 75JbeuJs0a0e8Q08J3OX, 1970-01-15 02:22:13, 1970-01-18 02:10:11
1860, wVOcMKa51VUisz4nJnM6, 1970-01-11 14:11:54, 1970-01-15 09:26:55
1861, soY6Y4ObUYwz4amLB6BC, 1970-01-17 23:37:58, 1970-01-18 01:51:20
1862, sHt6ifo73njrVtVwY9Wl, 1970-01-08 00:50:53, 1970-01-15 23:11:17
1863, VmsN7oSbFGuweCRnmr1q, 1970-01-10 15:05:32, 1970-01-15 23:55:31
1864, chGQ9Hrey7jBcBJnQ7SU, 1970-01-07 10:29:39, 1970-01-08 05:44:44
1865, 9GUqyGPr51gxrWXykd9h, 1970-01-15 20:16:09, 1970-01-16 07:48:53
1866, TiKsgmCxPPJZNiWXpS9T, 1970-01-16 22:37:34, 1970-01-17 05:13:55
1867, c2ZuQn68c7bR4F1BmPFA, 1970-01-06 11:51:54, 1970-01-17 13:02:46
1868, 3p70DatH1cPD0MwxZhhh, 1970-01-02 10:01:31, 1970-01-10 11:41:55
1869, 2HXZzPaxKVJqlycSsfWm, 1970-01-13 04:30:33, 1970-01-14 14:38:06
1870, 1BWle0vZLdxvzT5aPkPy, 1970-01-05 23:30:18, 1970-01-18 06:57:30
1871, 9EKMWLE4p554y1egwr8p, 1970-01-06 00:33:28, 1970-01-09 05:34:40
1872, 8YSfnB08HK2Lwhd8blT7, 1970-01-13 11:25:05, 1970-01-17 17:56:28
1873, EEnuQk2q4JW4LtxsEUGS, 1970-01-17 19:41:13, 1970-01-18 02:19:20
1874, dqA5zFCOB5ICNuBfGQEM, 1970-01-03 21:42:37, 1970-01-06 08:54:23
1875, R0iiBaLupP1ASlaFReqZ, 1970-01-07 03:14:16, 1970-01-11 21:42:45
1876, hmg8vDdf1pBoyZJ7VyMh, 1970-01-14 13:54:04, 1970-01-15 00:16:53
1877, VWc93GZX5mSr1U9Is6Dg, 1970-01-06 16:15:43, 1970-01-10 04:36:55
1878, PWGura6W8BWFLL6joBgI, 1970-01-18 04:16:55, 1970-01-18 06:10:36
1879, aH6Dp1ZGEyNN5cPIrac9, 1970-01-03 01:47:05, 1970-01-17 19:44:08
1880, T7xoD70NnHcvoHiD3jEi, 1970-01-11 01:49:50, 1970-01-11 03:35:45
1881, GT10oLnVGZgYkRn5OoCo, 1970-01-02 07:55:56, 1970-01-05 05:02:36
1882, X8xI9SsyrjgrWvODCnaG, 1970-01-11 15:09:00, 1970-01-11 17:48:10
1883, EgFhBotsckWfVV0dDAT5, 1970-01-05 16:03:11, 1970-01-06 17:59:52
1884, bS9hgIpn6T35YPbegcxl, 1970-01-17 18:49:25, 1970-01-18 00:27:56
1885, WDgw4pmBXUYrCaIHrRlA, 1970-01-07 23:51:57, 1970-01-16 07:34:23
1886, AgUk7B697Axc2GYgwjsP, 1970-01-04 13:49:37, 1970-01-18 02:47:11
1887, 8J9wVfWpPN8LEHRdGEdp, 1970-01-07 03:21:12, 1970-01-08 17:50:25
1888, SJhhSzDgNG85A5vfNAEH, 1970-01-10 14:55:47, 1970-01-12 02:00:26
1889, FjimfEzubeuZNpK3dkaA, 1970-01-08 03:16:35, 1970-01-09 23:38:32
1890, VTVTMcict7esQmGEjoW3, 1970-01-16 06:23:47, 1970-01-17 19:25:13
1891, SInFfSc2qDj7N5eZMymH, 1970-01-16 08:21:22, 1970-01-17 04:09:48
1892, rTRZpuyuvPdaPxZqrAWJ, 1970-01-08 01:22:43, 1970-01-13 04:49:56
1893, dUsXLnojHP2ld6rttwRh, 1970-01-04 22:09:04, 1970-01-08 22:42:06
1894, wT66RUOIT16hzR3Kpc4t, 1970-01-03 22:50:42, 1970-01-08 16:17:28
1895, 4j2zcaD5RxK6h0ewaedF, 1970-01-14 02:45:10, 1970-01-17 02:07:22
1896, ENAbAou7HT1e8YHOfJS5, 1970-01-02 19:23:09, 1970-01-13 08:13:37
1897, B8MyNSkGqAIVULvTX1Kw, 1970-01-15 04:03:26, 1970-01-16 18:35:56
1898, 6q4flvuKj8Suw1pj7p6K, 1970-01-13 19:33:12, 1970-01-16 16:07:33
1899, RcxgN4DNb3vpYBL8oSx8, 1970-01-10 19:32:48, 1970-01-14 09:43:14
1900, A0tWmUK4ppweIxjZzkx8, 1970-01-18 07:54:00, 1970-01-18 07:54:49
1901, UgrDHmKoKzAR0s0m2Pkh, 1970-01-04 04:03:31, 1970-01-08 23:09:10
1902, i9hY4dQCwLvDesqBMDzo, 1970-01-16 13:06:27, 1970-01-18 02:34:05
1903, gYsPLm8VRA2BOOnkFaAB, 1970-01-05 21:48:07, 1970-01-06 21:32:34
1904, 5C3yudyFZNEVKh6Jbyk2, 1970-01-14 23:00:52, 1970-01-17 07:01:36
1905, 7WIRQA66CwLv5ueRz6gd, 1970-01-17 18:43:14, 1970-01-17 21:08:35
1906, MdCFymsQ0SVpu1TRKGEc, 1970-01-12 19:01:51, 1970-01-15 21:32:34
1907, f1qfraNXpRHIgnVEHdee, 1970-01-05 18:08:32, 1970-01-07 11:52:35
1908, NeJIqhDxKMZHM0bFGID0, 1970-01-02 13:41:53, 1970-01-09 07:25:47
1909, aj7ISV6eJGKv5a55TSVo, 1970-01-17 04:59:07, 1970-01-18 05:57:28
1910, PmIKwcUhAtbqFJr1ZzdB, 1970-01-17 21:03:34, 1970-01-18 01:35:59
1911, e7Z86Ca8Z1Z2IyrZnA7c, 1970-01-07 19:09:58, 1970-01-15 14:15:52
1912, cPRYQQGjJVLTa1Y7eMdr, 1970-01-09 16:52:15, 1970-01-17 05:16:44
1913, VQinOT7AVGxLsL0VAy4w, 1970-01-15 01:24:09, 1970-01-16 17:30:31
1914, c3uwJ8xApYdjApvRedlm, 1970-01-13 09:36:34, 1970-01-17 19:21:52
1915, wCd4abFPv7Kxwhvu7m23, 1970-01-05 05:12:01, 1970-01-06 07:02:13
1916, HWKdNISJC6cAtJJXzUpD, 1970-01-09 09:22:55, 1970-01-14 03:45:16
1917, hA7wuAcxo7avRXugzSDI, 1970-01-09 04:37:01, 1970-01-15 06:50:38
1918, s3EAQomNswpzZhiIrOAp, 1970-01-13 20:45:27, 1970-01-14 19:33:54
1919, 4SsWVNGIr4j5CvdmLugk, 1970-01-15 05:09:16, 1970-01-16 02:57:14
1920, meAuxL1wcAo7Mz4nfqrV, 1970-01-04 11:09:08, 1970-01-11 03:07:05
1921, HzngRDKlS6XYf71B5Drf, 1970-01-08 04:00:58, 1970-01-17 15:52:27
1922, C4GTMVLZTGDVKZNUpjXb, 1970-01-17 15:05:02, 1970-01-18 02:44:07
1923, nfvMXsG4B072hl6JIr5H, 1970-01-17 19:09:01, 1970-01-18 04:56:12
1924, gEqvWquSRCnboPeJ2oLR, 1970-01-12 16:09:50, 1970-01-13 06:09:25
1925, kWCyeIx2aIHzfjLcFKj9, 1970-01-11 04:47:33, 1970-01-15 22:32:14
1926, mehCCHHa88LjKsZzKGzc, 1970-01-04 01:21:03, 1970-01-15 14:31:39
1927, X4iKEDaedWFK3aRH6wTU, 1970-01-07 07:53:19, 1970-01-12 10:47:49
1928, Cn4NiR40dMPoA4tSnUQv, 1970-01-06 09:53:36, 1970-01-18 03:18:01
1929, HJotEFX1IoznkFCjlHgV, 1970-01-15 14:12:41, 1970-01-17 07:55:26
1930, i982QXWngZRBJnCvEJT6, 1970-01-07 11:43:56, 1970-01-16 15:23:01
1931, L1RfRuh50e2un5gGZ2EZ, 1970-01-03 09:36:22, 1970-01-16 20:00:32
1932, y4LZYS0MmZNNDppJWvbK, 1970-01-09 18:38:37, 1970-01-16 13:48:45
1933, eWGtHWA99Cnm7eYZN6NU, 1970-01-04 17:28:22, 1970-01-05 06:10:12
1934, kTvYWNfN2SRWXj0kipPl, 1970-01-07 18:39:49, 1970-01-11 21:59:13
1935, ABRx2bmlU9g2Ugs4cEep, 1970-01-08 01:29:44, 1970-01-10 05:25:07
1936, wl5fqXyU6wQYouyTGhyK, 1970-01-05 05:54:48, 1970-01-05 17:39:14
1937, CjeO6ZjhUdxFvZ6db0i0, 1970-01-08 17:26:35, 1970-01-10 12:00:25
1938, MNDWvpUphYvgUfKeTSwt, 1970-01-03 19:56:35, 1970-01-14 13:13:00
1939, p5twz1PnEKs1r7t1VPCO, 1970-01-08 17:30:16, 1970-01-15 02:32:56
1940, Y8fyaduuvyUVpmsg2Od1, 1970-01-11 22:00:59, 1970-01-13 21:07:11
1941, 7tMI5kXQB16YSQhwir4d, 1970-01-18 00:53:51, 1970-01-18 05:48:59
1942, NgdwrRkrg9UY5uhtIXNG, 1970-01-11 21:15:52, 1970-01-14 01:54:00
1943, ClT6bnir5xJN1R4u6TWv, 1970-01-08 21:56:30, 1970-01-10 15:44:03
1944, 71BVAx6PIJ50IhIzMos4, 1970-01-08 09:08:59, 1970-01-11 02:59:32
1945, HuUXeM87rugJshnu1CUK, 1970-01-10 11:47:52, 1970-01-17 03:10:43
1946, q2Gvw0yS59mcT19vZNJW, 1970-01-16 03:56:58, 1970-01-16 06:14:24
1947, tuDlKLeU0VWG7pOmf4Rt, 1970-01-03 14:00:17, 1970-01-16 16:02:27
1948, 96SeBXvtlEGXc1aBG4g3, 1970-01-16 10:15:01, 1970-01-18 05:55:17
1949, k1qc4YBeExUhDAQMLeIk, 1970-01-04 23:54:43, 1970-01-13 07:15:21
1950, MxBdz0O3usDCSsvoe4xx, 1970-01-12 17:18:01, 1970-01-13 07:51:20
1951, 5yTlm9E1g6fcEpTgbaBQ, 1970-01-17 01:05:43, 1970-01-17 05:43:40
1952, HNngnJZbx6eXIBGeBiH2, 1970-01-06 11:21:41, 1970-01-14 01:54:47
1953, 93f1RcT5DlnmVMVJKs5o, 1970-01-06 08:41:18, 1970-01-07 12:16:54
1954, YSS5zTBAGOGG9VWp3plS, 1970-01-10 06:15:43, 1970-01-16 19:02:31
1955, bL9DDHPttwkP5Vk2nbH7, 1970-01-10 18:49:30, 1970-01-10 22:39:55
1956, xPplYUbr1uLMcEImtkGc, 1970-01-16 07:59:52, 1970-01-16 15:16:57
1957, cbijwIqVEfptmJ9guYug, 1970-01-03 20:33:17, 1970-01-05 16:09:13
1958, sOcr7khIydK5tDwNft8L, 1970-01-18 07:44:23, 1970-01-18 07:54:02
1959, vEfra2KFjZvYRtYC7VC2, 1970-01-09 03:38:46, 1970-01-11 07:54:24
1960, LFC9jkHI253tHmePizAu, 1970-01-04 04:43:38, 1970-01-12 04:19:35
1961, PKtVXwqCTEMxS75gFYBb, 1970-01-08 08:58:08, 1970-01-14 13:42:43
1962, 2xCh4LUGcSPjwqCr09Sh, 1970-01-16 00:48:19, 1970-01-17 22:46:08
1963, Eom84eAavGJQ9OGMqW3g, 1970-01-12 20:41:53, 1970-01-16 21:13:17
1964, sKPgyaFPqh7p97uN3g3j, 1970-01-05 23:51:58, 1970-01-09 17:04:30
1965, Ouzprjw69k9Tf06I0w9Q, 1970-01-04 15:53:23, 1970-01-13 18:34:59
1966, UdKwFiNhvjQbmoWdgLoC, 1970-01-07 07:33:27, 1970-01-13 09:17:05
1967, RihkupcpFHQhP0CjvR5L, 1970-01-11 16:23:05, 1970-01-12 16:48:26
1968, qVeq3g4iIXObpnWwebZC, 1970-01-05 17:05:47, 1970-01-10 20:41:20
1969, m9BfeFVcYHrKT8Vl9ao9, 1970-01-17 16:32:43, 1970-01-17 20:34:52
1970, XHcp5iblsVTaabqPve8V, 1970-01-07 20:57:11, 1970-01-14 05:51:53
1971, ETyP8aZxcLU4SWt2OMCE, 1970-01-12 01:38:02, 1970-01-15 04:08:57
1972, tGRwJ24LpZP0n7ZfdVaf, 1970-01-17 20:30:08, 1970-01-17 23:01:06
1973, jqsOHyrnjJacB0nyZhr2, 1970-01-12 10:39:15, 1970-01-13 02:31:31
1974, VEA9sLflr1CTUDT0xTt3, 1970-01-16 23:13:58, 1970-01-17 21:24:30
1975, H2RLtLyhD593pbhHOcSX, 1970-01-10 21:26:13, 1970-01-16 14:54:14
1976, 2jRUPDdG9kr90rxoDfJ9, 1970-01-09 15:28:03, 1970-01-13 06:41:36
1977, 7cKEzUrcqBT4RQRpq69g, 1970-01-06 06:11:47, 1970-01-10 17:00:50
1978, TTdi2wkg7t24uDUNr57s, 1970-01-07 05:38:20, 1970-01-14 23:43:42
1979, MPoyjSnWHQ2wBVtg54LV, 1970-01-06 07:14:20, 1970-01-09 11:47:06
1980, IDg2UwR9vrYT9Gly2qdn, 1970-01-08 01:33:19, 1970-01-12 14:15:07
1981, 2HFkSwqY9pmnVCAlkWTq, 1970-01-05 12:01:51, 1970-01-15 22:38:37
1982, aaliPWS3TNbfXXyrDxxt, 1970-01-10 02:51:06, 1970-01-14 02:03:30
1983, c6x0d5FaNM4mGJGTj106, 1970-01-17 17:03:49, 1970-01-18 07:37:38
1984, jf97fOiz3ICUWMpypliE, 1970-01-12 12:39:18, 1970-01-14 13:25:21
1985, sGPcGcvJaYQPZM9ugXM0, 1970-01-15 19:30:52, 1970-01-16 23:03:35
1986, 7T75eaK5dW2nMc3vL2Yh, 1970-01-17 09:06:07, 1970-01-18 02:33:21
1987, Zi4Qr8ZURoUe5mJ9vO0X, 1970-01-15 20:46:35, 1970-01-16 15:03:51
1988, 2VyqL8vo3IvOanC8RQ8H, 1970-01-05 20:11:27, 1970-01-11 09:46:33
1989, D8MaNFB0xTNDCi3Bxexl, 1970-01-16 19:27:31, 1970-01-17 12:50:15
1990, ldQJiwl3tgH3tpT0CNAg, 1970-01-06 03:56:14, 1970-01-10 16:09:29
1991, w1KrgL3DycTLX1f9cPz0, 1970-01-15 19:52:49, 1970-01-16 10:23:42
1992, 5uNdAaRzzc5lbLvHfdxK, 1970-01-09 05:46:03, 1970-01-11 11:18:42
1993, eswSDGTNAa9QMDaiM7FD, 1970-01-06 10:34:00, 1970-01-10 21:01:16
1994, pmZHfNa1Hoq4ZuPUd7SC, 1970-01-12 03:54:17, 1970-01-12 22:59:01
1995, ZaBDwmn9Q6Ag2NFk22nO, 1970-01-03 12:55:05, 1970-01-13 02:48:01
1996, ObH8QeKFZcJ7NPI3bv6w, 1970-01-09 02:32:01, 1970-01-15 21:48:16
1997, cNjgEklUo6FAxT4Sy442, 1970-01-17 04:24:27, 1970-01-17 12:01:53
1998, nIdqCMhBpCmyxAt47TKP, 1970-01-15 22:25:08, 1970-01-16 02:12:58
1999, 6oKWHEoFMT6IEYzz4yqz, 1970-01-15 21:09:47, 1970-01-18 05:28:58
2000, 2jEHy1TOqRPn3itFSYfv, 1970-01-14 14:02:23, 1970-01-16 05:11:08
2001, 6h0SkNb3OtogVrhMexmF, 1970-01-05 07:34:53, 1970-01-16 06:27:04
2002, sBDROSve04Mif4v9NmNm, 1970-01-14 12:17:59, 1970-01-16 02:42:44
2003, Q4eNxmly2ElOUTJE1xQV, 1970-01-17 00:04:18, 1970-01-17 06:29:54
2004, 4ZAg6rwsI56h5B8VBn99, 1970-01-10 14:16:41, 1970-01-15 00:11:10
2005, iLimwzMf6BRC6R9KI6vD, 1970-01-17 11:39:27, 1970-01-18 04:59:45
2006, LvDPmgCce85V3pD4S6Qn, 1970-01-08 09:46:51, 1970-01-10 06:24:33
2007, vf7dAkAzaBDRz3U26Abn, 1970-01-04 16:54:42, 1970-01-11 11:40:55
2008, GE9rw1ECE1Cobg6e5ADI, 1970-01-08 23:41:12, 1970-01-10 14:50:02
2009, 5gIQxgE82iKB3f6ZXZmX, 1970-01-17 21:34:18, 1970-01-18 04:41:30
2010, TkxQjF0v9xDO1Uap1wrl, 1970-01-14 22:16:08, 1970-01-15 11:41:42
2011, xgN7RDqlKLyQe5lEHMVd, 1970-01-12 13:00:12, 1970-01-17 10:08:33
2012, FNRBoCEHpX2AGOz8dnEg, 1970-01-04 06:05:41, 1970-01-06 18:49:23
2013, IqXWY35ifZ84JnzZgLDL, 1970-01-13 16:29:07, 1970-01-17 00:01:13
2014, g14V4OyCrGMiddWaHvrs, 1970-01-04 20:26:38, 1970-01-13 21:12:38
2015, 9gsevigTYAEEZJ1CFlpr, 1970-01-18 06:29:42, 1970-01-18 06:30:10
2016, SLx34VdqLglpXfN1OhlP, 1970-01-10 18:20:00, 1970-01-18 02:29:19
2017, nbA2SCynd2clkFynHHs5, 1970-01-03 17:41:59, 1970-01-09 06:44:19
2018, tkluh4OHfd6un7KhqI9b, 1970-01-03 05:45:49, 1970-01-08 15:22:41
2019, qbaAginIoi7cGneCA04o, 1970-01-16 02:57:23, 1970-01-16 06:24:28
2020, MdKnDMcD2WB2LNiiEZ0v, 1970-01-17 13:42:55, 1970-01-18 02:45:45
2021, mY5HcnoZaYT1aOlRUBgh, 1970-01-09 09:18:59, 1970-01-15 22:59:08
2022, cwp70IhBoxizGkmkYL8t, 1970-01-11 01:39:34, 1970-01-13 12:23:49
2023, pm9E3vDnYXMXU8FDfo5s, 1970-01-10 11:24:36, 1970-01-13 08:28:20
2024, lGVGHvXjgkFADccNdfi9, 1970-01-11 13:07:48, 1970-01-12 04:16:56
2025, erFN2nR6cFzIjsdE4rvA, 1970-01-03 21:32:36, 1970-01-17 21:37:12
2026, icVw709hYqHkGV9oUpgc, 1970-01-02 19:16:40, 1970-01-17 20:07:55
2027, ShoAvWA3CLY2N1eAJPTl, 1970-01-14 04:47:42, 1970-01-17 03:29:53
2028, KH7jJ7SFLxN54lbsBrpo, 1970-01-17 13:12:56, 1970-01-17 16:40:16
2029, 0KU0jW0c169YaJ12d7d4, 1970-01-08 01:04:55, 1970-01-09 23:10:04
2030, ufkJS5eS7466I4orL1hu, 1970-01-06 04:17:56, 1970-01-07 04:22:44
2031, 9MCVR6h3y6bxuelY4mJI, 1970-01-11 15:53:34, 1970-01-16 22:28:13
2032, OcXSFt6OWy35Tr2UwNK7, 1970-01-12 09:38:26, 1970-01-16 22:05:08
2033, kxOepHNRUQ9SMB5pEgzt, 1970-01-08 13:17:04, 1970-01-11 16:10:58
2034, nCVz3WXYuHPlmvOfrOcW, 1970-01-12 03:37:47, 1970-01-14 09:15:36
2035, zGxVjHZuJfAxWbCPGYYn, 1970-01-04 09:27:44, 1970-01-16 22:34:41
2036, 8EeSNUz9lqUx4kzvcsgz, 1970-01-05 06:56:59, 1970-01-14 17:37:13
2037, hvVWqNITb00LFGmlM3KK, 1970-01-02 18:32:59, 1970-01-15 08:04:08
2038, 7YguN9PeFTcNXAo6cHri, 1970-01-13 17:43:56, 1970-01-17 19:54:20
2039, se5wwXAm0aC572GTvze7, 1970-01-11 22:14:43, 1970-01-16 00:58:43
2040, 04wAKSmH5aH2nCaENTth, 1970-01-04 01:10:47, 1970-01-05 23:02:46
2041, iJo3ZgLcRrxb1UhSIrDE, 1970-01-03 06:59:28, 1970-01-05 21:39:10
2042, gsZF2brWyFtC95vBfvmf, 1970-01-11 18:27:22, 1970-01-18 05:23:57
2043, dtrRXMdMw7wq5DQdhyqX, 1970-01-13 18:07:44, 1970-01-17 14:06:54
2044, S4xmh3pYefHfCfaKFyQH, 1970-01-07 22:26:10, 1970-01-10 17:39:46
2045, O7h3UrHC6lVB7SxQm9xc, 1970-01-11 17:58:39, 1970-01-13 03:26:52
2046, 2PRNJNTNbqLzQErqVrpW, 1970-01-02 11:58:17, 1970-01-05 20:43:54
2047, SFtqpGYjo5OvSN2r26ey, 1970-01-16 12:03:02, 1970-01-17 14:34:58
2048, TnwHSlbAkBOB4w3ptw7y, 1970-01-07 08:04:33, 1970-01-16 15:54:58
2049, PrekXjQpSzw4tTKImPpv, 1970-01-02 18:01:47, 1970-01-18 04:41:21
2050, wMFkeZIIQU3tmLL0iBz6, 1970-01-10 01:15:40, 1970-01-10 21:17:16
2051, hSVaCMi0XeuQlPhEgKcm, 1970-01-03 23:24:58, 1970-01-11 03:13:08
2052, HOEl58qGJ437KOsgkqcx, 1970-01-09 01:27:00, 1970-01-14 07:35:34
2053, eKL09z1KouZfpmaLTL1M, 1970-01-03 14:02:16, 1970-01-11 09:47:43
2054, 7Wezmp1KDHwU4JnOiQtd, 1970-01-11 07:04:23, 1970-01-12 21:12:55
2055, 0K0AFYfKahtbMRaDbRYy, 1970-01-15 17:35:50, 1970-01-16 04:46:53
2056, CLJsqxcoCCEIFBbwkbUO, 1970-01-02 20:38:55, 1970-01-17 03:53:24
2057, QRAs88zV05nbuhxkMvWQ, 1970-01-05 14:30:57, 1970-01-10 15:05:09
2058, edd8w1ZqJCxgDbuYpkeh, 1970-01-17 08:57:34, 1970-01-17 12:26:44
2059, kPaxIJV30RlMJV0mNP0T, 1970-01-05 10:34:14, 1970-01-09 09:00:39
2060, XPMt7wrnmp0M2uKTYWmL, 1970-01-15 06:51:20, 1970-01-17 16:48:57
2061, RiT0lQWuvWAcPtdOrzWB, 1970-01-14 02:28:28, 1970-01-14 18:56:28
2062, QOidT7PIPryq9pBzffhn, 1970-01-05 20:41:16, 1970-01-14 04:08:32
2063, TiwdsbJnXz2REyKSL3q4, 1970-01-10 10:09:07, 1970-01-13 04:51:19
2064, llUAfZHjz4BsNtoA9uuq, 1970-01-03 01:03:07, 1970-01-15 15:13:22
2065, 0mYhecsoo5byVXCpDCnH, 1970-01-07 05:31:20, 1970-01-14 20:01:02
2066, 3ERxtlIn7S8qruz8zoHj, 1970-01-05 16:46:46, 1970-01-07 22:30:40
2067, Uvd9fp0sMXJW4rtUNEoq, 1970-01-12 00:17:30, 1970-01-13 04:19:53
2068, EJ3t9F7JiuYI3bDTYVlH, 1970-01-03 22:17:47, 1970-01-15 07:30:37
2069, grKTeOKj6SxPYuHu3zvG, 1970-01-13 07:30:34, 1970-01-17 16:46:57
2070, bWdZ0mms8yKVr9fhA2X3, 1970-01-18 07:54:38, 1970-01-18 07:56:34
2071, 5kIfH9R0thKc3YJo5fIW, 1970-01-03 18:35:13, 1970-01-06 07:36:39
2072, VuuxKitmpiGyURZdi9RK, 1970-01-04 07:17:53, 1970-01-18 05:53:43
2073, 30ORqRrqFak0BHcamFVG, 1970-01-11 21:24:40, 1970-01-12 00:23:27
2074, sFydML3s7l5s9v1rEGph, 1970-01-14 17:28:13, 1970-01-16 03:02:13
2075, GjoRgKwXaaaBgQNJAcQy, 1970-01-03 00:53:47, 1970-01-12 15:41:39
2076, eoyWvwAtkmo4NX5eQ5mm, 1970-01-04 18:39:15, 1970-01-15 08:03:23
2077, zmsFFabAi1V2pk29zqRV, 1970-01-12 11:39:27, 1970-01-15 17:52:49
2078, WyA2mUc9f2f1QuCLrQJD, 1970-01-13 07:34:21, 1970-01-16 10:30:16
2079, 7Y0e8Ghw2THFaMzaese2, 1970-01-11 07:20:25, 1970-01-17 12:37:57
2080, SP7xdIBt2igam55EAU7h, 1970-01-06 07:18:49, 1970-01-13 01:56:36
2081, EuMW9mO6lqEGfkmROWwg, 1970-01-16 12:32:12, 1970-01-17 16:04:06
2082, 1PUCe4nvsc85ny14UMry, 1970-01-10 17:06:28, 1970-01-12 09:22:34
2083, TIeDRvXopwm9aO3RwolY, 1970-01-14 20:24:51, 1970-01-18 04:47:52
2084, Srtwam2fYUJLCE8X6xfq, 1970-01-14 01:39:03, 1970-01-16 15:44:17
2085, dlYZm3GhicPYAlpul7b3, 1970-01-14 04:34:23, 1970-01-17 12:18:46
2086, Mk7V01kDPVexTZNYLWWf, 1970-01-17 07:30:07, 1970-01-17 21:36:40
2087, Fuf6fnmKWPfLMJtHU5Rd, 1970-01-06 23:00:05, 1970-01-07 20:10:32
2088, HzXqsPiguEUaojbqmUqE, 1970-01-05 04:13:29, 1970-01-07 05:06:01
2089, oI7WcCosqMj6wwYwrv1l, 1970-01-05 02:08:03, 1970-01-17 00:33:05
2090, jXfRNNeWtJkZVsx8U6VS, 1970-01-07 20:15:10, 1970-01-11 23:56:01
2091, o4BZKEBoh7lvGlUmkgR1, 1970-01-07 03:01:21, 1970-01-11 11:07:40
2092, pbQgVecp0LmuwqAEClLr, 1970-01-15 04:11:09, 1970-01-15 20:54:26
2093, lCJxxz8dzdIGSjgeb5Gs, 1970-01-11 19:01:19, 1970-01-14 06:13:21
2094, gIbxfCaJg1z0g2ADm1mZ, 1970-01-04 15:17:07, 1970-01-16 05:40:22
2095, CRBUVuBrfTW5VMesAzR5, 1970-01-16 21:20:36, 1970-01-17 03:04:04
2096, Nu6FUeCpqoF7NfAKBjdk, 1970-01-09 18:00:33, 1970-01-15 01:05:18
2097, a1CElMHN627lshyzUjfw, 1970-01-05 09:08:56, 1970-01-06 16:29:58
2098, UAXO6n8xo0lpg1DUfzmW, 1970-01-11 22:58:35, 1970-01-14 04:13:24
2099, o3S2bF6Ci0Jkzw2hq0sD, 1970-01-15 15:56:14, 1970-01-16 02:34:48
2100, b4I4w9JC0QeNspREy4v8, 1970-01-09 04:19:25, 1970-01-10 18:08:00
2101, lL4uu5PvNknCjw7sz6sh, 1970-01-12 12:36:46, 1970-01-14 07:51:38
2102, 9kEjtZuZuQThEp8ueM4Q, 1970-01-05 00:53:50, 1970-01-14 21:19:38
2103, chXSyb2Vz1WsnOi47DB8, 1970-01-11 16:16:06, 1970-01-17 07:42:43
2104, BzmqJ9oApavbO30GIzhf, 1970-01-12 03:40:29, 1970-01-12 06:15:26
2105, q99A2J9pvbwxM8AWjnRz, 1970-01-16 14:58:03, 1970-01-18 07:54:18
2106, hWKhdCgaZerKWrLqyGVq, 1970-01-10 13:48:55, 1970-01-13 01:11:34
2107, YVQVRPS4VXVk1Lk2P14W, 1970-01-07 17:14:32, 1970-01-09 14:31:58
2108, BL4vtm1PnpHP4cJa357I, 1970-01-06 21:43:18, 1970-01-10 10:25:04
2109, 7TdQJr1XFWoREjN2JEfp, 1970-01-05 14:20:20, 1970-01-11 13:20:51
2110, jFfVYX3DZ2CDrrUt7dtJ, 1970-01-13 22:36:35, 1970-01-17 07:42:31
2111, 78WNHcpIQtX6sLSdDRZG, 1970-01-04 11:16:45, 1970-01-15 17:19:36
2112, 4ZdCV7xEB2W5AMSebzQi, 1970-01-10 09:40:52, 1970-01-15 23:27:21
2113, qDBJTuy4VEdVQGjGBOs6, 1970-01-06 09:47:19, 1970-01-13 22:53:54
2114, VVj3ckL3iWwwVigdieqO, 1970-01-07 11:08:51, 1970-01-13 10:48:43
2115, 9hwQPWbnKZYx3iHejNRB, 1970-01-11 10:46:37, 1970-01-13 17:49:18
2116, oatl77nPR9CNxgV9XXTM, 1970-01-11 07:38:12, 1970-01-14 22:27:22
2117, zRcZWLNkVRXeppz6Kyrb, 1970-01-04 01:19:17, 1970-01-05 01:04:35
2118, 9uMHcG7WxWoPRg9EBJOF, 1970-01-04 05:22:02, 1970-01-15 22:16:01
2119, OxnCyZy6Pe3ogEKRfbpk, 1970-01-13 08:31:48, 1970-01-14 19:56:21
2120, ZgWCJem0mMEaSvwijLfY, 1970-01-07 06:52:19, 1970-01-10 03:55:38
2121, 3wXvl34dpSGY0sWbpJmo, 1970-01-05 05:36:41, 1970-01-09 21:26:50
2122, N1UC8FYMCncYtcBP3UL7, 1970-01-02 07:36:43, 1970-01-10 03:22:38
2123, ivUED47qhtwD6JZcqG0j, 1970-01-09 16:06:43, 1970-01-15 17:52:06
2124, OjEyZpz6gr0i82asEpRY, 1970-01-15 04:46:03, 1970-01-18 05:57:54
2125, QhPUF0nlGtLvAu7HPM9S, 1970-01-13 10:29:03, 1970-01-15 06:42:03
2126, 1IzjNFz3juxNahWky5UT, 1970-01-07 13:52:32, 1970-01-10 11:15:43
2127, P5dg9GB0G9OIVFuWLd8V, 1970-01-08 18:51:41, 1970-01-16 13:15:58
2128, yX5DfnK6ntBVIKwwvrtx, 1970-01-06 23:48:19, 1970-01-13 13:08:14
2129, a1PlzhSXw4Epf6BPH1pQ, 1970-01-03 01:13:00, 1970-01-17 00:56:15
2130, 7TsaJhaOCfwovuRAXUFP, 1970-01-10 05:03:54, 1970-01-14 21:50:59
2131, EFXLuzLukCNOYXbZmeC0, 1970-01-09 14:56:45, 1970-01-17 02:13:16
2132, sDfwEo70FXuP1Ercovfj, 1970-01-15 01:06:51, 1970-01-17 05:25:40
2133, CWSiBvZ7japMy66FZw8V, 1970-01-10 16:49:58, 1970-01-14 22:28:01
2134, fn0LT1txCTQRCU618TUG, 1970-01-07 18:25:21, 1970-01-11 19:25:38
2135, S7VoK3xVesZpwDXBNQOD, 1970-01-02 22:32:36, 1970-01-15 17:49:58
2136, OyI93DsiryvHrdrX8amF, 1970-01-15 10:12:15, 1970-01-17 10:50:54
2137, rq4zxSwKonOACrY3Oib6, 1970-01-13 14:42:24, 1970-01-15 01:13:25
2138, Z3Z2u1WBSeeufouRuMFi, 1970-01-13 05:59:55, 1970-01-16 13:32:09
2139, 7O24Ftp5WgJ3huTk63w7, 1970-01-06 01:07:22, 1970-01-14 03:59:40
2140, AFME4WbpTO1476G95OFX, 1970-01-12 21:11:01, 1970-01-15 20:21:09
2141, b60FS9r5aPU22SpaAssq, 1970-01-12 14:12:11, 1970-01-16 22:03:22
2142, uxf7TafvbHa6Q6UonJkb, 1970-01-04 10:02:49, 1970-01-08 21:01:51
2143, nVnDoq71nhWFX4KbwYtj, 1970-01-16 01:14:39, 1970-01-17 02:07:04
2144, cVwiSRgjFJhIzhEwCzxS, 1970-01-06 03:19:41, 1970-01-13 01:28:10
2145, maZPhhfPd42PONWfaO1a, 1970-01-03 14:38:14, 1970-01-05 09:44:51
2146, Dv93nedeqVsDyUHFUDTO, 1970-01-03 16:20:02, 1970-01-07 16:33:54
2147, P9Mq3oFO4D9Tw6NCGQIv, 1970-01-03 10:58:44, 1970-01-08 02:26:57
2148, dmY3zkNr8aenI6GAnndG, 1970-01-03 07:26:19, 1970-01-18 02:05:32
2149, a3BsOfCwogu0sIpVOgmB, 1970-01-02 16:55:27, 1970-01-18 04:24:30
2150, hwKP7GAezZ1R7LCWdd1U, 1970-01-14 22:59:13, 1970-01-15 08:22:43
2151, gbJNCbPExbzZxFfxMI7D, 1970-01-08 14:26:48, 1970-01-11 06:11:32
2152, HeEX5y0qnHBrz7Veqtrc, 1970-01-15 12:34:18, 1970-01-18 06:56:02
2153, rHJxDFp5AqwT0lhEwivo, 1970-01-09 07:35:23, 1970-01-11 09:33:16
2154, GrxnDBD5zxtUSdHKgMXN, 1970-01-12 20:38:50, 1970-01-14 19:37:06
2155, Zj6bGz2G5cGqFVAPZpp3, 1970-01-15 11:59:30, 1970-01-17 12:23:27
2156, j4pWzpCqX7HaINf4xgv9, 1970-01-03 12:38:03, 1970-01-16 21:00:50
2157, THtxyEOWVwtU9NHd9Bx6, 1970-01-18 04:42:05, 1970-01-18 05:49:14
2158, fGgJkzma3cJcJ6FfgdQv, 1970-01-05 22:13:11, 1970-01-12 12:35:45
2159, z4vGBGKxNf2lXmvzbmcj, 1970-01-17 08:15:27, 1970-01-17 13:29:27
2160, j52pe6VobXCo4ziV0IT1, 1970-01-11 04:32:20, 1970-01-17 05:04:21
2161, 0Fy6UZOhrW3WriKvbLxD, 1970-01-13 20:07:00, 1970-01-15 02:30:36
2162, 9B4Naxw93TFhR6PKdc6G, 1970-01-07 15:54:17, 1970-01-08 10:17:52
2163, tNEtt76HvRJmyNFT1DUZ, 1970-01-02 13:32:49, 1970-01-15 12:04:35
2164, UmqL6bSftMglfzuahy7u, 1970-01-14 08:34:50, 1970-01-17 15:21:11
2165, p8qeRGRkqGdevSWTWCXQ, 1970-01-04 06:07:41, 1970-01-11 15:25:27
2166, lOplgvCsnyVajSiy9ira, 1970-01-12 02:38:36, 1970-01-14 22:26:09
2167, Re60zv3jJZZlV0ysZfKc, 1970-01-05 13:02:47, 1970-01-09 08:03:36
2168, 2Ty41xnN7TfR5zRQ8DWA, 1970-01-12 08:00:32, 1970-01-12 20:06:38
2169, Rl0cgY7q79EQ4w50o8Zu, 1970-01-11 09:21:05, 1970-01-15 09:44:57
2170, HBhoCR2xWoKtDHpc7YK6, 1970-01-07 00:16:31, 1970-01-17 22:19:46
2171, Ui2bYDnaKlUqf0ZohTIe, 1970-01-03 04:54:25, 1970-01-06 13:55:19
2172, vSbbsYuoWAVlWWud6Quy, 1970-01-12 22:21:15, 1970-01-13 10:37:44
2173, 2f3HLNTvNrvOUDsFwIrc, 1970-01-12 01:05:52, 1970-01-13 21:19:00
2174, CfMROkk4TIjGcmPImsCv, 1970-01-04 21:39:36, 1970-01-18 02:14:45
2175, n6W33jkFVBbScLJwujUO, 1970-01-10 07:16:57, 1970-01-16 09:26:29
2176, ppK47bCoCFBfQSy7IN4t, 1970-01-06 17:29:55, 1970-01-14 06:14:30
2177, 2sdCeRLj8gHN5NHZFsQl, 1970-01-12 04:55:35, 1970-01-14 20:24:14
2178, 4kRv8NjBLeDwFqtQttBu, 1970-01-06 15:49:46, 1970-01-17 19:29:43
2179, QQPgI8JoI6LusRKdODf1, 1970-01-07 15:55:17, 1970-01-11 17:49:06
2180, s9jG96WXEiSNprucL2ru, 1970-01-05 18:52:29, 1970-01-16 08:48:32
2181, sHQJCelr7QizH5DyVu7v, 1970-01-16 19:19:00, 1970-01-17 14:24:59
2182, 3GhYD1O8WrcAjRCBKQRE, 1970-01-08 01:37:01, 1970-01-16 13:17:33
2183, gMQ7RvPIeylulrgHRV4n, 1970-01-02 21:46:24, 1970-01-07 22:52:41
2184, eyqw1fHDMAsStGVOeRSI, 1970-01-08 22:44:20, 1970-01-11 04:18:29
2185, vhZ8HEf6lc10tnBXzyBH, 1970-01-12 20:51:58, 1970-01-16 07:51:35
2186, aloQHE0b4hUyguda8IuW, 1970-01-07 13:14:26, 1970-01-12 18:46:11
2187, AkeB0zFzGowoardxQ8p7, 1970-01-11 15:52:34, 1970-01-17 11:01:43
2188, MbotAgisxdDiWRwImve6, 1970-01-11 20:40:59, 1970-01-17 10:18:49
2189, YN47927oTi5PT3bYFfhq, 1970-01-06 11:23:48, 1970-01-08 17:16:56
2190, 6TvVEMcyfRbRNNFxglLh, 1970-01-12 04:18:33, 1970-01-14 08:56:18
2191, xOZVAgi0Vvt1AU452pF5, 1970-01-09 13:42:28, 1970-01-10 12:47:10
2192, qGIcy0I6YAglfKx2inpQ, 1970-01-15 14:49:41, 1970-01-17 10:24:03
2193, U76f2pZd0uQFshS4gIev, 1970-01-06 20:45:14, 1970-01-09 18:41:28
2194, v0N74fhMkHWg7Q6WVZyN, 1970-01-08 05:32:40, 1970-01-12 11:18:26
2195, 1kPb3SaCxdz2pRNyqD5W, 1970-01-02 12:25:18, 1970-01-15 03:34:27
2196, bvJGgrFZroNA8T9RvLt6, 1970-01-15 21:18:48, 1970-01-16 23:00:35
2197, COqdOP9PKayN39FpQfoN, 1970-01-03 00:15:50, 1970-01-06 12:54:56
2198, AHLfjfKA7jojvDIM7XoS, 1970-01-16 10:19:18, 1970-01-18 02:26:56
2199, 7VhTLTdJLoPsIcso6U05, 1970-01-08 13:11:12, 1970-01-09 10:28:44
2200, lbmCCdDpNksIvVyA06Al, 1970-01-04 18:22:20, 1970-01-08 19:59:33
2201, 0BleBPrFHrUAkr8TNdSa, 1970-01-07 04:04:28, 1970-01-12 09:12:40
2202, WuSp00beyRYqwhI9eiok, 1970-01-02 23:15:37, 1970-01-12 21:23:47
2203, tAVNQBzunrbfRIi3TsqO, 1970-01-15 17:40:13, 1970-01-16 19:54:27
2204, tUGa1IpB8mIhWcEdYWLt, 1970-01-10 18:29:08, 1970-01-16 07:31:08
2205, ajL78zUIwsRYorwp74Kb, 1970-01-05 17:02:22, 1970-01-08 01:34:59
2206, Zaj69jnTklp6m9b3acAD, 1970-01-16 01:02:55, 1970-01-17 09:45:08
2207, Uf2O7JzRRSUJ2N2tYIdp, 1970-01-14 21:12:54, 1970-01-16 07:38:40
2208, BCn93CfJXL9tZsO2S7Bq, 1970-01-10 08:46:20, 1970-01-12 21:29:33
2209, jbG6j8x9IyVrifmt7blh, 1970-01-10 08:43:36, 1970-01-17 16:24:58
2210, BO5DoeyuMeyfbdyvmmYz, 1970-01-10 10:22:15, 1970-01-11 20:24:56
2211, vTmiWPmbxcX4xWWb11xN, 1970-01-10 07:45:15, 1970-01-15 17:08:01
2212, pWeS1WIOPe0zu3azhfIz, 1970-01-07 08:15:36, 1970-01-11 11:04:35
2213, a8kHpFRGXShyz7r707uF, 1970-01-17 12:52:00, 1970-01-17 18:06:38
2214, ksc7EmJqUTFcuzwJcxSe, 1970-01-03 19:14:07, 1970-01-10 17:26:18
2215, Ql8HHcwWVzD9jFXvjd43, 1970-01-16 11:47:58, 1970-01-16 18:37:04
2216, OwC0S0GumoQCMcWGQO9k, 1970-01-09 04:03:27, 1970-01-10 22:41:55
2217, kcEfoupQ8mHocn2sVkzB, 1970-01-05 17:31:31, 1970-01-17 03:49:16
2218, 5XaVRmUETIk4l0hcujjE, 1970-01-05 07:17:59, 1970-01-05 20:30:10
2219, U08wf37aQOw5iw2nkbet, 1970-01-17 11:22:23, 1970-01-17 21:00:40
2220, djxoywlcxBNmemuTIG3P, 1970-01-04 00:31:10, 1970-01-16 09:33:37
2221, 22QRnpswwgddXkQiC1p0, 1970-01-04 09:25:25, 1970-01-06 12:08:09
2222, QDeiX76bhhKtEpJVTciO, 1970-01-13 23:18:11, 1970-01-15 11:47:56
2223, jJDVx3DR6i7zN7LhyjFy, 1970-01-03 10:53:22, 1970-01-07 17:46:55
2224, GvLWXOA3GJibfbFLQzFp, 1970-01-06 02:05:47, 1970-01-11 18:35:45
2225, fGHg7gLaBFWgk4bSco7Z, 1970-01-04 20:22:09, 1970-01-13 15:04:44
2226, WGfGroblrzj69l48a4T0, 1970-01-07 10:37:10, 1970-01-10 16:32:34
2227, J8yYyk12fAYW8rHr7boj, 1970-01-14 04:53:46, 1970-01-14 20:49:50
2228, bRni2hLSG4UNFVssKDPP, 1970-01-11 23:43:29, 1970-01-13 23:19:48
2229, gbHWx6Rii4DsH0nOusuj, 1970-01-13 15:31:34, 1970-01-17 04:13:46
2230, 4J5p6bEvq15Z6e2ggU6B, 1970-01-15 02:09:41, 1970-01-16 22:46:14
2231, Xg00s8z0YGL69QXUvWfN, 1970-01-02 14:19:23, 1970-01-07 07:16:15
2232, mBulQqHyJWgCAEo0YxvJ, 1970-01-07 23:29:41, 1970-01-18 05:04:09
2233, ZJt84zhUVPe3YyUMuwgD, 1970-01-02 20:34:14, 1970-01-03 20:23:07
2234, XltuQ5n0GHHjEBiv0Nvq, 1970-01-08 09:59:36, 1970-01-13 20:18:35
2235, 6FOFXJ23hOsEhgQgqweX, 1970-01-15 02:06:27, 1970-01-16 05:13:11
2236, yrk64YXH35pKPvUeu1pY, 1970-01-08 14:16:25, 1970-01-13 00:42:14
2237, 0Jy2FkzrizOEgFAEa3kJ, 1970-01-14 23:45:58, 1970-01-16 17:34:13
2238, LeNOJADjX39FRYNSdsWm, 1970-01-15 13:46:06, 1970-01-17 21:53:31
2239, Kd8rjmwSwchAS0S8gpRz, 1970-01-15 09:32:30, 1970-01-17 11:54:43
2240, 8ZwrglSGZyjbOfMmuqTG, 1970-01-03 00:10:44, 1970-01-18 00:48:42
2241, Uf2AOfhwMECzqboZMAWs, 1970-01-13 03:05:25, 1970-01-17 13:57:58
2242, TzSRY0pFWsAPgLt7zBqa, 1970-01-03 15:39:34, 1970-01-13 02:48:25
2243, ozD8xKqVnFCbqERLjw74, 1970-01-09 02:51:18, 1970-01-17 08:22:42
2244, lCFWsRYNLHF1rLW8ZVHj, 1970-01-15 11:06:39, 1970-01-18 02:07:26
2245, 3EzDAxKDWERqvKbFRWVt, 1970-01-13 12:45:02, 1970-01-16 12:17:30
2246, CYMQt8BX8SJdl3FygQmb, 1970-01-15 19:36:38, 1970-01-16 10:07:37
2247, MUAgMZygQSm5czb6yYuG, 1970-01-06 16:44:42, 1970-01-13 07:47:32
2248, RmjRZA8ClkAM6WF1PBol, 1970-01-14 03:38:16, 1970-01-18 04:39:01
2249, mk7vZwOuKfDYJUk3HIVj, 1970-01-04 03:27:50, 1970-01-12 21:17:13
2250, kFhW0YZkLExPJHXZvDG5, 1970-01-06 02:36:40, 1970-01-11 22:36:47
2251, nfBMfVAD3gJaLFTvfJNT, 1970-01-02 16:02:57, 1970-01-10 05:26:57
2252, 90nshuQVkoemNQP0Zplv, 1970-01-05 08:10:06, 1970-01-15 00:03:59
2253, bbPBtzKtDnovvAB9llgG, 1970-01-09 20:38:38, 1970-01-10 18:48:16
2254, i61hZIz9XkEKaWDQ5xt5, 1970-01-02 10:59:13, 1970-01-13 15:27:56
2255, thiRZEEDWIIC6NhyfyzN, 1970-01-04 13:34:19, 1970-01-05 08:40:13
2256, cEg79JtKVMPTxmCHt1D3, 1970-01-09 04:44:41, 1970-01-18 02:19:04
2257, SKZsGImFkCaiNMZV3mln, 1970-01-09 07:35:06, 1970-01-17 12:04:15
2258, fsdoJroCL2KGNxRv40kK, 1970-01-14 21:06:59, 1970-01-15 08:14:35
2259, f5wcsivB0vTWpsZLRgMY, 1970-01-11 16:04:28, 1970-01-15 02:49:01
2260, JoHMHbERyFPPMPSjC12z, 1970-01-09 16:49:28, 1970-01-14 00:47:52
2261, L9E9QwjudiZ12cWJ0KuY, 1970-01-11 16:15:04, 1970-01-17 06:50:44
2262, uVu0FosYDfVRrj4EFu9R, 1970-01-14 02:22:21, 1970-01-15 05:13:55
2263, G5xbdc4UKQheaxKnOKpo, 1970-01-08 12:49:35, 1970-01-12 01:32:07
2264, rR18RyuRuLNwHQ5RwGKl, 1970-01-08 15:52:46, 1970-01-14 10:12:45
2265, NPukOI8YIRtIEl8Xno4q, 1970-01-13 18:59:17, 1970-01-15 03:40:04
2266, EUClOrtq4DnnHqqCcU7s, 1970-01-14 14:11:20, 1970-01-16 04:36:15
2267, 2R2klRuhVwDvh3aDA3bk, 1970-01-10 14:33:58, 1970-01-13 11:41:29
2268, X04zDN3NUHHvF5ATnvsr, 1970-01-15 19:45:25, 1970-01-16 07:50:34
2269, PkRPLyOc3kSnHtQLbKdR, 1970-01-13 18:06:59, 1970-01-15 12:07:50
2270, CnzuPxy3fRygp9KMECOe, 1970-01-05 04:03:48, 1970-01-05 08:47:15
2271, dLAW9q1PZU36jBSiRvz6, 1970-01-17 14:43:09, 1970-01-17 21:29:30
2272, BIBefiwVGgywWVOMSdRS, 1970-01-16 08:53:11, 1970-01-17 15:15:18
2273, VsPqGEIzc3rAJuFDlrd9, 1970-01-04 11:57:51, 1970-01-07 20:19:13
2274, A08g29IYtmJyQrvs4JPz, 1970-01-15 06:01:57, 1970-01-15 18:59:28
2275, ikH3fErWNQXpcTYJuXr6, 1970-01-16 14:19:22, 1970-01-18 06:10:32
2276, wzEWSBC54BKNj6XDyyn1, 1970-01-09 11:28:57, 1970-01-17 15:07:32
2277, 4PXUhYsvvvOe1D1IBAPo, 1970-01-14 06:16:04, 1970-01-16 17:06:16
2278, QKsV7bbpvrhyyS0LxwTO, 1970-01-05 04:45:03, 1970-01-09 20:44:49
2279, Ru35AxqXCs9EqUnQVbgg, 1970-01-09 00:40:54, 1970-01-16 00:43:02
2280, KfIF8f9gLKJwfo472kEc, 1970-01-04 14:00:01, 1970-01-16 04:23:31
2281, VVi0ddzA1snELsIOZXa5, 1970-01-09 06:30:16, 1970-01-18 00:01:21
2282, pYauGaHroJcd10Lo03DY, 1970-01-06 23:23:35, 1970-01-11 19:14:39
2283, Mrdu7InRGxt7uj6q1rTP, 1970-01-05 22:33:30, 1970-01-14 03:54:30
2284, vZnrAaNkseW6eQeh4FTQ, 1970-01-18 06:49:37, 1970-01-18 07:41:06
2285, Kf7g6UsNSEj9cP6clQha, 1970-01-02 20:46:57, 1970-01-07 19:48:10
2286, oMnqoRaBjwcYA6NadiRS, 1970-01-17 11:34:45, 1970-01-18 07:14:41
2287, GtPmaG0pe0BjNmwOwUo0, 1970-01-11 06:44:06, 1970-01-12 05:55:32
2288, fLNIsWqocwyQ0NnYnHV1, 1970-01-05 05:51:09, 1970-01-14 00:07:21
2289, Ul9IHqKTc5M5a5hxgztC, 1970-01-11 13:24:34, 1970-01-17 21:47:55
2290, x38NvdRhlSp1JXBoXEVr, 1970-01-08 07:12:31, 1970-01-17 06:47:44
2291, 2gWd0QSFJk8kIflsc5si, 1970-01-12 09:30:46, 1970-01-17 19:13:59
2292, JxUxvBAuZXzMLCtqiaiB, 1970-01-11 21:19:56, 1970-01-16 19:10:03
2293, xx0VcD3XknlmKdzNk6HW, 1970-01-17 01:54:00, 1970-01-18 06:39:08
2294, d7pjMJXO5rD8wLCh3L5P, 1970-01-16 03:11:28, 1970-01-17 03:04:00
2295, ddIXUbOmPdA0TwdcHM4t, 1970-01-13 16:09:57, 1970-01-16 08:50:43
2296, aS12q4N4lOWJC72iBMcr, 1970-01-05 22:00:02, 1970-01-06 08:49:07
2297, YrnQGAoDYPYRK5J9tGqU, 1970-01-14 19:02:29, 1970-01-15 12:24:21
2298, 09CqY2mJwqzBaYzvY8Br, 1970-01-11 16:10:36, 1970-01-11 22:27:35
2299, AOgrcpxMf1yWgQIw4fJc, 1970-01-17 22:07:59, 1970-01-18 00:28:45
2300, eehSTjvem7iIUiqZWjL9, 1970-01-17 13:27:20, 1970-01-18 00:22:09
2301, 3hLDVzwL2zXcrUG4v8Qq, 1970-01-12 04:02:26, 1970-01-16 22:37:09
2302, zp8Gtq6wiHDYzYuwDZa1, 1970-01-13 03:07:43, 1970-01-14 19:52:00
2303, MNm5Hu1xVs43rLNtqEe4, 1970-01-06 08:43:21, 1970-01-14 23:04:24
2304, smR4NWSkKrOd3OeSV0Li, 1970-01-16 15:52:22, 1970-01-17 23:20:43
2305, 3oiw18mzR2GjWlnlxFLx, 1970-01-18 07:34:29, 1970-01-18 07:54:04
2306, jNZoSgEoV3YlaTYi2thu, 1970-01-02 16:13:01, 1970-01-16 23:45:12
2307, a14DnHnMutXtE98MOg05, 1970-01-14 03:08:19, 1970-01-17 10:08:43
2308, IgAAZaYyHMDU0ZkF3yOI, 1970-01-14 04:18:23, 1970-01-18 06:36:53
2309, UUjFJusIvvzg0To0IqNg, 1970-01-10 06:16:12, 1970-01-11 13:55:31
2310, jYORWcuGB4KeipTvXlAz, 1970-01-11 20:12:34, 1970-01-13 09:01:33
2311, tgscR4tirLd0ef0H93ma, 1970-01-16 07:03:05, 1970-01-18 02:37:48
2312, MfFmoHBvb0IWm2HVtpeB, 1970-01-05 02:00:35, 1970-01-09 05:28:50
2313, v9YtWAThvmh0PG1omdeV, 1970-01-09 02:59:17, 1970-01-11 02:41:45
2314, xidiNZteSZB90ZIbqXYV, 1970-01-12 02:19:36, 1970-01-17 19:41:14
2315, uXU3atwZf0aNdlxtECPA, 1970-01-17 00:16:29, 1970-01-18 02:04:25
2316, uAuaa41HMJ7qYg9iaL1S, 1970-01-17 20:32:08, 1970-01-18 04:44:35
2317, tJmoTQQRFjNqZem3KdVH, 1970-01-06 23:35:44, 1970-01-08 14:42:42
2318, Rz2Um0bUnDLEjf4yhQl4, 1970-01-11 06:18:31, 1970-01-18 02:37:48
2319, tZ4vbVdXGw3aiIM2Yt65, 1970-01-08 10:46:00, 1970-01-08 13:44:02
2320, ZdR3x1fTFSOMJUFPI8yE, 1970-01-11 15:45:11, 1970-01-15 10:18:33
2321, O1r17YOPuQqOysbR9tGA, 1970-01-03 17:48:01, 1970-01-07 08:17:06
2322, VIPlDWyZvLQxIg3hu5fi, 1970-01-07 16:28:34, 1970-01-12 09:39:08
2323, SAx8WHuGRYE8RZaPYihl, 1970-01-10 19:10:06, 1970-01-14 00:03:32
2324, zW8wfQK9tcPzxMke5Xcg, 1970-01-14 16:34:20, 1970-01-14 20:55:44
2325, aZtvvRKJLhRTlnUHW3ja, 1970-01-16 06:42:34, 1970-01-17 21:26:04
2326, oUb6CTeMRAAEwIxWpCMK, 1970-01-05 07:42:52, 1970-01-17 17:57:04
2327, hDamtbOsxYdyUoS1tYNi, 1970-01-06 04:21:51, 1970-01-11 12:24:50
2328, r6p4BO98cZkR0HqYwba3, 1970-01-11 20:59:55, 1970-01-16 08:44:47
2329, j5cZuZGf0JBzf3RgNfMB, 1970-01-15 12:26:35, 1970-01-18 03:19:17
2330, yXhD82coUKbZ84RrI7yh, 1970-01-09 08:34:51, 1970-01-16 04:59:52
2331, YV8nWs6bft91trKDlgD9, 1970-01-16 02:03:24, 1970-01-16 04:20:18
2332, rvG06Hx76qNdK7jq1QjV, 1970-01-05 10:51:23, 1970-01-14 15:37:00
2333, dewKJRnYhyxuUXTJcsC7, 1970-01-09 10:27:21, 1970-01-12 06:58:35
2334, nfS9TWMwJhZPIMOtL7T0, 1970-01-10 07:00:00, 1970-01-17 20:49:18
2335, Bv8ochpjTFI60MR0l8Pm, 1970-01-03 07:08:37, 1970-01-17 20:50:47
2336, harKYw1tonsSoyJlISmR, 1970-01-13 10:02:45, 1970-01-16 15:23:06
2337, Y5P8sDNyxWYBItAR870U, 1970-01-16 11:20:38, 1970-01-16 18:45:41
2338, tKr62l6YsChrHRMvDmLE, 1970-01-12 09:30:03, 1970-01-17 12:20:19
2339, QIbTqXoxFbCrEAEkkcmE, 1970-01-04 11:19:33, 1970-01-06 02:34:15
2340, 8YdFDuxUyHMaVJqE3jvw, 1970-01-17 22:05:55, 1970-01-17 22:29:37
2341, VQyJvZhRUG08eH7FJ27R, 1970-01-08 09:24:03, 1970-01-10 12:20:21
2342, cSaPfCR6u1C40jctEqC3, 1970-01-04 09:16:13, 1970-01-13 03:00:24
2343, TstaIEQ7d5NYiRISjAX8, 1970-01-04 09:10:19, 1970-01-06 09:11:17
2344, 0QFYIgrO1sULpRqgKgaF, 1970-01-13 10:47:05, 1970-01-16 01:55:09
2345, YaiMOPpdTPVwBAp2qOCA, 1970-01-10 04:33:13, 1970-01-13 14:39:24
2346, TMBMEF0nS7tav4dFy4uD, 1970-01-03 19:34:54, 1970-01-12 20:51:43
2347, mjLlxNpU7TCubpV2pdwf, 1970-01-08 16:41:56, 1970-01-17 00:07:03
2348, PAyyUT6ZKjwjG3Q7Le6R, 1970-01-11 03:40:46, 1970-01-11 20:24:39
2349, msRbklg4Glfea8reX736, 1970-01-09 18:23:57, 1970-01-15 17:18:22
2350, nmo3tE67DzNk4jqFq6E7, 1970-01-10 13:21:33, 1970-01-12 02:44:34
2351, leAg9Kw0W7AWE9G1mTuL, 1970-01-06 15:26:55, 1970-01-06 20:01:30
2352, Bjh6bY58dFsWhSvPXGQN, 1970-01-15 21:50:22, 1970-01-16 11:36:21
2353, PVZtHTlt5MP2NQm1R4pU, 1970-01-15 09:26:15, 1970-01-15 12:05:39
2354, 43CMr0slrIbrppUUmDww, 1970-01-11 13:54:13, 1970-01-12 00:47:41
2355, RjAZxVNzFvI1CU6QYOaq, 1970-01-09 01:22:53, 1970-01-09 02:34:44
2356, T6MwfOnAyJJmEmtYfBnJ, 1970-01-12 10:05:23, 1970-01-17 16:56:55
2357, DVULHS0vUB8tSekVXcWK, 1970-01-02 21:50:00, 1970-01-16 14:16:15
2358, V3yvKIiFGIdOkwbLQt7u, 1970-01-16 16:33:50, 1970-01-17 00:24:55
2359, vg7TRYAvGjiZLQnXEIES, 1970-01-06 03:20:32, 1970-01-15 05:39:15
2360, 0ZEvTql7Mg6Pbmh6S3eT, 1970-01-08 03:49:30, 1970-01-14 05:31:46
2361, MVMkRHJm6Z7fx0vtXW9j, 1970-01-05 23:40:50, 1970-01-18 07:55:32
2362, m06F78dPbD5b7syh6hQP, 1970-01-17 06:10:29, 1970-01-17 07:41:23
2363, O7zJt9LlzxtFz42pWbIs, 1970-01-03 20:26:03, 1970-01-04 02:01:05
2364, y3bAoJIGuYHWnuUwDl8o, 1970-01-07 14:03:22, 1970-01-10 23:14:57
2365, JGC9xrBw18JwaFhE20aS, 1970-01-06 09:57:33, 1970-01-13 15:45:15
2366, PxMpYm5iHLbY64RR0Pe2, 1970-01-09 23:23:08, 1970-01-15 11:20:06
2367, fH5rBHPbEwRX6aY7RIMO, 1970-01-05 07:03:45, 1970-01-09 16:03:03
2368, RJWCBHsynnwufiTJX0vq, 1970-01-11 05:22:51, 1970-01-12 04:51:52
2369, Sdcjl3yE9WOVjhVBMYyC, 1970-01-03 22:01:32, 1970-01-04 13:50:09
2370, VqaYq36FSmnbFxraFbbu, 1970-01-02 22:55:13, 1970-01-03 19:33:07
2371, E4h2bLHYrouvCrFjORAu, 1970-01-11 17:22:49, 1970-01-17 14:27:53
2372, 46eUTJsaBamRzLiCYmi4, 1970-01-03 00:44:14, 1970-01-13 22:55:10
2373, e5OJa1TT9oxVgcc1IBNL, 1970-01-09 03:05:26, 1970-01-14 06:03:17
2374, 10ndC5QbMpNGqamoXqq6, 1970-01-06 05:10:34, 1970-01-09 20:29:42
2375, YczLn63ARZZCH8tFg7zc, 1970-01-13 19:41:36, 1970-01-15 22:08:59
2376, ByqBXNcGHoj3BNwZ3sc4, 1970-01-05 03:49:19, 1970-01-14 08:38:01
2377, 80bAEa6W3CtLTn5MFO21, 1970-01-02 20:51:08, 1970-01-07 02:19:29
2378, 5jJgy4TmlzyfcRQ7Uowk, 1970-01-13 22:04:46, 1970-01-16 06:36:46
2379, ul59y8rQXpc4SK8cxeQz, 1970-01-11 21:25:24, 1970-01-16 11:13:28
2380, 6xbXXjpe1vmK2rHHZcdg, 1970-01-14 13:59:25, 1970-01-16 14:14:29
2381, D2AismKQFyzsdOOwI4we, 1970-01-06 12:24:14, 1970-01-13 23:04:03
2382, ihEtCJy4yVIGZiLTF5ur, 1970-01-10 02:23:14, 1970-01-14 19:16:36
2383, DRpoKsjAQAQmMD3VRiKk, 1970-01-12 12:08:38, 1970-01-15 22:25:32
2384, XD9ew4yMKjd2wlmtpHpu, 1970-01-12 06:44:08, 1970-01-16 14:25:18
2385, Uo3ISqosYAwG3wonrGty, 1970-01-08 22:45:55, 1970-01-13 19:22:41
2386, ed0g536HngtuOEfRnDl0, 1970-01-17 14:18:52, 1970-01-17 15:49:39
2387, 9QMa3n1zwTDKCfsBIq8n, 1970-01-17 19:13:03, 1970-01-18 03:15:12
2388, iqWCm5QFlQnddX3qQ9M7, 1970-01-06 06:27:06, 1970-01-12 08:37:59
2389, qGN0qnMtY9gQy6xgFiF8, 1970-01-12 13:41:25, 1970-01-16 23:42:55
2390, koAVE955tPEGxmtUzBJH, 1970-01-10 00:21:20, 1970-01-15 23:39:12
2391, 7cehnTfffAG1SjLkuy0J, 1970-01-11 22:43:47, 1970-01-17 07:39:42
2392, KEB4DlFZhsAyHldppdt6, 1970-01-10 01:12:36, 1970-01-12 02:33:20
2393, 1RaKTgcwp3NPOZxAqc1a, 1970-01-11 05:05:54, 1970-01-14 10:53:33
2394, UaYQpwuGygDkE2MTP4Or, 1970-01-17 21:16:04, 1970-01-17 22:40:25
2395, AhTzg9wz7Db027858FJW, 1970-01-14 03:26:21, 1970-01-15 14:38:52
2396, Lp9rbU7t1Epm1O3oIOMD, 1970-01-05 01:43:06, 1970-01-13 14:21:37
2397, Xb519AZdmE5jYUjpnFWg, 1970-01-12 11:11:58, 1970-01-17 01:11:16
2398, dYG3LNM65X0BD77fn9Mt, 1970-01-13 20:15:05, 1970-01-16 21:23:17
2399, eTD1D5JheR2tRqPxTtOb, 1970-01-11 11:52:48, 1970-01-14 12:33:26
2400, StCJ8IXw2vEAGmLTYgdT, 1970-01-07 01:10:34, 1970-01-15 11:09:14
2401, MoOPof4e5IFNUK2cNQkb, 1970-01-07 07:53:50, 1970-01-07 08:20:25
2402, JNA9hFt9sgapUkIb6V5o, 1970-01-06 16:17:57, 1970-01-07 18:23:54
2403, pNPtazGCyrQrMblE26Jn, 1970-01-11 10:45:33, 1970-01-14 17:26:15
2404, Wxe9lhN2Bzm73x4rcZ2W, 1970-01-13 03:29:50, 1970-01-13 13:53:22
2405, RSiKNMGlDC3jBdaJigKG, 1970-01-14 21:26:02, 1970-01-17 06:20:27
2406, fRW88yFEGAqE5POwNPNb, 1970-01-08 23:05:18, 1970-01-16 12:37:48
2407, XM9riLOhlKWCF2XFrlDO, 1970-01-08 08:37:07, 1970-01-14 08:58:36
2408, QqV2NJhDxI0spP1XUItf, 1970-01-17 07:53:01, 1970-01-17 14:21:33
2409, TbpwOUOf0GB3dEuMWkeE, 1970-01-12 01:06:15, 1970-01-14 21:22:28
2410, aui4j22mnsCFzfoqR7Fa, 1970-01-16 04:32:00, 1970-01-16 13:40:19
2411, BTRzfBEgnQ0Ha6ZTdT8L, 1970-01-06 04:30:04, 1970-01-06 06:29:47
2412, i4Xvkfy2WFuEmb1jBE4A, 1970-01-15 00:43:11, 1970-01-17 05:39:14
2413, ckW5HA98EMa9n1P64Qva, 1970-01-15 04:28:31, 1970-01-15 10:22:38
2414, iniEnrrgPVvNjVlSTERn, 1970-01-13 02:33:25, 1970-01-17 10:09:23
2415, lbvbawZDIPoElqFyLmhn, 1970-01-06 06:53:51, 1970-01-11 20:38:52
2416, EXkrfuEed7Bo8Bq2rpEg, 1970-01-15 11:35:03, 1970-01-17 05:53:20
2417, pXEGSG7fDLcBpHNzTGot, 1970-01-17 14:56:29, 1970-01-17 23:01:35
2418, P7GGdF1rNHpueH9g1dNp, 1970-01-07 11:20:42, 1970-01-13 22:42:29
2419, VssD5CcDurtoH8buCaH0, 1970-01-13 07:59:54, 1970-01-13 12:57:02
2420, lNtuvNmpJBUi2O8jGY23, 1970-01-07 06:18:05, 1970-01-18 04:26:54
2421, kEJ0rWAobQEEQu8dAqiL, 1970-01-05 10:52:06, 1970-01-16 23:59:09
2422, yuUvHMjkK1Un3cjd8WXg, 1970-01-08 01:38:45, 1970-01-13 05:56:40
2423, MsxOdWyK1cHqHo4nColQ, 1970-01-17 09:13:04, 1970-01-18 06:14:16
2424, 9q8u0AI8Hl8jkn2iFUuj, 1970-01-02 13:47:23, 1970-01-10 18:46:28
2425, iu2JJxrjxFmS4nwu4L5B, 1970-01-02 23:16:45, 1970-01-11 12:56:05
2426, mKwol04zPbTd63sVSlHs, 1970-01-17 21:41:25, 1970-01-18 00:46:11
2427, 7e4nJ2X5VuC32O9BGO5P, 1970-01-11 10:41:49, 1970-01-15 14:47:57
2428, 5URxrKi2aJDIb3glE8xj, 1970-01-09 09:07:38, 1970-01-13 15:06:40
2429, NaJI9lt2CCkkiqiziK0W, 1970-01-09 10:32:21, 1970-01-17 21:13:45
2430, P58WP6roFjakX7YDpHPd, 1970-01-05 00:52:07, 1970-01-05 09:39:35
2431, YTxLPed2SNB813jqwowQ, 1970-01-02 19:32:36, 1970-01-02 21:34:55
2432, 2a7JTYXDT8IUnsWLgDr5, 1970-01-12 01:37:02, 1970-01-13 16:22:44
2433, 8FS97AalF9fHxIS8OPVT, 1970-01-05 01:02:27, 1970-01-06 16:00:38
2434, Kyyy2D2XrQY8K45rK1WW, 1970-01-06 12:48:27, 1970-01-15 19:24:54
2435, xwDbffZ4Y6JAWCsvOVBl, 1970-01-13 14:30:52, 1970-01-15 01:57:31
2436, hWUNUuMLb9M3LlZNiptf, 1970-01-09 17:52:46, 1970-01-14 14:36:18
2437, 0uygLnsHdeAhRhfExEm6, 1970-01-05 23:48:36, 1970-01-12 18:33:48
2438, jMCu87jgGajJQaaJfCOa, 1970-01-04 21:27:33, 1970-01-13 12:14:33
2439, QYG68mlEHgf42vUeIlaT, 1970-01-04 10:14:01, 1970-01-05 12:43:03
2440, u58YiW7GslHbM6gi0IiU, 1970-01-16 11:05:19, 1970-01-17 05:12:16
2441, eYw5fMlo4NuB33a703kv, 1970-01-17 01:22:34, 1970-01-17 03:59:26
2442, 9NdPEUUZibpDQIg0ns3L, 1970-01-08 13:54:22, 1970-01-12 11:57:17
2443, LpfdV5vJpPQuOCk6KKGu, 1970-01-10 01:57:11, 1970-01-11 03:47:03
2444, JEpsbbTp3PkKUGOFws6o, 1970-01-08 17:14:48, 1970-01-13 19:07:15
2445, 8Vs7IlhWRPL3oRii6rJg, 1970-01-08 08:38:54, 1970-01-16 05:37:48
2446, 2oX3TklvY7SkLfu9WHAg, 1970-01-06 05:22:46, 1970-01-10 18:23:40
2447, 7Xz0bp1fwJhsvFBxgjaK, 1970-01-11 00:52:01, 1970-01-16 06:01:20
2448, 27VHd1vfptqXX7dmhilC, 1970-01-09 05:16:48, 1970-01-13 18:58:26
2449, KFu0Zp7fPj90mpzfdMTv, 1970-01-06 20:05:56, 1970-01-12 14:09:39
2450, yfc1nA0Y16VWEnCB4SCF, 1970-01-15 03:29:48, 1970-01-16 06:56:07
2451, M5CAantEQWYyB9ZsiH1F, 1970-01-08 22:49:34, 1970-01-17 19:33:00
2452, rbAm8siRMpMUtLiGWcM9, 1970-01-10 02:41:50, 1970-01-17 16:46:57
2453, czoiSKbzPRbzH4eamGXV, 1970-01-11 18:18:14, 1970-01-12 06:49:20
2454, oiJt0NflCyCM0563Z3NE, 1970-01-15 08:21:04, 1970-01-15 10:30:26
2455, B5uxBWEXQKVu3kFwP311, 1970-01-02 07:31:49, 1970-01-08 05:30:23
2456, ZpkAJsjH11Td4WK0u7pi, 1970-01-08 20:40:05, 1970-01-17 19:38:52
2457, h3ChVGZdTYTKzITkN3kp, 1970-01-08 21:25:37, 1970-01-15 01:58:30
2458, TCtHx4g9DRUfD8mgphit, 1970-01-12 08:01:21, 1970-01-14 09:52:11
2459, eOVkMeLUEpetC20Mnuy7, 1970-01-07 00:57:26, 1970-01-15 07:24:55
2460, WfZRhPoRrr4wJqYxhdWQ, 1970-01-05 21:08:52, 1970-01-15 16:49:25
2461, HcPT0Yha24ro7GY6CtGZ, 1970-01-11 03:32:19, 1970-01-16 23:20:49
2462, Tt9ZjB1F5o5RWy9arBun, 1970-01-11 16:41:59, 1970-01-14 04:52:20
2463, JlcEfQN5TanfwzEI467T, 1970-01-09 23:52:28, 1970-01-14 17:20:51
2464, gtUo7E0xSVjlAVkai0Fp, 1970-01-10 12:38:33, 1970-01-14 09:45:41
2465, NSDA2JbH4hAqU0jdCAnP, 1970-01-10 18:13:31, 1970-01-14 11:47:30
2466, vmOIyQ5O7uOKAmx7hSvR, 1970-01-13 00:26:46, 1970-01-16 23:32:26
2467, wsvom0Ac4gOhQ4a0iXGn, 1970-01-03 08:41:45, 1970-01-11 06:13:56
2468, rJNHBwoUMoRdu8FRSYlN, 1970-01-18 01:07:37, 1970-01-18 02:58:36
2469, nWMgrplzzVXHfTvh5n6k, 1970-01-05 10:16:08, 1970-01-07 17:07:48
2470, KMTGRQenDgWsRnj8W6Bt, 1970-01-17 15:27:28, 1970-01-18 01:40:31
2471, 2GFeZ78O8AABcVCMfQJy, 1970-01-15 21:21:54, 1970-01-17 07:55:01
2472, Tlip0Recu3b6TICBZRGB, 1970-01-02 22:31:29, 1970-01-13 13:06:58
2473, u4WQ5dCrSNeBPrHG5fBD, 1970-01-16 09:23:22, 1970-01-18 00:10:46
2474, V8wvA4oks3yWfCOBUB8h, 1970-01-15 21:14:29, 1970-01-17 15:33:34
2475, epvJAz0GZPBGs2CTzS66, 1970-01-06 18:12:16, 1970-01-12 11:01:00
2476, AuMhNqwWsfYwd5GmsTmS, 1970-01-04 21:47:21, 1970-01-15 01:26:22
2477, fxDQA111AJMy8yq4cQwV, 1970-01-10 19:26:15, 1970-01-11 19:37:57
2478, Pdnee7ol6Ba4GiSC2cWF, 1970-01-09 02:06:33, 1970-01-14 03:22:07
2479, KOeoBoWzKKzPhOFiuf3W, 1970-01-02 23:02:46, 1970-01-07 23:59:43
2480, 17vkigkZ4XQm0H5vtqnN, 1970-01-08 08:56:16, 1970-01-17 08:01:39
2481, qCeHmw2hM4Ws2Gku2J6L, 1970-01-16 19:43:28, 1970-01-17 17:34:47
2482, h2Oy9IP0IJnteVDXHlQb, 1970-01-10 21:32:31, 1970-01-13 01:48:31
2483, 4RR6OyaHtZOkRxvw40UV, 1970-01-05 11:54:14, 1970-01-08 13:22:42
2484, 3xrmtFqZQe5aedlCVDNB, 1970-01-15 10:55:49, 1970-01-15 12:32:21
2485, b5Gnba8watUU7g1CAHgL, 1970-01-06 11:44:47, 1970-01-11 16:41:46
2486, eCV2cB2btBry2ywEFwOE, 1970-01-16 07:30:47, 1970-01-16 11:21:29
2487, MfMng28fwItRv4EhAg97, 1970-01-14 02:25:20, 1970-01-14 21:52:20
2488, n3SsfML2qmmA03Ps3Pqh, 1970-01-13 13:48:35, 1970-01-18 07:20:06
2489, WI4wiuXhfgHctQNy9Ob6, 1970-01-15 04:02:54, 1970-01-15 06:11:20
2490, D4ukNGN4BJkTnXF3ZB0f, 1970-01-07 00:58:20, 1970-01-08 17:05:00
2491, bPjKIghd1mzjlfsRNt57, 1970-01-17 06:39:09, 1970-01-17 07:59:49
2492, C1vhtB3zxTQvxXroDM5q, 1970-01-18 02:45:36, 1970-01-18 03:10:17
2493, pL50rU5OQJbO706mGGoh, 1970-01-18 00:28:03, 1970-01-18 07:16:45
2494, 764az2lWhqbcZ2jfxeXs, 1970-01-13 15:44:26, 1970-01-13 21:23:53
2495, RmDZNZADdQVf0PfJ7Umh, 1970-01-10 22:04:48, 1970-01-13 09:31:54
2496, AxmIjWbjuVJqKdsll4mP, 1970-01-03 12:18:39, 1970-01-06 08:07:59
2497, 33U3I0zovNZ9qZ8HfJPA, 1970-01-04 22:55:09, 1970-01-15 10:10:20
2498, jOKsNFG45yd42WWh1jas, 1970-01-03 23:57:47, 1970-01-10 06:34:13
2499, IxKDCCMOFPNFIvNwurEi, 1970-01-02 17:01:04, 1970-01-09 09:46:32
2500, lMPNVK6MGneTryRpvCAJ, 1970-01-03 14:32:49, 1970-01-08 17:44:10
2501, wd8uRSG5MNprGchCpqAX, 1970-01-07 15:31:16, 1970-01-15 10:26:52
2502, 8fofIGsavIv07KHdnCM0, 1970-01-14 02:54:43, 1970-01-16 21:35:33
2503, 7Gmi86gQsy4itjjYLPme, 1970-01-11 21:57:59, 1970-01-14 17:34:39
2504, zmmOAmYYV3mJbml4WtV4, 1970-01-17 06:26:32, 1970-01-18 05:26:57
2505, UHjv69SWJiq7s6BiFVMv, 1970-01-10 23:34:46, 1970-01-14 08:42:27
2506, 1Px6mi7Bk0SrfXSxXi25, 1970-01-11 22:51:29, 1970-01-17 06:41:28
2507, loobHjEeTScyGuCg1dV4, 1970-01-09 11:31:00, 1970-01-16 20:14:25
2508, EW3Q3at169xUs7CFVXzn, 1970-01-07 13:18:05, 1970-01-14 06:23:01
2509, HKex5HCOzJanZuq5wPDl, 1970-01-15 02:04:15, 1970-01-17 02:36:53
2510, skdbLOsn4SxllK4YU8yo, 1970-01-10 17:23:35, 1970-01-16 00:55:44
2511, Rb61TqO1ZJymTzv0Ffgs, 1970-01-17 05:10:49, 1970-01-18 02:17:46
2512, B8k0fkSpfo15dJiomEfW, 1970-01-13 13:07:52, 1970-01-15 10:56:30
2513, bixPaqnBRvIG6sWWSK8V, 1970-01-05 23:45:47, 1970-01-10 05:07:00
2514, pStcIUqKwBSIpfgcGgQF, 1970-01-12 11:51:01, 1970-01-13 13:52:15
2515, T4e3QlWUUw0fcJZMCOUx, 1970-01-07 19:07:18, 1970-01-10 12:13:53
2516, efjWQb30Yq9o5F5CHj1y, 1970-01-08 03:58:19, 1970-01-10 00:00:53
2517, tgi5GxLsr8itcgA0a5rv, 1970-01-05 13:21:14, 1970-01-08 22:46:01
2518, nkniv9eKe3XXn8yxmvun, 1970-01-09 02:40:35, 1970-01-09 10:57:13
2519, opWaURcmPqzoxNHt9tUn, 1970-01-08 19:49:22, 1970-01-13 15:55:41
2520, YYnbuYmQiw4mKteOqhlR, 1970-01-13 12:56:43, 1970-01-13 14:34:38
2521, DMW4DeeVPOVAmtxDLsDM, 1970-01-11 22:35:08, 1970-01-14 13:26:51
2522, s11zOmJYlLy4qMUAbiNM, 1970-01-05 15:23:20, 1970-01-14 05:40:57
2523, gtWibJrkGikR0LqNCFgO, 1970-01-12 15:31:51, 1970-01-17 04:12:47
2524, SLh1LgpxNXNCHIXKj1UR, 1970-01-16 17:47:32, 1970-01-17 18:09:18
2525, VV2v46OT8I2wsuCpFOEO, 1970-01-17 10:18:37, 1970-01-17 10:42:27
2526, mgXU2wz0HMCeSjpTamo2, 1970-01-10 18:53:53, 1970-01-15 12:41:17
2527, wBopo5dXWmJxzAr0eale, 1970-01-14 02:10:44, 1970-01-16 00:13:37
2528, IokXyX09bfqmBmcw8MtP, 1970-01-17 08:27:45, 1970-01-17 23:44:59
2529, 87l1Iy2BDjucrl299cwX, 1970-01-05 17:41:42, 1970-01-13 15:31:20
2530, kmzlsKUbh2gRvLrvLRht, 1970-01-13 05:55:06, 1970-01-16 03:11:23
2531, guQ2cB9p16cgrahUEbwr, 1970-01-02 22:55:27, 1970-01-08 20:39:58
2532, 98CEcOlukdAQcQAmLJOE, 1970-01-07 13:34:52, 1970-01-17 16:10:40
2533, lWdhkdI1xcAj8NOkGxgg, 1970-01-17 20:33:24, 1970-01-18 06:32:53
2534, 2anhc9CzfNvvtbRqnl5f, 1970-01-12 11:28:32, 1970-01-16 01:05:17
2535, DYJ7wpiB9XEIa7sNgoPo, 1970-01-05 17:49:03, 1970-01-17 11:22:31
2536, sGgXQ6WNsSjJPprJqBLY, 1970-01-09 09:17:46, 1970-01-11 03:17:31
2537, gM6iIylaI2nju5KJhidA, 1970-01-10 10:07:01, 1970-01-13 18:03:26
2538, CnJahS3CqXil0iYxVLPG, 1970-01-04 04:48:54, 1970-01-04 11:14:52
2539, C9k2TeDr2mwqo2yh3NNY, 1970-01-17 22:39:58, 1970-01-17 23:35:35
2540, BIglDJXZah6q68u6fTKm, 1970-01-04 01:01:34, 1970-01-16 01:53:47
2541, mHWiqDWhs1FAsKhuATCS, 1970-01-17 14:18:12, 1970-01-18 00:14:12
2542, h2DZyGOcR8xNM2QFEPDH, 1970-01-03 17:37:23, 1970-01-14 04:26:50
2543, YF80a9tZ3ls51mu3JLOP, 1970-01-14 08:56:37, 1970-01-17 11:00:51
2544, RkaSxZrUtIIUqrqsShDi, 1970-01-16 04:45:00, 1970-01-16 18:49:33
2545, n9w8cjFMkoAJKR3smQcx, 1970-01-16 02:34:00, 1970-01-16 15:54:33
2546, rpsN8i8MToWEInLtDT2a, 1970-01-05 22:17:28, 1970-01-09 22:17:59
2547, V7gWb3BVVVqFZ08yXelB, 1970-01-16 01:44:12, 1970-01-16 22:51:45
2548, 9b2xDQBj8q6gKrJYiQy0, 1970-01-16 21:09:56, 1970-01-17 19:07:12
2549, OIbHtq7Naw6QNzhzFkU3, 1970-01-14 09:00:05, 1970-01-16 19:04:56
2550, kHNaOIWfas1DPZqgKI9d, 1970-01-09 12:29:21, 1970-01-15 17:59:28
2551, JncLptb3Dj7Ybd7rdqrs, 1970-01-09 21:28:38, 1970-01-15 23:08:31
2552, vW9dfqZ5UUSQW4EGfKqM, 1970-01-18 06:12:09, 1970-01-18 06:44:30
2553, rwFnREMAZI11uR6G02NX, 1970-01-12 19:40:43, 1970-01-13 15:11:57
2554, Au3wVFLbqheajpVTBwyc, 1970-01-18 01:43:15, 1970-01-18 04:44:34
2555, O2QPi5rm2PUfi9YfNBxH, 1970-01-10 00:41:12, 1970-01-10 17:34:04
2556, K1gcUl8fQEMIjOqkkquw, 1970-01-12 17:49:07, 1970-01-14 18:40:32
2557, 3fjZmZTWDSrB0EbqXTBq, 1970-01-05 20:56:39, 1970-01-18 06:10:40
2558, fmENbxwsxr8Y8hqvuqVH, 1970-01-17 05:43:40, 1970-01-17 09:27:33
2559, dX5gbHHn92VKwqFKQ33r, 1970-01-16 05:17:26, 1970-01-16 13:42:32
2560, jYcOXFVCPExB8EPKxEjs, 1970-01-07 21:13:31, 1970-01-08 07:50:56
2561, f5PAphpehThjSHSUqFQR, 1970-01-07 07:00:07, 1970-01-16 10:14:38
2562, 0gtRQTm16H8CzhgNKZ3M, 1970-01-04 11:35:09, 1970-01-07 14:50:38
2563, wyQMQYiC7m5eXhzHz8jZ, 1970-01-14 16:46:21, 1970-01-18 01:20:58
2564, uOKOOoxKmhLouO2Iz6f8, 1970-01-05 03:14:14, 1970-01-09 05:27:33
2565, WHw2Cce3LJeje6RQj1Gd, 1970-01-11 13:49:11, 1970-01-17 01:20:24
2566, yqY0ZZu2EZKtNYjopdiq, 1970-01-16 09:06:21, 1970-01-17 09:46:34
2567, dWJDt8sr4C2tCKnrUbn8, 1970-01-09 19:32:48, 1970-01-10 04:24:02
2568, hbmCxMX1tjWcIKWtE8tx, 1970-01-14 18:56:58, 1970-01-18 03:39:04
2569, wNZrzk6URDbtw3MWFN5z, 1970-01-03 21:13:57, 1970-01-06 02:59:08
2570, AtnslF5kHnIl8jcS3rmT, 1970-01-16 04:39:53, 1970-01-17 05:42:16
2571, tI9cRiY4QLFvm8WRcl42, 1970-01-05 03:07:43, 1970-01-13 03:07:47
2572, a3bZon9FX8i8rtM86rP6, 1970-01-04 00:32:54, 1970-01-09 11:39:06
2573, fZ7sYUxgNZr9OnSssic4, 1970-01-07 00:03:37, 1970-01-17 09:13:09
2574, xTcyFOdapcQJgQstSkDU, 1970-01-10 10:53:11, 1970-01-12 17:40:22
2575, QpiHNc1A3SnzwS161oSL, 1970-01-09 02:10:11, 1970-01-11 17:01:17
2576, OkRr2mflk6fcpZ6rMIZw, 1970-01-16 01:22:28, 1970-01-17 10:00:30
2577, JL3EBcHnn0HSMYenWOwk, 1970-01-06 08:47:41, 1970-01-12 15:11:47
2578, scDvz08dEfNsIDcKzZFO, 1970-01-07 07:40:16, 1970-01-09 03:30:58
2579, GzfCgSiZ8sTdmjXckkOi, 1970-01-06 05:56:04, 1970-01-11 20:47:55
2580, ULgPg168TFDwM6Sg2nEk, 1970-01-14 22:59:15, 1970-01-15 03:15:13
2581, AwiequjaK2oTEbvCysfg, 1970-01-09 22:21:55, 1970-01-11 04:52:04
2582, 8DTDxQbErPVI9Lbwa2GF, 1970-01-14 23:24:42, 1970-01-15 16:00:43
2583, dr0NKMlZMGr7r01GBfFE, 1970-01-09 10:22:22, 1970-01-12 07:24:47
2584, ZwS7mPqRdPVH02Zej26d, 1970-01-14 22:43:29, 1970-01-16 06:01:35
2585, RshEw13a7B1CtOsfuT5S, 1970-01-14 07:29:24, 1970-01-14 19:56:09
2586, FjyW5HB8wmWnkerWBLg8, 1970-01-15 21:30:31, 1970-01-17 15:17:17
2587, Sr3uBmtTjGNcq7LDcktB, 1970-01-17 23:44:34, 1970-01-18 02:14:58
2588, 2EUKHH7l1PLnDLczZiNv, 1970-01-04 11:01:37, 1970-01-05 01:30:48
2589, 30zxUnWNqxVYJRH89DzM, 1970-01-09 01:52:59, 1970-01-17 14:53:50
2590, vRADT6ToTWjZ6vSYjaAB, 1970-01-05 14:56:03, 1970-01-10 11:50:19
2591, k9H4A9NQHTx3I9TMdjWZ, 1970-01-14 04:46:27, 1970-01-15 21:53:34
2592, SW7AxRdCyovGt0rT6GeC, 1970-01-12 18:15:16, 1970-01-16 22:08:26
2593, L3ebZdYlqxtd9EoRcR8a, 1970-01-06 10:16:00, 1970-01-16 04:31:13
2594, dyhk7TPk9LU6bSgYTO9c, 1970-01-11 11:31:02, 1970-01-18 01:43:13
2595, 0ojDXoebx0IPfSxov8Uy, 1970-01-11 18:31:36, 1970-01-11 23:55:42
2596, FVdFvhaoGHto3hwk3qiA, 1970-01-08 13:38:50, 1970-01-17 13:27:39
2597, x5K16y1Xm42ycvLpfora, 1970-01-17 06:01:10, 1970-01-17 08:32:11
2598, wse01qXkBqr8qk0NoCOX, 1970-01-08 16:19:41, 1970-01-14 19:30:04
2599, nDIhgfzekAolidBfMxF0, 1970-01-09 16:23:34, 1970-01-14 05:55:50
2600, P0hESYhBOE9z5pRdMR14, 1970-01-05 11:16:19, 1970-01-12 21:05:39
2601, CvJvhI3UOdlM1gCckqUI, 1970-01-11 21:34:15, 1970-01-12 07:40:04
2602, 26x66jYzbdmwSHzBneGa, 1970-01-13 10:20:15, 1970-01-15 05:55:58
2603, V3V5cJNcqiEH7pwB1cN4, 1970-01-04 05:42:50, 1970-01-11 11:58:01
2604, zIYw3pANkGkRI08zjC7N, 1970-01-07 17:00:31, 1970-01-10 05:32:17
2605, 8rxbI3FZQSeQhfun58OX, 1970-01-09 03:28:14, 1970-01-16 00:57:42
2606, KBYuBSUiaF4RsdNMe4im, 1970-01-09 17:25:02, 1970-01-16 07:11:20
2607, wfNqY0LndkMPObnZdHSU, 1970-01-09 15:37:11, 1970-01-10 20:11:14
2608, 1DEdlkLTdOT8lpbEXVth, 1970-01-15 22:12:55, 1970-01-16 20:21:57
2609, cF4cg8Hbw498NDX4Mqf9, 1970-01-14 03:23:08, 1970-01-14 13:38:22
2610, WKky3zjLXzJvDKK0y8s7, 1970-01-17 13:34:08, 1970-01-18 01:32:11
2611, urPvg0ZPRq4lLMdEDiMi, 1970-01-14 06:27:02, 1970-01-14 07:52:49
2612, ip5I6JFcvnPJ1SMcYOfg, 1970-01-12 01:51:05, 1970-01-18 06:43:53
2613, B36ZZeMDnlVhoM1mK7gw, 1970-01-08 11:16:13, 1970-01-16 09:41:07
2614, 6vJiJXrFGGHQXJwquFDy, 1970-01-13 11:23:26, 1970-01-14 22:38:23
2615, Cq5mHJnrwOxRySmFsJtz, 1970-01-14 04:28:28, 1970-01-14 20:21:12
2616, fga05Ht0NVyN2mZkCi1s, 1970-01-16 00:26:35, 1970-01-17 15:12:27
2617, 8XPx2Dgd4QYcZKS5k1BE, 1970-01-09 10:38:43, 1970-01-12 07:04:27
2618, U0kOnNR8ZeXQfvLaXi1q, 1970-01-09 07:42:06, 1970-01-11 19:52:41
2619, eGCyIqCrSE3RthzCob5Y, 1970-01-10 22:54:21, 1970-01-11 11:54:14
2620, CgttG6PcVwIDkQX8JPBs, 1970-01-10 14:46:40, 1970-01-15 03:30:36
2621, 10fzBdHINrZ2vLhdWWED, 1970-01-04 18:51:10, 1970-01-05 12:15:49
2622, e0rkF9psTRM7O7EUPUmo, 1970-01-05 16:41:52, 1970-01-17 08:37:42
2623, P7Jp4BBHm1tWvFE9JrSM, 1970-01-13 01:49:51, 1970-01-18 03:22:25
2624, OePQouQeh0AiKGtxtLYC, 1970-01-07 22:51:55, 1970-01-16 11:38:43
2625, eZ5i8OlzKvshekJHkj1P, 1970-01-03 09:52:49, 1970-01-18 04:15:39
2626, Vb2oCiocCcLnQ0zYN5HP, 1970-01-08 13:44:29, 1970-01-16 17:43:57
2627, 8CIyl1ar4VlIkTGIrHiD, 1970-01-17 12:31:25, 1970-01-18 04:04:23
2628, Fo5I7ydZiM3NDnkBxU5s, 1970-01-10 21:17:29, 1970-01-16 10:47:10
2629, xxEq1fyqjjkt05EYJVdA, 1970-01-16 18:31:55, 1970-01-16 22:57:33
2630, RTP2kMO9xD9nUb3fNPZ8, 1970-01-16 20:01:46, 1970-01-17 09:44:53
2631, clvsCjSdpT9kv0CQe8yY, 1970-01-13 22:22:44, 1970-01-14 06:21:45
2632, fgwxUs09LDtmhqLqcLKn, 1970-01-05 11:04:19, 1970-01-12 05:37:32
2633, B5oNI40OnPm3Ob7RDquh, 1970-01-03 04:46:19, 1970-01-11 10:03:33
2634, 5qmIphCjG0IYoKILkyD8, 1970-01-17 10:40:12, 1970-01-17 11:40:05
2635, weUhsSjtd2zlI1yi9AzH, 1970-01-11 23:47:05, 1970-01-17 11:03:38
2636, QiGquq9gqHI1h5Osl1qf, 1970-01-14 01:36:49, 1970-01-18 05:38:51
2637, NWfSVvPJgiTQZxyqTiH7, 1970-01-17 20:22:27, 1970-01-17 22:01:46
2638, hIcwAFVWhWzP8KHwO4ka, 1970-01-15 21:09:26, 1970-01-16 07:43:28
2639, uneiXuMUxw8ku65UVJmI, 1970-01-07 01:02:24, 1970-01-18 07:02:01
2640, UB3Lw34UoOuEC0sP1YJn, 1970-01-11 07:06:41, 1970-01-11 20:57:29
2641, s96w8dH3fGMvym1GgUpZ, 1970-01-11 22:40:05, 1970-01-18 07:00:18
2642, uSrl4XuURH0wr3sdapum, 1970-01-06 00:11:50, 1970-01-18 05:18:02
2643, 3I2Wl5lCKydOBfvbzg8z, 1970-01-08 13:29:51, 1970-01-13 16:11:48
2644, o7zGZoaNBdNkIVmQzejA, 1970-01-14 15:54:57, 1970-01-15 23:42:09
2645, yJtC1axOlqFtJztSkFc8, 1970-01-08 17:54:47, 1970-01-10 23:21:37
2646, kjxrIbp7LYDl48qxycXh, 1970-01-08 20:08:18, 1970-01-09 04:06:19
2647, GkzVVJN360pNG2Qo34yF, 1970-01-08 20:50:06, 1970-01-14 20:17:14
2648, jMkTilVFSb2dcB44sdK2, 1970-01-13 21:01:53, 1970-01-15 14:44:15
2649, TQL8tLOK02HGaIa0igNN, 1970-01-10 16:59:02, 1970-01-16 05:34:03
2650, nhhTDJBgmAvohf53rdJO, 1970-01-15 14:20:51, 1970-01-16 11:40:07
2651, ofxCLgPrIy7hYVDMAcGi, 1970-01-15 10:54:25, 1970-01-17 09:30:16
2652, voSz2mnESpRFlv9IR1No, 1970-01-06 04:42:56, 1970-01-10 18:21:34
2653, 9wqZS8e8jCsWxj28jjVd, 1970-01-02 20:44:41, 1970-01-07 01:08:19
2654, FuTiInqmTkFKD3xicNRW, 1970-01-07 10:56:38, 1970-01-09 02:17:48
2655, Uek8bNpYfN4GT30B7rpd, 1970-01-15 19:07:28, 1970-01-17 11:28:13
2656, BPdllGkyy64RwCJxiUnf, 1970-01-11 07:01:21, 1970-01-16 11:58:32
2657, CPyyCSXUqRpt0Sdeifux, 1970-01-07 12:19:04, 1970-01-17 15:16:46
2658, ldX13I8FN1CfqN5llYi3, 1970-01-09 23:00:03, 1970-01-15 19:20:24
2659, JIWQSYs9YKs4R0tg3EHX, 1970-01-06 06:18:07, 1970-01-12 18:58:54
2660, 908xKUk4W7JSK6YcBtH4, 1970-01-03 20:42:59, 1970-01-06 20:51:54
2661, hAwp14rva3oVFynFZv9P, 1970-01-18 04:34:50, 1970-01-18 06:22:10
2662, AVjXMXdqXYTuY8hNa9te, 1970-01-10 19:56:14, 1970-01-18 06:32:31
2663, PezSvVQDWb1Osus1OkUt, 1970-01-04 06:48:16, 1970-01-08 06:41:13
2664, jfFQVcgf9yDAuauIPvJV, 1970-01-15 05:34:49, 1970-01-16 21:16:51
2665, SQmGfxBpPiDE0cl67Z4o, 1970-01-07 16:25:28, 1970-01-17 02:46:46
2666, ELjwaHXP8P94jUF9sYsR, 1970-01-02 09:38:33, 1970-01-03 08:01:40
2667, 8W08UUMnfOmQU2g9iRKa, 1970-01-10 16:23:29, 1970-01-15 23:01:54
2668, atzDbzCVhNExlqckWXnp, 1970-01-16 21:05:51, 1970-01-17 00:12:22
2669, 5A8Ui9aXlvap9nTkpr3M, 1970-01-17 01:52:44, 1970-01-18 04:29:46
2670, eBib70HpCJ75ETijbiSG, 1970-01-16 15:46:49, 1970-01-17 21:12:44
2671, hEYbfY4IQwPYOASE1tKV, 1970-01-07 18:49:45, 1970-01-15 00:02:30
2672, SsQ0HvFTdNcLTQRoSlEj, 1970-01-13 17:35:16, 1970-01-14 08:49:45
2673, WsrMVDfscDQPK8XCNOfr, 1970-01-06 20:23:38, 1970-01-11 12:05:44
2674, XAAJEmT2AxUtQYEQndua, 1970-01-07 02:32:46, 1970-01-09 20:28:02
2675, sqmf5tqb2CpJvZpPZ9Ds, 1970-01-08 15:22:16, 1970-01-11 11:04:26
2676, ulLPBdweLSOcW7tRpaAe, 1970-01-05 16:44:39, 1970-01-16 20:44:49
2677, NnGnN22gVla6mDQpVD96, 1970-01-05 22:44:20, 1970-01-14 19:30:42
2678, 5BAcKwdf5rYIRdwiTfed, 1970-01-13 00:03:53, 1970-01-15 12:42:20
2679, 4gK8nTAc8JNYT7rWVtG6, 1970-01-12 01:13:53, 1970-01-16 16:22:06
2680, QKma3G7vG17J9IEpS0kT, 1970-01-11 07:32:19, 1970-01-16 17:28:59
2681, Gqj2h9LoGqPBRsq5k5sx, 1970-01-05 05:01:06, 1970-01-17 17:24:24
2682, U2p7AKLMY8rMzYUiMCAf, 1970-01-13 18:58:12, 1970-01-15 11:24:16
2683, sS5c5ieAVg8Epcc9Os54, 1970-01-09 02:03:52, 1970-01-13 13:33:53
2684, Iyrn7P6yDTQfXG5Wwh2L, 1970-01-02 12:28:50, 1970-01-03 22:54:26
2685, vWNYlr9Z0QDnehIB5fve, 1970-01-07 15:51:09, 1970-01-18 06:32:14
2686, AStYuNOP0sXLBg6Y7A1X, 1970-01-11 17:32:38, 1970-01-14 01:57:45
2687, sKsU4oJ0oTehelphgbnl, 1970-01-13 23:37:17, 1970-01-16 00:09:25
2688, WvkcCDJFIC2zyPvW0ex0, 1970-01-15 11:46:20, 1970-01-17 19:15:56
2689, r3ciWCV8KDdGmnLUkYDo, 1970-01-04 04:24:00, 1970-01-08 08:48:24
2690, nOdnxRu0MMG6I2WSfbXf, 1970-01-10 22:35:04, 1970-01-11 10:21:03
2691, inSSilQRrbIUSHO1lKY2, 1970-01-13 04:16:30, 1970-01-17 06:27:35
2692, zdmCtOaeFrCayN2LvWkM, 1970-01-11 04:11:26, 1970-01-16 06:02:59
2693, GbN6DOGY5EaLSCFp1nTN, 1970-01-04 10:18:50, 1970-01-12 21:21:46
2694, 6AJJm4j4yIK9ma2ewFCC, 1970-01-17 20:50:43, 1970-01-18 07:37:30
2695, h6ZEzIOLa44l8FNcHRfP, 1970-01-13 11:18:11, 1970-01-15 12:23:18
2696, gR4nGv8x4Y4PTkwcb6vA, 1970-01-10 21:17:42, 1970-01-16 11:06:47
2697, D4qPtyL7A5yv4j8MBLaz, 1970-01-13 15:05:31, 1970-01-15 11:52:34
2698, no33Mlxgpk3yFvr2iwqM, 1970-01-04 01:01:09, 1970-01-10 23:40:19
2699, lndorblEcMlQEqUAL75E, 1970-01-16 02:05:15, 1970-01-17 09:48:42
2700, PFROaCqOOryrrFF6XW2G, 1970-01-11 06:42:14, 1970-01-17 09:35:23
2701, Ys6O8MwO7kFU5D2Kbg1N, 1970-01-15 14:20:26, 1970-01-15 21:33:57
2702, xJmadtFX8yFctJ5w35FZ, 1970-01-03 10:15:37, 1970-01-06 10:31:22
2703, 5WqEyhwZf0KdULLoo2So, 1970-01-13 14:48:07, 1970-01-14 06:30:39
2704, CucbyecKlargl7rNKvud, 1970-01-16 06:21:10, 1970-01-17 13:47:23
2705, CEvLkGzGSpASi1sMAyGu, 1970-01-07 06:29:43, 1970-01-11 19:38:50
2706, C72HSkP7YQ10jCBrHwg5, 1970-01-07 12:39:57, 1970-01-07 12:49:25
2707, 7qFFT2weOdKzlegE8BEP, 1970-01-03 19:47:07, 1970-01-10 22:59:43
2708, JzkxmFF2Rxblxm3tVL9L, 1970-01-06 12:49:05, 1970-01-06 19:46:49
2709, Zyl3aQ2TdFYcPKGRcoyp, 1970-01-18 02:46:51, 1970-01-18 04:38:50
2710, VXYc6Xp1WyUquLnItkqB, 1970-01-02 20:51:57, 1970-01-07 11:00:02
2711, SNGTexLzAZY2YFF3v3UO, 1970-01-08 13:19:34, 1970-01-09 01:10:47
2712, EijkvZWC39TV6U86tksL, 1970-01-15 19:58:15, 1970-01-18 06:42:56
2713, Hc0M09GW8Sn3kQJcnZQf, 1970-01-17 07:41:39, 1970-01-18 05:30:45
2714, hIpwOr4Ah5B81Z1IVSVu, 1970-01-06 08:39:27, 1970-01-16 17:47:08
2715, 3GIvR1Cs8dsc9dycM5fr, 1970-01-09 02:54:48, 1970-01-16 11:12:44
2716, VZ5enW6vE8DOx0WHA895, 1970-01-04 22:13:43, 1970-01-08 10:02:01
2717, cfJ1h2AzU3GD3OR7a1c3, 1970-01-05 09:46:55, 1970-01-17 13:55:43
2718, vWQ89kHogSE1vCpedNOU, 1970-01-08 11:57:05, 1970-01-15 03:23:54
2719, AffnqAZw0gn4u58gSOYE, 1970-01-09 19:51:46, 1970-01-12 05:49:48
2720, 1nUVaWUOM0cHabEpod33, 1970-01-12 20:49:40, 1970-01-18 06:05:49
2721, bYvwD8G8g7xJOCiAFyHY, 1970-01-08 01:05:06, 1970-01-13 12:10:21
2722, yZFVXLgWkBLuiz0O9gbc, 1970-01-18 04:12:11, 1970-01-18 05:48:04
2723, RuvCkpql8tACcngoAO6a, 1970-01-04 09:07:47, 1970-01-08 07:36:37
2724, YNaUgIBh1CBNGzZCladn, 1970-01-05 19:03:49, 1970-01-06 01:05:42
2725, xoqvzvyAbEDFED3CSqQr, 1970-01-18 07:48:50, 1970-01-18 07:51:52
2726, Nl3oO46SlBvJek9IyTAF, 1970-01-18 05:59:52, 1970-01-18 06:48:39
2727, LMJVNfqEcbr06dV27vS0, 1970-01-13 03:21:51, 1970-01-15 13:37:46
2728, S3z9BBTYFhm2c4sFCoCT, 1970-01-16 07:14:02, 1970-01-17 07:54:42
2729, igFcAZzsawc830iIcrGS, 1970-01-05 13:25:04, 1970-01-14 21:59:54
2730, 8TCq49hx0Koxd8BaphTK, 1970-01-07 00:07:57, 1970-01-13 12:14:01
2731, kM0XmpXBbsywt6SKiBE8, 1970-01-02 22:16:47, 1970-01-12 11:49:48
2732, Og6cECmjB1TiFwI6czbg, 1970-01-11 20:16:11, 1970-01-15 09:16:25
2733, 5cixRPPiJGPlwsEz8gzK, 1970-01-11 03:05:59, 1970-01-15 14:53:19
2734, raJ2DXdqPqKabRtVMLDM, 1970-01-05 13:35:37, 1970-01-11 07:10:05
2735, tbQFjnUNtcYjXZ8wbabx, 1970-01-07 06:38:45, 1970-01-12 04:23:47
2736, 1Fq1UbkohZ1D4OvdUksw, 1970-01-14 01:09:28, 1970-01-18 04:08:15
2737, rYkWkqIpy9KBtDTZFGqr, 1970-01-12 13:12:29, 1970-01-15 02:13:06
2738, 3Piq0uYbFV7SD34AIb7W, 1970-01-17 05:27:42, 1970-01-17 16:38:03
2739, utXmCyClzpNrcNzNgQrE, 1970-01-05 10:03:13, 1970-01-17 00:30:36
2740, Sgs2P2McdPkZJmqPb3kT, 1970-01-08 20:37:28, 1970-01-14 23:10:54
2741, VN218NCWuzm2zYQ9B2z9, 1970-01-07 05:07:53, 1970-01-07 15:33:15
2742, EYcAhas5D7jtMBXhyMnB, 1970-01-05 04:06:58, 1970-01-06 13:35:05
2743, fcZFyoQ6SCFfbGvZ1CsA, 1970-01-17 02:44:35, 1970-01-18 00:55:21
2744, q0X3MurExROksLM3uZ2J, 1970-01-10 18:45:33, 1970-01-16 15:55:43
2745, uLhrE8Z0ru0DRFAD7S3B, 1970-01-14 12:15:47, 1970-01-16 10:19:03
2746, u3DdVLiFD3lACB0yaLoD, 1970-01-03 10:34:20, 1970-01-10 23:31:37
2747, j6OM5U6IxKPBx106OekJ, 1970-01-15 08:34:48, 1970-01-16 08:48:34
2748, xWgC3ZsCiYiB4Devr6i4, 1970-01-10 06:36:10, 1970-01-15 12:15:01
2749, 1UmYdrr4N5qr74qhlngz, 1970-01-05 01:06:27, 1970-01-05 07:46:27
2750, pnN73ik9oVPyWNt0Y0BR, 1970-01-11 13:11:14, 1970-01-16 09:25:31
2751, wUCksSiz7kv7ro1VYSFz, 1970-01-12 01:49:23, 1970-01-16 10:15:01
2752, ZF6ouSQkM75JayZ14Kn3, 1970-01-08 19:32:27, 1970-01-12 07:35:24
2753, SRIAFUCySWaaUxW6lSfz, 1970-01-12 06:13:42, 1970-01-16 15:14:30
2754, 4MxdmnOKYIAnkzOv6vin, 1970-01-08 11:37:27, 1970-01-10 22:01:12
2755, RDZS9tOGAK5am1xkR5aK, 1970-01-14 16:04:07, 1970-01-17 15:39:17
2756, wcUML4I58lG4uJw0DEMw, 1970-01-10 00:53:00, 1970-01-14 09:44:47
2757, nCehspLzXAFbRVpgWIRr, 1970-01-05 13:40:14, 1970-01-11 17:55:11
2758, fW1cHWgHXrBRj8uV6rcc, 1970-01-13 11:01:03, 1970-01-16 23:41:50
2759, 5HLEdpbcZPlQCN1tmD6i, 1970-01-15 13:58:03, 1970-01-17 19:16:51
2760, YOoCySJivEcUPeTDt9Ng, 1970-01-04 19:07:41, 1970-01-08 09:52:21
2761, z6yc8kTyhHuvcRzFUTSz, 1970-01-15 09:41:32, 1970-01-16 06:29:03
2762, pmfylKCFbd5d4j8ni5o0, 1970-01-06 02:18:47, 1970-01-13 08:55:02
2763, 5Syo6BkG9jqHr1S2qoQK, 1970-01-08 00:36:55, 1970-01-15 04:37:42
2764, dC08zvJngbfTSbv4AnSr, 1970-01-11 15:15:11, 1970-01-17 01:58:20
2765, 8pht2mDeLjYgXtPLfxOj, 1970-01-17 06:16:43, 1970-01-17 13:56:18
2766, urhAxkJRSQshCSlw0Qd1, 1970-01-07 10:06:03, 1970-01-18 00:27:33
2767, jMSk9EQmnG5Zun0v2Zwf, 1970-01-14 06:33:31, 1970-01-17 15:23:45
2768, yepnTcB3O5UtcclF2uxd, 1970-01-04 09:11:48, 1970-01-08 17:02:48
2769, EqcLrXO0s5YHrg99bCOn, 1970-01-11 15:53:28, 1970-01-12 01:44:09
2770, 9NbQ885ZH61Vwiw75ua2, 1970-01-08 11:10:58, 1970-01-13 14:22:42
2771, 5FRYjvQeY0I0vXtiRLwu, 1970-01-12 21:35:48, 1970-01-15 13:27:54
2772, y56Wxh75L6WOkbk017Ot, 1970-01-12 14:31:27, 1970-01-15 09:13:14
2773, vf5YVZoC5LieAVPd1fBd, 1970-01-07 01:43:09, 1970-01-09 19:38:31
2774, 532V4pym14FlBsxDcISQ, 1970-01-15 13:13:04, 1970-01-17 23:48:24
2775, 98zeSgtq4lv1flF8htea, 1970-01-12 06:03:42, 1970-01-17 15:08:20
2776, je9mFuyqpHEB4uxxh137, 1970-01-08 19:42:04, 1970-01-11 11:06:16
2777, xakoE8Ws4PAsKkcO0pdn, 1970-01-07 08:50:40, 1970-01-14 14:41:28
2778, UegE7k1xFTVosw7JsyeV, 1970-01-18 02:40:23, 1970-01-18 06:02:00
2779, ci4dXGdYoVpYE1kKfflb, 1970-01-10 15:19:30, 1970-01-12 21:57:05
2780, N1qqUHHwaSYjiiv5Sy4p, 1970-01-08 06:21:03, 1970-01-13 04:10:29
2781, 3LmPV56Xnyp9CBJYtv5d, 1970-01-13 16:36:43, 1970-01-16 20:49:03
2782, TlaUU7bFZFdysTuL8Rzh, 1970-01-14 04:00:45, 1970-01-17 14:03:15
2783, If6Pr936bXJkS5z3nVFo, 1970-01-11 22:50:33, 1970-01-16 08:17:44
2784, vHCxOJHyLbFvQPp7SpKY, 1970-01-06 14:37:39, 1970-01-15 06:50:41
2785, UqvXjuKJvM9T5EzyhC6B, 1970-01-13 13:44:03, 1970-01-18 02:32:15
2786, mofmGhPMOUb0KWIhAYfg, 1970-01-12 13:56:12, 1970-01-15 07:47:25
2787, MoKdNmHQwTOJRK6vNonV, 1970-01-17 22:37:49, 1970-01-18 07:22:12
2788, SYnfTM0qTY3sksUToSxy, 1970-01-04 15:52:09, 1970-01-08 23:48:35
2789, UBfTmxp6OJSEgvyXdhGm, 1970-01-15 08:28:50, 1970-01-18 06:36:14
2790, 78jIiapaFGKHUUnzsEEZ, 1970-01-07 03:01:00, 1970-01-14 04:55:45
2791, mAIJuCGRo1w1fUZz3nBO, 1970-01-03 17:28:29, 1970-01-11 18:33:36
2792, mma11c5hKoYVfupZ9PxP, 1970-01-07 17:20:38, 1970-01-09 02:21:58
2793, ebMuCA0ZASjLJdnpQIyC, 1970-01-03 19:19:37, 1970-01-08 06:26:39
2794, aTO6yuaqHu9DroXmOPps, 1970-01-12 19:19:36, 1970-01-14 16:04:59
2795, ckACTOqQ3XSm4wl2Aw0C, 1970-01-03 00:21:24, 1970-01-05 20:10:42
2796, rmYr76HFp21OCxSvHJkI, 1970-01-16 06:26:19, 1970-01-17 09:47:31
2797, YCXJlcHuiBgZDZkjsu5K, 1970-01-02 13:20:11, 1970-01-15 06:28:42
2798, ckU4fwi4kBntOfPejAp8, 1970-01-11 08:01:18, 1970-01-11 15:59:28
2799, bhF6Wu28LeOhfM6ezs3Z, 1970-01-14 16:56:43, 1970-01-15 14:20:22
2800, oP0dUA9vCxUNt1SEpiqf, 1970-01-05 19:05:41, 1970-01-07 22:52:21
2801, pxp9NJUXewjNduwoJlZ7, 1970-01-13 12:19:26, 1970-01-17 16:03:55
2802, HDnJ9HF2q0lhJishyYCZ, 1970-01-12 21:43:48, 1970-01-13 00:44:18
2803, 6QpWlcmGusgMjVDR5RKH, 1970-01-12 09:34:21, 1970-01-15 03:28:00
2804, 7M8K0WslCeeOe8VnSCTL, 1970-01-16 15:36:54, 1970-01-17 15:27:34
2805, UHAnvJqyfN7OVpiJcWOn, 1970-01-04 21:33:22, 1970-01-09 19:23:44
2806, 0kSTwgqpbghCxd86UArw, 1970-01-10 16:25:05, 1970-01-12 19:34:37
2807, DtO6x6M6hrKvmRn2ZufW, 1970-01-14 18:03:15, 1970-01-15 00:41:02
2808, vKMjPhdfB7fSMYlwuklp, 1970-01-08 20:13:26, 1970-01-17 03:14:10
2809, 896BloxSrLAjlvzJvrar, 1970-01-05 10:41:00, 1970-01-10 12:39:30
2810, ESbuyYXHg7SmpM7OWzr3, 1970-01-17 20:09:04, 1970-01-18 02:59:00
2811, yrp5FkqFevYbCPu4U1X4, 1970-01-05 12:59:57, 1970-01-14 09:04:58
2812, BgJBEimX3JmmuYgxQGhq, 1970-01-08 07:41:23, 1970-01-13 17:05:18
2813, 9CyGrBwbWFNiIfo1EUSW, 1970-01-13 21:06:41, 1970-01-16 19:31:12
2814, FI9gnFzmu8ULR21v0Y1K, 1970-01-16 14:22:10, 1970-01-17 06:06:01
2815, bwgHYwqtD1Sr9wsdASvt, 1970-01-13 22:31:33, 1970-01-14 10:23:32
2816, 2XFWs3mz5ix3I1Y1zURe, 1970-01-10 02:55:40, 1970-01-16 08:18:24
2817, 9NMXubXVxxTiQQDh7gbu, 1970-01-07 19:48:53, 1970-01-08 22:42:01
2818, w9zf87xvmtRrkI1Dl3qd, 1970-01-09 04:49:12, 1970-01-14 04:44:34
2819, FliMiNj8NMizKYOSGVei, 1970-01-16 14:50:58, 1970-01-17 14:16:25
2820, fGAf1m4raNGl9NTPgRux, 1970-01-13 20:22:24, 1970-01-17 12:54:33
2821, BbA7E3ZmvVlnPn6mFQeT, 1970-01-05 04:52:09, 1970-01-16 18:35:29
2822, MOqnVTjL9qdTsIGgTgeR, 1970-01-09 22:23:05, 1970-01-18 01:42:34
2823, kSAGM9Y6DYF7Tg6VDbjZ, 1970-01-09 04:53:26, 1970-01-13 06:53:42
2824, 96LFhTtW94WIiFWCWysk, 1970-01-15 01:05:05, 1970-01-17 09:57:25
2825, kvFzgpRvGmmuzmZZDqqV, 1970-01-15 23:00:42, 1970-01-17 19:24:00
2826, uailCg37hqbi4N1wt8cu, 1970-01-07 05:25:13, 1970-01-07 10:16:48
2827, oiiwxyp6Ry1KgcsjvpD3, 1970-01-14 03:43:44, 1970-01-16 17:03:15
2828, sW1oYDJrhRuLW3X9pM6D, 1970-01-16 22:08:23, 1970-01-17 22:46:01
2829, cht5Embt2hMIZ8VOL2YA, 1970-01-12 21:19:46, 1970-01-13 06:43:35
2830, Xi7G2yU1r38YIlSBKghh, 1970-01-15 21:28:01, 1970-01-17 16:30:37
2831, ZGIOBNNE86yWmcv9hWJI, 1970-01-02 15:32:00, 1970-01-03 13:34:51
2832, CijXQac3BaHpXRTHivVG, 1970-01-11 14:27:19, 1970-01-11 22:43:24
2833, KPgqt7QiR11MbSBBUDAp, 1970-01-09 00:28:42, 1970-01-14 03:06:47
2834, yPXW9HGRf0GUiNgOQzRt, 1970-01-08 23:59:34, 1970-01-09 05:54:00
2835, ImBJnl6SQQwHnaaKAhH6, 1970-01-09 19:37:49, 1970-01-17 07:15:55
2836, Uf6skEkfD9FDYFyvg4aS, 1970-01-02 19:39:29, 1970-01-09 10:38:56
2837, KtLGHEum8JgF5428tGfw, 1970-01-05 19:31:40, 1970-01-09 10:32:18
2838, yglMNKBG43jRZvPBGEWP, 1970-01-10 23:09:43, 1970-01-14 23:01:36
2839, Jq6uWOFABKOvPBtFSCG0, 1970-01-15 23:17:14, 1970-01-17 04:58:52
2840, 33PAOu3DCsOlNoXbKbCg, 1970-01-13 00:09:39, 1970-01-16 06:04:22
2841, BMxDvhCli1WfXzTdNROm, 1970-01-13 21:05:42, 1970-01-14 15:25:41
2842, b3dVYoN0WjS9d9d1sb2l, 1970-01-18 07:20:43, 1970-01-18 07:28:30
2843, NYo8flioLflGKFJqjFS4, 1970-01-02 13:07:39, 1970-01-04 21:26:11
2844, TPOcUBDhHeHKKMyGqa26, 1970-01-16 17:28:53, 1970-01-17 05:15:45
2845, 0wzE4RvOSMsyE2xaSUVC, 1970-01-08 21:15:05, 1970-01-15 04:48:07
2846, uMukyZD2ZcoUke7zujQF, 1970-01-10 03:45:56, 1970-01-10 16:06:16
2847, lzyA3fEE9KZsegRBi2c3, 1970-01-17 10:59:11, 1970-01-17 15:40:27
2848, tOJyJHFE5k2m3YpZPtb9, 1970-01-04 13:49:19, 1970-01-15 16:25:34
2849, T9W5ShXc41OtnkVwPeGk, 1970-01-13 15:35:10, 1970-01-16 07:52:03
2850, Tw2QPzFZ69THIxEmadKI, 1970-01-14 16:12:19, 1970-01-17 22:06:57
2851, tkdsxRRncsL7rGHZYe7g, 1970-01-15 11:34:23, 1970-01-17 09:54:12
2852, Tjdtz4xcmY9Qd7HMJTdu, 1970-01-17 02:56:57, 1970-01-18 07:51:43
2853, JZpzyQGTjFh6qo7JEUUf, 1970-01-09 15:22:07, 1970-01-14 12:50:51
2854, XhjasIZV70qhx1CPG2ES, 1970-01-09 18:40:21, 1970-01-13 09:13:40
2855, AhVvPyZTskpetQMa0r3l, 1970-01-10 20:31:33, 1970-01-14 15:53:06
2856, dqcJeFBZd9x3OODl3Ck8, 1970-01-06 01:58:16, 1970-01-17 05:13:18
2857, UbJJpDvndNVLQKkL2p52, 1970-01-10 22:53:05, 1970-01-11 09:59:37
2858, JbiNgBe7lYq3jv0BVKlZ, 1970-01-15 09:27:58, 1970-01-17 13:41:41
2859, jJ9D1NoNbyT3FwcbbliS, 1970-01-07 19:58:49, 1970-01-17 13:25:43
2860, 8iYxkVHscOncuPuFd1qY, 1970-01-11 23:33:10, 1970-01-16 22:51:24
2861, y5jUUlfUAv25HyJ49nBc, 1970-01-05 19:00:52, 1970-01-05 21:31:43
2862, DbvuqPfwCbeXu41n75w4, 1970-01-08 19:18:58, 1970-01-09 21:50:37
2863, 7svSDJUi3lDCnZfuEnbF, 1970-01-07 09:21:40, 1970-01-17 00:09:21
2864, xdbGIj9xhGpfSw2kVbdN, 1970-01-09 00:50:21, 1970-01-15 20:42:14
2865, ByfgjfMy8K7G4FHp5Ieu, 1970-01-05 14:58:53, 1970-01-11 09:29:20
2866, msLUpdA2xqA3Hyhqmgvf, 1970-01-11 12:04:34, 1970-01-12 22:18:12
2867, iGGgMWX6LU3xCCnapYgx, 1970-01-08 12:58:26, 1970-01-08 13:05:06
2868, wp9BDVLgL2uNwc6SpRq6, 1970-01-08 14:05:19, 1970-01-15 14:54:51
2869, Rw9Su5n8oMKDZ9yBu1Wg, 1970-01-13 01:33:59, 1970-01-15 00:07:33
2870, cXEnXUU0PGSsx9VHh1Me, 1970-01-13 02:08:49, 1970-01-14 20:34:42
2871, rzgyUUXwsviAyQvCzsbA, 1970-01-05 02:50:59, 1970-01-13 11:45:45
2872, TbSxftR4qztnIW7Mxh7E, 1970-01-09 07:18:34, 1970-01-13 08:05:57
2873, D6t0AeYOUQ7CNBDegOUY, 1970-01-14 04:07:12, 1970-01-18 02:53:11
2874, Z4oiiYs4jZqFII21Gdld, 1970-01-10 22:44:49, 1970-01-12 23:28:46
2875, RtbWkRK7R6Ks40CwWizu, 1970-01-03 19:53:35, 1970-01-06 16:46:48
2876, aXfkfPrFHNImYZl8ZmQK, 1970-01-13 09:23:41, 1970-01-16 18:22:01
2877, NZGdTiIFyZgYvqhVWSEy, 1970-01-06 01:33:53, 1970-01-10 02:32:22
2878, Hlb30iZTo9ayhINfRMgd, 1970-01-11 13:40:57, 1970-01-12 14:57:59
2879, yYPP11i8cvRcVSW06Iil, 1970-01-07 16:24:39, 1970-01-07 20:52:25
2880, Ls3i90wXjJK1FumP83ty, 1970-01-05 14:58:26, 1970-01-07 16:12:19
2881, qN5pxCZrDNLOZfOJadm8, 1970-01-12 23:11:27, 1970-01-13 21:36:00
2882, oAgkEINeFgM5O6zsHRWl, 1970-01-03 10:46:44, 1970-01-17 23:17:30
2883, MmvQWEfxLnzyTKKjGRBf, 1970-01-03 05:41:53, 1970-01-08 04:26:15
2884, UHvdonfsVvKE6cu53PU4, 1970-01-13 07:52:09, 1970-01-13 09:41:35
2885, fdab5rNSFuWles3AQgsP, 1970-01-18 04:54:03, 1970-01-18 05:51:53
2886, UmAMgLmqlK37UEbxJh5M, 1970-01-08 22:22:15, 1970-01-14 04:43:14
2887, pBW5J086w8g5vQxRPMCA, 1970-01-08 02:27:46, 1970-01-13 06:22:57
2888, MPaqiyeiIMh0s2kQVPz6, 1970-01-13 18:00:42, 1970-01-16 03:37:28
2889, J9DtKxQVQLpAiUsihjSa, 1970-01-15 18:06:01, 1970-01-17 15:43:26
2890, lTp4ZpM4DOfY7wRQYB2c, 1970-01-05 21:03:30, 1970-01-13 22:44:23
2891, ITfTJAFZ4zXnE7kPncOo, 1970-01-12 11:33:51, 1970-01-16 06:36:20
2892, qI23noZpuIeRpYVNepG0, 1970-01-03 22:21:57, 1970-01-11 20:36:32
2893, DnI0145dwY9dJNNr1wlH, 1970-01-09 02:33:54, 1970-01-17 01:22:51
2894, X5oyFMLIfUlH25OT1Iqh, 1970-01-08 04:58:20, 1970-01-16 06:48:49
2895, eoVemsvjP0nHObuk7ZbW, 1970-01-15 23:09:16, 1970-01-16 07:09:09
2896, e9AbWBsVg1HbtFG3UNSq, 1970-01-16 10:29:45, 1970-01-16 17:10:08
2897, eCpZPTWT5rgMSB2u1Oqd, 1970-01-15 11:42:01, 1970-01-16 09:40:25
2898, 8NAQQcQ6RLQAK2btu6Bn, 1970-01-14 00:31:13, 1970-01-14 02:42:20
2899, 1JJywb0IvdCnsesJIGsD, 1970-01-05 02:26:41, 1970-01-14 15:10:10
2900, Ub3KDu1ioOS9GY9msMwZ, 1970-01-03 07:40:04, 1970-01-08 14:58:24
2901, 6XjiXBGnckJebSijYsTI, 1970-01-07 16:58:45, 1970-01-16 00:40:14
2902, XSm3HXegzQxgW1aXxEgZ, 1970-01-03 04:21:38, 1970-01-14 19:00:58
2903, 9NW329Gb49QkBUB4ZlyA, 1970-01-16 10:06:51, 1970-01-17 08:08:46
2904, RMVGx1oB9aGzbUsOH23z, 1970-01-06 04:54:08, 1970-01-11 09:44:08
2905, a98KALrFSSEbYfxIkh7s, 1970-01-17 05:21:24, 1970-01-17 07:21:10
2906, XJC06KgUpzUjHqxHAcPO, 1970-01-08 17:38:04, 1970-01-13 22:33:28
2907, pYjMAniHuEpgbXypNB2c, 1970-01-04 03:55:51, 1970-01-15 05:48:37
2908, HkQjiYvbxldslHP5sfqb, 1970-01-11 23:20:11, 1970-01-12 07:18:04
2909, OSuLl209urYqMOtTqXse, 1970-01-10 21:31:28, 1970-01-11 12:44:43
2910, dXTTDNH4gNH45OueJ39O, 1970-01-17 17:27:59, 1970-01-18 03:20:19
2911, wU5sfiJUiaSGl7koFMVp, 1970-01-09 20:52:18, 1970-01-17 17:48:38
2912, mjrqG7CM7k8PoZsH9pgz, 1970-01-06 01:47:22, 1970-01-12 04:37:43
2913, aAPcG8bkhYU8EDOVSmu3, 1970-01-05 06:45:25, 1970-01-15 17:57:46
2914, s0vgJu81UPAsjtna5rE9, 1970-01-09 12:53:42, 1970-01-16 02:39:39
2915, eNFx8Ekw4TgZgnMm4syk, 1970-01-13 12:24:07, 1970-01-16 23:24:50
2916, ebF0s9sc1k0LySUrmqQf, 1970-01-13 16:39:08, 1970-01-15 02:47:51
2917, oVtihIm8YWIZIEdbY44B, 1970-01-05 18:39:40, 1970-01-18 03:05:42
2918, oMxJhknaQ5W0cIpizW2B, 1970-01-11 13:28:38, 1970-01-17 22:40:11
2919, upxNa1mrVsP1P2WvEnci, 1970-01-05 02:05:38, 1970-01-10 19:19:03
2920, ynwPlgGe7NXFlnX9dwJA, 1970-01-14 02:27:57, 1970-01-17 08:41:19
2921, Rzi4p2xxoF8dZHNuvk3E, 1970-01-17 14:54:05, 1970-01-18 07:45:53
2922, ZV7kfTNQOYrh7Z9pTVsy, 1970-01-11 02:48:28, 1970-01-11 11:29:41
2923, ZnxH9kzBJCpfAr9vIWCB, 1970-01-13 18:29:57, 1970-01-13 23:29:03
2924, Cd9yCRxyahcRMGxPqJ3D, 1970-01-04 19:50:59, 1970-01-04 22:47:37
2925, 6db51V4ozepKmnUTw0cd, 1970-01-16 14:12:38, 1970-01-17 05:02:51
2926, W562xYShEM1WYa4ghFWd, 1970-01-05 18:06:39, 1970-01-09 13:59:43
2927, XLqsOpSc5f9x11kDisYE, 1970-01-06 00:28:09, 1970-01-14 22:59:56
2928, SHr6v7iqMYO6HneD0cRx, 1970-01-11 16:36:54, 1970-01-14 23:06:08
2929, OzQtTqWAb28LLtpO7h44, 1970-01-10 06:48:55, 1970-01-15 16:29:34
2930, Qm0lWvldegN2VUZZeLPb, 1970-01-15 11:19:40, 1970-01-17 12:34:06
2931, H5CqabiDRcV46EJqgBwA, 1970-01-06 19:27:48, 1970-01-16 01:08:40
2932, 4D2eAF2v80QfCnG9rsOJ, 1970-01-08 02:10:22, 1970-01-18 07:31:13
2933, sM47iAPE9SBbQbES64Ez, 1970-01-07 17:14:22, 1970-01-11 14:57:04
2934, bGyclVqw4XhKv7RgNh9x, 1970-01-15 16:08:23, 1970-01-17 01:29:57
2935, w806r41Ce4U3inIxTBG1, 1970-01-04 18:04:38, 1970-01-05 17:22:28
2936, s2ZUkgXm2igfIJA81W4s, 1970-01-05 11:28:48, 1970-01-14 00:57:46
2937, XvecD75y5iK45b0FNlCN, 1970-01-04 08:52:49, 1970-01-15 01:03:01
2938, X0pRD9LGn0b0r4IR9sAf, 1970-01-12 10:14:40, 1970-01-13 19:58:47
2939, 5oj0zAWXsxOBLHTlKnMy, 1970-01-16 00:21:10, 1970-01-16 16:40:38
2940, R8vO5NzeSaGCIuurCHF7, 1970-01-08 04:00:18, 1970-01-15 00:27:18
2941, AmZEThW54TZ9kXFd6618, 1970-01-05 12:45:35, 1970-01-09 18:42:45
2942, EYEV3obeDna1HsGf35T7, 1970-01-11 05:11:49, 1970-01-13 03:28:29
2943, 8lNWs2YSGBrDM0tcnl1b, 1970-01-07 20:42:43, 1970-01-10 01:38:26
2944, RisFrzghKwUvDSCbCOCq, 1970-01-08 23:36:19, 1970-01-11 10:49:17
2945, RIWrilVCC3fie19Wylox, 1970-01-03 10:58:10, 1970-01-12 12:01:45
2946, nZJcR1XRoIZFJdCke6A1, 1970-01-18 05:31:26, 1970-01-18 07:28:48
2947, m3GvZZhOqhKTxFf8FCZ0, 1970-01-14 04:35:55, 1970-01-17 22:36:13
2948, uFw3JddnPCPN6JQFqcxp, 1970-01-08 23:04:52, 1970-01-10 01:39:58
2949, yA6ydvBI8fmdP9SbKP35, 1970-01-08 10:20:45, 1970-01-09 16:05:51
2950, y1Fo9bM1tgskIyUwrRLb, 1970-01-08 21:02:43, 1970-01-17 03:30:32
2951, DEVyLx12g1nZ2wZD9GwQ, 1970-01-13 04:00:29, 1970-01-13 18:50:12
2952, 4hZgLMgP4LkV4Qn5BtUv, 1970-01-12 05:55:10, 1970-01-12 11:53:09
2953, 1hYVikzTtsGavVN6Mctp, 1970-01-03 20:15:43, 1970-01-07 12:34:05
2954, dZtRZUpOsz8RGmapBQTz, 1970-01-14 14:47:08, 1970-01-16 12:14:15
2955, ZD4MIozn0swDUddEUzkz, 1970-01-15 01:15:12, 1970-01-18 02:10:17
2956, TGdFsL4L1GSH6tuGbXGT, 1970-01-16 04:58:43, 1970-01-18 06:53:50
2957, CCtMsoy0flStzA4ygCNP, 1970-01-04 10:38:02, 1970-01-12 23:03:15
2958, AcP8EdJ6z08bzg2N15HL, 1970-01-09 20:04:37, 1970-01-14 23:32:00
2959, 5g8GqeEjIFbWzR2mAsJL, 1970-01-10 00:30:58, 1970-01-15 04:57:58
2960, Y3WzNs5mdhQT9RAeH9Vu, 1970-01-13 22:11:08, 1970-01-17 14:54:56
2961, WWafxSnAaFfC79aDoN3s, 1970-01-03 20:35:21, 1970-01-07 10:45:58
2962, Cf4ACiJ0yCG3X9daWraS, 1970-01-16 15:03:00, 1970-01-17 13:30:28
2963, OcmRqS6sWSVkBltTziYv, 1970-01-07 06:49:50, 1970-01-15 19:43:22
2964, PMzEBhounHwPTzNLakSS, 1970-01-18 06:35:14, 1970-01-18 07:37:44
2965, 3OAkF4Z3uo0vsUy7ldul, 1970-01-11 20:30:51, 1970-01-12 05:44:45
2966, TCTRbZt8I0SloCGWrXFV, 1970-01-06 05:18:35, 1970-01-17 20:43:50
2967, fNXNicmBHxfpPdQtlil9, 1970-01-16 16:01:30, 1970-01-17 09:34:25
2968, Efh1vQ1F7f9tAl3lYQwT, 1970-01-07 00:45:43, 1970-01-08 19:16:50
2969, jFevyzOPmFnFJaj9HfdV, 1970-01-09 17:10:10, 1970-01-15 08:20:18
2970, zOlmFh75OMrFCFGkUQ4v, 1970-01-16 05:03:59, 1970-01-17 22:32:57
2971, KetZplP1RhKdssD867P2, 1970-01-08 19:25:38, 1970-01-16 17:37:06
2972, OyzxAkyufvysg9Mffau7, 1970-01-04 23:24:54, 1970-01-07 21:36:49
2973, jafUgYkqK2U0RtsxeRht, 1970-01-10 01:01:03, 1970-01-17 17:50:22
2974, QjcBRWDLanjmFrpJn28f, 1970-01-05 19:58:59, 1970-01-09 10:07:13
2975, dVtVOGktOpU2tRMUobj2, 1970-01-14 22:21:30, 1970-01-17 01:03:11
2976, w4LvB36WeLxw1etqUTUJ, 1970-01-18 05:22:58, 1970-01-18 07:27:51
2977, Ku6kUUDTbUq8wCVqDOXB, 1970-01-09 20:44:58, 1970-01-17 07:53:29
2978, eUbV3AsStxhbesu4EliG, 1970-01-11 11:56:07, 1970-01-14 22:06:51
2979, SvcI0SYEULYJ5iU238tw, 1970-01-02 12:11:34, 1970-01-04 12:43:48
2980, vItIFiXMYFVDL3yKsoVW, 1970-01-17 06:19:21, 1970-01-18 05:55:22
2981, XM7QxCoo5TcTR7mrFYbZ, 1970-01-08 22:31:56, 1970-01-16 02:01:27
2982, vtugYr7ZdFGDBBs1He6F, 1970-01-04 19:36:57, 1970-01-12 10:18:02
2983, IVtA1SIyrpiv57MCa111, 1970-01-13 19:09:18, 1970-01-15 23:21:50
2984, 21E1lM9LfpyRbnl4CGZ1, 1970-01-05 15:30:48, 1970-01-12 13:15:19
2985, N80tSLYkzz96BsqpWsX9, 1970-01-04 23:18:25, 1970-01-11 11:25:48
2986, 33hBYcV4WZcSTzvDQEV7, 1970-01-17 01:26:00, 1970-01-18 02:10:26
2987, nJkwBoKHHsGxgq5qtyIa, 1970-01-14 00:35:19, 1970-01-16 12:52:55
2988, NdCZVDzy2OjMIgwCoSLP, 1970-01-14 07:43:40, 1970-01-14 13:19:40
2989, g69btyDp1an448rtgV1s, 1970-01-17 20:37:29, 1970-01-18 07:14:49
2990, l7kYnJtuOl2t3uuKZ9Kg, 1970-01-13 19:44:57, 1970-01-13 22:52:24
2991, SxDyTj6S8cVfXv0arfXY, 1970-01-15 14:25:28, 1970-01-15 17:59:51
2992, 1RARYQY3RKATkcyWwKzh, 1970-01-13 12:09:03, 1970-01-16 02:23:37
2993, Ko5Wuw65p9I3R3W4qasd, 1970-01-17 01:56:57, 1970-01-18 07:18:41
2994, DnRFf3CFSOEuEnfHDtxD, 1970-01-06 20:23:11, 1970-01-08 23:10:59
2995, 05Kfbc3cApGZkVjW6n9Q, 1970-01-07 15:09:04, 1970-01-14 07:46:04
2996, ziHXuygyILkpablpQcKJ, 1970-01-16 08:35:36, 1970-01-17 18:03:17
2997, nfH5SI37bGeOths3krS3, 1970-01-04 06:46:32, 1970-01-06 06:07:08
2998, nViAAGJOny4yNt4o3To5, 1970-01-18 07:45:03, 1970-01-18 07:55:22
2999, i9xkYCNbyCZBh5WilsLL, 1970-01-04 15:21:14, 1970-01-10 13:32:05
3000, iKlsGlRfOIXjmP0hyZ9v, 1970-01-17 06:03:21, 1970-01-17 06:29:44
3001, 1ubDGopueXPVG9gbqnE8, 1970-01-08 00:45:52, 1970-01-13 08:39:50
3002, 4M3rolNOjVYMn2LOPZeB, 1970-01-05 22:52:26, 1970-01-09 03:01:24
3003, 6BK3CRZrIXf8gIp9Peq3, 1970-01-02 13:35:00, 1970-01-13 12:59:29
3004, NJngLV6zbMKj6tXjydzn, 1970-01-10 04:59:06, 1970-01-11 13:30:29
3005, OpC15uw5vblVMQZl6xZG, 1970-01-09 11:26:16, 1970-01-13 21:13:12
3006, BXGC1M8CXI7bW8eVcMyo, 1970-01-11 23:20:29, 1970-01-17 14:48:50
3007, 6MCoYIzrXpZ63tlg1rED, 1970-01-03 18:52:07, 1970-01-14 14:44:24
3008, PQMe8zWgYbwSGZUPvsXp, 1970-01-03 13:48:49, 1970-01-17 09:38:09
3009, WIh91GtmWZEoQnm0H2oi, 1970-01-14 18:57:15, 1970-01-14 22:02:15
3010, oU2I0M0S019kNNNK2lbn, 1970-01-14 14:19:13, 1970-01-15 23:14:09
3011, yQJP2KLSgWTYXIFYfi6y, 1970-01-05 23:52:27, 1970-01-07 01:49:58
3012, Nr1K1ePDyxPN2d1H6cKK, 1970-01-14 01:26:18, 1970-01-15 07:34:19
3013, oiAG9tdr6NvNWqMoc1zd, 1970-01-08 00:41:53, 1970-01-11 05:56:52
3014, ib6LDMfweqQUArR0dcDo, 1970-01-09 07:29:30, 1970-01-15 13:53:30
3015, h7r4s8mhCo0SSeeKwQCt, 1970-01-16 12:38:59, 1970-01-16 13:56:09
3016, vdSFjuyVIXc1xSKw0a85, 1970-01-16 08:42:23, 1970-01-16 12:18:40
3017, lkjgJC0aMS1VNRsTezYK, 1970-01-05 06:35:32, 1970-01-08 13:42:29
3018, M6QRS7oFx2giaFANmqlt, 1970-01-05 20:50:50, 1970-01-05 23:15:42
3019, cifxdrOGqgDhN8anOZgJ, 1970-01-06 19:57:53, 1970-01-10 07:39:13
3020, nib7TegMCHXUtQ6B9MSO, 1970-01-15 23:36:53, 1970-01-16 04:29:50
3021, 9yV0Ww0BwRXeVwauHZZT, 1970-01-12 19:07:05, 1970-01-13 17:50:13
3022, VAbb81uoSfovhpene227, 1970-01-08 04:03:51, 1970-01-12 13:55:35
3023, Ua40FMvI5PaeiD3Bi5Gy, 1970-01-16 21:50:45, 1970-01-17 12:31:33
3024, XgQmDL3VUPSbgieX68fh, 1970-01-10 02:25:35, 1970-01-16 11:57:16
3025, K4UsaxK4njKD2QzuGssP, 1970-01-03 19:48:47, 1970-01-06 17:35:40
3026, 57nWSNUSDQcMSlmqCFLc, 1970-01-09 03:55:50, 1970-01-11 02:36:11
3027, aqXH80UDWHvPsySMw7G5, 1970-01-10 13:15:57, 1970-01-13 11:14:14
3028, L5KbTZ5NAIkHuOY3A24k, 1970-01-17 04:30:43, 1970-01-18 05:10:31
3029, T3wp8DrUqQKMTE6QdrmQ, 1970-01-09 14:07:53, 1970-01-15 10:05:23
3030, l89WhWbJEVOZ0hqGGqPE, 1970-01-12 07:20:34, 1970-01-17 06:17:04
3031, FkIi4uZdQVGAlLJPAaDR, 1970-01-04 03:54:54, 1970-01-07 10:48:30
3032, b5RTOc4KK7yHdTxPHNX5, 1970-01-03 15:17:39, 1970-01-14 00:51:12
3033, w8KINLauOE1eim1SL54G, 1970-01-05 08:34:25, 1970-01-14 10:00:32
3034, KCBIn5LmJ7xLvNr0NHHe, 1970-01-15 18:32:58, 1970-01-16 08:28:05
3035, VRwBiTBJzDvYw096JEuv, 1970-01-05 00:15:40, 1970-01-10 16:49:12
3036, GQ4xcPVOvdweJ8rGfUUr, 1970-01-11 21:44:23, 1970-01-14 21:26:23
3037, 8aRhpdtbctVi5Y89eJC8, 1970-01-16 08:56:00, 1970-01-17 06:55:13
3038, CZt1A22Mo01FrC3SWr0l, 1970-01-07 11:19:25, 1970-01-08 21:40:04
3039, 94bmgmTW7KIvo4EDVkbN, 1970-01-04 09:01:21, 1970-01-11 10:42:05
3040, WiydjHaZs5HBec2uAdzN, 1970-01-13 14:06:33, 1970-01-15 01:01:33
3041, hiBaNWH1Vg4GMZZ1r9IA, 1970-01-03 14:11:58, 1970-01-06 13:03:02
3042, o9kPzh2zlm65Moe3ROgS, 1970-01-11 01:04:00, 1970-01-14 16:03:53
3043, UfiYU7bQzHt2UuS5c0fJ, 1970-01-05 08:27:22, 1970-01-08 20:12:16
3044, Y8eWyOHCa9SZePWams97, 1970-01-16 05:55:24, 1970-01-16 17:35:39
3045, x62sGrX32akmGkNA61lP, 1970-01-14 02:40:16, 1970-01-18 01:30:53
3046, hMDl2QG1lKssIh4kwPb8, 1970-01-17 09:17:29, 1970-01-18 00:22:30
3047, TqW5roKmd8s5Zkqxd70C, 1970-01-02 13:52:28, 1970-01-10 05:15:46
3048, 0qcI1XcqOk6St2Vda9Rm, 1970-01-09 14:05:44, 1970-01-16 04:34:15
3049, RE5bVUwteJpXAGN3RKkN, 1970-01-10 11:03:00, 1970-01-11 19:56:36
3050, stSuxMWQfzA5FX1oEb6a, 1970-01-08 04:22:15, 1970-01-15 11:31:06
3051, YTd3RS8M6HIgd1qrpHJS, 1970-01-02 20:05:40, 1970-01-08 04:30:24
3052, Daoxzj7PPBLEMAfIENdq, 1970-01-12 10:47:34, 1970-01-17 06:20:06
3053, UbtyaCIaQvdU99DFv2B2, 1970-01-11 06:18:45, 1970-01-14 00:38:48
3054, R1eNcg9EnQg2DcVljyqQ, 1970-01-05 16:53:57, 1970-01-12 23:08:17
3055, ntZ227x0zEP2adgDr8NF, 1970-01-10 11:30:51, 1970-01-11 05:45:12
3056, zsxIW7yemI8CXHueT6dk, 1970-01-08 18:58:23, 1970-01-10 19:26:40
3057, ZR7uq4MhlhbnHdk7RAAo, 1970-01-15 08:20:06, 1970-01-16 12:32:46
3058, VgCs6VxsLRolssQwNRQL, 1970-01-07 02:16:28, 1970-01-17 19:40:50
3059, 9kWv53nHqWqXcpM8rZKd, 1970-01-14 08:50:44, 1970-01-16 01:17:55
3060, OM1Awf2sKqUrA3MdtGVa, 1970-01-14 09:11:33, 1970-01-16 07:48:55
3061, bL2VQjkvBiJYXz8EfJNh, 1970-01-04 12:43:24, 1970-01-16 18:02:19
3062, ZIe4TueLxAL3x91UHY8E, 1970-01-15 02:04:30, 1970-01-16 06:21:18
3063, L0HUIMaLkAzk1wLthILm, 1970-01-03 16:24:32, 1970-01-09 05:55:05
3064, uCTIeL4xLVKxfBE7DuSs, 1970-01-13 17:14:06, 1970-01-16 13:23:34
3065, 8o8QPwfadql1vcjpoboQ, 1970-01-09 13:41:06, 1970-01-10 21:40:10
3066, f7BEnlr5QvdkeEDBNJCY, 1970-01-06 10:34:19, 1970-01-09 14:25:32
3067, Pde6stWrnAMYpCGwzaD3, 1970-01-15 11:24:31, 1970-01-16 17:45:05
3068, jicMhduyFyNZYi39j39F, 1970-01-09 17:22:11, 1970-01-16 11:58:25
3069, Iyfqjr1G1DHMOveBNWoE, 1970-01-02 14:28:51, 1970-01-14 01:57:15
3070, xCsKSz0C68ATGYgvQEHB, 1970-01-05 10:12:45, 1970-01-09 08:39:56
3071, mNg6bg7emNPmYc7lkPTC, 1970-01-15 19:50:12, 1970-01-17 14:48:28
3072, rXzt4ZEcIsHbufuu09tN, 1970-01-14 15:09:47, 1970-01-14 23:06:05
3073, H6ado78v4Hpwc5Qavr59, 1970-01-15 13:18:19, 1970-01-15 15:41:42
3074, iJeyadRw1H3ZIedDrB1X, 1970-01-05 16:17:57, 1970-01-16 09:40:42
3075, tt8tXfMKpWjBdwlXneKd, 1970-01-15 04:26:59, 1970-01-15 22:38:50
3076, Q0tAE5fIkhMxErbFUbwb, 1970-01-11 18:39:20, 1970-01-13 14:08:56
3077, jaHdH5KKIp2neZs313vj, 1970-01-11 23:58:50, 1970-01-15 12:46:27
3078, FeIOZjoomrcZNLnmw0if, 1970-01-15 12:45:42, 1970-01-16 19:13:27
3079, IF4nvsbVg0vWpBHGlsc2, 1970-01-15 11:03:27, 1970-01-17 18:09:19
3080, lPRakvyqIFoGj5EIWMc2, 1970-01-03 19:58:32, 1970-01-17 07:52:47
3081, HIOtlY6TmMIYZ43rGEmS, 1970-01-07 07:53:25, 1970-01-10 01:11:10
3082, 7tktSezrixBWq6uIPTmH, 1970-01-02 18:29:07, 1970-01-03 01:38:24
3083, NxWEXoLsptNaGys4dHrM, 1970-01-15 05:06:18, 1970-01-15 16:41:45
3084, j202CJTeqV7u0QvzwOrL, 1970-01-15 19:23:25, 1970-01-17 00:48:08
3085, YQ15YuE6CNK3SXR7vHvZ, 1970-01-07 20:36:21, 1970-01-10 22:28:28
3086, JHRKAtRyKzhWzOP7E5K7, 1970-01-16 06:16:51, 1970-01-16 21:41:08
3087, PPofVTZH36jNicPmQlD7, 1970-01-09 22:54:14, 1970-01-14 19:55:21
3088, aFNF6GXP31p2Nvs3rP3B, 1970-01-07 02:27:47, 1970-01-09 22:54:10
3089, 6c0yMiSVcNDZvSbvnGeH, 1970-01-16 12:58:21, 1970-01-17 17:52:57
3090, ZATwIayq6J0rctkXxp5M, 1970-01-06 13:09:32, 1970-01-11 13:56:12
3091, GlTdpXzdbuzUyaLQuBjH, 1970-01-08 01:29:37, 1970-01-17 22:21:03
3092, 0QWdiea0PGm14IEc71b6, 1970-01-13 14:22:03, 1970-01-17 09:56:45
3093, L9WYSEmdIpUgy6YRokEW, 1970-01-09 22:57:47, 1970-01-10 05:15:12
3094, iS4yHU4DaFdPu286yw12, 1970-01-03 03:49:33, 1970-01-04 14:54:02
3095, t3fKgfSyEdNfwjhrKW5h, 1970-01-09 07:43:06, 1970-01-09 22:59:08
3096, ucJOEjbpUkoFemglyGoe, 1970-01-07 11:44:43, 1970-01-16 14:25:40
3097, pId6hlfeSIwicCDoQZKD, 1970-01-12 04:43:26, 1970-01-17 17:29:16
3098, CPrkmJ8XIe09qjd1UNj8, 1970-01-12 04:01:40, 1970-01-16 20:09:10
3099, 4HrW5N6qmbo0KEKBfR56, 1970-01-08 09:51:07, 1970-01-09 01:53:20
3100, K3Dp7WZGAQnADawbMlr8, 1970-01-05 03:15:38, 1970-01-05 12:20:10
3101, imk5crSAcqmrpXqvn2U8, 1970-01-17 10:37:46, 1970-01-18 04:29:32
3102, 07FznprEq4JQ9iEoqHZz, 1970-01-04 17:33:03, 1970-01-11 02:18:48
3103, uflhcXoQ0eCiVhY5odY7, 1970-01-09 11:08:04, 1970-01-12 13:33:13
3104, bI23l57qS1hlHhKBg764, 1970-01-09 18:35:20, 1970-01-10 05:22:40
3105, dn9DUzEvQnUdfWmoxXhH, 1970-01-05 21:21:12, 1970-01-09 09:20:17
3106, wJiSxM2a54fCZ2cP7mpf, 1970-01-03 12:00:13, 1970-01-09 18:59:26
3107, KwMNC6L170ViUj5gKMs4, 1970-01-17 15:07:50, 1970-01-17 17:46:30
3108, pMSXiWGpdsmUdB4I9uBg, 1970-01-10 19:26:43, 1970-01-12 06:03:49
3109, J8XBofrvj6dylQDu4djM, 1970-01-16 21:07:12, 1970-01-17 14:18:45
3110, IeasLOFYqWYl844MOVmw, 1970-01-04 11:44:20, 1970-01-06 13:21:38
3111, Y807z8SbhpDudRp83pER, 1970-01-16 18:34:26, 1970-01-18 00:43:05
3112, b2owXjtHZpDcUVMvS9gC, 1970-01-08 15:10:16, 1970-01-11 18:01:55
3113, WZDzeLYeIFp1wmVxLqye, 1970-01-12 17:13:07, 1970-01-16 07:32:51
3114, VoOYd3aso11Yy5ALsm80, 1970-01-03 01:44:15, 1970-01-16 11:20:01
3115, 4hj9YmsagPidTceKjQde, 1970-01-13 21:41:43, 1970-01-14 15:52:17
3116, b20wnr8y6enLLjSVJMbp, 1970-01-02 21:12:12, 1970-01-08 08:04:27
3117, dErBcEmBTGbxkMQPqadM, 1970-01-16 19:12:45, 1970-01-17 14:18:54
3118, 1InzVogfzElFrTgMeSNA, 1970-01-15 13:56:53, 1970-01-15 21:57:31
3119, 6nbwqjoB0JCeu7LRfN1v, 1970-01-09 23:54:53, 1970-01-13 17:02:18
3120, DCvPW5iI74TpGpgGZyKM, 1970-01-02 19:39:14, 1970-01-06 14:52:45
3121, vMbUP56IjYUKAwliBGfZ, 1970-01-17 10:17:49, 1970-01-18 05:53:55
3122, gF0hGTzdrawOzNGFfPo1, 1970-01-06 19:00:55, 1970-01-13 07:37:03
3123, ITluEjxNE7i2yUpzEx1f, 1970-01-13 16:16:26, 1970-01-17 02:43:45
3124, 1j6Feet4Miz0dadHr9n7, 1970-01-06 01:47:36, 1970-01-12 01:02:06
3125, ZWP1g9zgUiHJ2a8Ps8JT, 1970-01-17 10:46:52, 1970-01-17 14:17:43
3126, YK3hxj77HD5VXqVVlbV8, 1970-01-09 02:07:47, 1970-01-11 20:48:40
3127, jV0ABH7GOXPYOCpGD5xB, 1970-01-07 04:26:29, 1970-01-08 07:47:39
3128, E1LgDd3OHfKs4219ZNVU, 1970-01-02 08:15:30, 1970-01-10 11:50:11
3129, JXbcMJbttPbd9WybQr3U, 1970-01-09 15:03:22, 1970-01-14 19:26:03
3130, H32NbaUU4sNfAgVgSBys, 1970-01-13 23:55:06, 1970-01-17 14:19:28
3131, jLMrcHkLbccpwbS4cS3b, 1970-01-17 22:25:42, 1970-01-18 05:46:29
3132, 5Jr3jFQKJAzPr8YH1dST, 1970-01-17 02:14:31, 1970-01-17 13:29:04
3133, ZB8PUHvSwFtvLkY5jQOI, 1970-01-04 20:16:40, 1970-01-15 13:23:23
3134, ugOp7rjWKw54l2XPgWNj, 1970-01-06 16:01:33, 1970-01-16 06:07:08
3135, MQXTOI2mds89LNDoRlhh, 1970-01-11 08:27:29, 1970-01-15 14:07:38
3136, 0SdxNvHlMciZSVSeoAnm, 1970-01-04 10:51:17, 1970-01-15 13:30:21
3137, m8cCzN4bnPAJuX5vmMRd, 1970-01-06 21:51:26, 1970-01-07 22:37:02
3138, jUSrF3RFjPvaduLcSaO4, 1970-01-11 16:50:10, 1970-01-14 13:22:51
3139, Lj19KAwdqbZxRsOyO8HC, 1970-01-12 23:04:27, 1970-01-17 22:44:17
3140, YN0oKHtxMsaFklXM3l4b, 1970-01-15 22:47:18, 1970-01-17 15:45:21
3141, Bu8cV6KRjOuauZbOgs8O, 1970-01-13 08:12:43, 1970-01-17 13:25:22
3142, NSy569tObVmlvc1IK6Bt, 1970-01-11 08:35:27, 1970-01-14 07:05:13
3143, g2sRysLpVtdy99V7yjGl, 1970-01-17 22:47:29, 1970-01-18 01:58:04
3144, baDpm03CmIZBeO6zC2CG, 1970-01-11 01:02:27, 1970-01-11 08:18:11
3145, YHHMQP3XA5gBPaWkaldq, 1970-01-13 19:46:18, 1970-01-14 11:11:43
3146, L5qwwTd599Ornr3IwZN8, 1970-01-09 11:26:58, 1970-01-11 16:11:07
3147, iqFt9ZerGIdU8KDOpbhv, 1970-01-14 12:59:06, 1970-01-18 07:23:41
3148, cwsEQ0ld4iZG8tyjbsDp, 1970-01-08 12:01:33, 1970-01-13 13:51:08
3149, cVhWi7mGQgcknKXmQEpL, 1970-01-16 13:13:24, 1970-01-17 20:10:54
3150, lOiPDKPgGQImqOMP49e3, 1970-01-07 04:09:12, 1970-01-08 11:28:00
3151, hF9QeZMDgOn165SjBDP8, 1970-01-17 15:24:51, 1970-01-18 03:08:46
3152, Gi6XWb3wsNL2YntNU4p1, 1970-01-14 22:11:42, 1970-01-17 19:56:35
3153, tGspTlewCjY5Uruf5JLS, 1970-01-12 11:47:30, 1970-01-16 07:47:39
3154, YoeksIT2jGBWlzSWAp5g, 1970-01-02 09:24:12, 1970-01-03 08:00:22
3155, jW3Csq3wI72emULoUafW, 1970-01-05 11:27:58, 1970-01-10 06:01:02
3156, nDtBDKQxSbd0ZX3nhBtw, 1970-01-10 20:18:52, 1970-01-12 20:07:47
3157, FqckiJtG15tXNAFO1ywn, 1970-01-07 21:19:27, 1970-01-09 19:37:07
3158, cEv1pCOLPM9YrtJQIPAg, 1970-01-10 14:56:07, 1970-01-14 03:32:48
3159, Z0UM8eFD1KWAlTBQJdDM, 1970-01-05 12:11:53, 1970-01-14 14:05:26
3160, 1uo8a9Th5stmUp2AS4D7, 1970-01-10 05:56:45, 1970-01-15 09:37:32
3161, 8EoOfJ4vNEWWF1XvLgaV, 1970-01-11 09:29:04, 1970-01-16 06:27:31
3162, YAW9auGluBImNsExSP10, 1970-01-02 19:24:55, 1970-01-17 02:49:41
3163, suv4zCu1Pk8YqHF5IGOH, 1970-01-08 20:11:43, 1970-01-16 01:56:58
3164, pCjnVADKn2K0p1NwJBaK, 1970-01-17 05:33:38, 1970-01-17 16:29:32
3165, AkgLAIa1WyTCDAnXCQ9Y, 1970-01-05 16:57:22, 1970-01-11 09:31:15
3166, Zt7YYKmhKME16rryVBaf, 1970-01-10 21:17:45, 1970-01-13 05:51:55
3167, D9CjSqiQRfKLMBV97zzg, 1970-01-17 19:35:24, 1970-01-18 05:06:29
3168, VERcd36AhIYzULuWaXPx, 1970-01-17 18:27:54, 1970-01-17 20:56:55
3169, oiZjd3s8YPIiUHdkVnmK, 1970-01-09 21:25:44, 1970-01-17 23:39:33
3170, AMZo3ZVP7kCIDLbEk8xu, 1970-01-03 03:18:40, 1970-01-14 07:39:19
3171, tDe3zjiQ64yhoQuC4lqz, 1970-01-14 16:18:11, 1970-01-15 07:13:49
3172, K9SfbSLWDabAF6CORFLH, 1970-01-13 22:08:43, 1970-01-16 16:29:23
3173, 5A1UT4uCgUtMCbSlRQzz, 1970-01-03 03:11:13, 1970-01-06 11:05:46
3174, QYcquR3VbqNav053HTlK, 1970-01-13 07:37:53, 1970-01-17 11:08:09
3175, AESSGjAulNw4KLM5v7tR, 1970-01-12 11:45:20, 1970-01-15 04:05:00
3176, purTDgGqeUU4BZNOBV81, 1970-01-08 07:52:36, 1970-01-11 14:03:47
3177, W7Bc2nifWPapX4ymMtOk, 1970-01-11 00:29:14, 1970-01-14 09:47:29
3178, orqevM8iE8CKYBDpARlC, 1970-01-14 22:32:42, 1970-01-18 04:14:10
3179, 1Th1bbgKYIosv85iNJFl, 1970-01-13 16:22:30, 1970-01-13 23:55:53
3180, 4u1AqtSoNSQVlOEBaATT, 1970-01-11 02:06:06, 1970-01-15 03:22:57
3181, lVP2fEQvi49hQDBZEr3X, 1970-01-07 23:39:50, 1970-01-17 02:52:53
3182, 4fmCVNXwEc8tZiBUTCWG, 1970-01-13 10:18:49, 1970-01-16 07:02:25
3183, t2dPOvdwz9VRkEft2NKW, 1970-01-11 05:45:55, 1970-01-14 02:31:39
3184, Of3IrXyMQ4sRkEBtkziF, 1970-01-16 07:13:58, 1970-01-17 20:48:46
3185, YwGtAhWwgjBSxSRUBRFl, 1970-01-15 13:52:00, 1970-01-17 09:47:49
3186, JfyohOfzsAYGyXOGoCkY, 1970-01-07 01:17:36, 1970-01-12 19:01:40
3187, EENzUpaBZupirE8ixvsk, 1970-01-05 13:57:04, 1970-01-15 07:56:04
3188, E2Y7jAy9bGUXF3S4y17c, 1970-01-12 15:07:50, 1970-01-16 07:27:17
3189, 4hLOnX7uszj50o4Dq79d, 1970-01-10 13:18:49, 1970-01-11 14:35:49
3190, GVFjFZB2iadhOQcZAiPG, 1970-01-06 18:45:01, 1970-01-18 01:27:24
3191, TxlSGgbb1kd7yBTHJ8kU, 1970-01-18 03:10:12, 1970-01-18 05:15:46
3192, sD0hKMQL4fN8Gtu6vo2T, 1970-01-16 08:18:55, 1970-01-16 15:59:45
3193, NbfCuPIXH8EvAtyiqKuN, 1970-01-14 00:37:53, 1970-01-16 14:56:29
3194, sNKKCsNdyj4geyIuIPYU, 1970-01-04 07:02:57, 1970-01-16 07:36:09
3195, GuYDQ8zf0CJgrmassthZ, 1970-01-12 00:05:04, 1970-01-13 09:15:15
3196, NodRPmNcJOK2O2RV81DQ, 1970-01-07 05:27:57, 1970-01-12 16:36:48
3197, Dylj0SCe9aRZTml4woo3, 1970-01-05 09:44:14, 1970-01-16 10:17:00
3198, W8kSuE82yqqQkT9odysB, 1970-01-17 05:09:50, 1970-01-17 20:36:01
3199, qlzx9q8LIcs3xcwE9M43, 1970-01-12 01:26:28, 1970-01-16 11:42:47
3200, WdYcOXrGFNwBcD3ld4cq, 1970-01-11 00:06:51, 1970-01-12 08:33:04
3201, BAVIdbQpDn7064toZ59T, 1970-01-03 18:02:21, 1970-01-08 03:20:03
3202, jYsilGcLx9Y5jYairdG8, 1970-01-09 08:23:33, 1970-01-09 16:27:46
3203, W5MnDDZhFEWfPOWVs6yy, 1970-01-07 16:00:21, 1970-01-13 05:52:00
3204, fw4fV0EZZthsvIxz48yT, 1970-01-11 20:52:11, 1970-01-16 04:38:22
3205, hvd1eaeJx8hcmgfOzZVy, 1970-01-04 22:41:52, 1970-01-11 13:24:42
3206, sR39TezbfmasWOtdhoZX, 1970-01-15 02:55:15, 1970-01-16 21:20:50
3207, r3IOiLDmbTE3LSnq3nej, 1970-01-16 02:30:02, 1970-01-17 00:21:14
3208, WiXDpYTe2QL6OmFWZh0r, 1970-01-11 06:41:06, 1970-01-17 17:00:28
3209, bLJGSSXQCFjT3ZCUE1Zl, 1970-01-18 00:37:26, 1970-01-18 05:44:46
3210, sfb7TpyibyvZklI89r81, 1970-01-05 02:20:43, 1970-01-11 13:39:07
3211, n4owKTMpYPREvLvoMBqq, 1970-01-09 16:07:46, 1970-01-13 08:02:09
3212, TJ1IGmkp8GS3juNmK7mo, 1970-01-03 01:03:51, 1970-01-10 12:44:39
3213, dnW70oT2cyvRdJzkltf3, 1970-01-16 07:31:12, 1970-01-17 02:07:02
3214, Q0CMRtuLvO2J84m3OYEp, 1970-01-14 18:21:46, 1970-01-17 19:06:22
3215, gupq6OHq2QnzmtPsIp8r, 1970-01-07 16:01:30, 1970-01-15 05:12:07
3216, THZQK6wrsj4i2FdHSbTL, 1970-01-03 02:28:35, 1970-01-17 02:01:44
3217, FjSG7IhmRiSQ7qDPwcij, 1970-01-13 01:32:13, 1970-01-16 06:16:28
3218, eaAWTnBDnygfG74FJILi, 1970-01-10 10:18:34, 1970-01-12 22:07:43
3219, kfNiaunzq5gk9OZI0pWK, 1970-01-16 01:43:27, 1970-01-17 02:31:00
3220, SMpj3CTKRlnvCwIqKT03, 1970-01-17 12:26:24, 1970-01-18 03:53:24
3221, byN4TI1MDaraAo99OGA1, 1970-01-13 06:02:16, 1970-01-15 02:09:59
3222, GEToiU61wkKHzZi95g8B, 1970-01-11 18:43:35, 1970-01-17 23:04:15
3223, WansWoufk1nvsIZa9oXQ, 1970-01-11 06:26:51, 1970-01-16 02:41:55
3224, Z0sgUcrTBdnZF04c9Xf9, 1970-01-03 17:20:50, 1970-01-09 16:45:21
3225, kSeCVytxt4we7GbeXS6G, 1970-01-15 11:36:07, 1970-01-16 11:10:58
3226, mC7IrYXrzQe4uXAkJUNh, 1970-01-10 01:25:52, 1970-01-13 10:01:32
3227, hMQRfSSjlkAHODI9vCi7, 1970-01-05 16:02:41, 1970-01-12 10:40:42
3228, DHcsIMHQzj6SlxMmp2w3, 1970-01-05 12:56:07, 1970-01-13 21:49:46
3229, qo2p04eUVlbeLgVioxHC, 1970-01-11 22:44:52, 1970-01-17 23:54:42
3230, diJbL4guliWIxzCp8iSH, 1970-01-11 19:01:39, 1970-01-17 00:51:36
3231, mW7m6h45UcZiDqAk4KSv, 1970-01-09 14:25:14, 1970-01-12 07:36:57
3232, vrspUaJzDHUd9pE7gtYc, 1970-01-17 11:11:12, 1970-01-18 04:33:06
3233, 63hsVK8kJIxG1i8mARRu, 1970-01-08 20:51:12, 1970-01-14 02:40:45
3234, eXoQz9rISMBxEecVIqKU, 1970-01-14 07:51:30, 1970-01-16 00:02:52
3235, lrPysjGp1K4CQ6t7cE0S, 1970-01-12 06:44:19, 1970-01-13 20:38:25
3236, 0vKoWPB72Jg7ktsLLkrF, 1970-01-07 09:52:03, 1970-01-12 20:08:50
3237, d2x3IALyf98sOcByUex8, 1970-01-16 10:19:40, 1970-01-17 17:56:39
3238, rKmd31qIy82H3Wb6rkbq, 1970-01-02 10:56:45, 1970-01-10 05:48:59
3239, Yedl0bqf9TfJigdbsx1N, 1970-01-15 23:48:07, 1970-01-17 05:37:30
3240, MdAh4Mvdv4VJyxesNq2g, 1970-01-15 06:26:46, 1970-01-17 14:06:58
3241, UuWKG2vcMlJydKllieQD, 1970-01-11 14:12:06, 1970-01-13 14:02:21
3242, iZyNQ5BrS6dKl4bmwlLJ, 1970-01-07 01:54:06, 1970-01-11 09:34:42
3243, iVB47j82STG1ZvRkwr9O, 1970-01-16 02:30:15, 1970-01-18 07:55:20
3244, 8a5kt9ZrZVfc2UXezOp5, 1970-01-10 07:58:17, 1970-01-16 01:31:04
3245, T1HcgLXjVXZD92hyDBKr, 1970-01-15 13:01:47, 1970-01-18 06:10:43
3246, FTfYAujxXm53Nc0D0Z1s, 1970-01-03 00:09:18, 1970-01-09 18:49:42
3247, 9VvbJj3ss8frOVYKzzpz, 1970-01-07 02:34:19, 1970-01-16 15:40:16
3248, pL9vPR8AnzVhvIIlkqag, 1970-01-13 18:55:10, 1970-01-14 21:49:09
3249, MC72Gl395DRL1z4lyls6, 1970-01-09 19:02:06, 1970-01-15 07:36:20
3250, Fp7ixq7XyEbLUZztHvWX, 1970-01-15 13:39:28, 1970-01-17 03:31:32
3251, LJHuG0qe4CTA6HBydRc8, 1970-01-15 21:02:48, 1970-01-16 23:20:20
3252, VUX07CKLexmjkj6og8HQ, 1970-01-05 03:49:03, 1970-01-14 16:35:14
3253, rVm4OsPCFOtbSqe8CQ17, 1970-01-14 11:27:51, 1970-01-16 15:17:54
3254, lo7Jg0sRZdgsKWAUv91d, 1970-01-05 16:07:46, 1970-01-10 01:45:55
3255, QZMDfHSr7eZW2Ph8XiZ8, 1970-01-14 22:18:00, 1970-01-15 06:10:14
3256, ekRTBgkdiIKdd8cHvsN7, 1970-01-15 07:58:01, 1970-01-17 08:22:01
3257, Datvr8wxvoZX13IFztCp, 1970-01-07 22:16:07, 1970-01-14 01:01:26
3258, Wju8zGoInNZIS33XRwci, 1970-01-07 18:02:42, 1970-01-11 00:36:17
3259, GUP9ZufZ9e3wdD6GhhhM, 1970-01-07 10:05:45, 1970-01-13 21:31:47
3260, 7SbuYWJuW7as8uG6wLeT, 1970-01-10 19:05:08, 1970-01-11 14:44:02
3261, y4N6U2dNKBHmcnxOk1AA, 1970-01-06 13:07:01, 1970-01-15 16:39:10
3262, KttfZv0ncH3wfRC15yVW, 1970-01-17 12:26:43, 1970-01-17 20:21:09
3263, 6Ecj9EgvhcY0dWJOGT8M, 1970-01-06 15:24:37, 1970-01-08 09:04:50
3264, J61xrcLiBo8YwWUC5Yjx, 1970-01-15 00:11:13, 1970-01-15 03:11:39
3265, IRjiRaXE4xBwtRychxP7, 1970-01-07 05:31:56, 1970-01-15 13:51:28
3266, oYZBugSBd8Mg7lD9t1gO, 1970-01-05 01:12:47, 1970-01-11 00:54:12
3267, GnaB2r6U7E289xRLd37U, 1970-01-13 11:29:17, 1970-01-14 02:59:29
3268, wt79OFRsZA7PsVvON9mV, 1970-01-17 14:24:11, 1970-01-17 22:03:18
3269, StatcaUZ9l12JPQj0WBJ, 1970-01-07 14:44:33, 1970-01-14 07:17:16
3270, kFtZhlfbLrKBS4pKjznN, 1970-01-16 19:35:54, 1970-01-17 07:07:54
3271, nm9p7JJ7U4iSR1GHmsF7, 1970-01-04 09:45:18, 1970-01-06 22:59:33
3272, w0FYubUpHwpEdy9Jmucx, 1970-01-17 21:50:31, 1970-01-18 02:06:15
3273, dLpKEYpD0bdyNPbNRGOu, 1970-01-15 09:14:31, 1970-01-16 15:34:36
3274, bvFHCDNQKr8xNUixtVUP, 1970-01-08 07:43:15, 1970-01-14 15:37:57
3275, iu2I61JNqDofM3i8edM4, 1970-01-12 13:08:30, 1970-01-13 11:22:28
3276, Zs3YyAVAcOGPQRQSTJ3a, 1970-01-04 04:44:13, 1970-01-06 17:24:10
3277, 56NIS645gla4cGrVng1h, 1970-01-14 05:16:27, 1970-01-14 09:52:19
3278, HUQP0tEEOfBzVKnzvLll, 1970-01-09 19:20:41, 1970-01-12 15:10:25
3279, qYhcGKumz1ouqrJTGyZP, 1970-01-10 22:37:22, 1970-01-17 07:43:37
3280, sd2xHSzJXzXTzwkcPCwt, 1970-01-09 15:49:25, 1970-01-16 04:43:17
3281, nu7Uhi3fNByuqNuIQDWD, 1970-01-14 19:42:24, 1970-01-15 03:29:45
3282, hmtW3MSeLPgvyBmWSAdx, 1970-01-10 20:33:18, 1970-01-18 03:09:11
3283, 0oVWemUEKlh6Rd9Q0gT8, 1970-01-09 01:54:49, 1970-01-10 16:19:29
3284, pfiXsiDfUwvJ32gsSN6O, 1970-01-17 12:40:34, 1970-01-17 15:29:53
3285, 66z206Y6aOr0dPrH5f8b, 1970-01-16 23:46:03, 1970-01-17 20:58:00
3286, MFjovWQrsSm0K7VtgSK4, 1970-01-07 00:29:00, 1970-01-14 16:46:16
3287, iMTy2SwcO3KyvSOsQn9w, 1970-01-02 15:32:34, 1970-01-10 22:34:07
3288, I4HSj1y0xVc8280IGRsP, 1970-01-12 01:03:42, 1970-01-16 09:28:19
3289, T5Or1ek8nOqggCPifnMx, 1970-01-09 08:36:25, 1970-01-09 21:09:26
3290, U5ylkc6yQOaPWFmMXcKQ, 1970-01-16 03:03:08, 1970-01-16 04:47:06
3291, 5zKynV46tVFRuz6uKbgB, 1970-01-03 12:33:20, 1970-01-10 23:08:53
3292, Q8Pwhv7f35HDDRMyGNpw, 1970-01-09 12:52:12, 1970-01-11 22:30:41
3293, u24NbZmFmRRUQlWDpnOb, 1970-01-04 03:24:27, 1970-01-09 21:14:35
3294, Ryclx3oT1vGSAa33Yvf1, 1970-01-04 19:45:35, 1970-01-12 05:47:39
3295, GHzhlxfyXZF0vru7zfsv, 1970-01-06 17:08:46, 1970-01-06 20:41:23
3296, LMaZffHxE4YzmGxduFdM, 1970-01-14 10:53:12, 1970-01-14 19:53:13
3297, gKxOUaaxtHFI9Kvghsdn, 1970-01-10 03:49:59, 1970-01-10 11:20:33
3298, SifxPe5d6a8SN2qZCqTr, 1970-01-02 18:26:58, 1970-01-14 19:58:26
3299, jtBs8muvE45kGYzMaAUV, 1970-01-08 11:33:32, 1970-01-15 16:15:34
3300, v52ix6XYRsvBHOcaMuO5, 1970-01-05 05:32:59, 1970-01-14 13:24:46
3301, r85mrTUqf4rMKVRlhGM7, 1970-01-04 18:12:14, 1970-01-07 18:45:11
3302, wFDWcXE6PylpoIzQoM9r, 1970-01-16 09:06:54, 1970-01-16 22:13:34
3303, vjf2Ju8C0FDtWN6bwHhN, 1970-01-16 08:01:01, 1970-01-17 15:30:10
3304, b0CqCglnlFA27pHdPuwG, 1970-01-07 03:48:27, 1970-01-12 06:23:13
3305, vFkxVtUJMiiHi3vqW0ZB, 1970-01-14 21:17:19, 1970-01-15 22:00:24
3306, 9MNbkQLY5oLNW2i3RE8u, 1970-01-16 20:25:44, 1970-01-18 04:29:38
3307, qB8ZU3p7eOYHknA1KHrQ, 1970-01-18 05:13:21, 1970-01-18 05:55:44
3308, z1z1NPfyZFH6fiWGzf8k, 1970-01-04 23:34:04, 1970-01-09 22:59:41
3309, RW8m5F1RNwWRBSMVD4jG, 1970-01-12 18:43:12, 1970-01-18 00:24:54
3310, x4fLR1Rz99uYF2mWI9RA, 1970-01-16 21:09:25, 1970-01-18 00:32:01
3311, plA5f4JRWDmmA9wbrIEC, 1970-01-10 06:43:32, 1970-01-14 13:22:31
3312, xTrvZu7xF2QUGmKB2sGX, 1970-01-02 14:25:35, 1970-01-09 22:09:54
3313, MZEH5TFyXfEonvbFYMYd, 1970-01-08 04:44:28, 1970-01-17 02:48:46
3314, B2weEmBu1veXLtQMBRba, 1970-01-09 08:30:04, 1970-01-16 13:54:30
3315, k1CtnMgULlA9AbGd8sp4, 1970-01-04 16:30:38, 1970-01-09 09:23:22
3316, LLIAbbnPProIh090MCEg, 1970-01-06 22:09:01, 1970-01-16 11:52:14
3317, jECD2AgYarlPo5qJx81E, 1970-01-03 03:53:00, 1970-01-17 07:25:29
3318, iSVBvrkN2wuyeUkYpaWD, 1970-01-05 10:50:20, 1970-01-14 06:57:22
3319, 2qDrNkj2lHahKo1RXNxU, 1970-01-09 18:14:21, 1970-01-13 22:19:58
3320, Elt8lmPNe2Ba0Ahzm0en, 1970-01-16 00:50:08, 1970-01-17 09:26:53
3321, oWm7pdDEOF4ePt5JZU0B, 1970-01-05 13:35:15, 1970-01-11 08:44:04
3322, VNqg28lhLlY2h1dtDZi9, 1970-01-18 01:07:11, 1970-01-18 04:54:02
3323, 6Q2sKkOH2pdpLfgDvNsz, 1970-01-09 16:01:11, 1970-01-11 05:12:57
3324, ntCJIKbY5dSZdwEOxKjh, 1970-01-07 20:08:14, 1970-01-17 10:07:59
3325, DsxvqcWZc6l3x6eW9SCC, 1970-01-03 18:37:34, 1970-01-06 21:59:05
3326, Hj9C0pgoGB0MyUeWQYnK, 1970-01-14 01:06:29, 1970-01-15 12:27:50
3327, 6UykFv7Uo4flfhlzeyxG, 1970-01-14 03:25:08, 1970-01-16 17:06:18
3328, MAJ672glaIRpXhpM14n2, 1970-01-08 20:09:58, 1970-01-18 07:50:56
3329, 0scaYSc846omXy9CbZOy, 1970-01-17 18:10:48, 1970-01-18 00:58:41
3330, fMkhkdOYo3dOiLmFf48p, 1970-01-17 21:02:40, 1970-01-18 01:22:42
3331, mJfQB9lxszbYNQ5iuur0, 1970-01-08 14:36:08, 1970-01-14 07:08:07
3332, 3DoNsFjswlcAEIUdyrmW, 1970-01-13 05:11:46, 1970-01-17 00:54:32
3333, KH6NUlIvd4C4UJxGlVZ5, 1970-01-09 23:39:38, 1970-01-11 05:07:38
3334, f5IYj1ksloHOysQbXXR2, 1970-01-15 20:20:23, 1970-01-18 06:21:50
3335, dIyHYWnWBlw59FJ0Gowb, 1970-01-06 15:33:30, 1970-01-09 14:46:04
3336, YmzugxoBL5CIlLAdiMXH, 1970-01-05 19:57:19, 1970-01-07 00:02:31
3337, VBJ4pFtp4rdhaD15EKV7, 1970-01-12 02:14:16, 1970-01-13 05:40:05
3338, mpC55ggc145OMj8lYEdg, 1970-01-08 06:04:47, 1970-01-09 20:10:31
3339, VJ7qmlWxNadGGaa97blp, 1970-01-04 09:39:59, 1970-01-14 15:16:33
3340, xJnK51MvXM0zxkoFlBvT, 1970-01-15 20:18:06, 1970-01-18 02:39:38
3341, zB05z4iEYFn1Zh4dKKdB, 1970-01-04 01:49:01, 1970-01-16 20:04:58
3342, i604VGtVZkGzZXClVa0Q, 1970-01-09 21:16:41, 1970-01-13 00:30:32
3343, ZN50q6WY2wUkSw4KPmkF, 1970-01-17 02:08:00, 1970-01-17 18:56:35
3344, YQ4carFD6LyUBbZgKUOh, 1970-01-18 01:09:34, 1970-01-18 05:57:33
3345, 7jUGuJfFv7RaMNIWQZ2G, 1970-01-06 06:33:33, 1970-01-11 04:17:17
3346, LD6ZXVc1U1260LxWBrbt, 1970-01-09 08:31:27, 1970-01-12 15:51:04
3347, hOQ7Qw4CRkS2w9ASD2Pi, 1970-01-16 19:29:34, 1970-01-17 11:08:26
3348, t7dRck8Xkrv5smTfOwx9, 1970-01-17 19:24:55, 1970-01-18 05:08:02
3349, lpHzUrEhblf2yshPO0EK, 1970-01-10 06:55:46, 1970-01-13 03:40:58
3350, p5it1GBPspsSdRWXW8AO, 1970-01-04 05:45:51, 1970-01-13 19:17:53
3351, 2IsAzXMl2mB1CEllkP9C, 1970-01-12 03:20:06, 1970-01-17 20:32:21
3352, noZGAPbM2LzEesG1iWDA, 1970-01-07 06:46:24, 1970-01-07 11:55:00
3353, kolinno0BNsdeYba4XoL, 1970-01-17 21:44:56, 1970-01-18 01:22:51
3354, CiGnGMYJGwvxuiLjcHPd, 1970-01-10 15:20:10, 1970-01-11 22:45:21
3355, oM33xgEFCOmJGnDXfG0v, 1970-01-09 10:01:35, 1970-01-13 10:05:25
3356, IysT8EsYpORnPcfE9dRj, 1970-01-09 10:30:23, 1970-01-14 06:23:52
3357, dV6WBsjpsdmfYkO3HIwW, 1970-01-18 02:07:37, 1970-01-18 05:48:26
3358, Up8idayeFp3EUNYOEZEH, 1970-01-16 04:21:20, 1970-01-18 03:55:22
3359, Om00Nf7RWlzM0sqO74M2, 1970-01-14 17:40:29, 1970-01-17 00:27:55
3360, 7KHTXZQOkq3oMHKRZwgE, 1970-01-16 15:56:11, 1970-01-17 14:50:19
3361, 988cSn5ikHm6QvF65GRL, 1970-01-14 08:22:30, 1970-01-15 05:49:56
3362, tIAZKSOAVFZfWtzjWroP, 1970-01-04 07:27:27, 1970-01-07 16:56:13
3363, s55NE5lMBVHmJMlC9n8I, 1970-01-10 07:40:19, 1970-01-11 07:08:30
3364, RIaweog6EeRseSYAIr1q, 1970-01-09 15:15:50, 1970-01-17 15:29:51
3365, eYUJYmoZjY3bhrjO0Wys, 1970-01-09 01:38:28, 1970-01-09 07:24:31
3366, A7CkObFmTy80WuID1tgj, 1970-01-09 19:37:34, 1970-01-13 07:45:53
3367, mjiJ10NqO7uTKAmvoGXH, 1970-01-02 20:54:44, 1970-01-07 17:45:31
3368, 4sg8KQJ78JVC7HL6Ct2Y, 1970-01-10 06:49:17, 1970-01-17 00:42:49
3369, adKYQdawFo5X8oYOPWir, 1970-01-03 08:45:12, 1970-01-08 18:58:13
3370, NQv07b4AAgVKBAnWhM0y, 1970-01-05 12:42:13, 1970-01-16 04:27:53
3371, VhJUHZzLBoxW2Ykp91Qe, 1970-01-10 07:11:44, 1970-01-10 09:09:43
3372, HPKDw49LnccVCDVCWIvn, 1970-01-18 00:07:09, 1970-01-18 00:35:00
3373, M5vdMbwuitvRqaSfeHgD, 1970-01-11 19:24:06, 1970-01-14 11:57:36
3374, 88Dv7cpkelV3AxPCp8CA, 1970-01-06 04:47:43, 1970-01-08 14:03:27
3375, H8oxGsM06LGLR5rOuKwA, 1970-01-13 21:21:49, 1970-01-15 00:26:15
3376, VSdwKPEDT4r5IKTVjw7B, 1970-01-17 02:57:49, 1970-01-17 14:32:52
3377, Ua6XaYzx2suaKs0e8sdr, 1970-01-02 13:59:07, 1970-01-18 05:20:50
3378, TqGZ0TiPPKGVc9RaRmUJ, 1970-01-05 10:50:31, 1970-01-15 12:06:31
3379, 7xFNZZ9Keuui3FPLkqCf, 1970-01-04 21:18:15, 1970-01-14 14:24:44
3380, d4GCUIKj5iuUmIccoKka, 1970-01-17 23:41:16, 1970-01-18 06:33:20
3381, A1VS7VXYLcjzadRh6Xv9, 1970-01-03 17:21:06, 1970-01-17 15:46:38
3382, uVA9X2J54JBsg8jDpLHS, 1970-01-04 10:58:15, 1970-01-09 04:36:10
3383, lu9XuhxcRXBr97dPGreg, 1970-01-11 00:47:53, 1970-01-12 01:02:36
3384, EaNQKKrrhxxU3bNvf7ws, 1970-01-12 00:46:27, 1970-01-13 19:19:04
3385, fQoGTUssfrFlDUzhKiXn, 1970-01-07 21:41:11, 1970-01-09 16:29:53
3386, V07HrhmxgNkBuFBEqcV9, 1970-01-06 22:33:58, 1970-01-12 11:29:23
3387, ZDWFyWYmKUIM6LytSTiW, 1970-01-07 12:09:13, 1970-01-10 14:56:14
3388, c9w7ucQuqymlXBaJRAZN, 1970-01-17 13:14:40, 1970-01-18 03:24:32
3389, DuKCA9hPMcqYNe2l86Mj, 1970-01-13 13:59:19, 1970-01-14 08:28:22
3390, 5p5rx6VJ2cEXHNpVIIaD, 1970-01-10 08:06:05, 1970-01-18 00:52:10
3391, rXHNrqMAjdACwOIC2GVd, 1970-01-05 11:59:44, 1970-01-12 17:53:04
3392, VEHF8HHDDAoNaDbmk88r, 1970-01-10 14:00:52, 1970-01-16 01:54:49
3393, 7b9peVgOmaoj1Pu73ZsX, 1970-01-03 19:03:49, 1970-01-09 16:33:23
3394, ROrSQ7QKdsLfF5exsMtV, 1970-01-06 05:23:22, 1970-01-16 07:06:29
3395, pvHGV0O1Kv6cUCyizWIX, 1970-01-08 10:38:12, 1970-01-08 20:16:32
3396, zxRiUBKlBd3MnddJMWO3, 1970-01-03 20:01:06, 1970-01-14 15:23:26
3397, ZsjRlaERSaohHT3WaHEs, 1970-01-04 11:14:51, 1970-01-18 04:28:19
3398, tcsFgL6f41jvaqjxb6U5, 1970-01-07 04:50:29, 1970-01-16 22:00:36
3399, gFn1xA2SPzKyALsJY52x, 1970-01-07 00:15:27, 1970-01-13 05:19:34
3400, 0Eg56zepr4rhBnCvM2xR, 1970-01-04 01:52:25, 1970-01-06 23:03:37
3401, 8rk3BY6LiQwf8nqUEOy4, 1970-01-08 03:41:52, 1970-01-09 13:26:22
3402, RVGFjRYRH9PMEx2Efw0a, 1970-01-13 21:16:22, 1970-01-14 03:33:47
3403, 0QcjJlrWitRoESZITQ73, 1970-01-12 06:30:46, 1970-01-16 14:04:27
3404, 1L0k6Y9qdPorMV4sg85r, 1970-01-11 05:15:27, 1970-01-11 09:45:37
3405, R7ZnXuA9CkouIIYMr0Rn, 1970-01-09 22:17:38, 1970-01-14 15:50:44
3406, yQJChKDfMU8pHRTd6ufs, 1970-01-06 17:10:37, 1970-01-13 00:31:11
3407, d63ACVYsppUdhuY2TpAA, 1970-01-12 22:11:04, 1970-01-16 21:11:29
3408, WSFGqgrdyz1gupscp4hn, 1970-01-16 07:18:43, 1970-01-16 18:25:00
3409, T3jABxXSpMZOF1tbSczQ, 1970-01-07 02:43:18, 1970-01-10 19:55:32
3410, zHxAt6XKxHcYJLj5joWv, 1970-01-15 09:43:25, 1970-01-17 12:49:57
3411, ZCk8nATHC20MZAqbWXnO, 1970-01-08 10:11:08, 1970-01-14 03:19:16
3412, 51vRttNvjrhsQFPlSk0e, 1970-01-03 23:23:02, 1970-01-12 08:31:11
3413, Ves5VmmsZ0HsbIIDorJu, 1970-01-08 13:02:42, 1970-01-13 05:59:17
3414, modayO3Od7u9dk9d6lFJ, 1970-01-02 20:46:29, 1970-01-14 10:48:38
3415, 0vMTs2g3baafJANTLv7d, 1970-01-16 09:22:02, 1970-01-17 22:48:56
3416, WhMGqg3rs6pTlJKqbe2m, 1970-01-05 05:38:11, 1970-01-13 09:14:03
3417, upVtpY20UeLm3AlY7Wzp, 1970-01-06 10:11:35, 1970-01-07 15:10:56
3418, mmvtUAjK9uTqLrNZwekz, 1970-01-13 18:47:52, 1970-01-14 23:30:31
3419, 9DGJt9r1fcquzEx0s1lx, 1970-01-02 09:37:11, 1970-01-16 18:05:57
3420, rEqn4j59w2dxY9rxtHJJ, 1970-01-02 21:49:07, 1970-01-05 00:55:59
3421, UkPAyQiktqBunEWYklZB, 1970-01-04 09:33:29, 1970-01-10 17:09:46
3422, fhzXX924sBJfODMakXtt, 1970-01-17 17:21:23, 1970-01-17 20:36:21
3423, twNQfZMSsZbuZ9WC6D4J, 1970-01-02 22:58:14, 1970-01-17 21:50:50
3424, 9g6xktnGciL7R3QoxDnC, 1970-01-04 03:34:52, 1970-01-09 13:34:55
3425, kkrWB1ItAQBeB0qoEjbC, 1970-01-03 02:12:59, 1970-01-06 13:50:13
3426, zGhTgxXmjoyckvYk7wKE, 1970-01-11 15:54:33, 1970-01-14 01:35:20
3427, BZRYUzjyVezdUpSPc5XV, 1970-01-04 00:07:02, 1970-01-08 14:32:27
3428, aYWfqXcKRW5hwgk6mfzZ, 1970-01-11 16:14:07, 1970-01-12 22:30:28
3429, hqEgVYIQO8HFaHUpbM4o, 1970-01-07 16:03:29, 1970-01-16 22:06:22
3430, ibv2v5FDljAfD2T4JZtA, 1970-01-17 21:55:31, 1970-01-18 06:14:18
3431, n3IVvV7bEeeEV85qKc9N, 1970-01-17 04:28:19, 1970-01-17 18:25:14
3432, LCkedGM0tFxDu01dTfHo, 1970-01-08 12:11:04, 1970-01-17 10:15:03
3433, z8fy74ngnGbjUPlb0X2U, 1970-01-15 21:59:13, 1970-01-16 17:48:43
3434, Lv7IwtftawIQ8QLMzgtY, 1970-01-12 03:10:27, 1970-01-13 21:50:52
3435, Hi6PAqrIKwMB0b4RkL9P, 1970-01-16 04:59:28, 1970-01-16 19:07:01
3436, 3JlROh95DetG9wlPUgi0, 1970-01-10 04:57:14, 1970-01-10 20:47:32
3437, EAIUADJGWZOpPt20rF3L, 1970-01-09 18:24:55, 1970-01-13 07:21:30
3438, XuC2B04v2szj5OhLukeB, 1970-01-09 04:35:21, 1970-01-16 03:39:41
3439, EEHomTpa4sBoXfAzdwrt, 1970-01-08 05:41:05, 1970-01-09 15:23:43
3440, OFP8WkkI5kNOfL72nrb2, 1970-01-16 16:59:17, 1970-01-17 02:25:30
3441, OnpVnrZWv8SyODzfMHO6, 1970-01-02 17:24:09, 1970-01-13 23:54:34
3442, YJKSdhEbhhpB8LSHARuE, 1970-01-06 09:46:08, 1970-01-10 14:47:24
3443, HMVIOblRIcBWG2cSTbPY, 1970-01-04 13:22:13, 1970-01-06 04:22:37
3444, eRMMKJxprkBwwnEC2HPV, 1970-01-09 22:36:46, 1970-01-10 16:45:08
3445, W0ZfO3yYosFHJ9W5XoRU, 1970-01-10 17:04:03, 1970-01-17 07:27:33
3446, dTKhNyJPR4jNs3o8iQgp, 1970-01-10 09:24:59, 1970-01-16 16:23:26
3447, 9EiRuZvEp7sFOL4KHAzD, 1970-01-18 01:50:37, 1970-01-18 02:09:00
3448, N60OYdbnXqalJ2KkcogW, 1970-01-10 16:44:56, 1970-01-14 10:33:03
3449, KQrtbzoDpbn3Ae77cHQU, 1970-01-17 23:37:26, 1970-01-18 02:28:55
3450, cAQG6ju6iHHqdeX0fBg2, 1970-01-15 14:24:26, 1970-01-16 21:20:59
3451, SA8tO1Z53NMOSXlstsuU, 1970-01-09 00:01:53, 1970-01-13 13:13:10
3452, gCvwaJ0zLFGJN74iDQR4, 1970-01-17 18:03:31, 1970-01-17 23:31:39
3453, vrefLpHYwc9928Gvu5zP, 1970-01-06 14:05:10, 1970-01-14 13:22:53
3454, p9TzUxssBJp6JAnbHmPq, 1970-01-05 06:54:31, 1970-01-09 12:45:47
3455, FVvqCMNQNublayFS8ugC, 1970-01-03 15:29:18, 1970-01-13 09:16:53
3456, 62jy9f4g2pJQfqw1pVs6, 1970-01-06 17:41:14, 1970-01-09 02:42:22
3457, mb0ayTVXyw9gv4hkbimU, 1970-01-04 21:38:15, 1970-01-16 19:09:30
3458, rabpmzlVZ3Q0KonTBxOm, 1970-01-14 17:26:07, 1970-01-16 13:15:52
3459, pcCITiqFCcT62G2AhFid, 1970-01-05 10:36:19, 1970-01-11 10:29:10
3460, y4HUceQebRsWx5qppQYZ, 1970-01-12 03:46:06, 1970-01-14 02:33:02
3461, mBEp7lgK3jzpXGJROuzs, 1970-01-02 22:57:19, 1970-01-03 22:06:33
3462, FxY8XieMVjzXeGyFl7GP, 1970-01-05 07:15:03, 1970-01-18 03:13:21
3463, dNTcn4dP3bEBKVqNUEyG, 1970-01-15 16:56:42, 1970-01-18 02:51:30
3464, vl2wp3JsdQjvgZYNBuf3, 1970-01-08 13:12:00, 1970-01-16 17:45:17
3465, i7K83Rws5gskNvMOMi9q, 1970-01-09 09:38:08, 1970-01-17 02:49:00
3466, RJ5lJTGFWBgnv4cX9PFz, 1970-01-14 13:38:41, 1970-01-17 16:00:06
3467, a2fpq2KofRSelC4nrZVN, 1970-01-02 11:28:51, 1970-01-05 11:28:27
3468, uzod8ibhfsV9VzpSioTJ, 1970-01-17 13:27:37, 1970-01-17 15:36:52
3469, ujJD6yARkD0uzDWXdFjB, 1970-01-05 19:03:05, 1970-01-13 21:58:13
3470, LHZiB8My0sI8pBhKAxRS, 1970-01-10 20:18:52, 1970-01-18 05:02:16
3471, 4eKZf7byABUsiV1Jow6P, 1970-01-13 10:21:55, 1970-01-13 23:05:38
3472, iVylGM9A4YHyrYrAIYWX, 1970-01-03 15:11:56, 1970-01-04 15:26:07
3473, W9XyNdoP6lXgEqGEVWME, 1970-01-02 14:48:54, 1970-01-09 14:14:29
3474, 13oVOH7l3tpKLpHG3LsR, 1970-01-07 11:38:38, 1970-01-13 21:38:53
3475, UQ65dH4LG1NPmm6BlVVw, 1970-01-16 19:25:36, 1970-01-17 07:39:12
3476, wHTgqa6mL9zlrwFr42Bm, 1970-01-07 22:14:10, 1970-01-13 00:45:19
3477, vFnnrxaTl0utrMweYdcJ, 1970-01-03 18:11:10, 1970-01-11 10:23:54
3478, QbBnsGfEoIdgUpgWQsIT, 1970-01-07 02:45:17, 1970-01-13 21:30:21
3479, Wqoi9KKKqQJSlYBgeOUg, 1970-01-06 19:32:21, 1970-01-09 00:53:11
3480, DfFqIzUpiiyjNsEnF9Ch, 1970-01-02 07:17:15, 1970-01-08 18:18:39
3481, c93mQop8tDCFBxs0uD6k, 1970-01-04 18:30:52, 1970-01-16 13:50:42
3482, g2bjBKp7zCkSoFg0KKWl, 1970-01-15 16:15:31, 1970-01-16 19:31:26
3483, ai1mplMNabd0TDSkiOYt, 1970-01-14 05:17:31, 1970-01-16 07:27:27
3484, ei7uYGz0gg3r0bYaI1za, 1970-01-09 03:17:38, 1970-01-16 12:11:36
3485, Hep20yb2l2EANJDd1juO, 1970-01-12 14:00:51, 1970-01-18 00:33:14
3486, uKj8KHKGsslwIV3Ld60s, 1970-01-08 12:48:11, 1970-01-14 06:47:13
3487, do6hSXBNm97OJwecdGEm, 1970-01-16 02:27:34, 1970-01-17 10:59:22
3488, iEWxNAseMdROpXKLwrqK, 1970-01-14 02:55:19, 1970-01-16 13:36:49
3489, in9RehYjisATc2wSy0r2, 1970-01-03 18:25:43, 1970-01-04 06:55:35
3490, GFbHui6c7aGOghrVltIz, 1970-01-04 09:10:27, 1970-01-12 12:56:47
3491, 2nzBAigPf24iIyUbGzAF, 1970-01-11 16:11:47, 1970-01-12 17:48:03
3492, QIGTXFcIkpAL5qaWtwIN, 1970-01-09 08:05:20, 1970-01-15 02:16:05
3493, DqZzkF0S2q6Rn1NjT3qD, 1970-01-04 19:00:01, 1970-01-15 15:42:17
3494, nVKrEhR2w3iysZCYOb1o, 1970-01-04 12:13:30, 1970-01-18 03:41:38
3495, D7fTQkPlkCvij1UZild9, 1970-01-11 20:47:27, 1970-01-12 21:57:17
3496, Yv7tNP9wuz5CW1KywDri, 1970-01-09 08:39:23, 1970-01-12 13:19:38
3497, 9RQul3noVINWydWLU5AQ, 1970-01-13 02:22:21, 1970-01-16 15:13:14
3498, IQugs0WXKR9E8YxRZVgG, 1970-01-11 11:44:31, 1970-01-13 19:16:48
3499, dNvBiyMj1vy3wddIGncu, 1970-01-12 15:19:27, 1970-01-17 05:39:55
3500, IPVJhKRFKH3KYPzmpjsQ, 1970-01-09 08:24:34, 1970-01-11 11:30:55
3501, ylufSe57xjsK9J6clxkP, 1970-01-11 12:07:05, 1970-01-13 22:44:10
3502, YsWLAFjk5XKYlDPlOswr, 1970-01-16 18:57:34, 1970-01-18 05:55:21
3503, aS5iZRw8mYCd9ZNZrzWX, 1970-01-03 03:53:51, 1970-01-03 23:00:00
3504, HQvftzJAO4CbOFUyTF1j, 1970-01-11 19:31:00, 1970-01-16 21:43:55
3505, DzSFhXt53XKIhOg3BFl3, 1970-01-18 04:50:37, 1970-01-18 07:33:14
3506, cVWi31DGGjxw0KGiRicL, 1970-01-07 01:09:31, 1970-01-12 03:26:20
3507, n0MlpMbmj9vd1BM677yv, 1970-01-13 16:25:03, 1970-01-16 22:49:48
3508, UIzPVq4BZrcanpXQu5wh, 1970-01-04 03:03:02, 1970-01-05 11:12:09
3509, wMBKHZ5n8gGFrJ2FIIoT, 1970-01-12 18:06:08, 1970-01-16 02:53:29
3510, l83XHbLlMtrSfwVlsCru, 1970-01-15 08:53:43, 1970-01-16 16:32:10
3511, tEmecyj0bAWwQXTL6foK, 1970-01-13 03:27:34, 1970-01-15 03:23:31
3512, LZHnqXVFJXlxLBgGy2re, 1970-01-11 02:19:04, 1970-01-14 01:58:24
3513, YH84w917lIvXK9XTs4z0, 1970-01-06 09:32:55, 1970-01-12 20:25:26
3514, FIWoU66Qbu4BXr6UuNMQ, 1970-01-12 04:00:41, 1970-01-13 01:46:36
3515, mcM1tgrAd1Cq4XPYiaRa, 1970-01-06 06:41:01, 1970-01-15 01:46:40
3516, gacJBCfwKnyjMse2ct2o, 1970-01-03 05:42:41, 1970-01-11 22:18:56
3517, U7WME7zYhOOR7CtVozVo, 1970-01-13 21:30:13, 1970-01-16 06:20:59
3518, 4Wuvqz7rg7XEXY7aQI0A, 1970-01-02 07:49:24, 1970-01-13 07:57:06
3519, fTAOJusiaNkQrlJn3jZL, 1970-01-07 22:24:47, 1970-01-11 11:39:46
3520, ywESI2ZcfkOT9emmx4QA, 1970-01-10 14:11:14, 1970-01-14 03:40:05
3521, rEaTsWgQR6QfZpQBPibb, 1970-01-02 23:47:05, 1970-01-07 22:57:21
3522, I7c4fPS5d9LkEbYwFXSZ, 1970-01-03 17:20:18, 1970-01-13 16:34:10
3523, t2U8dUdj7Ge6phoeMTTg, 1970-01-04 08:13:06, 1970-01-17 01:36:54
3524, t4Y40pCZFgapBb2pUnbp, 1970-01-11 03:01:53, 1970-01-17 08:20:59
3525, XmmPC2jR9Ae7vZLjoGSU, 1970-01-17 22:38:38, 1970-01-18 02:41:10
3526, Jpb2k43ooxoxCf5zcxpf, 1970-01-16 12:50:18, 1970-01-17 11:52:19
3527, Y6Vf7obxzPtOLGjzz0QT, 1970-01-04 21:27:37, 1970-01-06 07:39:49
3528, caWXRkKbr2dzyLO6KzRY, 1970-01-04 21:10:53, 1970-01-16 11:06:28
3529, V41VXN5uMaqgCFt0kUm1, 1970-01-07 08:01:44, 1970-01-13 02:22:40
3530, EiE21N5xl7Izwp1rQuY9, 1970-01-11 01:57:47, 1970-01-14 19:49:59
3531, VndGoeVpCptSrP5LkrsW, 1970-01-04 06:33:36, 1970-01-06 11:19:43
3532, hqohXeGdJ7Sw7E47SxlT, 1970-01-16 09:17:03, 1970-01-16 18:39:19
3533, SdFXpJye6ruC95MFghY4, 1970-01-09 03:18:00, 1970-01-12 12:00:12
3534, 281SkFZAlkBnLGdgEjre, 1970-01-10 17:34:15, 1970-01-16 00:52:49
3535, SGY7jvZCwv3Fm3X2PX3M, 1970-01-18 00:57:00, 1970-01-18 07:28:12
3536, 7YMN8yPOUwn1STfITbDD, 1970-01-11 18:59:15, 1970-01-16 01:48:28
3537, aS9Wj7rhu60BrLnM5IjM, 1970-01-04 15:14:17, 1970-01-07 23:31:29
3538, lLpgKGHKhA124xocYdNS, 1970-01-09 22:34:25, 1970-01-12 03:01:39
3539, OoVGhLQRJyfshSAYTpPc, 1970-01-14 17:33:51, 1970-01-17 13:55:34
3540, flwt6qpeCz1typGjXvKf, 1970-01-07 07:07:56, 1970-01-16 03:28:40
3541, fT8UFSvR2UXRIwcLsPsE, 1970-01-15 00:28:02, 1970-01-15 18:18:17
3542, hyiYBfM0caXYVCNPIeRX, 1970-01-15 00:43:25, 1970-01-15 09:22:15
3543, TkAkZCg8ks8fGwZNV9xW, 1970-01-17 12:19:05, 1970-01-17 20:09:52
3544, cP1vvNQq7BdrOnYeEiOx, 1970-01-08 15:14:27, 1970-01-12 06:42:50
3545, nuIYh1TRGPatPdbO8oAQ, 1970-01-12 23:04:36, 1970-01-15 20:50:16
3546, WzEqFcpymJBJu2WuwQfe, 1970-01-02 18:32:34, 1970-01-03 18:37:08
3547, mMUOeSfnoIBsFb4lp4dp, 1970-01-06 01:35:52, 1970-01-12 13:18:12
3548, pREgskznyWuAnjvbvyov, 1970-01-04 07:44:51, 1970-01-08 07:36:41
3549, xb9GzP9sdDKnwx6gkEt0, 1970-01-08 19:46:24, 1970-01-10 16:03:48
3550, tfIgFdp0sUqNGXden28C, 1970-01-14 10:50:09, 1970-01-14 23:58:15
3551, gqL8gLgNNr2noEOVNUvb, 1970-01-12 13:11:06, 1970-01-12 20:34:15
3552, X1iNraTkFm7bVWtOazhw, 1970-01-04 12:19:36, 1970-01-15 06:55:23
3553, D75ppjZjlDHT9STSubVc, 1970-01-10 07:31:52, 1970-01-15 15:58:45
3554, eTOtiMXc32R6e0vb6uyI, 1970-01-09 23:53:49, 1970-01-13 06:02:49
3555, C7ncutAzEP8GLFbiQ6VM, 1970-01-08 19:03:00, 1970-01-09 00:20:56
3556, Eb98Fn2p18weTXHlxFPk, 1970-01-09 18:11:39, 1970-01-11 03:54:31
3557, APvrWG2bUUrz33c5PCnz, 1970-01-12 00:06:26, 1970-01-13 03:07:31
3558, S1YP65FIxcWVFEPjqjSq, 1970-01-16 09:05:05, 1970-01-16 21:35:35
3559, 3Kszl7C5N6q15dijvlkl, 1970-01-12 13:20:53, 1970-01-16 02:46:28
3560, E7Yfcc8hGIZ0lTw1XqeV, 1970-01-15 04:38:16, 1970-01-18 02:38:46
3561, MPbtxeLyEvQBWSVKlMk7, 1970-01-14 07:22:45, 1970-01-17 08:07:23
3562, 16TPvfu4Q9J75ugFSFhB, 1970-01-06 17:49:32, 1970-01-15 12:02:44
3563, FBvEjFIFtLlKhRA3X7tY, 1970-01-16 04:05:02, 1970-01-18 00:58:05
3564, PUrnpaHOUpJgrjYQbn2H, 1970-01-13 13:03:11, 1970-01-17 10:08:18
3565, zvRtjSB74tarRdXwdJYl, 1970-01-06 07:38:32, 1970-01-10 22:55:36
3566, yROXxQyw1SEuOGChkNQj, 1970-01-15 02:42:25, 1970-01-15 11:27:37
3567, FtcKBcBDq7MrKatwDzwk, 1970-01-08 21:55:32, 1970-01-15 16:33:42
3568, bzmF8irmB1Xu9Ze0xGA0, 1970-01-02 14:32:47, 1970-01-14 16:43:43
3569, KO1XT3UuWCpVMq3BfInQ, 1970-01-03 12:27:51, 1970-01-05 09:57:53
3570, F49mklAjBJuKjoKvsYtq, 1970-01-06 04:00:53, 1970-01-17 23:15:52
3571, j7cq32wSZ6d6G3ID6ACl, 1970-01-14 10:40:30, 1970-01-16 11:21:54
3572, 5A8wPPQRBOKNFrd7jDgF, 1970-01-12 23:59:21, 1970-01-13 05:26:39
3573, dNpBdoMJ0PmhNnD9hOrm, 1970-01-08 03:46:09, 1970-01-15 21:02:22
3574, yZ0IWkTKIvQOJB2MS3Vg, 1970-01-07 05:24:18, 1970-01-15 17:43:17
3575, VntysE32W64MrEkIYk2c, 1970-01-06 13:35:14, 1970-01-17 20:57:51
3576, v6Br4pGgZODMYbbvm06a, 1970-01-02 11:58:16, 1970-01-10 17:00:04
3577, zokg3touMsK9pjqvs0sz, 1970-01-11 10:11:04, 1970-01-14 11:32:38
3578, 1YSw7qiQ0HYkBAGPXvSC, 1970-01-06 23:36:56, 1970-01-15 04:12:22
3579, CWwRMoFnKtraxHNbcMS1, 1970-01-03 22:28:06, 1970-01-15 23:27:06
3580, y9AaRi3OUtwvwQBh60LU, 1970-01-13 16:30:57, 1970-01-16 08:35:10
3581, o5EWx1zrd2gNHbh459AD, 1970-01-02 20:50:04, 1970-01-07 08:51:56
3582, zk8hq7VVDyavXu9Hu2mh, 1970-01-13 12:38:20, 1970-01-18 02:44:17
3583, f48Luknpvq8R3vaWLniZ, 1970-01-15 01:15:54, 1970-01-16 20:25:46
3584, 0sHpTFTpSpfVRg10bHxD, 1970-01-08 03:02:48, 1970-01-13 06:14:54
3585, eyIi2Z4S7iZdGAiM8mDi, 1970-01-03 11:51:38, 1970-01-09 21:07:47
3586, hyc43jEJRRtRywvS85RP, 1970-01-04 09:52:39, 1970-01-15 01:26:03
3587, 9nKdz6UIWBsieDm5wHMB, 1970-01-08 19:27:30, 1970-01-09 02:02:22
3588, AeFaFK4SbPSSi9LO8Z9y, 1970-01-13 09:45:11, 1970-01-18 04:14:38
3589, 2OEL3pZ7DxBruXknnySV, 1970-01-11 08:25:39, 1970-01-12 04:38:04
3590, Z18xkZAkD3IgeSoNKUpz, 1970-01-17 18:57:20, 1970-01-18 01:51:30
3591, Uvq91HHCIFOdiuztBSyZ, 1970-01-17 14:05:08, 1970-01-18 00:02:38
3592, dCgrrvP57mCJJgdicrdC, 1970-01-14 05:28:38, 1970-01-14 10:28:25
3593, 1Kc2hooPws25gnXSVKJy, 1970-01-17 21:12:58, 1970-01-17 21:45:42
3594, 9YJmmMIvbo9k3UWgqtNT, 1970-01-17 17:24:52, 1970-01-18 07:10:05
3595, p4VrUmqedBK9WgBuwBBy, 1970-01-06 17:28:08, 1970-01-12 05:46:06
3596, QVbyoptNcov0ETTCy2fI, 1970-01-14 18:02:58, 1970-01-14 20:44:49
3597, vhwdczMPWhFcOKzxN3eT, 1970-01-06 01:17:47, 1970-01-11 14:21:54
3598, uCaDMC82uwStuvqYYfUg, 1970-01-10 21:08:24, 1970-01-14 20:57:49
3599, 7ibWxZhKiu6p0Vc2VjAv, 1970-01-14 20:28:16, 1970-01-16 23:58:05
3600, bPM7LzTT0CVsBgMqnJSv, 1970-01-07 22:50:08, 1970-01-08 21:07:56
3601, 3cGE2uUzP6oHAhCD2ALM, 1970-01-13 16:18:47, 1970-01-18 04:18:40
3602, tyJwS0h9tBKAg90zin3L, 1970-01-11 02:48:52, 1970-01-14 02:25:07
3603, 3QKL5tKTnD3TY3myTduj, 1970-01-03 03:19:56, 1970-01-16 16:14:15
3604, TeYcq1el1OvO77KiQbhS, 1970-01-10 03:48:05, 1970-01-12 10:01:35
3605, G47PfQ0nnZL3DSpimgeI, 1970-01-08 05:49:54, 1970-01-12 19:16:38
3606, vW0Ou5BzQEURP25who2s, 1970-01-04 10:08:55, 1970-01-15 23:58:36
3607, iUgjIY7GymhRGsxUum6G, 1970-01-08 13:33:42, 1970-01-09 13:16:49
3608, 35y9Wq4TsJXRrKnchYPe, 1970-01-12 04:39:52, 1970-01-12 22:05:16
3609, 63pH2y0oKCTQmuXUexC8, 1970-01-05 12:46:40, 1970-01-11 14:42:38
3610, eoY20oPZB5QCBQY3LDQX, 1970-01-09 05:25:43, 1970-01-17 18:17:36
3611, MwOLxSRBpcIvCYBVxOIi, 1970-01-15 07:02:25, 1970-01-17 02:44:13
3612, oRwlAIJkqN4gpo4LuwT4, 1970-01-04 10:25:11, 1970-01-12 12:40:44
3613, s4gEbGDeID99c3MhMDDr, 1970-01-14 23:00:08, 1970-01-14 23:04:41
3614, RANqc2WCWo8SHn8DT6be, 1970-01-06 08:39:54, 1970-01-13 09:38:04
3615, mxvZiqoOViL520hmI8Eh, 1970-01-12 00:16:42, 1970-01-17 09:37:26
3616, LLPItmPzKIiBF33CBYD6, 1970-01-13 12:24:00, 1970-01-17 09:29:32
3617, guvNxmVc7cQ6A3BQHXwU, 1970-01-07 23:15:36, 1970-01-08 00:05:57
3618, LEyykP3NhNw5FwI5pYAX, 1970-01-10 06:48:26, 1970-01-16 16:13:56
3619, iug0h2uf3rzR6ctZ2h4g, 1970-01-16 02:48:51, 1970-01-17 06:25:51
3620, PTUiCRa4tdC97nOuhBsi, 1970-01-04 15:18:23, 1970-01-06 04:01:01
3621, cMO32ljnReLjg5kpAn2f, 1970-01-06 11:18:53, 1970-01-17 00:11:03
3622, 3gFWWR1CGgMgSARpf5yv, 1970-01-02 09:18:51, 1970-01-12 10:56:52
3623, 0hwItSTXELE048Sb2rno, 1970-01-11 06:35:00, 1970-01-12 06:10:05
3624, ET4g2DvWfdX350lVWVCP, 1970-01-10 20:06:51, 1970-01-12 08:54:12
3625, PbDBJVhBCpIKzCCW0GcG, 1970-01-08 08:19:22, 1970-01-15 13:04:15
3626, QT0rWQ98K8pFSCvUaezd, 1970-01-02 15:15:40, 1970-01-16 10:40:19
3627, AIjDjyUSiA2DEcRtA0TD, 1970-01-13 17:21:00, 1970-01-14 16:07:33
3628, PJl8YUh0uwpEIFvLSyL9, 1970-01-14 06:26:03, 1970-01-17 20:14:18
3629, CeKvvpEBBc9wX3NzUSFV, 1970-01-07 15:48:26, 1970-01-15 07:56:04
3630, knEvGJ3SPUpf9NJ9ebvK, 1970-01-08 13:09:38, 1970-01-12 03:55:03
3631, 07eysndMZv8vb2Hl26Xq, 1970-01-11 02:23:11, 1970-01-12 05:30:33
3632, VOAtDeoiVmCBdSOrobRx, 1970-01-07 02:56:18, 1970-01-13 06:48:33
3633, E618NgUHNou9ti8HSEEJ, 1970-01-16 20:19:59, 1970-01-16 23:01:04
3634, dYLflAGb7BzNT2ycHPYf, 1970-01-04 14:22:55, 1970-01-04 20:58:27
3635, PN6EZKV0nn2Tk939aPSv, 1970-01-17 23:10:49, 1970-01-18 03:11:01
3636, nvxv4TUfQJahW4azokr2, 1970-01-04 18:01:43, 1970-01-15 02:14:13
3637, y5LTGtzW7pGgvQ3Ypp4n, 1970-01-05 05:01:28, 1970-01-13 06:27:01
3638, Ae5V4sfuL326IVwDF9rF, 1970-01-17 20:01:34, 1970-01-17 20:53:43
3639, 42wd8LwPGNift2cZFCkC, 1970-01-03 09:37:39, 1970-01-07 04:23:27
3640, 0COrgKqgJGJyHw2X8nxJ, 1970-01-06 18:07:07, 1970-01-09 04:26:44
3641, BR7OL1FZ2dqaU0XBLcxg, 1970-01-04 15:43:16, 1970-01-06 06:22:32
3642, o3Sjf9pkvWPfL1vsZGtU, 1970-01-08 11:37:49, 1970-01-09 14:38:49
3643, 8nlMMCRenSbS5RaQHZat, 1970-01-06 17:55:03, 1970-01-09 21:27:04
3644, lL5b7JOdLxOolxUjMMRA, 1970-01-11 09:24:49, 1970-01-11 12:41:45
3645, X8xWIfooPeLBrT1ZfiSD, 1970-01-16 20:35:13, 1970-01-18 02:08:20
3646, HSdPo5dwh17gbwnDaudi, 1970-01-05 21:04:41, 1970-01-14 12:04:55
3647, 7vOAziYxYpCJ4jOx7Jw6, 1970-01-08 09:05:44, 1970-01-08 13:16:42
3648, SYRNTRBt805KvzgA0jaq, 1970-01-13 13:19:02, 1970-01-16 17:18:57
3649, FbBlqfj3yPLNjhYIwbzi, 1970-01-11 06:30:15, 1970-01-14 04:08:03
3650, TzZULzZobeJLa23SyEpY, 1970-01-03 11:11:23, 1970-01-17 11:31:25
3651, Nca5qI6a4FgAM55bvfbM, 1970-01-08 17:32:33, 1970-01-10 09:46:51
3652, 1KtB47FpLMZa3HqFGeT2, 1970-01-05 08:54:15, 1970-01-13 14:56:56
3653, 0z9SwdMXRtZT6QpYIFB1, 1970-01-16 10:03:26, 1970-01-18 06:45:17
3654, HXZYfiksGMb1uooe8SqU, 1970-01-15 02:01:46, 1970-01-16 03:28:16
3655, DZ0KR9ckp76IssJ34j4I, 1970-01-06 23:18:26, 1970-01-13 14:10:52
3656, vPPQEmVgSys3G4Z7eTdv, 1970-01-15 03:05:59, 1970-01-17 06:39:15
3657, 08tNxzZkLKT6RFyoCje9, 1970-01-05 13:11:46, 1970-01-17 12:32:11
3658, lG2i6GfmPQiiUi2SPLRf, 1970-01-04 12:08:09, 1970-01-07 08:12:54
3659, MvfAtBYI85U1LL5Z5dPD, 1970-01-15 08:04:33, 1970-01-17 22:16:02
3660, uMKPjlOUl1DRt90ZhMcl, 1970-01-04 01:37:28, 1970-01-12 21:00:25
3661, ExXreW8DlpGjzvipLoT3, 1970-01-15 11:37:25, 1970-01-16 09:26:27
3662, FpwkRVTQEwFLejp4bQ7A, 1970-01-14 08:18:19, 1970-01-16 09:11:00
3663, Y14V0TyDfPTdLM0oGlTj, 1970-01-07 17:59:22, 1970-01-17 19:45:25
3664, bgRhyHSRa8ojco04ESHn, 1970-01-15 17:35:29, 1970-01-15 20:47:49
3665, JBIG4TV3KCl5GLEQYH68, 1970-01-10 22:17:42, 1970-01-17 22:20:37
3666, eOMHQBpcQGuIt7W91Rdh, 1970-01-16 07:08:01, 1970-01-18 00:35:07
3667, uYlzyTdADH8BdMK8vs7E, 1970-01-09 05:58:07, 1970-01-17 11:28:30
3668, f4VeElrzsjaLwifq4JBt, 1970-01-16 08:26:47, 1970-01-17 04:29:51
3669, kVtk0FCPUlwFiSio0OWs, 1970-01-12 06:52:35, 1970-01-16 07:15:24
3670, uqCySOZW100rXZBwgvNV, 1970-01-05 13:22:13, 1970-01-10 02:43:00
3671, mPrKBHz2vsKGyx4GndOC, 1970-01-12 01:50:25, 1970-01-15 08:37:03
3672, q48fxThMMbAeyrMBYLIx, 1970-01-13 17:10:54, 1970-01-14 15:48:37
3673, 1bA6DHRihNzUNotRmymc, 1970-01-15 07:53:20, 1970-01-16 10:01:15
3674, 70jz19i242OdIWilJT3W, 1970-01-08 17:28:25, 1970-01-16 02:53:00
3675, HPN2IXcJpYmUTc7B56kj, 1970-01-05 08:17:40, 1970-01-08 01:00:25
3676, fqOX0trEWJnRYRzdwLnE, 1970-01-12 08:27:45, 1970-01-16 06:21:33
3677, Lo4BBd1rGTqGqWkzZnVY, 1970-01-15 05:41:10, 1970-01-16 01:39:50
3678, tlexmJUA4YhK0dshTcgY, 1970-01-13 10:42:34, 1970-01-14 20:05:03
3679, rXkEJaNKvLmOUvMNwVo9, 1970-01-05 16:21:55, 1970-01-14 17:08:00
3680, tullasIhUyWiRVo0rVmd, 1970-01-13 12:30:47, 1970-01-13 23:14:03
3681, wMrW9ofeNinCqKi29UAK, 1970-01-14 08:01:12, 1970-01-17 21:22:09
3682, rdCUbaYrOINHY9wh6Cx7, 1970-01-08 12:46:26, 1970-01-18 06:50:13
3683, nbzYI6r95GJnFAZ1HcXd, 1970-01-07 21:55:22, 1970-01-07 22:08:36
3684, bvGA6ueyFh9VwyG8PvCm, 1970-01-05 18:38:28, 1970-01-16 09:11:10
3685, zDPeSyqfgTTZlazFbpEY, 1970-01-14 19:51:29, 1970-01-15 21:39:17
3686, dKvlFBGZij7z9qYstLin, 1970-01-04 04:02:01, 1970-01-13 10:31:12
3687, x3d34EP7jVDYVVpmL3q8, 1970-01-14 18:18:18, 1970-01-15 19:03:01
3688, HV59FddhdfrKKAjq6e9Q, 1970-01-07 04:44:00, 1970-01-12 20:20:23
3689, zbzXiMVQofSoKxRFJrqs, 1970-01-17 09:55:52, 1970-01-17 11:22:51
3690, 7jqc6b0hJtHmUDiPxRL3, 1970-01-03 01:13:22, 1970-01-14 22:50:21
3691, G67LrcPqqV5cfhXRyMMD, 1970-01-11 21:31:40, 1970-01-12 04:03:10
3692, 0q1uIlVZiZG7NIzojJ2R, 1970-01-05 02:19:14, 1970-01-18 01:21:39
3693, jr3fXTAVPm7CYd6U1YD8, 1970-01-07 21:19:15, 1970-01-13 13:41:33
3694, QtGG3GS6WrGu1BSby5ve, 1970-01-12 17:11:03, 1970-01-16 07:57:57
3695, zrZHIS9yYfEB0CFjCD89, 1970-01-17 21:42:55, 1970-01-18 01:37:37
3696, F1u8QuDlHl9aoC8qAW1n, 1970-01-15 15:13:45, 1970-01-18 05:41:00
3697, EUJ5qPmePANdaS6ygBYT, 1970-01-14 12:36:33, 1970-01-14 18:21:30
3698, l4X2yPlchblj0WvEaVJU, 1970-01-06 16:42:01, 1970-01-08 11:08:36
3699, aMLhGNin1Sszvmuv4Ina, 1970-01-04 11:26:58, 1970-01-12 23:39:34
3700, YFeMv8hHdqxP6ZYI2qqt, 1970-01-07 04:50:58, 1970-01-16 08:05:57
3701, 5sNtIGt6ZRgRXXOirBD3, 1970-01-05 06:56:01, 1970-01-07 07:28:55
3702, S8X3f8nePwHjaLbHLMgy, 1970-01-05 11:17:24, 1970-01-07 21:02:33
3703, Y0YewaIM9nlnqbZjuzor, 1970-01-14 23:15:55, 1970-01-17 13:40:30
3704, 1sQbef10h0s5czGbBLyB, 1970-01-11 02:17:11, 1970-01-13 09:19:41
3705, AQ83jPk6y8enakEAhZnL, 1970-01-18 01:26:43, 1970-01-18 05:36:52
3706, 3sWOFPop9StGHjwGj2tx, 1970-01-08 14:52:09, 1970-01-09 04:12:43
3707, pMFSHPgC7BUnFmkiBRgJ, 1970-01-07 08:06:30, 1970-01-17 21:24:25
3708, nEaMEtGw4SiRyV910tBF, 1970-01-12 14:53:18, 1970-01-15 10:05:28
3709, qKCTLEgmWmg3PIXAJZim, 1970-01-09 00:25:06, 1970-01-09 21:40:53
3710, mz63fSpFDcQ1PxBivXmY, 1970-01-13 21:06:48, 1970-01-15 14:10:55
3711, oaYrfkhaerxl0pyHGxlI, 1970-01-11 23:30:27, 1970-01-13 23:15:11
3712, PLgUXRvqZHqzVpJh7nak, 1970-01-07 19:59:14, 1970-01-13 13:29:35
3713, fvPvHM2HUQmvKS5mg92o, 1970-01-17 07:52:56, 1970-01-17 11:21:34
3714, QTxhjgOUknZtOg7w189l, 1970-01-08 20:04:17, 1970-01-10 15:18:39
3715, oUQLEfF1QS4WFOQU23vI, 1970-01-13 21:36:20, 1970-01-16 20:15:31
3716, oktnwaAbe0ItDfX7lpey, 1970-01-18 03:38:53, 1970-01-18 03:42:15
3717, QrV1ks9okNyQvdGDSb3C, 1970-01-04 15:33:16, 1970-01-05 21:57:01
3718, PwfC81MB3GEuz8BDdXAe, 1970-01-03 16:24:09, 1970-01-10 13:58:21
3719, ASl22rLGNG38AdDSYALj, 1970-01-09 13:52:25, 1970-01-11 23:17:18
3720, CzbxmaNkEXj9IuwVqL6z, 1970-01-07 21:37:43, 1970-01-09 21:34:10
3721, PHhJrKjPgfEeSi1mymQ6, 1970-01-10 02:02:23, 1970-01-15 11:28:26
3722, 3RxqekeLDV9pYL5bGU9X, 1970-01-12 09:10:45, 1970-01-16 03:11:07
3723, SlePytznO9SdCjFLfd3S, 1970-01-04 18:18:58, 1970-01-05 17:28:23
3724, dME7dFgd0TRJHXFb0UFh, 1970-01-03 21:23:01, 1970-01-13 20:51:10
3725, DZLACONZWDMSbGhe9C8v, 1970-01-12 10:55:32, 1970-01-13 08:50:06
3726, rrzMftPZ4YYHcFrnIdlW, 1970-01-17 01:38:25, 1970-01-17 11:33:12
3727, ncCa0JIi0APS87z5ZuUd, 1970-01-18 02:52:19, 1970-01-18 05:55:07
3728, FoGunKctHLgt3T6ctPFV, 1970-01-10 08:39:21, 1970-01-14 10:05:33
3729, z2oZ00EcXp8QlapWU7Oi, 1970-01-08 16:18:53, 1970-01-14 06:24:04
3730, kW8KhU383iV7ec2ORTjK, 1970-01-10 05:05:35, 1970-01-17 05:43:07
3731, IThSFJWhMrXMH2fUgpvX, 1970-01-16 22:56:48, 1970-01-18 05:40:48
3732, IgaDlsdlncsxM64Bjkho, 1970-01-11 08:56:08, 1970-01-13 03:51:34
3733, eWmqhnuczjQQ0ZzWpw0T, 1970-01-05 13:15:45, 1970-01-16 05:43:08
3734, KfObHZAGYnXZ5EJoPsLU, 1970-01-09 16:07:31, 1970-01-16 19:56:15
3735, DhykNR8UHTXS3sX2Rofp, 1970-01-08 21:30:25, 1970-01-10 11:49:08
3736, kKVCWkFvH6TcO8JbqJKw, 1970-01-12 09:32:25, 1970-01-17 14:59:13
3737, Jfc3QDUwwVLI5oI0I8rH, 1970-01-03 21:37:27, 1970-01-10 23:46:24
3738, TvX7caY21KHI6WlWN1R0, 1970-01-08 11:50:52, 1970-01-15 19:07:53
3739, Du2mcPWbFvMUI12PKop9, 1970-01-15 05:28:50, 1970-01-17 21:11:32
3740, DAL6fhVx6tZL5wePaQXc, 1970-01-02 22:39:06, 1970-01-11 15:02:18
3741, gHIB3eTifewvkCMyDptF, 1970-01-06 15:44:56, 1970-01-16 07:53:37
3742, S8LVDK7nGGMr4HzXJZkH, 1970-01-05 04:14:15, 1970-01-18 02:09:03
3743, YPuQhqFEKDfbBFPGnebM, 1970-01-09 10:15:56, 1970-01-11 23:28:12
3744, 4qLLuRvcpZyPvaSUmooY, 1970-01-06 11:47:14, 1970-01-07 19:40:32
3745, b4cf5EDnIx3gT43dsLio, 1970-01-06 03:36:54, 1970-01-08 12:39:37
3746, QtgnjtU2xYmHUwwdgM2n, 1970-01-07 00:52:39, 1970-01-10 12:32:18
3747, q5xYKOpkFnPiknGtV04U, 1970-01-06 06:30:48, 1970-01-07 17:31:00
3748, ihogoXmVKDL4brlQ5n4d, 1970-01-09 09:07:10, 1970-01-16 12:25:52
3749, LlvAsbVx7JgEi2E6Xbp9, 1970-01-08 10:05:13, 1970-01-14 06:18:00
3750, bqfZKe4mXjvRymuHWr8L, 1970-01-09 12:19:05, 1970-01-11 14:36:10
3751, Edby0ylKEzPqVT2Zvkld, 1970-01-16 11:29:49, 1970-01-17 12:21:21
3752, 0xzMiN8Y0uKM7Ipaz7Aq, 1970-01-10 17:43:10, 1970-01-12 05:01:31
3753, stUhk7SCm5J80lbGy6o2, 1970-01-12 13:02:57, 1970-01-17 12:55:32
3754, cqZP6yx0bYeUy6VgRzJY, 1970-01-16 00:48:27, 1970-01-16 02:35:55
3755, OczuRXWwPyIT9RlElgx7, 1970-01-06 14:58:36, 1970-01-07 07:03:18
3756, CHkno4lL7P46bwNCooih, 1970-01-04 00:08:06, 1970-01-17 16:35:17
3757, pAaKhmyT9dFSZtxkdL4P, 1970-01-08 15:27:31, 1970-01-15 15:07:18
3758, 8tFqrOEnEk8aPWYELGAS, 1970-01-17 01:13:01, 1970-01-18 03:00:42
3759, 4K48tW2LI4KqwOJDmsAh, 1970-01-11 17:31:26, 1970-01-15 06:23:00
3760, H3yQ1cfDx53rMBiYE2tZ, 1970-01-05 12:56:41, 1970-01-14 18:53:56
3761, Zfbkx1ua9ZKr8IW2MrBi, 1970-01-02 23:52:33, 1970-01-14 09:33:01
3762, gVQhG7uIBCpKy1cjdK4L, 1970-01-03 07:48:14, 1970-01-08 19:14:23
3763, 3pKn7jeRu9sSioK8aC3Y, 1970-01-11 03:15:27, 1970-01-12 21:47:16
3764, tFsxhoOc4ksgN9rIKOb3, 1970-01-13 04:04:42, 1970-01-14 21:10:50
3765, jfVPMxnh7ECaZNuelQgh, 1970-01-11 22:38:08, 1970-01-15 01:58:30
3766, Jy7S26O9l0jgCch9dzLd, 1970-01-02 22:30:47, 1970-01-14 21:31:02
3767, YIk1cz0IxgEhe3BtH54Z, 1970-01-02 08:24:26, 1970-01-18 06:36:29
3768, wUka1AhUMBWSE9FLN2sw, 1970-01-12 00:03:00, 1970-01-17 18:13:00
3769, jG4bkPwlwETZ4v7H59BG, 1970-01-14 09:54:05, 1970-01-15 05:59:52
3770, tKW213x5ZFf2OhP8I7Tr, 1970-01-05 06:42:39, 1970-01-05 20:37:41
3771, 9OpDUxbQ7HQMsEACKtCn, 1970-01-06 02:58:47, 1970-01-08 11:53:23
3772, Vrbw3oiRaKwzC4skK9BA, 1970-01-14 11:54:32, 1970-01-15 05:05:33
3773, WPtrWyNfpMSs1xdmuzgF, 1970-01-10 16:56:59, 1970-01-15 20:00:32
3774, HjJkmkRZMaYPK69cepZO, 1970-01-09 01:07:06, 1970-01-16 13:47:41
3775, AlD75unOCoHoRpCun84f, 1970-01-09 19:12:47, 1970-01-14 08:47:17
3776, vtypa7OhruSepVVuiF6s, 1970-01-06 01:33:19, 1970-01-07 11:45:10
3777, 2OGYeqxk5maRcVs4CDoj, 1970-01-05 20:54:33, 1970-01-12 21:20:43
3778, IYQ25QyLqONzE3Svc75B, 1970-01-10 12:48:02, 1970-01-11 17:19:23
3779, ilOqvS2hgewo7rMtSqBJ, 1970-01-13 02:36:41, 1970-01-16 22:02:02
3780, Cioz3Vl4ETOqWupupLLv, 1970-01-06 19:19:41, 1970-01-07 11:39:18
3781, bo4GK7XcyJmFXrxT3Ho5, 1970-01-17 08:21:50, 1970-01-17 12:58:06
3782, ctd0nVkgXtGY0U8pyriN, 1970-01-04 22:02:22, 1970-01-16 07:41:56
3783, 8HY6dAfS1vIVZvBlfx6t, 1970-01-14 05:18:11, 1970-01-14 07:35:14
3784, d154k3ILlA33MUbXuwt4, 1970-01-05 01:46:37, 1970-01-11 12:57:10
3785, gZQ1yVezYWwVqymwuz11, 1970-01-07 13:11:57, 1970-01-12 07:20:21
3786, AIgULFJIdOBsnrIDqhSe, 1970-01-03 09:10:29, 1970-01-15 11:53:17
3787, cyrczUPMEe3oTLiF7LZq, 1970-01-06 05:52:28, 1970-01-10 12:27:20
3788, YUv7WJwYXG5gP4bRrxP7, 1970-01-14 23:51:17, 1970-01-17 11:06:25
3789, Rg8h1JwY2VTxISGWbTud, 1970-01-17 08:54:26, 1970-01-17 14:37:33
3790, vvgGg3auGkICCYxOTFXy, 1970-01-10 01:07:55, 1970-01-13 03:03:54
3791, S3hAptiS1PdeblgyiiFs, 1970-01-13 19:54:15, 1970-01-16 10:38:43
3792, ShAeaRp0EbnjpKjvCcuu, 1970-01-05 02:06:54, 1970-01-08 04:30:20
3793, xB8zF34aL7BFVJaOiNNf, 1970-01-08 03:17:36, 1970-01-11 11:27:56
3794, 91VOE64JAOCjvZFFpAAb, 1970-01-11 19:02:31, 1970-01-16 23:26:14
3795, aFcpSNjvFvuXZgrpgybh, 1970-01-17 20:18:07, 1970-01-17 21:24:40
3796, 2sEjz27v1k9FYMg4EZaj, 1970-01-02 10:55:26, 1970-01-17 13:51:45
3797, ZKYA7mTrmOmVXM9Lgl3Z, 1970-01-07 23:48:35, 1970-01-08 09:06:18
3798, z3UJhLyVvvxbKMGXbmEl, 1970-01-06 08:58:00, 1970-01-09 02:49:27
3799, jAvrNsnWC0Z8kUobCFkb, 1970-01-16 05:41:39, 1970-01-18 04:18:47
3800, pTAqy07aTi7Qg4MPVxEH, 1970-01-06 00:14:00, 1970-01-10 02:50:28
3801, m1P2x3LNKU8ATlAyeGEd, 1970-01-13 07:58:07, 1970-01-15 04:48:54
3802, tUAmIUuJT67yk5mPrLTt, 1970-01-07 02:53:44, 1970-01-10 01:19:02
3803, 7c9sTLTgDc3B9ECsTAp0, 1970-01-06 19:21:41, 1970-01-17 23:04:10
3804, unvoKJVqhGA4xktBmS3X, 1970-01-11 14:38:02, 1970-01-13 11:32:07
3805, cQVDSvmvqqZQtvXUQLTI, 1970-01-13 13:18:50, 1970-01-14 09:36:37
3806, yuNBwCTEGmj4HVSaCsFW, 1970-01-12 12:17:40, 1970-01-12 21:03:26
3807, I6cwxy4w7rl3jWokrLrS, 1970-01-11 17:39:52, 1970-01-14 05:50:21
3808, OxKntgDMFWu1X6iWUTRV, 1970-01-05 10:09:02, 1970-01-06 05:21:13
3809, yyQkZoYXUqeJqfXfSxts, 1970-01-18 02:47:08, 1970-01-18 06:11:52
3810, z7mCQTUcqlvzNggt8iwO, 1970-01-16 06:28:05, 1970-01-18 06:41:12
3811, 1PvSROjDoCJJwrirK7vc, 1970-01-15 03:56:31, 1970-01-16 18:36:08
3812, 7hcPKbaTbJD4cbIvWvTx, 1970-01-15 03:05:47, 1970-01-16 20:01:25
3813, NTVXipwtl9Wb3QTQImfI, 1970-01-03 15:22:28, 1970-01-15 01:14:27
3814, iUSihPa0fIAHiT5SYJhs, 1970-01-15 01:29:20, 1970-01-16 05:41:13
3815, fofqzMEO9zjg0hRyhcQt, 1970-01-11 21:50:26, 1970-01-14 15:41:57
3816, p1teAzK8EtPdw4CKpzu0, 1970-01-13 10:36:46, 1970-01-13 12:46:47
3817, JlbTLdgJr5QTnP9XEQuh, 1970-01-16 00:28:49, 1970-01-17 22:30:10
3818, atAmIQkTWWaWu0azs6C3, 1970-01-10 13:51:00, 1970-01-18 02:23:01
3819, oLxpQbu7gR33UxFeZmRm, 1970-01-16 08:03:45, 1970-01-16 08:23:40
3820, nPGOLF5VfmD9sOdc73Qp, 1970-01-10 20:13:02, 1970-01-13 16:19:31
3821, kPO3bp7kSXWyst0ipePX, 1970-01-04 07:52:23, 1970-01-09 13:48:31
3822, cMSqV9KOxPx9xPkenuIT, 1970-01-11 18:43:00, 1970-01-12 16:01:37
3823, Jlu7rRQk15lQm4JxFhqW, 1970-01-17 03:28:28, 1970-01-18 01:46:42
3824, YgSYJlGnQhFnanNCF9TF, 1970-01-12 04:37:02, 1970-01-16 13:40:20
3825, WKdNxq4LJU6RWZ4xYdZl, 1970-01-18 07:36:38, 1970-01-18 07:37:13
3826, hvL1nwes41dHwp9JdDdP, 1970-01-13 11:35:28, 1970-01-15 21:51:02
3827, 3LphztpWZKih5StXv4C7, 1970-01-10 08:20:03, 1970-01-16 17:04:18
3828, VORODaQc0K3VYBCPgkpB, 1970-01-10 01:08:11, 1970-01-14 07:15:20
3829, YACxR3ZjcZQjLHdzhtNp, 1970-01-04 00:41:14, 1970-01-16 08:36:03
3830, Lcc79YxgWxRkdmh9f1bh, 1970-01-09 19:59:16, 1970-01-16 04:27:09
3831, uUm21jdUx2hUXyVMHyPM, 1970-01-11 20:19:21, 1970-01-12 17:04:08
3832, m1mjyyd4qNgTfdzeeGZp, 1970-01-14 08:58:19, 1970-01-15 23:42:03
3833, pp6hEhDY3e9jnNoD4R3D, 1970-01-10 10:23:19, 1970-01-15 03:06:54
3834, ODCU5bN1Yk75fy5Uvd7X, 1970-01-09 05:51:30, 1970-01-14 02:31:21
3835, fyPV8idBCSlLsWizkkmM, 1970-01-08 17:21:45, 1970-01-10 22:10:05
3836, s9VOPOlGDEx9HPHEcFya, 1970-01-04 12:52:43, 1970-01-11 22:44:49
3837, 6inUqepORJEZsA5KnXfV, 1970-01-02 10:28:42, 1970-01-02 20:44:30
3838, pRrEFNdEkaGROYxJxYkW, 1970-01-18 05:02:58, 1970-01-18 05:51:26
3839, a5SauFxWOqfCglgoHXgb, 1970-01-13 07:14:09, 1970-01-14 15:32:26
3840, XwwpoyTSNh7qx0OLGGkJ, 1970-01-12 18:03:46, 1970-01-17 04:14:18
3841, H95b104NG1x16t4XB9WU, 1970-01-15 07:24:33, 1970-01-17 15:05:53
3842, MRtMl2ZoBmooHaPffls5, 1970-01-02 08:14:45, 1970-01-04 00:08:19
3843, cc12T6TUiTos0LcYALeY, 1970-01-11 04:45:06, 1970-01-17 17:27:00
3844, dUecsnGEcW6aD4zCJP0H, 1970-01-17 04:18:02, 1970-01-17 04:27:40
3845, E8x486v72J1hCMa94UZt, 1970-01-03 02:27:43, 1970-01-16 08:17:23
3846, jXk7DTOz0VGU2ZsMnKkp, 1970-01-09 01:54:47, 1970-01-13 09:37:49
3847, fU66QwHjMjmHYG0loJTj, 1970-01-12 12:56:30, 1970-01-18 03:45:39
3848, FPmKcmSiDuDQWDMfhNem, 1970-01-16 15:42:55, 1970-01-17 07:21:19
3849, 4uqaL62iP2AJcRQ83pBp, 1970-01-10 21:07:50, 1970-01-14 08:21:25
3850, SdD7jifRkzyObGfm9lgU, 1970-01-12 02:41:40, 1970-01-15 22:37:17
3851, XhSXYCIninwsHLsIWyU9, 1970-01-09 02:38:04, 1970-01-12 06:03:37
3852, qLZfrOszWnYENMEYiDXz, 1970-01-14 22:34:42, 1970-01-16 13:06:37
3853, sx1QhPTpgbY2JC3wn9m0, 1970-01-04 12:36:32, 1970-01-12 01:54:33
3854, zV29vzKgkOX2Ywv8wxmg, 1970-01-07 06:27:28, 1970-01-15 00:14:41
3855, AD0QhKXl9JPONtPhmDSC, 1970-01-02 09:52:57, 1970-01-04 11:26:03
3856, YZP8ufIe5aYW9psnCR56, 1970-01-02 20:13:59, 1970-01-18 02:32:11
3857, SjzDIWNQgQ3HzoNazaZW, 1970-01-15 09:38:19, 1970-01-18 01:42:13
3858, a3Ptixip5UfbaqU9vau3, 1970-01-11 12:36:25, 1970-01-18 03:04:57
3859, gQCzWV6KAtUWUWVwY6wy, 1970-01-13 00:26:26, 1970-01-17 11:15:04
3860, AfPCXdiz64WKiOjVdWvG, 1970-01-05 23:41:43, 1970-01-11 14:01:51
3861, XaKrYp845GTgOLCwzPVt, 1970-01-13 09:22:37, 1970-01-17 20:52:56
3862, HjCCPNdCKWtxM2JDtyQT, 1970-01-15 12:19:42, 1970-01-16 21:14:31
3863, sjw3lpjH9Wkxv21naiIq, 1970-01-15 06:58:54, 1970-01-16 18:19:51
3864, 0jMFEdYTvY02k00rjUkq, 1970-01-11 09:20:54, 1970-01-16 16:05:09
3865, hCbVvOKsBpxQac1W28v6, 1970-01-16 19:04:27, 1970-01-16 19:49:19
3866, nvls9rWuI39oPNAPCnBI, 1970-01-03 10:29:55, 1970-01-03 14:23:13
3867, NjmNO0DANJeyS8oBOYQ9, 1970-01-02 13:27:26, 1970-01-06 04:14:40
3868, 1fIbiFzJO05tN9aHeMph, 1970-01-11 15:06:45, 1970-01-13 12:51:20
3869, r4DekWHTIcXTfwyyIIxD, 1970-01-08 00:04:20, 1970-01-14 14:49:08
3870, xS16ZQIxjDjhZCC6Wb9B, 1970-01-08 15:09:40, 1970-01-11 03:03:49
3871, VHRNl6FknECtABE1thaQ, 1970-01-02 23:36:03, 1970-01-09 19:01:40
3872, 8LOj9reyW30knDseftsO, 1970-01-10 22:47:28, 1970-01-15 00:52:20
3873, ypHOhBCENWD8huGHL7n9, 1970-01-03 12:29:15, 1970-01-07 23:10:54
3874, KZcsvSkgseZsSTtSChDJ, 1970-01-05 02:23:43, 1970-01-12 07:40:05
3875, miZQD2y9a4NKPKwKxQqd, 1970-01-04 08:14:55, 1970-01-13 18:07:00
3876, fO8VeejsTrgb8LHtrkVc, 1970-01-12 16:18:27, 1970-01-18 05:11:39
3877, 4G8pcYdEMb7s2QiMjEqN, 1970-01-16 08:14:18, 1970-01-16 21:17:05
3878, wVMSO2LPMwdKL3hGsVzD, 1970-01-15 00:55:49, 1970-01-16 10:08:42
3879, yVlijefuxgRQ4kCCnbRh, 1970-01-11 12:25:26, 1970-01-16 06:46:18
3880, 2Pid4v86sETL3oZMemt8, 1970-01-14 10:25:59, 1970-01-18 04:05:13
3881, 0vlbK97mpBB0pGQmCZcR, 1970-01-09 21:20:28, 1970-01-11 02:56:37
3882, xbZbolH8ANG6vrmalcQ7, 1970-01-15 04:53:06, 1970-01-17 17:05:12
3883, 11zk1ptR58MdAj118zvv, 1970-01-09 06:51:28, 1970-01-11 16:50:07
3884, damQTOSkakO4zW8zI4xT, 1970-01-14 08:21:49, 1970-01-15 07:08:00
3885, RbfTfeLFkIPqvNFRZ8nv, 1970-01-05 00:01:51, 1970-01-07 17:18:18
3886, 2YAr2MyIPJe7DtHnVu8m, 1970-01-11 19:47:02, 1970-01-13 10:42:32
3887, RGvJSMhUy06TEqZDcy0S, 1970-01-11 14:00:29, 1970-01-11 14:23:45
3888, QiASrrxCOLF5MwAI6ca1, 1970-01-03 23:30:02, 1970-01-04 07:07:02
3889, xyM0U65sTO6x9Qr8MTj4, 1970-01-04 00:12:44, 1970-01-04 19:10:12
3890, 4kWbzVsV8KGTkaOWAx6L, 1970-01-17 17:46:08, 1970-01-18 01:41:35
3891, wW8poB7vxLsa27Qv0Yez, 1970-01-10 19:01:56, 1970-01-16 06:13:08
3892, yqQB1wwktXBK1XIqRLHk, 1970-01-14 05:43:20, 1970-01-14 10:50:24
3893, R7qUrpLZduCfYkAEIp6S, 1970-01-10 19:18:32, 1970-01-16 00:31:59
3894, ikfYwWpSTuBR9YYi9XDG, 1970-01-05 06:47:25, 1970-01-10 18:20:56
3895, gfA29V7TYxA1WgbZ1JRq, 1970-01-10 22:39:28, 1970-01-17 05:14:55
3896, UjDs6dzrwFwE0aoVdS34, 1970-01-12 22:59:37, 1970-01-14 18:01:20
3897, 94qOzIp2hKqUx0YcwoOW, 1970-01-03 09:55:36, 1970-01-04 11:04:48
3898, yLHX1UCjJqQEm5V0kk0h, 1970-01-12 10:12:52, 1970-01-14 12:18:58
3899, QQNzMJvlJRSfOy8EMzav, 1970-01-09 09:56:54, 1970-01-12 11:47:27
3900, oFvr8aJNpljegz4t7INU, 1970-01-13 19:21:39, 1970-01-18 04:58:42
3901, MrUoa57Z8r0XdLGvKeFM, 1970-01-04 03:09:21, 1970-01-04 03:57:25
3902, jeV4aYaraQcvKLMhHxCE, 1970-01-05 22:51:45, 1970-01-15 14:26:24
3903, 5aRWka1cvElhUYnUama3, 1970-01-13 07:19:10, 1970-01-17 20:32:18
3904, TVhCMQW6yYRVEB1tSkYv, 1970-01-03 23:17:43, 1970-01-04 02:40:53
3905, WZ4vf4V0tbYBHI1N8BTb, 1970-01-16 22:57:31, 1970-01-17 17:13:46
3906, 9zenW4BYgCSV4CWqvQ2R, 1970-01-04 17:05:19, 1970-01-06 00:43:38
3907, Jv52j8Vde2bqbsDdXS26, 1970-01-14 16:18:23, 1970-01-16 14:45:21
3908, oRzDtXeDCRoAtmpUMK4N, 1970-01-07 07:27:57, 1970-01-11 08:37:19
3909, VRnfFCW22Sud7x0EGPSh, 1970-01-03 05:12:59, 1970-01-05 10:49:38
3910, 0WEpba3CGXWyVGQG2YQT, 1970-01-07 13:42:06, 1970-01-09 08:25:27
3911, J537ZNI7gLnKXUkTtxoE, 1970-01-02 22:55:29, 1970-01-17 02:36:38
3912, yAeQcJ9EA2KzIFmhhXg7, 1970-01-07 07:33:56, 1970-01-08 03:59:57
3913, S5PxHDJNYdF1Pbtc7FVP, 1970-01-07 21:46:57, 1970-01-15 01:15:37
3914, 7WGMgA5NOUJsRS9KZaMC, 1970-01-08 07:24:14, 1970-01-14 23:17:54
3915, 5WWAYK3KfFjY8VrjkXEh, 1970-01-10 14:26:49, 1970-01-18 06:14:22
3916, mSOHD1mX9A4G4FH5tLpC, 1970-01-12 03:36:07, 1970-01-14 13:25:16
3917, tgbMCpFnT0TEvj75Et4j, 1970-01-16 06:01:16, 1970-01-16 07:56:08
3918, aPcQinpGt5fvisQ4E4SK, 1970-01-06 15:55:47, 1970-01-16 23:31:17
3919, qDoqTZy6votvU61oIl4T, 1970-01-10 08:24:03, 1970-01-10 20:26:08
3920, 6MNCkMZtA4oBfIy8nut4, 1970-01-07 16:49:06, 1970-01-10 05:44:02
3921, vfnQZIP1ipmLprsm0VP0, 1970-01-10 03:16:30, 1970-01-16 04:58:37
3922, voplqK9JasC9dqlZgbJ6, 1970-01-06 14:29:06, 1970-01-14 14:28:14
3923, znubfJkBijhGrS3tgZJ5, 1970-01-10 14:26:03, 1970-01-14 22:52:50
3924, dwsYD6yPyfIAlOFZ9gyu, 1970-01-13 14:49:19, 1970-01-17 11:01:37
3925, FA5tr8UTY0tAeFzzjaCP, 1970-01-11 14:28:55, 1970-01-18 01:59:26
3926, iobvGP1d1YzWzeiu2VjI, 1970-01-14 02:28:02, 1970-01-15 21:52:51
3927, 6mNOtYCTl7eyV1N2SeVN, 1970-01-12 17:46:32, 1970-01-14 14:54:58
3928, zsbMLKkL0Yg1lA6g0XvZ, 1970-01-13 07:18:54, 1970-01-14 19:34:55
3929, WmS1P2PQlJMxt4FsZzTK, 1970-01-13 00:29:03, 1970-01-18 06:35:28
3930, Xt1NOR0zJJ72NJP2ouQG, 1970-01-15 05:50:24, 1970-01-15 19:36:10
3931, P5RxZ5HvkB0B4zDiXb4T, 1970-01-11 20:11:23, 1970-01-12 18:50:28
3932, 48om51rk3Wg529y5Fu1W, 1970-01-08 20:45:46, 1970-01-12 20:08:38
3933, lJx741biLvJ5bKrkq1PV, 1970-01-09 15:25:58, 1970-01-09 16:12:07
3934, L5YgGx7uUCjVNPxGKYg5, 1970-01-15 05:38:29, 1970-01-15 09:47:42
3935, zxwoiE2Oevp1SqGioXYO, 1970-01-06 15:01:43, 1970-01-08 14:06:05
3936, vK2oBBoMaHg3RYsHhP12, 1970-01-03 10:01:39, 1970-01-13 02:24:08
3937, M8cYeQTB7Pj09JHcftmZ, 1970-01-02 14:58:12, 1970-01-12 00:49:25
3938, jbvRg73znT2tWLzato96, 1970-01-14 04:36:26, 1970-01-15 18:28:27
3939, RuBgX0Y5RW7l9Kr1gxOe, 1970-01-10 03:39:42, 1970-01-14 16:20:39
3940, puhQTl24XOIdvYIaPtTd, 1970-01-05 13:28:47, 1970-01-12 03:30:12
3941, pk6UH1CfJdlLGEjlAx2K, 1970-01-08 00:28:53, 1970-01-08 18:29:26
3942, mSlOyMBIMmU4hVmiXkJc, 1970-01-10 21:16:25, 1970-01-11 12:43:13
3943, gqoFiY0mmfvqABffZdpm, 1970-01-15 01:27:34, 1970-01-15 10:42:32
3944, OUJgNjapHws9buDSpHvg, 1970-01-05 22:12:21, 1970-01-10 19:20:38
3945, kalmsD4Qj15UIVhlc6Gg, 1970-01-03 04:05:07, 1970-01-07 04:59:42
3946, omIrLBEU6xeLVYU4YzVC, 1970-01-16 13:37:42, 1970-01-16 22:51:02
3947, CcZrthNjUnFFUScm6gWD, 1970-01-09 23:19:20, 1970-01-16 11:40:37
3948, GOTMKyxO1soOtz56yivK, 1970-01-09 13:22:35, 1970-01-16 04:09:22
3949, 4EH556SaZl5aM3pGFPoT, 1970-01-17 09:44:45, 1970-01-18 04:04:18
3950, uEqeWEWgzklHoGYM02Ew, 1970-01-07 14:57:19, 1970-01-12 22:44:20
3951, WyXvlAQa4LbTZ4xoPH7h, 1970-01-10 14:11:49, 1970-01-15 04:35:28
3952, vqUmA2OkdF1GLBNUwYOK, 1970-01-05 07:51:34, 1970-01-06 02:34:51
3953, JaYIrvYV0saMLw3lvXi9, 1970-01-14 20:25:34, 1970-01-15 19:14:13
3954, hKUr8xA8lcHQdvPoNA77, 1970-01-05 18:19:54, 1970-01-15 20:41:06
3955, rOUIYfVtjlIkEhJtXtFW, 1970-01-08 09:03:14, 1970-01-10 08:02:20
3956, pwT7ZelHwK6YXCSz0aAR, 1970-01-09 18:01:24, 1970-01-09 18:30:37
3957, 0fIV9XnXuVOlrbs47V0O, 1970-01-02 19:56:16, 1970-01-13 09:31:29
3958, ejr2HbA0l7tdxkbLj0YM, 1970-01-09 17:00:09, 1970-01-10 16:13:10
3959, D4axgfnLmPMZEhZCc7Mf, 1970-01-17 21:10:23, 1970-01-18 05:50:10
3960, 7FahEVotrHajZ6KOvrgU, 1970-01-15 07:53:49, 1970-01-15 19:09:00
3961, ZSCP8yRySFzeP26fMdJl, 1970-01-11 20:35:22, 1970-01-15 14:40:07
3962, GbT6OnQdaKTqLT5WE6Ff, 1970-01-08 02:35:51, 1970-01-14 12:06:29
3963, KHNIxecFnP2JoCxd0BcT, 1970-01-05 01:47:21, 1970-01-08 03:39:13
3964, hMpWnzrusR2oEDORdgD5, 1970-01-15 18:14:52, 1970-01-16 22:38:23
3965, EhVslr7qVOBorg52wtQX, 1970-01-17 11:52:10, 1970-01-17 12:26:32
3966, fDXIjZrEas4Z0hw6MTvG, 1970-01-04 01:49:12, 1970-01-04 22:15:26
3967, O58VJMCXJiqa1VKGeMQZ, 1970-01-17 05:51:35, 1970-01-18 05:11:34
3968, KD6eifnJO6xk3AZ3e91q, 1970-01-15 14:29:36, 1970-01-17 08:59:25
3969, ek5N2UnBUmSzT6AHyy3G, 1970-01-13 08:13:04, 1970-01-13 08:45:31
3970, agfjO5Zb1DDfIDxWTVPV, 1970-01-17 03:42:52, 1970-01-17 13:29:49
3971, aPY9jKDU5V8V1zmyVdBc, 1970-01-14 17:49:52, 1970-01-16 18:42:59
3972, FnR5bzbVBzrPGtouUn7r, 1970-01-05 01:42:39, 1970-01-08 20:38:17
3973, 8GHwp0hvYgW8TTZtvc1b, 1970-01-10 03:52:39, 1970-01-15 10:41:27
3974, AkPSZNeLJYtLNiHF0oRE, 1970-01-09 08:32:59, 1970-01-14 19:39:35
3975, JlSOFR1g9WUhOy97DVmB, 1970-01-14 20:05:46, 1970-01-17 20:26:13
3976, vASi8Nmvdn9oxhgvxXDg, 1970-01-11 08:31:40, 1970-01-13 17:42:01
3977, oThleJP9fXWMA9gYEAj4, 1970-01-05 13:29:41, 1970-01-05 23:38:14
3978, KjehFKC5jKo1hQa18qVy, 1970-01-18 07:49:46, 1970-01-18 07:54:42
3979, eCSFOfCjPu0NDiYeeaoQ, 1970-01-16 05:36:56, 1970-01-17 08:49:27
3980, rY33WZN7DBJL6YmOxDzV, 1970-01-05 12:52:35, 1970-01-08 17:14:01
3981, ApT2lv9DSdyQfocOM9eK, 1970-01-16 23:02:53, 1970-01-17 04:43:08
3982, YxmIAy8KRcJohqEv18rQ, 1970-01-07 02:10:55, 1970-01-07 16:26:39
3983, NcETf4wx4uqM09nGcAg0, 1970-01-12 07:30:36, 1970-01-17 07:55:54
3984, 6JQskdDgnM9MmoA1FV7Q, 1970-01-17 06:12:56, 1970-01-17 15:36:27
3985, tJlTSdpaINley6BgFMZ2, 1970-01-16 03:11:34, 1970-01-18 01:35:46
3986, h3fW79Tu80lMe0xcX2Iy, 1970-01-02 09:47:10, 1970-01-07 04:04:54
3987, 2CKTyhnV8KU2LXaRRk6h, 1970-01-08 08:42:44, 1970-01-17 18:12:36
3988, pWlmI9dViq9uocogDORC, 1970-01-16 06:09:58, 1970-01-18 00:45:38
3989, 9qV5jOmNTaXEqZRO8xVa, 1970-01-10 07:28:40, 1970-01-12 05:56:00
3990, HZrp2bjLXQYBP7y1g1XI, 1970-01-08 03:44:07, 1970-01-11 18:22:36
3991, COQCphKjBkJKAaubymqg, 1970-01-05 01:44:19, 1970-01-16 07:18:25
3992, geUNTq26dy3O6MWaKDQb, 1970-01-07 14:06:24, 1970-01-12 18:38:58
3993, JCT33JBVNnQbOkkNcl3W, 1970-01-17 12:54:00, 1970-01-18 05:10:11
3994, FLX0nCczc4QV3bSo6Ew8, 1970-01-09 08:41:08, 1970-01-10 05:31:53
3995, hviWnyrdP8TYtnW1QHyL, 1970-01-09 14:57:44, 1970-01-17 12:39:37
3996, AywmU79GANzI40R4Chio, 1970-01-09 14:13:00, 1970-01-17 14:50:35
3997, Z8xkSwo9DnEvgRD62nwv, 1970-01-10 22:56:11, 1970-01-15 23:45:39
3998, sTg0yl5yPEdWsgANpNHr, 1970-01-05 13:58:04, 1970-01-09 22:12:23
3999, 8lCA5T4g1EQ7E9s3KUlf, 1970-01-17 22:44:21, 1970-01-18 00:54:52
4000, H6Ulz4g3mtKjZuOC1N8M, 1970-01-16 19:09:00, 1970-01-17 08:56:32
4001, 9yMBADIkUhPz5ZRKRH50, 1970-01-13 03:22:03, 1970-01-13 17:50:11
4002, 6Gbo8kxu1eXN3vnREHVo, 1970-01-08 04:03:09, 1970-01-13 03:59:27
4003, hP5eaI5eZHUFMbWl8q8b, 1970-01-11 04:41:25, 1970-01-17 07:32:53
4004, qJE6IlYH9rbofQAAllaO, 1970-01-05 02:06:04, 1970-01-06 12:18:46
4005, dgxN4laHvm0WrHTrN7Gc, 1970-01-04 22:25:14, 1970-01-07 01:00:46
4006, ADAVZ3hYija15PiItxQq, 1970-01-13 22:41:11, 1970-01-15 23:37:05
4007, SapkFq7dFGVpY7KSgbis, 1970-01-03 14:42:57, 1970-01-07 12:34:50
4008, dhAPzCNRbUp6sE6Yyeqk, 1970-01-06 09:02:52, 1970-01-13 18:58:25
4009, ulF8ismKvzGpJ71AhZSj, 1970-01-09 01:28:31, 1970-01-09 06:46:53
4010, q0TGD8A0tKtZJ1wIKEcS, 1970-01-09 02:47:15, 1970-01-15 19:59:50
4011, 4FqwubgbKlMuOB4PAe04, 1970-01-07 14:21:44, 1970-01-10 16:02:04
4012, h3z9xENmWRHQMfCMbLMr, 1970-01-06 19:19:54, 1970-01-12 21:06:53
4013, q4H5o670f40CECqF7Ctr, 1970-01-08 13:10:17, 1970-01-09 22:19:38
4014, OctVYQE4qMMnYIoSx4Hl, 1970-01-17 15:40:53, 1970-01-17 17:50:02
4015, jcS7LpOxN1e0UGypCTBz, 1970-01-05 03:56:26, 1970-01-17 18:20:25
4016, 5fGrdpiI6H5kC7s7Yhda, 1970-01-13 04:44:29, 1970-01-15 01:12:44
4017, 2f4IvzQrGGxy1OqlelBR, 1970-01-12 03:04:02, 1970-01-15 04:32:50
4018, dG7l68Vg3d4hFxkr6EOB, 1970-01-16 10:26:20, 1970-01-17 12:38:36
4019, ts7K03vGLBfnLdBtQ9Uh, 1970-01-03 02:46:44, 1970-01-13 08:40:00
4020, H1lMOAk6MC3dsWEfhlSX, 1970-01-05 23:01:34, 1970-01-14 08:42:58
4021, Z549KL04lRnmJVXyxVPX, 1970-01-14 14:16:44, 1970-01-17 14:00:03
4022, gCkyxR8ilv5gdvSqtpRR, 1970-01-08 01:18:43, 1970-01-11 20:53:57
4023, ZcbxBCbk1mjmYxgO19A0, 1970-01-13 11:16:19, 1970-01-16 05:41:30
4024, 8ryCxBD8iNVLwLLcOE7y, 1970-01-17 00:50:58, 1970-01-18 05:31:27
4025, Ff5kpOgZIejdMWivyyS1, 1970-01-04 17:18:34, 1970-01-09 20:10:02
4026, OulZ8snQcQ68Hms8xAou, 1970-01-16 16:13:55, 1970-01-16 23:58:13
4027, RbPTVXl9CyOFxazVNW55, 1970-01-03 04:58:21, 1970-01-06 05:54:31
4028, MOCLmmNvhjASJAYUifbd, 1970-01-08 10:42:37, 1970-01-08 14:25:38
4029, e108GITkUiQHhwFL078L, 1970-01-18 07:26:28, 1970-01-18 07:38:25
4030, RH7MG9Upm6JgaoiGqSPq, 1970-01-12 00:43:19, 1970-01-18 00:07:59
4031, uPueslTujd1U5h2iT3jt, 1970-01-04 20:41:01, 1970-01-12 20:51:23
4032, mFVi3Mici5jpdSGqPQyo, 1970-01-05 09:36:45, 1970-01-12 23:06:54
4033, CThWTfCw4b7Kl1tNs9wH, 1970-01-03 19:23:39, 1970-01-16 16:59:03
4034, 9c1Co5QRTSdfqXpXLjWn, 1970-01-09 10:37:28, 1970-01-12 13:45:30
4035, o321bCRDVtTckJUhdps3, 1970-01-03 23:45:42, 1970-01-15 05:26:45
4036, oxDsdLYlQoxvUGxql9hd, 1970-01-11 07:22:56, 1970-01-14 23:02:40
4037, IdauNX7X6F4ZtuHMoxwI, 1970-01-18 07:45:36, 1970-01-18 07:52:02
4038, 2jq1TzLZ1epaMa8gkhPk, 1970-01-17 03:46:27, 1970-01-17 20:25:41
4039, MfrZ8yOQwaw8QALFGcu6, 1970-01-15 14:21:37, 1970-01-16 13:04:16
4040, hDSDgytJa9EGmtMBjLBy, 1970-01-12 06:31:52, 1970-01-13 10:33:29
4041, mpwLVFAV5UCooIdX96ug, 1970-01-06 22:46:52, 1970-01-13 02:00:54
4042, OfsFLEak9p267D7CR5Yh, 1970-01-12 02:27:22, 1970-01-16 20:49:25
4043, DZ2hvEGtkrM6yWxQs9AP, 1970-01-12 04:28:21, 1970-01-15 03:08:04
4044, Rn8jemZzhv4gP9Ftf8lk, 1970-01-09 04:14:11, 1970-01-10 01:51:20
4045, HNqcp15DCG8XL2mkG4s9, 1970-01-04 10:54:23, 1970-01-17 22:45:24
4046, zikTFItxgc6OKKJcLZ5X, 1970-01-11 06:25:56, 1970-01-16 01:33:00
4047, ayNwsix5DNaSldHKXSJf, 1970-01-12 10:41:57, 1970-01-12 16:22:42
4048, G6Mx11fhwqVwCCGBx5Bv, 1970-01-14 20:53:06, 1970-01-17 05:48:46
4049, BiiOiNFJOcHwUAhdM6Aq, 1970-01-16 05:47:57, 1970-01-17 00:04:00
4050, yXFCdFWsWUyqu0QDXGQT, 1970-01-18 07:08:52, 1970-01-18 07:20:49
4051, mQjHK8UkNAE3ddIBc6aa, 1970-01-06 16:06:06, 1970-01-08 21:16:53
4052, SkuDchyly4dfzjr3eX8r, 1970-01-14 00:42:12, 1970-01-14 08:08:53
4053, CobGgP5NlEeoNO7Eo2hR, 1970-01-15 21:17:45, 1970-01-17 19:42:33
4054, c1t2cMzktQoJz5MdiqCC, 1970-01-08 18:29:00, 1970-01-12 13:35:13
4055, HUeCE3FOwI7zcYX6Ei5u, 1970-01-12 23:51:54, 1970-01-17 16:12:35
4056, XAvlJoPuFuKkjCJrfS93, 1970-01-08 06:44:49, 1970-01-12 18:09:28
4057, adwZGcuPwkbbW8qAQrXt, 1970-01-14 03:34:26, 1970-01-16 05:04:53
4058, ZxBKCheNRrMMCAaQvovw, 1970-01-04 14:19:35, 1970-01-06 07:26:18
4059, bv32nDagz4pObXL21utw, 1970-01-03 03:23:02, 1970-01-03 11:32:23
4060, LxcCLAiCf4z5ROKjGVav, 1970-01-02 23:46:16, 1970-01-13 09:28:06
4061, a60MvHmdC7NxHpJPD8Un, 1970-01-05 04:01:07, 1970-01-10 02:04:35
4062, oNpp6Dpe3f3d5pcTX5Yw, 1970-01-06 14:05:42, 1970-01-08 01:30:36
4063, iEQO9Fcfp2WEneFVJ8jL, 1970-01-04 13:50:14, 1970-01-05 19:25:15
4064, ne3ssEJtv4quAHV9mcqy, 1970-01-13 15:05:24, 1970-01-17 09:44:34
4065, KOOslxlAoNJPtbSlylvd, 1970-01-04 23:05:28, 1970-01-12 15:40:27
4066, QiFRQBfOqVyPlSf04OZI, 1970-01-02 17:50:17, 1970-01-08 14:05:23
4067, W4XpPKB4Ejau4GgYFNld, 1970-01-03 14:46:36, 1970-01-04 08:43:32
4068, trzKOb5j5X2AbRBolzca, 1970-01-08 11:53:41, 1970-01-11 16:02:09
4069, 7PPYCeH9KLk635qjWBFK, 1970-01-13 21:19:55, 1970-01-17 13:48:02
4070, fDRSyQIi0GJbaAKrCI10, 1970-01-11 13:41:31, 1970-01-14 15:02:50
4071, X1Vnftf3LyOkgri09rpN, 1970-01-11 07:05:26, 1970-01-14 15:24:11
4072, FuVv4Gt0mwGTKpo2EX5Q, 1970-01-04 06:13:38, 1970-01-11 17:26:56
4073, lg4vO02S4f6iSQtul7qq, 1970-01-02 20:57:33, 1970-01-14 21:19:36
4074, Uwpg8Q7AuYvBcFqMnGzi, 1970-01-09 06:17:04, 1970-01-11 18:34:59
4075, bgxjKCNR7eXWuYgn0Z9B, 1970-01-09 08:45:08, 1970-01-18 06:18:19
4076, FBm2JHkI9UsrG9GrWpcg, 1970-01-17 11:38:59, 1970-01-17 14:04:59
4077, rMxm3p9ARvSm4tWvM1FN, 1970-01-08 15:04:52, 1970-01-09 04:49:40
4078, T49BIhv2JxWg8X7pTRFA, 1970-01-10 04:37:23, 1970-01-11 14:13:02
4079, VkpvEGzRq9cgyPLH9Mcc, 1970-01-12 16:55:50, 1970-01-17 05:18:15
4080, BMWT8XDNa9aSyrdnS0tV, 1970-01-02 12:36:34, 1970-01-15 22:32:21
4081, gMCc5BUbJnk6lzjHt6UG, 1970-01-14 17:39:58, 1970-01-15 23:58:27
4082, SxLCk5whbVKrN5P0KE67, 1970-01-08 16:09:13, 1970-01-10 19:16:44
4083, JH5S2kIyNQKdBFpfgdw9, 1970-01-11 23:45:26, 1970-01-14 16:30:31
4084, jyb65RB8WpsTiy0oAEvv, 1970-01-17 21:04:55, 1970-01-18 02:28:30
4085, LTFeeZ42Xc5U73QlR8lB, 1970-01-07 07:47:52, 1970-01-07 08:07:25
4086, JDir93kC5BgnsZmXNoBt, 1970-01-09 21:18:32, 1970-01-15 18:21:38
4087, MzdNgeByWC9VRsMhNvwX, 1970-01-06 07:03:51, 1970-01-12 13:41:49
4088, r3lTq3raVpnVuC84knS2, 1970-01-05 22:05:44, 1970-01-13 06:52:02
4089, wWAYJKpIZKXkNzO8NIXL, 1970-01-07 21:34:58, 1970-01-09 20:30:38
4090, APxoSd4HmcZdgGrX9Bgo, 1970-01-09 20:35:48, 1970-01-11 08:17:21
4091, eh0xoTp7IALV5z9T3udJ, 1970-01-16 07:09:50, 1970-01-16 17:20:25
4092, nTf3JGe5DbX2IbmqlBID, 1970-01-11 11:52:08, 1970-01-15 12:03:12
4093, HObB1qF8POxjySh0eWXx, 1970-01-06 03:14:09, 1970-01-11 01:36:54
4094, 0hTmQvwJC1jfOwtvyRxz, 1970-01-13 02:53:02, 1970-01-13 04:17:47
4095, qN1YBAdzNRJUEiG4quNd, 1970-01-15 14:59:40, 1970-01-17 14:14:40
4096, RTXTmoHR54LXhB4pPhkV, 1970-01-15 15:10:00, 1970-01-17 05:56:28
4097, vVgyfW5A8BNQKUYdUFY2, 1970-01-08 00:47:29, 1970-01-13 00:20:05
4098, jFISvTrFcL3pV0O7EOxZ, 1970-01-10 15:22:37, 1970-01-14 04:37:50
4099, fjrmv9hR2RhhrNxLzdTV, 1970-01-18 03:11:09, 1970-01-18 03:16:11
4100, HG9FLr8SLH7TsOsQqe4a, 1970-01-13 16:13:04, 1970-01-14 06:36:32
4101, wISoLPtlEMuvWXi9dMbz, 1970-01-15 20:46:25, 1970-01-17 18:04:25
4102, HVsNemqNCJpAU2rwOzUO, 1970-01-16 20:19:45, 1970-01-17 00:29:56
4103, fM3UZYSigwKBhJO3uIV2, 1970-01-06 10:29:49, 1970-01-11 15:49:40
4104, c20rsBaiX4ZuGK4xF4rV, 1970-01-16 10:37:18, 1970-01-16 13:33:35
4105, QQ71uka9zTX9jzPMsdQ3, 1970-01-18 00:35:53, 1970-01-18 05:55:05
4106, 8YYtPy0YmzynKKmWISp1, 1970-01-08 21:10:27, 1970-01-11 01:34:00
4107, WEFMlyhOhszdZJIB6ckQ, 1970-01-11 03:04:08, 1970-01-18 05:12:05
4108, QGAmMP8DxJuImUNvNGUf, 1970-01-17 11:19:39, 1970-01-17 22:38:18
4109, OOAxByJPy9558odE7NNp, 1970-01-11 07:29:45, 1970-01-17 11:58:07
4110, KGRmrcYd1Rhk2qgjiFh7, 1970-01-17 09:58:39, 1970-01-18 02:19:48
4111, hkWYEYnWswkU39iPVPFl, 1970-01-07 16:45:37, 1970-01-16 16:45:55
4112, n6SlaWP8nDY7TgXcgijC, 1970-01-06 12:45:59, 1970-01-18 05:29:26
4113, sG6aWgyefp8ihxBywxxm, 1970-01-09 00:11:04, 1970-01-10 19:40:21
4114, 5Ftl4burGJJ2vmyX7nCr, 1970-01-16 03:23:10, 1970-01-16 12:58:24
4115, 27j053Pod29gJZ6tnboG, 1970-01-12 12:59:11, 1970-01-15 23:39:21
4116, lBJqjGIkC09TnD2bp79e, 1970-01-17 10:57:40, 1970-01-17 18:53:05
4117, Zkf0HOLp4yvbdK9dHieJ, 1970-01-04 00:48:20, 1970-01-06 06:32:35
4118, XpES57lRiWtV4qeXkl1x, 1970-01-10 17:14:10, 1970-01-12 15:12:55
4119, 8pQA5YHHc7lnEYimqlxN, 1970-01-08 05:46:33, 1970-01-08 12:51:09
4120, X35lZxWJ8FtlUJcZYSHA, 1970-01-15 12:50:23, 1970-01-17 20:20:16
4121, Vf3Y0NtrBfA2ViHLNAop, 1970-01-11 17:17:22, 1970-01-15 04:03:54
4122, tYxUJjulpi74AuV30oWd, 1970-01-09 19:40:04, 1970-01-17 23:37:04
4123, iSKIt0O8whFk8G1hXY8O, 1970-01-03 01:00:21, 1970-01-13 15:22:42
4124, Q66PnVwaWTN8Z5ESfxyL, 1970-01-09 14:09:55, 1970-01-12 06:16:43
4125, 0T5gtxyPw6m4LnOwjO4T, 1970-01-11 08:22:14, 1970-01-14 17:11:29
4126, 40SeKKZaXlOyPH49hk4i, 1970-01-16 11:40:52, 1970-01-17 17:09:02
4127, AMHixgUrYfukGo6cHv9H, 1970-01-18 00:55:29, 1970-01-18 00:58:28
4128, Ul0QJqCaxU5TAd3C60Hu, 1970-01-12 15:56:25, 1970-01-17 16:45:24
4129, HPCh0A4B0SRMHq4crbkR, 1970-01-06 07:13:22, 1970-01-08 23:46:13
4130, OqnzNGHIRzvrRw62nUX6, 1970-01-03 08:00:43, 1970-01-15 15:41:18
4131, pIqkFLwHfDGfnlGu3wDd, 1970-01-06 07:34:04, 1970-01-15 02:26:29
4132, k1agZFHdCYXe8906H6DR, 1970-01-06 16:04:05, 1970-01-14 11:30:44
4133, MH728wNtj4PH1VAVA45X, 1970-01-09 15:13:31, 1970-01-16 21:34:35
4134, 7JRllgOYjFauLcUZ4f5Z, 1970-01-13 05:48:26, 1970-01-17 06:40:02
4135, IaaZPLFPpkGglsgzvHSa, 1970-01-13 05:29:56, 1970-01-16 04:53:45
4136, TbKIsRSHOT4qpJG8TyAS, 1970-01-08 13:31:56, 1970-01-10 17:25:03
4137, u500LTJnf6XXOrBFywRM, 1970-01-16 13:02:46, 1970-01-17 01:16:56
4138, aPaRq7D26v8YuhWptzGS, 1970-01-03 03:24:00, 1970-01-08 15:35:06
4139, u0eRIERrqMaxAuDz8M7G, 1970-01-06 15:39:39, 1970-01-09 14:49:32
4140, WNkQgvt6cnaFfeIaquZr, 1970-01-18 00:15:22, 1970-01-18 04:57:23
4141, kCuvh3WfAX1hMiTqXD1G, 1970-01-17 00:47:37, 1970-01-17 17:05:19
4142, yMDMrhpKVRMRd9fcfqnL, 1970-01-12 12:51:01, 1970-01-15 12:20:38
4143, WJ7TeT4JZx8d3BByUJra, 1970-01-11 15:20:46, 1970-01-14 14:49:45
4144, E1gjPBulKTZSqGacECYv, 1970-01-09 18:45:21, 1970-01-17 11:41:25
4145, WmbBM5kz694ABPqncfVD, 1970-01-09 17:50:46, 1970-01-18 03:26:24
4146, nnEWVjbDKQYqonmuo5KB, 1970-01-04 19:06:45, 1970-01-11 02:19:47
4147, z3AqowuIrSaAr8Bn0M2x, 1970-01-17 07:09:41, 1970-01-17 11:04:36
4148, RAG1pdIMBKuP7dK0BwTg, 1970-01-18 07:12:14, 1970-01-18 07:36:03
4149, yFOCjI0O2cDHvulgCtMG, 1970-01-03 07:41:44, 1970-01-10 08:52:08
4150, K8mZ8AtbdwOsIlEg40OJ, 1970-01-10 22:45:19, 1970-01-15 07:13:19
4151, FAcMDIyqoCOoLZlfVdiz, 1970-01-14 17:14:33, 1970-01-17 17:21:51
4152, Q0yZEQhK4m2R9OEG1r0s, 1970-01-03 00:49:03, 1970-01-13 00:53:51
4153, pY131buhKqB1S52PpsOS, 1970-01-12 15:50:47, 1970-01-14 20:08:19
4154, W1v0x67bZF01r1Wdwl5c, 1970-01-08 04:19:18, 1970-01-11 07:01:47
4155, C03wXWRfbDV5eRxRQXus, 1970-01-18 06:01:49, 1970-01-18 06:26:04
4156, XFMYkhGJ51zJuYbo18GA, 1970-01-15 21:12:56, 1970-01-17 21:34:16
4157, Zg2CIgCdyI79IdJUUDYy, 1970-01-08 08:08:48, 1970-01-15 01:51:44
4158, 6I9WJX2byhouVMtQfiZf, 1970-01-15 21:22:26, 1970-01-17 02:59:29
4159, DmTrbUoGMz7JseFeGF80, 1970-01-04 04:15:56, 1970-01-08 20:26:43
4160, hbyMt0dbL4XjMxc0DOOo, 1970-01-16 12:51:11, 1970-01-18 03:46:32
4161, 9scrsA1woDlRyQU2br9F, 1970-01-05 16:46:18, 1970-01-09 19:23:28
4162, TMc9rs5D92uDAGCOyRIp, 1970-01-13 04:52:15, 1970-01-15 10:57:45
4163, CWV8m9zNJfHC7V1taivu, 1970-01-08 06:38:45, 1970-01-10 18:53:27
4164, N2MkXZRNU7KVZUEd4XJR, 1970-01-13 15:19:21, 1970-01-16 09:25:11
4165, 16qQmu3qZITqDV0IoIdH, 1970-01-02 10:15:10, 1970-01-13 07:10:42
4166, QdpUZCM9Nc0kqX4NjI8s, 1970-01-10 17:45:14, 1970-01-17 20:57:55
4167, Y9MNEkv2EMd1ldm9vuA9, 1970-01-15 04:05:21, 1970-01-17 02:36:02
4168, T5GurPwh30NDSRG9s6y2, 1970-01-05 01:56:59, 1970-01-16 05:49:42
4169, UYiPBCf5GQq0qiUo2iS6, 1970-01-04 18:43:16, 1970-01-07 07:57:47
4170, 8qTEB50S5cT1uqyfXNhP, 1970-01-04 09:14:25, 1970-01-14 17:37:15
4171, WMBAotwkAgWpdqLU14Fq, 1970-01-09 13:10:11, 1970-01-14 16:26:23
4172, hpP2NyNdPkOyAQR90Sqd, 1970-01-05 12:27:44, 1970-01-12 22:41:28
4173, cvtfH4ryuqnBVfJudHGu, 1970-01-15 23:05:00, 1970-01-16 20:54:26
4174, R5f0MyY7qYzpLIbIX16r, 1970-01-16 02:52:35, 1970-01-16 22:04:03
4175, OqPWRMNgG0VPcwmoM501, 1970-01-12 19:54:04, 1970-01-16 19:20:11
4176, adaQDbv2i489jtITXWnv, 1970-01-04 13:02:21, 1970-01-08 09:58:41
4177, blCSjyDyOFygzOMj2HGo, 1970-01-18 06:58:00, 1970-01-18 07:48:50
4178, 6PdxsPAsSYBcWmw62qvz, 1970-01-15 10:16:29, 1970-01-17 13:07:08
4179, 5IvFqtIr4aQwzO9YE0bj, 1970-01-11 16:52:54, 1970-01-14 11:35:36
4180, S66DLMnh0Y95DQNSjxtf, 1970-01-04 09:28:40, 1970-01-14 20:47:26
4181, KtU0fvlx6dcyTxm4TxKY, 1970-01-16 20:37:42, 1970-01-17 09:15:44
4182, nwgc0pfzf5Z21SDI6Chh, 1970-01-11 16:45:48, 1970-01-13 18:27:27
4183, 39nO9EruoyVeccmtnwvO, 1970-01-04 08:56:07, 1970-01-12 03:42:15
4184, W8Jx8pW6ZW2pjKZGhH5J, 1970-01-06 17:47:57, 1970-01-07 23:11:27
4185, Tfz9wg7mjylaUyPb1gig, 1970-01-07 06:31:39, 1970-01-10 17:46:37
4186, rkMGAQnHeudlNYRTrglz, 1970-01-04 11:40:25, 1970-01-04 21:35:11
4187, 7bXncpEuxBUMkXerFFGL, 1970-01-07 21:03:57, 1970-01-11 05:10:59
4188, wv6Q5fal3tOqCM2BbbMD, 1970-01-04 09:44:00, 1970-01-08 18:08:12
4189, QLt3dujaV7vFTljpINrK, 1970-01-06 02:15:15, 1970-01-07 04:44:19
4190, Et61cb4IbFRKwZY1ULUK, 1970-01-11 06:03:44, 1970-01-18 00:11:39
4191, dqGPlLsVwFx0xhAxmf3H, 1970-01-07 15:41:22, 1970-01-15 01:56:05
4192, m5w5gcghzBfhotpg3hW3, 1970-01-02 18:45:27, 1970-01-03 02:32:20
4193, hXTI29EF9QLRIZdbJGCJ, 1970-01-17 19:13:36, 1970-01-17 23:00:16
4194, QPy8mhZhbIeLpv3nSkaL, 1970-01-11 04:37:35, 1970-01-15 08:12:06
4195, 21E1KJ8OhfroxDLryoVX, 1970-01-07 18:00:13, 1970-01-17 20:05:36
4196, As6YInpo2wWlaZ13Q5HG, 1970-01-08 16:07:39, 1970-01-15 11:30:30
4197, VXqGGILfRiEOWKbA3Y7v, 1970-01-13 03:37:55, 1970-01-17 15:03:30
4198, mRJ8jlUlMILlFmYheOlZ, 1970-01-17 16:32:11, 1970-01-18 04:48:06
4199, gur6DgCy7LgCRJtkFY21, 1970-01-02 18:54:37, 1970-01-16 05:44:41
4200, FPkTqgqJkIh6hMSkUoIt, 1970-01-03 20:42:16, 1970-01-12 12:53:40
4201, Mk6SRZPHNO4J2x8T5t0t, 1970-01-14 15:42:31, 1970-01-18 04:22:37
4202, azgJxKFixR7udF9vxNLp, 1970-01-18 05:46:10, 1970-01-18 07:38:56
4203, tE7UuUpqzXPyV2h6hGPB, 1970-01-10 02:17:24, 1970-01-18 05:00:55
4204, vHG9kviU5ZU6LxvjVYwj, 1970-01-04 01:02:25, 1970-01-12 19:39:47
4205, m196VsFqAJG8ROKBTUWH, 1970-01-07 23:59:37, 1970-01-14 20:57:38
4206, rBjCOGZaQsuwb9sYuIev, 1970-01-13 00:58:18, 1970-01-15 12:48:28
4207, 3rQzbQn87UL9z3Tp5Ro1, 1970-01-12 00:44:31, 1970-01-13 01:12:07
4208, AeYUB4bqNuBlypEvkbUr, 1970-01-17 12:49:25, 1970-01-17 21:27:30
4209, 5dM9VA1PfYObIqLjgqWc, 1970-01-11 00:16:23, 1970-01-15 18:18:24
4210, jqWhKtoWICa9sMA1lBaJ, 1970-01-02 09:09:16, 1970-01-12 23:39:59
4211, 9DAOnhrKbZbQvWFncoqQ, 1970-01-16 10:39:29, 1970-01-17 14:32:22
4212, yIuLU68HAp2ikTIvg5tv, 1970-01-12 12:27:03, 1970-01-14 14:03:02
4213, znGkAsO2bVL6TeInZhR4, 1970-01-15 09:50:51, 1970-01-17 16:55:23
4214, gV1BXucXEfdMao8YZZq2, 1970-01-02 11:38:22, 1970-01-08 21:17:01
4215, begvo7Sc53yi6o3kRnnR, 1970-01-03 08:29:43, 1970-01-05 00:21:09
4216, vlOF5XlbG47TtSVzL0ct, 1970-01-04 17:29:12, 1970-01-06 17:10:58
4217, 49DeqRE5MzX3YbhhU7Ko, 1970-01-10 09:15:29, 1970-01-14 23:19:32
4218, puAgvk5j5DzQ3pT6cOKh, 1970-01-02 19:21:07, 1970-01-17 06:47:16
4219, NHgyamjGPdzgZehuLsxX, 1970-01-14 11:54:07, 1970-01-15 15:32:03
4220, z3GqnIOPf7AnL7x2XsXo, 1970-01-09 21:56:52, 1970-01-14 18:59:29
4221, fPCVt0ZyDotFtilrQESh, 1970-01-15 06:09:54, 1970-01-16 08:03:31
4222, oOoDaSy4CRmvfIDcKZPX, 1970-01-05 06:32:39, 1970-01-05 23:22:55
4223, 7LCEpXBTlgkCQLjTWH7e, 1970-01-11 00:29:56, 1970-01-17 15:47:01
4224, uLE1ZecqTCDKMy2l2JPB, 1970-01-02 08:01:04, 1970-01-09 05:51:09
4225, 3rvR4IJVx5RcWcEZ99rb, 1970-01-09 17:00:15, 1970-01-15 10:39:51
4226, dl4bAnUKwbxgul5ybYPW, 1970-01-12 05:44:24, 1970-01-12 12:30:34
4227, y9EiJNYnbSca9cYk8dce, 1970-01-10 23:34:05, 1970-01-16 19:20:16
4228, d3mS4qXhHeoHOlJEY7de, 1970-01-03 21:00:37, 1970-01-09 06:46:02
4229, 5FoEN8JYrzQLKX6Fz481, 1970-01-10 17:38:02, 1970-01-15 12:16:56
4230, 0Pr81GEM45UgWdnARh89, 1970-01-16 22:44:19, 1970-01-17 12:34:45
4231, PJy8r8sEzkYOJ7AcQcUh, 1970-01-06 07:19:38, 1970-01-16 13:53:58
4232, dWEOoRbP5BusJ5m5mkAg, 1970-01-03 12:27:10, 1970-01-09 20:31:57
4233, kFHOhWRlXuMBeTrXFbSe, 1970-01-13 21:06:24, 1970-01-16 13:23:24
4234, tpymh2SnGzLISo2ie30F, 1970-01-15 05:48:28, 1970-01-18 03:41:41
4235, feanb5JmbMuszAdxUP1l, 1970-01-18 07:15:13, 1970-01-18 07:54:49
4236, o8Kw0SZFn6dLoEz5yrLj, 1970-01-10 04:36:29, 1970-01-16 06:00:17
4237, GBLdiW4RSzCZkfyS8vn0, 1970-01-14 16:44:32, 1970-01-17 22:27:56
4238, rD84xheeFhf29IAScJgi, 1970-01-09 20:48:35, 1970-01-12 19:25:21
4239, 5Kc1vP37vSKTHAjuPwd4, 1970-01-11 15:31:39, 1970-01-16 20:07:32
4240, RwEU6s185Mcx3hLpdL5Y, 1970-01-16 22:49:46, 1970-01-17 14:45:25
4241, aUaN7Cp4TeWJuOUyWLeo, 1970-01-09 22:03:21, 1970-01-12 19:34:26
4242, 3USOYlJ3UhK9lSMKxnas, 1970-01-11 21:47:54, 1970-01-17 03:57:54
4243, SzawXCcs41icK2aqSTmF, 1970-01-16 00:37:27, 1970-01-18 01:13:30
4244, 6CC3xLihJuzAGNPeXI0Y, 1970-01-11 13:08:01, 1970-01-13 08:43:42
4245, kbZ8uRVT0CgfrDvKILGe, 1970-01-15 04:40:54, 1970-01-15 04:44:41
4246, CENoa53xNn3fiHb13SdO, 1970-01-03 09:44:37, 1970-01-13 13:47:58
4247, kdc7t8X9xqytgSsPcq7A, 1970-01-13 15:25:23, 1970-01-16 08:31:17
4248, IVXjy74vvL0ohfWWppmu, 1970-01-17 11:34:55, 1970-01-17 18:07:13
4249, frV9C8kb7TqHArklknvZ, 1970-01-02 18:20:12, 1970-01-08 01:59:46
4250, 6QOUhZt5CjUTDBLvUaaF, 1970-01-10 13:49:57, 1970-01-11 14:27:35
4251, d62ovfJHuNWQYWkD9L2d, 1970-01-15 19:32:58, 1970-01-18 02:12:06
4252, nmyWpO8i7nv5BKEVryTW, 1970-01-16 20:51:52, 1970-01-17 04:08:41
4253, HalQBGH9l856TfTosWl9, 1970-01-09 11:51:03, 1970-01-15 03:56:53
4254, tCLLlpZTvKka5RoaDut0, 1970-01-05 00:49:11, 1970-01-05 09:57:33
4255, s55ELv0eCybBacrvEUoG, 1970-01-16 04:38:07, 1970-01-17 08:30:05
4256, IPLV9vGldEhBOITLtiNr, 1970-01-15 03:13:01, 1970-01-17 04:06:02
4257, 8uEay17acF1LrftkdH8V, 1970-01-11 19:53:37, 1970-01-17 04:44:53
4258, HE17ChpPxeBAXEjC7WUg, 1970-01-10 02:19:08, 1970-01-11 04:48:09
4259, RmZ5buIZGhUAPH4mtxbS, 1970-01-12 12:48:42, 1970-01-16 15:06:05
4260, KkZVvfq3N3i2sAkZLWHN, 1970-01-11 08:38:31, 1970-01-17 14:51:45
4261, wfYXgStxbIOPCAS5TGqF, 1970-01-07 04:45:26, 1970-01-13 15:52:20
4262, bYbhTrZ9cQOUXyihs09y, 1970-01-09 21:53:14, 1970-01-12 05:45:30
4263, ZWwIDdXHH2E6krQVpcWC, 1970-01-08 04:57:15, 1970-01-14 06:24:14
4264, xoUxjAIKVFRiQT49MGSE, 1970-01-07 04:24:58, 1970-01-12 12:39:30
4265, EhbhlMPOlV6GxmzYl6wT, 1970-01-03 03:10:32, 1970-01-13 03:39:11
4266, uw6grgnqJOkEioznKTMZ, 1970-01-14 18:36:37, 1970-01-17 17:29:42
4267, f76dyWhdnFMsIECl2ggh, 1970-01-14 21:52:33, 1970-01-16 19:44:18
4268, 1vdb8XGFexpB6b08Lm2H, 1970-01-05 03:00:02, 1970-01-05 17:27:44
4269, rkw58bhREkooReOYbvCp, 1970-01-03 19:32:05, 1970-01-16 07:00:46
4270, tKjlqEvJgiBExIqMhTKR, 1970-01-07 00:16:48, 1970-01-08 05:39:48
4271, voHAgZa9vAVfqM6zhqYk, 1970-01-14 10:36:06, 1970-01-15 12:40:24
4272, 1iUPmUytbegjzMNu2p4G, 1970-01-08 10:58:09, 1970-01-11 20:04:40
4273, IufQjtkMFgAOXxp1nD5o, 1970-01-06 23:29:23, 1970-01-15 19:15:25
4274, j3aJEdC4hcsZF6YpvtZu, 1970-01-11 11:49:24, 1970-01-14 10:24:07
4275, k464nRb0MCQY8gjuaJGf, 1970-01-15 09:17:46, 1970-01-17 11:24:47
4276, 3eUfPKE4gVRUccKTstej, 1970-01-13 07:17:48, 1970-01-16 10:00:12
4277, kW0QKDbwzYwOfVLbIUyG, 1970-01-06 02:01:37, 1970-01-13 22:22:10
4278, 5TwNpnjXw50IH9B7WuDf, 1970-01-10 05:17:45, 1970-01-17 10:17:55
4279, Tw8MKcUByDC6Pp8jV5uo, 1970-01-07 21:13:47, 1970-01-16 22:43:40
4280, AZVb4BC2xRSDefzl0qpE, 1970-01-10 09:37:05, 1970-01-14 01:48:03
4281, 1s2vL5kcR0dDBggnZvlM, 1970-01-13 14:07:28, 1970-01-14 10:53:31
4282, 67B5dcBhtCbPQwvmLJ1A, 1970-01-09 16:40:31, 1970-01-16 11:18:36
4283, l6ok76tvUyFoeryDTsan, 1970-01-15 20:07:53, 1970-01-17 10:47:35
4284, tN6q2CaCFFPbRcyz6tCU, 1970-01-17 02:35:22, 1970-01-17 05:29:33
4285, Ff3ZbwMD1gjpmVcIXVSy, 1970-01-17 02:05:59, 1970-01-17 17:56:49
4286, scxajCH3J0MT934zHt3o, 1970-01-06 11:17:45, 1970-01-08 14:59:52
4287, 4DKOj7IjR9vqh6HPbD08, 1970-01-17 20:02:42, 1970-01-18 01:31:40
4288, Qx7zrd5573Z98fcOWWCt, 1970-01-11 07:10:43, 1970-01-16 08:09:08
4289, pYPkWRz5sh0Qf8en7ufn, 1970-01-15 02:25:16, 1970-01-17 05:56:32
4290, 6k6vjtrcVU9dPwxLT8in, 1970-01-14 03:33:42, 1970-01-16 20:58:44
4291, RuRtf4fphXotokE9P9ip, 1970-01-15 22:25:08, 1970-01-16 11:35:37
4292, qRrvHlofLuMDak7GFyCt, 1970-01-04 01:04:50, 1970-01-05 14:26:49
4293, WoVqmfnqHvVKI5LojWJE, 1970-01-04 01:08:28, 1970-01-06 22:05:51
4294, oCiQc4uxZt06x2c3VXXW, 1970-01-07 16:29:00, 1970-01-14 23:01:11
4295, l7bDPfBsTTUw6vzQzvpc, 1970-01-17 22:48:23, 1970-01-18 03:12:20
4296, buQe7myqGMYLPbcGo8Ei, 1970-01-07 09:40:11, 1970-01-17 10:01:49
4297, DUANWsZuWF5QA7nzCsh4, 1970-01-04 02:54:45, 1970-01-04 11:46:33
4298, KEkAmMiZdUts5JOrofzT, 1970-01-17 09:44:57, 1970-01-17 11:10:35
4299, ZdwYVNAeDNh8n46kNxnT, 1970-01-02 18:59:19, 1970-01-11 22:48:12
4300, 1f5URtEUCaXJNwgLsVjV, 1970-01-11 01:22:29, 1970-01-16 08:19:07
4301, VfIareVCrKc5lUuPHGvL, 1970-01-15 21:22:46, 1970-01-17 22:40:09
4302, T4kyOenV28BY1JbxU1Fr, 1970-01-05 15:09:30, 1970-01-06 14:43:05
4303, 7uuTVj3fSjK4t9MeQuxY, 1970-01-04 18:13:22, 1970-01-14 19:31:59
4304, htIJpo1LWJqOuTg2hWqf, 1970-01-13 08:05:33, 1970-01-15 06:11:37
4305, hCKp1Kuann6hIUaTJbys, 1970-01-07 03:27:36, 1970-01-12 01:08:46
4306, j6I3tX708DOvUbjna22m, 1970-01-02 12:16:17, 1970-01-14 04:23:09
4307, 1onTKu7nnIJiRNzCx1rE, 1970-01-16 09:24:48, 1970-01-17 11:32:54
4308, ghS3f9eQXochD318Y3Hr, 1970-01-09 22:45:10, 1970-01-16 00:50:25
4309, 2fhMoctFbf6TeAV1dBTv, 1970-01-17 07:30:47, 1970-01-17 12:27:27
4310, vXqq5NGzRoc9gs62mRO4, 1970-01-17 14:27:00, 1970-01-17 22:47:58
4311, AxQdgKH2wqODSIUlynH0, 1970-01-11 12:11:50, 1970-01-16 22:57:07
4312, oqlkKp2wK5UpZcRZwufc, 1970-01-08 04:00:33, 1970-01-13 03:34:37
4313, cDTDGrqDivvy109X4Qm1, 1970-01-15 19:01:22, 1970-01-18 07:08:46
4314, raFhscygjqVqkjWAkOSb, 1970-01-05 02:14:33, 1970-01-10 19:05:43
4315, XnF3nkTj8CEOjnfXt6Tk, 1970-01-12 00:46:57, 1970-01-16 23:04:56
4316, dlpCvBFCEGZfcJnI1dz8, 1970-01-15 15:42:25, 1970-01-17 01:04:13
4317, QvV5jyp3eQc70GuMYpDK, 1970-01-04 12:16:30, 1970-01-09 01:22:13
4318, BLSVuiIADSrGSSyTh8Tb, 1970-01-03 22:03:22, 1970-01-16 15:58:52
4319, Jr8fFPd3yH1NYprnzzr6, 1970-01-02 18:39:27, 1970-01-11 20:32:42
4320, obDmuOxrjMvDmwOlCYTC, 1970-01-10 09:28:52, 1970-01-18 03:15:00
4321, cEZRrnJiSFGXtHNQIgM7, 1970-01-13 19:05:49, 1970-01-14 04:13:22
4322, PwOkaIVpKJefGBfKOgVu, 1970-01-17 22:33:02, 1970-01-18 04:40:50
4323, sFT7tqtZyVZQgZ1RIieB, 1970-01-09 17:47:10, 1970-01-13 15:06:21
4324, ca9QzQVZsT8me8wQdYxs, 1970-01-14 01:12:32, 1970-01-14 02:35:04
4325, jshTE5xZRSYGYvRcRoSV, 1970-01-08 23:41:58, 1970-01-10 11:18:06
4326, l8OXuv9XGxTRCPOAdXLG, 1970-01-13 12:24:36, 1970-01-15 03:55:29
4327, gKwJ49K5dvOcEW36ErT8, 1970-01-16 07:07:17, 1970-01-17 04:18:05
4328, 42YgkACXft3SNANqeUaM, 1970-01-12 15:26:20, 1970-01-13 10:17:07
4329, vikVzlK73VVxFSdCKo5V, 1970-01-10 23:48:23, 1970-01-11 08:47:33
4330, S0IslqCBQlWk9VyRhPdL, 1970-01-09 05:40:13, 1970-01-10 18:16:02
4331, wppUZ7UeETDSJtR7CzH8, 1970-01-12 05:36:10, 1970-01-16 16:00:32
4332, zbFWIyC37ME4MVPbdueQ, 1970-01-10 02:44:47, 1970-01-13 14:28:49
4333, 6s3qcM9qJtakgNPLzdd1, 1970-01-15 05:53:50, 1970-01-16 03:58:38
4334, xEFZSgiyO4Q2hOmMm96N, 1970-01-05 14:32:47, 1970-01-08 09:07:48
4335, JwQV9EQ8GiYXQfvcDNHx, 1970-01-11 12:34:11, 1970-01-16 08:11:00
4336, f8lX7Ayn7IsS1GHZhdWO, 1970-01-06 06:28:46, 1970-01-15 04:02:03
4337, M7IoIEvtqzgGzdEqp0jj, 1970-01-08 19:48:11, 1970-01-17 02:28:15
4338, DAayWwjy3IiimgcQ14AL, 1970-01-16 08:52:20, 1970-01-18 04:06:05
4339, 4WffTJ6esru5pKQd8i4x, 1970-01-14 08:19:11, 1970-01-14 08:49:43
4340, NMAx5hTKCjVwSyo8nYx3, 1970-01-16 19:36:05, 1970-01-16 20:26:51
4341, PkDUNV7m4R80Etsf1cDp, 1970-01-16 20:30:41, 1970-01-18 03:29:16
4342, KKg1dxvEJpPTojfDfme5, 1970-01-04 09:21:02, 1970-01-17 19:45:33
4343, Na2EWNw8aVmB98PYZJCf, 1970-01-08 08:58:13, 1970-01-13 20:08:20
4344, 7HiaOUm4Dar9AJZTNbdk, 1970-01-04 06:14:13, 1970-01-08 05:31:07
4345, bQhDBfrjK25Qu35nf06q, 1970-01-16 21:56:09, 1970-01-17 11:21:50
4346, 5YiE1pYaJqTHNLNQzQx6, 1970-01-07 09:52:50, 1970-01-12 10:18:09
4347, Lsj8p55yHkFHg5P6iXas, 1970-01-11 01:57:21, 1970-01-17 19:54:11
4348, TIZoucDEIvhQAiKK9gzY, 1970-01-16 10:38:15, 1970-01-16 10:44:32
4349, SqDyY8IbwMB69fiv92e7, 1970-01-18 04:03:24, 1970-01-18 05:32:31
4350, HVEFUtalOf4ejBhhRsJR, 1970-01-09 02:11:47, 1970-01-12 15:28:48
4351, MQRkTESWa4DTeErvIT2b, 1970-01-10 20:34:53, 1970-01-14 13:27:47
4352, f6GzCE8hmPSZduderk5t, 1970-01-16 19:44:10, 1970-01-17 07:31:00
4353, OZOiIHFs4AEB7RKvLCGy, 1970-01-07 11:09:48, 1970-01-14 03:50:15
4354, OEIpIvLziRCdxMEPmCmm, 1970-01-06 20:22:39, 1970-01-13 00:28:21
4355, K5m48MQls6BNSY6zubKK, 1970-01-16 07:42:19, 1970-01-16 19:29:24
4356, ueI7wKBrcQVfkGyRSdSz, 1970-01-05 14:22:39, 1970-01-13 01:54:29
4357, JRDg3YRtHfZyJk79zi7z, 1970-01-12 08:22:59, 1970-01-12 13:43:05
4358, uneMFFy28JuLh3O5Eu1n, 1970-01-12 20:47:55, 1970-01-14 22:59:00
4359, 1S4sajjeMvljo1x581Rf, 1970-01-11 22:39:47, 1970-01-14 08:53:43
4360, yLPb024iMflJMvgIbEVw, 1970-01-04 05:43:26, 1970-01-06 02:50:59
4361, keSIzDQyyLOUTntr2cF5, 1970-01-11 02:08:25, 1970-01-13 19:22:38
4362, MpykmtCe5sz7NsR5TSQU, 1970-01-10 21:09:07, 1970-01-15 21:00:17
4363, 4GCh03eTG4NJoYkf4TXj, 1970-01-10 22:59:50, 1970-01-12 19:59:31
4364, k3iryhU75N1k3sBsaVZu, 1970-01-16 21:43:15, 1970-01-18 07:32:12
4365, HEheGzfldL8mLbeQ0hkR, 1970-01-17 01:59:55, 1970-01-17 02:38:34
4366, avKw7w3Uvhr4kr7wTWff, 1970-01-09 08:50:56, 1970-01-17 06:04:58
4367, 4LTGSop9yDOpa1WNEC4v, 1970-01-15 21:55:08, 1970-01-17 13:20:55
4368, 0W41o6ep8qGgnfx45TIZ, 1970-01-10 21:38:17, 1970-01-16 14:08:17
4369, xwYF42PbmbIl0GwU3Sfk, 1970-01-15 21:27:48, 1970-01-16 10:25:08
4370, 6EhV9emGjkuIMZIERPrm, 1970-01-13 15:32:08, 1970-01-16 01:31:31
4371, DrOPV1R7JQ7SI9MER0xI, 1970-01-08 22:14:18, 1970-01-15 02:39:38
4372, fcbU1xvF6vgVEesk7j4w, 1970-01-03 08:35:20, 1970-01-17 22:27:17
4373, N3WoG4FqUBCl8jfy8KaP, 1970-01-13 06:17:07, 1970-01-14 06:27:47
4374, WqZhmTOeSknzpSGKWwS7, 1970-01-15 05:00:41, 1970-01-16 00:17:02
4375, puXgyEYhDzlgfUcBNzG8, 1970-01-02 23:39:32, 1970-01-11 10:21:08
4376, A490n9BuTuf636Zyequg, 1970-01-17 19:52:41, 1970-01-18 06:15:56
4377, FJvLKjAxY0uaEzBEAnxg, 1970-01-16 15:52:01, 1970-01-18 00:01:38
4378, n20Utx8Y7uHKzFPsIg3w, 1970-01-02 10:49:55, 1970-01-10 15:09:55
4379, c6YrLmfG93zIUxzU0QST, 1970-01-16 12:59:28, 1970-01-17 13:09:11
4380, xiPwFD4oCXnsDa1LLxGu, 1970-01-10 01:13:37, 1970-01-10 06:30:38
4381, k9cppK1dJEudy9LEqHP9, 1970-01-03 03:14:55, 1970-01-12 17:20:51
4382, 9L6FuRo8jGCyVLyQ4Ns5, 1970-01-16 00:41:24, 1970-01-18 00:41:37
4383, byJnxQvxRNYwk8aWPAv6, 1970-01-07 19:34:24, 1970-01-12 16:50:42
4384, T5h5zqy5A6ImgjRW82Oe, 1970-01-12 14:15:25, 1970-01-15 14:46:22
4385, 9dGHBMMZX63wQMteU8C3, 1970-01-03 06:29:15, 1970-01-09 02:19:57
4386, vLm2DYUTsFLTnPKdTjPL, 1970-01-06 17:01:10, 1970-01-17 17:46:57
4387, poKWv59WkN0SSndaPKf6, 1970-01-11 22:49:36, 1970-01-14 18:02:39
4388, 7PZkkCoStGs2nbvufGD3, 1970-01-11 00:43:49, 1970-01-17 20:20:33
4389, n6EsNZzezZus13DZKyib, 1970-01-14 21:07:31, 1970-01-17 20:43:02
4390, iRWS92TsBL2GMD8qg18w, 1970-01-13 13:31:31, 1970-01-17 14:28:48
4391, oytwa1He3xDK6CJ4gxlv, 1970-01-07 20:01:09, 1970-01-18 06:45:21
4392, 9zruhCShQ2jkt5TopQlw, 1970-01-02 20:16:46, 1970-01-16 12:08:43
4393, eyeB0Uai4UlXNweWVhjz, 1970-01-17 21:43:25, 1970-01-18 02:43:34
4394, mBHyvUVN3m7eVAGQLQh6, 1970-01-15 04:00:59, 1970-01-17 16:31:40
4395, xaQRtCwedTJ1w1egi3xa, 1970-01-17 13:12:23, 1970-01-17 19:00:02
4396, rpSXlbIh2ZJ4snW81Fcl, 1970-01-17 13:47:46, 1970-01-17 19:29:49
4397, 5FzHUIfNPHT29497fUHr, 1970-01-03 03:18:40, 1970-01-16 01:59:40
4398, DFBjT6XrEkvH3isWOmpw, 1970-01-10 20:11:33, 1970-01-12 08:31:58
4399, i6JDLkU2qxJieDT8b8Zs, 1970-01-11 19:46:23, 1970-01-12 12:26:47
4400, xqA0t5e9P40xomHbEbll, 1970-01-08 08:51:35, 1970-01-08 10:47:50
4401, 6HcGzxVXtrTYKV2RNlg1, 1970-01-05 18:47:28, 1970-01-07 00:17:37
4402, zZtQ2NTKlS0hxiXjAAI9, 1970-01-16 20:31:16, 1970-01-18 00:42:27
4403, tHUVJ8V4CFfaUASvLwHl, 1970-01-10 16:51:39, 1970-01-18 07:54:28
4404, suTIyGWwYOaBvrvRimqx, 1970-01-02 19:39:41, 1970-01-15 03:50:40
4405, wSAvOxOGry3SpNZpPmjl, 1970-01-17 00:31:42, 1970-01-17 07:39:37
4406, hDZ9zmWuwguPHxDffHM0, 1970-01-07 01:08:06, 1970-01-13 20:23:26
4407, dFrn8eOCofuasUYRJduM, 1970-01-15 13:21:39, 1970-01-16 11:22:35
4408, ZOw55DYbyG5uXyrP5ny8, 1970-01-09 13:29:16, 1970-01-12 22:00:50
4409, QSYGsKIUQ6B5rKaFT5Q5, 1970-01-07 21:17:37, 1970-01-12 19:45:27
4410, psixF3jzaXW90d7ezkBX, 1970-01-13 11:35:21, 1970-01-15 06:21:52
4411, upYIwFMo4ZWYmhvqOx1y, 1970-01-04 11:50:57, 1970-01-06 18:45:52
4412, UKD2LnCLZriyC3ktSuKo, 1970-01-03 17:23:00, 1970-01-16 06:29:29
4413, Wy58DzDYkaPLGaS0pNh7, 1970-01-08 09:38:39, 1970-01-15 02:52:31
4414, nHOVfsWZIA04DrUikJlt, 1970-01-09 10:29:34, 1970-01-10 10:20:42
4415, SGePh9rIABcsmeoPSd2F, 1970-01-04 18:34:48, 1970-01-09 15:33:54
4416, 6qesj8yGG331XW7sYm6a, 1970-01-04 16:45:49, 1970-01-16 11:17:50
4417, aY2GX7lVDufdneUYBNLL, 1970-01-03 17:10:22, 1970-01-13 20:23:45
4418, zRkQwMZPk8X3EXShGiWz, 1970-01-11 11:47:13, 1970-01-14 00:55:28
4419, yBjG3tLI9PxdOybnfS3H, 1970-01-10 16:49:44, 1970-01-12 08:05:53
4420, zMVQx6SrHuToJYDAmnVE, 1970-01-03 00:26:00, 1970-01-07 10:22:53
4421, a5fSccIdW7rw7m9CdjZ0, 1970-01-02 13:41:07, 1970-01-17 13:39:06
4422, bhhbyxnVfU2Zwl5EGGVd, 1970-01-06 17:13:04, 1970-01-11 15:31:54
4423, WdmJD9SamGnY6CyyPzU6, 1970-01-08 14:13:51, 1970-01-08 23:55:26
4424, GGi498Za6zOSWPhEzWmy, 1970-01-12 23:21:20, 1970-01-15 21:24:18
4425, RtLyL6PiLNlRdAJ7jESI, 1970-01-05 17:56:19, 1970-01-16 21:23:53
4426, ZTbIrI0hMCD7YQRJGDsh, 1970-01-17 15:33:40, 1970-01-18 02:51:38
4427, 7NU5sEkh6e15uZKJTD1w, 1970-01-13 21:57:10, 1970-01-17 02:08:43
4428, sHadhl4pr8mZPb0aCE55, 1970-01-14 23:08:40, 1970-01-16 02:24:02
4429, LLaS7oOLWHBrxnpW2zqO, 1970-01-10 20:41:02, 1970-01-11 03:28:11
4430, 7FsAr76yL6sWzl5MmNY5, 1970-01-16 08:23:00, 1970-01-16 08:23:49
4431, tj1D5dipcHvy0nrZzRWD, 1970-01-08 23:00:58, 1970-01-09 06:41:01
4432, 02ffNOEiA6mGcfyKGdOG, 1970-01-18 00:01:39, 1970-01-18 07:15:15
4433, 9ffwGzYtaoXuZ5huwOGd, 1970-01-04 10:01:58, 1970-01-07 04:41:39
4434, HSZ2C2TnH9XPfdH4keNo, 1970-01-17 14:28:34, 1970-01-17 18:48:17
4435, p615mQV3ZumOeRq4IDx3, 1970-01-11 02:37:15, 1970-01-17 23:21:18
4436, G1EEhgcfHTw5m4y2wLUc, 1970-01-17 10:13:57, 1970-01-17 16:33:54
4437, 8NYusZS7UvWuBcNtgiNn, 1970-01-16 23:21:14, 1970-01-18 03:31:40
4438, R7R6ODv0EPqgAHUazOya, 1970-01-13 21:25:53, 1970-01-16 19:24:56
4439, b2KPdGmrLOiabWSxy2XG, 1970-01-08 04:19:07, 1970-01-17 05:55:18
4440, UyPSjTZ3TKdJzwMUsCKw, 1970-01-12 10:27:25, 1970-01-18 00:56:22
4441, imDuh5RN1pVDCxUnDpwX, 1970-01-08 02:12:57, 1970-01-11 09:52:46
4442, bEZPASk30cfSqvpjNzPM, 1970-01-12 21:05:37, 1970-01-15 04:23:11
4443, sDiVTN4jTgeFfn2NaD1u, 1970-01-07 10:19:25, 1970-01-15 14:33:42
4444, 0tXcF0U2gRq0ilxuegYX, 1970-01-06 23:47:00, 1970-01-08 18:30:24
4445, 2qhnzBLKxvVAinKVWKSB, 1970-01-08 05:20:15, 1970-01-13 05:18:23
4446, zDIInxBIM7Hh900XF1c3, 1970-01-02 22:45:32, 1970-01-08 15:05:24
4447, 9EH9H3rFWE13qxl24kGH, 1970-01-11 13:41:34, 1970-01-12 01:46:25
4448, n7vTCCMopeCfVmlxc5zk, 1970-01-16 12:40:49, 1970-01-17 11:25:13
4449, Fj4Ndo2I633tIylAVrVW, 1970-01-12 09:45:41, 1970-01-14 17:34:05
4450, HbptR9A0o1XWgOkCedE6, 1970-01-06 19:59:17, 1970-01-12 10:54:10
4451, cnmW6cSRuyu1JGb7K0Aj, 1970-01-13 18:49:07, 1970-01-15 10:05:14
4452, ThrZq2VDeSSjYabS05UZ, 1970-01-08 01:45:58, 1970-01-14 15:49:46
4453, qQmUukz81ti3ln7qB1GM, 1970-01-02 14:55:34, 1970-01-04 03:56:04
4454, RI7ujU7KUTnCbeFeWXeC, 1970-01-09 01:49:43, 1970-01-09 19:28:34
4455, wOW1i1uQxMbLvCzamWr2, 1970-01-16 23:59:46, 1970-01-17 00:54:34
4456, YPI9tfMA7CMdBv28sXDF, 1970-01-05 04:00:40, 1970-01-08 14:12:05
4457, jsH2f8cpYs9R3yvv8lYh, 1970-01-05 23:04:59, 1970-01-06 10:17:25
4458, Hi2tvBe29Zyncusyajfi, 1970-01-11 19:42:03, 1970-01-12 00:11:45
4459, JeK8coPZOHZjXUnLjJuY, 1970-01-16 09:37:17, 1970-01-17 22:53:45
4460, GfxRi91wpyMTy7d25kUC, 1970-01-08 14:30:55, 1970-01-13 13:00:36
4461, ypziidg5LNGSGuuPQ77D, 1970-01-08 05:44:10, 1970-01-09 06:55:41
4462, f4XtMsrgl2DV8knILwSi, 1970-01-05 14:57:40, 1970-01-10 05:55:05
4463, JkejUbTAohH78gvBHx9C, 1970-01-16 22:45:15, 1970-01-17 15:44:05
4464, rki7o6IOBV0QGxVsnq1p, 1970-01-05 01:09:41, 1970-01-17 02:09:23
4465, bBo4WNAeq7xma16Yhv94, 1970-01-07 18:09:19, 1970-01-14 19:58:27
4466, ajqq2E0pa2F9taPDnFdz, 1970-01-11 05:21:05, 1970-01-13 14:32:20
4467, mp5yAH7ORTWd9PMXJf4B, 1970-01-08 19:41:27, 1970-01-14 15:34:08
4468, VI7AiNneb1hM63taEN1d, 1970-01-12 00:56:36, 1970-01-15 02:59:25
4469, s7hwWSGv523k6MAK06rD, 1970-01-14 00:34:18, 1970-01-15 03:52:35
4470, bOsPANA2QFNDb5N2LGp6, 1970-01-15 14:54:14, 1970-01-17 06:30:06
4471, nL85alvV9mygeGZ6BJEF, 1970-01-03 18:10:26, 1970-01-15 16:04:29
4472, v7l2qih28UKMm2aXOqAP, 1970-01-14 03:52:20, 1970-01-16 17:34:50
4473, 42a9sFUfQ4uTqqACpuf1, 1970-01-17 19:56:29, 1970-01-17 23:47:22
4474, O0iZADXpNlri2Hmhm5nP, 1970-01-14 18:50:27, 1970-01-17 14:15:29
4475, 4ST0fH1fcTtDuwWlYGMA, 1970-01-04 12:09:45, 1970-01-15 08:08:15
4476, LU54Bvd9ZbcitFWJrzjc, 1970-01-08 15:35:22, 1970-01-10 23:52:59
4477, SODEDMW30hLn4xxSCX4q, 1970-01-12 17:28:48, 1970-01-18 05:55:36
4478, kxf8e5BaDamkjAoZmhti, 1970-01-14 13:51:37, 1970-01-17 06:20:42
4479, pWH5Rovr8rVLMYwcnlqj, 1970-01-06 06:22:23, 1970-01-09 15:39:09
4480, DZP5F1wOlk1WwVSV2Z66, 1970-01-15 23:52:40, 1970-01-18 07:25:17
4481, teZvyLRePaJoItsnrvjn, 1970-01-16 15:55:57, 1970-01-17 22:15:50
4482, x5qPE2dl8FPRREHSD2Ib, 1970-01-12 12:03:05, 1970-01-14 20:52:17
4483, MfVdtCNRCOuJqBzNcqT1, 1970-01-13 20:47:39, 1970-01-16 10:49:31
4484, DHqAVOav7Dn4bBpkNccZ, 1970-01-07 11:35:01, 1970-01-13 11:25:22
4485, e7HrAkt5zJ2lp6bhRD9e, 1970-01-06 20:27:57, 1970-01-11 05:49:28
4486, enBxJEYh0Kx9PzRQYM3L, 1970-01-14 22:10:38, 1970-01-15 20:34:40
4487, 05LuSqhFK46G2XbjCAHf, 1970-01-05 02:42:25, 1970-01-14 03:09:36
4488, hgZFwYYRKjDEBm1YiZyE, 1970-01-10 18:42:58, 1970-01-12 22:30:35
4489, Y7l0ehoo36XLbJgF41Fb, 1970-01-08 03:44:40, 1970-01-13 16:10:26
4490, 8zlBOAp6Bv7AMwMXq7K1, 1970-01-16 14:58:09, 1970-01-17 05:46:59
4491, h7j70cEqLtYivziL5ENp, 1970-01-11 16:26:12, 1970-01-17 21:21:12
4492, IWFRvmbROL4Wk7MVKKP7, 1970-01-10 19:10:46, 1970-01-11 02:49:38
4493, PzdQUPI5gvRiFZN9iIbH, 1970-01-13 13:42:56, 1970-01-17 05:20:24
4494, 1pXFKw8HFHaJKGeN2ITv, 1970-01-17 10:32:43, 1970-01-18 06:52:55
4495, PLTVepJvnnQUsI9Wwb76, 1970-01-18 01:07:01, 1970-01-18 07:04:40
4496, d1U4CmPnW6lD9AQEThrq, 1970-01-07 21:11:34, 1970-01-14 14:37:00
4497, WQwUpswkdX8QilPyOv1h, 1970-01-04 13:47:32, 1970-01-06 22:39:58
4498, vtAokL3lG7RMZr6ToL8o, 1970-01-15 11:20:13, 1970-01-17 06:44:04
4499, t8WYh6UOPBnPlFPR2GwZ, 1970-01-05 07:00:14, 1970-01-18 07:13:14
4500, Zg1G3vwuaYbRBIXcVsGa, 1970-01-04 07:47:13, 1970-01-05 14:23:15
4501, 7ZBJM8PFpFhGvlaYkEJs, 1970-01-10 01:35:14, 1970-01-16 18:04:45
4502, N57brS9DfY9JIKH0KBLO, 1970-01-08 11:26:57, 1970-01-14 23:53:03
4503, ZYrVy5i4xDehw8Lou12f, 1970-01-17 11:47:39, 1970-01-18 07:54:45
4504, ZdVBXcaOU53Nq22LAPSs, 1970-01-02 15:47:07, 1970-01-16 10:22:01
4505, UHHDaJtj1qHxhx97T7HA, 1970-01-10 01:03:02, 1970-01-17 10:09:15
4506, OqbAw3kKGnHtqwJzgeHc, 1970-01-17 10:30:19, 1970-01-18 07:39:38
4507, FCfTRPU0OGrFGT1wbfVG, 1970-01-04 14:48:15, 1970-01-16 08:18:41
4508, y2IzWRfKDDGI7thS3oE6, 1970-01-06 19:41:58, 1970-01-11 01:02:00
4509, gNkAmrWG92GtVIqZJRby, 1970-01-11 06:36:56, 1970-01-18 00:53:50
4510, uyLshOkkVQ97TZ1s01i1, 1970-01-11 06:43:36, 1970-01-11 08:27:03
4511, Va6qSlkxNqnzvqE8En94, 1970-01-17 10:04:09, 1970-01-17 14:35:40
4512, Rekg7kBJ88AAOw0weh5M, 1970-01-09 09:30:25, 1970-01-14 05:29:03
4513, uidOJuR2VlZWes51mCR2, 1970-01-07 13:50:35, 1970-01-16 18:47:14
4514, ZQBR9YmDijfQDA7jWXCo, 1970-01-06 16:30:56, 1970-01-15 08:08:16
4515, A1KamaWomiLNamjmDG89, 1970-01-15 10:19:45, 1970-01-15 20:35:52
4516, Y1WF3sNKRE4WYVQJuMsK, 1970-01-17 04:44:49, 1970-01-17 11:34:14
4517, nTWLfDs2nlroifv1yCEn, 1970-01-07 18:47:05, 1970-01-08 00:54:56
4518, CxwpctKcPR4uWNO3XltN, 1970-01-16 13:56:44, 1970-01-17 22:12:01
4519, 1ttmfbn1yjyO4vc4lTHP, 1970-01-10 22:47:45, 1970-01-16 21:41:00
4520, bAqPqQDH6wZxzQ9msvKP, 1970-01-13 17:54:05, 1970-01-17 20:22:58
4521, ATiFYjqa4jgDUWnnspX5, 1970-01-05 17:10:31, 1970-01-13 01:10:18
4522, 4XmsY2vU7n4u5PiyjdG4, 1970-01-14 15:26:11, 1970-01-17 23:50:12
4523, a1nuaeFgokGUMdSSUynh, 1970-01-10 16:08:57, 1970-01-18 02:51:14
4524, t57yhpmU24iLKYFssbXx, 1970-01-16 20:22:08, 1970-01-18 04:27:29
4525, iC7ouFMhQzBhsVIkMzlH, 1970-01-17 11:01:41, 1970-01-18 01:12:37
4526, 57RhfDfItab4hR21RqCg, 1970-01-13 02:45:43, 1970-01-17 13:41:58
4527, d3t1VWs0UUA1Nc4k6IF0, 1970-01-12 10:54:27, 1970-01-15 20:59:03
4528, uNliMDX4D3RKnZ0wbVuc, 1970-01-02 07:37:44, 1970-01-08 23:33:05
4529, s4zBHjCAUsSoVPWzarB1, 1970-01-11 22:48:10, 1970-01-17 00:28:36
4530, J25OOD6J2LzjTczzY2IY, 1970-01-02 16:42:55, 1970-01-06 03:51:29
4531, kawhA2igASa5RVrWNUYK, 1970-01-11 06:32:55, 1970-01-16 07:22:16
4532, S7BpwDKFl8hTXKwJqm6G, 1970-01-02 08:15:08, 1970-01-09 17:19:14
4533, fwGQf3UuIDKiaf6KL1rk, 1970-01-09 16:55:50, 1970-01-15 23:31:09
4534, yRBUqsQvpubJfC7bB8WF, 1970-01-12 18:14:55, 1970-01-17 19:44:41
4535, 8S34Ik5pzRIcLBe7Ai89, 1970-01-17 23:44:27, 1970-01-18 03:54:00
4536, 999aCQkubWbWc0CNRKJG, 1970-01-04 09:21:58, 1970-01-11 09:57:45
4537, jqEGYbhWPFA3NWTcdyiw, 1970-01-13 19:34:54, 1970-01-15 00:31:10
4538, eq2bQAYPY0Ks2oi5DRXS, 1970-01-13 02:23:27, 1970-01-16 16:55:33
4539, FyM7TOHJdr4RF9Epp2IO, 1970-01-14 14:05:26, 1970-01-15 16:28:32
4540, 04gZeL4AUCUofW51sPcm, 1970-01-12 05:46:58, 1970-01-14 04:13:00
4541, kr4tXHzFkGCa43ylXaI3, 1970-01-17 19:59:11, 1970-01-18 01:00:02
4542, hcbfWN5VWSbNqYwJSvnI, 1970-01-08 08:22:59, 1970-01-12 00:32:42
4543, jgiHfHJ3ZfjAQYflhBsK, 1970-01-05 21:09:00, 1970-01-07 11:46:08
4544, UG8Egd5m0sOAUAMfwLsd, 1970-01-10 16:38:41, 1970-01-11 20:21:44
4545, GVj0xNAoCA69JN7hhGcg, 1970-01-17 04:30:20, 1970-01-17 23:10:15
4546, bDSy0qSvIK3XxUaCLlWu, 1970-01-13 06:31:05, 1970-01-14 00:23:27
4547, dqKRrlWCtVthD3lBbBPG, 1970-01-14 14:10:59, 1970-01-18 06:32:52
4548, X47Wr7xbTP7P66JMwxQw, 1970-01-18 03:38:24, 1970-01-18 07:12:12
4549, whCyvwCjL3SrOsnaHJ98, 1970-01-16 00:10:55, 1970-01-17 21:18:26
4550, 8ygxDfEKuHAZJ8TGAy1y, 1970-01-06 01:31:52, 1970-01-14 06:41:35
4551, 4v0fUonBZqhfCMuxlELP, 1970-01-04 10:01:32, 1970-01-15 07:52:59
4552, nX49KeeptLt6WGEzcqGX, 1970-01-10 03:05:39, 1970-01-11 18:17:18
4553, lIZqKsP6Z3Fcx0VB6R1Z, 1970-01-13 13:21:52, 1970-01-17 11:47:44
4554, DGmql7VJ0tCERiMarlkl, 1970-01-11 14:02:03, 1970-01-17 04:19:55
4555, hIW1noLb5ZhR8jw4QBm8, 1970-01-17 00:15:02, 1970-01-17 05:59:30
4556, 2df1nnYES0uo6YGcK5xh, 1970-01-13 14:58:17, 1970-01-16 16:02:08
4557, j3Z94Vu4bxpu0WwjPVtQ, 1970-01-12 20:30:57, 1970-01-14 09:04:02
4558, 275j2O1cA5DqA4mGeLPv, 1970-01-09 18:20:48, 1970-01-17 07:29:19
4559, fL1PoKgJMHCdzDYgGJjY, 1970-01-17 05:44:44, 1970-01-18 04:31:16
4560, jXSFqBQebaOch8jO1qmd, 1970-01-10 20:38:38, 1970-01-16 22:31:28
4561, afvWVHp4iRxmzacuGtro, 1970-01-03 13:28:24, 1970-01-16 18:22:17
4562, QWCRlCJngpVAD4Oy3zxl, 1970-01-12 12:55:27, 1970-01-15 14:45:43
4563, hgafGgPvajqTiibmfKw7, 1970-01-17 09:32:02, 1970-01-17 17:29:23
4564, sXeVTl1Bf2lhZ37qLP2m, 1970-01-04 17:05:50, 1970-01-17 15:37:20
4565, GTASsWOtal5dOho7qsdk, 1970-01-13 12:05:31, 1970-01-14 18:27:29
4566, T0enCa0LYKHXB5yqY5G0, 1970-01-17 22:41:18, 1970-01-18 06:20:31
4567, bAJeDXkW2lMkdQzb1wGa, 1970-01-05 13:29:06, 1970-01-18 00:53:05
4568, CvkXcHCxgT20G9BNAPHT, 1970-01-05 11:58:08, 1970-01-09 09:18:54
4569, 3KE18jRahqLTZz0EGJHM, 1970-01-14 05:11:25, 1970-01-15 04:44:37
4570, pJ7xPwpCPr0bTclX3YBh, 1970-01-05 06:57:52, 1970-01-13 08:35:38
4571, s4sXclYrHgGbPXN3NQK5, 1970-01-14 16:18:14, 1970-01-15 05:13:59
4572, 8RqrGxqMFoomg21cX8bf, 1970-01-09 12:03:23, 1970-01-10 15:20:22
4573, JtclNFulwur8T2oaf215, 1970-01-06 06:26:58, 1970-01-15 13:03:02
4574, h3cGTuiBe98MUBSXTIj3, 1970-01-09 20:14:26, 1970-01-17 17:52:48
4575, 2ZkG1rGxKfGvlRnAb4ch, 1970-01-08 19:52:54, 1970-01-16 22:19:06
4576, OA0CpIXkKAAvUJM7kZax, 1970-01-08 18:20:44, 1970-01-15 15:41:06
4577, WTuElthMEvQNCquZ3UnX, 1970-01-09 02:41:37, 1970-01-11 06:00:51
4578, Ss7tbSULhHYt7zCNPVuv, 1970-01-16 09:16:53, 1970-01-17 10:40:57
4579, qixU4JFdT12pDBjEyPMY, 1970-01-03 02:27:08, 1970-01-13 12:30:42
4580, WXXahBMByczBaOoQzJ0x, 1970-01-13 13:03:18, 1970-01-17 03:42:48
4581, YcEfwL47zVj7jst4FQ36, 1970-01-18 02:10:08, 1970-01-18 02:22:58
4582, rBNZD4gslCg8XZmSXfjx, 1970-01-17 05:35:57, 1970-01-17 18:13:44
4583, 3JxwoST02ruQowTbkmmJ, 1970-01-16 23:12:02, 1970-01-16 23:30:05
4584, BJvn9A9TZSMEZZ9YrBUM, 1970-01-14 23:49:02, 1970-01-16 20:51:48
4585, cPWB5PFZMF6t33K00Szm, 1970-01-11 01:36:58, 1970-01-16 19:11:17
4586, PnjCQFaSRykVfzmHxQn8, 1970-01-06 03:54:39, 1970-01-11 07:10:51
4587, VK6Ktqmn3E3O3v0ScUwP, 1970-01-06 18:11:43, 1970-01-07 15:17:15
4588, c4lTelsg3deu3PfpQNgU, 1970-01-08 01:33:32, 1970-01-13 09:49:56
4589, ekqvvnxHnpPrdV2Ic0va, 1970-01-04 17:39:46, 1970-01-13 11:14:37
4590, H73f4E0fm9Fc5JBPcGXR, 1970-01-14 00:25:46, 1970-01-17 14:02:08
4591, QSo9algjO22EH0cb9Qd5, 1970-01-07 09:36:18, 1970-01-12 07:18:18
4592, H8TWALuqV5TiJulqSzqH, 1970-01-13 15:28:39, 1970-01-14 23:20:04
4593, DZpVSy1MpdnaKLhIfqqk, 1970-01-02 13:30:53, 1970-01-02 13:45:55
4594, 38fDaJbzMZykJhsgOSaD, 1970-01-05 11:43:28, 1970-01-07 04:02:38
4595, 5oVHYP03Cf4GC19tB5T2, 1970-01-06 12:58:46, 1970-01-12 16:13:07
4596, EIWnBnO7kXnnLaavmKGu, 1970-01-13 09:27:17, 1970-01-16 08:23:18
4597, nTJmhclhTHhS54qcVkgg, 1970-01-07 23:29:00, 1970-01-12 08:17:42
4598, dNb0Oq14R6HBGn2xUXny, 1970-01-15 00:45:11, 1970-01-17 09:19:18
4599, KFD6loED6PmpxEKMu1HE, 1970-01-15 08:31:12, 1970-01-17 16:33:56
4600, rWz1wjHV8NRvgOheQpUa, 1970-01-03 23:30:17, 1970-01-13 02:34:31
4601, tEUcOHgav9X2WH5FZYQe, 1970-01-08 15:41:27, 1970-01-10 12:38:34
4602, Ivcm0NcdJH5tGeUksjvs, 1970-01-09 15:16:29, 1970-01-17 22:51:42
4603, 033e3RjdF4mfkyropBrG, 1970-01-16 08:16:48, 1970-01-16 17:35:55
4604, auqWkrrNOSYOGWIC5pyG, 1970-01-18 07:29:59, 1970-01-18 07:55:37
4605, dNgwFMGLxoeaiRWNyTX7, 1970-01-06 03:38:56, 1970-01-14 16:14:34
4606, bCfgT0THdnZHlQasbih8, 1970-01-09 17:38:34, 1970-01-11 16:38:11
4607, 5M6wJP4glCCJHil1i8F6, 1970-01-17 21:20:44, 1970-01-17 21:31:16
4608, UdGQ917HhczOJxskk2DW, 1970-01-09 05:20:29, 1970-01-17 06:02:57
4609, U3cGC1GVPvwpKD3JxxJi, 1970-01-10 10:23:39, 1970-01-17 14:54:16
4610, XTT0BUsmXJvGQMVHbBFD, 1970-01-03 01:34:26, 1970-01-12 08:12:35
4611, ka7sOF29WVQtIX4udtZg, 1970-01-07 02:46:41, 1970-01-18 01:40:41
4612, 21ojzpvlaHjuB4eLzW6u, 1970-01-08 15:43:13, 1970-01-12 07:40:08
4613, 2zd9ACz10bfndnZE6uDp, 1970-01-02 20:59:34, 1970-01-07 22:23:40
4614, 6DXRhkWT368w2j20jv9k, 1970-01-16 01:41:26, 1970-01-16 03:49:01
4615, MsX5yqduTANkSbclbrpu, 1970-01-15 17:24:11, 1970-01-16 16:51:36
4616, eb4hQ8RIkUEtaiwM9tMV, 1970-01-10 19:57:05, 1970-01-15 10:01:59
4617, tCsL5WohQon87LsU3vGz, 1970-01-11 10:06:32, 1970-01-18 07:01:38
4618, AJ8XQsIBcUrcrqewQmuF, 1970-01-03 05:17:04, 1970-01-04 04:00:36
4619, CkNceI49us4xkhSFm5qq, 1970-01-13 06:29:57, 1970-01-13 18:14:01
4620, PwvD1MU12APeHM8jyvAj, 1970-01-16 03:56:12, 1970-01-16 19:39:54
4621, SGz8OLelaY8QkReTFtVK, 1970-01-15 16:26:48, 1970-01-18 04:57:33
4622, 0ttc1BxAbEUtYmlAV5bX, 1970-01-13 20:05:21, 1970-01-14 14:04:01
4623, slaO63bnZ4fCmcKcHcpZ, 1970-01-17 13:56:35, 1970-01-18 06:40:02
4624, ybPZz78v6wWF6W4L6yhh, 1970-01-02 15:39:17, 1970-01-09 01:59:41
4625, o9Cv5kUGuPwYdLYZS2CV, 1970-01-02 13:40:27, 1970-01-03 01:10:47
4626, ZnCUwXkDUptLD8TdDk8a, 1970-01-16 09:09:10, 1970-01-17 05:59:36
4627, v3FnYPQwnUPv2qzI5IDq, 1970-01-18 07:45:28, 1970-01-18 07:52:24
4628, cETyevwPtyWJBoNZuptg, 1970-01-14 13:58:59, 1970-01-17 05:02:17
4629, ApPfaKFkD4Xr7GST2Cup, 1970-01-11 00:22:16, 1970-01-17 05:04:48
4630, MmhQ4ncl8T4lrRlgbL84, 1970-01-08 08:37:48, 1970-01-12 02:05:04
4631, VZmGuk3CyD1KAfJyEdCl, 1970-01-05 12:20:11, 1970-01-05 20:32:33
4632, Mvd6oNSXqfi9FVTIlj4J, 1970-01-15 18:48:00, 1970-01-16 22:12:20
4633, PGPcox2frvKP0pMhkPId, 1970-01-05 12:17:18, 1970-01-11 08:37:05
4634, zgEzDLXkdOURpsTDq10w, 1970-01-09 18:31:44, 1970-01-13 04:17:56
4635, 3F4wum498oDxsWzwzsdW, 1970-01-12 06:39:35, 1970-01-16 12:10:42
4636, CRCwnJNOXsKD2wG1dVUB, 1970-01-10 03:33:10, 1970-01-14 09:58:49
4637, RcbdSz5W18jMWXDhW7Ec, 1970-01-05 18:43:45, 1970-01-08 13:06:22
4638, gY1RxHJS6EgwKUplBxC6, 1970-01-17 02:50:14, 1970-01-17 12:39:31
4639, 0h5iDKzobh50pzfXwpsj, 1970-01-15 18:54:19, 1970-01-17 21:00:46
4640, d5Y3PhmfFNNIXLkogTRw, 1970-01-13 15:53:59, 1970-01-18 02:13:14
4641, MsX364MljPj9ZirTOHkk, 1970-01-06 20:31:11, 1970-01-15 23:56:20
4642, Ht2jPTpcbBV2aJPif0tE, 1970-01-11 03:36:41, 1970-01-15 16:42:45
4643, DdLA3LZF8yfMiPV2Ar7b, 1970-01-13 22:41:05, 1970-01-17 18:46:50
4644, CN2FiERYTX03GUR51eUl, 1970-01-05 17:43:24, 1970-01-12 11:11:41
4645, XNfXeWXLitWVw8amYVbR, 1970-01-05 15:34:22, 1970-01-11 08:57:05
4646, asjzjJ9F8uPIRidXaNUY, 1970-01-04 11:07:03, 1970-01-08 19:44:28
4647, uT4MTyaFEp4NnGgo4mUg, 1970-01-07 17:31:14, 1970-01-10 15:18:55
4648, xTQRxzloeWe1eEvyb0cv, 1970-01-11 09:49:03, 1970-01-13 06:55:22
4649, eo03aJDLgjKovtXWoS9W, 1970-01-16 00:11:18, 1970-01-16 06:58:21
4650, HGSwxcNGaeCShVb8zBnY, 1970-01-10 01:40:59, 1970-01-16 10:54:25
4651, kAC6TuMRAM6ofSUyYOKe, 1970-01-18 02:50:43, 1970-01-18 04:12:54
4652, 3jpGGq9UGMvB6MwhiXrN, 1970-01-14 12:40:12, 1970-01-17 00:36:53
4653, b5lgfZyt3HQWciK6d56u, 1970-01-04 22:01:48, 1970-01-07 07:26:56
4654, ezlG6aWYbtgdqcHvIuXI, 1970-01-07 14:04:09, 1970-01-09 07:05:25
4655, i0fGhKmowYWmsnzBclyD, 1970-01-17 13:03:42, 1970-01-17 20:01:52
4656, degJ9PvW5c7t2MNAR2lI, 1970-01-13 07:04:45, 1970-01-13 22:59:13
4657, PjeP9woGEztQ7fEShnEL, 1970-01-10 02:53:07, 1970-01-10 11:35:54
4658, S9WCs7aj39xWUM5tyb91, 1970-01-13 23:21:06, 1970-01-17 00:22:16
4659, coWbaQmu6zLER2kjhyep, 1970-01-09 19:55:50, 1970-01-10 03:13:45
4660, 0eJVJnpOlzqJ88bU4Noc, 1970-01-05 20:41:17, 1970-01-10 05:58:07
4661, vvFnqsNJJTCf2NUBS9XC, 1970-01-09 22:57:15, 1970-01-10 23:30:32
4662, InL5D8FvpAQrW99zy7gp, 1970-01-14 09:35:36, 1970-01-15 19:29:59
4663, 917uXBIFx05D1dhuTUA6, 1970-01-14 11:12:35, 1970-01-16 08:31:34
4664, zpelQ4NxH1tbBZ4QZonI, 1970-01-14 19:03:02, 1970-01-15 01:52:51
4665, zJofRxFY3mRpFxiAcSwf, 1970-01-05 23:33:16, 1970-01-18 06:10:36
4666, 3J7uQDVEyuDBcuEcIQJu, 1970-01-14 08:51:03, 1970-01-16 23:23:11
4667, x9dMcpg0AvAIzPReHpJR, 1970-01-16 00:12:37, 1970-01-17 20:00:29
4668, LR1o0UMFaPYuuD24K2Wy, 1970-01-04 12:01:14, 1970-01-14 09:20:07
4669, AOUafuLktlw5bE1XmofK, 1970-01-12 23:47:46, 1970-01-18 07:37:55
4670, m5glueWo3AfIKRcQCAYU, 1970-01-02 21:20:25, 1970-01-14 11:36:49
4671, AORhcZn6XBNvRDq9wuDg, 1970-01-09 22:47:27, 1970-01-11 00:13:01
4672, NNPiat9QoD2ct93ubCpH, 1970-01-12 02:01:34, 1970-01-13 01:00:49
4673, r6OJ6ycPeXBT7O4m94y2, 1970-01-06 16:40:05, 1970-01-10 05:22:24
4674, 0YlHEQzeozVzB4nAifHg, 1970-01-06 17:57:55, 1970-01-12 21:00:43
4675, npgs41LKFfoKYDZSQcNi, 1970-01-13 20:55:42, 1970-01-13 20:58:08
4676, i0vIend7GY5gCqetViNu, 1970-01-09 02:30:04, 1970-01-16 01:36:12
4677, LOpty0uCIdQeTly8o6we, 1970-01-13 00:42:49, 1970-01-13 08:32:20
4678, 69MaanPYdgjKqT8rXXUJ, 1970-01-16 21:51:20, 1970-01-17 19:36:42
4679, jL7pmbSQIQ3wW6tP47Bg, 1970-01-02 10:15:36, 1970-01-14 22:23:00
4680, 7IBbw72tRPtVirHm6mLa, 1970-01-08 18:15:16, 1970-01-17 18:07:01
4681, iwpjPqYNWvdlqDEQvPLU, 1970-01-09 11:44:32, 1970-01-15 13:27:39
4682, MAbX0PBOL08WyLC86aJl, 1970-01-08 09:06:22, 1970-01-12 22:41:20
4683, tRsx586c8K4JqzAOLZJ9, 1970-01-02 21:25:13, 1970-01-05 02:06:39
4684, zgjLwKGbuuPL6SqSz6it, 1970-01-09 00:10:58, 1970-01-15 23:07:01
4685, 8bmUxt7K7N4H9N73zG7C, 1970-01-02 22:42:49, 1970-01-13 15:44:53
4686, Jk8BqWBScRiyWLGEatqn, 1970-01-11 23:37:13, 1970-01-17 09:46:42
4687, AkVFBMHa0dJYZGPZFXTq, 1970-01-07 11:13:06, 1970-01-18 05:34:46
4688, 9h62waCGHOefHKQrDQ45, 1970-01-03 08:04:43, 1970-01-14 05:07:37
4689, 0HdWQ0qu06oDpMXuqsaE, 1970-01-06 02:01:41, 1970-01-08 07:53:07
4690, ZaSx2NFrpe9rckjVegSk, 1970-01-11 08:06:02, 1970-01-15 18:18:37
4691, 6rZi11DufAXIVnMKosmY, 1970-01-04 04:14:17, 1970-01-10 17:10:31
4692, KAPfenW9TcGZiI2gi9q3, 1970-01-04 13:58:54, 1970-01-10 17:53:58
4693, aWNlrqF85OfeLtKE0sgz, 1970-01-08 09:20:09, 1970-01-14 23:36:15
4694, T7yJASsgSPDDqtYDfxL8, 1970-01-07 22:10:16, 1970-01-12 16:25:05
4695, GBT0Hna09Xit2mTJmZnJ, 1970-01-02 17:33:39, 1970-01-04 17:24:45
4696, yIgc99IqNhbo3JzDVO8r, 1970-01-17 05:29:50, 1970-01-17 06:14:51
4697, WfymLLxbrJ7Uph3EoDNL, 1970-01-15 12:12:59, 1970-01-15 19:50:25
4698, bXDR6LN7ojIRBkvEo9DJ, 1970-01-04 01:15:48, 1970-01-08 13:04:44
4699, fOsyR18bWjhwMjcoE56v, 1970-01-17 14:51:06, 1970-01-17 23:29:18
4700, 2x59HQ3vqcMcb6t13dY4, 1970-01-11 14:53:46, 1970-01-14 17:13:09
4701, EiHa5oJnMlu2j6OPwOoE, 1970-01-18 04:14:21, 1970-01-18 04:24:15
4702, ONwpoRY33puqoHSKH7YN, 1970-01-11 15:02:02, 1970-01-11 15:07:22
4703, GOGBkrTGzPsjYLRjItF8, 1970-01-16 07:17:21, 1970-01-17 06:39:04
4704, crWqSElgi1Ws8Sm84lW6, 1970-01-06 23:19:35, 1970-01-15 05:43:30
4705, z7Kx0x73v761aKVGYpFh, 1970-01-09 11:53:11, 1970-01-14 17:20:07
4706, l8pDvWmbpaWJSiqgR9Fk, 1970-01-14 21:49:47, 1970-01-16 10:03:28
4707, McHdAzXZPpxyy97rD56e, 1970-01-06 07:13:13, 1970-01-11 05:34:54
4708, Wq3ZPjbC2epylY5WFoJr, 1970-01-07 08:42:54, 1970-01-08 18:46:06
4709, qWZMstrNvf1TsViRZeZt, 1970-01-08 14:33:55, 1970-01-13 06:57:14
4710, 0ouURICZliaLK2kWLCwP, 1970-01-11 03:46:36, 1970-01-12 15:38:29
4711, i9olA3TUu6p4t33hSmjD, 1970-01-03 15:44:26, 1970-01-16 18:18:56
4712, NppikLvoVpmSPpFQVvv3, 1970-01-13 09:58:50, 1970-01-13 17:10:24
4713, do3C2lmipDEXvXi9OnAf, 1970-01-04 04:12:41, 1970-01-11 21:19:52
4714, T69H5Qn3btYA6FYvrZhG, 1970-01-03 05:11:23, 1970-01-12 20:53:40
4715, pkJGMw2ZvLoPoOnadqau, 1970-01-05 07:33:00, 1970-01-12 03:59:01
4716, o6xdRvBtYhdEBdg9kujc, 1970-01-11 07:07:42, 1970-01-17 03:53:26
4717, nrzSfNj8X6oYzwOI1ebi, 1970-01-12 17:32:35, 1970-01-13 00:44:42
4718, UU6A5jG49Gr9gzTxbJhg, 1970-01-13 09:53:27, 1970-01-13 23:55:14
4719, chgacfuyLyB2BEPGWl1u, 1970-01-18 00:17:32, 1970-01-18 06:22:12
4720, X4MJTn4vaK7YDxBGtFUA, 1970-01-17 04:17:17, 1970-01-17 17:00:10
4721, qmnnKr3UxweiucOJEGAp, 1970-01-03 06:04:55, 1970-01-03 07:01:37
4722, oFy2gFEgmI42IT7pDzEp, 1970-01-07 22:26:50, 1970-01-15 06:31:34
4723, RPLssQESaV4VoPsTiyek, 1970-01-10 18:32:03, 1970-01-13 11:37:30
4724, GlptvuN85KrIHtjb7qHX, 1970-01-18 06:50:46, 1970-01-18 07:40:22
4725, 7cgTwN8viKpXN3uKoWdx, 1970-01-05 11:25:19, 1970-01-15 21:06:57
4726, WkqaYKbfW2A0exNlFJea, 1970-01-02 13:48:33, 1970-01-13 23:28:16
4727, HqYMMwgBh2UPxCzJQgoX, 1970-01-15 21:47:09, 1970-01-18 01:04:45
4728, ppkDHEevQfFayoikdxVw, 1970-01-06 21:36:48, 1970-01-12 01:48:10
4729, AuHpDecldU6i6PTiTvbl, 1970-01-09 07:31:40, 1970-01-14 11:04:11
4730, CQ250VIcPkwnWwn4Kc5w, 1970-01-16 20:08:26, 1970-01-17 16:20:39
4731, G5yadbjP7oiWwdkxe46z, 1970-01-13 04:32:34, 1970-01-15 20:38:53
4732, yvx04kFrZQPn1pUGQE9j, 1970-01-02 12:36:53, 1970-01-14 08:06:17
4733, 4V6hzfpLhz4GSnOg1EFi, 1970-01-03 13:53:17, 1970-01-16 21:57:56
4734, 4eUK9ktUVkI8rlBEyUQf, 1970-01-14 22:36:02, 1970-01-15 13:17:50
4735, zB9KGL9MXSic2cWbNW5E, 1970-01-07 20:50:19, 1970-01-14 23:48:58
4736, Kjxk71ug7unqksa4qXH7, 1970-01-02 18:19:04, 1970-01-16 07:17:22
4737, P88IcMZJPEJyMpRCsTmu, 1970-01-02 14:39:30, 1970-01-08 18:50:34
4738, 8AIdTEz0VHa1PsCPLwoD, 1970-01-15 20:42:58, 1970-01-18 07:53:05
4739, C01p4EQelkOgCrme5Q8G, 1970-01-15 13:27:44, 1970-01-17 13:08:41
4740, 3ER7VocQiLw6lKowzWXz, 1970-01-11 11:13:42, 1970-01-12 01:23:51
4741, STKTcvfv6KcrBrDiey0L, 1970-01-05 06:28:08, 1970-01-07 14:54:29
4742, F6TZFs8VxKjtfBh1nBbT, 1970-01-06 21:17:00, 1970-01-10 12:03:50
4743, tSuLdmhyZM107MpGgLYd, 1970-01-06 14:46:14, 1970-01-08 06:20:24
4744, 6iQ1F96nZM6jk6G9Pt2S, 1970-01-10 13:31:46, 1970-01-11 03:05:45
4745, OVotiwKlBeGSLZgcLITS, 1970-01-07 08:47:28, 1970-01-16 23:39:01
4746, 3usXrocnFWVjgvlkkE75, 1970-01-14 23:49:00, 1970-01-17 23:54:28
4747, V7UXMKX2rfEQoDSXAATz, 1970-01-03 22:16:25, 1970-01-06 22:23:29
4748, MZJIJtAAw3RDzOJWFoP6, 1970-01-11 18:35:25, 1970-01-14 05:31:24
4749, p9AnAxIKCzB60OtN39ga, 1970-01-12 22:18:06, 1970-01-15 00:23:12
4750, jlbeOYrycwInqTIwLCfa, 1970-01-18 02:37:54, 1970-01-18 06:49:24
4751, H68WFFXWISlZi2Zi16cL, 1970-01-17 15:44:37, 1970-01-17 16:22:31
4752, NI56lpZEBkfUZUuv6Qku, 1970-01-10 11:07:38, 1970-01-15 05:58:25
4753, sfAX3nH02dh9KtPazQqV, 1970-01-04 13:06:44, 1970-01-07 00:37:35
4754, cIjwVVgGTBcT6Q1SKrlX, 1970-01-15 21:16:39, 1970-01-16 11:29:14
4755, U0OrcOrCarw1qBdIdXO7, 1970-01-12 09:15:35, 1970-01-13 23:23:00
4756, nIfnXnHDYDgYNTSw5dti, 1970-01-03 05:57:38, 1970-01-08 22:29:45
4757, vVmXxw3UeCEWdLTFGzWO, 1970-01-15 16:46:26, 1970-01-17 17:03:21
4758, J4EKhr5qUbmjiVY99sXI, 1970-01-11 03:55:34, 1970-01-14 04:01:34
4759, AfAB3SvLtBvLK3INWDrb, 1970-01-13 03:43:58, 1970-01-16 08:15:14
4760, nYbT96tV45Wuiz9p8kTX, 1970-01-17 15:17:58, 1970-01-18 07:28:29
4761, qIPJyPPxr27aIGsGxZal, 1970-01-13 22:39:18, 1970-01-14 22:54:55
4762, kKD4gUpVBssa9kk5ArWu, 1970-01-16 22:28:44, 1970-01-17 22:14:17
4763, Vu4QTbJUicOHuEHQWFOb, 1970-01-11 22:58:01, 1970-01-16 05:31:53
4764, YBywAMegFGAs9WZCKNKC, 1970-01-04 20:00:34, 1970-01-14 00:34:06
4765, UZJ5QHrzRw7fEI3LTxYd, 1970-01-17 20:10:12, 1970-01-17 21:44:31
4766, RktEIbYyfYNB94ci8tfg, 1970-01-11 23:08:48, 1970-01-15 10:22:09
4767, bglmFl3rLDrHynHDnX3f, 1970-01-12 07:15:22, 1970-01-16 21:25:49
4768, lFhUd3J1WtK5MtB1w3CD, 1970-01-03 22:19:36, 1970-01-15 05:56:09