id,order_code,number_of_different_product,received_timestamp,despatch_timestamp,order_time
1,I7NAC4ETMO,3,2019-10-19,2019-10-21,2
2,3HZ56OY63F,342,2019-01-26,2019-02-02,7
3,FXNJJ4EITS,247,2019-11-26,2019-12-01,5
4,8H2CHVTCMY,259,2019-11-11,2019-11-18,7
5,F5M2UT9B4E,330,2019-03-28,2019-04-02,5
6,J6E1W2KZ4J,312,2019-01-03,2019-01-09,6
7,KB2JF77QXX,111,2019-07-24,2019-07-24,0
8,Z14HT9O5J6,43,2019-06-24,2019-06-24,0
9,8I14SCNIQC,214,2019-10-31,2019-10-31,0
10,I9C5XR35K3,70,2019-10-18,2019-10-25,7
11,CJE54RKTOQ,68,2019-02-02,2019-02-08,6
12,1BNT8XM42L,250,2019-11-25,2019-11-25,0
13,I8ZZWFW12F,6,2019-06-06,2019-06-06,0
14,ONED6VWJIB,180,2019-05-19,2019-05-25,6
15,VH4WAFQ1LE,63,2019-04-09,2019-04-10,1
16,KG94SZHL9J,155,2019-03-06,2019-03-07,1
17,AJUINB0M77,108,2019-11-12,2019-11-19,7
18,T6RG7P9FGE,364,2019-08-22,2019-08-25,3
19,9VNU0AGL6L,364,2019-05-29,2019-06-03,5
20,Z0CHXAE6HI,60,2019-10-14,2019-10-18,4
21,NAG6N3Y4MM,194,2019-04-18,2019-04-19,1
22,299R9HS8ZF,18,2019-08-04,2019-08-11,7
23,7KG6RICIE9,377,2019-11-06,2019-11-07,1
24,J463AB8ZIY,409,2019-07-06,2019-07-12,6
25,1EBM8R8ZH1,274,2019-10-14,2019-10-16,2
26,QFWJR946H5,130,2019-04-03,2019-04-04,1
27,TLT1QP3IVK,115,2019-03-15,2019-03-20,5
28,OG7R05FC4C,426,2019-11-04,2019-11-09,5
29,HRJIJ1BI00,153,2019-02-05,2019-02-05,0
30,Q8IBBLC97H,426,2019-04-14,2019-04-20,6
31,ZHURGP885M,159,2019-04-12,2019-04-17,5
32,160SPHJ8L9,256,2019-03-25,2019-03-30,5
33,UJEYTDCONZ,416,2019-02-23,2019-03-01,6
34,7KN9BLO2BF,77,2019-10-04,2019-10-09,5
35,WHTWZLG96C,228,2019-12-05,2019-12-05,0
36,1C5XJ4IA4R,166,2019-06-04,2019-06-05,1
37,J0ZMLTJMSO,148,2019-08-29,2019-08-29,0
38,BPNX7WQW0J,175,2019-06-10,2019-06-13,3
39,79TY7WYZB1,160,2019-03-16,2019-03-16,0
40,5QSZRW63DS,23,2019-06-11,2019-06-13,2
41,5BTU4U7I3A,99,2019-11-21,2019-11-24,3
42,QSYVD8U2SM,1,2019-11-10,2019-11-14,4
43,9F68D6OSNX,385,2019-06-15,2019-06-16,1
44,64A20PXA4P,186,2019-01-21,2019-01-23,2
45,C7BPY2S3CO,107,2019-06-17,2019-06-19,2
46,K66X2IYMWL,154,2019-02-11,2019-02-18,7
47,2HN555V5BR,298,2019-01-21,2019-01-25,4
48,A2XT7DO2DK,427,2019-01-06,2019-01-08,2
49,I894DWKGMR,263,2019-05-06,2019-05-13,7
50,R35QH9O63F,429,2019-10-13,2019-10-17,4
51,6G7BUZKLBX,319,2019-06-14,2019-06-19,5
52,OVSDWN1R06,31,2019-03-17,2019-03-19,2
53,G6UR7M1NIL,341,2019-04-24,2019-04-29,5
54,55A4S6RRST,257,2019-03-23,2019-03-28,5
55,CE7THM5SFZ,211,2019-03-15,2019-03-22,7
56,09HZUQY502,212,2019-10-26,2019-10-27,1
57,WJ0M6HMVVX,314,2019-12-26,2019-12-31,5
58,N8GHDS11CG,9,2019-01-10,2019-01-16,6
59,AFPBPHAAJV,315,2019-07-31,2019-08-07,7
60,H9PU8LE4O2,276,2019-12-26,2019-12-26,0
61,IT20EFMCGN,336,2019-07-11,2019-07-15,4
62,94LYSY0V71,166,2019-06-18,2019-06-18,0
63,F3WWDHQQGD,433,2019-09-10,2019-09-14,4
64,AB6CSP2Q7Q,195,2019-06-26,2019-06-27,1
65,S3TNAGVH0B,423,2019-06-29,2019-06-30,1
66,N0KMYJIYZL,132,2019-12-09,2019-12-16,7
67,BW9QDDTTXX,14,2019-08-02,2019-08-04,2
68,TULSAJS984,8,2019-12-17,2019-12-23,6
69,I0AW2YLIRA,287,2019-05-28,2019-06-01,4
70,HURNW3988H,87,2019-05-30,2019-06-05,6
71,IXBNP04EE0,81,2019-06-06,2019-06-13,7
72,UI4MWG0BQ6,258,2019-05-11,2019-05-11,0
73,DNJP38PTPD,403,2019-12-08,2019-12-10,2
74,XZUGVB01YF,322,2019-01-14,2019-01-19,5
75,TGZ2IOABV0,69,2019-08-20,2019-08-27,7
76,171R7OZ4MF,37,2019-03-08,2019-03-12,4
77,XGZ4Y7JUMU,276,2019-11-08,2019-11-14,6
78,5Q5OC752H6,335,2019-08-23,2019-08-26,3
79,MFZJIZ03HG,390,2019-02-12,2019-02-17,5
80,WG9U3PX0SS,208,2019-06-16,2019-06-16,0
81,3SX6KK1GRU,66,2019-06-16,2019-06-23,7
82,K1HBAAQYAL,214,2019-09-19,2019-09-20,1
83,OQJ2005PDP,153,2019-04-25,2019-04-27,2
84,SO1CF8SNVE,194,2019-10-31,2019-11-06,6
85,TBCTL4L6VH,216,2019-12-01,2019-12-06,5
86,ZTEPB665QZ,91,2019-03-30,2019-04-02,3
87,9TKBDQV523,297,2019-09-25,2019-09-28,3
88,76WE70PVU5,190,2019-09-21,2019-09-25,4
89,BXEFHZOUBW,386,2019-01-14,2019-01-15,1
90,H2BPS7OD5F,114,2019-02-21,2019-02-28,7
91,Q8J5WC798T,343,2019-03-11,2019-03-18,7
92,0CIXOTLOJ8,431,2019-12-17,2019-12-17,0
93,VZQYS6VKKI,241,2019-05-19,2019-05-20,1
94,N1KLOG9VCU,242,2019-06-09,2019-06-12,3
95,SME8DZTWSC,258,2019-03-11,2019-03-11,0
96,MFGE9J34XV,394,2019-05-11,2019-05-12,1
97,Q7FR6DBUZ7,167,2019-02-12,2019-02-17,5
98,H3489LDV7L,89,2019-11-23,2019-11-27,4
99,76HOAVSXM1,308,2019-08-22,2019-08-22,0
100,E1SNVN3K5B,364,2019-01-08,2019-01-14,6
101,X01ZIG0QGK,106,2019-02-25,2019-03-03,6
102,MN5QGAQKHR,394,2019-08-23,2019-08-26,3
103,7OHXBWMY31,93,2019-12-01,2019-12-05,4
104,0QPXI7SKRJ,415,2019-03-19,2019-03-26,7
105,NXNZ5R6DC9,74,2019-09-12,2019-09-18,6
106,5BHA6FGM20,258,2019-02-18,2019-02-18,0
107,5Y0AV3GOFX,228,2019-10-26,2019-11-01,6
108,JH459MTMTO,49,2019-02-26,2019-02-28,2
109,39WNP2UJJ2,425,2019-04-05,2019-04-10,5
110,C4GWZELQKK,89,2019-03-03,2019-03-09,6
111,K8BQ3T0Y43,216,2019-10-18,2019-10-24,6
112,L4FXSNT4PK,430,2019-02-13,2019-02-16,3
113,XZM9Z91BJL,406,2019-04-07,2019-04-13,6
114,BB4N8FUJZX,302,2019-05-07,2019-05-10,3
115,GB7LP29341,112,2019-10-12,2019-10-12,0
116,8DXP0TQF2X,21,2019-10-06,2019-10-07,1
117,HCBQ7VWMNT,294,2019-01-05,2019-01-09,4
118,HQHCLK0ZPG,81,2019-07-17,2019-07-18,1
119,R53ROO7EYN,243,2019-03-30,2019-03-30,0
120,FSNW6AQ0UC,227,2019-10-20,2019-10-27,7
121,C5Z3CAEGZT,259,2019-12-31,2019-12-31,0
122,7BOYHDC4VM,216,2019-02-03,2019-02-10,7
123,A4BUIE3RNF,417,2019-10-08,2019-10-11,3
124,ZCFTB668JT,298,2019-03-28,2019-04-01,4
125,JNQDTONBQJ,5,2019-06-20,2019-06-22,2
126,R2MSEKRBM9,211,2019-07-30,2019-08-01,2
127,TZO23M2DWB,8,2019-04-21,2019-04-27,6
128,3PZ2AO2FGF,352,2019-09-18,2019-09-22,4
129,M7E5BBHRNS,426,2019-05-13,2019-05-15,2
130,KOXFR85K18,222,2019-04-13,2019-04-14,1
131,KEA6ZA282U,293,2019-11-26,2019-12-03,7
132,V70ZMTLI0A,101,2019-01-06,2019-01-13,7
133,7VAU98WEFW,55,2019-04-24,2019-04-28,4
134,FKCCPFQ95W,144,2019-08-10,2019-08-16,6
135,ZK6YAYYC5R,242,2019-01-19,2019-01-20,1
136,8W2GU3DZFU,171,2019-07-06,2019-07-11,5
137,5K9Y9YDN4M,99,2019-12-29,2020-01-04,6
138,2MRDHDRWZI,300,2019-02-12,2019-02-14,2
139,28A5F18HVZ,239,2019-08-16,2019-08-16,0
140,CIR5HZFJ50,280,2019-10-10,2019-10-11,1
141,7S78NAW7Q2,408,2019-12-23,2019-12-29,6
142,YMJCFGHDAK,407,2019-07-23,2019-07-30,7
143,P3M722KV1B,282,2019-10-12,2019-10-16,4
144,XLO2IM5FP9,337,2019-05-23,2019-05-26,3
145,FCFNXZWAT3,310,2019-12-27,2019-12-29,2
146,D4O6PZBLLK,108,2019-06-16,2019-06-16,0
147,ABNIG5SRG4,57,2019-09-23,2019-09-26,3
148,0Q4OWGS2T3,100,2019-11-10,2019-11-13,3
149,2IWM2YUXH6,407,2019-03-13,2019-03-18,5
150,04FBXB6E7X,345,2019-11-09,2019-11-15,6
151,TQ91Z7NQDR,135,2019-04-13,2019-04-17,4
152,J4CFF8B5RW,283,2019-05-24,2019-05-24,0
153,WES90AFA46,183,2019-12-09,2019-12-09,0
154,Z87BNO4TPG,163,2019-01-04,2019-01-11,7
155,440RDDSKQW,297,2019-05-14,2019-05-17,3
156,WE1HV5IBV2,76,2019-09-06,2019-09-10,4
157,IY1SFUK47K,74,2019-05-30,2019-06-01,2
158,4YQHQDE64R,256,2019-10-23,2019-10-28,5
159,0KJZV8BUY3,112,2019-06-27,2019-07-01,4
160,RYOZZZ2AH5,24,2019-02-01,2019-02-06,5
161,IBP1U1BEPX,353,2019-07-30,2019-08-02,3
162,CIROBX0N61,216,2019-04-24,2019-04-27,3
163,0ROWWM8AJM,250,2019-05-17,2019-05-23,6
164,YI271I1BDV,246,2019-03-27,2019-03-28,1
165,UWZ9I5ILUG,381,2019-12-21,2019-12-22,1
166,JDT7CHH9K2,325,2019-07-12,2019-07-17,5
167,0MB4M0PQOW,260,2019-05-10,2019-05-15,5
168,NOKIPE7COQ,397,2019-03-01,2019-03-02,1
169,CO5JYJ81EP,206,2019-07-30,2019-08-06,7
170,FLVPEHYDBX,12,2019-07-04,2019-07-10,6
171,LLB27LOQD0,84,2019-08-31,2019-09-01,1
172,N8VEPNTEFO,97,2019-12-24,2019-12-27,3
173,K9X09LAZOB,327,2019-03-23,2019-03-23,0
174,8TUUYAPVZ7,225,2019-04-18,2019-04-18,0
175,U4126VDRLV,323,2019-09-19,2019-09-20,1
176,CTQ4JPT25L,41,2019-01-18,2019-01-25,7
177,IS4NM2XK1L,415,2019-10-31,2019-11-06,6
178,Z6FJ6RLJ96,119,2019-07-13,2019-07-18,5
179,NXQRLJIQ01,225,2019-09-12,2019-09-14,2
180,GJDTN9O1KF,242,2019-03-23,2019-03-28,5
181,VKJ8OK6JNN,352,2019-03-01,2019-03-04,3
182,JH412Y56GB,303,2019-07-24,2019-07-29,5
183,TWPGAE75KD,20,2019-04-04,2019-04-11,7
184,VXSGQLYVNF,104,2019-06-21,2019-06-26,5
185,LQR8D2IBXS,150,2019-11-22,2019-11-24,2
186,BYS9ZQRR39,29,2019-12-29,2020-01-02,4
187,75ROBZ1ZX4,413,2019-03-07,2019-03-11,4
188,D31MNKAEUV,298,2019-03-21,2019-03-26,5
189,8BX6TUBB5R,205,2019-05-07,2019-05-07,0
190,M9JL4UR20V,148,2019-06-10,2019-06-10,0
191,53PZMCNKAI,265,2019-12-08,2019-12-11,3
192,QJUCTTC69K,294,2019-12-03,2019-12-07,4
193,DB1MR1514M,115,2019-07-21,2019-07-25,4
194,T6TGBA1QKE,262,2019-03-14,2019-03-19,5
195,SJUA179ATE,8,2019-08-14,2019-08-15,1
196,6UVZMJYO6Q,204,2019-03-17,2019-03-23,6
197,2AKGZEX9D5,395,2019-11-03,2019-11-05,2
198,X3PZDKQ1XI,81,2019-05-09,2019-05-09,0
199,6LWH0SHZ42,420,2019-02-03,2019-02-04,1
200,X8JUVI8SKM,290,2019-08-12,2019-08-18,6
201,U79DJZDJFS,62,2019-10-06,2019-10-11,5
202,Y8ZWFJ1T52,364,2019-12-26,2020-01-02,7
203,NZKOTCC2VU,377,2019-09-18,2019-09-22,4
204,KLBNMNVRFL,243,2019-06-29,2019-07-03,4
205,AP932HRYOD,95,2019-05-31,2019-06-05,5
206,YMXHMEPZBE,134,2019-04-25,2019-04-30,5
207,7JUKV36U2F,189,2019-11-12,2019-11-13,1
208,XGQU9FFBDM,403,2019-07-15,2019-07-21,6
209,KLYPIDAONG,299,2019-12-17,2019-12-23,6
210,7GIA1C6FP6,211,2019-10-01,2019-10-05,4
211,C1CSVOHE52,153,2019-08-30,2019-09-06,7
212,KZV33GXTDI,410,2019-06-26,2019-06-27,1
213,0OLT3LT46F,22,2019-11-09,2019-11-13,4
214,X44TAFXM00,365,2019-07-24,2019-07-28,4
215,NM2B3QL79V,139,2019-01-31,2019-02-03,3
216,ZZ0DN2U800,127,2019-04-02,2019-04-08,6
217,LUCAH2CZ1J,222,2019-02-03,2019-02-08,5
218,ATSD43AXK0,434,2019-04-27,2019-05-04,7
219,W2SV0CKKBC,160,2019-07-31,2019-08-03,3
220,RUY3GV914L,239,2019-09-17,2019-09-21,4
221,PS8UC12NQP,238,2019-08-10,2019-08-11,1
222,KSBEY87O1D,2,2019-04-08,2019-04-13,5
223,4GPOABJYJX,349,2019-11-06,2019-11-12,6
224,O4YKMZHQHD,399,2019-06-15,2019-06-19,4
225,N5E3ZAE64L,359,2019-03-15,2019-03-17,2
226,5B7NI52D2W,323,2019-02-04,2019-02-04,0
227,GM23XYEKNA,17,2019-08-07,2019-08-14,7
228,UZYN0NVSRL,272,2019-11-14,2019-11-19,5
229,5Z99UGT7M5,160,2019-05-09,2019-05-16,7
230,D3082M1AI6,127,2019-01-08,2019-01-13,5
231,OFLPUZYLJS,30,2019-09-10,2019-09-17,7
232,KGTJ0CXTD7,246,2019-05-12,2019-05-18,6
233,K9KEVQ2IZA,375,2019-09-27,2019-09-28,1
234,BESKZLUKOO,236,2019-07-31,2019-08-07,7
235,QUGMEQ7AZZ,267,2019-08-17,2019-08-22,5
236,6CC9OT91IG,371,2019-03-14,2019-03-17,3
237,NL9JU7T9CU,70,2019-05-31,2019-06-05,5
238,315D8L9PG2,338,2019-04-23,2019-04-23,0
239,7CYVUBEIP4,321,2019-06-07,2019-06-13,6
240,YYN4QDG3FK,175,2019-06-07,2019-06-07,0
241,5ZB9DTYPSU,142,2019-01-09,2019-01-09,0
242,7YUJ8PKONB,376,2019-07-21,2019-07-24,3
243,YWK7ADGEAI,161,2019-07-07,2019-07-14,7
244,6I793FA2QF,69,2019-10-30,2019-11-04,5
245,3YJ5KEZ9TB,238,2019-08-26,2019-09-02,7
246,SMT9R99PWG,232,2019-04-06,2019-04-06,0
247,IWWQPR0D6R,317,2019-01-07,2019-01-13,6
248,DYHCJ9CUWZ,211,2019-04-21,2019-04-21,0
249,L41MFM0DP6,351,2019-11-13,2019-11-20,7
250,1TCVYIAYVN,402,2019-08-31,2019-09-05,5
251,MI28ZK0TMC,402,2019-08-26,2019-08-30,4
252,L6T8IMX0WI,27,2019-06-04,2019-06-04,0
253,ZZ3R2POBZD,185,2019-01-21,2019-01-26,5
254,ADL73K9GI3,239,2019-03-12,2019-03-12,0
255,EJV3DSUY81,196,2019-12-15,2019-12-18,3
256,SK4D901ACA,303,2019-10-13,2019-10-13,0
257,ZJT7OWVU7E,306,2019-07-12,2019-07-19,7
258,8WWSMO7IC8,124,2019-11-10,2019-11-16,6
259,I4DQQQBK3E,207,2019-05-12,2019-05-15,3
260,IGD45X5NFA,84,2019-06-14,2019-06-16,2
261,0J8266UBGE,339,2019-01-07,2019-01-09,2
262,VD6PS08BSM,38,2019-12-28,2019-12-29,1
263,DSO14IAZQA,133,2019-05-02,2019-05-09,7
264,3FF6BUGPPJ,134,2019-01-08,2019-01-09,1
265,KZJ9J45G1O,48,2019-05-29,2019-06-01,3
266,H0UEHOI4UO,386,2019-09-01,2019-09-04,3
267,UFVTKV6SXE,380,2019-05-31,2019-05-31,0
268,K2L7UL5BB8,170,2019-01-01,2019-01-03,2
269,DK87FE4JG6,73,2019-06-23,2019-06-26,3
270,9XX1Y85FWQ,242,2019-10-10,2019-10-15,5
271,6AQCE29BKZ,155,2019-10-14,2019-10-17,3
272,Q7033ZAIJZ,85,2019-10-12,2019-10-14,2
273,MN6BUTS9V7,181,2019-05-04,2019-05-04,0
274,029Q9V7S6P,11,2019-03-08,2019-03-09,1
275,43RPO8H4YZ,283,2019-01-19,2019-01-20,1
276,EPO1Y7M86F,217,2019-12-27,2019-12-27,0
277,34YIESHA3M,188,2019-11-04,2019-11-04,0
278,QNTDY67CX1,421,2019-11-24,2019-11-24,0
279,OV6VTD4FMH,316,2019-09-15,2019-09-18,3
280,8ELPIYO9U7,242,2019-02-16,2019-02-16,0
281,7LPIMYVCN3,135,2019-04-10,2019-04-11,1
282,XAWN41497C,342,2019-12-24,2019-12-25,1
283,4HJ9B7YG23,234,2019-06-28,2019-07-04,6
284,J4ATE1B591,193,2019-07-05,2019-07-11,6
285,B0EGTS1HNB,360,2019-04-15,2019-04-21,6
286,OJQXK6JMF8,143,2019-07-01,2019-07-08,7
287,QR7DNBGCUW,199,2019-09-12,2019-09-18,6
288,0SKVEVUXYB,341,2019-06-26,2019-06-26,0
289,66B3TBL2O6,152,2019-09-27,2019-09-28,1
290,0FB6GOESAO,108,2019-01-31,2019-02-02,2
291,HSO7WPIFIT,304,2019-03-26,2019-03-31,5
292,7BEZGRIYL2,203,2019-04-26,2019-05-02,6
293,H936QDFTWM,291,2019-05-18,2019-05-20,2
294,66L4GLIEIU,223,2019-08-05,2019-08-06,1
295,NI7SLTPIHW,300,2019-06-13,2019-06-17,4
296,5G2QUDXUD6,326,2019-11-18,2019-11-19,1
297,0OXZLX2XJ6,11,2019-05-08,2019-05-08,0
298,K0X96UM12W,68,2019-12-19,2019-12-25,6
299,QQYTW4TXWM,42,2019-08-24,2019-08-26,2
300,Q554MPMMNV,54,2019-10-11,2019-10-14,3
301,W5QFB4NDYJ,390,2019-02-19,2019-02-20,1
302,4JBWALA1FF,333,2019-07-07,2019-07-09,2
303,Q9ZA5HFW97,373,2019-10-21,2019-10-24,3
304,LGX729UV1X,400,2019-03-12,2019-03-16,4
305,Y05JAF90T4,82,2019-12-24,2019-12-27,3
306,YK1LO3GJGZ,30,2019-06-26,2019-06-30,4
307,6B418ZPXW9,235,2019-01-29,2019-02-01,3
308,EQZSQ5NILU,90,2019-05-24,2019-05-27,3
309,MJKBYGOMYK,144,2019-05-01,2019-05-07,6
310,X8TC9EOSG5,365,2019-04-10,2019-04-13,3
311,YN0TKEE26D,119,2019-06-27,2019-07-04,7
312,0FGK5EBHIX,11,2019-07-13,2019-07-14,1
313,HH1IK0G0MS,144,2019-01-29,2019-02-01,3
314,2FZQJUQ6RO,113,2019-05-02,2019-05-03,1
315,AICVV23MJK,258,2019-08-08,2019-08-10,2
316,R1X2FKH2UR,140,2019-07-08,2019-07-08,0
317,XOLIMVAV8K,239,2019-12-09,2019-12-13,4
318,EY4N4JLVYP,334,2019-01-04,2019-01-09,5
319,7ZQZCXLENZ,126,2019-09-22,2019-09-27,5
320,N52VLRE1YB,107,2019-06-07,2019-06-07,0
321,IUBFF98A2Z,211,2019-01-02,2019-01-09,7
322,UXHV6IBSII,96,2019-12-25,2020-01-01,7
323,M2WPMTPD5L,254,2019-02-24,2019-03-01,5
324,RZ2ZEOB2DP,347,2019-04-19,2019-04-22,3
325,MPPHOWLMS1,343,2019-12-17,2019-12-19,2
326,BOY38K4CRK,152,2019-03-16,2019-03-17,1
327,WKGKGD95RJ,68,2019-11-05,2019-11-06,1
328,LDXJFO11LN,111,2019-02-18,2019-02-22,4
329,HZXA3F0DBK,177,2019-08-17,2019-08-23,6
330,TNB58SPNEC,138,2019-07-02,2019-07-02,0
331,H1TLKHN2CD,142,2019-10-24,2019-10-28,4
332,M20V930QNF,244,2019-09-02,2019-09-06,4
333,KV7SQM71MC,214,2019-04-04,2019-04-07,3
334,HYOR2KIX4D,177,2019-05-23,2019-05-23,0
335,SJ440M4ILT,26,2019-04-01,2019-04-04,3
336,TV3ZMRKO10,354,2019-05-09,2019-05-13,4
337,ANB41MBNTA,323,2019-03-24,2019-03-30,6
338,HOCXG7FH29,33,2019-04-02,2019-04-07,5
339,97SDX9VC96,352,2019-07-06,2019-07-09,3
340,P30ITMOTDA,216,2019-12-14,2019-12-20,6
341,LIOLGRHXXO,246,2019-05-20,2019-05-25,5
342,4XRE7CVYOH,126,2019-02-21,2019-02-25,4
343,PI2J4BNR3Z,22,2019-07-27,2019-07-28,1
344,0PYD25HPKQ,358,2019-07-20,2019-07-25,5
345,QSAPJW0JEB,187,2019-12-05,2019-12-11,6
346,2VBRR4CVEQ,277,2019-10-21,2019-10-24,3
347,APNM3TQ988,124,2019-01-01,2019-01-04,3
348,0RQ1D7LRXT,46,2019-08-06,2019-08-09,3
349,WYT311M0TO,157,2019-12-15,2019-12-16,1
350,EZAGKP1UAW,119,2019-07-14,2019-07-17,3
351,PDO58GNB5V,237,2019-07-04,2019-07-07,3
352,FZY28D87RB,120,2019-08-21,2019-08-23,2
353,HP9SNTCUZO,360,2019-06-03,2019-06-03,0
354,GX7ZCTQFWL,124,2019-09-29,2019-10-04,5
355,E6L5W12586,171,2019-08-02,2019-08-09,7
356,78A5GR7UE2,103,2019-08-24,2019-08-31,7
357,F620T9FOMY,131,2019-10-27,2019-10-30,3
358,7RCJ2BB3OM,89,2019-09-21,2019-09-24,3
359,WKA26F1ASU,162,2019-03-08,2019-03-12,4
360,BXBHYA01G6,177,2019-09-21,2019-09-26,5
361,5UX829FHSV,140,2019-06-13,2019-06-19,6
362,IB0QH5OUQ8,25,2019-03-03,2019-03-05,2
363,FQVOHQEP7S,377,2019-06-20,2019-06-24,4
364,OK8ZCYP9AT,256,2019-10-21,2019-10-28,7
365,EFYBJYOLR2,286,2019-03-11,2019-03-18,7
366,FW2H37C2CV,275,2019-01-22,2019-01-22,0
367,ZJ5N71FQ7C,252,2019-11-21,2019-11-22,1
368,XZKX1R9WRF,212,2019-01-12,2019-01-15,3
369,XPL4IK09YI,255,2019-07-09,2019-07-12,3
370,7UAM1LNMIC,94,2019-05-17,2019-05-24,7
371,R3VKPQMIMK,301,2019-04-02,2019-04-05,3
372,INKSP2G8EM,160,2019-07-22,2019-07-25,3
373,3A8GM69DER,353,2019-07-17,2019-07-23,6
374,43IZ4IJIE3,423,2019-12-25,2019-12-26,1
375,2PJAG0SJJI,162,2019-03-03,2019-03-07,4
376,IM1GX6856L,55,2019-11-10,2019-11-13,3
377,6P8PCQ36OY,146,2019-12-21,2019-12-26,5
378,HN4WO1RQN5,398,2019-10-12,2019-10-14,2
379,6T8SH5006E,256,2019-04-27,2019-05-02,5
380,SPX1NAODO1,57,2019-02-14,2019-02-21,7
381,9X7R88RJN8,88,2019-04-02,2019-04-09,7
382,M1XRNNKB2L,179,2019-04-15,2019-04-17,2
383,J34VIAYO18,76,2019-06-14,2019-06-20,6
384,U90DPNTR16,54,2019-08-26,2019-08-29,3
385,RCW4BP42CP,130,2019-03-31,2019-04-06,6
386,E2X0NFFP4X,243,2019-01-21,2019-01-28,7
387,2QQ89OVAZF,185,2019-12-24,2019-12-28,4
388,QTBRXE3XC6,67,2019-01-09,2019-01-15,6
389,BJRLQZXMVE,261,2019-05-20,2019-05-27,7
390,ENR6GIVWG6,57,2019-03-21,2019-03-28,7
391,4SHASJXQL3,336,2019-11-12,2019-11-18,6
392,AO5MC6TP3K,221,2019-05-30,2019-06-06,7
393,WJKZGW2L1A,3,2019-05-11,2019-05-15,4
394,6NY2WO09TV,255,2019-09-27,2019-09-30,3
395,7U556ZU3ZD,275,2019-08-16,2019-08-19,3
396,VIBPTF5DU7,242,2019-04-23,2019-04-24,1
397,XPIGDEU75X,83,2019-04-07,2019-04-12,5
398,ADQV1PMGUW,346,2019-12-28,2020-01-04,7
399,6BHYNHX533,66,2019-07-01,2019-07-02,1
400,N9QB7TQQ1H,186,2019-08-13,2019-08-15,2
401,0RPPGV2QPK,70,2019-01-31,2019-02-05,5
402,BTALS5VH80,341,2019-10-20,2019-10-23,3
403,DI8HEGKWZQ,282,2019-01-28,2019-02-04,7
404,FSRJ7IAMYR,182,2019-10-06,2019-10-12,6
405,XICTHSNG3A,321,2019-12-26,2019-12-28,2
406,5UQRHL51A1,16,2019-04-10,2019-04-15,5
407,2EBW9JQ74T,266,2019-01-19,2019-01-21,2
408,OAPFYHS24D,358,2019-12-10,2019-12-17,7
409,O8PODHVV8D,169,2019-04-14,2019-04-19,5
410,S8D5IP3WAT,322,2019-07-20,2019-07-22,2
411,VPFA4AEJR3,122,2019-01-31,2019-02-02,2
412,UDIIHI5SDH,367,2019-07-28,2019-07-28,0
413,UFVSWU73IZ,20,2019-03-06,2019-03-06,0
414,XQMMPT8CQK,54,2019-10-05,2019-10-09,4
415,FXHYFSKHOO,296,2019-11-30,2019-12-05,5
416,MVQ2379P58,212,2019-08-23,2019-08-29,6
417,C5YWT5071N,159,2019-04-08,2019-04-11,3
418,F8ZYZ48WAW,374,2019-08-08,2019-08-13,5
419,VYVZTZJUS1,14,2019-04-12,2019-04-13,1
420,A2GCF2QJQW,222,2019-08-25,2019-08-26,1
421,23WTKSC9DJ,115,2019-11-13,2019-11-16,3
422,BQ0H9DBJ7T,123,2019-12-13,2019-12-19,6
423,2SB9BKK13O,324,2019-11-11,2019-11-11,0
424,YFN16E14DY,191,2019-03-12,2019-03-16,4
425,IT93RFZG1A,295,2019-05-16,2019-05-21,5
426,4NNV4FHLMO,113,2019-10-17,2019-10-23,6
427,OTJ1T5883A,102,2019-11-15,2019-11-18,3
428,QHQ94V8HT5,113,2019-04-13,2019-04-20,7
429,JKXBA94LB4,410,2019-11-22,2019-11-27,5
430,R9HNS1VM8Q,59,2019-04-17,2019-04-22,5
431,IMOND0WQEM,324,2019-07-05,2019-07-05,0
432,KVQXINH26E,311,2019-05-13,2019-05-16,3
433,KD2EBVSS28,211,2019-10-30,2019-10-30,0
434,5M019YI020,52,2019-01-19,2019-01-26,7
435,19CZLLM4LC,408,2019-11-06,2019-11-13,7
436,G0N5VYNHUV,386,2019-02-09,2019-02-12,3
437,YK39MZBJ1Y,203,2019-06-22,2019-06-25,3
438,GMWTOUMRA0,250,2019-05-14,2019-05-19,5
439,72ZYRTN23K,285,2019-05-16,2019-05-22,6
440,F3LVW9HD3J,59,2019-11-02,2019-11-03,1
441,SDNVARL8DX,328,2019-08-17,2019-08-22,5
442,4PARGATO9B,308,2019-06-10,2019-06-13,3
443,6FZFILTUPF,50,2019-03-22,2019-03-22,0
444,Z1KXVN8WBH,246,2019-09-06,2019-09-07,1
445,S0ZG5IIEXT,94,2019-03-27,2019-03-30,3
446,X5FQ9GCAWM,44,2019-10-28,2019-10-29,1
447,C6ZC8BX5V0,157,2019-01-31,2019-02-07,7
448,R3B84F51NS,329,2019-11-05,2019-11-09,4
449,2H9XSADYWA,268,2019-03-21,2019-03-28,7
450,WNLGZW7C24,105,2019-03-03,2019-03-04,1
451,Q9PBFQ0WO2,170,2019-07-31,2019-08-07,7
452,QE3CNAP4UP,36,2019-07-22,2019-07-26,4
453,DO6JOMGMVP,218,2019-01-27,2019-01-31,4
454,VK7ENLN8FD,153,2019-10-21,2019-10-25,4
455,ZODLP1J0N4,14,2019-12-23,2019-12-29,6
456,FTDAWJE57V,281,2019-07-09,2019-07-10,1
457,ZO8V5L10A3,101,2019-01-22,2019-01-23,1
458,QU4HVNC4NK,40,2019-05-24,2019-05-26,2
459,A9F9T617SS,418,2019-04-02,2019-04-07,5
460,2CX8J10V3V,107,2019-05-26,2019-05-26,0
461,OOY3RNW960,15,2019-04-14,2019-04-20,6
462,JXEPF9D7AL,244,2019-06-20,2019-06-20,0
463,YK5N8XFYMC,42,2019-12-07,2019-12-08,1
464,AN2YE3G0LO,195,2019-06-14,2019-06-18,4
465,IEV3XGYK3S,69,2019-09-12,2019-09-18,6
466,HT0L2EI74W,47,2019-05-02,2019-05-06,4
467,HIGSLVA49W,53,2019-08-31,2019-08-31,0
468,QXGLQHLII7,49,2019-09-14,2019-09-16,2
469,X8VBMT2FS6,228,2019-07-16,2019-07-18,2
470,80WV8EL48B,121,2019-05-06,2019-05-10,4
471,55WMUGX1JW,396,2019-01-12,2019-01-18,6
472,GBRIWGNVAL,79,2019-07-14,2019-07-21,7
473,AUYPMKDJOP,338,2019-06-04,2019-06-06,2
474,31N6P9NM4U,386,2019-03-17,2019-03-17,0
475,J1YWEU98NT,221,2019-08-02,2019-08-04,2
476,OOEPJRV4AA,217,2019-12-04,2019-12-04,0
477,2LKY93PICV,178,2019-08-28,2019-09-03,6
478,MAZ29D2POP,421,2019-10-31,2019-10-31,0
479,IFAQHEEGUR,330,2019-06-22,2019-06-26,4
480,853A0XF2Z9,65,2019-11-22,2019-11-28,6
481,ACBL16HYVP,124,2019-03-09,2019-03-10,1
482,HKS6JY92SY,409,2019-10-30,2019-11-01,2
483,91L5U4DX97,40,2019-03-14,2019-03-18,4
484,RFDWF7HLZQ,128,2019-07-03,2019-07-06,3
485,SQCI5BH4CJ,381,2019-10-11,2019-10-18,7
486,F08867ILF5,273,2019-02-08,2019-02-15,7
487,QUS311EVRP,295,2019-11-18,2019-11-20,2
488,WJGLTTSO4W,278,2019-07-31,2019-08-03,3
489,3HBPAM7S39,314,2019-01-09,2019-01-15,6
490,0G532K6YJL,417,2019-08-02,2019-08-03,1
491,AYECZL6D3Z,119,2019-02-10,2019-02-10,0
492,X2UK5VOC61,82,2019-07-22,2019-07-23,1
493,FJ7PQER3AQ,369,2019-04-05,2019-04-08,3
494,KPF5PD49N5,228,2019-01-04,2019-01-10,6
495,O747EBWBHX,64,2019-11-19,2019-11-20,1
496,C6P5L6X9PI,337,2019-07-03,2019-07-08,5
497,003PMVF0ZW,34,2019-01-12,2019-01-17,5
498,F32R2P95PR,95,2019-12-31,2020-01-04,4
499,8IJZL2W26N,376,2019-01-01,2019-01-03,2
500,SKY87CNAJJ,316,2019-04-27,2019-05-01,4
501,P4K7H5MFXT,220,2019-06-26,2019-07-01,5
502,5ZDDPRAV3D,213,2019-06-15,2019-06-17,2
503,0DJ0FVJFMI,155,2019-08-05,2019-08-06,1
504,5CCUWJ37AH,402,2019-08-07,2019-08-10,3
505,R5U9MDLPOZ,363,2019-03-16,2019-03-19,3
506,HB6MJ9N0PW,373,2019-08-24,2019-08-30,6
507,V40XZLFPFD,216,2019-10-17,2019-10-24,7
508,QTF94PO56S,88,2019-02-19,2019-02-25,6
509,U9LJQ4PECE,243,2019-08-06,2019-08-09,3
510,4LLK5YC1Y1,349,2019-12-01,2019-12-06,5
511,ZGXP3VRU3Y,370,2019-05-12,2019-05-14,2
512,GFPLMF3M2S,221,2019-06-15,2019-06-18,3
513,67E3YB467G,103,2019-01-31,2019-02-02,2
514,CXSQXLQFBY,333,2019-12-12,2019-12-13,1
515,P2CU0SFP3K,84,2019-08-04,2019-08-10,6
516,0RPQWS4LN2,280,2019-01-21,2019-01-24,3
517,AFH9UMGLBA,172,2019-05-31,2019-05-31,0
518,17ULCA5APK,415,2019-08-23,2019-08-24,1
519,ZDSSIU11T0,10,2019-12-22,2019-12-22,0
520,2FT5LQ2ILW,316,2019-01-12,2019-01-15,3
521,C7OYC2CL87,163,2019-03-13,2019-03-18,5
522,T111AZFEEI,112,2019-11-12,2019-11-18,6
523,EB71BF5073,234,2019-03-29,2019-04-03,5
524,WEKGSMDJ6Q,64,2019-10-30,2019-10-30,0
525,CC6O5FVW82,219,2019-09-28,2019-10-01,3
526,NWQ7OBUZXW,191,2019-12-07,2019-12-09,2
527,AG78JGS2HY,151,2019-11-26,2019-12-01,5
528,6SNI0CWCBH,203,2019-10-30,2019-11-03,4
529,Z5YBD6WZVL,428,2019-05-07,2019-05-10,3
530,VLP17ZOKBS,277,2019-06-16,2019-06-23,7
531,E01C0ASFSO,206,2019-08-22,2019-08-23,1
532,QBJANKBTJR,383,2019-03-05,2019-03-07,2
533,6US5UJ9XGF,147,2019-07-17,2019-07-17,0
534,NP3LG5APLX,305,2019-11-22,2019-11-22,0
535,MSL4VH515W,303,2019-08-16,2019-08-22,6
536,F8J3JDF0NY,377,2019-11-13,2019-11-16,3
537,LX3GSG1S09,73,2019-03-04,2019-03-11,7
538,6KTWA2IW9L,256,2019-07-27,2019-07-28,1
539,271OKMXEO1,93,2019-02-25,2019-02-26,1
540,MT7ZJNDJQD,400,2019-12-14,2019-12-14,0
541,2CE0VQ1IMG,4,2019-03-06,2019-03-07,1
542,3CBBFEGKV6,219,2019-06-02,2019-06-08,6
543,WDZR1JFN1G,96,2019-09-29,2019-10-05,6
544,H0S8L40OCW,217,2019-07-10,2019-07-14,4
545,REXEDQJSGR,168,2019-08-23,2019-08-26,3
546,SGM7EEKULJ,425,2019-03-03,2019-03-06,3
547,MUJ2TQV7U6,158,2019-08-29,2019-09-01,3
548,F7BC7HFBIH,429,2019-04-03,2019-04-09,6
549,VR7ICFWP4G,99,2019-11-14,2019-11-21,7
550,5HWAS4YH01,56,2019-11-10,2019-11-17,7
551,41ZZZ4421E,8,2019-11-16,2019-11-19,3
552,5N9HTWA2TA,395,2019-03-15,2019-03-18,3
553,ADVPA59VTU,103,2019-10-05,2019-10-08,3
554,2V07F4I6HA,188,2019-10-11,2019-10-16,5
555,QQLSH7A89K,92,2019-06-28,2019-07-05,7
556,RRXIV2R39W,341,2019-09-21,2019-09-23,2
557,8P5GZ3SF3D,134,2019-10-08,2019-10-10,2
558,Y2D9ZX6445,412,2019-04-03,2019-04-06,3
559,U74OVSQZJY,385,2019-10-04,2019-10-06,2
560,Z73HZ0QZ87,126,2019-01-31,2019-02-06,6
561,EPS5PCP6BY,182,2019-12-24,2019-12-24,0
562,6J104ZID9O,90,2019-09-20,2019-09-23,3
563,ZW05493NNR,233,2019-04-24,2019-04-27,3
564,78KINCRMYK,264,2019-09-01,2019-09-05,4
565,Z3HLQ8G4R3,266,2019-08-16,2019-08-21,5
566,V42OPKFJYB,44,2019-04-13,2019-04-19,6
567,UG7XLBXZV7,302,2019-06-10,2019-06-10,0
568,TQ1WGBWQ63,107,2019-07-25,2019-08-01,7
569,F1ULKZVPXM,179,2019-05-08,2019-05-09,1
570,72INSRX1M4,198,2019-10-07,2019-10-09,2
571,5C1H6RVAHL,343,2019-12-25,2019-12-28,3
572,T7DFP1ZEZ7,276,2019-07-30,2019-08-03,4
573,4CQSA3KR3N,235,2019-11-11,2019-11-12,1
574,56D0UC8HXG,211,2019-04-17,2019-04-19,2
575,4IKTD74BWC,93,2019-05-23,2019-05-25,2
576,P3ZSKB4UMJ,210,2019-10-17,2019-10-22,5
577,H67R9FH26U,328,2019-08-23,2019-08-26,3
578,S4FBMUDL04,409,2019-07-21,2019-07-27,6
579,7LZSV3NJDK,412,2019-01-18,2019-01-19,1
580,26T51RP5D9,140,2019-01-30,2019-02-05,6
581,YWVXE8BNUA,206,2019-03-13,2019-03-20,7
582,IL3H8MVHKL,168,2019-07-16,2019-07-20,4
583,3AORG7SDP1,21,2019-01-16,2019-01-21,5
584,4919MBM2O6,396,2019-09-28,2019-10-03,5
585,QA6YIQ06WS,222,2019-03-27,2019-04-02,6
586,QPONLIV3WK,217,2019-11-14,2019-11-14,0
587,QV421M4OFI,307,2019-07-28,2019-07-31,3
588,Z4N4BHPW0L,73,2019-12-14,2019-12-14,0
589,564WG0QX76,65,2019-05-28,2019-05-30,2
590,PLQRCDWZBI,137,2019-08-09,2019-08-14,5
591,VBVJQ83O00,266,2019-06-19,2019-06-20,1
592,0MNEJVL918,231,2019-07-26,2019-07-26,0
593,Y3GIILHM8V,135,2019-11-05,2019-11-12,7
594,JV79C38U3P,293,2019-10-30,2019-10-31,1
595,1BG4MSGHO8,48,2019-02-28,2019-03-03,3
596,UCGSRFZ22M,321,2019-03-13,2019-03-18,5
597,X3D5C76OYO,413,2019-07-13,2019-07-20,7
598,Q99V5SNNB5,262,2019-12-30,2020-01-02,3
599,X3963CXMTT,168,2019-09-30,2019-10-05,5
600,IW98WPVYD9,326,2019-03-06,2019-03-07,1
601,XF7VKJ65FI,282,2019-12-29,2020-01-01,3
602,49TETOSLD4,56,2019-06-20,2019-06-26,6
603,P02TCV0E1O,202,2019-10-14,2019-10-17,3
604,N259ZCNHG3,9,2019-08-01,2019-08-07,6
605,0S8KQODEZO,117,2019-12-14,2019-12-20,6
606,ZFP02ZAPMP,143,2019-05-03,2019-05-08,5
607,VDNJA6IQ0Y,273,2019-12-20,2019-12-21,1
608,FJ4SSGLYMF,303,2019-09-17,2019-09-20,3
609,Z2MLXQLSJ5,338,2019-11-26,2019-11-26,0
610,MXATTICWCB,14,2019-03-12,2019-03-15,3
611,MWDB527OP5,218,2019-07-13,2019-07-14,1
612,Q2EQXCCDD7,100,2019-08-28,2019-08-28,0
613,YLR53IEZLX,425,2019-07-16,2019-07-17,1
614,9GY22C1OSA,10,2019-12-15,2019-12-18,3
615,SIJ4LY34CM,291,2019-04-23,2019-04-25,2
616,TQ72VPI81V,100,2019-09-03,2019-09-08,5
617,WHI7WAASV2,331,2019-03-01,2019-03-07,6
618,XV3YXR6NWI,403,2019-10-19,2019-10-23,4
619,LCY891GTEZ,375,2019-04-27,2019-04-30,3
620,RTMJ0X4HHR,182,2019-04-23,2019-04-25,2
621,R8QPI4F6W3,387,2019-11-22,2019-11-29,7
622,S53YDHBN43,279,2019-07-26,2019-07-29,3
623,WSEUT82FJZ,264,2019-06-17,2019-06-20,3
624,LA2VH06Y8G,343,2019-08-08,2019-08-14,6
625,O0MHL4FCYB,139,2019-08-27,2019-09-01,5
626,9IOE4YR4RT,183,2019-05-17,2019-05-18,1
627,33WCYB6R4A,160,2019-12-24,2019-12-24,0
628,AME1A6IY4E,305,2019-08-24,2019-08-31,7
629,JH5JDUAWL8,65,2019-02-12,2019-02-12,0
630,BI9PS36G87,346,2019-03-27,2019-03-27,0
631,H5YMO98U1O,93,2019-01-16,2019-01-22,6
632,D0G6EIRUZ3,63,2019-12-18,2019-12-19,1
633,P6YE7R8O1S,140,2019-04-14,2019-04-20,6
634,CIQEIHTJ6E,345,2019-10-10,2019-10-17,7
635,K43BF8X8MA,258,2019-04-03,2019-04-08,5
636,9BDEYBTD03,188,2019-09-02,2019-09-09,7
637,145ORVOAVO,37,2019-04-09,2019-04-09,0
638,PFX15RWVOG,370,2019-12-13,2019-12-18,5
639,GMAHUD9U9F,206,2019-08-02,2019-08-08,6
640,FL5L0WQ0UL,419,2019-07-28,2019-08-03,6
641,K9G5EC63AI,115,2019-08-26,2019-08-28,2
642,GC6B33OG2O,216,2019-01-01,2019-01-02,1
643,EM6OEVS01I,160,2019-11-24,2019-11-28,4
644,RVP0IJE9HQ,77,2019-08-24,2019-08-26,2
645,BC2IKBTOKF,371,2019-03-28,2019-04-01,4
646,5JTMLMOOPC,199,2019-12-22,2019-12-25,3
647,XEJC4304DT,346,2019-04-09,2019-04-12,3
648,OGYWQ4802P,299,2019-04-25,2019-05-01,6
649,WEU2ATEVFD,400,2019-01-16,2019-01-21,5
650,7HJN8F3OOC,412,2019-10-27,2019-10-27,0
651,CXPDN4D06Q,53,2019-02-17,2019-02-24,7
652,ZTLV75IZC2,371,2019-03-07,2019-03-08,1
653,ZQNC1FQBBZ,263,2019-06-26,2019-06-28,2
654,748I0NQ5PO,327,2019-09-15,2019-09-21,6
655,CXK3LDOPFX,169,2019-04-05,2019-04-05,0
656,1Z70IJZWAH,33,2019-07-24,2019-07-30,6
657,B73U2TLP5U,306,2019-10-04,2019-10-11,7
658,G9IEYASVUE,431,2019-10-30,2019-11-03,4
659,WPUEP17WB1,359,2019-01-05,2019-01-07,2
660,MTM1K3RIGL,222,2019-10-04,2019-10-11,7
661,EGLBESUAYA,223,2019-12-29,2020-01-05,7
662,OZG6ZPD583,143,2019-05-07,2019-05-07,0
663,C70UX7A5X3,204,2019-10-25,2019-10-30,5
664,S8JCS5P6XA,99,2019-09-05,2019-09-12,7
665,7SK7GB4ZSI,312,2019-02-07,2019-02-07,0
666,LEK56NVDFO,1,2019-10-07,2019-10-11,4
667,C299AKFCV4,175,2019-08-23,2019-08-30,7
668,PBFHVC9ZAF,36,2019-03-11,2019-03-11,0
669,CW8Z682P1G,427,2019-09-24,2019-09-24,0
670,KHJKEMZCG1,118,2019-02-03,2019-02-04,1
671,ULX6NB6M8L,172,2019-08-22,2019-08-22,0
672,9UCNFOJ0CO,308,2019-07-21,2019-07-23,2
673,5YAU1742R3,121,2019-11-17,2019-11-18,1
674,ZE8UU6J9JM,11,2019-04-01,2019-04-04,3
675,ZCSNWDYAJU,185,2019-06-13,2019-06-13,0
676,4XYX7EY8W5,362,2019-12-09,2019-12-13,4
677,47ZVMJNGF3,213,2019-06-02,2019-06-02,0
678,OJ4R43O7T2,105,2019-06-11,2019-06-18,7
679,9OGK8NH5OK,292,2019-09-29,2019-10-03,4
680,B34OPWJ19D,44,2019-08-25,2019-08-29,4
681,TPT00RSQ65,104,2019-05-03,2019-05-06,3
682,OQ9UH522M5,431,2019-05-03,2019-05-05,2
683,M8LWIHQB05,331,2019-09-16,2019-09-18,2
684,F5KJK5PLI0,316,2019-10-29,2019-11-05,7
685,6GLMPCW4PS,406,2019-10-25,2019-10-26,1
686,2COL4SJQY4,72,2019-01-17,2019-01-23,6
687,ZERWSSOLIY,195,2019-05-28,2019-05-30,2
688,9I4CD9CHV4,92,2019-09-24,2019-09-26,2
689,WMZ1M1NDMB,90,2019-02-01,2019-02-06,5
690,C7XXJ10XO5,192,2019-09-22,2019-09-22,0
691,HGA5V8UKO9,118,2019-03-03,2019-03-08,5
692,Q0RES17FRP,52,2019-06-10,2019-06-14,4
693,O5C1U335BC,289,2019-10-10,2019-10-10,0
694,1B5GG7C05W,184,2019-09-24,2019-09-25,1
695,99YSX27WPG,421,2019-08-09,2019-08-09,0
696,D91VGWN2AO,231,2019-01-24,2019-01-31,7
697,LNEMM6YSOY,4,2019-03-31,2019-04-03,3
698,37BI4W94VY,202,2019-05-03,2019-05-04,1
699,LMTDCFQ7WX,241,2019-01-16,2019-01-16,0
700,1LEXMGUENF,46,2019-01-08,2019-01-14,6
701,1LL0W75RT3,321,2019-09-07,2019-09-14,7
702,Q30CRL1AHQ,240,2019-01-08,2019-01-11,3
703,2CZDQD4CSD,399,2019-06-04,2019-06-04,0
704,NQZDAQ91MC,12,2019-11-12,2019-11-14,2
705,2PD5VUM04O,88,2019-03-12,2019-03-14,2
706,LRPBHRXXSX,370,2019-09-15,2019-09-20,5
707,CYN52X0RX9,344,2019-05-21,2019-05-25,4
708,N6IGLP8HK1,173,2019-01-16,2019-01-18,2
709,JHVN0FHJ7Y,375,2019-10-24,2019-10-27,3
710,ZUEY69QRCS,170,2019-10-12,2019-10-16,4
711,7PFSBBZ4YR,67,2019-05-09,2019-05-09,0
712,U5T26IWTB4,125,2019-11-24,2019-11-28,4
713,0HSEV4THDZ,377,2019-04-25,2019-04-26,1
714,FOJ68WBPEQ,383,2019-03-22,2019-03-25,3
715,6VVPSWQJ0E,161,2019-10-04,2019-10-07,3
716,CWY38G6OAU,261,2019-04-09,2019-04-16,7
717,GIXR3GU41O,394,2019-02-12,2019-02-17,5
718,KULDP40T94,301,2019-11-26,2019-11-28,2
719,SOP7H4SR6L,10,2019-06-16,2019-06-18,2
720,VLME4YES5U,61,2019-05-08,2019-05-14,6
721,YI3CT72HPH,23,2019-06-17,2019-06-17,0
722,F685CPITHO,154,2019-05-15,2019-05-16,1
723,OUGHXIK2RN,332,2019-05-18,2019-05-25,7
724,XVXRTMMSN5,280,2019-02-22,2019-02-23,1
725,EFSHIHIGCY,434,2019-09-29,2019-10-04,5
726,EGZSW1WWUR,251,2019-04-10,2019-04-16,6
727,W93MM9RFZP,225,2019-11-22,2019-11-24,2
728,XJJSASK32V,196,2019-01-21,2019-01-27,6
729,THD8Q1HA8S,98,2019-05-31,2019-06-04,4
730,JQRALHGNU8,424,2019-01-08,2019-01-08,0
731,UT7XC6HE1K,114,2019-02-13,2019-02-15,2
732,OIUXNHBKYT,86,2019-06-09,2019-06-14,5
733,RF8FV8LWLO,303,2019-08-31,2019-09-06,6
734,VRRHM9E46Z,224,2019-01-26,2019-01-31,5
735,LX1AKVKMFS,200,2019-12-25,2019-12-27,2
736,261YZ1GA0P,32,2019-03-25,2019-03-31,6
737,93J3SXPTI3,257,2019-09-21,2019-09-21,0
738,42ZZCK31VD,379,2019-06-19,2019-06-19,0
739,KUNX4KZRBL,37,2019-02-06,2019-02-09,3
740,DGD1IFZZL2,208,2019-11-02,2019-11-02,0
741,VAMRDALRUJ,317,2019-07-13,2019-07-16,3
742,7NWIXKLC25,290,2019-01-27,2019-01-31,4
743,P8W4BPL2GK,19,2019-08-14,2019-08-18,4
744,5063JDK042,293,2019-03-15,2019-03-22,7
745,4V3B6L8LNR,4,2019-09-11,2019-09-12,1
746,8IG1238VC0,74,2019-08-24,2019-08-30,6
747,WQS2HWEGEC,103,2019-03-27,2019-03-29,2
748,MEQHADJN4M,16,2019-05-31,2019-06-07,7
749,R0TYWKKSPT,411,2019-08-10,2019-08-14,4
750,TUO7V12MRN,432,2019-09-17,2019-09-17,0
751,AY2AJJSXY5,103,2019-02-09,2019-02-12,3
752,3GK4FBR9NA,394,2019-09-25,2019-09-30,5
753,OHM26OL5FZ,94,2019-11-10,2019-11-16,6
754,UQNXP4RBDB,260,2019-10-09,2019-10-14,5
755,KS0UGOV38C,47,2019-04-16,2019-04-22,6
756,OVJJTITE8O,250,2019-07-27,2019-07-31,4
757,1FXY11506D,159,2019-04-19,2019-04-21,2
758,S3ZXQLOSQM,1,2019-11-02,2019-11-08,6
759,49O4N6X26E,46,2019-09-27,2019-09-30,3
760,L7SZ5JKMUS,154,2019-12-08,2019-12-14,6
761,W7D0SGFF2W,154,2019-05-03,2019-05-08,5
762,J39J4CBZWD,162,2019-03-14,2019-03-14,0
763,NC2DG12POF,384,2019-08-31,2019-09-05,5
764,TB0VE58FWP,145,2019-06-30,2019-06-30,0
765,C17QWJQLVF,396,2019-07-27,2019-08-01,5
766,BPQXGV02GW,354,2019-12-08,2019-12-14,6
767,N7FXABLP5D,178,2019-01-06,2019-01-13,7
768,C7I9K5780I,154,2019-05-29,2019-06-03,5
769,F0NVR3TXTB,330,2019-11-17,2019-11-17,0
770,LXAAG0GSDO,157,2019-06-15,2019-06-20,5
771,CQI258FZVF,281,2019-12-25,2019-12-25,0
772,XTES4BHTO6,426,2019-11-02,2019-11-06,4
773,QR509LPJSH,162,2019-12-20,2019-12-24,4
774,TAHQRQCX0E,401,2019-06-02,2019-06-04,2
775,9O8SNP0YVC,194,2019-04-21,2019-04-22,1
776,6KGP2468SP,221,2019-11-03,2019-11-09,6
777,PFLH93I4WV,360,2019-04-29,2019-05-01,2
778,PS5L2DYJGL,19,2019-11-24,2019-11-24,0
779,EUR8RJVTIW,372,2019-11-01,2019-11-03,2
780,HRX1KYSWTL,5,2019-03-14,2019-03-19,5
781,RMD2F2DJ5D,232,2019-04-22,2019-04-22,0
782,KE31UCELPL,13,2019-03-26,2019-03-27,1
783,21VGAW44PP,395,2019-05-24,2019-05-31,7
784,IFZR0A795J,255,2019-02-26,2019-03-04,6
785,IAWT0KXIRX,329,2019-02-13,2019-02-16,3
786,CEU4KRQ4I0,95,2019-10-08,2019-10-11,3
787,FCA2GH2KJ0,34,2019-02-04,2019-02-10,6
788,T5KKM0E0F3,417,2019-12-18,2019-12-25,7
789,8Z28D52HNV,279,2019-02-20,2019-02-26,6
790,2LOIQU4L8U,279,2019-02-11,2019-02-18,7
791,E8FT8RWW9S,177,2019-12-17,2019-12-17,0
792,EA526ZN0G9,127,2019-01-25,2019-01-29,4
793,8YUJOMHWOU,397,2019-04-04,2019-04-10,6
794,SKCJGC8BRS,416,2019-04-09,2019-04-16,7
795,W8RVP6Q1N9,427,2019-06-10,2019-06-17,7
796,Z8A3PB5LC8,1,2019-07-09,2019-07-09,0
797,YX4TU1R7RV,344,2019-07-01,2019-07-06,5
798,EQ926DR62Z,114,2019-12-20,2019-12-24,4
799,4OHVSCIB6T,400,2019-02-07,2019-02-14,7
800,8VA3GFTTL8,98,2019-01-10,2019-01-13,3
801,331R3FEYL3,149,2019-08-14,2019-08-21,7
802,W522185CBP,11,2019-08-15,2019-08-21,6
803,WRCU5MZH8B,223,2019-09-23,2019-09-27,4
804,TCNUX92MXC,410,2019-03-12,2019-03-18,6
805,HSZUOR5HRA,68,2019-06-20,2019-06-22,2
806,R2BSOUF1M8,269,2019-09-18,2019-09-22,4
807,AM2F8TLFMJ,199,2019-05-06,2019-05-06,0
808,C65MV5GV0F,312,2019-01-10,2019-01-17,7
809,XSPR6US6CC,328,2019-11-21,2019-11-22,1
810,WQWXFEE49T,34,2019-12-08,2019-12-14,6
811,FCU7JS6F2Q,407,2019-02-20,2019-02-25,5
812,QDHOLWF9L6,165,2019-11-01,2019-11-03,2
813,P609L6FRYA,5,2019-10-14,2019-10-18,4
814,2UKAYMPE68,235,2019-03-06,2019-03-08,2
815,2M0IPL62QT,18,2019-06-15,2019-06-18,3
816,GBB3D3GTL6,132,2019-11-06,2019-11-07,1
817,GXY7HLZ78D,272,2019-01-04,2019-01-09,5
818,N5BVQ8BWV9,265,2019-06-24,2019-06-29,5
819,R31AH40JSG,7,2019-08-26,2019-08-29,3
820,IWO1JG3N6B,403,2019-07-15,2019-07-21,6
821,GL60BESJVV,218,2019-07-19,2019-07-25,6
822,6DXU3L5A3Q,322,2019-07-18,2019-07-19,1
823,EUPAGLG90F,385,2019-05-31,2019-06-05,5
824,IXC305QPBP,211,2019-11-18,2019-11-22,4
825,2XWVGPLD98,362,2019-06-05,2019-06-11,6
826,1R8QOX66H9,43,2019-06-06,2019-06-10,4
827,YY0NTKJ0FA,113,2019-04-25,2019-04-29,4
828,AR5YRVVHB6,46,2019-11-09,2019-11-10,1
829,KILJ3AHZRV,150,2019-02-09,2019-02-15,6
830,ZMBXZ4ZZEK,146,2019-06-29,2019-07-02,3
831,XOV6PIWQ0X,52,2019-04-17,2019-04-23,6
832,BUGCPNIJUU,417,2019-02-03,2019-02-07,4
833,JI9A65PGPW,95,2019-11-21,2019-11-22,1
834,GIQB0TXEB7,183,2019-03-13,2019-03-16,3
835,N7BQJ3XH89,272,2019-08-22,2019-08-29,7
836,STCTH23RA8,133,2019-06-02,2019-06-04,2
837,XVGA88HIRZ,84,2019-06-01,2019-06-07,6
838,ZZLZAHO3D2,227,2019-09-30,2019-10-07,7
839,IUD8SN5KL4,17,2019-09-09,2019-09-10,1
840,3R5KK73OK5,368,2019-02-22,2019-03-01,7
841,3ECZ0TEQVZ,296,2019-05-15,2019-05-16,1
842,RVPOM4UNUV,121,2019-05-21,2019-05-27,6
843,B9C7RGNEVO,303,2019-04-13,2019-04-17,4
844,JGSYR3UNJO,356,2019-03-27,2019-03-30,3
845,U1LY8Q7DCZ,269,2019-02-26,2019-03-02,4
846,C4945KPVPP,343,2019-09-23,2019-09-24,1
847,X9VV98HPUC,417,2019-10-29,2019-11-02,4
848,RQ21JI6VID,40,2019-04-15,2019-04-20,5
849,J3R0CEAHW4,160,2019-01-01,2019-01-03,2
850,ZSBBS2UZFG,251,2019-10-12,2019-10-15,3
851,PQZW6PYMKK,121,2019-11-13,2019-11-18,5
852,TBYTZQ45QH,303,2019-05-26,2019-05-30,4
853,6M0GRZP07G,92,2019-03-29,2019-04-03,5
854,O2L0546WB9,354,2019-01-09,2019-01-13,4
855,QA5BW9X7YN,269,2019-12-03,2019-12-08,5
856,AZJ0V3QP2E,116,2019-10-28,2019-10-28,0
857,N2JGXC8NJJ,58,2019-12-11,2019-12-12,1
858,8KK1JYAZK8,297,2019-05-12,2019-05-18,6
859,0V7196ZRCW,386,2019-09-20,2019-09-24,4
860,7ACH6JQUY3,391,2019-02-16,2019-02-19,3
861,JW3U2MIBLM,177,2019-08-24,2019-08-28,4
862,VD7XYDJT8I,283,2019-06-19,2019-06-21,2
863,HBN1K2JAX7,2,2019-06-27,2019-06-30,3
864,CA6263F9R5,385,2019-04-15,2019-04-21,6
865,QIW851IMVB,193,2019-09-22,2019-09-25,3
866,17FE7MXNXN,229,2019-04-21,2019-04-26,5
867,Q1TUQBV9OE,96,2019-01-05,2019-01-11,6
868,WHBMX0SGZ7,303,2019-10-06,2019-10-07,1
869,3W3GIY7DKX,164,2019-07-13,2019-07-13,0
870,LAUEUOWEFM,338,2019-02-03,2019-02-09,6
871,MXDEWNRHWI,413,2019-08-28,2019-08-30,2
872,CS0G50CG5D,245,2019-04-19,2019-04-21,2
873,4RO6JI34XI,203,2019-09-21,2019-09-27,6
874,5S66XZZN2Y,137,2019-11-23,2019-11-30,7
875,F0C4NBFB62,108,2019-12-09,2019-12-11,2
876,YHTHBI6JI3,251,2019-05-25,2019-05-28,3
877,JX7GRIEJ9T,69,2019-11-07,2019-11-13,6
878,X55IL8PTMN,214,2019-11-06,2019-11-06,0
879,4VZEJUHPJU,362,2019-07-26,2019-07-29,3
880,KFFR0OTKJ8,371,2019-02-22,2019-02-22,0
881,7DT1RS98PS,373,2019-12-01,2019-12-06,5
882,C3F4I77Q18,143,2019-03-25,2019-03-29,4
883,BU79ENVFHH,38,2019-09-22,2019-09-26,4
884,6GVAEK91XD,271,2019-12-09,2019-12-15,6
885,VKIF137HZD,241,2019-01-20,2019-01-27,7
886,C61MUPNNTA,78,2019-07-10,2019-07-15,5
887,XK1E4JRTN1,18,2019-08-24,2019-08-25,1
888,R6SKBQD7G2,274,2019-07-22,2019-07-22,0
889,U2EMMTCM78,333,2019-01-17,2019-01-18,1
890,NI3IGM3YXO,395,2019-07-27,2019-07-29,2
891,WUTU8DXKZR,199,2019-01-13,2019-01-14,1
892,4CXI1MCEL3,76,2019-03-27,2019-03-27,0
893,WDHA04MVDT,361,2019-05-25,2019-05-26,1
894,A33KHINFL4,290,2019-07-26,2019-07-31,5
895,E8JPZZSN11,150,2019-02-17,2019-02-19,2
896,7Y0L3DFY17,233,2019-08-12,2019-08-18,6
897,AMHY3C6JJW,18,2019-01-25,2019-01-31,6
898,N4GRCR9VD7,94,2019-03-20,2019-03-22,2
899,545BUBOMP0,118,2019-09-14,2019-09-14,0
900,M4AZ69Y1PV,233,2019-03-22,2019-03-25,3
901,UBA9BQGXAN,426,2019-09-06,2019-09-13,7
902,FVW79DYWA6,225,2019-05-02,2019-05-05,3
903,0JRUCFA0VM,342,2019-05-11,2019-05-11,0
904,T5QLJJANTQ,67,2019-12-14,2019-12-19,5
905,P8FA7QZX4F,342,2019-01-11,2019-01-14,3
906,6AGJ4D1GCC,250,2019-09-14,2019-09-20,6
907,0IH6AMYWG2,424,2019-03-06,2019-03-13,7
908,AQPXEFEPO2,12,2019-01-28,2019-01-30,2
909,ZR2DKMPZRJ,41,2019-06-09,2019-06-12,3
910,QBJCPY9OPM,356,2019-06-17,2019-06-23,6
911,AXVM5H3TKK,63,2019-03-04,2019-03-05,1
912,XRQEY92C72,329,2019-01-11,2019-01-13,2
913,CH5ODVXNVZ,191,2019-11-01,2019-11-06,5
914,QP4ZXM6V5P,375,2019-11-04,2019-11-11,7
915,M0MHY0WOUR,309,2019-02-16,2019-02-16,0
916,ODBV2NZO5G,309,2019-12-10,2019-12-14,4
917,PZEUDV76C2,172,2019-11-24,2019-11-26,2
918,EJJGGIG1U2,270,2019-06-09,2019-06-11,2
919,CXAF2DFK66,312,2019-01-21,2019-01-28,7
920,TW4BBO6V1A,131,2019-06-08,2019-06-15,7
921,CM7D43IKH7,181,2019-04-03,2019-04-09,6
922,2ARXKIB8AD,310,2019-07-06,2019-07-12,6
923,6K20G6PHS6,308,2019-05-17,2019-05-20,3
924,YW4BTRKCV3,54,2019-03-12,2019-03-16,4
925,UT85C4KE1H,191,2019-04-20,2019-04-27,7
926,V8CECDY7OG,165,2019-11-09,2019-11-16,7
927,M2P1RZSOTJ,19,2019-06-06,2019-06-13,7
928,07PF5HH1XB,303,2019-08-19,2019-08-25,6
929,MTJWLKOXCH,396,2019-01-07,2019-01-08,1
930,OYXRAFA9UZ,329,2019-05-29,2019-06-04,6
931,8STCXROT63,110,2019-02-14,2019-02-15,1
932,IUOWJ6NFCG,305,2019-04-19,2019-04-24,5
933,YQ3ONMS838,178,2019-12-05,2019-12-09,4
934,VVM8EVTV8C,251,2019-02-24,2019-03-01,5
935,T6OHZR39EH,406,2019-01-07,2019-01-13,6
936,GIQAKN1N2R,170,2019-01-01,2019-01-04,3
937,3KTA3V21CL,364,2019-09-18,2019-09-24,6
938,XBLZ2VDZNN,26,2019-11-26,2019-11-28,2
939,WAU42KDEF8,2,2019-12-24,2019-12-27,3
940,MGP9V5Z0HJ,140,2019-07-27,2019-08-03,7
941,7IER9V9RHC,233,2019-08-04,2019-08-07,3
942,KJKHF6W17P,66,2019-04-05,2019-04-07,2
943,L8HETY5AHM,71,2019-08-05,2019-08-06,1
944,F5EEM3R89P,165,2019-08-10,2019-08-16,6
945,C3XJ6820OZ,49,2019-11-17,2019-11-19,2
946,AD39MAE2NO,122,2019-04-04,2019-04-11,7
947,KANP6DOHCB,204,2019-12-31,2020-01-02,2
948,AUMWOY1HZ1,368,2019-11-10,2019-11-10,0
949,ZJL77NKGWR,201,2019-03-09,2019-03-13,4
950,FL6OWHSEL8,396,2019-01-12,2019-01-15,3
951,V3BCD69D53,78,2019-10-04,2019-10-06,2
952,OLRBECSMKR,71,2019-09-13,2019-09-18,5
953,S7KBQ1MG7F,289,2019-08-11,2019-08-13,2
954,PWFVZGD1BV,70,2019-12-15,2019-12-21,6
955,GK1ISII0TR,176,2019-12-09,2019-12-09,0
956,5FGBCI2IUA,59,2019-01-30,2019-01-31,1
957,6E1GT86EHO,108,2019-12-17,2019-12-23,6
958,EHB9CURCA2,349,2019-04-18,2019-04-23,5
959,XFRZIUJJ5X,423,2019-03-22,2019-03-22,0
960,2J4CKO7LN6,153,2019-02-27,2019-03-02,3
961,GR911QNO1E,201,2019-03-08,2019-03-13,5
962,A6DNLUO3DL,209,2019-06-20,2019-06-20,0
963,GL1U2LEIWM,391,2019-09-23,2019-09-27,4
964,SUMEBZPVAS,247,2019-03-18,2019-03-20,2
965,ETR2VVJTP8,306,2019-06-29,2019-07-05,6
966,8TDVS9P2J7,50,2019-07-17,2019-07-23,6
967,64GV139XBU,29,2019-02-06,2019-02-13,7
968,PZEDJVY90D,339,2019-07-26,2019-07-28,2
969,PZZ4GSDDRI,201,2019-07-31,2019-08-06,6
970,2U47YP71BF,340,2019-04-01,2019-04-08,7
971,KTQKWP04FU,153,2019-02-20,2019-02-24,4
972,P1YISM41FW,242,2019-01-20,2019-01-21,1
973,7NYHMC3AOL,78,2019-09-09,2019-09-12,3
974,7RCGIN3IOT,175,2019-03-12,2019-03-12,0
975,XYZFUMCWJG,161,2019-09-28,2019-09-30,2
976,67RL2EIDIM,58,2019-10-11,2019-10-13,2
977,39V69YQPFB,249,2019-05-28,2019-06-01,4
978,KK8220ZO6X,146,2019-05-01,2019-05-08,7
979,AYKG3WIK0V,290,2019-03-16,2019-03-20,4
980,KOHNNRLGSU,433,2019-01-06,2019-01-09,3
981,EKAJ81CWNO,91,2019-06-10,2019-06-17,7
982,MVBQQEKUMA,301,2019-12-30,2020-01-04,5
983,57AHR7ZNA6,150,2019-09-05,2019-09-09,4
984,2TBZ2X7L2K,419,2019-08-16,2019-08-18,2
985,34T6AQDG19,280,2019-03-28,2019-03-28,0
986,J8DMNMD4D5,223,2019-02-24,2019-02-27,3
987,HDU48C994N,160,2019-03-07,2019-03-08,1
988,HSTU0FCJR3,428,2019-09-02,2019-09-09,7
989,QBLF9V2CCW,93,2019-10-09,2019-10-09,0
990,G3QND18N78,253,2019-07-05,2019-07-07,2
991,B8XP5QB4KF,289,2019-01-16,2019-01-21,5
992,90ZHA6PBI5,106,2019-12-05,2019-12-10,5
993,3I1X2JT7OB,397,2019-09-15,2019-09-22,7
994,BDME4B7SCK,322,2019-05-26,2019-05-28,2
995,4XBGV133HC,421,2019-03-28,2019-03-28,0
996,9E1FW68PP2,266,2019-11-27,2019-12-01,4
997,ZWU6RNIHAF,305,2019-09-21,2019-09-24,3
998,VLJVNUQTRD,395,2019-12-29,2020-01-03,5
999,ZK87I89GOK,355,2019-01-25,2019-01-27,2
1000,8GS2GPM09R,295,2019-06-16,2019-06-20,4
1001,QBERJ10JGN,215,2019-05-03,2019-05-03,0
1002,CJN9QU0TPN,267,2019-01-26,2019-01-31,5
1003,CWEJMXDVFP,379,2019-07-05,2019-07-11,6
1004,CQQVIAZ6E5,345,2019-10-02,2019-10-02,0
1005,279AGJ9CGQ,424,2019-05-12,2019-05-14,2
1006,3TA1CMKWUY,272,2019-07-18,2019-07-24,6
1007,5UE1WGYJZP,338,2019-02-23,2019-03-02,7
1008,7FSCFJAME8,94,2019-05-19,2019-05-19,0
1009,N1D68GWZVU,350,2019-10-16,2019-10-17,1
1010,05W918XPUV,13,2019-05-15,2019-05-15,0
1011,BIGHFNJHXU,232,2019-05-31,2019-06-06,6
1012,GGO5WJ5RFM,368,2019-03-12,2019-03-13,1
1013,CDZ3W1Y64R,157,2019-10-14,2019-10-14,0
1014,91GUUSUCNV,385,2019-10-02,2019-10-04,2
1015,3JJ5HDPXLW,420,2019-04-14,2019-04-20,6
1016,3QTY4PJ67K,42,2019-10-13,2019-10-18,5
1017,3X9CE3XQ5A,28,2019-11-14,2019-11-18,4
1018,2LIWLK5S2K,267,2019-12-02,2019-12-05,3
1019,EW9HJ3B9CF,200,2019-10-03,2019-10-03,0
1020,Q41TVG2LSF,154,2019-12-17,2019-12-22,5
1021,8TJFD5VMW5,62,2019-06-26,2019-06-30,4
1022,QZTXVXK87V,18,2019-08-20,2019-08-21,1
1023,VWATDXH4SA,31,2019-10-05,2019-10-09,4
1024,6LO2CLKCTW,398,2019-09-14,2019-09-18,4
1025,NE4IM2XL6O,238,2019-03-15,2019-03-20,5
1026,0S6GYVXYEB,169,2019-11-08,2019-11-09,1
1027,PS5HC0F3S6,102,2019-05-16,2019-05-21,5
1028,1REDL54MRX,184,2019-10-04,2019-10-10,6
1029,AOZ4F9WE4B,269,2019-10-05,2019-10-08,3
1030,AO7BUHIJMB,41,2019-10-16,2019-10-21,5
1031,H8431QD75B,123,2019-10-23,2019-10-27,4
1032,JMDUKT4TNB,434,2019-06-19,2019-06-22,3
1033,FW8P69SYXR,256,2019-05-01,2019-05-08,7
1034,S1JT882E81,232,2019-05-26,2019-05-30,4
1035,3LP1W1UH79,325,2019-08-05,2019-08-12,7
1036,JF2RIEWIO6,30,2019-12-19,2019-12-23,4
1037,1C0EAP8XQF,366,2019-11-14,2019-11-15,1
1038,YTY0B4IULD,401,2019-12-08,2019-12-11,3
1039,0O560H10UG,381,2019-01-10,2019-01-14,4
1040,M86DSPT52D,352,2019-11-09,2019-11-12,3
1041,AXXF237P5P,14,2019-04-21,2019-04-28,7
1042,YHCKOJ8V9I,196,2019-08-20,2019-08-27,7
1043,K9KZ7B2W7N,311,2019-02-05,2019-02-12,7
1044,M3ADUWU95H,220,2019-11-11,2019-11-15,4
1045,6YNRY5YR0A,353,2019-06-10,2019-06-15,5
1046,567B9BSFX8,69,2019-10-20,2019-10-21,1
1047,MFEZ7LFLNQ,7,2019-06-07,2019-06-08,1
1048,8BCZTB2TN5,84,2019-10-10,2019-10-12,2
1049,F05IEWWQL5,5,2019-03-11,2019-03-15,4
1050,JH911DHL43,389,2019-05-26,2019-05-26,0
1051,IL8V3Q4P56,331,2019-04-05,2019-04-10,5
1052,4FWA4VIWKO,247,2019-04-01,2019-04-07,6
1053,GTMY4MHLJJ,426,2019-03-12,2019-03-18,6
1054,DT91TVI3DE,53,2019-12-13,2019-12-16,3
1055,DQV1AGUAUE,404,2019-01-15,2019-01-18,3
1056,I1IWIC3GQ7,196,2019-11-08,2019-11-14,6
1057,CXG68YEW7C,402,2019-01-03,2019-01-04,1
1058,04WBUHSHQE,33,2019-10-17,2019-10-18,1
1059,9A4TAIV0W2,12,2019-05-25,2019-05-31,6
1060,DY8V34YZLB,411,2019-11-20,2019-11-20,0
1061,P6NHHF53UJ,381,2019-12-11,2019-12-16,5
1062,TPF4C6OJKR,257,2019-07-20,2019-07-26,6
1063,RFSOIMJZB2,432,2019-01-16,2019-01-16,0
1064,HD9KAWEYZL,222,2019-09-02,2019-09-05,3
1065,LFB57B416K,275,2019-03-22,2019-03-28,6
1066,VRUHMUPT0I,103,2019-07-09,2019-07-14,5
1067,6W4FPT5IOB,74,2019-10-17,2019-10-19,2
1068,87T3V9LYE5,76,2019-03-11,2019-03-18,7
1069,S36NVSAP12,214,2019-07-05,2019-07-10,5
1070,8DNQLWX1IY,285,2019-01-14,2019-01-18,4
1071,P9IIFM6CFP,70,2019-10-28,2019-10-30,2
1072,8FKWESZRW3,62,2019-05-29,2019-05-29,0
1073,9YK77SCMX4,177,2019-02-22,2019-02-26,4
1074,U77N7T436F,385,2019-07-26,2019-07-27,1
1075,4B6SWMV4NN,360,2019-08-19,2019-08-25,6
1076,TEKACY792A,323,2019-02-20,2019-02-21,1
1077,BYDYQGIS96,333,2019-07-28,2019-07-28,0
1078,9521G0K8F4,280,2019-03-14,2019-03-16,2
1079,SOE358U3GA,208,2019-10-31,2019-10-31,0
1080,7XUQOFQUAD,342,2019-01-19,2019-01-26,7
1081,T7FHHV1MJU,112,2019-04-09,2019-04-15,6
1082,MLHZ80Y6KN,72,2019-12-18,2019-12-21,3
1083,LK5F1FHGM1,120,2019-09-09,2019-09-10,1
1084,5Y7D2H3V8K,340,2019-06-07,2019-06-12,5
1085,MSIKQFUCES,162,2019-02-02,2019-02-08,6
1086,COY341DNW2,223,2019-07-11,2019-07-11,0
1087,M5Q7P8AJG7,427,2019-03-26,2019-03-29,3
1088,FTGBISXO72,16,2019-05-18,2019-05-22,4
1089,G8IT57EWV3,397,2019-11-27,2019-12-02,5
1090,WW32LT4NUL,7,2019-09-05,2019-09-12,7
1091,5GX8BTJ0ST,363,2019-06-12,2019-06-17,5
1092,81UIZOIAHB,192,2019-10-04,2019-10-06,2
1093,FA7HDKG36R,232,2019-04-27,2019-05-01,4
1094,36EYOWLJFO,128,2019-11-07,2019-11-12,5
1095,DXWSN74RTH,338,2019-07-18,2019-07-25,7
1096,319OBCUMZA,369,2019-01-27,2019-01-28,1
1097,FQ7332CW8Y,390,2019-04-20,2019-04-24,4
1098,XC5ZTR4UED,349,2019-03-30,2019-04-04,5
1099,V2OQPIR4KE,245,2019-03-24,2019-03-29,5
1100,Q4IPGBWYL7,151,2019-09-10,2019-09-12,2
1101,WMJMDL5400,202,2019-03-18,2019-03-20,2
1102,WP8WVJ6H7J,337,2019-03-20,2019-03-25,5
1103,EHK53DUBCV,72,2019-12-25,2019-12-28,3
1104,J4JO5O7ZE7,401,2019-11-13,2019-11-17,4
1105,LOVE7QJA66,142,2019-10-19,2019-10-20,1
1106,A1UJ5QMO5S,379,2019-01-24,2019-01-27,3
1107,848MPUCZHB,218,2019-10-13,2019-10-17,4
1108,OUNA3HYC9T,396,2019-09-06,2019-09-07,1
1109,QUTVNBDOZ7,255,2019-08-09,2019-08-14,5
1110,L8EVNY035Z,288,2019-07-30,2019-08-02,3
1111,YZM6YAK5E9,175,2019-11-24,2019-11-25,1
1112,WC46EWOJ4K,371,2019-10-26,2019-10-28,2
1113,8DTUJAY395,209,2019-05-02,2019-05-04,2
1114,8WC28CBK26,384,2019-06-15,2019-06-21,6
1115,PK2VMGTWYU,124,2019-01-19,2019-01-20,1
1116,H4JJ25035B,330,2019-04-28,2019-04-30,2
1117,IPNB81VIB2,428,2019-01-14,2019-01-19,5
1118,M2C4ODVNSN,256,2019-09-19,2019-09-26,7
1119,IFCV10XZY7,34,2019-02-02,2019-02-07,5
1120,3GCN8ZE9BX,338,2019-06-13,2019-06-16,3
1121,5PY5AXFX8B,145,2019-06-23,2019-06-25,2
1122,E8X27P720P,185,2019-03-24,2019-03-26,2
1123,ZLR2Z33SAU,233,2019-12-31,2020-01-04,4
1124,VW3JD2OZNK,152,2019-10-26,2019-10-28,2
1125,T9ETHBE9TC,248,2019-12-11,2019-12-14,3
1126,ZYMJ3C120B,278,2019-12-22,2019-12-26,4
1127,ZYSO38ZLOW,322,2019-05-29,2019-05-31,2
1128,ETILZW7I8M,103,2019-12-15,2019-12-15,0
1129,Q4G723UG79,225,2019-04-25,2019-04-29,4
1130,XNOCDGQ5AZ,60,2019-05-07,2019-05-10,3
1131,8RCG3N5QD3,332,2019-11-02,2019-11-04,2
1132,2Z9FTHPX6M,401,2019-08-16,2019-08-21,5
1133,YGA7NYWJGP,349,2019-11-06,2019-11-13,7
1134,53A2WTV69O,8,2019-08-22,2019-08-29,7
1135,8FPFE686DF,291,2019-11-03,2019-11-08,5
1136,32N4RTAT5Z,419,2019-04-02,2019-04-09,7
1137,4MXTR72UN7,429,2019-04-29,2019-05-06,7
1138,AVWACBZSUE,87,2019-03-05,2019-03-05,0
1139,A4CI9FE6JU,282,2019-04-06,2019-04-07,1
1140,KGFA8223MD,349,2019-11-08,2019-11-10,2
1141,61CD7KGAEU,361,2019-01-21,2019-01-23,2
1142,POYBLZJE8F,150,2019-02-13,2019-02-19,6
1143,XV71BP360P,193,2019-09-25,2019-09-25,0
1144,WPQAFADDS9,353,2019-02-03,2019-02-04,1
1145,IX1EZQPQ6Y,403,2019-09-26,2019-09-28,2
1146,0GLXOW1G43,337,2019-10-23,2019-10-28,5
1147,JRP525CMW1,257,2019-10-10,2019-10-14,4
1148,6Y6FNAIYGW,268,2019-03-12,2019-03-15,3
1149,QR6LV1W2K0,287,2019-09-27,2019-09-30,3
1150,92U450NGBI,145,2019-12-26,2019-12-27,1
1151,9RNJKFMXBE,357,2019-05-04,2019-05-08,4
1152,VRYTHR31X0,282,2019-11-26,2019-11-28,2
1153,2I26ZDGR0D,184,2019-12-07,2019-12-09,2
1154,ONFQ5O8VGZ,27,2019-07-17,2019-07-17,0
1155,U9ACSTYGJU,151,2019-10-04,2019-10-11,7
1156,ZRIJZX0PJ0,385,2019-10-11,2019-10-11,0
1157,V43U5VWEGL,6,2019-02-28,2019-02-28,0
1158,LFGWPESXZN,317,2019-08-10,2019-08-15,5
1159,N0K1KNDOPE,329,2019-03-10,2019-03-10,0
1160,M1WGSVD0UG,23,2019-07-24,2019-07-24,0
1161,QKH1ELC2FL,360,2019-01-03,2019-01-09,6
1162,SOW3MZTQ9Z,354,2019-01-01,2019-01-05,4
1163,AC5GIL89M7,92,2019-11-04,2019-11-04,0
1164,DAPUIL6TCM,270,2019-11-16,2019-11-18,2
1165,3012GAB5XE,35,2019-12-07,2019-12-09,2
1166,H5P10PO5I7,82,2019-01-20,2019-01-27,7
1167,4T0CT2B3II,45,2019-12-11,2019-12-18,7
1168,CS41QTJT6U,341,2019-11-27,2019-11-29,2
1169,HJ5SA5YO1F,235,2019-07-19,2019-07-26,7
1170,INTLNEQIND,74,2019-06-22,2019-06-29,7
1171,BZW50RVZQ5,142,2019-06-24,2019-06-29,5
1172,8W3BEY90NK,16,2019-04-13,2019-04-20,7
1173,MWI3UQZNCM,428,2019-10-28,2019-11-04,7
1174,GVOLIACO1Q,180,2019-09-01,2019-09-03,2
1175,NSPJP1ZDPG,146,2019-11-04,2019-11-11,7
1176,RLEL1OEQPS,306,2019-01-24,2019-01-27,3
1177,PMZSTO3IXJ,325,2019-02-14,2019-02-17,3
1178,MOMOGQD4O6,431,2019-08-30,2019-08-31,1
1179,YRCJTRR8WG,354,2019-09-03,2019-09-04,1
1180,LIYVS5QFDA,269,2019-01-05,2019-01-10,5
1181,FIQFGJ8LNH,277,2019-06-16,2019-06-19,3
1182,GO71U39I6A,350,2019-04-08,2019-04-08,0
1183,ZZPGTWKMZ8,36,2019-09-13,2019-09-14,1
1184,MYDUTORS8C,143,2019-08-26,2019-08-28,2
1185,5B0VNYAS5J,23,2019-12-21,2019-12-28,7
1186,J49PHU3NB6,225,2019-04-10,2019-04-11,1
1187,WPCFMFMLYT,248,2019-10-19,2019-10-21,2
1188,FFGSXTDHQ7,50,2019-04-11,2019-04-17,6
1189,RM65WXJ1FT,362,2019-03-04,2019-03-11,7
1190,976U33GFCL,42,2019-01-14,2019-01-16,2
1191,T850450A79,355,2019-06-15,2019-06-17,2
1192,YL4KCCI853,110,2019-10-03,2019-10-04,1
1193,PGIEK7DOY0,359,2019-01-25,2019-01-31,6
1194,C10KEHLE2V,66,2019-03-23,2019-03-29,6
1195,CY5PU4I0JC,63,2019-04-02,2019-04-07,5
1196,P9MKQ1DN6K,80,2019-04-02,2019-04-08,6
1197,OZOX44TGZO,45,2019-09-12,2019-09-18,6
1198,K0724ID30D,426,2019-02-10,2019-02-10,0
1199,KWUO2LKQ5N,365,2019-03-03,2019-03-06,3
1200,TY9UG788BI,371,2019-11-13,2019-11-17,4
1201,0OYHY6Z4GQ,204,2019-02-06,2019-02-09,3
1202,9G9V87NNX5,42,2019-10-03,2019-10-09,6
1203,ZNM96SSWIU,305,2019-10-05,2019-10-05,0
1204,PYNLUE2OOQ,90,2019-07-03,2019-07-03,0
1205,T3GC6GS9A8,384,2019-03-22,2019-03-22,0
1206,UWPXNAWMBU,6,2019-07-12,2019-07-12,0
1207,30499I3BGU,15,2019-11-03,2019-11-08,5
1208,22LOTRPMRT,89,2019-06-05,2019-06-05,0
1209,9W14P56843,416,2019-12-16,2019-12-17,1
1210,K4FV96BRTB,83,2019-04-01,2019-04-02,1
1211,N1Z5Z036UL,285,2019-12-15,2019-12-15,0
1212,1T3UIEZOCT,362,2019-06-22,2019-06-25,3
1213,L59WN7BY3W,397,2019-06-08,2019-06-11,3
1214,MFQ3P495OV,268,2019-05-10,2019-05-10,0
1215,0C70Y0WBGR,21,2019-11-29,2019-12-03,4
1216,696G7RL7BX,142,2019-05-09,2019-05-12,3
1217,NXHP2E6EN0,147,2019-11-22,2019-11-27,5
1218,33EISDKXGE,189,2019-12-11,2019-12-11,0
1219,A6AEAOCJFA,95,2019-02-22,2019-02-25,3
1220,Y89CZD95YL,368,2019-12-26,2020-01-02,7
1221,PBR67923ZI,114,2019-06-10,2019-06-13,3
1222,QOWTATOS59,113,2019-01-18,2019-01-24,6
1223,YNH05BYWAX,87,2019-02-21,2019-02-22,1
1224,44SS1IZI5Q,81,2019-11-12,2019-11-16,4
1225,L0OT7N1689,130,2019-05-21,2019-05-22,1
1226,T6UIJDVN6O,27,2019-09-24,2019-09-27,3
1227,S8IBZQ456G,178,2019-10-31,2019-11-04,4
1228,LEK5EGTCHY,432,2019-07-02,2019-07-05,3
1229,8KG7LH696J,75,2019-09-16,2019-09-16,0
1230,TXCV4TJ32A,273,2019-08-16,2019-08-22,6
1231,O7Z0YYQKXM,64,2019-05-14,2019-05-19,5
1232,R4HH5PRL0O,310,2019-07-21,2019-07-28,7
1233,049Z7IXCAD,295,2019-01-26,2019-01-27,1
1234,6KS9FNYFB6,352,2019-12-01,2019-12-03,2
1235,4WRSULOUSL,291,2019-10-04,2019-10-06,2
1236,78PTS74W6U,324,2019-09-01,2019-09-08,7
1237,3O4M0RUHZW,318,2019-10-08,2019-10-14,6
1238,Q7U9N5D2SZ,320,2019-09-14,2019-09-21,7
1239,22AG2BULS7,73,2019-04-21,2019-04-24,3
1240,U95FVUXYCI,283,2019-05-26,2019-05-31,5
1241,YQCVTW37L9,60,2019-05-28,2019-05-31,3
1242,ZMLW8VRHS3,132,2019-02-04,2019-02-07,3
1243,CM1NJUUJL4,117,2019-07-13,2019-07-13,0
1244,J2P599RSW9,271,2019-04-26,2019-05-01,5
1245,JT1IOQOZ9U,275,2019-01-13,2019-01-13,0
1246,W49NUAWYN3,172,2019-09-24,2019-09-27,3
1247,X5BEBI8GSN,411,2019-08-26,2019-09-02,7
1248,UXW4X5R0C4,402,2019-09-13,2019-09-13,0
1249,T2RWGII6QE,39,2019-09-24,2019-09-26,2
1250,77ZMVFOYHM,233,2019-02-02,2019-02-09,7
1251,MRKKMSCNEZ,44,2019-10-01,2019-10-04,3
1252,WRR1HLVJ4K,282,2019-11-22,2019-11-24,2
1253,4NFY06OEO0,43,2019-02-15,2019-02-15,0
1254,S1GBBLC6N6,214,2019-10-31,2019-11-02,2
1255,0K7PTX83CV,277,2019-01-26,2019-01-31,5
1256,G3SF00XX85,26,2019-12-02,2019-12-08,6
1257,OFAO4RGFN7,405,2019-11-01,2019-11-03,2
1258,HNT9AOK2W2,157,2019-08-27,2019-08-29,2
1259,PPP5KABCRQ,167,2019-10-31,2019-11-06,6
1260,U08WODIVP3,270,2019-09-06,2019-09-07,1
1261,27STKPZNQ4,399,2019-06-07,2019-06-08,1
1262,E6EA4SZZ79,201,2019-01-05,2019-01-07,2
1263,E2LZHELS44,311,2019-06-14,2019-06-19,5
1264,6EP9UN27Z1,53,2019-04-26,2019-05-01,5
1265,YE6FXRVXON,406,2019-03-27,2019-04-02,6
1266,BFN19QHCLN,416,2019-11-03,2019-11-09,6
1267,9RD2WVRAUZ,422,2019-09-14,2019-09-17,3
1268,RXFE1UH2PF,413,2019-07-12,2019-07-14,2
1269,J4ABI3LELO,33,2019-08-31,2019-09-06,6
1270,7NNBUBUR2D,348,2019-10-27,2019-11-01,5
1271,LL7UF7P8JH,385,2019-05-30,2019-06-04,5
1272,J8FV1Q4RMZ,387,2019-01-03,2019-01-07,4
1273,014Z7VMP6O,332,2019-11-15,2019-11-19,4
1274,ZVM3JPAXT1,254,2019-05-31,2019-05-31,0
1275,N4VMQ6JHYB,357,2019-05-18,2019-05-22,4
1276,2K2YUP6BG4,14,2019-05-13,2019-05-20,7
1277,TG0FKHRA1E,363,2019-12-19,2019-12-24,5
1278,I7WDSID375,279,2019-12-31,2020-01-03,3
1279,6ZEAZOBAUA,83,2019-12-30,2020-01-04,5
1280,ATC9VJKDEX,251,2019-09-29,2019-10-05,6
1281,EO6HQ95HTZ,275,2019-03-17,2019-03-21,4
1282,9QCG0TSN0R,211,2019-11-07,2019-11-14,7
1283,575GM178WL,396,2019-03-30,2019-04-02,3
1284,HR7U7ZNSW5,115,2019-06-28,2019-06-29,1
1285,YTSHRTVQHU,24,2019-04-26,2019-04-27,1
1286,KEDEMXRNW0,175,2019-07-08,2019-07-14,6
1287,A26OVJC6YC,180,2019-03-19,2019-03-22,3
1288,DYT8VQRQ9F,406,2019-07-12,2019-07-14,2
1289,G33NWUK3LV,385,2019-03-02,2019-03-05,3
1290,9NIIF4YMOL,214,2019-12-07,2019-12-07,0
1291,6NV2WJZ0ZU,344,2019-01-28,2019-02-02,5
1292,0LNSBI685W,200,2019-10-19,2019-10-23,4
1293,OPONL6HKRW,196,2019-06-26,2019-06-29,3
1294,KW2T6ECMKH,25,2019-04-28,2019-04-29,1
1295,I7R22ILKKS,87,2019-05-27,2019-05-30,3
1296,KWTWB4443B,291,2019-03-27,2019-04-03,7
1297,KV5C62YH0A,128,2019-12-09,2019-12-09,0
1298,JPD606JNG9,308,2019-04-25,2019-05-01,6
1299,K9DWDOEG91,278,2019-09-25,2019-10-01,6
1300,OKI34W9U6W,89,2019-10-15,2019-10-20,5
1301,MB8GTE1CYV,132,2019-02-14,2019-02-16,2
1302,XKL8C6WJGV,422,2019-12-25,2020-01-01,7
1303,IV6VBNJ37X,20,2019-09-11,2019-09-15,4
1304,NINC8CF0Q3,199,2019-06-08,2019-06-13,5
1305,PFT07W44OR,14,2019-02-28,2019-03-01,1
1306,WK677431D0,128,2019-06-29,2019-07-04,5
1307,HS68R7VRYS,212,2019-05-07,2019-05-07,0
1308,VZX9XMM2WZ,84,2019-04-15,2019-04-21,6
1309,HCB6AHHKA5,273,2019-07-11,2019-07-13,2
1310,DO1DJYOIE9,147,2019-03-25,2019-03-30,5
1311,D60BGOEGTY,418,2019-07-28,2019-08-03,6
1312,XCLWITB303,274,2019-07-08,2019-07-13,5
1313,EI9FIXGYKY,240,2019-09-21,2019-09-21,0
1314,S1IVYCTC7X,287,2019-11-18,2019-11-18,0
1315,0XS2801Q6W,283,2019-02-20,2019-02-22,2
1316,TDSDTT7QAO,329,2019-04-11,2019-04-14,3
1317,FFWF9EZG24,174,2019-06-04,2019-06-05,1
1318,FNJCI4YGS5,382,2019-07-25,2019-07-30,5
1319,8XVTQ03YH2,39,2019-04-25,2019-04-29,4
1320,Z1LE62D5X7,208,2019-01-19,2019-01-23,4
1321,26CFO9DBT1,29,2019-02-02,2019-02-07,5
1322,SP4UB4UG9N,366,2019-08-07,2019-08-11,4
1323,JKVI9B4N04,73,2019-12-31,2020-01-06,6
1324,FCVV8WPLNS,378,2019-01-16,2019-01-18,2
1325,OAMR62OCMA,354,2019-11-29,2019-12-06,7
1326,BEW1GLPX1F,237,2019-05-17,2019-05-20,3
1327,JCL9TXEKS7,381,2019-02-11,2019-02-17,6
1328,CEMRRHICPR,364,2019-01-05,2019-01-07,2
1329,B5FFT0XBLH,291,2019-07-08,2019-07-13,5
1330,PVY1TUKURA,26,2019-03-04,2019-03-05,1
1331,D559L2YN8C,85,2019-06-18,2019-06-21,3
1332,NBC649PIVV,43,2019-08-29,2019-08-31,2
1333,EUPTK328WH,46,2019-08-25,2019-09-01,7
1334,ENQ9FCB34W,8,2019-01-26,2019-02-02,7
1335,PM5BQRE4YJ,152,2019-05-09,2019-05-13,4
1336,86JUOKJCPS,314,2019-11-27,2019-12-01,4
1337,9M4K0RSE2S,343,2019-03-27,2019-03-30,3
1338,09737NKBP2,221,2019-02-16,2019-02-18,2
1339,WLGTD4VDIF,8,2019-11-17,2019-11-23,6
1340,1O5U49YB6Y,288,2019-06-27,2019-06-27,0
1341,MP1NYBWBEN,384,2019-12-16,2019-12-22,6
1342,IF3SMAXYG5,116,2019-09-24,2019-09-29,5
1343,8XRPKKELH7,352,2019-06-23,2019-06-24,1
1344,3GGC4E2A80,334,2019-05-22,2019-05-29,7
1345,S792PA0PZN,341,2019-12-15,2019-12-22,7
1346,6RS2X8OWKY,370,2019-07-27,2019-07-29,2
1347,1P3AUG32JV,173,2019-01-21,2019-01-23,2
1348,HW5X8F3PPF,35,2019-04-26,2019-04-27,1
1349,G5CP7IFABH,355,2019-03-09,2019-03-12,3
1350,GZTIO780DF,298,2019-02-20,2019-02-22,2
1351,M3UVSR4JTK,36,2019-01-21,2019-01-27,6
1352,FOZ7M54W7F,308,2019-05-09,2019-05-10,1
1353,MDX2OD6E3D,173,2019-06-18,2019-06-23,5
1354,QQYQ0BLNSS,427,2019-11-18,2019-11-19,1
1355,YWV3U4AXRQ,276,2019-05-24,2019-05-31,7
1356,P7ZF1MZZQ7,37,2019-12-18,2019-12-22,4
1357,V924ERMGZJ,151,2019-02-20,2019-02-26,6
1358,SFSO81YTDB,266,2019-03-12,2019-03-13,1
1359,V0705CDNYP,277,2019-10-09,2019-10-16,7
1360,07QM9APGB4,348,2019-10-02,2019-10-04,2
1361,PS5IBJMST8,349,2019-05-17,2019-05-19,2
1362,S50837WZXU,405,2019-03-07,2019-03-12,5
1363,JL04VHLJQ2,360,2019-11-17,2019-11-23,6
1364,6923UBNKSS,266,2019-10-21,2019-10-26,5
1365,AQYS5STLNA,151,2019-01-08,2019-01-08,0
1366,4VF9DBOQSK,215,2019-07-30,2019-08-06,7
1367,I7UP5BOWU8,204,2019-09-27,2019-10-03,6
1368,SB3AJDRKV0,150,2019-04-05,2019-04-11,6
1369,PGWEZ3A7G1,228,2019-03-21,2019-03-23,2
1370,TGRCLPH779,288,2019-05-20,2019-05-27,7
1371,2UZOCHS90S,55,2019-08-06,2019-08-09,3
1372,GYKOJ33B20,187,2019-07-22,2019-07-29,7
1373,6RK530068I,248,2019-07-23,2019-07-26,3
1374,3G9CXRKNO3,7,2019-11-30,2019-11-30,0
1375,3B5X3COISV,366,2019-06-22,2019-06-23,1
1376,K5CZZFY2CV,372,2019-08-21,2019-08-27,6
1377,JEUL87KPRU,197,2019-09-04,2019-09-11,7
1378,OF69ZPPNK3,8,2019-10-03,2019-10-04,1
1379,UWN5BRY184,63,2019-08-25,2019-08-31,6
1380,EMTPUGGZ2G,77,2019-05-12,2019-05-17,5
1381,YOQ2ZHV0UX,277,2019-03-10,2019-03-10,0
1382,KZYW47OQ6E,341,2019-07-20,2019-07-20,0
1383,26SRNWO534,396,2019-07-07,2019-07-09,2
1384,QIG7868SZV,194,2019-07-08,2019-07-09,1
1385,W5MG6D89BM,375,2019-04-13,2019-04-19,6
1386,4ZWDRWKO6H,51,2019-05-12,2019-05-15,3
1387,FASOZU1IFR,30,2019-09-21,2019-09-22,1
1388,VB28G3898C,175,2019-03-20,2019-03-27,7
1389,31Q4RPJ2T7,81,2019-02-27,2019-03-06,7
1390,2FD998UDN9,217,2019-04-11,2019-04-11,0
1391,3724BSAR4W,61,2019-08-25,2019-08-30,5
1392,HQPTT7PYSY,163,2019-12-30,2020-01-02,3
1393,5D58SO5QD9,48,2019-05-15,2019-05-19,4
1394,X5NSIL0HSG,350,2019-09-28,2019-09-30,2
1395,33136XPFGS,368,2019-08-11,2019-08-18,7
1396,HF65YK70R5,319,2019-10-23,2019-10-23,0
1397,DBDVMN6ZM6,222,2019-03-15,2019-03-16,1
1398,IHWC5QJB1I,177,2019-01-09,2019-01-13,4
1399,NYZ4X8VGLS,348,2019-12-11,2019-12-17,6
1400,L3UKI5IV6T,414,2019-10-15,2019-10-18,3
1401,DMMNMT0178,74,2019-10-08,2019-10-12,4
1402,HQ1DJ5VTLW,47,2019-07-21,2019-07-25,4
1403,NF2AMENHB5,87,2019-07-20,2019-07-22,2
1404,C4CWQUAZN4,244,2019-04-26,2019-04-27,1
1405,RUNOX1ZKMJ,250,2019-08-31,2019-09-05,5
1406,PNLD98CATH,332,2019-10-01,2019-10-03,2
1407,PW10UG4T5I,399,2019-03-08,2019-03-12,4
1408,MPXD0XQTD4,152,2019-10-26,2019-10-29,3
1409,PYUE17NX24,86,2019-10-16,2019-10-17,1
1410,T9SN8L0GWX,422,2019-12-09,2019-12-09,0
1411,U3E7UEZENI,87,2019-12-30,2020-01-03,4
1412,DK19S2MEZP,242,2019-04-24,2019-04-24,0
1413,IJYATUGUDK,267,2019-09-04,2019-09-05,1
1414,U6KTDC3VO8,214,2019-09-27,2019-10-03,6
1415,LC6J0O7X9M,366,2019-01-10,2019-01-10,0
1416,DGBGZ3U6Q3,95,2019-04-22,2019-04-29,7
1417,BTV4KLU9LP,145,2019-11-01,2019-11-05,4
1418,IV0OSVI590,275,2019-07-18,2019-07-20,2
1419,VBI1F0SPNO,155,2019-06-06,2019-06-13,7
1420,ODQG2BLF1T,414,2019-06-02,2019-06-07,5
1421,N2LWF4SLLS,301,2019-08-05,2019-08-08,3
1422,5DONXGYLOU,131,2019-12-26,2019-12-27,1
1423,B7KUH1DFGR,100,2019-01-24,2019-01-24,0
1424,KFD75GYM9P,330,2019-05-25,2019-05-26,1
1425,0RDJFWJ49N,206,2019-08-01,2019-08-05,4
1426,0LNUUXVSXE,31,2019-09-11,2019-09-14,3
1427,I24CRJ9VGE,255,2019-06-20,2019-06-20,0
1428,RJP4B182G0,54,2019-02-23,2019-03-02,7
1429,A5IRQ1YPZ6,198,2019-11-21,2019-11-22,1
1430,OL3KEI1GGE,275,2019-09-23,2019-09-29,6
1431,VGBDTODNND,264,2019-10-08,2019-10-15,7
1432,B5L8AABS3K,141,2019-04-10,2019-04-16,6
1433,2E1S0V3O2A,83,2019-11-22,2019-11-28,6
1434,UF7XDPRHXC,83,2019-03-12,2019-03-14,2
1435,3DHUIGD97N,40,2019-11-16,2019-11-20,4
1436,JOWTJ5UDIX,17,2019-02-13,2019-02-14,1
1437,U8Y8G5IRY3,151,2019-11-13,2019-11-17,4
1438,3EOUZL6VB2,116,2019-07-26,2019-07-26,0
1439,1TUYSUWILF,41,2019-03-10,2019-03-17,7
1440,1INV9UT6XS,36,2019-09-16,2019-09-19,3
1441,3T02BOIHEC,296,2019-07-03,2019-07-03,0
1442,HG4MTMRF4R,210,2019-08-17,2019-08-18,1
1443,0FOMUIDRJT,166,2019-05-19,2019-05-24,5
1444,AK0831IFQS,269,2019-05-24,2019-05-27,3
1445,MWZ6DBYCEJ,269,2019-08-07,2019-08-09,2
1446,UZ56B27TFP,149,2019-12-28,2020-01-03,6
1447,S5VCL2EWIQ,157,2019-01-28,2019-01-28,0
1448,VTW1ULLQRI,276,2019-02-16,2019-02-20,4
1449,6FDHH102H9,41,2019-05-19,2019-05-26,7
1450,346OQFYRCA,34,2019-09-07,2019-09-14,7
1451,OJUFNGB50D,344,2019-11-22,2019-11-27,5
1452,WDUXDXW075,245,2019-05-29,2019-06-01,3
1453,PGZZ5UC87B,281,2019-06-09,2019-06-13,4
1454,KGPWN2ZEEY,21,2019-12-04,2019-12-08,4
1455,TIK5PLBWTC,278,2019-08-25,2019-08-29,4
1456,90P19KW5GL,72,2019-07-02,2019-07-08,6
1457,8XSE3QUHZ1,283,2019-06-15,2019-06-21,6
1458,9RFQZP4ELT,115,2019-12-01,2019-12-01,0
1459,IXRY0ITNSU,375,2019-11-19,2019-11-26,7
1460,GN4Z2RY7LN,35,2019-03-13,2019-03-13,0
1461,TB76Z90D6Z,164,2019-01-13,2019-01-20,7
1462,2O9YNM7AI5,69,2019-02-02,2019-02-03,1
1463,QMIUGUAWRM,324,2019-12-26,2019-12-30,4
1464,PDBFYDABCJ,207,2019-02-17,2019-02-17,0
1465,CDUDQPBC3D,30,2019-09-02,2019-09-04,2
1466,ZAEE917KDF,109,2019-05-26,2019-05-27,1
1467,7I3HI2DIKK,260,2019-02-02,2019-02-02,0
1468,KRUC2DH5QI,109,2019-08-17,2019-08-21,4
1469,LM1IHZ43Z8,343,2019-01-28,2019-02-04,7
1470,CIXOENSOW8,60,2019-10-07,2019-10-09,2
1471,EW4KSWK619,170,2019-05-24,2019-05-28,4
1472,5UG6JHNKIO,167,2019-03-15,2019-03-20,5
1473,QAI96CPPBY,361,2019-05-26,2019-06-01,6
1474,75GKI0WC4X,192,2019-11-22,2019-11-23,1
1475,O2TBNU6XXH,390,2019-11-03,2019-11-06,3
1476,01W8CU9BFH,120,2019-01-17,2019-01-23,6
1477,L6MGLQ9MM8,418,2019-10-14,2019-10-14,0
1478,I4H3F85Z9Q,345,2019-03-09,2019-03-15,6
1479,UK61FSDVYY,390,2019-09-10,2019-09-14,4
1480,A9S18CS31R,324,2019-03-03,2019-03-04,1
1481,OIO4NGD2OD,344,2019-11-02,2019-11-03,1
1482,KCJFI2AIX3,178,2019-01-21,2019-01-22,1
1483,7DR56D2R5C,104,2019-06-12,2019-06-17,5
1484,3GO8NPFUT9,292,2019-11-26,2019-11-27,1
1485,VTVNSCAD49,413,2019-02-19,2019-02-23,4
1486,KJ3MKV4XFZ,405,2019-10-19,2019-10-19,0
1487,H360ZZ2NYJ,26,2019-10-04,2019-10-11,7
1488,WVAZ6FL10C,428,2019-07-21,2019-07-25,4
1489,MVQCMGBOQ4,234,2019-11-21,2019-11-25,4
1490,36VRF8DZ46,295,2019-10-24,2019-10-27,3
1491,GUP5F3BBVR,238,2019-06-17,2019-06-22,5
1492,DLA0CEUGY2,205,2019-04-27,2019-05-02,5
1493,XUI848IIAN,253,2019-04-17,2019-04-17,0
1494,U0W6D56AVM,90,2019-11-14,2019-11-19,5
1495,OCEWJ88L4F,144,2019-06-03,2019-06-09,6
1496,GISXOEYCS7,222,2019-12-21,2019-12-22,1
1497,19OLPWH0IZ,109,2019-03-27,2019-03-28,1
1498,3IY6T0RKTC,313,2019-04-17,2019-04-23,6
1499,Z7SP0OWZO8,428,2019-07-17,2019-07-19,2
1500,5WVZ69N3G6,197,2019-07-15,2019-07-21,6
1501,NGDXEAUB41,401,2019-06-15,2019-06-16,1
1502,CX0B7T4Q3S,120,2019-11-06,2019-11-08,2
1503,CWC82GYSP5,357,2019-03-28,2019-03-29,1
1504,YYL2U1OGGF,144,2019-04-04,2019-04-09,5
1505,6EOQ0I052C,423,2019-05-01,2019-05-02,1
1506,71LMAS8TP8,29,2019-11-21,2019-11-25,4
1507,3EW1X8LOK8,311,2019-02-09,2019-02-14,5
1508,QPEH0AYMAO,316,2019-06-07,2019-06-09,2
1509,NBYRF38PWE,192,2019-08-09,2019-08-11,2
1510,0BQ2D1WNW6,63,2019-12-07,2019-12-07,0
1511,T4VZ7IZU70,109,2019-03-30,2019-04-05,6
1512,7X81NLDPSF,75,2019-08-20,2019-08-22,2
1513,FCAAW98YFM,261,2019-05-03,2019-05-09,6
1514,NXTWHKPHMI,66,2019-06-25,2019-06-26,1
1515,05JS5K1408,410,2019-04-13,2019-04-15,2
1516,GZHA14IFH6,408,2019-06-21,2019-06-23,2
1517,DWTC9ZE8R1,320,2019-02-14,2019-02-14,0
1518,GJULG82V5B,215,2019-09-08,2019-09-09,1
1519,ZB22ZVSAJT,19,2019-01-25,2019-01-29,4
1520,U4CYKIBRZS,421,2019-01-11,2019-01-11,0
1521,R45Y5R71XH,267,2019-11-01,2019-11-03,2
1522,YJGVLAJ7MG,23,2019-09-02,2019-09-02,0
1523,7MOT1A5D7O,287,2019-07-20,2019-07-25,5
1524,X30J5ZGTCL,180,2019-06-23,2019-06-29,6
1525,Q3HID5VUFZ,244,2019-08-15,2019-08-19,4
1526,PC9CTA3QVO,234,2019-12-02,2019-12-02,0
1527,Q29XGD1URI,236,2019-12-10,2019-12-14,4
1528,NAO2PTEHPZ,31,2019-10-28,2019-10-29,1
1529,ZZP38L92GG,280,2019-07-23,2019-07-25,2
1530,DDKURR9ORI,222,2019-12-16,2019-12-21,5
1531,PRMO4WRSYT,313,2019-04-16,2019-04-21,5
1532,PGF6CGXTSJ,46,2019-03-12,2019-03-13,1
1533,RHPGJC7OGC,100,2019-09-10,2019-09-17,7
1534,NGEGWTEGRM,196,2019-09-19,2019-09-23,4
1535,W7Z2UZSU6X,148,2019-10-03,2019-10-08,5
1536,R5KIIK2WMN,429,2019-03-21,2019-03-21,0
1537,1U8HUAJ56T,31,2019-08-10,2019-08-14,4
1538,O1DRVRM7PT,244,2019-11-27,2019-11-30,3
1539,MJMR4FAFJX,291,2019-03-25,2019-03-27,2
1540,TIQM23EAAK,54,2019-01-28,2019-01-31,3
1541,ZNKWUCOSQC,360,2019-11-07,2019-11-10,3
1542,DR80J0ED8V,339,2019-05-27,2019-05-28,1
1543,EIVE0SUUF3,223,2019-07-17,2019-07-21,4
1544,SU4F64SEI6,348,2019-03-19,2019-03-21,2
1545,YE1GDOVC34,76,2019-08-01,2019-08-04,3
1546,JYN1JGCFFQ,72,2019-12-13,2019-12-17,4
1547,KZOZ6FR8WD,186,2019-12-17,2019-12-17,0
1548,ITGDQJUIGD,226,2019-09-27,2019-09-30,3
1549,ZYGAKX6CP3,223,2019-12-20,2019-12-22,2
1550,ZY3K48U9HQ,156,2019-05-29,2019-06-04,6
1551,EACJ7B4U6H,326,2019-05-26,2019-05-26,0
1552,31OPMS7DKR,321,2019-12-19,2019-12-22,3
1553,Z78IW1ZI8S,361,2019-11-22,2019-11-28,6
1554,I1ZBK29H8E,165,2019-02-07,2019-02-12,5
1555,7P4CTCR4KH,291,2019-01-04,2019-01-06,2
1556,6F1H8RN4OU,264,2019-10-03,2019-10-10,7
1557,2U22YY39DH,175,2019-08-22,2019-08-27,5
1558,OZP64B54P8,156,2019-06-08,2019-06-15,7
1559,6MW76V7D5L,257,2019-08-02,2019-08-04,2
1560,79XMXRTR25,44,2019-10-03,2019-10-05,2
1561,JE1RB9MY84,420,2019-03-07,2019-03-12,5
1562,2Y2ZEPL0JQ,400,2019-11-02,2019-11-09,7
1563,3BPBDNOUN2,255,2019-04-10,2019-04-17,7
1564,ZWEVBPV2EY,198,2019-02-19,2019-02-20,1
1565,YBTQ5NCX41,254,2019-11-01,2019-11-07,6
1566,VDITHHKJKG,272,2019-08-17,2019-08-19,2
1567,3CX29IYGZP,409,2019-03-12,2019-03-14,2
1568,K5TCP7EU74,218,2019-04-30,2019-05-05,5
1569,2U4U3C81H7,35,2019-06-16,2019-06-16,0
1570,H68IINHEN6,312,2019-03-26,2019-03-28,2
1571,IIZ8ERC3E9,110,2019-10-18,2019-10-19,1
1572,0VM8PKXR0S,130,2019-03-02,2019-03-08,6
1573,0WLAXLW4HZ,239,2019-07-24,2019-07-27,3
1574,V286UOQQFD,389,2019-06-20,2019-06-23,3
1575,6NBOCKV5OV,88,2019-01-13,2019-01-13,0
1576,TMN2KETWQU,83,2019-08-10,2019-08-17,7
1577,P181O865O7,200,2019-09-06,2019-09-09,3
1578,18IDFA2WLW,115,2019-08-25,2019-08-26,1
1579,DPEAXIQUNZ,40,2019-10-27,2019-11-02,6
1580,EV7ZSNV9SA,264,2019-06-15,2019-06-18,3
1581,B2UON5KESD,185,2019-05-05,2019-05-06,1
1582,6GZFPVVSXX,26,2019-08-17,2019-08-22,5
1583,QYUET5F7ZS,286,2019-10-27,2019-10-31,4
1584,EPH2YHBG9Y,79,2019-12-16,2019-12-19,3
1585,DB1G2686TG,83,2019-04-03,2019-04-03,0
1586,VR776ND14U,110,2019-10-26,2019-10-28,2
1587,0HHYMVL46Q,398,2019-08-11,2019-08-14,3
1588,AWBQQOPCJX,252,2019-03-19,2019-03-23,4
1589,TRUR07XVU7,402,2019-05-21,2019-05-23,2
1590,JPIIE6DRMH,70,2019-03-08,2019-03-10,2
1591,T8KB15MQZ2,121,2019-07-16,2019-07-21,5
1592,H64RL0OSPN,429,2019-08-24,2019-08-26,2
1593,1O8FRQJL1T,76,2019-06-29,2019-07-03,4
1594,9LNOLAP0AU,20,2019-08-07,2019-08-09,2
1595,25C3FSPTDB,219,2019-02-17,2019-02-21,4
1596,0TC8XLP9TP,10,2019-01-28,2019-02-04,7
1597,894WB2F7EH,163,2019-08-28,2019-08-28,0
1598,MMH1MZHLJ7,181,2019-01-15,2019-01-18,3
1599,WHKPQSIAEF,81,2019-03-23,2019-03-28,5
1600,F4PPPIQ9QT,66,2019-10-05,2019-10-06,1
1601,4CW75NNG09,24,2019-03-26,2019-03-30,4
1602,PS0FU7S9MT,315,2019-07-08,2019-07-08,0
1603,19XLUYMZCM,200,2019-11-07,2019-11-12,5
1604,J5P3PTN1N7,150,2019-08-06,2019-08-11,5
1605,OWBI7DW2DI,83,2019-02-25,2019-03-03,6
1606,PK1FHV2670,167,2019-10-17,2019-10-24,7
1607,PH1PE0KPWW,288,2019-11-03,2019-11-05,2
1608,ZNKPSCPD0K,212,2019-10-24,2019-10-29,5
1609,98QXZ459G0,327,2019-02-12,2019-02-15,3
1610,50JJOC5F7U,210,2019-11-10,2019-11-14,4
1611,0RELRR23RQ,271,2019-10-14,2019-10-15,1
1612,VR27B26KIJ,154,2019-03-27,2019-03-28,1
1613,4E7BWXLEK9,403,2019-01-27,2019-01-27,0
1614,3W7NKF9FRF,191,2019-05-09,2019-05-10,1
1615,M4PEIZPCO9,162,2019-08-02,2019-08-05,3
1616,FOZN8WKOU9,428,2019-09-03,2019-09-07,4
1617,0H4IDQLKBS,185,2019-08-07,2019-08-12,5
1618,YIX8QVBEFE,206,2019-03-07,2019-03-10,3
1619,S8UEA67TM0,73,2019-04-07,2019-04-09,2
1620,N9V5U83L07,305,2019-03-26,2019-04-01,6
1621,TWHJODX63B,302,2019-09-07,2019-09-09,2
1622,SO3X8UWEZX,125,2019-05-28,2019-05-30,2
1623,QE097FHGQV,403,2019-08-04,2019-08-04,0
1624,ZE9ILHRKKE,317,2019-10-28,2019-10-30,2
1625,7X85UUDTCJ,197,2019-02-09,2019-02-14,5
1626,JFT8PMMC6N,111,2019-05-02,2019-05-08,6
1627,FIEU6VP845,286,2019-12-11,2019-12-13,2
1628,AV3P4IH2M5,313,2019-07-04,2019-07-05,1
1629,X8RKAT7W9Q,416,2019-11-20,2019-11-20,0
1630,8LJI8CI2VP,199,2019-02-03,2019-02-05,2
1631,2GBPF53E05,27,2019-10-28,2019-11-02,5
1632,HGV5IH1BFA,49,2019-08-16,2019-08-23,7
1633,086EZPBK1O,2,2019-04-22,2019-04-25,3
1634,SOGO81ZTK0,128,2019-11-09,2019-11-14,5
1635,C5JB1183BA,47,2019-07-28,2019-07-31,3
1636,32UUS937UU,114,2019-01-23,2019-01-24,1
1637,WMI85E4RLF,367,2019-11-07,2019-11-10,3
1638,G4H8THT958,145,2019-05-04,2019-05-10,6
1639,QCB0ZP1HQ4,197,2019-09-16,2019-09-16,0
1640,BTZOSH4XBI,226,2019-08-16,2019-08-22,6
1641,RJ07LIN2NO,262,2019-09-19,2019-09-20,1
1642,YLOIF7JQNU,381,2019-01-09,2019-01-09,0
1643,M8QG43AJ57,325,2019-03-30,2019-04-05,6
1644,7WLQGZMAM7,37,2019-07-23,2019-07-24,1
1645,SJSG3GY5BM,195,2019-04-25,2019-04-25,0
1646,AFAG6DI2V1,192,2019-09-04,2019-09-09,5
1647,5KIEEZKW07,282,2019-11-03,2019-11-10,7
1648,3I16W402F7,368,2019-08-14,2019-08-17,3
1649,PV2O16GJR5,381,2019-07-23,2019-07-28,5
1650,WS8VMFEB5M,75,2019-11-01,2019-11-07,6
1651,3LL8T8SI9R,326,2019-06-13,2019-06-13,0
1652,G35PHYZ1VW,273,2019-06-18,2019-06-18,0
1653,7SGKA0Z9AP,293,2019-05-23,2019-05-25,2
1654,TVUUPV09PS,185,2019-11-30,2019-12-02,2
1655,CB8W15Z06Q,177,2019-04-27,2019-05-01,4
1656,WVX2WOGAUZ,166,2019-04-01,2019-04-05,4
1657,7XT2L6DVH7,38,2019-04-12,2019-04-12,0
1658,P8XV9R98P9,349,2019-12-05,2019-12-09,4
1659,5YO6K5T364,186,2019-10-01,2019-10-05,4
1660,HM4JJSKLZY,37,2019-09-19,2019-09-23,4
1661,GH5U2J5W79,84,2019-03-26,2019-03-28,2
1662,GOC7EOILHB,91,2019-07-17,2019-07-21,4
1663,7YQ5ICUQU0,63,2019-03-10,2019-03-15,5
1664,JR9PCWKKUH,11,2019-09-29,2019-09-30,1
1665,LMYWI58NK4,297,2019-02-14,2019-02-18,4
1666,8DQJ1TKU2W,260,2019-01-01,2019-01-05,4
1667,RI2K0M7IPZ,380,2019-04-07,2019-04-08,1
1668,N3CA01T7PN,61,2019-02-20,2019-02-26,6
1669,BRTB37GT12,28,2019-07-01,2019-07-05,4
1670,D2D8U5P3SH,156,2019-03-05,2019-03-07,2
1671,4LJLR1FIIH,124,2019-11-09,2019-11-10,1
1672,3MAZA1FTOK,319,2019-10-28,2019-11-01,4
1673,YOHJCC71GT,38,2019-07-26,2019-07-31,5
1674,GFW0PJYM0K,179,2019-03-07,2019-03-08,1
1675,M3S0RVXBV4,105,2019-05-12,2019-05-14,2
1676,YWDOQ9FQUE,21,2019-02-14,2019-02-16,2
1677,7Q5V1Y177I,29,2019-12-15,2019-12-21,6
1678,K5DP8LDN7I,327,2019-07-29,2019-08-02,4
1679,8T0QN234TI,352,2019-04-17,2019-04-23,6
1680,CJTVGOPL25,394,2019-06-15,2019-06-16,1
1681,5KNJ52GONK,131,2019-12-30,2020-01-01,2
1682,OL81N4MANP,150,2019-10-12,2019-10-17,5
1683,6TRDGHCSW2,24,2019-01-08,2019-01-15,7
1684,IR7CYL9G0J,288,2019-05-01,2019-05-04,3
1685,1RKJ4IMR24,55,2019-11-24,2019-11-28,4
1686,1RFX7V5F9C,73,2019-08-30,2019-08-30,0
1687,5OG2Z1SDNI,401,2019-02-18,2019-02-18,0
1688,7WYK5DFIL6,111,2019-08-17,2019-08-21,4
1689,QLSSS1LDC2,371,2019-11-28,2019-12-04,6
1690,54P4NBT6Y9,246,2019-04-12,2019-04-19,7
1691,Q7BYUFJE76,190,2019-08-13,2019-08-18,5
1692,T3RKLUS4Y3,396,2019-06-03,2019-06-08,5
1693,GXS54ENS8H,319,2019-05-04,2019-05-09,5
1694,LM0AGER6RJ,128,2019-02-22,2019-02-28,6
1695,C50BQRZB2A,21,2019-10-16,2019-10-19,3
1696,1Z09PR6WIR,265,2019-11-02,2019-11-03,1
1697,XMVFIVWWC5,67,2019-08-15,2019-08-21,6
1698,PFDFI2ZT6V,130,2019-02-13,2019-02-14,1
1699,GXE7IGA0FD,22,2019-07-15,2019-07-16,1
1700,CVWJ55H4B8,294,2019-07-28,2019-07-31,3
1701,OLBAAV2KDQ,293,2019-11-09,2019-11-11,2
1702,CDBZ31IFZ4,319,2019-06-13,2019-06-17,4
1703,LGOYK0DV0I,346,2019-08-14,2019-08-17,3
1704,P0472KVVE1,374,2019-09-04,2019-09-07,3
1705,DMP46XQVVR,59,2019-07-22,2019-07-27,5
1706,0THDR4HTS2,197,2019-07-31,2019-08-01,1
1707,ED7H453UBI,380,2019-08-18,2019-08-20,2
1708,787TH28CJL,36,2019-11-13,2019-11-18,5
1709,KYYDYLL7R0,380,2019-08-29,2019-08-29,0
1710,PPX2V00WJI,375,2019-02-19,2019-02-20,1
1711,8DJ4L0QGYN,49,2019-09-10,2019-09-10,0
1712,FCT4HU3T0R,218,2019-11-20,2019-11-26,6
1713,R2BCXHPWCV,258,2019-05-31,2019-06-04,4
1714,C45WKMH99K,138,2019-05-31,2019-06-01,1
1715,NZKGR0WEHH,82,2019-03-11,2019-03-16,5
1716,H5MCE6DG1T,385,2019-02-27,2019-03-06,7
1717,KP89KV7OB0,356,2019-11-29,2019-12-06,7
1718,XD2DEDPAF4,352,2019-08-01,2019-08-05,4
1719,W33L4FIHN4,428,2019-07-15,2019-07-20,5
1720,A95MW8B8RF,128,2019-06-25,2019-07-01,6
1721,1MKO27CA95,103,2019-11-14,2019-11-16,2
1722,QHG5STJT29,362,2019-03-30,2019-04-01,2
1723,13OCJYV1LZ,203,2019-08-15,2019-08-21,6
1724,WJKRKN2CCI,222,2019-01-26,2019-01-28,2
1725,R3KXG0WQJ0,392,2019-07-23,2019-07-25,2
1726,3EGEBR81VA,242,2019-08-20,2019-08-20,0
1727,8IRQ78V58X,216,2019-05-10,2019-05-12,2
1728,ZFVN12K4CY,393,2019-09-30,2019-10-05,5
1729,SREMKGDTTL,201,2019-07-31,2019-08-02,2
1730,5DSMA6TYTR,102,2019-05-01,2019-05-05,4
1731,20YGG0YY6Z,122,2019-01-14,2019-01-21,7
1732,R3JMPNTPYN,377,2019-04-25,2019-04-28,3
1733,1DT4UVI3XY,21,2019-06-11,2019-06-12,1
1734,NQK5KZQ75Y,168,2019-08-08,2019-08-11,3
1735,AF90289A61,12,2019-05-02,2019-05-02,0
1736,NCV5ZUVKH2,423,2019-04-03,2019-04-07,4
1737,8N1CGV4VN5,363,2019-08-21,2019-08-27,6
1738,3XCGS7NV7W,431,2019-01-12,2019-01-15,3
1739,C0L7CJOCRU,233,2019-11-28,2019-12-01,3
1740,Z6YQKSKI4F,233,2019-07-12,2019-07-14,2
1741,FXLNRKDC87,3,2019-02-20,2019-02-27,7
1742,E7HSA3HT8F,408,2019-11-11,2019-11-13,2
1743,33ADWKDQFA,425,2019-03-22,2019-03-22,0
1744,O3B454N0E1,357,2019-04-07,2019-04-14,7
1745,NJBZQG5W8X,264,2019-11-04,2019-11-06,2
1746,2RYILQV4NW,224,2019-01-25,2019-02-01,7
1747,OQ85LPYHZ6,223,2019-07-21,2019-07-25,4
1748,QYIAH4MPEQ,427,2019-06-26,2019-07-03,7
1749,1Z6T5RE0NU,49,2019-01-13,2019-01-20,7
1750,SD3EJ5DPEJ,285,2019-11-09,2019-11-10,1
1751,0528CNPP77,303,2019-05-18,2019-05-18,0
1752,O1UVKQEXV7,128,2019-12-24,2019-12-24,0
1753,SWR3POTHXZ,28,2019-02-04,2019-02-10,6
1754,F7EZ8R4E85,133,2019-12-23,2019-12-23,0
1755,QMSD0VD78F,96,2019-05-10,2019-05-16,6
1756,0SR2ZTEM5V,213,2019-02-09,2019-02-12,3
1757,J2IE33US47,213,2019-08-07,2019-08-08,1
1758,NVRID66MF9,34,2019-03-05,2019-03-08,3
1759,21VPNQNZGX,261,2019-11-30,2019-12-02,2
1760,BX4VFI9SEP,174,2019-11-12,2019-11-14,2
1761,M7B71946AU,108,2019-06-28,2019-07-05,7
1762,D1RU5TBSIW,286,2019-07-05,2019-07-07,2
1763,21FOFQW48K,219,2019-10-05,2019-10-07,2
1764,DY814036OW,270,2019-03-26,2019-04-02,7
1765,F4DVG6R6MU,421,2019-10-05,2019-10-11,6
1766,FZ81N3U1QW,46,2019-12-20,2019-12-24,4
1767,7SUEBKFL8V,258,2019-12-05,2019-12-09,4
1768,MGV3VLJON2,150,2019-12-10,2019-12-13,3
1769,TF90IOCNP7,41,2019-11-08,2019-11-15,7
1770,I6NUWRSHPS,368,2019-10-18,2019-10-21,3
1771,N7JTR95IWQ,288,2019-05-20,2019-05-24,4
1772,D6GEODOSJH,263,2019-03-27,2019-04-01,5
1773,XF6O4Y8ZY2,112,2019-01-19,2019-01-21,2
1774,6FGETSAMBX,282,2019-07-18,2019-07-21,3
1775,BLY34ZGP4A,212,2019-02-24,2019-02-28,4
1776,GTCS1N05NK,378,2019-12-29,2020-01-02,4
1777,S0MYE7U1TE,75,2019-09-04,2019-09-07,3
1778,9DIE6UH8W5,207,2019-06-23,2019-06-26,3
1779,SYXJO3XP4A,276,2019-08-04,2019-08-05,1
1780,T0OFJ7DYOK,408,2019-07-06,2019-07-11,5
1781,7FTL8JLKQ3,82,2019-06-21,2019-06-26,5
1782,ZXUH7LOYTI,283,2019-06-20,2019-06-25,5
1783,Y9BHX2OTY0,273,2019-09-19,2019-09-24,5
1784,AYCZPGJUTP,99,2019-02-10,2019-02-14,4
1785,HCNEUKAGXP,422,2019-10-24,2019-10-25,1
1786,9UQGMLRG6H,24,2019-01-27,2019-01-29,2
1787,TRY3AH2EJL,223,2019-05-26,2019-05-27,1
1788,JR0PEIWSKQ,297,2019-12-16,2019-12-20,4
1789,1K2D1FCTT8,68,2019-07-30,2019-08-02,3
1790,KG3APQOMXS,89,2019-08-07,2019-08-14,7
1791,V14E5OQFA1,379,2019-05-03,2019-05-04,1
1792,9RY27NIZA9,281,2019-09-12,2019-09-18,6
1793,9M5T6T50W2,275,2019-05-01,2019-05-01,0
1794,HIUZIIYGZG,325,2019-02-01,2019-02-05,4
1795,YPWNRW57G3,91,2019-05-02,2019-05-03,1
1796,W5YQ14XO19,40,2019-07-25,2019-07-30,5
1797,CO5D1YTFY4,265,2019-04-12,2019-04-14,2
1798,YY02E3FSLQ,194,2019-10-17,2019-10-24,7
1799,FENWH8C577,289,2019-04-24,2019-04-24,0
1800,HDR66YYD8G,366,2019-10-06,2019-10-06,0
1801,HAHA642BQW,77,2019-03-13,2019-03-15,2
1802,UWJLMATCFA,327,2019-03-31,2019-04-02,2
1803,70HOG0RTLM,309,2019-09-06,2019-09-12,6
1804,SHU2H3S30U,281,2019-01-13,2019-01-13,0
1805,GW5PW4W8ZU,68,2019-03-30,2019-04-05,6
1806,RVUVVYKNKY,72,2019-03-08,2019-03-10,2
1807,E2F4L4Q9RW,3,2019-05-21,2019-05-25,4
1808,O3S3YUOMFS,288,2019-12-23,2019-12-23,0
1809,K5VZ3QCNZS,210,2019-03-26,2019-04-02,7
1810,A3BHKP6V4P,127,2019-08-30,2019-09-02,3
1811,O4ZP4CZQM0,380,2019-05-03,2019-05-03,0
1812,UC5DGX2UU9,374,2019-10-26,2019-10-28,2
1813,PGGR8T79AC,431,2019-10-29,2019-10-30,1
1814,C55OTQPHE2,434,2019-04-03,2019-04-04,1
1815,DPDHHGFAYY,335,2019-04-05,2019-04-08,3
1816,94JR1RI09V,22,2019-06-11,2019-06-16,5
1817,ZCXDIGPBUC,243,2019-03-28,2019-03-30,2
1818,TL0KR24FYL,229,2019-01-22,2019-01-28,6
1819,KLH51FLOOI,110,2019-01-02,2019-01-02,0
1820,R9Q1GJYVL6,93,2019-01-16,2019-01-16,0
1821,LBVTES81HK,403,2019-11-10,2019-11-14,4
1822,RJIUNILYY0,265,2019-06-29,2019-07-04,5
1823,63W9UPNTPG,181,2019-07-23,2019-07-26,3
1824,DNE6B68WJN,253,2019-11-14,2019-11-14,0
1825,1SKZGLZ8QJ,182,2019-07-27,2019-07-30,3
1826,7VXVPSROGD,334,2019-12-17,2019-12-18,1
1827,R1J8TI9RMQ,345,2019-11-20,2019-11-21,1
1828,NP5IQRBWC3,51,2019-07-04,2019-07-11,7
1829,0NYODTXFJA,73,2019-07-12,2019-07-12,0
1830,AXM2P2W0Y6,342,2019-12-20,2019-12-23,3
1831,50LAKPGI7R,237,2019-03-18,2019-03-20,2
1832,Q22FFK3PT3,206,2019-01-27,2019-01-27,0
1833,WOYX83V0E4,259,2019-11-07,2019-11-12,5
1834,3BEJND6O9N,10,2019-12-10,2019-12-17,7
1835,CDYUUCMIGO,19,2019-08-15,2019-08-15,0
1836,ZPIW8R0XEY,30,2019-08-10,2019-08-15,5
1837,L87CLBLF5S,329,2019-02-24,2019-02-27,3
1838,YFQ4LVD98E,153,2019-11-12,2019-11-15,3
1839,AO66RJJB1K,268,2019-08-05,2019-08-09,4
1840,AYD1MT70MR,282,2019-09-12,2019-09-12,0
1841,7IH8O3M95M,66,2019-07-14,2019-07-18,4
1842,2KKUJ1TJYO,283,2019-10-03,2019-10-08,5
1843,P6G36I3HYY,156,2019-04-23,2019-04-28,5
1844,O7CSL5WFZJ,409,2019-05-15,2019-05-21,6
1845,OJ95XJEON5,429,2019-05-17,2019-05-19,2
1846,7GI444RRV9,250,2019-07-28,2019-07-28,0
1847,QLPPPA2VZL,393,2019-03-29,2019-04-03,5
1848,4B33FP9M4K,412,2019-06-03,2019-06-07,4
1849,ZE741YQEY5,365,2019-02-15,2019-02-19,4
1850,M8IYL9EJVD,363,2019-07-20,2019-07-24,4
1851,L9YY0VT2SV,112,2019-11-01,2019-11-01,0
1852,AXMN0BV77N,156,2019-11-14,2019-11-20,6
1853,DSDE2ISBLH,62,2019-01-26,2019-01-30,4
1854,48U9ACOMUL,34,2019-10-10,2019-10-14,4
1855,WSDU5HF4HH,277,2019-09-17,2019-09-24,7
1856,UNW024Q5IY,21,2019-12-23,2019-12-26,3
1857,JFIQA3GFCM,249,2019-07-13,2019-07-18,5
1858,79VKS1LS2M,78,2019-04-13,2019-04-18,5
1859,2XX0V1SF23,233,2019-02-27,2019-03-03,4
1860,3LWWGI7SF9,19,2019-12-20,2019-12-24,4
1861,PURCYXNXBX,75,2019-06-30,2019-07-07,7
1862,S31H168HC8,284,2019-04-10,2019-04-15,5
1863,YSR1CQT03W,18,2019-09-15,2019-09-19,4
1864,I82II0UBU5,1,2019-01-03,2019-01-09,6
1865,TNYGIXCDNX,311,2019-09-05,2019-09-12,7
1866,UZCA8HLVGJ,115,2019-07-20,2019-07-22,2
1867,V5E44MB0GJ,180,2019-03-28,2019-04-04,7
1868,EI2DSGJORT,133,2019-05-11,2019-05-13,2
1869,W5PPHBUTOZ,195,2019-05-13,2019-05-14,1
1870,UGD8VC0JHE,257,2019-06-10,2019-06-11,1
1871,GB64OY9HR5,9,2019-10-27,2019-10-31,4
1872,E89HJRZF0Q,309,2019-10-13,2019-10-15,2
1873,5BPXZHLNSQ,209,2019-10-30,2019-11-01,2
1874,VC00I46XCQ,373,2019-02-15,2019-02-18,3
1875,6CVPFLT4H2,343,2019-01-20,2019-01-27,7
1876,NIYZXTL4E3,302,2019-11-01,2019-11-02,1
1877,OTKIL8C4LO,106,2019-05-04,2019-05-09,5
1878,2K3DLKQECI,418,2019-05-01,2019-05-08,7
1879,7BAJFHJ8MO,108,2019-08-22,2019-08-28,6
1880,Q4H48RYF1G,182,2019-04-15,2019-04-17,2
1881,FTCXULK4NI,76,2019-07-01,2019-07-07,6
1882,50TNAVIIRE,348,2019-03-23,2019-03-25,2
1883,X5H7T8MZUS,365,2019-08-25,2019-08-29,4
1884,0XRMUVSMDA,412,2019-05-01,2019-05-03,2
1885,DY9C954PE3,80,2019-02-19,2019-02-24,5
1886,I2LYRKUT1T,285,2019-02-19,2019-02-26,7
1887,40GGP9I1LQ,261,2019-05-31,2019-06-06,6
1888,9M10MEV4L1,317,2019-06-09,2019-06-15,6
1889,IIF8CWWA4T,341,2019-06-13,2019-06-13,0
1890,EMCLRXGU09,88,2019-01-03,2019-01-03,0
1891,KPQ8N2NOE2,198,2019-04-23,2019-04-26,3
1892,0DYZVUCAGI,33,2019-06-09,2019-06-09,0
1893,97B6PM0100,431,2019-02-23,2019-02-27,4
1894,XWBR8MGHWA,36,2019-09-11,2019-09-12,1
1895,U6A1EYUXWZ,121,2019-10-24,2019-10-26,2
1896,TZBT38S8D1,184,2019-12-22,2019-12-25,3
1897,D8Q2OFBBPC,169,2019-08-26,2019-09-01,6
1898,XPMDEYBD16,108,2019-08-13,2019-08-16,3
1899,1W555LJUVT,170,2019-06-28,2019-06-28,0
1900,L4XKFGXE0U,248,2019-07-25,2019-07-30,5
1901,H7HN4QO4N6,28,2019-06-06,2019-06-06,0
1902,B6VJONDZ9A,19,2019-11-03,2019-11-07,4
1903,KW4K6G2XWA,434,2019-12-26,2019-12-26,0
1904,9TXX8X4U3L,366,2019-12-29,2020-01-03,5
1905,0Y3SCH7RA7,83,2019-02-04,2019-02-10,6
1906,55BJRW03M9,23,2019-08-19,2019-08-21,2
1907,C0Y0E4MXYF,107,2019-12-01,2019-12-07,6
1908,VGBKY5J272,126,2019-10-08,2019-10-12,4
1909,J0FNNZ64FO,225,2019-12-23,2019-12-30,7
1910,N08XU6KRQG,223,2019-11-28,2019-11-28,0
1911,2PHG9HJUKR,143,2019-09-13,2019-09-13,0
1912,OFPPW6MHIY,297,2019-04-24,2019-05-01,7
1913,10O7FJET7F,321,2019-08-01,2019-08-08,7
1914,0YDZBACHJZ,137,2019-07-04,2019-07-09,5
1915,DCCKJL26Q2,249,2019-02-25,2019-02-26,1
1916,E6KUVHLK04,396,2019-11-20,2019-11-23,3
1917,VVTX8MAZN4,338,2019-05-01,2019-05-03,2
1918,19930CBXPF,95,2019-08-15,2019-08-21,6
1919,5R36CSXO44,17,2019-10-19,2019-10-23,4
1920,TVNHWZWLOO,370,2019-06-25,2019-07-02,7
1921,81Q7V4T5ED,252,2019-09-18,2019-09-19,1
1922,ES7UBCDY5V,146,2019-10-25,2019-10-28,3
1923,T6X0NFANXS,157,2019-08-06,2019-08-12,6
1924,3D8XE8KWV8,257,2019-03-19,2019-03-19,0
1925,ZYNSWOJ6KO,245,2019-03-10,2019-03-15,5
1926,69KP41JKVO,221,2019-01-03,2019-01-04,1
1927,9NA6FQ7YHT,245,2019-12-10,2019-12-12,2
1928,OBUMF4FQPT,173,2019-04-12,2019-04-17,5
1929,QHSYXI6OU3,231,2019-05-21,2019-05-23,2
1930,Y7TPBSQCY8,259,2019-12-28,2019-12-28,0
1931,PWCMUBQVWE,401,2019-12-26,2019-12-28,2
1932,8WKNUGJZ54,58,2019-07-17,2019-07-21,4
1933,M2JPF8SBXB,101,2019-12-10,2019-12-17,7
1934,U0GRULY43A,269,2019-08-01,2019-08-01,0
1935,KJKFIFI21L,301,2019-11-08,2019-11-09,1
1936,K8II83XIOB,408,2019-09-05,2019-09-11,6
1937,NAN2DKCF4R,11,2019-02-27,2019-03-02,3
1938,12YMOZKA7H,141,2019-05-06,2019-05-10,4
1939,H0MDMV0OAE,107,2019-10-23,2019-10-29,6
1940,PIAGAO1JW8,373,2019-06-25,2019-06-25,0
1941,HUJS19JF55,374,2019-02-18,2019-02-24,6
1942,A39UW4E8VW,220,2019-11-27,2019-12-04,7
1943,P6PFNOMP1J,205,2019-08-30,2019-09-03,4
1944,X4S27F4VBE,191,2019-07-23,2019-07-23,0
1945,3MCO8LIUYB,65,2019-03-13,2019-03-19,6
1946,ISBTNM1S61,265,2019-04-12,2019-04-19,7
1947,3PMYQ35GA5,22,2019-02-17,2019-02-24,7
1948,EEKFUJSPCP,366,2019-12-28,2019-12-28,0
1949,LC7DKESHM3,429,2019-01-29,2019-01-29,0
1950,7WYE1S3VR1,132,2019-08-18,2019-08-21,3
1951,25VJF63ANT,154,2019-12-07,2019-12-13,6
1952,ZA8ETMIZM8,408,2019-02-08,2019-02-15,7
1953,8ZCWNTZ9M8,80,2019-04-27,2019-04-29,2
1954,M91O0MGU77,325,2019-11-10,2019-11-15,5
1955,DT61E69HJ8,56,2019-05-09,2019-05-12,3
1956,W2SSAQVXOW,408,2019-12-16,2019-12-20,4
1957,PT4PFOCS06,200,2019-12-22,2019-12-28,6
1958,GOYKRIYKNM,127,2019-11-21,2019-11-26,5
1959,HR8WXL1F14,25,2019-05-31,2019-06-04,4
1960,1QXE8MJUSL,332,2019-04-16,2019-04-18,2
1961,EMVB6U2RWY,64,2019-05-29,2019-05-30,1
1962,VELWP17VXP,388,2019-11-13,2019-11-16,3
1963,BZ2YUZGVEZ,227,2019-06-16,2019-06-17,1
1964,YQY23DIPGN,168,2019-12-13,2019-12-15,2
1965,OWWX7FWBE6,282,2019-05-20,2019-05-20,0
1966,SEW6DF408I,11,2019-11-17,2019-11-22,5
1967,D2MWTR4JLK,133,2019-10-23,2019-10-23,0
1968,SUO3PDD3K7,204,2019-03-07,2019-03-09,2
1969,5TUI8M6GFZ,294,2019-04-19,2019-04-19,0
1970,FQ1FQ3NH7A,290,2019-06-23,2019-06-25,2
1971,V1845M3MIU,232,2019-10-26,2019-11-01,6
1972,0Y3PP4ALU7,55,2019-02-22,2019-02-22,0
1973,IRSZS73TV4,27,2019-08-09,2019-08-12,3
1974,N2LGB9TWBJ,53,2019-08-03,2019-08-08,5
1975,K0WWQTJWF2,189,2019-10-18,2019-10-19,1
1976,X40RSSRYRJ,396,2019-10-05,2019-10-09,4
1977,9ZYNKU8QDA,144,2019-04-25,2019-05-01,6
1978,WC95XJ2J71,151,2019-08-05,2019-08-09,4
1979,UOURYBAVAD,52,2019-11-16,2019-11-22,6
1980,1Z707A5S1M,26,2019-04-19,2019-04-24,5
1981,PWIMJ40YP7,112,2019-07-28,2019-08-02,5
1982,8H91C75ITT,208,2019-09-07,2019-09-09,2
1983,VAMDBSYDUW,296,2019-08-04,2019-08-05,1
1984,MNZK1RZHRG,204,2019-09-28,2019-09-30,2
1985,DEVW9AUKNL,370,2019-02-27,2019-03-05,6
1986,DF9YQE2TYB,346,2019-10-15,2019-10-17,2
1987,I1LTN6WGN9,296,2019-06-10,2019-06-11,1
1988,BJQEYWFY1Z,5,2019-03-16,2019-03-17,1
1989,Z6JVSPY1C0,314,2019-10-10,2019-10-11,1
1990,UNC1JGDRU4,418,2019-08-23,2019-08-30,7
1991,UF6JFO1TDB,76,2019-01-15,2019-01-20,5
1992,GGR2PU9MXA,173,2019-12-06,2019-12-07,1
1993,CV5ZHNUPVY,273,2019-03-26,2019-03-26,0
1994,571TCBR2PI,41,2019-06-21,2019-06-26,5
1995,HEK0XCF9I1,46,2019-09-08,2019-09-14,6
1996,EKCAYTS3FB,238,2019-04-28,2019-05-01,3
1997,767D5VF5Q1,82,2019-03-28,2019-04-03,6
1998,WIYBC0XRBR,287,2019-10-21,2019-10-24,3
1999,PQUDGJWQHX,238,2019-01-06,2019-01-09,3
2000,AUC92F3S71,406,2019-10-14,2019-10-20,6
2001,LU5ONDVKC9,309,2019-08-15,2019-08-18,3
2002,AJ5188ZMVG,22,2019-04-26,2019-04-29,3
2003,E56SMI9AHB,264,2019-01-12,2019-01-13,1
2004,B5RG7XO1EH,352,2019-05-21,2019-05-26,5
2005,KVZASMURPS,233,2019-10-28,2019-11-04,7
2006,X0AWMDZ9RR,310,2019-10-05,2019-10-08,3
2007,BE1N8HLWWW,413,2019-09-24,2019-09-25,1
2008,584XQQKT9W,247,2019-07-20,2019-07-23,3
2009,OHUCJGRKZ6,306,2019-01-26,2019-01-26,0
2010,8BRFACVCAS,16,2019-12-01,2019-12-03,2
2011,2Y3XW19W9B,345,2019-10-17,2019-10-24,7
2012,7B10E8YB2U,362,2019-01-22,2019-01-24,2
2013,03G7SDU6QL,40,2019-12-02,2019-12-02,0
2014,N9SZDMCI1E,46,2019-01-03,2019-01-08,5
2015,Q2688LWAQX,199,2019-06-16,2019-06-21,5
2016,6YP8Q0MAPV,425,2019-07-11,2019-07-11,0
2017,7578CNNMIZ,143,2019-08-30,2019-09-03,4
2018,ZU0XLP3UO9,294,2019-03-16,2019-03-20,4
2019,TRM9L281SI,36,2019-10-31,2019-10-31,0
2020,XP267ZQQV7,341,2019-03-24,2019-03-31,7
2021,CJ7G22GH4O,254,2019-04-02,2019-04-04,2
2022,9K9Q5RDU1W,247,2019-12-04,2019-12-04,0
2023,1CPEVLZANI,239,2019-09-11,2019-09-16,5
2024,FNCK6QVAVB,24,2019-08-30,2019-09-06,7
2025,4DJ9QCOMWK,234,2019-04-11,2019-04-17,6
2026,7FO2K0INUH,417,2019-11-17,2019-11-20,3
2027,FCOUZPJRXG,75,2019-01-22,2019-01-28,6
2028,2YLCD5J3VD,251,2019-06-03,2019-06-03,0
2029,GUZB32A579,224,2019-07-20,2019-07-25,5
2030,88EA0RE6TM,164,2019-09-21,2019-09-26,5
2031,2KKW85BH7X,232,2019-07-21,2019-07-27,6
2032,HCXYSJPBJ3,177,2019-07-14,2019-07-20,6
2033,DV4AQW6DE2,191,2019-03-13,2019-03-13,0
2034,9LYI4BT3EZ,246,2019-12-10,2019-12-10,0
2035,CK3VYAZK8B,248,2019-02-22,2019-02-22,0
2036,YLE9QFIK4I,91,2019-01-04,2019-01-05,1
2037,96FKHESZVB,373,2019-01-30,2019-01-31,1
2038,NXIOK4EGD4,88,2019-07-07,2019-07-08,1
2039,DXR14FG7QF,205,2019-11-07,2019-11-13,6
2040,VLLHFEM3XP,313,2019-04-17,2019-04-23,6
2041,U1YBP00IDA,215,2019-08-22,2019-08-24,2
2042,1DJZNBAJ3O,253,2019-06-05,2019-06-09,4
2043,HKMZB0P7K2,116,2019-02-15,2019-02-19,4
2044,KJ2OWOP5C1,49,2019-03-11,2019-03-16,5
2045,0QIA7Q55TI,414,2019-10-24,2019-10-24,0
2046,6MWUE6LXNA,117,2019-05-25,2019-05-31,6
2047,FJ6GECHVXL,349,2019-01-08,2019-01-11,3
2048,Q44ASYCCZX,95,2019-03-25,2019-03-27,2
2049,O8BW89OH5W,164,2019-01-16,2019-01-18,2
2050,5LCL90KX9Q,103,2019-01-20,2019-01-21,1
2051,8A0IL9SBLT,268,2019-12-31,2019-12-31,0
2052,RMNMHHCPXC,252,2019-09-21,2019-09-24,3
2053,XCKCS8QB72,51,2019-07-11,2019-07-13,2
2054,4WACCS2VUN,362,2019-07-11,2019-07-16,5
2055,SXH5FGUZ4L,255,2019-08-08,2019-08-08,0
2056,BE5M21SMD1,401,2019-08-26,2019-08-31,5
2057,OFGLWSQ9X3,388,2019-06-23,2019-06-26,3
2058,55WGCTGSQE,387,2019-03-06,2019-03-08,2
2059,LE5F11FAQ9,251,2019-09-29,2019-10-01,2
2060,YTIXIKNU3D,343,2019-11-17,2019-11-21,4
2061,PSC6TT4ASK,373,2019-04-20,2019-04-21,1
2062,PZ2H3IU38O,257,2019-11-01,2019-11-07,6
2063,HXNBT4MGZG,274,2019-02-05,2019-02-10,5
2064,1U5FJWQY8O,370,2019-04-20,2019-04-25,5
2065,F739JPKYKB,390,2019-02-05,2019-02-08,3
2066,OFCRBMRDVA,116,2019-05-21,2019-05-23,2
2067,HC6O9206Q7,184,2019-02-25,2019-02-27,2
2068,8I1SKTDZTI,153,2019-05-01,2019-05-06,5
2069,HBD57VJ9QH,337,2019-11-12,2019-11-19,7
2070,VZXVDTQFEG,190,2019-05-15,2019-05-22,7
2071,CY6GV719MZ,69,2019-07-27,2019-08-01,5
2072,UEFBVU07KQ,398,2019-09-25,2019-09-28,3
2073,24CIX5OQ68,131,2019-06-20,2019-06-21,1
2074,31AJ9QJWCS,304,2019-09-07,2019-09-07,0
2075,2IDGGHF12F,177,2019-01-27,2019-01-30,3
2076,TM56YX4NK5,248,2019-12-14,2019-12-17,3
2077,ODQN4I7BTX,131,2019-05-26,2019-05-30,4
2078,VZV4KGK4CI,260,2019-03-27,2019-03-27,0
2079,Z5YEKVH0K8,189,2019-03-28,2019-04-04,7
2080,MZ28OO28JJ,138,2019-03-25,2019-03-26,1
2081,EYQM2BBS9Z,125,2019-12-15,2019-12-16,1
2082,GCW3U6MOHV,408,2019-09-29,2019-10-02,3
2083,04YE1P3P3W,276,2019-01-05,2019-01-10,5
2084,BF61G8G7BD,186,2019-07-21,2019-07-21,0
2085,7X95CD3OK3,102,2019-12-24,2019-12-29,5
2086,Y2B6HK5ES9,279,2019-10-22,2019-10-26,4
2087,5UDET4O7E6,202,2019-10-08,2019-10-08,0
2088,PV7JMFE0ED,191,2019-09-24,2019-09-30,6
2089,CURH2V36VH,353,2019-09-29,2019-10-01,2
2090,2QC4LFC4W7,4,2019-08-09,2019-08-14,5
2091,9AHSOAVT3J,51,2019-02-20,2019-02-24,4
2092,ITFY4093ZC,430,2019-02-22,2019-02-28,6
2093,QB02975MS7,362,2019-03-16,2019-03-18,2
2094,5MOA0P35CH,173,2019-09-02,2019-09-02,0
2095,THPNRXTDF8,69,2019-07-05,2019-07-12,7
2096,1QDMC0P3VL,15,2019-12-14,2019-12-20,6
2097,REAPUK8CMV,17,2019-04-20,2019-04-22,2
2098,SSXR65598N,293,2019-06-23,2019-06-30,7
2099,PPE50IAGO1,119,2019-06-29,2019-07-02,3
2100,WTAM0C9ZL8,121,2019-08-16,2019-08-20,4
2101,TM5WL11RZO,175,2019-06-18,2019-06-24,6
2102,LJ5FJ47KJU,138,2019-01-19,2019-01-20,1
2103,3SDYSXD8XM,327,2019-10-29,2019-11-05,7
2104,POUP8SIW2P,253,2019-04-09,2019-04-09,0
2105,LPKNYTM44U,244,2019-05-17,2019-05-21,4
2106,0Z1K1U912S,222,2019-11-20,2019-11-22,2
2107,9SRJ9B33BA,163,2019-06-09,2019-06-15,6
2108,O6CCDXOWZD,400,2019-11-19,2019-11-19,0
2109,CUABIL4VIB,313,2019-12-24,2019-12-31,7
2110,JTQXZQGXBF,173,2019-06-11,2019-06-11,0
2111,ZUW8411WB9,32,2019-01-26,2019-01-30,4
2112,5EFPRV22SM,425,2019-01-26,2019-01-27,1
2113,KJLV38BJWE,431,2019-10-27,2019-10-30,3
2114,ZAYKFPXWXJ,188,2019-01-20,2019-01-23,3
2115,JJP2AUJNKL,271,2019-10-22,2019-10-25,3
2116,52G2COAOVM,352,2019-08-21,2019-08-24,3
2117,RZ3GLAG5YI,191,2019-07-17,2019-07-20,3
2118,CG939OG5F2,255,2019-06-26,2019-06-27,1
2119,A9FKRCZOSU,26,2019-04-05,2019-04-10,5
2120,4UDEBM845Q,45,2019-11-30,2019-12-05,5
2121,IOUPXA0MYQ,91,2019-02-02,2019-02-02,0
2122,IXWIEIGCRG,52,2019-08-30,2019-09-01,2
2123,HW0PR2IP8K,46,2019-11-08,2019-11-12,4
2124,9VQ5VA7OUZ,177,2019-10-13,2019-10-16,3
2125,XHBK3ZXE1S,65,2019-01-19,2019-01-26,7
2126,10567QGJSU,313,2019-07-17,2019-07-22,5
2127,DM4RJ7W77A,249,2019-05-08,2019-05-14,6
2128,UIS1T08GY8,314,2019-08-24,2019-08-24,0
2129,N7838YRCHE,411,2019-06-07,2019-06-12,5
2130,YAP9OEOLW7,121,2019-11-12,2019-11-16,4
2131,DTDRLZGBNG,383,2019-07-08,2019-07-10,2
2132,4U0JYOMTFM,306,2019-12-22,2019-12-23,1
2133,RKV8L87Y60,321,2019-04-15,2019-04-18,3
2134,1RFGTU0L6M,76,2019-07-17,2019-07-21,4
2135,S67I67SNY1,364,2019-02-17,2019-02-21,4
2136,I58L5UPDVL,247,2019-10-28,2019-11-02,5
2137,FF2GW42SY5,185,2019-10-14,2019-10-21,7
2138,0DDEKGEUZB,234,2019-10-27,2019-10-29,2
2139,QCMN8Y5TET,172,2019-02-28,2019-03-01,1
2140,2FO2JPHWLQ,211,2019-04-07,2019-04-14,7
2141,NOMG69RL24,182,2019-05-28,2019-05-31,3
2142,S1V0ES56L1,304,2019-09-08,2019-09-08,0
2143,LEVDG4RTE8,342,2019-05-04,2019-05-11,7
2144,PRSUKBB8LG,93,2019-10-18,2019-10-23,5
2145,H0FZMIWZUA,193,2019-10-14,2019-10-21,7
2146,8MBETG57LQ,285,2019-10-06,2019-10-09,3
2147,9DMVUI9ZSY,68,2019-03-18,2019-03-24,6
2148,T4D3MJW6CS,299,2019-01-19,2019-01-22,3
2149,QDDH262ZNK,105,2019-10-02,2019-10-07,5
2150,T07HS49XYY,217,2019-10-27,2019-10-30,3
2151,F8SIGX9HLE,126,2019-11-12,2019-11-16,4
2152,VMR5I0YOCD,323,2019-08-06,2019-08-11,5
2153,DPI9AEKI0R,428,2019-01-02,2019-01-02,0
2154,OQFUBWFA5E,97,2019-03-07,2019-03-07,0
2155,LON4RYKI7R,206,2019-10-23,2019-10-26,3
2156,DGCW0QF99N,163,2019-03-27,2019-04-03,7
2157,P7O68LEPTP,216,2019-11-01,2019-11-06,5
2158,M6NNPF3LPY,19,2019-11-27,2019-11-28,1
2159,06XZR2DQIK,126,2019-08-08,2019-08-10,2
2160,YDREG6RPVQ,127,2019-08-08,2019-08-09,1
2161,EQ9LKW0N6E,97,2019-03-26,2019-03-27,1
2162,HOJ5ZVUK4R,315,2019-11-15,2019-11-18,3
2163,AQZJ5WPKDU,327,2019-09-26,2019-09-26,0
2164,3ZTNEIB1X2,325,2019-06-28,2019-07-04,6
2165,56I1QC1F9C,287,2019-07-28,2019-07-30,2
2166,XK27K06YT8,133,2019-11-23,2019-11-25,2
2167,UIJZWDVLR8,135,2019-02-23,2019-02-23,0
2168,S7P65DFMAQ,213,2019-12-29,2020-01-04,6
2169,1PUYFH4B4V,254,2019-02-21,2019-02-21,0
2170,9WUGN9TQVC,181,2019-03-01,2019-03-06,5
2171,V4SDBTTNJI,21,2019-06-21,2019-06-24,3
2172,NYGEO8OSEK,42,2019-02-17,2019-02-18,1
2173,HR3AD3IOGB,426,2019-02-20,2019-02-27,7
2174,BKQDAY1IK8,193,2019-05-16,2019-05-22,6
2175,435TE56O4I,344,2019-04-30,2019-04-30,0
2176,CWXBPB29CJ,271,2019-08-08,2019-08-08,0
2177,CKV3ZZ1R2D,288,2019-05-09,2019-05-09,0
2178,K2OS0F6YO5,212,2019-01-25,2019-01-26,1
2179,78VLY5WCFV,297,2019-07-25,2019-07-29,4
2180,2XJAIJP54C,148,2019-10-19,2019-10-22,3
2181,MKN9EVGS8L,381,2019-01-02,2019-01-08,6
2182,TPES5F8NMC,153,2019-07-10,2019-07-17,7
2183,HNT4CIAX7I,293,2019-01-22,2019-01-24,2
2184,AY2XKJRVL3,372,2019-09-27,2019-09-28,1
2185,G0T3G6KLU9,163,2019-05-11,2019-05-12,1
2186,SEEMJ8ME5X,115,2019-09-22,2019-09-28,6
2187,7CEYQMI96C,60,2019-06-12,2019-06-12,0
2188,1XUEAD35KU,258,2019-06-25,2019-06-26,1
2189,SH2VB1CH4R,168,2019-12-25,2019-12-30,5
2190,N2SVPEXHFL,198,2019-05-12,2019-05-14,2
2191,G0RG26JL19,305,2019-02-21,2019-02-21,0
2192,OIFLQM17HJ,271,2019-02-06,2019-02-12,6
2193,A933Z0ZQST,318,2019-10-15,2019-10-21,6
2194,6JSWAWQUQI,189,2019-08-23,2019-08-29,6
2195,JIPKU9QKNS,66,2019-02-27,2019-03-06,7
2196,19AW7F6B9J,299,2019-01-13,2019-01-20,7
2197,KIT6J7UQ9I,264,2019-06-30,2019-07-03,3
2198,VO6MKRZ9GF,190,2019-10-27,2019-11-02,6
2199,BWXBG3U8UF,284,2019-02-24,2019-02-26,2
2200,40EXTP4TWE,381,2019-11-13,2019-11-14,1
2201,1YA4VON0XO,111,2019-09-01,2019-09-05,4
2202,9B7YL1QDI8,413,2019-03-11,2019-03-12,1
2203,Q6GYYAHD1I,349,2019-07-18,2019-07-21,3
2204,SWMEDGH6RG,351,2019-08-15,2019-08-21,6
2205,DVJXZ4PTDV,44,2019-03-11,2019-03-11,0
2206,T5BSGUBO56,112,2019-05-15,2019-05-16,1
2207,RCTXSNZR4Q,215,2019-01-06,2019-01-06,0
2208,3POHF1VVH6,339,2019-10-26,2019-10-27,1
2209,T20BRKEH75,39,2019-10-26,2019-11-01,6
2210,9Y1SQAMWN7,358,2019-10-14,2019-10-19,5
2211,DD6DRTNBD4,22,2019-07-08,2019-07-09,1
2212,0JXKKMM2VT,336,2019-03-25,2019-03-31,6
2213,ZCM89ZVQ6D,99,2019-10-30,2019-11-03,4
2214,SDZJBLH4GT,280,2019-05-18,2019-05-20,2
2215,FUMCQTVKJI,250,2019-09-25,2019-09-28,3
2216,V9X27GPFA8,258,2019-06-27,2019-06-28,1
2217,YX39VVZE8U,223,2019-07-27,2019-07-30,3
2218,KJXJ1K30XF,225,2019-09-03,2019-09-05,2
2219,AT4S4CBJN6,369,2019-09-20,2019-09-24,4
2220,WIDM45FZDB,434,2019-10-18,2019-10-18,0
2221,THDNMSURZY,343,2019-04-13,2019-04-17,4
2222,PQH2P4QP1V,191,2019-11-20,2019-11-23,3
2223,9YXZ4DF5PX,110,2019-05-29,2019-06-05,7
2224,UHATVVBL10,193,2019-01-26,2019-01-27,1
2225,GKCVNL6NMM,256,2019-07-18,2019-07-18,0
2226,Y5LZH5C0MM,353,2019-03-03,2019-03-04,1
2227,8JLN5NLLZO,315,2019-05-29,2019-05-31,2
2228,LY0FWVQU9Q,179,2019-03-19,2019-03-23,4
2229,3DU64UVIS8,207,2019-02-12,2019-02-15,3
2230,MC1FXH35TJ,97,2019-06-09,2019-06-10,1
2231,ROPEWJ62PT,236,2019-08-30,2019-09-01,2
2232,V6OFG45JZK,148,2019-09-19,2019-09-21,2
2233,R7XTJ6Z8T1,21,2019-07-09,2019-07-11,2
2234,1004ANFMEE,48,2019-03-16,2019-03-18,2
2235,RMCA4CZVDL,391,2019-06-22,2019-06-26,4
2236,D7SLD8YTCE,60,2019-07-16,2019-07-16,0
2237,XTGGG8QTVF,257,2019-05-23,2019-05-23,0
2238,55Z0NEX3XC,27,2019-12-30,2020-01-02,3
2239,6A1H5T796N,107,2019-05-13,2019-05-16,3
2240,FLFXGZFL8A,275,2019-05-13,2019-05-20,7
2241,AOJH18CLEX,234,2019-12-30,2020-01-06,7
2242,G2NSIVYBV3,426,2019-08-08,2019-08-15,7
2243,HS7B36ET6A,428,2019-01-18,2019-01-18,0
2244,NQTIPCEKGY,248,2019-05-10,2019-05-15,5
2245,FN4F1JKKL4,59,2019-03-14,2019-03-20,6
2246,HELY24W913,41,2019-12-19,2019-12-22,3
2247,SZOBYD1IV0,192,2019-07-04,2019-07-07,3
2248,LPHEMOD0FL,382,2019-06-27,2019-06-27,0
2249,MG3LKFMML5,67,2019-06-25,2019-06-28,3
2250,CPJXQYRDT3,79,2019-03-19,2019-03-24,5
2251,09J81H23RI,183,2019-09-27,2019-09-27,0
2252,W16IPWKNDJ,98,2019-12-13,2019-12-13,0
2253,MINXL6O68R,339,2019-03-06,2019-03-10,4
2254,AQMOJYV5QG,86,2019-01-09,2019-01-13,4
2255,TLB9N6FDW4,221,2019-05-17,2019-05-17,0
2256,W4CCCH7DNB,345,2019-04-14,2019-04-19,5
2257,F0FE480ORA,351,2019-11-09,2019-11-11,2
2258,EDMO2VVSHU,182,2019-08-04,2019-08-05,1
2259,ZVDDUMKRI3,318,2019-12-13,2019-12-14,1
2260,3TJG32ZNC9,282,2019-04-19,2019-04-21,2
2261,VP2KEPX99N,180,2019-09-26,2019-10-02,6
2262,U11G1080UI,22,2019-04-21,2019-04-26,5
2263,P4J69LA7BV,221,2019-10-23,2019-10-27,4
2264,YEOVULO6I4,193,2019-05-16,2019-05-20,4
2265,Y7LPRP6N4V,201,2019-03-19,2019-03-22,3
2266,5I9CTABOF9,318,2019-11-05,2019-11-10,5
2267,DLCY767W88,7,2019-02-16,2019-02-16,0
2268,7665H5QOZS,160,2019-01-17,2019-01-23,6
2269,JK9Y0N30X1,340,2019-08-12,2019-08-12,0
2270,D8ZUQM12NA,286,2019-04-06,2019-04-10,4
2271,SK03T1PZRN,371,2019-01-25,2019-01-28,3
2272,TBI9UZ8K0T,388,2019-10-24,2019-10-30,6
2273,3EWBQX2Q0X,201,2019-04-17,2019-04-22,5
2274,S113M3U4KO,399,2019-07-24,2019-07-30,6
2275,9DAFA27ZEV,4,2019-07-06,2019-07-11,5
2276,3SVZUDMLIZ,353,2019-11-08,2019-11-10,2
2277,5AGDIUI2S8,56,2019-07-12,2019-07-13,1
2278,V0E9Y4TOQF,17,2019-10-30,2019-11-06,7
2279,PZ6FOPS0QF,48,2019-02-05,2019-02-06,1
2280,S69L8VODP5,53,2019-05-29,2019-06-04,6
2281,CXIJ4I0I5T,382,2019-10-09,2019-10-14,5
2282,TIV72N0DQH,113,2019-06-22,2019-06-28,6
2283,D4GJX1C0HG,410,2019-07-01,2019-07-07,6
2284,FKYBOJF2PC,310,2019-04-30,2019-05-07,7
2285,4PXMQS8OFN,344,2019-04-20,2019-04-24,4
2286,6E8N4UC09F,47,2019-09-12,2019-09-19,7
2287,7WM7Z7IVEP,184,2019-11-26,2019-11-28,2
2288,376CZ2JF5S,84,2019-07-19,2019-07-26,7
2289,6VFA0KTGVQ,377,2019-03-18,2019-03-20,2
2290,1F7L8SZPKY,4,2019-05-16,2019-05-22,6
2291,L8B3CCM4QD,327,2019-06-15,2019-06-19,4
2292,79LVDEGNPS,161,2019-06-26,2019-07-01,5
2293,CH3ZCHZLLI,405,2019-08-18,2019-08-21,3
2294,0VLJ9AHF49,156,2019-10-14,2019-10-14,0
2295,XMG2MANHNP,27,2019-02-02,2019-02-06,4
2296,XHIGLSYRZX,329,2019-09-14,2019-09-21,7
2297,ZTDS8F5ZEW,29,2019-02-07,2019-02-14,7
2298,NHOX3N87A4,211,2019-08-18,2019-08-22,4
2299,L22692OZEA,321,2019-05-14,2019-05-17,3
2300,0N7H3JIVGX,3,2019-06-13,2019-06-19,6
2301,5SELASM1VU,250,2019-04-24,2019-05-01,7
2302,T8D5HFAOAA,176,2019-10-23,2019-10-28,5
2303,W44BDVYWWH,381,2019-04-13,2019-04-20,7
2304,37H38BYNDH,287,2019-03-23,2019-03-23,0
2305,RWDC5ZWVHA,340,2019-06-09,2019-06-10,1
2306,8JNCI4WZ7N,208,2019-08-03,2019-08-06,3
2307,CAY260WR8T,426,2019-08-06,2019-08-09,3
2308,5RTGB9WUAG,221,2019-02-09,2019-02-09,0
2309,9D8KS85VZM,376,2019-02-08,2019-02-15,7
2310,7S7PUIDYVX,410,2019-05-19,2019-05-19,0
2311,L6FJAJRVXB,260,2019-09-02,2019-09-06,4
2312,B0CYVCVZIZ,165,2019-12-17,2019-12-19,2
2313,PAX2KQWD8X,14,2019-10-28,2019-10-30,2
2314,FI29HPWBMA,185,2019-03-24,2019-03-28,4
2315,28OEF53ZC4,158,2019-11-22,2019-11-27,5
2316,L1E9FY2T42,53,2019-07-20,2019-07-21,1
2317,BZ6IS08211,273,2019-03-18,2019-03-18,0
2318,7BYA78CNXL,226,2019-02-11,2019-02-14,3
2319,9D00YINFRD,220,2019-10-29,2019-10-30,1
2320,F302SOKJ9I,116,2019-10-29,2019-11-05,7
2321,AU5DN8R512,200,2019-03-29,2019-04-02,4
2322,VFX98EVFMF,374,2019-07-22,2019-07-27,5
2323,P5ZEFEC271,98,2019-11-20,2019-11-27,7
2324,UI1NJ9CPV7,220,2019-12-20,2019-12-22,2
2325,OK8TWK9QGO,425,2019-10-02,2019-10-07,5
2326,ANTWO9H4Q0,330,2019-05-12,2019-05-12,0
2327,C2OBI4FMIB,275,2019-04-20,2019-04-23,3
2328,DBCUW78XNE,131,2019-10-26,2019-10-31,5
2329,7NJDJJNK02,204,2019-10-04,2019-10-05,1
2330,OBG8CH39K7,140,2019-07-31,2019-07-31,0
2331,JADJXHP044,39,2019-12-20,2019-12-25,5
2332,TNIDI86UYV,308,2019-06-16,2019-06-21,5
2333,WEGFP9ZV1T,47,2019-01-01,2019-01-01,0
2334,CMZWQXTIDK,180,2019-06-16,2019-06-22,6
2335,S3GC01SJM4,106,2019-01-26,2019-01-27,1
2336,NTEP2PKJMC,402,2019-07-27,2019-07-31,4
2337,KXZX3OFECT,343,2019-08-27,2019-08-31,4
2338,HDUWRZA05R,363,2019-03-01,2019-03-06,5
2339,JL6BC7VST6,13,2019-11-01,2019-11-08,7
2340,UQU439YTBW,191,2019-12-09,2019-12-12,3
2341,G51IAZ5FWF,155,2019-12-02,2019-12-06,4
2342,PTENGBM3N7,140,2019-10-14,2019-10-21,7
2343,574F8UVEQE,361,2019-03-09,2019-03-09,0
2344,3DFAC5YQBF,352,2019-04-03,2019-04-07,4
2345,TNH9J0G7KW,405,2019-11-23,2019-11-28,5
2346,49O73BBE4J,356,2019-03-04,2019-03-08,4
2347,THTW3FNWUZ,405,2019-12-27,2020-01-03,7
2348,7ZDVQDWLH1,66,2019-03-13,2019-03-15,2
2349,2H0M743C44,54,2019-12-11,2019-12-11,0
2350,F4QE40QES0,60,2019-10-28,2019-10-28,0
2351,3SOECAHR60,376,2019-06-23,2019-06-29,6
2352,YL0E2HSPXU,277,2019-01-20,2019-01-24,4
2353,WRTE163DUR,422,2019-09-01,2019-09-07,6
2354,KYHQL5HPRQ,128,2019-06-20,2019-06-26,6
2355,8D6N676NP7,290,2019-05-31,2019-06-04,4
2356,G31U24P7G7,57,2019-07-25,2019-07-29,4
2357,KDH3I2IPDW,181,2019-05-01,2019-05-06,5
2358,H4DYV4UQ6I,391,2019-10-05,2019-10-07,2
2359,QOJN4LDDT5,421,2019-02-05,2019-02-11,6
2360,T2L3XE25UQ,201,2019-07-05,2019-07-08,3
2361,D1WVY66ZXP,334,2019-02-19,2019-02-20,1
2362,3OTA40P51Y,125,2019-07-21,2019-07-26,5
2363,LKAX4A9XJ5,406,2019-05-07,2019-05-07,0
2364,GYQ13SPK77,55,2019-02-12,2019-02-16,4
2365,TZQFF29E4R,224,2019-08-24,2019-08-29,5
2366,CUOZ8COZII,16,2019-02-22,2019-02-23,1
2367,NZ0DSRFZZD,103,2019-07-02,2019-07-08,6
2368,EP1OAHO974,226,2019-07-10,2019-07-11,1
2369,VQXIK3RZOR,316,2019-12-13,2019-12-19,6
2370,LXKRQDY1IS,398,2019-08-21,2019-08-23,2
2371,ORIOV8L0Z7,323,2019-01-08,2019-01-10,2
2372,9CFGJ4ANCJ,110,2019-09-23,2019-09-25,2
2373,PF1AUNTU6U,270,2019-08-02,2019-08-07,5
2374,6JXSGGV3U0,316,2019-10-10,2019-10-11,1
2375,UQCN0XF4RY,341,2019-05-06,2019-05-08,2
2376,LB2ZAD66QH,230,2019-10-09,2019-10-16,7
2377,4OP2IEJNP2,38,2019-06-19,2019-06-25,6
2378,KEW5WDKFVE,408,2019-01-16,2019-01-23,7
2379,DZ9P1MCYZV,377,2019-09-18,2019-09-23,5
2380,2JI7NT4H3T,227,2019-03-24,2019-03-25,1
2381,5JDC4E4UOI,16,2019-02-17,2019-02-21,4
2382,RSDFPUXCAI,340,2019-02-22,2019-02-24,2
2383,7FWCPJBMPU,148,2019-08-12,2019-08-14,2
2384,8W8RI1XKS5,108,2019-02-07,2019-02-07,0
2385,SINGPV21OE,238,2019-08-11,2019-08-16,5
2386,I9ON1RYGLE,216,2019-05-12,2019-05-18,6
2387,ME8SM08K0D,275,2019-04-29,2019-05-01,2
2388,FZVFP9KZ6N,243,2019-03-19,2019-03-25,6
2389,3810K3DCZ1,261,2019-10-20,2019-10-21,1
2390,7UGYNM7VIG,178,2019-02-03,2019-02-03,0
2391,29J5EY7ZSA,237,2019-01-19,2019-01-26,7
2392,F4XUTSS7E7,200,2019-09-12,2019-09-12,0
2393,KZAMDLV7WP,70,2019-09-20,2019-09-24,4
2394,72ZNJEVKSB,200,2019-12-20,2019-12-22,2
2395,SXRA8RKWGC,105,2019-05-26,2019-05-28,2
2396,MNJ7CS29LC,2,2019-10-16,2019-10-22,6
2397,PHR45N0UYB,346,2019-11-09,2019-11-14,5
2398,FCF1U56I70,21,2019-12-29,2019-12-29,0
2399,4YVYKF3LEE,339,2019-08-08,2019-08-13,5
2400,OUJP68LZXX,100,2019-09-29,2019-10-04,5
2401,MOYJT54OVZ,391,2019-02-23,2019-02-23,0
2402,9FDOQJRA6G,421,2019-02-08,2019-02-14,6
2403,EWWJT8XL6L,313,2019-05-10,2019-05-17,7
2404,IDW99C8K0W,95,2019-11-16,2019-11-21,5
2405,DAW3O4L87S,251,2019-07-23,2019-07-26,3
2406,7MGKQ24R3Z,219,2019-01-20,2019-01-23,3
2407,DFNQP2JRY1,403,2019-07-09,2019-07-12,3
2408,K1OSPFR8MT,130,2019-04-02,2019-04-05,3
2409,UYENYGTBSI,174,2019-12-01,2019-12-04,3
2410,0ZNC2RTZ7Z,418,2019-03-25,2019-03-27,2
2411,K9BJNU2TF8,372,2019-08-12,2019-08-19,7
2412,GCGNSP1V73,196,2019-06-24,2019-06-29,5
2413,UIL8VXTOKX,44,2019-11-30,2019-12-06,6
2414,WJFSUCGQGV,55,2019-04-23,2019-04-23,0
2415,JGSJDYMJ6T,116,2019-03-21,2019-03-28,7
2416,NF6V43RK7R,287,2019-12-29,2020-01-03,5
2417,CSP95TBH15,375,2019-09-09,2019-09-12,3
2418,XEJTSK0PAP,16,2019-05-18,2019-05-20,2
2419,YMMGGXWC76,10,2019-04-17,2019-04-23,6
2420,IW2R7S1IQL,181,2019-08-19,2019-08-19,0
2421,APACN3WA8C,417,2019-01-09,2019-01-09,0
2422,5CFHNYKXTQ,363,2019-09-26,2019-09-26,0
2423,YR852EVLNG,79,2019-08-29,2019-09-01,3
2424,A25ID4WXJ2,9,2019-10-27,2019-10-28,1
2425,XAD2Q2F0OQ,46,2019-07-08,2019-07-13,5
2426,XM1OQJZIHT,4,2019-04-29,2019-04-29,0
2427,996KKWP9TH,403,2019-07-26,2019-07-30,4
2428,Y28TB8R0Z0,326,2019-12-23,2019-12-29,6
2429,PT3JW6CSN6,127,2019-12-24,2019-12-31,7
2430,4RHU5KBE7A,220,2019-05-07,2019-05-14,7
2431,306BFECCYB,309,2019-09-23,2019-09-30,7
2432,LXOS1CPV6Z,101,2019-11-14,2019-11-19,5
2433,ZBWPXECOW0,348,2019-06-12,2019-06-17,5
2434,AF5LY69D3B,60,2019-08-06,2019-08-12,6
2435,OYF2XRVUMX,155,2019-09-30,2019-09-30,0
2436,1AC4XWM3NV,68,2019-06-01,2019-06-07,6
2437,8L11HZNKO9,107,2019-11-13,2019-11-17,4
2438,811IXOQ5MV,250,2019-12-21,2019-12-21,0
2439,9O6XB1Q8WT,350,2019-02-03,2019-02-08,5
2440,1OZ4IH80RS,348,2019-05-10,2019-05-17,7
2441,6A5RN87IBF,25,2019-11-09,2019-11-09,0
2442,FHIU5BNPRR,303,2019-02-20,2019-02-27,7
2443,6B41SR0R49,397,2019-10-22,2019-10-28,6
2444,YDCV6FAEO6,30,2019-05-07,2019-05-14,7
2445,8EEKDRX48B,237,2019-11-03,2019-11-10,7
2446,2VNJT7C3ZG,113,2019-08-09,2019-08-11,2
2447,3EN9Q8KP50,84,2019-11-10,2019-11-17,7
2448,RQ4AFZ6LPW,105,2019-09-09,2019-09-16,7
2449,IAULJOA7LC,311,2019-07-08,2019-07-15,7
2450,72IUFE6N2N,369,2019-12-15,2019-12-19,4
2451,VBVZVB4PH2,234,2019-08-07,2019-08-13,6
2452,DAKCGHN625,181,2019-02-13,2019-02-16,3
2453,14TNH8E6QP,55,2019-01-21,2019-01-23,2
2454,PNKIA03FM2,422,2019-01-18,2019-01-23,5
2455,QIWO9K8HQV,381,2019-11-16,2019-11-20,4
2456,DOY282GF22,267,2019-01-02,2019-01-08,6
2457,69HGTM2S8Z,355,2019-07-10,2019-07-11,1
2458,F6O8AK4QL1,357,2019-01-26,2019-01-27,1
2459,GXJK4OOCC0,190,2019-09-23,2019-09-30,7
2460,EMZFZNJ884,134,2019-09-19,2019-09-21,2
2461,45VYTLT0P4,340,2019-07-19,2019-07-21,2
2462,R9QCDAH6V2,10,2019-09-28,2019-09-30,2
2463,JR9DVR8EGP,431,2019-09-27,2019-10-02,5
2464,A36OXXXNZK,106,2019-05-01,2019-05-05,4
2465,TU6789W7IT,330,2019-04-30,2019-05-06,6
2466,SUFJJ8RT6L,160,2019-01-17,2019-01-24,7
2467,B7VVBASI7J,261,2019-01-27,2019-01-28,1
2468,2D3TE6H5BV,376,2019-05-12,2019-05-16,4
2469,XN93Z74FKR,106,2019-04-11,2019-04-15,4
2470,EJECM2N3XW,41,2019-03-04,2019-03-07,3
2471,UFKSK6M4JE,16,2019-08-05,2019-08-12,7
2472,EONU1KE0U8,388,2019-08-03,2019-08-07,4
2473,OY37CXAOVR,72,2019-02-22,2019-03-01,7
2474,8YZ6B2DUTO,198,2019-11-10,2019-11-12,2
2475,D77VF36DLD,390,2019-06-15,2019-06-18,3
2476,I6L3FB6HXH,5,2019-03-26,2019-03-27,1
2477,W7P3ZOIDIY,243,2019-03-05,2019-03-06,1
2478,2U264GQ3IN,30,2019-07-15,2019-07-19,4
2479,4CWWENVYPP,160,2019-07-05,2019-07-11,6
2480,4R894OON1H,213,2019-01-07,2019-01-07,0
2481,RJSGHZ1A8Z,323,2019-08-10,2019-08-16,6
2482,DB3O4GOIRT,157,2019-04-06,2019-04-08,2
2483,B8O116GSIS,73,2019-02-09,2019-02-13,4
2484,1TE7IFEDS3,266,2019-09-09,2019-09-13,4
2485,6RDOSMYCLO,293,2019-11-09,2019-11-13,4
2486,7N8C50N08P,179,2019-09-18,2019-09-18,0
2487,4MOOEOLGQ4,49,2019-07-18,2019-07-18,0
2488,EK3E2NDIA7,44,2019-06-23,2019-06-23,0
2489,IVH4E95UKA,318,2019-08-30,2019-09-05,6
2490,1OKWI1N8JH,390,2019-04-03,2019-04-09,6
2491,5RXQZKCIWA,191,2019-09-08,2019-09-11,3
2492,HLZGYHBR3U,22,2019-11-24,2019-11-28,4
2493,WI29G8QR1V,217,2019-09-29,2019-10-01,2
2494,CORQGS15VN,67,2019-10-14,2019-10-16,2
2495,416M56Q9WT,388,2019-06-15,2019-06-22,7
2496,8M8DMC9USP,317,2019-02-09,2019-02-16,7
2497,95VS4F1RTJ,337,2019-04-05,2019-04-07,2
2498,5YXUFDX36A,137,2019-10-21,2019-10-24,3
2499,2BJM9BYLYZ,33,2019-12-05,2019-12-10,5
2500,C6O0Q93EV7,204,2019-08-26,2019-08-26,0
2501,LTTQ7HC3R2,222,2019-10-28,2019-11-01,4
2502,54TS6XTECA,74,2019-02-06,2019-02-12,6
2503,NU1FJZDS44,54,2019-04-16,2019-04-20,4
2504,EL7XO7W305,171,2019-07-05,2019-07-05,0
2505,47BBC4Z0O3,355,2019-12-20,2019-12-21,1
2506,LMARK19Y11,19,2019-06-29,2019-06-30,1
2507,I3BK1YIDTT,55,2019-03-16,2019-03-18,2
2508,9XAE44FNTQ,34,2019-07-16,2019-07-22,6
2509,8KSRIKXFMP,34,2019-12-13,2019-12-15,2
2510,1SQNSHG8YO,125,2019-12-23,2019-12-24,1
2511,54ZKUZKRIR,364,2019-12-21,2019-12-26,5
2512,SFY1AKDO80,307,2019-01-31,2019-02-02,2
2513,G5ZO7J7VFL,199,2019-04-13,2019-04-19,6
2514,M6JMJMHK0U,366,2019-03-30,2019-03-30,0
2515,835P2XV273,70,2019-02-25,2019-02-27,2
2516,A145CLGKF6,350,2019-09-02,2019-09-02,0
2517,9AMT9SEH8M,109,2019-06-29,2019-07-06,7
2518,HUIAPMEAOP,253,2019-07-05,2019-07-10,5
2519,P3G2TPJZSL,4,2019-02-09,2019-02-14,5
2520,M8MEUEPZ9Y,84,2019-12-13,2019-12-14,1
2521,K97ESZ7AGL,51,2019-04-03,2019-04-04,1
2522,H3GC8INTDD,108,2019-09-27,2019-10-01,4
2523,5GMX7VB1I8,422,2019-04-25,2019-04-28,3
2524,SPBAR9WETY,140,2019-12-16,2019-12-16,0
2525,4RR4IY8Y86,72,2019-09-29,2019-09-30,1
2526,GKYK5P4E39,71,2019-11-04,2019-11-05,1
2527,Z212HWQZ2Y,325,2019-06-11,2019-06-12,1
2528,8X5SSGMZJ0,4,2019-05-06,2019-05-08,2
2529,TZ70ZW0MOY,213,2019-02-06,2019-02-12,6
2530,LRJ5XEQP97,316,2019-03-11,2019-03-14,3
2531,12TP4KOLK7,6,2019-09-19,2019-09-20,1
2532,NA8Y2FKKDV,427,2019-08-29,2019-08-31,2
2533,YN6UD1N9M2,103,2019-07-28,2019-08-02,5
2534,96L0980CHS,378,2019-07-31,2019-08-04,4
2535,K55VPBX3XW,111,2019-09-09,2019-09-15,6
2536,2XJJIS9437,59,2019-12-11,2019-12-15,4
2537,OBBSXPTWPV,118,2019-08-22,2019-08-27,5
2538,LAC5TWJUU5,24,2019-01-29,2019-02-04,6
2539,E0K8B21U02,16,2019-05-18,2019-05-23,5
2540,5BPCG1KOXG,185,2019-11-19,2019-11-22,3
2541,J68CVDGVHU,307,2019-06-13,2019-06-15,2
2542,VQYKJ9K0N2,200,2019-05-25,2019-05-31,6
2543,SRYE5OQWTY,149,2019-05-14,2019-05-15,1
2544,7HANQQBGQ5,292,2019-02-26,2019-03-02,4
2545,XB3CHFUP14,39,2019-10-15,2019-10-15,0
2546,B7MCMIR4HE,124,2019-02-25,2019-03-04,7
2547,WWL2BMT99P,129,2019-12-13,2019-12-18,5
2548,F87UN3HJKE,128,2019-01-20,2019-01-23,3
2549,QJZYEJE4LS,131,2019-04-07,2019-04-14,7
2550,JT40NMXT5M,265,2019-11-10,2019-11-11,1
2551,081SR1YY45,390,2019-01-14,2019-01-21,7
2552,PATOY0POOI,348,2019-08-16,2019-08-23,7
2553,01MB4WRCZ8,136,2019-06-17,2019-06-22,5
2554,DZ4XLQND3U,37,2019-05-04,2019-05-09,5
2555,U79YQ8SNXI,161,2019-02-13,2019-02-19,6
2556,OMBC3AES3R,56,2019-03-31,2019-04-07,7
2557,TJNDDETXDM,342,2019-11-06,2019-11-07,1
2558,14O62DN2HE,18,2019-03-03,2019-03-08,5
2559,IQRR0HO91F,344,2019-12-05,2019-12-06,1
2560,V3P46D6ZWW,263,2019-08-05,2019-08-05,0
2561,RWS2SVW5U1,155,2019-04-04,2019-04-11,7
2562,8T64VUDLSV,42,2019-11-01,2019-11-04,3
2563,1AZF13S0CX,42,2019-09-06,2019-09-07,1
2564,OHAX0UJTL4,415,2019-05-14,2019-05-14,0
2565,SHP9XL0YB1,223,2019-09-23,2019-09-28,5
2566,ARCO0JQ6AT,282,2019-08-06,2019-08-10,4
2567,SB13Q7J87I,353,2019-04-28,2019-05-03,5
2568,6POC7390UR,417,2019-03-30,2019-04-05,6
2569,B5CG9SY8TH,48,2019-04-22,2019-04-27,5
2570,PXQ65799CR,258,2019-04-29,2019-05-04,5
2571,CURNBZJWZR,59,2019-02-16,2019-02-23,7
2572,L9XGB21GVQ,148,2019-08-21,2019-08-26,5
2573,PEVI0F3I6R,250,2019-11-04,2019-11-11,7
2574,24GBWOOZT1,415,2019-07-14,2019-07-14,0
2575,7PF5BHTI21,309,2019-08-31,2019-09-04,4
2576,YAT6S1YB05,159,2019-12-15,2019-12-15,0
2577,Y9NXPFE68E,161,2019-06-09,2019-06-13,4
2578,NPOMR7N1QZ,393,2019-08-25,2019-08-29,4
2579,8AR9T4MRXH,278,2019-04-09,2019-04-14,5
2580,ZVG93L82JU,155,2019-04-06,2019-04-13,7
2581,NTEQP0P8BZ,98,2019-04-29,2019-05-01,2
2582,MFC3ZV7YXT,31,2019-07-10,2019-07-10,0
2583,3JY1940AD4,375,2019-12-25,2019-12-26,1
2584,AQW9SMZD8E,159,2019-05-31,2019-06-03,3
2585,S8L6Q6VO4Z,122,2019-08-08,2019-08-15,7
2586,KOPGRK8PJ7,45,2019-05-01,2019-05-05,4
2587,WKYVJMYNWE,186,2019-05-07,2019-05-12,5
2588,0HNXDISHQM,244,2019-08-28,2019-08-28,0
2589,TMQQ6Q02EW,293,2019-02-05,2019-02-09,4
2590,4IRTQC4MG7,111,2019-01-02,2019-01-07,5
2591,81I8W3PW33,198,2019-12-09,2019-12-13,4
2592,SMCA2IDEU1,278,2019-01-11,2019-01-14,3
2593,TYEF288NGJ,386,2019-12-19,2019-12-24,5
2594,ZOB38W92E6,92,2019-03-12,2019-03-19,7
2595,WMJG0XVAK9,404,2019-04-05,2019-04-07,2
2596,M5ECZ9YMCK,111,2019-12-10,2019-12-12,2
2597,WBEPWDQUBJ,75,2019-06-30,2019-07-04,4
2598,ZWH68W5I5E,242,2019-06-02,2019-06-08,6
2599,GOQDT9IG8L,250,2019-12-25,2019-12-29,4
2600,7IXP79PUE2,111,2019-07-01,2019-07-05,4
2601,2PROT3ZE9A,376,2019-09-25,2019-09-29,4
2602,4JKO0V6DRP,330,2019-07-11,2019-07-17,6
2603,T8A1LP4UOD,165,2019-03-27,2019-03-29,2
2604,372KUQJK65,327,2019-10-08,2019-10-08,0
2605,05C2IS4HR7,344,2019-09-11,2019-09-15,4
2606,YQA2H0YHEM,187,2019-11-07,2019-11-14,7
2607,1KHHKH2DLO,248,2019-09-09,2019-09-10,1
2608,FYEYEMFAF7,44,2019-08-04,2019-08-04,0
2609,CX5DTJF37R,336,2019-10-25,2019-10-30,5
2610,YASP7GW2UP,178,2019-09-30,2019-10-02,2
2611,O52XBIQ2TO,61,2019-08-03,2019-08-07,4
2612,1W06DIETZI,432,2019-11-17,2019-11-18,1
2613,2A9KHM1ISK,2,2019-04-22,2019-04-24,2
2614,YBD8NRUUD1,85,2019-12-26,2019-12-26,0
2615,V4WW5URGCY,346,2019-02-23,2019-03-01,6
2616,VDTL9B4TD2,151,2019-02-27,2019-03-02,3
2617,NTFDZB16M3,249,2019-08-18,2019-08-23,5
2618,AI6T1M436C,351,2019-02-05,2019-02-12,7
2619,QY4QPZZDCP,81,2019-12-06,2019-12-09,3
2620,Z9OZS723RU,191,2019-08-05,2019-08-07,2
2621,9YB98BH0W2,308,2019-11-12,2019-11-19,7
2622,D73Q57GE1H,251,2019-05-26,2019-05-31,5
2623,VLWT9EKH39,74,2019-09-12,2019-09-16,4
2624,YFFOWQHIPE,404,2019-02-03,2019-02-07,4
2625,K8F9LMR3V9,291,2019-02-22,2019-02-24,2
2626,HC93F2TV70,52,2019-07-11,2019-07-17,6
2627,A07EFH81ZV,344,2019-07-07,2019-07-09,2
2628,39L9ZY5JZG,210,2019-03-24,2019-03-29,5
2629,CBMYCLOBFJ,265,2019-10-29,2019-10-30,1
2630,9R5PEIAEWT,412,2019-03-13,2019-03-14,1
2631,QWQ2T07193,427,2019-03-12,2019-03-12,0
2632,MF3HCY56WN,392,2019-08-22,2019-08-24,2
2633,PFTHJ5LI3H,179,2019-05-25,2019-06-01,7
2634,PS07L2H5LS,95,2019-05-03,2019-05-10,7
2635,7Q4NFVOL9J,413,2019-11-30,2019-12-06,6
2636,2F52CHNT2N,238,2019-05-02,2019-05-06,4
2637,Q5NNXMAAWZ,205,2019-12-13,2019-12-19,6
2638,8TY6R52Y6M,36,2019-11-27,2019-12-01,4
2639,SNYYMDGTRF,259,2019-03-28,2019-04-04,7
2640,7YSMYOP6DR,288,2019-07-27,2019-07-28,1
2641,QASN9EYUL3,277,2019-10-24,2019-10-30,6
2642,GD9O7SXPW2,284,2019-01-14,2019-01-20,6
2643,YHGT883T40,344,2019-03-21,2019-03-24,3
2644,QYTYCKWQX8,179,2019-02-11,2019-02-18,7
2645,9S7ZOMVC59,343,2019-08-16,2019-08-19,3
2646,GYMTQ567BV,30,2019-11-25,2019-12-01,6
2647,3D21IF1BAP,308,2019-05-07,2019-05-07,0
2648,DDZUG8MP7F,393,2019-10-08,2019-10-14,6
2649,U930SL3XJ2,221,2019-11-18,2019-11-18,0
2650,FQN05T0B2W,178,2019-04-03,2019-04-06,3
2651,SKFLAVHYD4,91,2019-02-14,2019-02-17,3
2652,1WOR9KMI4X,375,2019-09-16,2019-09-18,2
2653,JZGPHYUPST,135,2019-11-30,2019-12-07,7
2654,HR8TRCBPQ0,182,2019-11-05,2019-11-10,5
2655,341YZ531KB,315,2019-11-11,2019-11-17,6
2656,U181KOB7HN,29,2019-05-09,2019-05-11,2
2657,JB03SQA7PC,405,2019-03-26,2019-03-26,0
2658,35XFMDLOMH,260,2019-10-18,2019-10-22,4
2659,D10B68LJVG,321,2019-10-28,2019-11-01,4
2660,YJ5XC8I15A,82,2019-08-28,2019-09-04,7
2661,HGLVKPRF70,43,2019-01-29,2019-02-03,5
2662,9XTYFADDTM,138,2019-07-23,2019-07-23,0
2663,5ZINWWNUAY,226,2019-02-02,2019-02-05,3
2664,G7OO8OLOJN,242,2019-12-07,2019-12-07,0
2665,Z4CNXP9R2E,311,2019-03-14,2019-03-19,5
2666,7R99DDJ2EZ,429,2019-03-03,2019-03-05,2
2667,72ON0HUKVP,81,2019-08-25,2019-08-28,3
2668,70SI1IOKSQ,199,2019-06-11,2019-06-13,2
2669,GZA6E5QIML,166,2019-03-10,2019-03-12,2
2670,DZRLT5B2KA,221,2019-01-13,2019-01-13,0
2671,YQOGKPUQ7X,246,2019-06-13,2019-06-18,5
2672,5IQGGGMVFQ,98,2019-07-05,2019-07-05,0
2673,L2ZJEHS2RU,104,2019-05-05,2019-05-07,2
2674,MGAHSHH31U,213,2019-08-24,2019-08-27,3
2675,1SJWC0RKPL,308,2019-01-22,2019-01-28,6
2676,S1CB453LM3,309,2019-08-06,2019-08-09,3
2677,V9LJ0YUNNV,412,2019-09-18,2019-09-20,2
2678,13G34ECEJN,364,2019-07-05,2019-07-08,3
2679,IUB255J8EA,83,2019-02-21,2019-02-24,3
2680,91TSF3A212,303,2019-05-27,2019-06-01,5
2681,9MRYR7WOUC,326,2019-10-05,2019-10-09,4
2682,Z1MFJLMDGW,135,2019-11-15,2019-11-19,4
2683,KW4TFDXBRV,223,2019-11-02,2019-11-03,1
2684,N8TK6FV12J,247,2019-06-16,2019-06-21,5
2685,DD8CZK67NH,65,2019-12-16,2019-12-17,1
2686,QYPRW0MAFF,282,2019-01-10,2019-01-10,0
2687,DHP7BWENZO,375,2019-02-06,2019-02-13,7
2688,8WCBRZYY8T,130,2019-04-06,2019-04-10,4
2689,OH2UMSNC86,186,2019-10-25,2019-10-28,3
2690,53XJY30356,161,2019-02-01,2019-02-01,0
2691,RZ9C0CZCQC,237,2019-01-10,2019-01-16,6
2692,3T8X2OOWG9,130,2019-09-08,2019-09-11,3
2693,KW3XOQPLO3,110,2019-05-16,2019-05-16,0
2694,NCO13AGBLI,410,2019-08-06,2019-08-11,5
2695,BBMV9FQTK2,160,2019-02-01,2019-02-08,7
2696,IAPQ6VT7V1,99,2019-08-18,2019-08-19,1
2697,ICTJNZ45LG,249,2019-02-05,2019-02-12,7
2698,YTKMF8O0MY,396,2019-07-20,2019-07-27,7
2699,CL0B7BHD1S,229,2019-06-15,2019-06-15,0
2700,Z1WAPO0FYD,407,2019-01-16,2019-01-22,6
2701,O7ELW586VX,323,2019-02-15,2019-02-16,1
2702,3EE0JD61A6,181,2019-02-02,2019-02-06,4
2703,NV4B0UPE41,330,2019-04-28,2019-05-02,4
2704,MRPDF0HFIS,265,2019-08-29,2019-08-29,0
2705,BSJH2WP476,422,2019-08-31,2019-09-04,4
2706,IENTETUWPH,163,2019-06-08,2019-06-09,1
2707,9MA4LFPJ75,81,2019-12-07,2019-12-10,3
2708,J2DL9QR2ZY,172,2019-06-11,2019-06-15,4
2709,12EHYUSC2A,302,2019-02-02,2019-02-03,1
2710,6AHILHJYJA,94,2019-04-01,2019-04-02,1
2711,FOSI5TXRJ0,9,2019-08-22,2019-08-28,6
2712,D6WFNQIQKH,33,2019-09-09,2019-09-12,3
2713,6P7CU33X47,339,2019-04-28,2019-05-04,6
2714,LO5F5CEI82,6,2019-07-30,2019-07-30,0
2715,RQ868YOO50,386,2019-10-19,2019-10-25,6
2716,NI2RB8GNHP,125,2019-07-02,2019-07-08,6
2717,JY2PKAJB28,99,2019-02-06,2019-02-08,2
2718,5U923MM326,377,2019-08-11,2019-08-15,4
2719,GDP3U96E8O,425,2019-01-12,2019-01-13,1
2720,HYHRMLWJW5,368,2019-10-17,2019-10-22,5
2721,LZLEBEI2ET,225,2019-01-16,2019-01-17,1
2722,7I65XRGUAL,273,2019-06-14,2019-06-17,3
2723,I6I6FFVURS,342,2019-07-27,2019-07-30,3
2724,C2M0TM3905,126,2019-01-15,2019-01-18,3
2725,TAU9D7AACQ,114,2019-04-16,2019-04-18,2
2726,CMDE598XNU,302,2019-08-05,2019-08-07,2
2727,QYKN6DEPG8,76,2019-05-02,2019-05-03,1
2728,U4FIG466T1,410,2019-07-26,2019-07-28,2
2729,1I2GPN1RJ5,120,2019-04-10,2019-04-11,1
2730,KLLF1LHB93,105,2019-08-28,2019-09-03,6
2731,H3LTGFJHA4,416,2019-11-19,2019-11-19,0
2732,N4UQ44YRCF,381,2019-08-25,2019-08-28,3
2733,KG7IJ84TPA,208,2019-07-13,2019-07-19,6
2734,KZ1IECDS8W,207,2019-05-04,2019-05-05,1
2735,0AFZYKDM1C,120,2019-10-22,2019-10-27,5
2736,NB7KEXJP6P,371,2019-03-19,2019-03-20,1
2737,B60E2889MI,311,2019-01-13,2019-01-17,4
2738,4Y4BLW803T,286,2019-01-18,2019-01-23,5
2739,DFRDTITAFI,47,2019-08-07,2019-08-10,3
2740,12ZCI11RWT,137,2019-02-19,2019-02-24,5
2741,YF3X2W7F5N,38,2019-03-21,2019-03-23,2
2742,BLN0SWKT0O,141,2019-03-17,2019-03-20,3
2743,JT6SQ8H3CP,251,2019-07-16,2019-07-22,6
2744,VOKAOTN59V,380,2019-03-28,2019-04-02,5
2745,Q93E3C1HMH,256,2019-06-10,2019-06-14,4
2746,UOEJ7Z9RTY,256,2019-10-09,2019-10-10,1
2747,9A9RT3GCP7,11,2019-12-23,2019-12-24,1
2748,3DE0JV0TR7,27,2019-12-19,2019-12-23,4
2749,KS9DTBVR7T,400,2019-08-13,2019-08-18,5
2750,ELVXDGNXNQ,37,2019-12-25,2019-12-27,2
2751,3SSYNAGVOJ,330,2019-07-25,2019-08-01,7
2752,GE8BWD8CDI,391,2019-09-28,2019-10-01,3
2753,ZAO2CK1WTL,146,2019-02-10,2019-02-11,1
2754,3ACMNKEA2F,82,2019-10-23,2019-10-25,2
2755,112EW213OL,156,2019-03-29,2019-04-05,7
2756,FBVH80J6LQ,14,2019-03-15,2019-03-19,4
2757,5RVXRV47W3,127,2019-06-05,2019-06-05,0
2758,FGZ1TW3QBC,294,2019-08-12,2019-08-16,4
2759,GC1KAYNLZ3,26,2019-03-31,2019-04-02,2
2760,HOELEPSA67,334,2019-09-27,2019-10-02,5
2761,LBTC7SNUYS,364,2019-12-22,2019-12-26,4
2762,SPC8L07UDK,388,2019-02-02,2019-02-09,7
2763,S7C3V6LIGP,287,2019-01-03,2019-01-06,3
2764,F8C3QXLM7F,275,2019-03-24,2019-03-30,6
2765,E6XWIGSJP1,339,2019-06-21,2019-06-21,0
2766,GVTMHO2YXC,410,2019-05-01,2019-05-06,5
2767,4Q8JQBRU9S,320,2019-03-24,2019-03-31,7
2768,HX0Q4PPR86,421,2019-12-22,2019-12-26,4
2769,0SLWD0XG9W,135,2019-09-26,2019-09-26,0
2770,DLVIXPUUV4,243,2019-01-23,2019-01-25,2
2771,XXC5TLF8W0,75,2019-08-24,2019-08-24,0
2772,NLNI7KLZE9,14,2019-05-26,2019-05-26,0
2773,KOOGKYGXLK,233,2019-04-10,2019-04-10,0
2774,7VLPWJT3AM,180,2019-12-26,2019-12-27,1
2775,F2IDRYD8ZV,363,2019-11-29,2019-11-30,1
2776,KQ7K4645K6,273,2019-07-10,2019-07-17,7
2777,PYGH3KS2XO,221,2019-07-17,2019-07-23,6
2778,TVGJAMOO5A,401,2019-09-23,2019-09-30,7
2779,FK0HSEHQJ2,322,2019-07-05,2019-07-10,5
2780,WPIC5YTMSU,425,2019-10-26,2019-10-26,0
2781,9795N3IKKV,128,2019-09-26,2019-09-28,2
2782,01VH023X8S,48,2019-03-12,2019-03-15,3
2783,AJK8DYCNCX,174,2019-01-09,2019-01-13,4
2784,IMZAMTQD13,206,2019-11-23,2019-11-23,0
2785,24CS0Z37HO,217,2019-07-12,2019-07-19,7
2786,ZPA9UB0IGE,60,2019-04-02,2019-04-04,2
2787,BJYPJLZ04J,116,2019-05-20,2019-05-21,1
2788,5TC6IY633S,421,2019-03-31,2019-04-02,2
2789,2R91SPH2E5,230,2019-11-21,2019-11-27,6
2790,3IGNZAGVQ1,264,2019-11-21,2019-11-25,4
2791,VZ2HXLZGY6,408,2019-01-06,2019-01-08,2
2792,L4YXJBMMCA,139,2019-09-08,2019-09-13,5
2793,BK4TN2MUN2,270,2019-08-06,2019-08-13,7
2794,39V6D04DB3,350,2019-06-28,2019-06-29,1
2795,4O2H818B2D,23,2019-02-26,2019-02-27,1
2796,FWLZZLWXGN,89,2019-12-02,2019-12-09,7
2797,RI3HNTONBO,235,2019-03-28,2019-04-03,6
2798,LFTMP53UNR,204,2019-08-18,2019-08-23,5
2799,BP127X8EBZ,106,2019-12-27,2019-12-29,2
2800,VBPGQSZ9WH,193,2019-07-09,2019-07-12,3
2801,1L5VWM27NG,274,2019-06-23,2019-06-24,1
2802,DN2SXC14IB,281,2019-02-03,2019-02-06,3
2803,8Q49HAPYHT,103,2019-09-26,2019-10-02,6
2804,ZKR6O8YZBG,76,2019-10-24,2019-10-31,7
2805,3FH6ZL68B1,234,2019-04-14,2019-04-18,4
2806,58N5JEWHMW,157,2019-10-12,2019-10-14,2
2807,BC38KOO2JL,289,2019-08-26,2019-09-02,7
2808,GSI5R5RQBM,142,2019-11-17,2019-11-17,0
2809,EBK5TDX366,198,2019-04-07,2019-04-11,4
2810,5VGL27IFMT,223,2019-01-06,2019-01-06,0
2811,83Y0RO0MH6,84,2019-04-02,2019-04-06,4
2812,M0RFAHZF9K,283,2019-08-20,2019-08-21,1
2813,AJ7L9DJXRR,76,2019-05-16,2019-05-18,2
2814,M0F3WYJPZY,71,2019-05-05,2019-05-08,3
2815,M1QMV0T36V,282,2019-09-15,2019-09-21,6
2816,0OQ96K0P1P,48,2019-10-09,2019-10-12,3
2817,343UJQW2JH,153,2019-01-28,2019-01-29,1
2818,CLZ3P1HF8A,364,2019-04-12,2019-04-18,6
2819,N3GPKOVZ1I,223,2019-07-16,2019-07-17,1
2820,DV0A319RHA,300,2019-08-13,2019-08-18,5
2821,JRE12WX2UV,415,2019-06-29,2019-06-30,1
2822,AM8Z2ZEUGB,41,2019-04-14,2019-04-16,2
2823,SW1T1YRNCD,311,2019-05-13,2019-05-17,4
2824,Y69E5J9GYE,62,2019-08-08,2019-08-08,0
2825,41X9PD4FXR,43,2019-07-25,2019-07-26,1
2826,C8SEJUXU5V,373,2019-08-01,2019-08-07,6
2827,9D7PGOR4NT,226,2019-12-18,2019-12-25,7
2828,OUQZ9NW1FE,43,2019-05-08,2019-05-14,6
2829,KEPN9QTD91,224,2019-10-07,2019-10-10,3
2830,QDAJRK0I2K,214,2019-05-19,2019-05-21,2
2831,YG3JZQ0HPC,411,2019-03-10,2019-03-14,4
2832,ZALOYN0GH7,31,2019-04-17,2019-04-18,1
2833,KR6WSPALGQ,180,2019-05-28,2019-06-03,6
2834,C84ZAA3A0N,235,2019-06-28,2019-07-05,7
2835,0JC8P7M1Z2,202,2019-12-14,2019-12-21,7
2836,TH8N4NHKIS,432,2019-12-16,2019-12-22,6
2837,TW4N8D2OQJ,307,2019-12-08,2019-12-14,6
2838,786DHAZV8D,229,2019-07-20,2019-07-27,7
2839,UN85RMNEWY,58,2019-01-10,2019-01-13,3
2840,GFNXUXBGY5,70,2019-09-15,2019-09-15,0
2841,8YSKI80VJC,253,2019-06-04,2019-06-06,2
2842,6ACP61GR3X,329,2019-11-10,2019-11-17,7
2843,XEITVAIEIT,168,2019-01-27,2019-01-30,3
2844,ZSSLYDGPVH,319,2019-01-01,2019-01-04,3
2845,AU76LKE04Z,419,2019-11-23,2019-11-25,2
2846,XD4HVMP9GT,153,2019-03-06,2019-03-12,6
2847,661EKPTCP2,350,2019-06-05,2019-06-07,2
2848,GHHDT9V5CX,254,2019-09-29,2019-10-02,3
2849,R5M63PE08R,283,2019-02-21,2019-02-24,3
2850,E391CLLA1W,395,2019-02-07,2019-02-07,0
2851,EAOSIRPGDC,225,2019-05-06,2019-05-09,3
2852,4F16RJS1MW,231,2019-07-15,2019-07-22,7
2853,Z0HWJXFCIE,398,2019-09-30,2019-10-03,3
2854,ZP7M5EG701,5,2019-02-26,2019-03-05,7
2855,88EM0RY43D,402,2019-01-13,2019-01-18,5
2856,Y0A27EY7BS,66,2019-02-16,2019-02-23,7
2857,XQ6DYYKKTK,421,2019-05-30,2019-06-03,4
2858,SVNFSDE55L,37,2019-04-21,2019-04-28,7
2859,V3FPIW2JJ2,48,2019-08-19,2019-08-26,7
2860,8VWRREX4CZ,211,2019-02-06,2019-02-08,2
2861,YAB45UZBNU,111,2019-04-24,2019-04-26,2
2862,4CI2FR6RJ0,313,2019-01-11,2019-01-16,5
2863,R3CQWK9G4Z,113,2019-07-12,2019-07-19,7
2864,PN2DZQHPKY,250,2019-01-18,2019-01-23,5
2865,IMV0BBI306,108,2019-01-12,2019-01-16,4
2866,BI7UJTH6ZB,298,2019-01-17,2019-01-19,2
2867,JC07GFUD12,76,2019-12-15,2019-12-18,3
2868,SW9RVWGE18,93,2019-11-08,2019-11-13,5
2869,UOUS8LSAKC,294,2019-05-13,2019-05-20,7
2870,TGUCW60CQ7,417,2019-05-08,2019-05-14,6
2871,BQXX9MN67Y,115,2019-04-01,2019-04-01,0
2872,VFDU8NMH38,89,2019-08-26,2019-08-27,1
2873,BUSN3WAW5A,372,2019-10-19,2019-10-26,7
2874,ZOX5SNV2X9,429,2019-03-10,2019-03-10,0
2875,FO04VA3HAE,337,2019-10-31,2019-11-07,7
2876,E47LVQUWG3,361,2019-12-21,2019-12-21,0
2877,4DHVBNPUE9,133,2019-01-18,2019-01-18,0
2878,9U78DISZNF,10,2019-09-04,2019-09-09,5
2879,XXJYIBB08N,184,2019-09-02,2019-09-06,4
2880,JHNEWAW03T,271,2019-04-24,2019-04-29,5
2881,J93BXXN4V4,106,2019-02-05,2019-02-11,6
2882,QHKOBSOS5X,184,2019-08-28,2019-09-02,5
2883,7MN2ID6W9F,29,2019-06-09,2019-06-14,5
2884,E7DICIOYXS,244,2019-07-18,2019-07-21,3
2885,WTK9P60WRG,344,2019-08-24,2019-08-25,1
2886,HEEAS9OM0S,361,2019-08-16,2019-08-18,2
2887,ADTZRLHLHZ,335,2019-12-08,2019-12-11,3
2888,QI2CWQW365,204,2019-10-02,2019-10-07,5
2889,DIZZA2FR2R,270,2019-05-30,2019-06-06,7
2890,1RZW30A3VC,243,2019-03-06,2019-03-08,2
2891,N1LWCL1QHJ,371,2019-06-17,2019-06-21,4
2892,3WOV2ASORR,67,2019-02-20,2019-02-24,4
2893,914GRXBNGG,331,2019-06-25,2019-06-29,4
2894,OCUWQEETM4,349,2019-09-03,2019-09-05,2
2895,ZFCYFKOBY4,300,2019-09-07,2019-09-11,4
2896,D2ENH6UCRS,30,2019-10-06,2019-10-08,2
2897,DAVJNRHF6X,265,2019-08-16,2019-08-20,4
2898,ZU4NOCSKNQ,366,2019-04-14,2019-04-21,7
2899,RO1W6QBQXN,407,2019-08-20,2019-08-24,4
2900,P256YT0M8Y,291,2019-09-20,2019-09-22,2
2901,8MM7C0DG8U,68,2019-09-02,2019-09-02,0
2902,JNT9A4HNNA,385,2019-06-07,2019-06-13,6
2903,J5MY2W6QBA,29,2019-07-09,2019-07-09,0
2904,7CXSD97O3Q,100,2019-03-02,2019-03-02,0
2905,9EA6SHLYSW,274,2019-09-11,2019-09-17,6
2906,GC0VL1EMV3,20,2019-01-12,2019-01-14,2
2907,5G1PE7T4HQ,376,2019-11-17,2019-11-22,5
2908,RU9W3Q9WVM,303,2019-03-29,2019-04-02,4
2909,20MB9YLTCB,153,2019-09-28,2019-09-30,2
2910,WOTC7D3EVL,1,2019-02-10,2019-02-16,6
2911,32MTS4I1VM,132,2019-05-01,2019-05-08,7
2912,ECBD80OOEO,412,2019-05-15,2019-05-16,1
2913,BYLHQZI754,82,2019-09-04,2019-09-09,5
2914,U2AU5K24L6,365,2019-10-24,2019-10-29,5
2915,E2B9K87MUI,70,2019-05-08,2019-05-09,1
2916,YJLG84EK9A,226,2019-02-12,2019-02-16,4
2917,MUYX7EZO0G,304,2019-08-05,2019-08-10,5
2918,ECO5FGC75B,290,2019-01-27,2019-01-29,2
2919,APRAPW4JIY,189,2019-05-09,2019-05-13,4
2920,55RMX2R57Z,322,2019-07-04,2019-07-11,7
2921,XQQZJKRRWY,288,2019-02-06,2019-02-08,2
2922,KFH4HQX61I,240,2019-04-12,2019-04-16,4
2923,UMJCX8AP71,333,2019-10-13,2019-10-15,2
2924,TRWAGR3USI,222,2019-05-09,2019-05-11,2
2925,DSIU6IQE0U,393,2019-11-01,2019-11-03,2
2926,7RPN4IVK9L,245,2019-10-17,2019-10-18,1
2927,1NK33LZWOO,330,2019-10-09,2019-10-12,3
2928,67LO67SLTY,273,2019-10-12,2019-10-13,1
2929,9PRLTIFTZB,411,2019-06-06,2019-06-06,0
2930,SGK4VCUCZ5,230,2019-11-22,2019-11-22,0
2931,ND0WNAY2XE,44,2019-02-24,2019-03-01,5
2932,SXB101J8SI,199,2019-02-22,2019-02-22,0
2933,IZZN5K6VTQ,396,2019-11-02,2019-11-06,4
2934,WR1CG8PS2V,166,2019-08-14,2019-08-16,2
2935,CTA0CR66XE,200,2019-04-01,2019-04-06,5
2936,URC8GTR4XD,111,2019-03-31,2019-04-06,6
2937,EU5AGAZK92,43,2019-03-30,2019-03-30,0
2938,X7SKE03CBH,60,2019-07-04,2019-07-11,7
2939,J2Q87VO979,149,2019-11-11,2019-11-16,5
2940,75D7CMQCB5,333,2019-08-15,2019-08-22,7
2941,8IE3DBAX4V,281,2019-05-01,2019-05-04,3
2942,8NOLIU9KKM,275,2019-07-05,2019-07-12,7
2943,SURXALLG5Q,65,2019-08-31,2019-09-01,1
2944,M0H5TA07E2,219,2019-07-15,2019-07-15,0
2945,O5KB1FUQR0,258,2019-09-16,2019-09-20,4
2946,H4GVSI5XDZ,433,2019-07-21,2019-07-23,2
2947,B82LVKJMX6,101,2019-07-18,2019-07-19,1
2948,9HWGOYE3L5,27,2019-08-13,2019-08-14,1
2949,F6BYEYR0F2,66,2019-11-29,2019-11-30,1
2950,VLJICPWV6I,112,2019-02-07,2019-02-08,1
2951,UOCA4V01FN,369,2019-04-26,2019-04-30,4
2952,U5TRFHSGWW,55,2019-11-14,2019-11-19,5
2953,5YPCRQYZ1Z,251,2019-05-27,2019-05-29,2
2954,W4EM7TZMVL,66,2019-07-20,2019-07-25,5
2955,LKALTTAR4X,248,2019-05-13,2019-05-16,3
2956,WNJ65NFWBJ,381,2019-11-03,2019-11-05,2
2957,LC887YDYQ5,107,2019-12-05,2019-12-07,2
2958,BBB6QHFZ18,190,2019-05-22,2019-05-28,6
2959,YA908OZPUG,359,2019-10-15,2019-10-21,6
2960,NLWUQUATUA,23,2019-10-08,2019-10-12,4
2961,069J95WRWE,246,2019-06-25,2019-06-30,5
2962,3PBTH6FYA0,173,2019-01-04,2019-01-11,7
2963,4XJUGWVOSM,191,2019-11-07,2019-11-08,1
2964,X7UG94HBQR,125,2019-05-25,2019-05-25,0
2965,LIZOHEITJL,78,2019-09-04,2019-09-10,6
2966,VHDJWU2XTM,288,2019-02-01,2019-02-01,0
2967,3HVYC4RZ81,62,2019-04-15,2019-04-21,6
2968,FFT094GDKJ,44,2019-11-02,2019-11-06,4
2969,L0HEG1LON5,55,2019-02-17,2019-02-22,5
2970,2G521T0NW1,169,2019-01-31,2019-02-06,6
2971,XPV82HTVAL,426,2019-10-15,2019-10-15,0
2972,OG4KB2G1GZ,307,2019-08-10,2019-08-12,2
2973,SB2IMNKX7C,103,2019-03-23,2019-03-23,0
2974,0VASPZKU2T,147,2019-09-09,2019-09-09,0
2975,16LVXC04V2,369,2019-03-06,2019-03-08,2
2976,5HR5KEHL3H,258,2019-03-20,2019-03-27,7
2977,AA4FPZL92F,332,2019-06-28,2019-07-04,6
2978,M2TXTFJ2CW,410,2019-11-09,2019-11-15,6
2979,CT5BZ55Y2R,142,2019-02-09,2019-02-15,6
2980,909WI84K36,269,2019-03-07,2019-03-09,2
2981,XIXCYXOFXM,41,2019-03-28,2019-04-01,4
2982,M0HY1PQ97R,323,2019-09-11,2019-09-16,5
2983,8AB1M0CT7T,388,2019-03-27,2019-03-27,0
2984,NSEG5VOZRM,183,2019-12-16,2019-12-19,3
2985,V40J2CV11V,296,2019-06-18,2019-06-22,4
2986,Z3W2W5RMZU,269,2019-12-08,2019-12-11,3
2987,DNI1KN5ARJ,139,2019-09-19,2019-09-26,7
2988,JJBJEJDFZF,30,2019-08-24,2019-08-24,0
2989,5DJDKDIY6Q,77,2019-11-22,2019-11-27,5
2990,0U7YYFJ99D,6,2019-09-30,2019-10-02,2
2991,C73VLBCAEM,323,2019-12-14,2019-12-21,7
2992,CDFC8F5671,238,2019-11-10,2019-11-10,0
2993,4PS6BY6FMY,258,2019-06-20,2019-06-26,6
2994,BV6TVZPOC9,68,2019-12-25,2019-12-29,4
2995,AXXWJ0NG0O,337,2019-06-15,2019-06-15,0
2996,E54X63DRS2,73,2019-05-06,2019-05-08,2
2997,SK4N3U2IOH,45,2019-08-10,2019-08-17,7