id,order_code,number_of_different_product,received_timestamp,despatch_timestamp,order_time
1,I60CPTIY49,385,2019-07-05,2019-07-10,5
2,OMTA8VGLP7,323,2019-03-28,2019-04-04,7
3,ZU1BLPVMWE,385,2019-05-31,2019-06-03,3
4,5R44NQPT2R,24,2019-05-31,2019-06-04,4
5,A4J2WA92AB,291,2019-11-02,2019-11-09,7
6,RWT42W320H,379,2019-11-24,2019-11-26,2
7,SVBGVI3SET,223,2019-12-28,2020-01-01,4
8,P86GZKPYWO,420,2019-09-21,2019-09-27,6
9,6K25VV3X8S,132,2019-07-04,2019-07-08,4
10,R5CTYR8HWP,120,2019-03-08,2019-03-14,6
11,CDVJGL5LW3,336,2019-01-04,2019-01-05,1
12,67BJ5D8591,215,2019-11-14,2019-11-15,1
13,Y30BHCRSWX,24,2019-01-12,2019-01-16,4
14,3A4TF8GZDE,294,2019-10-25,2019-10-29,4
15,AJE6YKU5K1,364,2019-10-01,2019-10-08,7
16,M7G1IP8RIT,360,2019-08-12,2019-08-12,0
17,F4ZF5E3S2G,309,2019-11-28,2019-11-30,2
18,NRDT2RBH5E,191,2019-01-29,2019-02-01,3
19,DX59AG5V1K,177,2019-04-14,2019-04-20,6
20,K6UXZPPFGQ,178,2019-01-08,2019-01-08,0
21,GK7QBV5RYN,280,2019-11-15,2019-11-21,6
22,95UEXXBG7E,283,2019-11-13,2019-11-17,4
23,0ULAS5NA21,364,2019-03-05,2019-03-07,2
24,ES0CHFV9JM,97,2019-06-26,2019-06-27,1
25,A2ABCAAHRS,96,2019-10-19,2019-10-21,2
26,F8ADW591BM,52,2019-11-25,2019-11-26,1
27,KZ234Y9A76,332,2019-04-25,2019-05-02,7
28,DK20Y2WEV8,336,2019-03-15,2019-03-20,5
29,VN5JE8W28W,139,2019-07-31,2019-08-02,2
30,538FFPDF56,97,2019-11-24,2019-11-26,2
31,IMJXGOP2Y7,419,2019-05-11,2019-05-11,0
32,YND2LXH8NN,114,2019-07-11,2019-07-17,6
33,6X2F1YK3RD,426,2019-08-06,2019-08-12,6
34,P3RZYZ2P7L,272,2019-07-07,2019-07-07,0
35,E7BEEE0BFZ,192,2019-06-17,2019-06-24,7
36,TYXEONKLTI,271,2019-06-16,2019-06-21,5
37,H49USZPGPQ,188,2019-09-22,2019-09-24,2
38,TSHUGJBGYU,380,2019-09-26,2019-09-26,0
39,U7SOL5GYQT,278,2019-02-01,2019-02-02,1
40,C069ZWMC0N,107,2019-03-09,2019-03-12,3
41,TU5H4IJHEB,61,2019-03-01,2019-03-03,2
42,A9JO8961AN,58,2019-10-12,2019-10-14,2
43,0NQZXDGK8V,357,2019-08-20,2019-08-23,3
44,LMLOKM3YA8,216,2019-06-06,2019-06-11,5
45,XCAXBM8QBY,315,2019-08-11,2019-08-12,1
46,9TN983FTHC,391,2019-07-22,2019-07-28,6
47,KKHJ0N6ON9,423,2019-01-07,2019-01-12,5
48,MDE5A4Z85L,293,2019-05-04,2019-05-08,4
49,5V4UJMJ9UT,422,2019-01-11,2019-01-14,3
50,YBNJMHJX1N,162,2019-01-02,2019-01-09,7
51,HYPH8D3L91,4,2019-10-16,2019-10-20,4
52,37RDYIAM7B,108,2019-06-25,2019-07-01,6
53,WG1MJA2F5A,54,2019-02-15,2019-02-18,3
54,MUKO13W5KJ,341,2019-09-28,2019-09-28,0
55,I4NW8NPFFX,42,2019-08-14,2019-08-17,3
56,PLB9RBPEIU,34,2019-04-16,2019-04-22,6
57,G10SLOKGV3,69,2019-04-21,2019-04-28,7
58,Y9NVI13JGC,369,2019-07-28,2019-08-02,5
59,OVLX9ULKCG,157,2019-08-28,2019-08-29,1
60,J6JIEAYBO1,294,2019-08-08,2019-08-12,4
61,WMR6R47515,128,2019-11-20,2019-11-20,0
62,TZAURKYTZ8,397,2019-11-09,2019-11-16,7
63,MB788HT313,398,2019-01-12,2019-01-12,0
64,IC5PAANY1H,218,2019-05-29,2019-05-31,2
65,1CSPT9EW6D,68,2019-04-14,2019-04-17,3
66,PB1U1NGSJY,8,2019-12-22,2019-12-24,2
67,J1197BGHMZ,276,2019-09-23,2019-09-30,7
68,9NEGVTRWED,348,2019-02-02,2019-02-08,6
69,M0IP7F49I4,71,2019-12-25,2019-12-26,1
70,DN5PSMJHA9,8,2019-04-25,2019-04-27,2
71,FVY2D5GXKT,209,2019-10-21,2019-10-22,1
72,IT19RI16SP,87,2019-09-21,2019-09-25,4
73,G9EF84ZE38,322,2019-10-12,2019-10-16,4
74,RCJVDLGXNK,248,2019-11-02,2019-11-09,7
75,7N5ZA2NNEW,184,2019-07-03,2019-07-07,4
76,LN9TWUH6WF,219,2019-07-31,2019-08-03,3
77,3JW15YSUHB,188,2019-06-13,2019-06-18,5
78,2HFA6I8Z08,342,2019-07-02,2019-07-03,1
79,P80YMG1NGP,15,2019-02-15,2019-02-20,5
80,E6R2C0NZAR,369,2019-11-05,2019-11-07,2
81,E6FES9MNC3,196,2019-10-10,2019-10-15,5
82,2WTRKBOAHZ,404,2019-09-08,2019-09-12,4
83,YKOV9KASGP,320,2019-10-14,2019-10-18,4
84,3IF2A4XNCK,370,2019-10-29,2019-10-30,1
85,S0WE5R5IP4,204,2019-07-13,2019-07-19,6
86,D0SLIUT5PU,340,2019-08-27,2019-08-31,4
87,CFDO3HB0TX,163,2019-10-02,2019-10-06,4
88,80J3PQIOOE,374,2019-01-22,2019-01-25,3
89,FOTODG4R2C,423,2019-01-20,2019-01-21,1
90,BMQ6UKGIQS,241,2019-06-21,2019-06-26,5
91,M31MGFNFDB,299,2019-06-26,2019-06-29,3
92,J58PJHRJD7,182,2019-08-24,2019-08-25,1
93,RYHEQ1J8A9,312,2019-10-26,2019-10-28,2
94,5CNMMRMY7U,306,2019-07-15,2019-07-19,4
95,BFP4ZABPEN,309,2019-04-11,2019-04-12,1
96,IC0VHVD1H1,56,2019-08-25,2019-08-27,2
97,DL2GVR42CF,88,2019-04-07,2019-04-12,5
98,C91AF97FY7,141,2019-12-26,2019-12-29,3
99,1KATUA1SXI,38,2019-06-29,2019-07-05,6
100,VRY4WZVGED,257,2019-08-06,2019-08-09,3
101,OR6QX54TLS,262,2019-07-16,2019-07-19,3
102,NRXQYVLFBV,411,2019-05-21,2019-05-26,5
103,BQEADJ9L04,379,2019-11-15,2019-11-20,5
104,N5CIWC0L2Y,321,2019-04-09,2019-04-12,3
105,RN03ZSWTJU,236,2019-06-30,2019-06-30,0
106,7BINRM23JP,223,2019-01-10,2019-01-17,7
107,ZQ0JO1G2BI,43,2019-09-20,2019-09-22,2
108,XGCSMCE5UQ,66,2019-02-27,2019-03-03,4
109,RPGRGZHBON,351,2019-02-12,2019-02-18,6
110,TBAEJPG54B,94,2019-05-05,2019-05-05,0
111,RV6F9G625S,426,2019-11-12,2019-11-15,3
112,73KQ79XRV9,302,2019-06-02,2019-06-06,4
113,PX2A98O0H9,94,2019-01-23,2019-01-24,1
114,OQI03IBNO9,359,2019-11-30,2019-12-04,4
115,29XDD7L5GS,270,2019-05-08,2019-05-14,6
116,UH1QY4ETWO,113,2019-03-13,2019-03-17,4
117,RL66OJCR8S,202,2019-07-27,2019-07-31,4
118,OZV27734YQ,380,2019-05-22,2019-05-29,7
119,JUT7CVNTD8,243,2019-06-25,2019-06-25,0
120,8JU5GH9J5F,107,2019-01-23,2019-01-23,0
121,PXVHL6JY0F,164,2019-08-10,2019-08-14,4
122,4J7830HKSM,282,2019-03-25,2019-04-01,7
123,7U12MJFXPI,407,2019-07-11,2019-07-18,7
124,PYWAO70D6B,297,2019-11-16,2019-11-18,2
125,3ZHYWIFFZC,111,2019-02-20,2019-02-25,5
126,2L8JVZ6QGO,315,2019-08-20,2019-08-22,2
127,6J1DPY4Y0V,171,2019-07-07,2019-07-08,1
128,ERLEP3G3K8,309,2019-12-27,2019-12-27,0
129,YFND9BGDYT,131,2019-09-03,2019-09-07,4
130,LJRBHNU6A1,117,2019-10-18,2019-10-19,1
131,4JS5Q9X7LI,393,2019-12-08,2019-12-10,2
132,7DEA8TQYPV,30,2019-05-23,2019-05-28,5
133,QC24W6CYCJ,198,2019-10-17,2019-10-20,3
134,GU96WRYGXQ,37,2019-05-21,2019-05-27,6
135,Q3SQBP24RG,22,2019-04-28,2019-05-01,3
136,1E66Z3IPDM,406,2019-02-05,2019-02-11,6
137,VJPTORHOGV,309,2019-04-26,2019-04-30,4
138,FUZW1CXLVA,121,2019-03-14,2019-03-20,6
139,EK3DY6SN2H,321,2019-07-22,2019-07-24,2
140,LUCO9YHEST,148,2019-12-31,2020-01-07,7
141,0U1R837VS5,26,2019-04-03,2019-04-07,4
142,FWHWNI5PIX,359,2019-06-23,2019-06-24,1
143,W4HBEPT717,230,2019-09-12,2019-09-15,3
144,WYKHN2EGEP,316,2019-07-28,2019-08-03,6
145,O9ADUMDEBW,11,2019-02-09,2019-02-11,2
146,VHK3XIFYZ0,323,2019-06-13,2019-06-15,2
147,N600VZ644Y,391,2019-06-17,2019-06-20,3
148,AXW2OD08I0,47,2019-10-11,2019-10-18,7
149,L6SKF6LIIU,282,2019-06-22,2019-06-22,0
150,TLMY0GALCX,18,2019-09-13,2019-09-13,0
151,H6KRNJTBU7,320,2019-03-01,2019-03-03,2
152,FKBDI0KBUN,421,2019-06-28,2019-07-02,4
153,EIWIZPMVY0,31,2019-08-15,2019-08-19,4
154,I5RMGPU1CM,146,2019-01-31,2019-02-01,1
155,D3F1WTT2NJ,196,2019-04-13,2019-04-17,4
156,0ISD278A21,6,2019-01-02,2019-01-02,0
157,PABGIG8LBS,62,2019-06-06,2019-06-07,1
158,1SSPNFXEUM,278,2019-10-04,2019-10-08,4
159,AG5Z0V1MZ6,335,2019-06-13,2019-06-13,0
160,GIXEICEEKP,342,2019-05-18,2019-05-18,0
161,226JAQW3E7,268,2019-12-13,2019-12-17,4
162,AOR6O73B5M,277,2019-05-08,2019-05-13,5
163,QURCHNZFX5,347,2019-09-30,2019-10-01,1
164,5AW71WKK44,371,2019-11-15,2019-11-21,6
165,L7M3NLNZ2F,274,2019-08-23,2019-08-25,2
166,MDTSBA19BM,14,2019-09-25,2019-09-26,1
167,BWUZJQ7M5J,114,2019-01-08,2019-01-09,1
168,JVV0FRB1SZ,392,2019-12-14,2019-12-18,4
169,3PR1WCXM0C,48,2019-03-14,2019-03-16,2
170,YPNSDHO7DS,264,2019-05-03,2019-05-10,7
171,3MC2QH2HO6,402,2019-05-10,2019-05-13,3
172,UWEU2UD05C,401,2019-01-10,2019-01-12,2
173,MGS269JA39,67,2019-02-07,2019-02-08,1
174,N95FZ5AQ2P,169,2019-03-02,2019-03-05,3
175,W5A85LX0FX,160,2019-08-09,2019-08-09,0
176,4JIGISBUN4,199,2019-10-14,2019-10-20,6
177,DE0AO6610F,24,2019-07-14,2019-07-16,2
178,1JB258ZBNP,133,2019-04-27,2019-05-01,4
179,7Q6WQY4KEU,21,2019-03-23,2019-03-23,0
180,2RCIN4695C,255,2019-11-18,2019-11-24,6
181,S0GJRBKH6C,44,2019-09-24,2019-09-30,6
182,CBS3VLW31Y,268,2019-04-20,2019-04-27,7
183,N5NNV5DRZO,141,2019-05-23,2019-05-28,5
184,EC4L3GWG25,49,2019-08-29,2019-09-02,4
185,43DIBUWAA9,84,2019-02-03,2019-02-03,0
186,ZPJ4CZGB56,203,2019-05-16,2019-05-23,7
187,PL8UHSTCZP,220,2019-02-20,2019-02-23,3
188,U4GK7VQPIT,80,2019-10-12,2019-10-13,1
189,YA582QDLMH,395,2019-01-21,2019-01-25,4
190,Z2VBWMIWZG,136,2019-12-24,2019-12-29,5
191,7URQRPSF9W,54,2019-10-02,2019-10-06,4
192,AB16MX2L5J,67,2019-12-26,2019-12-30,4
193,6GFP1WW976,289,2019-10-15,2019-10-19,4
194,FS5K3T6GGB,221,2019-12-05,2019-12-12,7
195,3SU2FQ33JM,246,2019-09-21,2019-09-28,7
196,OWXHVBMNKH,260,2019-12-03,2019-12-06,3
197,ZPJ9BLQBWH,72,2019-04-14,2019-04-15,1
198,Z92V3K627U,67,2019-11-09,2019-11-15,6
199,IZ6YU5JFP3,86,2019-04-03,2019-04-03,0
200,T5NDLTP5FZ,29,2019-04-22,2019-04-22,0
201,N67AAP2EDW,94,2019-09-14,2019-09-15,1
202,K5R6ZYA4JJ,112,2019-07-12,2019-07-18,6
203,MHPY5ZXT9V,23,2019-04-14,2019-04-15,1
204,JLMHYIEUVC,226,2019-08-11,2019-08-11,0
205,C5TELD2L8H,84,2019-04-18,2019-04-22,4
206,7SMGRG372R,393,2019-09-19,2019-09-23,4
207,O8I7DEB9AL,164,2019-12-01,2019-12-04,3
208,D837ZGSXAB,157,2019-07-15,2019-07-17,2
209,D7UMG3WOZX,29,2019-11-02,2019-11-04,2
210,VW6ULW8T31,77,2019-12-31,2020-01-04,4
211,G5KK47T3EJ,221,2019-09-22,2019-09-24,2
212,VUT5V2TEMO,37,2019-06-04,2019-06-11,7
213,ZP7RP2XF0M,420,2019-05-19,2019-05-26,7
214,VIEXQC28DO,328,2019-07-08,2019-07-12,4
215,8Z7AT5EL27,123,2019-12-25,2019-12-28,3
216,I317RL3VDK,411,2019-03-26,2019-03-28,2
217,D18RTXR8TA,250,2019-07-14,2019-07-16,2
218,HL282SSG0N,234,2019-10-10,2019-10-10,0
219,VVIZ7ZS3J4,85,2019-12-16,2019-12-22,6
220,4JQIILXOUX,281,2019-06-11,2019-06-14,3
221,8O116NBNVT,194,2019-09-21,2019-09-25,4
222,346MXZDGHD,2,2019-11-23,2019-11-25,2
223,07W48P9DUX,347,2019-06-25,2019-06-26,1
224,Y283H6NX4P,347,2019-05-23,2019-05-26,3
225,HC8B7GCSFW,374,2019-02-06,2019-02-06,0
226,3HVMOFZ8QP,424,2019-02-26,2019-03-03,5
227,402M3FZZ9T,295,2019-06-11,2019-06-16,5
228,HHR43ACCOQ,123,2019-04-09,2019-04-12,3
229,78S8XGSZLA,374,2019-04-27,2019-04-29,2
230,SWETFHB79D,63,2019-07-14,2019-07-16,2
231,Z7IXK4M8IB,429,2019-07-03,2019-07-04,1
232,28QATIS3R7,216,2019-06-26,2019-07-02,6
233,IQSM8REWVV,356,2019-04-24,2019-04-28,4
234,TZSE41BG73,224,2019-04-17,2019-04-23,6
235,84KAHONDZV,339,2019-08-02,2019-08-09,7
236,OJYWTKPXNB,134,2019-06-10,2019-06-11,1
237,66MS2F5PZ7,259,2019-01-10,2019-01-11,1
238,PVRTTJTFUG,370,2019-03-14,2019-03-20,6
239,0R63Y8F85L,417,2019-08-01,2019-08-08,7
240,WK4JHZOFY9,353,2019-11-09,2019-11-10,1
241,NV0SAS7186,320,2019-04-11,2019-04-15,4
242,FNU07P84BX,14,2019-01-28,2019-01-30,2
243,DKX13SRU64,381,2019-04-13,2019-04-16,3
244,PDSTNNIFVL,373,2019-12-13,2019-12-20,7
245,7TRORQPZL1,173,2019-03-20,2019-03-25,5
246,I5S0YUJ2R0,408,2019-05-26,2019-05-31,5
247,1FDR1LCMA1,76,2019-02-17,2019-02-19,2
248,ZHM0ZX0MRU,397,2019-04-12,2019-04-14,2
249,8H2HKKWSHE,396,2019-11-23,2019-11-26,3
250,3H11J07UWJ,116,2019-06-02,2019-06-09,7
251,2XTC4LVFN8,190,2019-11-24,2019-11-25,1
252,PTZ794KAAC,257,2019-09-10,2019-09-10,0
253,BHJMP1HWH7,289,2019-09-06,2019-09-13,7
254,224LK6O6NT,342,2019-02-17,2019-02-23,6
255,G3IFGLL1SF,133,2019-10-27,2019-10-27,0
256,SHRWQXY2R7,30,2019-01-07,2019-01-11,4
257,G42QX3DBL3,363,2019-06-30,2019-07-01,1
258,EGTTXJP3E4,312,2019-07-31,2019-08-01,1
259,V86SL255KS,261,2019-08-31,2019-09-02,2
260,ET1J8S6KRH,400,2019-02-28,2019-03-07,7
261,BBNVWHGBVQ,96,2019-05-25,2019-05-30,5
262,R8U3PFAC71,421,2019-09-30,2019-10-03,3
263,2QF8XAH7VO,218,2019-09-23,2019-09-30,7
264,6DZ5WR3O4J,127,2019-11-25,2019-11-27,2
265,4LGXWZW41C,174,2019-06-06,2019-06-07,1
266,WPVHK4U6Y2,125,2019-02-16,2019-02-20,4
267,1BYZO10TMH,341,2019-01-20,2019-01-27,7
268,TPOQ0FIVYB,4,2019-04-21,2019-04-21,0
269,B6YYT4HLC0,314,2019-10-13,2019-10-13,0
270,1B6JFZCMDF,210,2019-08-21,2019-08-24,3
271,HG74HICNKA,81,2019-06-13,2019-06-19,6
272,K1R5PML9YL,243,2019-07-20,2019-07-23,3
273,F4JIGA9ZY3,431,2019-05-05,2019-05-08,3
274,015NYNNNT2,129,2019-11-09,2019-11-16,7
275,9TYBZVOXC8,421,2019-02-09,2019-02-14,5
276,93G91J1UAB,240,2019-03-29,2019-04-05,7
277,DAH9SWTLLT,337,2019-01-30,2019-02-04,5
278,5AVVGXPVB8,370,2019-09-28,2019-10-01,3
279,EMGJVONYX9,316,2019-11-24,2019-12-01,7
280,YLQLVVJA5A,394,2019-05-29,2019-06-03,5
281,MPCCV1RWHJ,432,2019-12-30,2020-01-03,4
282,YOPUTF59RF,266,2019-08-23,2019-08-23,0
283,QM4EWFDS6U,12,2019-03-19,2019-03-26,7
284,NANPC5F9UD,416,2019-01-19,2019-01-21,2
285,J3BT193N81,108,2019-05-10,2019-05-12,2
286,MOB0RTJVLE,285,2019-02-10,2019-02-11,1
287,68EQ930U3R,394,2019-02-06,2019-02-10,4
288,PL6M5HEAUF,97,2019-06-04,2019-06-10,6
289,B267UZ4XEC,400,2019-07-10,2019-07-14,4
290,P9WXT12UP5,251,2019-09-09,2019-09-12,3
291,1M6DYJ5GV4,378,2019-10-08,2019-10-10,2
292,CSXI2V4PP5,387,2019-12-05,2019-12-11,6
293,03R4FMUFKN,80,2019-08-29,2019-09-05,7
294,H36PSNO5HB,135,2019-04-03,2019-04-05,2
295,I5WKOOPHGF,297,2019-01-11,2019-01-15,4
296,170LPQ8OKX,273,2019-08-16,2019-08-22,6
297,3WRGWSTMOK,261,2019-10-18,2019-10-20,2
298,W5RZJORN6U,340,2019-08-09,2019-08-13,4
299,R5VEBVM0RN,77,2019-08-24,2019-08-27,3
300,OA9ZUAVLEW,78,2019-03-01,2019-03-01,0
301,MNE1SQMWNT,349,2019-07-23,2019-07-25,2
302,ZO6XC5KZIN,125,2019-01-29,2019-02-02,4
303,DV4SFGDG68,179,2019-05-11,2019-05-11,0
304,CYZD1H1J56,274,2019-03-07,2019-03-09,2
305,LJ8ATKRDOB,137,2019-12-20,2019-12-23,3
306,WHV79C18SL,34,2019-07-24,2019-07-30,6
307,VW7OY746XD,256,2019-10-15,2019-10-15,0
308,KJFLLAX2FT,419,2019-10-14,2019-10-16,2
309,YAKHRU9FSW,399,2019-11-28,2019-11-28,0
310,3J48R2SRLI,376,2019-11-12,2019-11-12,0
311,X1G9C8XIB8,40,2019-12-09,2019-12-11,2
312,HIR2OX03JV,165,2019-03-17,2019-03-17,0
313,OBC8T0XA6H,371,2019-06-23,2019-06-26,3
314,NJIPVVV213,404,2019-04-13,2019-04-16,3
315,BGC8AOYJ60,8,2019-02-19,2019-02-25,6
316,CL36R73QDU,151,2019-02-25,2019-03-03,6
317,MBD4OCX2TZ,307,2019-10-12,2019-10-16,4
318,VLZTY2R6BY,278,2019-05-12,2019-05-19,7
319,B6SU1ENBBI,53,2019-02-16,2019-02-22,6
320,YU8P34A8DJ,272,2019-09-21,2019-09-24,3
321,KIPBRLOVM9,139,2019-04-01,2019-04-08,7
322,W9HIJVG1S9,31,2019-12-17,2019-12-24,7
323,4VUSUDMWO6,143,2019-10-20,2019-10-25,5
324,87D6SUGPE8,320,2019-08-31,2019-09-07,7
325,UIV5VVAH5Z,382,2019-05-28,2019-05-31,3
326,TYHQBM89L0,165,2019-12-14,2019-12-20,6
327,6GZAUD154H,6,2019-02-07,2019-02-08,1
328,71TB37JSSP,159,2019-10-07,2019-10-10,3
329,YN6SAFO6X4,133,2019-09-12,2019-09-16,4
330,SMPBIJABV5,50,2019-02-02,2019-02-04,2
331,F6IXOFBRMC,82,2019-12-08,2019-12-11,3
332,DE17P48KHK,89,2019-08-27,2019-08-30,3
333,OCEMOVKLYG,163,2019-02-03,2019-02-07,4
334,LY31IAKT40,215,2019-03-27,2019-04-02,6
335,LBIB9WEQ21,365,2019-12-13,2019-12-14,1
336,9W1WWDG4I5,75,2019-11-28,2019-11-28,0
337,ZQZ8EHGSJT,15,2019-08-30,2019-09-06,7
338,YDF92R0L70,188,2019-04-30,2019-05-05,5
339,63W21RINB3,304,2019-02-28,2019-03-04,4
340,DXOII9PARV,158,2019-04-03,2019-04-07,4
341,EUPL3HXL0O,207,2019-11-02,2019-11-07,5
342,M7TV8VH439,35,2019-09-15,2019-09-15,0
343,JWVFLDODYH,255,2019-12-21,2019-12-21,0
344,47L9P960V3,10,2019-04-10,2019-04-15,5
345,TWZLM6EAV1,216,2019-07-13,2019-07-18,5
346,LJNPY691U3,49,2019-03-30,2019-04-03,4
347,TKTVB19NVB,22,2019-04-03,2019-04-05,2
348,OZRL90OGCA,243,2019-12-11,2019-12-16,5
349,J2M6RTHT7A,309,2019-12-02,2019-12-06,4
350,X1SC6DK6AQ,25,2019-03-11,2019-03-15,4
351,T72NLLLUVH,411,2019-02-17,2019-02-24,7
352,6AAVWDS842,23,2019-09-30,2019-10-07,7
353,WBBUO1X6UV,126,2019-05-22,2019-05-27,5
354,AUZKGKUQUO,126,2019-11-03,2019-11-08,5
355,D4ZW5LMW5S,273,2019-12-25,2020-01-01,7
356,I7JLZID9OJ,313,2019-03-30,2019-04-06,7
357,B1KSWDWCP7,21,2019-02-27,2019-03-05,6
358,CF7KAIFYOM,316,2019-11-07,2019-11-13,6
359,K9SFMLZA15,85,2019-10-06,2019-10-06,0
360,6U0754FQF8,186,2019-01-29,2019-02-04,6
361,WBKYELMIC5,4,2019-03-08,2019-03-14,6
362,XHXR1B02NQ,156,2019-10-24,2019-10-28,4
363,YF9D0RORV0,125,2019-06-18,2019-06-23,5
364,DSXPY7ZOKU,259,2019-01-27,2019-02-02,6
365,VRQJSW4XBR,36,2019-06-28,2019-06-29,1
366,7EFPSXIT65,188,2019-05-08,2019-05-15,7
367,1BGU14C6F1,159,2019-07-14,2019-07-17,3
368,FD1JIGOH7P,190,2019-11-15,2019-11-15,0
369,TPU0WIU37R,434,2019-11-05,2019-11-06,1
370,WKTYTS49FC,91,2019-08-06,2019-08-12,6
371,44E9SYUJJ0,94,2019-04-23,2019-04-28,5
372,1F2SFXPNM8,139,2019-06-10,2019-06-12,2
373,7FHPTRPEAD,331,2019-11-01,2019-11-03,2
374,958A82ZG1S,159,2019-08-06,2019-08-13,7
375,0Y553KMS97,181,2019-02-09,2019-02-13,4
376,MTML0UATVD,1,2019-07-02,2019-07-07,5
377,RP43HVA08A,100,2019-06-12,2019-06-13,1
378,FUYZMRC5JA,218,2019-03-09,2019-03-11,2
379,FWQ79SRTGG,419,2019-04-12,2019-04-19,7
380,L8FOOTICFM,427,2019-10-14,2019-10-16,2
381,WCYE34A8WD,338,2019-02-09,2019-02-13,4
382,SOYJ7MKRN3,407,2019-03-26,2019-04-02,7
383,K8PMKKYOBF,133,2019-12-01,2019-12-05,4
384,6F0CUN2PCQ,266,2019-10-18,2019-10-25,7
385,4TKIVI0ZWT,192,2019-09-20,2019-09-25,5
386,R3F6XJHQBP,218,2019-06-30,2019-07-07,7
387,3DULF0NNSL,190,2019-07-14,2019-07-19,5
388,AB6DEBB3I3,257,2019-08-25,2019-08-30,5
389,RODS8RK0QO,197,2019-12-13,2019-12-18,5
390,Y8ZDPKXRIX,14,2019-09-29,2019-10-03,4
391,PYEFQ3GHPY,387,2019-01-25,2019-01-28,3
392,Z96XSB2TKK,357,2019-03-12,2019-03-18,6
393,BOZ1UWSVCU,337,2019-04-03,2019-04-07,4
394,4S6JDZQ1LY,29,2019-09-29,2019-10-06,7
395,XHWORCJW2G,153,2019-07-14,2019-07-18,4
396,5NBDYEZZ2L,342,2019-08-31,2019-09-04,4
397,H3CU3CFBIS,101,2019-03-23,2019-03-24,1
398,T5VNQ25OM4,399,2019-10-30,2019-11-02,3
399,19MQMDM1QJ,252,2019-04-19,2019-04-22,3
400,EV5SUCXMTH,404,2019-11-17,2019-11-21,4
401,4XU5G15BTR,61,2019-06-13,2019-06-19,6
402,0H0NGH97IO,295,2019-09-04,2019-09-07,3
403,UX637GCM8H,289,2019-07-07,2019-07-07,0
404,TLQGI5YR9I,397,2019-01-01,2019-01-05,4
405,ITTTWH04QP,159,2019-12-15,2019-12-20,5
406,NZ6P51JT6W,80,2019-04-20,2019-04-23,3
407,HVAXCG34DZ,102,2019-06-25,2019-07-01,6
408,JN1MZ9YPUO,385,2019-04-09,2019-04-14,5
409,TGIYMJDPSN,379,2019-07-17,2019-07-19,2
410,7590AOJGMW,286,2019-07-31,2019-08-01,1
411,71D3QNMF07,419,2019-07-07,2019-07-07,0
412,G4PHTAGM35,128,2019-03-24,2019-03-31,7
413,NOIY1QNR5G,412,2019-03-12,2019-03-15,3
414,3DO2QCBW4B,164,2019-07-19,2019-07-24,5
415,6S58QIDODD,236,2019-04-24,2019-04-30,6
416,AVD0RHF8Y5,19,2019-11-15,2019-11-19,4
417,JVIBUIPWOK,200,2019-03-09,2019-03-09,0
418,MOVFY7ZQXC,37,2019-01-27,2019-01-28,1
419,OLI3VER4QU,279,2019-02-01,2019-02-03,2
420,0ELGGJXT2K,19,2019-06-21,2019-06-23,2
421,ZE4L6W1JT0,113,2019-10-21,2019-10-28,7
422,KPPNNBBV5A,75,2019-08-30,2019-09-03,4
423,D1TD3ET0EN,222,2019-03-04,2019-03-10,6
424,V1WKBWBUS0,87,2019-06-07,2019-06-07,0
425,1VM7TG9ZUI,228,2019-02-10,2019-02-13,3
426,48WX5ZPU82,195,2019-09-06,2019-09-07,1
427,UZBV3EXRTT,8,2019-03-13,2019-03-16,3
428,NC9157KOS1,3,2019-02-01,2019-02-05,4
429,4ELZ92Y78U,98,2019-09-22,2019-09-28,6
430,0F90QUWH3G,143,2019-11-06,2019-11-13,7
431,1TVX4J8DKW,79,2019-02-17,2019-02-21,4
432,JO6JMCC4TH,396,2019-09-18,2019-09-24,6
433,9B9TJ2XEIO,187,2019-06-02,2019-06-06,4
434,SMVLBEYV6B,8,2019-03-02,2019-03-06,4
435,CNMF6KHC4L,54,2019-01-07,2019-01-10,3
436,WRLUJZ6KB5,248,2019-09-21,2019-09-21,0
437,X6A1G107AD,125,2019-04-29,2019-05-04,5
438,0BAOESHQET,107,2019-06-21,2019-06-22,1
439,FTO4FFDYO3,429,2019-05-31,2019-06-01,1
440,GJ1ZYCHHDB,354,2019-11-30,2019-12-06,6
441,06M84FJDC9,206,2019-04-06,2019-04-08,2
442,RS9E9RVGF6,115,2019-04-07,2019-04-10,3
443,6EHL54WOL5,352,2019-06-27,2019-07-01,4
444,BYF0XL5LRY,371,2019-05-06,2019-05-12,6
445,U39RBDRMXR,193,2019-02-20,2019-02-23,3
446,6KA5QOETVJ,401,2019-01-10,2019-01-15,5
447,FTIGGN5TLN,108,2019-01-19,2019-01-24,5
448,8JMM3P3TLO,382,2019-12-25,2019-12-25,0
449,8P01X5FD8D,79,2019-05-03,2019-05-05,2
450,LAHIJX9I3K,60,2019-12-16,2019-12-21,5
451,W4OZ274V73,149,2019-09-07,2019-09-07,0
452,6NM2AMWRUQ,254,2019-03-13,2019-03-19,6
453,Z7EO7XFCUH,41,2019-11-12,2019-11-17,5
454,16F3IG3JE5,59,2019-12-02,2019-12-02,0
455,Z9RCS7XTKB,348,2019-01-01,2019-01-07,6
456,KXRTZE54ZB,24,2019-06-27,2019-06-29,2
457,NX7UTRDXHM,210,2019-01-01,2019-01-01,0
458,MZTFP4ZKC6,157,2019-01-13,2019-01-17,4
459,GMMBQNSJOG,276,2019-04-02,2019-04-06,4
460,7NDGL504OM,194,2019-11-11,2019-11-18,7
461,407KY8IZFL,70,2019-08-15,2019-08-15,0
462,UOEFB0LUD0,415,2019-02-05,2019-02-07,2
463,V4XDG8UCL4,184,2019-03-31,2019-04-01,1
464,F294VSSIRL,307,2019-03-09,2019-03-12,3
465,K4HEBVSLIX,72,2019-08-21,2019-08-22,1
466,SF41PJPRC2,181,2019-02-06,2019-02-08,2
467,RG43NG0P0Z,193,2019-06-06,2019-06-10,4
468,2WOGBJG35E,40,2019-01-07,2019-01-10,3
469,U67LK86EZD,191,2019-03-04,2019-03-09,5
470,C8JYPRE9JD,108,2019-01-12,2019-01-17,5
471,71J712RD6B,330,2019-06-18,2019-06-19,1
472,0M4YHP39MU,331,2019-03-12,2019-03-16,4
473,GC3MUZ6VR3,21,2019-08-03,2019-08-10,7
474,DDI235VIOD,13,2019-09-18,2019-09-25,7
475,W3Z9RCJVJ2,261,2019-02-24,2019-02-26,2
476,ASMCSC2BHQ,254,2019-04-01,2019-04-03,2
477,MB4NS77NP7,362,2019-06-07,2019-06-11,4
478,M34I9NSCW6,109,2019-03-07,2019-03-10,3
479,PDEGL9NTPP,118,2019-12-02,2019-12-07,5
480,85DY1L5QQJ,390,2019-05-15,2019-05-16,1
481,4CDMYMG4EB,6,2019-01-23,2019-01-26,3
482,UNI4HSE5OT,29,2019-05-09,2019-05-15,6
483,7GC8E2URLA,124,2019-09-13,2019-09-13,0
484,19WZWKUVFU,134,2019-12-13,2019-12-14,1
485,8K1CP52UUS,203,2019-02-13,2019-02-16,3
486,C82XU4YKJE,394,2019-10-03,2019-10-10,7
487,H64OV2I0HA,155,2019-04-10,2019-04-17,7
488,TBXD0UCUCV,288,2019-08-30,2019-09-05,6
489,0U697HW5RP,177,2019-07-09,2019-07-16,7
490,FIRXTZH3DH,19,2019-08-14,2019-08-14,0
491,3AR91D3Q3V,293,2019-03-22,2019-03-25,3
492,TQJRTUEJO6,351,2019-08-03,2019-08-04,1
493,B95TBH6HQE,244,2019-01-17,2019-01-18,1
494,TLJIBO106J,308,2019-10-29,2019-10-30,1
495,1EPCAJMK2V,385,2019-09-13,2019-09-15,2
496,Z2FO93H5XP,259,2019-01-06,2019-01-06,0
497,HVCUREQ5Z1,9,2019-11-14,2019-11-19,5
498,W28CNKCY65,262,2019-06-23,2019-06-30,7
499,C1KH1VSUX0,236,2019-06-06,2019-06-06,0
500,KEE9I8DTMT,57,2019-04-24,2019-04-30,6
501,W617L95WNX,241,2019-10-21,2019-10-21,0
502,N3H030UL3B,1,2019-04-20,2019-04-25,5
503,1SUOT5R0FE,215,2019-05-17,2019-05-20,3
504,Y59P3I84Y0,266,2019-04-21,2019-04-27,6
505,OGQNSQVURG,319,2019-05-25,2019-05-26,1
506,HS7K1P1OHT,387,2019-05-22,2019-05-27,5
507,Z11MM3DNM6,65,2019-01-05,2019-01-07,2
508,IZNNP5BI6Z,327,2019-02-18,2019-02-21,3
509,2IRV1K99K5,202,2019-08-03,2019-08-09,6
510,KVJORDK1E2,360,2019-04-02,2019-04-09,7
511,F5OJLCDOHD,427,2019-06-07,2019-06-08,1
512,0QU8ODAD5J,42,2019-12-26,2019-12-28,2
513,5RDKZL1589,202,2019-09-03,2019-09-05,2
514,9SGA10F3ZE,54,2019-01-07,2019-01-09,2
515,JY9HDYYNDQ,4,2019-11-22,2019-11-29,7
516,7LU3XX5J1O,333,2019-10-08,2019-10-08,0
517,0DJQB5WVBX,80,2019-04-11,2019-04-18,7
518,ED29L3JM0W,229,2019-02-24,2019-02-27,3
519,4GKQXDZK9V,170,2019-11-13,2019-11-16,3
520,4YZF21LDX4,349,2019-04-04,2019-04-08,4
521,BD52B4EQNK,426,2019-05-16,2019-05-17,1
522,7WU15LZJ7M,99,2019-02-21,2019-02-21,0
523,XBTFXSCF94,387,2019-07-21,2019-07-25,4
524,IXKXMUWSHD,388,2019-08-21,2019-08-28,7
525,EHSBSIE6UI,392,2019-06-16,2019-06-16,0
526,YWFRT3TGY9,293,2019-12-24,2019-12-25,1
527,XH6G4KNTNA,415,2019-09-25,2019-10-01,6
528,12VB5SIWEU,16,2019-03-20,2019-03-24,4
529,GWU2DQ2TQ3,336,2019-08-07,2019-08-09,2
530,CU0SVXD0LB,7,2019-09-11,2019-09-11,0
531,DMF8OSVLI9,127,2019-06-13,2019-06-20,7
532,M4QDCAAYDY,266,2019-03-26,2019-04-01,6
533,EEZDV9PFQP,76,2019-10-31,2019-11-05,5
534,ADO60ZLDHI,83,2019-03-19,2019-03-23,4
535,TBFL8B5JOK,61,2019-12-01,2019-12-01,0
536,USRJLNYE7E,44,2019-08-30,2019-09-03,4
537,3F7HQP9GQK,99,2019-01-08,2019-01-10,2
538,KU8WKQO6I0,276,2019-06-15,2019-06-18,3
539,QAYD9PCBND,391,2019-09-12,2019-09-12,0
540,SM2SEYK8KN,8,2019-01-04,2019-01-04,0
541,ALB3JEL1HP,234,2019-07-25,2019-07-28,3
542,RBIR2UJD7L,1,2019-05-24,2019-05-29,5
543,T9DHDKWMLH,108,2019-04-13,2019-04-15,2
544,E1I7GPQK3Y,174,2019-11-26,2019-11-30,4
545,K4Y2VCCEKS,276,2019-06-29,2019-06-30,1
546,5WC1P7LQJD,409,2019-04-26,2019-04-28,2
547,30ERRFNSFZ,90,2019-08-25,2019-08-31,6
548,8F837R1A2K,359,2019-05-15,2019-05-18,3
549,SODOTZILIZ,183,2019-11-15,2019-11-16,1
550,UQTA1DU489,315,2019-02-17,2019-02-22,5
551,YDBGNFPB7J,256,2019-12-16,2019-12-23,7
552,0OGB5Y7OX8,219,2019-06-21,2019-06-28,7
553,TU6779XDAN,177,2019-12-11,2019-12-11,0
554,COO0VRQNE0,131,2019-06-12,2019-06-17,5
555,F4BG2YR48D,216,2019-06-08,2019-06-08,0
556,ZMJDJ6VM1S,99,2019-04-26,2019-05-02,6
557,MUW7LVC7DR,240,2019-06-22,2019-06-29,7
558,15E2QRNFVY,200,2019-01-31,2019-02-01,1
559,7URARTTL2T,170,2019-01-07,2019-01-09,2
560,VQQDK791DW,46,2019-08-13,2019-08-18,5
561,27PEESTJXL,15,2019-12-05,2019-12-12,7
562,AQWTOIDTDP,157,2019-03-15,2019-03-21,6
563,P8R8AZ2310,168,2019-03-07,2019-03-12,5
564,9TU4CY5IM0,323,2019-01-31,2019-02-06,6
565,4DPK8BSII7,240,2019-06-08,2019-06-12,4
566,6YQF9KDQYP,76,2019-07-28,2019-07-30,2
567,D110IVL5YM,163,2019-12-29,2020-01-03,5
568,71YZ7WRT98,104,2019-05-12,2019-05-13,1
569,1KL483SV6D,150,2019-02-12,2019-02-16,4
570,OFYKWFZRHS,377,2019-11-18,2019-11-21,3
571,DV1C4KML5V,355,2019-01-21,2019-01-25,4
572,0SPZZDB9YW,172,2019-07-29,2019-08-03,5
573,BCTDV7CCGM,101,2019-12-15,2019-12-21,6
574,5VOD8AYH64,395,2019-09-11,2019-09-11,0
575,ON2AB5R0QI,351,2019-05-14,2019-05-15,1
576,R7Y9H3UHWV,84,2019-09-13,2019-09-18,5
577,DG3AQBAH2N,245,2019-03-22,2019-03-26,4
578,IYZF1XPETP,280,2019-03-02,2019-03-04,2
579,BCWXILLLGG,27,2019-10-27,2019-11-01,5
580,0V1HK89Z4S,356,2019-10-16,2019-10-21,5
581,WV4PZ5YPC5,294,2019-12-23,2019-12-28,5
582,UL1MEXSY8E,194,2019-08-15,2019-08-22,7
583,E61C1AHCT6,407,2019-07-26,2019-07-30,4
584,IL1OVL532U,65,2019-05-10,2019-05-12,2
585,4KK5R2G9R1,239,2019-11-05,2019-11-06,1
586,LID4HEZRXY,426,2019-09-12,2019-09-17,5
587,UF4NBHA7UW,369,2019-12-10,2019-12-14,4
588,H40MLDI1CU,15,2019-09-22,2019-09-29,7
589,01SZRER0BY,70,2019-04-21,2019-04-26,5
590,FMFU28QHNQ,13,2019-02-12,2019-02-12,0
591,NGDCW7PNUV,243,2019-06-16,2019-06-20,4
592,XN9YKY8TS6,406,2019-09-16,2019-09-19,3
593,RCOB1Z5W8B,243,2019-03-26,2019-04-02,7
594,37HD3NN7RG,320,2019-11-25,2019-12-01,6
595,JKXTW3LX9B,64,2019-11-11,2019-11-16,5
596,S4TX34F7J7,102,2019-12-05,2019-12-11,6
597,6ZDPHUKTQZ,266,2019-11-07,2019-11-07,0
598,G11EPDHWTG,25,2019-10-18,2019-10-19,1
599,RYBRTEZ6F6,213,2019-08-16,2019-08-21,5
600,SSRDD3YTJA,136,2019-09-13,2019-09-17,4
601,TV1C60E449,157,2019-08-28,2019-09-02,5
602,6RBD2QY6QE,292,2019-08-30,2019-08-30,0
603,ZOTLCDPMCG,371,2019-03-12,2019-03-16,4
604,J05DG052JD,375,2019-03-10,2019-03-11,1
605,FN9FSDOI2Y,107,2019-01-21,2019-01-24,3
606,IMG6V64KN4,365,2019-12-05,2019-12-07,2
607,YJQSLURYWU,376,2019-12-02,2019-12-04,2
608,IUPGS3UKAA,320,2019-09-20,2019-09-23,3
609,6LSYJZSG76,391,2019-11-10,2019-11-11,1
610,X12MH3Q00X,246,2019-12-03,2019-12-06,3
611,5I4XR39U8Q,103,2019-10-14,2019-10-19,5
612,TNN66NM5J2,325,2019-01-01,2019-01-01,0
613,98XI5SKFF6,119,2019-12-17,2019-12-18,1
614,93974T0TWP,27,2019-03-29,2019-04-02,4
615,CLBEAH4R4K,260,2019-10-24,2019-10-27,3
616,YZMFU41273,101,2019-01-18,2019-01-23,5
617,KXDSM2PZHJ,316,2019-11-26,2019-11-26,0
618,TQ52CUBKEN,162,2019-10-27,2019-10-31,4
619,G4UGWFUILZ,403,2019-06-07,2019-06-07,0
620,X9OK24PG0M,194,2019-11-14,2019-11-21,7
621,TDFIV3Y6G7,38,2019-04-12,2019-04-13,1
622,RPMSC5FA24,22,2019-03-25,2019-03-29,4
623,M12T2BS7VV,424,2019-03-05,2019-03-06,1
624,NIRGX7JMW5,12,2019-11-16,2019-11-18,2
625,ZNGIB5UEJ6,171,2019-10-10,2019-10-14,4
626,30W5VMJC5L,275,2019-03-15,2019-03-16,1
627,19SYMZVH45,25,2019-01-11,2019-01-11,0
628,ALI1SSW65K,243,2019-11-23,2019-11-25,2
629,3CE91KQ3DI,278,2019-04-02,2019-04-02,0
630,9XOIPYWLXP,329,2019-05-25,2019-05-28,3
631,KMJ7PLM6GL,21,2019-11-14,2019-11-14,0
632,1BGVNWRTGQ,215,2019-02-09,2019-02-14,5
633,O68KE3DFGB,338,2019-08-10,2019-08-17,7
634,MFD3S6GEQI,113,2019-10-14,2019-10-19,5
635,AQBIQ01CPH,242,2019-11-25,2019-11-25,0
636,6GEMC5MVKW,139,2019-06-23,2019-06-28,5
637,Y7RV44G2HL,110,2019-06-07,2019-06-07,0
638,PFFP54O5DA,208,2019-02-14,2019-02-21,7
639,75BAE18GAK,277,2019-07-11,2019-07-16,5
640,SGUBZEIJI8,377,2019-02-24,2019-02-26,2
641,XVVPKKMY9F,176,2019-06-29,2019-07-02,3
642,8TIONE3BS6,59,2019-11-13,2019-11-18,5
643,J1KTKSXO4H,331,2019-12-13,2019-12-14,1
644,7EWM5N3ASD,364,2019-08-28,2019-09-03,6
645,YHZCKIBOQX,421,2019-05-22,2019-05-24,2
646,3S9QW4ULAO,287,2019-08-05,2019-08-11,6
647,EMNZ91XWI5,252,2019-12-17,2019-12-19,2
648,14YSI6GH5Y,396,2019-06-02,2019-06-08,6
649,VQKNVT6DNV,315,2019-04-29,2019-05-05,6
650,NGM9PFVDH4,336,2019-12-23,2019-12-30,7
651,DWW6AIYA0A,348,2019-03-13,2019-03-15,2
652,ENOOW2BO26,314,2019-07-24,2019-07-24,0
653,DQNBBDO9FG,219,2019-12-25,2019-12-31,6
654,UXWDWM2Z4E,139,2019-08-01,2019-08-08,7
655,3XIY7IH3O7,130,2019-08-05,2019-08-06,1
656,G24OPY3TUF,251,2019-03-28,2019-04-01,4
657,YPYPF62I8V,129,2019-12-07,2019-12-09,2
658,JAO374C3KO,417,2019-07-12,2019-07-13,1
659,VECO88NNNT,221,2019-04-13,2019-04-19,6
660,RGHQPLS9YO,28,2019-04-21,2019-04-21,0
661,DWUFLDNOA9,132,2019-05-19,2019-05-21,2
662,5IHMGQP2JF,99,2019-04-03,2019-04-05,2
663,5ZH5LHMD86,110,2019-04-26,2019-04-28,2
664,SKVK3FLQ9B,394,2019-02-07,2019-02-12,5
665,S55CZQOAYU,68,2019-09-28,2019-09-29,1
666,RHIOINR1GF,14,2019-11-26,2019-12-01,5
667,F8MIG81MN7,127,2019-07-16,2019-07-20,4
668,DF137TLIZN,342,2019-10-05,2019-10-08,3
669,3E25MQVWN5,107,2019-03-06,2019-03-06,0
670,LA1AQ5BC4K,67,2019-10-14,2019-10-19,5
671,IPZKF3DZI8,279,2019-05-12,2019-05-16,4
672,71OUEKSALH,94,2019-06-23,2019-06-28,5
673,3NXEQBRGRW,295,2019-03-11,2019-03-11,0
674,LTHDQY2DHH,159,2019-10-13,2019-10-17,4
675,2SK333OLFK,133,2019-10-20,2019-10-27,7
676,XSYH1UM604,44,2019-08-02,2019-08-09,7
677,BXMGSQ968U,259,2019-08-23,2019-08-30,7
678,CSJI4AKQ6T,407,2019-05-06,2019-05-09,3
679,P3RMPXR442,117,2019-03-26,2019-04-02,7
680,8EBJLRRJII,8,2019-03-31,2019-04-03,3
681,MODFLS7GSV,306,2019-11-13,2019-11-13,0
682,4YS2WODZQ4,71,2019-11-14,2019-11-18,4
683,D3Y0FR3SB0,274,2019-01-20,2019-01-27,7
684,4LHMBDUI1E,126,2019-11-24,2019-11-27,3
685,TF1YU3QPS1,282,2019-09-01,2019-09-06,5
686,Z6CBOWR38L,21,2019-10-29,2019-11-03,5
687,SJN9FL0BAZ,321,2019-02-27,2019-02-28,1
688,RQJEQZU8GE,149,2019-03-22,2019-03-22,0
689,OTADEYQXSS,377,2019-04-24,2019-04-25,1
690,JH99DSP50W,382,2019-01-07,2019-01-10,3
691,HKGQKUD9E8,38,2019-12-13,2019-12-13,0
692,THZV8DPE71,62,2019-04-10,2019-04-12,2
693,KXPEF9J86W,406,2019-11-14,2019-11-20,6
694,HD0HYN0KR6,29,2019-05-03,2019-05-05,2
695,YAFYGDHPM7,318,2019-03-19,2019-03-22,3
696,QUC2I3SDM6,294,2019-01-13,2019-01-18,5
697,KBY2Q30WDG,273,2019-05-10,2019-05-10,0
698,JX7YJ16OQZ,419,2019-06-10,2019-06-14,4
699,FC98YGVVQR,177,2019-12-19,2019-12-22,3
700,XM3F3O3VXN,376,2019-09-04,2019-09-07,3
701,NV6RDP47UI,283,2019-12-23,2019-12-24,1
702,BZ4K95X7UK,259,2019-01-08,2019-01-13,5
703,X8QIP8ZBKB,144,2019-03-03,2019-03-08,5
704,K10ZHKY4XI,35,2019-04-11,2019-04-17,6
705,UIKTKCIYR0,421,2019-08-27,2019-08-27,0
706,COO3CNGVYY,282,2019-09-03,2019-09-06,3
707,N83E212LJ7,153,2019-10-25,2019-10-25,0
708,PG46P0U8KL,276,2019-07-16,2019-07-23,7
709,HWSHPE9KAB,286,2019-08-14,2019-08-15,1
710,N846566L3Q,329,2019-12-10,2019-12-12,2
711,M8NM7SLII8,9,2019-12-15,2019-12-20,5
712,USWPE8T7I3,241,2019-10-22,2019-10-24,2
713,2GR94V374O,262,2019-06-14,2019-06-15,1
714,ETAK6W4KGC,149,2019-10-18,2019-10-22,4
715,KSJQGJJKQ6,40,2019-07-15,2019-07-15,0
716,E85NVSC06T,161,2019-03-17,2019-03-22,5
717,EL0Z4HQ5SE,53,2019-11-04,2019-11-08,4
718,K2L1M8OFK9,372,2019-07-16,2019-07-22,6
719,2N3ZB1T8TS,291,2019-12-30,2020-01-02,3
720,ORRJU4CLNZ,249,2019-03-06,2019-03-12,6
721,Z8GLMDXHQ1,396,2019-07-09,2019-07-09,0
722,L61KE5546J,402,2019-05-21,2019-05-21,0
723,BTGB2ZIPM9,275,2019-01-20,2019-01-25,5
724,FFB9CU32HM,297,2019-04-25,2019-05-01,6
725,QTE4XUZ36H,203,2019-04-21,2019-04-23,2
726,DU212UNN91,217,2019-06-14,2019-06-17,3
727,AUX612P8LT,59,2019-07-25,2019-07-28,3
728,AB4VLYTP5E,55,2019-09-26,2019-10-03,7
729,QILCJHZCLX,84,2019-06-10,2019-06-11,1
730,WLG2MC230W,160,2019-10-13,2019-10-19,6
731,R0GREMS3O4,222,2019-07-23,2019-07-24,1
732,8UT5UZW8W1,310,2019-12-10,2019-12-14,4
733,2EUK4NFGMS,38,2019-02-27,2019-03-03,4
734,2SUKBLTHMA,269,2019-10-12,2019-10-13,1
735,584ME675U6,425,2019-04-18,2019-04-23,5
736,L7F2X1UD8I,433,2019-10-27,2019-11-01,5
737,ZFKVM50Y30,18,2019-08-03,2019-08-05,2
738,KKI0A3D83X,276,2019-08-18,2019-08-21,3
739,TGAJRBSB0F,241,2019-09-25,2019-09-25,0
740,H6SIU0PS8W,393,2019-08-19,2019-08-26,7
741,LRTKFNJV30,352,2019-04-19,2019-04-21,2
742,3KKSD4PAWM,415,2019-08-07,2019-08-12,5
743,33G7QFDMKN,40,2019-05-03,2019-05-06,3
744,S1SF0ACLK3,412,2019-11-23,2019-11-24,1
745,IAZLL3D2TO,186,2019-01-20,2019-01-21,1
746,TMOD1LPOJO,405,2019-07-02,2019-07-08,6
747,KCPD6L5IKG,306,2019-08-15,2019-08-17,2
748,SBVY068U1R,371,2019-01-14,2019-01-16,2
749,XGU2G5C5WX,300,2019-03-11,2019-03-12,1
750,M77O03W37Z,361,2019-04-28,2019-05-05,7
751,LTMS6I8WIV,336,2019-09-05,2019-09-05,0
752,6PJNN42G1E,433,2019-07-10,2019-07-17,7
753,8SZBHHZMT8,269,2019-11-23,2019-11-28,5
754,153ZKXNIQQ,261,2019-01-05,2019-01-07,2
755,3HGNZLOMY6,7,2019-01-03,2019-01-05,2
756,K3CAU2TDZX,273,2019-02-03,2019-02-06,3
757,SW3NW4CYRX,120,2019-04-07,2019-04-11,4
758,R217A8T0CV,154,2019-12-15,2019-12-21,6
759,6KMHWCL394,97,2019-06-18,2019-06-20,2
760,YQ6BPYE9J0,138,2019-10-21,2019-10-22,1
761,MW1VIFEXVN,103,2019-06-26,2019-07-01,5
762,WC2RH03B9Q,40,2019-07-19,2019-07-22,3
763,21CJSD4V5A,265,2019-03-09,2019-03-13,4
764,OLF845COVP,380,2019-07-13,2019-07-20,7
765,F5KQLX0Z0H,237,2019-09-29,2019-09-30,1
766,G4KMP9QYUH,429,2019-01-27,2019-01-30,3
767,6EBS4N41Q0,76,2019-11-14,2019-11-19,5
768,3IFC20RLBF,95,2019-02-04,2019-02-05,1
769,5BAUGVYXNQ,376,2019-03-20,2019-03-26,6
770,F6N600FAI9,219,2019-12-17,2019-12-21,4
771,WNN7ZTWCO4,76,2019-07-19,2019-07-22,3
772,ZZ9CZO5LCQ,114,2019-09-16,2019-09-20,4
773,NMK8SH6Q2C,270,2019-12-10,2019-12-17,7
774,DBFC26UDK8,418,2019-08-19,2019-08-20,1
775,DPU3WTP9G8,288,2019-08-19,2019-08-19,0
776,687F9O1NAM,201,2019-01-03,2019-01-07,4
777,OICIIA7L8O,305,2019-09-23,2019-09-23,0
778,QZ0WEUI4KF,71,2019-12-11,2019-12-14,3
779,Z41N0B1AWQ,144,2019-03-13,2019-03-18,5
780,R1EGLRP6SO,44,2019-02-26,2019-03-01,3
781,JJMPV1N056,112,2019-02-23,2019-02-23,0
782,B9GHQLOOX4,392,2019-01-29,2019-02-03,5
783,9H3S4XEXZP,196,2019-11-05,2019-11-12,7
784,97JTNUGQI9,340,2019-08-25,2019-09-01,7
785,SD3SROUMMN,347,2019-02-26,2019-03-01,3
786,9ZEX8B3DYU,270,2019-06-02,2019-06-03,1
787,P79GEQ58JF,74,2019-08-21,2019-08-28,7
788,NQ678WZ6AJ,132,2019-01-31,2019-02-04,4
789,BMVZ8T2O8J,134,2019-07-06,2019-07-07,1
790,3NI37KUGQP,246,2019-04-24,2019-04-29,5
791,U6DSRR1SF7,339,2019-10-06,2019-10-13,7
792,KQDF50P7HN,346,2019-09-04,2019-09-11,7
793,80KK3J1BQJ,155,2019-06-03,2019-06-10,7
794,02SQC9UC3Y,41,2019-02-19,2019-02-23,4
795,EK2A932HWQ,89,2019-05-05,2019-05-07,2
796,BRMS897QYH,415,2019-12-04,2019-12-10,6
797,GHN9WCPVIO,111,2019-09-21,2019-09-24,3
798,EQX9TD4JH6,89,2019-04-19,2019-04-26,7
799,TQQL3NIOBJ,9,2019-01-19,2019-01-23,4
800,U1NSS2KRJG,182,2019-06-27,2019-07-03,6
801,X3WEET7GJV,48,2019-06-23,2019-06-30,7
802,T7D3ZZZ9RI,154,2019-07-04,2019-07-08,4
803,EX7QYRRE7I,405,2019-01-30,2019-01-31,1
804,QX4TVJD187,280,2019-05-13,2019-05-16,3
805,XOUFR0AMKD,330,2019-02-24,2019-02-24,0
806,H9I8L0HLDY,213,2019-03-03,2019-03-06,3
807,OJLRXKOB50,54,2019-10-07,2019-10-09,2
808,YPARCMYTSJ,113,2019-07-11,2019-07-18,7
809,V6YB3N7F4A,79,2019-08-02,2019-08-04,2
810,3Q4NHJGM5T,218,2019-11-09,2019-11-11,2
811,M5AFQZ5ZS3,403,2019-04-08,2019-04-11,3
812,MG5OZASROX,46,2019-09-05,2019-09-08,3
813,K5S4UT3AUD,40,2019-03-17,2019-03-21,4
814,1IUB7NWCOR,328,2019-07-30,2019-08-01,2
815,2INWDB1OBA,148,2019-03-07,2019-03-11,4
816,C10D2VGHK4,414,2019-08-15,2019-08-15,0
817,2OSYLHYIYJ,245,2019-08-30,2019-09-04,5
818,6LKJP17827,401,2019-12-18,2019-12-18,0
819,9Y24DT8JCZ,267,2019-02-26,2019-02-28,2
820,GQUAJ9GP3P,296,2019-06-18,2019-06-22,4
821,OF6S1XWVOK,434,2019-12-10,2019-12-16,6
822,E8C25L8RLM,276,2019-09-12,2019-09-14,2
823,IB8KFK0YXK,69,2019-09-17,2019-09-21,4
824,4SQKCF6W2T,223,2019-10-26,2019-10-29,3
825,FLITJ5DQAW,90,2019-07-15,2019-07-19,4
826,ID7SV0GF4S,16,2019-06-11,2019-06-15,4
827,97MOZAMZ9T,323,2019-01-26,2019-01-30,4
828,O85HAGOJIZ,21,2019-02-06,2019-02-12,6
829,R9BDVJVL81,395,2019-07-17,2019-07-23,6
830,A50YCCK98P,244,2019-11-05,2019-11-05,0
831,68W6Z1JT5K,136,2019-10-13,2019-10-17,4
832,1BQNZ8GL1P,190,2019-03-22,2019-03-27,5
833,J10YJMX2L3,96,2019-03-13,2019-03-17,4
834,RTTBYJRKZ9,4,2019-09-09,2019-09-13,4
835,YQ1Y96JS4K,290,2019-04-24,2019-04-29,5
836,QL8RCQ0O2U,260,2019-12-02,2019-12-03,1
837,A07SRTZB8Z,213,2019-02-21,2019-02-27,6
838,7KOX0KM14V,295,2019-09-08,2019-09-12,4
839,LZLAX5SQ9P,49,2019-07-08,2019-07-09,1
840,DLNR6AHV1V,158,2019-12-10,2019-12-10,0
841,Z1K49J3DU3,62,2019-01-06,2019-01-07,1
842,AE7JHF9W3K,305,2019-08-23,2019-08-24,1
843,4AT0O8BV03,273,2019-10-14,2019-10-19,5
844,KX4YRZMUQ0,313,2019-04-12,2019-04-15,3
845,BFBKGGNX3H,174,2019-12-08,2019-12-13,5
846,CSOZJ7OQL6,294,2019-01-06,2019-01-10,4
847,KMIFAIWZI3,95,2019-10-27,2019-10-29,2
848,Z8HLG66S1R,38,2019-07-03,2019-07-08,5
849,JEBOGK39TM,184,2019-06-20,2019-06-21,1
850,1RLDC2CU1B,318,2019-01-09,2019-01-15,6
851,TD9YO2Y2NC,144,2019-05-31,2019-06-05,5
852,4UR6X2NPYR,342,2019-04-24,2019-04-26,2
853,ERIC696AYP,42,2019-01-22,2019-01-28,6
854,NYKC5GS5CJ,316,2019-10-13,2019-10-20,7
855,BKY7O4JGIZ,414,2019-07-27,2019-07-28,1
856,UF8C4B2CHU,95,2019-04-28,2019-05-04,6
857,NEPE4Q8TNR,316,2019-05-06,2019-05-08,2
858,JQ1VB3YOIZ,223,2019-05-20,2019-05-27,7
859,QK7I52Y2KU,167,2019-08-31,2019-09-07,7
860,8MV7QHEXYG,405,2019-04-16,2019-04-17,1
861,4KFFH10NUC,1,2019-11-06,2019-11-13,7
862,U8IN3IUTH3,387,2019-03-29,2019-04-03,5
863,K5KI47G4FO,203,2019-02-04,2019-02-11,7
864,7MHQDYGYYK,167,2019-06-13,2019-06-16,3
865,VQIQVOWNKE,128,2019-09-22,2019-09-28,6
866,47ZO4LYLE1,28,2019-08-13,2019-08-13,0
867,Y6CWSU78A7,101,2019-04-11,2019-04-12,1
868,EAZ90HTRXT,209,2019-10-23,2019-10-27,4
869,VUCCDAROAQ,318,2019-06-11,2019-06-13,2
870,LPGJKTQIEM,6,2019-04-18,2019-04-24,6
871,O0G1YIEJPJ,83,2019-01-31,2019-02-02,2
872,3HN6A0Z963,159,2019-01-06,2019-01-09,3
873,G6UZBTZUFY,109,2019-12-03,2019-12-07,4
874,OACGZZMOB7,74,2019-03-02,2019-03-04,2
875,B3V3J0OC07,333,2019-08-15,2019-08-20,5
876,WBYGIGHWOV,345,2019-05-04,2019-05-07,3
877,I59V15O4W0,43,2019-04-17,2019-04-18,1
878,SREJ1DCD5M,1,2019-01-16,2019-01-17,1
879,A611P1TM2Z,271,2019-03-30,2019-04-01,2
880,D5C7ZX2Y6X,252,2019-10-17,2019-10-17,0
881,X7O1WZ0PRP,274,2019-01-05,2019-01-10,5
882,NCEWZPPQDG,73,2019-01-13,2019-01-16,3
883,8U5YKMIOLL,129,2019-01-16,2019-01-17,1
884,95N67U24YF,417,2019-06-28,2019-07-02,4
885,O8N2ZR9B9U,434,2019-03-01,2019-03-07,6
886,B67V29OCDA,306,2019-11-13,2019-11-18,5
887,UNMP662RGK,134,2019-01-05,2019-01-08,3
888,KB7W4BOW48,223,2019-10-01,2019-10-08,7
889,JS1XP5XIKF,172,2019-08-29,2019-09-04,6
890,UCF5LGRS4H,397,2019-11-10,2019-11-10,0
891,EMZ9SLXT0T,87,2019-01-05,2019-01-06,1
892,AK4IM6Q8NC,82,2019-09-04,2019-09-06,2
893,9LTOLCSSF9,144,2019-12-31,2020-01-02,2
894,98EHERLWJN,258,2019-01-23,2019-01-29,6
895,86A46UR9I8,35,2019-09-08,2019-09-09,1
896,7NULL4Y4B8,46,2019-11-09,2019-11-09,0
897,DKQIKCG4NJ,152,2019-01-06,2019-01-11,5
898,1RMJZMR506,153,2019-07-04,2019-07-05,1
899,M1YKLI85ZC,206,2019-06-12,2019-06-16,4
900,8IEVT771LO,125,2019-12-08,2019-12-09,1
901,6UFJEQZJO3,347,2019-02-10,2019-02-16,6
902,1P61JY7UIS,423,2019-12-22,2019-12-23,1
903,0L4XYEPELB,434,2019-02-25,2019-02-25,0
904,LVCIQKZE6S,419,2019-12-01,2019-12-06,5
905,2AOJ44EFQ0,320,2019-08-01,2019-08-02,1
906,V4E1PWCRRJ,230,2019-09-16,2019-09-16,0
907,AKA92KPZVI,242,2019-08-27,2019-09-03,7
908,POLAX6VGPW,150,2019-09-23,2019-09-23,0
909,L1XHIV7PLQ,315,2019-06-28,2019-06-30,2
910,5AS026VZIL,303,2019-07-07,2019-07-13,6
911,TY1P0SU8R1,100,2019-09-19,2019-09-26,7
912,AJ9MQKXWT1,188,2019-12-14,2019-12-19,5
913,AW1OPD2JQV,429,2019-04-01,2019-04-02,1
914,48RLXY44SW,241,2019-07-22,2019-07-25,3
915,KNNNYIVVFQ,252,2019-01-20,2019-01-21,1
916,8HV3XLTVON,245,2019-05-30,2019-05-31,1
917,BI4ACB8UMX,114,2019-07-09,2019-07-11,2
918,0NDQR8OMX2,226,2019-09-16,2019-09-17,1
919,6IANO4UOD9,88,2019-12-03,2019-12-10,7
920,GAJKS89LZ8,314,2019-02-12,2019-02-18,6
921,W52GVKTKFF,38,2019-07-21,2019-07-22,1
922,P7SMR2C11K,29,2019-11-14,2019-11-16,2
923,4ROKGIQ1BF,208,2019-09-12,2019-09-17,5
924,1W6C6PF0IN,132,2019-04-06,2019-04-07,1
925,AU58HDC50V,58,2019-05-20,2019-05-25,5
926,53VCXU2T66,285,2019-06-24,2019-07-01,7
927,BXBJDIQNJ0,258,2019-07-13,2019-07-18,5
928,5HWO212H5P,294,2019-10-14,2019-10-21,7
929,0BO55D5QG9,190,2019-01-05,2019-01-06,1
930,RBW20LKWGU,334,2019-08-31,2019-09-02,2
931,EU8QYYV7Z5,153,2019-09-22,2019-09-29,7
932,BKZN0L27DZ,367,2019-08-03,2019-08-07,4
933,S5DR191ARO,149,2019-02-27,2019-03-04,5
934,P90YUJS1GX,300,2019-05-09,2019-05-15,6
935,YJ2QYV4RK6,216,2019-04-16,2019-04-20,4
936,WOM2991FAD,256,2019-02-10,2019-02-16,6
937,QOF39IRAT8,333,2019-09-22,2019-09-22,0
938,KHGP7Y9BUF,255,2019-02-22,2019-02-23,1
939,39IR1K4DF3,119,2019-06-15,2019-06-18,3
940,25E93J994N,30,2019-02-09,2019-02-13,4
941,GI1ME90VJQ,87,2019-08-24,2019-08-24,0
942,4EGG1AZDYM,49,2019-04-07,2019-04-10,3
943,FX8LP2QV6L,284,2019-03-19,2019-03-21,2
944,UO6XVKQ3WJ,417,2019-02-03,2019-02-07,4
945,SMOWYQ5R7P,88,2019-05-05,2019-05-12,7
946,DFQQJG8H8E,149,2019-10-27,2019-11-01,5
947,5BSN9W37TN,200,2019-08-28,2019-09-04,7
948,K2SEWI0JLY,235,2019-03-01,2019-03-06,5
949,EEWNUZDP5D,91,2019-05-19,2019-05-25,6
950,GWHJTA260Z,242,2019-07-27,2019-07-31,4
951,L7K3MC1PWR,181,2019-05-14,2019-05-21,7
952,EK6KZN1KFB,161,2019-11-13,2019-11-20,7
953,1XB8TZY4X3,308,2019-07-09,2019-07-09,0
954,8BYFLZFO3V,29,2019-11-09,2019-11-11,2
955,KYMIPH2N4Y,399,2019-03-20,2019-03-26,6
956,XHKYQ5DGVK,172,2019-11-14,2019-11-20,6
957,KGGHXZCA6K,24,2019-08-12,2019-08-18,6
958,V2QH2RHPNV,431,2019-12-12,2019-12-13,1
959,QMYXADPXDV,278,2019-05-05,2019-05-09,4
960,I4DO8YH7PU,141,2019-12-08,2019-12-14,6
961,6KD9S4NQXE,211,2019-04-13,2019-04-13,0
962,FLWHMY5KTQ,7,2019-11-17,2019-11-20,3
963,EXWXWJQOAD,265,2019-05-26,2019-05-31,5
964,NSZL0SJ769,420,2019-07-17,2019-07-22,5
965,ECUUHRWE7D,223,2019-04-27,2019-05-03,6
966,0R6I38S7M2,84,2019-01-27,2019-02-02,6
967,PEW1WZ7IL1,89,2019-09-17,2019-09-23,6
968,2SX2I4NSMO,81,2019-05-01,2019-05-01,0
969,WNXINYCI4J,206,2019-09-29,2019-10-04,5
970,0ZJ7B5EH6O,139,2019-09-21,2019-09-21,0
971,NHVXQCDLSM,19,2019-10-02,2019-10-04,2
972,SAAWW03Y5P,379,2019-04-27,2019-05-02,5
973,UM62BSIQTR,5,2019-09-18,2019-09-19,1
974,96YMEPFMPZ,250,2019-12-22,2019-12-27,5
975,UVV6PYH0XI,418,2019-08-12,2019-08-19,7
976,5EPNUV4KHZ,41,2019-07-27,2019-07-28,1
977,5XNPGZVWG5,205,2019-04-19,2019-04-19,0
978,36LBY0HATG,179,2019-07-23,2019-07-28,5
979,P6FEC9XCXR,51,2019-03-01,2019-03-05,4
980,R1WGE27MZ9,216,2019-04-07,2019-04-08,1
981,SJ6KGK7YMS,273,2019-08-25,2019-08-30,5
982,4C0TTU7WC8,279,2019-09-04,2019-09-04,0
983,R9CFATYVB1,90,2019-01-27,2019-01-28,1
984,7W1J8TQMP8,352,2019-12-15,2019-12-15,0
985,Z9JLIASPYU,256,2019-07-01,2019-07-06,5
986,RZEZDGM7DZ,201,2019-09-01,2019-09-07,6
987,ZQ6WN51HFC,35,2019-06-20,2019-06-23,3
988,L8S4FYEF3S,164,2019-08-14,2019-08-16,2
989,9ZB698GUZB,161,2019-04-16,2019-04-23,7
990,RV6VT28CRB,416,2019-01-03,2019-01-08,5
991,4WRJH2SMNB,265,2019-02-15,2019-02-15,0
992,VFTZ7IGPY5,283,2019-11-12,2019-11-14,2
993,DS5041HM87,20,2019-03-23,2019-03-23,0
994,QWIMYJSGNC,348,2019-05-26,2019-05-31,5
995,EQDJPX1SJB,96,2019-06-18,2019-06-25,7
996,NBHQ461COE,24,2019-02-24,2019-02-27,3
997,0WIN6X1SK5,419,2019-08-19,2019-08-25,6
998,GAK3Y9OU8G,174,2019-01-10,2019-01-12,2
999,62ULZ6JRW7,244,2019-11-13,2019-11-18,5
1000,3LM6S5BLD8,169,2019-06-01,2019-06-02,1
1001,CG603MX4ZV,206,2019-07-26,2019-07-30,4
1002,TETG9VKYWI,11,2019-01-23,2019-01-28,5
1003,LCETW8PS7D,128,2019-01-29,2019-02-02,4
1004,EL45NQ25QZ,356,2019-07-21,2019-07-25,4
1005,CRPNJAP8UI,283,2019-03-27,2019-03-31,4
1006,2ZFW42S6RG,288,2019-11-26,2019-11-30,4
1007,D33LWPQE9X,370,2019-06-03,2019-06-04,1
1008,KOYALDX4J1,317,2019-09-14,2019-09-17,3
1009,SIOLXGCN09,142,2019-03-27,2019-03-31,4
1010,3UWFT6R3V4,299,2019-12-08,2019-12-13,5
1011,YF7FEV1W78,401,2019-12-23,2019-12-24,1
1012,I28DDRILIA,126,2019-04-07,2019-04-10,3
1013,Q9H1SDEZW0,176,2019-03-15,2019-03-20,5
1014,AOQY23UPDW,10,2019-08-23,2019-08-26,3
1015,43QN8JMIV0,121,2019-06-26,2019-06-26,0
1016,WF91J8X393,414,2019-07-31,2019-08-04,4
1017,NUEYFZKPUW,235,2019-03-02,2019-03-03,1
1018,WB7QRQ3O41,356,2019-09-29,2019-10-06,7
1019,ZXU0CIINUW,119,2019-12-21,2019-12-24,3
1020,56WJZAZ08E,278,2019-11-19,2019-11-19,0
1021,0CP6RDVYCP,399,2019-12-04,2019-12-10,6
1022,29BEZMR8MY,249,2019-11-13,2019-11-20,7
1023,TGCUPORDAG,192,2019-04-24,2019-04-25,1
1024,V7XCWZM3UU,92,2019-02-17,2019-02-21,4
1025,545PIKUJK0,376,2019-05-14,2019-05-19,5
1026,FMY7MCLZW0,402,2019-12-10,2019-12-10,0
1027,0CTWXQH2Z8,343,2019-04-14,2019-04-15,1
1028,V1DBU349NN,99,2019-03-11,2019-03-16,5
1029,AF278SXH1B,155,2019-07-16,2019-07-19,3
1030,GX3PJ6FGHV,368,2019-05-20,2019-05-22,2
1031,N8C31GGPHC,372,2019-05-19,2019-05-22,3
1032,DISC08RETT,337,2019-04-30,2019-04-30,0
1033,CNTCW1ID1R,136,2019-03-25,2019-03-30,5
1034,5XKA7XMNMF,225,2019-11-29,2019-11-30,1
1035,554DYD5ATQ,166,2019-11-13,2019-11-20,7
1036,1IJP4QY6SO,46,2019-03-23,2019-03-27,4
1037,ZL49QEJHS6,90,2019-12-09,2019-12-12,3
1038,BLY5CZRW1O,28,2019-06-16,2019-06-20,4
1039,F22FXQ7ZRH,73,2019-08-24,2019-08-24,0
1040,MXXZDGGTDB,281,2019-07-02,2019-07-08,6
1041,DSVH4EX4Z4,364,2019-05-18,2019-05-20,2
1042,C51XJPA0TO,264,2019-04-20,2019-04-27,7
1043,Z9MDMZBH73,315,2019-07-17,2019-07-20,3
1044,G4DEW6VPE8,408,2019-05-09,2019-05-15,6
1045,NYJY8MOPWF,299,2019-09-13,2019-09-14,1
1046,0J9T1OL1KP,271,2019-05-12,2019-05-18,6
1047,5MRYP61H05,8,2019-07-11,2019-07-16,5
1048,K4B2IGGNKN,148,2019-01-13,2019-01-18,5
1049,3P237HUODQ,47,2019-04-29,2019-05-06,7
1050,37YY4DNYTG,413,2019-06-18,2019-06-22,4
1051,ZLHO8BAR4P,156,2019-03-15,2019-03-16,1
1052,1KDHHU0OPQ,323,2019-07-17,2019-07-24,7
1053,L15PRXPSNF,220,2019-05-22,2019-05-22,0
1054,F2999CH0NF,398,2019-11-13,2019-11-16,3
1055,1O92AVW4PT,107,2019-01-18,2019-01-18,0
1056,VS451UDNFM,89,2019-03-09,2019-03-16,7
1057,JNTHCGAF16,387,2019-05-12,2019-05-17,5
1058,8YS1UOMSH9,346,2019-03-21,2019-03-23,2
1059,QQI5DKX11D,74,2019-09-29,2019-10-04,5
1060,1BS69NBMES,359,2019-07-10,2019-07-17,7
1061,JCYWC4BM50,258,2019-12-13,2019-12-19,6
1062,R1CVL6ZFA6,125,2019-02-05,2019-02-05,0
1063,2ABTPUG3BN,207,2019-10-11,2019-10-12,1
1064,H5QENJ3YOY,248,2019-11-30,2019-12-01,1
1065,NG7VTPZMYB,177,2019-11-21,2019-11-26,5
1066,W7OYCBHO66,195,2019-04-20,2019-04-23,3
1067,LN9Q7HHJOW,216,2019-05-31,2019-06-07,7
1068,043KQECCSP,326,2019-12-31,2020-01-01,1
1069,SH296YOPJ4,349,2019-11-20,2019-11-27,7
1070,KR9F6XQV86,85,2019-04-24,2019-04-27,3
1071,U9XER1QVD2,219,2019-06-05,2019-06-12,7
1072,QE33A3T9Y9,171,2019-12-27,2019-12-30,3
1073,AV44QW6PRQ,230,2019-06-09,2019-06-12,3
1074,JXNY62E7GI,78,2019-10-04,2019-10-07,3
1075,DA01BHVETE,184,2019-01-12,2019-01-14,2
1076,LVWMQ1Z7OX,223,2019-05-05,2019-05-06,1
1077,B8A3S83EAI,144,2019-09-06,2019-09-11,5
1078,K6DDKESC0Q,259,2019-02-03,2019-02-06,3
1079,NH21BXW5EU,217,2019-04-15,2019-04-21,6
1080,DKY5BMMP8Z,45,2019-05-19,2019-05-26,7
1081,447AIXM137,244,2019-02-10,2019-02-16,6
1082,LD5GN324RQ,344,2019-08-04,2019-08-11,7
1083,LDGWDONTQK,216,2019-11-20,2019-11-24,4
1084,F518QBGVXC,241,2019-10-28,2019-11-02,5
1085,3MCMV172CX,135,2019-12-13,2019-12-16,3
1086,N4QVXZ6FJP,380,2019-04-06,2019-04-09,3
1087,XGKUXM76QM,5,2019-03-31,2019-04-02,2
1088,UY574JV3MD,354,2019-05-29,2019-05-29,0
1089,2M5YQN95C0,118,2019-11-20,2019-11-27,7
1090,0Z1E92HG0R,404,2019-01-10,2019-01-15,5
1091,1OZXTA6FUJ,52,2019-03-28,2019-03-31,3
1092,1DH3X75XCJ,383,2019-11-27,2019-11-27,0
1093,B9NS6E7YXB,56,2019-10-26,2019-11-02,7
1094,IM583SCRW1,349,2019-06-14,2019-06-14,0
1095,K0L7R9LHMR,371,2019-10-28,2019-10-30,2
1096,OSQHEA1BFL,389,2019-04-14,2019-04-15,1
1097,YVDSWBLSBU,34,2019-01-09,2019-01-15,6
1098,1LU1DLY4NV,255,2019-06-22,2019-06-29,7
1099,SNY29R79DL,231,2019-04-24,2019-04-29,5
1100,95REW6L2SU,412,2019-01-09,2019-01-10,1
1101,VABGOYKI5L,406,2019-06-05,2019-06-07,2
1102,QBCAI8NAT9,254,2019-01-30,2019-02-04,5
1103,S673JD7KXR,418,2019-08-30,2019-09-03,4
1104,N9GG8G3924,161,2019-08-08,2019-08-08,0
1105,JUEJ2EHC8V,380,2019-06-26,2019-06-29,3
1106,S0LRKKJIR5,370,2019-04-25,2019-04-28,3
1107,NLXCX8PY3P,99,2019-04-01,2019-04-04,3
1108,77KZG9YY8R,291,2019-07-13,2019-07-20,7
1109,8L8F3MOJ00,138,2019-07-14,2019-07-17,3
1110,61BX5G1M1T,202,2019-05-23,2019-05-27,4
1111,FLGIGDXDC0,404,2019-05-30,2019-06-06,7
1112,TAZDZJ3N3U,33,2019-04-04,2019-04-04,0
1113,FPPM8ZEPI9,287,2019-12-12,2019-12-15,3
1114,GUHVMBL9SK,323,2019-09-13,2019-09-17,4
1115,9PGBIV6DLK,274,2019-06-02,2019-06-04,2
1116,0AQBJAMUY8,37,2019-10-28,2019-11-04,7
1117,ERQY1BIYEL,54,2019-01-12,2019-01-14,2
1118,S4VF5X08XK,337,2019-01-29,2019-01-31,2
1119,WB3O3ZGIZ1,110,2019-10-31,2019-11-03,3
1120,LT86DDWNN9,389,2019-10-01,2019-10-03,2
1121,P3A2HHG90V,134,2019-12-03,2019-12-10,7
1122,KN42ZE2PDV,58,2019-12-16,2019-12-17,1
1123,YSRZ3NI3GM,14,2019-11-06,2019-11-11,5
1124,975IFVG0AA,340,2019-11-19,2019-11-23,4
1125,AGYPB1Z2AN,29,2019-08-28,2019-09-03,6
1126,WJOLUW0XD4,336,2019-02-23,2019-02-23,0
1127,AR93D5QBF3,80,2019-02-08,2019-02-12,4
1128,S8ZNOEDNHB,231,2019-05-18,2019-05-23,5
1129,DA8WO0Y01P,250,2019-10-23,2019-10-27,4
1130,SHUY4FGJ4F,269,2019-05-27,2019-05-27,0
1131,084WXU5V9T,319,2019-11-24,2019-11-27,3
1132,7HURUWDGSJ,319,2019-02-22,2019-02-28,6
1133,WBZ516H6VD,340,2019-12-08,2019-12-15,7
1134,4H9ZEVFG4D,106,2019-12-03,2019-12-05,2
1135,ARO340IMVY,320,2019-08-15,2019-08-17,2
1136,FQQQ2RD8Y0,244,2019-10-05,2019-10-11,6
1137,O53ZYGCY8A,294,2019-08-16,2019-08-22,6
1138,EE6O1TGCA5,346,2019-04-21,2019-04-25,4
1139,Y1WZ2C5QM1,302,2019-06-30,2019-07-04,4
1140,9NC53SVUML,229,2019-06-04,2019-06-05,1
1141,ZUINRCJBCG,174,2019-01-06,2019-01-11,5
1142,RQPXUQLOU9,176,2019-10-01,2019-10-04,3
1143,80JGBT55CY,406,2019-05-03,2019-05-05,2
1144,M2KX1NH3IY,352,2019-11-20,2019-11-26,6
1145,ZP38152H9W,423,2019-07-01,2019-07-06,5
1146,C7YEE6DK9U,421,2019-09-24,2019-09-27,3
1147,MPDC3I5X3S,84,2019-02-12,2019-02-16,4
1148,GEY6QNYGIA,374,2019-11-29,2019-12-02,3
1149,Q9DR8J4AD3,34,2019-08-20,2019-08-20,0
1150,UK0AF0XFCV,304,2019-05-27,2019-06-01,5
1151,G4TSU3KF4X,266,2019-03-06,2019-03-12,6
1152,FCWE4R1NFT,323,2019-01-31,2019-02-04,4
1153,OS8K2FGHYY,85,2019-04-11,2019-04-17,6
1154,GTY5IOG7YQ,414,2019-01-24,2019-01-28,4
1155,5K9E130W8L,16,2019-10-15,2019-10-18,3
1156,133MYG358F,271,2019-11-23,2019-11-27,4
1157,TUHLCXZ0PI,388,2019-01-19,2019-01-23,4
1158,RB13ZNW6UO,193,2019-08-01,2019-08-05,4
1159,EORWCL7C39,75,2019-03-31,2019-04-05,5
1160,OVT3W70YN3,20,2019-04-24,2019-04-25,1
1161,043O146KTD,380,2019-05-11,2019-05-14,3
1162,LPP3JVKG84,141,2019-10-25,2019-10-30,5
1163,GM0KFK9WRG,48,2019-03-16,2019-03-18,2
1164,7UQ4Q5RTG5,397,2019-10-01,2019-10-07,6
1165,Z47X7TXO9O,321,2019-09-13,2019-09-19,6
1166,S46C2NE1W2,116,2019-02-10,2019-02-13,3
1167,W4LEUT80SY,284,2019-12-25,2019-12-27,2
1168,6GKOQ6AEZ9,228,2019-11-13,2019-11-15,2
1169,SP57D3DFGW,167,2019-07-29,2019-08-03,5
1170,Q4JL56Q0WL,275,2019-03-19,2019-03-25,6
1171,7FP9PILCRS,58,2019-02-22,2019-02-26,4
1172,56PEFPFU1L,433,2019-07-03,2019-07-07,4
1173,TQYKFWCN58,407,2019-09-23,2019-09-30,7
1174,TCP9OD4FJP,414,2019-01-21,2019-01-26,5
1175,I70PBC2FVO,65,2019-12-30,2020-01-06,7
1176,AJRVMRQQFY,289,2019-12-27,2019-12-29,2
1177,F5787E0X0Z,262,2019-12-06,2019-12-08,2
1178,19VV6C2081,286,2019-12-31,2019-12-31,0
1179,AOGPMHQI01,302,2019-11-14,2019-11-20,6
1180,OY20XZT20A,58,2019-01-21,2019-01-28,7
1181,5XLB8RKSKL,415,2019-07-23,2019-07-26,3
1182,YCGRAH1CKB,138,2019-08-28,2019-08-29,1
1183,0Z3JCTCRNQ,299,2019-11-24,2019-11-26,2
1184,MMVPD1JB36,31,2019-07-04,2019-07-08,4
1185,TQPUWTJZ5N,298,2019-08-13,2019-08-18,5
1186,13M6T6BX6T,347,2019-08-12,2019-08-16,4
1187,NBLDP1063Q,151,2019-03-31,2019-04-03,3
1188,EP5SBXTHQT,137,2019-05-26,2019-05-29,3
1189,IFA8ZO1LPP,315,2019-08-25,2019-08-31,6
1190,Q6KCW7WRJS,20,2019-05-29,2019-06-01,3
1191,Q3K5LL12MF,165,2019-03-08,2019-03-14,6
1192,YUE0Q1DIRX,242,2019-04-24,2019-04-29,5
1193,DWASP10DD8,322,2019-07-06,2019-07-11,5
1194,5FSH5KQ5CE,354,2019-01-07,2019-01-13,6
1195,O3I0ZG81BH,374,2019-11-17,2019-11-19,2
1196,UIDGJ4NHWG,418,2019-07-09,2019-07-12,3
1197,FQNDV5AKQ9,423,2019-07-08,2019-07-09,1
1198,BIIUB9JFO9,343,2019-02-13,2019-02-19,6
1199,VGJ8FJ037M,236,2019-07-05,2019-07-11,6
1200,L5QOKQ0QHU,72,2019-03-02,2019-03-08,6
1201,J95714STYI,313,2019-03-06,2019-03-06,0
1202,1PCG8GSUX3,372,2019-02-25,2019-02-28,3
1203,LJ5MIZJGQJ,139,2019-08-14,2019-08-16,2
1204,A6KB29ZBUN,391,2019-04-22,2019-04-23,1
1205,RBEWDOLCK0,69,2019-07-18,2019-07-18,0
1206,9895VX7XTH,434,2019-04-04,2019-04-08,4
1207,H3E61S89ED,356,2019-03-31,2019-04-07,7
1208,GWE2EETA7M,54,2019-08-31,2019-09-05,5
1209,N5MQ5QNUBL,343,2019-07-06,2019-07-08,2
1210,51SRQCMECK,255,2019-10-21,2019-10-28,7
1211,FXZYRJRX3H,388,2019-06-26,2019-06-30,4
1212,RYWCAJJRTP,108,2019-12-26,2020-01-01,6
1213,TZORF3T8GD,384,2019-06-02,2019-06-09,7
1214,GG6L1HW8E4,61,2019-07-08,2019-07-10,2
1215,TVQU8B7A5W,260,2019-05-12,2019-05-14,2
1216,GW80VYILYM,67,2019-05-27,2019-05-27,0
1217,DJYW49O6IL,137,2019-08-23,2019-08-23,0
1218,G7LWS48O6T,89,2019-02-17,2019-02-18,1
1219,ZV30CJ0CEC,400,2019-03-08,2019-03-13,5
1220,Q40PO8YLVB,148,2019-05-09,2019-05-09,0
1221,FL88XY55WR,70,2019-02-27,2019-03-04,5
1222,WQXO05I4GK,375,2019-09-16,2019-09-17,1
1223,HL0U2HHAV5,327,2019-05-08,2019-05-12,4
1224,UCKB2R30KJ,103,2019-10-23,2019-10-26,3
1225,2ZKF5BU4M2,371,2019-08-09,2019-08-11,2
1226,VP6U8FCZMY,7,2019-07-23,2019-07-24,1
1227,X4CFZIOSS4,288,2019-04-19,2019-04-19,0
1228,4RZ73IVL82,100,2019-04-13,2019-04-14,1
1229,6GM3SZEM3H,58,2019-09-15,2019-09-20,5
1230,XL3V9577ZC,231,2019-10-20,2019-10-26,6
1231,6B1AZ3A2E8,245,2019-07-08,2019-07-09,1
1232,NX4RFVTFC0,325,2019-06-06,2019-06-06,0
1233,XWA7J2TCMI,86,2019-04-29,2019-05-01,2
1234,IUEPRBLL7D,149,2019-12-08,2019-12-09,1
1235,T27BDONDVO,393,2019-05-28,2019-06-03,6
1236,OZNYJ8UWJH,223,2019-03-15,2019-03-22,7
1237,19Z26D9589,245,2019-09-18,2019-09-24,6
1238,H4H82NNL2T,254,2019-01-28,2019-01-28,0
1239,R1N31YNUH9,249,2019-03-02,2019-03-08,6
1240,FB8PLKRQ28,18,2019-02-25,2019-02-25,0
1241,BZD9AYGYJD,306,2019-11-07,2019-11-13,6
1242,Z2CGRRIRO5,253,2019-02-08,2019-02-12,4
1243,LLXT4J951Q,14,2019-09-13,2019-09-14,1
1244,MHJ10X93CX,300,2019-05-06,2019-05-13,7
1245,2ZE8M6PX88,299,2019-02-27,2019-03-02,3
1246,H4ADWARJID,300,2019-05-10,2019-05-13,3
1247,OH0BWHWPYK,104,2019-09-07,2019-09-11,4
1248,CMWISPMIR0,245,2019-10-25,2019-10-25,0
1249,P0J820P6AE,290,2019-01-17,2019-01-19,2
1250,993DUT46FK,332,2019-01-30,2019-02-04,5
1251,MMU45ZVIIW,250,2019-12-13,2019-12-20,7
1252,75QBH8Y0YE,312,2019-12-30,2020-01-02,3
1253,W2LILROW6Q,307,2019-03-19,2019-03-21,2
1254,1W50OO2LUR,73,2019-11-16,2019-11-23,7
1255,6Q152DSLOF,270,2019-04-06,2019-04-10,4
1256,4YF9H4WDJ5,430,2019-10-02,2019-10-02,0
1257,FN7JKVGN91,164,2019-03-16,2019-03-18,2
1258,3B7HR5RKUE,71,2019-12-30,2020-01-06,7
1259,F1QA3WHYHQ,363,2019-09-02,2019-09-07,5
1260,LCOJ9KF7TX,164,2019-09-27,2019-10-02,5
1261,EX3YERT852,138,2019-05-21,2019-05-22,1
1262,WHOI8VD9OY,47,2019-04-16,2019-04-20,4
1263,VHVRHL3K4C,319,2019-05-30,2019-06-01,2
1264,U8ODBT0JUB,335,2019-12-21,2019-12-25,4
1265,T3JH5E069L,192,2019-09-16,2019-09-23,7
1266,E47E73J2RJ,388,2019-11-30,2019-12-03,3
1267,3U5Q5B921E,372,2019-12-15,2019-12-17,2
1268,I4167PB2VX,370,2019-11-01,2019-11-06,5
1269,2PFRYQ03AT,362,2019-09-15,2019-09-18,3
1270,X2NUYEHF3B,143,2019-08-20,2019-08-21,1
1271,AFRD77G019,90,2019-02-27,2019-02-27,0
1272,4HJ8S12EGC,183,2019-05-03,2019-05-06,3
1273,ME2EKO1P0R,195,2019-10-16,2019-10-23,7
1274,7A5XIR642B,236,2019-11-06,2019-11-07,1
1275,FINVU4Z6I8,250,2019-02-14,2019-02-15,1
1276,G3LOC1RLDB,255,2019-06-27,2019-06-28,1
1277,0NMG9ALQOY,335,2019-11-19,2019-11-20,1
1278,9SC5GWQ091,414,2019-01-05,2019-01-09,4
1279,3Q5G1R0ITZ,202,2019-01-16,2019-01-23,7
1280,9WZR5NFPKF,423,2019-12-07,2019-12-07,0
1281,QOOBNUISKZ,139,2019-06-09,2019-06-10,1
1282,J2DUN5X22X,314,2019-11-17,2019-11-23,6
1283,X7YONWJZMN,427,2019-03-10,2019-03-13,3
1284,RN67BD15JP,178,2019-08-29,2019-09-02,4
1285,U6VE59B3DG,362,2019-09-29,2019-09-30,1
1286,U482W3NAE5,321,2019-11-12,2019-11-17,5
1287,BKE3XC20E1,422,2019-04-09,2019-04-13,4
1288,AFC7N31T4M,151,2019-02-27,2019-03-02,3
1289,JCML8K14ND,381,2019-03-23,2019-03-23,0
1290,68K6UZ293Q,358,2019-11-20,2019-11-23,3
1291,7EB3N3JP2O,28,2019-11-10,2019-11-15,5
1292,CY5KCXYTAT,396,2019-08-02,2019-08-06,4
1293,K12F1O7KH1,239,2019-01-27,2019-02-03,7
1294,9FYGKEA8AJ,3,2019-10-03,2019-10-06,3
1295,0DRG5KNFLN,229,2019-04-27,2019-05-02,5
1296,88DWAGN63G,298,2019-07-01,2019-07-05,4
1297,SMR9YFKUKE,229,2019-11-10,2019-11-16,6
1298,9GG8L5TVLG,118,2019-10-28,2019-10-30,2
1299,KXRNHY916F,320,2019-12-17,2019-12-21,4
1300,HBYJU310UJ,230,2019-08-21,2019-08-22,1
1301,C39VOFU7YG,383,2019-12-19,2019-12-20,1
1302,VWP9YX0JZN,286,2019-04-22,2019-04-27,5
1303,51W6SIMD9I,127,2019-12-04,2019-12-06,2
1304,YRLL41TNH7,284,2019-04-14,2019-04-16,2
1305,YGMJQCO84A,240,2019-02-19,2019-02-23,4
1306,RBGSYJM75Q,240,2019-07-11,2019-07-13,2
1307,9KPDIHWUHX,93,2019-07-04,2019-07-10,6
1308,B963FCJ9QS,252,2019-06-07,2019-06-07,0
1309,5XZPGJ2NWL,403,2019-09-15,2019-09-20,5
1310,GRNL3P5E84,375,2019-08-27,2019-08-28,1
1311,H08WOJ7DIB,332,2019-07-18,2019-07-21,3
1312,R8FBK6DFE8,382,2019-10-27,2019-10-28,1
1313,2R8KSVQT99,112,2019-10-10,2019-10-11,1
1314,D91DCHATDI,425,2019-04-04,2019-04-07,3
1315,Y8XN4NUHXK,350,2019-05-23,2019-05-26,3
1316,P25RD8OSFX,76,2019-04-12,2019-04-19,7
1317,PPJ5DVOTUH,213,2019-05-16,2019-05-21,5
1318,O20IJLISZQ,209,2019-03-10,2019-03-14,4
1319,S7CG9N7DI4,62,2019-07-19,2019-07-26,7
1320,8TTYW4U59I,13,2019-09-19,2019-09-21,2
1321,N1FOHDNZWT,247,2019-12-04,2019-12-05,1
1322,PKDCEWBE5G,91,2019-10-28,2019-11-04,7
1323,BJRPT7UFDH,102,2019-05-23,2019-05-29,6
1324,D2FD7VS51A,218,2019-01-06,2019-01-12,6
1325,U35MFHD49M,210,2019-09-07,2019-09-07,0
1326,IFVW2HFRUB,170,2019-04-22,2019-04-26,4
1327,IF73CFNZS0,232,2019-11-27,2019-11-27,0
1328,GVZG3TMKNC,78,2019-05-29,2019-06-05,7
1329,JD1GT652U0,114,2019-03-28,2019-03-28,0
1330,UQOEE6RCEA,351,2019-05-02,2019-05-08,6
1331,G7IHT6GIZ0,136,2019-04-04,2019-04-07,3
1332,4ZF2DJA9YH,274,2019-10-14,2019-10-17,3
1333,9TP79N1BTF,186,2019-06-13,2019-06-18,5
1334,18QBU5DE95,294,2019-04-24,2019-04-24,0
1335,ORCEFS4PMH,116,2019-02-07,2019-02-09,2
1336,11AV29JCIN,183,2019-07-15,2019-07-19,4
1337,XRCLMQGWO5,242,2019-09-21,2019-09-28,7
1338,BNIJPJVV3I,245,2019-06-21,2019-06-24,3
1339,LIAN46K56C,69,2019-02-16,2019-02-18,2
1340,00YULQQIQ0,274,2019-11-11,2019-11-12,1
1341,DY1OXLDVDZ,384,2019-09-09,2019-09-13,4
1342,Y64SEUIPK7,284,2019-06-16,2019-06-17,1
1343,WN9XE2CZ3W,8,2019-12-15,2019-12-18,3
1344,X5G6C4BJ7M,261,2019-04-07,2019-04-10,3
1345,SY1Z7QLYV2,197,2019-12-27,2019-12-27,0
1346,NZAZGUPJDY,356,2019-12-23,2019-12-27,4
1347,TSNC5T4MJB,333,2019-12-31,2020-01-01,1
1348,2T56K6X6E8,34,2019-10-29,2019-10-31,2
1349,0DQWFY77L0,300,2019-04-11,2019-04-16,5
1350,A76HJA6NMO,234,2019-06-13,2019-06-17,4
1351,VMMM8SRNO7,426,2019-04-18,2019-04-20,2
1352,3THWZDUYYR,258,2019-09-27,2019-09-29,2
1353,F2QU4DKLMA,35,2019-07-23,2019-07-24,1
1354,9WDU7MI2Q3,259,2019-12-12,2019-12-16,4
1355,N600NLOWHT,309,2019-09-12,2019-09-12,0
1356,YQQ4K5CUYM,337,2019-03-25,2019-03-29,4
1357,DMMKQO2YF9,263,2019-03-04,2019-03-11,7
1358,DA2X0T1JFH,101,2019-03-28,2019-03-31,3
1359,HN9KFK98YW,125,2019-04-14,2019-04-14,0
1360,A3756IFJ5T,268,2019-01-12,2019-01-13,1
1361,7715UU9Z89,249,2019-01-23,2019-01-25,2
1362,5Z1746LHQQ,417,2019-08-29,2019-09-01,3
1363,7AEMUAYMJK,209,2019-03-14,2019-03-21,7
1364,OTGKSHE12S,425,2019-05-13,2019-05-18,5
1365,WAUMSTTM5P,370,2019-03-17,2019-03-23,6
1366,UO9XRNA6Z0,276,2019-03-15,2019-03-19,4
1367,31L28W5FDF,221,2019-05-31,2019-06-06,6
1368,HI4ODEJETJ,191,2019-11-30,2019-12-05,5
1369,Q1GXS8SYJ6,143,2019-10-28,2019-11-03,6
1370,V0FR8FRDQA,146,2019-09-24,2019-10-01,7
1371,H998H8KEHY,2,2019-06-17,2019-06-19,2
1372,Q1AGKY2ITD,332,2019-04-04,2019-04-07,3
1373,8PHMIXDTO9,422,2019-05-04,2019-05-08,4
1374,PXLQ7NFI5M,400,2019-06-02,2019-06-07,5
1375,FAWHFKEN5F,9,2019-03-30,2019-04-02,3
1376,MC3DI6RMCJ,274,2019-03-24,2019-03-28,4
1377,QLJV860NOF,173,2019-09-29,2019-10-01,2
1378,BFGI8KVYH6,83,2019-04-21,2019-04-28,7
1379,36O9PEZB1O,45,2019-12-25,2019-12-25,0
1380,N7M1FOMSBR,26,2019-01-31,2019-02-01,1
1381,LLR93938VK,208,2019-08-11,2019-08-11,0
1382,4VIC2XEFSR,87,2019-01-08,2019-01-08,0
1383,K29WUSSRIB,355,2019-03-07,2019-03-11,4
1384,N3IDN2WB8G,332,2019-11-22,2019-11-29,7
1385,5SDXYHGCKO,149,2019-08-16,2019-08-17,1
1386,5Z13EJZ1R3,234,2019-08-25,2019-08-27,2
1387,A8I36MGAL4,134,2019-01-05,2019-01-12,7
1388,U9TY6XJKHG,417,2019-10-04,2019-10-04,0
1389,WU0UI8AY2Y,262,2019-05-07,2019-05-13,6
1390,SENQ03M9OZ,82,2019-07-02,2019-07-03,1
1391,7BGKJ14IDH,381,2019-09-12,2019-09-18,6
1392,2R4U0WOQ9Z,327,2019-10-22,2019-10-29,7
1393,PJXO0MQOD2,48,2019-04-04,2019-04-06,2
1394,JNZ46AMRA1,329,2019-03-23,2019-03-24,1
1395,ES1BFJVIWI,170,2019-07-23,2019-07-25,2
1396,BWCFBAQLX5,292,2019-06-05,2019-06-09,4
1397,L93YSM301W,238,2019-02-28,2019-02-28,0
1398,TZ70M9EW6P,198,2019-04-21,2019-04-23,2
1399,O7XRS1BP2F,285,2019-07-26,2019-08-02,7
1400,S9YCH6Y1Z3,287,2019-01-22,2019-01-29,7
1401,KXRLO4ISVY,117,2019-01-07,2019-01-12,5
1402,V2WL3I4M22,167,2019-02-09,2019-02-15,6
1403,IPXANPEG3O,169,2019-10-28,2019-10-28,0
1404,ZA0LUU93QG,418,2019-04-25,2019-04-30,5
1405,EGY961RYY3,190,2019-12-25,2019-12-30,5
1406,9FVTO2KVOC,119,2019-12-03,2019-12-08,5
1407,25D4KC5JEI,257,2019-09-05,2019-09-07,2
1408,3B70J3LFVK,109,2019-12-29,2019-12-30,1
1409,336Y6SYHXA,75,2019-07-25,2019-07-27,2
1410,5TIQ3C15K1,29,2019-12-29,2019-12-31,2
1411,MO64WD97F2,130,2019-01-10,2019-01-17,7
1412,O5L53U4VEG,144,2019-12-22,2019-12-25,3
1413,6AI02XDGT6,376,2019-10-01,2019-10-04,3
1414,3INBSXG9P4,34,2019-03-03,2019-03-03,0
1415,XC852LOYGO,324,2019-10-04,2019-10-10,6
1416,P06D6CYHRS,294,2019-01-25,2019-01-29,4
1417,NSGT6FZ3HK,384,2019-07-02,2019-07-07,5
1418,4B6OXZQYH4,86,2019-05-16,2019-05-18,2
1419,XCC2SD6EDB,46,2019-09-25,2019-09-28,3
1420,UFYG7QLFGO,291,2019-08-18,2019-08-21,3
1421,I0WUCPCC9Q,65,2019-06-13,2019-06-13,0
1422,X7GXW1M4PM,321,2019-05-13,2019-05-15,2
1423,UPVU1QX6SW,145,2019-06-11,2019-06-16,5
1424,QLKPJTLLLR,323,2019-09-25,2019-10-02,7
1425,M7OS2J43JV,196,2019-08-05,2019-08-05,0
1426,Z109CNS2UK,9,2019-11-14,2019-11-14,0
1427,424JLSEAX7,233,2019-03-27,2019-04-01,5
1428,7COHB5IPMB,20,2019-08-03,2019-08-04,1
1429,O1Q9OX9UXV,192,2019-07-18,2019-07-25,7
1430,4NNIIMPINL,80,2019-02-17,2019-02-18,1
1431,L11ZRS5C5E,306,2019-03-02,2019-03-05,3
1432,RQ47H78I4I,189,2019-08-24,2019-08-31,7
1433,GHHR85H179,162,2019-01-06,2019-01-06,0
1434,22VBEAJRK7,23,2019-05-14,2019-05-21,7
1435,QDVXGVBWE8,148,2019-05-23,2019-05-26,3
1436,ZA1WM0YUZ2,376,2019-03-25,2019-03-30,5
1437,5HY04KF3W1,126,2019-02-26,2019-03-05,7
1438,0GLNYAJH7I,126,2019-12-12,2019-12-18,6
1439,ZM5962K9PI,183,2019-03-07,2019-03-09,2
1440,588CS6AQZV,368,2019-08-11,2019-08-16,5
1441,6OLH31VN4A,132,2019-05-12,2019-05-14,2
1442,JECZFQNC1Q,242,2019-05-22,2019-05-27,5
1443,S9H2HKRURU,204,2019-09-05,2019-09-12,7
1444,GQ9AZBPSU0,382,2019-04-04,2019-04-06,2
1445,E1LV5JLYW1,53,2019-02-11,2019-02-17,6
1446,4VM7XKAVZS,63,2019-04-30,2019-05-01,1
1447,ZV8HYNTE0U,61,2019-07-24,2019-07-29,5
1448,PPY4YWZ8D8,140,2019-04-24,2019-04-28,4
1449,HMUZORU7YH,232,2019-11-06,2019-11-06,0
1450,AX0T5KL4GK,300,2019-03-03,2019-03-08,5
1451,BWKMFO25FW,85,2019-07-08,2019-07-12,4
1452,2J4S2196W2,376,2019-09-12,2019-09-15,3
1453,ATTM9PXWJ9,375,2019-03-07,2019-03-08,1
1454,4DA82SPQ8R,62,2019-10-30,2019-10-30,0
1455,PYNEJJ4SIQ,32,2019-11-07,2019-11-08,1
1456,YX35X5AIJR,80,2019-03-22,2019-03-23,1
1457,XP41OZ1GCY,151,2019-09-26,2019-09-30,4
1458,JFD04T8Q20,40,2019-08-03,2019-08-07,4
1459,UIPIGIP338,384,2019-08-06,2019-08-08,2
1460,I2AFYR2ZER,243,2019-06-21,2019-06-21,0
1461,T0AE3OSSIG,291,2019-06-20,2019-06-21,1
1462,UKOSRCABH1,213,2019-05-12,2019-05-18,6
1463,5ICR70NQDI,204,2019-03-01,2019-03-08,7
1464,KWX28RQNQV,67,2019-09-26,2019-09-29,3
1465,NIXPPWCNEY,403,2019-05-17,2019-05-22,5
1466,I0QJWUQCSA,48,2019-05-31,2019-06-07,7
1467,GEB7NH15YB,163,2019-06-23,2019-06-28,5
1468,OPVT4Q19F4,76,2019-06-25,2019-07-01,6
1469,EVKND6EP4C,127,2019-10-21,2019-10-24,3
1470,7BUK7KMC41,309,2019-01-06,2019-01-11,5
1471,WOOMH1LD20,111,2019-01-12,2019-01-18,6
1472,28OSBKI941,5,2019-01-05,2019-01-06,1
1473,9LS1FUFKSU,392,2019-03-07,2019-03-11,4
1474,28JAQBVE4Z,138,2019-02-15,2019-02-21,6
1475,WE790ENHBS,382,2019-10-27,2019-10-31,4
1476,XAYWID7UC3,190,2019-04-26,2019-05-01,5
1477,A5527YQDLS,158,2019-01-11,2019-01-17,6
1478,FJVS1YZWKO,402,2019-11-08,2019-11-12,4
1479,0DNJC6DVS6,173,2019-07-30,2019-08-05,6
1480,1J3I6E2Q9V,392,2019-02-25,2019-03-02,5
1481,HR9A2EMRFU,103,2019-11-03,2019-11-06,3
1482,LZP09XT19K,186,2019-09-18,2019-09-22,4
1483,EPL769X49E,325,2019-06-11,2019-06-11,0
1484,2476TFJV49,66,2019-02-08,2019-02-08,0
1485,XGUGN26MH3,217,2019-04-16,2019-04-19,3
1486,9AG0TQ8QL5,67,2019-03-26,2019-03-26,0
1487,6AH7LJJ9LD,434,2019-04-13,2019-04-18,5
1488,7THNK3BTWJ,241,2019-12-11,2019-12-17,6
1489,A0G7HEEJRR,157,2019-08-01,2019-08-06,5
1490,RP5EWQPPCD,233,2019-07-20,2019-07-27,7
1491,Q2ABZLYSWA,412,2019-08-10,2019-08-17,7
1492,6G1KYZGZ9N,370,2019-08-21,2019-08-25,4
1493,1HNYR0FQYB,384,2019-03-12,2019-03-13,1
1494,SX806BIRRI,176,2019-09-11,2019-09-17,6
1495,LNUNJA3QDL,131,2019-05-02,2019-05-09,7
1496,FZTQQ2ZWH5,418,2019-07-04,2019-07-09,5
1497,8HNKUPATEI,231,2019-02-05,2019-02-10,5
1498,9E909HBWPH,405,2019-09-20,2019-09-27,7
1499,T9M57HNEVH,320,2019-06-19,2019-06-24,5
1500,KIWUM4D0NU,406,2019-10-25,2019-11-01,7
1501,S3FZPT99YV,384,2019-07-05,2019-07-11,6
1502,8R9HRJG3P0,413,2019-04-15,2019-04-16,1
1503,AMVLZW8W1N,113,2019-02-17,2019-02-21,4
1504,42P2OC3LVK,284,2019-09-28,2019-09-30,2
1505,CNVSU1XUE3,130,2019-10-24,2019-10-24,0
1506,1L9T1DCXMI,390,2019-08-03,2019-08-05,2
1507,0KP65056VB,21,2019-03-19,2019-03-25,6
1508,D3084R49V4,200,2019-06-14,2019-06-17,3
1509,AEU1VAR3AA,135,2019-11-29,2019-11-29,0
1510,QY2W145KA4,353,2019-01-09,2019-01-10,1
1511,Q9F44GWSHG,162,2019-04-29,2019-05-04,5
1512,Z95W10WFXU,192,2019-05-15,2019-05-15,0
1513,OP5NILO27X,326,2019-03-22,2019-03-23,1
1514,LAL2FUD02R,348,2019-07-22,2019-07-29,7
1515,V903TZOG1D,352,2019-11-19,2019-11-23,4
1516,OH8ZY6U3MY,191,2019-09-30,2019-10-05,5
1517,6P75YXOGRG,389,2019-08-30,2019-08-30,0
1518,FJ9L4FY6QX,433,2019-08-13,2019-08-19,6
1519,6YAKRTFZ62,306,2019-09-29,2019-10-04,5
1520,1NUE8VPPEK,224,2019-06-03,2019-06-04,1
1521,VYZQYBAZ23,285,2019-04-09,2019-04-09,0
1522,M1O7PNRU9L,265,2019-04-16,2019-04-18,2
1523,3440TFGQR9,34,2019-04-15,2019-04-17,2
1524,39W6LWOL1B,300,2019-04-24,2019-04-30,6
1525,7BMKXTIEA9,24,2019-05-13,2019-05-16,3
1526,SNVPLGE17H,186,2019-03-05,2019-03-09,4
1527,2M9DN8XXXY,153,2019-09-06,2019-09-07,1
1528,S2OUFGMPQU,310,2019-08-02,2019-08-08,6
1529,LHBYHOW1PR,274,2019-05-13,2019-05-17,4
1530,2235LDBHRI,114,2019-01-01,2019-01-02,1
1531,52TR126CLU,246,2019-03-05,2019-03-08,3
1532,BQZ9H1NYBR,273,2019-10-20,2019-10-23,3
1533,C0IK48IB3W,84,2019-01-23,2019-01-30,7
1534,X45182TL2R,318,2019-04-23,2019-04-28,5
1535,TKLGJXE1F6,365,2019-06-07,2019-06-13,6
1536,10CHVFWN3W,398,2019-09-14,2019-09-14,0
1537,C9KCDMUKS7,93,2019-06-03,2019-06-03,0
1538,09H50TS8JU,70,2019-02-13,2019-02-19,6
1539,DE2WNFIDKG,267,2019-04-09,2019-04-11,2
1540,2H8QZCRNIJ,336,2019-01-06,2019-01-12,6
1541,DHJWTVQTW3,225,2019-01-17,2019-01-17,0
1542,K0JP8UWP1Z,79,2019-12-31,2020-01-03,3
1543,YPDAONB3ID,127,2019-12-06,2019-12-07,1
1544,5EY33O6ALR,59,2019-05-03,2019-05-03,0
1545,KLGPH8TFRB,315,2019-04-25,2019-04-28,3
1546,HF2W8HT62P,188,2019-06-24,2019-06-28,4
1547,8VARXQK73O,377,2019-10-27,2019-10-31,4
1548,INBAGX2V7S,105,2019-10-19,2019-10-20,1
1549,U7EENHV4ZK,237,2019-12-29,2019-12-31,2
1550,GPB16O7LPH,138,2019-12-16,2019-12-17,1
1551,MWZ4XOSS02,391,2019-06-16,2019-06-21,5
1552,R1UTQ71EEK,249,2019-06-01,2019-06-04,3
1553,4OXFCAA596,288,2019-10-31,2019-11-03,3
1554,YDHYGHAZ3E,73,2019-02-21,2019-02-23,2
1555,KX6LLT3OI9,420,2019-10-12,2019-10-16,4
1556,TR0XKH52R9,310,2019-05-06,2019-05-13,7
1557,YJBXCRTJ7G,271,2019-10-10,2019-10-17,7
1558,HIJEASHHXQ,275,2019-02-25,2019-03-03,6
1559,TD4P6D8HVH,38,2019-04-26,2019-05-02,6
1560,D5PCB2OA73,156,2019-04-03,2019-04-03,0
1561,B7Z1DEAVI7,420,2019-06-07,2019-06-09,2
1562,71USVOW7RS,361,2019-11-28,2019-12-04,6
1563,FCA9JF39PO,330,2019-09-17,2019-09-19,2
1564,AYSGSC4QKL,51,2019-11-23,2019-11-27,4
1565,KVAQXH1DCC,46,2019-12-10,2019-12-13,3
1566,9I1XVZIXGG,79,2019-07-27,2019-07-27,0
1567,A7D9VVQRMS,225,2019-04-25,2019-04-27,2
1568,LN30N1PMY9,305,2019-09-15,2019-09-15,0
1569,M78I1VS16H,175,2019-10-05,2019-10-06,1
1570,C041QB5WTU,161,2019-03-26,2019-03-30,4
1571,ZV3JH9DAMC,289,2019-08-05,2019-08-09,4
1572,XI3AX87I5T,401,2019-04-08,2019-04-14,6
1573,2AQZL0I8D3,245,2019-01-15,2019-01-20,5
1574,XKZADNC84Y,222,2019-05-29,2019-06-05,7
1575,6G5FKU9XB7,320,2019-05-21,2019-05-21,0
1576,N6KMS0MWT7,171,2019-05-30,2019-06-03,4
1577,8TUCY5TIS0,248,2019-02-06,2019-02-12,6
1578,BZQ9SGRRFB,34,2019-04-12,2019-04-17,5
1579,2D1FA9RQKU,2,2019-05-10,2019-05-12,2
1580,MJ0PADPPSB,295,2019-10-26,2019-11-01,6
1581,CTVYGB9ZED,117,2019-03-10,2019-03-10,0
1582,ESCEKKPY2L,213,2019-11-03,2019-11-09,6
1583,XIW6V9SCA5,117,2019-05-26,2019-05-28,2
1584,7DKKBOZKXE,395,2019-03-25,2019-03-27,2
1585,9WEOCKF4D1,187,2019-06-30,2019-06-30,0
1586,7YSFZ3YVKK,270,2019-09-17,2019-09-19,2
1587,14PTMQA52V,8,2019-05-14,2019-05-19,5
1588,ZINXYXORDE,18,2019-09-24,2019-09-24,0
1589,HT7A2JW8CO,399,2019-10-12,2019-10-17,5
1590,WBLSFQAEIY,398,2019-11-24,2019-11-27,3
1591,VSIZJATJSU,381,2019-07-03,2019-07-10,7
1592,Q8489J5YIT,76,2019-01-29,2019-01-29,0
1593,VWK2ZM281A,215,2019-05-18,2019-05-22,4
1594,LMRB1JU5UG,270,2019-07-12,2019-07-14,2
1595,J5D9LLQ54L,225,2019-12-03,2019-12-09,6
1596,4X1JXM69W4,102,2019-08-21,2019-08-28,7
1597,U502MZSA80,123,2019-12-01,2019-12-06,5
1598,6C5E354PMI,54,2019-07-11,2019-07-11,0
1599,Z9YW2Y7H7F,238,2019-12-13,2019-12-19,6
1600,8MK0419DYW,287,2019-11-06,2019-11-12,6
1601,2AJIPWMZ59,414,2019-06-29,2019-07-01,2
1602,8EU8EUT0IE,138,2019-10-12,2019-10-14,2
1603,U7NQZYMQ9H,230,2019-09-13,2019-09-17,4
1604,1M2IX4PXRL,328,2019-02-21,2019-02-23,2
1605,1FF4PPYF5W,285,2019-02-12,2019-02-16,4
1606,4PXKDIJPFD,247,2019-12-10,2019-12-14,4
1607,MB0QWFGST2,405,2019-01-06,2019-01-10,4
1608,SNZ625N49M,12,2019-02-22,2019-03-01,7
1609,BR2206R5FJ,297,2019-06-26,2019-07-03,7
1610,B1F62HENFY,295,2019-12-15,2019-12-15,0
1611,GZFJDG6EVU,89,2019-07-29,2019-07-29,0
1612,G0VNOY17ER,101,2019-12-04,2019-12-09,5
1613,6Q49OF0RFF,353,2019-02-19,2019-02-19,0
1614,MAUWSW58XM,2,2019-07-28,2019-07-30,2
1615,JS45C478IH,403,2019-01-06,2019-01-12,6
1616,VZJ1E0VPNS,65,2019-12-19,2019-12-22,3
1617,X82IOQR1SV,412,2019-10-07,2019-10-12,5
1618,W58MPD6T87,358,2019-06-23,2019-06-25,2
1619,V7LRII78GL,369,2019-09-08,2019-09-08,0
1620,WYSE7I188F,125,2019-05-07,2019-05-11,4
1621,NHXS4ZLRDW,335,2019-03-06,2019-03-08,2
1622,KMWM8AM7RR,334,2019-09-18,2019-09-24,6
1623,J431CSCNUP,54,2019-04-12,2019-04-17,5
1624,A0NS5PZ1ID,63,2019-10-11,2019-10-11,0
1625,BDWQ1HHSHG,87,2019-12-08,2019-12-08,0
1626,DR135S95CU,185,2019-03-23,2019-03-27,4
1627,1IGQVECES9,120,2019-06-30,2019-07-02,2
1628,XCS1A2V9EC,225,2019-02-22,2019-02-25,3
1629,CEXLCMGNVJ,262,2019-11-06,2019-11-07,1
1630,UCBES80BPB,282,2019-12-15,2019-12-22,7
1631,WU3I1S12PI,351,2019-08-14,2019-08-19,5
1632,4UJFGLYG4O,86,2019-01-23,2019-01-25,2
1633,DEO6OMDC0R,409,2019-10-27,2019-10-29,2
1634,S98FAUI3GC,32,2019-04-23,2019-04-24,1
1635,GXXM4M4FOT,178,2019-10-05,2019-10-08,3
1636,X8BXOIZ9TF,6,2019-02-23,2019-02-23,0
1637,7BDW8CIQGV,99,2019-06-20,2019-06-23,3
1638,RCJN07QMRN,34,2019-05-15,2019-05-18,3
1639,YRITXQCJJZ,194,2019-07-01,2019-07-04,3
1640,OB8HBLWJXI,264,2019-04-23,2019-04-24,1
1641,4OTNHWNHZV,220,2019-07-06,2019-07-10,4
1642,S9KV332IG6,93,2019-11-08,2019-11-09,1
1643,PEBP9254Q0,287,2019-04-06,2019-04-12,6
1644,55ZIDLOC01,99,2019-10-20,2019-10-24,4
1645,K9ZZBVW8Y3,416,2019-01-26,2019-01-27,1
1646,XZB4IK34G4,379,2019-09-03,2019-09-05,2
1647,I2RWW033YV,344,2019-05-28,2019-05-31,3
1648,TGW5QQXYK4,28,2019-11-15,2019-11-19,4
1649,XUI53TWGSM,304,2019-12-23,2019-12-30,7
1650,OCD3SYIUBZ,34,2019-03-16,2019-03-17,1
1651,5C7J01WXK3,211,2019-03-14,2019-03-16,2
1652,QHSKXNLKWI,390,2019-06-05,2019-06-06,1
1653,054A5Z55LO,337,2019-06-13,2019-06-13,0
1654,1T4LWIUHPF,432,2019-11-26,2019-11-29,3
1655,L2837ZH0DA,227,2019-05-29,2019-05-31,2
1656,SIGUUQXUB8,106,2019-02-16,2019-02-19,3
1657,7TULWCWXHD,180,2019-07-18,2019-07-20,2
1658,K68W5T6ZU8,192,2019-09-26,2019-09-30,4
1659,8J40O0Z28S,179,2019-02-28,2019-03-03,3
1660,1DFIFN3QVE,257,2019-01-03,2019-01-06,3
1661,0AEAQSGAMT,348,2019-04-08,2019-04-13,5
1662,7FHNLIXYVS,184,2019-03-02,2019-03-02,0
1663,JL98YGHJ78,68,2019-04-25,2019-04-27,2
1664,U2CIKVRFM1,432,2019-11-25,2019-11-30,5
1665,8MSPQNWESU,7,2019-10-12,2019-10-12,0
1666,MGL9JRLXUF,144,2019-04-06,2019-04-06,0
1667,HCWL3Q9TJK,106,2019-04-03,2019-04-07,4
1668,BCVAJ6SZT3,210,2019-03-08,2019-03-12,4
1669,5SNWLN1XZ0,150,2019-01-27,2019-01-27,0
1670,R8PXHEQ3SW,126,2019-05-03,2019-05-03,0
1671,YLMKELNGWJ,164,2019-11-21,2019-11-22,1
1672,N2B28VRJG2,57,2019-10-21,2019-10-21,0
1673,L4ONDZ8AYA,421,2019-07-07,2019-07-08,1
1674,TAMOTJ9FSB,420,2019-03-14,2019-03-20,6
1675,0V2O0RW3NT,244,2019-07-24,2019-07-27,3
1676,Q5GFEI7TRE,207,2019-05-11,2019-05-12,1
1677,QC79S0A1R4,151,2019-08-20,2019-08-22,2
1678,HGH28ZBR43,30,2019-08-07,2019-08-09,2
1679,50UP3L4FXT,291,2019-03-20,2019-03-27,7
1680,37ML4BHZJN,413,2019-01-18,2019-01-21,3
1681,ERK3GKB6AZ,338,2019-02-25,2019-02-27,2
1682,JZ71HCIXEA,65,2019-05-13,2019-05-16,3
1683,QFT9048NM6,135,2019-07-10,2019-07-10,0
1684,XPFC79VYQN,157,2019-05-19,2019-05-20,1
1685,USXVWSFXBF,390,2019-03-15,2019-03-20,5
1686,EUIXCWKHAR,310,2019-10-13,2019-10-14,1
1687,B22UENT7IO,79,2019-02-21,2019-02-22,1
1688,K4I3XZRQD2,164,2019-06-07,2019-06-08,1
1689,SV0K881S9W,297,2019-10-15,2019-10-18,3
1690,D1KINFSOKC,15,2019-10-09,2019-10-14,5
1691,BWZ3HZVEXK,396,2019-08-27,2019-09-02,6
1692,QPN1U0LT37,142,2019-07-01,2019-07-06,5
1693,2AOR2GMR96,77,2019-10-07,2019-10-12,5
1694,J48DQ2U1XD,268,2019-01-26,2019-01-31,5
1695,H7C8EWTGZ0,349,2019-03-28,2019-03-30,2
1696,MC99BC0H14,161,2019-10-15,2019-10-20,5
1697,827ZAFGZPY,72,2019-12-08,2019-12-14,6
1698,OW4OPUUJJS,424,2019-11-14,2019-11-19,5
1699,D6YNW6J9OD,214,2019-05-30,2019-05-31,1
1700,GDAAUPEZXY,149,2019-04-14,2019-04-17,3
1701,1GCGC6WW5U,297,2019-12-25,2019-12-26,1
1702,5027TA3XSZ,43,2019-11-15,2019-11-22,7
1703,ZWFXOITH20,153,2019-12-27,2020-01-02,6
1704,SX4705TSIC,119,2019-01-11,2019-01-18,7
1705,V89HX7742P,72,2019-11-08,2019-11-10,2
1706,HYBMEH9E8G,143,2019-04-28,2019-04-29,1
1707,N32URMVBWP,205,2019-10-26,2019-11-01,6
1708,N7QXHWDZTG,159,2019-04-24,2019-04-30,6
1709,EHE0NCE0DN,370,2019-05-16,2019-05-22,6
1710,B7O5HIAGB5,109,2019-05-22,2019-05-23,1
1711,2WT0RFMVZO,16,2019-12-10,2019-12-16,6
1712,NYU5M87O0O,325,2019-05-25,2019-05-26,1
1713,A4WBQYJTJV,123,2019-04-13,2019-04-16,3
1714,JMBB0RHDAX,35,2019-12-05,2019-12-10,5
1715,OVXI9ZXDTM,130,2019-10-23,2019-10-29,6
1716,X3KOKDJSZY,362,2019-05-16,2019-05-17,1
1717,U07QWKYPQ8,257,2019-10-10,2019-10-16,6
1718,VG81QJL0NU,102,2019-04-10,2019-04-14,4
1719,YQEIZOYK3C,42,2019-09-13,2019-09-14,1
1720,Q9GU5IIFXS,414,2019-12-27,2019-12-29,2
1721,J05F433691,139,2019-11-09,2019-11-14,5
1722,991LEGZB89,10,2019-04-21,2019-04-25,4
1723,NFCO6SZZK2,405,2019-10-30,2019-10-30,0
1724,OEO420ZD7B,276,2019-04-10,2019-04-11,1
1725,ODHOH1DHUA,68,2019-01-05,2019-01-08,3
1726,DXC4J6IUJY,163,2019-11-30,2019-12-04,4
1727,7X84XHAP07,402,2019-01-15,2019-01-17,2
1728,ZB22VT7R8X,95,2019-08-21,2019-08-23,2
1729,5EMHWO5OC6,270,2019-09-06,2019-09-07,1
1730,KCD0F3EO2H,398,2019-09-16,2019-09-21,5
1731,R9YG05B7ND,171,2019-04-05,2019-04-09,4
1732,MN0L56HYIK,174,2019-05-06,2019-05-10,4
1733,WEQ6QFH2QO,32,2019-07-08,2019-07-08,0
1734,0ZAC59IFKC,350,2019-06-29,2019-06-29,0
1735,Z4DF0Y0ZIP,243,2019-04-23,2019-04-24,1
1736,441EW5P3B5,16,2019-08-30,2019-09-01,2
1737,2P0GN1I551,321,2019-08-20,2019-08-25,5
1738,Q01BDGTHBB,248,2019-03-18,2019-03-19,1
1739,AIC58QMRBP,56,2019-08-29,2019-09-02,4
1740,JRPY7VBPQD,24,2019-08-11,2019-08-13,2
1741,ML6C4502GI,280,2019-02-22,2019-02-22,0
1742,U5JSLCHIEE,238,2019-03-13,2019-03-19,6
1743,E82J2XZA56,61,2019-04-25,2019-05-02,7
1744,DMD1UZ6WVK,102,2019-08-18,2019-08-23,5
1745,JV7U9NSXU8,172,2019-06-01,2019-06-07,6
1746,AIADTXCPXL,104,2019-10-06,2019-10-08,2
1747,P5R5JAAMNL,257,2019-12-07,2019-12-07,0
1748,C2U2P5Q818,210,2019-07-26,2019-07-30,4
1749,ZBTIPSB4WC,387,2019-09-04,2019-09-05,1
1750,Z98E60IEI4,103,2019-06-16,2019-06-23,7
1751,0YDDRRY5RJ,260,2019-02-02,2019-02-04,2
1752,AGEQ4EQ99X,61,2019-03-08,2019-03-10,2
1753,6RNYWKTIZ3,327,2019-05-17,2019-05-19,2
1754,L3VMG6PNDM,128,2019-04-20,2019-04-27,7
1755,O5MI2ZR9X1,357,2019-01-02,2019-01-03,1
1756,WBYMP62ZYL,5,2019-08-13,2019-08-20,7
1757,8N2JQ6VXJ3,388,2019-11-03,2019-11-08,5
1758,86687WEVXC,224,2019-11-24,2019-12-01,7
1759,G0GA5O7OB4,315,2019-02-11,2019-02-13,2
1760,FL63TPZ3UO,364,2019-07-04,2019-07-05,1
1761,ONMJML4IMQ,239,2019-03-26,2019-03-29,3
1762,57Z714EL7Q,413,2019-06-16,2019-06-23,7
1763,YVWDEP1OK3,250,2019-11-20,2019-11-26,6
1764,AZZO3HY75Y,430,2019-12-06,2019-12-06,0
1765,EK12QEJ2Q9,424,2019-10-10,2019-10-16,6
1766,K8APAY60N4,355,2019-12-01,2019-12-03,2
1767,W8PY9YBRMY,176,2019-04-16,2019-04-17,1
1768,TFVZK7OIKG,248,2019-12-20,2019-12-25,5
1769,ZXW0ITHB9B,231,2019-01-02,2019-01-07,5
1770,RH8KGZIF2T,265,2019-02-18,2019-02-24,6
1771,IEP3AXJ7TP,288,2019-08-12,2019-08-12,0
1772,IE4F7QRBB4,399,2019-10-21,2019-10-26,5
1773,NEV6TADEHE,26,2019-10-21,2019-10-22,1
1774,9OIGUWENVG,365,2019-05-16,2019-05-21,5
1775,G5I2X0L6GQ,164,2019-01-22,2019-01-26,4
1776,5Y4KBD2LZD,337,2019-09-03,2019-09-06,3
1777,11OA7YMRDV,168,2019-02-16,2019-02-18,2
1778,QW35BFXQWG,112,2019-07-30,2019-08-06,7
1779,EF6IB226OQ,46,2019-03-17,2019-03-20,3
1780,L83AEMFOTC,191,2019-06-21,2019-06-21,0
1781,VOCGRTPTG5,86,2019-12-13,2019-12-14,1
1782,A4LY5F300J,264,2019-09-05,2019-09-12,7
1783,OCIUG06PX8,189,2019-03-29,2019-03-29,0
1784,E66EJTTNL5,279,2019-12-16,2019-12-18,2
1785,NXH1LS5L9O,51,2019-06-23,2019-06-30,7
1786,A9HAFDC5ZC,139,2019-06-28,2019-06-29,1
1787,4JIJ0JHY3F,411,2019-03-21,2019-03-26,5
1788,YF9L94WP38,287,2019-01-01,2019-01-01,0
1789,3NUQF6Z421,313,2019-12-21,2019-12-21,0
1790,HVHGNCELZ6,27,2019-08-24,2019-08-30,6
1791,00VK9DLE96,129,2019-01-02,2019-01-08,6
1792,XXU09CH7JH,250,2019-05-11,2019-05-12,1
1793,SITZ6M8JYK,128,2019-07-24,2019-07-31,7
1794,AKNNT90PLI,385,2019-07-12,2019-07-12,0
1795,4UNS484W3H,128,2019-04-20,2019-04-21,1
1796,IX8WKMBWXS,311,2019-04-18,2019-04-25,7
1797,D0KICBE1IJ,344,2019-02-16,2019-02-23,7
1798,RB1HDM2CRT,256,2019-11-05,2019-11-12,7
1799,4XLVCSQG9O,247,2019-12-28,2020-01-02,5
1800,RDQ32VQJEX,337,2019-04-28,2019-04-30,2
1801,278BS1B61N,64,2019-07-15,2019-07-22,7
1802,PFQXKDFJT6,4,2019-12-17,2019-12-17,0
1803,48OZJE7B4I,52,2019-06-30,2019-07-05,5
1804,OSKKXRZ8SU,81,2019-09-12,2019-09-12,0
1805,64NIGHQENF,60,2019-12-14,2019-12-19,5
1806,F2ZH13YPOT,265,2019-10-26,2019-10-28,2
1807,FNP77C47DS,228,2019-02-17,2019-02-21,4
1808,3QLKFJESXV,297,2019-09-16,2019-09-22,6
1809,I2U2GDQJR5,5,2019-12-26,2019-12-30,4
1810,IRPZD0T37R,10,2019-10-12,2019-10-19,7
1811,RIGRGQ7NE9,409,2019-04-22,2019-04-25,3
1812,M6IO1J4S5M,299,2019-05-16,2019-05-18,2
1813,2PEHPGPUKM,415,2019-04-30,2019-05-07,7
1814,LA96IC6BLR,157,2019-11-03,2019-11-03,0
1815,G7TS9841CJ,83,2019-05-26,2019-05-26,0
1816,IW68ZVK7P0,343,2019-01-10,2019-01-15,5
1817,LJMASUNO39,98,2019-10-18,2019-10-23,5
1818,SILDSURBJ1,333,2019-09-11,2019-09-14,3
1819,MPCUW543R7,428,2019-12-13,2019-12-15,2
1820,SDSVP0VLCL,26,2019-05-06,2019-05-07,1
1821,DVZVUNQU9T,404,2019-12-26,2019-12-30,4
1822,LEGVVKBTMG,51,2019-12-12,2019-12-12,0
1823,2PYET12IXE,13,2019-05-23,2019-05-24,1
1824,FDGY40I4WX,75,2019-01-07,2019-01-08,1
1825,KABNYG96H4,88,2019-09-24,2019-09-29,5
1826,BINXQ23E5H,18,2019-12-13,2019-12-14,1
1827,HACIDYKUYN,83,2019-06-11,2019-06-12,1
1828,BLSPMA4IU2,211,2019-05-30,2019-06-02,3
1829,O5OO6YRJ07,210,2019-08-12,2019-08-16,4
1830,JWOKEN0BQ4,99,2019-02-08,2019-02-14,6
1831,EIYKI61Q4D,289,2019-09-14,2019-09-15,1
1832,BY4J0VSW4A,326,2019-03-24,2019-03-30,6
1833,1K4GTU45UV,109,2019-07-06,2019-07-07,1
1834,CVA1446YYC,134,2019-07-11,2019-07-11,0
1835,BD9ZHB0RRV,247,2019-07-14,2019-07-17,3
1836,FRKDSRNCNN,308,2019-02-10,2019-02-16,6
1837,1EOJ0UE0KK,318,2019-06-18,2019-06-24,6
1838,SVEJMC27FH,313,2019-02-25,2019-03-01,4
1839,ABV6ISIEY7,247,2019-07-07,2019-07-13,6
1840,UWBOHWS66C,67,2019-07-23,2019-07-27,4
1841,DSJVJR9M2J,398,2019-04-29,2019-04-30,1
1842,NCOAX4SW22,159,2019-07-07,2019-07-14,7
1843,J1INFHKIHV,190,2019-10-25,2019-10-29,4
1844,UC7U0X2MG5,225,2019-06-14,2019-06-20,6
1845,TABI7UEAYW,24,2019-05-02,2019-05-09,7
1846,H5SWN874ZP,69,2019-04-15,2019-04-15,0
1847,Y7Y11S9K1F,139,2019-06-07,2019-06-08,1
1848,Y9TL2904KH,358,2019-04-06,2019-04-12,6
1849,ZKGP0VEL1X,232,2019-01-02,2019-01-04,2
1850,J416OQ3D9S,421,2019-10-21,2019-10-22,1
1851,J5EB9BOBBC,426,2019-11-28,2019-12-02,4
1852,L3LVWPZI3X,231,2019-09-02,2019-09-02,0
1853,R6PN9T24GR,340,2019-11-12,2019-11-15,3
1854,N5Q4RSPKL0,67,2019-09-30,2019-10-01,1
1855,587Q1Y9B6K,289,2019-12-13,2019-12-18,5
1856,HL1RGELG55,271,2019-05-07,2019-05-11,4
1857,VJP80QUYZB,247,2019-07-11,2019-07-12,1
1858,HYOCH067HZ,89,2019-02-17,2019-02-19,2
1859,90RGO0II87,28,2019-11-25,2019-12-02,7
1860,4NKPH0Q5F7,283,2019-09-13,2019-09-14,1
1861,BYHGYFNC8Y,67,2019-05-27,2019-05-28,1
1862,XU32H5W5Z4,66,2019-05-26,2019-06-02,7
1863,NBT967TF6W,426,2019-05-08,2019-05-12,4
1864,6WNN39I0L6,275,2019-11-24,2019-11-26,2
1865,N0ZUASSI4M,294,2019-12-09,2019-12-09,0
1866,5YL7NZU44A,217,2019-01-18,2019-01-23,5
1867,GS286WEH3Z,349,2019-01-26,2019-01-28,2
1868,KBIT9ELL7R,172,2019-03-20,2019-03-25,5
1869,9GJ09JN6PL,83,2019-10-28,2019-11-04,7
1870,HJLLTE66WC,420,2019-08-20,2019-08-26,6
1871,C0VS77IKTR,274,2019-12-29,2020-01-02,4
1872,5JX819D7KL,186,2019-12-15,2019-12-17,2
1873,KSQNKO9C6L,198,2019-09-19,2019-09-19,0
1874,UT3KGL1UPX,138,2019-01-02,2019-01-03,1
1875,MIZQSRHON0,225,2019-06-04,2019-06-09,5
1876,C9YYVVY0G3,42,2019-08-23,2019-08-30,7
1877,U30EF5UH4L,114,2019-08-31,2019-09-02,2
1878,3OTM4AOS96,71,2019-11-01,2019-11-04,3
1879,NOIK36CZQO,160,2019-10-07,2019-10-08,1
1880,YPX7622IVG,116,2019-07-12,2019-07-15,3
1881,TEC5J0MVX3,278,2019-01-27,2019-01-27,0
1882,JTZUMUCEI5,110,2019-01-27,2019-02-03,7
1883,M1FSQBYI07,97,2019-10-10,2019-10-15,5
1884,72JKIG93QF,153,2019-01-20,2019-01-24,4
1885,IZE5WN0WWI,288,2019-09-01,2019-09-05,4
1886,PS8T3HBTG2,164,2019-03-24,2019-03-24,0
1887,4ZBUJQH710,403,2019-08-24,2019-08-29,5
1888,29NDOQ81Y4,136,2019-10-26,2019-11-01,6
1889,QTGFU81VV1,176,2019-11-01,2019-11-03,2
1890,K0JF0TMM1U,230,2019-05-08,2019-05-08,0
1891,RBLQAANO2S,264,2019-12-07,2019-12-10,3
1892,4MVDVPACU0,237,2019-02-19,2019-02-24,5
1893,8P6BG6K4Z3,283,2019-08-17,2019-08-18,1
1894,W8NF63D0EO,337,2019-06-30,2019-07-06,6
1895,INUTTPPXI2,77,2019-10-04,2019-10-11,7
1896,E5R40XKYUP,145,2019-07-30,2019-08-01,2
1897,6A2XQD3XR4,428,2019-10-31,2019-10-31,0
1898,JC8F4ROAAP,150,2019-12-19,2019-12-21,2
1899,Z1LTZWRGI5,202,2019-02-22,2019-02-25,3
1900,BSAZ88NANT,226,2019-03-14,2019-03-16,2
1901,SGFWP2O3FJ,249,2019-05-25,2019-05-25,0
1902,0OXJMSVJ09,432,2019-11-06,2019-11-08,2
1903,7EXQ2Y6SUK,295,2019-03-21,2019-03-27,6
1904,FEGQU2D96V,142,2019-10-23,2019-10-24,1
1905,GT14AQKVCL,95,2019-10-29,2019-10-30,1
1906,JO939I5RSS,206,2019-01-19,2019-01-22,3
1907,KW12SDA8VU,231,2019-05-29,2019-06-04,6
1908,C0EC1K3LP5,205,2019-03-29,2019-04-05,7
1909,034OICXT5U,335,2019-10-31,2019-10-31,0
1910,KP92GPI1N6,93,2019-08-03,2019-08-04,1
1911,AMR9D995DQ,196,2019-10-04,2019-10-06,2
1912,ZPGMRN27S7,281,2019-11-19,2019-11-25,6
1913,T2NKPUBYZ1,396,2019-01-02,2019-01-05,3
1914,9G3MOA73T8,95,2019-02-01,2019-02-07,6
1915,9Z2NW8AS7Q,67,2019-12-23,2019-12-29,6
1916,3HJYZP7UGM,372,2019-10-09,2019-10-16,7
1917,O2MGO3OZ1R,377,2019-11-12,2019-11-13,1
1918,DNYGOPY0L7,67,2019-06-27,2019-07-04,7
1919,GMZOL9CJ8U,245,2019-11-17,2019-11-19,2
1920,14COOUQZPO,65,2019-12-23,2019-12-28,5
1921,545SSJ1AC0,238,2019-05-09,2019-05-12,3
1922,JC0CI7HQ7W,208,2019-06-30,2019-07-05,5
1923,5I68R6Y7TT,72,2019-09-09,2019-09-15,6
1924,Q443TZTYYL,365,2019-05-10,2019-05-14,4
1925,I2BZEZPRCH,153,2019-01-20,2019-01-21,1
1926,J6VQ0NBANJ,208,2019-07-24,2019-07-27,3
1927,TXDQLF041K,318,2019-08-05,2019-08-07,2
1928,DJ6RC67GNQ,159,2019-11-20,2019-11-26,6
1929,081OVVUTL2,62,2019-07-26,2019-08-01,6
1930,UTVARL06Y0,250,2019-11-08,2019-11-15,7
1931,CZ0QU6BH55,418,2019-11-07,2019-11-12,5
1932,DGU9GC97VW,33,2019-01-19,2019-01-19,0
1933,FRURRPARFJ,86,2019-03-20,2019-03-21,1
1934,YPRRQN9GMI,423,2019-03-02,2019-03-02,0
1935,O28I94B63J,271,2019-10-16,2019-10-16,0
1936,Z0S55ZZZ9T,132,2019-11-16,2019-11-18,2
1937,6P7GL5O5QA,56,2019-03-24,2019-03-28,4
1938,4DD6S6W7S4,28,2019-02-17,2019-02-17,0
1939,EPK7XJ2DMY,195,2019-04-23,2019-04-26,3
1940,4TMOHPCOOF,326,2019-06-12,2019-06-18,6
1941,LP5XURZ3KJ,358,2019-05-13,2019-05-18,5
1942,B2OKNON8SQ,390,2019-11-06,2019-11-12,6
1943,46N8A02RBM,161,2019-02-09,2019-02-10,1
1944,XAIR75SS58,29,2019-01-07,2019-01-11,4
1945,MP966M4KNC,29,2019-03-31,2019-04-05,5
1946,CJLA43SY0V,366,2019-05-31,2019-06-04,4
1947,DQPF2XC4SE,412,2019-06-29,2019-07-02,3
1948,FE5JE7FL8K,306,2019-09-15,2019-09-18,3
1949,9LPZIDF6GK,433,2019-12-03,2019-12-06,3
1950,Z9ZU4VF03Q,111,2019-01-11,2019-01-18,7
1951,J1GK20O3DC,268,2019-04-28,2019-04-30,2
1952,S8I8QCLE0L,156,2019-06-26,2019-07-02,6
1953,4LDAS53OLS,74,2019-03-02,2019-03-02,0
1954,PD52VFRMJZ,367,2019-11-24,2019-11-28,4
1955,R12F52NW3H,173,2019-05-02,2019-05-02,0
1956,8BT1YVIXDC,224,2019-02-09,2019-02-09,0
1957,EIJGN6TI50,25,2019-06-14,2019-06-20,6
1958,CQNJ3ON25S,191,2019-04-08,2019-04-14,6
1959,4G8XN68G0A,295,2019-10-12,2019-10-14,2
1960,MI7D06AH12,231,2019-12-18,2019-12-20,2
1961,7NZDI5L9D4,33,2019-06-09,2019-06-10,1
1962,EUJOO9Z8VS,167,2019-03-18,2019-03-20,2
1963,7K3G99HN52,83,2019-03-21,2019-03-28,7
1964,L1F74VXRJ9,377,2019-05-15,2019-05-15,0
1965,1CWGP1PIHO,101,2019-12-07,2019-12-11,4
1966,J3ATIJVRZS,244,2019-04-14,2019-04-14,0
1967,UAOPDQ8FMA,36,2019-07-01,2019-07-06,5
1968,FTW8OL67XV,360,2019-05-02,2019-05-06,4
1969,9DG6ALK5BJ,140,2019-10-21,2019-10-28,7
1970,WWWG1XYV5S,394,2019-09-03,2019-09-06,3
1971,MR1VU2YU6B,273,2019-08-27,2019-08-31,4
1972,JMVYCZM648,106,2019-03-03,2019-03-07,4
1973,IMR2IF88M2,338,2019-09-20,2019-09-22,2
1974,DKM7BXFSE5,238,2019-07-29,2019-07-30,1
1975,SAFEPCQCCC,368,2019-02-15,2019-02-18,3
1976,LPFI1J7VFD,18,2019-06-27,2019-07-03,6
1977,43VCGVZB47,184,2019-04-04,2019-04-06,2
1978,HG2I0OLEHJ,168,2019-12-05,2019-12-07,2
1979,RAS80YGFG2,291,2019-08-05,2019-08-12,7
1980,0CI6E3OLE4,392,2019-01-25,2019-01-29,4
1981,L16ZQWY87T,333,2019-04-12,2019-04-18,6
1982,OLRIMUPHQQ,216,2019-04-25,2019-04-29,4
1983,KJD1CQFM8M,158,2019-01-09,2019-01-10,1
1984,EFZJPJ1VXQ,311,2019-03-28,2019-04-01,4
1985,DWBGRQDT0W,264,2019-09-27,2019-10-01,4
1986,M30N6VGQAT,50,2019-07-20,2019-07-22,2
1987,SAMLK7WVBJ,27,2019-03-17,2019-03-23,6
1988,R1RZQSBD1G,330,2019-04-04,2019-04-05,1
1989,SKS3VBLGM9,329,2019-04-19,2019-04-21,2
1990,YSJFZB9ZB5,127,2019-05-17,2019-05-22,5
1991,C9JI0I68S0,47,2019-01-09,2019-01-11,2
1992,6SWATCWL6X,196,2019-08-09,2019-08-14,5
1993,I0HQIPPAK5,1,2019-12-15,2019-12-21,6
1994,JUC0GVNVIU,343,2019-12-11,2019-12-15,4
1995,WLEUU3SIOV,253,2019-04-19,2019-04-21,2
1996,FGTDV0L252,401,2019-01-17,2019-01-18,1
1997,7B33JYWDL1,263,2019-04-23,2019-04-23,0
1998,TIC6QPJQW6,223,2019-08-25,2019-08-27,2
1999,8U5I53644D,39,2019-07-30,2019-08-06,7
2000,0T7ZYSPVN2,364,2019-04-13,2019-04-20,7
2001,ON373BP4PU,170,2019-04-12,2019-04-12,0
2002,IA5ZHBY60E,342,2019-03-26,2019-04-02,7
2003,2KRPZ7H88P,369,2019-04-11,2019-04-18,7
2004,XMANBY1YLX,205,2019-12-03,2019-12-04,1
2005,YJZ03O9FZ3,247,2019-07-12,2019-07-17,5
2006,5ZW229WZGA,91,2019-12-17,2019-12-23,6
2007,OP9AB06CTP,180,2019-01-27,2019-02-01,5
2008,MFOCAM9FI5,116,2019-05-12,2019-05-13,1
2009,P7FDJN70E7,77,2019-02-13,2019-02-19,6
2010,QQRR7KTRGE,209,2019-01-22,2019-01-25,3
2011,QSJ3MUYY5V,112,2019-09-16,2019-09-20,4
2012,ZUN4XFJUU8,97,2019-04-17,2019-04-22,5
2013,SXUX5WMFN5,396,2019-03-14,2019-03-16,2
2014,TEZPTAXYYY,145,2019-04-20,2019-04-24,4
2015,RMIREEB00K,375,2019-02-03,2019-02-06,3
2016,Z1BAIPZ9TX,120,2019-01-04,2019-01-06,2
2017,OPMC1PSLAA,360,2019-02-19,2019-02-20,1
2018,XX0TRT96ZA,185,2019-04-10,2019-04-15,5
2019,E4SG7LITZH,3,2019-05-08,2019-05-11,3
2020,9UCHULNRDT,143,2019-02-22,2019-02-28,6
2021,7TSRO14I30,37,2019-08-02,2019-08-09,7
2022,GEDRXUORL0,87,2019-08-19,2019-08-23,4
2023,S3TLCVHM5A,193,2019-10-21,2019-10-28,7
2024,YMUL9WKI9F,6,2019-04-21,2019-04-26,5
2025,QKJL9U6O8U,351,2019-03-11,2019-03-18,7
2026,HLCTVA7GDF,94,2019-11-21,2019-11-24,3
2027,WYFQ4J0NZR,122,2019-05-26,2019-06-01,6
2028,JSQNOTA615,425,2019-04-30,2019-05-03,3
2029,CKAPE0IQBX,69,2019-09-06,2019-09-08,2
2030,R1H4CRMWL8,75,2019-11-28,2019-12-03,5
2031,AGZNY6EMCE,81,2019-08-24,2019-08-25,1
2032,AM7FGRBZQ6,255,2019-06-10,2019-06-11,1
2033,K8ME4IZIVF,180,2019-12-14,2019-12-20,6
2034,BNYKELSLSR,96,2019-08-06,2019-08-08,2
2035,MB45BVZAFI,37,2019-06-18,2019-06-20,2
2036,46AM6Z75DR,343,2019-10-26,2019-10-28,2
2037,P0MIL0HJJN,345,2019-03-24,2019-03-27,3
2038,5VI6EU8NYX,355,2019-10-15,2019-10-21,6
2039,8G7CWFKIIL,328,2019-11-21,2019-11-21,0
2040,WCG0TKZGDS,319,2019-12-04,2019-12-10,6
2041,C7OVHV1641,168,2019-04-10,2019-04-14,4
2042,J9BLAS9RMP,34,2019-08-30,2019-09-01,2
2043,Y60L70ELBP,414,2019-09-23,2019-09-26,3
2044,6HE471O48D,333,2019-08-01,2019-08-04,3
2045,CPG3MIAKPE,266,2019-01-14,2019-01-18,4
2046,XEV4ZXWO93,60,2019-04-04,2019-04-11,7
2047,OFN40QIE7R,199,2019-07-12,2019-07-18,6
2048,6JLRSEJTFI,258,2019-03-24,2019-03-31,7
2049,NGVOLG86H3,148,2019-03-06,2019-03-07,1
2050,0UDX2OO38F,63,2019-10-06,2019-10-07,1
2051,WNF4TZG3FS,84,2019-12-09,2019-12-13,4
2052,GEQ3OLBXW6,289,2019-06-07,2019-06-11,4
2053,L24OT3NYXJ,69,2019-04-20,2019-04-25,5
2054,15U2P2AV7Y,348,2019-01-21,2019-01-27,6
2055,JP60CNYKOQ,348,2019-11-19,2019-11-22,3
2056,RI490TFAZ5,167,2019-09-03,2019-09-04,1
2057,SNBUDDKRBV,114,2019-01-17,2019-01-19,2
2058,JETAZONEBY,407,2019-07-25,2019-07-30,5
2059,9FY3BOZT8M,378,2019-10-11,2019-10-12,1
2060,SI9Z2ICAM4,417,2019-09-20,2019-09-21,1
2061,KFXXQFSCZ5,3,2019-11-13,2019-11-19,6
2062,99Y3N3ZKLZ,162,2019-10-05,2019-10-10,5
2063,HASZVK6928,428,2019-06-04,2019-06-07,3
2064,SBIE58RG0V,395,2019-04-08,2019-04-14,6
2065,8FP1WFBPD6,280,2019-09-28,2019-09-28,0
2066,W9Z00CFCFX,81,2019-09-16,2019-09-23,7
2067,F0NK9V1X85,194,2019-12-20,2019-12-23,3
2068,BXOBM39CP4,322,2019-09-16,2019-09-21,5
2069,P1WHGGYJX5,280,2019-06-04,2019-06-11,7
2070,SOMRMDQR63,89,2019-08-21,2019-08-28,7
2071,ODN7QHGUS5,233,2019-02-26,2019-02-27,1
2072,YV0NNXM2N2,384,2019-09-10,2019-09-12,2
2073,S5LYVN6QHU,432,2019-07-06,2019-07-12,6
2074,ZMLKUW7P20,31,2019-03-23,2019-03-27,4
2075,SE6KEMOT78,298,2019-07-02,2019-07-03,1
2076,JO857SOJ7W,174,2019-09-13,2019-09-14,1
2077,DVEOA4MT9S,116,2019-10-10,2019-10-13,3
2078,MHYI3GNECZ,354,2019-08-22,2019-08-27,5
2079,33R8CFA27L,322,2019-10-25,2019-10-28,3
2080,HK5I3LPI0P,249,2019-07-12,2019-07-19,7
2081,XPJ65W0KGZ,278,2019-02-12,2019-02-14,2
2082,SECEPKMFAU,267,2019-04-18,2019-04-20,2
2083,M5KW6TK0RT,210,2019-07-30,2019-08-02,3
2084,SV1GNZDXED,199,2019-12-27,2020-01-02,6
2085,HABQJUU3Z3,271,2019-05-11,2019-05-17,6
2086,VJXHD6PCFH,188,2019-06-09,2019-06-10,1
2087,BJFEUL7HIY,199,2019-06-20,2019-06-22,2
2088,Y14MZ7ZET9,29,2019-02-27,2019-03-02,3
2089,3K9ZLC1VI0,31,2019-01-12,2019-01-17,5
2090,A6HRH4R9Q0,424,2019-01-24,2019-01-31,7
2091,8Z7L23ND0O,323,2019-02-14,2019-02-17,3
2092,D718S3QSA5,264,2019-05-20,2019-05-21,1
2093,DZ0N2VGNCR,172,2019-10-06,2019-10-06,0
2094,VJ0HGM9KUQ,285,2019-09-21,2019-09-21,0
2095,E8KDPUVAXQ,192,2019-01-11,2019-01-11,0
2096,CDI07TO32H,338,2019-08-19,2019-08-20,1
2097,FJWT7VXSEW,432,2019-05-30,2019-05-31,1
2098,DRE086PIVR,64,2019-07-21,2019-07-21,0
2099,2PK0P2YA4P,405,2019-12-18,2019-12-21,3
2100,Q0EFR08929,16,2019-03-19,2019-03-22,3
2101,1XYB27KV1G,414,2019-10-01,2019-10-08,7
2102,UO1FV0BMU0,292,2019-03-28,2019-03-28,0
2103,T4GXOBCT3X,148,2019-10-21,2019-10-28,7
2104,6FIF2MAAI3,63,2019-01-11,2019-01-14,3
2105,22S4FC0N6N,406,2019-03-17,2019-03-19,2
2106,G611XY61IN,300,2019-11-24,2019-12-01,7
2107,QYJ244NNT0,270,2019-08-30,2019-09-03,4
2108,EDT3BWIM2N,386,2019-09-18,2019-09-19,1
2109,A7DZD9NVTV,45,2019-01-20,2019-01-21,1
2110,JBT12CC1LL,159,2019-11-22,2019-11-24,2
2111,ZKBT112ELS,103,2019-06-08,2019-06-08,0
2112,PRW4LQ98JV,201,2019-07-22,2019-07-27,5
2113,ZNR7G20OIF,108,2019-10-24,2019-10-24,0
2114,L8STOON4S1,271,2019-07-25,2019-07-26,1
2115,NF6N1MPFNI,91,2019-03-05,2019-03-06,1
2116,I9HUANAR4W,9,2019-10-16,2019-10-22,6
2117,MMLRO577VD,316,2019-03-19,2019-03-26,7
2118,LLV9D8JB5K,313,2019-08-15,2019-08-22,7
2119,2LB76MEM6T,428,2019-12-03,2019-12-06,3
2120,67M29WQ7MW,373,2019-08-05,2019-08-11,6
2121,YW005SHFTP,154,2019-01-06,2019-01-09,3
2122,TRZBW9JJ5D,412,2019-11-16,2019-11-20,4
2123,DU3L9DEVU4,216,2019-11-01,2019-11-06,5
2124,87YGJ5URV3,220,2019-03-04,2019-03-07,3
2125,V8TDH5U46C,127,2019-03-12,2019-03-15,3
2126,V19Z7DWSCO,320,2019-04-12,2019-04-19,7
2127,FYW70Z0Q0O,311,2019-11-05,2019-11-10,5
2128,PSQP9HSFQ7,171,2019-06-02,2019-06-02,0
2129,AY81UDSW7X,161,2019-09-19,2019-09-19,0
2130,T8IWKI1YWQ,289,2019-10-10,2019-10-11,1
2131,OWWPAQC3WY,33,2019-10-12,2019-10-12,0
2132,YIJ27GAEMT,94,2019-04-18,2019-04-23,5
2133,FBCM4TBZTP,316,2019-01-12,2019-01-14,2
2134,B34LUT7JMW,74,2019-03-30,2019-04-02,3
2135,AS4ZKH1GWX,240,2019-06-11,2019-06-12,1
2136,D0HCDYH3P2,107,2019-07-20,2019-07-20,0
2137,DK3KZQVIKO,395,2019-03-19,2019-03-19,0
2138,1L714CEJ2W,383,2019-07-11,2019-07-12,1
2139,MBL1GV4AGY,147,2019-08-07,2019-08-13,6
2140,XZD54YM6MD,177,2019-05-17,2019-05-19,2
2141,T3BVP3O5NA,426,2019-03-08,2019-03-14,6
2142,87LUKFGHZ9,247,2019-11-28,2019-12-01,3
2143,VNSUJ5CQ0W,168,2019-11-25,2019-11-26,1
2144,WODHRT438W,420,2019-07-15,2019-07-22,7
2145,9MOUBKCXNK,41,2019-12-29,2020-01-03,5
2146,UGKUZPHL6K,290,2019-10-01,2019-10-06,5
2147,5LH1PPRCEJ,250,2019-05-01,2019-05-07,6
2148,57LQ82G3E5,349,2019-09-11,2019-09-11,0
2149,N2XD1Z9HOT,418,2019-03-19,2019-03-19,0
2150,2CDSN1O1NU,361,2019-09-07,2019-09-09,2
2151,C8OJVBG51C,32,2019-09-09,2019-09-09,0
2152,HFYJNCWR3G,32,2019-06-19,2019-06-26,7
2153,0YNI5QV64E,319,2019-08-05,2019-08-07,2
2154,XGGDXM439H,18,2019-08-07,2019-08-13,6
2155,AQ26XSTMR1,271,2019-04-27,2019-04-28,1
2156,ZZYL46DTY7,335,2019-05-25,2019-05-29,4
2157,BHR8793NLD,284,2019-05-09,2019-05-09,0
2158,GJFVZCBPR8,244,2019-01-27,2019-01-28,1
2159,QVG3TNIWIS,299,2019-12-12,2019-12-19,7
2160,2KERQTVRYY,431,2019-06-05,2019-06-05,0
2161,UT8G585WL0,343,2019-04-26,2019-04-27,1
2162,2A44DTXBZG,232,2019-10-24,2019-10-28,4
2163,23BEIRNEYD,129,2019-03-26,2019-03-29,3
2164,1DJIAC0XJH,417,2019-03-09,2019-03-13,4
2165,T68R4JV8BC,62,2019-11-25,2019-11-27,2
2166,EDROE9ELU2,356,2019-12-15,2019-12-17,2
2167,AUUL5PKA2G,16,2019-05-11,2019-05-13,2
2168,3VPDQHUMKK,364,2019-02-08,2019-02-14,6
2169,91CT0PSG2R,162,2019-02-11,2019-02-15,4
2170,N5I81EEG55,429,2019-03-10,2019-03-10,0
2171,5CAXRMGEBH,162,2019-01-27,2019-02-01,5
2172,HQUFW5F6II,400,2019-11-18,2019-11-20,2
2173,FIOYXE99MU,391,2019-03-07,2019-03-09,2
2174,14XBJCSMUA,215,2019-03-12,2019-03-15,3
2175,JMHHHGCKEM,205,2019-05-14,2019-05-18,4
2176,MP1ZZ8PFMW,297,2019-09-04,2019-09-08,4
2177,4CVCXQK0RJ,152,2019-05-08,2019-05-12,4
2178,Y64E7FNWG1,333,2019-12-24,2019-12-29,5
2179,6AN3SANELM,297,2019-01-03,2019-01-09,6
2180,Y4I0LK2SI7,289,2019-12-03,2019-12-10,7
2181,CELC4IT1ZG,23,2019-09-18,2019-09-25,7
2182,P3POX71PAI,18,2019-10-20,2019-10-23,3
2183,MD5CC130KD,415,2019-07-22,2019-07-29,7
2184,ZT6EG6YLFJ,314,2019-09-15,2019-09-19,4
2185,QN0J2GMO2U,353,2019-07-02,2019-07-02,0
2186,R24HF5GU4Q,312,2019-03-05,2019-03-08,3
2187,RIANL8BPS9,91,2019-11-14,2019-11-18,4
2188,QCXSGOZ4TW,388,2019-10-04,2019-10-04,0
2189,ZV20V9KZWF,302,2019-05-02,2019-05-02,0
2190,ELTV4OJB2U,187,2019-03-21,2019-03-22,1
2191,44B2QVZK5L,240,2019-10-27,2019-11-03,7
2192,92ESNYZO6S,297,2019-11-30,2019-12-07,7
2193,NU9MYI00H4,196,2019-07-22,2019-07-27,5
2194,J2VL0HCT5D,103,2019-11-08,2019-11-12,4
2195,EQJEBLF212,257,2019-10-06,2019-10-09,3
2196,NMCBELZOHY,386,2019-12-15,2019-12-20,5
2197,0GB59U523K,20,2019-04-16,2019-04-17,1
2198,9USMZTGS5R,85,2019-10-19,2019-10-21,2
2199,9IYBY310UB,260,2019-09-10,2019-09-11,1
2200,64BU1XPEAL,430,2019-09-25,2019-09-29,4
2201,UE0HRX7LTJ,294,2019-02-23,2019-03-01,6
2202,R2081CLAJ0,236,2019-07-29,2019-07-31,2
2203,S3ESGI2HW9,387,2019-05-11,2019-05-11,0
2204,Q1PO6UBYUT,125,2019-08-22,2019-08-27,5
2205,DLIUFO2RR6,58,2019-09-29,2019-09-29,0
2206,MX173C2AU6,32,2019-04-03,2019-04-05,2
2207,KTW7B5TCV3,61,2019-12-23,2019-12-25,2
2208,17V5R1Y13U,26,2019-10-04,2019-10-08,4
2209,G6SM3R7RJZ,104,2019-04-11,2019-04-17,6
2210,VMALS21KAY,422,2019-08-24,2019-08-24,0
2211,F9UY2276RW,204,2019-04-11,2019-04-12,1
2212,1R47L02WH1,160,2019-12-28,2020-01-03,6
2213,X0XKVECINE,137,2019-01-18,2019-01-25,7
2214,D3ZTJ94M1C,364,2019-02-25,2019-03-02,5
2215,MQKVYVHOAG,357,2019-01-15,2019-01-16,1
2216,OV6AR30WVJ,300,2019-05-04,2019-05-09,5
2217,T9318GVGKQ,392,2019-09-25,2019-09-27,2
2218,SJJ0V30Z4Y,57,2019-10-14,2019-10-14,0
2219,5HSOMW8QBO,181,2019-06-01,2019-06-08,7
2220,T8O399U1FC,145,2019-07-22,2019-07-28,6
2221,T0U28F8RY0,390,2019-10-14,2019-10-16,2
2222,R09ZJCRZBF,345,2019-12-17,2019-12-17,0
2223,VRNIGA738R,360,2019-03-15,2019-03-15,0
2224,TNHH8N44AQ,423,2019-04-16,2019-04-20,4
2225,13MJNKK3X4,193,2019-05-10,2019-05-12,2
2226,AIPFS9Z5YH,196,2019-08-04,2019-08-10,6
2227,6ALK7SV21B,185,2019-07-17,2019-07-23,6
2228,O3OWS3KFZF,216,2019-12-11,2019-12-14,3
2229,LBTTXF03W2,157,2019-03-18,2019-03-19,1
2230,NIJU7RF6WA,373,2019-04-05,2019-04-10,5
2231,4ZURE4KI2L,426,2019-04-16,2019-04-22,6
2232,B0FS9O76KN,138,2019-03-27,2019-03-28,1
2233,TN0EEEN3QR,211,2019-01-11,2019-01-14,3
2234,3LSLK3178V,281,2019-12-06,2019-12-10,4
2235,7MJXQNBQ8X,353,2019-03-29,2019-04-02,4
2236,DXKX37SHIJ,102,2019-07-07,2019-07-14,7
2237,Y5CYB1EG7E,62,2019-07-05,2019-07-12,7
2238,T6JN49ZANH,389,2019-01-19,2019-01-19,0
2239,XBHRV9XL6W,25,2019-04-27,2019-04-29,2
2240,KYPCYFQU81,202,2019-05-04,2019-05-08,4
2241,OW0UNZNX9M,180,2019-12-13,2019-12-15,2
2242,K03E66SVWY,394,2019-04-07,2019-04-13,6
2243,ZMSX76JK5Z,14,2019-03-15,2019-03-18,3
2244,6VA2ZJVG1Q,270,2019-02-25,2019-02-27,2
2245,2JTMT8L8O9,391,2019-01-16,2019-01-17,1
2246,K42142QLR5,176,2019-02-16,2019-02-23,7
2247,X9SNXGW8F7,358,2019-04-06,2019-04-10,4
2248,DU1XUKD8QF,64,2019-08-01,2019-08-07,6
2249,0ERTABJ5V7,259,2019-12-25,2019-12-31,6
2250,Z32FESSBO9,353,2019-06-24,2019-07-01,7
2251,EWNE5HPFHL,192,2019-01-30,2019-02-06,7
2252,E6C9Y8RRCQ,73,2019-05-09,2019-05-11,2
2253,26MDAWP26Y,84,2019-11-10,2019-11-13,3
2254,DDMTG7RKMO,372,2019-06-27,2019-06-28,1
2255,FOLG8VJPRF,302,2019-01-25,2019-01-29,4
2256,69J2VTEC74,245,2019-12-09,2019-12-15,6
2257,10G1NNEBJ3,165,2019-07-27,2019-08-01,5
2258,JRSQWZ25XI,209,2019-04-08,2019-04-09,1
2259,6VK36G7LY3,295,2019-05-01,2019-05-03,2
2260,JCB3SLOPYV,305,2019-12-24,2019-12-26,2
2261,2P0E8YPF8C,55,2019-11-05,2019-11-08,3
2262,M1E813FPTZ,174,2019-07-08,2019-07-14,6
2263,HIRWSDOYD7,237,2019-02-28,2019-03-02,2
2264,JS02ZPCBO7,197,2019-11-28,2019-11-28,0
2265,VF8ZCX3T0R,294,2019-09-15,2019-09-16,1
2266,RJADUKRXM6,400,2019-05-30,2019-06-04,5
2267,NQRNX5AXWU,132,2019-09-05,2019-09-09,4
2268,DE1F5Q6A3X,202,2019-10-12,2019-10-19,7
2269,GAEZWHEHVV,90,2019-01-05,2019-01-11,6
2270,VGF2U82LI5,160,2019-08-12,2019-08-16,4
2271,KZ0DSYDTTM,333,2019-05-13,2019-05-18,5
2272,YTZIEK50OV,44,2019-04-13,2019-04-15,2
2273,NJ81SJS98P,212,2019-01-17,2019-01-23,6
2274,GYOHLHIKIU,158,2019-09-27,2019-10-04,7
2275,OM4B3RRHH9,270,2019-04-16,2019-04-17,1
2276,0EL1JDU7IZ,330,2019-01-22,2019-01-24,2
2277,27YHC566V4,287,2019-09-21,2019-09-25,4
2278,31USBMHQBU,262,2019-02-04,2019-02-05,1
2279,DQEROGVU8T,248,2019-07-18,2019-07-22,4
2280,FPZSC27BTU,200,2019-04-22,2019-04-28,6
2281,HEHWVTK4YQ,420,2019-04-06,2019-04-08,2
2282,49D1ARWQ4I,345,2019-12-15,2019-12-22,7
2283,ONI2USWJBX,30,2019-11-08,2019-11-12,4
2284,QXBT9TOUFT,52,2019-05-12,2019-05-13,1
2285,8VCQKIE37R,338,2019-07-18,2019-07-22,4
2286,OBKUPR2XJ5,188,2019-08-07,2019-08-13,6
2287,E9LDOJXM6L,65,2019-12-05,2019-12-08,3
2288,MKZ0LMUHG0,44,2019-04-22,2019-04-22,0
2289,JC7NFS8JQ8,374,2019-11-14,2019-11-16,2
2290,MRIBEJZ062,398,2019-04-01,2019-04-05,4
2291,PG130X232O,73,2019-03-13,2019-03-15,2
2292,VYY03ZB5QQ,407,2019-02-02,2019-02-04,2
2293,MTT2FIB8L4,327,2019-05-26,2019-05-31,5
2294,2BBCCA9TT4,311,2019-11-05,2019-11-09,4
2295,8EAJ1RQ6XG,67,2019-03-07,2019-03-14,7
2296,O7Y5EX6U44,433,2019-05-18,2019-05-19,1
2297,52GNBFCBPP,365,2019-09-27,2019-10-02,5
2298,MXEBYSQIRG,69,2019-03-16,2019-03-21,5
2299,7IE4JRQ2EX,291,2019-06-21,2019-06-28,7
2300,3YZNBG1QBH,293,2019-01-03,2019-01-09,6
2301,WMGVU9GYWU,347,2019-06-18,2019-06-20,2
2302,2OI6H4IYW2,57,2019-03-21,2019-03-25,4
2303,PFGB1IILPN,405,2019-12-28,2019-12-30,2
2304,IPSEH5CKZM,393,2019-11-18,2019-11-21,3
2305,NLV6VJAZ6J,121,2019-08-06,2019-08-10,4
2306,QNSQ31DSDK,276,2019-01-16,2019-01-19,3
2307,HWZIY9UFT0,13,2019-03-02,2019-03-06,4
2308,AX3CXRR430,296,2019-02-15,2019-02-22,7
2309,S7AUX71T4N,32,2019-02-26,2019-03-02,4
2310,LCK04TJCJJ,103,2019-03-15,2019-03-21,6
2311,L6TEM0KY99,91,2019-12-03,2019-12-10,7
2312,RFCUW3GN12,391,2019-08-09,2019-08-10,1
2313,XLZM9AXHTO,113,2019-03-06,2019-03-10,4
2314,PUT31F9VYN,291,2019-09-01,2019-09-05,4
2315,0T6GNLX93X,97,2019-11-16,2019-11-17,1
2316,JPE9QUU73B,142,2019-07-25,2019-08-01,7
2317,AY35YVMJ3M,134,2019-10-04,2019-10-11,7
2318,OJZY1CZDS6,362,2019-06-02,2019-06-03,1
2319,O78419C26E,116,2019-01-26,2019-01-30,4
2320,4W62WAWFLT,199,2019-06-23,2019-06-27,4
2321,I96YZP6JDV,289,2019-06-23,2019-06-25,2
2322,86W9YK1G81,71,2019-07-28,2019-08-04,7
2323,BKQ7RIGA8B,367,2019-11-20,2019-11-25,5
2324,IET9XRMM49,291,2019-02-11,2019-02-12,1
2325,7A88VACSZ7,382,2019-08-25,2019-08-30,5
2326,UTWKL2ME7K,329,2019-02-15,2019-02-18,3
2327,5HWN1HTLU5,26,2019-06-25,2019-06-25,0
2328,7JA91UUASF,1,2019-12-16,2019-12-21,5
2329,IDY093MGT7,347,2019-03-04,2019-03-07,3
2330,LIDOPQUSB5,99,2019-06-06,2019-06-06,0
2331,N48P390EOE,134,2019-03-07,2019-03-08,1
2332,3OEY8D3QDX,164,2019-05-16,2019-05-20,4
2333,DVP52HJYIO,280,2019-03-09,2019-03-13,4
2334,XOBPSKQ8RP,204,2019-03-30,2019-03-30,0
2335,M891F2GRIH,297,2019-10-03,2019-10-06,3
2336,O79566CVBH,49,2019-12-12,2019-12-12,0
2337,FXR4ADGG60,405,2019-02-22,2019-02-27,5
2338,FL3TQ6L66E,210,2019-06-10,2019-06-11,1
2339,VLUZD9YMB8,114,2019-03-11,2019-03-16,5
2340,POP0BD4I4X,149,2019-04-06,2019-04-09,3
2341,IOU8Y4S2FU,423,2019-04-20,2019-04-27,7
2342,AJV7U6K6ZE,141,2019-08-06,2019-08-13,7
2343,A6JSH8T45G,222,2019-11-25,2019-12-01,6
2344,1R8IZO3P61,123,2019-05-29,2019-06-04,6
2345,DRFF0M7OIK,105,2019-01-15,2019-01-21,6
2346,5AWYMCVH3Y,357,2019-11-29,2019-12-01,2
2347,BVFGNROQQA,72,2019-12-12,2019-12-15,3
2348,URA9JCTUUU,401,2019-12-28,2019-12-29,1
2349,IIX8KJDJB8,264,2019-07-13,2019-07-20,7
2350,SX5COWRM9R,394,2019-05-29,2019-06-01,3
2351,K7JMKODUD7,114,2019-10-11,2019-10-14,3
2352,SLKLJMLF22,375,2019-11-26,2019-11-28,2
2353,X79VY2M6S1,346,2019-01-02,2019-01-02,0
2354,HD0A53Q6V4,93,2019-12-28,2019-12-30,2
2355,7YRHI8BXIW,171,2019-06-05,2019-06-08,3
2356,SSJ3QINUR8,254,2019-01-22,2019-01-26,4
2357,C359C20Q4M,329,2019-03-14,2019-03-20,6
2358,DAW41D6UDQ,370,2019-05-29,2019-06-01,3
2359,48YJLGRRJN,348,2019-09-10,2019-09-13,3
2360,24TJB4SV5M,326,2019-01-06,2019-01-06,0
2361,LXUS17ZS3O,234,2019-12-18,2019-12-23,5
2362,IHR36W1FO3,318,2019-07-26,2019-07-26,0
2363,DG8GWVO960,40,2019-04-13,2019-04-18,5
2364,LPR2DS4E2L,229,2019-02-23,2019-03-02,7
2365,UR2AP3EZHC,151,2019-12-10,2019-12-10,0
2366,JQZ3K3CF25,4,2019-10-04,2019-10-04,0
2367,3AC77S3K9J,391,2019-09-16,2019-09-17,1
2368,2H6RRGW20Q,360,2019-09-20,2019-09-20,0
2369,VRQYK7KA2R,145,2019-09-24,2019-09-25,1
2370,1DBUNUCYSV,39,2019-10-13,2019-10-19,6
2371,30XXLOCDBV,368,2019-07-10,2019-07-13,3
2372,OV394UZS64,358,2019-12-04,2019-12-04,0
2373,TRS5F6A1G7,104,2019-12-10,2019-12-16,6
2374,2SXHD7MXBE,243,2019-01-03,2019-01-07,4
2375,2Q7JRY29Q9,282,2019-07-02,2019-07-07,5
2376,1LMKXZCPMT,263,2019-03-14,2019-03-19,5
2377,0YBY0BAQAO,292,2019-04-26,2019-04-27,1
2378,B9QLAQGAA6,318,2019-10-06,2019-10-12,6
2379,GUOZ6Y3MBR,256,2019-08-27,2019-08-30,3
2380,Y3TECRCJ73,10,2019-08-22,2019-08-28,6
2381,ZCZA0NMPU5,355,2019-11-21,2019-11-27,6
2382,ERMI1N8168,101,2019-03-19,2019-03-22,3
2383,3R6WSVX1EC,293,2019-11-24,2019-11-29,5
2384,TGYANSOFGU,252,2019-07-22,2019-07-24,2
2385,8E0CBRTGXQ,353,2019-11-28,2019-12-05,7
2386,JSP882QKQR,172,2019-10-12,2019-10-12,0
2387,FCGJVAX0UJ,200,2019-01-22,2019-01-28,6
2388,R4VTKVHJEP,245,2019-01-22,2019-01-27,5
2389,MNYU2KSFO9,343,2019-10-28,2019-11-04,7
2390,3WL58046XM,336,2019-06-28,2019-06-28,0
2391,GKQHF83PCR,58,2019-07-09,2019-07-13,4
2392,NNWOQD7AGO,51,2019-11-06,2019-11-11,5
2393,UIV4XHQB6C,20,2019-11-06,2019-11-07,1
2394,Q1LMTHQEUQ,397,2019-05-25,2019-05-29,4
2395,TKJNCWMABZ,149,2019-11-30,2019-11-30,0
2396,5ZGOEVQ2SI,3,2019-04-26,2019-04-26,0
2397,RT79GVI7GI,71,2019-12-16,2019-12-23,7
2398,KS0NXSH4X7,223,2019-10-14,2019-10-19,5
2399,J4NGTGQ1UP,64,2019-04-29,2019-04-30,1
2400,ULC9Z147QV,365,2019-10-06,2019-10-12,6
2401,XLC59Y8ACB,82,2019-09-06,2019-09-09,3
2402,TUY6E0AYC0,356,2019-04-24,2019-04-26,2
2403,X8532ZDN9D,205,2019-12-16,2019-12-19,3
2404,OQRJ8RWUU9,391,2019-08-31,2019-09-07,7
2405,B9ZQV827H0,184,2019-04-12,2019-04-15,3
2406,GWPWIRPQ7Z,308,2019-02-01,2019-02-04,3
2407,9POR45C7Z0,292,2019-12-27,2019-12-30,3
2408,GE9PNOMESB,109,2019-01-29,2019-01-29,0
2409,UR9CZ55O70,203,2019-01-14,2019-01-16,2
2410,N3KEJFKV4V,317,2019-12-02,2019-12-02,0
2411,G1MNDMC5MM,230,2019-06-15,2019-06-21,6
2412,GKVC5I4PCZ,304,2019-11-09,2019-11-11,2
2413,PYZXNFRSL7,369,2019-08-23,2019-08-28,5
2414,GCVTP4G4SJ,57,2019-03-02,2019-03-02,0
2415,SZ2LH4CA7T,421,2019-11-11,2019-11-16,5
2416,SIGC9M6WRQ,375,2019-12-26,2019-12-29,3
2417,72NUY55NGC,294,2019-11-18,2019-11-20,2
2418,V6L05ZYAB6,412,2019-11-12,2019-11-14,2
2419,FK3TSGW1W1,359,2019-10-22,2019-10-27,5
2420,TQH5MQ873S,145,2019-09-03,2019-09-07,4
2421,GXVP6Z6O8Q,206,2019-08-16,2019-08-18,2
2422,G7WGD1NFBZ,214,2019-03-01,2019-03-04,3
2423,LM1WSWCEZF,406,2019-10-15,2019-10-19,4
2424,MVKRTO2TOD,275,2019-06-10,2019-06-15,5
2425,PPRQ8D6LFH,226,2019-11-12,2019-11-14,2
2426,IJHRNN7VR7,367,2019-08-20,2019-08-22,2
2427,X3IPN2GUZA,76,2019-03-17,2019-03-19,2
2428,0JMM2OQU5G,76,2019-07-22,2019-07-27,5
2429,6JNB28AOQJ,327,2019-06-30,2019-07-05,5
2430,85AW8IO4QS,35,2019-01-22,2019-01-27,5
2431,IRN7GU6NZS,359,2019-04-27,2019-04-28,1
2432,WP5U7739R9,62,2019-05-25,2019-05-28,3
2433,4LTUCFA6QA,238,2019-05-31,2019-05-31,0
2434,YJTV5VCR5W,336,2019-05-15,2019-05-20,5
2435,VXC32T3LIG,68,2019-03-11,2019-03-18,7
2436,RLPQQ86005,275,2019-08-27,2019-08-31,4
2437,I0CBNTWSJO,123,2019-02-14,2019-02-15,1
2438,84G7QHDBR3,339,2019-12-21,2019-12-28,7
2439,EQWC29F9CU,24,2019-08-31,2019-08-31,0
2440,WEX1A4DJL2,91,2019-07-06,2019-07-10,4
2441,CTGG8FR7FA,319,2019-10-21,2019-10-22,1
2442,DEV2NMK4I5,306,2019-11-07,2019-11-11,4
2443,T1LK8YOIQ9,206,2019-10-30,2019-11-04,5
2444,XX2TK1K51F,49,2019-05-15,2019-05-18,3
2445,6LDDPCP1LK,425,2019-08-25,2019-08-28,3
2446,ZVD96ZHMW5,381,2019-04-20,2019-04-22,2
2447,EPU7BT3PL4,269,2019-12-13,2019-12-20,7
2448,BK0SAU4EAM,398,2019-05-15,2019-05-18,3
2449,P9QUJP5NTK,43,2019-06-09,2019-06-15,6
2450,HUF2S4I4T0,433,2019-10-08,2019-10-10,2
2451,RJKLM676CT,82,2019-12-03,2019-12-04,1
2452,9Z1G8IUG4Z,210,2019-09-22,2019-09-29,7
2453,RYONCNGIM9,392,2019-06-20,2019-06-25,5
2454,OWULJBB7CU,313,2019-07-04,2019-07-05,1
2455,YHUG2VDLJQ,115,2019-02-17,2019-02-24,7
2456,31IXVI56V7,129,2019-01-14,2019-01-15,1
2457,ZSAGW8MJAZ,185,2019-02-16,2019-02-21,5
2458,WH2C3V6ZUS,147,2019-02-13,2019-02-14,1
2459,KT3JY0P8JL,396,2019-11-08,2019-11-15,7
2460,CGEZKMVCAK,36,2019-08-10,2019-08-15,5
2461,HUFTG848DZ,175,2019-12-26,2020-01-01,6
2462,6Y7F7ECMVO,106,2019-08-02,2019-08-06,4
2463,4T8NI2MPDA,428,2019-03-10,2019-03-10,0
2464,O1FYQ8N4DE,80,2019-12-10,2019-12-17,7
2465,WOOJKLU5QY,244,2019-02-22,2019-02-24,2
2466,I7UDAJNE13,301,2019-07-11,2019-07-15,4
2467,W982CCSE77,355,2019-02-26,2019-03-04,6
2468,8H90C600RS,122,2019-02-01,2019-02-08,7
2469,7ICB7VSHD7,212,2019-05-30,2019-05-31,1
2470,BE0YYFHCWE,269,2019-08-29,2019-08-29,0
2471,AYM34EL3R4,100,2019-05-01,2019-05-06,5
2472,FGQ8OV7V49,259,2019-01-14,2019-01-17,3
2473,HS1EMF6Y29,135,2019-03-13,2019-03-14,1
2474,OOBUKS16Y3,239,2019-03-26,2019-04-02,7
2475,SFQCTJ8C4Y,154,2019-06-15,2019-06-19,4
2476,X15R4RS8W8,108,2019-04-05,2019-04-06,1
2477,M0NF4W3C4K,158,2019-10-08,2019-10-10,2
2478,UTWYJSCUSX,364,2019-06-04,2019-06-09,5
2479,7IHYUTGR9A,114,2019-04-12,2019-04-18,6
2480,M401VZD0OI,8,2019-11-13,2019-11-13,0
2481,XLNX3AR4Y7,177,2019-03-07,2019-03-13,6
2482,UC4AVQ8RLF,2,2019-03-20,2019-03-20,0
2483,UB3OM08X59,415,2019-06-18,2019-06-20,2
2484,PPYUM1C5WN,78,2019-01-04,2019-01-08,4
2485,HO0RJHJH4Z,234,2019-02-03,2019-02-04,1
2486,HMBPN2T8GF,230,2019-02-12,2019-02-17,5
2487,NJ8UB6Y4ZR,204,2019-05-21,2019-05-24,3
2488,1IGZ9YAM4V,113,2019-06-20,2019-06-22,2
2489,NH04HN7WTJ,108,2019-09-06,2019-09-12,6
2490,UW0G75KWD6,58,2019-02-17,2019-02-20,3
2491,8WQKCQVK6I,245,2019-09-05,2019-09-12,7
2492,0VC7NU68TC,370,2019-01-27,2019-01-27,0
2493,TZ8AY4XUTU,189,2019-12-21,2019-12-21,0
2494,TZCDVG5LPU,328,2019-05-28,2019-06-02,5
2495,PXQV9GNTNA,200,2019-08-12,2019-08-15,3
2496,QZUPXU2L32,417,2019-07-03,2019-07-04,1
2497,URFYVITL1O,202,2019-08-15,2019-08-21,6
2498,T9PGAS8TLO,244,2019-05-02,2019-05-08,6
2499,ID7N0WJ0QT,331,2019-09-14,2019-09-15,1
2500,K3FKQNXQ9S,344,2019-03-09,2019-03-09,0
2501,D8TXHYP8E8,308,2019-06-19,2019-06-20,1
2502,FMI2DXNH6N,388,2019-11-19,2019-11-21,2
2503,MN30EQ8THE,234,2019-01-29,2019-02-02,4
2504,G79K3ZT4ZE,116,2019-06-27,2019-06-29,2
2505,NRVST3QEHQ,253,2019-09-01,2019-09-08,7
2506,NF57UVB1DE,290,2019-01-04,2019-01-07,3
2507,C7HQ7NS33K,166,2019-06-26,2019-06-27,1
2508,0D3SPONIJK,299,2019-04-14,2019-04-17,3
2509,NZ64RC3EH9,360,2019-05-21,2019-05-28,7
2510,41EGY110GP,127,2019-01-18,2019-01-19,1
2511,MC0PPQXOLN,186,2019-06-22,2019-06-26,4
2512,8R579NNLLJ,177,2019-02-01,2019-02-07,6
2513,Q7M2EYO0CZ,197,2019-08-11,2019-08-14,3
2514,0UFINBQ9LQ,185,2019-01-12,2019-01-18,6
2515,KMHUS7MV8F,103,2019-12-12,2019-12-13,1
2516,GB9UTZEM9C,67,2019-05-12,2019-05-16,4
2517,YKJAE4XVMO,413,2019-07-31,2019-08-06,6
2518,8AR4R5QQSW,87,2019-09-05,2019-09-07,2
2519,9GWZ9J1ZQU,332,2019-11-26,2019-12-02,6
2520,0SXPLWBSWG,172,2019-11-20,2019-11-22,2
2521,CLKWD6J9PL,56,2019-01-05,2019-01-08,3
2522,NXHXMEMCGS,199,2019-12-02,2019-12-09,7
2523,67P4BMPNDI,374,2019-01-14,2019-01-19,5
2524,3CCYEDMYVF,230,2019-08-23,2019-08-30,7
2525,F1PALCBZCS,278,2019-11-28,2019-12-02,4
2526,LCRDQWTHBZ,182,2019-02-15,2019-02-19,4
2527,27VMX6ARKC,333,2019-02-21,2019-02-28,7
2528,FA84KD59WB,153,2019-02-24,2019-03-01,5
2529,S9MV74AG0W,151,2019-05-19,2019-05-21,2
2530,U7DL0NJRG7,20,2019-04-06,2019-04-06,0
2531,PFLJYXCCZ9,64,2019-02-04,2019-02-08,4
2532,3PW6S45WRW,391,2019-04-04,2019-04-09,5
2533,CDMDSSBB53,147,2019-06-01,2019-06-03,2
2534,NVRB9LYZEK,11,2019-01-09,2019-01-16,7
2535,9NLLDDMXC9,362,2019-06-15,2019-06-20,5
2536,BC23QL9PT6,398,2019-03-27,2019-04-01,5
2537,OP48VFYEKU,430,2019-04-11,2019-04-14,3
2538,SYTSCSH58V,52,2019-09-22,2019-09-25,3
2539,1AUZCZKMY6,23,2019-09-17,2019-09-18,1
2540,BPEUPES40Y,199,2019-09-16,2019-09-19,3
2541,6O8AGZRT2N,258,2019-06-24,2019-06-25,1
2542,AONR0Q8U3T,389,2019-06-19,2019-06-21,2
2543,FPLUNXZQGL,47,2019-04-10,2019-04-14,4
2544,V933JLQRQF,227,2019-06-27,2019-07-03,6
2545,97E1H1KXHC,343,2019-11-07,2019-11-08,1
2546,8HQH879RWZ,258,2019-09-29,2019-10-05,6
2547,SSZLMMTUJA,429,2019-02-24,2019-02-28,4
2548,DKT7BWU8PF,246,2019-02-15,2019-02-21,6
2549,QCM3F7HVAG,228,2019-02-19,2019-02-20,1
2550,U34M296A77,279,2019-07-06,2019-07-06,0
2551,26LK77FZPD,242,2019-02-12,2019-02-14,2
2552,LFT3HDHXQS,342,2019-03-23,2019-03-30,7
2553,YSE26W14XB,335,2019-06-25,2019-06-27,2
2554,K5C9SUYASG,212,2019-04-18,2019-04-20,2
2555,5K478FVG19,72,2019-05-03,2019-05-05,2
2556,3XRTV7REJ4,238,2019-09-04,2019-09-08,4
2557,BK0PN92CP7,233,2019-09-23,2019-09-24,1
2558,6NALGS4XOM,192,2019-11-11,2019-11-16,5
2559,KH2F1WZSR0,363,2019-01-14,2019-01-20,6
2560,PH1JZPM8IW,185,2019-03-08,2019-03-12,4
2561,GU3PIZ2BU4,177,2019-03-11,2019-03-13,2
2562,BOS7ZPITEN,187,2019-12-19,2019-12-22,3
2563,NTDAHG15AS,184,2019-08-08,2019-08-15,7
2564,Z08XA7BQRT,126,2019-11-28,2019-11-29,1
2565,3YKZ6PGJ4P,171,2019-08-17,2019-08-23,6
2566,Y0WEJ0NY8H,214,2019-02-18,2019-02-23,5
2567,EC5XYWG6A3,272,2019-04-03,2019-04-03,0
2568,52FY7YNFYN,310,2019-11-01,2019-11-03,2
2569,H2CW42RUZI,167,2019-03-05,2019-03-12,7
2570,TNGGET8Q77,209,2019-03-07,2019-03-07,0
2571,ZNRV7IPMX9,425,2019-07-04,2019-07-10,6
2572,9SK9WNATSD,225,2019-06-29,2019-07-05,6
2573,HVWZ2I60VW,183,2019-10-11,2019-10-17,6
2574,QVP1L7NC2E,274,2019-04-07,2019-04-07,0
2575,EXJKQ4EAH4,131,2019-07-02,2019-07-06,4
2576,Q61AJ0MZP1,25,2019-09-25,2019-09-27,2
2577,LC3A9YF13K,320,2019-11-01,2019-11-05,4
2578,3LKLL444LD,187,2019-07-21,2019-07-26,5
2579,3360E41CUB,186,2019-05-15,2019-05-18,3
2580,43W0EV1ASV,295,2019-04-08,2019-04-14,6
2581,KXNLKUPK5Q,378,2019-04-25,2019-04-26,1
2582,TGYWRY6S5Q,99,2019-10-07,2019-10-12,5
2583,KHCBX3B4YF,245,2019-05-24,2019-05-31,7
2584,J4IYZZTL21,12,2019-09-28,2019-10-02,4
2585,X9989XIS9K,406,2019-09-03,2019-09-08,5
2586,KGN3BHDN5M,47,2019-05-31,2019-06-05,5
2587,YOYQPMJO6U,87,2019-07-21,2019-07-26,5
2588,TNT0CZV92G,174,2019-02-13,2019-02-15,2
2589,UWFNNWHQB5,128,2019-08-20,2019-08-26,6
2590,ION6UXFVLS,114,2019-11-26,2019-11-28,2
2591,7JE6APPPJ7,157,2019-02-01,2019-02-06,5
2592,WRNJNQ3G5D,381,2019-05-26,2019-05-26,0
2593,YEK9SYJ4OE,125,2019-11-28,2019-12-04,6
2594,XT4M78FWLP,315,2019-06-26,2019-07-02,6
2595,QKMKE92TEP,394,2019-08-19,2019-08-26,7
2596,D1OWI07HVN,139,2019-08-04,2019-08-07,3
2597,3UY7RJHQ8H,295,2019-01-04,2019-01-04,0
2598,DM0YMCCV5Y,205,2019-06-01,2019-06-08,7
2599,KNE7JFUTPL,6,2019-09-07,2019-09-12,5
2600,KK79QDZWS2,164,2019-04-26,2019-04-28,2
2601,T2DK6VD4PY,427,2019-03-09,2019-03-10,1
2602,WFU562QOF2,237,2019-11-11,2019-11-14,3
2603,03NNIKG62S,414,2019-11-11,2019-11-18,7
2604,KE5Q0M95NG,428,2019-03-12,2019-03-15,3
2605,BURTPAEOD5,77,2019-05-21,2019-05-21,0
2606,MU11A12IA5,358,2019-05-18,2019-05-21,3
2607,URPK4O0VM0,134,2019-09-25,2019-09-27,2
2608,379R7Q3OT0,406,2019-10-31,2019-11-07,7
2609,7PFYUN5IW7,79,2019-03-20,2019-03-20,0
2610,W38RNO2AM8,184,2019-08-01,2019-08-03,2
2611,H4THSUYBDB,183,2019-01-12,2019-01-18,6
2612,W7B8WEOVWX,194,2019-02-03,2019-02-09,6
2613,5X04XBT4H5,129,2019-09-13,2019-09-17,4
2614,F44A1LAE9E,13,2019-02-22,2019-02-25,3
2615,MKHEPLN4GP,206,2019-01-06,2019-01-13,7
2616,4G5L12R5SE,288,2019-06-18,2019-06-24,6
2617,996ZWLP16A,353,2019-10-14,2019-10-17,3
2618,9ADQND47MT,174,2019-02-16,2019-02-17,1
2619,C5MAJ12JYV,256,2019-10-04,2019-10-04,0
2620,79PYXVTC2N,181,2019-02-24,2019-02-24,0
2621,5SZJGRIY1Y,148,2019-01-25,2019-01-30,5
2622,PWTWF176Y7,319,2019-12-15,2019-12-21,6
2623,3BBR1RGIN3,353,2019-11-27,2019-12-02,5
2624,TK4M3HR9FB,115,2019-06-14,2019-06-16,2
2625,ONHMG8O3LC,146,2019-06-20,2019-06-21,1
2626,99AICZM8PF,186,2019-07-06,2019-07-06,0
2627,LG9TM6MON5,364,2019-07-11,2019-07-14,3
2628,1X6MTQZB5S,224,2019-04-03,2019-04-05,2
2629,EEGZ5NAOSO,247,2019-07-12,2019-07-16,4
2630,NTANH92N5U,152,2019-02-02,2019-02-07,5
2631,45YRDHIVFT,308,2019-07-08,2019-07-08,0
2632,TRSOTTRLVR,413,2019-03-15,2019-03-19,4
2633,NC54NWNPHY,283,2019-05-28,2019-05-29,1
2634,Y6A0ADYY77,182,2019-06-10,2019-06-16,6
2635,459ARQM2J8,83,2019-07-31,2019-08-07,7
2636,ZZNAXGIPYL,215,2019-01-03,2019-01-04,1
2637,7NFP000H4N,131,2019-12-01,2019-12-01,0
2638,WDP6HGQZI8,414,2019-04-19,2019-04-22,3
2639,7O8JNFGBF3,220,2019-06-22,2019-06-25,3
2640,6U88NV4NEW,27,2019-04-30,2019-05-03,3
2641,9YY2QZOKIP,64,2019-06-11,2019-06-14,3
2642,SEW6HPHKCT,34,2019-04-09,2019-04-10,1
2643,BNQ0COSOXD,276,2019-03-22,2019-03-27,5
2644,RMZVWHRBDU,304,2019-04-20,2019-04-22,2
2645,EYNDS7LREA,394,2019-07-31,2019-08-01,1
2646,BF73H3BOBK,417,2019-05-05,2019-05-11,6
2647,YKNFHJRTII,343,2019-08-02,2019-08-03,1
2648,OD6F8O9553,169,2019-06-12,2019-06-15,3
2649,0Y021U5QE9,51,2019-11-07,2019-11-10,3
2650,7BC6A64REH,235,2019-01-14,2019-01-14,0
2651,GHRFXUVCI4,113,2019-09-23,2019-09-26,3
2652,4P4T99TESP,343,2019-12-31,2020-01-06,6
2653,GJ56S1Y89L,82,2019-09-17,2019-09-18,1
2654,70499LNHG6,204,2019-03-17,2019-03-21,4
2655,4UVY17OSDC,88,2019-07-06,2019-07-11,5
2656,PB8XEHL2MP,15,2019-07-31,2019-08-04,4
2657,VA85N7V5H2,82,2019-12-14,2019-12-18,4
2658,4QIMLHNDVH,300,2019-04-21,2019-04-27,6
2659,O4TDXQPRC0,267,2019-10-06,2019-10-06,0
2660,Y2JCJ4O6S5,146,2019-05-24,2019-05-26,2
2661,9BEP39100F,194,2019-05-13,2019-05-15,2
2662,AJ4XITY2SV,139,2019-03-20,2019-03-24,4
2663,3CM5WRIHCJ,241,2019-02-25,2019-03-03,6
2664,JHHGSO1G3F,289,2019-06-30,2019-07-02,2
2665,6NPV5X5KPX,276,2019-04-15,2019-04-20,5
2666,RKILAMETMK,125,2019-01-23,2019-01-27,4
2667,4MKW6LQQ7C,428,2019-08-23,2019-08-28,5
2668,S5XDKK2QT8,67,2019-05-21,2019-05-28,7
2669,ZRNI6FFUOZ,301,2019-03-11,2019-03-16,5
2670,CMRXQ58REY,357,2019-07-03,2019-07-03,0
2671,Y6867J4AK6,72,2019-05-13,2019-05-15,2
2672,5Z9P64KJZ1,10,2019-12-19,2019-12-21,2
2673,GFR1EWTDKU,71,2019-09-21,2019-09-27,6
2674,Z6KQNBLXBI,202,2019-03-10,2019-03-15,5
2675,71NZ1IMMHD,429,2019-02-18,2019-02-19,1
2676,NBGLEA8A07,313,2019-06-19,2019-06-24,5
2677,HTIACWUIHM,184,2019-12-03,2019-12-03,0
2678,IDJRALNNMV,424,2019-12-07,2019-12-08,1
2679,MZLNCKP35D,283,2019-01-06,2019-01-08,2
2680,9OVEMZ6Q7G,116,2019-11-02,2019-11-03,1
2681,C4NL2CJTDI,397,2019-06-29,2019-07-06,7
2682,VWU4DSZEZS,277,2019-06-20,2019-06-24,4
2683,ZI637OKK8A,210,2019-11-21,2019-11-21,0
2684,SAXOUBUYSX,320,2019-03-14,2019-03-21,7
2685,2FHCUTGBVM,84,2019-05-26,2019-05-27,1
2686,KLTLXZQ2ZV,105,2019-04-18,2019-04-24,6
2687,6LI3UO6DVE,420,2019-08-15,2019-08-16,1
2688,69TDY3EPGN,46,2019-04-02,2019-04-04,2
2689,MDZL2R3HLD,165,2019-08-22,2019-08-27,5
2690,VP64LL3U5Q,35,2019-10-01,2019-10-06,5
2691,6XX9OL2HVS,420,2019-06-16,2019-06-22,6
2692,1YKLLJPAQM,36,2019-01-03,2019-01-05,2
2693,3MSJIMAWSP,310,2019-01-22,2019-01-25,3
2694,DKJTQ8BHIV,138,2019-12-03,2019-12-07,4
2695,8XAGTLJXRA,59,2019-06-03,2019-06-10,7
2696,KLJ0F8X8X0,257,2019-02-05,2019-02-05,0
2697,YC6QZSPVLB,338,2019-10-21,2019-10-28,7
2698,FO4OL3QLNL,51,2019-07-11,2019-07-15,4
2699,YB8JTAPC2D,5,2019-01-07,2019-01-13,6
2700,D563QLU3OG,257,2019-01-09,2019-01-15,6
2701,CR4TBYVFHM,145,2019-04-15,2019-04-17,2
2702,9U5T81F7YT,155,2019-03-02,2019-03-06,4
2703,8ROJ59H7W6,375,2019-07-01,2019-07-01,0
2704,SVWEOMP0W2,433,2019-01-17,2019-01-21,4
2705,LMF1YDW5ZK,163,2019-07-19,2019-07-21,2
2706,6ZY2J9960W,4,2019-08-19,2019-08-20,1
2707,QLEBMJQTOO,79,2019-08-20,2019-08-20,0
2708,D3HWC1DZ3H,298,2019-04-24,2019-04-27,3
2709,TK753LOGU0,250,2019-09-26,2019-09-26,0
2710,Q50ZWWZSDW,286,2019-01-28,2019-02-02,5
2711,9SME0UZIYR,38,2019-07-25,2019-08-01,7
2712,HCJOA90TKH,369,2019-06-20,2019-06-20,0
2713,K5KEVJSUGA,178,2019-11-08,2019-11-13,5
2714,LAMLRDOM7G,214,2019-04-11,2019-04-11,0
2715,I1TW7MH9CS,416,2019-05-24,2019-05-31,7
2716,NOQQZP5WMP,330,2019-05-18,2019-05-22,4
2717,369OF5I4NK,194,2019-06-09,2019-06-16,7
2718,A69BGEU5XN,116,2019-09-12,2019-09-12,0
2719,HBDOMOVOFY,66,2019-12-22,2019-12-27,5
2720,XMV5QCIGJN,410,2019-12-29,2020-01-02,4
2721,YE1UWC7HSY,194,2019-06-12,2019-06-13,1
2722,EMXNMGR5F6,202,2019-11-21,2019-11-26,5
2723,YP8H7Z8LYA,231,2019-04-12,2019-04-17,5
2724,G708GWQMW7,216,2019-08-15,2019-08-17,2
2725,Q5XPPQYAH4,126,2019-06-25,2019-06-25,0
2726,MH2NZD2FQQ,41,2019-09-07,2019-09-12,5
2727,RECF3FPNXA,319,2019-05-26,2019-06-01,6
2728,TMKDDCY68D,40,2019-01-03,2019-01-09,6
2729,WAT2AHSIM6,142,2019-10-22,2019-10-23,1
2730,VJ2TTBKG8A,326,2019-09-14,2019-09-20,6
2731,DYVA7UQAAP,255,2019-08-03,2019-08-03,0
2732,MS6Y87RBJX,257,2019-02-13,2019-02-19,6
2733,HFH6GV9KI2,406,2019-12-14,2019-12-19,5
2734,ZFWV6MBS02,316,2019-11-22,2019-11-23,1
2735,2IBQ9057Z1,378,2019-09-04,2019-09-10,6
2736,YU06DM3ZJR,306,2019-05-04,2019-05-11,7
2737,LWF6U8NBVB,66,2019-02-09,2019-02-11,2
2738,XNV53WKE7A,330,2019-05-18,2019-05-22,4
2739,TXQ5M6JZLU,241,2019-11-01,2019-11-02,1
2740,WX97PEICTA,273,2019-04-24,2019-04-30,6
2741,AT00ZSDTDY,270,2019-11-07,2019-11-09,2
2742,A0OLBFRYTR,8,2019-02-10,2019-02-17,7
2743,4L861M0XS7,79,2019-09-05,2019-09-09,4
2744,GE772VMTGU,198,2019-06-07,2019-06-12,5
2745,6HCJEJPTOD,123,2019-04-28,2019-05-01,3
2746,1SVFQ9WBXE,174,2019-05-05,2019-05-07,2
2747,OBWON613RE,347,2019-03-05,2019-03-10,5
2748,E1J01NPN28,155,2019-06-16,2019-06-21,5
2749,MLMVLRUZGD,239,2019-09-13,2019-09-20,7
2750,G4F5G8K6R9,201,2019-03-12,2019-03-16,4
2751,WSZUDVB1SR,21,2019-11-07,2019-11-14,7
2752,6FNW23B3F0,235,2019-02-15,2019-02-21,6
2753,0LOEQ732RV,227,2019-04-04,2019-04-05,1
2754,4C66UUV684,169,2019-11-20,2019-11-27,7
2755,MVY8XXCUT1,431,2019-07-09,2019-07-09,0
2756,J1NTHBD775,424,2019-04-08,2019-04-14,6
2757,QVJ1AVB692,24,2019-11-25,2019-11-28,3
2758,BAR7L89A4Q,333,2019-02-11,2019-02-11,0
2759,14J19PPLBS,431,2019-05-04,2019-05-05,1
2760,YB586VK2F6,32,2019-11-22,2019-11-29,7
2761,4YG1REE04T,119,2019-06-06,2019-06-07,1
2762,12JH3IHYCU,186,2019-04-22,2019-04-22,0
2763,1LJDW4VNG2,408,2019-06-07,2019-06-09,2
2764,KGNPFJ77EE,251,2019-06-08,2019-06-11,3
2765,B576RXWWA1,73,2019-08-06,2019-08-13,7
2766,BW5BDGQ6Q8,345,2019-12-14,2019-12-15,1
2767,XRA226ND2N,370,2019-11-09,2019-11-14,5
2768,HO8LKALJZP,310,2019-03-16,2019-03-23,7
2769,QDID3XX2C7,398,2019-04-19,2019-04-21,2
2770,FKH5P7V66T,330,2019-03-15,2019-03-16,1
2771,FRPGBRV0XR,235,2019-10-25,2019-10-27,2
2772,5J9QPCODSU,6,2019-04-09,2019-04-11,2
2773,NYKTWGG3QU,102,2019-07-06,2019-07-07,1
2774,C8GKF3DRJG,430,2019-07-03,2019-07-04,1
2775,TRNBARQ9QC,232,2019-06-07,2019-06-08,1
2776,ZCHPKK4OVJ,333,2019-07-10,2019-07-17,7
2777,9OMXIVVRRR,376,2019-05-02,2019-05-06,4
2778,UB8T006TJ7,406,2019-10-19,2019-10-25,6
2779,TTZW2NOHTF,409,2019-12-29,2019-12-31,2
2780,7K6YI3TO99,381,2019-10-09,2019-10-14,5
2781,DABZ5PMRPM,28,2019-05-17,2019-05-20,3
2782,PBDWFLOLXF,216,2019-05-29,2019-05-31,2
2783,5Z11IVGMSS,133,2019-09-15,2019-09-21,6
2784,F5Q2ONKM5X,258,2019-12-06,2019-12-12,6
2785,CQCOI41WMV,199,2019-11-25,2019-11-28,3
2786,R5D4AN2QGD,396,2019-11-15,2019-11-16,1
2787,VBRGRWXXYS,347,2019-01-09,2019-01-09,0
2788,T74Y1Y7G9U,406,2019-09-26,2019-09-30,4
2789,VU17U5U447,188,2019-06-08,2019-06-13,5
2790,NW1R6SRDKZ,422,2019-08-10,2019-08-16,6
2791,VL041CI5SA,409,2019-04-14,2019-04-15,1
2792,35SYT9D0CU,77,2019-07-05,2019-07-09,4
2793,OF2TTW8Z8T,265,2019-08-22,2019-08-26,4
2794,GEFF6Y4NIB,401,2019-06-13,2019-06-16,3
2795,YP4TUVB6WZ,366,2019-02-05,2019-02-06,1
2796,8MZ00YEER7,82,2019-08-25,2019-08-31,6
2797,C0R55ABLBX,92,2019-11-20,2019-11-22,2
2798,S0543455V9,290,2019-04-13,2019-04-17,4
2799,VVEATMPZ4D,259,2019-02-17,2019-02-22,5
2800,JUWRG16B4X,375,2019-02-27,2019-03-05,6
2801,QW3W0XQFR2,85,2019-01-04,2019-01-06,2
2802,SQ9JSVA8YL,389,2019-09-27,2019-10-01,4
2803,JO0HCVTIP3,225,2019-06-10,2019-06-16,6
2804,B9Q0JIEHEZ,426,2019-02-14,2019-02-21,7
2805,68B6EV7MBH,336,2019-05-06,2019-05-12,6
2806,5G3FYPWF4S,344,2019-02-11,2019-02-12,1
2807,SGGEI8O8DC,8,2019-01-11,2019-01-14,3
2808,USMPSOB66C,303,2019-06-08,2019-06-10,2
2809,RZI1WBDLXA,339,2019-03-22,2019-03-25,3
2810,6YJ6105FW2,69,2019-09-14,2019-09-16,2
2811,5RJKKV0Z6N,51,2019-12-12,2019-12-17,5
2812,BEQ26QIYAN,163,2019-07-05,2019-07-10,5
2813,QGZGCFK8XR,280,2019-01-01,2019-01-04,3
2814,0UFVP80S3M,391,2019-12-31,2020-01-02,2
2815,R6GIR5YAER,125,2019-04-14,2019-04-19,5
2816,8SFBW11273,212,2019-06-26,2019-07-01,5
2817,LS1RA7IIP1,324,2019-02-04,2019-02-06,2
2818,27PB4TCCGV,183,2019-09-14,2019-09-16,2
2819,MD0UH1599W,23,2019-12-19,2019-12-23,4
2820,XATYR76RCI,111,2019-09-11,2019-09-18,7
2821,T21C37AMD5,432,2019-09-18,2019-09-21,3
2822,6NGDOKOXY5,326,2019-08-25,2019-08-31,6
2823,CR05CE6RCZ,224,2019-08-19,2019-08-26,7
2824,TFJRSLHTRE,58,2019-03-19,2019-03-26,7
2825,VW6FQ5WG04,230,2019-02-09,2019-02-10,1
2826,85Y448MFQG,132,2019-07-12,2019-07-15,3
2827,MRBY2A7UMU,82,2019-08-10,2019-08-12,2
2828,WF48HGWVH2,340,2019-11-17,2019-11-24,7
2829,MJ5MQIW45V,87,2019-04-14,2019-04-15,1
2830,6H4I2HUEFB,209,2019-05-29,2019-05-31,2
2831,ADCJ1XR19Y,22,2019-07-17,2019-07-20,3
2832,RQZ8EP6J4L,31,2019-02-23,2019-02-23,0
2833,HHP8U0A5PF,49,2019-07-27,2019-07-29,2
2834,VWYCHEY3AD,82,2019-11-15,2019-11-21,6
2835,8NFQA49EXF,398,2019-12-27,2019-12-31,4
2836,GDISPAJO0H,377,2019-07-26,2019-07-27,1
2837,LWFFDD1A47,63,2019-10-28,2019-10-28,0
2838,UPL5SSEP5V,321,2019-07-12,2019-07-15,3
2839,PNC732GVIW,312,2019-10-28,2019-11-03,6
2840,LVNLCWVSSO,370,2019-05-04,2019-05-11,7
2841,WXYAKNV24H,119,2019-09-17,2019-09-19,2
2842,BOPHNWE3KU,76,2019-02-18,2019-02-23,5
2843,5DFBWX5JEU,147,2019-01-08,2019-01-11,3
2844,6S9IVJF504,91,2019-06-14,2019-06-14,0
2845,CKJCJO9Y69,295,2019-02-15,2019-02-19,4
2846,O77JEXGGG4,278,2019-09-04,2019-09-06,2
2847,MVQE0DGB00,128,2019-03-13,2019-03-18,5
2848,1M36EP9IO0,17,2019-05-31,2019-06-06,6
2849,BPY2X1PA00,79,2019-12-11,2019-12-15,4
2850,6UNTR4MDX5,66,2019-11-13,2019-11-16,3
2851,JW40NTTFWA,404,2019-05-07,2019-05-11,4
2852,SEPAMSQ884,222,2019-07-09,2019-07-14,5
2853,LY3QXKMBFD,246,2019-12-24,2019-12-27,3
2854,PRLXVW6ON9,55,2019-02-10,2019-02-11,1
2855,5BZFOR9ZHQ,30,2019-05-22,2019-05-25,3
2856,Q9EJI2LX7T,37,2019-12-01,2019-12-06,5
2857,M0OJL2N0JA,216,2019-12-24,2019-12-26,2
2858,S2QB0SUVTE,167,2019-01-31,2019-02-07,7
2859,QWUU4828PK,52,2019-11-26,2019-11-27,1
2860,Y3EZLPXI5X,215,2019-06-27,2019-06-27,0
2861,WRIDQUP4IA,248,2019-10-10,2019-10-15,5
2862,ZT8JFKLCH9,395,2019-12-22,2019-12-27,5
2863,GGI2DKE5DI,192,2019-02-14,2019-02-14,0
2864,EZZINK9OEE,306,2019-12-14,2019-12-19,5
2865,HWXTT09S8C,375,2019-10-06,2019-10-11,5
2866,BJSYWHP1EU,222,2019-03-22,2019-03-23,1
2867,T1AW34ZWFZ,101,2019-03-07,2019-03-08,1
2868,T1OBCQP1PE,256,2019-03-29,2019-03-30,1
2869,BUS6X97DSC,390,2019-02-28,2019-03-06,6
2870,4OXYYEIGC2,166,2019-02-27,2019-03-02,3
2871,0UHXU6A0EE,216,2019-10-21,2019-10-25,4
2872,JI252T6CKV,103,2019-04-26,2019-04-26,0
2873,4J5O9V9FWJ,93,2019-10-11,2019-10-11,0
2874,SUMPWGCMMF,245,2019-11-14,2019-11-14,0
2875,TRPQ2ABNBO,385,2019-10-19,2019-10-20,1
2876,ZI0Q4FL7MA,48,2019-08-14,2019-08-15,1
2877,FZEICP7QZQ,235,2019-04-08,2019-04-13,5
2878,KF4TQDHRAI,401,2019-04-23,2019-04-25,2
2879,21FHBJMROF,128,2019-10-20,2019-10-20,0
2880,7AM93BOLZG,108,2019-11-07,2019-11-13,6
2881,MDX7DGFQJR,328,2019-03-19,2019-03-25,6
2882,E7TBLR298B,396,2019-08-20,2019-08-22,2
2883,N8M2BSKMNJ,411,2019-10-23,2019-10-30,7
2884,JWMWX5384X,159,2019-02-11,2019-02-11,0
2885,96RA2YMJOY,107,2019-07-16,2019-07-18,2
2886,43T56M11O7,60,2019-09-21,2019-09-24,3
2887,4BBSHMLQ3Z,196,2019-07-09,2019-07-12,3
2888,TXXV1SOBIQ,230,2019-06-25,2019-06-27,2
2889,KRS1I1B5VZ,366,2019-05-03,2019-05-04,1
2890,IV7D9M4U0Q,366,2019-04-22,2019-04-28,6
2891,77QQ6STO87,111,2019-08-02,2019-08-07,5
2892,Y1BEOAV02E,188,2019-11-07,2019-11-10,3
2893,P409785BI1,101,2019-01-06,2019-01-08,2
2894,4T51E5DQFT,214,2019-07-19,2019-07-26,7
2895,6E1RRC0F4W,307,2019-01-13,2019-01-19,6
2896,5RBBECKAVM,234,2019-01-03,2019-01-09,6
2897,3RP1RN783P,383,2019-09-06,2019-09-06,0
2898,KIBGYZV4HX,403,2019-05-07,2019-05-10,3
2899,AG1W08KWVG,110,2019-10-31,2019-11-07,7
2900,6LPJ9F0XE7,380,2019-06-16,2019-06-17,1
2901,YWVUXV9XZS,348,2019-12-15,2019-12-15,0
2902,YWCZWCR2YI,156,2019-10-04,2019-10-07,3
2903,O98PG3JMNR,233,2019-04-29,2019-05-05,6
2904,0J9F01CYJU,88,2019-11-24,2019-11-26,2
2905,TI8ETPXNA0,269,2019-09-28,2019-09-30,2
2906,OBB7VPE00F,321,2019-01-08,2019-01-14,6
2907,4A35K4ZXCL,11,2019-07-12,2019-07-19,7
2908,URUNO8053M,276,2019-04-20,2019-04-22,2
2909,JJFO4VDQ9X,289,2019-02-03,2019-02-08,5
2910,OBA2LQAXXO,79,2019-12-23,2019-12-27,4
2911,QTKNHXO1Y5,422,2019-09-15,2019-09-20,5
2912,AI4HTGI9DL,282,2019-09-20,2019-09-21,1
2913,IXCVF99T37,218,2019-02-09,2019-02-15,6
2914,JRSYUAVEVI,197,2019-03-15,2019-03-15,0
2915,V7J3JW5NY0,371,2019-08-29,2019-08-29,0
2916,XNEADEZ0GC,402,2019-07-27,2019-07-30,3
2917,P9P2MHYP1C,201,2019-09-22,2019-09-24,2
2918,W1PIHV7VZW,148,2019-01-22,2019-01-23,1
2919,33AXC54ZAR,175,2019-10-04,2019-10-06,2
2920,69XICO8X5N,313,2019-01-23,2019-01-30,7
2921,D8SAOLDQ9V,228,2019-05-08,2019-05-12,4
2922,6492O738O2,188,2019-06-27,2019-07-04,7
2923,V4J9SCZ0JH,236,2019-03-24,2019-03-29,5
2924,6TJIU234IM,154,2019-05-04,2019-05-11,7
2925,GSPP940608,260,2019-10-02,2019-10-08,6
2926,0T1HUTGDKU,124,2019-09-04,2019-09-04,0
2927,X4LFQ5WTJF,90,2019-07-29,2019-07-30,1
2928,HIHAPR6RY1,101,2019-03-19,2019-03-20,1
2929,WMST9X1JB1,215,2019-12-05,2019-12-10,5
2930,Z67IE1VSVT,149,2019-12-04,2019-12-07,3
2931,DX3NAK1EGZ,133,2019-04-03,2019-04-09,6
2932,DS9RMQGZMD,144,2019-02-15,2019-02-19,4
2933,6R9OSICPSA,187,2019-10-24,2019-10-28,4
2934,IAG3V1LUJQ,266,2019-11-04,2019-11-11,7
2935,0HUQ4BE6O7,103,2019-09-11,2019-09-18,7
2936,52VLMKNILS,232,2019-12-14,2019-12-19,5
2937,CTMQSG35FQ,343,2019-02-20,2019-02-22,2
2938,X2S6SHUY8T,389,2019-08-17,2019-08-22,5
2939,5EE6DC67SR,204,2019-05-30,2019-06-04,5
2940,DZDOVYMVJT,317,2019-02-28,2019-03-01,1
2941,F5WUTH3XBG,58,2019-12-02,2019-12-06,4
2942,N1HF7RL61P,114,2019-11-23,2019-11-30,7
2943,IW87K4P65D,321,2019-12-05,2019-12-08,3
2944,GJK09XYT5D,190,2019-11-18,2019-11-23,5
2945,L57BZ2RO4K,136,2019-04-23,2019-04-29,6
2946,IWF4N62353,251,2019-04-23,2019-04-23,0
2947,20SY9T7RKW,289,2019-07-09,2019-07-13,4
2948,Q5GDBMS0KZ,20,2019-12-12,2019-12-16,4
2949,CTTGG61G2H,398,2019-01-26,2019-01-31,5
2950,W2G5M7Y34F,356,2019-12-11,2019-12-15,4
