id, identification, floor, section, location, shelf, column, row, emc
1, 111111, 1, 1, 1, 1, 1, 1, 0
2, 111112, 1, 1, 1, 1, 1, 2, 0
3, 111113, 1, 1, 1, 1, 1, 3, 0
4, 111114, 1, 1, 1, 1, 1, 4, 0
5, 111115, 1, 1, 1, 1, 1, 5, 0
6, 111121, 1, 1, 1, 1, 2, 1, 0
7, 111122, 1, 1, 1, 1, 2, 2, 0
8, 111123, 1, 1, 1, 1, 2, 3, 0
9, 111124, 1, 1, 1, 1, 2, 4, 0
10, 111125, 1, 1, 1, 1, 2, 5, 0
11, 111131, 1, 1, 1, 1, 3, 1, 0
12, 111132, 1, 1, 1, 1, 3, 2, 0
13, 111133, 1, 1, 1, 1, 3, 3, 0
14, 111134, 1, 1, 1, 1, 3, 4, 0
15, 111135, 1, 1, 1, 1, 3, 5, 0
16, 111141, 1, 1, 1, 1, 4, 1, 0
17, 111142, 1, 1, 1, 1, 4, 2, 0
18, 111143, 1, 1, 1, 1, 4, 3, 0
19, 111144, 1, 1, 1, 1, 4, 4, 0
20, 111145, 1, 1, 1, 1, 4, 5, 0
21, 111151, 1, 1, 1, 1, 5, 1, 0
22, 111152, 1, 1, 1, 1, 5, 2, 0
23, 111153, 1, 1, 1, 1, 5, 3, 0
24, 111154, 1, 1, 1, 1, 5, 4, 0
25, 111155, 1, 1, 1, 1, 5, 5, 0
26, 111211, 1, 1, 1, 2, 1, 1, 0
27, 111212, 1, 1, 1, 2, 1, 2, 0
28, 111213, 1, 1, 1, 2, 1, 3, 0
29, 111214, 1, 1, 1, 2, 1, 4, 0
30, 111215, 1, 1, 1, 2, 1, 5, 0
31, 111221, 1, 1, 1, 2, 2, 1, 0
32, 111222, 1, 1, 1, 2, 2, 2, 0
33, 111223, 1, 1, 1, 2, 2, 3, 0
34, 111224, 1, 1, 1, 2, 2, 4, 0
35, 111225, 1, 1, 1, 2, 2, 5, 0
36, 111231, 1, 1, 1, 2, 3, 1, 0
37, 111232, 1, 1, 1, 2, 3, 2, 0
38, 111233, 1, 1, 1, 2, 3, 3, 0
39, 111234, 1, 1, 1, 2, 3, 4, 0
40, 111235, 1, 1, 1, 2, 3, 5, 0
41, 111241, 1, 1, 1, 2, 4, 1, 0
42, 111242, 1, 1, 1, 2, 4, 2, 0
43, 111243, 1, 1, 1, 2, 4, 3, 0
44, 111244, 1, 1, 1, 2, 4, 4, 0
45, 111245, 1, 1, 1, 2, 4, 5, 0
46, 111251, 1, 1, 1, 2, 5, 1, 0
47, 111252, 1, 1, 1, 2, 5, 2, 0
48, 111253, 1, 1, 1, 2, 5, 3, 0
49, 111254, 1, 1, 1, 2, 5, 4, 0
50, 111255, 1, 1, 1, 2, 5, 5, 0
51, 111311, 1, 1, 1, 3, 1, 1, 0
52, 111312, 1, 1, 1, 3, 1, 2, 0
53, 111313, 1, 1, 1, 3, 1, 3, 0
54, 111314, 1, 1, 1, 3, 1, 4, 0
55, 111315, 1, 1, 1, 3, 1, 5, 0
56, 111321, 1, 1, 1, 3, 2, 1, 0
57, 111322, 1, 1, 1, 3, 2, 2, 0
58, 111323, 1, 1, 1, 3, 2, 3, 0
59, 111324, 1, 1, 1, 3, 2, 4, 0
60, 111325, 1, 1, 1, 3, 2, 5, 0
61, 111331, 1, 1, 1, 3, 3, 1, 0
62, 111332, 1, 1, 1, 3, 3, 2, 0
63, 111333, 1, 1, 1, 3, 3, 3, 0
64, 111334, 1, 1, 1, 3, 3, 4, 0
65, 111335, 1, 1, 1, 3, 3, 5, 0
66, 111341, 1, 1, 1, 3, 4, 1, 0
67, 111342, 1, 1, 1, 3, 4, 2, 0
68, 111343, 1, 1, 1, 3, 4, 3, 0
69, 111344, 1, 1, 1, 3, 4, 4, 0
70, 111345, 1, 1, 1, 3, 4, 5, 0
71, 111351, 1, 1, 1, 3, 5, 1, 0
72, 111352, 1, 1, 1, 3, 5, 2, 0
73, 111353, 1, 1, 1, 3, 5, 3, 0
74, 111354, 1, 1, 1, 3, 5, 4, 0
75, 111355, 1, 1, 1, 3, 5, 5, 0
76, 111411, 1, 1, 1, 4, 1, 1, 0
77, 111412, 1, 1, 1, 4, 1, 2, 0
78, 111413, 1, 1, 1, 4, 1, 3, 0
79, 111414, 1, 1, 1, 4, 1, 4, 0
80, 111415, 1, 1, 1, 4, 1, 5, 0
81, 111421, 1, 1, 1, 4, 2, 1, 0
82, 111422, 1, 1, 1, 4, 2, 2, 0
83, 111423, 1, 1, 1, 4, 2, 3, 0
84, 111424, 1, 1, 1, 4, 2, 4, 0
85, 111425, 1, 1, 1, 4, 2, 5, 0
86, 111431, 1, 1, 1, 4, 3, 1, 0
87, 111432, 1, 1, 1, 4, 3, 2, 0
88, 111433, 1, 1, 1, 4, 3, 3, 0
89, 111434, 1, 1, 1, 4, 3, 4, 0
90, 111435, 1, 1, 1, 4, 3, 5, 0
91, 111441, 1, 1, 1, 4, 4, 1, 0
92, 111442, 1, 1, 1, 4, 4, 2, 0
93, 111443, 1, 1, 1, 4, 4, 3, 0
94, 111444, 1, 1, 1, 4, 4, 4, 0
95, 111445, 1, 1, 1, 4, 4, 5, 0
96, 111451, 1, 1, 1, 4, 5, 1, 0
97, 111452, 1, 1, 1, 4, 5, 2, 0
98, 111453, 1, 1, 1, 4, 5, 3, 0
99, 111454, 1, 1, 1, 4, 5, 4, 0
100, 111455, 1, 1, 1, 4, 5, 5, 0
101, 112111, 1, 1, 2, 1, 1, 1, 0
102, 112112, 1, 1, 2, 1, 1, 2, 0
103, 112113, 1, 1, 2, 1, 1, 3, 0
104, 112114, 1, 1, 2, 1, 1, 4, 0
105, 112115, 1, 1, 2, 1, 1, 5, 0
106, 112121, 1, 1, 2, 1, 2, 1, 0
107, 112122, 1, 1, 2, 1, 2, 2, 0
108, 112123, 1, 1, 2, 1, 2, 3, 0
109, 112124, 1, 1, 2, 1, 2, 4, 0
110, 112125, 1, 1, 2, 1, 2, 5, 0
111, 112131, 1, 1, 2, 1, 3, 1, 0
112, 112132, 1, 1, 2, 1, 3, 2, 0
113, 112133, 1, 1, 2, 1, 3, 3, 0
114, 112134, 1, 1, 2, 1, 3, 4, 0
115, 112135, 1, 1, 2, 1, 3, 5, 0
116, 112141, 1, 1, 2, 1, 4, 1, 0
117, 112142, 1, 1, 2, 1, 4, 2, 0
118, 112143, 1, 1, 2, 1, 4, 3, 0
119, 112144, 1, 1, 2, 1, 4, 4, 0
120, 112145, 1, 1, 2, 1, 4, 5, 0
121, 112151, 1, 1, 2, 1, 5, 1, 0
122, 112152, 1, 1, 2, 1, 5, 2, 0
123, 112153, 1, 1, 2, 1, 5, 3, 0
124, 112154, 1, 1, 2, 1, 5, 4, 0
125, 112155, 1, 1, 2, 1, 5, 5, 0
126, 112211, 1, 1, 2, 2, 1, 1, 0
127, 112212, 1, 1, 2, 2, 1, 2, 0
128, 112213, 1, 1, 2, 2, 1, 3, 0
129, 112214, 1, 1, 2, 2, 1, 4, 0
130, 112215, 1, 1, 2, 2, 1, 5, 0
131, 112221, 1, 1, 2, 2, 2, 1, 0
132, 112222, 1, 1, 2, 2, 2, 2, 0
133, 112223, 1, 1, 2, 2, 2, 3, 0
134, 112224, 1, 1, 2, 2, 2, 4, 0
135, 112225, 1, 1, 2, 2, 2, 5, 0
136, 112231, 1, 1, 2, 2, 3, 1, 0
137, 112232, 1, 1, 2, 2, 3, 2, 0
138, 112233, 1, 1, 2, 2, 3, 3, 0
139, 112234, 1, 1, 2, 2, 3, 4, 0
140, 112235, 1, 1, 2, 2, 3, 5, 0
141, 112241, 1, 1, 2, 2, 4, 1, 0
142, 112242, 1, 1, 2, 2, 4, 2, 0
143, 112243, 1, 1, 2, 2, 4, 3, 0
144, 112244, 1, 1, 2, 2, 4, 4, 0
145, 112245, 1, 1, 2, 2, 4, 5, 0
146, 112251, 1, 1, 2, 2, 5, 1, 0
147, 112252, 1, 1, 2, 2, 5, 2, 0
148, 112253, 1, 1, 2, 2, 5, 3, 0
149, 112254, 1, 1, 2, 2, 5, 4, 0
150, 112255, 1, 1, 2, 2, 5, 5, 0
151, 112311, 1, 1, 2, 3, 1, 1, 0
152, 112312, 1, 1, 2, 3, 1, 2, 0
153, 112313, 1, 1, 2, 3, 1, 3, 0
154, 112314, 1, 1, 2, 3, 1, 4, 0
155, 112315, 1, 1, 2, 3, 1, 5, 0
156, 112321, 1, 1, 2, 3, 2, 1, 0
157, 112322, 1, 1, 2, 3, 2, 2, 0
158, 112323, 1, 1, 2, 3, 2, 3, 0
159, 112324, 1, 1, 2, 3, 2, 4, 0
160, 112325, 1, 1, 2, 3, 2, 5, 0
161, 112331, 1, 1, 2, 3, 3, 1, 0
162, 112332, 1, 1, 2, 3, 3, 2, 0
163, 112333, 1, 1, 2, 3, 3, 3, 0
164, 112334, 1, 1, 2, 3, 3, 4, 0
165, 112335, 1, 1, 2, 3, 3, 5, 0
166, 112341, 1, 1, 2, 3, 4, 1, 0
167, 112342, 1, 1, 2, 3, 4, 2, 0
168, 112343, 1, 1, 2, 3, 4, 3, 0
169, 112344, 1, 1, 2, 3, 4, 4, 0
170, 112345, 1, 1, 2, 3, 4, 5, 0
171, 112351, 1, 1, 2, 3, 5, 1, 0
172, 112352, 1, 1, 2, 3, 5, 2, 0
173, 112353, 1, 1, 2, 3, 5, 3, 0
174, 112354, 1, 1, 2, 3, 5, 4, 0
175, 112355, 1, 1, 2, 3, 5, 5, 0
176, 112411, 1, 1, 2, 4, 1, 1, 0
177, 112412, 1, 1, 2, 4, 1, 2, 0
178, 112413, 1, 1, 2, 4, 1, 3, 0
179, 112414, 1, 1, 2, 4, 1, 4, 0
180, 112415, 1, 1, 2, 4, 1, 5, 0
181, 112421, 1, 1, 2, 4, 2, 1, 0
182, 112422, 1, 1, 2, 4, 2, 2, 0
183, 112423, 1, 1, 2, 4, 2, 3, 0
184, 112424, 1, 1, 2, 4, 2, 4, 0
185, 112425, 1, 1, 2, 4, 2, 5, 0
186, 112431, 1, 1, 2, 4, 3, 1, 0
187, 112432, 1, 1, 2, 4, 3, 2, 0
188, 112433, 1, 1, 2, 4, 3, 3, 0
189, 112434, 1, 1, 2, 4, 3, 4, 0
190, 112435, 1, 1, 2, 4, 3, 5, 0
191, 112441, 1, 1, 2, 4, 4, 1, 0
192, 112442, 1, 1, 2, 4, 4, 2, 0
193, 112443, 1, 1, 2, 4, 4, 3, 0
194, 112444, 1, 1, 2, 4, 4, 4, 0
195, 112445, 1, 1, 2, 4, 4, 5, 0
196, 112451, 1, 1, 2, 4, 5, 1, 0
197, 112452, 1, 1, 2, 4, 5, 2, 0
198, 112453, 1, 1, 2, 4, 5, 3, 0
199, 112454, 1, 1, 2, 4, 5, 4, 0
200, 112455, 1, 1, 2, 4, 5, 5, 0
201, 113111, 1, 1, 3, 1, 1, 1, 0
202, 113112, 1, 1, 3, 1, 1, 2, 0
203, 113113, 1, 1, 3, 1, 1, 3, 0
204, 113114, 1, 1, 3, 1, 1, 4, 0
205, 113115, 1, 1, 3, 1, 1, 5, 0
206, 113121, 1, 1, 3, 1, 2, 1, 0
207, 113122, 1, 1, 3, 1, 2, 2, 0
208, 113123, 1, 1, 3, 1, 2, 3, 0
209, 113124, 1, 1, 3, 1, 2, 4, 0
210, 113125, 1, 1, 3, 1, 2, 5, 0
211, 113131, 1, 1, 3, 1, 3, 1, 0
212, 113132, 1, 1, 3, 1, 3, 2, 0
213, 113133, 1, 1, 3, 1, 3, 3, 0
214, 113134, 1, 1, 3, 1, 3, 4, 0
215, 113135, 1, 1, 3, 1, 3, 5, 0
216, 113141, 1, 1, 3, 1, 4, 1, 0
217, 113142, 1, 1, 3, 1, 4, 2, 0
218, 113143, 1, 1, 3, 1, 4, 3, 0
219, 113144, 1, 1, 3, 1, 4, 4, 0
220, 113145, 1, 1, 3, 1, 4, 5, 0
221, 113151, 1, 1, 3, 1, 5, 1, 0
222, 113152, 1, 1, 3, 1, 5, 2, 0
223, 113153, 1, 1, 3, 1, 5, 3, 0
224, 113154, 1, 1, 3, 1, 5, 4, 0
225, 113155, 1, 1, 3, 1, 5, 5, 0
226, 113211, 1, 1, 3, 2, 1, 1, 0
227, 113212, 1, 1, 3, 2, 1, 2, 0
228, 113213, 1, 1, 3, 2, 1, 3, 0
229, 113214, 1, 1, 3, 2, 1, 4, 0
230, 113215, 1, 1, 3, 2, 1, 5, 0
231, 113221, 1, 1, 3, 2, 2, 1, 0
232, 113222, 1, 1, 3, 2, 2, 2, 0
233, 113223, 1, 1, 3, 2, 2, 3, 0
234, 113224, 1, 1, 3, 2, 2, 4, 0
235, 113225, 1, 1, 3, 2, 2, 5, 0
236, 113231, 1, 1, 3, 2, 3, 1, 0
237, 113232, 1, 1, 3, 2, 3, 2, 0
238, 113233, 1, 1, 3, 2, 3, 3, 0
239, 113234, 1, 1, 3, 2, 3, 4, 0
240, 113235, 1, 1, 3, 2, 3, 5, 0
241, 113241, 1, 1, 3, 2, 4, 1, 0
242, 113242, 1, 1, 3, 2, 4, 2, 0
243, 113243, 1, 1, 3, 2, 4, 3, 0
244, 113244, 1, 1, 3, 2, 4, 4, 0
245, 113245, 1, 1, 3, 2, 4, 5, 0
246, 113251, 1, 1, 3, 2, 5, 1, 0
247, 113252, 1, 1, 3, 2, 5, 2, 0
248, 113253, 1, 1, 3, 2, 5, 3, 0
249, 113254, 1, 1, 3, 2, 5, 4, 0
250, 113255, 1, 1, 3, 2, 5, 5, 0
251, 113311, 1, 1, 3, 3, 1, 1, 0
252, 113312, 1, 1, 3, 3, 1, 2, 0
253, 113313, 1, 1, 3, 3, 1, 3, 0
254, 113314, 1, 1, 3, 3, 1, 4, 0
255, 113315, 1, 1, 3, 3, 1, 5, 0
256, 113321, 1, 1, 3, 3, 2, 1, 0
257, 113322, 1, 1, 3, 3, 2, 2, 0
258, 113323, 1, 1, 3, 3, 2, 3, 0
259, 113324, 1, 1, 3, 3, 2, 4, 0
260, 113325, 1, 1, 3, 3, 2, 5, 0
261, 113331, 1, 1, 3, 3, 3, 1, 0
262, 113332, 1, 1, 3, 3, 3, 2, 0
263, 113333, 1, 1, 3, 3, 3, 3, 0
264, 113334, 1, 1, 3, 3, 3, 4, 0
265, 113335, 1, 1, 3, 3, 3, 5, 0
266, 113341, 1, 1, 3, 3, 4, 1, 0
267, 113342, 1, 1, 3, 3, 4, 2, 0
268, 113343, 1, 1, 3, 3, 4, 3, 0
269, 113344, 1, 1, 3, 3, 4, 4, 0
270, 113345, 1, 1, 3, 3, 4, 5, 0
271, 113351, 1, 1, 3, 3, 5, 1, 0
272, 113352, 1, 1, 3, 3, 5, 2, 0
273, 113353, 1, 1, 3, 3, 5, 3, 0
274, 113354, 1, 1, 3, 3, 5, 4, 0
275, 113355, 1, 1, 3, 3, 5, 5, 0
276, 113411, 1, 1, 3, 4, 1, 1, 0
277, 113412, 1, 1, 3, 4, 1, 2, 0
278, 113413, 1, 1, 3, 4, 1, 3, 0
279, 113414, 1, 1, 3, 4, 1, 4, 0
280, 113415, 1, 1, 3, 4, 1, 5, 0
281, 113421, 1, 1, 3, 4, 2, 1, 0
282, 113422, 1, 1, 3, 4, 2, 2, 0
283, 113423, 1, 1, 3, 4, 2, 3, 0
284, 113424, 1, 1, 3, 4, 2, 4, 0
285, 113425, 1, 1, 3, 4, 2, 5, 0
286, 113431, 1, 1, 3, 4, 3, 1, 0
287, 113432, 1, 1, 3, 4, 3, 2, 0
288, 113433, 1, 1, 3, 4, 3, 3, 0
289, 113434, 1, 1, 3, 4, 3, 4, 0
290, 113435, 1, 1, 3, 4, 3, 5, 0
291, 113441, 1, 1, 3, 4, 4, 1, 0
292, 113442, 1, 1, 3, 4, 4, 2, 0
293, 113443, 1, 1, 3, 4, 4, 3, 0
294, 113444, 1, 1, 3, 4, 4, 4, 0
295, 113445, 1, 1, 3, 4, 4, 5, 0
296, 113451, 1, 1, 3, 4, 5, 1, 0
297, 113452, 1, 1, 3, 4, 5, 2, 0
298, 113453, 1, 1, 3, 4, 5, 3, 0
299, 113454, 1, 1, 3, 4, 5, 4, 0
300, 113455, 1, 1, 3, 4, 5, 5, 0
301, 114111, 1, 1, 4, 1, 1, 1, 0
302, 114112, 1, 1, 4, 1, 1, 2, 0
303, 114113, 1, 1, 4, 1, 1, 3, 0
304, 114114, 1, 1, 4, 1, 1, 4, 0
305, 114115, 1, 1, 4, 1, 1, 5, 0
306, 114121, 1, 1, 4, 1, 2, 1, 0
307, 114122, 1, 1, 4, 1, 2, 2, 0
308, 114123, 1, 1, 4, 1, 2, 3, 0
309, 114124, 1, 1, 4, 1, 2, 4, 0
310, 114125, 1, 1, 4, 1, 2, 5, 0
311, 114131, 1, 1, 4, 1, 3, 1, 0
312, 114132, 1, 1, 4, 1, 3, 2, 0
313, 114133, 1, 1, 4, 1, 3, 3, 0
314, 114134, 1, 1, 4, 1, 3, 4, 0
315, 114135, 1, 1, 4, 1, 3, 5, 0
316, 114141, 1, 1, 4, 1, 4, 1, 0
317, 114142, 1, 1, 4, 1, 4, 2, 0
318, 114143, 1, 1, 4, 1, 4, 3, 0
319, 114144, 1, 1, 4, 1, 4, 4, 0
320, 114145, 1, 1, 4, 1, 4, 5, 0
321, 114151, 1, 1, 4, 1, 5, 1, 0
322, 114152, 1, 1, 4, 1, 5, 2, 0
323, 114153, 1, 1, 4, 1, 5, 3, 0
324, 114154, 1, 1, 4, 1, 5, 4, 0
325, 114155, 1, 1, 4, 1, 5, 5, 0
326, 114211, 1, 1, 4, 2, 1, 1, 0
327, 114212, 1, 1, 4, 2, 1, 2, 0
328, 114213, 1, 1, 4, 2, 1, 3, 0
329, 114214, 1, 1, 4, 2, 1, 4, 0
330, 114215, 1, 1, 4, 2, 1, 5, 0
331, 114221, 1, 1, 4, 2, 2, 1, 0
332, 114222, 1, 1, 4, 2, 2, 2, 0
333, 114223, 1, 1, 4, 2, 2, 3, 0
334, 114224, 1, 1, 4, 2, 2, 4, 0
335, 114225, 1, 1, 4, 2, 2, 5, 0
336, 114231, 1, 1, 4, 2, 3, 1, 0
337, 114232, 1, 1, 4, 2, 3, 2, 0
338, 114233, 1, 1, 4, 2, 3, 3, 0
339, 114234, 1, 1, 4, 2, 3, 4, 0
340, 114235, 1, 1, 4, 2, 3, 5, 0
341, 114241, 1, 1, 4, 2, 4, 1, 0
342, 114242, 1, 1, 4, 2, 4, 2, 0
343, 114243, 1, 1, 4, 2, 4, 3, 0
344, 114244, 1, 1, 4, 2, 4, 4, 0
345, 114245, 1, 1, 4, 2, 4, 5, 0
346, 114251, 1, 1, 4, 2, 5, 1, 0
347, 114252, 1, 1, 4, 2, 5, 2, 0
348, 114253, 1, 1, 4, 2, 5, 3, 0
349, 114254, 1, 1, 4, 2, 5, 4, 0
350, 114255, 1, 1, 4, 2, 5, 5, 0
351, 114311, 1, 1, 4, 3, 1, 1, 0
352, 114312, 1, 1, 4, 3, 1, 2, 0
353, 114313, 1, 1, 4, 3, 1, 3, 0
354, 114314, 1, 1, 4, 3, 1, 4, 0
355, 114315, 1, 1, 4, 3, 1, 5, 0
356, 114321, 1, 1, 4, 3, 2, 1, 0
357, 114322, 1, 1, 4, 3, 2, 2, 0
358, 114323, 1, 1, 4, 3, 2, 3, 0
359, 114324, 1, 1, 4, 3, 2, 4, 0
360, 114325, 1, 1, 4, 3, 2, 5, 0
361, 114331, 1, 1, 4, 3, 3, 1, 0
362, 114332, 1, 1, 4, 3, 3, 2, 0
363, 114333, 1, 1, 4, 3, 3, 3, 0
364, 114334, 1, 1, 4, 3, 3, 4, 0
365, 114335, 1, 1, 4, 3, 3, 5, 0
366, 114341, 1, 1, 4, 3, 4, 1, 0
367, 114342, 1, 1, 4, 3, 4, 2, 0
368, 114343, 1, 1, 4, 3, 4, 3, 0
369, 114344, 1, 1, 4, 3, 4, 4, 0
370, 114345, 1, 1, 4, 3, 4, 5, 0
371, 114351, 1, 1, 4, 3, 5, 1, 0
372, 114352, 1, 1, 4, 3, 5, 2, 0
373, 114353, 1, 1, 4, 3, 5, 3, 0
374, 114354, 1, 1, 4, 3, 5, 4, 0
375, 114355, 1, 1, 4, 3, 5, 5, 0
376, 114411, 1, 1, 4, 4, 1, 1, 0
377, 114412, 1, 1, 4, 4, 1, 2, 0
378, 114413, 1, 1, 4, 4, 1, 3, 0
379, 114414, 1, 1, 4, 4, 1, 4, 0
380, 114415, 1, 1, 4, 4, 1, 5, 0
381, 114421, 1, 1, 4, 4, 2, 1, 0
382, 114422, 1, 1, 4, 4, 2, 2, 0
383, 114423, 1, 1, 4, 4, 2, 3, 0
384, 114424, 1, 1, 4, 4, 2, 4, 0
385, 114425, 1, 1, 4, 4, 2, 5, 0
386, 114431, 1, 1, 4, 4, 3, 1, 0
387, 114432, 1, 1, 4, 4, 3, 2, 0
388, 114433, 1, 1, 4, 4, 3, 3, 0
389, 114434, 1, 1, 4, 4, 3, 4, 0
390, 114435, 1, 1, 4, 4, 3, 5, 0
391, 114441, 1, 1, 4, 4, 4, 1, 0
392, 114442, 1, 1, 4, 4, 4, 2, 0
393, 114443, 1, 1, 4, 4, 4, 3, 0
394, 114444, 1, 1, 4, 4, 4, 4, 0
395, 114445, 1, 1, 4, 4, 4, 5, 0
396, 114451, 1, 1, 4, 4, 5, 1, 0
397, 114452, 1, 1, 4, 4, 5, 2, 0
398, 114453, 1, 1, 4, 4, 5, 3, 0
399, 114454, 1, 1, 4, 4, 5, 4, 0
400, 114455, 1, 1, 4, 4, 5, 5, 0
401, 115111, 1, 1, 5, 1, 1, 1, 0
402, 115112, 1, 1, 5, 1, 1, 2, 0
403, 115113, 1, 1, 5, 1, 1, 3, 0
404, 115114, 1, 1, 5, 1, 1, 4, 0
405, 115115, 1, 1, 5, 1, 1, 5, 0
406, 115121, 1, 1, 5, 1, 2, 1, 0
407, 115122, 1, 1, 5, 1, 2, 2, 0
408, 115123, 1, 1, 5, 1, 2, 3, 0
409, 115124, 1, 1, 5, 1, 2, 4, 0
410, 115125, 1, 1, 5, 1, 2, 5, 0
411, 115131, 1, 1, 5, 1, 3, 1, 0
412, 115132, 1, 1, 5, 1, 3, 2, 0
413, 115133, 1, 1, 5, 1, 3, 3, 0
414, 115134, 1, 1, 5, 1, 3, 4, 0
415, 115135, 1, 1, 5, 1, 3, 5, 0
416, 115141, 1, 1, 5, 1, 4, 1, 0
417, 115142, 1, 1, 5, 1, 4, 2, 0
418, 115143, 1, 1, 5, 1, 4, 3, 0
419, 115144, 1, 1, 5, 1, 4, 4, 0
420, 115145, 1, 1, 5, 1, 4, 5, 0
421, 115151, 1, 1, 5, 1, 5, 1, 0
422, 115152, 1, 1, 5, 1, 5, 2, 0
423, 115153, 1, 1, 5, 1, 5, 3, 0
424, 115154, 1, 1, 5, 1, 5, 4, 0
425, 115155, 1, 1, 5, 1, 5, 5, 0
426, 115211, 1, 1, 5, 2, 1, 1, 0
427, 115212, 1, 1, 5, 2, 1, 2, 0
428, 115213, 1, 1, 5, 2, 1, 3, 0
429, 115214, 1, 1, 5, 2, 1, 4, 0
430, 115215, 1, 1, 5, 2, 1, 5, 0
431, 115221, 1, 1, 5, 2, 2, 1, 0
432, 115222, 1, 1, 5, 2, 2, 2, 0
433, 115223, 1, 1, 5, 2, 2, 3, 0
434, 115224, 1, 1, 5, 2, 2, 4, 0
435, 115225, 1, 1, 5, 2, 2, 5, 0
436, 115231, 1, 1, 5, 2, 3, 1, 0
437, 115232, 1, 1, 5, 2, 3, 2, 0
438, 115233, 1, 1, 5, 2, 3, 3, 0
439, 115234, 1, 1, 5, 2, 3, 4, 0
440, 115235, 1, 1, 5, 2, 3, 5, 0
441, 115241, 1, 1, 5, 2, 4, 1, 0
442, 115242, 1, 1, 5, 2, 4, 2, 0
443, 115243, 1, 1, 5, 2, 4, 3, 0
444, 115244, 1, 1, 5, 2, 4, 4, 0
445, 115245, 1, 1, 5, 2, 4, 5, 0
446, 115251, 1, 1, 5, 2, 5, 1, 0
447, 115252, 1, 1, 5, 2, 5, 2, 0
448, 115253, 1, 1, 5, 2, 5, 3, 0
449, 115254, 1, 1, 5, 2, 5, 4, 0
450, 115255, 1, 1, 5, 2, 5, 5, 0
451, 115311, 1, 1, 5, 3, 1, 1, 0
452, 115312, 1, 1, 5, 3, 1, 2, 0
453, 115313, 1, 1, 5, 3, 1, 3, 0
454, 115314, 1, 1, 5, 3, 1, 4, 0
455, 115315, 1, 1, 5, 3, 1, 5, 0
456, 115321, 1, 1, 5, 3, 2, 1, 0
457, 115322, 1, 1, 5, 3, 2, 2, 0
458, 115323, 1, 1, 5, 3, 2, 3, 0
459, 115324, 1, 1, 5, 3, 2, 4, 0
460, 115325, 1, 1, 5, 3, 2, 5, 0
461, 115331, 1, 1, 5, 3, 3, 1, 0
462, 115332, 1, 1, 5, 3, 3, 2, 0
463, 115333, 1, 1, 5, 3, 3, 3, 0
464, 115334, 1, 1, 5, 3, 3, 4, 0
465, 115335, 1, 1, 5, 3, 3, 5, 0
466, 115341, 1, 1, 5, 3, 4, 1, 0
467, 115342, 1, 1, 5, 3, 4, 2, 0
468, 115343, 1, 1, 5, 3, 4, 3, 0
469, 115344, 1, 1, 5, 3, 4, 4, 0
470, 115345, 1, 1, 5, 3, 4, 5, 0
471, 115351, 1, 1, 5, 3, 5, 1, 0
472, 115352, 1, 1, 5, 3, 5, 2, 0
473, 115353, 1, 1, 5, 3, 5, 3, 0
474, 115354, 1, 1, 5, 3, 5, 4, 0
475, 115355, 1, 1, 5, 3, 5, 5, 0
476, 115411, 1, 1, 5, 4, 1, 1, 0
477, 115412, 1, 1, 5, 4, 1, 2, 0
478, 115413, 1, 1, 5, 4, 1, 3, 0
479, 115414, 1, 1, 5, 4, 1, 4, 0
480, 115415, 1, 1, 5, 4, 1, 5, 0
481, 115421, 1, 1, 5, 4, 2, 1, 0
482, 115422, 1, 1, 5, 4, 2, 2, 0
483, 115423, 1, 1, 5, 4, 2, 3, 0
484, 115424, 1, 1, 5, 4, 2, 4, 0
485, 115425, 1, 1, 5, 4, 2, 5, 0
486, 115431, 1, 1, 5, 4, 3, 1, 0
487, 115432, 1, 1, 5, 4, 3, 2, 0
488, 115433, 1, 1, 5, 4, 3, 3, 0
489, 115434, 1, 1, 5, 4, 3, 4, 0
490, 115435, 1, 1, 5, 4, 3, 5, 0
491, 115441, 1, 1, 5, 4, 4, 1, 0
492, 115442, 1, 1, 5, 4, 4, 2, 0
493, 115443, 1, 1, 5, 4, 4, 3, 0
494, 115444, 1, 1, 5, 4, 4, 4, 0
495, 115445, 1, 1, 5, 4, 4, 5, 0
496, 115451, 1, 1, 5, 4, 5, 1, 0
497, 115452, 1, 1, 5, 4, 5, 2, 0
498, 115453, 1, 1, 5, 4, 5, 3, 0
499, 115454, 1, 1, 5, 4, 5, 4, 0
500, 115455, 1, 1, 5, 4, 5, 5, 0
501, 116111, 1, 1, 6, 1, 1, 1, 0
502, 116112, 1, 1, 6, 1, 1, 2, 0
503, 116113, 1, 1, 6, 1, 1, 3, 0
504, 116114, 1, 1, 6, 1, 1, 4, 0
505, 116115, 1, 1, 6, 1, 1, 5, 0
506, 116121, 1, 1, 6, 1, 2, 1, 0
507, 116122, 1, 1, 6, 1, 2, 2, 0
508, 116123, 1, 1, 6, 1, 2, 3, 0
509, 116124, 1, 1, 6, 1, 2, 4, 0
510, 116125, 1, 1, 6, 1, 2, 5, 0
511, 116131, 1, 1, 6, 1, 3, 1, 0
512, 116132, 1, 1, 6, 1, 3, 2, 0
513, 116133, 1, 1, 6, 1, 3, 3, 0
514, 116134, 1, 1, 6, 1, 3, 4, 0
515, 116135, 1, 1, 6, 1, 3, 5, 0
516, 116141, 1, 1, 6, 1, 4, 1, 0
517, 116142, 1, 1, 6, 1, 4, 2, 0
518, 116143, 1, 1, 6, 1, 4, 3, 0
519, 116144, 1, 1, 6, 1, 4, 4, 0
520, 116145, 1, 1, 6, 1, 4, 5, 0
521, 116151, 1, 1, 6, 1, 5, 1, 0
522, 116152, 1, 1, 6, 1, 5, 2, 0
523, 116153, 1, 1, 6, 1, 5, 3, 0
524, 116154, 1, 1, 6, 1, 5, 4, 0
525, 116155, 1, 1, 6, 1, 5, 5, 0
526, 116211, 1, 1, 6, 2, 1, 1, 0
527, 116212, 1, 1, 6, 2, 1, 2, 0
528, 116213, 1, 1, 6, 2, 1, 3, 0
529, 116214, 1, 1, 6, 2, 1, 4, 0
530, 116215, 1, 1, 6, 2, 1, 5, 0
531, 116221, 1, 1, 6, 2, 2, 1, 0
532, 116222, 1, 1, 6, 2, 2, 2, 0
533, 116223, 1, 1, 6, 2, 2, 3, 0
534, 116224, 1, 1, 6, 2, 2, 4, 0
535, 116225, 1, 1, 6, 2, 2, 5, 0
536, 116231, 1, 1, 6, 2, 3, 1, 0
537, 116232, 1, 1, 6, 2, 3, 2, 0
538, 116233, 1, 1, 6, 2, 3, 3, 0
539, 116234, 1, 1, 6, 2, 3, 4, 0
540, 116235, 1, 1, 6, 2, 3, 5, 0
541, 116241, 1, 1, 6, 2, 4, 1, 0
542, 116242, 1, 1, 6, 2, 4, 2, 0
543, 116243, 1, 1, 6, 2, 4, 3, 0
544, 116244, 1, 1, 6, 2, 4, 4, 0
545, 116245, 1, 1, 6, 2, 4, 5, 0
546, 116251, 1, 1, 6, 2, 5, 1, 0
547, 116252, 1, 1, 6, 2, 5, 2, 0
548, 116253, 1, 1, 6, 2, 5, 3, 0
549, 116254, 1, 1, 6, 2, 5, 4, 0
550, 116255, 1, 1, 6, 2, 5, 5, 0
551, 116311, 1, 1, 6, 3, 1, 1, 0
552, 116312, 1, 1, 6, 3, 1, 2, 0
553, 116313, 1, 1, 6, 3, 1, 3, 0
554, 116314, 1, 1, 6, 3, 1, 4, 0
555, 116315, 1, 1, 6, 3, 1, 5, 0
556, 116321, 1, 1, 6, 3, 2, 1, 0
557, 116322, 1, 1, 6, 3, 2, 2, 0
558, 116323, 1, 1, 6, 3, 2, 3, 0
559, 116324, 1, 1, 6, 3, 2, 4, 0
560, 116325, 1, 1, 6, 3, 2, 5, 0
561, 116331, 1, 1, 6, 3, 3, 1, 0
562, 116332, 1, 1, 6, 3, 3, 2, 0
563, 116333, 1, 1, 6, 3, 3, 3, 0
564, 116334, 1, 1, 6, 3, 3, 4, 0
565, 116335, 1, 1, 6, 3, 3, 5, 0
566, 116341, 1, 1, 6, 3, 4, 1, 0
567, 116342, 1, 1, 6, 3, 4, 2, 0
568, 116343, 1, 1, 6, 3, 4, 3, 0
569, 116344, 1, 1, 6, 3, 4, 4, 0
570, 116345, 1, 1, 6, 3, 4, 5, 0
571, 116351, 1, 1, 6, 3, 5, 1, 0
572, 116352, 1, 1, 6, 3, 5, 2, 0
573, 116353, 1, 1, 6, 3, 5, 3, 0
574, 116354, 1, 1, 6, 3, 5, 4, 0
575, 116355, 1, 1, 6, 3, 5, 5, 0
576, 116411, 1, 1, 6, 4, 1, 1, 0
577, 116412, 1, 1, 6, 4, 1, 2, 0
578, 116413, 1, 1, 6, 4, 1, 3, 0
579, 116414, 1, 1, 6, 4, 1, 4, 0
580, 116415, 1, 1, 6, 4, 1, 5, 0
581, 116421, 1, 1, 6, 4, 2, 1, 0
582, 116422, 1, 1, 6, 4, 2, 2, 0
583, 116423, 1, 1, 6, 4, 2, 3, 0
584, 116424, 1, 1, 6, 4, 2, 4, 0
585, 116425, 1, 1, 6, 4, 2, 5, 0
586, 116431, 1, 1, 6, 4, 3, 1, 0
587, 116432, 1, 1, 6, 4, 3, 2, 0
588, 116433, 1, 1, 6, 4, 3, 3, 0
589, 116434, 1, 1, 6, 4, 3, 4, 0
590, 116435, 1, 1, 6, 4, 3, 5, 0
591, 116441, 1, 1, 6, 4, 4, 1, 0
592, 116442, 1, 1, 6, 4, 4, 2, 0
593, 116443, 1, 1, 6, 4, 4, 3, 0
594, 116444, 1, 1, 6, 4, 4, 4, 0
595, 116445, 1, 1, 6, 4, 4, 5, 0
596, 116451, 1, 1, 6, 4, 5, 1, 0
597, 116452, 1, 1, 6, 4, 5, 2, 0
598, 116453, 1, 1, 6, 4, 5, 3, 0
599, 116454, 1, 1, 6, 4, 5, 4, 0
600, 116455, 1, 1, 6, 4, 5, 5, 0
601, 117111, 1, 1, 7, 1, 1, 1, 0
602, 117112, 1, 1, 7, 1, 1, 2, 0
603, 117113, 1, 1, 7, 1, 1, 3, 0
604, 117114, 1, 1, 7, 1, 1, 4, 0
605, 117115, 1, 1, 7, 1, 1, 5, 0
606, 117121, 1, 1, 7, 1, 2, 1, 0
607, 117122, 1, 1, 7, 1, 2, 2, 0
608, 117123, 1, 1, 7, 1, 2, 3, 0
609, 117124, 1, 1, 7, 1, 2, 4, 0
610, 117125, 1, 1, 7, 1, 2, 5, 0
611, 117131, 1, 1, 7, 1, 3, 1, 0
612, 117132, 1, 1, 7, 1, 3, 2, 0
613, 117133, 1, 1, 7, 1, 3, 3, 0
614, 117134, 1, 1, 7, 1, 3, 4, 0
615, 117135, 1, 1, 7, 1, 3, 5, 0
616, 117141, 1, 1, 7, 1, 4, 1, 0
617, 117142, 1, 1, 7, 1, 4, 2, 0
618, 117143, 1, 1, 7, 1, 4, 3, 0
619, 117144, 1, 1, 7, 1, 4, 4, 0
620, 117145, 1, 1, 7, 1, 4, 5, 0
621, 117151, 1, 1, 7, 1, 5, 1, 0
622, 117152, 1, 1, 7, 1, 5, 2, 0
623, 117153, 1, 1, 7, 1, 5, 3, 0
624, 117154, 1, 1, 7, 1, 5, 4, 0
625, 117155, 1, 1, 7, 1, 5, 5, 0
626, 117211, 1, 1, 7, 2, 1, 1, 0
627, 117212, 1, 1, 7, 2, 1, 2, 0
628, 117213, 1, 1, 7, 2, 1, 3, 0
629, 117214, 1, 1, 7, 2, 1, 4, 0
630, 117215, 1, 1, 7, 2, 1, 5, 0
631, 117221, 1, 1, 7, 2, 2, 1, 0
632, 117222, 1, 1, 7, 2, 2, 2, 0
633, 117223, 1, 1, 7, 2, 2, 3, 0
634, 117224, 1, 1, 7, 2, 2, 4, 0
635, 117225, 1, 1, 7, 2, 2, 5, 0
636, 117231, 1, 1, 7, 2, 3, 1, 0
637, 117232, 1, 1, 7, 2, 3, 2, 0
638, 117233, 1, 1, 7, 2, 3, 3, 0
639, 117234, 1, 1, 7, 2, 3, 4, 0
640, 117235, 1, 1, 7, 2, 3, 5, 0
641, 117241, 1, 1, 7, 2, 4, 1, 0
642, 117242, 1, 1, 7, 2, 4, 2, 0
643, 117243, 1, 1, 7, 2, 4, 3, 0
644, 117244, 1, 1, 7, 2, 4, 4, 0
645, 117245, 1, 1, 7, 2, 4, 5, 0
646, 117251, 1, 1, 7, 2, 5, 1, 0
647, 117252, 1, 1, 7, 2, 5, 2, 0
648, 117253, 1, 1, 7, 2, 5, 3, 0
649, 117254, 1, 1, 7, 2, 5, 4, 0
650, 117255, 1, 1, 7, 2, 5, 5, 0
651, 117311, 1, 1, 7, 3, 1, 1, 0
652, 117312, 1, 1, 7, 3, 1, 2, 0
653, 117313, 1, 1, 7, 3, 1, 3, 0
654, 117314, 1, 1, 7, 3, 1, 4, 0
655, 117315, 1, 1, 7, 3, 1, 5, 0
656, 117321, 1, 1, 7, 3, 2, 1, 0
657, 117322, 1, 1, 7, 3, 2, 2, 0
658, 117323, 1, 1, 7, 3, 2, 3, 0
659, 117324, 1, 1, 7, 3, 2, 4, 0
660, 117325, 1, 1, 7, 3, 2, 5, 0
661, 117331, 1, 1, 7, 3, 3, 1, 0
662, 117332, 1, 1, 7, 3, 3, 2, 0
663, 117333, 1, 1, 7, 3, 3, 3, 0
664, 117334, 1, 1, 7, 3, 3, 4, 0
665, 117335, 1, 1, 7, 3, 3, 5, 0
666, 117341, 1, 1, 7, 3, 4, 1, 0
667, 117342, 1, 1, 7, 3, 4, 2, 0
668, 117343, 1, 1, 7, 3, 4, 3, 0
669, 117344, 1, 1, 7, 3, 4, 4, 0
670, 117345, 1, 1, 7, 3, 4, 5, 0
671, 117351, 1, 1, 7, 3, 5, 1, 0
672, 117352, 1, 1, 7, 3, 5, 2, 0
673, 117353, 1, 1, 7, 3, 5, 3, 0
674, 117354, 1, 1, 7, 3, 5, 4, 0
675, 117355, 1, 1, 7, 3, 5, 5, 0
676, 117411, 1, 1, 7, 4, 1, 1, 0
677, 117412, 1, 1, 7, 4, 1, 2, 0
678, 117413, 1, 1, 7, 4, 1, 3, 0
679, 117414, 1, 1, 7, 4, 1, 4, 0
680, 117415, 1, 1, 7, 4, 1, 5, 0
681, 117421, 1, 1, 7, 4, 2, 1, 0
682, 117422, 1, 1, 7, 4, 2, 2, 0
683, 117423, 1, 1, 7, 4, 2, 3, 0
684, 117424, 1, 1, 7, 4, 2, 4, 0
685, 117425, 1, 1, 7, 4, 2, 5, 0
686, 117431, 1, 1, 7, 4, 3, 1, 0
687, 117432, 1, 1, 7, 4, 3, 2, 0
688, 117433, 1, 1, 7, 4, 3, 3, 0
689, 117434, 1, 1, 7, 4, 3, 4, 0
690, 117435, 1, 1, 7, 4, 3, 5, 0
691, 117441, 1, 1, 7, 4, 4, 1, 0
692, 117442, 1, 1, 7, 4, 4, 2, 0
693, 117443, 1, 1, 7, 4, 4, 3, 0
694, 117444, 1, 1, 7, 4, 4, 4, 0
695, 117445, 1, 1, 7, 4, 4, 5, 0
696, 117451, 1, 1, 7, 4, 5, 1, 0
697, 117452, 1, 1, 7, 4, 5, 2, 0
698, 117453, 1, 1, 7, 4, 5, 3, 0
699, 117454, 1, 1, 7, 4, 5, 4, 0
700, 117455, 1, 1, 7, 4, 5, 5, 0
701, 121111, 1, 2, 1, 1, 1, 1, 0
702, 121112, 1, 2, 1, 1, 1, 2, 0
703, 121113, 1, 2, 1, 1, 1, 3, 0
704, 121114, 1, 2, 1, 1, 1, 4, 0
705, 121115, 1, 2, 1, 1, 1, 5, 0
706, 121121, 1, 2, 1, 1, 2, 1, 0
707, 121122, 1, 2, 1, 1, 2, 2, 0
708, 121123, 1, 2, 1, 1, 2, 3, 0
709, 121124, 1, 2, 1, 1, 2, 4, 0
710, 121125, 1, 2, 1, 1, 2, 5, 0
711, 121131, 1, 2, 1, 1, 3, 1, 0
712, 121132, 1, 2, 1, 1, 3, 2, 0
713, 121133, 1, 2, 1, 1, 3, 3, 0
714, 121134, 1, 2, 1, 1, 3, 4, 0
715, 121135, 1, 2, 1, 1, 3, 5, 0
716, 121141, 1, 2, 1, 1, 4, 1, 0
717, 121142, 1, 2, 1, 1, 4, 2, 0
718, 121143, 1, 2, 1, 1, 4, 3, 0
719, 121144, 1, 2, 1, 1, 4, 4, 0
720, 121145, 1, 2, 1, 1, 4, 5, 0
721, 121151, 1, 2, 1, 1, 5, 1, 0
722, 121152, 1, 2, 1, 1, 5, 2, 0
723, 121153, 1, 2, 1, 1, 5, 3, 0
724, 121154, 1, 2, 1, 1, 5, 4, 0
725, 121155, 1, 2, 1, 1, 5, 5, 0
726, 121211, 1, 2, 1, 2, 1, 1, 0
727, 121212, 1, 2, 1, 2, 1, 2, 0
728, 121213, 1, 2, 1, 2, 1, 3, 0
729, 121214, 1, 2, 1, 2, 1, 4, 0
730, 121215, 1, 2, 1, 2, 1, 5, 0
731, 121221, 1, 2, 1, 2, 2, 1, 0
732, 121222, 1, 2, 1, 2, 2, 2, 0
733, 121223, 1, 2, 1, 2, 2, 3, 0
734, 121224, 1, 2, 1, 2, 2, 4, 0
735, 121225, 1, 2, 1, 2, 2, 5, 0
736, 121231, 1, 2, 1, 2, 3, 1, 0
737, 121232, 1, 2, 1, 2, 3, 2, 0
738, 121233, 1, 2, 1, 2, 3, 3, 0
739, 121234, 1, 2, 1, 2, 3, 4, 0
740, 121235, 1, 2, 1, 2, 3, 5, 0
741, 121241, 1, 2, 1, 2, 4, 1, 0
742, 121242, 1, 2, 1, 2, 4, 2, 0
743, 121243, 1, 2, 1, 2, 4, 3, 0
744, 121244, 1, 2, 1, 2, 4, 4, 0
745, 121245, 1, 2, 1, 2, 4, 5, 0
746, 121251, 1, 2, 1, 2, 5, 1, 0
747, 121252, 1, 2, 1, 2, 5, 2, 0
748, 121253, 1, 2, 1, 2, 5, 3, 0
749, 121254, 1, 2, 1, 2, 5, 4, 0
750, 121255, 1, 2, 1, 2, 5, 5, 0
751, 121311, 1, 2, 1, 3, 1, 1, 0
752, 121312, 1, 2, 1, 3, 1, 2, 0
753, 121313, 1, 2, 1, 3, 1, 3, 0
754, 121314, 1, 2, 1, 3, 1, 4, 0
755, 121315, 1, 2, 1, 3, 1, 5, 0
756, 121321, 1, 2, 1, 3, 2, 1, 0
757, 121322, 1, 2, 1, 3, 2, 2, 0
758, 121323, 1, 2, 1, 3, 2, 3, 0
759, 121324, 1, 2, 1, 3, 2, 4, 0
760, 121325, 1, 2, 1, 3, 2, 5, 0
761, 121331, 1, 2, 1, 3, 3, 1, 0
762, 121332, 1, 2, 1, 3, 3, 2, 0
763, 121333, 1, 2, 1, 3, 3, 3, 0
764, 121334, 1, 2, 1, 3, 3, 4, 0
765, 121335, 1, 2, 1, 3, 3, 5, 0
766, 121341, 1, 2, 1, 3, 4, 1, 0
767, 121342, 1, 2, 1, 3, 4, 2, 0
768, 121343, 1, 2, 1, 3, 4, 3, 0
769, 121344, 1, 2, 1, 3, 4, 4, 0
770, 121345, 1, 2, 1, 3, 4, 5, 0
771, 121351, 1, 2, 1, 3, 5, 1, 0
772, 121352, 1, 2, 1, 3, 5, 2, 0
773, 121353, 1, 2, 1, 3, 5, 3, 0
774, 121354, 1, 2, 1, 3, 5, 4, 0
775, 121355, 1, 2, 1, 3, 5, 5, 0
776, 121411, 1, 2, 1, 4, 1, 1, 0
777, 121412, 1, 2, 1, 4, 1, 2, 0
778, 121413, 1, 2, 1, 4, 1, 3, 0
779, 121414, 1, 2, 1, 4, 1, 4, 0
780, 121415, 1, 2, 1, 4, 1, 5, 0
781, 121421, 1, 2, 1, 4, 2, 1, 0
782, 121422, 1, 2, 1, 4, 2, 2, 0
783, 121423, 1, 2, 1, 4, 2, 3, 0
784, 121424, 1, 2, 1, 4, 2, 4, 0
785, 121425, 1, 2, 1, 4, 2, 5, 0
786, 121431, 1, 2, 1, 4, 3, 1, 0
787, 121432, 1, 2, 1, 4, 3, 2, 0
788, 121433, 1, 2, 1, 4, 3, 3, 0
789, 121434, 1, 2, 1, 4, 3, 4, 0
790, 121435, 1, 2, 1, 4, 3, 5, 0
791, 121441, 1, 2, 1, 4, 4, 1, 0
792, 121442, 1, 2, 1, 4, 4, 2, 0
793, 121443, 1, 2, 1, 4, 4, 3, 0
794, 121444, 1, 2, 1, 4, 4, 4, 0
795, 121445, 1, 2, 1, 4, 4, 5, 0
796, 121451, 1, 2, 1, 4, 5, 1, 0
797, 121452, 1, 2, 1, 4, 5, 2, 0
798, 121453, 1, 2, 1, 4, 5, 3, 0
799, 121454, 1, 2, 1, 4, 5, 4, 0
800, 121455, 1, 2, 1, 4, 5, 5, 0
801, 122111, 1, 2, 2, 1, 1, 1, 0
802, 122112, 1, 2, 2, 1, 1, 2, 0
803, 122113, 1, 2, 2, 1, 1, 3, 0
804, 122114, 1, 2, 2, 1, 1, 4, 0
805, 122115, 1, 2, 2, 1, 1, 5, 0
806, 122121, 1, 2, 2, 1, 2, 1, 0
807, 122122, 1, 2, 2, 1, 2, 2, 0
808, 122123, 1, 2, 2, 1, 2, 3, 0
809, 122124, 1, 2, 2, 1, 2, 4, 0
810, 122125, 1, 2, 2, 1, 2, 5, 0
811, 122131, 1, 2, 2, 1, 3, 1, 0
812, 122132, 1, 2, 2, 1, 3, 2, 0
813, 122133, 1, 2, 2, 1, 3, 3, 0
814, 122134, 1, 2, 2, 1, 3, 4, 0
815, 122135, 1, 2, 2, 1, 3, 5, 0
816, 122141, 1, 2, 2, 1, 4, 1, 0
817, 122142, 1, 2, 2, 1, 4, 2, 0
818, 122143, 1, 2, 2, 1, 4, 3, 0
819, 122144, 1, 2, 2, 1, 4, 4, 0
820, 122145, 1, 2, 2, 1, 4, 5, 0
821, 122151, 1, 2, 2, 1, 5, 1, 0
822, 122152, 1, 2, 2, 1, 5, 2, 0
823, 122153, 1, 2, 2, 1, 5, 3, 0
824, 122154, 1, 2, 2, 1, 5, 4, 0
825, 122155, 1, 2, 2, 1, 5, 5, 0
826, 122211, 1, 2, 2, 2, 1, 1, 0
827, 122212, 1, 2, 2, 2, 1, 2, 0
828, 122213, 1, 2, 2, 2, 1, 3, 0
829, 122214, 1, 2, 2, 2, 1, 4, 0
830, 122215, 1, 2, 2, 2, 1, 5, 0
831, 122221, 1, 2, 2, 2, 2, 1, 0
832, 122222, 1, 2, 2, 2, 2, 2, 0
833, 122223, 1, 2, 2, 2, 2, 3, 0
834, 122224, 1, 2, 2, 2, 2, 4, 0
835, 122225, 1, 2, 2, 2, 2, 5, 0
836, 122231, 1, 2, 2, 2, 3, 1, 0
837, 122232, 1, 2, 2, 2, 3, 2, 0
838, 122233, 1, 2, 2, 2, 3, 3, 0
839, 122234, 1, 2, 2, 2, 3, 4, 0
840, 122235, 1, 2, 2, 2, 3, 5, 0
841, 122241, 1, 2, 2, 2, 4, 1, 0
842, 122242, 1, 2, 2, 2, 4, 2, 0
843, 122243, 1, 2, 2, 2, 4, 3, 0
844, 122244, 1, 2, 2, 2, 4, 4, 0
845, 122245, 1, 2, 2, 2, 4, 5, 0
846, 122251, 1, 2, 2, 2, 5, 1, 0
847, 122252, 1, 2, 2, 2, 5, 2, 0
848, 122253, 1, 2, 2, 2, 5, 3, 0
849, 122254, 1, 2, 2, 2, 5, 4, 0
850, 122255, 1, 2, 2, 2, 5, 5, 0
851, 122311, 1, 2, 2, 3, 1, 1, 0
852, 122312, 1, 2, 2, 3, 1, 2, 0
853, 122313, 1, 2, 2, 3, 1, 3, 0
854, 122314, 1, 2, 2, 3, 1, 4, 0
855, 122315, 1, 2, 2, 3, 1, 5, 0
856, 122321, 1, 2, 2, 3, 2, 1, 0
857, 122322, 1, 2, 2, 3, 2, 2, 0
858, 122323, 1, 2, 2, 3, 2, 3, 0
859, 122324, 1, 2, 2, 3, 2, 4, 0
860, 122325, 1, 2, 2, 3, 2, 5, 0
861, 122331, 1, 2, 2, 3, 3, 1, 0
862, 122332, 1, 2, 2, 3, 3, 2, 0
863, 122333, 1, 2, 2, 3, 3, 3, 0
864, 122334, 1, 2, 2, 3, 3, 4, 0
865, 122335, 1, 2, 2, 3, 3, 5, 0
866, 122341, 1, 2, 2, 3, 4, 1, 0
867, 122342, 1, 2, 2, 3, 4, 2, 0
868, 122343, 1, 2, 2, 3, 4, 3, 0
869, 122344, 1, 2, 2, 3, 4, 4, 0
870, 122345, 1, 2, 2, 3, 4, 5, 0
871, 122351, 1, 2, 2, 3, 5, 1, 0
872, 122352, 1, 2, 2, 3, 5, 2, 0
873, 122353, 1, 2, 2, 3, 5, 3, 0
874, 122354, 1, 2, 2, 3, 5, 4, 0
875, 122355, 1, 2, 2, 3, 5, 5, 0
876, 122411, 1, 2, 2, 4, 1, 1, 0
877, 122412, 1, 2, 2, 4, 1, 2, 0
878, 122413, 1, 2, 2, 4, 1, 3, 0
879, 122414, 1, 2, 2, 4, 1, 4, 0
880, 122415, 1, 2, 2, 4, 1, 5, 0
881, 122421, 1, 2, 2, 4, 2, 1, 0
882, 122422, 1, 2, 2, 4, 2, 2, 0
883, 122423, 1, 2, 2, 4, 2, 3, 0
884, 122424, 1, 2, 2, 4, 2, 4, 0
885, 122425, 1, 2, 2, 4, 2, 5, 0
886, 122431, 1, 2, 2, 4, 3, 1, 0
887, 122432, 1, 2, 2, 4, 3, 2, 0
888, 122433, 1, 2, 2, 4, 3, 3, 0
889, 122434, 1, 2, 2, 4, 3, 4, 0
890, 122435, 1, 2, 2, 4, 3, 5, 0
891, 122441, 1, 2, 2, 4, 4, 1, 0
892, 122442, 1, 2, 2, 4, 4, 2, 0
893, 122443, 1, 2, 2, 4, 4, 3, 0
894, 122444, 1, 2, 2, 4, 4, 4, 0
895, 122445, 1, 2, 2, 4, 4, 5, 0
896, 122451, 1, 2, 2, 4, 5, 1, 0
897, 122452, 1, 2, 2, 4, 5, 2, 0
898, 122453, 1, 2, 2, 4, 5, 3, 0
899, 122454, 1, 2, 2, 4, 5, 4, 0
900, 122455, 1, 2, 2, 4, 5, 5, 0
901, 123111, 1, 2, 3, 1, 1, 1, 0
902, 123112, 1, 2, 3, 1, 1, 2, 0
903, 123113, 1, 2, 3, 1, 1, 3, 0
904, 123114, 1, 2, 3, 1, 1, 4, 0
905, 123115, 1, 2, 3, 1, 1, 5, 0
906, 123121, 1, 2, 3, 1, 2, 1, 0
907, 123122, 1, 2, 3, 1, 2, 2, 0
908, 123123, 1, 2, 3, 1, 2, 3, 0
909, 123124, 1, 2, 3, 1, 2, 4, 0
910, 123125, 1, 2, 3, 1, 2, 5, 0
911, 123131, 1, 2, 3, 1, 3, 1, 0
912, 123132, 1, 2, 3, 1, 3, 2, 0
913, 123133, 1, 2, 3, 1, 3, 3, 0
914, 123134, 1, 2, 3, 1, 3, 4, 0
915, 123135, 1, 2, 3, 1, 3, 5, 0
916, 123141, 1, 2, 3, 1, 4, 1, 0
917, 123142, 1, 2, 3, 1, 4, 2, 0
918, 123143, 1, 2, 3, 1, 4, 3, 0
919, 123144, 1, 2, 3, 1, 4, 4, 0
920, 123145, 1, 2, 3, 1, 4, 5, 0
921, 123151, 1, 2, 3, 1, 5, 1, 0
922, 123152, 1, 2, 3, 1, 5, 2, 0
923, 123153, 1, 2, 3, 1, 5, 3, 0
924, 123154, 1, 2, 3, 1, 5, 4, 0
925, 123155, 1, 2, 3, 1, 5, 5, 0
926, 123211, 1, 2, 3, 2, 1, 1, 0
927, 123212, 1, 2, 3, 2, 1, 2, 0
928, 123213, 1, 2, 3, 2, 1, 3, 0
929, 123214, 1, 2, 3, 2, 1, 4, 0
930, 123215, 1, 2, 3, 2, 1, 5, 0
931, 123221, 1, 2, 3, 2, 2, 1, 0
932, 123222, 1, 2, 3, 2, 2, 2, 0
933, 123223, 1, 2, 3, 2, 2, 3, 0
934, 123224, 1, 2, 3, 2, 2, 4, 0
935, 123225, 1, 2, 3, 2, 2, 5, 0
936, 123231, 1, 2, 3, 2, 3, 1, 0
937, 123232, 1, 2, 3, 2, 3, 2, 0
938, 123233, 1, 2, 3, 2, 3, 3, 0
939, 123234, 1, 2, 3, 2, 3, 4, 0
940, 123235, 1, 2, 3, 2, 3, 5, 0
941, 123241, 1, 2, 3, 2, 4, 1, 0
942, 123242, 1, 2, 3, 2, 4, 2, 0
943, 123243, 1, 2, 3, 2, 4, 3, 0
944, 123244, 1, 2, 3, 2, 4, 4, 0
945, 123245, 1, 2, 3, 2, 4, 5, 0
946, 123251, 1, 2, 3, 2, 5, 1, 0
947, 123252, 1, 2, 3, 2, 5, 2, 0
948, 123253, 1, 2, 3, 2, 5, 3, 0
949, 123254, 1, 2, 3, 2, 5, 4, 0
950, 123255, 1, 2, 3, 2, 5, 5, 0
951, 123311, 1, 2, 3, 3, 1, 1, 0
952, 123312, 1, 2, 3, 3, 1, 2, 0
953, 123313, 1, 2, 3, 3, 1, 3, 0
954, 123314, 1, 2, 3, 3, 1, 4, 0
955, 123315, 1, 2, 3, 3, 1, 5, 0
956, 123321, 1, 2, 3, 3, 2, 1, 0
957, 123322, 1, 2, 3, 3, 2, 2, 0
958, 123323, 1, 2, 3, 3, 2, 3, 0
959, 123324, 1, 2, 3, 3, 2, 4, 0
960, 123325, 1, 2, 3, 3, 2, 5, 0
961, 123331, 1, 2, 3, 3, 3, 1, 0
962, 123332, 1, 2, 3, 3, 3, 2, 0
963, 123333, 1, 2, 3, 3, 3, 3, 0
964, 123334, 1, 2, 3, 3, 3, 4, 0
965, 123335, 1, 2, 3, 3, 3, 5, 0
966, 123341, 1, 2, 3, 3, 4, 1, 0
967, 123342, 1, 2, 3, 3, 4, 2, 0
968, 123343, 1, 2, 3, 3, 4, 3, 0
969, 123344, 1, 2, 3, 3, 4, 4, 0
970, 123345, 1, 2, 3, 3, 4, 5, 0
971, 123351, 1, 2, 3, 3, 5, 1, 0
972, 123352, 1, 2, 3, 3, 5, 2, 0
973, 123353, 1, 2, 3, 3, 5, 3, 0
974, 123354, 1, 2, 3, 3, 5, 4, 0
975, 123355, 1, 2, 3, 3, 5, 5, 0
976, 123411, 1, 2, 3, 4, 1, 1, 0
977, 123412, 1, 2, 3, 4, 1, 2, 0
978, 123413, 1, 2, 3, 4, 1, 3, 0
979, 123414, 1, 2, 3, 4, 1, 4, 0
980, 123415, 1, 2, 3, 4, 1, 5, 0
981, 123421, 1, 2, 3, 4, 2, 1, 0
982, 123422, 1, 2, 3, 4, 2, 2, 0
983, 123423, 1, 2, 3, 4, 2, 3, 0
984, 123424, 1, 2, 3, 4, 2, 4, 0
985, 123425, 1, 2, 3, 4, 2, 5, 0
986, 123431, 1, 2, 3, 4, 3, 1, 0
987, 123432, 1, 2, 3, 4, 3, 2, 0
988, 123433, 1, 2, 3, 4, 3, 3, 0
989, 123434, 1, 2, 3, 4, 3, 4, 0
990, 123435, 1, 2, 3, 4, 3, 5, 0
991, 123441, 1, 2, 3, 4, 4, 1, 0
992, 123442, 1, 2, 3, 4, 4, 2, 0
993, 123443, 1, 2, 3, 4, 4, 3, 0
994, 123444, 1, 2, 3, 4, 4, 4, 0
995, 123445, 1, 2, 3, 4, 4, 5, 0
996, 123451, 1, 2, 3, 4, 5, 1, 0
997, 123452, 1, 2, 3, 4, 5, 2, 0
998, 123453, 1, 2, 3, 4, 5, 3, 0
999, 123454, 1, 2, 3, 4, 5, 4, 0
1000, 123455, 1, 2, 3, 4, 5, 5, 0
1001, 124111, 1, 2, 4, 1, 1, 1, 0
1002, 124112, 1, 2, 4, 1, 1, 2, 0
1003, 124113, 1, 2, 4, 1, 1, 3, 0
1004, 124114, 1, 2, 4, 1, 1, 4, 0
1005, 124115, 1, 2, 4, 1, 1, 5, 0
1006, 124121, 1, 2, 4, 1, 2, 1, 0
1007, 124122, 1, 2, 4, 1, 2, 2, 0
1008, 124123, 1, 2, 4, 1, 2, 3, 0
1009, 124124, 1, 2, 4, 1, 2, 4, 0
1010, 124125, 1, 2, 4, 1, 2, 5, 0
1011, 124131, 1, 2, 4, 1, 3, 1, 0
1012, 124132, 1, 2, 4, 1, 3, 2, 0
1013, 124133, 1, 2, 4, 1, 3, 3, 0
1014, 124134, 1, 2, 4, 1, 3, 4, 0
1015, 124135, 1, 2, 4, 1, 3, 5, 0
1016, 124141, 1, 2, 4, 1, 4, 1, 0
1017, 124142, 1, 2, 4, 1, 4, 2, 0
1018, 124143, 1, 2, 4, 1, 4, 3, 0
1019, 124144, 1, 2, 4, 1, 4, 4, 0
1020, 124145, 1, 2, 4, 1, 4, 5, 0
1021, 124151, 1, 2, 4, 1, 5, 1, 0
1022, 124152, 1, 2, 4, 1, 5, 2, 0
1023, 124153, 1, 2, 4, 1, 5, 3, 0
1024, 124154, 1, 2, 4, 1, 5, 4, 0
1025, 124155, 1, 2, 4, 1, 5, 5, 0
1026, 124211, 1, 2, 4, 2, 1, 1, 0
1027, 124212, 1, 2, 4, 2, 1, 2, 0
1028, 124213, 1, 2, 4, 2, 1, 3, 0
1029, 124214, 1, 2, 4, 2, 1, 4, 0
1030, 124215, 1, 2, 4, 2, 1, 5, 0
1031, 124221, 1, 2, 4, 2, 2, 1, 0
1032, 124222, 1, 2, 4, 2, 2, 2, 0
1033, 124223, 1, 2, 4, 2, 2, 3, 0
1034, 124224, 1, 2, 4, 2, 2, 4, 0
1035, 124225, 1, 2, 4, 2, 2, 5, 0
1036, 124231, 1, 2, 4, 2, 3, 1, 0
1037, 124232, 1, 2, 4, 2, 3, 2, 0
1038, 124233, 1, 2, 4, 2, 3, 3, 0
1039, 124234, 1, 2, 4, 2, 3, 4, 0
1040, 124235, 1, 2, 4, 2, 3, 5, 0
1041, 124241, 1, 2, 4, 2, 4, 1, 0
1042, 124242, 1, 2, 4, 2, 4, 2, 0
1043, 124243, 1, 2, 4, 2, 4, 3, 0
1044, 124244, 1, 2, 4, 2, 4, 4, 0
1045, 124245, 1, 2, 4, 2, 4, 5, 0
1046, 124251, 1, 2, 4, 2, 5, 1, 0
1047, 124252, 1, 2, 4, 2, 5, 2, 0
1048, 124253, 1, 2, 4, 2, 5, 3, 0
1049, 124254, 1, 2, 4, 2, 5, 4, 0
1050, 124255, 1, 2, 4, 2, 5, 5, 0
1051, 124311, 1, 2, 4, 3, 1, 1, 0
1052, 124312, 1, 2, 4, 3, 1, 2, 0
1053, 124313, 1, 2, 4, 3, 1, 3, 0
1054, 124314, 1, 2, 4, 3, 1, 4, 0
1055, 124315, 1, 2, 4, 3, 1, 5, 0
1056, 124321, 1, 2, 4, 3, 2, 1, 0
1057, 124322, 1, 2, 4, 3, 2, 2, 0
1058, 124323, 1, 2, 4, 3, 2, 3, 0
1059, 124324, 1, 2, 4, 3, 2, 4, 0
1060, 124325, 1, 2, 4, 3, 2, 5, 0
1061, 124331, 1, 2, 4, 3, 3, 1, 0
1062, 124332, 1, 2, 4, 3, 3, 2, 0
1063, 124333, 1, 2, 4, 3, 3, 3, 0
1064, 124334, 1, 2, 4, 3, 3, 4, 0
1065, 124335, 1, 2, 4, 3, 3, 5, 0
1066, 124341, 1, 2, 4, 3, 4, 1, 0
1067, 124342, 1, 2, 4, 3, 4, 2, 0
1068, 124343, 1, 2, 4, 3, 4, 3, 0
1069, 124344, 1, 2, 4, 3, 4, 4, 0
1070, 124345, 1, 2, 4, 3, 4, 5, 0
1071, 124351, 1, 2, 4, 3, 5, 1, 0
1072, 124352, 1, 2, 4, 3, 5, 2, 0
1073, 124353, 1, 2, 4, 3, 5, 3, 0
1074, 124354, 1, 2, 4, 3, 5, 4, 0
1075, 124355, 1, 2, 4, 3, 5, 5, 0
1076, 124411, 1, 2, 4, 4, 1, 1, 0
1077, 124412, 1, 2, 4, 4, 1, 2, 0
1078, 124413, 1, 2, 4, 4, 1, 3, 0
1079, 124414, 1, 2, 4, 4, 1, 4, 0
1080, 124415, 1, 2, 4, 4, 1, 5, 0
1081, 124421, 1, 2, 4, 4, 2, 1, 0
1082, 124422, 1, 2, 4, 4, 2, 2, 0
1083, 124423, 1, 2, 4, 4, 2, 3, 0
1084, 124424, 1, 2, 4, 4, 2, 4, 0
1085, 124425, 1, 2, 4, 4, 2, 5, 0
1086, 124431, 1, 2, 4, 4, 3, 1, 0
1087, 124432, 1, 2, 4, 4, 3, 2, 0
1088, 124433, 1, 2, 4, 4, 3, 3, 0
1089, 124434, 1, 2, 4, 4, 3, 4, 0
1090, 124435, 1, 2, 4, 4, 3, 5, 0
1091, 124441, 1, 2, 4, 4, 4, 1, 0
1092, 124442, 1, 2, 4, 4, 4, 2, 0
1093, 124443, 1, 2, 4, 4, 4, 3, 0
1094, 124444, 1, 2, 4, 4, 4, 4, 0
1095, 124445, 1, 2, 4, 4, 4, 5, 0
1096, 124451, 1, 2, 4, 4, 5, 1, 0
1097, 124452, 1, 2, 4, 4, 5, 2, 0
1098, 124453, 1, 2, 4, 4, 5, 3, 0
1099, 124454, 1, 2, 4, 4, 5, 4, 0
1100, 124455, 1, 2, 4, 4, 5, 5, 0
1101, 125111, 1, 2, 5, 1, 1, 1, 0
1102, 125112, 1, 2, 5, 1, 1, 2, 0
1103, 125113, 1, 2, 5, 1, 1, 3, 0
1104, 125114, 1, 2, 5, 1, 1, 4, 0
1105, 125115, 1, 2, 5, 1, 1, 5, 0
1106, 125121, 1, 2, 5, 1, 2, 1, 0
1107, 125122, 1, 2, 5, 1, 2, 2, 0
1108, 125123, 1, 2, 5, 1, 2, 3, 0
1109, 125124, 1, 2, 5, 1, 2, 4, 0
1110, 125125, 1, 2, 5, 1, 2, 5, 0
1111, 125131, 1, 2, 5, 1, 3, 1, 0
1112, 125132, 1, 2, 5, 1, 3, 2, 0
1113, 125133, 1, 2, 5, 1, 3, 3, 0
1114, 125134, 1, 2, 5, 1, 3, 4, 0
1115, 125135, 1, 2, 5, 1, 3, 5, 0
1116, 125141, 1, 2, 5, 1, 4, 1, 0
1117, 125142, 1, 2, 5, 1, 4, 2, 0
1118, 125143, 1, 2, 5, 1, 4, 3, 0
1119, 125144, 1, 2, 5, 1, 4, 4, 0
1120, 125145, 1, 2, 5, 1, 4, 5, 0
1121, 125151, 1, 2, 5, 1, 5, 1, 0
1122, 125152, 1, 2, 5, 1, 5, 2, 0
1123, 125153, 1, 2, 5, 1, 5, 3, 0
1124, 125154, 1, 2, 5, 1, 5, 4, 0
1125, 125155, 1, 2, 5, 1, 5, 5, 0
1126, 125211, 1, 2, 5, 2, 1, 1, 0
1127, 125212, 1, 2, 5, 2, 1, 2, 0
1128, 125213, 1, 2, 5, 2, 1, 3, 0
1129, 125214, 1, 2, 5, 2, 1, 4, 0
1130, 125215, 1, 2, 5, 2, 1, 5, 0
1131, 125221, 1, 2, 5, 2, 2, 1, 0
1132, 125222, 1, 2, 5, 2, 2, 2, 0
1133, 125223, 1, 2, 5, 2, 2, 3, 0
1134, 125224, 1, 2, 5, 2, 2, 4, 0
1135, 125225, 1, 2, 5, 2, 2, 5, 0
1136, 125231, 1, 2, 5, 2, 3, 1, 0
1137, 125232, 1, 2, 5, 2, 3, 2, 0
1138, 125233, 1, 2, 5, 2, 3, 3, 0
1139, 125234, 1, 2, 5, 2, 3, 4, 0
1140, 125235, 1, 2, 5, 2, 3, 5, 0
1141, 125241, 1, 2, 5, 2, 4, 1, 0
1142, 125242, 1, 2, 5, 2, 4, 2, 0
1143, 125243, 1, 2, 5, 2, 4, 3, 0
1144, 125244, 1, 2, 5, 2, 4, 4, 0
1145, 125245, 1, 2, 5, 2, 4, 5, 0
1146, 125251, 1, 2, 5, 2, 5, 1, 0
1147, 125252, 1, 2, 5, 2, 5, 2, 0
1148, 125253, 1, 2, 5, 2, 5, 3, 0
1149, 125254, 1, 2, 5, 2, 5, 4, 0
1150, 125255, 1, 2, 5, 2, 5, 5, 0
1151, 125311, 1, 2, 5, 3, 1, 1, 0
1152, 125312, 1, 2, 5, 3, 1, 2, 0
1153, 125313, 1, 2, 5, 3, 1, 3, 0
1154, 125314, 1, 2, 5, 3, 1, 4, 0
1155, 125315, 1, 2, 5, 3, 1, 5, 0
1156, 125321, 1, 2, 5, 3, 2, 1, 0
1157, 125322, 1, 2, 5, 3, 2, 2, 0
1158, 125323, 1, 2, 5, 3, 2, 3, 0
1159, 125324, 1, 2, 5, 3, 2, 4, 0
1160, 125325, 1, 2, 5, 3, 2, 5, 0
1161, 125331, 1, 2, 5, 3, 3, 1, 0
1162, 125332, 1, 2, 5, 3, 3, 2, 0
1163, 125333, 1, 2, 5, 3, 3, 3, 0
1164, 125334, 1, 2, 5, 3, 3, 4, 0
1165, 125335, 1, 2, 5, 3, 3, 5, 0
1166, 125341, 1, 2, 5, 3, 4, 1, 0
1167, 125342, 1, 2, 5, 3, 4, 2, 0
1168, 125343, 1, 2, 5, 3, 4, 3, 0
1169, 125344, 1, 2, 5, 3, 4, 4, 0
1170, 125345, 1, 2, 5, 3, 4, 5, 0
1171, 125351, 1, 2, 5, 3, 5, 1, 0
1172, 125352, 1, 2, 5, 3, 5, 2, 0
1173, 125353, 1, 2, 5, 3, 5, 3, 0
1174, 125354, 1, 2, 5, 3, 5, 4, 0
1175, 125355, 1, 2, 5, 3, 5, 5, 0
1176, 125411, 1, 2, 5, 4, 1, 1, 0
1177, 125412, 1, 2, 5, 4, 1, 2, 0
1178, 125413, 1, 2, 5, 4, 1, 3, 0
1179, 125414, 1, 2, 5, 4, 1, 4, 0
1180, 125415, 1, 2, 5, 4, 1, 5, 0
1181, 125421, 1, 2, 5, 4, 2, 1, 0
1182, 125422, 1, 2, 5, 4, 2, 2, 0
1183, 125423, 1, 2, 5, 4, 2, 3, 0
1184, 125424, 1, 2, 5, 4, 2, 4, 0
1185, 125425, 1, 2, 5, 4, 2, 5, 0
1186, 125431, 1, 2, 5, 4, 3, 1, 0
1187, 125432, 1, 2, 5, 4, 3, 2, 0
1188, 125433, 1, 2, 5, 4, 3, 3, 0
1189, 125434, 1, 2, 5, 4, 3, 4, 0
1190, 125435, 1, 2, 5, 4, 3, 5, 0
1191, 125441, 1, 2, 5, 4, 4, 1, 0
1192, 125442, 1, 2, 5, 4, 4, 2, 0
1193, 125443, 1, 2, 5, 4, 4, 3, 0
1194, 125444, 1, 2, 5, 4, 4, 4, 0
1195, 125445, 1, 2, 5, 4, 4, 5, 0
1196, 125451, 1, 2, 5, 4, 5, 1, 0
1197, 125452, 1, 2, 5, 4, 5, 2, 0
1198, 125453, 1, 2, 5, 4, 5, 3, 0
1199, 125454, 1, 2, 5, 4, 5, 4, 0
1200, 125455, 1, 2, 5, 4, 5, 5, 0
1201, 126111, 1, 2, 6, 1, 1, 1, 0
1202, 126112, 1, 2, 6, 1, 1, 2, 0
1203, 126113, 1, 2, 6, 1, 1, 3, 0
1204, 126114, 1, 2, 6, 1, 1, 4, 0
1205, 126115, 1, 2, 6, 1, 1, 5, 0
1206, 126121, 1, 2, 6, 1, 2, 1, 0
1207, 126122, 1, 2, 6, 1, 2, 2, 0
1208, 126123, 1, 2, 6, 1, 2, 3, 0
1209, 126124, 1, 2, 6, 1, 2, 4, 0
1210, 126125, 1, 2, 6, 1, 2, 5, 0
1211, 126131, 1, 2, 6, 1, 3, 1, 0
1212, 126132, 1, 2, 6, 1, 3, 2, 0
1213, 126133, 1, 2, 6, 1, 3, 3, 0
1214, 126134, 1, 2, 6, 1, 3, 4, 0
1215, 126135, 1, 2, 6, 1, 3, 5, 0
1216, 126141, 1, 2, 6, 1, 4, 1, 0
1217, 126142, 1, 2, 6, 1, 4, 2, 0
1218, 126143, 1, 2, 6, 1, 4, 3, 0
1219, 126144, 1, 2, 6, 1, 4, 4, 0
1220, 126145, 1, 2, 6, 1, 4, 5, 0
1221, 126151, 1, 2, 6, 1, 5, 1, 0
1222, 126152, 1, 2, 6, 1, 5, 2, 0
1223, 126153, 1, 2, 6, 1, 5, 3, 0
1224, 126154, 1, 2, 6, 1, 5, 4, 0
1225, 126155, 1, 2, 6, 1, 5, 5, 0
1226, 126211, 1, 2, 6, 2, 1, 1, 0
1227, 126212, 1, 2, 6, 2, 1, 2, 0
1228, 126213, 1, 2, 6, 2, 1, 3, 0
1229, 126214, 1, 2, 6, 2, 1, 4, 0
1230, 126215, 1, 2, 6, 2, 1, 5, 0
1231, 126221, 1, 2, 6, 2, 2, 1, 0
1232, 126222, 1, 2, 6, 2, 2, 2, 0
1233, 126223, 1, 2, 6, 2, 2, 3, 0
1234, 126224, 1, 2, 6, 2, 2, 4, 0
1235, 126225, 1, 2, 6, 2, 2, 5, 0
1236, 126231, 1, 2, 6, 2, 3, 1, 0
1237, 126232, 1, 2, 6, 2, 3, 2, 0
1238, 126233, 1, 2, 6, 2, 3, 3, 0
1239, 126234, 1, 2, 6, 2, 3, 4, 0
1240, 126235, 1, 2, 6, 2, 3, 5, 0
1241, 126241, 1, 2, 6, 2, 4, 1, 0
1242, 126242, 1, 2, 6, 2, 4, 2, 0
1243, 126243, 1, 2, 6, 2, 4, 3, 0
1244, 126244, 1, 2, 6, 2, 4, 4, 0
1245, 126245, 1, 2, 6, 2, 4, 5, 0
1246, 126251, 1, 2, 6, 2, 5, 1, 0
1247, 126252, 1, 2, 6, 2, 5, 2, 0
1248, 126253, 1, 2, 6, 2, 5, 3, 0
1249, 126254, 1, 2, 6, 2, 5, 4, 0
1250, 126255, 1, 2, 6, 2, 5, 5, 0
1251, 126311, 1, 2, 6, 3, 1, 1, 0
1252, 126312, 1, 2, 6, 3, 1, 2, 0
1253, 126313, 1, 2, 6, 3, 1, 3, 0
1254, 126314, 1, 2, 6, 3, 1, 4, 0
1255, 126315, 1, 2, 6, 3, 1, 5, 0
1256, 126321, 1, 2, 6, 3, 2, 1, 0
1257, 126322, 1, 2, 6, 3, 2, 2, 0
1258, 126323, 1, 2, 6, 3, 2, 3, 0
1259, 126324, 1, 2, 6, 3, 2, 4, 0
1260, 126325, 1, 2, 6, 3, 2, 5, 0
1261, 126331, 1, 2, 6, 3, 3, 1, 0
1262, 126332, 1, 2, 6, 3, 3, 2, 0
1263, 126333, 1, 2, 6, 3, 3, 3, 0
1264, 126334, 1, 2, 6, 3, 3, 4, 0
1265, 126335, 1, 2, 6, 3, 3, 5, 0
1266, 126341, 1, 2, 6, 3, 4, 1, 0
1267, 126342, 1, 2, 6, 3, 4, 2, 0
1268, 126343, 1, 2, 6, 3, 4, 3, 0
1269, 126344, 1, 2, 6, 3, 4, 4, 0
1270, 126345, 1, 2, 6, 3, 4, 5, 0
1271, 126351, 1, 2, 6, 3, 5, 1, 0
1272, 126352, 1, 2, 6, 3, 5, 2, 0
1273, 126353, 1, 2, 6, 3, 5, 3, 0
1274, 126354, 1, 2, 6, 3, 5, 4, 0
1275, 126355, 1, 2, 6, 3, 5, 5, 0
1276, 126411, 1, 2, 6, 4, 1, 1, 0
1277, 126412, 1, 2, 6, 4, 1, 2, 0
1278, 126413, 1, 2, 6, 4, 1, 3, 0
1279, 126414, 1, 2, 6, 4, 1, 4, 0
1280, 126415, 1, 2, 6, 4, 1, 5, 0
1281, 126421, 1, 2, 6, 4, 2, 1, 0
1282, 126422, 1, 2, 6, 4, 2, 2, 0
1283, 126423, 1, 2, 6, 4, 2, 3, 0
1284, 126424, 1, 2, 6, 4, 2, 4, 0
1285, 126425, 1, 2, 6, 4, 2, 5, 0
1286, 126431, 1, 2, 6, 4, 3, 1, 0
1287, 126432, 1, 2, 6, 4, 3, 2, 0
1288, 126433, 1, 2, 6, 4, 3, 3, 0
1289, 126434, 1, 2, 6, 4, 3, 4, 0
1290, 126435, 1, 2, 6, 4, 3, 5, 0
1291, 126441, 1, 2, 6, 4, 4, 1, 0
1292, 126442, 1, 2, 6, 4, 4, 2, 0
1293, 126443, 1, 2, 6, 4, 4, 3, 0
1294, 126444, 1, 2, 6, 4, 4, 4, 0
1295, 126445, 1, 2, 6, 4, 4, 5, 0
1296, 126451, 1, 2, 6, 4, 5, 1, 0
1297, 126452, 1, 2, 6, 4, 5, 2, 0
1298, 126453, 1, 2, 6, 4, 5, 3, 0
1299, 126454, 1, 2, 6, 4, 5, 4, 0
1300, 126455, 1, 2, 6, 4, 5, 5, 0
1301, 127111, 1, 2, 7, 1, 1, 1, 0
1302, 127112, 1, 2, 7, 1, 1, 2, 0
1303, 127113, 1, 2, 7, 1, 1, 3, 0
1304, 127114, 1, 2, 7, 1, 1, 4, 0
1305, 127115, 1, 2, 7, 1, 1, 5, 0
1306, 127121, 1, 2, 7, 1, 2, 1, 0
1307, 127122, 1, 2, 7, 1, 2, 2, 0
1308, 127123, 1, 2, 7, 1, 2, 3, 0
1309, 127124, 1, 2, 7, 1, 2, 4, 0
1310, 127125, 1, 2, 7, 1, 2, 5, 0
1311, 127131, 1, 2, 7, 1, 3, 1, 0
1312, 127132, 1, 2, 7, 1, 3, 2, 0
1313, 127133, 1, 2, 7, 1, 3, 3, 0
1314, 127134, 1, 2, 7, 1, 3, 4, 0
1315, 127135, 1, 2, 7, 1, 3, 5, 0
1316, 127141, 1, 2, 7, 1, 4, 1, 0
1317, 127142, 1, 2, 7, 1, 4, 2, 0
1318, 127143, 1, 2, 7, 1, 4, 3, 0
1319, 127144, 1, 2, 7, 1, 4, 4, 0
1320, 127145, 1, 2, 7, 1, 4, 5, 0
1321, 127151, 1, 2, 7, 1, 5, 1, 0
1322, 127152, 1, 2, 7, 1, 5, 2, 0
1323, 127153, 1, 2, 7, 1, 5, 3, 0
1324, 127154, 1, 2, 7, 1, 5, 4, 0
1325, 127155, 1, 2, 7, 1, 5, 5, 0
1326, 127211, 1, 2, 7, 2, 1, 1, 0
1327, 127212, 1, 2, 7, 2, 1, 2, 0
1328, 127213, 1, 2, 7, 2, 1, 3, 0
1329, 127214, 1, 2, 7, 2, 1, 4, 0
1330, 127215, 1, 2, 7, 2, 1, 5, 0
1331, 127221, 1, 2, 7, 2, 2, 1, 0
1332, 127222, 1, 2, 7, 2, 2, 2, 0
1333, 127223, 1, 2, 7, 2, 2, 3, 0
1334, 127224, 1, 2, 7, 2, 2, 4, 0
1335, 127225, 1, 2, 7, 2, 2, 5, 0
1336, 127231, 1, 2, 7, 2, 3, 1, 0
1337, 127232, 1, 2, 7, 2, 3, 2, 0
1338, 127233, 1, 2, 7, 2, 3, 3, 0
1339, 127234, 1, 2, 7, 2, 3, 4, 0
1340, 127235, 1, 2, 7, 2, 3, 5, 0
1341, 127241, 1, 2, 7, 2, 4, 1, 0
1342, 127242, 1, 2, 7, 2, 4, 2, 0
1343, 127243, 1, 2, 7, 2, 4, 3, 0
1344, 127244, 1, 2, 7, 2, 4, 4, 0
1345, 127245, 1, 2, 7, 2, 4, 5, 0
1346, 127251, 1, 2, 7, 2, 5, 1, 0
1347, 127252, 1, 2, 7, 2, 5, 2, 0
1348, 127253, 1, 2, 7, 2, 5, 3, 0
1349, 127254, 1, 2, 7, 2, 5, 4, 0
1350, 127255, 1, 2, 7, 2, 5, 5, 0
1351, 127311, 1, 2, 7, 3, 1, 1, 0
1352, 127312, 1, 2, 7, 3, 1, 2, 0
1353, 127313, 1, 2, 7, 3, 1, 3, 0
1354, 127314, 1, 2, 7, 3, 1, 4, 0
1355, 127315, 1, 2, 7, 3, 1, 5, 0
1356, 127321, 1, 2, 7, 3, 2, 1, 0
1357, 127322, 1, 2, 7, 3, 2, 2, 0
1358, 127323, 1, 2, 7, 3, 2, 3, 0
1359, 127324, 1, 2, 7, 3, 2, 4, 0
1360, 127325, 1, 2, 7, 3, 2, 5, 0
1361, 127331, 1, 2, 7, 3, 3, 1, 0
1362, 127332, 1, 2, 7, 3, 3, 2, 0
1363, 127333, 1, 2, 7, 3, 3, 3, 0
1364, 127334, 1, 2, 7, 3, 3, 4, 0
1365, 127335, 1, 2, 7, 3, 3, 5, 0
1366, 127341, 1, 2, 7, 3, 4, 1, 0
1367, 127342, 1, 2, 7, 3, 4, 2, 0
1368, 127343, 1, 2, 7, 3, 4, 3, 0
1369, 127344, 1, 2, 7, 3, 4, 4, 0
1370, 127345, 1, 2, 7, 3, 4, 5, 0
1371, 127351, 1, 2, 7, 3, 5, 1, 0
1372, 127352, 1, 2, 7, 3, 5, 2, 0
1373, 127353, 1, 2, 7, 3, 5, 3, 0
1374, 127354, 1, 2, 7, 3, 5, 4, 0
1375, 127355, 1, 2, 7, 3, 5, 5, 0
1376, 127411, 1, 2, 7, 4, 1, 1, 0
1377, 127412, 1, 2, 7, 4, 1, 2, 0
1378, 127413, 1, 2, 7, 4, 1, 3, 0
1379, 127414, 1, 2, 7, 4, 1, 4, 0
1380, 127415, 1, 2, 7, 4, 1, 5, 0
1381, 127421, 1, 2, 7, 4, 2, 1, 0
1382, 127422, 1, 2, 7, 4, 2, 2, 0
1383, 127423, 1, 2, 7, 4, 2, 3, 0
1384, 127424, 1, 2, 7, 4, 2, 4, 0
1385, 127425, 1, 2, 7, 4, 2, 5, 0
1386, 127431, 1, 2, 7, 4, 3, 1, 0
1387, 127432, 1, 2, 7, 4, 3, 2, 0
1388, 127433, 1, 2, 7, 4, 3, 3, 0
1389, 127434, 1, 2, 7, 4, 3, 4, 0
1390, 127435, 1, 2, 7, 4, 3, 5, 0
1391, 127441, 1, 2, 7, 4, 4, 1, 0
1392, 127442, 1, 2, 7, 4, 4, 2, 0
1393, 127443, 1, 2, 7, 4, 4, 3, 0
1394, 127444, 1, 2, 7, 4, 4, 4, 0
1395, 127445, 1, 2, 7, 4, 4, 5, 0
1396, 127451, 1, 2, 7, 4, 5, 1, 0
1397, 127452, 1, 2, 7, 4, 5, 2, 0
1398, 127453, 1, 2, 7, 4, 5, 3, 0
1399, 127454, 1, 2, 7, 4, 5, 4, 0
1400, 127455, 1, 2, 7, 4, 5, 5, 0
1401, 131111, 1, 3, 1, 1, 1, 1, 0
1402, 131112, 1, 3, 1, 1, 1, 2, 0
1403, 131113, 1, 3, 1, 1, 1, 3, 0
1404, 131114, 1, 3, 1, 1, 1, 4, 0
1405, 131115, 1, 3, 1, 1, 1, 5, 0
1406, 131121, 1, 3, 1, 1, 2, 1, 0
1407, 131122, 1, 3, 1, 1, 2, 2, 0
1408, 131123, 1, 3, 1, 1, 2, 3, 0
1409, 131124, 1, 3, 1, 1, 2, 4, 0
1410, 131125, 1, 3, 1, 1, 2, 5, 0
1411, 131131, 1, 3, 1, 1, 3, 1, 0
1412, 131132, 1, 3, 1, 1, 3, 2, 0
1413, 131133, 1, 3, 1, 1, 3, 3, 0
1414, 131134, 1, 3, 1, 1, 3, 4, 0
1415, 131135, 1, 3, 1, 1, 3, 5, 0
1416, 131141, 1, 3, 1, 1, 4, 1, 0
1417, 131142, 1, 3, 1, 1, 4, 2, 0
1418, 131143, 1, 3, 1, 1, 4, 3, 0
1419, 131144, 1, 3, 1, 1, 4, 4, 0
1420, 131145, 1, 3, 1, 1, 4, 5, 0
1421, 131151, 1, 3, 1, 1, 5, 1, 0
1422, 131152, 1, 3, 1, 1, 5, 2, 0
1423, 131153, 1, 3, 1, 1, 5, 3, 0
1424, 131154, 1, 3, 1, 1, 5, 4, 0
1425, 131155, 1, 3, 1, 1, 5, 5, 0
1426, 131211, 1, 3, 1, 2, 1, 1, 0
1427, 131212, 1, 3, 1, 2, 1, 2, 0
1428, 131213, 1, 3, 1, 2, 1, 3, 0
1429, 131214, 1, 3, 1, 2, 1, 4, 0
1430, 131215, 1, 3, 1, 2, 1, 5, 0
1431, 131221, 1, 3, 1, 2, 2, 1, 0
1432, 131222, 1, 3, 1, 2, 2, 2, 0
1433, 131223, 1, 3, 1, 2, 2, 3, 0
1434, 131224, 1, 3, 1, 2, 2, 4, 0
1435, 131225, 1, 3, 1, 2, 2, 5, 0
1436, 131231, 1, 3, 1, 2, 3, 1, 0
1437, 131232, 1, 3, 1, 2, 3, 2, 0
1438, 131233, 1, 3, 1, 2, 3, 3, 0
1439, 131234, 1, 3, 1, 2, 3, 4, 0
1440, 131235, 1, 3, 1, 2, 3, 5, 0
1441, 131241, 1, 3, 1, 2, 4, 1, 0
1442, 131242, 1, 3, 1, 2, 4, 2, 0
1443, 131243, 1, 3, 1, 2, 4, 3, 0
1444, 131244, 1, 3, 1, 2, 4, 4, 0
1445, 131245, 1, 3, 1, 2, 4, 5, 0
1446, 131251, 1, 3, 1, 2, 5, 1, 0
1447, 131252, 1, 3, 1, 2, 5, 2, 0
1448, 131253, 1, 3, 1, 2, 5, 3, 0
1449, 131254, 1, 3, 1, 2, 5, 4, 0
1450, 131255, 1, 3, 1, 2, 5, 5, 0
1451, 131311, 1, 3, 1, 3, 1, 1, 0
1452, 131312, 1, 3, 1, 3, 1, 2, 0
1453, 131313, 1, 3, 1, 3, 1, 3, 0
1454, 131314, 1, 3, 1, 3, 1, 4, 0
1455, 131315, 1, 3, 1, 3, 1, 5, 0
1456, 131321, 1, 3, 1, 3, 2, 1, 0
1457, 131322, 1, 3, 1, 3, 2, 2, 0
1458, 131323, 1, 3, 1, 3, 2, 3, 0
1459, 131324, 1, 3, 1, 3, 2, 4, 0
1460, 131325, 1, 3, 1, 3, 2, 5, 0
1461, 131331, 1, 3, 1, 3, 3, 1, 0
1462, 131332, 1, 3, 1, 3, 3, 2, 0
1463, 131333, 1, 3, 1, 3, 3, 3, 0
1464, 131334, 1, 3, 1, 3, 3, 4, 0
1465, 131335, 1, 3, 1, 3, 3, 5, 0
1466, 131341, 1, 3, 1, 3, 4, 1, 0
1467, 131342, 1, 3, 1, 3, 4, 2, 0
1468, 131343, 1, 3, 1, 3, 4, 3, 0
1469, 131344, 1, 3, 1, 3, 4, 4, 0
1470, 131345, 1, 3, 1, 3, 4, 5, 0
1471, 131351, 1, 3, 1, 3, 5, 1, 0
1472, 131352, 1, 3, 1, 3, 5, 2, 0
1473, 131353, 1, 3, 1, 3, 5, 3, 0
1474, 131354, 1, 3, 1, 3, 5, 4, 0
1475, 131355, 1, 3, 1, 3, 5, 5, 0
1476, 131411, 1, 3, 1, 4, 1, 1, 0
1477, 131412, 1, 3, 1, 4, 1, 2, 0
1478, 131413, 1, 3, 1, 4, 1, 3, 0
1479, 131414, 1, 3, 1, 4, 1, 4, 0
1480, 131415, 1, 3, 1, 4, 1, 5, 0
1481, 131421, 1, 3, 1, 4, 2, 1, 0
1482, 131422, 1, 3, 1, 4, 2, 2, 0
1483, 131423, 1, 3, 1, 4, 2, 3, 0
1484, 131424, 1, 3, 1, 4, 2, 4, 0
1485, 131425, 1, 3, 1, 4, 2, 5, 0
1486, 131431, 1, 3, 1, 4, 3, 1, 0
1487, 131432, 1, 3, 1, 4, 3, 2, 0
1488, 131433, 1, 3, 1, 4, 3, 3, 0
1489, 131434, 1, 3, 1, 4, 3, 4, 0
1490, 131435, 1, 3, 1, 4, 3, 5, 0
1491, 131441, 1, 3, 1, 4, 4, 1, 0
1492, 131442, 1, 3, 1, 4, 4, 2, 0
1493, 131443, 1, 3, 1, 4, 4, 3, 0
1494, 131444, 1, 3, 1, 4, 4, 4, 0
1495, 131445, 1, 3, 1, 4, 4, 5, 0
1496, 131451, 1, 3, 1, 4, 5, 1, 0
1497, 131452, 1, 3, 1, 4, 5, 2, 0
1498, 131453, 1, 3, 1, 4, 5, 3, 0
1499, 131454, 1, 3, 1, 4, 5, 4, 0
1500, 131455, 1, 3, 1, 4, 5, 5, 0
1501, 132111, 1, 3, 2, 1, 1, 1, 0
1502, 132112, 1, 3, 2, 1, 1, 2, 0
1503, 132113, 1, 3, 2, 1, 1, 3, 0
1504, 132114, 1, 3, 2, 1, 1, 4, 0
1505, 132115, 1, 3, 2, 1, 1, 5, 0
1506, 132121, 1, 3, 2, 1, 2, 1, 0
1507, 132122, 1, 3, 2, 1, 2, 2, 0
1508, 132123, 1, 3, 2, 1, 2, 3, 0
1509, 132124, 1, 3, 2, 1, 2, 4, 0
1510, 132125, 1, 3, 2, 1, 2, 5, 0
1511, 132131, 1, 3, 2, 1, 3, 1, 0
1512, 132132, 1, 3, 2, 1, 3, 2, 0
1513, 132133, 1, 3, 2, 1, 3, 3, 0
1514, 132134, 1, 3, 2, 1, 3, 4, 0
1515, 132135, 1, 3, 2, 1, 3, 5, 0
1516, 132141, 1, 3, 2, 1, 4, 1, 0
1517, 132142, 1, 3, 2, 1, 4, 2, 0
1518, 132143, 1, 3, 2, 1, 4, 3, 0
1519, 132144, 1, 3, 2, 1, 4, 4, 0
1520, 132145, 1, 3, 2, 1, 4, 5, 0
1521, 132151, 1, 3, 2, 1, 5, 1, 0
1522, 132152, 1, 3, 2, 1, 5, 2, 0
1523, 132153, 1, 3, 2, 1, 5, 3, 0
1524, 132154, 1, 3, 2, 1, 5, 4, 0
1525, 132155, 1, 3, 2, 1, 5, 5, 0
1526, 132211, 1, 3, 2, 2, 1, 1, 0
1527, 132212, 1, 3, 2, 2, 1, 2, 0
1528, 132213, 1, 3, 2, 2, 1, 3, 0
1529, 132214, 1, 3, 2, 2, 1, 4, 0
1530, 132215, 1, 3, 2, 2, 1, 5, 0
1531, 132221, 1, 3, 2, 2, 2, 1, 0
1532, 132222, 1, 3, 2, 2, 2, 2, 0
1533, 132223, 1, 3, 2, 2, 2, 3, 0
1534, 132224, 1, 3, 2, 2, 2, 4, 0
1535, 132225, 1, 3, 2, 2, 2, 5, 0
1536, 132231, 1, 3, 2, 2, 3, 1, 0
1537, 132232, 1, 3, 2, 2, 3, 2, 0
1538, 132233, 1, 3, 2, 2, 3, 3, 0
1539, 132234, 1, 3, 2, 2, 3, 4, 0
1540, 132235, 1, 3, 2, 2, 3, 5, 0
1541, 132241, 1, 3, 2, 2, 4, 1, 0
1542, 132242, 1, 3, 2, 2, 4, 2, 0
1543, 132243, 1, 3, 2, 2, 4, 3, 0
1544, 132244, 1, 3, 2, 2, 4, 4, 0
1545, 132245, 1, 3, 2, 2, 4, 5, 0
1546, 132251, 1, 3, 2, 2, 5, 1, 0
1547, 132252, 1, 3, 2, 2, 5, 2, 0
1548, 132253, 1, 3, 2, 2, 5, 3, 0
1549, 132254, 1, 3, 2, 2, 5, 4, 0
1550, 132255, 1, 3, 2, 2, 5, 5, 0
1551, 132311, 1, 3, 2, 3, 1, 1, 0
1552, 132312, 1, 3, 2, 3, 1, 2, 0
1553, 132313, 1, 3, 2, 3, 1, 3, 0
1554, 132314, 1, 3, 2, 3, 1, 4, 0
1555, 132315, 1, 3, 2, 3, 1, 5, 0
1556, 132321, 1, 3, 2, 3, 2, 1, 0
1557, 132322, 1, 3, 2, 3, 2, 2, 0
1558, 132323, 1, 3, 2, 3, 2, 3, 0
1559, 132324, 1, 3, 2, 3, 2, 4, 0
1560, 132325, 1, 3, 2, 3, 2, 5, 0
1561, 132331, 1, 3, 2, 3, 3, 1, 0
1562, 132332, 1, 3, 2, 3, 3, 2, 0
1563, 132333, 1, 3, 2, 3, 3, 3, 0
1564, 132334, 1, 3, 2, 3, 3, 4, 0
1565, 132335, 1, 3, 2, 3, 3, 5, 0
1566, 132341, 1, 3, 2, 3, 4, 1, 0
1567, 132342, 1, 3, 2, 3, 4, 2, 0
1568, 132343, 1, 3, 2, 3, 4, 3, 0
1569, 132344, 1, 3, 2, 3, 4, 4, 0
1570, 132345, 1, 3, 2, 3, 4, 5, 0
1571, 132351, 1, 3, 2, 3, 5, 1, 0
1572, 132352, 1, 3, 2, 3, 5, 2, 0
1573, 132353, 1, 3, 2, 3, 5, 3, 0
1574, 132354, 1, 3, 2, 3, 5, 4, 0
1575, 132355, 1, 3, 2, 3, 5, 5, 0
1576, 132411, 1, 3, 2, 4, 1, 1, 0
1577, 132412, 1, 3, 2, 4, 1, 2, 0
1578, 132413, 1, 3, 2, 4, 1, 3, 0
1579, 132414, 1, 3, 2, 4, 1, 4, 0
1580, 132415, 1, 3, 2, 4, 1, 5, 0
1581, 132421, 1, 3, 2, 4, 2, 1, 0
1582, 132422, 1, 3, 2, 4, 2, 2, 0
1583, 132423, 1, 3, 2, 4, 2, 3, 0
1584, 132424, 1, 3, 2, 4, 2, 4, 0
1585, 132425, 1, 3, 2, 4, 2, 5, 0
1586, 132431, 1, 3, 2, 4, 3, 1, 0
1587, 132432, 1, 3, 2, 4, 3, 2, 0
1588, 132433, 1, 3, 2, 4, 3, 3, 0
1589, 132434, 1, 3, 2, 4, 3, 4, 0
1590, 132435, 1, 3, 2, 4, 3, 5, 0
1591, 132441, 1, 3, 2, 4, 4, 1, 0
1592, 132442, 1, 3, 2, 4, 4, 2, 0
1593, 132443, 1, 3, 2, 4, 4, 3, 0
1594, 132444, 1, 3, 2, 4, 4, 4, 0
1595, 132445, 1, 3, 2, 4, 4, 5, 0
1596, 132451, 1, 3, 2, 4, 5, 1, 0
1597, 132452, 1, 3, 2, 4, 5, 2, 0
1598, 132453, 1, 3, 2, 4, 5, 3, 0
1599, 132454, 1, 3, 2, 4, 5, 4, 0
1600, 132455, 1, 3, 2, 4, 5, 5, 0
1601, 133111, 1, 3, 3, 1, 1, 1, 0
1602, 133112, 1, 3, 3, 1, 1, 2, 0
1603, 133113, 1, 3, 3, 1, 1, 3, 0
1604, 133114, 1, 3, 3, 1, 1, 4, 0
1605, 133115, 1, 3, 3, 1, 1, 5, 0
1606, 133121, 1, 3, 3, 1, 2, 1, 0
1607, 133122, 1, 3, 3, 1, 2, 2, 0
1608, 133123, 1, 3, 3, 1, 2, 3, 0
1609, 133124, 1, 3, 3, 1, 2, 4, 0
1610, 133125, 1, 3, 3, 1, 2, 5, 0
1611, 133131, 1, 3, 3, 1, 3, 1, 0
1612, 133132, 1, 3, 3, 1, 3, 2, 0
1613, 133133, 1, 3, 3, 1, 3, 3, 0
1614, 133134, 1, 3, 3, 1, 3, 4, 0
1615, 133135, 1, 3, 3, 1, 3, 5, 0
1616, 133141, 1, 3, 3, 1, 4, 1, 0
1617, 133142, 1, 3, 3, 1, 4, 2, 0
1618, 133143, 1, 3, 3, 1, 4, 3, 0
1619, 133144, 1, 3, 3, 1, 4, 4, 0
1620, 133145, 1, 3, 3, 1, 4, 5, 0
1621, 133151, 1, 3, 3, 1, 5, 1, 0
1622, 133152, 1, 3, 3, 1, 5, 2, 0
1623, 133153, 1, 3, 3, 1, 5, 3, 0
1624, 133154, 1, 3, 3, 1, 5, 4, 0
1625, 133155, 1, 3, 3, 1, 5, 5, 0
1626, 133211, 1, 3, 3, 2, 1, 1, 0
1627, 133212, 1, 3, 3, 2, 1, 2, 0
1628, 133213, 1, 3, 3, 2, 1, 3, 0
1629, 133214, 1, 3, 3, 2, 1, 4, 0
1630, 133215, 1, 3, 3, 2, 1, 5, 0
1631, 133221, 1, 3, 3, 2, 2, 1, 0
1632, 133222, 1, 3, 3, 2, 2, 2, 0
1633, 133223, 1, 3, 3, 2, 2, 3, 0
1634, 133224, 1, 3, 3, 2, 2, 4, 0
1635, 133225, 1, 3, 3, 2, 2, 5, 0
1636, 133231, 1, 3, 3, 2, 3, 1, 0
1637, 133232, 1, 3, 3, 2, 3, 2, 0
1638, 133233, 1, 3, 3, 2, 3, 3, 0
1639, 133234, 1, 3, 3, 2, 3, 4, 0
1640, 133235, 1, 3, 3, 2, 3, 5, 0
1641, 133241, 1, 3, 3, 2, 4, 1, 0
1642, 133242, 1, 3, 3, 2, 4, 2, 0
1643, 133243, 1, 3, 3, 2, 4, 3, 0
1644, 133244, 1, 3, 3, 2, 4, 4, 0
1645, 133245, 1, 3, 3, 2, 4, 5, 0
1646, 133251, 1, 3, 3, 2, 5, 1, 0
1647, 133252, 1, 3, 3, 2, 5, 2, 0
1648, 133253, 1, 3, 3, 2, 5, 3, 0
1649, 133254, 1, 3, 3, 2, 5, 4, 0
1650, 133255, 1, 3, 3, 2, 5, 5, 0
1651, 133311, 1, 3, 3, 3, 1, 1, 0
1652, 133312, 1, 3, 3, 3, 1, 2, 0
1653, 133313, 1, 3, 3, 3, 1, 3, 0
1654, 133314, 1, 3, 3, 3, 1, 4, 0
1655, 133315, 1, 3, 3, 3, 1, 5, 0
1656, 133321, 1, 3, 3, 3, 2, 1, 0
1657, 133322, 1, 3, 3, 3, 2, 2, 0
1658, 133323, 1, 3, 3, 3, 2, 3, 0
1659, 133324, 1, 3, 3, 3, 2, 4, 0
1660, 133325, 1, 3, 3, 3, 2, 5, 0
1661, 133331, 1, 3, 3, 3, 3, 1, 0
1662, 133332, 1, 3, 3, 3, 3, 2, 0
1663, 133333, 1, 3, 3, 3, 3, 3, 0
1664, 133334, 1, 3, 3, 3, 3, 4, 0
1665, 133335, 1, 3, 3, 3, 3, 5, 0
1666, 133341, 1, 3, 3, 3, 4, 1, 0
1667, 133342, 1, 3, 3, 3, 4, 2, 0
1668, 133343, 1, 3, 3, 3, 4, 3, 0
1669, 133344, 1, 3, 3, 3, 4, 4, 0
1670, 133345, 1, 3, 3, 3, 4, 5, 0
1671, 133351, 1, 3, 3, 3, 5, 1, 0
1672, 133352, 1, 3, 3, 3, 5, 2, 0
1673, 133353, 1, 3, 3, 3, 5, 3, 0
1674, 133354, 1, 3, 3, 3, 5, 4, 0
1675, 133355, 1, 3, 3, 3, 5, 5, 0
1676, 133411, 1, 3, 3, 4, 1, 1, 0
1677, 133412, 1, 3, 3, 4, 1, 2, 0
1678, 133413, 1, 3, 3, 4, 1, 3, 0
1679, 133414, 1, 3, 3, 4, 1, 4, 0
1680, 133415, 1, 3, 3, 4, 1, 5, 0
1681, 133421, 1, 3, 3, 4, 2, 1, 0
1682, 133422, 1, 3, 3, 4, 2, 2, 0
1683, 133423, 1, 3, 3, 4, 2, 3, 0
1684, 133424, 1, 3, 3, 4, 2, 4, 0
1685, 133425, 1, 3, 3, 4, 2, 5, 0
1686, 133431, 1, 3, 3, 4, 3, 1, 0
1687, 133432, 1, 3, 3, 4, 3, 2, 0
1688, 133433, 1, 3, 3, 4, 3, 3, 0
1689, 133434, 1, 3, 3, 4, 3, 4, 0
1690, 133435, 1, 3, 3, 4, 3, 5, 0
1691, 133441, 1, 3, 3, 4, 4, 1, 0
1692, 133442, 1, 3, 3, 4, 4, 2, 0
1693, 133443, 1, 3, 3, 4, 4, 3, 0
1694, 133444, 1, 3, 3, 4, 4, 4, 0
1695, 133445, 1, 3, 3, 4, 4, 5, 0
1696, 133451, 1, 3, 3, 4, 5, 1, 0
1697, 133452, 1, 3, 3, 4, 5, 2, 0
1698, 133453, 1, 3, 3, 4, 5, 3, 0
1699, 133454, 1, 3, 3, 4, 5, 4, 0
1700, 133455, 1, 3, 3, 4, 5, 5, 0
1701, 134111, 1, 3, 4, 1, 1, 1, 0
1702, 134112, 1, 3, 4, 1, 1, 2, 0
1703, 134113, 1, 3, 4, 1, 1, 3, 0
1704, 134114, 1, 3, 4, 1, 1, 4, 0
1705, 134115, 1, 3, 4, 1, 1, 5, 0
1706, 134121, 1, 3, 4, 1, 2, 1, 0
1707, 134122, 1, 3, 4, 1, 2, 2, 0
1708, 134123, 1, 3, 4, 1, 2, 3, 0
1709, 134124, 1, 3, 4, 1, 2, 4, 0
1710, 134125, 1, 3, 4, 1, 2, 5, 0
1711, 134131, 1, 3, 4, 1, 3, 1, 0
1712, 134132, 1, 3, 4, 1, 3, 2, 0
1713, 134133, 1, 3, 4, 1, 3, 3, 0
1714, 134134, 1, 3, 4, 1, 3, 4, 0
1715, 134135, 1, 3, 4, 1, 3, 5, 0
1716, 134141, 1, 3, 4, 1, 4, 1, 0
1717, 134142, 1, 3, 4, 1, 4, 2, 0
1718, 134143, 1, 3, 4, 1, 4, 3, 0
1719, 134144, 1, 3, 4, 1, 4, 4, 0
1720, 134145, 1, 3, 4, 1, 4, 5, 0
1721, 134151, 1, 3, 4, 1, 5, 1, 0
1722, 134152, 1, 3, 4, 1, 5, 2, 0
1723, 134153, 1, 3, 4, 1, 5, 3, 0
1724, 134154, 1, 3, 4, 1, 5, 4, 0
1725, 134155, 1, 3, 4, 1, 5, 5, 0
1726, 134211, 1, 3, 4, 2, 1, 1, 0
1727, 134212, 1, 3, 4, 2, 1, 2, 0
1728, 134213, 1, 3, 4, 2, 1, 3, 0
1729, 134214, 1, 3, 4, 2, 1, 4, 0
1730, 134215, 1, 3, 4, 2, 1, 5, 0
1731, 134221, 1, 3, 4, 2, 2, 1, 0
1732, 134222, 1, 3, 4, 2, 2, 2, 0
1733, 134223, 1, 3, 4, 2, 2, 3, 0
1734, 134224, 1, 3, 4, 2, 2, 4, 0
1735, 134225, 1, 3, 4, 2, 2, 5, 0
1736, 134231, 1, 3, 4, 2, 3, 1, 0
1737, 134232, 1, 3, 4, 2, 3, 2, 0
1738, 134233, 1, 3, 4, 2, 3, 3, 0
1739, 134234, 1, 3, 4, 2, 3, 4, 0
1740, 134235, 1, 3, 4, 2, 3, 5, 0
1741, 134241, 1, 3, 4, 2, 4, 1, 0
1742, 134242, 1, 3, 4, 2, 4, 2, 0
1743, 134243, 1, 3, 4, 2, 4, 3, 0
1744, 134244, 1, 3, 4, 2, 4, 4, 0
1745, 134245, 1, 3, 4, 2, 4, 5, 0
1746, 134251, 1, 3, 4, 2, 5, 1, 0
1747, 134252, 1, 3, 4, 2, 5, 2, 0
1748, 134253, 1, 3, 4, 2, 5, 3, 0
1749, 134254, 1, 3, 4, 2, 5, 4, 0
1750, 134255, 1, 3, 4, 2, 5, 5, 0
1751, 134311, 1, 3, 4, 3, 1, 1, 0
1752, 134312, 1, 3, 4, 3, 1, 2, 0
1753, 134313, 1, 3, 4, 3, 1, 3, 0
1754, 134314, 1, 3, 4, 3, 1, 4, 0
1755, 134315, 1, 3, 4, 3, 1, 5, 0
1756, 134321, 1, 3, 4, 3, 2, 1, 0
1757, 134322, 1, 3, 4, 3, 2, 2, 0
1758, 134323, 1, 3, 4, 3, 2, 3, 0
1759, 134324, 1, 3, 4, 3, 2, 4, 0
1760, 134325, 1, 3, 4, 3, 2, 5, 0
1761, 134331, 1, 3, 4, 3, 3, 1, 0
1762, 134332, 1, 3, 4, 3, 3, 2, 0
1763, 134333, 1, 3, 4, 3, 3, 3, 0
1764, 134334, 1, 3, 4, 3, 3, 4, 0
1765, 134335, 1, 3, 4, 3, 3, 5, 0
1766, 134341, 1, 3, 4, 3, 4, 1, 0
1767, 134342, 1, 3, 4, 3, 4, 2, 0
1768, 134343, 1, 3, 4, 3, 4, 3, 0
1769, 134344, 1, 3, 4, 3, 4, 4, 0
1770, 134345, 1, 3, 4, 3, 4, 5, 0
1771, 134351, 1, 3, 4, 3, 5, 1, 0
1772, 134352, 1, 3, 4, 3, 5, 2, 0
1773, 134353, 1, 3, 4, 3, 5, 3, 0
1774, 134354, 1, 3, 4, 3, 5, 4, 0
1775, 134355, 1, 3, 4, 3, 5, 5, 0
1776, 134411, 1, 3, 4, 4, 1, 1, 0
1777, 134412, 1, 3, 4, 4, 1, 2, 0
1778, 134413, 1, 3, 4, 4, 1, 3, 0
1779, 134414, 1, 3, 4, 4, 1, 4, 0
1780, 134415, 1, 3, 4, 4, 1, 5, 0
1781, 134421, 1, 3, 4, 4, 2, 1, 0
1782, 134422, 1, 3, 4, 4, 2, 2, 0
1783, 134423, 1, 3, 4, 4, 2, 3, 0
1784, 134424, 1, 3, 4, 4, 2, 4, 0
1785, 134425, 1, 3, 4, 4, 2, 5, 0
1786, 134431, 1, 3, 4, 4, 3, 1, 0
1787, 134432, 1, 3, 4, 4, 3, 2, 0
1788, 134433, 1, 3, 4, 4, 3, 3, 0
1789, 134434, 1, 3, 4, 4, 3, 4, 0
1790, 134435, 1, 3, 4, 4, 3, 5, 0
1791, 134441, 1, 3, 4, 4, 4, 1, 0
1792, 134442, 1, 3, 4, 4, 4, 2, 0
1793, 134443, 1, 3, 4, 4, 4, 3, 0
1794, 134444, 1, 3, 4, 4, 4, 4, 0
1795, 134445, 1, 3, 4, 4, 4, 5, 0
1796, 134451, 1, 3, 4, 4, 5, 1, 0
1797, 134452, 1, 3, 4, 4, 5, 2, 0
1798, 134453, 1, 3, 4, 4, 5, 3, 0
1799, 134454, 1, 3, 4, 4, 5, 4, 0
1800, 134455, 1, 3, 4, 4, 5, 5, 0
1801, 135111, 1, 3, 5, 1, 1, 1, 0
1802, 135112, 1, 3, 5, 1, 1, 2, 0
1803, 135113, 1, 3, 5, 1, 1, 3, 0
1804, 135114, 1, 3, 5, 1, 1, 4, 0
1805, 135115, 1, 3, 5, 1, 1, 5, 0
1806, 135121, 1, 3, 5, 1, 2, 1, 0
1807, 135122, 1, 3, 5, 1, 2, 2, 0
1808, 135123, 1, 3, 5, 1, 2, 3, 0
1809, 135124, 1, 3, 5, 1, 2, 4, 0
1810, 135125, 1, 3, 5, 1, 2, 5, 0
1811, 135131, 1, 3, 5, 1, 3, 1, 0
1812, 135132, 1, 3, 5, 1, 3, 2, 0
1813, 135133, 1, 3, 5, 1, 3, 3, 0
1814, 135134, 1, 3, 5, 1, 3, 4, 0
1815, 135135, 1, 3, 5, 1, 3, 5, 0
1816, 135141, 1, 3, 5, 1, 4, 1, 0
1817, 135142, 1, 3, 5, 1, 4, 2, 0
1818, 135143, 1, 3, 5, 1, 4, 3, 0
1819, 135144, 1, 3, 5, 1, 4, 4, 0
1820, 135145, 1, 3, 5, 1, 4, 5, 0
1821, 135151, 1, 3, 5, 1, 5, 1, 0
1822, 135152, 1, 3, 5, 1, 5, 2, 0
1823, 135153, 1, 3, 5, 1, 5, 3, 0
1824, 135154, 1, 3, 5, 1, 5, 4, 0
1825, 135155, 1, 3, 5, 1, 5, 5, 0
1826, 135211, 1, 3, 5, 2, 1, 1, 0
1827, 135212, 1, 3, 5, 2, 1, 2, 0
1828, 135213, 1, 3, 5, 2, 1, 3, 0
1829, 135214, 1, 3, 5, 2, 1, 4, 0
1830, 135215, 1, 3, 5, 2, 1, 5, 0
1831, 135221, 1, 3, 5, 2, 2, 1, 0
1832, 135222, 1, 3, 5, 2, 2, 2, 0
1833, 135223, 1, 3, 5, 2, 2, 3, 0
1834, 135224, 1, 3, 5, 2, 2, 4, 0
1835, 135225, 1, 3, 5, 2, 2, 5, 0
1836, 135231, 1, 3, 5, 2, 3, 1, 0
1837, 135232, 1, 3, 5, 2, 3, 2, 0
1838, 135233, 1, 3, 5, 2, 3, 3, 0
1839, 135234, 1, 3, 5, 2, 3, 4, 0
1840, 135235, 1, 3, 5, 2, 3, 5, 0
1841, 135241, 1, 3, 5, 2, 4, 1, 0
1842, 135242, 1, 3, 5, 2, 4, 2, 0
1843, 135243, 1, 3, 5, 2, 4, 3, 0
1844, 135244, 1, 3, 5, 2, 4, 4, 0
1845, 135245, 1, 3, 5, 2, 4, 5, 0
1846, 135251, 1, 3, 5, 2, 5, 1, 0
1847, 135252, 1, 3, 5, 2, 5, 2, 0
1848, 135253, 1, 3, 5, 2, 5, 3, 0
1849, 135254, 1, 3, 5, 2, 5, 4, 0
1850, 135255, 1, 3, 5, 2, 5, 5, 0
1851, 135311, 1, 3, 5, 3, 1, 1, 0
1852, 135312, 1, 3, 5, 3, 1, 2, 0
1853, 135313, 1, 3, 5, 3, 1, 3, 0
1854, 135314, 1, 3, 5, 3, 1, 4, 0
1855, 135315, 1, 3, 5, 3, 1, 5, 0
1856, 135321, 1, 3, 5, 3, 2, 1, 0
1857, 135322, 1, 3, 5, 3, 2, 2, 0
1858, 135323, 1, 3, 5, 3, 2, 3, 0
1859, 135324, 1, 3, 5, 3, 2, 4, 0
1860, 135325, 1, 3, 5, 3, 2, 5, 0
1861, 135331, 1, 3, 5, 3, 3, 1, 0
1862, 135332, 1, 3, 5, 3, 3, 2, 0
1863, 135333, 1, 3, 5, 3, 3, 3, 0
1864, 135334, 1, 3, 5, 3, 3, 4, 0
1865, 135335, 1, 3, 5, 3, 3, 5, 0
1866, 135341, 1, 3, 5, 3, 4, 1, 0
1867, 135342, 1, 3, 5, 3, 4, 2, 0
1868, 135343, 1, 3, 5, 3, 4, 3, 0
1869, 135344, 1, 3, 5, 3, 4, 4, 0
1870, 135345, 1, 3, 5, 3, 4, 5, 0
1871, 135351, 1, 3, 5, 3, 5, 1, 0
1872, 135352, 1, 3, 5, 3, 5, 2, 0
1873, 135353, 1, 3, 5, 3, 5, 3, 0
1874, 135354, 1, 3, 5, 3, 5, 4, 0
1875, 135355, 1, 3, 5, 3, 5, 5, 0
1876, 135411, 1, 3, 5, 4, 1, 1, 0
1877, 135412, 1, 3, 5, 4, 1, 2, 0
1878, 135413, 1, 3, 5, 4, 1, 3, 0
1879, 135414, 1, 3, 5, 4, 1, 4, 0
1880, 135415, 1, 3, 5, 4, 1, 5, 0
1881, 135421, 1, 3, 5, 4, 2, 1, 0
1882, 135422, 1, 3, 5, 4, 2, 2, 0
1883, 135423, 1, 3, 5, 4, 2, 3, 0
1884, 135424, 1, 3, 5, 4, 2, 4, 0
1885, 135425, 1, 3, 5, 4, 2, 5, 0
1886, 135431, 1, 3, 5, 4, 3, 1, 0
1887, 135432, 1, 3, 5, 4, 3, 2, 0
1888, 135433, 1, 3, 5, 4, 3, 3, 0
1889, 135434, 1, 3, 5, 4, 3, 4, 0
1890, 135435, 1, 3, 5, 4, 3, 5, 0
1891, 135441, 1, 3, 5, 4, 4, 1, 0
1892, 135442, 1, 3, 5, 4, 4, 2, 0
1893, 135443, 1, 3, 5, 4, 4, 3, 0
1894, 135444, 1, 3, 5, 4, 4, 4, 0
1895, 135445, 1, 3, 5, 4, 4, 5, 0
1896, 135451, 1, 3, 5, 4, 5, 1, 0
1897, 135452, 1, 3, 5, 4, 5, 2, 0
1898, 135453, 1, 3, 5, 4, 5, 3, 0
1899, 135454, 1, 3, 5, 4, 5, 4, 0
1900, 135455, 1, 3, 5, 4, 5, 5, 0
1901, 136111, 1, 3, 6, 1, 1, 1, 0
1902, 136112, 1, 3, 6, 1, 1, 2, 0
1903, 136113, 1, 3, 6, 1, 1, 3, 0
1904, 136114, 1, 3, 6, 1, 1, 4, 0
1905, 136115, 1, 3, 6, 1, 1, 5, 0
1906, 136121, 1, 3, 6, 1, 2, 1, 0
1907, 136122, 1, 3, 6, 1, 2, 2, 0
1908, 136123, 1, 3, 6, 1, 2, 3, 0
1909, 136124, 1, 3, 6, 1, 2, 4, 0
1910, 136125, 1, 3, 6, 1, 2, 5, 0
1911, 136131, 1, 3, 6, 1, 3, 1, 0
1912, 136132, 1, 3, 6, 1, 3, 2, 0
1913, 136133, 1, 3, 6, 1, 3, 3, 0
1914, 136134, 1, 3, 6, 1, 3, 4, 0
1915, 136135, 1, 3, 6, 1, 3, 5, 0
1916, 136141, 1, 3, 6, 1, 4, 1, 0
1917, 136142, 1, 3, 6, 1, 4, 2, 0
1918, 136143, 1, 3, 6, 1, 4, 3, 0
1919, 136144, 1, 3, 6, 1, 4, 4, 0
1920, 136145, 1, 3, 6, 1, 4, 5, 0
1921, 136151, 1, 3, 6, 1, 5, 1, 0
1922, 136152, 1, 3, 6, 1, 5, 2, 0
1923, 136153, 1, 3, 6, 1, 5, 3, 0
1924, 136154, 1, 3, 6, 1, 5, 4, 0
1925, 136155, 1, 3, 6, 1, 5, 5, 0
1926, 136211, 1, 3, 6, 2, 1, 1, 0
1927, 136212, 1, 3, 6, 2, 1, 2, 0
1928, 136213, 1, 3, 6, 2, 1, 3, 0
1929, 136214, 1, 3, 6, 2, 1, 4, 0
1930, 136215, 1, 3, 6, 2, 1, 5, 0
1931, 136221, 1, 3, 6, 2, 2, 1, 0
1932, 136222, 1, 3, 6, 2, 2, 2, 0
1933, 136223, 1, 3, 6, 2, 2, 3, 0
1934, 136224, 1, 3, 6, 2, 2, 4, 0
1935, 136225, 1, 3, 6, 2, 2, 5, 0
1936, 136231, 1, 3, 6, 2, 3, 1, 0
1937, 136232, 1, 3, 6, 2, 3, 2, 0
1938, 136233, 1, 3, 6, 2, 3, 3, 0
1939, 136234, 1, 3, 6, 2, 3, 4, 0
1940, 136235, 1, 3, 6, 2, 3, 5, 0
1941, 136241, 1, 3, 6, 2, 4, 1, 0
1942, 136242, 1, 3, 6, 2, 4, 2, 0
1943, 136243, 1, 3, 6, 2, 4, 3, 0
1944, 136244, 1, 3, 6, 2, 4, 4, 0
1945, 136245, 1, 3, 6, 2, 4, 5, 0
1946, 136251, 1, 3, 6, 2, 5, 1, 0
1947, 136252, 1, 3, 6, 2, 5, 2, 0
1948, 136253, 1, 3, 6, 2, 5, 3, 0
1949, 136254, 1, 3, 6, 2, 5, 4, 0
1950, 136255, 1, 3, 6, 2, 5, 5, 0
1951, 136311, 1, 3, 6, 3, 1, 1, 0
1952, 136312, 1, 3, 6, 3, 1, 2, 0
1953, 136313, 1, 3, 6, 3, 1, 3, 0
1954, 136314, 1, 3, 6, 3, 1, 4, 0
1955, 136315, 1, 3, 6, 3, 1, 5, 0
1956, 136321, 1, 3, 6, 3, 2, 1, 0
1957, 136322, 1, 3, 6, 3, 2, 2, 0
1958, 136323, 1, 3, 6, 3, 2, 3, 0
1959, 136324, 1, 3, 6, 3, 2, 4, 0
1960, 136325, 1, 3, 6, 3, 2, 5, 0
1961, 136331, 1, 3, 6, 3, 3, 1, 0
1962, 136332, 1, 3, 6, 3, 3, 2, 0
1963, 136333, 1, 3, 6, 3, 3, 3, 0
1964, 136334, 1, 3, 6, 3, 3, 4, 0
1965, 136335, 1, 3, 6, 3, 3, 5, 0
1966, 136341, 1, 3, 6, 3, 4, 1, 0
1967, 136342, 1, 3, 6, 3, 4, 2, 0
1968, 136343, 1, 3, 6, 3, 4, 3, 0
1969, 136344, 1, 3, 6, 3, 4, 4, 0
1970, 136345, 1, 3, 6, 3, 4, 5, 0
1971, 136351, 1, 3, 6, 3, 5, 1, 0
1972, 136352, 1, 3, 6, 3, 5, 2, 0
1973, 136353, 1, 3, 6, 3, 5, 3, 0
1974, 136354, 1, 3, 6, 3, 5, 4, 0
1975, 136355, 1, 3, 6, 3, 5, 5, 0
1976, 136411, 1, 3, 6, 4, 1, 1, 0
1977, 136412, 1, 3, 6, 4, 1, 2, 0
1978, 136413, 1, 3, 6, 4, 1, 3, 0
1979, 136414, 1, 3, 6, 4, 1, 4, 0
1980, 136415, 1, 3, 6, 4, 1, 5, 0
1981, 136421, 1, 3, 6, 4, 2, 1, 0
1982, 136422, 1, 3, 6, 4, 2, 2, 0
1983, 136423, 1, 3, 6, 4, 2, 3, 0
1984, 136424, 1, 3, 6, 4, 2, 4, 0
1985, 136425, 1, 3, 6, 4, 2, 5, 0
1986, 136431, 1, 3, 6, 4, 3, 1, 0
1987, 136432, 1, 3, 6, 4, 3, 2, 0
1988, 136433, 1, 3, 6, 4, 3, 3, 0
1989, 136434, 1, 3, 6, 4, 3, 4, 0
1990, 136435, 1, 3, 6, 4, 3, 5, 0
1991, 136441, 1, 3, 6, 4, 4, 1, 0
1992, 136442, 1, 3, 6, 4, 4, 2, 0
1993, 136443, 1, 3, 6, 4, 4, 3, 0
1994, 136444, 1, 3, 6, 4, 4, 4, 0
1995, 136445, 1, 3, 6, 4, 4, 5, 0
1996, 136451, 1, 3, 6, 4, 5, 1, 0
1997, 136452, 1, 3, 6, 4, 5, 2, 0
1998, 136453, 1, 3, 6, 4, 5, 3, 0
1999, 136454, 1, 3, 6, 4, 5, 4, 0
2000, 136455, 1, 3, 6, 4, 5, 5, 0
2001, 137111, 1, 3, 7, 1, 1, 1, 0
2002, 137112, 1, 3, 7, 1, 1, 2, 0
2003, 137113, 1, 3, 7, 1, 1, 3, 0
2004, 137114, 1, 3, 7, 1, 1, 4, 0
2005, 137115, 1, 3, 7, 1, 1, 5, 0
2006, 137121, 1, 3, 7, 1, 2, 1, 0
2007, 137122, 1, 3, 7, 1, 2, 2, 0
2008, 137123, 1, 3, 7, 1, 2, 3, 0
2009, 137124, 1, 3, 7, 1, 2, 4, 0
2010, 137125, 1, 3, 7, 1, 2, 5, 0
2011, 137131, 1, 3, 7, 1, 3, 1, 0
2012, 137132, 1, 3, 7, 1, 3, 2, 0
2013, 137133, 1, 3, 7, 1, 3, 3, 0
2014, 137134, 1, 3, 7, 1, 3, 4, 0
2015, 137135, 1, 3, 7, 1, 3, 5, 0
2016, 137141, 1, 3, 7, 1, 4, 1, 0
2017, 137142, 1, 3, 7, 1, 4, 2, 0
2018, 137143, 1, 3, 7, 1, 4, 3, 0
2019, 137144, 1, 3, 7, 1, 4, 4, 0
2020, 137145, 1, 3, 7, 1, 4, 5, 0
2021, 137151, 1, 3, 7, 1, 5, 1, 0
2022, 137152, 1, 3, 7, 1, 5, 2, 0
2023, 137153, 1, 3, 7, 1, 5, 3, 0
2024, 137154, 1, 3, 7, 1, 5, 4, 0
2025, 137155, 1, 3, 7, 1, 5, 5, 0
2026, 137211, 1, 3, 7, 2, 1, 1, 0
2027, 137212, 1, 3, 7, 2, 1, 2, 0
2028, 137213, 1, 3, 7, 2, 1, 3, 0
2029, 137214, 1, 3, 7, 2, 1, 4, 0
2030, 137215, 1, 3, 7, 2, 1, 5, 0
2031, 137221, 1, 3, 7, 2, 2, 1, 0
2032, 137222, 1, 3, 7, 2, 2, 2, 0
2033, 137223, 1, 3, 7, 2, 2, 3, 0
2034, 137224, 1, 3, 7, 2, 2, 4, 0
2035, 137225, 1, 3, 7, 2, 2, 5, 0
2036, 137231, 1, 3, 7, 2, 3, 1, 0
2037, 137232, 1, 3, 7, 2, 3, 2, 0
2038, 137233, 1, 3, 7, 2, 3, 3, 0
2039, 137234, 1, 3, 7, 2, 3, 4, 0
2040, 137235, 1, 3, 7, 2, 3, 5, 0
2041, 137241, 1, 3, 7, 2, 4, 1, 0
2042, 137242, 1, 3, 7, 2, 4, 2, 0
2043, 137243, 1, 3, 7, 2, 4, 3, 0
2044, 137244, 1, 3, 7, 2, 4, 4, 0
2045, 137245, 1, 3, 7, 2, 4, 5, 0
2046, 137251, 1, 3, 7, 2, 5, 1, 0
2047, 137252, 1, 3, 7, 2, 5, 2, 0
2048, 137253, 1, 3, 7, 2, 5, 3, 0
2049, 137254, 1, 3, 7, 2, 5, 4, 0
2050, 137255, 1, 3, 7, 2, 5, 5, 0
2051, 137311, 1, 3, 7, 3, 1, 1, 0
2052, 137312, 1, 3, 7, 3, 1, 2, 0
2053, 137313, 1, 3, 7, 3, 1, 3, 0
2054, 137314, 1, 3, 7, 3, 1, 4, 0
2055, 137315, 1, 3, 7, 3, 1, 5, 0
2056, 137321, 1, 3, 7, 3, 2, 1, 0
2057, 137322, 1, 3, 7, 3, 2, 2, 0
2058, 137323, 1, 3, 7, 3, 2, 3, 0
2059, 137324, 1, 3, 7, 3, 2, 4, 0
2060, 137325, 1, 3, 7, 3, 2, 5, 0
2061, 137331, 1, 3, 7, 3, 3, 1, 0
2062, 137332, 1, 3, 7, 3, 3, 2, 0
2063, 137333, 1, 3, 7, 3, 3, 3, 0
2064, 137334, 1, 3, 7, 3, 3, 4, 0
2065, 137335, 1, 3, 7, 3, 3, 5, 0
2066, 137341, 1, 3, 7, 3, 4, 1, 0
2067, 137342, 1, 3, 7, 3, 4, 2, 0
2068, 137343, 1, 3, 7, 3, 4, 3, 0
2069, 137344, 1, 3, 7, 3, 4, 4, 0
2070, 137345, 1, 3, 7, 3, 4, 5, 0
2071, 137351, 1, 3, 7, 3, 5, 1, 0
2072, 137352, 1, 3, 7, 3, 5, 2, 0
2073, 137353, 1, 3, 7, 3, 5, 3, 0
2074, 137354, 1, 3, 7, 3, 5, 4, 0
2075, 137355, 1, 3, 7, 3, 5, 5, 0
2076, 137411, 1, 3, 7, 4, 1, 1, 0
2077, 137412, 1, 3, 7, 4, 1, 2, 0
2078, 137413, 1, 3, 7, 4, 1, 3, 0
2079, 137414, 1, 3, 7, 4, 1, 4, 0
2080, 137415, 1, 3, 7, 4, 1, 5, 0
2081, 137421, 1, 3, 7, 4, 2, 1, 0
2082, 137422, 1, 3, 7, 4, 2, 2, 0
2083, 137423, 1, 3, 7, 4, 2, 3, 0
2084, 137424, 1, 3, 7, 4, 2, 4, 0
2085, 137425, 1, 3, 7, 4, 2, 5, 0
2086, 137431, 1, 3, 7, 4, 3, 1, 0
2087, 137432, 1, 3, 7, 4, 3, 2, 0
2088, 137433, 1, 3, 7, 4, 3, 3, 0
2089, 137434, 1, 3, 7, 4, 3, 4, 0
2090, 137435, 1, 3, 7, 4, 3, 5, 0
2091, 137441, 1, 3, 7, 4, 4, 1, 0
2092, 137442, 1, 3, 7, 4, 4, 2, 0
2093, 137443, 1, 3, 7, 4, 4, 3, 0
2094, 137444, 1, 3, 7, 4, 4, 4, 0
2095, 137445, 1, 3, 7, 4, 4, 5, 0
2096, 137451, 1, 3, 7, 4, 5, 1, 0
2097, 137452, 1, 3, 7, 4, 5, 2, 0
2098, 137453, 1, 3, 7, 4, 5, 3, 0
2099, 137454, 1, 3, 7, 4, 5, 4, 0
2100, 137455, 1, 3, 7, 4, 5, 5, 0
2101, 141111, 1, 4, 1, 1, 1, 1, 0
2102, 141112, 1, 4, 1, 1, 1, 2, 0
2103, 141113, 1, 4, 1, 1, 1, 3, 0
2104, 141114, 1, 4, 1, 1, 1, 4, 0
2105, 141115, 1, 4, 1, 1, 1, 5, 0
2106, 141121, 1, 4, 1, 1, 2, 1, 0
2107, 141122, 1, 4, 1, 1, 2, 2, 0
2108, 141123, 1, 4, 1, 1, 2, 3, 0
2109, 141124, 1, 4, 1, 1, 2, 4, 0
2110, 141125, 1, 4, 1, 1, 2, 5, 0
2111, 141131, 1, 4, 1, 1, 3, 1, 0
2112, 141132, 1, 4, 1, 1, 3, 2, 0
2113, 141133, 1, 4, 1, 1, 3, 3, 0
2114, 141134, 1, 4, 1, 1, 3, 4, 0
2115, 141135, 1, 4, 1, 1, 3, 5, 0
2116, 141141, 1, 4, 1, 1, 4, 1, 0
2117, 141142, 1, 4, 1, 1, 4, 2, 0
2118, 141143, 1, 4, 1, 1, 4, 3, 0
2119, 141144, 1, 4, 1, 1, 4, 4, 0
2120, 141145, 1, 4, 1, 1, 4, 5, 0
2121, 141151, 1, 4, 1, 1, 5, 1, 0
2122, 141152, 1, 4, 1, 1, 5, 2, 0
2123, 141153, 1, 4, 1, 1, 5, 3, 0
2124, 141154, 1, 4, 1, 1, 5, 4, 0
2125, 141155, 1, 4, 1, 1, 5, 5, 0
2126, 141211, 1, 4, 1, 2, 1, 1, 0
2127, 141212, 1, 4, 1, 2, 1, 2, 0
2128, 141213, 1, 4, 1, 2, 1, 3, 0
2129, 141214, 1, 4, 1, 2, 1, 4, 0
2130, 141215, 1, 4, 1, 2, 1, 5, 0
2131, 141221, 1, 4, 1, 2, 2, 1, 0
2132, 141222, 1, 4, 1, 2, 2, 2, 0
2133, 141223, 1, 4, 1, 2, 2, 3, 0
2134, 141224, 1, 4, 1, 2, 2, 4, 0
2135, 141225, 1, 4, 1, 2, 2, 5, 0
2136, 141231, 1, 4, 1, 2, 3, 1, 0
2137, 141232, 1, 4, 1, 2, 3, 2, 0
2138, 141233, 1, 4, 1, 2, 3, 3, 0
2139, 141234, 1, 4, 1, 2, 3, 4, 0
2140, 141235, 1, 4, 1, 2, 3, 5, 0
2141, 141241, 1, 4, 1, 2, 4, 1, 0
2142, 141242, 1, 4, 1, 2, 4, 2, 0
2143, 141243, 1, 4, 1, 2, 4, 3, 0
2144, 141244, 1, 4, 1, 2, 4, 4, 0
2145, 141245, 1, 4, 1, 2, 4, 5, 0
2146, 141251, 1, 4, 1, 2, 5, 1, 0
2147, 141252, 1, 4, 1, 2, 5, 2, 0
2148, 141253, 1, 4, 1, 2, 5, 3, 0
2149, 141254, 1, 4, 1, 2, 5, 4, 0
2150, 141255, 1, 4, 1, 2, 5, 5, 0
2151, 141311, 1, 4, 1, 3, 1, 1, 0
2152, 141312, 1, 4, 1, 3, 1, 2, 0
2153, 141313, 1, 4, 1, 3, 1, 3, 0
2154, 141314, 1, 4, 1, 3, 1, 4, 0
2155, 141315, 1, 4, 1, 3, 1, 5, 0
2156, 141321, 1, 4, 1, 3, 2, 1, 0
2157, 141322, 1, 4, 1, 3, 2, 2, 0
2158, 141323, 1, 4, 1, 3, 2, 3, 0
2159, 141324, 1, 4, 1, 3, 2, 4, 0
2160, 141325, 1, 4, 1, 3, 2, 5, 0
2161, 141331, 1, 4, 1, 3, 3, 1, 0
2162, 141332, 1, 4, 1, 3, 3, 2, 0
2163, 141333, 1, 4, 1, 3, 3, 3, 0
2164, 141334, 1, 4, 1, 3, 3, 4, 0
2165, 141335, 1, 4, 1, 3, 3, 5, 0
2166, 141341, 1, 4, 1, 3, 4, 1, 0
2167, 141342, 1, 4, 1, 3, 4, 2, 0
2168, 141343, 1, 4, 1, 3, 4, 3, 0
2169, 141344, 1, 4, 1, 3, 4, 4, 0
2170, 141345, 1, 4, 1, 3, 4, 5, 0
2171, 141351, 1, 4, 1, 3, 5, 1, 0
2172, 141352, 1, 4, 1, 3, 5, 2, 0
2173, 141353, 1, 4, 1, 3, 5, 3, 0
2174, 141354, 1, 4, 1, 3, 5, 4, 0
2175, 141355, 1, 4, 1, 3, 5, 5, 0
2176, 141411, 1, 4, 1, 4, 1, 1, 0
2177, 141412, 1, 4, 1, 4, 1, 2, 0
2178, 141413, 1, 4, 1, 4, 1, 3, 0
2179, 141414, 1, 4, 1, 4, 1, 4, 0
2180, 141415, 1, 4, 1, 4, 1, 5, 0
2181, 141421, 1, 4, 1, 4, 2, 1, 0
2182, 141422, 1, 4, 1, 4, 2, 2, 0
2183, 141423, 1, 4, 1, 4, 2, 3, 0
2184, 141424, 1, 4, 1, 4, 2, 4, 0
2185, 141425, 1, 4, 1, 4, 2, 5, 0
2186, 141431, 1, 4, 1, 4, 3, 1, 0
2187, 141432, 1, 4, 1, 4, 3, 2, 0
2188, 141433, 1, 4, 1, 4, 3, 3, 0
2189, 141434, 1, 4, 1, 4, 3, 4, 0
2190, 141435, 1, 4, 1, 4, 3, 5, 0
2191, 141441, 1, 4, 1, 4, 4, 1, 0
2192, 141442, 1, 4, 1, 4, 4, 2, 0
2193, 141443, 1, 4, 1, 4, 4, 3, 0
2194, 141444, 1, 4, 1, 4, 4, 4, 0
2195, 141445, 1, 4, 1, 4, 4, 5, 0
2196, 141451, 1, 4, 1, 4, 5, 1, 0
2197, 141452, 1, 4, 1, 4, 5, 2, 0
2198, 141453, 1, 4, 1, 4, 5, 3, 0
2199, 141454, 1, 4, 1, 4, 5, 4, 0
2200, 141455, 1, 4, 1, 4, 5, 5, 0
2201, 142111, 1, 4, 2, 1, 1, 1, 0
2202, 142112, 1, 4, 2, 1, 1, 2, 0
2203, 142113, 1, 4, 2, 1, 1, 3, 0
2204, 142114, 1, 4, 2, 1, 1, 4, 0
2205, 142115, 1, 4, 2, 1, 1, 5, 0
2206, 142121, 1, 4, 2, 1, 2, 1, 0
2207, 142122, 1, 4, 2, 1, 2, 2, 0
2208, 142123, 1, 4, 2, 1, 2, 3, 0
2209, 142124, 1, 4, 2, 1, 2, 4, 0
2210, 142125, 1, 4, 2, 1, 2, 5, 0
2211, 142131, 1, 4, 2, 1, 3, 1, 0
2212, 142132, 1, 4, 2, 1, 3, 2, 0
2213, 142133, 1, 4, 2, 1, 3, 3, 0
2214, 142134, 1, 4, 2, 1, 3, 4, 0
2215, 142135, 1, 4, 2, 1, 3, 5, 0
2216, 142141, 1, 4, 2, 1, 4, 1, 0
2217, 142142, 1, 4, 2, 1, 4, 2, 0
2218, 142143, 1, 4, 2, 1, 4, 3, 0
2219, 142144, 1, 4, 2, 1, 4, 4, 0
2220, 142145, 1, 4, 2, 1, 4, 5, 0
2221, 142151, 1, 4, 2, 1, 5, 1, 0
2222, 142152, 1, 4, 2, 1, 5, 2, 0
2223, 142153, 1, 4, 2, 1, 5, 3, 0
2224, 142154, 1, 4, 2, 1, 5, 4, 0
2225, 142155, 1, 4, 2, 1, 5, 5, 0
2226, 142211, 1, 4, 2, 2, 1, 1, 0
2227, 142212, 1, 4, 2, 2, 1, 2, 0
2228, 142213, 1, 4, 2, 2, 1, 3, 0
2229, 142214, 1, 4, 2, 2, 1, 4, 0
2230, 142215, 1, 4, 2, 2, 1, 5, 0
2231, 142221, 1, 4, 2, 2, 2, 1, 0
2232, 142222, 1, 4, 2, 2, 2, 2, 0
2233, 142223, 1, 4, 2, 2, 2, 3, 0
2234, 142224, 1, 4, 2, 2, 2, 4, 0
2235, 142225, 1, 4, 2, 2, 2, 5, 0
2236, 142231, 1, 4, 2, 2, 3, 1, 0
2237, 142232, 1, 4, 2, 2, 3, 2, 0
2238, 142233, 1, 4, 2, 2, 3, 3, 0
2239, 142234, 1, 4, 2, 2, 3, 4, 0
2240, 142235, 1, 4, 2, 2, 3, 5, 0
2241, 142241, 1, 4, 2, 2, 4, 1, 0
2242, 142242, 1, 4, 2, 2, 4, 2, 0
2243, 142243, 1, 4, 2, 2, 4, 3, 0
2244, 142244, 1, 4, 2, 2, 4, 4, 0
2245, 142245, 1, 4, 2, 2, 4, 5, 0
2246, 142251, 1, 4, 2, 2, 5, 1, 0
2247, 142252, 1, 4, 2, 2, 5, 2, 0
2248, 142253, 1, 4, 2, 2, 5, 3, 0
2249, 142254, 1, 4, 2, 2, 5, 4, 0
2250, 142255, 1, 4, 2, 2, 5, 5, 0
2251, 142311, 1, 4, 2, 3, 1, 1, 0
2252, 142312, 1, 4, 2, 3, 1, 2, 0
2253, 142313, 1, 4, 2, 3, 1, 3, 0
2254, 142314, 1, 4, 2, 3, 1, 4, 0
2255, 142315, 1, 4, 2, 3, 1, 5, 0
2256, 142321, 1, 4, 2, 3, 2, 1, 0
2257, 142322, 1, 4, 2, 3, 2, 2, 0
2258, 142323, 1, 4, 2, 3, 2, 3, 0
2259, 142324, 1, 4, 2, 3, 2, 4, 0
2260, 142325, 1, 4, 2, 3, 2, 5, 0
2261, 142331, 1, 4, 2, 3, 3, 1, 0
2262, 142332, 1, 4, 2, 3, 3, 2, 0
2263, 142333, 1, 4, 2, 3, 3, 3, 0
2264, 142334, 1, 4, 2, 3, 3, 4, 0
2265, 142335, 1, 4, 2, 3, 3, 5, 0
2266, 142341, 1, 4, 2, 3, 4, 1, 0
2267, 142342, 1, 4, 2, 3, 4, 2, 0
2268, 142343, 1, 4, 2, 3, 4, 3, 0
2269, 142344, 1, 4, 2, 3, 4, 4, 0
2270, 142345, 1, 4, 2, 3, 4, 5, 0
2271, 142351, 1, 4, 2, 3, 5, 1, 0
2272, 142352, 1, 4, 2, 3, 5, 2, 0
2273, 142353, 1, 4, 2, 3, 5, 3, 0
2274, 142354, 1, 4, 2, 3, 5, 4, 0
2275, 142355, 1, 4, 2, 3, 5, 5, 0
2276, 142411, 1, 4, 2, 4, 1, 1, 0
2277, 142412, 1, 4, 2, 4, 1, 2, 0
2278, 142413, 1, 4, 2, 4, 1, 3, 0
2279, 142414, 1, 4, 2, 4, 1, 4, 0
2280, 142415, 1, 4, 2, 4, 1, 5, 0
2281, 142421, 1, 4, 2, 4, 2, 1, 0
2282, 142422, 1, 4, 2, 4, 2, 2, 0
2283, 142423, 1, 4, 2, 4, 2, 3, 0
2284, 142424, 1, 4, 2, 4, 2, 4, 0
2285, 142425, 1, 4, 2, 4, 2, 5, 0
2286, 142431, 1, 4, 2, 4, 3, 1, 0
2287, 142432, 1, 4, 2, 4, 3, 2, 0
2288, 142433, 1, 4, 2, 4, 3, 3, 0
2289, 142434, 1, 4, 2, 4, 3, 4, 0
2290, 142435, 1, 4, 2, 4, 3, 5, 0
2291, 142441, 1, 4, 2, 4, 4, 1, 0
2292, 142442, 1, 4, 2, 4, 4, 2, 0
2293, 142443, 1, 4, 2, 4, 4, 3, 0
2294, 142444, 1, 4, 2, 4, 4, 4, 0
2295, 142445, 1, 4, 2, 4, 4, 5, 0
2296, 142451, 1, 4, 2, 4, 5, 1, 0
2297, 142452, 1, 4, 2, 4, 5, 2, 0
2298, 142453, 1, 4, 2, 4, 5, 3, 0
2299, 142454, 1, 4, 2, 4, 5, 4, 0
2300, 142455, 1, 4, 2, 4, 5, 5, 0
2301, 143111, 1, 4, 3, 1, 1, 1, 0
2302, 143112, 1, 4, 3, 1, 1, 2, 0
2303, 143113, 1, 4, 3, 1, 1, 3, 0
2304, 143114, 1, 4, 3, 1, 1, 4, 0
2305, 143115, 1, 4, 3, 1, 1, 5, 0
2306, 143121, 1, 4, 3, 1, 2, 1, 0
2307, 143122, 1, 4, 3, 1, 2, 2, 0
2308, 143123, 1, 4, 3, 1, 2, 3, 0
2309, 143124, 1, 4, 3, 1, 2, 4, 0
2310, 143125, 1, 4, 3, 1, 2, 5, 0
2311, 143131, 1, 4, 3, 1, 3, 1, 0
2312, 143132, 1, 4, 3, 1, 3, 2, 0
2313, 143133, 1, 4, 3, 1, 3, 3, 0
2314, 143134, 1, 4, 3, 1, 3, 4, 0
2315, 143135, 1, 4, 3, 1, 3, 5, 0
2316, 143141, 1, 4, 3, 1, 4, 1, 0
2317, 143142, 1, 4, 3, 1, 4, 2, 0
2318, 143143, 1, 4, 3, 1, 4, 3, 0
2319, 143144, 1, 4, 3, 1, 4, 4, 0
2320, 143145, 1, 4, 3, 1, 4, 5, 0
2321, 143151, 1, 4, 3, 1, 5, 1, 0
2322, 143152, 1, 4, 3, 1, 5, 2, 0
2323, 143153, 1, 4, 3, 1, 5, 3, 0
2324, 143154, 1, 4, 3, 1, 5, 4, 0
2325, 143155, 1, 4, 3, 1, 5, 5, 0
2326, 143211, 1, 4, 3, 2, 1, 1, 0
2327, 143212, 1, 4, 3, 2, 1, 2, 0
2328, 143213, 1, 4, 3, 2, 1, 3, 0
2329, 143214, 1, 4, 3, 2, 1, 4, 0
2330, 143215, 1, 4, 3, 2, 1, 5, 0
2331, 143221, 1, 4, 3, 2, 2, 1, 0
2332, 143222, 1, 4, 3, 2, 2, 2, 0
2333, 143223, 1, 4, 3, 2, 2, 3, 0
2334, 143224, 1, 4, 3, 2, 2, 4, 0
2335, 143225, 1, 4, 3, 2, 2, 5, 0
2336, 143231, 1, 4, 3, 2, 3, 1, 0
2337, 143232, 1, 4, 3, 2, 3, 2, 0
2338, 143233, 1, 4, 3, 2, 3, 3, 0
2339, 143234, 1, 4, 3, 2, 3, 4, 0
2340, 143235, 1, 4, 3, 2, 3, 5, 0
2341, 143241, 1, 4, 3, 2, 4, 1, 0
2342, 143242, 1, 4, 3, 2, 4, 2, 0
2343, 143243, 1, 4, 3, 2, 4, 3, 0
2344, 143244, 1, 4, 3, 2, 4, 4, 0
2345, 143245, 1, 4, 3, 2, 4, 5, 0
2346, 143251, 1, 4, 3, 2, 5, 1, 0
2347, 143252, 1, 4, 3, 2, 5, 2, 0
2348, 143253, 1, 4, 3, 2, 5, 3, 0
2349, 143254, 1, 4, 3, 2, 5, 4, 0
2350, 143255, 1, 4, 3, 2, 5, 5, 0
2351, 143311, 1, 4, 3, 3, 1, 1, 0
2352, 143312, 1, 4, 3, 3, 1, 2, 0
2353, 143313, 1, 4, 3, 3, 1, 3, 0
2354, 143314, 1, 4, 3, 3, 1, 4, 0
2355, 143315, 1, 4, 3, 3, 1, 5, 0
2356, 143321, 1, 4, 3, 3, 2, 1, 0
2357, 143322, 1, 4, 3, 3, 2, 2, 0
2358, 143323, 1, 4, 3, 3, 2, 3, 0
2359, 143324, 1, 4, 3, 3, 2, 4, 0
2360, 143325, 1, 4, 3, 3, 2, 5, 0
2361, 143331, 1, 4, 3, 3, 3, 1, 0
2362, 143332, 1, 4, 3, 3, 3, 2, 0
2363, 143333, 1, 4, 3, 3, 3, 3, 0
2364, 143334, 1, 4, 3, 3, 3, 4, 0
2365, 143335, 1, 4, 3, 3, 3, 5, 0
2366, 143341, 1, 4, 3, 3, 4, 1, 0
2367, 143342, 1, 4, 3, 3, 4, 2, 0
2368, 143343, 1, 4, 3, 3, 4, 3, 0
2369, 143344, 1, 4, 3, 3, 4, 4, 0
2370, 143345, 1, 4, 3, 3, 4, 5, 0
2371, 143351, 1, 4, 3, 3, 5, 1, 0
2372, 143352, 1, 4, 3, 3, 5, 2, 0
2373, 143353, 1, 4, 3, 3, 5, 3, 0
2374, 143354, 1, 4, 3, 3, 5, 4, 0
2375, 143355, 1, 4, 3, 3, 5, 5, 0
2376, 143411, 1, 4, 3, 4, 1, 1, 0
2377, 143412, 1, 4, 3, 4, 1, 2, 0
2378, 143413, 1, 4, 3, 4, 1, 3, 0
2379, 143414, 1, 4, 3, 4, 1, 4, 0
2380, 143415, 1, 4, 3, 4, 1, 5, 0
2381, 143421, 1, 4, 3, 4, 2, 1, 0
2382, 143422, 1, 4, 3, 4, 2, 2, 0
2383, 143423, 1, 4, 3, 4, 2, 3, 0
2384, 143424, 1, 4, 3, 4, 2, 4, 0
2385, 143425, 1, 4, 3, 4, 2, 5, 0
2386, 143431, 1, 4, 3, 4, 3, 1, 0
2387, 143432, 1, 4, 3, 4, 3, 2, 0
2388, 143433, 1, 4, 3, 4, 3, 3, 0
2389, 143434, 1, 4, 3, 4, 3, 4, 0
2390, 143435, 1, 4, 3, 4, 3, 5, 0
2391, 143441, 1, 4, 3, 4, 4, 1, 0
2392, 143442, 1, 4, 3, 4, 4, 2, 0
2393, 143443, 1, 4, 3, 4, 4, 3, 0
2394, 143444, 1, 4, 3, 4, 4, 4, 0
2395, 143445, 1, 4, 3, 4, 4, 5, 0
2396, 143451, 1, 4, 3, 4, 5, 1, 0
2397, 143452, 1, 4, 3, 4, 5, 2, 0
2398, 143453, 1, 4, 3, 4, 5, 3, 0
2399, 143454, 1, 4, 3, 4, 5, 4, 0
2400, 143455, 1, 4, 3, 4, 5, 5, 0
2401, 144111, 1, 4, 4, 1, 1, 1, 0
2402, 144112, 1, 4, 4, 1, 1, 2, 0
2403, 144113, 1, 4, 4, 1, 1, 3, 0
2404, 144114, 1, 4, 4, 1, 1, 4, 0
2405, 144115, 1, 4, 4, 1, 1, 5, 0
2406, 144121, 1, 4, 4, 1, 2, 1, 0
2407, 144122, 1, 4, 4, 1, 2, 2, 0
2408, 144123, 1, 4, 4, 1, 2, 3, 0
2409, 144124, 1, 4, 4, 1, 2, 4, 0
2410, 144125, 1, 4, 4, 1, 2, 5, 0
2411, 144131, 1, 4, 4, 1, 3, 1, 0
2412, 144132, 1, 4, 4, 1, 3, 2, 0
2413, 144133, 1, 4, 4, 1, 3, 3, 0
2414, 144134, 1, 4, 4, 1, 3, 4, 0
2415, 144135, 1, 4, 4, 1, 3, 5, 0
2416, 144141, 1, 4, 4, 1, 4, 1, 0
2417, 144142, 1, 4, 4, 1, 4, 2, 0
2418, 144143, 1, 4, 4, 1, 4, 3, 0
2419, 144144, 1, 4, 4, 1, 4, 4, 0
2420, 144145, 1, 4, 4, 1, 4, 5, 0
2421, 144151, 1, 4, 4, 1, 5, 1, 0
2422, 144152, 1, 4, 4, 1, 5, 2, 0
2423, 144153, 1, 4, 4, 1, 5, 3, 0
2424, 144154, 1, 4, 4, 1, 5, 4, 0
2425, 144155, 1, 4, 4, 1, 5, 5, 0
2426, 144211, 1, 4, 4, 2, 1, 1, 0
2427, 144212, 1, 4, 4, 2, 1, 2, 0
2428, 144213, 1, 4, 4, 2, 1, 3, 0
2429, 144214, 1, 4, 4, 2, 1, 4, 0
2430, 144215, 1, 4, 4, 2, 1, 5, 0
2431, 144221, 1, 4, 4, 2, 2, 1, 0
2432, 144222, 1, 4, 4, 2, 2, 2, 0
2433, 144223, 1, 4, 4, 2, 2, 3, 0
2434, 144224, 1, 4, 4, 2, 2, 4, 0
2435, 144225, 1, 4, 4, 2, 2, 5, 0
2436, 144231, 1, 4, 4, 2, 3, 1, 0
2437, 144232, 1, 4, 4, 2, 3, 2, 0
2438, 144233, 1, 4, 4, 2, 3, 3, 0
2439, 144234, 1, 4, 4, 2, 3, 4, 0
2440, 144235, 1, 4, 4, 2, 3, 5, 0
2441, 144241, 1, 4, 4, 2, 4, 1, 0
2442, 144242, 1, 4, 4, 2, 4, 2, 0
2443, 144243, 1, 4, 4, 2, 4, 3, 0
2444, 144244, 1, 4, 4, 2, 4, 4, 0
2445, 144245, 1, 4, 4, 2, 4, 5, 0
2446, 144251, 1, 4, 4, 2, 5, 1, 0
2447, 144252, 1, 4, 4, 2, 5, 2, 0
2448, 144253, 1, 4, 4, 2, 5, 3, 0
2449, 144254, 1, 4, 4, 2, 5, 4, 0
2450, 144255, 1, 4, 4, 2, 5, 5, 0
2451, 144311, 1, 4, 4, 3, 1, 1, 0
2452, 144312, 1, 4, 4, 3, 1, 2, 0
2453, 144313, 1, 4, 4, 3, 1, 3, 0
2454, 144314, 1, 4, 4, 3, 1, 4, 0
2455, 144315, 1, 4, 4, 3, 1, 5, 0
2456, 144321, 1, 4, 4, 3, 2, 1, 0
2457, 144322, 1, 4, 4, 3, 2, 2, 0
2458, 144323, 1, 4, 4, 3, 2, 3, 0
2459, 144324, 1, 4, 4, 3, 2, 4, 0
2460, 144325, 1, 4, 4, 3, 2, 5, 0
2461, 144331, 1, 4, 4, 3, 3, 1, 0
2462, 144332, 1, 4, 4, 3, 3, 2, 0
2463, 144333, 1, 4, 4, 3, 3, 3, 0
2464, 144334, 1, 4, 4, 3, 3, 4, 0
2465, 144335, 1, 4, 4, 3, 3, 5, 0
2466, 144341, 1, 4, 4, 3, 4, 1, 0
2467, 144342, 1, 4, 4, 3, 4, 2, 0
2468, 144343, 1, 4, 4, 3, 4, 3, 0
2469, 144344, 1, 4, 4, 3, 4, 4, 0
2470, 144345, 1, 4, 4, 3, 4, 5, 0
2471, 144351, 1, 4, 4, 3, 5, 1, 0
2472, 144352, 1, 4, 4, 3, 5, 2, 0
2473, 144353, 1, 4, 4, 3, 5, 3, 0
2474, 144354, 1, 4, 4, 3, 5, 4, 0
2475, 144355, 1, 4, 4, 3, 5, 5, 0
2476, 144411, 1, 4, 4, 4, 1, 1, 0
2477, 144412, 1, 4, 4, 4, 1, 2, 0
2478, 144413, 1, 4, 4, 4, 1, 3, 0
2479, 144414, 1, 4, 4, 4, 1, 4, 0
2480, 144415, 1, 4, 4, 4, 1, 5, 0
2481, 144421, 1, 4, 4, 4, 2, 1, 0
2482, 144422, 1, 4, 4, 4, 2, 2, 0
2483, 144423, 1, 4, 4, 4, 2, 3, 0
2484, 144424, 1, 4, 4, 4, 2, 4, 0
2485, 144425, 1, 4, 4, 4, 2, 5, 0
2486, 144431, 1, 4, 4, 4, 3, 1, 0
2487, 144432, 1, 4, 4, 4, 3, 2, 0
2488, 144433, 1, 4, 4, 4, 3, 3, 0
2489, 144434, 1, 4, 4, 4, 3, 4, 0
2490, 144435, 1, 4, 4, 4, 3, 5, 0
2491, 144441, 1, 4, 4, 4, 4, 1, 0
2492, 144442, 1, 4, 4, 4, 4, 2, 0
2493, 144443, 1, 4, 4, 4, 4, 3, 0
2494, 144444, 1, 4, 4, 4, 4, 4, 0
2495, 144445, 1, 4, 4, 4, 4, 5, 0
2496, 144451, 1, 4, 4, 4, 5, 1, 0
2497, 144452, 1, 4, 4, 4, 5, 2, 0
2498, 144453, 1, 4, 4, 4, 5, 3, 0
2499, 144454, 1, 4, 4, 4, 5, 4, 0
2500, 144455, 1, 4, 4, 4, 5, 5, 0
2501, 145111, 1, 4, 5, 1, 1, 1, 0
2502, 145112, 1, 4, 5, 1, 1, 2, 0
2503, 145113, 1, 4, 5, 1, 1, 3, 0
2504, 145114, 1, 4, 5, 1, 1, 4, 0
2505, 145115, 1, 4, 5, 1, 1, 5, 0
2506, 145121, 1, 4, 5, 1, 2, 1, 0
2507, 145122, 1, 4, 5, 1, 2, 2, 0
2508, 145123, 1, 4, 5, 1, 2, 3, 0
2509, 145124, 1, 4, 5, 1, 2, 4, 0
2510, 145125, 1, 4, 5, 1, 2, 5, 0
2511, 145131, 1, 4, 5, 1, 3, 1, 0
2512, 145132, 1, 4, 5, 1, 3, 2, 0
2513, 145133, 1, 4, 5, 1, 3, 3, 0
2514, 145134, 1, 4, 5, 1, 3, 4, 0
2515, 145135, 1, 4, 5, 1, 3, 5, 0
2516, 145141, 1, 4, 5, 1, 4, 1, 0
2517, 145142, 1, 4, 5, 1, 4, 2, 0
2518, 145143, 1, 4, 5, 1, 4, 3, 0
2519, 145144, 1, 4, 5, 1, 4, 4, 0
2520, 145145, 1, 4, 5, 1, 4, 5, 0
2521, 145151, 1, 4, 5, 1, 5, 1, 0
2522, 145152, 1, 4, 5, 1, 5, 2, 0
2523, 145153, 1, 4, 5, 1, 5, 3, 0
2524, 145154, 1, 4, 5, 1, 5, 4, 0
2525, 145155, 1, 4, 5, 1, 5, 5, 0
2526, 145211, 1, 4, 5, 2, 1, 1, 0
2527, 145212, 1, 4, 5, 2, 1, 2, 0
2528, 145213, 1, 4, 5, 2, 1, 3, 0
2529, 145214, 1, 4, 5, 2, 1, 4, 0
2530, 145215, 1, 4, 5, 2, 1, 5, 0
2531, 145221, 1, 4, 5, 2, 2, 1, 0
2532, 145222, 1, 4, 5, 2, 2, 2, 0
2533, 145223, 1, 4, 5, 2, 2, 3, 0
2534, 145224, 1, 4, 5, 2, 2, 4, 0
2535, 145225, 1, 4, 5, 2, 2, 5, 0
2536, 145231, 1, 4, 5, 2, 3, 1, 0
2537, 145232, 1, 4, 5, 2, 3, 2, 0
2538, 145233, 1, 4, 5, 2, 3, 3, 0
2539, 145234, 1, 4, 5, 2, 3, 4, 0
2540, 145235, 1, 4, 5, 2, 3, 5, 0
2541, 145241, 1, 4, 5, 2, 4, 1, 0
2542, 145242, 1, 4, 5, 2, 4, 2, 0
2543, 145243, 1, 4, 5, 2, 4, 3, 0
2544, 145244, 1, 4, 5, 2, 4, 4, 0
2545, 145245, 1, 4, 5, 2, 4, 5, 0
2546, 145251, 1, 4, 5, 2, 5, 1, 0
2547, 145252, 1, 4, 5, 2, 5, 2, 0
2548, 145253, 1, 4, 5, 2, 5, 3, 0
2549, 145254, 1, 4, 5, 2, 5, 4, 0
2550, 145255, 1, 4, 5, 2, 5, 5, 0
2551, 145311, 1, 4, 5, 3, 1, 1, 0
2552, 145312, 1, 4, 5, 3, 1, 2, 0
2553, 145313, 1, 4, 5, 3, 1, 3, 0
2554, 145314, 1, 4, 5, 3, 1, 4, 0
2555, 145315, 1, 4, 5, 3, 1, 5, 0
2556, 145321, 1, 4, 5, 3, 2, 1, 0
2557, 145322, 1, 4, 5, 3, 2, 2, 0
2558, 145323, 1, 4, 5, 3, 2, 3, 0
2559, 145324, 1, 4, 5, 3, 2, 4, 0
2560, 145325, 1, 4, 5, 3, 2, 5, 0
2561, 145331, 1, 4, 5, 3, 3, 1, 0
2562, 145332, 1, 4, 5, 3, 3, 2, 0
2563, 145333, 1, 4, 5, 3, 3, 3, 0
2564, 145334, 1, 4, 5, 3, 3, 4, 0
2565, 145335, 1, 4, 5, 3, 3, 5, 0
2566, 145341, 1, 4, 5, 3, 4, 1, 0
2567, 145342, 1, 4, 5, 3, 4, 2, 0
2568, 145343, 1, 4, 5, 3, 4, 3, 0
2569, 145344, 1, 4, 5, 3, 4, 4, 0
2570, 145345, 1, 4, 5, 3, 4, 5, 0
2571, 145351, 1, 4, 5, 3, 5, 1, 0
2572, 145352, 1, 4, 5, 3, 5, 2, 0
2573, 145353, 1, 4, 5, 3, 5, 3, 0
2574, 145354, 1, 4, 5, 3, 5, 4, 0
2575, 145355, 1, 4, 5, 3, 5, 5, 0
2576, 145411, 1, 4, 5, 4, 1, 1, 0
2577, 145412, 1, 4, 5, 4, 1, 2, 0
2578, 145413, 1, 4, 5, 4, 1, 3, 0
2579, 145414, 1, 4, 5, 4, 1, 4, 0
2580, 145415, 1, 4, 5, 4, 1, 5, 0
2581, 145421, 1, 4, 5, 4, 2, 1, 0
2582, 145422, 1, 4, 5, 4, 2, 2, 0
2583, 145423, 1, 4, 5, 4, 2, 3, 0
2584, 145424, 1, 4, 5, 4, 2, 4, 0
2585, 145425, 1, 4, 5, 4, 2, 5, 0
2586, 145431, 1, 4, 5, 4, 3, 1, 0
2587, 145432, 1, 4, 5, 4, 3, 2, 0
2588, 145433, 1, 4, 5, 4, 3, 3, 0
2589, 145434, 1, 4, 5, 4, 3, 4, 0
2590, 145435, 1, 4, 5, 4, 3, 5, 0
2591, 145441, 1, 4, 5, 4, 4, 1, 0
2592, 145442, 1, 4, 5, 4, 4, 2, 0
2593, 145443, 1, 4, 5, 4, 4, 3, 0
2594, 145444, 1, 4, 5, 4, 4, 4, 0
2595, 145445, 1, 4, 5, 4, 4, 5, 0
2596, 145451, 1, 4, 5, 4, 5, 1, 0
2597, 145452, 1, 4, 5, 4, 5, 2, 0
2598, 145453, 1, 4, 5, 4, 5, 3, 0
2599, 145454, 1, 4, 5, 4, 5, 4, 0
2600, 145455, 1, 4, 5, 4, 5, 5, 0
2601, 146111, 1, 4, 6, 1, 1, 1, 0
2602, 146112, 1, 4, 6, 1, 1, 2, 0
2603, 146113, 1, 4, 6, 1, 1, 3, 0
2604, 146114, 1, 4, 6, 1, 1, 4, 0
2605, 146115, 1, 4, 6, 1, 1, 5, 0
2606, 146121, 1, 4, 6, 1, 2, 1, 0
2607, 146122, 1, 4, 6, 1, 2, 2, 0
2608, 146123, 1, 4, 6, 1, 2, 3, 0
2609, 146124, 1, 4, 6, 1, 2, 4, 0
2610, 146125, 1, 4, 6, 1, 2, 5, 0
2611, 146131, 1, 4, 6, 1, 3, 1, 0
2612, 146132, 1, 4, 6, 1, 3, 2, 0
2613, 146133, 1, 4, 6, 1, 3, 3, 0
2614, 146134, 1, 4, 6, 1, 3, 4, 0
2615, 146135, 1, 4, 6, 1, 3, 5, 0
2616, 146141, 1, 4, 6, 1, 4, 1, 0
2617, 146142, 1, 4, 6, 1, 4, 2, 0
2618, 146143, 1, 4, 6, 1, 4, 3, 0
2619, 146144, 1, 4, 6, 1, 4, 4, 0
2620, 146145, 1, 4, 6, 1, 4, 5, 0
2621, 146151, 1, 4, 6, 1, 5, 1, 0
2622, 146152, 1, 4, 6, 1, 5, 2, 0
2623, 146153, 1, 4, 6, 1, 5, 3, 0
2624, 146154, 1, 4, 6, 1, 5, 4, 0
2625, 146155, 1, 4, 6, 1, 5, 5, 0
2626, 146211, 1, 4, 6, 2, 1, 1, 0
2627, 146212, 1, 4, 6, 2, 1, 2, 0
2628, 146213, 1, 4, 6, 2, 1, 3, 0
2629, 146214, 1, 4, 6, 2, 1, 4, 0
2630, 146215, 1, 4, 6, 2, 1, 5, 0
2631, 146221, 1, 4, 6, 2, 2, 1, 0
2632, 146222, 1, 4, 6, 2, 2, 2, 0
2633, 146223, 1, 4, 6, 2, 2, 3, 0
2634, 146224, 1, 4, 6, 2, 2, 4, 0
2635, 146225, 1, 4, 6, 2, 2, 5, 0
2636, 146231, 1, 4, 6, 2, 3, 1, 0
2637, 146232, 1, 4, 6, 2, 3, 2, 0
2638, 146233, 1, 4, 6, 2, 3, 3, 0
2639, 146234, 1, 4, 6, 2, 3, 4, 0
2640, 146235, 1, 4, 6, 2, 3, 5, 0
2641, 146241, 1, 4, 6, 2, 4, 1, 0
2642, 146242, 1, 4, 6, 2, 4, 2, 0
2643, 146243, 1, 4, 6, 2, 4, 3, 0
2644, 146244, 1, 4, 6, 2, 4, 4, 0
2645, 146245, 1, 4, 6, 2, 4, 5, 0
2646, 146251, 1, 4, 6, 2, 5, 1, 0
2647, 146252, 1, 4, 6, 2, 5, 2, 0
2648, 146253, 1, 4, 6, 2, 5, 3, 0
2649, 146254, 1, 4, 6, 2, 5, 4, 0
2650, 146255, 1, 4, 6, 2, 5, 5, 0
2651, 146311, 1, 4, 6, 3, 1, 1, 0
2652, 146312, 1, 4, 6, 3, 1, 2, 0
2653, 146313, 1, 4, 6, 3, 1, 3, 0
2654, 146314, 1, 4, 6, 3, 1, 4, 0
2655, 146315, 1, 4, 6, 3, 1, 5, 0
2656, 146321, 1, 4, 6, 3, 2, 1, 0
2657, 146322, 1, 4, 6, 3, 2, 2, 0
2658, 146323, 1, 4, 6, 3, 2, 3, 0
2659, 146324, 1, 4, 6, 3, 2, 4, 0
2660, 146325, 1, 4, 6, 3, 2, 5, 0
2661, 146331, 1, 4, 6, 3, 3, 1, 0
2662, 146332, 1, 4, 6, 3, 3, 2, 0
2663, 146333, 1, 4, 6, 3, 3, 3, 0
2664, 146334, 1, 4, 6, 3, 3, 4, 0
2665, 146335, 1, 4, 6, 3, 3, 5, 0
2666, 146341, 1, 4, 6, 3, 4, 1, 0
2667, 146342, 1, 4, 6, 3, 4, 2, 0
2668, 146343, 1, 4, 6, 3, 4, 3, 0
2669, 146344, 1, 4, 6, 3, 4, 4, 0
2670, 146345, 1, 4, 6, 3, 4, 5, 0
2671, 146351, 1, 4, 6, 3, 5, 1, 0
2672, 146352, 1, 4, 6, 3, 5, 2, 0
2673, 146353, 1, 4, 6, 3, 5, 3, 0
2674, 146354, 1, 4, 6, 3, 5, 4, 0
2675, 146355, 1, 4, 6, 3, 5, 5, 0
2676, 146411, 1, 4, 6, 4, 1, 1, 0
2677, 146412, 1, 4, 6, 4, 1, 2, 0
2678, 146413, 1, 4, 6, 4, 1, 3, 0
2679, 146414, 1, 4, 6, 4, 1, 4, 0
2680, 146415, 1, 4, 6, 4, 1, 5, 0
2681, 146421, 1, 4, 6, 4, 2, 1, 0
2682, 146422, 1, 4, 6, 4, 2, 2, 0
2683, 146423, 1, 4, 6, 4, 2, 3, 0
2684, 146424, 1, 4, 6, 4, 2, 4, 0
2685, 146425, 1, 4, 6, 4, 2, 5, 0
2686, 146431, 1, 4, 6, 4, 3, 1, 0
2687, 146432, 1, 4, 6, 4, 3, 2, 0
2688, 146433, 1, 4, 6, 4, 3, 3, 0
2689, 146434, 1, 4, 6, 4, 3, 4, 0
2690, 146435, 1, 4, 6, 4, 3, 5, 0
2691, 146441, 1, 4, 6, 4, 4, 1, 0
2692, 146442, 1, 4, 6, 4, 4, 2, 0
2693, 146443, 1, 4, 6, 4, 4, 3, 0
2694, 146444, 1, 4, 6, 4, 4, 4, 0
2695, 146445, 1, 4, 6, 4, 4, 5, 0
2696, 146451, 1, 4, 6, 4, 5, 1, 0
2697, 146452, 1, 4, 6, 4, 5, 2, 0
2698, 146453, 1, 4, 6, 4, 5, 3, 0
2699, 146454, 1, 4, 6, 4, 5, 4, 0
2700, 146455, 1, 4, 6, 4, 5, 5, 0
2701, 147111, 1, 4, 7, 1, 1, 1, 0
2702, 147112, 1, 4, 7, 1, 1, 2, 0
2703, 147113, 1, 4, 7, 1, 1, 3, 0
2704, 147114, 1, 4, 7, 1, 1, 4, 0
2705, 147115, 1, 4, 7, 1, 1, 5, 0
2706, 147121, 1, 4, 7, 1, 2, 1, 0
2707, 147122, 1, 4, 7, 1, 2, 2, 0
2708, 147123, 1, 4, 7, 1, 2, 3, 0
2709, 147124, 1, 4, 7, 1, 2, 4, 0
2710, 147125, 1, 4, 7, 1, 2, 5, 0
2711, 147131, 1, 4, 7, 1, 3, 1, 0
2712, 147132, 1, 4, 7, 1, 3, 2, 0
2713, 147133, 1, 4, 7, 1, 3, 3, 0
2714, 147134, 1, 4, 7, 1, 3, 4, 0
2715, 147135, 1, 4, 7, 1, 3, 5, 0
2716, 147141, 1, 4, 7, 1, 4, 1, 0
2717, 147142, 1, 4, 7, 1, 4, 2, 0
2718, 147143, 1, 4, 7, 1, 4, 3, 0
2719, 147144, 1, 4, 7, 1, 4, 4, 0
2720, 147145, 1, 4, 7, 1, 4, 5, 0
2721, 147151, 1, 4, 7, 1, 5, 1, 0
2722, 147152, 1, 4, 7, 1, 5, 2, 0
2723, 147153, 1, 4, 7, 1, 5, 3, 0
2724, 147154, 1, 4, 7, 1, 5, 4, 0
2725, 147155, 1, 4, 7, 1, 5, 5, 0
2726, 147211, 1, 4, 7, 2, 1, 1, 0
2727, 147212, 1, 4, 7, 2, 1, 2, 0
2728, 147213, 1, 4, 7, 2, 1, 3, 0
2729, 147214, 1, 4, 7, 2, 1, 4, 0
2730, 147215, 1, 4, 7, 2, 1, 5, 0
2731, 147221, 1, 4, 7, 2, 2, 1, 0
2732, 147222, 1, 4, 7, 2, 2, 2, 0
2733, 147223, 1, 4, 7, 2, 2, 3, 0
2734, 147224, 1, 4, 7, 2, 2, 4, 0
2735, 147225, 1, 4, 7, 2, 2, 5, 0
2736, 147231, 1, 4, 7, 2, 3, 1, 0
2737, 147232, 1, 4, 7, 2, 3, 2, 0
2738, 147233, 1, 4, 7, 2, 3, 3, 0
2739, 147234, 1, 4, 7, 2, 3, 4, 0
2740, 147235, 1, 4, 7, 2, 3, 5, 0
2741, 147241, 1, 4, 7, 2, 4, 1, 0
2742, 147242, 1, 4, 7, 2, 4, 2, 0
2743, 147243, 1, 4, 7, 2, 4, 3, 0
2744, 147244, 1, 4, 7, 2, 4, 4, 0
2745, 147245, 1, 4, 7, 2, 4, 5, 0
2746, 147251, 1, 4, 7, 2, 5, 1, 0
2747, 147252, 1, 4, 7, 2, 5, 2, 0
2748, 147253, 1, 4, 7, 2, 5, 3, 0
2749, 147254, 1, 4, 7, 2, 5, 4, 0
2750, 147255, 1, 4, 7, 2, 5, 5, 0
2751, 147311, 1, 4, 7, 3, 1, 1, 0
2752, 147312, 1, 4, 7, 3, 1, 2, 0
2753, 147313, 1, 4, 7, 3, 1, 3, 0
2754, 147314, 1, 4, 7, 3, 1, 4, 0
2755, 147315, 1, 4, 7, 3, 1, 5, 0
2756, 147321, 1, 4, 7, 3, 2, 1, 0
2757, 147322, 1, 4, 7, 3, 2, 2, 0
2758, 147323, 1, 4, 7, 3, 2, 3, 0
2759, 147324, 1, 4, 7, 3, 2, 4, 0
2760, 147325, 1, 4, 7, 3, 2, 5, 0
2761, 147331, 1, 4, 7, 3, 3, 1, 0
2762, 147332, 1, 4, 7, 3, 3, 2, 0
2763, 147333, 1, 4, 7, 3, 3, 3, 0
2764, 147334, 1, 4, 7, 3, 3, 4, 0
2765, 147335, 1, 4, 7, 3, 3, 5, 0
2766, 147341, 1, 4, 7, 3, 4, 1, 0
2767, 147342, 1, 4, 7, 3, 4, 2, 0
2768, 147343, 1, 4, 7, 3, 4, 3, 0
2769, 147344, 1, 4, 7, 3, 4, 4, 0
2770, 147345, 1, 4, 7, 3, 4, 5, 0
2771, 147351, 1, 4, 7, 3, 5, 1, 0
2772, 147352, 1, 4, 7, 3, 5, 2, 0
2773, 147353, 1, 4, 7, 3, 5, 3, 0
2774, 147354, 1, 4, 7, 3, 5, 4, 0
2775, 147355, 1, 4, 7, 3, 5, 5, 0
2776, 147411, 1, 4, 7, 4, 1, 1, 0
2777, 147412, 1, 4, 7, 4, 1, 2, 0
2778, 147413, 1, 4, 7, 4, 1, 3, 0
2779, 147414, 1, 4, 7, 4, 1, 4, 0
2780, 147415, 1, 4, 7, 4, 1, 5, 0
2781, 147421, 1, 4, 7, 4, 2, 1, 0
2782, 147422, 1, 4, 7, 4, 2, 2, 0
2783, 147423, 1, 4, 7, 4, 2, 3, 0
2784, 147424, 1, 4, 7, 4, 2, 4, 0
2785, 147425, 1, 4, 7, 4, 2, 5, 0
2786, 147431, 1, 4, 7, 4, 3, 1, 0
2787, 147432, 1, 4, 7, 4, 3, 2, 0
2788, 147433, 1, 4, 7, 4, 3, 3, 0
2789, 147434, 1, 4, 7, 4, 3, 4, 0
2790, 147435, 1, 4, 7, 4, 3, 5, 0
2791, 147441, 1, 4, 7, 4, 4, 1, 0
2792, 147442, 1, 4, 7, 4, 4, 2, 0
2793, 147443, 1, 4, 7, 4, 4, 3, 0
2794, 147444, 1, 4, 7, 4, 4, 4, 0
2795, 147445, 1, 4, 7, 4, 4, 5, 0
2796, 147451, 1, 4, 7, 4, 5, 1, 0
2797, 147452, 1, 4, 7, 4, 5, 2, 0
2798, 147453, 1, 4, 7, 4, 5, 3, 0
2799, 147454, 1, 4, 7, 4, 5, 4, 0
2800, 147455, 1, 4, 7, 4, 5, 5, 0
2801, 151111, 1, 5, 1, 1, 1, 1, 0
2802, 151112, 1, 5, 1, 1, 1, 2, 0
2803, 151113, 1, 5, 1, 1, 1, 3, 0
2804, 151114, 1, 5, 1, 1, 1, 4, 0
2805, 151115, 1, 5, 1, 1, 1, 5, 0
2806, 151121, 1, 5, 1, 1, 2, 1, 0
2807, 151122, 1, 5, 1, 1, 2, 2, 0
2808, 151123, 1, 5, 1, 1, 2, 3, 0
2809, 151124, 1, 5, 1, 1, 2, 4, 0
2810, 151125, 1, 5, 1, 1, 2, 5, 0
2811, 151131, 1, 5, 1, 1, 3, 1, 0
2812, 151132, 1, 5, 1, 1, 3, 2, 0
2813, 151133, 1, 5, 1, 1, 3, 3, 0
2814, 151134, 1, 5, 1, 1, 3, 4, 0
2815, 151135, 1, 5, 1, 1, 3, 5, 0
2816, 151141, 1, 5, 1, 1, 4, 1, 0
2817, 151142, 1, 5, 1, 1, 4, 2, 0
2818, 151143, 1, 5, 1, 1, 4, 3, 0
2819, 151144, 1, 5, 1, 1, 4, 4, 0
2820, 151145, 1, 5, 1, 1, 4, 5, 0
2821, 151151, 1, 5, 1, 1, 5, 1, 0
2822, 151152, 1, 5, 1, 1, 5, 2, 0
2823, 151153, 1, 5, 1, 1, 5, 3, 0
2824, 151154, 1, 5, 1, 1, 5, 4, 0
2825, 151155, 1, 5, 1, 1, 5, 5, 0
2826, 151211, 1, 5, 1, 2, 1, 1, 0
2827, 151212, 1, 5, 1, 2, 1, 2, 0
2828, 151213, 1, 5, 1, 2, 1, 3, 0
2829, 151214, 1, 5, 1, 2, 1, 4, 0
2830, 151215, 1, 5, 1, 2, 1, 5, 0
2831, 151221, 1, 5, 1, 2, 2, 1, 0
2832, 151222, 1, 5, 1, 2, 2, 2, 0
2833, 151223, 1, 5, 1, 2, 2, 3, 0
2834, 151224, 1, 5, 1, 2, 2, 4, 0
2835, 151225, 1, 5, 1, 2, 2, 5, 0
2836, 151231, 1, 5, 1, 2, 3, 1, 0
2837, 151232, 1, 5, 1, 2, 3, 2, 0
2838, 151233, 1, 5, 1, 2, 3, 3, 0
2839, 151234, 1, 5, 1, 2, 3, 4, 0
2840, 151235, 1, 5, 1, 2, 3, 5, 0
2841, 151241, 1, 5, 1, 2, 4, 1, 0
2842, 151242, 1, 5, 1, 2, 4, 2, 0
2843, 151243, 1, 5, 1, 2, 4, 3, 0
2844, 151244, 1, 5, 1, 2, 4, 4, 0
2845, 151245, 1, 5, 1, 2, 4, 5, 0
2846, 151251, 1, 5, 1, 2, 5, 1, 0
2847, 151252, 1, 5, 1, 2, 5, 2, 0
2848, 151253, 1, 5, 1, 2, 5, 3, 0
2849, 151254, 1, 5, 1, 2, 5, 4, 0
2850, 151255, 1, 5, 1, 2, 5, 5, 0
2851, 151311, 1, 5, 1, 3, 1, 1, 0
2852, 151312, 1, 5, 1, 3, 1, 2, 0
2853, 151313, 1, 5, 1, 3, 1, 3, 0
2854, 151314, 1, 5, 1, 3, 1, 4, 0
2855, 151315, 1, 5, 1, 3, 1, 5, 0
2856, 151321, 1, 5, 1, 3, 2, 1, 0
2857, 151322, 1, 5, 1, 3, 2, 2, 0
2858, 151323, 1, 5, 1, 3, 2, 3, 0
2859, 151324, 1, 5, 1, 3, 2, 4, 0
2860, 151325, 1, 5, 1, 3, 2, 5, 0
2861, 151331, 1, 5, 1, 3, 3, 1, 0
2862, 151332, 1, 5, 1, 3, 3, 2, 0
2863, 151333, 1, 5, 1, 3, 3, 3, 0
2864, 151334, 1, 5, 1, 3, 3, 4, 0
2865, 151335, 1, 5, 1, 3, 3, 5, 0
2866, 151341, 1, 5, 1, 3, 4, 1, 0
2867, 151342, 1, 5, 1, 3, 4, 2, 0
2868, 151343, 1, 5, 1, 3, 4, 3, 0
2869, 151344, 1, 5, 1, 3, 4, 4, 0
2870, 151345, 1, 5, 1, 3, 4, 5, 0
2871, 151351, 1, 5, 1, 3, 5, 1, 0
2872, 151352, 1, 5, 1, 3, 5, 2, 0
2873, 151353, 1, 5, 1, 3, 5, 3, 0
2874, 151354, 1, 5, 1, 3, 5, 4, 0
2875, 151355, 1, 5, 1, 3, 5, 5, 0
2876, 151411, 1, 5, 1, 4, 1, 1, 0
2877, 151412, 1, 5, 1, 4, 1, 2, 0
2878, 151413, 1, 5, 1, 4, 1, 3, 0
2879, 151414, 1, 5, 1, 4, 1, 4, 0
2880, 151415, 1, 5, 1, 4, 1, 5, 0
2881, 151421, 1, 5, 1, 4, 2, 1, 0
2882, 151422, 1, 5, 1, 4, 2, 2, 0
2883, 151423, 1, 5, 1, 4, 2, 3, 0
2884, 151424, 1, 5, 1, 4, 2, 4, 0
2885, 151425, 1, 5, 1, 4, 2, 5, 0
2886, 151431, 1, 5, 1, 4, 3, 1, 0
2887, 151432, 1, 5, 1, 4, 3, 2, 0
2888, 151433, 1, 5, 1, 4, 3, 3, 0
2889, 151434, 1, 5, 1, 4, 3, 4, 0
2890, 151435, 1, 5, 1, 4, 3, 5, 0
2891, 151441, 1, 5, 1, 4, 4, 1, 0
2892, 151442, 1, 5, 1, 4, 4, 2, 0
2893, 151443, 1, 5, 1, 4, 4, 3, 0
2894, 151444, 1, 5, 1, 4, 4, 4, 0
2895, 151445, 1, 5, 1, 4, 4, 5, 0
2896, 151451, 1, 5, 1, 4, 5, 1, 0
2897, 151452, 1, 5, 1, 4, 5, 2, 0
2898, 151453, 1, 5, 1, 4, 5, 3, 0
2899, 151454, 1, 5, 1, 4, 5, 4, 0
2900, 151455, 1, 5, 1, 4, 5, 5, 0
2901, 152111, 1, 5, 2, 1, 1, 1, 0
2902, 152112, 1, 5, 2, 1, 1, 2, 0
2903, 152113, 1, 5, 2, 1, 1, 3, 0
2904, 152114, 1, 5, 2, 1, 1, 4, 0
2905, 152115, 1, 5, 2, 1, 1, 5, 0
2906, 152121, 1, 5, 2, 1, 2, 1, 0
2907, 152122, 1, 5, 2, 1, 2, 2, 0
2908, 152123, 1, 5, 2, 1, 2, 3, 0
2909, 152124, 1, 5, 2, 1, 2, 4, 0
2910, 152125, 1, 5, 2, 1, 2, 5, 0
2911, 152131, 1, 5, 2, 1, 3, 1, 0
2912, 152132, 1, 5, 2, 1, 3, 2, 0
2913, 152133, 1, 5, 2, 1, 3, 3, 0
2914, 152134, 1, 5, 2, 1, 3, 4, 0
2915, 152135, 1, 5, 2, 1, 3, 5, 0
2916, 152141, 1, 5, 2, 1, 4, 1, 0
2917, 152142, 1, 5, 2, 1, 4, 2, 0
2918, 152143, 1, 5, 2, 1, 4, 3, 0
2919, 152144, 1, 5, 2, 1, 4, 4, 0
2920, 152145, 1, 5, 2, 1, 4, 5, 0
2921, 152151, 1, 5, 2, 1, 5, 1, 0
2922, 152152, 1, 5, 2, 1, 5, 2, 0
2923, 152153, 1, 5, 2, 1, 5, 3, 0
2924, 152154, 1, 5, 2, 1, 5, 4, 0
2925, 152155, 1, 5, 2, 1, 5, 5, 0
2926, 152211, 1, 5, 2, 2, 1, 1, 0
2927, 152212, 1, 5, 2, 2, 1, 2, 0
2928, 152213, 1, 5, 2, 2, 1, 3, 0
2929, 152214, 1, 5, 2, 2, 1, 4, 0
2930, 152215, 1, 5, 2, 2, 1, 5, 0
2931, 152221, 1, 5, 2, 2, 2, 1, 0
2932, 152222, 1, 5, 2, 2, 2, 2, 0
2933, 152223, 1, 5, 2, 2, 2, 3, 0
2934, 152224, 1, 5, 2, 2, 2, 4, 0
2935, 152225, 1, 5, 2, 2, 2, 5, 0
2936, 152231, 1, 5, 2, 2, 3, 1, 0
2937, 152232, 1, 5, 2, 2, 3, 2, 0
2938, 152233, 1, 5, 2, 2, 3, 3, 0
2939, 152234, 1, 5, 2, 2, 3, 4, 0
2940, 152235, 1, 5, 2, 2, 3, 5, 0
2941, 152241, 1, 5, 2, 2, 4, 1, 0
2942, 152242, 1, 5, 2, 2, 4, 2, 0
2943, 152243, 1, 5, 2, 2, 4, 3, 0
2944, 152244, 1, 5, 2, 2, 4, 4, 0
2945, 152245, 1, 5, 2, 2, 4, 5, 0
2946, 152251, 1, 5, 2, 2, 5, 1, 0
2947, 152252, 1, 5, 2, 2, 5, 2, 0
2948, 152253, 1, 5, 2, 2, 5, 3, 0
2949, 152254, 1, 5, 2, 2, 5, 4, 0
2950, 152255, 1, 5, 2, 2, 5, 5, 0
2951, 152311, 1, 5, 2, 3, 1, 1, 0
2952, 152312, 1, 5, 2, 3, 1, 2, 0
2953, 152313, 1, 5, 2, 3, 1, 3, 0
2954, 152314, 1, 5, 2, 3, 1, 4, 0
2955, 152315, 1, 5, 2, 3, 1, 5, 0
2956, 152321, 1, 5, 2, 3, 2, 1, 0
2957, 152322, 1, 5, 2, 3, 2, 2, 0
2958, 152323, 1, 5, 2, 3, 2, 3, 0
2959, 152324, 1, 5, 2, 3, 2, 4, 0
2960, 152325, 1, 5, 2, 3, 2, 5, 0
2961, 152331, 1, 5, 2, 3, 3, 1, 0
2962, 152332, 1, 5, 2, 3, 3, 2, 0
2963, 152333, 1, 5, 2, 3, 3, 3, 0
2964, 152334, 1, 5, 2, 3, 3, 4, 0
2965, 152335, 1, 5, 2, 3, 3, 5, 0
2966, 152341, 1, 5, 2, 3, 4, 1, 0
2967, 152342, 1, 5, 2, 3, 4, 2, 0
2968, 152343, 1, 5, 2, 3, 4, 3, 0
2969, 152344, 1, 5, 2, 3, 4, 4, 0
2970, 152345, 1, 5, 2, 3, 4, 5, 0
2971, 152351, 1, 5, 2, 3, 5, 1, 0
2972, 152352, 1, 5, 2, 3, 5, 2, 0
2973, 152353, 1, 5, 2, 3, 5, 3, 0
2974, 152354, 1, 5, 2, 3, 5, 4, 0
2975, 152355, 1, 5, 2, 3, 5, 5, 0
2976, 152411, 1, 5, 2, 4, 1, 1, 0
2977, 152412, 1, 5, 2, 4, 1, 2, 0
2978, 152413, 1, 5, 2, 4, 1, 3, 0
2979, 152414, 1, 5, 2, 4, 1, 4, 0
2980, 152415, 1, 5, 2, 4, 1, 5, 0
2981, 152421, 1, 5, 2, 4, 2, 1, 0
2982, 152422, 1, 5, 2, 4, 2, 2, 0
2983, 152423, 1, 5, 2, 4, 2, 3, 0
2984, 152424, 1, 5, 2, 4, 2, 4, 0
2985, 152425, 1, 5, 2, 4, 2, 5, 0
2986, 152431, 1, 5, 2, 4, 3, 1, 0
2987, 152432, 1, 5, 2, 4, 3, 2, 0
2988, 152433, 1, 5, 2, 4, 3, 3, 0
2989, 152434, 1, 5, 2, 4, 3, 4, 0
2990, 152435, 1, 5, 2, 4, 3, 5, 0
2991, 152441, 1, 5, 2, 4, 4, 1, 0
2992, 152442, 1, 5, 2, 4, 4, 2, 0
2993, 152443, 1, 5, 2, 4, 4, 3, 0
2994, 152444, 1, 5, 2, 4, 4, 4, 0
2995, 152445, 1, 5, 2, 4, 4, 5, 0
2996, 152451, 1, 5, 2, 4, 5, 1, 0
2997, 152452, 1, 5, 2, 4, 5, 2, 0
2998, 152453, 1, 5, 2, 4, 5, 3, 0
2999, 152454, 1, 5, 2, 4, 5, 4, 0
3000, 152455, 1, 5, 2, 4, 5, 5, 0
3001, 153111, 1, 5, 3, 1, 1, 1, 0
3002, 153112, 1, 5, 3, 1, 1, 2, 0
3003, 153113, 1, 5, 3, 1, 1, 3, 0
3004, 153114, 1, 5, 3, 1, 1, 4, 0
3005, 153115, 1, 5, 3, 1, 1, 5, 0
3006, 153121, 1, 5, 3, 1, 2, 1, 0
3007, 153122, 1, 5, 3, 1, 2, 2, 0
3008, 153123, 1, 5, 3, 1, 2, 3, 0
3009, 153124, 1, 5, 3, 1, 2, 4, 0
3010, 153125, 1, 5, 3, 1, 2, 5, 0
3011, 153131, 1, 5, 3, 1, 3, 1, 0
3012, 153132, 1, 5, 3, 1, 3, 2, 0
3013, 153133, 1, 5, 3, 1, 3, 3, 0
3014, 153134, 1, 5, 3, 1, 3, 4, 0
3015, 153135, 1, 5, 3, 1, 3, 5, 0
3016, 153141, 1, 5, 3, 1, 4, 1, 0
3017, 153142, 1, 5, 3, 1, 4, 2, 0
3018, 153143, 1, 5, 3, 1, 4, 3, 0
3019, 153144, 1, 5, 3, 1, 4, 4, 0
3020, 153145, 1, 5, 3, 1, 4, 5, 0
3021, 153151, 1, 5, 3, 1, 5, 1, 0
3022, 153152, 1, 5, 3, 1, 5, 2, 0
3023, 153153, 1, 5, 3, 1, 5, 3, 0
3024, 153154, 1, 5, 3, 1, 5, 4, 0
3025, 153155, 1, 5, 3, 1, 5, 5, 0
3026, 153211, 1, 5, 3, 2, 1, 1, 0
3027, 153212, 1, 5, 3, 2, 1, 2, 0
3028, 153213, 1, 5, 3, 2, 1, 3, 0
3029, 153214, 1, 5, 3, 2, 1, 4, 0
3030, 153215, 1, 5, 3, 2, 1, 5, 0
3031, 153221, 1, 5, 3, 2, 2, 1, 0
3032, 153222, 1, 5, 3, 2, 2, 2, 0
3033, 153223, 1, 5, 3, 2, 2, 3, 0
3034, 153224, 1, 5, 3, 2, 2, 4, 0
3035, 153225, 1, 5, 3, 2, 2, 5, 0
3036, 153231, 1, 5, 3, 2, 3, 1, 0
3037, 153232, 1, 5, 3, 2, 3, 2, 0
3038, 153233, 1, 5, 3, 2, 3, 3, 0
3039, 153234, 1, 5, 3, 2, 3, 4, 0
3040, 153235, 1, 5, 3, 2, 3, 5, 0
3041, 153241, 1, 5, 3, 2, 4, 1, 0
3042, 153242, 1, 5, 3, 2, 4, 2, 0
3043, 153243, 1, 5, 3, 2, 4, 3, 0
3044, 153244, 1, 5, 3, 2, 4, 4, 0
3045, 153245, 1, 5, 3, 2, 4, 5, 0
3046, 153251, 1, 5, 3, 2, 5, 1, 0
3047, 153252, 1, 5, 3, 2, 5, 2, 0
3048, 153253, 1, 5, 3, 2, 5, 3, 0
3049, 153254, 1, 5, 3, 2, 5, 4, 0
3050, 153255, 1, 5, 3, 2, 5, 5, 0
3051, 153311, 1, 5, 3, 3, 1, 1, 0
3052, 153312, 1, 5, 3, 3, 1, 2, 0
3053, 153313, 1, 5, 3, 3, 1, 3, 0
3054, 153314, 1, 5, 3, 3, 1, 4, 0
3055, 153315, 1, 5, 3, 3, 1, 5, 0
3056, 153321, 1, 5, 3, 3, 2, 1, 0
3057, 153322, 1, 5, 3, 3, 2, 2, 0
3058, 153323, 1, 5, 3, 3, 2, 3, 0
3059, 153324, 1, 5, 3, 3, 2, 4, 0
3060, 153325, 1, 5, 3, 3, 2, 5, 0
3061, 153331, 1, 5, 3, 3, 3, 1, 0
3062, 153332, 1, 5, 3, 3, 3, 2, 0
3063, 153333, 1, 5, 3, 3, 3, 3, 0
3064, 153334, 1, 5, 3, 3, 3, 4, 0
3065, 153335, 1, 5, 3, 3, 3, 5, 0
3066, 153341, 1, 5, 3, 3, 4, 1, 0
3067, 153342, 1, 5, 3, 3, 4, 2, 0
3068, 153343, 1, 5, 3, 3, 4, 3, 0
3069, 153344, 1, 5, 3, 3, 4, 4, 0
3070, 153345, 1, 5, 3, 3, 4, 5, 0
3071, 153351, 1, 5, 3, 3, 5, 1, 0
3072, 153352, 1, 5, 3, 3, 5, 2, 0
3073, 153353, 1, 5, 3, 3, 5, 3, 0
3074, 153354, 1, 5, 3, 3, 5, 4, 0
3075, 153355, 1, 5, 3, 3, 5, 5, 0
3076, 153411, 1, 5, 3, 4, 1, 1, 0
3077, 153412, 1, 5, 3, 4, 1, 2, 0
3078, 153413, 1, 5, 3, 4, 1, 3, 0
3079, 153414, 1, 5, 3, 4, 1, 4, 0
3080, 153415, 1, 5, 3, 4, 1, 5, 0
3081, 153421, 1, 5, 3, 4, 2, 1, 0
3082, 153422, 1, 5, 3, 4, 2, 2, 0
3083, 153423, 1, 5, 3, 4, 2, 3, 0
3084, 153424, 1, 5, 3, 4, 2, 4, 0
3085, 153425, 1, 5, 3, 4, 2, 5, 0
3086, 153431, 1, 5, 3, 4, 3, 1, 0
3087, 153432, 1, 5, 3, 4, 3, 2, 0
3088, 153433, 1, 5, 3, 4, 3, 3, 0
3089, 153434, 1, 5, 3, 4, 3, 4, 0
3090, 153435, 1, 5, 3, 4, 3, 5, 0
3091, 153441, 1, 5, 3, 4, 4, 1, 0
3092, 153442, 1, 5, 3, 4, 4, 2, 0
3093, 153443, 1, 5, 3, 4, 4, 3, 0
3094, 153444, 1, 5, 3, 4, 4, 4, 0
3095, 153445, 1, 5, 3, 4, 4, 5, 0
3096, 153451, 1, 5, 3, 4, 5, 1, 0
3097, 153452, 1, 5, 3, 4, 5, 2, 0
3098, 153453, 1, 5, 3, 4, 5, 3, 0
3099, 153454, 1, 5, 3, 4, 5, 4, 0
3100, 153455, 1, 5, 3, 4, 5, 5, 0
3101, 154111, 1, 5, 4, 1, 1, 1, 0
3102, 154112, 1, 5, 4, 1, 1, 2, 0
3103, 154113, 1, 5, 4, 1, 1, 3, 0
3104, 154114, 1, 5, 4, 1, 1, 4, 0
3105, 154115, 1, 5, 4, 1, 1, 5, 0
3106, 154121, 1, 5, 4, 1, 2, 1, 0
3107, 154122, 1, 5, 4, 1, 2, 2, 0
3108, 154123, 1, 5, 4, 1, 2, 3, 0
3109, 154124, 1, 5, 4, 1, 2, 4, 0
3110, 154125, 1, 5, 4, 1, 2, 5, 0
3111, 154131, 1, 5, 4, 1, 3, 1, 0
3112, 154132, 1, 5, 4, 1, 3, 2, 0
3113, 154133, 1, 5, 4, 1, 3, 3, 0
3114, 154134, 1, 5, 4, 1, 3, 4, 0
3115, 154135, 1, 5, 4, 1, 3, 5, 0
3116, 154141, 1, 5, 4, 1, 4, 1, 0
3117, 154142, 1, 5, 4, 1, 4, 2, 0
3118, 154143, 1, 5, 4, 1, 4, 3, 0
3119, 154144, 1, 5, 4, 1, 4, 4, 0
3120, 154145, 1, 5, 4, 1, 4, 5, 0
3121, 154151, 1, 5, 4, 1, 5, 1, 0
3122, 154152, 1, 5, 4, 1, 5, 2, 0
3123, 154153, 1, 5, 4, 1, 5, 3, 0
3124, 154154, 1, 5, 4, 1, 5, 4, 0
3125, 154155, 1, 5, 4, 1, 5, 5, 0
3126, 154211, 1, 5, 4, 2, 1, 1, 0
3127, 154212, 1, 5, 4, 2, 1, 2, 0
3128, 154213, 1, 5, 4, 2, 1, 3, 0
3129, 154214, 1, 5, 4, 2, 1, 4, 0
3130, 154215, 1, 5, 4, 2, 1, 5, 0
3131, 154221, 1, 5, 4, 2, 2, 1, 0
3132, 154222, 1, 5, 4, 2, 2, 2, 0
3133, 154223, 1, 5, 4, 2, 2, 3, 0
3134, 154224, 1, 5, 4, 2, 2, 4, 0
3135, 154225, 1, 5, 4, 2, 2, 5, 0
3136, 154231, 1, 5, 4, 2, 3, 1, 0
3137, 154232, 1, 5, 4, 2, 3, 2, 0
3138, 154233, 1, 5, 4, 2, 3, 3, 0
3139, 154234, 1, 5, 4, 2, 3, 4, 0
3140, 154235, 1, 5, 4, 2, 3, 5, 0
3141, 154241, 1, 5, 4, 2, 4, 1, 0
3142, 154242, 1, 5, 4, 2, 4, 2, 0
3143, 154243, 1, 5, 4, 2, 4, 3, 0
3144, 154244, 1, 5, 4, 2, 4, 4, 0
3145, 154245, 1, 5, 4, 2, 4, 5, 0
3146, 154251, 1, 5, 4, 2, 5, 1, 0
3147, 154252, 1, 5, 4, 2, 5, 2, 0
3148, 154253, 1, 5, 4, 2, 5, 3, 0
3149, 154254, 1, 5, 4, 2, 5, 4, 0
3150, 154255, 1, 5, 4, 2, 5, 5, 0
3151, 154311, 1, 5, 4, 3, 1, 1, 0
3152, 154312, 1, 5, 4, 3, 1, 2, 0
3153, 154313, 1, 5, 4, 3, 1, 3, 0
3154, 154314, 1, 5, 4, 3, 1, 4, 0
3155, 154315, 1, 5, 4, 3, 1, 5, 0
3156, 154321, 1, 5, 4, 3, 2, 1, 0
3157, 154322, 1, 5, 4, 3, 2, 2, 0
3158, 154323, 1, 5, 4, 3, 2, 3, 0
3159, 154324, 1, 5, 4, 3, 2, 4, 0
3160, 154325, 1, 5, 4, 3, 2, 5, 0
3161, 154331, 1, 5, 4, 3, 3, 1, 0
3162, 154332, 1, 5, 4, 3, 3, 2, 0
3163, 154333, 1, 5, 4, 3, 3, 3, 0
3164, 154334, 1, 5, 4, 3, 3, 4, 0
3165, 154335, 1, 5, 4, 3, 3, 5, 0
3166, 154341, 1, 5, 4, 3, 4, 1, 0
3167, 154342, 1, 5, 4, 3, 4, 2, 0
3168, 154343, 1, 5, 4, 3, 4, 3, 0
3169, 154344, 1, 5, 4, 3, 4, 4, 0
3170, 154345, 1, 5, 4, 3, 4, 5, 0
3171, 154351, 1, 5, 4, 3, 5, 1, 0
3172, 154352, 1, 5, 4, 3, 5, 2, 0
3173, 154353, 1, 5, 4, 3, 5, 3, 0
3174, 154354, 1, 5, 4, 3, 5, 4, 0
3175, 154355, 1, 5, 4, 3, 5, 5, 0
3176, 154411, 1, 5, 4, 4, 1, 1, 0
3177, 154412, 1, 5, 4, 4, 1, 2, 0
3178, 154413, 1, 5, 4, 4, 1, 3, 0
3179, 154414, 1, 5, 4, 4, 1, 4, 0
3180, 154415, 1, 5, 4, 4, 1, 5, 0
3181, 154421, 1, 5, 4, 4, 2, 1, 0
3182, 154422, 1, 5, 4, 4, 2, 2, 0
3183, 154423, 1, 5, 4, 4, 2, 3, 0
3184, 154424, 1, 5, 4, 4, 2, 4, 0
3185, 154425, 1, 5, 4, 4, 2, 5, 0
3186, 154431, 1, 5, 4, 4, 3, 1, 0
3187, 154432, 1, 5, 4, 4, 3, 2, 0
3188, 154433, 1, 5, 4, 4, 3, 3, 0
3189, 154434, 1, 5, 4, 4, 3, 4, 0
3190, 154435, 1, 5, 4, 4, 3, 5, 0
3191, 154441, 1, 5, 4, 4, 4, 1, 0
3192, 154442, 1, 5, 4, 4, 4, 2, 0
3193, 154443, 1, 5, 4, 4, 4, 3, 0
3194, 154444, 1, 5, 4, 4, 4, 4, 0
3195, 154445, 1, 5, 4, 4, 4, 5, 0
3196, 154451, 1, 5, 4, 4, 5, 1, 0
3197, 154452, 1, 5, 4, 4, 5, 2, 0
3198, 154453, 1, 5, 4, 4, 5, 3, 0
3199, 154454, 1, 5, 4, 4, 5, 4, 0
3200, 154455, 1, 5, 4, 4, 5, 5, 0
3201, 155111, 1, 5, 5, 1, 1, 1, 0
3202, 155112, 1, 5, 5, 1, 1, 2, 0
3203, 155113, 1, 5, 5, 1, 1, 3, 0
3204, 155114, 1, 5, 5, 1, 1, 4, 0
3205, 155115, 1, 5, 5, 1, 1, 5, 0
3206, 155121, 1, 5, 5, 1, 2, 1, 0
3207, 155122, 1, 5, 5, 1, 2, 2, 0
3208, 155123, 1, 5, 5, 1, 2, 3, 0
3209, 155124, 1, 5, 5, 1, 2, 4, 0
3210, 155125, 1, 5, 5, 1, 2, 5, 0
3211, 155131, 1, 5, 5, 1, 3, 1, 0
3212, 155132, 1, 5, 5, 1, 3, 2, 0
3213, 155133, 1, 5, 5, 1, 3, 3, 0
3214, 155134, 1, 5, 5, 1, 3, 4, 0
3215, 155135, 1, 5, 5, 1, 3, 5, 0
3216, 155141, 1, 5, 5, 1, 4, 1, 0
3217, 155142, 1, 5, 5, 1, 4, 2, 0
3218, 155143, 1, 5, 5, 1, 4, 3, 0
3219, 155144, 1, 5, 5, 1, 4, 4, 0
3220, 155145, 1, 5, 5, 1, 4, 5, 0
3221, 155151, 1, 5, 5, 1, 5, 1, 0
3222, 155152, 1, 5, 5, 1, 5, 2, 0
3223, 155153, 1, 5, 5, 1, 5, 3, 0
3224, 155154, 1, 5, 5, 1, 5, 4, 0
3225, 155155, 1, 5, 5, 1, 5, 5, 0
3226, 155211, 1, 5, 5, 2, 1, 1, 0
3227, 155212, 1, 5, 5, 2, 1, 2, 0
3228, 155213, 1, 5, 5, 2, 1, 3, 0
3229, 155214, 1, 5, 5, 2, 1, 4, 0
3230, 155215, 1, 5, 5, 2, 1, 5, 0
3231, 155221, 1, 5, 5, 2, 2, 1, 0
3232, 155222, 1, 5, 5, 2, 2, 2, 0
3233, 155223, 1, 5, 5, 2, 2, 3, 0
3234, 155224, 1, 5, 5, 2, 2, 4, 0
3235, 155225, 1, 5, 5, 2, 2, 5, 0
3236, 155231, 1, 5, 5, 2, 3, 1, 0
3237, 155232, 1, 5, 5, 2, 3, 2, 0
3238, 155233, 1, 5, 5, 2, 3, 3, 0
3239, 155234, 1, 5, 5, 2, 3, 4, 0
3240, 155235, 1, 5, 5, 2, 3, 5, 0
3241, 155241, 1, 5, 5, 2, 4, 1, 0
3242, 155242, 1, 5, 5, 2, 4, 2, 0
3243, 155243, 1, 5, 5, 2, 4, 3, 0
3244, 155244, 1, 5, 5, 2, 4, 4, 0
3245, 155245, 1, 5, 5, 2, 4, 5, 0
3246, 155251, 1, 5, 5, 2, 5, 1, 0
3247, 155252, 1, 5, 5, 2, 5, 2, 0
3248, 155253, 1, 5, 5, 2, 5, 3, 0
3249, 155254, 1, 5, 5, 2, 5, 4, 0
3250, 155255, 1, 5, 5, 2, 5, 5, 0
3251, 155311, 1, 5, 5, 3, 1, 1, 0
3252, 155312, 1, 5, 5, 3, 1, 2, 0
3253, 155313, 1, 5, 5, 3, 1, 3, 0
3254, 155314, 1, 5, 5, 3, 1, 4, 0
3255, 155315, 1, 5, 5, 3, 1, 5, 0
3256, 155321, 1, 5, 5, 3, 2, 1, 0
3257, 155322, 1, 5, 5, 3, 2, 2, 0
3258, 155323, 1, 5, 5, 3, 2, 3, 0
3259, 155324, 1, 5, 5, 3, 2, 4, 0
3260, 155325, 1, 5, 5, 3, 2, 5, 0
3261, 155331, 1, 5, 5, 3, 3, 1, 0
3262, 155332, 1, 5, 5, 3, 3, 2, 0
3263, 155333, 1, 5, 5, 3, 3, 3, 0
3264, 155334, 1, 5, 5, 3, 3, 4, 0
3265, 155335, 1, 5, 5, 3, 3, 5, 0
3266, 155341, 1, 5, 5, 3, 4, 1, 0
3267, 155342, 1, 5, 5, 3, 4, 2, 0
3268, 155343, 1, 5, 5, 3, 4, 3, 0
3269, 155344, 1, 5, 5, 3, 4, 4, 0
3270, 155345, 1, 5, 5, 3, 4, 5, 0
3271, 155351, 1, 5, 5, 3, 5, 1, 0
3272, 155352, 1, 5, 5, 3, 5, 2, 0
3273, 155353, 1, 5, 5, 3, 5, 3, 0
3274, 155354, 1, 5, 5, 3, 5, 4, 0
3275, 155355, 1, 5, 5, 3, 5, 5, 0
3276, 155411, 1, 5, 5, 4, 1, 1, 0
3277, 155412, 1, 5, 5, 4, 1, 2, 0
3278, 155413, 1, 5, 5, 4, 1, 3, 0
3279, 155414, 1, 5, 5, 4, 1, 4, 0
3280, 155415, 1, 5, 5, 4, 1, 5, 0
3281, 155421, 1, 5, 5, 4, 2, 1, 0
3282, 155422, 1, 5, 5, 4, 2, 2, 0
3283, 155423, 1, 5, 5, 4, 2, 3, 0
3284, 155424, 1, 5, 5, 4, 2, 4, 0
3285, 155425, 1, 5, 5, 4, 2, 5, 0
3286, 155431, 1, 5, 5, 4, 3, 1, 0
3287, 155432, 1, 5, 5, 4, 3, 2, 0
3288, 155433, 1, 5, 5, 4, 3, 3, 0
3289, 155434, 1, 5, 5, 4, 3, 4, 0
3290, 155435, 1, 5, 5, 4, 3, 5, 0
3291, 155441, 1, 5, 5, 4, 4, 1, 0
3292, 155442, 1, 5, 5, 4, 4, 2, 0
3293, 155443, 1, 5, 5, 4, 4, 3, 0
3294, 155444, 1, 5, 5, 4, 4, 4, 0
3295, 155445, 1, 5, 5, 4, 4, 5, 0
3296, 155451, 1, 5, 5, 4, 5, 1, 0
3297, 155452, 1, 5, 5, 4, 5, 2, 0
3298, 155453, 1, 5, 5, 4, 5, 3, 0
3299, 155454, 1, 5, 5, 4, 5, 4, 0
3300, 155455, 1, 5, 5, 4, 5, 5, 0
3301, 156111, 1, 5, 6, 1, 1, 1, 0
3302, 156112, 1, 5, 6, 1, 1, 2, 0
3303, 156113, 1, 5, 6, 1, 1, 3, 0
3304, 156114, 1, 5, 6, 1, 1, 4, 0
3305, 156115, 1, 5, 6, 1, 1, 5, 0
3306, 156121, 1, 5, 6, 1, 2, 1, 0
3307, 156122, 1, 5, 6, 1, 2, 2, 0
3308, 156123, 1, 5, 6, 1, 2, 3, 0
3309, 156124, 1, 5, 6, 1, 2, 4, 0
3310, 156125, 1, 5, 6, 1, 2, 5, 0
3311, 156131, 1, 5, 6, 1, 3, 1, 0
3312, 156132, 1, 5, 6, 1, 3, 2, 0
3313, 156133, 1, 5, 6, 1, 3, 3, 0
3314, 156134, 1, 5, 6, 1, 3, 4, 0
3315, 156135, 1, 5, 6, 1, 3, 5, 0
3316, 156141, 1, 5, 6, 1, 4, 1, 0
3317, 156142, 1, 5, 6, 1, 4, 2, 0
3318, 156143, 1, 5, 6, 1, 4, 3, 0
3319, 156144, 1, 5, 6, 1, 4, 4, 0
3320, 156145, 1, 5, 6, 1, 4, 5, 0
3321, 156151, 1, 5, 6, 1, 5, 1, 0
3322, 156152, 1, 5, 6, 1, 5, 2, 0
3323, 156153, 1, 5, 6, 1, 5, 3, 0
3324, 156154, 1, 5, 6, 1, 5, 4, 0
3325, 156155, 1, 5, 6, 1, 5, 5, 0
3326, 156211, 1, 5, 6, 2, 1, 1, 0
3327, 156212, 1, 5, 6, 2, 1, 2, 0
3328, 156213, 1, 5, 6, 2, 1, 3, 0
3329, 156214, 1, 5, 6, 2, 1, 4, 0
3330, 156215, 1, 5, 6, 2, 1, 5, 0
3331, 156221, 1, 5, 6, 2, 2, 1, 0
3332, 156222, 1, 5, 6, 2, 2, 2, 0
3333, 156223, 1, 5, 6, 2, 2, 3, 0
3334, 156224, 1, 5, 6, 2, 2, 4, 0
3335, 156225, 1, 5, 6, 2, 2, 5, 0
3336, 156231, 1, 5, 6, 2, 3, 1, 0
3337, 156232, 1, 5, 6, 2, 3, 2, 0
3338, 156233, 1, 5, 6, 2, 3, 3, 0
3339, 156234, 1, 5, 6, 2, 3, 4, 0
3340, 156235, 1, 5, 6, 2, 3, 5, 0
3341, 156241, 1, 5, 6, 2, 4, 1, 0
3342, 156242, 1, 5, 6, 2, 4, 2, 0
3343, 156243, 1, 5, 6, 2, 4, 3, 0
3344, 156244, 1, 5, 6, 2, 4, 4, 0
3345, 156245, 1, 5, 6, 2, 4, 5, 0
3346, 156251, 1, 5, 6, 2, 5, 1, 0
3347, 156252, 1, 5, 6, 2, 5, 2, 0
3348, 156253, 1, 5, 6, 2, 5, 3, 0
3349, 156254, 1, 5, 6, 2, 5, 4, 0
3350, 156255, 1, 5, 6, 2, 5, 5, 0
3351, 156311, 1, 5, 6, 3, 1, 1, 0
3352, 156312, 1, 5, 6, 3, 1, 2, 0
3353, 156313, 1, 5, 6, 3, 1, 3, 0
3354, 156314, 1, 5, 6, 3, 1, 4, 0
3355, 156315, 1, 5, 6, 3, 1, 5, 0
3356, 156321, 1, 5, 6, 3, 2, 1, 0
3357, 156322, 1, 5, 6, 3, 2, 2, 0
3358, 156323, 1, 5, 6, 3, 2, 3, 0
3359, 156324, 1, 5, 6, 3, 2, 4, 0
3360, 156325, 1, 5, 6, 3, 2, 5, 0
3361, 156331, 1, 5, 6, 3, 3, 1, 0
3362, 156332, 1, 5, 6, 3, 3, 2, 0
3363, 156333, 1, 5, 6, 3, 3, 3, 0
3364, 156334, 1, 5, 6, 3, 3, 4, 0
3365, 156335, 1, 5, 6, 3, 3, 5, 0
3366, 156341, 1, 5, 6, 3, 4, 1, 0
3367, 156342, 1, 5, 6, 3, 4, 2, 0
3368, 156343, 1, 5, 6, 3, 4, 3, 0
3369, 156344, 1, 5, 6, 3, 4, 4, 0
3370, 156345, 1, 5, 6, 3, 4, 5, 0
3371, 156351, 1, 5, 6, 3, 5, 1, 0
3372, 156352, 1, 5, 6, 3, 5, 2, 0
3373, 156353, 1, 5, 6, 3, 5, 3, 0
3374, 156354, 1, 5, 6, 3, 5, 4, 0
3375, 156355, 1, 5, 6, 3, 5, 5, 0
3376, 156411, 1, 5, 6, 4, 1, 1, 0
3377, 156412, 1, 5, 6, 4, 1, 2, 0
3378, 156413, 1, 5, 6, 4, 1, 3, 0
3379, 156414, 1, 5, 6, 4, 1, 4, 0
3380, 156415, 1, 5, 6, 4, 1, 5, 0
3381, 156421, 1, 5, 6, 4, 2, 1, 0
3382, 156422, 1, 5, 6, 4, 2, 2, 0
3383, 156423, 1, 5, 6, 4, 2, 3, 0
3384, 156424, 1, 5, 6, 4, 2, 4, 0
3385, 156425, 1, 5, 6, 4, 2, 5, 0
3386, 156431, 1, 5, 6, 4, 3, 1, 0
3387, 156432, 1, 5, 6, 4, 3, 2, 0
3388, 156433, 1, 5, 6, 4, 3, 3, 0
3389, 156434, 1, 5, 6, 4, 3, 4, 0
3390, 156435, 1, 5, 6, 4, 3, 5, 0
3391, 156441, 1, 5, 6, 4, 4, 1, 0
3392, 156442, 1, 5, 6, 4, 4, 2, 0
3393, 156443, 1, 5, 6, 4, 4, 3, 0
3394, 156444, 1, 5, 6, 4, 4, 4, 0
3395, 156445, 1, 5, 6, 4, 4, 5, 0
3396, 156451, 1, 5, 6, 4, 5, 1, 0
3397, 156452, 1, 5, 6, 4, 5, 2, 0
3398, 156453, 1, 5, 6, 4, 5, 3, 0
3399, 156454, 1, 5, 6, 4, 5, 4, 0
3400, 156455, 1, 5, 6, 4, 5, 5, 0
3401, 157111, 1, 5, 7, 1, 1, 1, 0
3402, 157112, 1, 5, 7, 1, 1, 2, 0
3403, 157113, 1, 5, 7, 1, 1, 3, 0
3404, 157114, 1, 5, 7, 1, 1, 4, 0
3405, 157115, 1, 5, 7, 1, 1, 5, 0
3406, 157121, 1, 5, 7, 1, 2, 1, 0
3407, 157122, 1, 5, 7, 1, 2, 2, 0
3408, 157123, 1, 5, 7, 1, 2, 3, 0
3409, 157124, 1, 5, 7, 1, 2, 4, 0
3410, 157125, 1, 5, 7, 1, 2, 5, 0
3411, 157131, 1, 5, 7, 1, 3, 1, 0
3412, 157132, 1, 5, 7, 1, 3, 2, 0
3413, 157133, 1, 5, 7, 1, 3, 3, 0
3414, 157134, 1, 5, 7, 1, 3, 4, 0
3415, 157135, 1, 5, 7, 1, 3, 5, 0
3416, 157141, 1, 5, 7, 1, 4, 1, 0
3417, 157142, 1, 5, 7, 1, 4, 2, 0
3418, 157143, 1, 5, 7, 1, 4, 3, 0
3419, 157144, 1, 5, 7, 1, 4, 4, 0
3420, 157145, 1, 5, 7, 1, 4, 5, 0
3421, 157151, 1, 5, 7, 1, 5, 1, 0
3422, 157152, 1, 5, 7, 1, 5, 2, 0
3423, 157153, 1, 5, 7, 1, 5, 3, 0
3424, 157154, 1, 5, 7, 1, 5, 4, 0
3425, 157155, 1, 5, 7, 1, 5, 5, 0
3426, 157211, 1, 5, 7, 2, 1, 1, 0
3427, 157212, 1, 5, 7, 2, 1, 2, 0
3428, 157213, 1, 5, 7, 2, 1, 3, 0
3429, 157214, 1, 5, 7, 2, 1, 4, 0
3430, 157215, 1, 5, 7, 2, 1, 5, 0
3431, 157221, 1, 5, 7, 2, 2, 1, 0
3432, 157222, 1, 5, 7, 2, 2, 2, 0
3433, 157223, 1, 5, 7, 2, 2, 3, 0
3434, 157224, 1, 5, 7, 2, 2, 4, 0
3435, 157225, 1, 5, 7, 2, 2, 5, 0
3436, 157231, 1, 5, 7, 2, 3, 1, 0
3437, 157232, 1, 5, 7, 2, 3, 2, 0
3438, 157233, 1, 5, 7, 2, 3, 3, 0
3439, 157234, 1, 5, 7, 2, 3, 4, 0
3440, 157235, 1, 5, 7, 2, 3, 5, 0
3441, 157241, 1, 5, 7, 2, 4, 1, 0
3442, 157242, 1, 5, 7, 2, 4, 2, 0
3443, 157243, 1, 5, 7, 2, 4, 3, 0
3444, 157244, 1, 5, 7, 2, 4, 4, 0
3445, 157245, 1, 5, 7, 2, 4, 5, 0
3446, 157251, 1, 5, 7, 2, 5, 1, 0
3447, 157252, 1, 5, 7, 2, 5, 2, 0
3448, 157253, 1, 5, 7, 2, 5, 3, 0
3449, 157254, 1, 5, 7, 2, 5, 4, 0
3450, 157255, 1, 5, 7, 2, 5, 5, 0
3451, 157311, 1, 5, 7, 3, 1, 1, 0
3452, 157312, 1, 5, 7, 3, 1, 2, 0
3453, 157313, 1, 5, 7, 3, 1, 3, 0
3454, 157314, 1, 5, 7, 3, 1, 4, 0
3455, 157315, 1, 5, 7, 3, 1, 5, 0
3456, 157321, 1, 5, 7, 3, 2, 1, 0
3457, 157322, 1, 5, 7, 3, 2, 2, 0
3458, 157323, 1, 5, 7, 3, 2, 3, 0
3459, 157324, 1, 5, 7, 3, 2, 4, 0
3460, 157325, 1, 5, 7, 3, 2, 5, 0
3461, 157331, 1, 5, 7, 3, 3, 1, 0
3462, 157332, 1, 5, 7, 3, 3, 2, 0
3463, 157333, 1, 5, 7, 3, 3, 3, 0
3464, 157334, 1, 5, 7, 3, 3, 4, 0
3465, 157335, 1, 5, 7, 3, 3, 5, 0
3466, 157341, 1, 5, 7, 3, 4, 1, 0
3467, 157342, 1, 5, 7, 3, 4, 2, 0
3468, 157343, 1, 5, 7, 3, 4, 3, 0
3469, 157344, 1, 5, 7, 3, 4, 4, 0
3470, 157345, 1, 5, 7, 3, 4, 5, 0
3471, 157351, 1, 5, 7, 3, 5, 1, 0
3472, 157352, 1, 5, 7, 3, 5, 2, 0
3473, 157353, 1, 5, 7, 3, 5, 3, 0
3474, 157354, 1, 5, 7, 3, 5, 4, 0
3475, 157355, 1, 5, 7, 3, 5, 5, 0
3476, 157411, 1, 5, 7, 4, 1, 1, 0
3477, 157412, 1, 5, 7, 4, 1, 2, 0
3478, 157413, 1, 5, 7, 4, 1, 3, 0
3479, 157414, 1, 5, 7, 4, 1, 4, 0
3480, 157415, 1, 5, 7, 4, 1, 5, 0
3481, 157421, 1, 5, 7, 4, 2, 1, 0
3482, 157422, 1, 5, 7, 4, 2, 2, 0
3483, 157423, 1, 5, 7, 4, 2, 3, 0
3484, 157424, 1, 5, 7, 4, 2, 4, 0
3485, 157425, 1, 5, 7, 4, 2, 5, 0
3486, 157431, 1, 5, 7, 4, 3, 1, 0
3487, 157432, 1, 5, 7, 4, 3, 2, 0
3488, 157433, 1, 5, 7, 4, 3, 3, 0
3489, 157434, 1, 5, 7, 4, 3, 4, 0
3490, 157435, 1, 5, 7, 4, 3, 5, 0
3491, 157441, 1, 5, 7, 4, 4, 1, 0
3492, 157442, 1, 5, 7, 4, 4, 2, 0
3493, 157443, 1, 5, 7, 4, 4, 3, 0
3494, 157444, 1, 5, 7, 4, 4, 4, 0
3495, 157445, 1, 5, 7, 4, 4, 5, 0
3496, 157451, 1, 5, 7, 4, 5, 1, 0
3497, 157452, 1, 5, 7, 4, 5, 2, 0
3498, 157453, 1, 5, 7, 4, 5, 3, 0
3499, 157454, 1, 5, 7, 4, 5, 4, 0
3500, 157455, 1, 5, 7, 4, 5, 5, 0
3501, 161111, 1, 6, 1, 1, 1, 1, 0
3502, 161112, 1, 6, 1, 1, 1, 2, 0
3503, 161113, 1, 6, 1, 1, 1, 3, 0
3504, 161114, 1, 6, 1, 1, 1, 4, 0
3505, 161115, 1, 6, 1, 1, 1, 5, 0
3506, 161121, 1, 6, 1, 1, 2, 1, 0
3507, 161122, 1, 6, 1, 1, 2, 2, 0
3508, 161123, 1, 6, 1, 1, 2, 3, 0
3509, 161124, 1, 6, 1, 1, 2, 4, 0
3510, 161125, 1, 6, 1, 1, 2, 5, 0
3511, 161131, 1, 6, 1, 1, 3, 1, 0
3512, 161132, 1, 6, 1, 1, 3, 2, 0
3513, 161133, 1, 6, 1, 1, 3, 3, 0
3514, 161134, 1, 6, 1, 1, 3, 4, 0
3515, 161135, 1, 6, 1, 1, 3, 5, 0
3516, 161141, 1, 6, 1, 1, 4, 1, 0
3517, 161142, 1, 6, 1, 1, 4, 2, 0
3518, 161143, 1, 6, 1, 1, 4, 3, 0
3519, 161144, 1, 6, 1, 1, 4, 4, 0
3520, 161145, 1, 6, 1, 1, 4, 5, 0
3521, 161151, 1, 6, 1, 1, 5, 1, 0
3522, 161152, 1, 6, 1, 1, 5, 2, 0
3523, 161153, 1, 6, 1, 1, 5, 3, 0
3524, 161154, 1, 6, 1, 1, 5, 4, 0
3525, 161155, 1, 6, 1, 1, 5, 5, 0
3526, 161211, 1, 6, 1, 2, 1, 1, 0
3527, 161212, 1, 6, 1, 2, 1, 2, 0
3528, 161213, 1, 6, 1, 2, 1, 3, 0
3529, 161214, 1, 6, 1, 2, 1, 4, 0
3530, 161215, 1, 6, 1, 2, 1, 5, 0
3531, 161221, 1, 6, 1, 2, 2, 1, 0
3532, 161222, 1, 6, 1, 2, 2, 2, 0
3533, 161223, 1, 6, 1, 2, 2, 3, 0
3534, 161224, 1, 6, 1, 2, 2, 4, 0
3535, 161225, 1, 6, 1, 2, 2, 5, 0
3536, 161231, 1, 6, 1, 2, 3, 1, 0
3537, 161232, 1, 6, 1, 2, 3, 2, 0
3538, 161233, 1, 6, 1, 2, 3, 3, 0
3539, 161234, 1, 6, 1, 2, 3, 4, 0
3540, 161235, 1, 6, 1, 2, 3, 5, 0
3541, 161241, 1, 6, 1, 2, 4, 1, 0
3542, 161242, 1, 6, 1, 2, 4, 2, 0
3543, 161243, 1, 6, 1, 2, 4, 3, 0
3544, 161244, 1, 6, 1, 2, 4, 4, 0
3545, 161245, 1, 6, 1, 2, 4, 5, 0
3546, 161251, 1, 6, 1, 2, 5, 1, 0
3547, 161252, 1, 6, 1, 2, 5, 2, 0
3548, 161253, 1, 6, 1, 2, 5, 3, 0
3549, 161254, 1, 6, 1, 2, 5, 4, 0
3550, 161255, 1, 6, 1, 2, 5, 5, 0
3551, 161311, 1, 6, 1, 3, 1, 1, 0
3552, 161312, 1, 6, 1, 3, 1, 2, 0
3553, 161313, 1, 6, 1, 3, 1, 3, 0
3554, 161314, 1, 6, 1, 3, 1, 4, 0
3555, 161315, 1, 6, 1, 3, 1, 5, 0
3556, 161321, 1, 6, 1, 3, 2, 1, 0
3557, 161322, 1, 6, 1, 3, 2, 2, 0
3558, 161323, 1, 6, 1, 3, 2, 3, 0
3559, 161324, 1, 6, 1, 3, 2, 4, 0
3560, 161325, 1, 6, 1, 3, 2, 5, 0
3561, 161331, 1, 6, 1, 3, 3, 1, 0
3562, 161332, 1, 6, 1, 3, 3, 2, 0
3563, 161333, 1, 6, 1, 3, 3, 3, 0
3564, 161334, 1, 6, 1, 3, 3, 4, 0
3565, 161335, 1, 6, 1, 3, 3, 5, 0
3566, 161341, 1, 6, 1, 3, 4, 1, 0
3567, 161342, 1, 6, 1, 3, 4, 2, 0
3568, 161343, 1, 6, 1, 3, 4, 3, 0
3569, 161344, 1, 6, 1, 3, 4, 4, 0
3570, 161345, 1, 6, 1, 3, 4, 5, 0
3571, 161351, 1, 6, 1, 3, 5, 1, 0
3572, 161352, 1, 6, 1, 3, 5, 2, 0
3573, 161353, 1, 6, 1, 3, 5, 3, 0
3574, 161354, 1, 6, 1, 3, 5, 4, 0
3575, 161355, 1, 6, 1, 3, 5, 5, 0
3576, 161411, 1, 6, 1, 4, 1, 1, 0
3577, 161412, 1, 6, 1, 4, 1, 2, 0
3578, 161413, 1, 6, 1, 4, 1, 3, 0
3579, 161414, 1, 6, 1, 4, 1, 4, 0
3580, 161415, 1, 6, 1, 4, 1, 5, 0
3581, 161421, 1, 6, 1, 4, 2, 1, 0
3582, 161422, 1, 6, 1, 4, 2, 2, 0
3583, 161423, 1, 6, 1, 4, 2, 3, 0
3584, 161424, 1, 6, 1, 4, 2, 4, 0
3585, 161425, 1, 6, 1, 4, 2, 5, 0
3586, 161431, 1, 6, 1, 4, 3, 1, 0
3587, 161432, 1, 6, 1, 4, 3, 2, 0
3588, 161433, 1, 6, 1, 4, 3, 3, 0
3589, 161434, 1, 6, 1, 4, 3, 4, 0
3590, 161435, 1, 6, 1, 4, 3, 5, 0
3591, 161441, 1, 6, 1, 4, 4, 1, 0
3592, 161442, 1, 6, 1, 4, 4, 2, 0
3593, 161443, 1, 6, 1, 4, 4, 3, 0
3594, 161444, 1, 6, 1, 4, 4, 4, 0
3595, 161445, 1, 6, 1, 4, 4, 5, 0
3596, 161451, 1, 6, 1, 4, 5, 1, 0
3597, 161452, 1, 6, 1, 4, 5, 2, 0
3598, 161453, 1, 6, 1, 4, 5, 3, 0
3599, 161454, 1, 6, 1, 4, 5, 4, 0
3600, 161455, 1, 6, 1, 4, 5, 5, 0
3601, 162111, 1, 6, 2, 1, 1, 1, 0
3602, 162112, 1, 6, 2, 1, 1, 2, 0
3603, 162113, 1, 6, 2, 1, 1, 3, 0
3604, 162114, 1, 6, 2, 1, 1, 4, 0
3605, 162115, 1, 6, 2, 1, 1, 5, 0
3606, 162121, 1, 6, 2, 1, 2, 1, 0
3607, 162122, 1, 6, 2, 1, 2, 2, 0
3608, 162123, 1, 6, 2, 1, 2, 3, 0
3609, 162124, 1, 6, 2, 1, 2, 4, 0
3610, 162125, 1, 6, 2, 1, 2, 5, 0
3611, 162131, 1, 6, 2, 1, 3, 1, 0
3612, 162132, 1, 6, 2, 1, 3, 2, 0
3613, 162133, 1, 6, 2, 1, 3, 3, 0
3614, 162134, 1, 6, 2, 1, 3, 4, 0
3615, 162135, 1, 6, 2, 1, 3, 5, 0
3616, 162141, 1, 6, 2, 1, 4, 1, 0
3617, 162142, 1, 6, 2, 1, 4, 2, 0
3618, 162143, 1, 6, 2, 1, 4, 3, 0
3619, 162144, 1, 6, 2, 1, 4, 4, 0
3620, 162145, 1, 6, 2, 1, 4, 5, 0
3621, 162151, 1, 6, 2, 1, 5, 1, 0
3622, 162152, 1, 6, 2, 1, 5, 2, 0
3623, 162153, 1, 6, 2, 1, 5, 3, 0
3624, 162154, 1, 6, 2, 1, 5, 4, 0
3625, 162155, 1, 6, 2, 1, 5, 5, 0
3626, 162211, 1, 6, 2, 2, 1, 1, 0
3627, 162212, 1, 6, 2, 2, 1, 2, 0
3628, 162213, 1, 6, 2, 2, 1, 3, 0
3629, 162214, 1, 6, 2, 2, 1, 4, 0
3630, 162215, 1, 6, 2, 2, 1, 5, 0
3631, 162221, 1, 6, 2, 2, 2, 1, 0
3632, 162222, 1, 6, 2, 2, 2, 2, 0
3633, 162223, 1, 6, 2, 2, 2, 3, 0
3634, 162224, 1, 6, 2, 2, 2, 4, 0
3635, 162225, 1, 6, 2, 2, 2, 5, 0
3636, 162231, 1, 6, 2, 2, 3, 1, 0
3637, 162232, 1, 6, 2, 2, 3, 2, 0
3638, 162233, 1, 6, 2, 2, 3, 3, 0
3639, 162234, 1, 6, 2, 2, 3, 4, 0
3640, 162235, 1, 6, 2, 2, 3, 5, 0
3641, 162241, 1, 6, 2, 2, 4, 1, 0
3642, 162242, 1, 6, 2, 2, 4, 2, 0
3643, 162243, 1, 6, 2, 2, 4, 3, 0
3644, 162244, 1, 6, 2, 2, 4, 4, 0
3645, 162245, 1, 6, 2, 2, 4, 5, 0
3646, 162251, 1, 6, 2, 2, 5, 1, 0
3647, 162252, 1, 6, 2, 2, 5, 2, 0
3648, 162253, 1, 6, 2, 2, 5, 3, 0
3649, 162254, 1, 6, 2, 2, 5, 4, 0
3650, 162255, 1, 6, 2, 2, 5, 5, 0
3651, 162311, 1, 6, 2, 3, 1, 1, 0
3652, 162312, 1, 6, 2, 3, 1, 2, 0
3653, 162313, 1, 6, 2, 3, 1, 3, 0
3654, 162314, 1, 6, 2, 3, 1, 4, 0
3655, 162315, 1, 6, 2, 3, 1, 5, 0
3656, 162321, 1, 6, 2, 3, 2, 1, 0
3657, 162322, 1, 6, 2, 3, 2, 2, 0
3658, 162323, 1, 6, 2, 3, 2, 3, 0
3659, 162324, 1, 6, 2, 3, 2, 4, 0
3660, 162325, 1, 6, 2, 3, 2, 5, 0
3661, 162331, 1, 6, 2, 3, 3, 1, 0
3662, 162332, 1, 6, 2, 3, 3, 2, 0
3663, 162333, 1, 6, 2, 3, 3, 3, 0
3664, 162334, 1, 6, 2, 3, 3, 4, 0
3665, 162335, 1, 6, 2, 3, 3, 5, 0
3666, 162341, 1, 6, 2, 3, 4, 1, 0
3667, 162342, 1, 6, 2, 3, 4, 2, 0
3668, 162343, 1, 6, 2, 3, 4, 3, 0
3669, 162344, 1, 6, 2, 3, 4, 4, 0
3670, 162345, 1, 6, 2, 3, 4, 5, 0
3671, 162351, 1, 6, 2, 3, 5, 1, 0
3672, 162352, 1, 6, 2, 3, 5, 2, 0
3673, 162353, 1, 6, 2, 3, 5, 3, 0
3674, 162354, 1, 6, 2, 3, 5, 4, 0
3675, 162355, 1, 6, 2, 3, 5, 5, 0
3676, 162411, 1, 6, 2, 4, 1, 1, 0
3677, 162412, 1, 6, 2, 4, 1, 2, 0
3678, 162413, 1, 6, 2, 4, 1, 3, 0
3679, 162414, 1, 6, 2, 4, 1, 4, 0
3680, 162415, 1, 6, 2, 4, 1, 5, 0
3681, 162421, 1, 6, 2, 4, 2, 1, 0
3682, 162422, 1, 6, 2, 4, 2, 2, 0
3683, 162423, 1, 6, 2, 4, 2, 3, 0
3684, 162424, 1, 6, 2, 4, 2, 4, 0
3685, 162425, 1, 6, 2, 4, 2, 5, 0
3686, 162431, 1, 6, 2, 4, 3, 1, 0
3687, 162432, 1, 6, 2, 4, 3, 2, 0
3688, 162433, 1, 6, 2, 4, 3, 3, 0
3689, 162434, 1, 6, 2, 4, 3, 4, 0
3690, 162435, 1, 6, 2, 4, 3, 5, 0
3691, 162441, 1, 6, 2, 4, 4, 1, 0
3692, 162442, 1, 6, 2, 4, 4, 2, 0
3693, 162443, 1, 6, 2, 4, 4, 3, 0
3694, 162444, 1, 6, 2, 4, 4, 4, 0
3695, 162445, 1, 6, 2, 4, 4, 5, 0
3696, 162451, 1, 6, 2, 4, 5, 1, 0
3697, 162452, 1, 6, 2, 4, 5, 2, 0
3698, 162453, 1, 6, 2, 4, 5, 3, 0
3699, 162454, 1, 6, 2, 4, 5, 4, 0
3700, 162455, 1, 6, 2, 4, 5, 5, 0
3701, 163111, 1, 6, 3, 1, 1, 1, 0
3702, 163112, 1, 6, 3, 1, 1, 2, 0
3703, 163113, 1, 6, 3, 1, 1, 3, 0
3704, 163114, 1, 6, 3, 1, 1, 4, 0
3705, 163115, 1, 6, 3, 1, 1, 5, 0
3706, 163121, 1, 6, 3, 1, 2, 1, 0
3707, 163122, 1, 6, 3, 1, 2, 2, 0
3708, 163123, 1, 6, 3, 1, 2, 3, 0
3709, 163124, 1, 6, 3, 1, 2, 4, 0
3710, 163125, 1, 6, 3, 1, 2, 5, 0
3711, 163131, 1, 6, 3, 1, 3, 1, 0
3712, 163132, 1, 6, 3, 1, 3, 2, 0
3713, 163133, 1, 6, 3, 1, 3, 3, 0
3714, 163134, 1, 6, 3, 1, 3, 4, 0
3715, 163135, 1, 6, 3, 1, 3, 5, 0
3716, 163141, 1, 6, 3, 1, 4, 1, 0
3717, 163142, 1, 6, 3, 1, 4, 2, 0
3718, 163143, 1, 6, 3, 1, 4, 3, 0
3719, 163144, 1, 6, 3, 1, 4, 4, 0
3720, 163145, 1, 6, 3, 1, 4, 5, 0
3721, 163151, 1, 6, 3, 1, 5, 1, 0
3722, 163152, 1, 6, 3, 1, 5, 2, 0
3723, 163153, 1, 6, 3, 1, 5, 3, 0
3724, 163154, 1, 6, 3, 1, 5, 4, 0
3725, 163155, 1, 6, 3, 1, 5, 5, 0
3726, 163211, 1, 6, 3, 2, 1, 1, 0
3727, 163212, 1, 6, 3, 2, 1, 2, 0
3728, 163213, 1, 6, 3, 2, 1, 3, 0
3729, 163214, 1, 6, 3, 2, 1, 4, 0
3730, 163215, 1, 6, 3, 2, 1, 5, 0
3731, 163221, 1, 6, 3, 2, 2, 1, 0
3732, 163222, 1, 6, 3, 2, 2, 2, 0
3733, 163223, 1, 6, 3, 2, 2, 3, 0
3734, 163224, 1, 6, 3, 2, 2, 4, 0
3735, 163225, 1, 6, 3, 2, 2, 5, 0
3736, 163231, 1, 6, 3, 2, 3, 1, 0
3737, 163232, 1, 6, 3, 2, 3, 2, 0
3738, 163233, 1, 6, 3, 2, 3, 3, 0
3739, 163234, 1, 6, 3, 2, 3, 4, 0
3740, 163235, 1, 6, 3, 2, 3, 5, 0
3741, 163241, 1, 6, 3, 2, 4, 1, 0
3742, 163242, 1, 6, 3, 2, 4, 2, 0
3743, 163243, 1, 6, 3, 2, 4, 3, 0
3744, 163244, 1, 6, 3, 2, 4, 4, 0
3745, 163245, 1, 6, 3, 2, 4, 5, 0
3746, 163251, 1, 6, 3, 2, 5, 1, 0
3747, 163252, 1, 6, 3, 2, 5, 2, 0
3748, 163253, 1, 6, 3, 2, 5, 3, 0
3749, 163254, 1, 6, 3, 2, 5, 4, 0
3750, 163255, 1, 6, 3, 2, 5, 5, 0
3751, 163311, 1, 6, 3, 3, 1, 1, 0
3752, 163312, 1, 6, 3, 3, 1, 2, 0
3753, 163313, 1, 6, 3, 3, 1, 3, 0
3754, 163314, 1, 6, 3, 3, 1, 4, 0
3755, 163315, 1, 6, 3, 3, 1, 5, 0
3756, 163321, 1, 6, 3, 3, 2, 1, 0
3757, 163322, 1, 6, 3, 3, 2, 2, 0
3758, 163323, 1, 6, 3, 3, 2, 3, 0
3759, 163324, 1, 6, 3, 3, 2, 4, 0
3760, 163325, 1, 6, 3, 3, 2, 5, 0
3761, 163331, 1, 6, 3, 3, 3, 1, 0
3762, 163332, 1, 6, 3, 3, 3, 2, 0
3763, 163333, 1, 6, 3, 3, 3, 3, 0
3764, 163334, 1, 6, 3, 3, 3, 4, 0
3765, 163335, 1, 6, 3, 3, 3, 5, 0
3766, 163341, 1, 6, 3, 3, 4, 1, 0
3767, 163342, 1, 6, 3, 3, 4, 2, 0
3768, 163343, 1, 6, 3, 3, 4, 3, 0
3769, 163344, 1, 6, 3, 3, 4, 4, 0
3770, 163345, 1, 6, 3, 3, 4, 5, 0
3771, 163351, 1, 6, 3, 3, 5, 1, 0
3772, 163352, 1, 6, 3, 3, 5, 2, 0
3773, 163353, 1, 6, 3, 3, 5, 3, 0
3774, 163354, 1, 6, 3, 3, 5, 4, 0
3775, 163355, 1, 6, 3, 3, 5, 5, 0
3776, 163411, 1, 6, 3, 4, 1, 1, 0
3777, 163412, 1, 6, 3, 4, 1, 2, 0
3778, 163413, 1, 6, 3, 4, 1, 3, 0
3779, 163414, 1, 6, 3, 4, 1, 4, 0
3780, 163415, 1, 6, 3, 4, 1, 5, 0
3781, 163421, 1, 6, 3, 4, 2, 1, 0
3782, 163422, 1, 6, 3, 4, 2, 2, 0
3783, 163423, 1, 6, 3, 4, 2, 3, 0
3784, 163424, 1, 6, 3, 4, 2, 4, 0
3785, 163425, 1, 6, 3, 4, 2, 5, 0
3786, 163431, 1, 6, 3, 4, 3, 1, 0
3787, 163432, 1, 6, 3, 4, 3, 2, 0
3788, 163433, 1, 6, 3, 4, 3, 3, 0
3789, 163434, 1, 6, 3, 4, 3, 4, 0
3790, 163435, 1, 6, 3, 4, 3, 5, 0
3791, 163441, 1, 6, 3, 4, 4, 1, 0
3792, 163442, 1, 6, 3, 4, 4, 2, 0
3793, 163443, 1, 6, 3, 4, 4, 3, 0
3794, 163444, 1, 6, 3, 4, 4, 4, 0
3795, 163445, 1, 6, 3, 4, 4, 5, 0
3796, 163451, 1, 6, 3, 4, 5, 1, 0
3797, 163452, 1, 6, 3, 4, 5, 2, 0
3798, 163453, 1, 6, 3, 4, 5, 3, 0
3799, 163454, 1, 6, 3, 4, 5, 4, 0
3800, 163455, 1, 6, 3, 4, 5, 5, 0
3801, 164111, 1, 6, 4, 1, 1, 1, 0
3802, 164112, 1, 6, 4, 1, 1, 2, 0
3803, 164113, 1, 6, 4, 1, 1, 3, 0
3804, 164114, 1, 6, 4, 1, 1, 4, 0
3805, 164115, 1, 6, 4, 1, 1, 5, 0
3806, 164121, 1, 6, 4, 1, 2, 1, 0
3807, 164122, 1, 6, 4, 1, 2, 2, 0
3808, 164123, 1, 6, 4, 1, 2, 3, 0
3809, 164124, 1, 6, 4, 1, 2, 4, 0
3810, 164125, 1, 6, 4, 1, 2, 5, 0
3811, 164131, 1, 6, 4, 1, 3, 1, 0
3812, 164132, 1, 6, 4, 1, 3, 2, 0
3813, 164133, 1, 6, 4, 1, 3, 3, 0
3814, 164134, 1, 6, 4, 1, 3, 4, 0
3815, 164135, 1, 6, 4, 1, 3, 5, 0
3816, 164141, 1, 6, 4, 1, 4, 1, 0
3817, 164142, 1, 6, 4, 1, 4, 2, 0
3818, 164143, 1, 6, 4, 1, 4, 3, 0
3819, 164144, 1, 6, 4, 1, 4, 4, 0
3820, 164145, 1, 6, 4, 1, 4, 5, 0
3821, 164151, 1, 6, 4, 1, 5, 1, 0
3822, 164152, 1, 6, 4, 1, 5, 2, 0
3823, 164153, 1, 6, 4, 1, 5, 3, 0
3824, 164154, 1, 6, 4, 1, 5, 4, 0
3825, 164155, 1, 6, 4, 1, 5, 5, 0
3826, 164211, 1, 6, 4, 2, 1, 1, 0
3827, 164212, 1, 6, 4, 2, 1, 2, 0
3828, 164213, 1, 6, 4, 2, 1, 3, 0
3829, 164214, 1, 6, 4, 2, 1, 4, 0
3830, 164215, 1, 6, 4, 2, 1, 5, 0
3831, 164221, 1, 6, 4, 2, 2, 1, 0
3832, 164222, 1, 6, 4, 2, 2, 2, 0
3833, 164223, 1, 6, 4, 2, 2, 3, 0
3834, 164224, 1, 6, 4, 2, 2, 4, 0
3835, 164225, 1, 6, 4, 2, 2, 5, 0
3836, 164231, 1, 6, 4, 2, 3, 1, 0
3837, 164232, 1, 6, 4, 2, 3, 2, 0
3838, 164233, 1, 6, 4, 2, 3, 3, 0
3839, 164234, 1, 6, 4, 2, 3, 4, 0
3840, 164235, 1, 6, 4, 2, 3, 5, 0
3841, 164241, 1, 6, 4, 2, 4, 1, 0
3842, 164242, 1, 6, 4, 2, 4, 2, 0
3843, 164243, 1, 6, 4, 2, 4, 3, 0
3844, 164244, 1, 6, 4, 2, 4, 4, 0
3845, 164245, 1, 6, 4, 2, 4, 5, 0
3846, 164251, 1, 6, 4, 2, 5, 1, 0
3847, 164252, 1, 6, 4, 2, 5, 2, 0
3848, 164253, 1, 6, 4, 2, 5, 3, 0
3849, 164254, 1, 6, 4, 2, 5, 4, 0
3850, 164255, 1, 6, 4, 2, 5, 5, 0
3851, 164311, 1, 6, 4, 3, 1, 1, 0
3852, 164312, 1, 6, 4, 3, 1, 2, 0
3853, 164313, 1, 6, 4, 3, 1, 3, 0
3854, 164314, 1, 6, 4, 3, 1, 4, 0
3855, 164315, 1, 6, 4, 3, 1, 5, 0
3856, 164321, 1, 6, 4, 3, 2, 1, 0
3857, 164322, 1, 6, 4, 3, 2, 2, 0
3858, 164323, 1, 6, 4, 3, 2, 3, 0
3859, 164324, 1, 6, 4, 3, 2, 4, 0
3860, 164325, 1, 6, 4, 3, 2, 5, 0
3861, 164331, 1, 6, 4, 3, 3, 1, 0
3862, 164332, 1, 6, 4, 3, 3, 2, 0
3863, 164333, 1, 6, 4, 3, 3, 3, 0
3864, 164334, 1, 6, 4, 3, 3, 4, 0
3865, 164335, 1, 6, 4, 3, 3, 5, 0
3866, 164341, 1, 6, 4, 3, 4, 1, 0
3867, 164342, 1, 6, 4, 3, 4, 2, 0
3868, 164343, 1, 6, 4, 3, 4, 3, 0
3869, 164344, 1, 6, 4, 3, 4, 4, 0
3870, 164345, 1, 6, 4, 3, 4, 5, 0
3871, 164351, 1, 6, 4, 3, 5, 1, 0
3872, 164352, 1, 6, 4, 3, 5, 2, 0
3873, 164353, 1, 6, 4, 3, 5, 3, 0
3874, 164354, 1, 6, 4, 3, 5, 4, 0
3875, 164355, 1, 6, 4, 3, 5, 5, 0
3876, 164411, 1, 6, 4, 4, 1, 1, 0
3877, 164412, 1, 6, 4, 4, 1, 2, 0
3878, 164413, 1, 6, 4, 4, 1, 3, 0
3879, 164414, 1, 6, 4, 4, 1, 4, 0
3880, 164415, 1, 6, 4, 4, 1, 5, 0
3881, 164421, 1, 6, 4, 4, 2, 1, 0
3882, 164422, 1, 6, 4, 4, 2, 2, 0
3883, 164423, 1, 6, 4, 4, 2, 3, 0
3884, 164424, 1, 6, 4, 4, 2, 4, 0
3885, 164425, 1, 6, 4, 4, 2, 5, 0
3886, 164431, 1, 6, 4, 4, 3, 1, 0
3887, 164432, 1, 6, 4, 4, 3, 2, 0
3888, 164433, 1, 6, 4, 4, 3, 3, 0
3889, 164434, 1, 6, 4, 4, 3, 4, 0
3890, 164435, 1, 6, 4, 4, 3, 5, 0
3891, 164441, 1, 6, 4, 4, 4, 1, 0
3892, 164442, 1, 6, 4, 4, 4, 2, 0
3893, 164443, 1, 6, 4, 4, 4, 3, 0
3894, 164444, 1, 6, 4, 4, 4, 4, 0
3895, 164445, 1, 6, 4, 4, 4, 5, 0
3896, 164451, 1, 6, 4, 4, 5, 1, 0
3897, 164452, 1, 6, 4, 4, 5, 2, 0
3898, 164453, 1, 6, 4, 4, 5, 3, 0
3899, 164454, 1, 6, 4, 4, 5, 4, 0
3900, 164455, 1, 6, 4, 4, 5, 5, 0
3901, 165111, 1, 6, 5, 1, 1, 1, 0
3902, 165112, 1, 6, 5, 1, 1, 2, 0
3903, 165113, 1, 6, 5, 1, 1, 3, 0
3904, 165114, 1, 6, 5, 1, 1, 4, 0
3905, 165115, 1, 6, 5, 1, 1, 5, 0
3906, 165121, 1, 6, 5, 1, 2, 1, 0
3907, 165122, 1, 6, 5, 1, 2, 2, 0
3908, 165123, 1, 6, 5, 1, 2, 3, 0
3909, 165124, 1, 6, 5, 1, 2, 4, 0
3910, 165125, 1, 6, 5, 1, 2, 5, 0
3911, 165131, 1, 6, 5, 1, 3, 1, 0
3912, 165132, 1, 6, 5, 1, 3, 2, 0
3913, 165133, 1, 6, 5, 1, 3, 3, 0
3914, 165134, 1, 6, 5, 1, 3, 4, 0
3915, 165135, 1, 6, 5, 1, 3, 5, 0
3916, 165141, 1, 6, 5, 1, 4, 1, 0
3917, 165142, 1, 6, 5, 1, 4, 2, 0
3918, 165143, 1, 6, 5, 1, 4, 3, 0
3919, 165144, 1, 6, 5, 1, 4, 4, 0
3920, 165145, 1, 6, 5, 1, 4, 5, 0
3921, 165151, 1, 6, 5, 1, 5, 1, 0
3922, 165152, 1, 6, 5, 1, 5, 2, 0
3923, 165153, 1, 6, 5, 1, 5, 3, 0
3924, 165154, 1, 6, 5, 1, 5, 4, 0
3925, 165155, 1, 6, 5, 1, 5, 5, 0
3926, 165211, 1, 6, 5, 2, 1, 1, 0
3927, 165212, 1, 6, 5, 2, 1, 2, 0
3928, 165213, 1, 6, 5, 2, 1, 3, 0
3929, 165214, 1, 6, 5, 2, 1, 4, 0
3930, 165215, 1, 6, 5, 2, 1, 5, 0
3931, 165221, 1, 6, 5, 2, 2, 1, 0
3932, 165222, 1, 6, 5, 2, 2, 2, 0
3933, 165223, 1, 6, 5, 2, 2, 3, 0
3934, 165224, 1, 6, 5, 2, 2, 4, 0
3935, 165225, 1, 6, 5, 2, 2, 5, 0
3936, 165231, 1, 6, 5, 2, 3, 1, 0
3937, 165232, 1, 6, 5, 2, 3, 2, 0
3938, 165233, 1, 6, 5, 2, 3, 3, 0
3939, 165234, 1, 6, 5, 2, 3, 4, 0
3940, 165235, 1, 6, 5, 2, 3, 5, 0
3941, 165241, 1, 6, 5, 2, 4, 1, 0
3942, 165242, 1, 6, 5, 2, 4, 2, 0
3943, 165243, 1, 6, 5, 2, 4, 3, 0
3944, 165244, 1, 6, 5, 2, 4, 4, 0
3945, 165245, 1, 6, 5, 2, 4, 5, 0
3946, 165251, 1, 6, 5, 2, 5, 1, 0
3947, 165252, 1, 6, 5, 2, 5, 2, 0
3948, 165253, 1, 6, 5, 2, 5, 3, 0
3949, 165254, 1, 6, 5, 2, 5, 4, 0
3950, 165255, 1, 6, 5, 2, 5, 5, 0
3951, 165311, 1, 6, 5, 3, 1, 1, 0
3952, 165312, 1, 6, 5, 3, 1, 2, 0
3953, 165313, 1, 6, 5, 3, 1, 3, 0
3954, 165314, 1, 6, 5, 3, 1, 4, 0
3955, 165315, 1, 6, 5, 3, 1, 5, 0
3956, 165321, 1, 6, 5, 3, 2, 1, 0
3957, 165322, 1, 6, 5, 3, 2, 2, 0
3958, 165323, 1, 6, 5, 3, 2, 3, 0
3959, 165324, 1, 6, 5, 3, 2, 4, 0
3960, 165325, 1, 6, 5, 3, 2, 5, 0
3961, 165331, 1, 6, 5, 3, 3, 1, 0
3962, 165332, 1, 6, 5, 3, 3, 2, 0
3963, 165333, 1, 6, 5, 3, 3, 3, 0
3964, 165334, 1, 6, 5, 3, 3, 4, 0
3965, 165335, 1, 6, 5, 3, 3, 5, 0
3966, 165341, 1, 6, 5, 3, 4, 1, 0
3967, 165342, 1, 6, 5, 3, 4, 2, 0
3968, 165343, 1, 6, 5, 3, 4, 3, 0
3969, 165344, 1, 6, 5, 3, 4, 4, 0
3970, 165345, 1, 6, 5, 3, 4, 5, 0
3971, 165351, 1, 6, 5, 3, 5, 1, 0
3972, 165352, 1, 6, 5, 3, 5, 2, 0
3973, 165353, 1, 6, 5, 3, 5, 3, 0
3974, 165354, 1, 6, 5, 3, 5, 4, 0
3975, 165355, 1, 6, 5, 3, 5, 5, 0
3976, 165411, 1, 6, 5, 4, 1, 1, 0
3977, 165412, 1, 6, 5, 4, 1, 2, 0
3978, 165413, 1, 6, 5, 4, 1, 3, 0
3979, 165414, 1, 6, 5, 4, 1, 4, 0
3980, 165415, 1, 6, 5, 4, 1, 5, 0
3981, 165421, 1, 6, 5, 4, 2, 1, 0
3982, 165422, 1, 6, 5, 4, 2, 2, 0
3983, 165423, 1, 6, 5, 4, 2, 3, 0
3984, 165424, 1, 6, 5, 4, 2, 4, 0
3985, 165425, 1, 6, 5, 4, 2, 5, 0
3986, 165431, 1, 6, 5, 4, 3, 1, 0
3987, 165432, 1, 6, 5, 4, 3, 2, 0
3988, 165433, 1, 6, 5, 4, 3, 3, 0
3989, 165434, 1, 6, 5, 4, 3, 4, 0
3990, 165435, 1, 6, 5, 4, 3, 5, 0
3991, 165441, 1, 6, 5, 4, 4, 1, 0
3992, 165442, 1, 6, 5, 4, 4, 2, 0
3993, 165443, 1, 6, 5, 4, 4, 3, 0
3994, 165444, 1, 6, 5, 4, 4, 4, 0
3995, 165445, 1, 6, 5, 4, 4, 5, 0
3996, 165451, 1, 6, 5, 4, 5, 1, 0
3997, 165452, 1, 6, 5, 4, 5, 2, 0
3998, 165453, 1, 6, 5, 4, 5, 3, 0
3999, 165454, 1, 6, 5, 4, 5, 4, 0
4000, 165455, 1, 6, 5, 4, 5, 5, 0
4001, 166111, 1, 6, 6, 1, 1, 1, 0
4002, 166112, 1, 6, 6, 1, 1, 2, 0
4003, 166113, 1, 6, 6, 1, 1, 3, 0
4004, 166114, 1, 6, 6, 1, 1, 4, 0
4005, 166115, 1, 6, 6, 1, 1, 5, 0
4006, 166121, 1, 6, 6, 1, 2, 1, 0
4007, 166122, 1, 6, 6, 1, 2, 2, 0
4008, 166123, 1, 6, 6, 1, 2, 3, 0
4009, 166124, 1, 6, 6, 1, 2, 4, 0
4010, 166125, 1, 6, 6, 1, 2, 5, 0
4011, 166131, 1, 6, 6, 1, 3, 1, 0
4012, 166132, 1, 6, 6, 1, 3, 2, 0
4013, 166133, 1, 6, 6, 1, 3, 3, 0
4014, 166134, 1, 6, 6, 1, 3, 4, 0
4015, 166135, 1, 6, 6, 1, 3, 5, 0
4016, 166141, 1, 6, 6, 1, 4, 1, 0
4017, 166142, 1, 6, 6, 1, 4, 2, 0
4018, 166143, 1, 6, 6, 1, 4, 3, 0
4019, 166144, 1, 6, 6, 1, 4, 4, 0
4020, 166145, 1, 6, 6, 1, 4, 5, 0
4021, 166151, 1, 6, 6, 1, 5, 1, 0
4022, 166152, 1, 6, 6, 1, 5, 2, 0
4023, 166153, 1, 6, 6, 1, 5, 3, 0
4024, 166154, 1, 6, 6, 1, 5, 4, 0
4025, 166155, 1, 6, 6, 1, 5, 5, 0
4026, 166211, 1, 6, 6, 2, 1, 1, 0
4027, 166212, 1, 6, 6, 2, 1, 2, 0
4028, 166213, 1, 6, 6, 2, 1, 3, 0
4029, 166214, 1, 6, 6, 2, 1, 4, 0
4030, 166215, 1, 6, 6, 2, 1, 5, 0
4031, 166221, 1, 6, 6, 2, 2, 1, 0
4032, 166222, 1, 6, 6, 2, 2, 2, 0
4033, 166223, 1, 6, 6, 2, 2, 3, 0
4034, 166224, 1, 6, 6, 2, 2, 4, 0
4035, 166225, 1, 6, 6, 2, 2, 5, 0
4036, 166231, 1, 6, 6, 2, 3, 1, 0
4037, 166232, 1, 6, 6, 2, 3, 2, 0
4038, 166233, 1, 6, 6, 2, 3, 3, 0
4039, 166234, 1, 6, 6, 2, 3, 4, 0
4040, 166235, 1, 6, 6, 2, 3, 5, 0
4041, 166241, 1, 6, 6, 2, 4, 1, 0
4042, 166242, 1, 6, 6, 2, 4, 2, 0
4043, 166243, 1, 6, 6, 2, 4, 3, 0
4044, 166244, 1, 6, 6, 2, 4, 4, 0
4045, 166245, 1, 6, 6, 2, 4, 5, 0
4046, 166251, 1, 6, 6, 2, 5, 1, 0
4047, 166252, 1, 6, 6, 2, 5, 2, 0
4048, 166253, 1, 6, 6, 2, 5, 3, 0
4049, 166254, 1, 6, 6, 2, 5, 4, 0
4050, 166255, 1, 6, 6, 2, 5, 5, 0
4051, 166311, 1, 6, 6, 3, 1, 1, 0
4052, 166312, 1, 6, 6, 3, 1, 2, 0
4053, 166313, 1, 6, 6, 3, 1, 3, 0
4054, 166314, 1, 6, 6, 3, 1, 4, 0
4055, 166315, 1, 6, 6, 3, 1, 5, 0
4056, 166321, 1, 6, 6, 3, 2, 1, 0
4057, 166322, 1, 6, 6, 3, 2, 2, 0
4058, 166323, 1, 6, 6, 3, 2, 3, 0
4059, 166324, 1, 6, 6, 3, 2, 4, 0
4060, 166325, 1, 6, 6, 3, 2, 5, 0
4061, 166331, 1, 6, 6, 3, 3, 1, 0
4062, 166332, 1, 6, 6, 3, 3, 2, 0
4063, 166333, 1, 6, 6, 3, 3, 3, 0
4064, 166334, 1, 6, 6, 3, 3, 4, 0
4065, 166335, 1, 6, 6, 3, 3, 5, 0
4066, 166341, 1, 6, 6, 3, 4, 1, 0
4067, 166342, 1, 6, 6, 3, 4, 2, 0
4068, 166343, 1, 6, 6, 3, 4, 3, 0
4069, 166344, 1, 6, 6, 3, 4, 4, 0
4070, 166345, 1, 6, 6, 3, 4, 5, 0
4071, 166351, 1, 6, 6, 3, 5, 1, 0
4072, 166352, 1, 6, 6, 3, 5, 2, 0
4073, 166353, 1, 6, 6, 3, 5, 3, 0
4074, 166354, 1, 6, 6, 3, 5, 4, 0
4075, 166355, 1, 6, 6, 3, 5, 5, 0
4076, 166411, 1, 6, 6, 4, 1, 1, 0
4077, 166412, 1, 6, 6, 4, 1, 2, 0
4078, 166413, 1, 6, 6, 4, 1, 3, 0
4079, 166414, 1, 6, 6, 4, 1, 4, 0
4080, 166415, 1, 6, 6, 4, 1, 5, 0
4081, 166421, 1, 6, 6, 4, 2, 1, 0
4082, 166422, 1, 6, 6, 4, 2, 2, 0
4083, 166423, 1, 6, 6, 4, 2, 3, 0
4084, 166424, 1, 6, 6, 4, 2, 4, 0
4085, 166425, 1, 6, 6, 4, 2, 5, 0
4086, 166431, 1, 6, 6, 4, 3, 1, 0
4087, 166432, 1, 6, 6, 4, 3, 2, 0
4088, 166433, 1, 6, 6, 4, 3, 3, 0
4089, 166434, 1, 6, 6, 4, 3, 4, 0
4090, 166435, 1, 6, 6, 4, 3, 5, 0
4091, 166441, 1, 6, 6, 4, 4, 1, 0
4092, 166442, 1, 6, 6, 4, 4, 2, 0
4093, 166443, 1, 6, 6, 4, 4, 3, 0
4094, 166444, 1, 6, 6, 4, 4, 4, 0
4095, 166445, 1, 6, 6, 4, 4, 5, 0
4096, 166451, 1, 6, 6, 4, 5, 1, 0
4097, 166452, 1, 6, 6, 4, 5, 2, 0
4098, 166453, 1, 6, 6, 4, 5, 3, 0
4099, 166454, 1, 6, 6, 4, 5, 4, 0
4100, 166455, 1, 6, 6, 4, 5, 5, 0
4101, 167111, 1, 6, 7, 1, 1, 1, 0
4102, 167112, 1, 6, 7, 1, 1, 2, 0
4103, 167113, 1, 6, 7, 1, 1, 3, 0
4104, 167114, 1, 6, 7, 1, 1, 4, 0
4105, 167115, 1, 6, 7, 1, 1, 5, 0
4106, 167121, 1, 6, 7, 1, 2, 1, 0
4107, 167122, 1, 6, 7, 1, 2, 2, 0
4108, 167123, 1, 6, 7, 1, 2, 3, 0
4109, 167124, 1, 6, 7, 1, 2, 4, 0
4110, 167125, 1, 6, 7, 1, 2, 5, 0
4111, 167131, 1, 6, 7, 1, 3, 1, 0
4112, 167132, 1, 6, 7, 1, 3, 2, 0
4113, 167133, 1, 6, 7, 1, 3, 3, 0
4114, 167134, 1, 6, 7, 1, 3, 4, 0
4115, 167135, 1, 6, 7, 1, 3, 5, 0
4116, 167141, 1, 6, 7, 1, 4, 1, 0
4117, 167142, 1, 6, 7, 1, 4, 2, 0
4118, 167143, 1, 6, 7, 1, 4, 3, 0
4119, 167144, 1, 6, 7, 1, 4, 4, 0
4120, 167145, 1, 6, 7, 1, 4, 5, 0
4121, 167151, 1, 6, 7, 1, 5, 1, 0
4122, 167152, 1, 6, 7, 1, 5, 2, 0
4123, 167153, 1, 6, 7, 1, 5, 3, 0
4124, 167154, 1, 6, 7, 1, 5, 4, 0
4125, 167155, 1, 6, 7, 1, 5, 5, 0
4126, 167211, 1, 6, 7, 2, 1, 1, 0
4127, 167212, 1, 6, 7, 2, 1, 2, 0
4128, 167213, 1, 6, 7, 2, 1, 3, 0
4129, 167214, 1, 6, 7, 2, 1, 4, 0
4130, 167215, 1, 6, 7, 2, 1, 5, 0
4131, 167221, 1, 6, 7, 2, 2, 1, 0
4132, 167222, 1, 6, 7, 2, 2, 2, 0
4133, 167223, 1, 6, 7, 2, 2, 3, 0
4134, 167224, 1, 6, 7, 2, 2, 4, 0
4135, 167225, 1, 6, 7, 2, 2, 5, 0
4136, 167231, 1, 6, 7, 2, 3, 1, 0
4137, 167232, 1, 6, 7, 2, 3, 2, 0
4138, 167233, 1, 6, 7, 2, 3, 3, 0
4139, 167234, 1, 6, 7, 2, 3, 4, 0
4140, 167235, 1, 6, 7, 2, 3, 5, 0
4141, 167241, 1, 6, 7, 2, 4, 1, 0
4142, 167242, 1, 6, 7, 2, 4, 2, 0
4143, 167243, 1, 6, 7, 2, 4, 3, 0
4144, 167244, 1, 6, 7, 2, 4, 4, 0
4145, 167245, 1, 6, 7, 2, 4, 5, 0
4146, 167251, 1, 6, 7, 2, 5, 1, 0
4147, 167252, 1, 6, 7, 2, 5, 2, 0
4148, 167253, 1, 6, 7, 2, 5, 3, 0
4149, 167254, 1, 6, 7, 2, 5, 4, 0
4150, 167255, 1, 6, 7, 2, 5, 5, 0
4151, 167311, 1, 6, 7, 3, 1, 1, 0
4152, 167312, 1, 6, 7, 3, 1, 2, 0
4153, 167313, 1, 6, 7, 3, 1, 3, 0
4154, 167314, 1, 6, 7, 3, 1, 4, 0
4155, 167315, 1, 6, 7, 3, 1, 5, 0
4156, 167321, 1, 6, 7, 3, 2, 1, 0
4157, 167322, 1, 6, 7, 3, 2, 2, 0
4158, 167323, 1, 6, 7, 3, 2, 3, 0
4159, 167324, 1, 6, 7, 3, 2, 4, 0
4160, 167325, 1, 6, 7, 3, 2, 5, 0
4161, 167331, 1, 6, 7, 3, 3, 1, 0
4162, 167332, 1, 6, 7, 3, 3, 2, 0
4163, 167333, 1, 6, 7, 3, 3, 3, 0
4164, 167334, 1, 6, 7, 3, 3, 4, 0
4165, 167335, 1, 6, 7, 3, 3, 5, 0
4166, 167341, 1, 6, 7, 3, 4, 1, 0
4167, 167342, 1, 6, 7, 3, 4, 2, 0
4168, 167343, 1, 6, 7, 3, 4, 3, 0
4169, 167344, 1, 6, 7, 3, 4, 4, 0
4170, 167345, 1, 6, 7, 3, 4, 5, 0
4171, 167351, 1, 6, 7, 3, 5, 1, 0
4172, 167352, 1, 6, 7, 3, 5, 2, 0
4173, 167353, 1, 6, 7, 3, 5, 3, 0
4174, 167354, 1, 6, 7, 3, 5, 4, 0
4175, 167355, 1, 6, 7, 3, 5, 5, 0
4176, 167411, 1, 6, 7, 4, 1, 1, 0
4177, 167412, 1, 6, 7, 4, 1, 2, 0
4178, 167413, 1, 6, 7, 4, 1, 3, 0
4179, 167414, 1, 6, 7, 4, 1, 4, 0
4180, 167415, 1, 6, 7, 4, 1, 5, 0
4181, 167421, 1, 6, 7, 4, 2, 1, 0
4182, 167422, 1, 6, 7, 4, 2, 2, 0
4183, 167423, 1, 6, 7, 4, 2, 3, 0
4184, 167424, 1, 6, 7, 4, 2, 4, 0
4185, 167425, 1, 6, 7, 4, 2, 5, 0
4186, 167431, 1, 6, 7, 4, 3, 1, 0
4187, 167432, 1, 6, 7, 4, 3, 2, 0
4188, 167433, 1, 6, 7, 4, 3, 3, 0
4189, 167434, 1, 6, 7, 4, 3, 4, 0
4190, 167435, 1, 6, 7, 4, 3, 5, 0
4191, 167441, 1, 6, 7, 4, 4, 1, 0
4192, 167442, 1, 6, 7, 4, 4, 2, 0
4193, 167443, 1, 6, 7, 4, 4, 3, 0
4194, 167444, 1, 6, 7, 4, 4, 4, 0
4195, 167445, 1, 6, 7, 4, 4, 5, 0
4196, 167451, 1, 6, 7, 4, 5, 1, 0
4197, 167452, 1, 6, 7, 4, 5, 2, 0
4198, 167453, 1, 6, 7, 4, 5, 3, 0
4199, 167454, 1, 6, 7, 4, 5, 4, 0
4200, 167455, 1, 6, 7, 4, 5, 5, 0
4201, 171111, 1, 7, 1, 1, 1, 1, 0
4202, 171112, 1, 7, 1, 1, 1, 2, 0
4203, 171113, 1, 7, 1, 1, 1, 3, 0
4204, 171114, 1, 7, 1, 1, 1, 4, 0
4205, 171115, 1, 7, 1, 1, 1, 5, 0
4206, 171121, 1, 7, 1, 1, 2, 1, 0
4207, 171122, 1, 7, 1, 1, 2, 2, 0
4208, 171123, 1, 7, 1, 1, 2, 3, 0
4209, 171124, 1, 7, 1, 1, 2, 4, 0
4210, 171125, 1, 7, 1, 1, 2, 5, 0
4211, 171131, 1, 7, 1, 1, 3, 1, 0
4212, 171132, 1, 7, 1, 1, 3, 2, 0
4213, 171133, 1, 7, 1, 1, 3, 3, 0
4214, 171134, 1, 7, 1, 1, 3, 4, 0
4215, 171135, 1, 7, 1, 1, 3, 5, 0
4216, 171141, 1, 7, 1, 1, 4, 1, 0
4217, 171142, 1, 7, 1, 1, 4, 2, 0
4218, 171143, 1, 7, 1, 1, 4, 3, 0
4219, 171144, 1, 7, 1, 1, 4, 4, 0
4220, 171145, 1, 7, 1, 1, 4, 5, 0
4221, 171151, 1, 7, 1, 1, 5, 1, 0
4222, 171152, 1, 7, 1, 1, 5, 2, 0
4223, 171153, 1, 7, 1, 1, 5, 3, 0
4224, 171154, 1, 7, 1, 1, 5, 4, 0
4225, 171155, 1, 7, 1, 1, 5, 5, 0
4226, 171211, 1, 7, 1, 2, 1, 1, 0
4227, 171212, 1, 7, 1, 2, 1, 2, 0
4228, 171213, 1, 7, 1, 2, 1, 3, 0
4229, 171214, 1, 7, 1, 2, 1, 4, 0
4230, 171215, 1, 7, 1, 2, 1, 5, 0
4231, 171221, 1, 7, 1, 2, 2, 1, 0
4232, 171222, 1, 7, 1, 2, 2, 2, 0
4233, 171223, 1, 7, 1, 2, 2, 3, 0
4234, 171224, 1, 7, 1, 2, 2, 4, 0
4235, 171225, 1, 7, 1, 2, 2, 5, 0
4236, 171231, 1, 7, 1, 2, 3, 1, 0
4237, 171232, 1, 7, 1, 2, 3, 2, 0
4238, 171233, 1, 7, 1, 2, 3, 3, 0
4239, 171234, 1, 7, 1, 2, 3, 4, 0
4240, 171235, 1, 7, 1, 2, 3, 5, 0
4241, 171241, 1, 7, 1, 2, 4, 1, 0
4242, 171242, 1, 7, 1, 2, 4, 2, 0
4243, 171243, 1, 7, 1, 2, 4, 3, 0
4244, 171244, 1, 7, 1, 2, 4, 4, 0
4245, 171245, 1, 7, 1, 2, 4, 5, 0
4246, 171251, 1, 7, 1, 2, 5, 1, 0
4247, 171252, 1, 7, 1, 2, 5, 2, 0
4248, 171253, 1, 7, 1, 2, 5, 3, 0
4249, 171254, 1, 7, 1, 2, 5, 4, 0
4250, 171255, 1, 7, 1, 2, 5, 5, 0
4251, 171311, 1, 7, 1, 3, 1, 1, 0
4252, 171312, 1, 7, 1, 3, 1, 2, 0
4253, 171313, 1, 7, 1, 3, 1, 3, 0
4254, 171314, 1, 7, 1, 3, 1, 4, 0
4255, 171315, 1, 7, 1, 3, 1, 5, 0
4256, 171321, 1, 7, 1, 3, 2, 1, 0
4257, 171322, 1, 7, 1, 3, 2, 2, 0
4258, 171323, 1, 7, 1, 3, 2, 3, 0
4259, 171324, 1, 7, 1, 3, 2, 4, 0
4260, 171325, 1, 7, 1, 3, 2, 5, 0
4261, 171331, 1, 7, 1, 3, 3, 1, 0
4262, 171332, 1, 7, 1, 3, 3, 2, 0
4263, 171333, 1, 7, 1, 3, 3, 3, 0
4264, 171334, 1, 7, 1, 3, 3, 4, 0
4265, 171335, 1, 7, 1, 3, 3, 5, 0
4266, 171341, 1, 7, 1, 3, 4, 1, 0
4267, 171342, 1, 7, 1, 3, 4, 2, 0
4268, 171343, 1, 7, 1, 3, 4, 3, 0
4269, 171344, 1, 7, 1, 3, 4, 4, 0
4270, 171345, 1, 7, 1, 3, 4, 5, 0
4271, 171351, 1, 7, 1, 3, 5, 1, 0
4272, 171352, 1, 7, 1, 3, 5, 2, 0
4273, 171353, 1, 7, 1, 3, 5, 3, 0
4274, 171354, 1, 7, 1, 3, 5, 4, 0
4275, 171355, 1, 7, 1, 3, 5, 5, 0
4276, 171411, 1, 7, 1, 4, 1, 1, 0
4277, 171412, 1, 7, 1, 4, 1, 2, 0
4278, 171413, 1, 7, 1, 4, 1, 3, 0
4279, 171414, 1, 7, 1, 4, 1, 4, 0
4280, 171415, 1, 7, 1, 4, 1, 5, 0
4281, 171421, 1, 7, 1, 4, 2, 1, 0
4282, 171422, 1, 7, 1, 4, 2, 2, 0
4283, 171423, 1, 7, 1, 4, 2, 3, 0
4284, 171424, 1, 7, 1, 4, 2, 4, 0
4285, 171425, 1, 7, 1, 4, 2, 5, 0
4286, 171431, 1, 7, 1, 4, 3, 1, 0
4287, 171432, 1, 7, 1, 4, 3, 2, 0
4288, 171433, 1, 7, 1, 4, 3, 3, 0
4289, 171434, 1, 7, 1, 4, 3, 4, 0
4290, 171435, 1, 7, 1, 4, 3, 5, 0
4291, 171441, 1, 7, 1, 4, 4, 1, 0
4292, 171442, 1, 7, 1, 4, 4, 2, 0
4293, 171443, 1, 7, 1, 4, 4, 3, 0
4294, 171444, 1, 7, 1, 4, 4, 4, 0
4295, 171445, 1, 7, 1, 4, 4, 5, 0
4296, 171451, 1, 7, 1, 4, 5, 1, 0
4297, 171452, 1, 7, 1, 4, 5, 2, 0
4298, 171453, 1, 7, 1, 4, 5, 3, 0
4299, 171454, 1, 7, 1, 4, 5, 4, 0
4300, 171455, 1, 7, 1, 4, 5, 5, 0
4301, 172111, 1, 7, 2, 1, 1, 1, 0
4302, 172112, 1, 7, 2, 1, 1, 2, 0
4303, 172113, 1, 7, 2, 1, 1, 3, 0
4304, 172114, 1, 7, 2, 1, 1, 4, 0
4305, 172115, 1, 7, 2, 1, 1, 5, 0
4306, 172121, 1, 7, 2, 1, 2, 1, 0
4307, 172122, 1, 7, 2, 1, 2, 2, 0
4308, 172123, 1, 7, 2, 1, 2, 3, 0
4309, 172124, 1, 7, 2, 1, 2, 4, 0
4310, 172125, 1, 7, 2, 1, 2, 5, 0
4311, 172131, 1, 7, 2, 1, 3, 1, 0
4312, 172132, 1, 7, 2, 1, 3, 2, 0
4313, 172133, 1, 7, 2, 1, 3, 3, 0
4314, 172134, 1, 7, 2, 1, 3, 4, 0
4315, 172135, 1, 7, 2, 1, 3, 5, 0
4316, 172141, 1, 7, 2, 1, 4, 1, 0
4317, 172142, 1, 7, 2, 1, 4, 2, 0
4318, 172143, 1, 7, 2, 1, 4, 3, 0
4319, 172144, 1, 7, 2, 1, 4, 4, 0
4320, 172145, 1, 7, 2, 1, 4, 5, 0
4321, 172151, 1, 7, 2, 1, 5, 1, 0
4322, 172152, 1, 7, 2, 1, 5, 2, 0
4323, 172153, 1, 7, 2, 1, 5, 3, 0
4324, 172154, 1, 7, 2, 1, 5, 4, 0
4325, 172155, 1, 7, 2, 1, 5, 5, 0
4326, 172211, 1, 7, 2, 2, 1, 1, 0
4327, 172212, 1, 7, 2, 2, 1, 2, 0
4328, 172213, 1, 7, 2, 2, 1, 3, 0
4329, 172214, 1, 7, 2, 2, 1, 4, 0
4330, 172215, 1, 7, 2, 2, 1, 5, 0
4331, 172221, 1, 7, 2, 2, 2, 1, 0
4332, 172222, 1, 7, 2, 2, 2, 2, 0
4333, 172223, 1, 7, 2, 2, 2, 3, 0
4334, 172224, 1, 7, 2, 2, 2, 4, 0
4335, 172225, 1, 7, 2, 2, 2, 5, 0
4336, 172231, 1, 7, 2, 2, 3, 1, 0
4337, 172232, 1, 7, 2, 2, 3, 2, 0
4338, 172233, 1, 7, 2, 2, 3, 3, 0
4339, 172234, 1, 7, 2, 2, 3, 4, 0
4340, 172235, 1, 7, 2, 2, 3, 5, 0
4341, 172241, 1, 7, 2, 2, 4, 1, 0
4342, 172242, 1, 7, 2, 2, 4, 2, 0
4343, 172243, 1, 7, 2, 2, 4, 3, 0
4344, 172244, 1, 7, 2, 2, 4, 4, 0
4345, 172245, 1, 7, 2, 2, 4, 5, 0
4346, 172251, 1, 7, 2, 2, 5, 1, 0
4347, 172252, 1, 7, 2, 2, 5, 2, 0
4348, 172253, 1, 7, 2, 2, 5, 3, 0
4349, 172254, 1, 7, 2, 2, 5, 4, 0
4350, 172255, 1, 7, 2, 2, 5, 5, 0
4351, 172311, 1, 7, 2, 3, 1, 1, 0
4352, 172312, 1, 7, 2, 3, 1, 2, 0
4353, 172313, 1, 7, 2, 3, 1, 3, 0
4354, 172314, 1, 7, 2, 3, 1, 4, 0
4355, 172315, 1, 7, 2, 3, 1, 5, 0
4356, 172321, 1, 7, 2, 3, 2, 1, 0
4357, 172322, 1, 7, 2, 3, 2, 2, 0
4358, 172323, 1, 7, 2, 3, 2, 3, 0
4359, 172324, 1, 7, 2, 3, 2, 4, 0
4360, 172325, 1, 7, 2, 3, 2, 5, 0
4361, 172331, 1, 7, 2, 3, 3, 1, 0
4362, 172332, 1, 7, 2, 3, 3, 2, 0
4363, 172333, 1, 7, 2, 3, 3, 3, 0
4364, 172334, 1, 7, 2, 3, 3, 4, 0
4365, 172335, 1, 7, 2, 3, 3, 5, 0
4366, 172341, 1, 7, 2, 3, 4, 1, 0
4367, 172342, 1, 7, 2, 3, 4, 2, 0
4368, 172343, 1, 7, 2, 3, 4, 3, 0
4369, 172344, 1, 7, 2, 3, 4, 4, 0
4370, 172345, 1, 7, 2, 3, 4, 5, 0
4371, 172351, 1, 7, 2, 3, 5, 1, 0
4372, 172352, 1, 7, 2, 3, 5, 2, 0
4373, 172353, 1, 7, 2, 3, 5, 3, 0
4374, 172354, 1, 7, 2, 3, 5, 4, 0
4375, 172355, 1, 7, 2, 3, 5, 5, 0
4376, 172411, 1, 7, 2, 4, 1, 1, 0
4377, 172412, 1, 7, 2, 4, 1, 2, 0
4378, 172413, 1, 7, 2, 4, 1, 3, 0
4379, 172414, 1, 7, 2, 4, 1, 4, 0
4380, 172415, 1, 7, 2, 4, 1, 5, 0
4381, 172421, 1, 7, 2, 4, 2, 1, 0
4382, 172422, 1, 7, 2, 4, 2, 2, 0
4383, 172423, 1, 7, 2, 4, 2, 3, 0
4384, 172424, 1, 7, 2, 4, 2, 4, 0
4385, 172425, 1, 7, 2, 4, 2, 5, 0
4386, 172431, 1, 7, 2, 4, 3, 1, 0
4387, 172432, 1, 7, 2, 4, 3, 2, 0
4388, 172433, 1, 7, 2, 4, 3, 3, 0
4389, 172434, 1, 7, 2, 4, 3, 4, 0
4390, 172435, 1, 7, 2, 4, 3, 5, 0
4391, 172441, 1, 7, 2, 4, 4, 1, 0
4392, 172442, 1, 7, 2, 4, 4, 2, 0
4393, 172443, 1, 7, 2, 4, 4, 3, 0
4394, 172444, 1, 7, 2, 4, 4, 4, 0
4395, 172445, 1, 7, 2, 4, 4, 5, 0
4396, 172451, 1, 7, 2, 4, 5, 1, 0
4397, 172452, 1, 7, 2, 4, 5, 2, 0
4398, 172453, 1, 7, 2, 4, 5, 3, 0
4399, 172454, 1, 7, 2, 4, 5, 4, 0
4400, 172455, 1, 7, 2, 4, 5, 5, 0
4401, 173111, 1, 7, 3, 1, 1, 1, 0
4402, 173112, 1, 7, 3, 1, 1, 2, 0
4403, 173113, 1, 7, 3, 1, 1, 3, 0
4404, 173114, 1, 7, 3, 1, 1, 4, 0
4405, 173115, 1, 7, 3, 1, 1, 5, 0
4406, 173121, 1, 7, 3, 1, 2, 1, 0
4407, 173122, 1, 7, 3, 1, 2, 2, 0
4408, 173123, 1, 7, 3, 1, 2, 3, 0
4409, 173124, 1, 7, 3, 1, 2, 4, 0
4410, 173125, 1, 7, 3, 1, 2, 5, 0
4411, 173131, 1, 7, 3, 1, 3, 1, 0
4412, 173132, 1, 7, 3, 1, 3, 2, 0
4413, 173133, 1, 7, 3, 1, 3, 3, 0
4414, 173134, 1, 7, 3, 1, 3, 4, 0
4415, 173135, 1, 7, 3, 1, 3, 5, 0
4416, 173141, 1, 7, 3, 1, 4, 1, 0
4417, 173142, 1, 7, 3, 1, 4, 2, 0
4418, 173143, 1, 7, 3, 1, 4, 3, 0
4419, 173144, 1, 7, 3, 1, 4, 4, 0
4420, 173145, 1, 7, 3, 1, 4, 5, 0
4421, 173151, 1, 7, 3, 1, 5, 1, 0
4422, 173152, 1, 7, 3, 1, 5, 2, 0
4423, 173153, 1, 7, 3, 1, 5, 3, 0
4424, 173154, 1, 7, 3, 1, 5, 4, 0
4425, 173155, 1, 7, 3, 1, 5, 5, 0
4426, 173211, 1, 7, 3, 2, 1, 1, 0
4427, 173212, 1, 7, 3, 2, 1, 2, 0
4428, 173213, 1, 7, 3, 2, 1, 3, 0
4429, 173214, 1, 7, 3, 2, 1, 4, 0
4430, 173215, 1, 7, 3, 2, 1, 5, 0
4431, 173221, 1, 7, 3, 2, 2, 1, 0
4432, 173222, 1, 7, 3, 2, 2, 2, 0
4433, 173223, 1, 7, 3, 2, 2, 3, 0
4434, 173224, 1, 7, 3, 2, 2, 4, 0
4435, 173225, 1, 7, 3, 2, 2, 5, 0
4436, 173231, 1, 7, 3, 2, 3, 1, 0
4437, 173232, 1, 7, 3, 2, 3, 2, 0
4438, 173233, 1, 7, 3, 2, 3, 3, 0
4439, 173234, 1, 7, 3, 2, 3, 4, 0
4440, 173235, 1, 7, 3, 2, 3, 5, 0
4441, 173241, 1, 7, 3, 2, 4, 1, 0
4442, 173242, 1, 7, 3, 2, 4, 2, 0
4443, 173243, 1, 7, 3, 2, 4, 3, 0
4444, 173244, 1, 7, 3, 2, 4, 4, 0
4445, 173245, 1, 7, 3, 2, 4, 5, 0
4446, 173251, 1, 7, 3, 2, 5, 1, 0
4447, 173252, 1, 7, 3, 2, 5, 2, 0
4448, 173253, 1, 7, 3, 2, 5, 3, 0
4449, 173254, 1, 7, 3, 2, 5, 4, 0
4450, 173255, 1, 7, 3, 2, 5, 5, 0
4451, 173311, 1, 7, 3, 3, 1, 1, 0
4452, 173312, 1, 7, 3, 3, 1, 2, 0
4453, 173313, 1, 7, 3, 3, 1, 3, 0
4454, 173314, 1, 7, 3, 3, 1, 4, 0
4455, 173315, 1, 7, 3, 3, 1, 5, 0
4456, 173321, 1, 7, 3, 3, 2, 1, 0
4457, 173322, 1, 7, 3, 3, 2, 2, 0
4458, 173323, 1, 7, 3, 3, 2, 3, 0
4459, 173324, 1, 7, 3, 3, 2, 4, 0
4460, 173325, 1, 7, 3, 3, 2, 5, 0
4461, 173331, 1, 7, 3, 3, 3, 1, 0
4462, 173332, 1, 7, 3, 3, 3, 2, 0
4463, 173333, 1, 7, 3, 3, 3, 3, 0
4464, 173334, 1, 7, 3, 3, 3, 4, 0
4465, 173335, 1, 7, 3, 3, 3, 5, 0
4466, 173341, 1, 7, 3, 3, 4, 1, 0
4467, 173342, 1, 7, 3, 3, 4, 2, 0
4468, 173343, 1, 7, 3, 3, 4, 3, 0
4469, 173344, 1, 7, 3, 3, 4, 4, 0
4470, 173345, 1, 7, 3, 3, 4, 5, 0
4471, 173351, 1, 7, 3, 3, 5, 1, 0
4472, 173352, 1, 7, 3, 3, 5, 2, 0
4473, 173353, 1, 7, 3, 3, 5, 3, 0
4474, 173354, 1, 7, 3, 3, 5, 4, 0
4475, 173355, 1, 7, 3, 3, 5, 5, 0
4476, 173411, 1, 7, 3, 4, 1, 1, 0
4477, 173412, 1, 7, 3, 4, 1, 2, 0
4478, 173413, 1, 7, 3, 4, 1, 3, 0
4479, 173414, 1, 7, 3, 4, 1, 4, 0
4480, 173415, 1, 7, 3, 4, 1, 5, 0
4481, 173421, 1, 7, 3, 4, 2, 1, 0
4482, 173422, 1, 7, 3, 4, 2, 2, 0
4483, 173423, 1, 7, 3, 4, 2, 3, 0
4484, 173424, 1, 7, 3, 4, 2, 4, 0
4485, 173425, 1, 7, 3, 4, 2, 5, 0
4486, 173431, 1, 7, 3, 4, 3, 1, 0
4487, 173432, 1, 7, 3, 4, 3, 2, 0
4488, 173433, 1, 7, 3, 4, 3, 3, 0
4489, 173434, 1, 7, 3, 4, 3, 4, 0
4490, 173435, 1, 7, 3, 4, 3, 5, 0
4491, 173441, 1, 7, 3, 4, 4, 1, 0
4492, 173442, 1, 7, 3, 4, 4, 2, 0
4493, 173443, 1, 7, 3, 4, 4, 3, 0
4494, 173444, 1, 7, 3, 4, 4, 4, 0
4495, 173445, 1, 7, 3, 4, 4, 5, 0
4496, 173451, 1, 7, 3, 4, 5, 1, 0
4497, 173452, 1, 7, 3, 4, 5, 2, 0
4498, 173453, 1, 7, 3, 4, 5, 3, 0
4499, 173454, 1, 7, 3, 4, 5, 4, 0
4500, 173455, 1, 7, 3, 4, 5, 5, 0
4501, 174111, 1, 7, 4, 1, 1, 1, 0
4502, 174112, 1, 7, 4, 1, 1, 2, 0
4503, 174113, 1, 7, 4, 1, 1, 3, 0
4504, 174114, 1, 7, 4, 1, 1, 4, 0
4505, 174115, 1, 7, 4, 1, 1, 5, 0
4506, 174121, 1, 7, 4, 1, 2, 1, 0
4507, 174122, 1, 7, 4, 1, 2, 2, 0
4508, 174123, 1, 7, 4, 1, 2, 3, 0
4509, 174124, 1, 7, 4, 1, 2, 4, 0
4510, 174125, 1, 7, 4, 1, 2, 5, 0
4511, 174131, 1, 7, 4, 1, 3, 1, 0
4512, 174132, 1, 7, 4, 1, 3, 2, 0
4513, 174133, 1, 7, 4, 1, 3, 3, 0
4514, 174134, 1, 7, 4, 1, 3, 4, 0
4515, 174135, 1, 7, 4, 1, 3, 5, 0
4516, 174141, 1, 7, 4, 1, 4, 1, 0
4517, 174142, 1, 7, 4, 1, 4, 2, 0
4518, 174143, 1, 7, 4, 1, 4, 3, 0
4519, 174144, 1, 7, 4, 1, 4, 4, 0
4520, 174145, 1, 7, 4, 1, 4, 5, 0
4521, 174151, 1, 7, 4, 1, 5, 1, 0
4522, 174152, 1, 7, 4, 1, 5, 2, 0
4523, 174153, 1, 7, 4, 1, 5, 3, 0
4524, 174154, 1, 7, 4, 1, 5, 4, 0
4525, 174155, 1, 7, 4, 1, 5, 5, 0
4526, 174211, 1, 7, 4, 2, 1, 1, 0
4527, 174212, 1, 7, 4, 2, 1, 2, 0
4528, 174213, 1, 7, 4, 2, 1, 3, 0
4529, 174214, 1, 7, 4, 2, 1, 4, 0
4530, 174215, 1, 7, 4, 2, 1, 5, 0
4531, 174221, 1, 7, 4, 2, 2, 1, 0
4532, 174222, 1, 7, 4, 2, 2, 2, 0
4533, 174223, 1, 7, 4, 2, 2, 3, 0
4534, 174224, 1, 7, 4, 2, 2, 4, 0
4535, 174225, 1, 7, 4, 2, 2, 5, 0
4536, 174231, 1, 7, 4, 2, 3, 1, 0
4537, 174232, 1, 7, 4, 2, 3, 2, 0
4538, 174233, 1, 7, 4, 2, 3, 3, 0
4539, 174234, 1, 7, 4, 2, 3, 4, 0
4540, 174235, 1, 7, 4, 2, 3, 5, 0
4541, 174241, 1, 7, 4, 2, 4, 1, 0
4542, 174242, 1, 7, 4, 2, 4, 2, 0
4543, 174243, 1, 7, 4, 2, 4, 3, 0
4544, 174244, 1, 7, 4, 2, 4, 4, 0
4545, 174245, 1, 7, 4, 2, 4, 5, 0
4546, 174251, 1, 7, 4, 2, 5, 1, 0
4547, 174252, 1, 7, 4, 2, 5, 2, 0
4548, 174253, 1, 7, 4, 2, 5, 3, 0
4549, 174254, 1, 7, 4, 2, 5, 4, 0
4550, 174255, 1, 7, 4, 2, 5, 5, 0
4551, 174311, 1, 7, 4, 3, 1, 1, 0
4552, 174312, 1, 7, 4, 3, 1, 2, 0
4553, 174313, 1, 7, 4, 3, 1, 3, 0
4554, 174314, 1, 7, 4, 3, 1, 4, 0
4555, 174315, 1, 7, 4, 3, 1, 5, 0
4556, 174321, 1, 7, 4, 3, 2, 1, 0
4557, 174322, 1, 7, 4, 3, 2, 2, 0
4558, 174323, 1, 7, 4, 3, 2, 3, 0
4559, 174324, 1, 7, 4, 3, 2, 4, 0
4560, 174325, 1, 7, 4, 3, 2, 5, 0
4561, 174331, 1, 7, 4, 3, 3, 1, 0
4562, 174332, 1, 7, 4, 3, 3, 2, 0
4563, 174333, 1, 7, 4, 3, 3, 3, 0
4564, 174334, 1, 7, 4, 3, 3, 4, 0
4565, 174335, 1, 7, 4, 3, 3, 5, 0
4566, 174341, 1, 7, 4, 3, 4, 1, 0
4567, 174342, 1, 7, 4, 3, 4, 2, 0
4568, 174343, 1, 7, 4, 3, 4, 3, 0
4569, 174344, 1, 7, 4, 3, 4, 4, 0
4570, 174345, 1, 7, 4, 3, 4, 5, 0
4571, 174351, 1, 7, 4, 3, 5, 1, 0
4572, 174352, 1, 7, 4, 3, 5, 2, 0
4573, 174353, 1, 7, 4, 3, 5, 3, 0
4574, 174354, 1, 7, 4, 3, 5, 4, 0
4575, 174355, 1, 7, 4, 3, 5, 5, 0
4576, 174411, 1, 7, 4, 4, 1, 1, 0
4577, 174412, 1, 7, 4, 4, 1, 2, 0
4578, 174413, 1, 7, 4, 4, 1, 3, 0
4579, 174414, 1, 7, 4, 4, 1, 4, 0
4580, 174415, 1, 7, 4, 4, 1, 5, 0
4581, 174421, 1, 7, 4, 4, 2, 1, 0
4582, 174422, 1, 7, 4, 4, 2, 2, 0
4583, 174423, 1, 7, 4, 4, 2, 3, 0
4584, 174424, 1, 7, 4, 4, 2, 4, 0
4585, 174425, 1, 7, 4, 4, 2, 5, 0
4586, 174431, 1, 7, 4, 4, 3, 1, 0
4587, 174432, 1, 7, 4, 4, 3, 2, 0
4588, 174433, 1, 7, 4, 4, 3, 3, 0
4589, 174434, 1, 7, 4, 4, 3, 4, 0
4590, 174435, 1, 7, 4, 4, 3, 5, 0
4591, 174441, 1, 7, 4, 4, 4, 1, 0
4592, 174442, 1, 7, 4, 4, 4, 2, 0
4593, 174443, 1, 7, 4, 4, 4, 3, 0
4594, 174444, 1, 7, 4, 4, 4, 4, 0
4595, 174445, 1, 7, 4, 4, 4, 5, 0
4596, 174451, 1, 7, 4, 4, 5, 1, 0
4597, 174452, 1, 7, 4, 4, 5, 2, 0
4598, 174453, 1, 7, 4, 4, 5, 3, 0
4599, 174454, 1, 7, 4, 4, 5, 4, 0
4600, 174455, 1, 7, 4, 4, 5, 5, 0
4601, 175111, 1, 7, 5, 1, 1, 1, 0
4602, 175112, 1, 7, 5, 1, 1, 2, 0
4603, 175113, 1, 7, 5, 1, 1, 3, 0
4604, 175114, 1, 7, 5, 1, 1, 4, 0
4605, 175115, 1, 7, 5, 1, 1, 5, 0
4606, 175121, 1, 7, 5, 1, 2, 1, 0
4607, 175122, 1, 7, 5, 1, 2, 2, 0
4608, 175123, 1, 7, 5, 1, 2, 3, 0
4609, 175124, 1, 7, 5, 1, 2, 4, 0
4610, 175125, 1, 7, 5, 1, 2, 5, 0
4611, 175131, 1, 7, 5, 1, 3, 1, 0
4612, 175132, 1, 7, 5, 1, 3, 2, 0
4613, 175133, 1, 7, 5, 1, 3, 3, 0
4614, 175134, 1, 7, 5, 1, 3, 4, 0
4615, 175135, 1, 7, 5, 1, 3, 5, 0
4616, 175141, 1, 7, 5, 1, 4, 1, 0
4617, 175142, 1, 7, 5, 1, 4, 2, 0
4618, 175143, 1, 7, 5, 1, 4, 3, 0
4619, 175144, 1, 7, 5, 1, 4, 4, 0
4620, 175145, 1, 7, 5, 1, 4, 5, 0
4621, 175151, 1, 7, 5, 1, 5, 1, 0
4622, 175152, 1, 7, 5, 1, 5, 2, 0
4623, 175153, 1, 7, 5, 1, 5, 3, 0
4624, 175154, 1, 7, 5, 1, 5, 4, 0
4625, 175155, 1, 7, 5, 1, 5, 5, 0
4626, 175211, 1, 7, 5, 2, 1, 1, 0
4627, 175212, 1, 7, 5, 2, 1, 2, 0
4628, 175213, 1, 7, 5, 2, 1, 3, 0
4629, 175214, 1, 7, 5, 2, 1, 4, 0
4630, 175215, 1, 7, 5, 2, 1, 5, 0
4631, 175221, 1, 7, 5, 2, 2, 1, 0
4632, 175222, 1, 7, 5, 2, 2, 2, 0
4633, 175223, 1, 7, 5, 2, 2, 3, 0
4634, 175224, 1, 7, 5, 2, 2, 4, 0
4635, 175225, 1, 7, 5, 2, 2, 5, 0
4636, 175231, 1, 7, 5, 2, 3, 1, 0
4637, 175232, 1, 7, 5, 2, 3, 2, 0
4638, 175233, 1, 7, 5, 2, 3, 3, 0
4639, 175234, 1, 7, 5, 2, 3, 4, 0
4640, 175235, 1, 7, 5, 2, 3, 5, 0
4641, 175241, 1, 7, 5, 2, 4, 1, 0
4642, 175242, 1, 7, 5, 2, 4, 2, 0
4643, 175243, 1, 7, 5, 2, 4, 3, 0
4644, 175244, 1, 7, 5, 2, 4, 4, 0
4645, 175245, 1, 7, 5, 2, 4, 5, 0
4646, 175251, 1, 7, 5, 2, 5, 1, 0
4647, 175252, 1, 7, 5, 2, 5, 2, 0
4648, 175253, 1, 7, 5, 2, 5, 3, 0
4649, 175254, 1, 7, 5, 2, 5, 4, 0
4650, 175255, 1, 7, 5, 2, 5, 5, 0
4651, 175311, 1, 7, 5, 3, 1, 1, 0
4652, 175312, 1, 7, 5, 3, 1, 2, 0
4653, 175313, 1, 7, 5, 3, 1, 3, 0
4654, 175314, 1, 7, 5, 3, 1, 4, 0
4655, 175315, 1, 7, 5, 3, 1, 5, 0
4656, 175321, 1, 7, 5, 3, 2, 1, 0
4657, 175322, 1, 7, 5, 3, 2, 2, 0
4658, 175323, 1, 7, 5, 3, 2, 3, 0
4659, 175324, 1, 7, 5, 3, 2, 4, 0
4660, 175325, 1, 7, 5, 3, 2, 5, 0
4661, 175331, 1, 7, 5, 3, 3, 1, 0
4662, 175332, 1, 7, 5, 3, 3, 2, 0
4663, 175333, 1, 7, 5, 3, 3, 3, 0
4664, 175334, 1, 7, 5, 3, 3, 4, 0
4665, 175335, 1, 7, 5, 3, 3, 5, 0
4666, 175341, 1, 7, 5, 3, 4, 1, 0
4667, 175342, 1, 7, 5, 3, 4, 2, 0
4668, 175343, 1, 7, 5, 3, 4, 3, 0
4669, 175344, 1, 7, 5, 3, 4, 4, 0
4670, 175345, 1, 7, 5, 3, 4, 5, 0
4671, 175351, 1, 7, 5, 3, 5, 1, 0
4672, 175352, 1, 7, 5, 3, 5, 2, 0
4673, 175353, 1, 7, 5, 3, 5, 3, 0
4674, 175354, 1, 7, 5, 3, 5, 4, 0
4675, 175355, 1, 7, 5, 3, 5, 5, 0
4676, 175411, 1, 7, 5, 4, 1, 1, 0
4677, 175412, 1, 7, 5, 4, 1, 2, 0
4678, 175413, 1, 7, 5, 4, 1, 3, 0
4679, 175414, 1, 7, 5, 4, 1, 4, 0
4680, 175415, 1, 7, 5, 4, 1, 5, 0
4681, 175421, 1, 7, 5, 4, 2, 1, 0
4682, 175422, 1, 7, 5, 4, 2, 2, 0
4683, 175423, 1, 7, 5, 4, 2, 3, 0
4684, 175424, 1, 7, 5, 4, 2, 4, 0
4685, 175425, 1, 7, 5, 4, 2, 5, 0
4686, 175431, 1, 7, 5, 4, 3, 1, 0
4687, 175432, 1, 7, 5, 4, 3, 2, 0
4688, 175433, 1, 7, 5, 4, 3, 3, 0
4689, 175434, 1, 7, 5, 4, 3, 4, 0
4690, 175435, 1, 7, 5, 4, 3, 5, 0
4691, 175441, 1, 7, 5, 4, 4, 1, 0
4692, 175442, 1, 7, 5, 4, 4, 2, 0
4693, 175443, 1, 7, 5, 4, 4, 3, 0
4694, 175444, 1, 7, 5, 4, 4, 4, 0
4695, 175445, 1, 7, 5, 4, 4, 5, 0
4696, 175451, 1, 7, 5, 4, 5, 1, 0
4697, 175452, 1, 7, 5, 4, 5, 2, 0
4698, 175453, 1, 7, 5, 4, 5, 3, 0
4699, 175454, 1, 7, 5, 4, 5, 4, 0
4700, 175455, 1, 7, 5, 4, 5, 5, 0
4701, 176111, 1, 7, 6, 1, 1, 1, 0
4702, 176112, 1, 7, 6, 1, 1, 2, 0
4703, 176113, 1, 7, 6, 1, 1, 3, 0
4704, 176114, 1, 7, 6, 1, 1, 4, 0
4705, 176115, 1, 7, 6, 1, 1, 5, 0
4706, 176121, 1, 7, 6, 1, 2, 1, 0
4707, 176122, 1, 7, 6, 1, 2, 2, 0
4708, 176123, 1, 7, 6, 1, 2, 3, 0
4709, 176124, 1, 7, 6, 1, 2, 4, 0
4710, 176125, 1, 7, 6, 1, 2, 5, 0
4711, 176131, 1, 7, 6, 1, 3, 1, 0
4712, 176132, 1, 7, 6, 1, 3, 2, 0
4713, 176133, 1, 7, 6, 1, 3, 3, 0
4714, 176134, 1, 7, 6, 1, 3, 4, 0
4715, 176135, 1, 7, 6, 1, 3, 5, 0
4716, 176141, 1, 7, 6, 1, 4, 1, 0
4717, 176142, 1, 7, 6, 1, 4, 2, 0
4718, 176143, 1, 7, 6, 1, 4, 3, 0
4719, 176144, 1, 7, 6, 1, 4, 4, 0
4720, 176145, 1, 7, 6, 1, 4, 5, 0
4721, 176151, 1, 7, 6, 1, 5, 1, 0
4722, 176152, 1, 7, 6, 1, 5, 2, 0
4723, 176153, 1, 7, 6, 1, 5, 3, 0
4724, 176154, 1, 7, 6, 1, 5, 4, 0
4725, 176155, 1, 7, 6, 1, 5, 5, 0
4726, 176211, 1, 7, 6, 2, 1, 1, 0
4727, 176212, 1, 7, 6, 2, 1, 2, 0
4728, 176213, 1, 7, 6, 2, 1, 3, 0
4729, 176214, 1, 7, 6, 2, 1, 4, 0
4730, 176215, 1, 7, 6, 2, 1, 5, 0
4731, 176221, 1, 7, 6, 2, 2, 1, 0
4732, 176222, 1, 7, 6, 2, 2, 2, 0
4733, 176223, 1, 7, 6, 2, 2, 3, 0
4734, 176224, 1, 7, 6, 2, 2, 4, 0
4735, 176225, 1, 7, 6, 2, 2, 5, 0
4736, 176231, 1, 7, 6, 2, 3, 1, 0
4737, 176232, 1, 7, 6, 2, 3, 2, 0
4738, 176233, 1, 7, 6, 2, 3, 3, 0
4739, 176234, 1, 7, 6, 2, 3, 4, 0
4740, 176235, 1, 7, 6, 2, 3, 5, 0
4741, 176241, 1, 7, 6, 2, 4, 1, 0
4742, 176242, 1, 7, 6, 2, 4, 2, 0
4743, 176243, 1, 7, 6, 2, 4, 3, 0
4744, 176244, 1, 7, 6, 2, 4, 4, 0
4745, 176245, 1, 7, 6, 2, 4, 5, 0
4746, 176251, 1, 7, 6, 2, 5, 1, 0
4747, 176252, 1, 7, 6, 2, 5, 2, 0
4748, 176253, 1, 7, 6, 2, 5, 3, 0
4749, 176254, 1, 7, 6, 2, 5, 4, 0
4750, 176255, 1, 7, 6, 2, 5, 5, 0
4751, 176311, 1, 7, 6, 3, 1, 1, 0
4752, 176312, 1, 7, 6, 3, 1, 2, 0
4753, 176313, 1, 7, 6, 3, 1, 3, 0
4754, 176314, 1, 7, 6, 3, 1, 4, 0
4755, 176315, 1, 7, 6, 3, 1, 5, 0
4756, 176321, 1, 7, 6, 3, 2, 1, 0
4757, 176322, 1, 7, 6, 3, 2, 2, 0
4758, 176323, 1, 7, 6, 3, 2, 3, 0
4759, 176324, 1, 7, 6, 3, 2, 4, 0
4760, 176325, 1, 7, 6, 3, 2, 5, 0
4761, 176331, 1, 7, 6, 3, 3, 1, 0
4762, 176332, 1, 7, 6, 3, 3, 2, 0
4763, 176333, 1, 7, 6, 3, 3, 3, 0
4764, 176334, 1, 7, 6, 3, 3, 4, 0
4765, 176335, 1, 7, 6, 3, 3, 5, 0
4766, 176341, 1, 7, 6, 3, 4, 1, 0
4767, 176342, 1, 7, 6, 3, 4, 2, 0
4768, 176343, 1, 7, 6, 3, 4, 3, 0
4769, 176344, 1, 7, 6, 3, 4, 4, 0
4770, 176345, 1, 7, 6, 3, 4, 5, 0
4771, 176351, 1, 7, 6, 3, 5, 1, 0
4772, 176352, 1, 7, 6, 3, 5, 2, 0
4773, 176353, 1, 7, 6, 3, 5, 3, 0
4774, 176354, 1, 7, 6, 3, 5, 4, 0
4775, 176355, 1, 7, 6, 3, 5, 5, 0
4776, 176411, 1, 7, 6, 4, 1, 1, 0
4777, 176412, 1, 7, 6, 4, 1, 2, 0
4778, 176413, 1, 7, 6, 4, 1, 3, 0
4779, 176414, 1, 7, 6, 4, 1, 4, 0
4780, 176415, 1, 7, 6, 4, 1, 5, 0
4781, 176421, 1, 7, 6, 4, 2, 1, 0
4782, 176422, 1, 7, 6, 4, 2, 2, 0
4783, 176423, 1, 7, 6, 4, 2, 3, 0
4784, 176424, 1, 7, 6, 4, 2, 4, 0
4785, 176425, 1, 7, 6, 4, 2, 5, 0
4786, 176431, 1, 7, 6, 4, 3, 1, 0
4787, 176432, 1, 7, 6, 4, 3, 2, 0
4788, 176433, 1, 7, 6, 4, 3, 3, 0
4789, 176434, 1, 7, 6, 4, 3, 4, 0
4790, 176435, 1, 7, 6, 4, 3, 5, 0
4791, 176441, 1, 7, 6, 4, 4, 1, 0
4792, 176442, 1, 7, 6, 4, 4, 2, 0
4793, 176443, 1, 7, 6, 4, 4, 3, 0
4794, 176444, 1, 7, 6, 4, 4, 4, 0
4795, 176445, 1, 7, 6, 4, 4, 5, 0
4796, 176451, 1, 7, 6, 4, 5, 1, 0
4797, 176452, 1, 7, 6, 4, 5, 2, 0
4798, 176453, 1, 7, 6, 4, 5, 3, 0
4799, 176454, 1, 7, 6, 4, 5, 4, 0
4800, 176455, 1, 7, 6, 4, 5, 5, 0
4801, 177111, 1, 7, 7, 1, 1, 1, 0
4802, 177112, 1, 7, 7, 1, 1, 2, 0
4803, 177113, 1, 7, 7, 1, 1, 3, 0
4804, 177114, 1, 7, 7, 1, 1, 4, 0
4805, 177115, 1, 7, 7, 1, 1, 5, 0
4806, 177121, 1, 7, 7, 1, 2, 1, 0
4807, 177122, 1, 7, 7, 1, 2, 2, 0
4808, 177123, 1, 7, 7, 1, 2, 3, 0
4809, 177124, 1, 7, 7, 1, 2, 4, 0
4810, 177125, 1, 7, 7, 1, 2, 5, 0
4811, 177131, 1, 7, 7, 1, 3, 1, 0
4812, 177132, 1, 7, 7, 1, 3, 2, 0
4813, 177133, 1, 7, 7, 1, 3, 3, 0
4814, 177134, 1, 7, 7, 1, 3, 4, 0
4815, 177135, 1, 7, 7, 1, 3, 5, 0
4816, 177141, 1, 7, 7, 1, 4, 1, 0
4817, 177142, 1, 7, 7, 1, 4, 2, 0
4818, 177143, 1, 7, 7, 1, 4, 3, 0
4819, 177144, 1, 7, 7, 1, 4, 4, 0
4820, 177145, 1, 7, 7, 1, 4, 5, 0
4821, 177151, 1, 7, 7, 1, 5, 1, 0
4822, 177152, 1, 7, 7, 1, 5, 2, 0
4823, 177153, 1, 7, 7, 1, 5, 3, 0
4824, 177154, 1, 7, 7, 1, 5, 4, 0
4825, 177155, 1, 7, 7, 1, 5, 5, 0
4826, 177211, 1, 7, 7, 2, 1, 1, 0
4827, 177212, 1, 7, 7, 2, 1, 2, 0
4828, 177213, 1, 7, 7, 2, 1, 3, 0
4829, 177214, 1, 7, 7, 2, 1, 4, 0
4830, 177215, 1, 7, 7, 2, 1, 5, 0
4831, 177221, 1, 7, 7, 2, 2, 1, 0
4832, 177222, 1, 7, 7, 2, 2, 2, 0
4833, 177223, 1, 7, 7, 2, 2, 3, 0
4834, 177224, 1, 7, 7, 2, 2, 4, 0
4835, 177225, 1, 7, 7, 2, 2, 5, 0
4836, 177231, 1, 7, 7, 2, 3, 1, 0
4837, 177232, 1, 7, 7, 2, 3, 2, 0
4838, 177233, 1, 7, 7, 2, 3, 3, 0
4839, 177234, 1, 7, 7, 2, 3, 4, 0
4840, 177235, 1, 7, 7, 2, 3, 5, 0
4841, 177241, 1, 7, 7, 2, 4, 1, 0
4842, 177242, 1, 7, 7, 2, 4, 2, 0
4843, 177243, 1, 7, 7, 2, 4, 3, 0
4844, 177244, 1, 7, 7, 2, 4, 4, 0
4845, 177245, 1, 7, 7, 2, 4, 5, 0
4846, 177251, 1, 7, 7, 2, 5, 1, 0
4847, 177252, 1, 7, 7, 2, 5, 2, 0
4848, 177253, 1, 7, 7, 2, 5, 3, 0
4849, 177254, 1, 7, 7, 2, 5, 4, 0
4850, 177255, 1, 7, 7, 2, 5, 5, 0
4851, 177311, 1, 7, 7, 3, 1, 1, 0
4852, 177312, 1, 7, 7, 3, 1, 2, 0
4853, 177313, 1, 7, 7, 3, 1, 3, 0
4854, 177314, 1, 7, 7, 3, 1, 4, 0
4855, 177315, 1, 7, 7, 3, 1, 5, 0
4856, 177321, 1, 7, 7, 3, 2, 1, 0
4857, 177322, 1, 7, 7, 3, 2, 2, 0
4858, 177323, 1, 7, 7, 3, 2, 3, 0
4859, 177324, 1, 7, 7, 3, 2, 4, 0
4860, 177325, 1, 7, 7, 3, 2, 5, 0
4861, 177331, 1, 7, 7, 3, 3, 1, 0
4862, 177332, 1, 7, 7, 3, 3, 2, 0
4863, 177333, 1, 7, 7, 3, 3, 3, 0
4864, 177334, 1, 7, 7, 3, 3, 4, 0
4865, 177335, 1, 7, 7, 3, 3, 5, 0
4866, 177341, 1, 7, 7, 3, 4, 1, 0
4867, 177342, 1, 7, 7, 3, 4, 2, 0
4868, 177343, 1, 7, 7, 3, 4, 3, 0
4869, 177344, 1, 7, 7, 3, 4, 4, 0
4870, 177345, 1, 7, 7, 3, 4, 5, 0
4871, 177351, 1, 7, 7, 3, 5, 1, 0
4872, 177352, 1, 7, 7, 3, 5, 2, 0
4873, 177353, 1, 7, 7, 3, 5, 3, 0
4874, 177354, 1, 7, 7, 3, 5, 4, 0
4875, 177355, 1, 7, 7, 3, 5, 5, 0
4876, 177411, 1, 7, 7, 4, 1, 1, 0
4877, 177412, 1, 7, 7, 4, 1, 2, 0
4878, 177413, 1, 7, 7, 4, 1, 3, 0
4879, 177414, 1, 7, 7, 4, 1, 4, 0
4880, 177415, 1, 7, 7, 4, 1, 5, 0
4881, 177421, 1, 7, 7, 4, 2, 1, 0
4882, 177422, 1, 7, 7, 4, 2, 2, 0
4883, 177423, 1, 7, 7, 4, 2, 3, 0
4884, 177424, 1, 7, 7, 4, 2, 4, 0
4885, 177425, 1, 7, 7, 4, 2, 5, 0
4886, 177431, 1, 7, 7, 4, 3, 1, 0
4887, 177432, 1, 7, 7, 4, 3, 2, 0
4888, 177433, 1, 7, 7, 4, 3, 3, 0
4889, 177434, 1, 7, 7, 4, 3, 4, 0
4890, 177435, 1, 7, 7, 4, 3, 5, 0
4891, 177441, 1, 7, 7, 4, 4, 1, 0
4892, 177442, 1, 7, 7, 4, 4, 2, 0
4893, 177443, 1, 7, 7, 4, 4, 3, 0
4894, 177444, 1, 7, 7, 4, 4, 4, 0
4895, 177445, 1, 7, 7, 4, 4, 5, 0
4896, 177451, 1, 7, 7, 4, 5, 1, 0
4897, 177452, 1, 7, 7, 4, 5, 2, 0
4898, 177453, 1, 7, 7, 4, 5, 3, 0
4899, 177454, 1, 7, 7, 4, 5, 4, 0
4900, 177455, 1, 7, 7, 4, 5, 5, 0
4901, 181111, 1, 8, 1, 1, 1, 1, 0
4902, 181112, 1, 8, 1, 1, 1, 2, 0
4903, 181113, 1, 8, 1, 1, 1, 3, 0
4904, 181114, 1, 8, 1, 1, 1, 4, 0
4905, 181115, 1, 8, 1, 1, 1, 5, 0
4906, 181121, 1, 8, 1, 1, 2, 1, 0
4907, 181122, 1, 8, 1, 1, 2, 2, 0
4908, 181123, 1, 8, 1, 1, 2, 3, 0
4909, 181124, 1, 8, 1, 1, 2, 4, 0
4910, 181125, 1, 8, 1, 1, 2, 5, 0
4911, 181131, 1, 8, 1, 1, 3, 1, 0
4912, 181132, 1, 8, 1, 1, 3, 2, 0
4913, 181133, 1, 8, 1, 1, 3, 3, 0
4914, 181134, 1, 8, 1, 1, 3, 4, 0
4915, 181135, 1, 8, 1, 1, 3, 5, 0
4916, 181141, 1, 8, 1, 1, 4, 1, 0
4917, 181142, 1, 8, 1, 1, 4, 2, 0
4918, 181143, 1, 8, 1, 1, 4, 3, 0
4919, 181144, 1, 8, 1, 1, 4, 4, 0
4920, 181145, 1, 8, 1, 1, 4, 5, 0
4921, 181151, 1, 8, 1, 1, 5, 1, 0
4922, 181152, 1, 8, 1, 1, 5, 2, 0
4923, 181153, 1, 8, 1, 1, 5, 3, 0
4924, 181154, 1, 8, 1, 1, 5, 4, 0
4925, 181155, 1, 8, 1, 1, 5, 5, 0
4926, 181211, 1, 8, 1, 2, 1, 1, 0
4927, 181212, 1, 8, 1, 2, 1, 2, 0
4928, 181213, 1, 8, 1, 2, 1, 3, 0
4929, 181214, 1, 8, 1, 2, 1, 4, 0
4930, 181215, 1, 8, 1, 2, 1, 5, 0
4931, 181221, 1, 8, 1, 2, 2, 1, 0
4932, 181222, 1, 8, 1, 2, 2, 2, 0
4933, 181223, 1, 8, 1, 2, 2, 3, 0
4934, 181224, 1, 8, 1, 2, 2, 4, 0
4935, 181225, 1, 8, 1, 2, 2, 5, 0
4936, 181231, 1, 8, 1, 2, 3, 1, 0
4937, 181232, 1, 8, 1, 2, 3, 2, 0
4938, 181233, 1, 8, 1, 2, 3, 3, 0
4939, 181234, 1, 8, 1, 2, 3, 4, 0
4940, 181235, 1, 8, 1, 2, 3, 5, 0
4941, 181241, 1, 8, 1, 2, 4, 1, 0
4942, 181242, 1, 8, 1, 2, 4, 2, 0
4943, 181243, 1, 8, 1, 2, 4, 3, 0
4944, 181244, 1, 8, 1, 2, 4, 4, 0
4945, 181245, 1, 8, 1, 2, 4, 5, 0
4946, 181251, 1, 8, 1, 2, 5, 1, 0
4947, 181252, 1, 8, 1, 2, 5, 2, 0
4948, 181253, 1, 8, 1, 2, 5, 3, 0
4949, 181254, 1, 8, 1, 2, 5, 4, 0
4950, 181255, 1, 8, 1, 2, 5, 5, 0
4951, 181311, 1, 8, 1, 3, 1, 1, 0
4952, 181312, 1, 8, 1, 3, 1, 2, 0
4953, 181313, 1, 8, 1, 3, 1, 3, 0
4954, 181314, 1, 8, 1, 3, 1, 4, 0
4955, 181315, 1, 8, 1, 3, 1, 5, 0
4956, 181321, 1, 8, 1, 3, 2, 1, 0
4957, 181322, 1, 8, 1, 3, 2, 2, 0
4958, 181323, 1, 8, 1, 3, 2, 3, 0
4959, 181324, 1, 8, 1, 3, 2, 4, 0
4960, 181325, 1, 8, 1, 3, 2, 5, 0
4961, 181331, 1, 8, 1, 3, 3, 1, 0
4962, 181332, 1, 8, 1, 3, 3, 2, 0
4963, 181333, 1, 8, 1, 3, 3, 3, 0
4964, 181334, 1, 8, 1, 3, 3, 4, 0
4965, 181335, 1, 8, 1, 3, 3, 5, 0
4966, 181341, 1, 8, 1, 3, 4, 1, 0
4967, 181342, 1, 8, 1, 3, 4, 2, 0
4968, 181343, 1, 8, 1, 3, 4, 3, 0
4969, 181344, 1, 8, 1, 3, 4, 4, 0
4970, 181345, 1, 8, 1, 3, 4, 5, 0
4971, 181351, 1, 8, 1, 3, 5, 1, 0
4972, 181352, 1, 8, 1, 3, 5, 2, 0
4973, 181353, 1, 8, 1, 3, 5, 3, 0
4974, 181354, 1, 8, 1, 3, 5, 4, 0
4975, 181355, 1, 8, 1, 3, 5, 5, 0
4976, 181411, 1, 8, 1, 4, 1, 1, 0
4977, 181412, 1, 8, 1, 4, 1, 2, 0
4978, 181413, 1, 8, 1, 4, 1, 3, 0
4979, 181414, 1, 8, 1, 4, 1, 4, 0
4980, 181415, 1, 8, 1, 4, 1, 5, 0
4981, 181421, 1, 8, 1, 4, 2, 1, 0
4982, 181422, 1, 8, 1, 4, 2, 2, 0
4983, 181423, 1, 8, 1, 4, 2, 3, 0
4984, 181424, 1, 8, 1, 4, 2, 4, 0
4985, 181425, 1, 8, 1, 4, 2, 5, 0
4986, 181431, 1, 8, 1, 4, 3, 1, 0
4987, 181432, 1, 8, 1, 4, 3, 2, 0
4988, 181433, 1, 8, 1, 4, 3, 3, 0
4989, 181434, 1, 8, 1, 4, 3, 4, 0
4990, 181435, 1, 8, 1, 4, 3, 5, 0
4991, 181441, 1, 8, 1, 4, 4, 1, 0
4992, 181442, 1, 8, 1, 4, 4, 2, 0
4993, 181443, 1, 8, 1, 4, 4, 3, 0
4994, 181444, 1, 8, 1, 4, 4, 4, 0
4995, 181445, 1, 8, 1, 4, 4, 5, 0
4996, 181451, 1, 8, 1, 4, 5, 1, 0
4997, 181452, 1, 8, 1, 4, 5, 2, 0
4998, 181453, 1, 8, 1, 4, 5, 3, 0
4999, 181454, 1, 8, 1, 4, 5, 4, 0
5000, 181455, 1, 8, 1, 4, 5, 5, 0
5001, 182111, 1, 8, 2, 1, 1, 1, 0
5002, 182112, 1, 8, 2, 1, 1, 2, 0
5003, 182113, 1, 8, 2, 1, 1, 3, 0
5004, 182114, 1, 8, 2, 1, 1, 4, 0
5005, 182115, 1, 8, 2, 1, 1, 5, 0
5006, 182121, 1, 8, 2, 1, 2, 1, 0
5007, 182122, 1, 8, 2, 1, 2, 2, 0
5008, 182123, 1, 8, 2, 1, 2, 3, 0
5009, 182124, 1, 8, 2, 1, 2, 4, 0
5010, 182125, 1, 8, 2, 1, 2, 5, 0
5011, 182131, 1, 8, 2, 1, 3, 1, 0
5012, 182132, 1, 8, 2, 1, 3, 2, 0
5013, 182133, 1, 8, 2, 1, 3, 3, 0
5014, 182134, 1, 8, 2, 1, 3, 4, 0
5015, 182135, 1, 8, 2, 1, 3, 5, 0
5016, 182141, 1, 8, 2, 1, 4, 1, 0
5017, 182142, 1, 8, 2, 1, 4, 2, 0
5018, 182143, 1, 8, 2, 1, 4, 3, 0
5019, 182144, 1, 8, 2, 1, 4, 4, 0
5020, 182145, 1, 8, 2, 1, 4, 5, 0
5021, 182151, 1, 8, 2, 1, 5, 1, 0
5022, 182152, 1, 8, 2, 1, 5, 2, 0
5023, 182153, 1, 8, 2, 1, 5, 3, 0
5024, 182154, 1, 8, 2, 1, 5, 4, 0
5025, 182155, 1, 8, 2, 1, 5, 5, 0
5026, 182211, 1, 8, 2, 2, 1, 1, 0
5027, 182212, 1, 8, 2, 2, 1, 2, 0
5028, 182213, 1, 8, 2, 2, 1, 3, 0
5029, 182214, 1, 8, 2, 2, 1, 4, 0
5030, 182215, 1, 8, 2, 2, 1, 5, 0
5031, 182221, 1, 8, 2, 2, 2, 1, 0
5032, 182222, 1, 8, 2, 2, 2, 2, 0
5033, 182223, 1, 8, 2, 2, 2, 3, 0
5034, 182224, 1, 8, 2, 2, 2, 4, 0
5035, 182225, 1, 8, 2, 2, 2, 5, 0
5036, 182231, 1, 8, 2, 2, 3, 1, 0
5037, 182232, 1, 8, 2, 2, 3, 2, 0
5038, 182233, 1, 8, 2, 2, 3, 3, 0
5039, 182234, 1, 8, 2, 2, 3, 4, 0
5040, 182235, 1, 8, 2, 2, 3, 5, 0
5041, 182241, 1, 8, 2, 2, 4, 1, 0
5042, 182242, 1, 8, 2, 2, 4, 2, 0
5043, 182243, 1, 8, 2, 2, 4, 3, 0
5044, 182244, 1, 8, 2, 2, 4, 4, 0
5045, 182245, 1, 8, 2, 2, 4, 5, 0
5046, 182251, 1, 8, 2, 2, 5, 1, 0
5047, 182252, 1, 8, 2, 2, 5, 2, 0
5048, 182253, 1, 8, 2, 2, 5, 3, 0
5049, 182254, 1, 8, 2, 2, 5, 4, 0
5050, 182255, 1, 8, 2, 2, 5, 5, 0
5051, 182311, 1, 8, 2, 3, 1, 1, 0
5052, 182312, 1, 8, 2, 3, 1, 2, 0
5053, 182313, 1, 8, 2, 3, 1, 3, 0
5054, 182314, 1, 8, 2, 3, 1, 4, 0
5055, 182315, 1, 8, 2, 3, 1, 5, 0
5056, 182321, 1, 8, 2, 3, 2, 1, 0
5057, 182322, 1, 8, 2, 3, 2, 2, 0
5058, 182323, 1, 8, 2, 3, 2, 3, 0
5059, 182324, 1, 8, 2, 3, 2, 4, 0
5060, 182325, 1, 8, 2, 3, 2, 5, 0
5061, 182331, 1, 8, 2, 3, 3, 1, 0
5062, 182332, 1, 8, 2, 3, 3, 2, 0
5063, 182333, 1, 8, 2, 3, 3, 3, 0
5064, 182334, 1, 8, 2, 3, 3, 4, 0
5065, 182335, 1, 8, 2, 3, 3, 5, 0
5066, 182341, 1, 8, 2, 3, 4, 1, 0
5067, 182342, 1, 8, 2, 3, 4, 2, 0
5068, 182343, 1, 8, 2, 3, 4, 3, 0
5069, 182344, 1, 8, 2, 3, 4, 4, 0
5070, 182345, 1, 8, 2, 3, 4, 5, 0
5071, 182351, 1, 8, 2, 3, 5, 1, 0
5072, 182352, 1, 8, 2, 3, 5, 2, 0
5073, 182353, 1, 8, 2, 3, 5, 3, 0
5074, 182354, 1, 8, 2, 3, 5, 4, 0
5075, 182355, 1, 8, 2, 3, 5, 5, 0
5076, 182411, 1, 8, 2, 4, 1, 1, 0
5077, 182412, 1, 8, 2, 4, 1, 2, 0
5078, 182413, 1, 8, 2, 4, 1, 3, 0
5079, 182414, 1, 8, 2, 4, 1, 4, 0
5080, 182415, 1, 8, 2, 4, 1, 5, 0
5081, 182421, 1, 8, 2, 4, 2, 1, 0
5082, 182422, 1, 8, 2, 4, 2, 2, 0
5083, 182423, 1, 8, 2, 4, 2, 3, 0
5084, 182424, 1, 8, 2, 4, 2, 4, 0
5085, 182425, 1, 8, 2, 4, 2, 5, 0
5086, 182431, 1, 8, 2, 4, 3, 1, 0
5087, 182432, 1, 8, 2, 4, 3, 2, 0
5088, 182433, 1, 8, 2, 4, 3, 3, 0
5089, 182434, 1, 8, 2, 4, 3, 4, 0
5090, 182435, 1, 8, 2, 4, 3, 5, 0
5091, 182441, 1, 8, 2, 4, 4, 1, 0
5092, 182442, 1, 8, 2, 4, 4, 2, 0
5093, 182443, 1, 8, 2, 4, 4, 3, 0
5094, 182444, 1, 8, 2, 4, 4, 4, 0
5095, 182445, 1, 8, 2, 4, 4, 5, 0
5096, 182451, 1, 8, 2, 4, 5, 1, 0
5097, 182452, 1, 8, 2, 4, 5, 2, 0
5098, 182453, 1, 8, 2, 4, 5, 3, 0
5099, 182454, 1, 8, 2, 4, 5, 4, 0
5100, 182455, 1, 8, 2, 4, 5, 5, 0
5101, 183111, 1, 8, 3, 1, 1, 1, 0
5102, 183112, 1, 8, 3, 1, 1, 2, 0
5103, 183113, 1, 8, 3, 1, 1, 3, 0
5104, 183114, 1, 8, 3, 1, 1, 4, 0
5105, 183115, 1, 8, 3, 1, 1, 5, 0
5106, 183121, 1, 8, 3, 1, 2, 1, 0
5107, 183122, 1, 8, 3, 1, 2, 2, 0
5108, 183123, 1, 8, 3, 1, 2, 3, 0
5109, 183124, 1, 8, 3, 1, 2, 4, 0
5110, 183125, 1, 8, 3, 1, 2, 5, 0
5111, 183131, 1, 8, 3, 1, 3, 1, 0
5112, 183132, 1, 8, 3, 1, 3, 2, 0
5113, 183133, 1, 8, 3, 1, 3, 3, 0
5114, 183134, 1, 8, 3, 1, 3, 4, 0
5115, 183135, 1, 8, 3, 1, 3, 5, 0
5116, 183141, 1, 8, 3, 1, 4, 1, 0
5117, 183142, 1, 8, 3, 1, 4, 2, 0
5118, 183143, 1, 8, 3, 1, 4, 3, 0
5119, 183144, 1, 8, 3, 1, 4, 4, 0
5120, 183145, 1, 8, 3, 1, 4, 5, 0
5121, 183151, 1, 8, 3, 1, 5, 1, 0
5122, 183152, 1, 8, 3, 1, 5, 2, 0
5123, 183153, 1, 8, 3, 1, 5, 3, 0
5124, 183154, 1, 8, 3, 1, 5, 4, 0
5125, 183155, 1, 8, 3, 1, 5, 5, 0
5126, 183211, 1, 8, 3, 2, 1, 1, 0
5127, 183212, 1, 8, 3, 2, 1, 2, 0
5128, 183213, 1, 8, 3, 2, 1, 3, 0
5129, 183214, 1, 8, 3, 2, 1, 4, 0
5130, 183215, 1, 8, 3, 2, 1, 5, 0
5131, 183221, 1, 8, 3, 2, 2, 1, 0
5132, 183222, 1, 8, 3, 2, 2, 2, 0
5133, 183223, 1, 8, 3, 2, 2, 3, 0
5134, 183224, 1, 8, 3, 2, 2, 4, 0
5135, 183225, 1, 8, 3, 2, 2, 5, 0
5136, 183231, 1, 8, 3, 2, 3, 1, 0
5137, 183232, 1, 8, 3, 2, 3, 2, 0
5138, 183233, 1, 8, 3, 2, 3, 3, 0
5139, 183234, 1, 8, 3, 2, 3, 4, 0
5140, 183235, 1, 8, 3, 2, 3, 5, 0
5141, 183241, 1, 8, 3, 2, 4, 1, 0
5142, 183242, 1, 8, 3, 2, 4, 2, 0
5143, 183243, 1, 8, 3, 2, 4, 3, 0
5144, 183244, 1, 8, 3, 2, 4, 4, 0
5145, 183245, 1, 8, 3, 2, 4, 5, 0
5146, 183251, 1, 8, 3, 2, 5, 1, 0
5147, 183252, 1, 8, 3, 2, 5, 2, 0
5148, 183253, 1, 8, 3, 2, 5, 3, 0
5149, 183254, 1, 8, 3, 2, 5, 4, 0
5150, 183255, 1, 8, 3, 2, 5, 5, 0
5151, 183311, 1, 8, 3, 3, 1, 1, 0
5152, 183312, 1, 8, 3, 3, 1, 2, 0
5153, 183313, 1, 8, 3, 3, 1, 3, 0
5154, 183314, 1, 8, 3, 3, 1, 4, 0
5155, 183315, 1, 8, 3, 3, 1, 5, 0
5156, 183321, 1, 8, 3, 3, 2, 1, 0
5157, 183322, 1, 8, 3, 3, 2, 2, 0
5158, 183323, 1, 8, 3, 3, 2, 3, 0
5159, 183324, 1, 8, 3, 3, 2, 4, 0
5160, 183325, 1, 8, 3, 3, 2, 5, 0
5161, 183331, 1, 8, 3, 3, 3, 1, 0
5162, 183332, 1, 8, 3, 3, 3, 2, 0
5163, 183333, 1, 8, 3, 3, 3, 3, 0
5164, 183334, 1, 8, 3, 3, 3, 4, 0
5165, 183335, 1, 8, 3, 3, 3, 5, 0
5166, 183341, 1, 8, 3, 3, 4, 1, 0
5167, 183342, 1, 8, 3, 3, 4, 2, 0
5168, 183343, 1, 8, 3, 3, 4, 3, 0
5169, 183344, 1, 8, 3, 3, 4, 4, 0
5170, 183345, 1, 8, 3, 3, 4, 5, 0
5171, 183351, 1, 8, 3, 3, 5, 1, 0
5172, 183352, 1, 8, 3, 3, 5, 2, 0
5173, 183353, 1, 8, 3, 3, 5, 3, 0
5174, 183354, 1, 8, 3, 3, 5, 4, 0
5175, 183355, 1, 8, 3, 3, 5, 5, 0
5176, 183411, 1, 8, 3, 4, 1, 1, 0
5177, 183412, 1, 8, 3, 4, 1, 2, 0
5178, 183413, 1, 8, 3, 4, 1, 3, 0
5179, 183414, 1, 8, 3, 4, 1, 4, 0
5180, 183415, 1, 8, 3, 4, 1, 5, 0
5181, 183421, 1, 8, 3, 4, 2, 1, 0
5182, 183422, 1, 8, 3, 4, 2, 2, 0
5183, 183423, 1, 8, 3, 4, 2, 3, 0
5184, 183424, 1, 8, 3, 4, 2, 4, 0
5185, 183425, 1, 8, 3, 4, 2, 5, 0
5186, 183431, 1, 8, 3, 4, 3, 1, 0
5187, 183432, 1, 8, 3, 4, 3, 2, 0
5188, 183433, 1, 8, 3, 4, 3, 3, 0
5189, 183434, 1, 8, 3, 4, 3, 4, 0
5190, 183435, 1, 8, 3, 4, 3, 5, 0
5191, 183441, 1, 8, 3, 4, 4, 1, 0
5192, 183442, 1, 8, 3, 4, 4, 2, 0
5193, 183443, 1, 8, 3, 4, 4, 3, 0
5194, 183444, 1, 8, 3, 4, 4, 4, 0
5195, 183445, 1, 8, 3, 4, 4, 5, 0
5196, 183451, 1, 8, 3, 4, 5, 1, 0
5197, 183452, 1, 8, 3, 4, 5, 2, 0
5198, 183453, 1, 8, 3, 4, 5, 3, 0
5199, 183454, 1, 8, 3, 4, 5, 4, 0
5200, 183455, 1, 8, 3, 4, 5, 5, 0
5201, 184111, 1, 8, 4, 1, 1, 1, 0
5202, 184112, 1, 8, 4, 1, 1, 2, 0
5203, 184113, 1, 8, 4, 1, 1, 3, 0
5204, 184114, 1, 8, 4, 1, 1, 4, 0
5205, 184115, 1, 8, 4, 1, 1, 5, 0
5206, 184121, 1, 8, 4, 1, 2, 1, 0
5207, 184122, 1, 8, 4, 1, 2, 2, 0
5208, 184123, 1, 8, 4, 1, 2, 3, 0
5209, 184124, 1, 8, 4, 1, 2, 4, 0
5210, 184125, 1, 8, 4, 1, 2, 5, 0
5211, 184131, 1, 8, 4, 1, 3, 1, 0
5212, 184132, 1, 8, 4, 1, 3, 2, 0
5213, 184133, 1, 8, 4, 1, 3, 3, 0
5214, 184134, 1, 8, 4, 1, 3, 4, 0
5215, 184135, 1, 8, 4, 1, 3, 5, 0
5216, 184141, 1, 8, 4, 1, 4, 1, 0
5217, 184142, 1, 8, 4, 1, 4, 2, 0
5218, 184143, 1, 8, 4, 1, 4, 3, 0
5219, 184144, 1, 8, 4, 1, 4, 4, 0
5220, 184145, 1, 8, 4, 1, 4, 5, 0
5221, 184151, 1, 8, 4, 1, 5, 1, 0
5222, 184152, 1, 8, 4, 1, 5, 2, 0
5223, 184153, 1, 8, 4, 1, 5, 3, 0
5224, 184154, 1, 8, 4, 1, 5, 4, 0
5225, 184155, 1, 8, 4, 1, 5, 5, 0
5226, 184211, 1, 8, 4, 2, 1, 1, 0
5227, 184212, 1, 8, 4, 2, 1, 2, 0
5228, 184213, 1, 8, 4, 2, 1, 3, 0
5229, 184214, 1, 8, 4, 2, 1, 4, 0
5230, 184215, 1, 8, 4, 2, 1, 5, 0
5231, 184221, 1, 8, 4, 2, 2, 1, 0
5232, 184222, 1, 8, 4, 2, 2, 2, 0
5233, 184223, 1, 8, 4, 2, 2, 3, 0
5234, 184224, 1, 8, 4, 2, 2, 4, 0
5235, 184225, 1, 8, 4, 2, 2, 5, 0
5236, 184231, 1, 8, 4, 2, 3, 1, 0
5237, 184232, 1, 8, 4, 2, 3, 2, 0
5238, 184233, 1, 8, 4, 2, 3, 3, 0
5239, 184234, 1, 8, 4, 2, 3, 4, 0
5240, 184235, 1, 8, 4, 2, 3, 5, 0
5241, 184241, 1, 8, 4, 2, 4, 1, 0
5242, 184242, 1, 8, 4, 2, 4, 2, 0
5243, 184243, 1, 8, 4, 2, 4, 3, 0
5244, 184244, 1, 8, 4, 2, 4, 4, 0
5245, 184245, 1, 8, 4, 2, 4, 5, 0
5246, 184251, 1, 8, 4, 2, 5, 1, 0
5247, 184252, 1, 8, 4, 2, 5, 2, 0
5248, 184253, 1, 8, 4, 2, 5, 3, 0
5249, 184254, 1, 8, 4, 2, 5, 4, 0
5250, 184255, 1, 8, 4, 2, 5, 5, 0
5251, 184311, 1, 8, 4, 3, 1, 1, 0
5252, 184312, 1, 8, 4, 3, 1, 2, 0
5253, 184313, 1, 8, 4, 3, 1, 3, 0
5254, 184314, 1, 8, 4, 3, 1, 4, 0
5255, 184315, 1, 8, 4, 3, 1, 5, 0
5256, 184321, 1, 8, 4, 3, 2, 1, 0
5257, 184322, 1, 8, 4, 3, 2, 2, 0
5258, 184323, 1, 8, 4, 3, 2, 3, 0
5259, 184324, 1, 8, 4, 3, 2, 4, 0
5260, 184325, 1, 8, 4, 3, 2, 5, 0
5261, 184331, 1, 8, 4, 3, 3, 1, 0
5262, 184332, 1, 8, 4, 3, 3, 2, 0
5263, 184333, 1, 8, 4, 3, 3, 3, 0
5264, 184334, 1, 8, 4, 3, 3, 4, 0
5265, 184335, 1, 8, 4, 3, 3, 5, 0
5266, 184341, 1, 8, 4, 3, 4, 1, 0
5267, 184342, 1, 8, 4, 3, 4, 2, 0
5268, 184343, 1, 8, 4, 3, 4, 3, 0
5269, 184344, 1, 8, 4, 3, 4, 4, 0
5270, 184345, 1, 8, 4, 3, 4, 5, 0
5271, 184351, 1, 8, 4, 3, 5, 1, 0
5272, 184352, 1, 8, 4, 3, 5, 2, 0
5273, 184353, 1, 8, 4, 3, 5, 3, 0
5274, 184354, 1, 8, 4, 3, 5, 4, 0
5275, 184355, 1, 8, 4, 3, 5, 5, 0
5276, 184411, 1, 8, 4, 4, 1, 1, 0
5277, 184412, 1, 8, 4, 4, 1, 2, 0
5278, 184413, 1, 8, 4, 4, 1, 3, 0
5279, 184414, 1, 8, 4, 4, 1, 4, 0
5280, 184415, 1, 8, 4, 4, 1, 5, 0
5281, 184421, 1, 8, 4, 4, 2, 1, 0
5282, 184422, 1, 8, 4, 4, 2, 2, 0
5283, 184423, 1, 8, 4, 4, 2, 3, 0
5284, 184424, 1, 8, 4, 4, 2, 4, 0
5285, 184425, 1, 8, 4, 4, 2, 5, 0
5286, 184431, 1, 8, 4, 4, 3, 1, 0
5287, 184432, 1, 8, 4, 4, 3, 2, 0
5288, 184433, 1, 8, 4, 4, 3, 3, 0
5289, 184434, 1, 8, 4, 4, 3, 4, 0
5290, 184435, 1, 8, 4, 4, 3, 5, 0
5291, 184441, 1, 8, 4, 4, 4, 1, 0
5292, 184442, 1, 8, 4, 4, 4, 2, 0
5293, 184443, 1, 8, 4, 4, 4, 3, 0
5294, 184444, 1, 8, 4, 4, 4, 4, 0
5295, 184445, 1, 8, 4, 4, 4, 5, 0
5296, 184451, 1, 8, 4, 4, 5, 1, 0
5297, 184452, 1, 8, 4, 4, 5, 2, 0
5298, 184453, 1, 8, 4, 4, 5, 3, 0
5299, 184454, 1, 8, 4, 4, 5, 4, 0
5300, 184455, 1, 8, 4, 4, 5, 5, 0
5301, 185111, 1, 8, 5, 1, 1, 1, 0
5302, 185112, 1, 8, 5, 1, 1, 2, 0
5303, 185113, 1, 8, 5, 1, 1, 3, 0
5304, 185114, 1, 8, 5, 1, 1, 4, 0
5305, 185115, 1, 8, 5, 1, 1, 5, 0
5306, 185121, 1, 8, 5, 1, 2, 1, 0
5307, 185122, 1, 8, 5, 1, 2, 2, 0
5308, 185123, 1, 8, 5, 1, 2, 3, 0
5309, 185124, 1, 8, 5, 1, 2, 4, 0
5310, 185125, 1, 8, 5, 1, 2, 5, 0
5311, 185131, 1, 8, 5, 1, 3, 1, 0
5312, 185132, 1, 8, 5, 1, 3, 2, 0
5313, 185133, 1, 8, 5, 1, 3, 3, 0
5314, 185134, 1, 8, 5, 1, 3, 4, 0
5315, 185135, 1, 8, 5, 1, 3, 5, 0
5316, 185141, 1, 8, 5, 1, 4, 1, 0
5317, 185142, 1, 8, 5, 1, 4, 2, 0
5318, 185143, 1, 8, 5, 1, 4, 3, 0
5319, 185144, 1, 8, 5, 1, 4, 4, 0
5320, 185145, 1, 8, 5, 1, 4, 5, 0
5321, 185151, 1, 8, 5, 1, 5, 1, 0
5322, 185152, 1, 8, 5, 1, 5, 2, 0
5323, 185153, 1, 8, 5, 1, 5, 3, 0
5324, 185154, 1, 8, 5, 1, 5, 4, 0
5325, 185155, 1, 8, 5, 1, 5, 5, 0
5326, 185211, 1, 8, 5, 2, 1, 1, 0
5327, 185212, 1, 8, 5, 2, 1, 2, 0
5328, 185213, 1, 8, 5, 2, 1, 3, 0
5329, 185214, 1, 8, 5, 2, 1, 4, 0
5330, 185215, 1, 8, 5, 2, 1, 5, 0
5331, 185221, 1, 8, 5, 2, 2, 1, 0
5332, 185222, 1, 8, 5, 2, 2, 2, 0
5333, 185223, 1, 8, 5, 2, 2, 3, 0
5334, 185224, 1, 8, 5, 2, 2, 4, 0
5335, 185225, 1, 8, 5, 2, 2, 5, 0
5336, 185231, 1, 8, 5, 2, 3, 1, 0
5337, 185232, 1, 8, 5, 2, 3, 2, 0
5338, 185233, 1, 8, 5, 2, 3, 3, 0
5339, 185234, 1, 8, 5, 2, 3, 4, 0
5340, 185235, 1, 8, 5, 2, 3, 5, 0
5341, 185241, 1, 8, 5, 2, 4, 1, 0
5342, 185242, 1, 8, 5, 2, 4, 2, 0
5343, 185243, 1, 8, 5, 2, 4, 3, 0
5344, 185244, 1, 8, 5, 2, 4, 4, 0
5345, 185245, 1, 8, 5, 2, 4, 5, 0
5346, 185251, 1, 8, 5, 2, 5, 1, 0
5347, 185252, 1, 8, 5, 2, 5, 2, 0
5348, 185253, 1, 8, 5, 2, 5, 3, 0
5349, 185254, 1, 8, 5, 2, 5, 4, 0
5350, 185255, 1, 8, 5, 2, 5, 5, 0
5351, 185311, 1, 8, 5, 3, 1, 1, 0
5352, 185312, 1, 8, 5, 3, 1, 2, 0
5353, 185313, 1, 8, 5, 3, 1, 3, 0
5354, 185314, 1, 8, 5, 3, 1, 4, 0
5355, 185315, 1, 8, 5, 3, 1, 5, 0
5356, 185321, 1, 8, 5, 3, 2, 1, 0
5357, 185322, 1, 8, 5, 3, 2, 2, 0
5358, 185323, 1, 8, 5, 3, 2, 3, 0
5359, 185324, 1, 8, 5, 3, 2, 4, 0
5360, 185325, 1, 8, 5, 3, 2, 5, 0
5361, 185331, 1, 8, 5, 3, 3, 1, 0
5362, 185332, 1, 8, 5, 3, 3, 2, 0
5363, 185333, 1, 8, 5, 3, 3, 3, 0
5364, 185334, 1, 8, 5, 3, 3, 4, 0
5365, 185335, 1, 8, 5, 3, 3, 5, 0
5366, 185341, 1, 8, 5, 3, 4, 1, 0
5367, 185342, 1, 8, 5, 3, 4, 2, 0
5368, 185343, 1, 8, 5, 3, 4, 3, 0
5369, 185344, 1, 8, 5, 3, 4, 4, 0
5370, 185345, 1, 8, 5, 3, 4, 5, 0
5371, 185351, 1, 8, 5, 3, 5, 1, 0
5372, 185352, 1, 8, 5, 3, 5, 2, 0
5373, 185353, 1, 8, 5, 3, 5, 3, 0
5374, 185354, 1, 8, 5, 3, 5, 4, 0
5375, 185355, 1, 8, 5, 3, 5, 5, 0
5376, 185411, 1, 8, 5, 4, 1, 1, 0
5377, 185412, 1, 8, 5, 4, 1, 2, 0
5378, 185413, 1, 8, 5, 4, 1, 3, 0
5379, 185414, 1, 8, 5, 4, 1, 4, 0
5380, 185415, 1, 8, 5, 4, 1, 5, 0
5381, 185421, 1, 8, 5, 4, 2, 1, 0
5382, 185422, 1, 8, 5, 4, 2, 2, 0
5383, 185423, 1, 8, 5, 4, 2, 3, 0
5384, 185424, 1, 8, 5, 4, 2, 4, 0
5385, 185425, 1, 8, 5, 4, 2, 5, 0
5386, 185431, 1, 8, 5, 4, 3, 1, 0
5387, 185432, 1, 8, 5, 4, 3, 2, 0
5388, 185433, 1, 8, 5, 4, 3, 3, 0
5389, 185434, 1, 8, 5, 4, 3, 4, 0
5390, 185435, 1, 8, 5, 4, 3, 5, 0
5391, 185441, 1, 8, 5, 4, 4, 1, 0
5392, 185442, 1, 8, 5, 4, 4, 2, 0
5393, 185443, 1, 8, 5, 4, 4, 3, 0
5394, 185444, 1, 8, 5, 4, 4, 4, 0
5395, 185445, 1, 8, 5, 4, 4, 5, 0
5396, 185451, 1, 8, 5, 4, 5, 1, 0
5397, 185452, 1, 8, 5, 4, 5, 2, 0
5398, 185453, 1, 8, 5, 4, 5, 3, 0
5399, 185454, 1, 8, 5, 4, 5, 4, 0
5400, 185455, 1, 8, 5, 4, 5, 5, 0
5401, 186111, 1, 8, 6, 1, 1, 1, 0
5402, 186112, 1, 8, 6, 1, 1, 2, 0
5403, 186113, 1, 8, 6, 1, 1, 3, 0
5404, 186114, 1, 8, 6, 1, 1, 4, 0
5405, 186115, 1, 8, 6, 1, 1, 5, 0
5406, 186121, 1, 8, 6, 1, 2, 1, 0
5407, 186122, 1, 8, 6, 1, 2, 2, 0
5408, 186123, 1, 8, 6, 1, 2, 3, 0
5409, 186124, 1, 8, 6, 1, 2, 4, 0
5410, 186125, 1, 8, 6, 1, 2, 5, 0
5411, 186131, 1, 8, 6, 1, 3, 1, 0
5412, 186132, 1, 8, 6, 1, 3, 2, 0
5413, 186133, 1, 8, 6, 1, 3, 3, 0
5414, 186134, 1, 8, 6, 1, 3, 4, 0
5415, 186135, 1, 8, 6, 1, 3, 5, 0
5416, 186141, 1, 8, 6, 1, 4, 1, 0
5417, 186142, 1, 8, 6, 1, 4, 2, 0
5418, 186143, 1, 8, 6, 1, 4, 3, 0
5419, 186144, 1, 8, 6, 1, 4, 4, 0
5420, 186145, 1, 8, 6, 1, 4, 5, 0
5421, 186151, 1, 8, 6, 1, 5, 1, 0
5422, 186152, 1, 8, 6, 1, 5, 2, 0
5423, 186153, 1, 8, 6, 1, 5, 3, 0
5424, 186154, 1, 8, 6, 1, 5, 4, 0
5425, 186155, 1, 8, 6, 1, 5, 5, 0
5426, 186211, 1, 8, 6, 2, 1, 1, 0
5427, 186212, 1, 8, 6, 2, 1, 2, 0
5428, 186213, 1, 8, 6, 2, 1, 3, 0
5429, 186214, 1, 8, 6, 2, 1, 4, 0
5430, 186215, 1, 8, 6, 2, 1, 5, 0
5431, 186221, 1, 8, 6, 2, 2, 1, 0
5432, 186222, 1, 8, 6, 2, 2, 2, 0
5433, 186223, 1, 8, 6, 2, 2, 3, 0
5434, 186224, 1, 8, 6, 2, 2, 4, 0
5435, 186225, 1, 8, 6, 2, 2, 5, 0
5436, 186231, 1, 8, 6, 2, 3, 1, 0
5437, 186232, 1, 8, 6, 2, 3, 2, 0
5438, 186233, 1, 8, 6, 2, 3, 3, 0
5439, 186234, 1, 8, 6, 2, 3, 4, 0
5440, 186235, 1, 8, 6, 2, 3, 5, 0
5441, 186241, 1, 8, 6, 2, 4, 1, 0
5442, 186242, 1, 8, 6, 2, 4, 2, 0
5443, 186243, 1, 8, 6, 2, 4, 3, 0
5444, 186244, 1, 8, 6, 2, 4, 4, 0
5445, 186245, 1, 8, 6, 2, 4, 5, 0
5446, 186251, 1, 8, 6, 2, 5, 1, 0
5447, 186252, 1, 8, 6, 2, 5, 2, 0
5448, 186253, 1, 8, 6, 2, 5, 3, 0
5449, 186254, 1, 8, 6, 2, 5, 4, 0
5450, 186255, 1, 8, 6, 2, 5, 5, 0
5451, 186311, 1, 8, 6, 3, 1, 1, 0
5452, 186312, 1, 8, 6, 3, 1, 2, 0
5453, 186313, 1, 8, 6, 3, 1, 3, 0
5454, 186314, 1, 8, 6, 3, 1, 4, 0
5455, 186315, 1, 8, 6, 3, 1, 5, 0
5456, 186321, 1, 8, 6, 3, 2, 1, 0
5457, 186322, 1, 8, 6, 3, 2, 2, 0
5458, 186323, 1, 8, 6, 3, 2, 3, 0
5459, 186324, 1, 8, 6, 3, 2, 4, 0
5460, 186325, 1, 8, 6, 3, 2, 5, 0
5461, 186331, 1, 8, 6, 3, 3, 1, 0
5462, 186332, 1, 8, 6, 3, 3, 2, 0
5463, 186333, 1, 8, 6, 3, 3, 3, 0
5464, 186334, 1, 8, 6, 3, 3, 4, 0
5465, 186335, 1, 8, 6, 3, 3, 5, 0
5466, 186341, 1, 8, 6, 3, 4, 1, 0
5467, 186342, 1, 8, 6, 3, 4, 2, 0
5468, 186343, 1, 8, 6, 3, 4, 3, 0
5469, 186344, 1, 8, 6, 3, 4, 4, 0
5470, 186345, 1, 8, 6, 3, 4, 5, 0
5471, 186351, 1, 8, 6, 3, 5, 1, 0
5472, 186352, 1, 8, 6, 3, 5, 2, 0
5473, 186353, 1, 8, 6, 3, 5, 3, 0
5474, 186354, 1, 8, 6, 3, 5, 4, 0
5475, 186355, 1, 8, 6, 3, 5, 5, 0
5476, 186411, 1, 8, 6, 4, 1, 1, 0
5477, 186412, 1, 8, 6, 4, 1, 2, 0
5478, 186413, 1, 8, 6, 4, 1, 3, 0
5479, 186414, 1, 8, 6, 4, 1, 4, 0
5480, 186415, 1, 8, 6, 4, 1, 5, 0
5481, 186421, 1, 8, 6, 4, 2, 1, 0
5482, 186422, 1, 8, 6, 4, 2, 2, 0
5483, 186423, 1, 8, 6, 4, 2, 3, 0
5484, 186424, 1, 8, 6, 4, 2, 4, 0
5485, 186425, 1, 8, 6, 4, 2, 5, 0
5486, 186431, 1, 8, 6, 4, 3, 1, 0
5487, 186432, 1, 8, 6, 4, 3, 2, 0
5488, 186433, 1, 8, 6, 4, 3, 3, 0
5489, 186434, 1, 8, 6, 4, 3, 4, 0
5490, 186435, 1, 8, 6, 4, 3, 5, 0
5491, 186441, 1, 8, 6, 4, 4, 1, 0
5492, 186442, 1, 8, 6, 4, 4, 2, 0
5493, 186443, 1, 8, 6, 4, 4, 3, 0
5494, 186444, 1, 8, 6, 4, 4, 4, 0
5495, 186445, 1, 8, 6, 4, 4, 5, 0
5496, 186451, 1, 8, 6, 4, 5, 1, 0
5497, 186452, 1, 8, 6, 4, 5, 2, 0
5498, 186453, 1, 8, 6, 4, 5, 3, 0
5499, 186454, 1, 8, 6, 4, 5, 4, 0
5500, 186455, 1, 8, 6, 4, 5, 5, 0
5501, 187111, 1, 8, 7, 1, 1, 1, 0
5502, 187112, 1, 8, 7, 1, 1, 2, 0
5503, 187113, 1, 8, 7, 1, 1, 3, 0
5504, 187114, 1, 8, 7, 1, 1, 4, 0
5505, 187115, 1, 8, 7, 1, 1, 5, 0
5506, 187121, 1, 8, 7, 1, 2, 1, 0
5507, 187122, 1, 8, 7, 1, 2, 2, 0
5508, 187123, 1, 8, 7, 1, 2, 3, 0
5509, 187124, 1, 8, 7, 1, 2, 4, 0
5510, 187125, 1, 8, 7, 1, 2, 5, 0
5511, 187131, 1, 8, 7, 1, 3, 1, 0
5512, 187132, 1, 8, 7, 1, 3, 2, 0
5513, 187133, 1, 8, 7, 1, 3, 3, 0
5514, 187134, 1, 8, 7, 1, 3, 4, 0
5515, 187135, 1, 8, 7, 1, 3, 5, 0
5516, 187141, 1, 8, 7, 1, 4, 1, 0
5517, 187142, 1, 8, 7, 1, 4, 2, 0
5518, 187143, 1, 8, 7, 1, 4, 3, 0
5519, 187144, 1, 8, 7, 1, 4, 4, 0
5520, 187145, 1, 8, 7, 1, 4, 5, 0
5521, 187151, 1, 8, 7, 1, 5, 1, 0
5522, 187152, 1, 8, 7, 1, 5, 2, 0
5523, 187153, 1, 8, 7, 1, 5, 3, 0
5524, 187154, 1, 8, 7, 1, 5, 4, 0
5525, 187155, 1, 8, 7, 1, 5, 5, 0
5526, 187211, 1, 8, 7, 2, 1, 1, 0
5527, 187212, 1, 8, 7, 2, 1, 2, 0
5528, 187213, 1, 8, 7, 2, 1, 3, 0
5529, 187214, 1, 8, 7, 2, 1, 4, 0
5530, 187215, 1, 8, 7, 2, 1, 5, 0
5531, 187221, 1, 8, 7, 2, 2, 1, 0
5532, 187222, 1, 8, 7, 2, 2, 2, 0
5533, 187223, 1, 8, 7, 2, 2, 3, 0
5534, 187224, 1, 8, 7, 2, 2, 4, 0
5535, 187225, 1, 8, 7, 2, 2, 5, 0
5536, 187231, 1, 8, 7, 2, 3, 1, 0
5537, 187232, 1, 8, 7, 2, 3, 2, 0
5538, 187233, 1, 8, 7, 2, 3, 3, 0
5539, 187234, 1, 8, 7, 2, 3, 4, 0
5540, 187235, 1, 8, 7, 2, 3, 5, 0
5541, 187241, 1, 8, 7, 2, 4, 1, 0
5542, 187242, 1, 8, 7, 2, 4, 2, 0
5543, 187243, 1, 8, 7, 2, 4, 3, 0
5544, 187244, 1, 8, 7, 2, 4, 4, 0
5545, 187245, 1, 8, 7, 2, 4, 5, 0
5546, 187251, 1, 8, 7, 2, 5, 1, 0
5547, 187252, 1, 8, 7, 2, 5, 2, 0
5548, 187253, 1, 8, 7, 2, 5, 3, 0
5549, 187254, 1, 8, 7, 2, 5, 4, 0
5550, 187255, 1, 8, 7, 2, 5, 5, 0
5551, 187311, 1, 8, 7, 3, 1, 1, 0
5552, 187312, 1, 8, 7, 3, 1, 2, 0
5553, 187313, 1, 8, 7, 3, 1, 3, 0
5554, 187314, 1, 8, 7, 3, 1, 4, 0
5555, 187315, 1, 8, 7, 3, 1, 5, 0
5556, 187321, 1, 8, 7, 3, 2, 1, 0
5557, 187322, 1, 8, 7, 3, 2, 2, 0
5558, 187323, 1, 8, 7, 3, 2, 3, 0
5559, 187324, 1, 8, 7, 3, 2, 4, 0
5560, 187325, 1, 8, 7, 3, 2, 5, 0
5561, 187331, 1, 8, 7, 3, 3, 1, 0
5562, 187332, 1, 8, 7, 3, 3, 2, 0
5563, 187333, 1, 8, 7, 3, 3, 3, 0
5564, 187334, 1, 8, 7, 3, 3, 4, 0
5565, 187335, 1, 8, 7, 3, 3, 5, 0
5566, 187341, 1, 8, 7, 3, 4, 1, 0
5567, 187342, 1, 8, 7, 3, 4, 2, 0
5568, 187343, 1, 8, 7, 3, 4, 3, 0
5569, 187344, 1, 8, 7, 3, 4, 4, 0
5570, 187345, 1, 8, 7, 3, 4, 5, 0
5571, 187351, 1, 8, 7, 3, 5, 1, 0
5572, 187352, 1, 8, 7, 3, 5, 2, 0
5573, 187353, 1, 8, 7, 3, 5, 3, 0
5574, 187354, 1, 8, 7, 3, 5, 4, 0
5575, 187355, 1, 8, 7, 3, 5, 5, 0
5576, 187411, 1, 8, 7, 4, 1, 1, 0
5577, 187412, 1, 8, 7, 4, 1, 2, 0
5578, 187413, 1, 8, 7, 4, 1, 3, 0
5579, 187414, 1, 8, 7, 4, 1, 4, 0
5580, 187415, 1, 8, 7, 4, 1, 5, 0
5581, 187421, 1, 8, 7, 4, 2, 1, 0
5582, 187422, 1, 8, 7, 4, 2, 2, 0
5583, 187423, 1, 8, 7, 4, 2, 3, 0
5584, 187424, 1, 8, 7, 4, 2, 4, 0
5585, 187425, 1, 8, 7, 4, 2, 5, 0
5586, 187431, 1, 8, 7, 4, 3, 1, 0
5587, 187432, 1, 8, 7, 4, 3, 2, 0
5588, 187433, 1, 8, 7, 4, 3, 3, 0
5589, 187434, 1, 8, 7, 4, 3, 4, 0
5590, 187435, 1, 8, 7, 4, 3, 5, 0
5591, 187441, 1, 8, 7, 4, 4, 1, 0
5592, 187442, 1, 8, 7, 4, 4, 2, 0
5593, 187443, 1, 8, 7, 4, 4, 3, 0
5594, 187444, 1, 8, 7, 4, 4, 4, 0
5595, 187445, 1, 8, 7, 4, 4, 5, 0
5596, 187451, 1, 8, 7, 4, 5, 1, 0
5597, 187452, 1, 8, 7, 4, 5, 2, 0
5598, 187453, 1, 8, 7, 4, 5, 3, 0
5599, 187454, 1, 8, 7, 4, 5, 4, 0
5600, 187455, 1, 8, 7, 4, 5, 5, 0
5601, 18A111, 1, 8, A, 1, 1, 1, 1
5602, 18A112, 1, 8, A, 1, 1, 2, 1
5603, 18A113, 1, 8, A, 1, 1, 3, 1
5604, 18A114, 1, 8, A, 1, 1, 4, 1
5605, 18A115, 1, 8, A, 1, 1, 5, 1
5606, 18A121, 1, 8, A, 1, 2, 1, 1
5607, 18A122, 1, 8, A, 1, 2, 2, 1
5608, 18A123, 1, 8, A, 1, 2, 3, 1
5609, 18A124, 1, 8, A, 1, 2, 4, 1
5610, 18A125, 1, 8, A, 1, 2, 5, 1
5611, 18A131, 1, 8, A, 1, 3, 1, 1
5612, 18A132, 1, 8, A, 1, 3, 2, 1
5613, 18A133, 1, 8, A, 1, 3, 3, 1
5614, 18A134, 1, 8, A, 1, 3, 4, 1
5615, 18A135, 1, 8, A, 1, 3, 5, 1
5616, 18A141, 1, 8, A, 1, 4, 1, 1
5617, 18A142, 1, 8, A, 1, 4, 2, 1
5618, 18A143, 1, 8, A, 1, 4, 3, 1
5619, 18A144, 1, 8, A, 1, 4, 4, 1
5620, 18A145, 1, 8, A, 1, 4, 5, 1
5621, 18A151, 1, 8, A, 1, 5, 1, 1
5622, 18A152, 1, 8, A, 1, 5, 2, 1
5623, 18A153, 1, 8, A, 1, 5, 3, 1
5624, 18A154, 1, 8, A, 1, 5, 4, 1
5625, 18A155, 1, 8, A, 1, 5, 5, 1
5626, 18A211, 1, 8, A, 2, 1, 1, 1
5627, 18A212, 1, 8, A, 2, 1, 2, 1
5628, 18A213, 1, 8, A, 2, 1, 3, 1
5629, 18A214, 1, 8, A, 2, 1, 4, 1
5630, 18A215, 1, 8, A, 2, 1, 5, 1
5631, 18A221, 1, 8, A, 2, 2, 1, 1
5632, 18A222, 1, 8, A, 2, 2, 2, 1
5633, 18A223, 1, 8, A, 2, 2, 3, 1
5634, 18A224, 1, 8, A, 2, 2, 4, 1
5635, 18A225, 1, 8, A, 2, 2, 5, 1
5636, 18A231, 1, 8, A, 2, 3, 1, 1
5637, 18A232, 1, 8, A, 2, 3, 2, 1
5638, 18A233, 1, 8, A, 2, 3, 3, 1
5639, 18A234, 1, 8, A, 2, 3, 4, 1
5640, 18A235, 1, 8, A, 2, 3, 5, 1
5641, 18A241, 1, 8, A, 2, 4, 1, 1
5642, 18A242, 1, 8, A, 2, 4, 2, 1
5643, 18A243, 1, 8, A, 2, 4, 3, 1
5644, 18A244, 1, 8, A, 2, 4, 4, 1
5645, 18A245, 1, 8, A, 2, 4, 5, 1
5646, 18A251, 1, 8, A, 2, 5, 1, 1
5647, 18A252, 1, 8, A, 2, 5, 2, 1
5648, 18A253, 1, 8, A, 2, 5, 3, 1
5649, 18A254, 1, 8, A, 2, 5, 4, 1
5650, 18A255, 1, 8, A, 2, 5, 5, 1
5651, 18A311, 1, 8, A, 3, 1, 1, 1
5652, 18A312, 1, 8, A, 3, 1, 2, 1
5653, 18A313, 1, 8, A, 3, 1, 3, 1
5654, 18A314, 1, 8, A, 3, 1, 4, 1
5655, 18A315, 1, 8, A, 3, 1, 5, 1
5656, 18A321, 1, 8, A, 3, 2, 1, 1
5657, 18A322, 1, 8, A, 3, 2, 2, 1
5658, 18A323, 1, 8, A, 3, 2, 3, 1
5659, 18A324, 1, 8, A, 3, 2, 4, 1
5660, 18A325, 1, 8, A, 3, 2, 5, 1
5661, 18A331, 1, 8, A, 3, 3, 1, 1
5662, 18A332, 1, 8, A, 3, 3, 2, 1
5663, 18A333, 1, 8, A, 3, 3, 3, 1
5664, 18A334, 1, 8, A, 3, 3, 4, 1
5665, 18A335, 1, 8, A, 3, 3, 5, 1
5666, 18A341, 1, 8, A, 3, 4, 1, 1
5667, 18A342, 1, 8, A, 3, 4, 2, 1
5668, 18A343, 1, 8, A, 3, 4, 3, 1
5669, 18A344, 1, 8, A, 3, 4, 4, 1
5670, 18A345, 1, 8, A, 3, 4, 5, 1
5671, 18A351, 1, 8, A, 3, 5, 1, 1
5672, 18A352, 1, 8, A, 3, 5, 2, 1
5673, 18A353, 1, 8, A, 3, 5, 3, 1
5674, 18A354, 1, 8, A, 3, 5, 4, 1
5675, 18A355, 1, 8, A, 3, 5, 5, 1
5676, 18A411, 1, 8, A, 4, 1, 1, 1
5677, 18A412, 1, 8, A, 4, 1, 2, 1
5678, 18A413, 1, 8, A, 4, 1, 3, 1
5679, 18A414, 1, 8, A, 4, 1, 4, 1
5680, 18A415, 1, 8, A, 4, 1, 5, 1
5681, 18A421, 1, 8, A, 4, 2, 1, 1
5682, 18A422, 1, 8, A, 4, 2, 2, 1
5683, 18A423, 1, 8, A, 4, 2, 3, 1
5684, 18A424, 1, 8, A, 4, 2, 4, 1
5685, 18A425, 1, 8, A, 4, 2, 5, 1
5686, 18A431, 1, 8, A, 4, 3, 1, 1
5687, 18A432, 1, 8, A, 4, 3, 2, 1
5688, 18A433, 1, 8, A, 4, 3, 3, 1
5689, 18A434, 1, 8, A, 4, 3, 4, 1
5690, 18A435, 1, 8, A, 4, 3, 5, 1
5691, 18A441, 1, 8, A, 4, 4, 1, 1
5692, 18A442, 1, 8, A, 4, 4, 2, 1
5693, 18A443, 1, 8, A, 4, 4, 3, 1
5694, 18A444, 1, 8, A, 4, 4, 4, 1
5695, 18A445, 1, 8, A, 4, 4, 5, 1
5696, 18A451, 1, 8, A, 4, 5, 1, 1
5697, 18A452, 1, 8, A, 4, 5, 2, 1
5698, 18A453, 1, 8, A, 4, 5, 3, 1
5699, 18A454, 1, 8, A, 4, 5, 4, 1
5700, 18A455, 1, 8, A, 4, 5, 5, 1
5701, 18B111, 1, 8, B, 1, 1, 1, 1
5702, 18B112, 1, 8, B, 1, 1, 2, 1
5703, 18B113, 1, 8, B, 1, 1, 3, 1
5704, 18B114, 1, 8, B, 1, 1, 4, 1
5705, 18B115, 1, 8, B, 1, 1, 5, 1
5706, 18B121, 1, 8, B, 1, 2, 1, 1
5707, 18B122, 1, 8, B, 1, 2, 2, 1
5708, 18B123, 1, 8, B, 1, 2, 3, 1
5709, 18B124, 1, 8, B, 1, 2, 4, 1
5710, 18B125, 1, 8, B, 1, 2, 5, 1
5711, 18B131, 1, 8, B, 1, 3, 1, 1
5712, 18B132, 1, 8, B, 1, 3, 2, 1
5713, 18B133, 1, 8, B, 1, 3, 3, 1
5714, 18B134, 1, 8, B, 1, 3, 4, 1
5715, 18B135, 1, 8, B, 1, 3, 5, 1
5716, 18B141, 1, 8, B, 1, 4, 1, 1
5717, 18B142, 1, 8, B, 1, 4, 2, 1
5718, 18B143, 1, 8, B, 1, 4, 3, 1
5719, 18B144, 1, 8, B, 1, 4, 4, 1
5720, 18B145, 1, 8, B, 1, 4, 5, 1
5721, 18B151, 1, 8, B, 1, 5, 1, 1
5722, 18B152, 1, 8, B, 1, 5, 2, 1
5723, 18B153, 1, 8, B, 1, 5, 3, 1
5724, 18B154, 1, 8, B, 1, 5, 4, 1
5725, 18B155, 1, 8, B, 1, 5, 5, 1
5726, 18B211, 1, 8, B, 2, 1, 1, 1
5727, 18B212, 1, 8, B, 2, 1, 2, 1
5728, 18B213, 1, 8, B, 2, 1, 3, 1
5729, 18B214, 1, 8, B, 2, 1, 4, 1
5730, 18B215, 1, 8, B, 2, 1, 5, 1
5731, 18B221, 1, 8, B, 2, 2, 1, 1
5732, 18B222, 1, 8, B, 2, 2, 2, 1
5733, 18B223, 1, 8, B, 2, 2, 3, 1
5734, 18B224, 1, 8, B, 2, 2, 4, 1
5735, 18B225, 1, 8, B, 2, 2, 5, 1
5736, 18B231, 1, 8, B, 2, 3, 1, 1
5737, 18B232, 1, 8, B, 2, 3, 2, 1
5738, 18B233, 1, 8, B, 2, 3, 3, 1
5739, 18B234, 1, 8, B, 2, 3, 4, 1
5740, 18B235, 1, 8, B, 2, 3, 5, 1
5741, 18B241, 1, 8, B, 2, 4, 1, 1
5742, 18B242, 1, 8, B, 2, 4, 2, 1
5743, 18B243, 1, 8, B, 2, 4, 3, 1
5744, 18B244, 1, 8, B, 2, 4, 4, 1
5745, 18B245, 1, 8, B, 2, 4, 5, 1
5746, 18B251, 1, 8, B, 2, 5, 1, 1
5747, 18B252, 1, 8, B, 2, 5, 2, 1
5748, 18B253, 1, 8, B, 2, 5, 3, 1
5749, 18B254, 1, 8, B, 2, 5, 4, 1
5750, 18B255, 1, 8, B, 2, 5, 5, 1
5751, 18B311, 1, 8, B, 3, 1, 1, 1
5752, 18B312, 1, 8, B, 3, 1, 2, 1
5753, 18B313, 1, 8, B, 3, 1, 3, 1
5754, 18B314, 1, 8, B, 3, 1, 4, 1
5755, 18B315, 1, 8, B, 3, 1, 5, 1
5756, 18B321, 1, 8, B, 3, 2, 1, 1
5757, 18B322, 1, 8, B, 3, 2, 2, 1
5758, 18B323, 1, 8, B, 3, 2, 3, 1
5759, 18B324, 1, 8, B, 3, 2, 4, 1
5760, 18B325, 1, 8, B, 3, 2, 5, 1
5761, 18B331, 1, 8, B, 3, 3, 1, 1
5762, 18B332, 1, 8, B, 3, 3, 2, 1
5763, 18B333, 1, 8, B, 3, 3, 3, 1
5764, 18B334, 1, 8, B, 3, 3, 4, 1
5765, 18B335, 1, 8, B, 3, 3, 5, 1
5766, 18B341, 1, 8, B, 3, 4, 1, 1
5767, 18B342, 1, 8, B, 3, 4, 2, 1
5768, 18B343, 1, 8, B, 3, 4, 3, 1
5769, 18B344, 1, 8, B, 3, 4, 4, 1
5770, 18B345, 1, 8, B, 3, 4, 5, 1
5771, 18B351, 1, 8, B, 3, 5, 1, 1
5772, 18B352, 1, 8, B, 3, 5, 2, 1
5773, 18B353, 1, 8, B, 3, 5, 3, 1
5774, 18B354, 1, 8, B, 3, 5, 4, 1
5775, 18B355, 1, 8, B, 3, 5, 5, 1
5776, 18B411, 1, 8, B, 4, 1, 1, 1
5777, 18B412, 1, 8, B, 4, 1, 2, 1
5778, 18B413, 1, 8, B, 4, 1, 3, 1
5779, 18B414, 1, 8, B, 4, 1, 4, 1
5780, 18B415, 1, 8, B, 4, 1, 5, 1
5781, 18B421, 1, 8, B, 4, 2, 1, 1
5782, 18B422, 1, 8, B, 4, 2, 2, 1
5783, 18B423, 1, 8, B, 4, 2, 3, 1
5784, 18B424, 1, 8, B, 4, 2, 4, 1
5785, 18B425, 1, 8, B, 4, 2, 5, 1
5786, 18B431, 1, 8, B, 4, 3, 1, 1
5787, 18B432, 1, 8, B, 4, 3, 2, 1
5788, 18B433, 1, 8, B, 4, 3, 3, 1
5789, 18B434, 1, 8, B, 4, 3, 4, 1
5790, 18B435, 1, 8, B, 4, 3, 5, 1
5791, 18B441, 1, 8, B, 4, 4, 1, 1
5792, 18B442, 1, 8, B, 4, 4, 2, 1
5793, 18B443, 1, 8, B, 4, 4, 3, 1
5794, 18B444, 1, 8, B, 4, 4, 4, 1
5795, 18B445, 1, 8, B, 4, 4, 5, 1
5796, 18B451, 1, 8, B, 4, 5, 1, 1
5797, 18B452, 1, 8, B, 4, 5, 2, 1
5798, 18B453, 1, 8, B, 4, 5, 3, 1
5799, 18B454, 1, 8, B, 4, 5, 4, 1
5800, 18B455, 1, 8, B, 4, 5, 5, 1
5801, 18C111, 1, 8, C, 1, 1, 1, 1
5802, 18C112, 1, 8, C, 1, 1, 2, 1
5803, 18C113, 1, 8, C, 1, 1, 3, 1
5804, 18C114, 1, 8, C, 1, 1, 4, 1
5805, 18C115, 1, 8, C, 1, 1, 5, 1
5806, 18C121, 1, 8, C, 1, 2, 1, 1
5807, 18C122, 1, 8, C, 1, 2, 2, 1
5808, 18C123, 1, 8, C, 1, 2, 3, 1
5809, 18C124, 1, 8, C, 1, 2, 4, 1
5810, 18C125, 1, 8, C, 1, 2, 5, 1
5811, 18C131, 1, 8, C, 1, 3, 1, 1
5812, 18C132, 1, 8, C, 1, 3, 2, 1
5813, 18C133, 1, 8, C, 1, 3, 3, 1
5814, 18C134, 1, 8, C, 1, 3, 4, 1
5815, 18C135, 1, 8, C, 1, 3, 5, 1
5816, 18C141, 1, 8, C, 1, 4, 1, 1
5817, 18C142, 1, 8, C, 1, 4, 2, 1
5818, 18C143, 1, 8, C, 1, 4, 3, 1
5819, 18C144, 1, 8, C, 1, 4, 4, 1
5820, 18C145, 1, 8, C, 1, 4, 5, 1
5821, 18C151, 1, 8, C, 1, 5, 1, 1
5822, 18C152, 1, 8, C, 1, 5, 2, 1
5823, 18C153, 1, 8, C, 1, 5, 3, 1
5824, 18C154, 1, 8, C, 1, 5, 4, 1
5825, 18C155, 1, 8, C, 1, 5, 5, 1
5826, 18C211, 1, 8, C, 2, 1, 1, 1
5827, 18C212, 1, 8, C, 2, 1, 2, 1
5828, 18C213, 1, 8, C, 2, 1, 3, 1
5829, 18C214, 1, 8, C, 2, 1, 4, 1
5830, 18C215, 1, 8, C, 2, 1, 5, 1
5831, 18C221, 1, 8, C, 2, 2, 1, 1
5832, 18C222, 1, 8, C, 2, 2, 2, 1
5833, 18C223, 1, 8, C, 2, 2, 3, 1
5834, 18C224, 1, 8, C, 2, 2, 4, 1
5835, 18C225, 1, 8, C, 2, 2, 5, 1
5836, 18C231, 1, 8, C, 2, 3, 1, 1
5837, 18C232, 1, 8, C, 2, 3, 2, 1
5838, 18C233, 1, 8, C, 2, 3, 3, 1
5839, 18C234, 1, 8, C, 2, 3, 4, 1
5840, 18C235, 1, 8, C, 2, 3, 5, 1
5841, 18C241, 1, 8, C, 2, 4, 1, 1
5842, 18C242, 1, 8, C, 2, 4, 2, 1
5843, 18C243, 1, 8, C, 2, 4, 3, 1
5844, 18C244, 1, 8, C, 2, 4, 4, 1
5845, 18C245, 1, 8, C, 2, 4, 5, 1
5846, 18C251, 1, 8, C, 2, 5, 1, 1
5847, 18C252, 1, 8, C, 2, 5, 2, 1
5848, 18C253, 1, 8, C, 2, 5, 3, 1
5849, 18C254, 1, 8, C, 2, 5, 4, 1
5850, 18C255, 1, 8, C, 2, 5, 5, 1
5851, 18C311, 1, 8, C, 3, 1, 1, 1
5852, 18C312, 1, 8, C, 3, 1, 2, 1
5853, 18C313, 1, 8, C, 3, 1, 3, 1
5854, 18C314, 1, 8, C, 3, 1, 4, 1
5855, 18C315, 1, 8, C, 3, 1, 5, 1
5856, 18C321, 1, 8, C, 3, 2, 1, 1
5857, 18C322, 1, 8, C, 3, 2, 2, 1
5858, 18C323, 1, 8, C, 3, 2, 3, 1
5859, 18C324, 1, 8, C, 3, 2, 4, 1
5860, 18C325, 1, 8, C, 3, 2, 5, 1
5861, 18C331, 1, 8, C, 3, 3, 1, 1
5862, 18C332, 1, 8, C, 3, 3, 2, 1
5863, 18C333, 1, 8, C, 3, 3, 3, 1
5864, 18C334, 1, 8, C, 3, 3, 4, 1
5865, 18C335, 1, 8, C, 3, 3, 5, 1
5866, 18C341, 1, 8, C, 3, 4, 1, 1
5867, 18C342, 1, 8, C, 3, 4, 2, 1
5868, 18C343, 1, 8, C, 3, 4, 3, 1
5869, 18C344, 1, 8, C, 3, 4, 4, 1
5870, 18C345, 1, 8, C, 3, 4, 5, 1
5871, 18C351, 1, 8, C, 3, 5, 1, 1
5872, 18C352, 1, 8, C, 3, 5, 2, 1
5873, 18C353, 1, 8, C, 3, 5, 3, 1
5874, 18C354, 1, 8, C, 3, 5, 4, 1
5875, 18C355, 1, 8, C, 3, 5, 5, 1
5876, 18C411, 1, 8, C, 4, 1, 1, 1
5877, 18C412, 1, 8, C, 4, 1, 2, 1
5878, 18C413, 1, 8, C, 4, 1, 3, 1
5879, 18C414, 1, 8, C, 4, 1, 4, 1
5880, 18C415, 1, 8, C, 4, 1, 5, 1
5881, 18C421, 1, 8, C, 4, 2, 1, 1
5882, 18C422, 1, 8, C, 4, 2, 2, 1
5883, 18C423, 1, 8, C, 4, 2, 3, 1
5884, 18C424, 1, 8, C, 4, 2, 4, 1
5885, 18C425, 1, 8, C, 4, 2, 5, 1
5886, 18C431, 1, 8, C, 4, 3, 1, 1
5887, 18C432, 1, 8, C, 4, 3, 2, 1
5888, 18C433, 1, 8, C, 4, 3, 3, 1
5889, 18C434, 1, 8, C, 4, 3, 4, 1
5890, 18C435, 1, 8, C, 4, 3, 5, 1
5891, 18C441, 1, 8, C, 4, 4, 1, 1
5892, 18C442, 1, 8, C, 4, 4, 2, 1
5893, 18C443, 1, 8, C, 4, 4, 3, 1
5894, 18C444, 1, 8, C, 4, 4, 4, 1
5895, 18C445, 1, 8, C, 4, 4, 5, 1
5896, 18C451, 1, 8, C, 4, 5, 1, 1
5897, 18C452, 1, 8, C, 4, 5, 2, 1
5898, 18C453, 1, 8, C, 4, 5, 3, 1
5899, 18C454, 1, 8, C, 4, 5, 4, 1
5900, 18C455, 1, 8, C, 4, 5, 5, 1
5901, 18D111, 1, 8, D, 1, 1, 1, 1
5902, 18D112, 1, 8, D, 1, 1, 2, 1
5903, 18D113, 1, 8, D, 1, 1, 3, 1
5904, 18D114, 1, 8, D, 1, 1, 4, 1
5905, 18D115, 1, 8, D, 1, 1, 5, 1
5906, 18D121, 1, 8, D, 1, 2, 1, 1
5907, 18D122, 1, 8, D, 1, 2, 2, 1
5908, 18D123, 1, 8, D, 1, 2, 3, 1
5909, 18D124, 1, 8, D, 1, 2, 4, 1
5910, 18D125, 1, 8, D, 1, 2, 5, 1
5911, 18D131, 1, 8, D, 1, 3, 1, 1
5912, 18D132, 1, 8, D, 1, 3, 2, 1
5913, 18D133, 1, 8, D, 1, 3, 3, 1
5914, 18D134, 1, 8, D, 1, 3, 4, 1
5915, 18D135, 1, 8, D, 1, 3, 5, 1
5916, 18D141, 1, 8, D, 1, 4, 1, 1
5917, 18D142, 1, 8, D, 1, 4, 2, 1
5918, 18D143, 1, 8, D, 1, 4, 3, 1
5919, 18D144, 1, 8, D, 1, 4, 4, 1
5920, 18D145, 1, 8, D, 1, 4, 5, 1
5921, 18D151, 1, 8, D, 1, 5, 1, 1
5922, 18D152, 1, 8, D, 1, 5, 2, 1
5923, 18D153, 1, 8, D, 1, 5, 3, 1
5924, 18D154, 1, 8, D, 1, 5, 4, 1
5925, 18D155, 1, 8, D, 1, 5, 5, 1
5926, 18D211, 1, 8, D, 2, 1, 1, 1
5927, 18D212, 1, 8, D, 2, 1, 2, 1
5928, 18D213, 1, 8, D, 2, 1, 3, 1
5929, 18D214, 1, 8, D, 2, 1, 4, 1
5930, 18D215, 1, 8, D, 2, 1, 5, 1
5931, 18D221, 1, 8, D, 2, 2, 1, 1
5932, 18D222, 1, 8, D, 2, 2, 2, 1
5933, 18D223, 1, 8, D, 2, 2, 3, 1
5934, 18D224, 1, 8, D, 2, 2, 4, 1
5935, 18D225, 1, 8, D, 2, 2, 5, 1
5936, 18D231, 1, 8, D, 2, 3, 1, 1
5937, 18D232, 1, 8, D, 2, 3, 2, 1
5938, 18D233, 1, 8, D, 2, 3, 3, 1
5939, 18D234, 1, 8, D, 2, 3, 4, 1
5940, 18D235, 1, 8, D, 2, 3, 5, 1
5941, 18D241, 1, 8, D, 2, 4, 1, 1
5942, 18D242, 1, 8, D, 2, 4, 2, 1
5943, 18D243, 1, 8, D, 2, 4, 3, 1
5944, 18D244, 1, 8, D, 2, 4, 4, 1
5945, 18D245, 1, 8, D, 2, 4, 5, 1
5946, 18D251, 1, 8, D, 2, 5, 1, 1
5947, 18D252, 1, 8, D, 2, 5, 2, 1
5948, 18D253, 1, 8, D, 2, 5, 3, 1
5949, 18D254, 1, 8, D, 2, 5, 4, 1
5950, 18D255, 1, 8, D, 2, 5, 5, 1
5951, 18D311, 1, 8, D, 3, 1, 1, 1
5952, 18D312, 1, 8, D, 3, 1, 2, 1
5953, 18D313, 1, 8, D, 3, 1, 3, 1
5954, 18D314, 1, 8, D, 3, 1, 4, 1
5955, 18D315, 1, 8, D, 3, 1, 5, 1
5956, 18D321, 1, 8, D, 3, 2, 1, 1
5957, 18D322, 1, 8, D, 3, 2, 2, 1
5958, 18D323, 1, 8, D, 3, 2, 3, 1
5959, 18D324, 1, 8, D, 3, 2, 4, 1
5960, 18D325, 1, 8, D, 3, 2, 5, 1
5961, 18D331, 1, 8, D, 3, 3, 1, 1
5962, 18D332, 1, 8, D, 3, 3, 2, 1
5963, 18D333, 1, 8, D, 3, 3, 3, 1
5964, 18D334, 1, 8, D, 3, 3, 4, 1
5965, 18D335, 1, 8, D, 3, 3, 5, 1
5966, 18D341, 1, 8, D, 3, 4, 1, 1
5967, 18D342, 1, 8, D, 3, 4, 2, 1
5968, 18D343, 1, 8, D, 3, 4, 3, 1
5969, 18D344, 1, 8, D, 3, 4, 4, 1
5970, 18D345, 1, 8, D, 3, 4, 5, 1
5971, 18D351, 1, 8, D, 3, 5, 1, 1
5972, 18D352, 1, 8, D, 3, 5, 2, 1
5973, 18D353, 1, 8, D, 3, 5, 3, 1
5974, 18D354, 1, 8, D, 3, 5, 4, 1
5975, 18D355, 1, 8, D, 3, 5, 5, 1
5976, 18D411, 1, 8, D, 4, 1, 1, 1
5977, 18D412, 1, 8, D, 4, 1, 2, 1
5978, 18D413, 1, 8, D, 4, 1, 3, 1
5979, 18D414, 1, 8, D, 4, 1, 4, 1
5980, 18D415, 1, 8, D, 4, 1, 5, 1
5981, 18D421, 1, 8, D, 4, 2, 1, 1
5982, 18D422, 1, 8, D, 4, 2, 2, 1
5983, 18D423, 1, 8, D, 4, 2, 3, 1
5984, 18D424, 1, 8, D, 4, 2, 4, 1
5985, 18D425, 1, 8, D, 4, 2, 5, 1
5986, 18D431, 1, 8, D, 4, 3, 1, 1
5987, 18D432, 1, 8, D, 4, 3, 2, 1
5988, 18D433, 1, 8, D, 4, 3, 3, 1
5989, 18D434, 1, 8, D, 4, 3, 4, 1
5990, 18D435, 1, 8, D, 4, 3, 5, 1
5991, 18D441, 1, 8, D, 4, 4, 1, 1
5992, 18D442, 1, 8, D, 4, 4, 2, 1
5993, 18D443, 1, 8, D, 4, 4, 3, 1
5994, 18D444, 1, 8, D, 4, 4, 4, 1
5995, 18D445, 1, 8, D, 4, 4, 5, 1
5996, 18D451, 1, 8, D, 4, 5, 1, 1
5997, 18D452, 1, 8, D, 4, 5, 2, 1
5998, 18D453, 1, 8, D, 4, 5, 3, 1
5999, 18D454, 1, 8, D, 4, 5, 4, 1
6000, 18D455, 1, 8, D, 4, 5, 5, 1
6001, 211111, 2, 1, 1, 1, 1, 1, 0
6002, 211112, 2, 1, 1, 1, 1, 2, 0
6003, 211113, 2, 1, 1, 1, 1, 3, 0
6004, 211114, 2, 1, 1, 1, 1, 4, 0
6005, 211115, 2, 1, 1, 1, 1, 5, 0
6006, 211121, 2, 1, 1, 1, 2, 1, 0
6007, 211122, 2, 1, 1, 1, 2, 2, 0
6008, 211123, 2, 1, 1, 1, 2, 3, 0
6009, 211124, 2, 1, 1, 1, 2, 4, 0
6010, 211125, 2, 1, 1, 1, 2, 5, 0
6011, 211131, 2, 1, 1, 1, 3, 1, 0
6012, 211132, 2, 1, 1, 1, 3, 2, 0
6013, 211133, 2, 1, 1, 1, 3, 3, 0
6014, 211134, 2, 1, 1, 1, 3, 4, 0
6015, 211135, 2, 1, 1, 1, 3, 5, 0
6016, 211141, 2, 1, 1, 1, 4, 1, 0
6017, 211142, 2, 1, 1, 1, 4, 2, 0
6018, 211143, 2, 1, 1, 1, 4, 3, 0
6019, 211144, 2, 1, 1, 1, 4, 4, 0
6020, 211145, 2, 1, 1, 1, 4, 5, 0
6021, 211151, 2, 1, 1, 1, 5, 1, 0
6022, 211152, 2, 1, 1, 1, 5, 2, 0
6023, 211153, 2, 1, 1, 1, 5, 3, 0
6024, 211154, 2, 1, 1, 1, 5, 4, 0
6025, 211155, 2, 1, 1, 1, 5, 5, 0
6026, 211211, 2, 1, 1, 2, 1, 1, 0
6027, 211212, 2, 1, 1, 2, 1, 2, 0
6028, 211213, 2, 1, 1, 2, 1, 3, 0
6029, 211214, 2, 1, 1, 2, 1, 4, 0
6030, 211215, 2, 1, 1, 2, 1, 5, 0
6031, 211221, 2, 1, 1, 2, 2, 1, 0
6032, 211222, 2, 1, 1, 2, 2, 2, 0
6033, 211223, 2, 1, 1, 2, 2, 3, 0
6034, 211224, 2, 1, 1, 2, 2, 4, 0
6035, 211225, 2, 1, 1, 2, 2, 5, 0
6036, 211231, 2, 1, 1, 2, 3, 1, 0
6037, 211232, 2, 1, 1, 2, 3, 2, 0
6038, 211233, 2, 1, 1, 2, 3, 3, 0
6039, 211234, 2, 1, 1, 2, 3, 4, 0
6040, 211235, 2, 1, 1, 2, 3, 5, 0
6041, 211241, 2, 1, 1, 2, 4, 1, 0
6042, 211242, 2, 1, 1, 2, 4, 2, 0
6043, 211243, 2, 1, 1, 2, 4, 3, 0
6044, 211244, 2, 1, 1, 2, 4, 4, 0
6045, 211245, 2, 1, 1, 2, 4, 5, 0
6046, 211251, 2, 1, 1, 2, 5, 1, 0
6047, 211252, 2, 1, 1, 2, 5, 2, 0
6048, 211253, 2, 1, 1, 2, 5, 3, 0
6049, 211254, 2, 1, 1, 2, 5, 4, 0
6050, 211255, 2, 1, 1, 2, 5, 5, 0
6051, 211311, 2, 1, 1, 3, 1, 1, 0
6052, 211312, 2, 1, 1, 3, 1, 2, 0
6053, 211313, 2, 1, 1, 3, 1, 3, 0
6054, 211314, 2, 1, 1, 3, 1, 4, 0
6055, 211315, 2, 1, 1, 3, 1, 5, 0
6056, 211321, 2, 1, 1, 3, 2, 1, 0
6057, 211322, 2, 1, 1, 3, 2, 2, 0
6058, 211323, 2, 1, 1, 3, 2, 3, 0
6059, 211324, 2, 1, 1, 3, 2, 4, 0
6060, 211325, 2, 1, 1, 3, 2, 5, 0
6061, 211331, 2, 1, 1, 3, 3, 1, 0
6062, 211332, 2, 1, 1, 3, 3, 2, 0
6063, 211333, 2, 1, 1, 3, 3, 3, 0
6064, 211334, 2, 1, 1, 3, 3, 4, 0
6065, 211335, 2, 1, 1, 3, 3, 5, 0
6066, 211341, 2, 1, 1, 3, 4, 1, 0
6067, 211342, 2, 1, 1, 3, 4, 2, 0
6068, 211343, 2, 1, 1, 3, 4, 3, 0
6069, 211344, 2, 1, 1, 3, 4, 4, 0
6070, 211345, 2, 1, 1, 3, 4, 5, 0
6071, 211351, 2, 1, 1, 3, 5, 1, 0
6072, 211352, 2, 1, 1, 3, 5, 2, 0
6073, 211353, 2, 1, 1, 3, 5, 3, 0
6074, 211354, 2, 1, 1, 3, 5, 4, 0
6075, 211355, 2, 1, 1, 3, 5, 5, 0
6076, 211411, 2, 1, 1, 4, 1, 1, 0
6077, 211412, 2, 1, 1, 4, 1, 2, 0
6078, 211413, 2, 1, 1, 4, 1, 3, 0
6079, 211414, 2, 1, 1, 4, 1, 4, 0
6080, 211415, 2, 1, 1, 4, 1, 5, 0
6081, 211421, 2, 1, 1, 4, 2, 1, 0
6082, 211422, 2, 1, 1, 4, 2, 2, 0
6083, 211423, 2, 1, 1, 4, 2, 3, 0
6084, 211424, 2, 1, 1, 4, 2, 4, 0
6085, 211425, 2, 1, 1, 4, 2, 5, 0
6086, 211431, 2, 1, 1, 4, 3, 1, 0
6087, 211432, 2, 1, 1, 4, 3, 2, 0
6088, 211433, 2, 1, 1, 4, 3, 3, 0
6089, 211434, 2, 1, 1, 4, 3, 4, 0
6090, 211435, 2, 1, 1, 4, 3, 5, 0
6091, 211441, 2, 1, 1, 4, 4, 1, 0
6092, 211442, 2, 1, 1, 4, 4, 2, 0
6093, 211443, 2, 1, 1, 4, 4, 3, 0
6094, 211444, 2, 1, 1, 4, 4, 4, 0
6095, 211445, 2, 1, 1, 4, 4, 5, 0
6096, 211451, 2, 1, 1, 4, 5, 1, 0
6097, 211452, 2, 1, 1, 4, 5, 2, 0
6098, 211453, 2, 1, 1, 4, 5, 3, 0
6099, 211454, 2, 1, 1, 4, 5, 4, 0
6100, 211455, 2, 1, 1, 4, 5, 5, 0
6101, 212111, 2, 1, 2, 1, 1, 1, 0
6102, 212112, 2, 1, 2, 1, 1, 2, 0
6103, 212113, 2, 1, 2, 1, 1, 3, 0
6104, 212114, 2, 1, 2, 1, 1, 4, 0
6105, 212115, 2, 1, 2, 1, 1, 5, 0
6106, 212121, 2, 1, 2, 1, 2, 1, 0
6107, 212122, 2, 1, 2, 1, 2, 2, 0
6108, 212123, 2, 1, 2, 1, 2, 3, 0
6109, 212124, 2, 1, 2, 1, 2, 4, 0
6110, 212125, 2, 1, 2, 1, 2, 5, 0
6111, 212131, 2, 1, 2, 1, 3, 1, 0
6112, 212132, 2, 1, 2, 1, 3, 2, 0
6113, 212133, 2, 1, 2, 1, 3, 3, 0
6114, 212134, 2, 1, 2, 1, 3, 4, 0
6115, 212135, 2, 1, 2, 1, 3, 5, 0
6116, 212141, 2, 1, 2, 1, 4, 1, 0
6117, 212142, 2, 1, 2, 1, 4, 2, 0
6118, 212143, 2, 1, 2, 1, 4, 3, 0
6119, 212144, 2, 1, 2, 1, 4, 4, 0
6120, 212145, 2, 1, 2, 1, 4, 5, 0
6121, 212151, 2, 1, 2, 1, 5, 1, 0
6122, 212152, 2, 1, 2, 1, 5, 2, 0
6123, 212153, 2, 1, 2, 1, 5, 3, 0
6124, 212154, 2, 1, 2, 1, 5, 4, 0
6125, 212155, 2, 1, 2, 1, 5, 5, 0
6126, 212211, 2, 1, 2, 2, 1, 1, 0
6127, 212212, 2, 1, 2, 2, 1, 2, 0
6128, 212213, 2, 1, 2, 2, 1, 3, 0
6129, 212214, 2, 1, 2, 2, 1, 4, 0
6130, 212215, 2, 1, 2, 2, 1, 5, 0
6131, 212221, 2, 1, 2, 2, 2, 1, 0
6132, 212222, 2, 1, 2, 2, 2, 2, 0
6133, 212223, 2, 1, 2, 2, 2, 3, 0
6134, 212224, 2, 1, 2, 2, 2, 4, 0
6135, 212225, 2, 1, 2, 2, 2, 5, 0
6136, 212231, 2, 1, 2, 2, 3, 1, 0
6137, 212232, 2, 1, 2, 2, 3, 2, 0
6138, 212233, 2, 1, 2, 2, 3, 3, 0
6139, 212234, 2, 1, 2, 2, 3, 4, 0
6140, 212235, 2, 1, 2, 2, 3, 5, 0
6141, 212241, 2, 1, 2, 2, 4, 1, 0
6142, 212242, 2, 1, 2, 2, 4, 2, 0
6143, 212243, 2, 1, 2, 2, 4, 3, 0
6144, 212244, 2, 1, 2, 2, 4, 4, 0
6145, 212245, 2, 1, 2, 2, 4, 5, 0
6146, 212251, 2, 1, 2, 2, 5, 1, 0
6147, 212252, 2, 1, 2, 2, 5, 2, 0
6148, 212253, 2, 1, 2, 2, 5, 3, 0
6149, 212254, 2, 1, 2, 2, 5, 4, 0
6150, 212255, 2, 1, 2, 2, 5, 5, 0
6151, 212311, 2, 1, 2, 3, 1, 1, 0
6152, 212312, 2, 1, 2, 3, 1, 2, 0
6153, 212313, 2, 1, 2, 3, 1, 3, 0
6154, 212314, 2, 1, 2, 3, 1, 4, 0
6155, 212315, 2, 1, 2, 3, 1, 5, 0
6156, 212321, 2, 1, 2, 3, 2, 1, 0
6157, 212322, 2, 1, 2, 3, 2, 2, 0
6158, 212323, 2, 1, 2, 3, 2, 3, 0
6159, 212324, 2, 1, 2, 3, 2, 4, 0
6160, 212325, 2, 1, 2, 3, 2, 5, 0
6161, 212331, 2, 1, 2, 3, 3, 1, 0
6162, 212332, 2, 1, 2, 3, 3, 2, 0
6163, 212333, 2, 1, 2, 3, 3, 3, 0
6164, 212334, 2, 1, 2, 3, 3, 4, 0
6165, 212335, 2, 1, 2, 3, 3, 5, 0
6166, 212341, 2, 1, 2, 3, 4, 1, 0
6167, 212342, 2, 1, 2, 3, 4, 2, 0
6168, 212343, 2, 1, 2, 3, 4, 3, 0
6169, 212344, 2, 1, 2, 3, 4, 4, 0
6170, 212345, 2, 1, 2, 3, 4, 5, 0
6171, 212351, 2, 1, 2, 3, 5, 1, 0
6172, 212352, 2, 1, 2, 3, 5, 2, 0
6173, 212353, 2, 1, 2, 3, 5, 3, 0
6174, 212354, 2, 1, 2, 3, 5, 4, 0
6175, 212355, 2, 1, 2, 3, 5, 5, 0
6176, 212411, 2, 1, 2, 4, 1, 1, 0
6177, 212412, 2, 1, 2, 4, 1, 2, 0
6178, 212413, 2, 1, 2, 4, 1, 3, 0
6179, 212414, 2, 1, 2, 4, 1, 4, 0
6180, 212415, 2, 1, 2, 4, 1, 5, 0
6181, 212421, 2, 1, 2, 4, 2, 1, 0
6182, 212422, 2, 1, 2, 4, 2, 2, 0
6183, 212423, 2, 1, 2, 4, 2, 3, 0
6184, 212424, 2, 1, 2, 4, 2, 4, 0
6185, 212425, 2, 1, 2, 4, 2, 5, 0
6186, 212431, 2, 1, 2, 4, 3, 1, 0
6187, 212432, 2, 1, 2, 4, 3, 2, 0
6188, 212433, 2, 1, 2, 4, 3, 3, 0
6189, 212434, 2, 1, 2, 4, 3, 4, 0
6190, 212435, 2, 1, 2, 4, 3, 5, 0
6191, 212441, 2, 1, 2, 4, 4, 1, 0
6192, 212442, 2, 1, 2, 4, 4, 2, 0
6193, 212443, 2, 1, 2, 4, 4, 3, 0
6194, 212444, 2, 1, 2, 4, 4, 4, 0
6195, 212445, 2, 1, 2, 4, 4, 5, 0
6196, 212451, 2, 1, 2, 4, 5, 1, 0
6197, 212452, 2, 1, 2, 4, 5, 2, 0
6198, 212453, 2, 1, 2, 4, 5, 3, 0
6199, 212454, 2, 1, 2, 4, 5, 4, 0
6200, 212455, 2, 1, 2, 4, 5, 5, 0
6201, 213111, 2, 1, 3, 1, 1, 1, 0
6202, 213112, 2, 1, 3, 1, 1, 2, 0
6203, 213113, 2, 1, 3, 1, 1, 3, 0
6204, 213114, 2, 1, 3, 1, 1, 4, 0
6205, 213115, 2, 1, 3, 1, 1, 5, 0
6206, 213121, 2, 1, 3, 1, 2, 1, 0
6207, 213122, 2, 1, 3, 1, 2, 2, 0
6208, 213123, 2, 1, 3, 1, 2, 3, 0
6209, 213124, 2, 1, 3, 1, 2, 4, 0
6210, 213125, 2, 1, 3, 1, 2, 5, 0
6211, 213131, 2, 1, 3, 1, 3, 1, 0
6212, 213132, 2, 1, 3, 1, 3, 2, 0
6213, 213133, 2, 1, 3, 1, 3, 3, 0
6214, 213134, 2, 1, 3, 1, 3, 4, 0
6215, 213135, 2, 1, 3, 1, 3, 5, 0
6216, 213141, 2, 1, 3, 1, 4, 1, 0
6217, 213142, 2, 1, 3, 1, 4, 2, 0
6218, 213143, 2, 1, 3, 1, 4, 3, 0
6219, 213144, 2, 1, 3, 1, 4, 4, 0
6220, 213145, 2, 1, 3, 1, 4, 5, 0
6221, 213151, 2, 1, 3, 1, 5, 1, 0
6222, 213152, 2, 1, 3, 1, 5, 2, 0
6223, 213153, 2, 1, 3, 1, 5, 3, 0
6224, 213154, 2, 1, 3, 1, 5, 4, 0
6225, 213155, 2, 1, 3, 1, 5, 5, 0
6226, 213211, 2, 1, 3, 2, 1, 1, 0
6227, 213212, 2, 1, 3, 2, 1, 2, 0
6228, 213213, 2, 1, 3, 2, 1, 3, 0
6229, 213214, 2, 1, 3, 2, 1, 4, 0
6230, 213215, 2, 1, 3, 2, 1, 5, 0
6231, 213221, 2, 1, 3, 2, 2, 1, 0
6232, 213222, 2, 1, 3, 2, 2, 2, 0
6233, 213223, 2, 1, 3, 2, 2, 3, 0
6234, 213224, 2, 1, 3, 2, 2, 4, 0
6235, 213225, 2, 1, 3, 2, 2, 5, 0
6236, 213231, 2, 1, 3, 2, 3, 1, 0
6237, 213232, 2, 1, 3, 2, 3, 2, 0
6238, 213233, 2, 1, 3, 2, 3, 3, 0
6239, 213234, 2, 1, 3, 2, 3, 4, 0
6240, 213235, 2, 1, 3, 2, 3, 5, 0
6241, 213241, 2, 1, 3, 2, 4, 1, 0
6242, 213242, 2, 1, 3, 2, 4, 2, 0
6243, 213243, 2, 1, 3, 2, 4, 3, 0
6244, 213244, 2, 1, 3, 2, 4, 4, 0
6245, 213245, 2, 1, 3, 2, 4, 5, 0
6246, 213251, 2, 1, 3, 2, 5, 1, 0
6247, 213252, 2, 1, 3, 2, 5, 2, 0
6248, 213253, 2, 1, 3, 2, 5, 3, 0
6249, 213254, 2, 1, 3, 2, 5, 4, 0
6250, 213255, 2, 1, 3, 2, 5, 5, 0
6251, 213311, 2, 1, 3, 3, 1, 1, 0
6252, 213312, 2, 1, 3, 3, 1, 2, 0
6253, 213313, 2, 1, 3, 3, 1, 3, 0
6254, 213314, 2, 1, 3, 3, 1, 4, 0
6255, 213315, 2, 1, 3, 3, 1, 5, 0
6256, 213321, 2, 1, 3, 3, 2, 1, 0
6257, 213322, 2, 1, 3, 3, 2, 2, 0
6258, 213323, 2, 1, 3, 3, 2, 3, 0
6259, 213324, 2, 1, 3, 3, 2, 4, 0
6260, 213325, 2, 1, 3, 3, 2, 5, 0
6261, 213331, 2, 1, 3, 3, 3, 1, 0
6262, 213332, 2, 1, 3, 3, 3, 2, 0
6263, 213333, 2, 1, 3, 3, 3, 3, 0
6264, 213334, 2, 1, 3, 3, 3, 4, 0
6265, 213335, 2, 1, 3, 3, 3, 5, 0
6266, 213341, 2, 1, 3, 3, 4, 1, 0
6267, 213342, 2, 1, 3, 3, 4, 2, 0
6268, 213343, 2, 1, 3, 3, 4, 3, 0
6269, 213344, 2, 1, 3, 3, 4, 4, 0
6270, 213345, 2, 1, 3, 3, 4, 5, 0
6271, 213351, 2, 1, 3, 3, 5, 1, 0
6272, 213352, 2, 1, 3, 3, 5, 2, 0
6273, 213353, 2, 1, 3, 3, 5, 3, 0
6274, 213354, 2, 1, 3, 3, 5, 4, 0
6275, 213355, 2, 1, 3, 3, 5, 5, 0
6276, 213411, 2, 1, 3, 4, 1, 1, 0
6277, 213412, 2, 1, 3, 4, 1, 2, 0
6278, 213413, 2, 1, 3, 4, 1, 3, 0
6279, 213414, 2, 1, 3, 4, 1, 4, 0
6280, 213415, 2, 1, 3, 4, 1, 5, 0
6281, 213421, 2, 1, 3, 4, 2, 1, 0
6282, 213422, 2, 1, 3, 4, 2, 2, 0
6283, 213423, 2, 1, 3, 4, 2, 3, 0
6284, 213424, 2, 1, 3, 4, 2, 4, 0
6285, 213425, 2, 1, 3, 4, 2, 5, 0
6286, 213431, 2, 1, 3, 4, 3, 1, 0
6287, 213432, 2, 1, 3, 4, 3, 2, 0
6288, 213433, 2, 1, 3, 4, 3, 3, 0
6289, 213434, 2, 1, 3, 4, 3, 4, 0
6290, 213435, 2, 1, 3, 4, 3, 5, 0
6291, 213441, 2, 1, 3, 4, 4, 1, 0
6292, 213442, 2, 1, 3, 4, 4, 2, 0
6293, 213443, 2, 1, 3, 4, 4, 3, 0
6294, 213444, 2, 1, 3, 4, 4, 4, 0
6295, 213445, 2, 1, 3, 4, 4, 5, 0
6296, 213451, 2, 1, 3, 4, 5, 1, 0
6297, 213452, 2, 1, 3, 4, 5, 2, 0
6298, 213453, 2, 1, 3, 4, 5, 3, 0
6299, 213454, 2, 1, 3, 4, 5, 4, 0
6300, 213455, 2, 1, 3, 4, 5, 5, 0
6301, 214111, 2, 1, 4, 1, 1, 1, 0
6302, 214112, 2, 1, 4, 1, 1, 2, 0
6303, 214113, 2, 1, 4, 1, 1, 3, 0
6304, 214114, 2, 1, 4, 1, 1, 4, 0
6305, 214115, 2, 1, 4, 1, 1, 5, 0
6306, 214121, 2, 1, 4, 1, 2, 1, 0
6307, 214122, 2, 1, 4, 1, 2, 2, 0
6308, 214123, 2, 1, 4, 1, 2, 3, 0
6309, 214124, 2, 1, 4, 1, 2, 4, 0
6310, 214125, 2, 1, 4, 1, 2, 5, 0
6311, 214131, 2, 1, 4, 1, 3, 1, 0
6312, 214132, 2, 1, 4, 1, 3, 2, 0
6313, 214133, 2, 1, 4, 1, 3, 3, 0
6314, 214134, 2, 1, 4, 1, 3, 4, 0
6315, 214135, 2, 1, 4, 1, 3, 5, 0
6316, 214141, 2, 1, 4, 1, 4, 1, 0
6317, 214142, 2, 1, 4, 1, 4, 2, 0
6318, 214143, 2, 1, 4, 1, 4, 3, 0
6319, 214144, 2, 1, 4, 1, 4, 4, 0
6320, 214145, 2, 1, 4, 1, 4, 5, 0
6321, 214151, 2, 1, 4, 1, 5, 1, 0
6322, 214152, 2, 1, 4, 1, 5, 2, 0
6323, 214153, 2, 1, 4, 1, 5, 3, 0
6324, 214154, 2, 1, 4, 1, 5, 4, 0
6325, 214155, 2, 1, 4, 1, 5, 5, 0
6326, 214211, 2, 1, 4, 2, 1, 1, 0
6327, 214212, 2, 1, 4, 2, 1, 2, 0
6328, 214213, 2, 1, 4, 2, 1, 3, 0
6329, 214214, 2, 1, 4, 2, 1, 4, 0
6330, 214215, 2, 1, 4, 2, 1, 5, 0
6331, 214221, 2, 1, 4, 2, 2, 1, 0
6332, 214222, 2, 1, 4, 2, 2, 2, 0
6333, 214223, 2, 1, 4, 2, 2, 3, 0
6334, 214224, 2, 1, 4, 2, 2, 4, 0
6335, 214225, 2, 1, 4, 2, 2, 5, 0
6336, 214231, 2, 1, 4, 2, 3, 1, 0
6337, 214232, 2, 1, 4, 2, 3, 2, 0
6338, 214233, 2, 1, 4, 2, 3, 3, 0
6339, 214234, 2, 1, 4, 2, 3, 4, 0
6340, 214235, 2, 1, 4, 2, 3, 5, 0
6341, 214241, 2, 1, 4, 2, 4, 1, 0
6342, 214242, 2, 1, 4, 2, 4, 2, 0
6343, 214243, 2, 1, 4, 2, 4, 3, 0
6344, 214244, 2, 1, 4, 2, 4, 4, 0
6345, 214245, 2, 1, 4, 2, 4, 5, 0
6346, 214251, 2, 1, 4, 2, 5, 1, 0
6347, 214252, 2, 1, 4, 2, 5, 2, 0
6348, 214253, 2, 1, 4, 2, 5, 3, 0
6349, 214254, 2, 1, 4, 2, 5, 4, 0
6350, 214255, 2, 1, 4, 2, 5, 5, 0
6351, 214311, 2, 1, 4, 3, 1, 1, 0
6352, 214312, 2, 1, 4, 3, 1, 2, 0
6353, 214313, 2, 1, 4, 3, 1, 3, 0
6354, 214314, 2, 1, 4, 3, 1, 4, 0
6355, 214315, 2, 1, 4, 3, 1, 5, 0
6356, 214321, 2, 1, 4, 3, 2, 1, 0
6357, 214322, 2, 1, 4, 3, 2, 2, 0
6358, 214323, 2, 1, 4, 3, 2, 3, 0
6359, 214324, 2, 1, 4, 3, 2, 4, 0
6360, 214325, 2, 1, 4, 3, 2, 5, 0
6361, 214331, 2, 1, 4, 3, 3, 1, 0
6362, 214332, 2, 1, 4, 3, 3, 2, 0
6363, 214333, 2, 1, 4, 3, 3, 3, 0
6364, 214334, 2, 1, 4, 3, 3, 4, 0
6365, 214335, 2, 1, 4, 3, 3, 5, 0
6366, 214341, 2, 1, 4, 3, 4, 1, 0
6367, 214342, 2, 1, 4, 3, 4, 2, 0
6368, 214343, 2, 1, 4, 3, 4, 3, 0
6369, 214344, 2, 1, 4, 3, 4, 4, 0
6370, 214345, 2, 1, 4, 3, 4, 5, 0
6371, 214351, 2, 1, 4, 3, 5, 1, 0
6372, 214352, 2, 1, 4, 3, 5, 2, 0
6373, 214353, 2, 1, 4, 3, 5, 3, 0
6374, 214354, 2, 1, 4, 3, 5, 4, 0
6375, 214355, 2, 1, 4, 3, 5, 5, 0
6376, 214411, 2, 1, 4, 4, 1, 1, 0
6377, 214412, 2, 1, 4, 4, 1, 2, 0
6378, 214413, 2, 1, 4, 4, 1, 3, 0
6379, 214414, 2, 1, 4, 4, 1, 4, 0
6380, 214415, 2, 1, 4, 4, 1, 5, 0
6381, 214421, 2, 1, 4, 4, 2, 1, 0
6382, 214422, 2, 1, 4, 4, 2, 2, 0
6383, 214423, 2, 1, 4, 4, 2, 3, 0
6384, 214424, 2, 1, 4, 4, 2, 4, 0
6385, 214425, 2, 1, 4, 4, 2, 5, 0
6386, 214431, 2, 1, 4, 4, 3, 1, 0
6387, 214432, 2, 1, 4, 4, 3, 2, 0
6388, 214433, 2, 1, 4, 4, 3, 3, 0
6389, 214434, 2, 1, 4, 4, 3, 4, 0
6390, 214435, 2, 1, 4, 4, 3, 5, 0
6391, 214441, 2, 1, 4, 4, 4, 1, 0
6392, 214442, 2, 1, 4, 4, 4, 2, 0
6393, 214443, 2, 1, 4, 4, 4, 3, 0
6394, 214444, 2, 1, 4, 4, 4, 4, 0
6395, 214445, 2, 1, 4, 4, 4, 5, 0
6396, 214451, 2, 1, 4, 4, 5, 1, 0
6397, 214452, 2, 1, 4, 4, 5, 2, 0
6398, 214453, 2, 1, 4, 4, 5, 3, 0
6399, 214454, 2, 1, 4, 4, 5, 4, 0
6400, 214455, 2, 1, 4, 4, 5, 5, 0
6401, 215111, 2, 1, 5, 1, 1, 1, 0
6402, 215112, 2, 1, 5, 1, 1, 2, 0
6403, 215113, 2, 1, 5, 1, 1, 3, 0
6404, 215114, 2, 1, 5, 1, 1, 4, 0
6405, 215115, 2, 1, 5, 1, 1, 5, 0
6406, 215121, 2, 1, 5, 1, 2, 1, 0
6407, 215122, 2, 1, 5, 1, 2, 2, 0
6408, 215123, 2, 1, 5, 1, 2, 3, 0
6409, 215124, 2, 1, 5, 1, 2, 4, 0
6410, 215125, 2, 1, 5, 1, 2, 5, 0
6411, 215131, 2, 1, 5, 1, 3, 1, 0
6412, 215132, 2, 1, 5, 1, 3, 2, 0
6413, 215133, 2, 1, 5, 1, 3, 3, 0
6414, 215134, 2, 1, 5, 1, 3, 4, 0
6415, 215135, 2, 1, 5, 1, 3, 5, 0
6416, 215141, 2, 1, 5, 1, 4, 1, 0
6417, 215142, 2, 1, 5, 1, 4, 2, 0
6418, 215143, 2, 1, 5, 1, 4, 3, 0
6419, 215144, 2, 1, 5, 1, 4, 4, 0
6420, 215145, 2, 1, 5, 1, 4, 5, 0
6421, 215151, 2, 1, 5, 1, 5, 1, 0
6422, 215152, 2, 1, 5, 1, 5, 2, 0
6423, 215153, 2, 1, 5, 1, 5, 3, 0
6424, 215154, 2, 1, 5, 1, 5, 4, 0
6425, 215155, 2, 1, 5, 1, 5, 5, 0
6426, 215211, 2, 1, 5, 2, 1, 1, 0
6427, 215212, 2, 1, 5, 2, 1, 2, 0
6428, 215213, 2, 1, 5, 2, 1, 3, 0
6429, 215214, 2, 1, 5, 2, 1, 4, 0
6430, 215215, 2, 1, 5, 2, 1, 5, 0
6431, 215221, 2, 1, 5, 2, 2, 1, 0
6432, 215222, 2, 1, 5, 2, 2, 2, 0
6433, 215223, 2, 1, 5, 2, 2, 3, 0
6434, 215224, 2, 1, 5, 2, 2, 4, 0
6435, 215225, 2, 1, 5, 2, 2, 5, 0
6436, 215231, 2, 1, 5, 2, 3, 1, 0
6437, 215232, 2, 1, 5, 2, 3, 2, 0
6438, 215233, 2, 1, 5, 2, 3, 3, 0
6439, 215234, 2, 1, 5, 2, 3, 4, 0
6440, 215235, 2, 1, 5, 2, 3, 5, 0
6441, 215241, 2, 1, 5, 2, 4, 1, 0
6442, 215242, 2, 1, 5, 2, 4, 2, 0
6443, 215243, 2, 1, 5, 2, 4, 3, 0
6444, 215244, 2, 1, 5, 2, 4, 4, 0
6445, 215245, 2, 1, 5, 2, 4, 5, 0
6446, 215251, 2, 1, 5, 2, 5, 1, 0
6447, 215252, 2, 1, 5, 2, 5, 2, 0
6448, 215253, 2, 1, 5, 2, 5, 3, 0
6449, 215254, 2, 1, 5, 2, 5, 4, 0
6450, 215255, 2, 1, 5, 2, 5, 5, 0
6451, 215311, 2, 1, 5, 3, 1, 1, 0
6452, 215312, 2, 1, 5, 3, 1, 2, 0
6453, 215313, 2, 1, 5, 3, 1, 3, 0
6454, 215314, 2, 1, 5, 3, 1, 4, 0
6455, 215315, 2, 1, 5, 3, 1, 5, 0
6456, 215321, 2, 1, 5, 3, 2, 1, 0
6457, 215322, 2, 1, 5, 3, 2, 2, 0
6458, 215323, 2, 1, 5, 3, 2, 3, 0
6459, 215324, 2, 1, 5, 3, 2, 4, 0
6460, 215325, 2, 1, 5, 3, 2, 5, 0
6461, 215331, 2, 1, 5, 3, 3, 1, 0
6462, 215332, 2, 1, 5, 3, 3, 2, 0
6463, 215333, 2, 1, 5, 3, 3, 3, 0
6464, 215334, 2, 1, 5, 3, 3, 4, 0
6465, 215335, 2, 1, 5, 3, 3, 5, 0
6466, 215341, 2, 1, 5, 3, 4, 1, 0
6467, 215342, 2, 1, 5, 3, 4, 2, 0
6468, 215343, 2, 1, 5, 3, 4, 3, 0
6469, 215344, 2, 1, 5, 3, 4, 4, 0
6470, 215345, 2, 1, 5, 3, 4, 5, 0
6471, 215351, 2, 1, 5, 3, 5, 1, 0
6472, 215352, 2, 1, 5, 3, 5, 2, 0
6473, 215353, 2, 1, 5, 3, 5, 3, 0
6474, 215354, 2, 1, 5, 3, 5, 4, 0
6475, 215355, 2, 1, 5, 3, 5, 5, 0
6476, 215411, 2, 1, 5, 4, 1, 1, 0
6477, 215412, 2, 1, 5, 4, 1, 2, 0
6478, 215413, 2, 1, 5, 4, 1, 3, 0
6479, 215414, 2, 1, 5, 4, 1, 4, 0
6480, 215415, 2, 1, 5, 4, 1, 5, 0
6481, 215421, 2, 1, 5, 4, 2, 1, 0
6482, 215422, 2, 1, 5, 4, 2, 2, 0
6483, 215423, 2, 1, 5, 4, 2, 3, 0
6484, 215424, 2, 1, 5, 4, 2, 4, 0
6485, 215425, 2, 1, 5, 4, 2, 5, 0
6486, 215431, 2, 1, 5, 4, 3, 1, 0
6487, 215432, 2, 1, 5, 4, 3, 2, 0
6488, 215433, 2, 1, 5, 4, 3, 3, 0
6489, 215434, 2, 1, 5, 4, 3, 4, 0
6490, 215435, 2, 1, 5, 4, 3, 5, 0
6491, 215441, 2, 1, 5, 4, 4, 1, 0
6492, 215442, 2, 1, 5, 4, 4, 2, 0
6493, 215443, 2, 1, 5, 4, 4, 3, 0
6494, 215444, 2, 1, 5, 4, 4, 4, 0
6495, 215445, 2, 1, 5, 4, 4, 5, 0
6496, 215451, 2, 1, 5, 4, 5, 1, 0
6497, 215452, 2, 1, 5, 4, 5, 2, 0
6498, 215453, 2, 1, 5, 4, 5, 3, 0
6499, 215454, 2, 1, 5, 4, 5, 4, 0
6500, 215455, 2, 1, 5, 4, 5, 5, 0
6501, 216111, 2, 1, 6, 1, 1, 1, 0
6502, 216112, 2, 1, 6, 1, 1, 2, 0
6503, 216113, 2, 1, 6, 1, 1, 3, 0
6504, 216114, 2, 1, 6, 1, 1, 4, 0
6505, 216115, 2, 1, 6, 1, 1, 5, 0
6506, 216121, 2, 1, 6, 1, 2, 1, 0
6507, 216122, 2, 1, 6, 1, 2, 2, 0
6508, 216123, 2, 1, 6, 1, 2, 3, 0
6509, 216124, 2, 1, 6, 1, 2, 4, 0
6510, 216125, 2, 1, 6, 1, 2, 5, 0
6511, 216131, 2, 1, 6, 1, 3, 1, 0
6512, 216132, 2, 1, 6, 1, 3, 2, 0
6513, 216133, 2, 1, 6, 1, 3, 3, 0
6514, 216134, 2, 1, 6, 1, 3, 4, 0
6515, 216135, 2, 1, 6, 1, 3, 5, 0
6516, 216141, 2, 1, 6, 1, 4, 1, 0
6517, 216142, 2, 1, 6, 1, 4, 2, 0
6518, 216143, 2, 1, 6, 1, 4, 3, 0
6519, 216144, 2, 1, 6, 1, 4, 4, 0
6520, 216145, 2, 1, 6, 1, 4, 5, 0
6521, 216151, 2, 1, 6, 1, 5, 1, 0
6522, 216152, 2, 1, 6, 1, 5, 2, 0
6523, 216153, 2, 1, 6, 1, 5, 3, 0
6524, 216154, 2, 1, 6, 1, 5, 4, 0
6525, 216155, 2, 1, 6, 1, 5, 5, 0
6526, 216211, 2, 1, 6, 2, 1, 1, 0
6527, 216212, 2, 1, 6, 2, 1, 2, 0
6528, 216213, 2, 1, 6, 2, 1, 3, 0
6529, 216214, 2, 1, 6, 2, 1, 4, 0
6530, 216215, 2, 1, 6, 2, 1, 5, 0
6531, 216221, 2, 1, 6, 2, 2, 1, 0
6532, 216222, 2, 1, 6, 2, 2, 2, 0
6533, 216223, 2, 1, 6, 2, 2, 3, 0
6534, 216224, 2, 1, 6, 2, 2, 4, 0
6535, 216225, 2, 1, 6, 2, 2, 5, 0
6536, 216231, 2, 1, 6, 2, 3, 1, 0
6537, 216232, 2, 1, 6, 2, 3, 2, 0
6538, 216233, 2, 1, 6, 2, 3, 3, 0
6539, 216234, 2, 1, 6, 2, 3, 4, 0
6540, 216235, 2, 1, 6, 2, 3, 5, 0
6541, 216241, 2, 1, 6, 2, 4, 1, 0
6542, 216242, 2, 1, 6, 2, 4, 2, 0
6543, 216243, 2, 1, 6, 2, 4, 3, 0
6544, 216244, 2, 1, 6, 2, 4, 4, 0
6545, 216245, 2, 1, 6, 2, 4, 5, 0
6546, 216251, 2, 1, 6, 2, 5, 1, 0
6547, 216252, 2, 1, 6, 2, 5, 2, 0
6548, 216253, 2, 1, 6, 2, 5, 3, 0
6549, 216254, 2, 1, 6, 2, 5, 4, 0
6550, 216255, 2, 1, 6, 2, 5, 5, 0
6551, 216311, 2, 1, 6, 3, 1, 1, 0
6552, 216312, 2, 1, 6, 3, 1, 2, 0
6553, 216313, 2, 1, 6, 3, 1, 3, 0
6554, 216314, 2, 1, 6, 3, 1, 4, 0
6555, 216315, 2, 1, 6, 3, 1, 5, 0
6556, 216321, 2, 1, 6, 3, 2, 1, 0
6557, 216322, 2, 1, 6, 3, 2, 2, 0
6558, 216323, 2, 1, 6, 3, 2, 3, 0
6559, 216324, 2, 1, 6, 3, 2, 4, 0
6560, 216325, 2, 1, 6, 3, 2, 5, 0
6561, 216331, 2, 1, 6, 3, 3, 1, 0
6562, 216332, 2, 1, 6, 3, 3, 2, 0
6563, 216333, 2, 1, 6, 3, 3, 3, 0
6564, 216334, 2, 1, 6, 3, 3, 4, 0
6565, 216335, 2, 1, 6, 3, 3, 5, 0
6566, 216341, 2, 1, 6, 3, 4, 1, 0
6567, 216342, 2, 1, 6, 3, 4, 2, 0
6568, 216343, 2, 1, 6, 3, 4, 3, 0
6569, 216344, 2, 1, 6, 3, 4, 4, 0
6570, 216345, 2, 1, 6, 3, 4, 5, 0
6571, 216351, 2, 1, 6, 3, 5, 1, 0
6572, 216352, 2, 1, 6, 3, 5, 2, 0
6573, 216353, 2, 1, 6, 3, 5, 3, 0
6574, 216354, 2, 1, 6, 3, 5, 4, 0
6575, 216355, 2, 1, 6, 3, 5, 5, 0
6576, 216411, 2, 1, 6, 4, 1, 1, 0
6577, 216412, 2, 1, 6, 4, 1, 2, 0
6578, 216413, 2, 1, 6, 4, 1, 3, 0
6579, 216414, 2, 1, 6, 4, 1, 4, 0
6580, 216415, 2, 1, 6, 4, 1, 5, 0
6581, 216421, 2, 1, 6, 4, 2, 1, 0
6582, 216422, 2, 1, 6, 4, 2, 2, 0
6583, 216423, 2, 1, 6, 4, 2, 3, 0
6584, 216424, 2, 1, 6, 4, 2, 4, 0
6585, 216425, 2, 1, 6, 4, 2, 5, 0
6586, 216431, 2, 1, 6, 4, 3, 1, 0
6587, 216432, 2, 1, 6, 4, 3, 2, 0
6588, 216433, 2, 1, 6, 4, 3, 3, 0
6589, 216434, 2, 1, 6, 4, 3, 4, 0
6590, 216435, 2, 1, 6, 4, 3, 5, 0
6591, 216441, 2, 1, 6, 4, 4, 1, 0
6592, 216442, 2, 1, 6, 4, 4, 2, 0
6593, 216443, 2, 1, 6, 4, 4, 3, 0
6594, 216444, 2, 1, 6, 4, 4, 4, 0
6595, 216445, 2, 1, 6, 4, 4, 5, 0
6596, 216451, 2, 1, 6, 4, 5, 1, 0
6597, 216452, 2, 1, 6, 4, 5, 2, 0
6598, 216453, 2, 1, 6, 4, 5, 3, 0
6599, 216454, 2, 1, 6, 4, 5, 4, 0
6600, 216455, 2, 1, 6, 4, 5, 5, 0
6601, 217111, 2, 1, 7, 1, 1, 1, 0
6602, 217112, 2, 1, 7, 1, 1, 2, 0
6603, 217113, 2, 1, 7, 1, 1, 3, 0
6604, 217114, 2, 1, 7, 1, 1, 4, 0
6605, 217115, 2, 1, 7, 1, 1, 5, 0
6606, 217121, 2, 1, 7, 1, 2, 1, 0
6607, 217122, 2, 1, 7, 1, 2, 2, 0
6608, 217123, 2, 1, 7, 1, 2, 3, 0
6609, 217124, 2, 1, 7, 1, 2, 4, 0
6610, 217125, 2, 1, 7, 1, 2, 5, 0
6611, 217131, 2, 1, 7, 1, 3, 1, 0
6612, 217132, 2, 1, 7, 1, 3, 2, 0
6613, 217133, 2, 1, 7, 1, 3, 3, 0
6614, 217134, 2, 1, 7, 1, 3, 4, 0
6615, 217135, 2, 1, 7, 1, 3, 5, 0
6616, 217141, 2, 1, 7, 1, 4, 1, 0
6617, 217142, 2, 1, 7, 1, 4, 2, 0
6618, 217143, 2, 1, 7, 1, 4, 3, 0
6619, 217144, 2, 1, 7, 1, 4, 4, 0
6620, 217145, 2, 1, 7, 1, 4, 5, 0
6621, 217151, 2, 1, 7, 1, 5, 1, 0
6622, 217152, 2, 1, 7, 1, 5, 2, 0
6623, 217153, 2, 1, 7, 1, 5, 3, 0
6624, 217154, 2, 1, 7, 1, 5, 4, 0
6625, 217155, 2, 1, 7, 1, 5, 5, 0
6626, 217211, 2, 1, 7, 2, 1, 1, 0
6627, 217212, 2, 1, 7, 2, 1, 2, 0
6628, 217213, 2, 1, 7, 2, 1, 3, 0
6629, 217214, 2, 1, 7, 2, 1, 4, 0
6630, 217215, 2, 1, 7, 2, 1, 5, 0
6631, 217221, 2, 1, 7, 2, 2, 1, 0
6632, 217222, 2, 1, 7, 2, 2, 2, 0
6633, 217223, 2, 1, 7, 2, 2, 3, 0
6634, 217224, 2, 1, 7, 2, 2, 4, 0
6635, 217225, 2, 1, 7, 2, 2, 5, 0
6636, 217231, 2, 1, 7, 2, 3, 1, 0
6637, 217232, 2, 1, 7, 2, 3, 2, 0
6638, 217233, 2, 1, 7, 2, 3, 3, 0
6639, 217234, 2, 1, 7, 2, 3, 4, 0
6640, 217235, 2, 1, 7, 2, 3, 5, 0
6641, 217241, 2, 1, 7, 2, 4, 1, 0
6642, 217242, 2, 1, 7, 2, 4, 2, 0
6643, 217243, 2, 1, 7, 2, 4, 3, 0
6644, 217244, 2, 1, 7, 2, 4, 4, 0
6645, 217245, 2, 1, 7, 2, 4, 5, 0
6646, 217251, 2, 1, 7, 2, 5, 1, 0
6647, 217252, 2, 1, 7, 2, 5, 2, 0
6648, 217253, 2, 1, 7, 2, 5, 3, 0
6649, 217254, 2, 1, 7, 2, 5, 4, 0
6650, 217255, 2, 1, 7, 2, 5, 5, 0
6651, 217311, 2, 1, 7, 3, 1, 1, 0
6652, 217312, 2, 1, 7, 3, 1, 2, 0
6653, 217313, 2, 1, 7, 3, 1, 3, 0
6654, 217314, 2, 1, 7, 3, 1, 4, 0
6655, 217315, 2, 1, 7, 3, 1, 5, 0
6656, 217321, 2, 1, 7, 3, 2, 1, 0
6657, 217322, 2, 1, 7, 3, 2, 2, 0
6658, 217323, 2, 1, 7, 3, 2, 3, 0
6659, 217324, 2, 1, 7, 3, 2, 4, 0
6660, 217325, 2, 1, 7, 3, 2, 5, 0
6661, 217331, 2, 1, 7, 3, 3, 1, 0
6662, 217332, 2, 1, 7, 3, 3, 2, 0
6663, 217333, 2, 1, 7, 3, 3, 3, 0
6664, 217334, 2, 1, 7, 3, 3, 4, 0
6665, 217335, 2, 1, 7, 3, 3, 5, 0
6666, 217341, 2, 1, 7, 3, 4, 1, 0
6667, 217342, 2, 1, 7, 3, 4, 2, 0
6668, 217343, 2, 1, 7, 3, 4, 3, 0
6669, 217344, 2, 1, 7, 3, 4, 4, 0
6670, 217345, 2, 1, 7, 3, 4, 5, 0
6671, 217351, 2, 1, 7, 3, 5, 1, 0
6672, 217352, 2, 1, 7, 3, 5, 2, 0
6673, 217353, 2, 1, 7, 3, 5, 3, 0
6674, 217354, 2, 1, 7, 3, 5, 4, 0
6675, 217355, 2, 1, 7, 3, 5, 5, 0
6676, 217411, 2, 1, 7, 4, 1, 1, 0
6677, 217412, 2, 1, 7, 4, 1, 2, 0
6678, 217413, 2, 1, 7, 4, 1, 3, 0
6679, 217414, 2, 1, 7, 4, 1, 4, 0
6680, 217415, 2, 1, 7, 4, 1, 5, 0
6681, 217421, 2, 1, 7, 4, 2, 1, 0
6682, 217422, 2, 1, 7, 4, 2, 2, 0
6683, 217423, 2, 1, 7, 4, 2, 3, 0
6684, 217424, 2, 1, 7, 4, 2, 4, 0
6685, 217425, 2, 1, 7, 4, 2, 5, 0
6686, 217431, 2, 1, 7, 4, 3, 1, 0
6687, 217432, 2, 1, 7, 4, 3, 2, 0
6688, 217433, 2, 1, 7, 4, 3, 3, 0
6689, 217434, 2, 1, 7, 4, 3, 4, 0
6690, 217435, 2, 1, 7, 4, 3, 5, 0
6691, 217441, 2, 1, 7, 4, 4, 1, 0
6692, 217442, 2, 1, 7, 4, 4, 2, 0
6693, 217443, 2, 1, 7, 4, 4, 3, 0
6694, 217444, 2, 1, 7, 4, 4, 4, 0
6695, 217445, 2, 1, 7, 4, 4, 5, 0
6696, 217451, 2, 1, 7, 4, 5, 1, 0
6697, 217452, 2, 1, 7, 4, 5, 2, 0
6698, 217453, 2, 1, 7, 4, 5, 3, 0
6699, 217454, 2, 1, 7, 4, 5, 4, 0
6700, 217455, 2, 1, 7, 4, 5, 5, 0
6701, 221111, 2, 2, 1, 1, 1, 1, 0
6702, 221112, 2, 2, 1, 1, 1, 2, 0
6703, 221113, 2, 2, 1, 1, 1, 3, 0
6704, 221114, 2, 2, 1, 1, 1, 4, 0
6705, 221115, 2, 2, 1, 1, 1, 5, 0
6706, 221121, 2, 2, 1, 1, 2, 1, 0
6707, 221122, 2, 2, 1, 1, 2, 2, 0
6708, 221123, 2, 2, 1, 1, 2, 3, 0
6709, 221124, 2, 2, 1, 1, 2, 4, 0
6710, 221125, 2, 2, 1, 1, 2, 5, 0
6711, 221131, 2, 2, 1, 1, 3, 1, 0
6712, 221132, 2, 2, 1, 1, 3, 2, 0
6713, 221133, 2, 2, 1, 1, 3, 3, 0
6714, 221134, 2, 2, 1, 1, 3, 4, 0
6715, 221135, 2, 2, 1, 1, 3, 5, 0
6716, 221141, 2, 2, 1, 1, 4, 1, 0
6717, 221142, 2, 2, 1, 1, 4, 2, 0
6718, 221143, 2, 2, 1, 1, 4, 3, 0
6719, 221144, 2, 2, 1, 1, 4, 4, 0
6720, 221145, 2, 2, 1, 1, 4, 5, 0
6721, 221151, 2, 2, 1, 1, 5, 1, 0
6722, 221152, 2, 2, 1, 1, 5, 2, 0
6723, 221153, 2, 2, 1, 1, 5, 3, 0
6724, 221154, 2, 2, 1, 1, 5, 4, 0
6725, 221155, 2, 2, 1, 1, 5, 5, 0
6726, 221211, 2, 2, 1, 2, 1, 1, 0
6727, 221212, 2, 2, 1, 2, 1, 2, 0
6728, 221213, 2, 2, 1, 2, 1, 3, 0
6729, 221214, 2, 2, 1, 2, 1, 4, 0
6730, 221215, 2, 2, 1, 2, 1, 5, 0
6731, 221221, 2, 2, 1, 2, 2, 1, 0
6732, 221222, 2, 2, 1, 2, 2, 2, 0
6733, 221223, 2, 2, 1, 2, 2, 3, 0
6734, 221224, 2, 2, 1, 2, 2, 4, 0
6735, 221225, 2, 2, 1, 2, 2, 5, 0
6736, 221231, 2, 2, 1, 2, 3, 1, 0
6737, 221232, 2, 2, 1, 2, 3, 2, 0
6738, 221233, 2, 2, 1, 2, 3, 3, 0
6739, 221234, 2, 2, 1, 2, 3, 4, 0
6740, 221235, 2, 2, 1, 2, 3, 5, 0
6741, 221241, 2, 2, 1, 2, 4, 1, 0
6742, 221242, 2, 2, 1, 2, 4, 2, 0
6743, 221243, 2, 2, 1, 2, 4, 3, 0
6744, 221244, 2, 2, 1, 2, 4, 4, 0
6745, 221245, 2, 2, 1, 2, 4, 5, 0
6746, 221251, 2, 2, 1, 2, 5, 1, 0
6747, 221252, 2, 2, 1, 2, 5, 2, 0
6748, 221253, 2, 2, 1, 2, 5, 3, 0
6749, 221254, 2, 2, 1, 2, 5, 4, 0
6750, 221255, 2, 2, 1, 2, 5, 5, 0
6751, 221311, 2, 2, 1, 3, 1, 1, 0
6752, 221312, 2, 2, 1, 3, 1, 2, 0
6753, 221313, 2, 2, 1, 3, 1, 3, 0
6754, 221314, 2, 2, 1, 3, 1, 4, 0
6755, 221315, 2, 2, 1, 3, 1, 5, 0
6756, 221321, 2, 2, 1, 3, 2, 1, 0
6757, 221322, 2, 2, 1, 3, 2, 2, 0
6758, 221323, 2, 2, 1, 3, 2, 3, 0
6759, 221324, 2, 2, 1, 3, 2, 4, 0
6760, 221325, 2, 2, 1, 3, 2, 5, 0
6761, 221331, 2, 2, 1, 3, 3, 1, 0
6762, 221332, 2, 2, 1, 3, 3, 2, 0
6763, 221333, 2, 2, 1, 3, 3, 3, 0
6764, 221334, 2, 2, 1, 3, 3, 4, 0
6765, 221335, 2, 2, 1, 3, 3, 5, 0
6766, 221341, 2, 2, 1, 3, 4, 1, 0
6767, 221342, 2, 2, 1, 3, 4, 2, 0
6768, 221343, 2, 2, 1, 3, 4, 3, 0
6769, 221344, 2, 2, 1, 3, 4, 4, 0
6770, 221345, 2, 2, 1, 3, 4, 5, 0
6771, 221351, 2, 2, 1, 3, 5, 1, 0
6772, 221352, 2, 2, 1, 3, 5, 2, 0
6773, 221353, 2, 2, 1, 3, 5, 3, 0
6774, 221354, 2, 2, 1, 3, 5, 4, 0
6775, 221355, 2, 2, 1, 3, 5, 5, 0
6776, 221411, 2, 2, 1, 4, 1, 1, 0
6777, 221412, 2, 2, 1, 4, 1, 2, 0
6778, 221413, 2, 2, 1, 4, 1, 3, 0
6779, 221414, 2, 2, 1, 4, 1, 4, 0
6780, 221415, 2, 2, 1, 4, 1, 5, 0
6781, 221421, 2, 2, 1, 4, 2, 1, 0
6782, 221422, 2, 2, 1, 4, 2, 2, 0
6783, 221423, 2, 2, 1, 4, 2, 3, 0
6784, 221424, 2, 2, 1, 4, 2, 4, 0
6785, 221425, 2, 2, 1, 4, 2, 5, 0
6786, 221431, 2, 2, 1, 4, 3, 1, 0
6787, 221432, 2, 2, 1, 4, 3, 2, 0
6788, 221433, 2, 2, 1, 4, 3, 3, 0
6789, 221434, 2, 2, 1, 4, 3, 4, 0
6790, 221435, 2, 2, 1, 4, 3, 5, 0
6791, 221441, 2, 2, 1, 4, 4, 1, 0
6792, 221442, 2, 2, 1, 4, 4, 2, 0
6793, 221443, 2, 2, 1, 4, 4, 3, 0
6794, 221444, 2, 2, 1, 4, 4, 4, 0
6795, 221445, 2, 2, 1, 4, 4, 5, 0
6796, 221451, 2, 2, 1, 4, 5, 1, 0
6797, 221452, 2, 2, 1, 4, 5, 2, 0
6798, 221453, 2, 2, 1, 4, 5, 3, 0
6799, 221454, 2, 2, 1, 4, 5, 4, 0
6800, 221455, 2, 2, 1, 4, 5, 5, 0
6801, 222111, 2, 2, 2, 1, 1, 1, 0
6802, 222112, 2, 2, 2, 1, 1, 2, 0
6803, 222113, 2, 2, 2, 1, 1, 3, 0
6804, 222114, 2, 2, 2, 1, 1, 4, 0
6805, 222115, 2, 2, 2, 1, 1, 5, 0
6806, 222121, 2, 2, 2, 1, 2, 1, 0
6807, 222122, 2, 2, 2, 1, 2, 2, 0
6808, 222123, 2, 2, 2, 1, 2, 3, 0
6809, 222124, 2, 2, 2, 1, 2, 4, 0
6810, 222125, 2, 2, 2, 1, 2, 5, 0
6811, 222131, 2, 2, 2, 1, 3, 1, 0
6812, 222132, 2, 2, 2, 1, 3, 2, 0
6813, 222133, 2, 2, 2, 1, 3, 3, 0
6814, 222134, 2, 2, 2, 1, 3, 4, 0
6815, 222135, 2, 2, 2, 1, 3, 5, 0
6816, 222141, 2, 2, 2, 1, 4, 1, 0
6817, 222142, 2, 2, 2, 1, 4, 2, 0
6818, 222143, 2, 2, 2, 1, 4, 3, 0
6819, 222144, 2, 2, 2, 1, 4, 4, 0
6820, 222145, 2, 2, 2, 1, 4, 5, 0
6821, 222151, 2, 2, 2, 1, 5, 1, 0
6822, 222152, 2, 2, 2, 1, 5, 2, 0
6823, 222153, 2, 2, 2, 1, 5, 3, 0
6824, 222154, 2, 2, 2, 1, 5, 4, 0
6825, 222155, 2, 2, 2, 1, 5, 5, 0
6826, 222211, 2, 2, 2, 2, 1, 1, 0
6827, 222212, 2, 2, 2, 2, 1, 2, 0
6828, 222213, 2, 2, 2, 2, 1, 3, 0
6829, 222214, 2, 2, 2, 2, 1, 4, 0
6830, 222215, 2, 2, 2, 2, 1, 5, 0
6831, 222221, 2, 2, 2, 2, 2, 1, 0
6832, 222222, 2, 2, 2, 2, 2, 2, 0
6833, 222223, 2, 2, 2, 2, 2, 3, 0
6834, 222224, 2, 2, 2, 2, 2, 4, 0
6835, 222225, 2, 2, 2, 2, 2, 5, 0
6836, 222231, 2, 2, 2, 2, 3, 1, 0
6837, 222232, 2, 2, 2, 2, 3, 2, 0
6838, 222233, 2, 2, 2, 2, 3, 3, 0
6839, 222234, 2, 2, 2, 2, 3, 4, 0
6840, 222235, 2, 2, 2, 2, 3, 5, 0
6841, 222241, 2, 2, 2, 2, 4, 1, 0
6842, 222242, 2, 2, 2, 2, 4, 2, 0
6843, 222243, 2, 2, 2, 2, 4, 3, 0
6844, 222244, 2, 2, 2, 2, 4, 4, 0
6845, 222245, 2, 2, 2, 2, 4, 5, 0
6846, 222251, 2, 2, 2, 2, 5, 1, 0
6847, 222252, 2, 2, 2, 2, 5, 2, 0
6848, 222253, 2, 2, 2, 2, 5, 3, 0
6849, 222254, 2, 2, 2, 2, 5, 4, 0
6850, 222255, 2, 2, 2, 2, 5, 5, 0
6851, 222311, 2, 2, 2, 3, 1, 1, 0
6852, 222312, 2, 2, 2, 3, 1, 2, 0
6853, 222313, 2, 2, 2, 3, 1, 3, 0
6854, 222314, 2, 2, 2, 3, 1, 4, 0
6855, 222315, 2, 2, 2, 3, 1, 5, 0
6856, 222321, 2, 2, 2, 3, 2, 1, 0
6857, 222322, 2, 2, 2, 3, 2, 2, 0
6858, 222323, 2, 2, 2, 3, 2, 3, 0
6859, 222324, 2, 2, 2, 3, 2, 4, 0
6860, 222325, 2, 2, 2, 3, 2, 5, 0
6861, 222331, 2, 2, 2, 3, 3, 1, 0
6862, 222332, 2, 2, 2, 3, 3, 2, 0
6863, 222333, 2, 2, 2, 3, 3, 3, 0
6864, 222334, 2, 2, 2, 3, 3, 4, 0
6865, 222335, 2, 2, 2, 3, 3, 5, 0
6866, 222341, 2, 2, 2, 3, 4, 1, 0
6867, 222342, 2, 2, 2, 3, 4, 2, 0
6868, 222343, 2, 2, 2, 3, 4, 3, 0
6869, 222344, 2, 2, 2, 3, 4, 4, 0
6870, 222345, 2, 2, 2, 3, 4, 5, 0
6871, 222351, 2, 2, 2, 3, 5, 1, 0
6872, 222352, 2, 2, 2, 3, 5, 2, 0
6873, 222353, 2, 2, 2, 3, 5, 3, 0
6874, 222354, 2, 2, 2, 3, 5, 4, 0
6875, 222355, 2, 2, 2, 3, 5, 5, 0
6876, 222411, 2, 2, 2, 4, 1, 1, 0
6877, 222412, 2, 2, 2, 4, 1, 2, 0
6878, 222413, 2, 2, 2, 4, 1, 3, 0
6879, 222414, 2, 2, 2, 4, 1, 4, 0
6880, 222415, 2, 2, 2, 4, 1, 5, 0
6881, 222421, 2, 2, 2, 4, 2, 1, 0
6882, 222422, 2, 2, 2, 4, 2, 2, 0
6883, 222423, 2, 2, 2, 4, 2, 3, 0
6884, 222424, 2, 2, 2, 4, 2, 4, 0
6885, 222425, 2, 2, 2, 4, 2, 5, 0
6886, 222431, 2, 2, 2, 4, 3, 1, 0
6887, 222432, 2, 2, 2, 4, 3, 2, 0
6888, 222433, 2, 2, 2, 4, 3, 3, 0
6889, 222434, 2, 2, 2, 4, 3, 4, 0
6890, 222435, 2, 2, 2, 4, 3, 5, 0
6891, 222441, 2, 2, 2, 4, 4, 1, 0
6892, 222442, 2, 2, 2, 4, 4, 2, 0
6893, 222443, 2, 2, 2, 4, 4, 3, 0
6894, 222444, 2, 2, 2, 4, 4, 4, 0
6895, 222445, 2, 2, 2, 4, 4, 5, 0
6896, 222451, 2, 2, 2, 4, 5, 1, 0
6897, 222452, 2, 2, 2, 4, 5, 2, 0
6898, 222453, 2, 2, 2, 4, 5, 3, 0
6899, 222454, 2, 2, 2, 4, 5, 4, 0
6900, 222455, 2, 2, 2, 4, 5, 5, 0
6901, 223111, 2, 2, 3, 1, 1, 1, 0
6902, 223112, 2, 2, 3, 1, 1, 2, 0
6903, 223113, 2, 2, 3, 1, 1, 3, 0
6904, 223114, 2, 2, 3, 1, 1, 4, 0
6905, 223115, 2, 2, 3, 1, 1, 5, 0
6906, 223121, 2, 2, 3, 1, 2, 1, 0
6907, 223122, 2, 2, 3, 1, 2, 2, 0
6908, 223123, 2, 2, 3, 1, 2, 3, 0
6909, 223124, 2, 2, 3, 1, 2, 4, 0
6910, 223125, 2, 2, 3, 1, 2, 5, 0
6911, 223131, 2, 2, 3, 1, 3, 1, 0
6912, 223132, 2, 2, 3, 1, 3, 2, 0
6913, 223133, 2, 2, 3, 1, 3, 3, 0
6914, 223134, 2, 2, 3, 1, 3, 4, 0
6915, 223135, 2, 2, 3, 1, 3, 5, 0
6916, 223141, 2, 2, 3, 1, 4, 1, 0
6917, 223142, 2, 2, 3, 1, 4, 2, 0
6918, 223143, 2, 2, 3, 1, 4, 3, 0
6919, 223144, 2, 2, 3, 1, 4, 4, 0
6920, 223145, 2, 2, 3, 1, 4, 5, 0
6921, 223151, 2, 2, 3, 1, 5, 1, 0
6922, 223152, 2, 2, 3, 1, 5, 2, 0
6923, 223153, 2, 2, 3, 1, 5, 3, 0
6924, 223154, 2, 2, 3, 1, 5, 4, 0
6925, 223155, 2, 2, 3, 1, 5, 5, 0
6926, 223211, 2, 2, 3, 2, 1, 1, 0
6927, 223212, 2, 2, 3, 2, 1, 2, 0
6928, 223213, 2, 2, 3, 2, 1, 3, 0
6929, 223214, 2, 2, 3, 2, 1, 4, 0
6930, 223215, 2, 2, 3, 2, 1, 5, 0
6931, 223221, 2, 2, 3, 2, 2, 1, 0
6932, 223222, 2, 2, 3, 2, 2, 2, 0
6933, 223223, 2, 2, 3, 2, 2, 3, 0
6934, 223224, 2, 2, 3, 2, 2, 4, 0
6935, 223225, 2, 2, 3, 2, 2, 5, 0
6936, 223231, 2, 2, 3, 2, 3, 1, 0
6937, 223232, 2, 2, 3, 2, 3, 2, 0
6938, 223233, 2, 2, 3, 2, 3, 3, 0
6939, 223234, 2, 2, 3, 2, 3, 4, 0
6940, 223235, 2, 2, 3, 2, 3, 5, 0
6941, 223241, 2, 2, 3, 2, 4, 1, 0
6942, 223242, 2, 2, 3, 2, 4, 2, 0
6943, 223243, 2, 2, 3, 2, 4, 3, 0
6944, 223244, 2, 2, 3, 2, 4, 4, 0
6945, 223245, 2, 2, 3, 2, 4, 5, 0
6946, 223251, 2, 2, 3, 2, 5, 1, 0
6947, 223252, 2, 2, 3, 2, 5, 2, 0
6948, 223253, 2, 2, 3, 2, 5, 3, 0
6949, 223254, 2, 2, 3, 2, 5, 4, 0
6950, 223255, 2, 2, 3, 2, 5, 5, 0
6951, 223311, 2, 2, 3, 3, 1, 1, 0
6952, 223312, 2, 2, 3, 3, 1, 2, 0
6953, 223313, 2, 2, 3, 3, 1, 3, 0
6954, 223314, 2, 2, 3, 3, 1, 4, 0
6955, 223315, 2, 2, 3, 3, 1, 5, 0
6956, 223321, 2, 2, 3, 3, 2, 1, 0
6957, 223322, 2, 2, 3, 3, 2, 2, 0
6958, 223323, 2, 2, 3, 3, 2, 3, 0
6959, 223324, 2, 2, 3, 3, 2, 4, 0
6960, 223325, 2, 2, 3, 3, 2, 5, 0
6961, 223331, 2, 2, 3, 3, 3, 1, 0
6962, 223332, 2, 2, 3, 3, 3, 2, 0
6963, 223333, 2, 2, 3, 3, 3, 3, 0
6964, 223334, 2, 2, 3, 3, 3, 4, 0
6965, 223335, 2, 2, 3, 3, 3, 5, 0
6966, 223341, 2, 2, 3, 3, 4, 1, 0
6967, 223342, 2, 2, 3, 3, 4, 2, 0
6968, 223343, 2, 2, 3, 3, 4, 3, 0
6969, 223344, 2, 2, 3, 3, 4, 4, 0
6970, 223345, 2, 2, 3, 3, 4, 5, 0
6971, 223351, 2, 2, 3, 3, 5, 1, 0
6972, 223352, 2, 2, 3, 3, 5, 2, 0
6973, 223353, 2, 2, 3, 3, 5, 3, 0
6974, 223354, 2, 2, 3, 3, 5, 4, 0
6975, 223355, 2, 2, 3, 3, 5, 5, 0
6976, 223411, 2, 2, 3, 4, 1, 1, 0
6977, 223412, 2, 2, 3, 4, 1, 2, 0
6978, 223413, 2, 2, 3, 4, 1, 3, 0
6979, 223414, 2, 2, 3, 4, 1, 4, 0
6980, 223415, 2, 2, 3, 4, 1, 5, 0
6981, 223421, 2, 2, 3, 4, 2, 1, 0
6982, 223422, 2, 2, 3, 4, 2, 2, 0
6983, 223423, 2, 2, 3, 4, 2, 3, 0
6984, 223424, 2, 2, 3, 4, 2, 4, 0
6985, 223425, 2, 2, 3, 4, 2, 5, 0
6986, 223431, 2, 2, 3, 4, 3, 1, 0
6987, 223432, 2, 2, 3, 4, 3, 2, 0
6988, 223433, 2, 2, 3, 4, 3, 3, 0
6989, 223434, 2, 2, 3, 4, 3, 4, 0
6990, 223435, 2, 2, 3, 4, 3, 5, 0
6991, 223441, 2, 2, 3, 4, 4, 1, 0
6992, 223442, 2, 2, 3, 4, 4, 2, 0
6993, 223443, 2, 2, 3, 4, 4, 3, 0
6994, 223444, 2, 2, 3, 4, 4, 4, 0
6995, 223445, 2, 2, 3, 4, 4, 5, 0
6996, 223451, 2, 2, 3, 4, 5, 1, 0
6997, 223452, 2, 2, 3, 4, 5, 2, 0
6998, 223453, 2, 2, 3, 4, 5, 3, 0
6999, 223454, 2, 2, 3, 4, 5, 4, 0
7000, 223455, 2, 2, 3, 4, 5, 5, 0
7001, 224111, 2, 2, 4, 1, 1, 1, 0
7002, 224112, 2, 2, 4, 1, 1, 2, 0
7003, 224113, 2, 2, 4, 1, 1, 3, 0
7004, 224114, 2, 2, 4, 1, 1, 4, 0
7005, 224115, 2, 2, 4, 1, 1, 5, 0
7006, 224121, 2, 2, 4, 1, 2, 1, 0
7007, 224122, 2, 2, 4, 1, 2, 2, 0
7008, 224123, 2, 2, 4, 1, 2, 3, 0
7009, 224124, 2, 2, 4, 1, 2, 4, 0
7010, 224125, 2, 2, 4, 1, 2, 5, 0
7011, 224131, 2, 2, 4, 1, 3, 1, 0
7012, 224132, 2, 2, 4, 1, 3, 2, 0
7013, 224133, 2, 2, 4, 1, 3, 3, 0
7014, 224134, 2, 2, 4, 1, 3, 4, 0
7015, 224135, 2, 2, 4, 1, 3, 5, 0
7016, 224141, 2, 2, 4, 1, 4, 1, 0
7017, 224142, 2, 2, 4, 1, 4, 2, 0
7018, 224143, 2, 2, 4, 1, 4, 3, 0
7019, 224144, 2, 2, 4, 1, 4, 4, 0
7020, 224145, 2, 2, 4, 1, 4, 5, 0
7021, 224151, 2, 2, 4, 1, 5, 1, 0
7022, 224152, 2, 2, 4, 1, 5, 2, 0
7023, 224153, 2, 2, 4, 1, 5, 3, 0
7024, 224154, 2, 2, 4, 1, 5, 4, 0
7025, 224155, 2, 2, 4, 1, 5, 5, 0
7026, 224211, 2, 2, 4, 2, 1, 1, 0
7027, 224212, 2, 2, 4, 2, 1, 2, 0
7028, 224213, 2, 2, 4, 2, 1, 3, 0
7029, 224214, 2, 2, 4, 2, 1, 4, 0
7030, 224215, 2, 2, 4, 2, 1, 5, 0
7031, 224221, 2, 2, 4, 2, 2, 1, 0
7032, 224222, 2, 2, 4, 2, 2, 2, 0
7033, 224223, 2, 2, 4, 2, 2, 3, 0
7034, 224224, 2, 2, 4, 2, 2, 4, 0
7035, 224225, 2, 2, 4, 2, 2, 5, 0
7036, 224231, 2, 2, 4, 2, 3, 1, 0
7037, 224232, 2, 2, 4, 2, 3, 2, 0
7038, 224233, 2, 2, 4, 2, 3, 3, 0
7039, 224234, 2, 2, 4, 2, 3, 4, 0
7040, 224235, 2, 2, 4, 2, 3, 5, 0
7041, 224241, 2, 2, 4, 2, 4, 1, 0
7042, 224242, 2, 2, 4, 2, 4, 2, 0
7043, 224243, 2, 2, 4, 2, 4, 3, 0
7044, 224244, 2, 2, 4, 2, 4, 4, 0
7045, 224245, 2, 2, 4, 2, 4, 5, 0
7046, 224251, 2, 2, 4, 2, 5, 1, 0
7047, 224252, 2, 2, 4, 2, 5, 2, 0
7048, 224253, 2, 2, 4, 2, 5, 3, 0
7049, 224254, 2, 2, 4, 2, 5, 4, 0
7050, 224255, 2, 2, 4, 2, 5, 5, 0
7051, 224311, 2, 2, 4, 3, 1, 1, 0
7052, 224312, 2, 2, 4, 3, 1, 2, 0
7053, 224313, 2, 2, 4, 3, 1, 3, 0
7054, 224314, 2, 2, 4, 3, 1, 4, 0
7055, 224315, 2, 2, 4, 3, 1, 5, 0
7056, 224321, 2, 2, 4, 3, 2, 1, 0
7057, 224322, 2, 2, 4, 3, 2, 2, 0
7058, 224323, 2, 2, 4, 3, 2, 3, 0
7059, 224324, 2, 2, 4, 3, 2, 4, 0
7060, 224325, 2, 2, 4, 3, 2, 5, 0
7061, 224331, 2, 2, 4, 3, 3, 1, 0
7062, 224332, 2, 2, 4, 3, 3, 2, 0
7063, 224333, 2, 2, 4, 3, 3, 3, 0
7064, 224334, 2, 2, 4, 3, 3, 4, 0
7065, 224335, 2, 2, 4, 3, 3, 5, 0
7066, 224341, 2, 2, 4, 3, 4, 1, 0
7067, 224342, 2, 2, 4, 3, 4, 2, 0
7068, 224343, 2, 2, 4, 3, 4, 3, 0
7069, 224344, 2, 2, 4, 3, 4, 4, 0
7070, 224345, 2, 2, 4, 3, 4, 5, 0
7071, 224351, 2, 2, 4, 3, 5, 1, 0
7072, 224352, 2, 2, 4, 3, 5, 2, 0
7073, 224353, 2, 2, 4, 3, 5, 3, 0
7074, 224354, 2, 2, 4, 3, 5, 4, 0
7075, 224355, 2, 2, 4, 3, 5, 5, 0
7076, 224411, 2, 2, 4, 4, 1, 1, 0
7077, 224412, 2, 2, 4, 4, 1, 2, 0
7078, 224413, 2, 2, 4, 4, 1, 3, 0
7079, 224414, 2, 2, 4, 4, 1, 4, 0
7080, 224415, 2, 2, 4, 4, 1, 5, 0
7081, 224421, 2, 2, 4, 4, 2, 1, 0
7082, 224422, 2, 2, 4, 4, 2, 2, 0
7083, 224423, 2, 2, 4, 4, 2, 3, 0
7084, 224424, 2, 2, 4, 4, 2, 4, 0
7085, 224425, 2, 2, 4, 4, 2, 5, 0
7086, 224431, 2, 2, 4, 4, 3, 1, 0
7087, 224432, 2, 2, 4, 4, 3, 2, 0
7088, 224433, 2, 2, 4, 4, 3, 3, 0
7089, 224434, 2, 2, 4, 4, 3, 4, 0
7090, 224435, 2, 2, 4, 4, 3, 5, 0
7091, 224441, 2, 2, 4, 4, 4, 1, 0
7092, 224442, 2, 2, 4, 4, 4, 2, 0
7093, 224443, 2, 2, 4, 4, 4, 3, 0
7094, 224444, 2, 2, 4, 4, 4, 4, 0
7095, 224445, 2, 2, 4, 4, 4, 5, 0
7096, 224451, 2, 2, 4, 4, 5, 1, 0
7097, 224452, 2, 2, 4, 4, 5, 2, 0
7098, 224453, 2, 2, 4, 4, 5, 3, 0
7099, 224454, 2, 2, 4, 4, 5, 4, 0
7100, 224455, 2, 2, 4, 4, 5, 5, 0
7101, 225111, 2, 2, 5, 1, 1, 1, 0
7102, 225112, 2, 2, 5, 1, 1, 2, 0
7103, 225113, 2, 2, 5, 1, 1, 3, 0
7104, 225114, 2, 2, 5, 1, 1, 4, 0
7105, 225115, 2, 2, 5, 1, 1, 5, 0
7106, 225121, 2, 2, 5, 1, 2, 1, 0
7107, 225122, 2, 2, 5, 1, 2, 2, 0
7108, 225123, 2, 2, 5, 1, 2, 3, 0
7109, 225124, 2, 2, 5, 1, 2, 4, 0
7110, 225125, 2, 2, 5, 1, 2, 5, 0
7111, 225131, 2, 2, 5, 1, 3, 1, 0
7112, 225132, 2, 2, 5, 1, 3, 2, 0
7113, 225133, 2, 2, 5, 1, 3, 3, 0
7114, 225134, 2, 2, 5, 1, 3, 4, 0
7115, 225135, 2, 2, 5, 1, 3, 5, 0
7116, 225141, 2, 2, 5, 1, 4, 1, 0
7117, 225142, 2, 2, 5, 1, 4, 2, 0
7118, 225143, 2, 2, 5, 1, 4, 3, 0
7119, 225144, 2, 2, 5, 1, 4, 4, 0
7120, 225145, 2, 2, 5, 1, 4, 5, 0
7121, 225151, 2, 2, 5, 1, 5, 1, 0
7122, 225152, 2, 2, 5, 1, 5, 2, 0
7123, 225153, 2, 2, 5, 1, 5, 3, 0
7124, 225154, 2, 2, 5, 1, 5, 4, 0
7125, 225155, 2, 2, 5, 1, 5, 5, 0
7126, 225211, 2, 2, 5, 2, 1, 1, 0
7127, 225212, 2, 2, 5, 2, 1, 2, 0
7128, 225213, 2, 2, 5, 2, 1, 3, 0
7129, 225214, 2, 2, 5, 2, 1, 4, 0
7130, 225215, 2, 2, 5, 2, 1, 5, 0
7131, 225221, 2, 2, 5, 2, 2, 1, 0
7132, 225222, 2, 2, 5, 2, 2, 2, 0
7133, 225223, 2, 2, 5, 2, 2, 3, 0
7134, 225224, 2, 2, 5, 2, 2, 4, 0
7135, 225225, 2, 2, 5, 2, 2, 5, 0
7136, 225231, 2, 2, 5, 2, 3, 1, 0
7137, 225232, 2, 2, 5, 2, 3, 2, 0
7138, 225233, 2, 2, 5, 2, 3, 3, 0
7139, 225234, 2, 2, 5, 2, 3, 4, 0
7140, 225235, 2, 2, 5, 2, 3, 5, 0
7141, 225241, 2, 2, 5, 2, 4, 1, 0
7142, 225242, 2, 2, 5, 2, 4, 2, 0
7143, 225243, 2, 2, 5, 2, 4, 3, 0
7144, 225244, 2, 2, 5, 2, 4, 4, 0
7145, 225245, 2, 2, 5, 2, 4, 5, 0
7146, 225251, 2, 2, 5, 2, 5, 1, 0
7147, 225252, 2, 2, 5, 2, 5, 2, 0
7148, 225253, 2, 2, 5, 2, 5, 3, 0
7149, 225254, 2, 2, 5, 2, 5, 4, 0
7150, 225255, 2, 2, 5, 2, 5, 5, 0
7151, 225311, 2, 2, 5, 3, 1, 1, 0
7152, 225312, 2, 2, 5, 3, 1, 2, 0
7153, 225313, 2, 2, 5, 3, 1, 3, 0
7154, 225314, 2, 2, 5, 3, 1, 4, 0
7155, 225315, 2, 2, 5, 3, 1, 5, 0
7156, 225321, 2, 2, 5, 3, 2, 1, 0
7157, 225322, 2, 2, 5, 3, 2, 2, 0
7158, 225323, 2, 2, 5, 3, 2, 3, 0
7159, 225324, 2, 2, 5, 3, 2, 4, 0
7160, 225325, 2, 2, 5, 3, 2, 5, 0
7161, 225331, 2, 2, 5, 3, 3, 1, 0
7162, 225332, 2, 2, 5, 3, 3, 2, 0
7163, 225333, 2, 2, 5, 3, 3, 3, 0
7164, 225334, 2, 2, 5, 3, 3, 4, 0
7165, 225335, 2, 2, 5, 3, 3, 5, 0
7166, 225341, 2, 2, 5, 3, 4, 1, 0
7167, 225342, 2, 2, 5, 3, 4, 2, 0
7168, 225343, 2, 2, 5, 3, 4, 3, 0
7169, 225344, 2, 2, 5, 3, 4, 4, 0
7170, 225345, 2, 2, 5, 3, 4, 5, 0
7171, 225351, 2, 2, 5, 3, 5, 1, 0
7172, 225352, 2, 2, 5, 3, 5, 2, 0
7173, 225353, 2, 2, 5, 3, 5, 3, 0
7174, 225354, 2, 2, 5, 3, 5, 4, 0
7175, 225355, 2, 2, 5, 3, 5, 5, 0
7176, 225411, 2, 2, 5, 4, 1, 1, 0
7177, 225412, 2, 2, 5, 4, 1, 2, 0
7178, 225413, 2, 2, 5, 4, 1, 3, 0
7179, 225414, 2, 2, 5, 4, 1, 4, 0
7180, 225415, 2, 2, 5, 4, 1, 5, 0
7181, 225421, 2, 2, 5, 4, 2, 1, 0
7182, 225422, 2, 2, 5, 4, 2, 2, 0
7183, 225423, 2, 2, 5, 4, 2, 3, 0
7184, 225424, 2, 2, 5, 4, 2, 4, 0
7185, 225425, 2, 2, 5, 4, 2, 5, 0
7186, 225431, 2, 2, 5, 4, 3, 1, 0
7187, 225432, 2, 2, 5, 4, 3, 2, 0
7188, 225433, 2, 2, 5, 4, 3, 3, 0
7189, 225434, 2, 2, 5, 4, 3, 4, 0
7190, 225435, 2, 2, 5, 4, 3, 5, 0
7191, 225441, 2, 2, 5, 4, 4, 1, 0
7192, 225442, 2, 2, 5, 4, 4, 2, 0
7193, 225443, 2, 2, 5, 4, 4, 3, 0
7194, 225444, 2, 2, 5, 4, 4, 4, 0
7195, 225445, 2, 2, 5, 4, 4, 5, 0
7196, 225451, 2, 2, 5, 4, 5, 1, 0
7197, 225452, 2, 2, 5, 4, 5, 2, 0
7198, 225453, 2, 2, 5, 4, 5, 3, 0
7199, 225454, 2, 2, 5, 4, 5, 4, 0
7200, 225455, 2, 2, 5, 4, 5, 5, 0
7201, 226111, 2, 2, 6, 1, 1, 1, 0
7202, 226112, 2, 2, 6, 1, 1, 2, 0
7203, 226113, 2, 2, 6, 1, 1, 3, 0
7204, 226114, 2, 2, 6, 1, 1, 4, 0
7205, 226115, 2, 2, 6, 1, 1, 5, 0
7206, 226121, 2, 2, 6, 1, 2, 1, 0
7207, 226122, 2, 2, 6, 1, 2, 2, 0
7208, 226123, 2, 2, 6, 1, 2, 3, 0
7209, 226124, 2, 2, 6, 1, 2, 4, 0
7210, 226125, 2, 2, 6, 1, 2, 5, 0
7211, 226131, 2, 2, 6, 1, 3, 1, 0
7212, 226132, 2, 2, 6, 1, 3, 2, 0
7213, 226133, 2, 2, 6, 1, 3, 3, 0
7214, 226134, 2, 2, 6, 1, 3, 4, 0
7215, 226135, 2, 2, 6, 1, 3, 5, 0
7216, 226141, 2, 2, 6, 1, 4, 1, 0
7217, 226142, 2, 2, 6, 1, 4, 2, 0
7218, 226143, 2, 2, 6, 1, 4, 3, 0
7219, 226144, 2, 2, 6, 1, 4, 4, 0
7220, 226145, 2, 2, 6, 1, 4, 5, 0
7221, 226151, 2, 2, 6, 1, 5, 1, 0
7222, 226152, 2, 2, 6, 1, 5, 2, 0
7223, 226153, 2, 2, 6, 1, 5, 3, 0
7224, 226154, 2, 2, 6, 1, 5, 4, 0
7225, 226155, 2, 2, 6, 1, 5, 5, 0
7226, 226211, 2, 2, 6, 2, 1, 1, 0
7227, 226212, 2, 2, 6, 2, 1, 2, 0
7228, 226213, 2, 2, 6, 2, 1, 3, 0
7229, 226214, 2, 2, 6, 2, 1, 4, 0
7230, 226215, 2, 2, 6, 2, 1, 5, 0
7231, 226221, 2, 2, 6, 2, 2, 1, 0
7232, 226222, 2, 2, 6, 2, 2, 2, 0
7233, 226223, 2, 2, 6, 2, 2, 3, 0
7234, 226224, 2, 2, 6, 2, 2, 4, 0
7235, 226225, 2, 2, 6, 2, 2, 5, 0
7236, 226231, 2, 2, 6, 2, 3, 1, 0
7237, 226232, 2, 2, 6, 2, 3, 2, 0
7238, 226233, 2, 2, 6, 2, 3, 3, 0
7239, 226234, 2, 2, 6, 2, 3, 4, 0
7240, 226235, 2, 2, 6, 2, 3, 5, 0
7241, 226241, 2, 2, 6, 2, 4, 1, 0
7242, 226242, 2, 2, 6, 2, 4, 2, 0
7243, 226243, 2, 2, 6, 2, 4, 3, 0
7244, 226244, 2, 2, 6, 2, 4, 4, 0
7245, 226245, 2, 2, 6, 2, 4, 5, 0
7246, 226251, 2, 2, 6, 2, 5, 1, 0
7247, 226252, 2, 2, 6, 2, 5, 2, 0
7248, 226253, 2, 2, 6, 2, 5, 3, 0
7249, 226254, 2, 2, 6, 2, 5, 4, 0
7250, 226255, 2, 2, 6, 2, 5, 5, 0
7251, 226311, 2, 2, 6, 3, 1, 1, 0
7252, 226312, 2, 2, 6, 3, 1, 2, 0
7253, 226313, 2, 2, 6, 3, 1, 3, 0
7254, 226314, 2, 2, 6, 3, 1, 4, 0
7255, 226315, 2, 2, 6, 3, 1, 5, 0
7256, 226321, 2, 2, 6, 3, 2, 1, 0
7257, 226322, 2, 2, 6, 3, 2, 2, 0
7258, 226323, 2, 2, 6, 3, 2, 3, 0
7259, 226324, 2, 2, 6, 3, 2, 4, 0
7260, 226325, 2, 2, 6, 3, 2, 5, 0
7261, 226331, 2, 2, 6, 3, 3, 1, 0
7262, 226332, 2, 2, 6, 3, 3, 2, 0
7263, 226333, 2, 2, 6, 3, 3, 3, 0
7264, 226334, 2, 2, 6, 3, 3, 4, 0
7265, 226335, 2, 2, 6, 3, 3, 5, 0
7266, 226341, 2, 2, 6, 3, 4, 1, 0
7267, 226342, 2, 2, 6, 3, 4, 2, 0
7268, 226343, 2, 2, 6, 3, 4, 3, 0
7269, 226344, 2, 2, 6, 3, 4, 4, 0
7270, 226345, 2, 2, 6, 3, 4, 5, 0
7271, 226351, 2, 2, 6, 3, 5, 1, 0
7272, 226352, 2, 2, 6, 3, 5, 2, 0
7273, 226353, 2, 2, 6, 3, 5, 3, 0
7274, 226354, 2, 2, 6, 3, 5, 4, 0
7275, 226355, 2, 2, 6, 3, 5, 5, 0
7276, 226411, 2, 2, 6, 4, 1, 1, 0
7277, 226412, 2, 2, 6, 4, 1, 2, 0
7278, 226413, 2, 2, 6, 4, 1, 3, 0
7279, 226414, 2, 2, 6, 4, 1, 4, 0
7280, 226415, 2, 2, 6, 4, 1, 5, 0
7281, 226421, 2, 2, 6, 4, 2, 1, 0
7282, 226422, 2, 2, 6, 4, 2, 2, 0
7283, 226423, 2, 2, 6, 4, 2, 3, 0
7284, 226424, 2, 2, 6, 4, 2, 4, 0
7285, 226425, 2, 2, 6, 4, 2, 5, 0
7286, 226431, 2, 2, 6, 4, 3, 1, 0
7287, 226432, 2, 2, 6, 4, 3, 2, 0
7288, 226433, 2, 2, 6, 4, 3, 3, 0
7289, 226434, 2, 2, 6, 4, 3, 4, 0
7290, 226435, 2, 2, 6, 4, 3, 5, 0
7291, 226441, 2, 2, 6, 4, 4, 1, 0
7292, 226442, 2, 2, 6, 4, 4, 2, 0
7293, 226443, 2, 2, 6, 4, 4, 3, 0
7294, 226444, 2, 2, 6, 4, 4, 4, 0
7295, 226445, 2, 2, 6, 4, 4, 5, 0
7296, 226451, 2, 2, 6, 4, 5, 1, 0
7297, 226452, 2, 2, 6, 4, 5, 2, 0
7298, 226453, 2, 2, 6, 4, 5, 3, 0
7299, 226454, 2, 2, 6, 4, 5, 4, 0
7300, 226455, 2, 2, 6, 4, 5, 5, 0
7301, 227111, 2, 2, 7, 1, 1, 1, 0
7302, 227112, 2, 2, 7, 1, 1, 2, 0
7303, 227113, 2, 2, 7, 1, 1, 3, 0
7304, 227114, 2, 2, 7, 1, 1, 4, 0
7305, 227115, 2, 2, 7, 1, 1, 5, 0
7306, 227121, 2, 2, 7, 1, 2, 1, 0
7307, 227122, 2, 2, 7, 1, 2, 2, 0
7308, 227123, 2, 2, 7, 1, 2, 3, 0
7309, 227124, 2, 2, 7, 1, 2, 4, 0
7310, 227125, 2, 2, 7, 1, 2, 5, 0
7311, 227131, 2, 2, 7, 1, 3, 1, 0
7312, 227132, 2, 2, 7, 1, 3, 2, 0
7313, 227133, 2, 2, 7, 1, 3, 3, 0
7314, 227134, 2, 2, 7, 1, 3, 4, 0
7315, 227135, 2, 2, 7, 1, 3, 5, 0
7316, 227141, 2, 2, 7, 1, 4, 1, 0
7317, 227142, 2, 2, 7, 1, 4, 2, 0
7318, 227143, 2, 2, 7, 1, 4, 3, 0
7319, 227144, 2, 2, 7, 1, 4, 4, 0
7320, 227145, 2, 2, 7, 1, 4, 5, 0
7321, 227151, 2, 2, 7, 1, 5, 1, 0
7322, 227152, 2, 2, 7, 1, 5, 2, 0
7323, 227153, 2, 2, 7, 1, 5, 3, 0
7324, 227154, 2, 2, 7, 1, 5, 4, 0
7325, 227155, 2, 2, 7, 1, 5, 5, 0
7326, 227211, 2, 2, 7, 2, 1, 1, 0
7327, 227212, 2, 2, 7, 2, 1, 2, 0
7328, 227213, 2, 2, 7, 2, 1, 3, 0
7329, 227214, 2, 2, 7, 2, 1, 4, 0
7330, 227215, 2, 2, 7, 2, 1, 5, 0
7331, 227221, 2, 2, 7, 2, 2, 1, 0
7332, 227222, 2, 2, 7, 2, 2, 2, 0
7333, 227223, 2, 2, 7, 2, 2, 3, 0
7334, 227224, 2, 2, 7, 2, 2, 4, 0
7335, 227225, 2, 2, 7, 2, 2, 5, 0
7336, 227231, 2, 2, 7, 2, 3, 1, 0
7337, 227232, 2, 2, 7, 2, 3, 2, 0
7338, 227233, 2, 2, 7, 2, 3, 3, 0
7339, 227234, 2, 2, 7, 2, 3, 4, 0
7340, 227235, 2, 2, 7, 2, 3, 5, 0
7341, 227241, 2, 2, 7, 2, 4, 1, 0
7342, 227242, 2, 2, 7, 2, 4, 2, 0
7343, 227243, 2, 2, 7, 2, 4, 3, 0
7344, 227244, 2, 2, 7, 2, 4, 4, 0
7345, 227245, 2, 2, 7, 2, 4, 5, 0
7346, 227251, 2, 2, 7, 2, 5, 1, 0
7347, 227252, 2, 2, 7, 2, 5, 2, 0
7348, 227253, 2, 2, 7, 2, 5, 3, 0
7349, 227254, 2, 2, 7, 2, 5, 4, 0
7350, 227255, 2, 2, 7, 2, 5, 5, 0
7351, 227311, 2, 2, 7, 3, 1, 1, 0
7352, 227312, 2, 2, 7, 3, 1, 2, 0
7353, 227313, 2, 2, 7, 3, 1, 3, 0
7354, 227314, 2, 2, 7, 3, 1, 4, 0
7355, 227315, 2, 2, 7, 3, 1, 5, 0
7356, 227321, 2, 2, 7, 3, 2, 1, 0
7357, 227322, 2, 2, 7, 3, 2, 2, 0
7358, 227323, 2, 2, 7, 3, 2, 3, 0
7359, 227324, 2, 2, 7, 3, 2, 4, 0
7360, 227325, 2, 2, 7, 3, 2, 5, 0
7361, 227331, 2, 2, 7, 3, 3, 1, 0
7362, 227332, 2, 2, 7, 3, 3, 2, 0
7363, 227333, 2, 2, 7, 3, 3, 3, 0
7364, 227334, 2, 2, 7, 3, 3, 4, 0
7365, 227335, 2, 2, 7, 3, 3, 5, 0
7366, 227341, 2, 2, 7, 3, 4, 1, 0
7367, 227342, 2, 2, 7, 3, 4, 2, 0
7368, 227343, 2, 2, 7, 3, 4, 3, 0
7369, 227344, 2, 2, 7, 3, 4, 4, 0
7370, 227345, 2, 2, 7, 3, 4, 5, 0
7371, 227351, 2, 2, 7, 3, 5, 1, 0
7372, 227352, 2, 2, 7, 3, 5, 2, 0
7373, 227353, 2, 2, 7, 3, 5, 3, 0
7374, 227354, 2, 2, 7, 3, 5, 4, 0
7375, 227355, 2, 2, 7, 3, 5, 5, 0
7376, 227411, 2, 2, 7, 4, 1, 1, 0
7377, 227412, 2, 2, 7, 4, 1, 2, 0
7378, 227413, 2, 2, 7, 4, 1, 3, 0
7379, 227414, 2, 2, 7, 4, 1, 4, 0
7380, 227415, 2, 2, 7, 4, 1, 5, 0
7381, 227421, 2, 2, 7, 4, 2, 1, 0
7382, 227422, 2, 2, 7, 4, 2, 2, 0
7383, 227423, 2, 2, 7, 4, 2, 3, 0
7384, 227424, 2, 2, 7, 4, 2, 4, 0
7385, 227425, 2, 2, 7, 4, 2, 5, 0
7386, 227431, 2, 2, 7, 4, 3, 1, 0
7387, 227432, 2, 2, 7, 4, 3, 2, 0
7388, 227433, 2, 2, 7, 4, 3, 3, 0
7389, 227434, 2, 2, 7, 4, 3, 4, 0
7390, 227435, 2, 2, 7, 4, 3, 5, 0
7391, 227441, 2, 2, 7, 4, 4, 1, 0
7392, 227442, 2, 2, 7, 4, 4, 2, 0
7393, 227443, 2, 2, 7, 4, 4, 3, 0
7394, 227444, 2, 2, 7, 4, 4, 4, 0
7395, 227445, 2, 2, 7, 4, 4, 5, 0
7396, 227451, 2, 2, 7, 4, 5, 1, 0
7397, 227452, 2, 2, 7, 4, 5, 2, 0
7398, 227453, 2, 2, 7, 4, 5, 3, 0
7399, 227454, 2, 2, 7, 4, 5, 4, 0
7400, 227455, 2, 2, 7, 4, 5, 5, 0
7401, 231111, 2, 3, 1, 1, 1, 1, 0
7402, 231112, 2, 3, 1, 1, 1, 2, 0
7403, 231113, 2, 3, 1, 1, 1, 3, 0
7404, 231114, 2, 3, 1, 1, 1, 4, 0
7405, 231115, 2, 3, 1, 1, 1, 5, 0
7406, 231121, 2, 3, 1, 1, 2, 1, 0
7407, 231122, 2, 3, 1, 1, 2, 2, 0
7408, 231123, 2, 3, 1, 1, 2, 3, 0
7409, 231124, 2, 3, 1, 1, 2, 4, 0
7410, 231125, 2, 3, 1, 1, 2, 5, 0
7411, 231131, 2, 3, 1, 1, 3, 1, 0
7412, 231132, 2, 3, 1, 1, 3, 2, 0
7413, 231133, 2, 3, 1, 1, 3, 3, 0
7414, 231134, 2, 3, 1, 1, 3, 4, 0
7415, 231135, 2, 3, 1, 1, 3, 5, 0
7416, 231141, 2, 3, 1, 1, 4, 1, 0
7417, 231142, 2, 3, 1, 1, 4, 2, 0
7418, 231143, 2, 3, 1, 1, 4, 3, 0
7419, 231144, 2, 3, 1, 1, 4, 4, 0
7420, 231145, 2, 3, 1, 1, 4, 5, 0
7421, 231151, 2, 3, 1, 1, 5, 1, 0
7422, 231152, 2, 3, 1, 1, 5, 2, 0
7423, 231153, 2, 3, 1, 1, 5, 3, 0
7424, 231154, 2, 3, 1, 1, 5, 4, 0
7425, 231155, 2, 3, 1, 1, 5, 5, 0
7426, 231211, 2, 3, 1, 2, 1, 1, 0
7427, 231212, 2, 3, 1, 2, 1, 2, 0
7428, 231213, 2, 3, 1, 2, 1, 3, 0
7429, 231214, 2, 3, 1, 2, 1, 4, 0
7430, 231215, 2, 3, 1, 2, 1, 5, 0
7431, 231221, 2, 3, 1, 2, 2, 1, 0
7432, 231222, 2, 3, 1, 2, 2, 2, 0
7433, 231223, 2, 3, 1, 2, 2, 3, 0
7434, 231224, 2, 3, 1, 2, 2, 4, 0
7435, 231225, 2, 3, 1, 2, 2, 5, 0
7436, 231231, 2, 3, 1, 2, 3, 1, 0
7437, 231232, 2, 3, 1, 2, 3, 2, 0
7438, 231233, 2, 3, 1, 2, 3, 3, 0
7439, 231234, 2, 3, 1, 2, 3, 4, 0
7440, 231235, 2, 3, 1, 2, 3, 5, 0
7441, 231241, 2, 3, 1, 2, 4, 1, 0
7442, 231242, 2, 3, 1, 2, 4, 2, 0
7443, 231243, 2, 3, 1, 2, 4, 3, 0
7444, 231244, 2, 3, 1, 2, 4, 4, 0
7445, 231245, 2, 3, 1, 2, 4, 5, 0
7446, 231251, 2, 3, 1, 2, 5, 1, 0
7447, 231252, 2, 3, 1, 2, 5, 2, 0
7448, 231253, 2, 3, 1, 2, 5, 3, 0
7449, 231254, 2, 3, 1, 2, 5, 4, 0
7450, 231255, 2, 3, 1, 2, 5, 5, 0
7451, 231311, 2, 3, 1, 3, 1, 1, 0
7452, 231312, 2, 3, 1, 3, 1, 2, 0
7453, 231313, 2, 3, 1, 3, 1, 3, 0
7454, 231314, 2, 3, 1, 3, 1, 4, 0
7455, 231315, 2, 3, 1, 3, 1, 5, 0
7456, 231321, 2, 3, 1, 3, 2, 1, 0
7457, 231322, 2, 3, 1, 3, 2, 2, 0
7458, 231323, 2, 3, 1, 3, 2, 3, 0
7459, 231324, 2, 3, 1, 3, 2, 4, 0
7460, 231325, 2, 3, 1, 3, 2, 5, 0
7461, 231331, 2, 3, 1, 3, 3, 1, 0
7462, 231332, 2, 3, 1, 3, 3, 2, 0
7463, 231333, 2, 3, 1, 3, 3, 3, 0
7464, 231334, 2, 3, 1, 3, 3, 4, 0
7465, 231335, 2, 3, 1, 3, 3, 5, 0
7466, 231341, 2, 3, 1, 3, 4, 1, 0
7467, 231342, 2, 3, 1, 3, 4, 2, 0
7468, 231343, 2, 3, 1, 3, 4, 3, 0
7469, 231344, 2, 3, 1, 3, 4, 4, 0
7470, 231345, 2, 3, 1, 3, 4, 5, 0
7471, 231351, 2, 3, 1, 3, 5, 1, 0
7472, 231352, 2, 3, 1, 3, 5, 2, 0
7473, 231353, 2, 3, 1, 3, 5, 3, 0
7474, 231354, 2, 3, 1, 3, 5, 4, 0
7475, 231355, 2, 3, 1, 3, 5, 5, 0
7476, 231411, 2, 3, 1, 4, 1, 1, 0
7477, 231412, 2, 3, 1, 4, 1, 2, 0
7478, 231413, 2, 3, 1, 4, 1, 3, 0
7479, 231414, 2, 3, 1, 4, 1, 4, 0
7480, 231415, 2, 3, 1, 4, 1, 5, 0
7481, 231421, 2, 3, 1, 4, 2, 1, 0
7482, 231422, 2, 3, 1, 4, 2, 2, 0
7483, 231423, 2, 3, 1, 4, 2, 3, 0
7484, 231424, 2, 3, 1, 4, 2, 4, 0
7485, 231425, 2, 3, 1, 4, 2, 5, 0
7486, 231431, 2, 3, 1, 4, 3, 1, 0
7487, 231432, 2, 3, 1, 4, 3, 2, 0
7488, 231433, 2, 3, 1, 4, 3, 3, 0
7489, 231434, 2, 3, 1, 4, 3, 4, 0
7490, 231435, 2, 3, 1, 4, 3, 5, 0
7491, 231441, 2, 3, 1, 4, 4, 1, 0
7492, 231442, 2, 3, 1, 4, 4, 2, 0
7493, 231443, 2, 3, 1, 4, 4, 3, 0
7494, 231444, 2, 3, 1, 4, 4, 4, 0
7495, 231445, 2, 3, 1, 4, 4, 5, 0
7496, 231451, 2, 3, 1, 4, 5, 1, 0
7497, 231452, 2, 3, 1, 4, 5, 2, 0
7498, 231453, 2, 3, 1, 4, 5, 3, 0
7499, 231454, 2, 3, 1, 4, 5, 4, 0
7500, 231455, 2, 3, 1, 4, 5, 5, 0
7501, 232111, 2, 3, 2, 1, 1, 1, 0
7502, 232112, 2, 3, 2, 1, 1, 2, 0
7503, 232113, 2, 3, 2, 1, 1, 3, 0
7504, 232114, 2, 3, 2, 1, 1, 4, 0
7505, 232115, 2, 3, 2, 1, 1, 5, 0
7506, 232121, 2, 3, 2, 1, 2, 1, 0
7507, 232122, 2, 3, 2, 1, 2, 2, 0
7508, 232123, 2, 3, 2, 1, 2, 3, 0
7509, 232124, 2, 3, 2, 1, 2, 4, 0
7510, 232125, 2, 3, 2, 1, 2, 5, 0
7511, 232131, 2, 3, 2, 1, 3, 1, 0
7512, 232132, 2, 3, 2, 1, 3, 2, 0
7513, 232133, 2, 3, 2, 1, 3, 3, 0
7514, 232134, 2, 3, 2, 1, 3, 4, 0
7515, 232135, 2, 3, 2, 1, 3, 5, 0
7516, 232141, 2, 3, 2, 1, 4, 1, 0
7517, 232142, 2, 3, 2, 1, 4, 2, 0
7518, 232143, 2, 3, 2, 1, 4, 3, 0
7519, 232144, 2, 3, 2, 1, 4, 4, 0
7520, 232145, 2, 3, 2, 1, 4, 5, 0
7521, 232151, 2, 3, 2, 1, 5, 1, 0
7522, 232152, 2, 3, 2, 1, 5, 2, 0
7523, 232153, 2, 3, 2, 1, 5, 3, 0
7524, 232154, 2, 3, 2, 1, 5, 4, 0
7525, 232155, 2, 3, 2, 1, 5, 5, 0
7526, 232211, 2, 3, 2, 2, 1, 1, 0
7527, 232212, 2, 3, 2, 2, 1, 2, 0
7528, 232213, 2, 3, 2, 2, 1, 3, 0
7529, 232214, 2, 3, 2, 2, 1, 4, 0
7530, 232215, 2, 3, 2, 2, 1, 5, 0
7531, 232221, 2, 3, 2, 2, 2, 1, 0
7532, 232222, 2, 3, 2, 2, 2, 2, 0
7533, 232223, 2, 3, 2, 2, 2, 3, 0
7534, 232224, 2, 3, 2, 2, 2, 4, 0
7535, 232225, 2, 3, 2, 2, 2, 5, 0
7536, 232231, 2, 3, 2, 2, 3, 1, 0
7537, 232232, 2, 3, 2, 2, 3, 2, 0
7538, 232233, 2, 3, 2, 2, 3, 3, 0
7539, 232234, 2, 3, 2, 2, 3, 4, 0
7540, 232235, 2, 3, 2, 2, 3, 5, 0
7541, 232241, 2, 3, 2, 2, 4, 1, 0
7542, 232242, 2, 3, 2, 2, 4, 2, 0
7543, 232243, 2, 3, 2, 2, 4, 3, 0
7544, 232244, 2, 3, 2, 2, 4, 4, 0
7545, 232245, 2, 3, 2, 2, 4, 5, 0
7546, 232251, 2, 3, 2, 2, 5, 1, 0
7547, 232252, 2, 3, 2, 2, 5, 2, 0
7548, 232253, 2, 3, 2, 2, 5, 3, 0
7549, 232254, 2, 3, 2, 2, 5, 4, 0
7550, 232255, 2, 3, 2, 2, 5, 5, 0
7551, 232311, 2, 3, 2, 3, 1, 1, 0
7552, 232312, 2, 3, 2, 3, 1, 2, 0
7553, 232313, 2, 3, 2, 3, 1, 3, 0
7554, 232314, 2, 3, 2, 3, 1, 4, 0
7555, 232315, 2, 3, 2, 3, 1, 5, 0
7556, 232321, 2, 3, 2, 3, 2, 1, 0
7557, 232322, 2, 3, 2, 3, 2, 2, 0
7558, 232323, 2, 3, 2, 3, 2, 3, 0
7559, 232324, 2, 3, 2, 3, 2, 4, 0
7560, 232325, 2, 3, 2, 3, 2, 5, 0
7561, 232331, 2, 3, 2, 3, 3, 1, 0
7562, 232332, 2, 3, 2, 3, 3, 2, 0
7563, 232333, 2, 3, 2, 3, 3, 3, 0
7564, 232334, 2, 3, 2, 3, 3, 4, 0
7565, 232335, 2, 3, 2, 3, 3, 5, 0
7566, 232341, 2, 3, 2, 3, 4, 1, 0
7567, 232342, 2, 3, 2, 3, 4, 2, 0
7568, 232343, 2, 3, 2, 3, 4, 3, 0
7569, 232344, 2, 3, 2, 3, 4, 4, 0
7570, 232345, 2, 3, 2, 3, 4, 5, 0
7571, 232351, 2, 3, 2, 3, 5, 1, 0
7572, 232352, 2, 3, 2, 3, 5, 2, 0
7573, 232353, 2, 3, 2, 3, 5, 3, 0
7574, 232354, 2, 3, 2, 3, 5, 4, 0
7575, 232355, 2, 3, 2, 3, 5, 5, 0
7576, 232411, 2, 3, 2, 4, 1, 1, 0
7577, 232412, 2, 3, 2, 4, 1, 2, 0
7578, 232413, 2, 3, 2, 4, 1, 3, 0
7579, 232414, 2, 3, 2, 4, 1, 4, 0
7580, 232415, 2, 3, 2, 4, 1, 5, 0
7581, 232421, 2, 3, 2, 4, 2, 1, 0
7582, 232422, 2, 3, 2, 4, 2, 2, 0
7583, 232423, 2, 3, 2, 4, 2, 3, 0
7584, 232424, 2, 3, 2, 4, 2, 4, 0
7585, 232425, 2, 3, 2, 4, 2, 5, 0
7586, 232431, 2, 3, 2, 4, 3, 1, 0
7587, 232432, 2, 3, 2, 4, 3, 2, 0
7588, 232433, 2, 3, 2, 4, 3, 3, 0
7589, 232434, 2, 3, 2, 4, 3, 4, 0
7590, 232435, 2, 3, 2, 4, 3, 5, 0
7591, 232441, 2, 3, 2, 4, 4, 1, 0
7592, 232442, 2, 3, 2, 4, 4, 2, 0
7593, 232443, 2, 3, 2, 4, 4, 3, 0
7594, 232444, 2, 3, 2, 4, 4, 4, 0
7595, 232445, 2, 3, 2, 4, 4, 5, 0
7596, 232451, 2, 3, 2, 4, 5, 1, 0
7597, 232452, 2, 3, 2, 4, 5, 2, 0
7598, 232453, 2, 3, 2, 4, 5, 3, 0
7599, 232454, 2, 3, 2, 4, 5, 4, 0
7600, 232455, 2, 3, 2, 4, 5, 5, 0
7601, 233111, 2, 3, 3, 1, 1, 1, 0
7602, 233112, 2, 3, 3, 1, 1, 2, 0
7603, 233113, 2, 3, 3, 1, 1, 3, 0
7604, 233114, 2, 3, 3, 1, 1, 4, 0
7605, 233115, 2, 3, 3, 1, 1, 5, 0
7606, 233121, 2, 3, 3, 1, 2, 1, 0
7607, 233122, 2, 3, 3, 1, 2, 2, 0
7608, 233123, 2, 3, 3, 1, 2, 3, 0
7609, 233124, 2, 3, 3, 1, 2, 4, 0
7610, 233125, 2, 3, 3, 1, 2, 5, 0
7611, 233131, 2, 3, 3, 1, 3, 1, 0
7612, 233132, 2, 3, 3, 1, 3, 2, 0
7613, 233133, 2, 3, 3, 1, 3, 3, 0
7614, 233134, 2, 3, 3, 1, 3, 4, 0
7615, 233135, 2, 3, 3, 1, 3, 5, 0
7616, 233141, 2, 3, 3, 1, 4, 1, 0
7617, 233142, 2, 3, 3, 1, 4, 2, 0
7618, 233143, 2, 3, 3, 1, 4, 3, 0
7619, 233144, 2, 3, 3, 1, 4, 4, 0
7620, 233145, 2, 3, 3, 1, 4, 5, 0
7621, 233151, 2, 3, 3, 1, 5, 1, 0
7622, 233152, 2, 3, 3, 1, 5, 2, 0
7623, 233153, 2, 3, 3, 1, 5, 3, 0
7624, 233154, 2, 3, 3, 1, 5, 4, 0
7625, 233155, 2, 3, 3, 1, 5, 5, 0
7626, 233211, 2, 3, 3, 2, 1, 1, 0
7627, 233212, 2, 3, 3, 2, 1, 2, 0
7628, 233213, 2, 3, 3, 2, 1, 3, 0
7629, 233214, 2, 3, 3, 2, 1, 4, 0
7630, 233215, 2, 3, 3, 2, 1, 5, 0
7631, 233221, 2, 3, 3, 2, 2, 1, 0
7632, 233222, 2, 3, 3, 2, 2, 2, 0
7633, 233223, 2, 3, 3, 2, 2, 3, 0
7634, 233224, 2, 3, 3, 2, 2, 4, 0
7635, 233225, 2, 3, 3, 2, 2, 5, 0
7636, 233231, 2, 3, 3, 2, 3, 1, 0
7637, 233232, 2, 3, 3, 2, 3, 2, 0
7638, 233233, 2, 3, 3, 2, 3, 3, 0
7639, 233234, 2, 3, 3, 2, 3, 4, 0
7640, 233235, 2, 3, 3, 2, 3, 5, 0
7641, 233241, 2, 3, 3, 2, 4, 1, 0
7642, 233242, 2, 3, 3, 2, 4, 2, 0
7643, 233243, 2, 3, 3, 2, 4, 3, 0
7644, 233244, 2, 3, 3, 2, 4, 4, 0
7645, 233245, 2, 3, 3, 2, 4, 5, 0
7646, 233251, 2, 3, 3, 2, 5, 1, 0
7647, 233252, 2, 3, 3, 2, 5, 2, 0
7648, 233253, 2, 3, 3, 2, 5, 3, 0
7649, 233254, 2, 3, 3, 2, 5, 4, 0
7650, 233255, 2, 3, 3, 2, 5, 5, 0
7651, 233311, 2, 3, 3, 3, 1, 1, 0
7652, 233312, 2, 3, 3, 3, 1, 2, 0
7653, 233313, 2, 3, 3, 3, 1, 3, 0
7654, 233314, 2, 3, 3, 3, 1, 4, 0
7655, 233315, 2, 3, 3, 3, 1, 5, 0
7656, 233321, 2, 3, 3, 3, 2, 1, 0
7657, 233322, 2, 3, 3, 3, 2, 2, 0
7658, 233323, 2, 3, 3, 3, 2, 3, 0
7659, 233324, 2, 3, 3, 3, 2, 4, 0
7660, 233325, 2, 3, 3, 3, 2, 5, 0
7661, 233331, 2, 3, 3, 3, 3, 1, 0
7662, 233332, 2, 3, 3, 3, 3, 2, 0
7663, 233333, 2, 3, 3, 3, 3, 3, 0
7664, 233334, 2, 3, 3, 3, 3, 4, 0
7665, 233335, 2, 3, 3, 3, 3, 5, 0
7666, 233341, 2, 3, 3, 3, 4, 1, 0
7667, 233342, 2, 3, 3, 3, 4, 2, 0
7668, 233343, 2, 3, 3, 3, 4, 3, 0
7669, 233344, 2, 3, 3, 3, 4, 4, 0
7670, 233345, 2, 3, 3, 3, 4, 5, 0
7671, 233351, 2, 3, 3, 3, 5, 1, 0
7672, 233352, 2, 3, 3, 3, 5, 2, 0
7673, 233353, 2, 3, 3, 3, 5, 3, 0
7674, 233354, 2, 3, 3, 3, 5, 4, 0
7675, 233355, 2, 3, 3, 3, 5, 5, 0
7676, 233411, 2, 3, 3, 4, 1, 1, 0
7677, 233412, 2, 3, 3, 4, 1, 2, 0
7678, 233413, 2, 3, 3, 4, 1, 3, 0
7679, 233414, 2, 3, 3, 4, 1, 4, 0
7680, 233415, 2, 3, 3, 4, 1, 5, 0
7681, 233421, 2, 3, 3, 4, 2, 1, 0
7682, 233422, 2, 3, 3, 4, 2, 2, 0
7683, 233423, 2, 3, 3, 4, 2, 3, 0
7684, 233424, 2, 3, 3, 4, 2, 4, 0
7685, 233425, 2, 3, 3, 4, 2, 5, 0
7686, 233431, 2, 3, 3, 4, 3, 1, 0
7687, 233432, 2, 3, 3, 4, 3, 2, 0
7688, 233433, 2, 3, 3, 4, 3, 3, 0
7689, 233434, 2, 3, 3, 4, 3, 4, 0
7690, 233435, 2, 3, 3, 4, 3, 5, 0
7691, 233441, 2, 3, 3, 4, 4, 1, 0
7692, 233442, 2, 3, 3, 4, 4, 2, 0
7693, 233443, 2, 3, 3, 4, 4, 3, 0
7694, 233444, 2, 3, 3, 4, 4, 4, 0
7695, 233445, 2, 3, 3, 4, 4, 5, 0
7696, 233451, 2, 3, 3, 4, 5, 1, 0
7697, 233452, 2, 3, 3, 4, 5, 2, 0
7698, 233453, 2, 3, 3, 4, 5, 3, 0
7699, 233454, 2, 3, 3, 4, 5, 4, 0
7700, 233455, 2, 3, 3, 4, 5, 5, 0
7701, 234111, 2, 3, 4, 1, 1, 1, 0
7702, 234112, 2, 3, 4, 1, 1, 2, 0
7703, 234113, 2, 3, 4, 1, 1, 3, 0
7704, 234114, 2, 3, 4, 1, 1, 4, 0
7705, 234115, 2, 3, 4, 1, 1, 5, 0
7706, 234121, 2, 3, 4, 1, 2, 1, 0
7707, 234122, 2, 3, 4, 1, 2, 2, 0
7708, 234123, 2, 3, 4, 1, 2, 3, 0
7709, 234124, 2, 3, 4, 1, 2, 4, 0
7710, 234125, 2, 3, 4, 1, 2, 5, 0
7711, 234131, 2, 3, 4, 1, 3, 1, 0
7712, 234132, 2, 3, 4, 1, 3, 2, 0
7713, 234133, 2, 3, 4, 1, 3, 3, 0
7714, 234134, 2, 3, 4, 1, 3, 4, 0
7715, 234135, 2, 3, 4, 1, 3, 5, 0
7716, 234141, 2, 3, 4, 1, 4, 1, 0
7717, 234142, 2, 3, 4, 1, 4, 2, 0
7718, 234143, 2, 3, 4, 1, 4, 3, 0
7719, 234144, 2, 3, 4, 1, 4, 4, 0
7720, 234145, 2, 3, 4, 1, 4, 5, 0
7721, 234151, 2, 3, 4, 1, 5, 1, 0
7722, 234152, 2, 3, 4, 1, 5, 2, 0
7723, 234153, 2, 3, 4, 1, 5, 3, 0
7724, 234154, 2, 3, 4, 1, 5, 4, 0
7725, 234155, 2, 3, 4, 1, 5, 5, 0
7726, 234211, 2, 3, 4, 2, 1, 1, 0
7727, 234212, 2, 3, 4, 2, 1, 2, 0
7728, 234213, 2, 3, 4, 2, 1, 3, 0
7729, 234214, 2, 3, 4, 2, 1, 4, 0
7730, 234215, 2, 3, 4, 2, 1, 5, 0
7731, 234221, 2, 3, 4, 2, 2, 1, 0
7732, 234222, 2, 3, 4, 2, 2, 2, 0
7733, 234223, 2, 3, 4, 2, 2, 3, 0
7734, 234224, 2, 3, 4, 2, 2, 4, 0
7735, 234225, 2, 3, 4, 2, 2, 5, 0
7736, 234231, 2, 3, 4, 2, 3, 1, 0
7737, 234232, 2, 3, 4, 2, 3, 2, 0
7738, 234233, 2, 3, 4, 2, 3, 3, 0
7739, 234234, 2, 3, 4, 2, 3, 4, 0
7740, 234235, 2, 3, 4, 2, 3, 5, 0
7741, 234241, 2, 3, 4, 2, 4, 1, 0
7742, 234242, 2, 3, 4, 2, 4, 2, 0
7743, 234243, 2, 3, 4, 2, 4, 3, 0
7744, 234244, 2, 3, 4, 2, 4, 4, 0
7745, 234245, 2, 3, 4, 2, 4, 5, 0
7746, 234251, 2, 3, 4, 2, 5, 1, 0
7747, 234252, 2, 3, 4, 2, 5, 2, 0
7748, 234253, 2, 3, 4, 2, 5, 3, 0
7749, 234254, 2, 3, 4, 2, 5, 4, 0
7750, 234255, 2, 3, 4, 2, 5, 5, 0
7751, 234311, 2, 3, 4, 3, 1, 1, 0
7752, 234312, 2, 3, 4, 3, 1, 2, 0
7753, 234313, 2, 3, 4, 3, 1, 3, 0
7754, 234314, 2, 3, 4, 3, 1, 4, 0
7755, 234315, 2, 3, 4, 3, 1, 5, 0
7756, 234321, 2, 3, 4, 3, 2, 1, 0
7757, 234322, 2, 3, 4, 3, 2, 2, 0
7758, 234323, 2, 3, 4, 3, 2, 3, 0
7759, 234324, 2, 3, 4, 3, 2, 4, 0
7760, 234325, 2, 3, 4, 3, 2, 5, 0
7761, 234331, 2, 3, 4, 3, 3, 1, 0
7762, 234332, 2, 3, 4, 3, 3, 2, 0
7763, 234333, 2, 3, 4, 3, 3, 3, 0
7764, 234334, 2, 3, 4, 3, 3, 4, 0
7765, 234335, 2, 3, 4, 3, 3, 5, 0
7766, 234341, 2, 3, 4, 3, 4, 1, 0
7767, 234342, 2, 3, 4, 3, 4, 2, 0
7768, 234343, 2, 3, 4, 3, 4, 3, 0
7769, 234344, 2, 3, 4, 3, 4, 4, 0
7770, 234345, 2, 3, 4, 3, 4, 5, 0
7771, 234351, 2, 3, 4, 3, 5, 1, 0
7772, 234352, 2, 3, 4, 3, 5, 2, 0
7773, 234353, 2, 3, 4, 3, 5, 3, 0
7774, 234354, 2, 3, 4, 3, 5, 4, 0
7775, 234355, 2, 3, 4, 3, 5, 5, 0
7776, 234411, 2, 3, 4, 4, 1, 1, 0
7777, 234412, 2, 3, 4, 4, 1, 2, 0
7778, 234413, 2, 3, 4, 4, 1, 3, 0
7779, 234414, 2, 3, 4, 4, 1, 4, 0
7780, 234415, 2, 3, 4, 4, 1, 5, 0
7781, 234421, 2, 3, 4, 4, 2, 1, 0
7782, 234422, 2, 3, 4, 4, 2, 2, 0
7783, 234423, 2, 3, 4, 4, 2, 3, 0
7784, 234424, 2, 3, 4, 4, 2, 4, 0
7785, 234425, 2, 3, 4, 4, 2, 5, 0
7786, 234431, 2, 3, 4, 4, 3, 1, 0
7787, 234432, 2, 3, 4, 4, 3, 2, 0
7788, 234433, 2, 3, 4, 4, 3, 3, 0
7789, 234434, 2, 3, 4, 4, 3, 4, 0
7790, 234435, 2, 3, 4, 4, 3, 5, 0
7791, 234441, 2, 3, 4, 4, 4, 1, 0
7792, 234442, 2, 3, 4, 4, 4, 2, 0
7793, 234443, 2, 3, 4, 4, 4, 3, 0
7794, 234444, 2, 3, 4, 4, 4, 4, 0
7795, 234445, 2, 3, 4, 4, 4, 5, 0
7796, 234451, 2, 3, 4, 4, 5, 1, 0
7797, 234452, 2, 3, 4, 4, 5, 2, 0
7798, 234453, 2, 3, 4, 4, 5, 3, 0
7799, 234454, 2, 3, 4, 4, 5, 4, 0
7800, 234455, 2, 3, 4, 4, 5, 5, 0
7801, 235111, 2, 3, 5, 1, 1, 1, 0
7802, 235112, 2, 3, 5, 1, 1, 2, 0
7803, 235113, 2, 3, 5, 1, 1, 3, 0
7804, 235114, 2, 3, 5, 1, 1, 4, 0
7805, 235115, 2, 3, 5, 1, 1, 5, 0
7806, 235121, 2, 3, 5, 1, 2, 1, 0
7807, 235122, 2, 3, 5, 1, 2, 2, 0
7808, 235123, 2, 3, 5, 1, 2, 3, 0
7809, 235124, 2, 3, 5, 1, 2, 4, 0
7810, 235125, 2, 3, 5, 1, 2, 5, 0
7811, 235131, 2, 3, 5, 1, 3, 1, 0
7812, 235132, 2, 3, 5, 1, 3, 2, 0
7813, 235133, 2, 3, 5, 1, 3, 3, 0
7814, 235134, 2, 3, 5, 1, 3, 4, 0
7815, 235135, 2, 3, 5, 1, 3, 5, 0
7816, 235141, 2, 3, 5, 1, 4, 1, 0
7817, 235142, 2, 3, 5, 1, 4, 2, 0
7818, 235143, 2, 3, 5, 1, 4, 3, 0
7819, 235144, 2, 3, 5, 1, 4, 4, 0
7820, 235145, 2, 3, 5, 1, 4, 5, 0
7821, 235151, 2, 3, 5, 1, 5, 1, 0
7822, 235152, 2, 3, 5, 1, 5, 2, 0
7823, 235153, 2, 3, 5, 1, 5, 3, 0
7824, 235154, 2, 3, 5, 1, 5, 4, 0
7825, 235155, 2, 3, 5, 1, 5, 5, 0
7826, 235211, 2, 3, 5, 2, 1, 1, 0
7827, 235212, 2, 3, 5, 2, 1, 2, 0
7828, 235213, 2, 3, 5, 2, 1, 3, 0
7829, 235214, 2, 3, 5, 2, 1, 4, 0
7830, 235215, 2, 3, 5, 2, 1, 5, 0
7831, 235221, 2, 3, 5, 2, 2, 1, 0
7832, 235222, 2, 3, 5, 2, 2, 2, 0
7833, 235223, 2, 3, 5, 2, 2, 3, 0
7834, 235224, 2, 3, 5, 2, 2, 4, 0
7835, 235225, 2, 3, 5, 2, 2, 5, 0
7836, 235231, 2, 3, 5, 2, 3, 1, 0
7837, 235232, 2, 3, 5, 2, 3, 2, 0
7838, 235233, 2, 3, 5, 2, 3, 3, 0
7839, 235234, 2, 3, 5, 2, 3, 4, 0
7840, 235235, 2, 3, 5, 2, 3, 5, 0
7841, 235241, 2, 3, 5, 2, 4, 1, 0
7842, 235242, 2, 3, 5, 2, 4, 2, 0
7843, 235243, 2, 3, 5, 2, 4, 3, 0
7844, 235244, 2, 3, 5, 2, 4, 4, 0
7845, 235245, 2, 3, 5, 2, 4, 5, 0
7846, 235251, 2, 3, 5, 2, 5, 1, 0
7847, 235252, 2, 3, 5, 2, 5, 2, 0
7848, 235253, 2, 3, 5, 2, 5, 3, 0
7849, 235254, 2, 3, 5, 2, 5, 4, 0
7850, 235255, 2, 3, 5, 2, 5, 5, 0
7851, 235311, 2, 3, 5, 3, 1, 1, 0
7852, 235312, 2, 3, 5, 3, 1, 2, 0
7853, 235313, 2, 3, 5, 3, 1, 3, 0
7854, 235314, 2, 3, 5, 3, 1, 4, 0
7855, 235315, 2, 3, 5, 3, 1, 5, 0
7856, 235321, 2, 3, 5, 3, 2, 1, 0
7857, 235322, 2, 3, 5, 3, 2, 2, 0
7858, 235323, 2, 3, 5, 3, 2, 3, 0
7859, 235324, 2, 3, 5, 3, 2, 4, 0
7860, 235325, 2, 3, 5, 3, 2, 5, 0
7861, 235331, 2, 3, 5, 3, 3, 1, 0
7862, 235332, 2, 3, 5, 3, 3, 2, 0
7863, 235333, 2, 3, 5, 3, 3, 3, 0
7864, 235334, 2, 3, 5, 3, 3, 4, 0
7865, 235335, 2, 3, 5, 3, 3, 5, 0
7866, 235341, 2, 3, 5, 3, 4, 1, 0
7867, 235342, 2, 3, 5, 3, 4, 2, 0
7868, 235343, 2, 3, 5, 3, 4, 3, 0
7869, 235344, 2, 3, 5, 3, 4, 4, 0
7870, 235345, 2, 3, 5, 3, 4, 5, 0
7871, 235351, 2, 3, 5, 3, 5, 1, 0
7872, 235352, 2, 3, 5, 3, 5, 2, 0
7873, 235353, 2, 3, 5, 3, 5, 3, 0
7874, 235354, 2, 3, 5, 3, 5, 4, 0
7875, 235355, 2, 3, 5, 3, 5, 5, 0
7876, 235411, 2, 3, 5, 4, 1, 1, 0
7877, 235412, 2, 3, 5, 4, 1, 2, 0
7878, 235413, 2, 3, 5, 4, 1, 3, 0
7879, 235414, 2, 3, 5, 4, 1, 4, 0
7880, 235415, 2, 3, 5, 4, 1, 5, 0
7881, 235421, 2, 3, 5, 4, 2, 1, 0
7882, 235422, 2, 3, 5, 4, 2, 2, 0
7883, 235423, 2, 3, 5, 4, 2, 3, 0
7884, 235424, 2, 3, 5, 4, 2, 4, 0
7885, 235425, 2, 3, 5, 4, 2, 5, 0
7886, 235431, 2, 3, 5, 4, 3, 1, 0
7887, 235432, 2, 3, 5, 4, 3, 2, 0
7888, 235433, 2, 3, 5, 4, 3, 3, 0
7889, 235434, 2, 3, 5, 4, 3, 4, 0
7890, 235435, 2, 3, 5, 4, 3, 5, 0
7891, 235441, 2, 3, 5, 4, 4, 1, 0
7892, 235442, 2, 3, 5, 4, 4, 2, 0
7893, 235443, 2, 3, 5, 4, 4, 3, 0
7894, 235444, 2, 3, 5, 4, 4, 4, 0
7895, 235445, 2, 3, 5, 4, 4, 5, 0
7896, 235451, 2, 3, 5, 4, 5, 1, 0
7897, 235452, 2, 3, 5, 4, 5, 2, 0
7898, 235453, 2, 3, 5, 4, 5, 3, 0
7899, 235454, 2, 3, 5, 4, 5, 4, 0
7900, 235455, 2, 3, 5, 4, 5, 5, 0
7901, 236111, 2, 3, 6, 1, 1, 1, 0
7902, 236112, 2, 3, 6, 1, 1, 2, 0
7903, 236113, 2, 3, 6, 1, 1, 3, 0
7904, 236114, 2, 3, 6, 1, 1, 4, 0
7905, 236115, 2, 3, 6, 1, 1, 5, 0
7906, 236121, 2, 3, 6, 1, 2, 1, 0
7907, 236122, 2, 3, 6, 1, 2, 2, 0
7908, 236123, 2, 3, 6, 1, 2, 3, 0
7909, 236124, 2, 3, 6, 1, 2, 4, 0
7910, 236125, 2, 3, 6, 1, 2, 5, 0
7911, 236131, 2, 3, 6, 1, 3, 1, 0
7912, 236132, 2, 3, 6, 1, 3, 2, 0
7913, 236133, 2, 3, 6, 1, 3, 3, 0
7914, 236134, 2, 3, 6, 1, 3, 4, 0
7915, 236135, 2, 3, 6, 1, 3, 5, 0
7916, 236141, 2, 3, 6, 1, 4, 1, 0
7917, 236142, 2, 3, 6, 1, 4, 2, 0
7918, 236143, 2, 3, 6, 1, 4, 3, 0
7919, 236144, 2, 3, 6, 1, 4, 4, 0
7920, 236145, 2, 3, 6, 1, 4, 5, 0
7921, 236151, 2, 3, 6, 1, 5, 1, 0
7922, 236152, 2, 3, 6, 1, 5, 2, 0
7923, 236153, 2, 3, 6, 1, 5, 3, 0
7924, 236154, 2, 3, 6, 1, 5, 4, 0
7925, 236155, 2, 3, 6, 1, 5, 5, 0
7926, 236211, 2, 3, 6, 2, 1, 1, 0
7927, 236212, 2, 3, 6, 2, 1, 2, 0
7928, 236213, 2, 3, 6, 2, 1, 3, 0
7929, 236214, 2, 3, 6, 2, 1, 4, 0
7930, 236215, 2, 3, 6, 2, 1, 5, 0
7931, 236221, 2, 3, 6, 2, 2, 1, 0
7932, 236222, 2, 3, 6, 2, 2, 2, 0
7933, 236223, 2, 3, 6, 2, 2, 3, 0
7934, 236224, 2, 3, 6, 2, 2, 4, 0
7935, 236225, 2, 3, 6, 2, 2, 5, 0
7936, 236231, 2, 3, 6, 2, 3, 1, 0
7937, 236232, 2, 3, 6, 2, 3, 2, 0
7938, 236233, 2, 3, 6, 2, 3, 3, 0
7939, 236234, 2, 3, 6, 2, 3, 4, 0
7940, 236235, 2, 3, 6, 2, 3, 5, 0
7941, 236241, 2, 3, 6, 2, 4, 1, 0
7942, 236242, 2, 3, 6, 2, 4, 2, 0
7943, 236243, 2, 3, 6, 2, 4, 3, 0
7944, 236244, 2, 3, 6, 2, 4, 4, 0
7945, 236245, 2, 3, 6, 2, 4, 5, 0
7946, 236251, 2, 3, 6, 2, 5, 1, 0
7947, 236252, 2, 3, 6, 2, 5, 2, 0
7948, 236253, 2, 3, 6, 2, 5, 3, 0
7949, 236254, 2, 3, 6, 2, 5, 4, 0
7950, 236255, 2, 3, 6, 2, 5, 5, 0
7951, 236311, 2, 3, 6, 3, 1, 1, 0
7952, 236312, 2, 3, 6, 3, 1, 2, 0
7953, 236313, 2, 3, 6, 3, 1, 3, 0
7954, 236314, 2, 3, 6, 3, 1, 4, 0
7955, 236315, 2, 3, 6, 3, 1, 5, 0
7956, 236321, 2, 3, 6, 3, 2, 1, 0
7957, 236322, 2, 3, 6, 3, 2, 2, 0
7958, 236323, 2, 3, 6, 3, 2, 3, 0
7959, 236324, 2, 3, 6, 3, 2, 4, 0
7960, 236325, 2, 3, 6, 3, 2, 5, 0
7961, 236331, 2, 3, 6, 3, 3, 1, 0
7962, 236332, 2, 3, 6, 3, 3, 2, 0
7963, 236333, 2, 3, 6, 3, 3, 3, 0
7964, 236334, 2, 3, 6, 3, 3, 4, 0
7965, 236335, 2, 3, 6, 3, 3, 5, 0
7966, 236341, 2, 3, 6, 3, 4, 1, 0
7967, 236342, 2, 3, 6, 3, 4, 2, 0
7968, 236343, 2, 3, 6, 3, 4, 3, 0
7969, 236344, 2, 3, 6, 3, 4, 4, 0
7970, 236345, 2, 3, 6, 3, 4, 5, 0
7971, 236351, 2, 3, 6, 3, 5, 1, 0
7972, 236352, 2, 3, 6, 3, 5, 2, 0
7973, 236353, 2, 3, 6, 3, 5, 3, 0
7974, 236354, 2, 3, 6, 3, 5, 4, 0
7975, 236355, 2, 3, 6, 3, 5, 5, 0
7976, 236411, 2, 3, 6, 4, 1, 1, 0
7977, 236412, 2, 3, 6, 4, 1, 2, 0
7978, 236413, 2, 3, 6, 4, 1, 3, 0
7979, 236414, 2, 3, 6, 4, 1, 4, 0
7980, 236415, 2, 3, 6, 4, 1, 5, 0
7981, 236421, 2, 3, 6, 4, 2, 1, 0
7982, 236422, 2, 3, 6, 4, 2, 2, 0
7983, 236423, 2, 3, 6, 4, 2, 3, 0
7984, 236424, 2, 3, 6, 4, 2, 4, 0
7985, 236425, 2, 3, 6, 4, 2, 5, 0
7986, 236431, 2, 3, 6, 4, 3, 1, 0
7987, 236432, 2, 3, 6, 4, 3, 2, 0
7988, 236433, 2, 3, 6, 4, 3, 3, 0
7989, 236434, 2, 3, 6, 4, 3, 4, 0
7990, 236435, 2, 3, 6, 4, 3, 5, 0
7991, 236441, 2, 3, 6, 4, 4, 1, 0
7992, 236442, 2, 3, 6, 4, 4, 2, 0
7993, 236443, 2, 3, 6, 4, 4, 3, 0
7994, 236444, 2, 3, 6, 4, 4, 4, 0
7995, 236445, 2, 3, 6, 4, 4, 5, 0
7996, 236451, 2, 3, 6, 4, 5, 1, 0
7997, 236452, 2, 3, 6, 4, 5, 2, 0
7998, 236453, 2, 3, 6, 4, 5, 3, 0
7999, 236454, 2, 3, 6, 4, 5, 4, 0
8000, 236455, 2, 3, 6, 4, 5, 5, 0
8001, 237111, 2, 3, 7, 1, 1, 1, 0
8002, 237112, 2, 3, 7, 1, 1, 2, 0
8003, 237113, 2, 3, 7, 1, 1, 3, 0
8004, 237114, 2, 3, 7, 1, 1, 4, 0
8005, 237115, 2, 3, 7, 1, 1, 5, 0
8006, 237121, 2, 3, 7, 1, 2, 1, 0
8007, 237122, 2, 3, 7, 1, 2, 2, 0
8008, 237123, 2, 3, 7, 1, 2, 3, 0
8009, 237124, 2, 3, 7, 1, 2, 4, 0
8010, 237125, 2, 3, 7, 1, 2, 5, 0
8011, 237131, 2, 3, 7, 1, 3, 1, 0
8012, 237132, 2, 3, 7, 1, 3, 2, 0
8013, 237133, 2, 3, 7, 1, 3, 3, 0
8014, 237134, 2, 3, 7, 1, 3, 4, 0
8015, 237135, 2, 3, 7, 1, 3, 5, 0
8016, 237141, 2, 3, 7, 1, 4, 1, 0
8017, 237142, 2, 3, 7, 1, 4, 2, 0
8018, 237143, 2, 3, 7, 1, 4, 3, 0
8019, 237144, 2, 3, 7, 1, 4, 4, 0
8020, 237145, 2, 3, 7, 1, 4, 5, 0
8021, 237151, 2, 3, 7, 1, 5, 1, 0
8022, 237152, 2, 3, 7, 1, 5, 2, 0
8023, 237153, 2, 3, 7, 1, 5, 3, 0
8024, 237154, 2, 3, 7, 1, 5, 4, 0
8025, 237155, 2, 3, 7, 1, 5, 5, 0
8026, 237211, 2, 3, 7, 2, 1, 1, 0
8027, 237212, 2, 3, 7, 2, 1, 2, 0
8028, 237213, 2, 3, 7, 2, 1, 3, 0
8029, 237214, 2, 3, 7, 2, 1, 4, 0
8030, 237215, 2, 3, 7, 2, 1, 5, 0
8031, 237221, 2, 3, 7, 2, 2, 1, 0
8032, 237222, 2, 3, 7, 2, 2, 2, 0
8033, 237223, 2, 3, 7, 2, 2, 3, 0
8034, 237224, 2, 3, 7, 2, 2, 4, 0
8035, 237225, 2, 3, 7, 2, 2, 5, 0
8036, 237231, 2, 3, 7, 2, 3, 1, 0
8037, 237232, 2, 3, 7, 2, 3, 2, 0
8038, 237233, 2, 3, 7, 2, 3, 3, 0
8039, 237234, 2, 3, 7, 2, 3, 4, 0
8040, 237235, 2, 3, 7, 2, 3, 5, 0
8041, 237241, 2, 3, 7, 2, 4, 1, 0
8042, 237242, 2, 3, 7, 2, 4, 2, 0
8043, 237243, 2, 3, 7, 2, 4, 3, 0
8044, 237244, 2, 3, 7, 2, 4, 4, 0
8045, 237245, 2, 3, 7, 2, 4, 5, 0
8046, 237251, 2, 3, 7, 2, 5, 1, 0
8047, 237252, 2, 3, 7, 2, 5, 2, 0
8048, 237253, 2, 3, 7, 2, 5, 3, 0
8049, 237254, 2, 3, 7, 2, 5, 4, 0
8050, 237255, 2, 3, 7, 2, 5, 5, 0
8051, 237311, 2, 3, 7, 3, 1, 1, 0
8052, 237312, 2, 3, 7, 3, 1, 2, 0
8053, 237313, 2, 3, 7, 3, 1, 3, 0
8054, 237314, 2, 3, 7, 3, 1, 4, 0
8055, 237315, 2, 3, 7, 3, 1, 5, 0
8056, 237321, 2, 3, 7, 3, 2, 1, 0
8057, 237322, 2, 3, 7, 3, 2, 2, 0
8058, 237323, 2, 3, 7, 3, 2, 3, 0
8059, 237324, 2, 3, 7, 3, 2, 4, 0
8060, 237325, 2, 3, 7, 3, 2, 5, 0
8061, 237331, 2, 3, 7, 3, 3, 1, 0
8062, 237332, 2, 3, 7, 3, 3, 2, 0
8063, 237333, 2, 3, 7, 3, 3, 3, 0
8064, 237334, 2, 3, 7, 3, 3, 4, 0
8065, 237335, 2, 3, 7, 3, 3, 5, 0
8066, 237341, 2, 3, 7, 3, 4, 1, 0
8067, 237342, 2, 3, 7, 3, 4, 2, 0
8068, 237343, 2, 3, 7, 3, 4, 3, 0
8069, 237344, 2, 3, 7, 3, 4, 4, 0
8070, 237345, 2, 3, 7, 3, 4, 5, 0
8071, 237351, 2, 3, 7, 3, 5, 1, 0
8072, 237352, 2, 3, 7, 3, 5, 2, 0
8073, 237353, 2, 3, 7, 3, 5, 3, 0
8074, 237354, 2, 3, 7, 3, 5, 4, 0
8075, 237355, 2, 3, 7, 3, 5, 5, 0
8076, 237411, 2, 3, 7, 4, 1, 1, 0
8077, 237412, 2, 3, 7, 4, 1, 2, 0
8078, 237413, 2, 3, 7, 4, 1, 3, 0
8079, 237414, 2, 3, 7, 4, 1, 4, 0
8080, 237415, 2, 3, 7, 4, 1, 5, 0
8081, 237421, 2, 3, 7, 4, 2, 1, 0
8082, 237422, 2, 3, 7, 4, 2, 2, 0
8083, 237423, 2, 3, 7, 4, 2, 3, 0
8084, 237424, 2, 3, 7, 4, 2, 4, 0
8085, 237425, 2, 3, 7, 4, 2, 5, 0
8086, 237431, 2, 3, 7, 4, 3, 1, 0
8087, 237432, 2, 3, 7, 4, 3, 2, 0
8088, 237433, 2, 3, 7, 4, 3, 3, 0
8089, 237434, 2, 3, 7, 4, 3, 4, 0
8090, 237435, 2, 3, 7, 4, 3, 5, 0
8091, 237441, 2, 3, 7, 4, 4, 1, 0
8092, 237442, 2, 3, 7, 4, 4, 2, 0
8093, 237443, 2, 3, 7, 4, 4, 3, 0
8094, 237444, 2, 3, 7, 4, 4, 4, 0
8095, 237445, 2, 3, 7, 4, 4, 5, 0
8096, 237451, 2, 3, 7, 4, 5, 1, 0
8097, 237452, 2, 3, 7, 4, 5, 2, 0
8098, 237453, 2, 3, 7, 4, 5, 3, 0
8099, 237454, 2, 3, 7, 4, 5, 4, 0
8100, 237455, 2, 3, 7, 4, 5, 5, 0
8101, 241111, 2, 4, 1, 1, 1, 1, 0
8102, 241112, 2, 4, 1, 1, 1, 2, 0
8103, 241113, 2, 4, 1, 1, 1, 3, 0
8104, 241114, 2, 4, 1, 1, 1, 4, 0
8105, 241115, 2, 4, 1, 1, 1, 5, 0
8106, 241121, 2, 4, 1, 1, 2, 1, 0
8107, 241122, 2, 4, 1, 1, 2, 2, 0
8108, 241123, 2, 4, 1, 1, 2, 3, 0
8109, 241124, 2, 4, 1, 1, 2, 4, 0
8110, 241125, 2, 4, 1, 1, 2, 5, 0
8111, 241131, 2, 4, 1, 1, 3, 1, 0
8112, 241132, 2, 4, 1, 1, 3, 2, 0
8113, 241133, 2, 4, 1, 1, 3, 3, 0
8114, 241134, 2, 4, 1, 1, 3, 4, 0
8115, 241135, 2, 4, 1, 1, 3, 5, 0
8116, 241141, 2, 4, 1, 1, 4, 1, 0
8117, 241142, 2, 4, 1, 1, 4, 2, 0
8118, 241143, 2, 4, 1, 1, 4, 3, 0
8119, 241144, 2, 4, 1, 1, 4, 4, 0
8120, 241145, 2, 4, 1, 1, 4, 5, 0
8121, 241151, 2, 4, 1, 1, 5, 1, 0
8122, 241152, 2, 4, 1, 1, 5, 2, 0
8123, 241153, 2, 4, 1, 1, 5, 3, 0
8124, 241154, 2, 4, 1, 1, 5, 4, 0
8125, 241155, 2, 4, 1, 1, 5, 5, 0
8126, 241211, 2, 4, 1, 2, 1, 1, 0
8127, 241212, 2, 4, 1, 2, 1, 2, 0
8128, 241213, 2, 4, 1, 2, 1, 3, 0
8129, 241214, 2, 4, 1, 2, 1, 4, 0
8130, 241215, 2, 4, 1, 2, 1, 5, 0
8131, 241221, 2, 4, 1, 2, 2, 1, 0
8132, 241222, 2, 4, 1, 2, 2, 2, 0
8133, 241223, 2, 4, 1, 2, 2, 3, 0
8134, 241224, 2, 4, 1, 2, 2, 4, 0
8135, 241225, 2, 4, 1, 2, 2, 5, 0
8136, 241231, 2, 4, 1, 2, 3, 1, 0
8137, 241232, 2, 4, 1, 2, 3, 2, 0
8138, 241233, 2, 4, 1, 2, 3, 3, 0
8139, 241234, 2, 4, 1, 2, 3, 4, 0
8140, 241235, 2, 4, 1, 2, 3, 5, 0
8141, 241241, 2, 4, 1, 2, 4, 1, 0
8142, 241242, 2, 4, 1, 2, 4, 2, 0
8143, 241243, 2, 4, 1, 2, 4, 3, 0
8144, 241244, 2, 4, 1, 2, 4, 4, 0
8145, 241245, 2, 4, 1, 2, 4, 5, 0
8146, 241251, 2, 4, 1, 2, 5, 1, 0
8147, 241252, 2, 4, 1, 2, 5, 2, 0
8148, 241253, 2, 4, 1, 2, 5, 3, 0
8149, 241254, 2, 4, 1, 2, 5, 4, 0
8150, 241255, 2, 4, 1, 2, 5, 5, 0
8151, 241311, 2, 4, 1, 3, 1, 1, 0
8152, 241312, 2, 4, 1, 3, 1, 2, 0
8153, 241313, 2, 4, 1, 3, 1, 3, 0
8154, 241314, 2, 4, 1, 3, 1, 4, 0
8155, 241315, 2, 4, 1, 3, 1, 5, 0
8156, 241321, 2, 4, 1, 3, 2, 1, 0
8157, 241322, 2, 4, 1, 3, 2, 2, 0
8158, 241323, 2, 4, 1, 3, 2, 3, 0
8159, 241324, 2, 4, 1, 3, 2, 4, 0
8160, 241325, 2, 4, 1, 3, 2, 5, 0
8161, 241331, 2, 4, 1, 3, 3, 1, 0
8162, 241332, 2, 4, 1, 3, 3, 2, 0
8163, 241333, 2, 4, 1, 3, 3, 3, 0
8164, 241334, 2, 4, 1, 3, 3, 4, 0
8165, 241335, 2, 4, 1, 3, 3, 5, 0
8166, 241341, 2, 4, 1, 3, 4, 1, 0
8167, 241342, 2, 4, 1, 3, 4, 2, 0
8168, 241343, 2, 4, 1, 3, 4, 3, 0
8169, 241344, 2, 4, 1, 3, 4, 4, 0
8170, 241345, 2, 4, 1, 3, 4, 5, 0
8171, 241351, 2, 4, 1, 3, 5, 1, 0
8172, 241352, 2, 4, 1, 3, 5, 2, 0
8173, 241353, 2, 4, 1, 3, 5, 3, 0
8174, 241354, 2, 4, 1, 3, 5, 4, 0
8175, 241355, 2, 4, 1, 3, 5, 5, 0
8176, 241411, 2, 4, 1, 4, 1, 1, 0
8177, 241412, 2, 4, 1, 4, 1, 2, 0
8178, 241413, 2, 4, 1, 4, 1, 3, 0
8179, 241414, 2, 4, 1, 4, 1, 4, 0
8180, 241415, 2, 4, 1, 4, 1, 5, 0
8181, 241421, 2, 4, 1, 4, 2, 1, 0
8182, 241422, 2, 4, 1, 4, 2, 2, 0
8183, 241423, 2, 4, 1, 4, 2, 3, 0
8184, 241424, 2, 4, 1, 4, 2, 4, 0
8185, 241425, 2, 4, 1, 4, 2, 5, 0
8186, 241431, 2, 4, 1, 4, 3, 1, 0
8187, 241432, 2, 4, 1, 4, 3, 2, 0
8188, 241433, 2, 4, 1, 4, 3, 3, 0
8189, 241434, 2, 4, 1, 4, 3, 4, 0
8190, 241435, 2, 4, 1, 4, 3, 5, 0
8191, 241441, 2, 4, 1, 4, 4, 1, 0
8192, 241442, 2, 4, 1, 4, 4, 2, 0
8193, 241443, 2, 4, 1, 4, 4, 3, 0
8194, 241444, 2, 4, 1, 4, 4, 4, 0
8195, 241445, 2, 4, 1, 4, 4, 5, 0
8196, 241451, 2, 4, 1, 4, 5, 1, 0
8197, 241452, 2, 4, 1, 4, 5, 2, 0
8198, 241453, 2, 4, 1, 4, 5, 3, 0
8199, 241454, 2, 4, 1, 4, 5, 4, 0
8200, 241455, 2, 4, 1, 4, 5, 5, 0
8201, 242111, 2, 4, 2, 1, 1, 1, 0
8202, 242112, 2, 4, 2, 1, 1, 2, 0
8203, 242113, 2, 4, 2, 1, 1, 3, 0
8204, 242114, 2, 4, 2, 1, 1, 4, 0
8205, 242115, 2, 4, 2, 1, 1, 5, 0
8206, 242121, 2, 4, 2, 1, 2, 1, 0
8207, 242122, 2, 4, 2, 1, 2, 2, 0
8208, 242123, 2, 4, 2, 1, 2, 3, 0
8209, 242124, 2, 4, 2, 1, 2, 4, 0
8210, 242125, 2, 4, 2, 1, 2, 5, 0
8211, 242131, 2, 4, 2, 1, 3, 1, 0
8212, 242132, 2, 4, 2, 1, 3, 2, 0
8213, 242133, 2, 4, 2, 1, 3, 3, 0
8214, 242134, 2, 4, 2, 1, 3, 4, 0
8215, 242135, 2, 4, 2, 1, 3, 5, 0
8216, 242141, 2, 4, 2, 1, 4, 1, 0
8217, 242142, 2, 4, 2, 1, 4, 2, 0
8218, 242143, 2, 4, 2, 1, 4, 3, 0
8219, 242144, 2, 4, 2, 1, 4, 4, 0
8220, 242145, 2, 4, 2, 1, 4, 5, 0
8221, 242151, 2, 4, 2, 1, 5, 1, 0
8222, 242152, 2, 4, 2, 1, 5, 2, 0
8223, 242153, 2, 4, 2, 1, 5, 3, 0
8224, 242154, 2, 4, 2, 1, 5, 4, 0
8225, 242155, 2, 4, 2, 1, 5, 5, 0
8226, 242211, 2, 4, 2, 2, 1, 1, 0
8227, 242212, 2, 4, 2, 2, 1, 2, 0
8228, 242213, 2, 4, 2, 2, 1, 3, 0
8229, 242214, 2, 4, 2, 2, 1, 4, 0
8230, 242215, 2, 4, 2, 2, 1, 5, 0
8231, 242221, 2, 4, 2, 2, 2, 1, 0
8232, 242222, 2, 4, 2, 2, 2, 2, 0
8233, 242223, 2, 4, 2, 2, 2, 3, 0
8234, 242224, 2, 4, 2, 2, 2, 4, 0
8235, 242225, 2, 4, 2, 2, 2, 5, 0
8236, 242231, 2, 4, 2, 2, 3, 1, 0
8237, 242232, 2, 4, 2, 2, 3, 2, 0
8238, 242233, 2, 4, 2, 2, 3, 3, 0
8239, 242234, 2, 4, 2, 2, 3, 4, 0
8240, 242235, 2, 4, 2, 2, 3, 5, 0
8241, 242241, 2, 4, 2, 2, 4, 1, 0
8242, 242242, 2, 4, 2, 2, 4, 2, 0
8243, 242243, 2, 4, 2, 2, 4, 3, 0
8244, 242244, 2, 4, 2, 2, 4, 4, 0
8245, 242245, 2, 4, 2, 2, 4, 5, 0
8246, 242251, 2, 4, 2, 2, 5, 1, 0
8247, 242252, 2, 4, 2, 2, 5, 2, 0
8248, 242253, 2, 4, 2, 2, 5, 3, 0
8249, 242254, 2, 4, 2, 2, 5, 4, 0
8250, 242255, 2, 4, 2, 2, 5, 5, 0
8251, 242311, 2, 4, 2, 3, 1, 1, 0
8252, 242312, 2, 4, 2, 3, 1, 2, 0
8253, 242313, 2, 4, 2, 3, 1, 3, 0
8254, 242314, 2, 4, 2, 3, 1, 4, 0
8255, 242315, 2, 4, 2, 3, 1, 5, 0
8256, 242321, 2, 4, 2, 3, 2, 1, 0
8257, 242322, 2, 4, 2, 3, 2, 2, 0
8258, 242323, 2, 4, 2, 3, 2, 3, 0
8259, 242324, 2, 4, 2, 3, 2, 4, 0
8260, 242325, 2, 4, 2, 3, 2, 5, 0
8261, 242331, 2, 4, 2, 3, 3, 1, 0
8262, 242332, 2, 4, 2, 3, 3, 2, 0
8263, 242333, 2, 4, 2, 3, 3, 3, 0
8264, 242334, 2, 4, 2, 3, 3, 4, 0
8265, 242335, 2, 4, 2, 3, 3, 5, 0
8266, 242341, 2, 4, 2, 3, 4, 1, 0
8267, 242342, 2, 4, 2, 3, 4, 2, 0
8268, 242343, 2, 4, 2, 3, 4, 3, 0
8269, 242344, 2, 4, 2, 3, 4, 4, 0
8270, 242345, 2, 4, 2, 3, 4, 5, 0
8271, 242351, 2, 4, 2, 3, 5, 1, 0
8272, 242352, 2, 4, 2, 3, 5, 2, 0
8273, 242353, 2, 4, 2, 3, 5, 3, 0
8274, 242354, 2, 4, 2, 3, 5, 4, 0
8275, 242355, 2, 4, 2, 3, 5, 5, 0
8276, 242411, 2, 4, 2, 4, 1, 1, 0
8277, 242412, 2, 4, 2, 4, 1, 2, 0
8278, 242413, 2, 4, 2, 4, 1, 3, 0
8279, 242414, 2, 4, 2, 4, 1, 4, 0
8280, 242415, 2, 4, 2, 4, 1, 5, 0
8281, 242421, 2, 4, 2, 4, 2, 1, 0
8282, 242422, 2, 4, 2, 4, 2, 2, 0
8283, 242423, 2, 4, 2, 4, 2, 3, 0
8284, 242424, 2, 4, 2, 4, 2, 4, 0
8285, 242425, 2, 4, 2, 4, 2, 5, 0
8286, 242431, 2, 4, 2, 4, 3, 1, 0
8287, 242432, 2, 4, 2, 4, 3, 2, 0
8288, 242433, 2, 4, 2, 4, 3, 3, 0
8289, 242434, 2, 4, 2, 4, 3, 4, 0
8290, 242435, 2, 4, 2, 4, 3, 5, 0
8291, 242441, 2, 4, 2, 4, 4, 1, 0
8292, 242442, 2, 4, 2, 4, 4, 2, 0
8293, 242443, 2, 4, 2, 4, 4, 3, 0
8294, 242444, 2, 4, 2, 4, 4, 4, 0
8295, 242445, 2, 4, 2, 4, 4, 5, 0
8296, 242451, 2, 4, 2, 4, 5, 1, 0
8297, 242452, 2, 4, 2, 4, 5, 2, 0
8298, 242453, 2, 4, 2, 4, 5, 3, 0
8299, 242454, 2, 4, 2, 4, 5, 4, 0
8300, 242455, 2, 4, 2, 4, 5, 5, 0
8301, 243111, 2, 4, 3, 1, 1, 1, 0
8302, 243112, 2, 4, 3, 1, 1, 2, 0
8303, 243113, 2, 4, 3, 1, 1, 3, 0
8304, 243114, 2, 4, 3, 1, 1, 4, 0
8305, 243115, 2, 4, 3, 1, 1, 5, 0
8306, 243121, 2, 4, 3, 1, 2, 1, 0
8307, 243122, 2, 4, 3, 1, 2, 2, 0
8308, 243123, 2, 4, 3, 1, 2, 3, 0
8309, 243124, 2, 4, 3, 1, 2, 4, 0
8310, 243125, 2, 4, 3, 1, 2, 5, 0
8311, 243131, 2, 4, 3, 1, 3, 1, 0
8312, 243132, 2, 4, 3, 1, 3, 2, 0
8313, 243133, 2, 4, 3, 1, 3, 3, 0
8314, 243134, 2, 4, 3, 1, 3, 4, 0
8315, 243135, 2, 4, 3, 1, 3, 5, 0
8316, 243141, 2, 4, 3, 1, 4, 1, 0
8317, 243142, 2, 4, 3, 1, 4, 2, 0
8318, 243143, 2, 4, 3, 1, 4, 3, 0
8319, 243144, 2, 4, 3, 1, 4, 4, 0
8320, 243145, 2, 4, 3, 1, 4, 5, 0
8321, 243151, 2, 4, 3, 1, 5, 1, 0
8322, 243152, 2, 4, 3, 1, 5, 2, 0
8323, 243153, 2, 4, 3, 1, 5, 3, 0
8324, 243154, 2, 4, 3, 1, 5, 4, 0
8325, 243155, 2, 4, 3, 1, 5, 5, 0
8326, 243211, 2, 4, 3, 2, 1, 1, 0
8327, 243212, 2, 4, 3, 2, 1, 2, 0
8328, 243213, 2, 4, 3, 2, 1, 3, 0
8329, 243214, 2, 4, 3, 2, 1, 4, 0
8330, 243215, 2, 4, 3, 2, 1, 5, 0
8331, 243221, 2, 4, 3, 2, 2, 1, 0
8332, 243222, 2, 4, 3, 2, 2, 2, 0
8333, 243223, 2, 4, 3, 2, 2, 3, 0
8334, 243224, 2, 4, 3, 2, 2, 4, 0
8335, 243225, 2, 4, 3, 2, 2, 5, 0
8336, 243231, 2, 4, 3, 2, 3, 1, 0
8337, 243232, 2, 4, 3, 2, 3, 2, 0
8338, 243233, 2, 4, 3, 2, 3, 3, 0
8339, 243234, 2, 4, 3, 2, 3, 4, 0
8340, 243235, 2, 4, 3, 2, 3, 5, 0
8341, 243241, 2, 4, 3, 2, 4, 1, 0
8342, 243242, 2, 4, 3, 2, 4, 2, 0
8343, 243243, 2, 4, 3, 2, 4, 3, 0
8344, 243244, 2, 4, 3, 2, 4, 4, 0
8345, 243245, 2, 4, 3, 2, 4, 5, 0
8346, 243251, 2, 4, 3, 2, 5, 1, 0
8347, 243252, 2, 4, 3, 2, 5, 2, 0
8348, 243253, 2, 4, 3, 2, 5, 3, 0
8349, 243254, 2, 4, 3, 2, 5, 4, 0
8350, 243255, 2, 4, 3, 2, 5, 5, 0
8351, 243311, 2, 4, 3, 3, 1, 1, 0
8352, 243312, 2, 4, 3, 3, 1, 2, 0
8353, 243313, 2, 4, 3, 3, 1, 3, 0
8354, 243314, 2, 4, 3, 3, 1, 4, 0
8355, 243315, 2, 4, 3, 3, 1, 5, 0
8356, 243321, 2, 4, 3, 3, 2, 1, 0
8357, 243322, 2, 4, 3, 3, 2, 2, 0
8358, 243323, 2, 4, 3, 3, 2, 3, 0
8359, 243324, 2, 4, 3, 3, 2, 4, 0
8360, 243325, 2, 4, 3, 3, 2, 5, 0
8361, 243331, 2, 4, 3, 3, 3, 1, 0
8362, 243332, 2, 4, 3, 3, 3, 2, 0
8363, 243333, 2, 4, 3, 3, 3, 3, 0
8364, 243334, 2, 4, 3, 3, 3, 4, 0
8365, 243335, 2, 4, 3, 3, 3, 5, 0
8366, 243341, 2, 4, 3, 3, 4, 1, 0
8367, 243342, 2, 4, 3, 3, 4, 2, 0
8368, 243343, 2, 4, 3, 3, 4, 3, 0
8369, 243344, 2, 4, 3, 3, 4, 4, 0
8370, 243345, 2, 4, 3, 3, 4, 5, 0
8371, 243351, 2, 4, 3, 3, 5, 1, 0
8372, 243352, 2, 4, 3, 3, 5, 2, 0
8373, 243353, 2, 4, 3, 3, 5, 3, 0
8374, 243354, 2, 4, 3, 3, 5, 4, 0
8375, 243355, 2, 4, 3, 3, 5, 5, 0
8376, 243411, 2, 4, 3, 4, 1, 1, 0
8377, 243412, 2, 4, 3, 4, 1, 2, 0
8378, 243413, 2, 4, 3, 4, 1, 3, 0
8379, 243414, 2, 4, 3, 4, 1, 4, 0
8380, 243415, 2, 4, 3, 4, 1, 5, 0
8381, 243421, 2, 4, 3, 4, 2, 1, 0
8382, 243422, 2, 4, 3, 4, 2, 2, 0
8383, 243423, 2, 4, 3, 4, 2, 3, 0
8384, 243424, 2, 4, 3, 4, 2, 4, 0
8385, 243425, 2, 4, 3, 4, 2, 5, 0
8386, 243431, 2, 4, 3, 4, 3, 1, 0
8387, 243432, 2, 4, 3, 4, 3, 2, 0
8388, 243433, 2, 4, 3, 4, 3, 3, 0
8389, 243434, 2, 4, 3, 4, 3, 4, 0
8390, 243435, 2, 4, 3, 4, 3, 5, 0
8391, 243441, 2, 4, 3, 4, 4, 1, 0
8392, 243442, 2, 4, 3, 4, 4, 2, 0
8393, 243443, 2, 4, 3, 4, 4, 3, 0
8394, 243444, 2, 4, 3, 4, 4, 4, 0
8395, 243445, 2, 4, 3, 4, 4, 5, 0
8396, 243451, 2, 4, 3, 4, 5, 1, 0
8397, 243452, 2, 4, 3, 4, 5, 2, 0
8398, 243453, 2, 4, 3, 4, 5, 3, 0
8399, 243454, 2, 4, 3, 4, 5, 4, 0
8400, 243455, 2, 4, 3, 4, 5, 5, 0
8401, 244111, 2, 4, 4, 1, 1, 1, 0
8402, 244112, 2, 4, 4, 1, 1, 2, 0
8403, 244113, 2, 4, 4, 1, 1, 3, 0
8404, 244114, 2, 4, 4, 1, 1, 4, 0
8405, 244115, 2, 4, 4, 1, 1, 5, 0
8406, 244121, 2, 4, 4, 1, 2, 1, 0
8407, 244122, 2, 4, 4, 1, 2, 2, 0
8408, 244123, 2, 4, 4, 1, 2, 3, 0
8409, 244124, 2, 4, 4, 1, 2, 4, 0
8410, 244125, 2, 4, 4, 1, 2, 5, 0
8411, 244131, 2, 4, 4, 1, 3, 1, 0
8412, 244132, 2, 4, 4, 1, 3, 2, 0
8413, 244133, 2, 4, 4, 1, 3, 3, 0
8414, 244134, 2, 4, 4, 1, 3, 4, 0
8415, 244135, 2, 4, 4, 1, 3, 5, 0
8416, 244141, 2, 4, 4, 1, 4, 1, 0
8417, 244142, 2, 4, 4, 1, 4, 2, 0
8418, 244143, 2, 4, 4, 1, 4, 3, 0
8419, 244144, 2, 4, 4, 1, 4, 4, 0
8420, 244145, 2, 4, 4, 1, 4, 5, 0
8421, 244151, 2, 4, 4, 1, 5, 1, 0
8422, 244152, 2, 4, 4, 1, 5, 2, 0
8423, 244153, 2, 4, 4, 1, 5, 3, 0
8424, 244154, 2, 4, 4, 1, 5, 4, 0
8425, 244155, 2, 4, 4, 1, 5, 5, 0
8426, 244211, 2, 4, 4, 2, 1, 1, 0
8427, 244212, 2, 4, 4, 2, 1, 2, 0
8428, 244213, 2, 4, 4, 2, 1, 3, 0
8429, 244214, 2, 4, 4, 2, 1, 4, 0
8430, 244215, 2, 4, 4, 2, 1, 5, 0
8431, 244221, 2, 4, 4, 2, 2, 1, 0
8432, 244222, 2, 4, 4, 2, 2, 2, 0
8433, 244223, 2, 4, 4, 2, 2, 3, 0
8434, 244224, 2, 4, 4, 2, 2, 4, 0
8435, 244225, 2, 4, 4, 2, 2, 5, 0
8436, 244231, 2, 4, 4, 2, 3, 1, 0
8437, 244232, 2, 4, 4, 2, 3, 2, 0
8438, 244233, 2, 4, 4, 2, 3, 3, 0
8439, 244234, 2, 4, 4, 2, 3, 4, 0
8440, 244235, 2, 4, 4, 2, 3, 5, 0
8441, 244241, 2, 4, 4, 2, 4, 1, 0
8442, 244242, 2, 4, 4, 2, 4, 2, 0
8443, 244243, 2, 4, 4, 2, 4, 3, 0
8444, 244244, 2, 4, 4, 2, 4, 4, 0
8445, 244245, 2, 4, 4, 2, 4, 5, 0
8446, 244251, 2, 4, 4, 2, 5, 1, 0
8447, 244252, 2, 4, 4, 2, 5, 2, 0
8448, 244253, 2, 4, 4, 2, 5, 3, 0
8449, 244254, 2, 4, 4, 2, 5, 4, 0
8450, 244255, 2, 4, 4, 2, 5, 5, 0
8451, 244311, 2, 4, 4, 3, 1, 1, 0
8452, 244312, 2, 4, 4, 3, 1, 2, 0
8453, 244313, 2, 4, 4, 3, 1, 3, 0
8454, 244314, 2, 4, 4, 3, 1, 4, 0
8455, 244315, 2, 4, 4, 3, 1, 5, 0
8456, 244321, 2, 4, 4, 3, 2, 1, 0
8457, 244322, 2, 4, 4, 3, 2, 2, 0
8458, 244323, 2, 4, 4, 3, 2, 3, 0
8459, 244324, 2, 4, 4, 3, 2, 4, 0
8460, 244325, 2, 4, 4, 3, 2, 5, 0
8461, 244331, 2, 4, 4, 3, 3, 1, 0
8462, 244332, 2, 4, 4, 3, 3, 2, 0
8463, 244333, 2, 4, 4, 3, 3, 3, 0
8464, 244334, 2, 4, 4, 3, 3, 4, 0
8465, 244335, 2, 4, 4, 3, 3, 5, 0
8466, 244341, 2, 4, 4, 3, 4, 1, 0
8467, 244342, 2, 4, 4, 3, 4, 2, 0
8468, 244343, 2, 4, 4, 3, 4, 3, 0
8469, 244344, 2, 4, 4, 3, 4, 4, 0
8470, 244345, 2, 4, 4, 3, 4, 5, 0
8471, 244351, 2, 4, 4, 3, 5, 1, 0
8472, 244352, 2, 4, 4, 3, 5, 2, 0
8473, 244353, 2, 4, 4, 3, 5, 3, 0
8474, 244354, 2, 4, 4, 3, 5, 4, 0
8475, 244355, 2, 4, 4, 3, 5, 5, 0
8476, 244411, 2, 4, 4, 4, 1, 1, 0
8477, 244412, 2, 4, 4, 4, 1, 2, 0
8478, 244413, 2, 4, 4, 4, 1, 3, 0
8479, 244414, 2, 4, 4, 4, 1, 4, 0
8480, 244415, 2, 4, 4, 4, 1, 5, 0
8481, 244421, 2, 4, 4, 4, 2, 1, 0
8482, 244422, 2, 4, 4, 4, 2, 2, 0
8483, 244423, 2, 4, 4, 4, 2, 3, 0
8484, 244424, 2, 4, 4, 4, 2, 4, 0
8485, 244425, 2, 4, 4, 4, 2, 5, 0
8486, 244431, 2, 4, 4, 4, 3, 1, 0
8487, 244432, 2, 4, 4, 4, 3, 2, 0
8488, 244433, 2, 4, 4, 4, 3, 3, 0
8489, 244434, 2, 4, 4, 4, 3, 4, 0
8490, 244435, 2, 4, 4, 4, 3, 5, 0
8491, 244441, 2, 4, 4, 4, 4, 1, 0
8492, 244442, 2, 4, 4, 4, 4, 2, 0
8493, 244443, 2, 4, 4, 4, 4, 3, 0
8494, 244444, 2, 4, 4, 4, 4, 4, 0
8495, 244445, 2, 4, 4, 4, 4, 5, 0
8496, 244451, 2, 4, 4, 4, 5, 1, 0
8497, 244452, 2, 4, 4, 4, 5, 2, 0
8498, 244453, 2, 4, 4, 4, 5, 3, 0
8499, 244454, 2, 4, 4, 4, 5, 4, 0
8500, 244455, 2, 4, 4, 4, 5, 5, 0
8501, 245111, 2, 4, 5, 1, 1, 1, 0
8502, 245112, 2, 4, 5, 1, 1, 2, 0
8503, 245113, 2, 4, 5, 1, 1, 3, 0
8504, 245114, 2, 4, 5, 1, 1, 4, 0
8505, 245115, 2, 4, 5, 1, 1, 5, 0
8506, 245121, 2, 4, 5, 1, 2, 1, 0
8507, 245122, 2, 4, 5, 1, 2, 2, 0
8508, 245123, 2, 4, 5, 1, 2, 3, 0
8509, 245124, 2, 4, 5, 1, 2, 4, 0
8510, 245125, 2, 4, 5, 1, 2, 5, 0
8511, 245131, 2, 4, 5, 1, 3, 1, 0
8512, 245132, 2, 4, 5, 1, 3, 2, 0
8513, 245133, 2, 4, 5, 1, 3, 3, 0
8514, 245134, 2, 4, 5, 1, 3, 4, 0
8515, 245135, 2, 4, 5, 1, 3, 5, 0
8516, 245141, 2, 4, 5, 1, 4, 1, 0
8517, 245142, 2, 4, 5, 1, 4, 2, 0
8518, 245143, 2, 4, 5, 1, 4, 3, 0
8519, 245144, 2, 4, 5, 1, 4, 4, 0
8520, 245145, 2, 4, 5, 1, 4, 5, 0
8521, 245151, 2, 4, 5, 1, 5, 1, 0
8522, 245152, 2, 4, 5, 1, 5, 2, 0
8523, 245153, 2, 4, 5, 1, 5, 3, 0
8524, 245154, 2, 4, 5, 1, 5, 4, 0
8525, 245155, 2, 4, 5, 1, 5, 5, 0
8526, 245211, 2, 4, 5, 2, 1, 1, 0
8527, 245212, 2, 4, 5, 2, 1, 2, 0
8528, 245213, 2, 4, 5, 2, 1, 3, 0
8529, 245214, 2, 4, 5, 2, 1, 4, 0
8530, 245215, 2, 4, 5, 2, 1, 5, 0
8531, 245221, 2, 4, 5, 2, 2, 1, 0
8532, 245222, 2, 4, 5, 2, 2, 2, 0
8533, 245223, 2, 4, 5, 2, 2, 3, 0
8534, 245224, 2, 4, 5, 2, 2, 4, 0
8535, 245225, 2, 4, 5, 2, 2, 5, 0
8536, 245231, 2, 4, 5, 2, 3, 1, 0
8537, 245232, 2, 4, 5, 2, 3, 2, 0
8538, 245233, 2, 4, 5, 2, 3, 3, 0
8539, 245234, 2, 4, 5, 2, 3, 4, 0
8540, 245235, 2, 4, 5, 2, 3, 5, 0
8541, 245241, 2, 4, 5, 2, 4, 1, 0
8542, 245242, 2, 4, 5, 2, 4, 2, 0
8543, 245243, 2, 4, 5, 2, 4, 3, 0
8544, 245244, 2, 4, 5, 2, 4, 4, 0
8545, 245245, 2, 4, 5, 2, 4, 5, 0
8546, 245251, 2, 4, 5, 2, 5, 1, 0
8547, 245252, 2, 4, 5, 2, 5, 2, 0
8548, 245253, 2, 4, 5, 2, 5, 3, 0
8549, 245254, 2, 4, 5, 2, 5, 4, 0
8550, 245255, 2, 4, 5, 2, 5, 5, 0
8551, 245311, 2, 4, 5, 3, 1, 1, 0
8552, 245312, 2, 4, 5, 3, 1, 2, 0
8553, 245313, 2, 4, 5, 3, 1, 3, 0
8554, 245314, 2, 4, 5, 3, 1, 4, 0
8555, 245315, 2, 4, 5, 3, 1, 5, 0
8556, 245321, 2, 4, 5, 3, 2, 1, 0
8557, 245322, 2, 4, 5, 3, 2, 2, 0
8558, 245323, 2, 4, 5, 3, 2, 3, 0
8559, 245324, 2, 4, 5, 3, 2, 4, 0
8560, 245325, 2, 4, 5, 3, 2, 5, 0
8561, 245331, 2, 4, 5, 3, 3, 1, 0
8562, 245332, 2, 4, 5, 3, 3, 2, 0
8563, 245333, 2, 4, 5, 3, 3, 3, 0
8564, 245334, 2, 4, 5, 3, 3, 4, 0
8565, 245335, 2, 4, 5, 3, 3, 5, 0
8566, 245341, 2, 4, 5, 3, 4, 1, 0
8567, 245342, 2, 4, 5, 3, 4, 2, 0
8568, 245343, 2, 4, 5, 3, 4, 3, 0
8569, 245344, 2, 4, 5, 3, 4, 4, 0
8570, 245345, 2, 4, 5, 3, 4, 5, 0
8571, 245351, 2, 4, 5, 3, 5, 1, 0
8572, 245352, 2, 4, 5, 3, 5, 2, 0
8573, 245353, 2, 4, 5, 3, 5, 3, 0
8574, 245354, 2, 4, 5, 3, 5, 4, 0
8575, 245355, 2, 4, 5, 3, 5, 5, 0
8576, 245411, 2, 4, 5, 4, 1, 1, 0
8577, 245412, 2, 4, 5, 4, 1, 2, 0
8578, 245413, 2, 4, 5, 4, 1, 3, 0
8579, 245414, 2, 4, 5, 4, 1, 4, 0
8580, 245415, 2, 4, 5, 4, 1, 5, 0
8581, 245421, 2, 4, 5, 4, 2, 1, 0
8582, 245422, 2, 4, 5, 4, 2, 2, 0
8583, 245423, 2, 4, 5, 4, 2, 3, 0
8584, 245424, 2, 4, 5, 4, 2, 4, 0
8585, 245425, 2, 4, 5, 4, 2, 5, 0
8586, 245431, 2, 4, 5, 4, 3, 1, 0
8587, 245432, 2, 4, 5, 4, 3, 2, 0
8588, 245433, 2, 4, 5, 4, 3, 3, 0
8589, 245434, 2, 4, 5, 4, 3, 4, 0
8590, 245435, 2, 4, 5, 4, 3, 5, 0
8591, 245441, 2, 4, 5, 4, 4, 1, 0
8592, 245442, 2, 4, 5, 4, 4, 2, 0
8593, 245443, 2, 4, 5, 4, 4, 3, 0
8594, 245444, 2, 4, 5, 4, 4, 4, 0
8595, 245445, 2, 4, 5, 4, 4, 5, 0
8596, 245451, 2, 4, 5, 4, 5, 1, 0
8597, 245452, 2, 4, 5, 4, 5, 2, 0
8598, 245453, 2, 4, 5, 4, 5, 3, 0
8599, 245454, 2, 4, 5, 4, 5, 4, 0
8600, 245455, 2, 4, 5, 4, 5, 5, 0
8601, 246111, 2, 4, 6, 1, 1, 1, 0
8602, 246112, 2, 4, 6, 1, 1, 2, 0
8603, 246113, 2, 4, 6, 1, 1, 3, 0
8604, 246114, 2, 4, 6, 1, 1, 4, 0
8605, 246115, 2, 4, 6, 1, 1, 5, 0
8606, 246121, 2, 4, 6, 1, 2, 1, 0
8607, 246122, 2, 4, 6, 1, 2, 2, 0
8608, 246123, 2, 4, 6, 1, 2, 3, 0
8609, 246124, 2, 4, 6, 1, 2, 4, 0
8610, 246125, 2, 4, 6, 1, 2, 5, 0
8611, 246131, 2, 4, 6, 1, 3, 1, 0
8612, 246132, 2, 4, 6, 1, 3, 2, 0
8613, 246133, 2, 4, 6, 1, 3, 3, 0
8614, 246134, 2, 4, 6, 1, 3, 4, 0
8615, 246135, 2, 4, 6, 1, 3, 5, 0
8616, 246141, 2, 4, 6, 1, 4, 1, 0
8617, 246142, 2, 4, 6, 1, 4, 2, 0
8618, 246143, 2, 4, 6, 1, 4, 3, 0
8619, 246144, 2, 4, 6, 1, 4, 4, 0
8620, 246145, 2, 4, 6, 1, 4, 5, 0
8621, 246151, 2, 4, 6, 1, 5, 1, 0
8622, 246152, 2, 4, 6, 1, 5, 2, 0
8623, 246153, 2, 4, 6, 1, 5, 3, 0
8624, 246154, 2, 4, 6, 1, 5, 4, 0
8625, 246155, 2, 4, 6, 1, 5, 5, 0
8626, 246211, 2, 4, 6, 2, 1, 1, 0
8627, 246212, 2, 4, 6, 2, 1, 2, 0
8628, 246213, 2, 4, 6, 2, 1, 3, 0
8629, 246214, 2, 4, 6, 2, 1, 4, 0
8630, 246215, 2, 4, 6, 2, 1, 5, 0
8631, 246221, 2, 4, 6, 2, 2, 1, 0
8632, 246222, 2, 4, 6, 2, 2, 2, 0
8633, 246223, 2, 4, 6, 2, 2, 3, 0
8634, 246224, 2, 4, 6, 2, 2, 4, 0
8635, 246225, 2, 4, 6, 2, 2, 5, 0
8636, 246231, 2, 4, 6, 2, 3, 1, 0
8637, 246232, 2, 4, 6, 2, 3, 2, 0
8638, 246233, 2, 4, 6, 2, 3, 3, 0
8639, 246234, 2, 4, 6, 2, 3, 4, 0
8640, 246235, 2, 4, 6, 2, 3, 5, 0
8641, 246241, 2, 4, 6, 2, 4, 1, 0
8642, 246242, 2, 4, 6, 2, 4, 2, 0
8643, 246243, 2, 4, 6, 2, 4, 3, 0
8644, 246244, 2, 4, 6, 2, 4, 4, 0
8645, 246245, 2, 4, 6, 2, 4, 5, 0
8646, 246251, 2, 4, 6, 2, 5, 1, 0
8647, 246252, 2, 4, 6, 2, 5, 2, 0
8648, 246253, 2, 4, 6, 2, 5, 3, 0
8649, 246254, 2, 4, 6, 2, 5, 4, 0
8650, 246255, 2, 4, 6, 2, 5, 5, 0
8651, 246311, 2, 4, 6, 3, 1, 1, 0
8652, 246312, 2, 4, 6, 3, 1, 2, 0
8653, 246313, 2, 4, 6, 3, 1, 3, 0
8654, 246314, 2, 4, 6, 3, 1, 4, 0
8655, 246315, 2, 4, 6, 3, 1, 5, 0
8656, 246321, 2, 4, 6, 3, 2, 1, 0
8657, 246322, 2, 4, 6, 3, 2, 2, 0
8658, 246323, 2, 4, 6, 3, 2, 3, 0
8659, 246324, 2, 4, 6, 3, 2, 4, 0
8660, 246325, 2, 4, 6, 3, 2, 5, 0
8661, 246331, 2, 4, 6, 3, 3, 1, 0
8662, 246332, 2, 4, 6, 3, 3, 2, 0
8663, 246333, 2, 4, 6, 3, 3, 3, 0
8664, 246334, 2, 4, 6, 3, 3, 4, 0
8665, 246335, 2, 4, 6, 3, 3, 5, 0
8666, 246341, 2, 4, 6, 3, 4, 1, 0
8667, 246342, 2, 4, 6, 3, 4, 2, 0
8668, 246343, 2, 4, 6, 3, 4, 3, 0
8669, 246344, 2, 4, 6, 3, 4, 4, 0
8670, 246345, 2, 4, 6, 3, 4, 5, 0
8671, 246351, 2, 4, 6, 3, 5, 1, 0
8672, 246352, 2, 4, 6, 3, 5, 2, 0
8673, 246353, 2, 4, 6, 3, 5, 3, 0
8674, 246354, 2, 4, 6, 3, 5, 4, 0
8675, 246355, 2, 4, 6, 3, 5, 5, 0
8676, 246411, 2, 4, 6, 4, 1, 1, 0
8677, 246412, 2, 4, 6, 4, 1, 2, 0
8678, 246413, 2, 4, 6, 4, 1, 3, 0
8679, 246414, 2, 4, 6, 4, 1, 4, 0
8680, 246415, 2, 4, 6, 4, 1, 5, 0
8681, 246421, 2, 4, 6, 4, 2, 1, 0
8682, 246422, 2, 4, 6, 4, 2, 2, 0
8683, 246423, 2, 4, 6, 4, 2, 3, 0
8684, 246424, 2, 4, 6, 4, 2, 4, 0
8685, 246425, 2, 4, 6, 4, 2, 5, 0
8686, 246431, 2, 4, 6, 4, 3, 1, 0
8687, 246432, 2, 4, 6, 4, 3, 2, 0
8688, 246433, 2, 4, 6, 4, 3, 3, 0
8689, 246434, 2, 4, 6, 4, 3, 4, 0
8690, 246435, 2, 4, 6, 4, 3, 5, 0
8691, 246441, 2, 4, 6, 4, 4, 1, 0
8692, 246442, 2, 4, 6, 4, 4, 2, 0
8693, 246443, 2, 4, 6, 4, 4, 3, 0
8694, 246444, 2, 4, 6, 4, 4, 4, 0
8695, 246445, 2, 4, 6, 4, 4, 5, 0
8696, 246451, 2, 4, 6, 4, 5, 1, 0
8697, 246452, 2, 4, 6, 4, 5, 2, 0
8698, 246453, 2, 4, 6, 4, 5, 3, 0
8699, 246454, 2, 4, 6, 4, 5, 4, 0
8700, 246455, 2, 4, 6, 4, 5, 5, 0
8701, 247111, 2, 4, 7, 1, 1, 1, 0
8702, 247112, 2, 4, 7, 1, 1, 2, 0
8703, 247113, 2, 4, 7, 1, 1, 3, 0
8704, 247114, 2, 4, 7, 1, 1, 4, 0
8705, 247115, 2, 4, 7, 1, 1, 5, 0
8706, 247121, 2, 4, 7, 1, 2, 1, 0
8707, 247122, 2, 4, 7, 1, 2, 2, 0
8708, 247123, 2, 4, 7, 1, 2, 3, 0
8709, 247124, 2, 4, 7, 1, 2, 4, 0
8710, 247125, 2, 4, 7, 1, 2, 5, 0
8711, 247131, 2, 4, 7, 1, 3, 1, 0
8712, 247132, 2, 4, 7, 1, 3, 2, 0
8713, 247133, 2, 4, 7, 1, 3, 3, 0
8714, 247134, 2, 4, 7, 1, 3, 4, 0
8715, 247135, 2, 4, 7, 1, 3, 5, 0
8716, 247141, 2, 4, 7, 1, 4, 1, 0
8717, 247142, 2, 4, 7, 1, 4, 2, 0
8718, 247143, 2, 4, 7, 1, 4, 3, 0
8719, 247144, 2, 4, 7, 1, 4, 4, 0
8720, 247145, 2, 4, 7, 1, 4, 5, 0
8721, 247151, 2, 4, 7, 1, 5, 1, 0
8722, 247152, 2, 4, 7, 1, 5, 2, 0
8723, 247153, 2, 4, 7, 1, 5, 3, 0
8724, 247154, 2, 4, 7, 1, 5, 4, 0
8725, 247155, 2, 4, 7, 1, 5, 5, 0
8726, 247211, 2, 4, 7, 2, 1, 1, 0
8727, 247212, 2, 4, 7, 2, 1, 2, 0
8728, 247213, 2, 4, 7, 2, 1, 3, 0
8729, 247214, 2, 4, 7, 2, 1, 4, 0
8730, 247215, 2, 4, 7, 2, 1, 5, 0
8731, 247221, 2, 4, 7, 2, 2, 1, 0
8732, 247222, 2, 4, 7, 2, 2, 2, 0
8733, 247223, 2, 4, 7, 2, 2, 3, 0
8734, 247224, 2, 4, 7, 2, 2, 4, 0
8735, 247225, 2, 4, 7, 2, 2, 5, 0
8736, 247231, 2, 4, 7, 2, 3, 1, 0
8737, 247232, 2, 4, 7, 2, 3, 2, 0
8738, 247233, 2, 4, 7, 2, 3, 3, 0
8739, 247234, 2, 4, 7, 2, 3, 4, 0
8740, 247235, 2, 4, 7, 2, 3, 5, 0
8741, 247241, 2, 4, 7, 2, 4, 1, 0
8742, 247242, 2, 4, 7, 2, 4, 2, 0
8743, 247243, 2, 4, 7, 2, 4, 3, 0
8744, 247244, 2, 4, 7, 2, 4, 4, 0
8745, 247245, 2, 4, 7, 2, 4, 5, 0
8746, 247251, 2, 4, 7, 2, 5, 1, 0
8747, 247252, 2, 4, 7, 2, 5, 2, 0
8748, 247253, 2, 4, 7, 2, 5, 3, 0
8749, 247254, 2, 4, 7, 2, 5, 4, 0
8750, 247255, 2, 4, 7, 2, 5, 5, 0
8751, 247311, 2, 4, 7, 3, 1, 1, 0
8752, 247312, 2, 4, 7, 3, 1, 2, 0
8753, 247313, 2, 4, 7, 3, 1, 3, 0
8754, 247314, 2, 4, 7, 3, 1, 4, 0
8755, 247315, 2, 4, 7, 3, 1, 5, 0
8756, 247321, 2, 4, 7, 3, 2, 1, 0
8757, 247322, 2, 4, 7, 3, 2, 2, 0
8758, 247323, 2, 4, 7, 3, 2, 3, 0
8759, 247324, 2, 4, 7, 3, 2, 4, 0
8760, 247325, 2, 4, 7, 3, 2, 5, 0
8761, 247331, 2, 4, 7, 3, 3, 1, 0
8762, 247332, 2, 4, 7, 3, 3, 2, 0
8763, 247333, 2, 4, 7, 3, 3, 3, 0
8764, 247334, 2, 4, 7, 3, 3, 4, 0
8765, 247335, 2, 4, 7, 3, 3, 5, 0
8766, 247341, 2, 4, 7, 3, 4, 1, 0
8767, 247342, 2, 4, 7, 3, 4, 2, 0
8768, 247343, 2, 4, 7, 3, 4, 3, 0
8769, 247344, 2, 4, 7, 3, 4, 4, 0
8770, 247345, 2, 4, 7, 3, 4, 5, 0
8771, 247351, 2, 4, 7, 3, 5, 1, 0
8772, 247352, 2, 4, 7, 3, 5, 2, 0
8773, 247353, 2, 4, 7, 3, 5, 3, 0
8774, 247354, 2, 4, 7, 3, 5, 4, 0
8775, 247355, 2, 4, 7, 3, 5, 5, 0
8776, 247411, 2, 4, 7, 4, 1, 1, 0
8777, 247412, 2, 4, 7, 4, 1, 2, 0
8778, 247413, 2, 4, 7, 4, 1, 3, 0
8779, 247414, 2, 4, 7, 4, 1, 4, 0
8780, 247415, 2, 4, 7, 4, 1, 5, 0
8781, 247421, 2, 4, 7, 4, 2, 1, 0
8782, 247422, 2, 4, 7, 4, 2, 2, 0
8783, 247423, 2, 4, 7, 4, 2, 3, 0
8784, 247424, 2, 4, 7, 4, 2, 4, 0
8785, 247425, 2, 4, 7, 4, 2, 5, 0
8786, 247431, 2, 4, 7, 4, 3, 1, 0
8787, 247432, 2, 4, 7, 4, 3, 2, 0
8788, 247433, 2, 4, 7, 4, 3, 3, 0
8789, 247434, 2, 4, 7, 4, 3, 4, 0
8790, 247435, 2, 4, 7, 4, 3, 5, 0
8791, 247441, 2, 4, 7, 4, 4, 1, 0
8792, 247442, 2, 4, 7, 4, 4, 2, 0
8793, 247443, 2, 4, 7, 4, 4, 3, 0
8794, 247444, 2, 4, 7, 4, 4, 4, 0
8795, 247445, 2, 4, 7, 4, 4, 5, 0
8796, 247451, 2, 4, 7, 4, 5, 1, 0
8797, 247452, 2, 4, 7, 4, 5, 2, 0
8798, 247453, 2, 4, 7, 4, 5, 3, 0
8799, 247454, 2, 4, 7, 4, 5, 4, 0
8800, 247455, 2, 4, 7, 4, 5, 5, 0
8801, 251111, 2, 5, 1, 1, 1, 1, 0
8802, 251112, 2, 5, 1, 1, 1, 2, 0
8803, 251113, 2, 5, 1, 1, 1, 3, 0
8804, 251114, 2, 5, 1, 1, 1, 4, 0
8805, 251115, 2, 5, 1, 1, 1, 5, 0
8806, 251121, 2, 5, 1, 1, 2, 1, 0
8807, 251122, 2, 5, 1, 1, 2, 2, 0
8808, 251123, 2, 5, 1, 1, 2, 3, 0
8809, 251124, 2, 5, 1, 1, 2, 4, 0
8810, 251125, 2, 5, 1, 1, 2, 5, 0
8811, 251131, 2, 5, 1, 1, 3, 1, 0
8812, 251132, 2, 5, 1, 1, 3, 2, 0
8813, 251133, 2, 5, 1, 1, 3, 3, 0
8814, 251134, 2, 5, 1, 1, 3, 4, 0
8815, 251135, 2, 5, 1, 1, 3, 5, 0
8816, 251141, 2, 5, 1, 1, 4, 1, 0
8817, 251142, 2, 5, 1, 1, 4, 2, 0
8818, 251143, 2, 5, 1, 1, 4, 3, 0
8819, 251144, 2, 5, 1, 1, 4, 4, 0
8820, 251145, 2, 5, 1, 1, 4, 5, 0
8821, 251151, 2, 5, 1, 1, 5, 1, 0
8822, 251152, 2, 5, 1, 1, 5, 2, 0
8823, 251153, 2, 5, 1, 1, 5, 3, 0
8824, 251154, 2, 5, 1, 1, 5, 4, 0
8825, 251155, 2, 5, 1, 1, 5, 5, 0
8826, 251211, 2, 5, 1, 2, 1, 1, 0
8827, 251212, 2, 5, 1, 2, 1, 2, 0
8828, 251213, 2, 5, 1, 2, 1, 3, 0
8829, 251214, 2, 5, 1, 2, 1, 4, 0
8830, 251215, 2, 5, 1, 2, 1, 5, 0
8831, 251221, 2, 5, 1, 2, 2, 1, 0
8832, 251222, 2, 5, 1, 2, 2, 2, 0
8833, 251223, 2, 5, 1, 2, 2, 3, 0
8834, 251224, 2, 5, 1, 2, 2, 4, 0
8835, 251225, 2, 5, 1, 2, 2, 5, 0
8836, 251231, 2, 5, 1, 2, 3, 1, 0
8837, 251232, 2, 5, 1, 2, 3, 2, 0
8838, 251233, 2, 5, 1, 2, 3, 3, 0
8839, 251234, 2, 5, 1, 2, 3, 4, 0
8840, 251235, 2, 5, 1, 2, 3, 5, 0
8841, 251241, 2, 5, 1, 2, 4, 1, 0
8842, 251242, 2, 5, 1, 2, 4, 2, 0
8843, 251243, 2, 5, 1, 2, 4, 3, 0
8844, 251244, 2, 5, 1, 2, 4, 4, 0
8845, 251245, 2, 5, 1, 2, 4, 5, 0
8846, 251251, 2, 5, 1, 2, 5, 1, 0
8847, 251252, 2, 5, 1, 2, 5, 2, 0
8848, 251253, 2, 5, 1, 2, 5, 3, 0
8849, 251254, 2, 5, 1, 2, 5, 4, 0
8850, 251255, 2, 5, 1, 2, 5, 5, 0
8851, 251311, 2, 5, 1, 3, 1, 1, 0
8852, 251312, 2, 5, 1, 3, 1, 2, 0
8853, 251313, 2, 5, 1, 3, 1, 3, 0
8854, 251314, 2, 5, 1, 3, 1, 4, 0
8855, 251315, 2, 5, 1, 3, 1, 5, 0
8856, 251321, 2, 5, 1, 3, 2, 1, 0
8857, 251322, 2, 5, 1, 3, 2, 2, 0
8858, 251323, 2, 5, 1, 3, 2, 3, 0
8859, 251324, 2, 5, 1, 3, 2, 4, 0
8860, 251325, 2, 5, 1, 3, 2, 5, 0
8861, 251331, 2, 5, 1, 3, 3, 1, 0
8862, 251332, 2, 5, 1, 3, 3, 2, 0
8863, 251333, 2, 5, 1, 3, 3, 3, 0
8864, 251334, 2, 5, 1, 3, 3, 4, 0
8865, 251335, 2, 5, 1, 3, 3, 5, 0
8866, 251341, 2, 5, 1, 3, 4, 1, 0
8867, 251342, 2, 5, 1, 3, 4, 2, 0
8868, 251343, 2, 5, 1, 3, 4, 3, 0
8869, 251344, 2, 5, 1, 3, 4, 4, 0
8870, 251345, 2, 5, 1, 3, 4, 5, 0
8871, 251351, 2, 5, 1, 3, 5, 1, 0
8872, 251352, 2, 5, 1, 3, 5, 2, 0
8873, 251353, 2, 5, 1, 3, 5, 3, 0
8874, 251354, 2, 5, 1, 3, 5, 4, 0
8875, 251355, 2, 5, 1, 3, 5, 5, 0
8876, 251411, 2, 5, 1, 4, 1, 1, 0
8877, 251412, 2, 5, 1, 4, 1, 2, 0
8878, 251413, 2, 5, 1, 4, 1, 3, 0
8879, 251414, 2, 5, 1, 4, 1, 4, 0
8880, 251415, 2, 5, 1, 4, 1, 5, 0
8881, 251421, 2, 5, 1, 4, 2, 1, 0
8882, 251422, 2, 5, 1, 4, 2, 2, 0
8883, 251423, 2, 5, 1, 4, 2, 3, 0
8884, 251424, 2, 5, 1, 4, 2, 4, 0
8885, 251425, 2, 5, 1, 4, 2, 5, 0
8886, 251431, 2, 5, 1, 4, 3, 1, 0
8887, 251432, 2, 5, 1, 4, 3, 2, 0
8888, 251433, 2, 5, 1, 4, 3, 3, 0
8889, 251434, 2, 5, 1, 4, 3, 4, 0
8890, 251435, 2, 5, 1, 4, 3, 5, 0
8891, 251441, 2, 5, 1, 4, 4, 1, 0
8892, 251442, 2, 5, 1, 4, 4, 2, 0
8893, 251443, 2, 5, 1, 4, 4, 3, 0
8894, 251444, 2, 5, 1, 4, 4, 4, 0
8895, 251445, 2, 5, 1, 4, 4, 5, 0
8896, 251451, 2, 5, 1, 4, 5, 1, 0
8897, 251452, 2, 5, 1, 4, 5, 2, 0
8898, 251453, 2, 5, 1, 4, 5, 3, 0
8899, 251454, 2, 5, 1, 4, 5, 4, 0
8900, 251455, 2, 5, 1, 4, 5, 5, 0
8901, 252111, 2, 5, 2, 1, 1, 1, 0
8902, 252112, 2, 5, 2, 1, 1, 2, 0
8903, 252113, 2, 5, 2, 1, 1, 3, 0
8904, 252114, 2, 5, 2, 1, 1, 4, 0
8905, 252115, 2, 5, 2, 1, 1, 5, 0
8906, 252121, 2, 5, 2, 1, 2, 1, 0
8907, 252122, 2, 5, 2, 1, 2, 2, 0
8908, 252123, 2, 5, 2, 1, 2, 3, 0
8909, 252124, 2, 5, 2, 1, 2, 4, 0
8910, 252125, 2, 5, 2, 1, 2, 5, 0
8911, 252131, 2, 5, 2, 1, 3, 1, 0
8912, 252132, 2, 5, 2, 1, 3, 2, 0
8913, 252133, 2, 5, 2, 1, 3, 3, 0
8914, 252134, 2, 5, 2, 1, 3, 4, 0
8915, 252135, 2, 5, 2, 1, 3, 5, 0
8916, 252141, 2, 5, 2, 1, 4, 1, 0
8917, 252142, 2, 5, 2, 1, 4, 2, 0
8918, 252143, 2, 5, 2, 1, 4, 3, 0
8919, 252144, 2, 5, 2, 1, 4, 4, 0
8920, 252145, 2, 5, 2, 1, 4, 5, 0
8921, 252151, 2, 5, 2, 1, 5, 1, 0
8922, 252152, 2, 5, 2, 1, 5, 2, 0
8923, 252153, 2, 5, 2, 1, 5, 3, 0
8924, 252154, 2, 5, 2, 1, 5, 4, 0
8925, 252155, 2, 5, 2, 1, 5, 5, 0
8926, 252211, 2, 5, 2, 2, 1, 1, 0
8927, 252212, 2, 5, 2, 2, 1, 2, 0
8928, 252213, 2, 5, 2, 2, 1, 3, 0
8929, 252214, 2, 5, 2, 2, 1, 4, 0
8930, 252215, 2, 5, 2, 2, 1, 5, 0
8931, 252221, 2, 5, 2, 2, 2, 1, 0
8932, 252222, 2, 5, 2, 2, 2, 2, 0
8933, 252223, 2, 5, 2, 2, 2, 3, 0
8934, 252224, 2, 5, 2, 2, 2, 4, 0
8935, 252225, 2, 5, 2, 2, 2, 5, 0
8936, 252231, 2, 5, 2, 2, 3, 1, 0
8937, 252232, 2, 5, 2, 2, 3, 2, 0
8938, 252233, 2, 5, 2, 2, 3, 3, 0
8939, 252234, 2, 5, 2, 2, 3, 4, 0
8940, 252235, 2, 5, 2, 2, 3, 5, 0
8941, 252241, 2, 5, 2, 2, 4, 1, 0
8942, 252242, 2, 5, 2, 2, 4, 2, 0
8943, 252243, 2, 5, 2, 2, 4, 3, 0
8944, 252244, 2, 5, 2, 2, 4, 4, 0
8945, 252245, 2, 5, 2, 2, 4, 5, 0
8946, 252251, 2, 5, 2, 2, 5, 1, 0
8947, 252252, 2, 5, 2, 2, 5, 2, 0
8948, 252253, 2, 5, 2, 2, 5, 3, 0
8949, 252254, 2, 5, 2, 2, 5, 4, 0
8950, 252255, 2, 5, 2, 2, 5, 5, 0
8951, 252311, 2, 5, 2, 3, 1, 1, 0
8952, 252312, 2, 5, 2, 3, 1, 2, 0
8953, 252313, 2, 5, 2, 3, 1, 3, 0
8954, 252314, 2, 5, 2, 3, 1, 4, 0
8955, 252315, 2, 5, 2, 3, 1, 5, 0
8956, 252321, 2, 5, 2, 3, 2, 1, 0
8957, 252322, 2, 5, 2, 3, 2, 2, 0
8958, 252323, 2, 5, 2, 3, 2, 3, 0
8959, 252324, 2, 5, 2, 3, 2, 4, 0
8960, 252325, 2, 5, 2, 3, 2, 5, 0
8961, 252331, 2, 5, 2, 3, 3, 1, 0
8962, 252332, 2, 5, 2, 3, 3, 2, 0
8963, 252333, 2, 5, 2, 3, 3, 3, 0
8964, 252334, 2, 5, 2, 3, 3, 4, 0
8965, 252335, 2, 5, 2, 3, 3, 5, 0
8966, 252341, 2, 5, 2, 3, 4, 1, 0
8967, 252342, 2, 5, 2, 3, 4, 2, 0
8968, 252343, 2, 5, 2, 3, 4, 3, 0
8969, 252344, 2, 5, 2, 3, 4, 4, 0
8970, 252345, 2, 5, 2, 3, 4, 5, 0
8971, 252351, 2, 5, 2, 3, 5, 1, 0
8972, 252352, 2, 5, 2, 3, 5, 2, 0
8973, 252353, 2, 5, 2, 3, 5, 3, 0
8974, 252354, 2, 5, 2, 3, 5, 4, 0
8975, 252355, 2, 5, 2, 3, 5, 5, 0
8976, 252411, 2, 5, 2, 4, 1, 1, 0
8977, 252412, 2, 5, 2, 4, 1, 2, 0
8978, 252413, 2, 5, 2, 4, 1, 3, 0
8979, 252414, 2, 5, 2, 4, 1, 4, 0
8980, 252415, 2, 5, 2, 4, 1, 5, 0
8981, 252421, 2, 5, 2, 4, 2, 1, 0
8982, 252422, 2, 5, 2, 4, 2, 2, 0
8983, 252423, 2, 5, 2, 4, 2, 3, 0
8984, 252424, 2, 5, 2, 4, 2, 4, 0
8985, 252425, 2, 5, 2, 4, 2, 5, 0
8986, 252431, 2, 5, 2, 4, 3, 1, 0
8987, 252432, 2, 5, 2, 4, 3, 2, 0
8988, 252433, 2, 5, 2, 4, 3, 3, 0
8989, 252434, 2, 5, 2, 4, 3, 4, 0
8990, 252435, 2, 5, 2, 4, 3, 5, 0
8991, 252441, 2, 5, 2, 4, 4, 1, 0
8992, 252442, 2, 5, 2, 4, 4, 2, 0
8993, 252443, 2, 5, 2, 4, 4, 3, 0
8994, 252444, 2, 5, 2, 4, 4, 4, 0
8995, 252445, 2, 5, 2, 4, 4, 5, 0
8996, 252451, 2, 5, 2, 4, 5, 1, 0
8997, 252452, 2, 5, 2, 4, 5, 2, 0
8998, 252453, 2, 5, 2, 4, 5, 3, 0
8999, 252454, 2, 5, 2, 4, 5, 4, 0
9000, 252455, 2, 5, 2, 4, 5, 5, 0
9001, 253111, 2, 5, 3, 1, 1, 1, 0
9002, 253112, 2, 5, 3, 1, 1, 2, 0
9003, 253113, 2, 5, 3, 1, 1, 3, 0
9004, 253114, 2, 5, 3, 1, 1, 4, 0
9005, 253115, 2, 5, 3, 1, 1, 5, 0
9006, 253121, 2, 5, 3, 1, 2, 1, 0
9007, 253122, 2, 5, 3, 1, 2, 2, 0
9008, 253123, 2, 5, 3, 1, 2, 3, 0
9009, 253124, 2, 5, 3, 1, 2, 4, 0
9010, 253125, 2, 5, 3, 1, 2, 5, 0
9011, 253131, 2, 5, 3, 1, 3, 1, 0
9012, 253132, 2, 5, 3, 1, 3, 2, 0
9013, 253133, 2, 5, 3, 1, 3, 3, 0
9014, 253134, 2, 5, 3, 1, 3, 4, 0
9015, 253135, 2, 5, 3, 1, 3, 5, 0
9016, 253141, 2, 5, 3, 1, 4, 1, 0
9017, 253142, 2, 5, 3, 1, 4, 2, 0
9018, 253143, 2, 5, 3, 1, 4, 3, 0
9019, 253144, 2, 5, 3, 1, 4, 4, 0
9020, 253145, 2, 5, 3, 1, 4, 5, 0
9021, 253151, 2, 5, 3, 1, 5, 1, 0
9022, 253152, 2, 5, 3, 1, 5, 2, 0
9023, 253153, 2, 5, 3, 1, 5, 3, 0
9024, 253154, 2, 5, 3, 1, 5, 4, 0
9025, 253155, 2, 5, 3, 1, 5, 5, 0
9026, 253211, 2, 5, 3, 2, 1, 1, 0
9027, 253212, 2, 5, 3, 2, 1, 2, 0
9028, 253213, 2, 5, 3, 2, 1, 3, 0
9029, 253214, 2, 5, 3, 2, 1, 4, 0
9030, 253215, 2, 5, 3, 2, 1, 5, 0
9031, 253221, 2, 5, 3, 2, 2, 1, 0
9032, 253222, 2, 5, 3, 2, 2, 2, 0
9033, 253223, 2, 5, 3, 2, 2, 3, 0
9034, 253224, 2, 5, 3, 2, 2, 4, 0
9035, 253225, 2, 5, 3, 2, 2, 5, 0
9036, 253231, 2, 5, 3, 2, 3, 1, 0
9037, 253232, 2, 5, 3, 2, 3, 2, 0
9038, 253233, 2, 5, 3, 2, 3, 3, 0
9039, 253234, 2, 5, 3, 2, 3, 4, 0
9040, 253235, 2, 5, 3, 2, 3, 5, 0
9041, 253241, 2, 5, 3, 2, 4, 1, 0
9042, 253242, 2, 5, 3, 2, 4, 2, 0
9043, 253243, 2, 5, 3, 2, 4, 3, 0
9044, 253244, 2, 5, 3, 2, 4, 4, 0
9045, 253245, 2, 5, 3, 2, 4, 5, 0
9046, 253251, 2, 5, 3, 2, 5, 1, 0
9047, 253252, 2, 5, 3, 2, 5, 2, 0
9048, 253253, 2, 5, 3, 2, 5, 3, 0
9049, 253254, 2, 5, 3, 2, 5, 4, 0
9050, 253255, 2, 5, 3, 2, 5, 5, 0
9051, 253311, 2, 5, 3, 3, 1, 1, 0
9052, 253312, 2, 5, 3, 3, 1, 2, 0
9053, 253313, 2, 5, 3, 3, 1, 3, 0
9054, 253314, 2, 5, 3, 3, 1, 4, 0
9055, 253315, 2, 5, 3, 3, 1, 5, 0
9056, 253321, 2, 5, 3, 3, 2, 1, 0
9057, 253322, 2, 5, 3, 3, 2, 2, 0
9058, 253323, 2, 5, 3, 3, 2, 3, 0
9059, 253324, 2, 5, 3, 3, 2, 4, 0
9060, 253325, 2, 5, 3, 3, 2, 5, 0
9061, 253331, 2, 5, 3, 3, 3, 1, 0
9062, 253332, 2, 5, 3, 3, 3, 2, 0
9063, 253333, 2, 5, 3, 3, 3, 3, 0
9064, 253334, 2, 5, 3, 3, 3, 4, 0
9065, 253335, 2, 5, 3, 3, 3, 5, 0
9066, 253341, 2, 5, 3, 3, 4, 1, 0
9067, 253342, 2, 5, 3, 3, 4, 2, 0
9068, 253343, 2, 5, 3, 3, 4, 3, 0
9069, 253344, 2, 5, 3, 3, 4, 4, 0
9070, 253345, 2, 5, 3, 3, 4, 5, 0
9071, 253351, 2, 5, 3, 3, 5, 1, 0
9072, 253352, 2, 5, 3, 3, 5, 2, 0
9073, 253353, 2, 5, 3, 3, 5, 3, 0
9074, 253354, 2, 5, 3, 3, 5, 4, 0
9075, 253355, 2, 5, 3, 3, 5, 5, 0
9076, 253411, 2, 5, 3, 4, 1, 1, 0
9077, 253412, 2, 5, 3, 4, 1, 2, 0
9078, 253413, 2, 5, 3, 4, 1, 3, 0
9079, 253414, 2, 5, 3, 4, 1, 4, 0
9080, 253415, 2, 5, 3, 4, 1, 5, 0
9081, 253421, 2, 5, 3, 4, 2, 1, 0
9082, 253422, 2, 5, 3, 4, 2, 2, 0
9083, 253423, 2, 5, 3, 4, 2, 3, 0
9084, 253424, 2, 5, 3, 4, 2, 4, 0
9085, 253425, 2, 5, 3, 4, 2, 5, 0
9086, 253431, 2, 5, 3, 4, 3, 1, 0
9087, 253432, 2, 5, 3, 4, 3, 2, 0
9088, 253433, 2, 5, 3, 4, 3, 3, 0
9089, 253434, 2, 5, 3, 4, 3, 4, 0
9090, 253435, 2, 5, 3, 4, 3, 5, 0
9091, 253441, 2, 5, 3, 4, 4, 1, 0
9092, 253442, 2, 5, 3, 4, 4, 2, 0
9093, 253443, 2, 5, 3, 4, 4, 3, 0
9094, 253444, 2, 5, 3, 4, 4, 4, 0
9095, 253445, 2, 5, 3, 4, 4, 5, 0
9096, 253451, 2, 5, 3, 4, 5, 1, 0
9097, 253452, 2, 5, 3, 4, 5, 2, 0
9098, 253453, 2, 5, 3, 4, 5, 3, 0
9099, 253454, 2, 5, 3, 4, 5, 4, 0
9100, 253455, 2, 5, 3, 4, 5, 5, 0
9101, 254111, 2, 5, 4, 1, 1, 1, 0
9102, 254112, 2, 5, 4, 1, 1, 2, 0
9103, 254113, 2, 5, 4, 1, 1, 3, 0
9104, 254114, 2, 5, 4, 1, 1, 4, 0
9105, 254115, 2, 5, 4, 1, 1, 5, 0
9106, 254121, 2, 5, 4, 1, 2, 1, 0
9107, 254122, 2, 5, 4, 1, 2, 2, 0
9108, 254123, 2, 5, 4, 1, 2, 3, 0
9109, 254124, 2, 5, 4, 1, 2, 4, 0
9110, 254125, 2, 5, 4, 1, 2, 5, 0
9111, 254131, 2, 5, 4, 1, 3, 1, 0
9112, 254132, 2, 5, 4, 1, 3, 2, 0
9113, 254133, 2, 5, 4, 1, 3, 3, 0
9114, 254134, 2, 5, 4, 1, 3, 4, 0
9115, 254135, 2, 5, 4, 1, 3, 5, 0
9116, 254141, 2, 5, 4, 1, 4, 1, 0
9117, 254142, 2, 5, 4, 1, 4, 2, 0
9118, 254143, 2, 5, 4, 1, 4, 3, 0
9119, 254144, 2, 5, 4, 1, 4, 4, 0
9120, 254145, 2, 5, 4, 1, 4, 5, 0
9121, 254151, 2, 5, 4, 1, 5, 1, 0
9122, 254152, 2, 5, 4, 1, 5, 2, 0
9123, 254153, 2, 5, 4, 1, 5, 3, 0
9124, 254154, 2, 5, 4, 1, 5, 4, 0
9125, 254155, 2, 5, 4, 1, 5, 5, 0
9126, 254211, 2, 5, 4, 2, 1, 1, 0
9127, 254212, 2, 5, 4, 2, 1, 2, 0
9128, 254213, 2, 5, 4, 2, 1, 3, 0
9129, 254214, 2, 5, 4, 2, 1, 4, 0
9130, 254215, 2, 5, 4, 2, 1, 5, 0
9131, 254221, 2, 5, 4, 2, 2, 1, 0
9132, 254222, 2, 5, 4, 2, 2, 2, 0
9133, 254223, 2, 5, 4, 2, 2, 3, 0
9134, 254224, 2, 5, 4, 2, 2, 4, 0
9135, 254225, 2, 5, 4, 2, 2, 5, 0
9136, 254231, 2, 5, 4, 2, 3, 1, 0
9137, 254232, 2, 5, 4, 2, 3, 2, 0
9138, 254233, 2, 5, 4, 2, 3, 3, 0
9139, 254234, 2, 5, 4, 2, 3, 4, 0
9140, 254235, 2, 5, 4, 2, 3, 5, 0
9141, 254241, 2, 5, 4, 2, 4, 1, 0
9142, 254242, 2, 5, 4, 2, 4, 2, 0
9143, 254243, 2, 5, 4, 2, 4, 3, 0
9144, 254244, 2, 5, 4, 2, 4, 4, 0
9145, 254245, 2, 5, 4, 2, 4, 5, 0
9146, 254251, 2, 5, 4, 2, 5, 1, 0
9147, 254252, 2, 5, 4, 2, 5, 2, 0
9148, 254253, 2, 5, 4, 2, 5, 3, 0
9149, 254254, 2, 5, 4, 2, 5, 4, 0
9150, 254255, 2, 5, 4, 2, 5, 5, 0
9151, 254311, 2, 5, 4, 3, 1, 1, 0
9152, 254312, 2, 5, 4, 3, 1, 2, 0
9153, 254313, 2, 5, 4, 3, 1, 3, 0
9154, 254314, 2, 5, 4, 3, 1, 4, 0
9155, 254315, 2, 5, 4, 3, 1, 5, 0
9156, 254321, 2, 5, 4, 3, 2, 1, 0
9157, 254322, 2, 5, 4, 3, 2, 2, 0
9158, 254323, 2, 5, 4, 3, 2, 3, 0
9159, 254324, 2, 5, 4, 3, 2, 4, 0
9160, 254325, 2, 5, 4, 3, 2, 5, 0
9161, 254331, 2, 5, 4, 3, 3, 1, 0
9162, 254332, 2, 5, 4, 3, 3, 2, 0
9163, 254333, 2, 5, 4, 3, 3, 3, 0
9164, 254334, 2, 5, 4, 3, 3, 4, 0
9165, 254335, 2, 5, 4, 3, 3, 5, 0
9166, 254341, 2, 5, 4, 3, 4, 1, 0
9167, 254342, 2, 5, 4, 3, 4, 2, 0
9168, 254343, 2, 5, 4, 3, 4, 3, 0
9169, 254344, 2, 5, 4, 3, 4, 4, 0
9170, 254345, 2, 5, 4, 3, 4, 5, 0
9171, 254351, 2, 5, 4, 3, 5, 1, 0
9172, 254352, 2, 5, 4, 3, 5, 2, 0
9173, 254353, 2, 5, 4, 3, 5, 3, 0
9174, 254354, 2, 5, 4, 3, 5, 4, 0
9175, 254355, 2, 5, 4, 3, 5, 5, 0
9176, 254411, 2, 5, 4, 4, 1, 1, 0
9177, 254412, 2, 5, 4, 4, 1, 2, 0
9178, 254413, 2, 5, 4, 4, 1, 3, 0
9179, 254414, 2, 5, 4, 4, 1, 4, 0
9180, 254415, 2, 5, 4, 4, 1, 5, 0
9181, 254421, 2, 5, 4, 4, 2, 1, 0
9182, 254422, 2, 5, 4, 4, 2, 2, 0
9183, 254423, 2, 5, 4, 4, 2, 3, 0
9184, 254424, 2, 5, 4, 4, 2, 4, 0
9185, 254425, 2, 5, 4, 4, 2, 5, 0
9186, 254431, 2, 5, 4, 4, 3, 1, 0
9187, 254432, 2, 5, 4, 4, 3, 2, 0
9188, 254433, 2, 5, 4, 4, 3, 3, 0
9189, 254434, 2, 5, 4, 4, 3, 4, 0
9190, 254435, 2, 5, 4, 4, 3, 5, 0
9191, 254441, 2, 5, 4, 4, 4, 1, 0
9192, 254442, 2, 5, 4, 4, 4, 2, 0
9193, 254443, 2, 5, 4, 4, 4, 3, 0
9194, 254444, 2, 5, 4, 4, 4, 4, 0
9195, 254445, 2, 5, 4, 4, 4, 5, 0
9196, 254451, 2, 5, 4, 4, 5, 1, 0
9197, 254452, 2, 5, 4, 4, 5, 2, 0
9198, 254453, 2, 5, 4, 4, 5, 3, 0
9199, 254454, 2, 5, 4, 4, 5, 4, 0
9200, 254455, 2, 5, 4, 4, 5, 5, 0
9201, 255111, 2, 5, 5, 1, 1, 1, 0
9202, 255112, 2, 5, 5, 1, 1, 2, 0
9203, 255113, 2, 5, 5, 1, 1, 3, 0
9204, 255114, 2, 5, 5, 1, 1, 4, 0
9205, 255115, 2, 5, 5, 1, 1, 5, 0
9206, 255121, 2, 5, 5, 1, 2, 1, 0
9207, 255122, 2, 5, 5, 1, 2, 2, 0
9208, 255123, 2, 5, 5, 1, 2, 3, 0
9209, 255124, 2, 5, 5, 1, 2, 4, 0
9210, 255125, 2, 5, 5, 1, 2, 5, 0
9211, 255131, 2, 5, 5, 1, 3, 1, 0
9212, 255132, 2, 5, 5, 1, 3, 2, 0
9213, 255133, 2, 5, 5, 1, 3, 3, 0
9214, 255134, 2, 5, 5, 1, 3, 4, 0
9215, 255135, 2, 5, 5, 1, 3, 5, 0
9216, 255141, 2, 5, 5, 1, 4, 1, 0
9217, 255142, 2, 5, 5, 1, 4, 2, 0
9218, 255143, 2, 5, 5, 1, 4, 3, 0
9219, 255144, 2, 5, 5, 1, 4, 4, 0
9220, 255145, 2, 5, 5, 1, 4, 5, 0
9221, 255151, 2, 5, 5, 1, 5, 1, 0
9222, 255152, 2, 5, 5, 1, 5, 2, 0
9223, 255153, 2, 5, 5, 1, 5, 3, 0
9224, 255154, 2, 5, 5, 1, 5, 4, 0
9225, 255155, 2, 5, 5, 1, 5, 5, 0
9226, 255211, 2, 5, 5, 2, 1, 1, 0
9227, 255212, 2, 5, 5, 2, 1, 2, 0
9228, 255213, 2, 5, 5, 2, 1, 3, 0
9229, 255214, 2, 5, 5, 2, 1, 4, 0
9230, 255215, 2, 5, 5, 2, 1, 5, 0
9231, 255221, 2, 5, 5, 2, 2, 1, 0
9232, 255222, 2, 5, 5, 2, 2, 2, 0
9233, 255223, 2, 5, 5, 2, 2, 3, 0
9234, 255224, 2, 5, 5, 2, 2, 4, 0
9235, 255225, 2, 5, 5, 2, 2, 5, 0
9236, 255231, 2, 5, 5, 2, 3, 1, 0
9237, 255232, 2, 5, 5, 2, 3, 2, 0
9238, 255233, 2, 5, 5, 2, 3, 3, 0
9239, 255234, 2, 5, 5, 2, 3, 4, 0
9240, 255235, 2, 5, 5, 2, 3, 5, 0
9241, 255241, 2, 5, 5, 2, 4, 1, 0
9242, 255242, 2, 5, 5, 2, 4, 2, 0
9243, 255243, 2, 5, 5, 2, 4, 3, 0
9244, 255244, 2, 5, 5, 2, 4, 4, 0
9245, 255245, 2, 5, 5, 2, 4, 5, 0
9246, 255251, 2, 5, 5, 2, 5, 1, 0
9247, 255252, 2, 5, 5, 2, 5, 2, 0
9248, 255253, 2, 5, 5, 2, 5, 3, 0
9249, 255254, 2, 5, 5, 2, 5, 4, 0
9250, 255255, 2, 5, 5, 2, 5, 5, 0
9251, 255311, 2, 5, 5, 3, 1, 1, 0
9252, 255312, 2, 5, 5, 3, 1, 2, 0
9253, 255313, 2, 5, 5, 3, 1, 3, 0
9254, 255314, 2, 5, 5, 3, 1, 4, 0
9255, 255315, 2, 5, 5, 3, 1, 5, 0
9256, 255321, 2, 5, 5, 3, 2, 1, 0
9257, 255322, 2, 5, 5, 3, 2, 2, 0
9258, 255323, 2, 5, 5, 3, 2, 3, 0
9259, 255324, 2, 5, 5, 3, 2, 4, 0
9260, 255325, 2, 5, 5, 3, 2, 5, 0
9261, 255331, 2, 5, 5, 3, 3, 1, 0
9262, 255332, 2, 5, 5, 3, 3, 2, 0
9263, 255333, 2, 5, 5, 3, 3, 3, 0
9264, 255334, 2, 5, 5, 3, 3, 4, 0
9265, 255335, 2, 5, 5, 3, 3, 5, 0
9266, 255341, 2, 5, 5, 3, 4, 1, 0
9267, 255342, 2, 5, 5, 3, 4, 2, 0
9268, 255343, 2, 5, 5, 3, 4, 3, 0
9269, 255344, 2, 5, 5, 3, 4, 4, 0
9270, 255345, 2, 5, 5, 3, 4, 5, 0
9271, 255351, 2, 5, 5, 3, 5, 1, 0
9272, 255352, 2, 5, 5, 3, 5, 2, 0
9273, 255353, 2, 5, 5, 3, 5, 3, 0
9274, 255354, 2, 5, 5, 3, 5, 4, 0
9275, 255355, 2, 5, 5, 3, 5, 5, 0
9276, 255411, 2, 5, 5, 4, 1, 1, 0
9277, 255412, 2, 5, 5, 4, 1, 2, 0
9278, 255413, 2, 5, 5, 4, 1, 3, 0
9279, 255414, 2, 5, 5, 4, 1, 4, 0
9280, 255415, 2, 5, 5, 4, 1, 5, 0
9281, 255421, 2, 5, 5, 4, 2, 1, 0
9282, 255422, 2, 5, 5, 4, 2, 2, 0
9283, 255423, 2, 5, 5, 4, 2, 3, 0
9284, 255424, 2, 5, 5, 4, 2, 4, 0
9285, 255425, 2, 5, 5, 4, 2, 5, 0
9286, 255431, 2, 5, 5, 4, 3, 1, 0
9287, 255432, 2, 5, 5, 4, 3, 2, 0
9288, 255433, 2, 5, 5, 4, 3, 3, 0
9289, 255434, 2, 5, 5, 4, 3, 4, 0
9290, 255435, 2, 5, 5, 4, 3, 5, 0
9291, 255441, 2, 5, 5, 4, 4, 1, 0
9292, 255442, 2, 5, 5, 4, 4, 2, 0
9293, 255443, 2, 5, 5, 4, 4, 3, 0
9294, 255444, 2, 5, 5, 4, 4, 4, 0
9295, 255445, 2, 5, 5, 4, 4, 5, 0
9296, 255451, 2, 5, 5, 4, 5, 1, 0
9297, 255452, 2, 5, 5, 4, 5, 2, 0
9298, 255453, 2, 5, 5, 4, 5, 3, 0
9299, 255454, 2, 5, 5, 4, 5, 4, 0
9300, 255455, 2, 5, 5, 4, 5, 5, 0
9301, 256111, 2, 5, 6, 1, 1, 1, 0
9302, 256112, 2, 5, 6, 1, 1, 2, 0
9303, 256113, 2, 5, 6, 1, 1, 3, 0
9304, 256114, 2, 5, 6, 1, 1, 4, 0
9305, 256115, 2, 5, 6, 1, 1, 5, 0
9306, 256121, 2, 5, 6, 1, 2, 1, 0
9307, 256122, 2, 5, 6, 1, 2, 2, 0
9308, 256123, 2, 5, 6, 1, 2, 3, 0
9309, 256124, 2, 5, 6, 1, 2, 4, 0
9310, 256125, 2, 5, 6, 1, 2, 5, 0
9311, 256131, 2, 5, 6, 1, 3, 1, 0
9312, 256132, 2, 5, 6, 1, 3, 2, 0
9313, 256133, 2, 5, 6, 1, 3, 3, 0
9314, 256134, 2, 5, 6, 1, 3, 4, 0
9315, 256135, 2, 5, 6, 1, 3, 5, 0
9316, 256141, 2, 5, 6, 1, 4, 1, 0
9317, 256142, 2, 5, 6, 1, 4, 2, 0
9318, 256143, 2, 5, 6, 1, 4, 3, 0
9319, 256144, 2, 5, 6, 1, 4, 4, 0
9320, 256145, 2, 5, 6, 1, 4, 5, 0
9321, 256151, 2, 5, 6, 1, 5, 1, 0
9322, 256152, 2, 5, 6, 1, 5, 2, 0
9323, 256153, 2, 5, 6, 1, 5, 3, 0
9324, 256154, 2, 5, 6, 1, 5, 4, 0
9325, 256155, 2, 5, 6, 1, 5, 5, 0
9326, 256211, 2, 5, 6, 2, 1, 1, 0
9327, 256212, 2, 5, 6, 2, 1, 2, 0
9328, 256213, 2, 5, 6, 2, 1, 3, 0
9329, 256214, 2, 5, 6, 2, 1, 4, 0
9330, 256215, 2, 5, 6, 2, 1, 5, 0
9331, 256221, 2, 5, 6, 2, 2, 1, 0
9332, 256222, 2, 5, 6, 2, 2, 2, 0
9333, 256223, 2, 5, 6, 2, 2, 3, 0
9334, 256224, 2, 5, 6, 2, 2, 4, 0
9335, 256225, 2, 5, 6, 2, 2, 5, 0
9336, 256231, 2, 5, 6, 2, 3, 1, 0
9337, 256232, 2, 5, 6, 2, 3, 2, 0
9338, 256233, 2, 5, 6, 2, 3, 3, 0
9339, 256234, 2, 5, 6, 2, 3, 4, 0
9340, 256235, 2, 5, 6, 2, 3, 5, 0
9341, 256241, 2, 5, 6, 2, 4, 1, 0
9342, 256242, 2, 5, 6, 2, 4, 2, 0
9343, 256243, 2, 5, 6, 2, 4, 3, 0
9344, 256244, 2, 5, 6, 2, 4, 4, 0
9345, 256245, 2, 5, 6, 2, 4, 5, 0
9346, 256251, 2, 5, 6, 2, 5, 1, 0
9347, 256252, 2, 5, 6, 2, 5, 2, 0
9348, 256253, 2, 5, 6, 2, 5, 3, 0
9349, 256254, 2, 5, 6, 2, 5, 4, 0
9350, 256255, 2, 5, 6, 2, 5, 5, 0
9351, 256311, 2, 5, 6, 3, 1, 1, 0
9352, 256312, 2, 5, 6, 3, 1, 2, 0
9353, 256313, 2, 5, 6, 3, 1, 3, 0
9354, 256314, 2, 5, 6, 3, 1, 4, 0
9355, 256315, 2, 5, 6, 3, 1, 5, 0
9356, 256321, 2, 5, 6, 3, 2, 1, 0
9357, 256322, 2, 5, 6, 3, 2, 2, 0
9358, 256323, 2, 5, 6, 3, 2, 3, 0
9359, 256324, 2, 5, 6, 3, 2, 4, 0
9360, 256325, 2, 5, 6, 3, 2, 5, 0
9361, 256331, 2, 5, 6, 3, 3, 1, 0
9362, 256332, 2, 5, 6, 3, 3, 2, 0
9363, 256333, 2, 5, 6, 3, 3, 3, 0
9364, 256334, 2, 5, 6, 3, 3, 4, 0
9365, 256335, 2, 5, 6, 3, 3, 5, 0
9366, 256341, 2, 5, 6, 3, 4, 1, 0
9367, 256342, 2, 5, 6, 3, 4, 2, 0
9368, 256343, 2, 5, 6, 3, 4, 3, 0
9369, 256344, 2, 5, 6, 3, 4, 4, 0
9370, 256345, 2, 5, 6, 3, 4, 5, 0
9371, 256351, 2, 5, 6, 3, 5, 1, 0
9372, 256352, 2, 5, 6, 3, 5, 2, 0
9373, 256353, 2, 5, 6, 3, 5, 3, 0
9374, 256354, 2, 5, 6, 3, 5, 4, 0
9375, 256355, 2, 5, 6, 3, 5, 5, 0
9376, 256411, 2, 5, 6, 4, 1, 1, 0
9377, 256412, 2, 5, 6, 4, 1, 2, 0
9378, 256413, 2, 5, 6, 4, 1, 3, 0
9379, 256414, 2, 5, 6, 4, 1, 4, 0
9380, 256415, 2, 5, 6, 4, 1, 5, 0
9381, 256421, 2, 5, 6, 4, 2, 1, 0
9382, 256422, 2, 5, 6, 4, 2, 2, 0
9383, 256423, 2, 5, 6, 4, 2, 3, 0
9384, 256424, 2, 5, 6, 4, 2, 4, 0
9385, 256425, 2, 5, 6, 4, 2, 5, 0
9386, 256431, 2, 5, 6, 4, 3, 1, 0
9387, 256432, 2, 5, 6, 4, 3, 2, 0
9388, 256433, 2, 5, 6, 4, 3, 3, 0
9389, 256434, 2, 5, 6, 4, 3, 4, 0
9390, 256435, 2, 5, 6, 4, 3, 5, 0
9391, 256441, 2, 5, 6, 4, 4, 1, 0
9392, 256442, 2, 5, 6, 4, 4, 2, 0
9393, 256443, 2, 5, 6, 4, 4, 3, 0
9394, 256444, 2, 5, 6, 4, 4, 4, 0
9395, 256445, 2, 5, 6, 4, 4, 5, 0
9396, 256451, 2, 5, 6, 4, 5, 1, 0
9397, 256452, 2, 5, 6, 4, 5, 2, 0
9398, 256453, 2, 5, 6, 4, 5, 3, 0
9399, 256454, 2, 5, 6, 4, 5, 4, 0
9400, 256455, 2, 5, 6, 4, 5, 5, 0
9401, 257111, 2, 5, 7, 1, 1, 1, 0
9402, 257112, 2, 5, 7, 1, 1, 2, 0
9403, 257113, 2, 5, 7, 1, 1, 3, 0
9404, 257114, 2, 5, 7, 1, 1, 4, 0
9405, 257115, 2, 5, 7, 1, 1, 5, 0
9406, 257121, 2, 5, 7, 1, 2, 1, 0
9407, 257122, 2, 5, 7, 1, 2, 2, 0
9408, 257123, 2, 5, 7, 1, 2, 3, 0
9409, 257124, 2, 5, 7, 1, 2, 4, 0
9410, 257125, 2, 5, 7, 1, 2, 5, 0
9411, 257131, 2, 5, 7, 1, 3, 1, 0
9412, 257132, 2, 5, 7, 1, 3, 2, 0
9413, 257133, 2, 5, 7, 1, 3, 3, 0
9414, 257134, 2, 5, 7, 1, 3, 4, 0
9415, 257135, 2, 5, 7, 1, 3, 5, 0
9416, 257141, 2, 5, 7, 1, 4, 1, 0
9417, 257142, 2, 5, 7, 1, 4, 2, 0
9418, 257143, 2, 5, 7, 1, 4, 3, 0
9419, 257144, 2, 5, 7, 1, 4, 4, 0
9420, 257145, 2, 5, 7, 1, 4, 5, 0
9421, 257151, 2, 5, 7, 1, 5, 1, 0
9422, 257152, 2, 5, 7, 1, 5, 2, 0
9423, 257153, 2, 5, 7, 1, 5, 3, 0
9424, 257154, 2, 5, 7, 1, 5, 4, 0
9425, 257155, 2, 5, 7, 1, 5, 5, 0
9426, 257211, 2, 5, 7, 2, 1, 1, 0
9427, 257212, 2, 5, 7, 2, 1, 2, 0
9428, 257213, 2, 5, 7, 2, 1, 3, 0
9429, 257214, 2, 5, 7, 2, 1, 4, 0
9430, 257215, 2, 5, 7, 2, 1, 5, 0
9431, 257221, 2, 5, 7, 2, 2, 1, 0
9432, 257222, 2, 5, 7, 2, 2, 2, 0
9433, 257223, 2, 5, 7, 2, 2, 3, 0
9434, 257224, 2, 5, 7, 2, 2, 4, 0
9435, 257225, 2, 5, 7, 2, 2, 5, 0
9436, 257231, 2, 5, 7, 2, 3, 1, 0
9437, 257232, 2, 5, 7, 2, 3, 2, 0
9438, 257233, 2, 5, 7, 2, 3, 3, 0
9439, 257234, 2, 5, 7, 2, 3, 4, 0
9440, 257235, 2, 5, 7, 2, 3, 5, 0
9441, 257241, 2, 5, 7, 2, 4, 1, 0
9442, 257242, 2, 5, 7, 2, 4, 2, 0
9443, 257243, 2, 5, 7, 2, 4, 3, 0
9444, 257244, 2, 5, 7, 2, 4, 4, 0
9445, 257245, 2, 5, 7, 2, 4, 5, 0
9446, 257251, 2, 5, 7, 2, 5, 1, 0
9447, 257252, 2, 5, 7, 2, 5, 2, 0
9448, 257253, 2, 5, 7, 2, 5, 3, 0
9449, 257254, 2, 5, 7, 2, 5, 4, 0
9450, 257255, 2, 5, 7, 2, 5, 5, 0
9451, 257311, 2, 5, 7, 3, 1, 1, 0
9452, 257312, 2, 5, 7, 3, 1, 2, 0
9453, 257313, 2, 5, 7, 3, 1, 3, 0
9454, 257314, 2, 5, 7, 3, 1, 4, 0
9455, 257315, 2, 5, 7, 3, 1, 5, 0
9456, 257321, 2, 5, 7, 3, 2, 1, 0
9457, 257322, 2, 5, 7, 3, 2, 2, 0
9458, 257323, 2, 5, 7, 3, 2, 3, 0
9459, 257324, 2, 5, 7, 3, 2, 4, 0
9460, 257325, 2, 5, 7, 3, 2, 5, 0
9461, 257331, 2, 5, 7, 3, 3, 1, 0
9462, 257332, 2, 5, 7, 3, 3, 2, 0
9463, 257333, 2, 5, 7, 3, 3, 3, 0
9464, 257334, 2, 5, 7, 3, 3, 4, 0
9465, 257335, 2, 5, 7, 3, 3, 5, 0
9466, 257341, 2, 5, 7, 3, 4, 1, 0
9467, 257342, 2, 5, 7, 3, 4, 2, 0
9468, 257343, 2, 5, 7, 3, 4, 3, 0
9469, 257344, 2, 5, 7, 3, 4, 4, 0
9470, 257345, 2, 5, 7, 3, 4, 5, 0
9471, 257351, 2, 5, 7, 3, 5, 1, 0
9472, 257352, 2, 5, 7, 3, 5, 2, 0
9473, 257353, 2, 5, 7, 3, 5, 3, 0
9474, 257354, 2, 5, 7, 3, 5, 4, 0
9475, 257355, 2, 5, 7, 3, 5, 5, 0
9476, 257411, 2, 5, 7, 4, 1, 1, 0
9477, 257412, 2, 5, 7, 4, 1, 2, 0
9478, 257413, 2, 5, 7, 4, 1, 3, 0
9479, 257414, 2, 5, 7, 4, 1, 4, 0
9480, 257415, 2, 5, 7, 4, 1, 5, 0
9481, 257421, 2, 5, 7, 4, 2, 1, 0
9482, 257422, 2, 5, 7, 4, 2, 2, 0
9483, 257423, 2, 5, 7, 4, 2, 3, 0
9484, 257424, 2, 5, 7, 4, 2, 4, 0
9485, 257425, 2, 5, 7, 4, 2, 5, 0
9486, 257431, 2, 5, 7, 4, 3, 1, 0
9487, 257432, 2, 5, 7, 4, 3, 2, 0
9488, 257433, 2, 5, 7, 4, 3, 3, 0
9489, 257434, 2, 5, 7, 4, 3, 4, 0
9490, 257435, 2, 5, 7, 4, 3, 5, 0
9491, 257441, 2, 5, 7, 4, 4, 1, 0
9492, 257442, 2, 5, 7, 4, 4, 2, 0
9493, 257443, 2, 5, 7, 4, 4, 3, 0
9494, 257444, 2, 5, 7, 4, 4, 4, 0
9495, 257445, 2, 5, 7, 4, 4, 5, 0
9496, 257451, 2, 5, 7, 4, 5, 1, 0
9497, 257452, 2, 5, 7, 4, 5, 2, 0
9498, 257453, 2, 5, 7, 4, 5, 3, 0
9499, 257454, 2, 5, 7, 4, 5, 4, 0
9500, 257455, 2, 5, 7, 4, 5, 5, 0
9501, 261111, 2, 6, 1, 1, 1, 1, 0
9502, 261112, 2, 6, 1, 1, 1, 2, 0
9503, 261113, 2, 6, 1, 1, 1, 3, 0
9504, 261114, 2, 6, 1, 1, 1, 4, 0
9505, 261115, 2, 6, 1, 1, 1, 5, 0
9506, 261121, 2, 6, 1, 1, 2, 1, 0
9507, 261122, 2, 6, 1, 1, 2, 2, 0
9508, 261123, 2, 6, 1, 1, 2, 3, 0
9509, 261124, 2, 6, 1, 1, 2, 4, 0
9510, 261125, 2, 6, 1, 1, 2, 5, 0
9511, 261131, 2, 6, 1, 1, 3, 1, 0
9512, 261132, 2, 6, 1, 1, 3, 2, 0
9513, 261133, 2, 6, 1, 1, 3, 3, 0
9514, 261134, 2, 6, 1, 1, 3, 4, 0
9515, 261135, 2, 6, 1, 1, 3, 5, 0
9516, 261141, 2, 6, 1, 1, 4, 1, 0
9517, 261142, 2, 6, 1, 1, 4, 2, 0
9518, 261143, 2, 6, 1, 1, 4, 3, 0
9519, 261144, 2, 6, 1, 1, 4, 4, 0
9520, 261145, 2, 6, 1, 1, 4, 5, 0
9521, 261151, 2, 6, 1, 1, 5, 1, 0
9522, 261152, 2, 6, 1, 1, 5, 2, 0
9523, 261153, 2, 6, 1, 1, 5, 3, 0
9524, 261154, 2, 6, 1, 1, 5, 4, 0
9525, 261155, 2, 6, 1, 1, 5, 5, 0
9526, 261211, 2, 6, 1, 2, 1, 1, 0
9527, 261212, 2, 6, 1, 2, 1, 2, 0
9528, 261213, 2, 6, 1, 2, 1, 3, 0
9529, 261214, 2, 6, 1, 2, 1, 4, 0
9530, 261215, 2, 6, 1, 2, 1, 5, 0
9531, 261221, 2, 6, 1, 2, 2, 1, 0
9532, 261222, 2, 6, 1, 2, 2, 2, 0
9533, 261223, 2, 6, 1, 2, 2, 3, 0
9534, 261224, 2, 6, 1, 2, 2, 4, 0
9535, 261225, 2, 6, 1, 2, 2, 5, 0
9536, 261231, 2, 6, 1, 2, 3, 1, 0
9537, 261232, 2, 6, 1, 2, 3, 2, 0
9538, 261233, 2, 6, 1, 2, 3, 3, 0
9539, 261234, 2, 6, 1, 2, 3, 4, 0
9540, 261235, 2, 6, 1, 2, 3, 5, 0
9541, 261241, 2, 6, 1, 2, 4, 1, 0
9542, 261242, 2, 6, 1, 2, 4, 2, 0
9543, 261243, 2, 6, 1, 2, 4, 3, 0
9544, 261244, 2, 6, 1, 2, 4, 4, 0
9545, 261245, 2, 6, 1, 2, 4, 5, 0
9546, 261251, 2, 6, 1, 2, 5, 1, 0
9547, 261252, 2, 6, 1, 2, 5, 2, 0
9548, 261253, 2, 6, 1, 2, 5, 3, 0
9549, 261254, 2, 6, 1, 2, 5, 4, 0
9550, 261255, 2, 6, 1, 2, 5, 5, 0
9551, 261311, 2, 6, 1, 3, 1, 1, 0
9552, 261312, 2, 6, 1, 3, 1, 2, 0
9553, 261313, 2, 6, 1, 3, 1, 3, 0
9554, 261314, 2, 6, 1, 3, 1, 4, 0
9555, 261315, 2, 6, 1, 3, 1, 5, 0
9556, 261321, 2, 6, 1, 3, 2, 1, 0
9557, 261322, 2, 6, 1, 3, 2, 2, 0
9558, 261323, 2, 6, 1, 3, 2, 3, 0
9559, 261324, 2, 6, 1, 3, 2, 4, 0
9560, 261325, 2, 6, 1, 3, 2, 5, 0
9561, 261331, 2, 6, 1, 3, 3, 1, 0
9562, 261332, 2, 6, 1, 3, 3, 2, 0
9563, 261333, 2, 6, 1, 3, 3, 3, 0
9564, 261334, 2, 6, 1, 3, 3, 4, 0
9565, 261335, 2, 6, 1, 3, 3, 5, 0
9566, 261341, 2, 6, 1, 3, 4, 1, 0
9567, 261342, 2, 6, 1, 3, 4, 2, 0
9568, 261343, 2, 6, 1, 3, 4, 3, 0
9569, 261344, 2, 6, 1, 3, 4, 4, 0
9570, 261345, 2, 6, 1, 3, 4, 5, 0
9571, 261351, 2, 6, 1, 3, 5, 1, 0
9572, 261352, 2, 6, 1, 3, 5, 2, 0
9573, 261353, 2, 6, 1, 3, 5, 3, 0
9574, 261354, 2, 6, 1, 3, 5, 4, 0
9575, 261355, 2, 6, 1, 3, 5, 5, 0
9576, 261411, 2, 6, 1, 4, 1, 1, 0
9577, 261412, 2, 6, 1, 4, 1, 2, 0
9578, 261413, 2, 6, 1, 4, 1, 3, 0
9579, 261414, 2, 6, 1, 4, 1, 4, 0
9580, 261415, 2, 6, 1, 4, 1, 5, 0
9581, 261421, 2, 6, 1, 4, 2, 1, 0
9582, 261422, 2, 6, 1, 4, 2, 2, 0
9583, 261423, 2, 6, 1, 4, 2, 3, 0
9584, 261424, 2, 6, 1, 4, 2, 4, 0
9585, 261425, 2, 6, 1, 4, 2, 5, 0
9586, 261431, 2, 6, 1, 4, 3, 1, 0
9587, 261432, 2, 6, 1, 4, 3, 2, 0
9588, 261433, 2, 6, 1, 4, 3, 3, 0
9589, 261434, 2, 6, 1, 4, 3, 4, 0
9590, 261435, 2, 6, 1, 4, 3, 5, 0
9591, 261441, 2, 6, 1, 4, 4, 1, 0
9592, 261442, 2, 6, 1, 4, 4, 2, 0
9593, 261443, 2, 6, 1, 4, 4, 3, 0
9594, 261444, 2, 6, 1, 4, 4, 4, 0
9595, 261445, 2, 6, 1, 4, 4, 5, 0
9596, 261451, 2, 6, 1, 4, 5, 1, 0
9597, 261452, 2, 6, 1, 4, 5, 2, 0
9598, 261453, 2, 6, 1, 4, 5, 3, 0
9599, 261454, 2, 6, 1, 4, 5, 4, 0
9600, 261455, 2, 6, 1, 4, 5, 5, 0
9601, 262111, 2, 6, 2, 1, 1, 1, 0
9602, 262112, 2, 6, 2, 1, 1, 2, 0
9603, 262113, 2, 6, 2, 1, 1, 3, 0
9604, 262114, 2, 6, 2, 1, 1, 4, 0
9605, 262115, 2, 6, 2, 1, 1, 5, 0
9606, 262121, 2, 6, 2, 1, 2, 1, 0
9607, 262122, 2, 6, 2, 1, 2, 2, 0
9608, 262123, 2, 6, 2, 1, 2, 3, 0
9609, 262124, 2, 6, 2, 1, 2, 4, 0
9610, 262125, 2, 6, 2, 1, 2, 5, 0
9611, 262131, 2, 6, 2, 1, 3, 1, 0
9612, 262132, 2, 6, 2, 1, 3, 2, 0
9613, 262133, 2, 6, 2, 1, 3, 3, 0
9614, 262134, 2, 6, 2, 1, 3, 4, 0
9615, 262135, 2, 6, 2, 1, 3, 5, 0
9616, 262141, 2, 6, 2, 1, 4, 1, 0
9617, 262142, 2, 6, 2, 1, 4, 2, 0
9618, 262143, 2, 6, 2, 1, 4, 3, 0
9619, 262144, 2, 6, 2, 1, 4, 4, 0
9620, 262145, 2, 6, 2, 1, 4, 5, 0
9621, 262151, 2, 6, 2, 1, 5, 1, 0
9622, 262152, 2, 6, 2, 1, 5, 2, 0
9623, 262153, 2, 6, 2, 1, 5, 3, 0
9624, 262154, 2, 6, 2, 1, 5, 4, 0
9625, 262155, 2, 6, 2, 1, 5, 5, 0
9626, 262211, 2, 6, 2, 2, 1, 1, 0
9627, 262212, 2, 6, 2, 2, 1, 2, 0
9628, 262213, 2, 6, 2, 2, 1, 3, 0
9629, 262214, 2, 6, 2, 2, 1, 4, 0
9630, 262215, 2, 6, 2, 2, 1, 5, 0
9631, 262221, 2, 6, 2, 2, 2, 1, 0
9632, 262222, 2, 6, 2, 2, 2, 2, 0
9633, 262223, 2, 6, 2, 2, 2, 3, 0
9634, 262224, 2, 6, 2, 2, 2, 4, 0
9635, 262225, 2, 6, 2, 2, 2, 5, 0
9636, 262231, 2, 6, 2, 2, 3, 1, 0
9637, 262232, 2, 6, 2, 2, 3, 2, 0
9638, 262233, 2, 6, 2, 2, 3, 3, 0
9639, 262234, 2, 6, 2, 2, 3, 4, 0
9640, 262235, 2, 6, 2, 2, 3, 5, 0
9641, 262241, 2, 6, 2, 2, 4, 1, 0
9642, 262242, 2, 6, 2, 2, 4, 2, 0
9643, 262243, 2, 6, 2, 2, 4, 3, 0
9644, 262244, 2, 6, 2, 2, 4, 4, 0
9645, 262245, 2, 6, 2, 2, 4, 5, 0
9646, 262251, 2, 6, 2, 2, 5, 1, 0
9647, 262252, 2, 6, 2, 2, 5, 2, 0
9648, 262253, 2, 6, 2, 2, 5, 3, 0
9649, 262254, 2, 6, 2, 2, 5, 4, 0
9650, 262255, 2, 6, 2, 2, 5, 5, 0
9651, 262311, 2, 6, 2, 3, 1, 1, 0
9652, 262312, 2, 6, 2, 3, 1, 2, 0
9653, 262313, 2, 6, 2, 3, 1, 3, 0
9654, 262314, 2, 6, 2, 3, 1, 4, 0
9655, 262315, 2, 6, 2, 3, 1, 5, 0
9656, 262321, 2, 6, 2, 3, 2, 1, 0
9657, 262322, 2, 6, 2, 3, 2, 2, 0
9658, 262323, 2, 6, 2, 3, 2, 3, 0
9659, 262324, 2, 6, 2, 3, 2, 4, 0
9660, 262325, 2, 6, 2, 3, 2, 5, 0
9661, 262331, 2, 6, 2, 3, 3, 1, 0
9662, 262332, 2, 6, 2, 3, 3, 2, 0
9663, 262333, 2, 6, 2, 3, 3, 3, 0
9664, 262334, 2, 6, 2, 3, 3, 4, 0
9665, 262335, 2, 6, 2, 3, 3, 5, 0
9666, 262341, 2, 6, 2, 3, 4, 1, 0
9667, 262342, 2, 6, 2, 3, 4, 2, 0
9668, 262343, 2, 6, 2, 3, 4, 3, 0
9669, 262344, 2, 6, 2, 3, 4, 4, 0
9670, 262345, 2, 6, 2, 3, 4, 5, 0
9671, 262351, 2, 6, 2, 3, 5, 1, 0
9672, 262352, 2, 6, 2, 3, 5, 2, 0
9673, 262353, 2, 6, 2, 3, 5, 3, 0
9674, 262354, 2, 6, 2, 3, 5, 4, 0
9675, 262355, 2, 6, 2, 3, 5, 5, 0
9676, 262411, 2, 6, 2, 4, 1, 1, 0
9677, 262412, 2, 6, 2, 4, 1, 2, 0
9678, 262413, 2, 6, 2, 4, 1, 3, 0
9679, 262414, 2, 6, 2, 4, 1, 4, 0
9680, 262415, 2, 6, 2, 4, 1, 5, 0
9681, 262421, 2, 6, 2, 4, 2, 1, 0
9682, 262422, 2, 6, 2, 4, 2, 2, 0
9683, 262423, 2, 6, 2, 4, 2, 3, 0
9684, 262424, 2, 6, 2, 4, 2, 4, 0
9685, 262425, 2, 6, 2, 4, 2, 5, 0
9686, 262431, 2, 6, 2, 4, 3, 1, 0
9687, 262432, 2, 6, 2, 4, 3, 2, 0
9688, 262433, 2, 6, 2, 4, 3, 3, 0
9689, 262434, 2, 6, 2, 4, 3, 4, 0
9690, 262435, 2, 6, 2, 4, 3, 5, 0
9691, 262441, 2, 6, 2, 4, 4, 1, 0
9692, 262442, 2, 6, 2, 4, 4, 2, 0
9693, 262443, 2, 6, 2, 4, 4, 3, 0
9694, 262444, 2, 6, 2, 4, 4, 4, 0
9695, 262445, 2, 6, 2, 4, 4, 5, 0
9696, 262451, 2, 6, 2, 4, 5, 1, 0
9697, 262452, 2, 6, 2, 4, 5, 2, 0
9698, 262453, 2, 6, 2, 4, 5, 3, 0
9699, 262454, 2, 6, 2, 4, 5, 4, 0
9700, 262455, 2, 6, 2, 4, 5, 5, 0
9701, 263111, 2, 6, 3, 1, 1, 1, 0
9702, 263112, 2, 6, 3, 1, 1, 2, 0
9703, 263113, 2, 6, 3, 1, 1, 3, 0
9704, 263114, 2, 6, 3, 1, 1, 4, 0
9705, 263115, 2, 6, 3, 1, 1, 5, 0
9706, 263121, 2, 6, 3, 1, 2, 1, 0
9707, 263122, 2, 6, 3, 1, 2, 2, 0
9708, 263123, 2, 6, 3, 1, 2, 3, 0
9709, 263124, 2, 6, 3, 1, 2, 4, 0
9710, 263125, 2, 6, 3, 1, 2, 5, 0
9711, 263131, 2, 6, 3, 1, 3, 1, 0
9712, 263132, 2, 6, 3, 1, 3, 2, 0
9713, 263133, 2, 6, 3, 1, 3, 3, 0
9714, 263134, 2, 6, 3, 1, 3, 4, 0
9715, 263135, 2, 6, 3, 1, 3, 5, 0
9716, 263141, 2, 6, 3, 1, 4, 1, 0
9717, 263142, 2, 6, 3, 1, 4, 2, 0
9718, 263143, 2, 6, 3, 1, 4, 3, 0
9719, 263144, 2, 6, 3, 1, 4, 4, 0
9720, 263145, 2, 6, 3, 1, 4, 5, 0
9721, 263151, 2, 6, 3, 1, 5, 1, 0
9722, 263152, 2, 6, 3, 1, 5, 2, 0
9723, 263153, 2, 6, 3, 1, 5, 3, 0
9724, 263154, 2, 6, 3, 1, 5, 4, 0
9725, 263155, 2, 6, 3, 1, 5, 5, 0
9726, 263211, 2, 6, 3, 2, 1, 1, 0
9727, 263212, 2, 6, 3, 2, 1, 2, 0
9728, 263213, 2, 6, 3, 2, 1, 3, 0
9729, 263214, 2, 6, 3, 2, 1, 4, 0
9730, 263215, 2, 6, 3, 2, 1, 5, 0
9731, 263221, 2, 6, 3, 2, 2, 1, 0
9732, 263222, 2, 6, 3, 2, 2, 2, 0
9733, 263223, 2, 6, 3, 2, 2, 3, 0
9734, 263224, 2, 6, 3, 2, 2, 4, 0
9735, 263225, 2, 6, 3, 2, 2, 5, 0
9736, 263231, 2, 6, 3, 2, 3, 1, 0
9737, 263232, 2, 6, 3, 2, 3, 2, 0
9738, 263233, 2, 6, 3, 2, 3, 3, 0
9739, 263234, 2, 6, 3, 2, 3, 4, 0
9740, 263235, 2, 6, 3, 2, 3, 5, 0
9741, 263241, 2, 6, 3, 2, 4, 1, 0
9742, 263242, 2, 6, 3, 2, 4, 2, 0
9743, 263243, 2, 6, 3, 2, 4, 3, 0
9744, 263244, 2, 6, 3, 2, 4, 4, 0
9745, 263245, 2, 6, 3, 2, 4, 5, 0
9746, 263251, 2, 6, 3, 2, 5, 1, 0
9747, 263252, 2, 6, 3, 2, 5, 2, 0
9748, 263253, 2, 6, 3, 2, 5, 3, 0
9749, 263254, 2, 6, 3, 2, 5, 4, 0
9750, 263255, 2, 6, 3, 2, 5, 5, 0
9751, 263311, 2, 6, 3, 3, 1, 1, 0
9752, 263312, 2, 6, 3, 3, 1, 2, 0
9753, 263313, 2, 6, 3, 3, 1, 3, 0
9754, 263314, 2, 6, 3, 3, 1, 4, 0
9755, 263315, 2, 6, 3, 3, 1, 5, 0
9756, 263321, 2, 6, 3, 3, 2, 1, 0
9757, 263322, 2, 6, 3, 3, 2, 2, 0
9758, 263323, 2, 6, 3, 3, 2, 3, 0
9759, 263324, 2, 6, 3, 3, 2, 4, 0
9760, 263325, 2, 6, 3, 3, 2, 5, 0
9761, 263331, 2, 6, 3, 3, 3, 1, 0
9762, 263332, 2, 6, 3, 3, 3, 2, 0
9763, 263333, 2, 6, 3, 3, 3, 3, 0
9764, 263334, 2, 6, 3, 3, 3, 4, 0
9765, 263335, 2, 6, 3, 3, 3, 5, 0
9766, 263341, 2, 6, 3, 3, 4, 1, 0
9767, 263342, 2, 6, 3, 3, 4, 2, 0
9768, 263343, 2, 6, 3, 3, 4, 3, 0
9769, 263344, 2, 6, 3, 3, 4, 4, 0
9770, 263345, 2, 6, 3, 3, 4, 5, 0
9771, 263351, 2, 6, 3, 3, 5, 1, 0
9772, 263352, 2, 6, 3, 3, 5, 2, 0
9773, 263353, 2, 6, 3, 3, 5, 3, 0
9774, 263354, 2, 6, 3, 3, 5, 4, 0
9775, 263355, 2, 6, 3, 3, 5, 5, 0
9776, 263411, 2, 6, 3, 4, 1, 1, 0
9777, 263412, 2, 6, 3, 4, 1, 2, 0
9778, 263413, 2, 6, 3, 4, 1, 3, 0
9779, 263414, 2, 6, 3, 4, 1, 4, 0
9780, 263415, 2, 6, 3, 4, 1, 5, 0
9781, 263421, 2, 6, 3, 4, 2, 1, 0
9782, 263422, 2, 6, 3, 4, 2, 2, 0
9783, 263423, 2, 6, 3, 4, 2, 3, 0
9784, 263424, 2, 6, 3, 4, 2, 4, 0
9785, 263425, 2, 6, 3, 4, 2, 5, 0
9786, 263431, 2, 6, 3, 4, 3, 1, 0
9787, 263432, 2, 6, 3, 4, 3, 2, 0
9788, 263433, 2, 6, 3, 4, 3, 3, 0
9789, 263434, 2, 6, 3, 4, 3, 4, 0
9790, 263435, 2, 6, 3, 4, 3, 5, 0
9791, 263441, 2, 6, 3, 4, 4, 1, 0
9792, 263442, 2, 6, 3, 4, 4, 2, 0
9793, 263443, 2, 6, 3, 4, 4, 3, 0
9794, 263444, 2, 6, 3, 4, 4, 4, 0
9795, 263445, 2, 6, 3, 4, 4, 5, 0
9796, 263451, 2, 6, 3, 4, 5, 1, 0
9797, 263452, 2, 6, 3, 4, 5, 2, 0
9798, 263453, 2, 6, 3, 4, 5, 3, 0
9799, 263454, 2, 6, 3, 4, 5, 4, 0
9800, 263455, 2, 6, 3, 4, 5, 5, 0
9801, 264111, 2, 6, 4, 1, 1, 1, 0
9802, 264112, 2, 6, 4, 1, 1, 2, 0
9803, 264113, 2, 6, 4, 1, 1, 3, 0
9804, 264114, 2, 6, 4, 1, 1, 4, 0
9805, 264115, 2, 6, 4, 1, 1, 5, 0
9806, 264121, 2, 6, 4, 1, 2, 1, 0
9807, 264122, 2, 6, 4, 1, 2, 2, 0
9808, 264123, 2, 6, 4, 1, 2, 3, 0
9809, 264124, 2, 6, 4, 1, 2, 4, 0
9810, 264125, 2, 6, 4, 1, 2, 5, 0
9811, 264131, 2, 6, 4, 1, 3, 1, 0
9812, 264132, 2, 6, 4, 1, 3, 2, 0
9813, 264133, 2, 6, 4, 1, 3, 3, 0
9814, 264134, 2, 6, 4, 1, 3, 4, 0
9815, 264135, 2, 6, 4, 1, 3, 5, 0
9816, 264141, 2, 6, 4, 1, 4, 1, 0
9817, 264142, 2, 6, 4, 1, 4, 2, 0
9818, 264143, 2, 6, 4, 1, 4, 3, 0
9819, 264144, 2, 6, 4, 1, 4, 4, 0
9820, 264145, 2, 6, 4, 1, 4, 5, 0
9821, 264151, 2, 6, 4, 1, 5, 1, 0
9822, 264152, 2, 6, 4, 1, 5, 2, 0
9823, 264153, 2, 6, 4, 1, 5, 3, 0
9824, 264154, 2, 6, 4, 1, 5, 4, 0
9825, 264155, 2, 6, 4, 1, 5, 5, 0
9826, 264211, 2, 6, 4, 2, 1, 1, 0
9827, 264212, 2, 6, 4, 2, 1, 2, 0
9828, 264213, 2, 6, 4, 2, 1, 3, 0
9829, 264214, 2, 6, 4, 2, 1, 4, 0
9830, 264215, 2, 6, 4, 2, 1, 5, 0
9831, 264221, 2, 6, 4, 2, 2, 1, 0
9832, 264222, 2, 6, 4, 2, 2, 2, 0
9833, 264223, 2, 6, 4, 2, 2, 3, 0
9834, 264224, 2, 6, 4, 2, 2, 4, 0
9835, 264225, 2, 6, 4, 2, 2, 5, 0
9836, 264231, 2, 6, 4, 2, 3, 1, 0
9837, 264232, 2, 6, 4, 2, 3, 2, 0
9838, 264233, 2, 6, 4, 2, 3, 3, 0
9839, 264234, 2, 6, 4, 2, 3, 4, 0
9840, 264235, 2, 6, 4, 2, 3, 5, 0
9841, 264241, 2, 6, 4, 2, 4, 1, 0
9842, 264242, 2, 6, 4, 2, 4, 2, 0
9843, 264243, 2, 6, 4, 2, 4, 3, 0
9844, 264244, 2, 6, 4, 2, 4, 4, 0
9845, 264245, 2, 6, 4, 2, 4, 5, 0
9846, 264251, 2, 6, 4, 2, 5, 1, 0
9847, 264252, 2, 6, 4, 2, 5, 2, 0
9848, 264253, 2, 6, 4, 2, 5, 3, 0
9849, 264254, 2, 6, 4, 2, 5, 4, 0
9850, 264255, 2, 6, 4, 2, 5, 5, 0
9851, 264311, 2, 6, 4, 3, 1, 1, 0
9852, 264312, 2, 6, 4, 3, 1, 2, 0
9853, 264313, 2, 6, 4, 3, 1, 3, 0
9854, 264314, 2, 6, 4, 3, 1, 4, 0
9855, 264315, 2, 6, 4, 3, 1, 5, 0
9856, 264321, 2, 6, 4, 3, 2, 1, 0
9857, 264322, 2, 6, 4, 3, 2, 2, 0
9858, 264323, 2, 6, 4, 3, 2, 3, 0
9859, 264324, 2, 6, 4, 3, 2, 4, 0
9860, 264325, 2, 6, 4, 3, 2, 5, 0
9861, 264331, 2, 6, 4, 3, 3, 1, 0
9862, 264332, 2, 6, 4, 3, 3, 2, 0
9863, 264333, 2, 6, 4, 3, 3, 3, 0
9864, 264334, 2, 6, 4, 3, 3, 4, 0
9865, 264335, 2, 6, 4, 3, 3, 5, 0
9866, 264341, 2, 6, 4, 3, 4, 1, 0
9867, 264342, 2, 6, 4, 3, 4, 2, 0
9868, 264343, 2, 6, 4, 3, 4, 3, 0
9869, 264344, 2, 6, 4, 3, 4, 4, 0
9870, 264345, 2, 6, 4, 3, 4, 5, 0
9871, 264351, 2, 6, 4, 3, 5, 1, 0
9872, 264352, 2, 6, 4, 3, 5, 2, 0
9873, 264353, 2, 6, 4, 3, 5, 3, 0
9874, 264354, 2, 6, 4, 3, 5, 4, 0
9875, 264355, 2, 6, 4, 3, 5, 5, 0
9876, 264411, 2, 6, 4, 4, 1, 1, 0
9877, 264412, 2, 6, 4, 4, 1, 2, 0
9878, 264413, 2, 6, 4, 4, 1, 3, 0
9879, 264414, 2, 6, 4, 4, 1, 4, 0
9880, 264415, 2, 6, 4, 4, 1, 5, 0
9881, 264421, 2, 6, 4, 4, 2, 1, 0
9882, 264422, 2, 6, 4, 4, 2, 2, 0
9883, 264423, 2, 6, 4, 4, 2, 3, 0
9884, 264424, 2, 6, 4, 4, 2, 4, 0
9885, 264425, 2, 6, 4, 4, 2, 5, 0
9886, 264431, 2, 6, 4, 4, 3, 1, 0
9887, 264432, 2, 6, 4, 4, 3, 2, 0
9888, 264433, 2, 6, 4, 4, 3, 3, 0
9889, 264434, 2, 6, 4, 4, 3, 4, 0
9890, 264435, 2, 6, 4, 4, 3, 5, 0
9891, 264441, 2, 6, 4, 4, 4, 1, 0
9892, 264442, 2, 6, 4, 4, 4, 2, 0
9893, 264443, 2, 6, 4, 4, 4, 3, 0
9894, 264444, 2, 6, 4, 4, 4, 4, 0
9895, 264445, 2, 6, 4, 4, 4, 5, 0
9896, 264451, 2, 6, 4, 4, 5, 1, 0
9897, 264452, 2, 6, 4, 4, 5, 2, 0
9898, 264453, 2, 6, 4, 4, 5, 3, 0
9899, 264454, 2, 6, 4, 4, 5, 4, 0
9900, 264455, 2, 6, 4, 4, 5, 5, 0
9901, 265111, 2, 6, 5, 1, 1, 1, 0
9902, 265112, 2, 6, 5, 1, 1, 2, 0
9903, 265113, 2, 6, 5, 1, 1, 3, 0
9904, 265114, 2, 6, 5, 1, 1, 4, 0
9905, 265115, 2, 6, 5, 1, 1, 5, 0
9906, 265121, 2, 6, 5, 1, 2, 1, 0
9907, 265122, 2, 6, 5, 1, 2, 2, 0
9908, 265123, 2, 6, 5, 1, 2, 3, 0
9909, 265124, 2, 6, 5, 1, 2, 4, 0
9910, 265125, 2, 6, 5, 1, 2, 5, 0
9911, 265131, 2, 6, 5, 1, 3, 1, 0
9912, 265132, 2, 6, 5, 1, 3, 2, 0
9913, 265133, 2, 6, 5, 1, 3, 3, 0
9914, 265134, 2, 6, 5, 1, 3, 4, 0
9915, 265135, 2, 6, 5, 1, 3, 5, 0
9916, 265141, 2, 6, 5, 1, 4, 1, 0
9917, 265142, 2, 6, 5, 1, 4, 2, 0
9918, 265143, 2, 6, 5, 1, 4, 3, 0
9919, 265144, 2, 6, 5, 1, 4, 4, 0
9920, 265145, 2, 6, 5, 1, 4, 5, 0
9921, 265151, 2, 6, 5, 1, 5, 1, 0
9922, 265152, 2, 6, 5, 1, 5, 2, 0
9923, 265153, 2, 6, 5, 1, 5, 3, 0
9924, 265154, 2, 6, 5, 1, 5, 4, 0
9925, 265155, 2, 6, 5, 1, 5, 5, 0
9926, 265211, 2, 6, 5, 2, 1, 1, 0
9927, 265212, 2, 6, 5, 2, 1, 2, 0
9928, 265213, 2, 6, 5, 2, 1, 3, 0
9929, 265214, 2, 6, 5, 2, 1, 4, 0
9930, 265215, 2, 6, 5, 2, 1, 5, 0
9931, 265221, 2, 6, 5, 2, 2, 1, 0
9932, 265222, 2, 6, 5, 2, 2, 2, 0
9933, 265223, 2, 6, 5, 2, 2, 3, 0
9934, 265224, 2, 6, 5, 2, 2, 4, 0
9935, 265225, 2, 6, 5, 2, 2, 5, 0
9936, 265231, 2, 6, 5, 2, 3, 1, 0
9937, 265232, 2, 6, 5, 2, 3, 2, 0
9938, 265233, 2, 6, 5, 2, 3, 3, 0
9939, 265234, 2, 6, 5, 2, 3, 4, 0
9940, 265235, 2, 6, 5, 2, 3, 5, 0
9941, 265241, 2, 6, 5, 2, 4, 1, 0
9942, 265242, 2, 6, 5, 2, 4, 2, 0
9943, 265243, 2, 6, 5, 2, 4, 3, 0
9944, 265244, 2, 6, 5, 2, 4, 4, 0
9945, 265245, 2, 6, 5, 2, 4, 5, 0
9946, 265251, 2, 6, 5, 2, 5, 1, 0
9947, 265252, 2, 6, 5, 2, 5, 2, 0
9948, 265253, 2, 6, 5, 2, 5, 3, 0
9949, 265254, 2, 6, 5, 2, 5, 4, 0
9950, 265255, 2, 6, 5, 2, 5, 5, 0
9951, 265311, 2, 6, 5, 3, 1, 1, 0
9952, 265312, 2, 6, 5, 3, 1, 2, 0
9953, 265313, 2, 6, 5, 3, 1, 3, 0
9954, 265314, 2, 6, 5, 3, 1, 4, 0
9955, 265315, 2, 6, 5, 3, 1, 5, 0
9956, 265321, 2, 6, 5, 3, 2, 1, 0
9957, 265322, 2, 6, 5, 3, 2, 2, 0
9958, 265323, 2, 6, 5, 3, 2, 3, 0
9959, 265324, 2, 6, 5, 3, 2, 4, 0
9960, 265325, 2, 6, 5, 3, 2, 5, 0
9961, 265331, 2, 6, 5, 3, 3, 1, 0
9962, 265332, 2, 6, 5, 3, 3, 2, 0
9963, 265333, 2, 6, 5, 3, 3, 3, 0
9964, 265334, 2, 6, 5, 3, 3, 4, 0
9965, 265335, 2, 6, 5, 3, 3, 5, 0
9966, 265341, 2, 6, 5, 3, 4, 1, 0
9967, 265342, 2, 6, 5, 3, 4, 2, 0
9968, 265343, 2, 6, 5, 3, 4, 3, 0
9969, 265344, 2, 6, 5, 3, 4, 4, 0
9970, 265345, 2, 6, 5, 3, 4, 5, 0
9971, 265351, 2, 6, 5, 3, 5, 1, 0
9972, 265352, 2, 6, 5, 3, 5, 2, 0
9973, 265353, 2, 6, 5, 3, 5, 3, 0
9974, 265354, 2, 6, 5, 3, 5, 4, 0
9975, 265355, 2, 6, 5, 3, 5, 5, 0
9976, 265411, 2, 6, 5, 4, 1, 1, 0
9977, 265412, 2, 6, 5, 4, 1, 2, 0
9978, 265413, 2, 6, 5, 4, 1, 3, 0
9979, 265414, 2, 6, 5, 4, 1, 4, 0
9980, 265415, 2, 6, 5, 4, 1, 5, 0
9981, 265421, 2, 6, 5, 4, 2, 1, 0
9982, 265422, 2, 6, 5, 4, 2, 2, 0
9983, 265423, 2, 6, 5, 4, 2, 3, 0
9984, 265424, 2, 6, 5, 4, 2, 4, 0
9985, 265425, 2, 6, 5, 4, 2, 5, 0
9986, 265431, 2, 6, 5, 4, 3, 1, 0
9987, 265432, 2, 6, 5, 4, 3, 2, 0
9988, 265433, 2, 6, 5, 4, 3, 3, 0
9989, 265434, 2, 6, 5, 4, 3, 4, 0
9990, 265435, 2, 6, 5, 4, 3, 5, 0
9991, 265441, 2, 6, 5, 4, 4, 1, 0
9992, 265442, 2, 6, 5, 4, 4, 2, 0
9993, 265443, 2, 6, 5, 4, 4, 3, 0
9994, 265444, 2, 6, 5, 4, 4, 4, 0
9995, 265445, 2, 6, 5, 4, 4, 5, 0
9996, 265451, 2, 6, 5, 4, 5, 1, 0
9997, 265452, 2, 6, 5, 4, 5, 2, 0
9998, 265453, 2, 6, 5, 4, 5, 3, 0
9999, 265454, 2, 6, 5, 4, 5, 4, 0
10000, 265455, 2, 6, 5, 4, 5, 5, 0
10001, 266111, 2, 6, 6, 1, 1, 1, 0
10002, 266112, 2, 6, 6, 1, 1, 2, 0
10003, 266113, 2, 6, 6, 1, 1, 3, 0
10004, 266114, 2, 6, 6, 1, 1, 4, 0
10005, 266115, 2, 6, 6, 1, 1, 5, 0
10006, 266121, 2, 6, 6, 1, 2, 1, 0
10007, 266122, 2, 6, 6, 1, 2, 2, 0
10008, 266123, 2, 6, 6, 1, 2, 3, 0
10009, 266124, 2, 6, 6, 1, 2, 4, 0
10010, 266125, 2, 6, 6, 1, 2, 5, 0
10011, 266131, 2, 6, 6, 1, 3, 1, 0
10012, 266132, 2, 6, 6, 1, 3, 2, 0
10013, 266133, 2, 6, 6, 1, 3, 3, 0
10014, 266134, 2, 6, 6, 1, 3, 4, 0
10015, 266135, 2, 6, 6, 1, 3, 5, 0
10016, 266141, 2, 6, 6, 1, 4, 1, 0
10017, 266142, 2, 6, 6, 1, 4, 2, 0
10018, 266143, 2, 6, 6, 1, 4, 3, 0
10019, 266144, 2, 6, 6, 1, 4, 4, 0
10020, 266145, 2, 6, 6, 1, 4, 5, 0
10021, 266151, 2, 6, 6, 1, 5, 1, 0
10022, 266152, 2, 6, 6, 1, 5, 2, 0
10023, 266153, 2, 6, 6, 1, 5, 3, 0
10024, 266154, 2, 6, 6, 1, 5, 4, 0
10025, 266155, 2, 6, 6, 1, 5, 5, 0
10026, 266211, 2, 6, 6, 2, 1, 1, 0
10027, 266212, 2, 6, 6, 2, 1, 2, 0
10028, 266213, 2, 6, 6, 2, 1, 3, 0
10029, 266214, 2, 6, 6, 2, 1, 4, 0
10030, 266215, 2, 6, 6, 2, 1, 5, 0
10031, 266221, 2, 6, 6, 2, 2, 1, 0
10032, 266222, 2, 6, 6, 2, 2, 2, 0
10033, 266223, 2, 6, 6, 2, 2, 3, 0
10034, 266224, 2, 6, 6, 2, 2, 4, 0
10035, 266225, 2, 6, 6, 2, 2, 5, 0
10036, 266231, 2, 6, 6, 2, 3, 1, 0
10037, 266232, 2, 6, 6, 2, 3, 2, 0
10038, 266233, 2, 6, 6, 2, 3, 3, 0
10039, 266234, 2, 6, 6, 2, 3, 4, 0
10040, 266235, 2, 6, 6, 2, 3, 5, 0
10041, 266241, 2, 6, 6, 2, 4, 1, 0
10042, 266242, 2, 6, 6, 2, 4, 2, 0
10043, 266243, 2, 6, 6, 2, 4, 3, 0
10044, 266244, 2, 6, 6, 2, 4, 4, 0
10045, 266245, 2, 6, 6, 2, 4, 5, 0
10046, 266251, 2, 6, 6, 2, 5, 1, 0
10047, 266252, 2, 6, 6, 2, 5, 2, 0
10048, 266253, 2, 6, 6, 2, 5, 3, 0
10049, 266254, 2, 6, 6, 2, 5, 4, 0
10050, 266255, 2, 6, 6, 2, 5, 5, 0
10051, 266311, 2, 6, 6, 3, 1, 1, 0
10052, 266312, 2, 6, 6, 3, 1, 2, 0
10053, 266313, 2, 6, 6, 3, 1, 3, 0
10054, 266314, 2, 6, 6, 3, 1, 4, 0
10055, 266315, 2, 6, 6, 3, 1, 5, 0
10056, 266321, 2, 6, 6, 3, 2, 1, 0
10057, 266322, 2, 6, 6, 3, 2, 2, 0
10058, 266323, 2, 6, 6, 3, 2, 3, 0
10059, 266324, 2, 6, 6, 3, 2, 4, 0
10060, 266325, 2, 6, 6, 3, 2, 5, 0
10061, 266331, 2, 6, 6, 3, 3, 1, 0
10062, 266332, 2, 6, 6, 3, 3, 2, 0
10063, 266333, 2, 6, 6, 3, 3, 3, 0
10064, 266334, 2, 6, 6, 3, 3, 4, 0
10065, 266335, 2, 6, 6, 3, 3, 5, 0
10066, 266341, 2, 6, 6, 3, 4, 1, 0
10067, 266342, 2, 6, 6, 3, 4, 2, 0
10068, 266343, 2, 6, 6, 3, 4, 3, 0
10069, 266344, 2, 6, 6, 3, 4, 4, 0
10070, 266345, 2, 6, 6, 3, 4, 5, 0
10071, 266351, 2, 6, 6, 3, 5, 1, 0
10072, 266352, 2, 6, 6, 3, 5, 2, 0
10073, 266353, 2, 6, 6, 3, 5, 3, 0
10074, 266354, 2, 6, 6, 3, 5, 4, 0
10075, 266355, 2, 6, 6, 3, 5, 5, 0
10076, 266411, 2, 6, 6, 4, 1, 1, 0
10077, 266412, 2, 6, 6, 4, 1, 2, 0
10078, 266413, 2, 6, 6, 4, 1, 3, 0
10079, 266414, 2, 6, 6, 4, 1, 4, 0
10080, 266415, 2, 6, 6, 4, 1, 5, 0
10081, 266421, 2, 6, 6, 4, 2, 1, 0
10082, 266422, 2, 6, 6, 4, 2, 2, 0
10083, 266423, 2, 6, 6, 4, 2, 3, 0
10084, 266424, 2, 6, 6, 4, 2, 4, 0
10085, 266425, 2, 6, 6, 4, 2, 5, 0
10086, 266431, 2, 6, 6, 4, 3, 1, 0
10087, 266432, 2, 6, 6, 4, 3, 2, 0
10088, 266433, 2, 6, 6, 4, 3, 3, 0
10089, 266434, 2, 6, 6, 4, 3, 4, 0
10090, 266435, 2, 6, 6, 4, 3, 5, 0
10091, 266441, 2, 6, 6, 4, 4, 1, 0
10092, 266442, 2, 6, 6, 4, 4, 2, 0
10093, 266443, 2, 6, 6, 4, 4, 3, 0
10094, 266444, 2, 6, 6, 4, 4, 4, 0
10095, 266445, 2, 6, 6, 4, 4, 5, 0
10096, 266451, 2, 6, 6, 4, 5, 1, 0
10097, 266452, 2, 6, 6, 4, 5, 2, 0
10098, 266453, 2, 6, 6, 4, 5, 3, 0
10099, 266454, 2, 6, 6, 4, 5, 4, 0
10100, 266455, 2, 6, 6, 4, 5, 5, 0
10101, 267111, 2, 6, 7, 1, 1, 1, 0
10102, 267112, 2, 6, 7, 1, 1, 2, 0
10103, 267113, 2, 6, 7, 1, 1, 3, 0
10104, 267114, 2, 6, 7, 1, 1, 4, 0
10105, 267115, 2, 6, 7, 1, 1, 5, 0
10106, 267121, 2, 6, 7, 1, 2, 1, 0
10107, 267122, 2, 6, 7, 1, 2, 2, 0
10108, 267123, 2, 6, 7, 1, 2, 3, 0
10109, 267124, 2, 6, 7, 1, 2, 4, 0
10110, 267125, 2, 6, 7, 1, 2, 5, 0
10111, 267131, 2, 6, 7, 1, 3, 1, 0
10112, 267132, 2, 6, 7, 1, 3, 2, 0
10113, 267133, 2, 6, 7, 1, 3, 3, 0
10114, 267134, 2, 6, 7, 1, 3, 4, 0
10115, 267135, 2, 6, 7, 1, 3, 5, 0
10116, 267141, 2, 6, 7, 1, 4, 1, 0
10117, 267142, 2, 6, 7, 1, 4, 2, 0
10118, 267143, 2, 6, 7, 1, 4, 3, 0
10119, 267144, 2, 6, 7, 1, 4, 4, 0
10120, 267145, 2, 6, 7, 1, 4, 5, 0
10121, 267151, 2, 6, 7, 1, 5, 1, 0
10122, 267152, 2, 6, 7, 1, 5, 2, 0
10123, 267153, 2, 6, 7, 1, 5, 3, 0
10124, 267154, 2, 6, 7, 1, 5, 4, 0
10125, 267155, 2, 6, 7, 1, 5, 5, 0
10126, 267211, 2, 6, 7, 2, 1, 1, 0
10127, 267212, 2, 6, 7, 2, 1, 2, 0
10128, 267213, 2, 6, 7, 2, 1, 3, 0
10129, 267214, 2, 6, 7, 2, 1, 4, 0
10130, 267215, 2, 6, 7, 2, 1, 5, 0
10131, 267221, 2, 6, 7, 2, 2, 1, 0
10132, 267222, 2, 6, 7, 2, 2, 2, 0
10133, 267223, 2, 6, 7, 2, 2, 3, 0
10134, 267224, 2, 6, 7, 2, 2, 4, 0
10135, 267225, 2, 6, 7, 2, 2, 5, 0
10136, 267231, 2, 6, 7, 2, 3, 1, 0
10137, 267232, 2, 6, 7, 2, 3, 2, 0
10138, 267233, 2, 6, 7, 2, 3, 3, 0
10139, 267234, 2, 6, 7, 2, 3, 4, 0
10140, 267235, 2, 6, 7, 2, 3, 5, 0
10141, 267241, 2, 6, 7, 2, 4, 1, 0
10142, 267242, 2, 6, 7, 2, 4, 2, 0
10143, 267243, 2, 6, 7, 2, 4, 3, 0
10144, 267244, 2, 6, 7, 2, 4, 4, 0
10145, 267245, 2, 6, 7, 2, 4, 5, 0
10146, 267251, 2, 6, 7, 2, 5, 1, 0
10147, 267252, 2, 6, 7, 2, 5, 2, 0
10148, 267253, 2, 6, 7, 2, 5, 3, 0
10149, 267254, 2, 6, 7, 2, 5, 4, 0
10150, 267255, 2, 6, 7, 2, 5, 5, 0
10151, 267311, 2, 6, 7, 3, 1, 1, 0
10152, 267312, 2, 6, 7, 3, 1, 2, 0
10153, 267313, 2, 6, 7, 3, 1, 3, 0
10154, 267314, 2, 6, 7, 3, 1, 4, 0
10155, 267315, 2, 6, 7, 3, 1, 5, 0
10156, 267321, 2, 6, 7, 3, 2, 1, 0
10157, 267322, 2, 6, 7, 3, 2, 2, 0
10158, 267323, 2, 6, 7, 3, 2, 3, 0
10159, 267324, 2, 6, 7, 3, 2, 4, 0
10160, 267325, 2, 6, 7, 3, 2, 5, 0
10161, 267331, 2, 6, 7, 3, 3, 1, 0
10162, 267332, 2, 6, 7, 3, 3, 2, 0
10163, 267333, 2, 6, 7, 3, 3, 3, 0
10164, 267334, 2, 6, 7, 3, 3, 4, 0
10165, 267335, 2, 6, 7, 3, 3, 5, 0
10166, 267341, 2, 6, 7, 3, 4, 1, 0
10167, 267342, 2, 6, 7, 3, 4, 2, 0
10168, 267343, 2, 6, 7, 3, 4, 3, 0
10169, 267344, 2, 6, 7, 3, 4, 4, 0
10170, 267345, 2, 6, 7, 3, 4, 5, 0
10171, 267351, 2, 6, 7, 3, 5, 1, 0
10172, 267352, 2, 6, 7, 3, 5, 2, 0
10173, 267353, 2, 6, 7, 3, 5, 3, 0
10174, 267354, 2, 6, 7, 3, 5, 4, 0
10175, 267355, 2, 6, 7, 3, 5, 5, 0
10176, 267411, 2, 6, 7, 4, 1, 1, 0
10177, 267412, 2, 6, 7, 4, 1, 2, 0
10178, 267413, 2, 6, 7, 4, 1, 3, 0
10179, 267414, 2, 6, 7, 4, 1, 4, 0
10180, 267415, 2, 6, 7, 4, 1, 5, 0
10181, 267421, 2, 6, 7, 4, 2, 1, 0
10182, 267422, 2, 6, 7, 4, 2, 2, 0
10183, 267423, 2, 6, 7, 4, 2, 3, 0
10184, 267424, 2, 6, 7, 4, 2, 4, 0
10185, 267425, 2, 6, 7, 4, 2, 5, 0
10186, 267431, 2, 6, 7, 4, 3, 1, 0
10187, 267432, 2, 6, 7, 4, 3, 2, 0
10188, 267433, 2, 6, 7, 4, 3, 3, 0
10189, 267434, 2, 6, 7, 4, 3, 4, 0
10190, 267435, 2, 6, 7, 4, 3, 5, 0
10191, 267441, 2, 6, 7, 4, 4, 1, 0
10192, 267442, 2, 6, 7, 4, 4, 2, 0
10193, 267443, 2, 6, 7, 4, 4, 3, 0
10194, 267444, 2, 6, 7, 4, 4, 4, 0
10195, 267445, 2, 6, 7, 4, 4, 5, 0
10196, 267451, 2, 6, 7, 4, 5, 1, 0
10197, 267452, 2, 6, 7, 4, 5, 2, 0
10198, 267453, 2, 6, 7, 4, 5, 3, 0
10199, 267454, 2, 6, 7, 4, 5, 4, 0
10200, 267455, 2, 6, 7, 4, 5, 5, 0
10201, 271111, 2, 7, 1, 1, 1, 1, 0
10202, 271112, 2, 7, 1, 1, 1, 2, 0
10203, 271113, 2, 7, 1, 1, 1, 3, 0
10204, 271114, 2, 7, 1, 1, 1, 4, 0
10205, 271115, 2, 7, 1, 1, 1, 5, 0
10206, 271121, 2, 7, 1, 1, 2, 1, 0
10207, 271122, 2, 7, 1, 1, 2, 2, 0
10208, 271123, 2, 7, 1, 1, 2, 3, 0
10209, 271124, 2, 7, 1, 1, 2, 4, 0
10210, 271125, 2, 7, 1, 1, 2, 5, 0
10211, 271131, 2, 7, 1, 1, 3, 1, 0
10212, 271132, 2, 7, 1, 1, 3, 2, 0
10213, 271133, 2, 7, 1, 1, 3, 3, 0
10214, 271134, 2, 7, 1, 1, 3, 4, 0
10215, 271135, 2, 7, 1, 1, 3, 5, 0
10216, 271141, 2, 7, 1, 1, 4, 1, 0
10217, 271142, 2, 7, 1, 1, 4, 2, 0
10218, 271143, 2, 7, 1, 1, 4, 3, 0
10219, 271144, 2, 7, 1, 1, 4, 4, 0
10220, 271145, 2, 7, 1, 1, 4, 5, 0
10221, 271151, 2, 7, 1, 1, 5, 1, 0
10222, 271152, 2, 7, 1, 1, 5, 2, 0
10223, 271153, 2, 7, 1, 1, 5, 3, 0
10224, 271154, 2, 7, 1, 1, 5, 4, 0
10225, 271155, 2, 7, 1, 1, 5, 5, 0
10226, 271211, 2, 7, 1, 2, 1, 1, 0
10227, 271212, 2, 7, 1, 2, 1, 2, 0
10228, 271213, 2, 7, 1, 2, 1, 3, 0
10229, 271214, 2, 7, 1, 2, 1, 4, 0
10230, 271215, 2, 7, 1, 2, 1, 5, 0
10231, 271221, 2, 7, 1, 2, 2, 1, 0
10232, 271222, 2, 7, 1, 2, 2, 2, 0
10233, 271223, 2, 7, 1, 2, 2, 3, 0
10234, 271224, 2, 7, 1, 2, 2, 4, 0
10235, 271225, 2, 7, 1, 2, 2, 5, 0
10236, 271231, 2, 7, 1, 2, 3, 1, 0
10237, 271232, 2, 7, 1, 2, 3, 2, 0
10238, 271233, 2, 7, 1, 2, 3, 3, 0
10239, 271234, 2, 7, 1, 2, 3, 4, 0
10240, 271235, 2, 7, 1, 2, 3, 5, 0
10241, 271241, 2, 7, 1, 2, 4, 1, 0
10242, 271242, 2, 7, 1, 2, 4, 2, 0
10243, 271243, 2, 7, 1, 2, 4, 3, 0
10244, 271244, 2, 7, 1, 2, 4, 4, 0
10245, 271245, 2, 7, 1, 2, 4, 5, 0
10246, 271251, 2, 7, 1, 2, 5, 1, 0
10247, 271252, 2, 7, 1, 2, 5, 2, 0
10248, 271253, 2, 7, 1, 2, 5, 3, 0
10249, 271254, 2, 7, 1, 2, 5, 4, 0
10250, 271255, 2, 7, 1, 2, 5, 5, 0
10251, 271311, 2, 7, 1, 3, 1, 1, 0
10252, 271312, 2, 7, 1, 3, 1, 2, 0
10253, 271313, 2, 7, 1, 3, 1, 3, 0
10254, 271314, 2, 7, 1, 3, 1, 4, 0
10255, 271315, 2, 7, 1, 3, 1, 5, 0
10256, 271321, 2, 7, 1, 3, 2, 1, 0
10257, 271322, 2, 7, 1, 3, 2, 2, 0
10258, 271323, 2, 7, 1, 3, 2, 3, 0
10259, 271324, 2, 7, 1, 3, 2, 4, 0
10260, 271325, 2, 7, 1, 3, 2, 5, 0
10261, 271331, 2, 7, 1, 3, 3, 1, 0
10262, 271332, 2, 7, 1, 3, 3, 2, 0
10263, 271333, 2, 7, 1, 3, 3, 3, 0
10264, 271334, 2, 7, 1, 3, 3, 4, 0
10265, 271335, 2, 7, 1, 3, 3, 5, 0
10266, 271341, 2, 7, 1, 3, 4, 1, 0
10267, 271342, 2, 7, 1, 3, 4, 2, 0
10268, 271343, 2, 7, 1, 3, 4, 3, 0
10269, 271344, 2, 7, 1, 3, 4, 4, 0
10270, 271345, 2, 7, 1, 3, 4, 5, 0
10271, 271351, 2, 7, 1, 3, 5, 1, 0
10272, 271352, 2, 7, 1, 3, 5, 2, 0
10273, 271353, 2, 7, 1, 3, 5, 3, 0
10274, 271354, 2, 7, 1, 3, 5, 4, 0
10275, 271355, 2, 7, 1, 3, 5, 5, 0
10276, 271411, 2, 7, 1, 4, 1, 1, 0
10277, 271412, 2, 7, 1, 4, 1, 2, 0
10278, 271413, 2, 7, 1, 4, 1, 3, 0
10279, 271414, 2, 7, 1, 4, 1, 4, 0
10280, 271415, 2, 7, 1, 4, 1, 5, 0
10281, 271421, 2, 7, 1, 4, 2, 1, 0
10282, 271422, 2, 7, 1, 4, 2, 2, 0
10283, 271423, 2, 7, 1, 4, 2, 3, 0
10284, 271424, 2, 7, 1, 4, 2, 4, 0
10285, 271425, 2, 7, 1, 4, 2, 5, 0
10286, 271431, 2, 7, 1, 4, 3, 1, 0
10287, 271432, 2, 7, 1, 4, 3, 2, 0
10288, 271433, 2, 7, 1, 4, 3, 3, 0
10289, 271434, 2, 7, 1, 4, 3, 4, 0
10290, 271435, 2, 7, 1, 4, 3, 5, 0
10291, 271441, 2, 7, 1, 4, 4, 1, 0
10292, 271442, 2, 7, 1, 4, 4, 2, 0
10293, 271443, 2, 7, 1, 4, 4, 3, 0
10294, 271444, 2, 7, 1, 4, 4, 4, 0
10295, 271445, 2, 7, 1, 4, 4, 5, 0
10296, 271451, 2, 7, 1, 4, 5, 1, 0
10297, 271452, 2, 7, 1, 4, 5, 2, 0
10298, 271453, 2, 7, 1, 4, 5, 3, 0
10299, 271454, 2, 7, 1, 4, 5, 4, 0
10300, 271455, 2, 7, 1, 4, 5, 5, 0
10301, 272111, 2, 7, 2, 1, 1, 1, 0
10302, 272112, 2, 7, 2, 1, 1, 2, 0
10303, 272113, 2, 7, 2, 1, 1, 3, 0
10304, 272114, 2, 7, 2, 1, 1, 4, 0
10305, 272115, 2, 7, 2, 1, 1, 5, 0
10306, 272121, 2, 7, 2, 1, 2, 1, 0
10307, 272122, 2, 7, 2, 1, 2, 2, 0
10308, 272123, 2, 7, 2, 1, 2, 3, 0
10309, 272124, 2, 7, 2, 1, 2, 4, 0
10310, 272125, 2, 7, 2, 1, 2, 5, 0
10311, 272131, 2, 7, 2, 1, 3, 1, 0
10312, 272132, 2, 7, 2, 1, 3, 2, 0
10313, 272133, 2, 7, 2, 1, 3, 3, 0
10314, 272134, 2, 7, 2, 1, 3, 4, 0
10315, 272135, 2, 7, 2, 1, 3, 5, 0
10316, 272141, 2, 7, 2, 1, 4, 1, 0
10317, 272142, 2, 7, 2, 1, 4, 2, 0
10318, 272143, 2, 7, 2, 1, 4, 3, 0
10319, 272144, 2, 7, 2, 1, 4, 4, 0
10320, 272145, 2, 7, 2, 1, 4, 5, 0
10321, 272151, 2, 7, 2, 1, 5, 1, 0
10322, 272152, 2, 7, 2, 1, 5, 2, 0
10323, 272153, 2, 7, 2, 1, 5, 3, 0
10324, 272154, 2, 7, 2, 1, 5, 4, 0
10325, 272155, 2, 7, 2, 1, 5, 5, 0
10326, 272211, 2, 7, 2, 2, 1, 1, 0
10327, 272212, 2, 7, 2, 2, 1, 2, 0
10328, 272213, 2, 7, 2, 2, 1, 3, 0
10329, 272214, 2, 7, 2, 2, 1, 4, 0
10330, 272215, 2, 7, 2, 2, 1, 5, 0
10331, 272221, 2, 7, 2, 2, 2, 1, 0
10332, 272222, 2, 7, 2, 2, 2, 2, 0
10333, 272223, 2, 7, 2, 2, 2, 3, 0
10334, 272224, 2, 7, 2, 2, 2, 4, 0
10335, 272225, 2, 7, 2, 2, 2, 5, 0
10336, 272231, 2, 7, 2, 2, 3, 1, 0
10337, 272232, 2, 7, 2, 2, 3, 2, 0
10338, 272233, 2, 7, 2, 2, 3, 3, 0
10339, 272234, 2, 7, 2, 2, 3, 4, 0
10340, 272235, 2, 7, 2, 2, 3, 5, 0
10341, 272241, 2, 7, 2, 2, 4, 1, 0
10342, 272242, 2, 7, 2, 2, 4, 2, 0
10343, 272243, 2, 7, 2, 2, 4, 3, 0
10344, 272244, 2, 7, 2, 2, 4, 4, 0
10345, 272245, 2, 7, 2, 2, 4, 5, 0
10346, 272251, 2, 7, 2, 2, 5, 1, 0
10347, 272252, 2, 7, 2, 2, 5, 2, 0
10348, 272253, 2, 7, 2, 2, 5, 3, 0
10349, 272254, 2, 7, 2, 2, 5, 4, 0
10350, 272255, 2, 7, 2, 2, 5, 5, 0
10351, 272311, 2, 7, 2, 3, 1, 1, 0
10352, 272312, 2, 7, 2, 3, 1, 2, 0
10353, 272313, 2, 7, 2, 3, 1, 3, 0
10354, 272314, 2, 7, 2, 3, 1, 4, 0
10355, 272315, 2, 7, 2, 3, 1, 5, 0
10356, 272321, 2, 7, 2, 3, 2, 1, 0
10357, 272322, 2, 7, 2, 3, 2, 2, 0
10358, 272323, 2, 7, 2, 3, 2, 3, 0
10359, 272324, 2, 7, 2, 3, 2, 4, 0
10360, 272325, 2, 7, 2, 3, 2, 5, 0
10361, 272331, 2, 7, 2, 3, 3, 1, 0
10362, 272332, 2, 7, 2, 3, 3, 2, 0
10363, 272333, 2, 7, 2, 3, 3, 3, 0
10364, 272334, 2, 7, 2, 3, 3, 4, 0
10365, 272335, 2, 7, 2, 3, 3, 5, 0
10366, 272341, 2, 7, 2, 3, 4, 1, 0
10367, 272342, 2, 7, 2, 3, 4, 2, 0
10368, 272343, 2, 7, 2, 3, 4, 3, 0
10369, 272344, 2, 7, 2, 3, 4, 4, 0
10370, 272345, 2, 7, 2, 3, 4, 5, 0
10371, 272351, 2, 7, 2, 3, 5, 1, 0
10372, 272352, 2, 7, 2, 3, 5, 2, 0
10373, 272353, 2, 7, 2, 3, 5, 3, 0
10374, 272354, 2, 7, 2, 3, 5, 4, 0
10375, 272355, 2, 7, 2, 3, 5, 5, 0
10376, 272411, 2, 7, 2, 4, 1, 1, 0
10377, 272412, 2, 7, 2, 4, 1, 2, 0
10378, 272413, 2, 7, 2, 4, 1, 3, 0
10379, 272414, 2, 7, 2, 4, 1, 4, 0
10380, 272415, 2, 7, 2, 4, 1, 5, 0
10381, 272421, 2, 7, 2, 4, 2, 1, 0
10382, 272422, 2, 7, 2, 4, 2, 2, 0
10383, 272423, 2, 7, 2, 4, 2, 3, 0
10384, 272424, 2, 7, 2, 4, 2, 4, 0
10385, 272425, 2, 7, 2, 4, 2, 5, 0
10386, 272431, 2, 7, 2, 4, 3, 1, 0
10387, 272432, 2, 7, 2, 4, 3, 2, 0
10388, 272433, 2, 7, 2, 4, 3, 3, 0
10389, 272434, 2, 7, 2, 4, 3, 4, 0
10390, 272435, 2, 7, 2, 4, 3, 5, 0
10391, 272441, 2, 7, 2, 4, 4, 1, 0
10392, 272442, 2, 7, 2, 4, 4, 2, 0
10393, 272443, 2, 7, 2, 4, 4, 3, 0
10394, 272444, 2, 7, 2, 4, 4, 4, 0
10395, 272445, 2, 7, 2, 4, 4, 5, 0
10396, 272451, 2, 7, 2, 4, 5, 1, 0
10397, 272452, 2, 7, 2, 4, 5, 2, 0
10398, 272453, 2, 7, 2, 4, 5, 3, 0
10399, 272454, 2, 7, 2, 4, 5, 4, 0
10400, 272455, 2, 7, 2, 4, 5, 5, 0
10401, 273111, 2, 7, 3, 1, 1, 1, 0
10402, 273112, 2, 7, 3, 1, 1, 2, 0
10403, 273113, 2, 7, 3, 1, 1, 3, 0
10404, 273114, 2, 7, 3, 1, 1, 4, 0
10405, 273115, 2, 7, 3, 1, 1, 5, 0
10406, 273121, 2, 7, 3, 1, 2, 1, 0
10407, 273122, 2, 7, 3, 1, 2, 2, 0
10408, 273123, 2, 7, 3, 1, 2, 3, 0
10409, 273124, 2, 7, 3, 1, 2, 4, 0
10410, 273125, 2, 7, 3, 1, 2, 5, 0
10411, 273131, 2, 7, 3, 1, 3, 1, 0
10412, 273132, 2, 7, 3, 1, 3, 2, 0
10413, 273133, 2, 7, 3, 1, 3, 3, 0
10414, 273134, 2, 7, 3, 1, 3, 4, 0
10415, 273135, 2, 7, 3, 1, 3, 5, 0
10416, 273141, 2, 7, 3, 1, 4, 1, 0
10417, 273142, 2, 7, 3, 1, 4, 2, 0
10418, 273143, 2, 7, 3, 1, 4, 3, 0
10419, 273144, 2, 7, 3, 1, 4, 4, 0
10420, 273145, 2, 7, 3, 1, 4, 5, 0
10421, 273151, 2, 7, 3, 1, 5, 1, 0
10422, 273152, 2, 7, 3, 1, 5, 2, 0
10423, 273153, 2, 7, 3, 1, 5, 3, 0
10424, 273154, 2, 7, 3, 1, 5, 4, 0
10425, 273155, 2, 7, 3, 1, 5, 5, 0
10426, 273211, 2, 7, 3, 2, 1, 1, 0
10427, 273212, 2, 7, 3, 2, 1, 2, 0
10428, 273213, 2, 7, 3, 2, 1, 3, 0
10429, 273214, 2, 7, 3, 2, 1, 4, 0
10430, 273215, 2, 7, 3, 2, 1, 5, 0
10431, 273221, 2, 7, 3, 2, 2, 1, 0
10432, 273222, 2, 7, 3, 2, 2, 2, 0
10433, 273223, 2, 7, 3, 2, 2, 3, 0
10434, 273224, 2, 7, 3, 2, 2, 4, 0
10435, 273225, 2, 7, 3, 2, 2, 5, 0
10436, 273231, 2, 7, 3, 2, 3, 1, 0
10437, 273232, 2, 7, 3, 2, 3, 2, 0
10438, 273233, 2, 7, 3, 2, 3, 3, 0
10439, 273234, 2, 7, 3, 2, 3, 4, 0
10440, 273235, 2, 7, 3, 2, 3, 5, 0
10441, 273241, 2, 7, 3, 2, 4, 1, 0
10442, 273242, 2, 7, 3, 2, 4, 2, 0
10443, 273243, 2, 7, 3, 2, 4, 3, 0
10444, 273244, 2, 7, 3, 2, 4, 4, 0
10445, 273245, 2, 7, 3, 2, 4, 5, 0
10446, 273251, 2, 7, 3, 2, 5, 1, 0
10447, 273252, 2, 7, 3, 2, 5, 2, 0
10448, 273253, 2, 7, 3, 2, 5, 3, 0
10449, 273254, 2, 7, 3, 2, 5, 4, 0
10450, 273255, 2, 7, 3, 2, 5, 5, 0
10451, 273311, 2, 7, 3, 3, 1, 1, 0
10452, 273312, 2, 7, 3, 3, 1, 2, 0
10453, 273313, 2, 7, 3, 3, 1, 3, 0
10454, 273314, 2, 7, 3, 3, 1, 4, 0
10455, 273315, 2, 7, 3, 3, 1, 5, 0
10456, 273321, 2, 7, 3, 3, 2, 1, 0
10457, 273322, 2, 7, 3, 3, 2, 2, 0
10458, 273323, 2, 7, 3, 3, 2, 3, 0
10459, 273324, 2, 7, 3, 3, 2, 4, 0
10460, 273325, 2, 7, 3, 3, 2, 5, 0
10461, 273331, 2, 7, 3, 3, 3, 1, 0
10462, 273332, 2, 7, 3, 3, 3, 2, 0
10463, 273333, 2, 7, 3, 3, 3, 3, 0
10464, 273334, 2, 7, 3, 3, 3, 4, 0
10465, 273335, 2, 7, 3, 3, 3, 5, 0
10466, 273341, 2, 7, 3, 3, 4, 1, 0
10467, 273342, 2, 7, 3, 3, 4, 2, 0
10468, 273343, 2, 7, 3, 3, 4, 3, 0
10469, 273344, 2, 7, 3, 3, 4, 4, 0
10470, 273345, 2, 7, 3, 3, 4, 5, 0
10471, 273351, 2, 7, 3, 3, 5, 1, 0
10472, 273352, 2, 7, 3, 3, 5, 2, 0
10473, 273353, 2, 7, 3, 3, 5, 3, 0
10474, 273354, 2, 7, 3, 3, 5, 4, 0
10475, 273355, 2, 7, 3, 3, 5, 5, 0
10476, 273411, 2, 7, 3, 4, 1, 1, 0
10477, 273412, 2, 7, 3, 4, 1, 2, 0
10478, 273413, 2, 7, 3, 4, 1, 3, 0
10479, 273414, 2, 7, 3, 4, 1, 4, 0
10480, 273415, 2, 7, 3, 4, 1, 5, 0
10481, 273421, 2, 7, 3, 4, 2, 1, 0
10482, 273422, 2, 7, 3, 4, 2, 2, 0
10483, 273423, 2, 7, 3, 4, 2, 3, 0
10484, 273424, 2, 7, 3, 4, 2, 4, 0
10485, 273425, 2, 7, 3, 4, 2, 5, 0
10486, 273431, 2, 7, 3, 4, 3, 1, 0
10487, 273432, 2, 7, 3, 4, 3, 2, 0
10488, 273433, 2, 7, 3, 4, 3, 3, 0
10489, 273434, 2, 7, 3, 4, 3, 4, 0
10490, 273435, 2, 7, 3, 4, 3, 5, 0
10491, 273441, 2, 7, 3, 4, 4, 1, 0
10492, 273442, 2, 7, 3, 4, 4, 2, 0
10493, 273443, 2, 7, 3, 4, 4, 3, 0
10494, 273444, 2, 7, 3, 4, 4, 4, 0
10495, 273445, 2, 7, 3, 4, 4, 5, 0
10496, 273451, 2, 7, 3, 4, 5, 1, 0
10497, 273452, 2, 7, 3, 4, 5, 2, 0
10498, 273453, 2, 7, 3, 4, 5, 3, 0
10499, 273454, 2, 7, 3, 4, 5, 4, 0
10500, 273455, 2, 7, 3, 4, 5, 5, 0
10501, 274111, 2, 7, 4, 1, 1, 1, 0
10502, 274112, 2, 7, 4, 1, 1, 2, 0
10503, 274113, 2, 7, 4, 1, 1, 3, 0
10504, 274114, 2, 7, 4, 1, 1, 4, 0
10505, 274115, 2, 7, 4, 1, 1, 5, 0
10506, 274121, 2, 7, 4, 1, 2, 1, 0
10507, 274122, 2, 7, 4, 1, 2, 2, 0
10508, 274123, 2, 7, 4, 1, 2, 3, 0
10509, 274124, 2, 7, 4, 1, 2, 4, 0
10510, 274125, 2, 7, 4, 1, 2, 5, 0
10511, 274131, 2, 7, 4, 1, 3, 1, 0
10512, 274132, 2, 7, 4, 1, 3, 2, 0
10513, 274133, 2, 7, 4, 1, 3, 3, 0
10514, 274134, 2, 7, 4, 1, 3, 4, 0
10515, 274135, 2, 7, 4, 1, 3, 5, 0
10516, 274141, 2, 7, 4, 1, 4, 1, 0
10517, 274142, 2, 7, 4, 1, 4, 2, 0
10518, 274143, 2, 7, 4, 1, 4, 3, 0
10519, 274144, 2, 7, 4, 1, 4, 4, 0
10520, 274145, 2, 7, 4, 1, 4, 5, 0
10521, 274151, 2, 7, 4, 1, 5, 1, 0
10522, 274152, 2, 7, 4, 1, 5, 2, 0
10523, 274153, 2, 7, 4, 1, 5, 3, 0
10524, 274154, 2, 7, 4, 1, 5, 4, 0
10525, 274155, 2, 7, 4, 1, 5, 5, 0
10526, 274211, 2, 7, 4, 2, 1, 1, 0
10527, 274212, 2, 7, 4, 2, 1, 2, 0
10528, 274213, 2, 7, 4, 2, 1, 3, 0
10529, 274214, 2, 7, 4, 2, 1, 4, 0
10530, 274215, 2, 7, 4, 2, 1, 5, 0
10531, 274221, 2, 7, 4, 2, 2, 1, 0
10532, 274222, 2, 7, 4, 2, 2, 2, 0
10533, 274223, 2, 7, 4, 2, 2, 3, 0
10534, 274224, 2, 7, 4, 2, 2, 4, 0
10535, 274225, 2, 7, 4, 2, 2, 5, 0
10536, 274231, 2, 7, 4, 2, 3, 1, 0
10537, 274232, 2, 7, 4, 2, 3, 2, 0
10538, 274233, 2, 7, 4, 2, 3, 3, 0
10539, 274234, 2, 7, 4, 2, 3, 4, 0
10540, 274235, 2, 7, 4, 2, 3, 5, 0
10541, 274241, 2, 7, 4, 2, 4, 1, 0
10542, 274242, 2, 7, 4, 2, 4, 2, 0
10543, 274243, 2, 7, 4, 2, 4, 3, 0
10544, 274244, 2, 7, 4, 2, 4, 4, 0
10545, 274245, 2, 7, 4, 2, 4, 5, 0
10546, 274251, 2, 7, 4, 2, 5, 1, 0
10547, 274252, 2, 7, 4, 2, 5, 2, 0
10548, 274253, 2, 7, 4, 2, 5, 3, 0
10549, 274254, 2, 7, 4, 2, 5, 4, 0
10550, 274255, 2, 7, 4, 2, 5, 5, 0
10551, 274311, 2, 7, 4, 3, 1, 1, 0
10552, 274312, 2, 7, 4, 3, 1, 2, 0
10553, 274313, 2, 7, 4, 3, 1, 3, 0
10554, 274314, 2, 7, 4, 3, 1, 4, 0
10555, 274315, 2, 7, 4, 3, 1, 5, 0
10556, 274321, 2, 7, 4, 3, 2, 1, 0
10557, 274322, 2, 7, 4, 3, 2, 2, 0
10558, 274323, 2, 7, 4, 3, 2, 3, 0
10559, 274324, 2, 7, 4, 3, 2, 4, 0
10560, 274325, 2, 7, 4, 3, 2, 5, 0
10561, 274331, 2, 7, 4, 3, 3, 1, 0
10562, 274332, 2, 7, 4, 3, 3, 2, 0
10563, 274333, 2, 7, 4, 3, 3, 3, 0
10564, 274334, 2, 7, 4, 3, 3, 4, 0
10565, 274335, 2, 7, 4, 3, 3, 5, 0
10566, 274341, 2, 7, 4, 3, 4, 1, 0
10567, 274342, 2, 7, 4, 3, 4, 2, 0
10568, 274343, 2, 7, 4, 3, 4, 3, 0
10569, 274344, 2, 7, 4, 3, 4, 4, 0
10570, 274345, 2, 7, 4, 3, 4, 5, 0
10571, 274351, 2, 7, 4, 3, 5, 1, 0
10572, 274352, 2, 7, 4, 3, 5, 2, 0
10573, 274353, 2, 7, 4, 3, 5, 3, 0
10574, 274354, 2, 7, 4, 3, 5, 4, 0
10575, 274355, 2, 7, 4, 3, 5, 5, 0
10576, 274411, 2, 7, 4, 4, 1, 1, 0
10577, 274412, 2, 7, 4, 4, 1, 2, 0
10578, 274413, 2, 7, 4, 4, 1, 3, 0
10579, 274414, 2, 7, 4, 4, 1, 4, 0
10580, 274415, 2, 7, 4, 4, 1, 5, 0
10581, 274421, 2, 7, 4, 4, 2, 1, 0
10582, 274422, 2, 7, 4, 4, 2, 2, 0
10583, 274423, 2, 7, 4, 4, 2, 3, 0
10584, 274424, 2, 7, 4, 4, 2, 4, 0
10585, 274425, 2, 7, 4, 4, 2, 5, 0
10586, 274431, 2, 7, 4, 4, 3, 1, 0
10587, 274432, 2, 7, 4, 4, 3, 2, 0
10588, 274433, 2, 7, 4, 4, 3, 3, 0
10589, 274434, 2, 7, 4, 4, 3, 4, 0
10590, 274435, 2, 7, 4, 4, 3, 5, 0
10591, 274441, 2, 7, 4, 4, 4, 1, 0
10592, 274442, 2, 7, 4, 4, 4, 2, 0
10593, 274443, 2, 7, 4, 4, 4, 3, 0
10594, 274444, 2, 7, 4, 4, 4, 4, 0
10595, 274445, 2, 7, 4, 4, 4, 5, 0
10596, 274451, 2, 7, 4, 4, 5, 1, 0
10597, 274452, 2, 7, 4, 4, 5, 2, 0
10598, 274453, 2, 7, 4, 4, 5, 3, 0
10599, 274454, 2, 7, 4, 4, 5, 4, 0
10600, 274455, 2, 7, 4, 4, 5, 5, 0
10601, 275111, 2, 7, 5, 1, 1, 1, 0
10602, 275112, 2, 7, 5, 1, 1, 2, 0
10603, 275113, 2, 7, 5, 1, 1, 3, 0
10604, 275114, 2, 7, 5, 1, 1, 4, 0
10605, 275115, 2, 7, 5, 1, 1, 5, 0
10606, 275121, 2, 7, 5, 1, 2, 1, 0
10607, 275122, 2, 7, 5, 1, 2, 2, 0
10608, 275123, 2, 7, 5, 1, 2, 3, 0
10609, 275124, 2, 7, 5, 1, 2, 4, 0
10610, 275125, 2, 7, 5, 1, 2, 5, 0
10611, 275131, 2, 7, 5, 1, 3, 1, 0
10612, 275132, 2, 7, 5, 1, 3, 2, 0
10613, 275133, 2, 7, 5, 1, 3, 3, 0
10614, 275134, 2, 7, 5, 1, 3, 4, 0
10615, 275135, 2, 7, 5, 1, 3, 5, 0
10616, 275141, 2, 7, 5, 1, 4, 1, 0
10617, 275142, 2, 7, 5, 1, 4, 2, 0
10618, 275143, 2, 7, 5, 1, 4, 3, 0
10619, 275144, 2, 7, 5, 1, 4, 4, 0
10620, 275145, 2, 7, 5, 1, 4, 5, 0
10621, 275151, 2, 7, 5, 1, 5, 1, 0
10622, 275152, 2, 7, 5, 1, 5, 2, 0
10623, 275153, 2, 7, 5, 1, 5, 3, 0
10624, 275154, 2, 7, 5, 1, 5, 4, 0
10625, 275155, 2, 7, 5, 1, 5, 5, 0
10626, 275211, 2, 7, 5, 2, 1, 1, 0
10627, 275212, 2, 7, 5, 2, 1, 2, 0
10628, 275213, 2, 7, 5, 2, 1, 3, 0
10629, 275214, 2, 7, 5, 2, 1, 4, 0
10630, 275215, 2, 7, 5, 2, 1, 5, 0
10631, 275221, 2, 7, 5, 2, 2, 1, 0
10632, 275222, 2, 7, 5, 2, 2, 2, 0
10633, 275223, 2, 7, 5, 2, 2, 3, 0
10634, 275224, 2, 7, 5, 2, 2, 4, 0
10635, 275225, 2, 7, 5, 2, 2, 5, 0
10636, 275231, 2, 7, 5, 2, 3, 1, 0
10637, 275232, 2, 7, 5, 2, 3, 2, 0
10638, 275233, 2, 7, 5, 2, 3, 3, 0
10639, 275234, 2, 7, 5, 2, 3, 4, 0
10640, 275235, 2, 7, 5, 2, 3, 5, 0
10641, 275241, 2, 7, 5, 2, 4, 1, 0
10642, 275242, 2, 7, 5, 2, 4, 2, 0
10643, 275243, 2, 7, 5, 2, 4, 3, 0
10644, 275244, 2, 7, 5, 2, 4, 4, 0
10645, 275245, 2, 7, 5, 2, 4, 5, 0
10646, 275251, 2, 7, 5, 2, 5, 1, 0
10647, 275252, 2, 7, 5, 2, 5, 2, 0
10648, 275253, 2, 7, 5, 2, 5, 3, 0
10649, 275254, 2, 7, 5, 2, 5, 4, 0
10650, 275255, 2, 7, 5, 2, 5, 5, 0
10651, 275311, 2, 7, 5, 3, 1, 1, 0
10652, 275312, 2, 7, 5, 3, 1, 2, 0
10653, 275313, 2, 7, 5, 3, 1, 3, 0
10654, 275314, 2, 7, 5, 3, 1, 4, 0
10655, 275315, 2, 7, 5, 3, 1, 5, 0
10656, 275321, 2, 7, 5, 3, 2, 1, 0
10657, 275322, 2, 7, 5, 3, 2, 2, 0
10658, 275323, 2, 7, 5, 3, 2, 3, 0
10659, 275324, 2, 7, 5, 3, 2, 4, 0
10660, 275325, 2, 7, 5, 3, 2, 5, 0
10661, 275331, 2, 7, 5, 3, 3, 1, 0
10662, 275332, 2, 7, 5, 3, 3, 2, 0
10663, 275333, 2, 7, 5, 3, 3, 3, 0
10664, 275334, 2, 7, 5, 3, 3, 4, 0
10665, 275335, 2, 7, 5, 3, 3, 5, 0
10666, 275341, 2, 7, 5, 3, 4, 1, 0
10667, 275342, 2, 7, 5, 3, 4, 2, 0
10668, 275343, 2, 7, 5, 3, 4, 3, 0
10669, 275344, 2, 7, 5, 3, 4, 4, 0
10670, 275345, 2, 7, 5, 3, 4, 5, 0
10671, 275351, 2, 7, 5, 3, 5, 1, 0
10672, 275352, 2, 7, 5, 3, 5, 2, 0
10673, 275353, 2, 7, 5, 3, 5, 3, 0
10674, 275354, 2, 7, 5, 3, 5, 4, 0
10675, 275355, 2, 7, 5, 3, 5, 5, 0
10676, 275411, 2, 7, 5, 4, 1, 1, 0
10677, 275412, 2, 7, 5, 4, 1, 2, 0
10678, 275413, 2, 7, 5, 4, 1, 3, 0
10679, 275414, 2, 7, 5, 4, 1, 4, 0
10680, 275415, 2, 7, 5, 4, 1, 5, 0
10681, 275421, 2, 7, 5, 4, 2, 1, 0
10682, 275422, 2, 7, 5, 4, 2, 2, 0
10683, 275423, 2, 7, 5, 4, 2, 3, 0
10684, 275424, 2, 7, 5, 4, 2, 4, 0
10685, 275425, 2, 7, 5, 4, 2, 5, 0
10686, 275431, 2, 7, 5, 4, 3, 1, 0
10687, 275432, 2, 7, 5, 4, 3, 2, 0
10688, 275433, 2, 7, 5, 4, 3, 3, 0
10689, 275434, 2, 7, 5, 4, 3, 4, 0
10690, 275435, 2, 7, 5, 4, 3, 5, 0
10691, 275441, 2, 7, 5, 4, 4, 1, 0
10692, 275442, 2, 7, 5, 4, 4, 2, 0
10693, 275443, 2, 7, 5, 4, 4, 3, 0
10694, 275444, 2, 7, 5, 4, 4, 4, 0
10695, 275445, 2, 7, 5, 4, 4, 5, 0
10696, 275451, 2, 7, 5, 4, 5, 1, 0
10697, 275452, 2, 7, 5, 4, 5, 2, 0
10698, 275453, 2, 7, 5, 4, 5, 3, 0
10699, 275454, 2, 7, 5, 4, 5, 4, 0
10700, 275455, 2, 7, 5, 4, 5, 5, 0
10701, 276111, 2, 7, 6, 1, 1, 1, 0
10702, 276112, 2, 7, 6, 1, 1, 2, 0
10703, 276113, 2, 7, 6, 1, 1, 3, 0
10704, 276114, 2, 7, 6, 1, 1, 4, 0
10705, 276115, 2, 7, 6, 1, 1, 5, 0
10706, 276121, 2, 7, 6, 1, 2, 1, 0
10707, 276122, 2, 7, 6, 1, 2, 2, 0
10708, 276123, 2, 7, 6, 1, 2, 3, 0
10709, 276124, 2, 7, 6, 1, 2, 4, 0
10710, 276125, 2, 7, 6, 1, 2, 5, 0
10711, 276131, 2, 7, 6, 1, 3, 1, 0
10712, 276132, 2, 7, 6, 1, 3, 2, 0
10713, 276133, 2, 7, 6, 1, 3, 3, 0
10714, 276134, 2, 7, 6, 1, 3, 4, 0
10715, 276135, 2, 7, 6, 1, 3, 5, 0
10716, 276141, 2, 7, 6, 1, 4, 1, 0
10717, 276142, 2, 7, 6, 1, 4, 2, 0
10718, 276143, 2, 7, 6, 1, 4, 3, 0
10719, 276144, 2, 7, 6, 1, 4, 4, 0
10720, 276145, 2, 7, 6, 1, 4, 5, 0
10721, 276151, 2, 7, 6, 1, 5, 1, 0
10722, 276152, 2, 7, 6, 1, 5, 2, 0
10723, 276153, 2, 7, 6, 1, 5, 3, 0
10724, 276154, 2, 7, 6, 1, 5, 4, 0
10725, 276155, 2, 7, 6, 1, 5, 5, 0
10726, 276211, 2, 7, 6, 2, 1, 1, 0
10727, 276212, 2, 7, 6, 2, 1, 2, 0
10728, 276213, 2, 7, 6, 2, 1, 3, 0
10729, 276214, 2, 7, 6, 2, 1, 4, 0
10730, 276215, 2, 7, 6, 2, 1, 5, 0
10731, 276221, 2, 7, 6, 2, 2, 1, 0
10732, 276222, 2, 7, 6, 2, 2, 2, 0
10733, 276223, 2, 7, 6, 2, 2, 3, 0
10734, 276224, 2, 7, 6, 2, 2, 4, 0
10735, 276225, 2, 7, 6, 2, 2, 5, 0
10736, 276231, 2, 7, 6, 2, 3, 1, 0
10737, 276232, 2, 7, 6, 2, 3, 2, 0
10738, 276233, 2, 7, 6, 2, 3, 3, 0
10739, 276234, 2, 7, 6, 2, 3, 4, 0
10740, 276235, 2, 7, 6, 2, 3, 5, 0
10741, 276241, 2, 7, 6, 2, 4, 1, 0
10742, 276242, 2, 7, 6, 2, 4, 2, 0
10743, 276243, 2, 7, 6, 2, 4, 3, 0
10744, 276244, 2, 7, 6, 2, 4, 4, 0
10745, 276245, 2, 7, 6, 2, 4, 5, 0
10746, 276251, 2, 7, 6, 2, 5, 1, 0
10747, 276252, 2, 7, 6, 2, 5, 2, 0
10748, 276253, 2, 7, 6, 2, 5, 3, 0
10749, 276254, 2, 7, 6, 2, 5, 4, 0
10750, 276255, 2, 7, 6, 2, 5, 5, 0
10751, 276311, 2, 7, 6, 3, 1, 1, 0
10752, 276312, 2, 7, 6, 3, 1, 2, 0
10753, 276313, 2, 7, 6, 3, 1, 3, 0
10754, 276314, 2, 7, 6, 3, 1, 4, 0
10755, 276315, 2, 7, 6, 3, 1, 5, 0
10756, 276321, 2, 7, 6, 3, 2, 1, 0
10757, 276322, 2, 7, 6, 3, 2, 2, 0
10758, 276323, 2, 7, 6, 3, 2, 3, 0
10759, 276324, 2, 7, 6, 3, 2, 4, 0
10760, 276325, 2, 7, 6, 3, 2, 5, 0
10761, 276331, 2, 7, 6, 3, 3, 1, 0
10762, 276332, 2, 7, 6, 3, 3, 2, 0
10763, 276333, 2, 7, 6, 3, 3, 3, 0
10764, 276334, 2, 7, 6, 3, 3, 4, 0
10765, 276335, 2, 7, 6, 3, 3, 5, 0
10766, 276341, 2, 7, 6, 3, 4, 1, 0
10767, 276342, 2, 7, 6, 3, 4, 2, 0
10768, 276343, 2, 7, 6, 3, 4, 3, 0
10769, 276344, 2, 7, 6, 3, 4, 4, 0
10770, 276345, 2, 7, 6, 3, 4, 5, 0
10771, 276351, 2, 7, 6, 3, 5, 1, 0
10772, 276352, 2, 7, 6, 3, 5, 2, 0
10773, 276353, 2, 7, 6, 3, 5, 3, 0
10774, 276354, 2, 7, 6, 3, 5, 4, 0
10775, 276355, 2, 7, 6, 3, 5, 5, 0
10776, 276411, 2, 7, 6, 4, 1, 1, 0
10777, 276412, 2, 7, 6, 4, 1, 2, 0
10778, 276413, 2, 7, 6, 4, 1, 3, 0
10779, 276414, 2, 7, 6, 4, 1, 4, 0
10780, 276415, 2, 7, 6, 4, 1, 5, 0
10781, 276421, 2, 7, 6, 4, 2, 1, 0
10782, 276422, 2, 7, 6, 4, 2, 2, 0
10783, 276423, 2, 7, 6, 4, 2, 3, 0
10784, 276424, 2, 7, 6, 4, 2, 4, 0
10785, 276425, 2, 7, 6, 4, 2, 5, 0
10786, 276431, 2, 7, 6, 4, 3, 1, 0
10787, 276432, 2, 7, 6, 4, 3, 2, 0
10788, 276433, 2, 7, 6, 4, 3, 3, 0
10789, 276434, 2, 7, 6, 4, 3, 4, 0
10790, 276435, 2, 7, 6, 4, 3, 5, 0
10791, 276441, 2, 7, 6, 4, 4, 1, 0
10792, 276442, 2, 7, 6, 4, 4, 2, 0
10793, 276443, 2, 7, 6, 4, 4, 3, 0
10794, 276444, 2, 7, 6, 4, 4, 4, 0
10795, 276445, 2, 7, 6, 4, 4, 5, 0
10796, 276451, 2, 7, 6, 4, 5, 1, 0
10797, 276452, 2, 7, 6, 4, 5, 2, 0
10798, 276453, 2, 7, 6, 4, 5, 3, 0
10799, 276454, 2, 7, 6, 4, 5, 4, 0
10800, 276455, 2, 7, 6, 4, 5, 5, 0
10801, 277111, 2, 7, 7, 1, 1, 1, 0
10802, 277112, 2, 7, 7, 1, 1, 2, 0
10803, 277113, 2, 7, 7, 1, 1, 3, 0
10804, 277114, 2, 7, 7, 1, 1, 4, 0
10805, 277115, 2, 7, 7, 1, 1, 5, 0
10806, 277121, 2, 7, 7, 1, 2, 1, 0
10807, 277122, 2, 7, 7, 1, 2, 2, 0
10808, 277123, 2, 7, 7, 1, 2, 3, 0
10809, 277124, 2, 7, 7, 1, 2, 4, 0
10810, 277125, 2, 7, 7, 1, 2, 5, 0
10811, 277131, 2, 7, 7, 1, 3, 1, 0
10812, 277132, 2, 7, 7, 1, 3, 2, 0
10813, 277133, 2, 7, 7, 1, 3, 3, 0
10814, 277134, 2, 7, 7, 1, 3, 4, 0
10815, 277135, 2, 7, 7, 1, 3, 5, 0
10816, 277141, 2, 7, 7, 1, 4, 1, 0
10817, 277142, 2, 7, 7, 1, 4, 2, 0
10818, 277143, 2, 7, 7, 1, 4, 3, 0
10819, 277144, 2, 7, 7, 1, 4, 4, 0
10820, 277145, 2, 7, 7, 1, 4, 5, 0
10821, 277151, 2, 7, 7, 1, 5, 1, 0
10822, 277152, 2, 7, 7, 1, 5, 2, 0
10823, 277153, 2, 7, 7, 1, 5, 3, 0
10824, 277154, 2, 7, 7, 1, 5, 4, 0
10825, 277155, 2, 7, 7, 1, 5, 5, 0
10826, 277211, 2, 7, 7, 2, 1, 1, 0
10827, 277212, 2, 7, 7, 2, 1, 2, 0
10828, 277213, 2, 7, 7, 2, 1, 3, 0
10829, 277214, 2, 7, 7, 2, 1, 4, 0
10830, 277215, 2, 7, 7, 2, 1, 5, 0
10831, 277221, 2, 7, 7, 2, 2, 1, 0
10832, 277222, 2, 7, 7, 2, 2, 2, 0
10833, 277223, 2, 7, 7, 2, 2, 3, 0
10834, 277224, 2, 7, 7, 2, 2, 4, 0
10835, 277225, 2, 7, 7, 2, 2, 5, 0
10836, 277231, 2, 7, 7, 2, 3, 1, 0
10837, 277232, 2, 7, 7, 2, 3, 2, 0
10838, 277233, 2, 7, 7, 2, 3, 3, 0
10839, 277234, 2, 7, 7, 2, 3, 4, 0
10840, 277235, 2, 7, 7, 2, 3, 5, 0
10841, 277241, 2, 7, 7, 2, 4, 1, 0
10842, 277242, 2, 7, 7, 2, 4, 2, 0
10843, 277243, 2, 7, 7, 2, 4, 3, 0
10844, 277244, 2, 7, 7, 2, 4, 4, 0
10845, 277245, 2, 7, 7, 2, 4, 5, 0
10846, 277251, 2, 7, 7, 2, 5, 1, 0
10847, 277252, 2, 7, 7, 2, 5, 2, 0
10848, 277253, 2, 7, 7, 2, 5, 3, 0
10849, 277254, 2, 7, 7, 2, 5, 4, 0
10850, 277255, 2, 7, 7, 2, 5, 5, 0
10851, 277311, 2, 7, 7, 3, 1, 1, 0
10852, 277312, 2, 7, 7, 3, 1, 2, 0
10853, 277313, 2, 7, 7, 3, 1, 3, 0
10854, 277314, 2, 7, 7, 3, 1, 4, 0
10855, 277315, 2, 7, 7, 3, 1, 5, 0
10856, 277321, 2, 7, 7, 3, 2, 1, 0
10857, 277322, 2, 7, 7, 3, 2, 2, 0
10858, 277323, 2, 7, 7, 3, 2, 3, 0
10859, 277324, 2, 7, 7, 3, 2, 4, 0
10860, 277325, 2, 7, 7, 3, 2, 5, 0
10861, 277331, 2, 7, 7, 3, 3, 1, 0
10862, 277332, 2, 7, 7, 3, 3, 2, 0
10863, 277333, 2, 7, 7, 3, 3, 3, 0
10864, 277334, 2, 7, 7, 3, 3, 4, 0
10865, 277335, 2, 7, 7, 3, 3, 5, 0
10866, 277341, 2, 7, 7, 3, 4, 1, 0
10867, 277342, 2, 7, 7, 3, 4, 2, 0
10868, 277343, 2, 7, 7, 3, 4, 3, 0
10869, 277344, 2, 7, 7, 3, 4, 4, 0
10870, 277345, 2, 7, 7, 3, 4, 5, 0
10871, 277351, 2, 7, 7, 3, 5, 1, 0
10872, 277352, 2, 7, 7, 3, 5, 2, 0
10873, 277353, 2, 7, 7, 3, 5, 3, 0
10874, 277354, 2, 7, 7, 3, 5, 4, 0
10875, 277355, 2, 7, 7, 3, 5, 5, 0
10876, 277411, 2, 7, 7, 4, 1, 1, 0
10877, 277412, 2, 7, 7, 4, 1, 2, 0
10878, 277413, 2, 7, 7, 4, 1, 3, 0
10879, 277414, 2, 7, 7, 4, 1, 4, 0
10880, 277415, 2, 7, 7, 4, 1, 5, 0
10881, 277421, 2, 7, 7, 4, 2, 1, 0
10882, 277422, 2, 7, 7, 4, 2, 2, 0
10883, 277423, 2, 7, 7, 4, 2, 3, 0
10884, 277424, 2, 7, 7, 4, 2, 4, 0
10885, 277425, 2, 7, 7, 4, 2, 5, 0
10886, 277431, 2, 7, 7, 4, 3, 1, 0
10887, 277432, 2, 7, 7, 4, 3, 2, 0
10888, 277433, 2, 7, 7, 4, 3, 3, 0
10889, 277434, 2, 7, 7, 4, 3, 4, 0
10890, 277435, 2, 7, 7, 4, 3, 5, 0
10891, 277441, 2, 7, 7, 4, 4, 1, 0
10892, 277442, 2, 7, 7, 4, 4, 2, 0
10893, 277443, 2, 7, 7, 4, 4, 3, 0
10894, 277444, 2, 7, 7, 4, 4, 4, 0
10895, 277445, 2, 7, 7, 4, 4, 5, 0
10896, 277451, 2, 7, 7, 4, 5, 1, 0
10897, 277452, 2, 7, 7, 4, 5, 2, 0
10898, 277453, 2, 7, 7, 4, 5, 3, 0
10899, 277454, 2, 7, 7, 4, 5, 4, 0
10900, 277455, 2, 7, 7, 4, 5, 5, 0
10901, 281111, 2, 8, 1, 1, 1, 1, 0
10902, 281112, 2, 8, 1, 1, 1, 2, 0
10903, 281113, 2, 8, 1, 1, 1, 3, 0
10904, 281114, 2, 8, 1, 1, 1, 4, 0
10905, 281115, 2, 8, 1, 1, 1, 5, 0
10906, 281121, 2, 8, 1, 1, 2, 1, 0
10907, 281122, 2, 8, 1, 1, 2, 2, 0
10908, 281123, 2, 8, 1, 1, 2, 3, 0
10909, 281124, 2, 8, 1, 1, 2, 4, 0
10910, 281125, 2, 8, 1, 1, 2, 5, 0
10911, 281131, 2, 8, 1, 1, 3, 1, 0
10912, 281132, 2, 8, 1, 1, 3, 2, 0
10913, 281133, 2, 8, 1, 1, 3, 3, 0
10914, 281134, 2, 8, 1, 1, 3, 4, 0
10915, 281135, 2, 8, 1, 1, 3, 5, 0
10916, 281141, 2, 8, 1, 1, 4, 1, 0
10917, 281142, 2, 8, 1, 1, 4, 2, 0
10918, 281143, 2, 8, 1, 1, 4, 3, 0
10919, 281144, 2, 8, 1, 1, 4, 4, 0
10920, 281145, 2, 8, 1, 1, 4, 5, 0
10921, 281151, 2, 8, 1, 1, 5, 1, 0
10922, 281152, 2, 8, 1, 1, 5, 2, 0
10923, 281153, 2, 8, 1, 1, 5, 3, 0
10924, 281154, 2, 8, 1, 1, 5, 4, 0
10925, 281155, 2, 8, 1, 1, 5, 5, 0
10926, 281211, 2, 8, 1, 2, 1, 1, 0
10927, 281212, 2, 8, 1, 2, 1, 2, 0
10928, 281213, 2, 8, 1, 2, 1, 3, 0
10929, 281214, 2, 8, 1, 2, 1, 4, 0
10930, 281215, 2, 8, 1, 2, 1, 5, 0
10931, 281221, 2, 8, 1, 2, 2, 1, 0
10932, 281222, 2, 8, 1, 2, 2, 2, 0
10933, 281223, 2, 8, 1, 2, 2, 3, 0
10934, 281224, 2, 8, 1, 2, 2, 4, 0
10935, 281225, 2, 8, 1, 2, 2, 5, 0
10936, 281231, 2, 8, 1, 2, 3, 1, 0
10937, 281232, 2, 8, 1, 2, 3, 2, 0
10938, 281233, 2, 8, 1, 2, 3, 3, 0
10939, 281234, 2, 8, 1, 2, 3, 4, 0
10940, 281235, 2, 8, 1, 2, 3, 5, 0
10941, 281241, 2, 8, 1, 2, 4, 1, 0
10942, 281242, 2, 8, 1, 2, 4, 2, 0
10943, 281243, 2, 8, 1, 2, 4, 3, 0
10944, 281244, 2, 8, 1, 2, 4, 4, 0
10945, 281245, 2, 8, 1, 2, 4, 5, 0
10946, 281251, 2, 8, 1, 2, 5, 1, 0
10947, 281252, 2, 8, 1, 2, 5, 2, 0
10948, 281253, 2, 8, 1, 2, 5, 3, 0
10949, 281254, 2, 8, 1, 2, 5, 4, 0
10950, 281255, 2, 8, 1, 2, 5, 5, 0
10951, 281311, 2, 8, 1, 3, 1, 1, 0
10952, 281312, 2, 8, 1, 3, 1, 2, 0
10953, 281313, 2, 8, 1, 3, 1, 3, 0
10954, 281314, 2, 8, 1, 3, 1, 4, 0
10955, 281315, 2, 8, 1, 3, 1, 5, 0
10956, 281321, 2, 8, 1, 3, 2, 1, 0
10957, 281322, 2, 8, 1, 3, 2, 2, 0
10958, 281323, 2, 8, 1, 3, 2, 3, 0
10959, 281324, 2, 8, 1, 3, 2, 4, 0
10960, 281325, 2, 8, 1, 3, 2, 5, 0
10961, 281331, 2, 8, 1, 3, 3, 1, 0
10962, 281332, 2, 8, 1, 3, 3, 2, 0
10963, 281333, 2, 8, 1, 3, 3, 3, 0
10964, 281334, 2, 8, 1, 3, 3, 4, 0
10965, 281335, 2, 8, 1, 3, 3, 5, 0
10966, 281341, 2, 8, 1, 3, 4, 1, 0
10967, 281342, 2, 8, 1, 3, 4, 2, 0
10968, 281343, 2, 8, 1, 3, 4, 3, 0
10969, 281344, 2, 8, 1, 3, 4, 4, 0
10970, 281345, 2, 8, 1, 3, 4, 5, 0
10971, 281351, 2, 8, 1, 3, 5, 1, 0
10972, 281352, 2, 8, 1, 3, 5, 2, 0
10973, 281353, 2, 8, 1, 3, 5, 3, 0
10974, 281354, 2, 8, 1, 3, 5, 4, 0
10975, 281355, 2, 8, 1, 3, 5, 5, 0
10976, 281411, 2, 8, 1, 4, 1, 1, 0
10977, 281412, 2, 8, 1, 4, 1, 2, 0
10978, 281413, 2, 8, 1, 4, 1, 3, 0
10979, 281414, 2, 8, 1, 4, 1, 4, 0
10980, 281415, 2, 8, 1, 4, 1, 5, 0
10981, 281421, 2, 8, 1, 4, 2, 1, 0
10982, 281422, 2, 8, 1, 4, 2, 2, 0
10983, 281423, 2, 8, 1, 4, 2, 3, 0
10984, 281424, 2, 8, 1, 4, 2, 4, 0
10985, 281425, 2, 8, 1, 4, 2, 5, 0
10986, 281431, 2, 8, 1, 4, 3, 1, 0
10987, 281432, 2, 8, 1, 4, 3, 2, 0
10988, 281433, 2, 8, 1, 4, 3, 3, 0
10989, 281434, 2, 8, 1, 4, 3, 4, 0
10990, 281435, 2, 8, 1, 4, 3, 5, 0
10991, 281441, 2, 8, 1, 4, 4, 1, 0
10992, 281442, 2, 8, 1, 4, 4, 2, 0
10993, 281443, 2, 8, 1, 4, 4, 3, 0
10994, 281444, 2, 8, 1, 4, 4, 4, 0
10995, 281445, 2, 8, 1, 4, 4, 5, 0
10996, 281451, 2, 8, 1, 4, 5, 1, 0
10997, 281452, 2, 8, 1, 4, 5, 2, 0
10998, 281453, 2, 8, 1, 4, 5, 3, 0
10999, 281454, 2, 8, 1, 4, 5, 4, 0
11000, 281455, 2, 8, 1, 4, 5, 5, 0
11001, 282111, 2, 8, 2, 1, 1, 1, 0
11002, 282112, 2, 8, 2, 1, 1, 2, 0
11003, 282113, 2, 8, 2, 1, 1, 3, 0
11004, 282114, 2, 8, 2, 1, 1, 4, 0
11005, 282115, 2, 8, 2, 1, 1, 5, 0
11006, 282121, 2, 8, 2, 1, 2, 1, 0
11007, 282122, 2, 8, 2, 1, 2, 2, 0
11008, 282123, 2, 8, 2, 1, 2, 3, 0
11009, 282124, 2, 8, 2, 1, 2, 4, 0
11010, 282125, 2, 8, 2, 1, 2, 5, 0
11011, 282131, 2, 8, 2, 1, 3, 1, 0
11012, 282132, 2, 8, 2, 1, 3, 2, 0
11013, 282133, 2, 8, 2, 1, 3, 3, 0
11014, 282134, 2, 8, 2, 1, 3, 4, 0
11015, 282135, 2, 8, 2, 1, 3, 5, 0
11016, 282141, 2, 8, 2, 1, 4, 1, 0
11017, 282142, 2, 8, 2, 1, 4, 2, 0
11018, 282143, 2, 8, 2, 1, 4, 3, 0
11019, 282144, 2, 8, 2, 1, 4, 4, 0
11020, 282145, 2, 8, 2, 1, 4, 5, 0
11021, 282151, 2, 8, 2, 1, 5, 1, 0
11022, 282152, 2, 8, 2, 1, 5, 2, 0
11023, 282153, 2, 8, 2, 1, 5, 3, 0
11024, 282154, 2, 8, 2, 1, 5, 4, 0
11025, 282155, 2, 8, 2, 1, 5, 5, 0
11026, 282211, 2, 8, 2, 2, 1, 1, 0
11027, 282212, 2, 8, 2, 2, 1, 2, 0
11028, 282213, 2, 8, 2, 2, 1, 3, 0
11029, 282214, 2, 8, 2, 2, 1, 4, 0
11030, 282215, 2, 8, 2, 2, 1, 5, 0
11031, 282221, 2, 8, 2, 2, 2, 1, 0
11032, 282222, 2, 8, 2, 2, 2, 2, 0
11033, 282223, 2, 8, 2, 2, 2, 3, 0
11034, 282224, 2, 8, 2, 2, 2, 4, 0
11035, 282225, 2, 8, 2, 2, 2, 5, 0
11036, 282231, 2, 8, 2, 2, 3, 1, 0
11037, 282232, 2, 8, 2, 2, 3, 2, 0
11038, 282233, 2, 8, 2, 2, 3, 3, 0
11039, 282234, 2, 8, 2, 2, 3, 4, 0
11040, 282235, 2, 8, 2, 2, 3, 5, 0
11041, 282241, 2, 8, 2, 2, 4, 1, 0
11042, 282242, 2, 8, 2, 2, 4, 2, 0
11043, 282243, 2, 8, 2, 2, 4, 3, 0
11044, 282244, 2, 8, 2, 2, 4, 4, 0
11045, 282245, 2, 8, 2, 2, 4, 5, 0
11046, 282251, 2, 8, 2, 2, 5, 1, 0
11047, 282252, 2, 8, 2, 2, 5, 2, 0
11048, 282253, 2, 8, 2, 2, 5, 3, 0
11049, 282254, 2, 8, 2, 2, 5, 4, 0
11050, 282255, 2, 8, 2, 2, 5, 5, 0
11051, 282311, 2, 8, 2, 3, 1, 1, 0
11052, 282312, 2, 8, 2, 3, 1, 2, 0
11053, 282313, 2, 8, 2, 3, 1, 3, 0
11054, 282314, 2, 8, 2, 3, 1, 4, 0
11055, 282315, 2, 8, 2, 3, 1, 5, 0
11056, 282321, 2, 8, 2, 3, 2, 1, 0
11057, 282322, 2, 8, 2, 3, 2, 2, 0
11058, 282323, 2, 8, 2, 3, 2, 3, 0
11059, 282324, 2, 8, 2, 3, 2, 4, 0
11060, 282325, 2, 8, 2, 3, 2, 5, 0
11061, 282331, 2, 8, 2, 3, 3, 1, 0
11062, 282332, 2, 8, 2, 3, 3, 2, 0
11063, 282333, 2, 8, 2, 3, 3, 3, 0
11064, 282334, 2, 8, 2, 3, 3, 4, 0
11065, 282335, 2, 8, 2, 3, 3, 5, 0
11066, 282341, 2, 8, 2, 3, 4, 1, 0
11067, 282342, 2, 8, 2, 3, 4, 2, 0
11068, 282343, 2, 8, 2, 3, 4, 3, 0
11069, 282344, 2, 8, 2, 3, 4, 4, 0
11070, 282345, 2, 8, 2, 3, 4, 5, 0
11071, 282351, 2, 8, 2, 3, 5, 1, 0
11072, 282352, 2, 8, 2, 3, 5, 2, 0
11073, 282353, 2, 8, 2, 3, 5, 3, 0
11074, 282354, 2, 8, 2, 3, 5, 4, 0
11075, 282355, 2, 8, 2, 3, 5, 5, 0
11076, 282411, 2, 8, 2, 4, 1, 1, 0
11077, 282412, 2, 8, 2, 4, 1, 2, 0
11078, 282413, 2, 8, 2, 4, 1, 3, 0
11079, 282414, 2, 8, 2, 4, 1, 4, 0
11080, 282415, 2, 8, 2, 4, 1, 5, 0
11081, 282421, 2, 8, 2, 4, 2, 1, 0
11082, 282422, 2, 8, 2, 4, 2, 2, 0
11083, 282423, 2, 8, 2, 4, 2, 3, 0
11084, 282424, 2, 8, 2, 4, 2, 4, 0
11085, 282425, 2, 8, 2, 4, 2, 5, 0
11086, 282431, 2, 8, 2, 4, 3, 1, 0
11087, 282432, 2, 8, 2, 4, 3, 2, 0
11088, 282433, 2, 8, 2, 4, 3, 3, 0
11089, 282434, 2, 8, 2, 4, 3, 4, 0
11090, 282435, 2, 8, 2, 4, 3, 5, 0
11091, 282441, 2, 8, 2, 4, 4, 1, 0
11092, 282442, 2, 8, 2, 4, 4, 2, 0
11093, 282443, 2, 8, 2, 4, 4, 3, 0
11094, 282444, 2, 8, 2, 4, 4, 4, 0
11095, 282445, 2, 8, 2, 4, 4, 5, 0
11096, 282451, 2, 8, 2, 4, 5, 1, 0
11097, 282452, 2, 8, 2, 4, 5, 2, 0
11098, 282453, 2, 8, 2, 4, 5, 3, 0
11099, 282454, 2, 8, 2, 4, 5, 4, 0
11100, 282455, 2, 8, 2, 4, 5, 5, 0
11101, 283111, 2, 8, 3, 1, 1, 1, 0
11102, 283112, 2, 8, 3, 1, 1, 2, 0
11103, 283113, 2, 8, 3, 1, 1, 3, 0
11104, 283114, 2, 8, 3, 1, 1, 4, 0
11105, 283115, 2, 8, 3, 1, 1, 5, 0
11106, 283121, 2, 8, 3, 1, 2, 1, 0
11107, 283122, 2, 8, 3, 1, 2, 2, 0
11108, 283123, 2, 8, 3, 1, 2, 3, 0
11109, 283124, 2, 8, 3, 1, 2, 4, 0
11110, 283125, 2, 8, 3, 1, 2, 5, 0
11111, 283131, 2, 8, 3, 1, 3, 1, 0
11112, 283132, 2, 8, 3, 1, 3, 2, 0
11113, 283133, 2, 8, 3, 1, 3, 3, 0
11114, 283134, 2, 8, 3, 1, 3, 4, 0
11115, 283135, 2, 8, 3, 1, 3, 5, 0
11116, 283141, 2, 8, 3, 1, 4, 1, 0
11117, 283142, 2, 8, 3, 1, 4, 2, 0
11118, 283143, 2, 8, 3, 1, 4, 3, 0
11119, 283144, 2, 8, 3, 1, 4, 4, 0
11120, 283145, 2, 8, 3, 1, 4, 5, 0
11121, 283151, 2, 8, 3, 1, 5, 1, 0
11122, 283152, 2, 8, 3, 1, 5, 2, 0
11123, 283153, 2, 8, 3, 1, 5, 3, 0
11124, 283154, 2, 8, 3, 1, 5, 4, 0
11125, 283155, 2, 8, 3, 1, 5, 5, 0
11126, 283211, 2, 8, 3, 2, 1, 1, 0
11127, 283212, 2, 8, 3, 2, 1, 2, 0
11128, 283213, 2, 8, 3, 2, 1, 3, 0
11129, 283214, 2, 8, 3, 2, 1, 4, 0
11130, 283215, 2, 8, 3, 2, 1, 5, 0
11131, 283221, 2, 8, 3, 2, 2, 1, 0
11132, 283222, 2, 8, 3, 2, 2, 2, 0
11133, 283223, 2, 8, 3, 2, 2, 3, 0
11134, 283224, 2, 8, 3, 2, 2, 4, 0
11135, 283225, 2, 8, 3, 2, 2, 5, 0
11136, 283231, 2, 8, 3, 2, 3, 1, 0
11137, 283232, 2, 8, 3, 2, 3, 2, 0
11138, 283233, 2, 8, 3, 2, 3, 3, 0
11139, 283234, 2, 8, 3, 2, 3, 4, 0
11140, 283235, 2, 8, 3, 2, 3, 5, 0
11141, 283241, 2, 8, 3, 2, 4, 1, 0
11142, 283242, 2, 8, 3, 2, 4, 2, 0
11143, 283243, 2, 8, 3, 2, 4, 3, 0
11144, 283244, 2, 8, 3, 2, 4, 4, 0
11145, 283245, 2, 8, 3, 2, 4, 5, 0
11146, 283251, 2, 8, 3, 2, 5, 1, 0
11147, 283252, 2, 8, 3, 2, 5, 2, 0
11148, 283253, 2, 8, 3, 2, 5, 3, 0
11149, 283254, 2, 8, 3, 2, 5, 4, 0
11150, 283255, 2, 8, 3, 2, 5, 5, 0
11151, 283311, 2, 8, 3, 3, 1, 1, 0
11152, 283312, 2, 8, 3, 3, 1, 2, 0
11153, 283313, 2, 8, 3, 3, 1, 3, 0
11154, 283314, 2, 8, 3, 3, 1, 4, 0
11155, 283315, 2, 8, 3, 3, 1, 5, 0
11156, 283321, 2, 8, 3, 3, 2, 1, 0
11157, 283322, 2, 8, 3, 3, 2, 2, 0
11158, 283323, 2, 8, 3, 3, 2, 3, 0
11159, 283324, 2, 8, 3, 3, 2, 4, 0
11160, 283325, 2, 8, 3, 3, 2, 5, 0
11161, 283331, 2, 8, 3, 3, 3, 1, 0
11162, 283332, 2, 8, 3, 3, 3, 2, 0
11163, 283333, 2, 8, 3, 3, 3, 3, 0
11164, 283334, 2, 8, 3, 3, 3, 4, 0
11165, 283335, 2, 8, 3, 3, 3, 5, 0
11166, 283341, 2, 8, 3, 3, 4, 1, 0
11167, 283342, 2, 8, 3, 3, 4, 2, 0
11168, 283343, 2, 8, 3, 3, 4, 3, 0
11169, 283344, 2, 8, 3, 3, 4, 4, 0
11170, 283345, 2, 8, 3, 3, 4, 5, 0
11171, 283351, 2, 8, 3, 3, 5, 1, 0
11172, 283352, 2, 8, 3, 3, 5, 2, 0
11173, 283353, 2, 8, 3, 3, 5, 3, 0
11174, 283354, 2, 8, 3, 3, 5, 4, 0
11175, 283355, 2, 8, 3, 3, 5, 5, 0
11176, 283411, 2, 8, 3, 4, 1, 1, 0
11177, 283412, 2, 8, 3, 4, 1, 2, 0
11178, 283413, 2, 8, 3, 4, 1, 3, 0
11179, 283414, 2, 8, 3, 4, 1, 4, 0
11180, 283415, 2, 8, 3, 4, 1, 5, 0
11181, 283421, 2, 8, 3, 4, 2, 1, 0
11182, 283422, 2, 8, 3, 4, 2, 2, 0
11183, 283423, 2, 8, 3, 4, 2, 3, 0
11184, 283424, 2, 8, 3, 4, 2, 4, 0
11185, 283425, 2, 8, 3, 4, 2, 5, 0
11186, 283431, 2, 8, 3, 4, 3, 1, 0
11187, 283432, 2, 8, 3, 4, 3, 2, 0
11188, 283433, 2, 8, 3, 4, 3, 3, 0
11189, 283434, 2, 8, 3, 4, 3, 4, 0
11190, 283435, 2, 8, 3, 4, 3, 5, 0
11191, 283441, 2, 8, 3, 4, 4, 1, 0
11192, 283442, 2, 8, 3, 4, 4, 2, 0
11193, 283443, 2, 8, 3, 4, 4, 3, 0
11194, 283444, 2, 8, 3, 4, 4, 4, 0
11195, 283445, 2, 8, 3, 4, 4, 5, 0
11196, 283451, 2, 8, 3, 4, 5, 1, 0
11197, 283452, 2, 8, 3, 4, 5, 2, 0
11198, 283453, 2, 8, 3, 4, 5, 3, 0
11199, 283454, 2, 8, 3, 4, 5, 4, 0
11200, 283455, 2, 8, 3, 4, 5, 5, 0
11201, 284111, 2, 8, 4, 1, 1, 1, 0
11202, 284112, 2, 8, 4, 1, 1, 2, 0
11203, 284113, 2, 8, 4, 1, 1, 3, 0
11204, 284114, 2, 8, 4, 1, 1, 4, 0
11205, 284115, 2, 8, 4, 1, 1, 5, 0
11206, 284121, 2, 8, 4, 1, 2, 1, 0
11207, 284122, 2, 8, 4, 1, 2, 2, 0
11208, 284123, 2, 8, 4, 1, 2, 3, 0
11209, 284124, 2, 8, 4, 1, 2, 4, 0
11210, 284125, 2, 8, 4, 1, 2, 5, 0
11211, 284131, 2, 8, 4, 1, 3, 1, 0
11212, 284132, 2, 8, 4, 1, 3, 2, 0
11213, 284133, 2, 8, 4, 1, 3, 3, 0
11214, 284134, 2, 8, 4, 1, 3, 4, 0
11215, 284135, 2, 8, 4, 1, 3, 5, 0
11216, 284141, 2, 8, 4, 1, 4, 1, 0
11217, 284142, 2, 8, 4, 1, 4, 2, 0
11218, 284143, 2, 8, 4, 1, 4, 3, 0
11219, 284144, 2, 8, 4, 1, 4, 4, 0
11220, 284145, 2, 8, 4, 1, 4, 5, 0
11221, 284151, 2, 8, 4, 1, 5, 1, 0
11222, 284152, 2, 8, 4, 1, 5, 2, 0
11223, 284153, 2, 8, 4, 1, 5, 3, 0
11224, 284154, 2, 8, 4, 1, 5, 4, 0
11225, 284155, 2, 8, 4, 1, 5, 5, 0
11226, 284211, 2, 8, 4, 2, 1, 1, 0
11227, 284212, 2, 8, 4, 2, 1, 2, 0
11228, 284213, 2, 8, 4, 2, 1, 3, 0
11229, 284214, 2, 8, 4, 2, 1, 4, 0
11230, 284215, 2, 8, 4, 2, 1, 5, 0
11231, 284221, 2, 8, 4, 2, 2, 1, 0
11232, 284222, 2, 8, 4, 2, 2, 2, 0
11233, 284223, 2, 8, 4, 2, 2, 3, 0
11234, 284224, 2, 8, 4, 2, 2, 4, 0
11235, 284225, 2, 8, 4, 2, 2, 5, 0
11236, 284231, 2, 8, 4, 2, 3, 1, 0
11237, 284232, 2, 8, 4, 2, 3, 2, 0
11238, 284233, 2, 8, 4, 2, 3, 3, 0
11239, 284234, 2, 8, 4, 2, 3, 4, 0
11240, 284235, 2, 8, 4, 2, 3, 5, 0
11241, 284241, 2, 8, 4, 2, 4, 1, 0
11242, 284242, 2, 8, 4, 2, 4, 2, 0
11243, 284243, 2, 8, 4, 2, 4, 3, 0
11244, 284244, 2, 8, 4, 2, 4, 4, 0
11245, 284245, 2, 8, 4, 2, 4, 5, 0
11246, 284251, 2, 8, 4, 2, 5, 1, 0
11247, 284252, 2, 8, 4, 2, 5, 2, 0
11248, 284253, 2, 8, 4, 2, 5, 3, 0
11249, 284254, 2, 8, 4, 2, 5, 4, 0
11250, 284255, 2, 8, 4, 2, 5, 5, 0
11251, 284311, 2, 8, 4, 3, 1, 1, 0
11252, 284312, 2, 8, 4, 3, 1, 2, 0
11253, 284313, 2, 8, 4, 3, 1, 3, 0
11254, 284314, 2, 8, 4, 3, 1, 4, 0
11255, 284315, 2, 8, 4, 3, 1, 5, 0
11256, 284321, 2, 8, 4, 3, 2, 1, 0
11257, 284322, 2, 8, 4, 3, 2, 2, 0
11258, 284323, 2, 8, 4, 3, 2, 3, 0
11259, 284324, 2, 8, 4, 3, 2, 4, 0
11260, 284325, 2, 8, 4, 3, 2, 5, 0
11261, 284331, 2, 8, 4, 3, 3, 1, 0
11262, 284332, 2, 8, 4, 3, 3, 2, 0
11263, 284333, 2, 8, 4, 3, 3, 3, 0
11264, 284334, 2, 8, 4, 3, 3, 4, 0
11265, 284335, 2, 8, 4, 3, 3, 5, 0
11266, 284341, 2, 8, 4, 3, 4, 1, 0
11267, 284342, 2, 8, 4, 3, 4, 2, 0
11268, 284343, 2, 8, 4, 3, 4, 3, 0
11269, 284344, 2, 8, 4, 3, 4, 4, 0
11270, 284345, 2, 8, 4, 3, 4, 5, 0
11271, 284351, 2, 8, 4, 3, 5, 1, 0
11272, 284352, 2, 8, 4, 3, 5, 2, 0
11273, 284353, 2, 8, 4, 3, 5, 3, 0
11274, 284354, 2, 8, 4, 3, 5, 4, 0
11275, 284355, 2, 8, 4, 3, 5, 5, 0
11276, 284411, 2, 8, 4, 4, 1, 1, 0
11277, 284412, 2, 8, 4, 4, 1, 2, 0
11278, 284413, 2, 8, 4, 4, 1, 3, 0
11279, 284414, 2, 8, 4, 4, 1, 4, 0
11280, 284415, 2, 8, 4, 4, 1, 5, 0
11281, 284421, 2, 8, 4, 4, 2, 1, 0
11282, 284422, 2, 8, 4, 4, 2, 2, 0
11283, 284423, 2, 8, 4, 4, 2, 3, 0
11284, 284424, 2, 8, 4, 4, 2, 4, 0
11285, 284425, 2, 8, 4, 4, 2, 5, 0
11286, 284431, 2, 8, 4, 4, 3, 1, 0
11287, 284432, 2, 8, 4, 4, 3, 2, 0
11288, 284433, 2, 8, 4, 4, 3, 3, 0
11289, 284434, 2, 8, 4, 4, 3, 4, 0
11290, 284435, 2, 8, 4, 4, 3, 5, 0
11291, 284441, 2, 8, 4, 4, 4, 1, 0
11292, 284442, 2, 8, 4, 4, 4, 2, 0
11293, 284443, 2, 8, 4, 4, 4, 3, 0
11294, 284444, 2, 8, 4, 4, 4, 4, 0
11295, 284445, 2, 8, 4, 4, 4, 5, 0
11296, 284451, 2, 8, 4, 4, 5, 1, 0
11297, 284452, 2, 8, 4, 4, 5, 2, 0
11298, 284453, 2, 8, 4, 4, 5, 3, 0
11299, 284454, 2, 8, 4, 4, 5, 4, 0
11300, 284455, 2, 8, 4, 4, 5, 5, 0
11301, 285111, 2, 8, 5, 1, 1, 1, 0
11302, 285112, 2, 8, 5, 1, 1, 2, 0
11303, 285113, 2, 8, 5, 1, 1, 3, 0
11304, 285114, 2, 8, 5, 1, 1, 4, 0
11305, 285115, 2, 8, 5, 1, 1, 5, 0
11306, 285121, 2, 8, 5, 1, 2, 1, 0
11307, 285122, 2, 8, 5, 1, 2, 2, 0
11308, 285123, 2, 8, 5, 1, 2, 3, 0
11309, 285124, 2, 8, 5, 1, 2, 4, 0
11310, 285125, 2, 8, 5, 1, 2, 5, 0
11311, 285131, 2, 8, 5, 1, 3, 1, 0
11312, 285132, 2, 8, 5, 1, 3, 2, 0
11313, 285133, 2, 8, 5, 1, 3, 3, 0
11314, 285134, 2, 8, 5, 1, 3, 4, 0
11315, 285135, 2, 8, 5, 1, 3, 5, 0
11316, 285141, 2, 8, 5, 1, 4, 1, 0
11317, 285142, 2, 8, 5, 1, 4, 2, 0
11318, 285143, 2, 8, 5, 1, 4, 3, 0
11319, 285144, 2, 8, 5, 1, 4, 4, 0
11320, 285145, 2, 8, 5, 1, 4, 5, 0
11321, 285151, 2, 8, 5, 1, 5, 1, 0
11322, 285152, 2, 8, 5, 1, 5, 2, 0
11323, 285153, 2, 8, 5, 1, 5, 3, 0
11324, 285154, 2, 8, 5, 1, 5, 4, 0
11325, 285155, 2, 8, 5, 1, 5, 5, 0
11326, 285211, 2, 8, 5, 2, 1, 1, 0
11327, 285212, 2, 8, 5, 2, 1, 2, 0
11328, 285213, 2, 8, 5, 2, 1, 3, 0
11329, 285214, 2, 8, 5, 2, 1, 4, 0
11330, 285215, 2, 8, 5, 2, 1, 5, 0
11331, 285221, 2, 8, 5, 2, 2, 1, 0
11332, 285222, 2, 8, 5, 2, 2, 2, 0
11333, 285223, 2, 8, 5, 2, 2, 3, 0
11334, 285224, 2, 8, 5, 2, 2, 4, 0
11335, 285225, 2, 8, 5, 2, 2, 5, 0
11336, 285231, 2, 8, 5, 2, 3, 1, 0
11337, 285232, 2, 8, 5, 2, 3, 2, 0
11338, 285233, 2, 8, 5, 2, 3, 3, 0
11339, 285234, 2, 8, 5, 2, 3, 4, 0
11340, 285235, 2, 8, 5, 2, 3, 5, 0
11341, 285241, 2, 8, 5, 2, 4, 1, 0
11342, 285242, 2, 8, 5, 2, 4, 2, 0
11343, 285243, 2, 8, 5, 2, 4, 3, 0
11344, 285244, 2, 8, 5, 2, 4, 4, 0
11345, 285245, 2, 8, 5, 2, 4, 5, 0
11346, 285251, 2, 8, 5, 2, 5, 1, 0
11347, 285252, 2, 8, 5, 2, 5, 2, 0
11348, 285253, 2, 8, 5, 2, 5, 3, 0
11349, 285254, 2, 8, 5, 2, 5, 4, 0
11350, 285255, 2, 8, 5, 2, 5, 5, 0
11351, 285311, 2, 8, 5, 3, 1, 1, 0
11352, 285312, 2, 8, 5, 3, 1, 2, 0
11353, 285313, 2, 8, 5, 3, 1, 3, 0
11354, 285314, 2, 8, 5, 3, 1, 4, 0
11355, 285315, 2, 8, 5, 3, 1, 5, 0
11356, 285321, 2, 8, 5, 3, 2, 1, 0
11357, 285322, 2, 8, 5, 3, 2, 2, 0
11358, 285323, 2, 8, 5, 3, 2, 3, 0
11359, 285324, 2, 8, 5, 3, 2, 4, 0
11360, 285325, 2, 8, 5, 3, 2, 5, 0
11361, 285331, 2, 8, 5, 3, 3, 1, 0
11362, 285332, 2, 8, 5, 3, 3, 2, 0
11363, 285333, 2, 8, 5, 3, 3, 3, 0
11364, 285334, 2, 8, 5, 3, 3, 4, 0
11365, 285335, 2, 8, 5, 3, 3, 5, 0
11366, 285341, 2, 8, 5, 3, 4, 1, 0
11367, 285342, 2, 8, 5, 3, 4, 2, 0
11368, 285343, 2, 8, 5, 3, 4, 3, 0
11369, 285344, 2, 8, 5, 3, 4, 4, 0
11370, 285345, 2, 8, 5, 3, 4, 5, 0
11371, 285351, 2, 8, 5, 3, 5, 1, 0
11372, 285352, 2, 8, 5, 3, 5, 2, 0
11373, 285353, 2, 8, 5, 3, 5, 3, 0
11374, 285354, 2, 8, 5, 3, 5, 4, 0
11375, 285355, 2, 8, 5, 3, 5, 5, 0
11376, 285411, 2, 8, 5, 4, 1, 1, 0
11377, 285412, 2, 8, 5, 4, 1, 2, 0
11378, 285413, 2, 8, 5, 4, 1, 3, 0
11379, 285414, 2, 8, 5, 4, 1, 4, 0
11380, 285415, 2, 8, 5, 4, 1, 5, 0
11381, 285421, 2, 8, 5, 4, 2, 1, 0
11382, 285422, 2, 8, 5, 4, 2, 2, 0
11383, 285423, 2, 8, 5, 4, 2, 3, 0
11384, 285424, 2, 8, 5, 4, 2, 4, 0
11385, 285425, 2, 8, 5, 4, 2, 5, 0
11386, 285431, 2, 8, 5, 4, 3, 1, 0
11387, 285432, 2, 8, 5, 4, 3, 2, 0
11388, 285433, 2, 8, 5, 4, 3, 3, 0
11389, 285434, 2, 8, 5, 4, 3, 4, 0
11390, 285435, 2, 8, 5, 4, 3, 5, 0
11391, 285441, 2, 8, 5, 4, 4, 1, 0
11392, 285442, 2, 8, 5, 4, 4, 2, 0
11393, 285443, 2, 8, 5, 4, 4, 3, 0
11394, 285444, 2, 8, 5, 4, 4, 4, 0
11395, 285445, 2, 8, 5, 4, 4, 5, 0
11396, 285451, 2, 8, 5, 4, 5, 1, 0
11397, 285452, 2, 8, 5, 4, 5, 2, 0
11398, 285453, 2, 8, 5, 4, 5, 3, 0
11399, 285454, 2, 8, 5, 4, 5, 4, 0
11400, 285455, 2, 8, 5, 4, 5, 5, 0
11401, 286111, 2, 8, 6, 1, 1, 1, 0
11402, 286112, 2, 8, 6, 1, 1, 2, 0
11403, 286113, 2, 8, 6, 1, 1, 3, 0
11404, 286114, 2, 8, 6, 1, 1, 4, 0
11405, 286115, 2, 8, 6, 1, 1, 5, 0
11406, 286121, 2, 8, 6, 1, 2, 1, 0
11407, 286122, 2, 8, 6, 1, 2, 2, 0
11408, 286123, 2, 8, 6, 1, 2, 3, 0
11409, 286124, 2, 8, 6, 1, 2, 4, 0
11410, 286125, 2, 8, 6, 1, 2, 5, 0
11411, 286131, 2, 8, 6, 1, 3, 1, 0
11412, 286132, 2, 8, 6, 1, 3, 2, 0
11413, 286133, 2, 8, 6, 1, 3, 3, 0
11414, 286134, 2, 8, 6, 1, 3, 4, 0
11415, 286135, 2, 8, 6, 1, 3, 5, 0
11416, 286141, 2, 8, 6, 1, 4, 1, 0
11417, 286142, 2, 8, 6, 1, 4, 2, 0
11418, 286143, 2, 8, 6, 1, 4, 3, 0
11419, 286144, 2, 8, 6, 1, 4, 4, 0
11420, 286145, 2, 8, 6, 1, 4, 5, 0
11421, 286151, 2, 8, 6, 1, 5, 1, 0
11422, 286152, 2, 8, 6, 1, 5, 2, 0
11423, 286153, 2, 8, 6, 1, 5, 3, 0
11424, 286154, 2, 8, 6, 1, 5, 4, 0
11425, 286155, 2, 8, 6, 1, 5, 5, 0
11426, 286211, 2, 8, 6, 2, 1, 1, 0
11427, 286212, 2, 8, 6, 2, 1, 2, 0
11428, 286213, 2, 8, 6, 2, 1, 3, 0
11429, 286214, 2, 8, 6, 2, 1, 4, 0
11430, 286215, 2, 8, 6, 2, 1, 5, 0
11431, 286221, 2, 8, 6, 2, 2, 1, 0
11432, 286222, 2, 8, 6, 2, 2, 2, 0
11433, 286223, 2, 8, 6, 2, 2, 3, 0
11434, 286224, 2, 8, 6, 2, 2, 4, 0
11435, 286225, 2, 8, 6, 2, 2, 5, 0
11436, 286231, 2, 8, 6, 2, 3, 1, 0
11437, 286232, 2, 8, 6, 2, 3, 2, 0
11438, 286233, 2, 8, 6, 2, 3, 3, 0
11439, 286234, 2, 8, 6, 2, 3, 4, 0
11440, 286235, 2, 8, 6, 2, 3, 5, 0
11441, 286241, 2, 8, 6, 2, 4, 1, 0
11442, 286242, 2, 8, 6, 2, 4, 2, 0
11443, 286243, 2, 8, 6, 2, 4, 3, 0
11444, 286244, 2, 8, 6, 2, 4, 4, 0
11445, 286245, 2, 8, 6, 2, 4, 5, 0
11446, 286251, 2, 8, 6, 2, 5, 1, 0
11447, 286252, 2, 8, 6, 2, 5, 2, 0
11448, 286253, 2, 8, 6, 2, 5, 3, 0
11449, 286254, 2, 8, 6, 2, 5, 4, 0
11450, 286255, 2, 8, 6, 2, 5, 5, 0
11451, 286311, 2, 8, 6, 3, 1, 1, 0
11452, 286312, 2, 8, 6, 3, 1, 2, 0
11453, 286313, 2, 8, 6, 3, 1, 3, 0
11454, 286314, 2, 8, 6, 3, 1, 4, 0
11455, 286315, 2, 8, 6, 3, 1, 5, 0
11456, 286321, 2, 8, 6, 3, 2, 1, 0
11457, 286322, 2, 8, 6, 3, 2, 2, 0
11458, 286323, 2, 8, 6, 3, 2, 3, 0
11459, 286324, 2, 8, 6, 3, 2, 4, 0
11460, 286325, 2, 8, 6, 3, 2, 5, 0
11461, 286331, 2, 8, 6, 3, 3, 1, 0
11462, 286332, 2, 8, 6, 3, 3, 2, 0
11463, 286333, 2, 8, 6, 3, 3, 3, 0
11464, 286334, 2, 8, 6, 3, 3, 4, 0
11465, 286335, 2, 8, 6, 3, 3, 5, 0
11466, 286341, 2, 8, 6, 3, 4, 1, 0
11467, 286342, 2, 8, 6, 3, 4, 2, 0
11468, 286343, 2, 8, 6, 3, 4, 3, 0
11469, 286344, 2, 8, 6, 3, 4, 4, 0
11470, 286345, 2, 8, 6, 3, 4, 5, 0
11471, 286351, 2, 8, 6, 3, 5, 1, 0
11472, 286352, 2, 8, 6, 3, 5, 2, 0
11473, 286353, 2, 8, 6, 3, 5, 3, 0
11474, 286354, 2, 8, 6, 3, 5, 4, 0
11475, 286355, 2, 8, 6, 3, 5, 5, 0
11476, 286411, 2, 8, 6, 4, 1, 1, 0
11477, 286412, 2, 8, 6, 4, 1, 2, 0
11478, 286413, 2, 8, 6, 4, 1, 3, 0
11479, 286414, 2, 8, 6, 4, 1, 4, 0
11480, 286415, 2, 8, 6, 4, 1, 5, 0
11481, 286421, 2, 8, 6, 4, 2, 1, 0
11482, 286422, 2, 8, 6, 4, 2, 2, 0
11483, 286423, 2, 8, 6, 4, 2, 3, 0
11484, 286424, 2, 8, 6, 4, 2, 4, 0
11485, 286425, 2, 8, 6, 4, 2, 5, 0
11486, 286431, 2, 8, 6, 4, 3, 1, 0
11487, 286432, 2, 8, 6, 4, 3, 2, 0
11488, 286433, 2, 8, 6, 4, 3, 3, 0
11489, 286434, 2, 8, 6, 4, 3, 4, 0
11490, 286435, 2, 8, 6, 4, 3, 5, 0
11491, 286441, 2, 8, 6, 4, 4, 1, 0
11492, 286442, 2, 8, 6, 4, 4, 2, 0
11493, 286443, 2, 8, 6, 4, 4, 3, 0
11494, 286444, 2, 8, 6, 4, 4, 4, 0
11495, 286445, 2, 8, 6, 4, 4, 5, 0
11496, 286451, 2, 8, 6, 4, 5, 1, 0
11497, 286452, 2, 8, 6, 4, 5, 2, 0
11498, 286453, 2, 8, 6, 4, 5, 3, 0
11499, 286454, 2, 8, 6, 4, 5, 4, 0
11500, 286455, 2, 8, 6, 4, 5, 5, 0
11501, 287111, 2, 8, 7, 1, 1, 1, 0
11502, 287112, 2, 8, 7, 1, 1, 2, 0
11503, 287113, 2, 8, 7, 1, 1, 3, 0
11504, 287114, 2, 8, 7, 1, 1, 4, 0
11505, 287115, 2, 8, 7, 1, 1, 5, 0
11506, 287121, 2, 8, 7, 1, 2, 1, 0
11507, 287122, 2, 8, 7, 1, 2, 2, 0
11508, 287123, 2, 8, 7, 1, 2, 3, 0
11509, 287124, 2, 8, 7, 1, 2, 4, 0
11510, 287125, 2, 8, 7, 1, 2, 5, 0
11511, 287131, 2, 8, 7, 1, 3, 1, 0
11512, 287132, 2, 8, 7, 1, 3, 2, 0
11513, 287133, 2, 8, 7, 1, 3, 3, 0
11514, 287134, 2, 8, 7, 1, 3, 4, 0
11515, 287135, 2, 8, 7, 1, 3, 5, 0
11516, 287141, 2, 8, 7, 1, 4, 1, 0
11517, 287142, 2, 8, 7, 1, 4, 2, 0
11518, 287143, 2, 8, 7, 1, 4, 3, 0
11519, 287144, 2, 8, 7, 1, 4, 4, 0
11520, 287145, 2, 8, 7, 1, 4, 5, 0
11521, 287151, 2, 8, 7, 1, 5, 1, 0
11522, 287152, 2, 8, 7, 1, 5, 2, 0
11523, 287153, 2, 8, 7, 1, 5, 3, 0
11524, 287154, 2, 8, 7, 1, 5, 4, 0
11525, 287155, 2, 8, 7, 1, 5, 5, 0
11526, 287211, 2, 8, 7, 2, 1, 1, 0
11527, 287212, 2, 8, 7, 2, 1, 2, 0
11528, 287213, 2, 8, 7, 2, 1, 3, 0
11529, 287214, 2, 8, 7, 2, 1, 4, 0
11530, 287215, 2, 8, 7, 2, 1, 5, 0
11531, 287221, 2, 8, 7, 2, 2, 1, 0
11532, 287222, 2, 8, 7, 2, 2, 2, 0
11533, 287223, 2, 8, 7, 2, 2, 3, 0
11534, 287224, 2, 8, 7, 2, 2, 4, 0
11535, 287225, 2, 8, 7, 2, 2, 5, 0
11536, 287231, 2, 8, 7, 2, 3, 1, 0
11537, 287232, 2, 8, 7, 2, 3, 2, 0
11538, 287233, 2, 8, 7, 2, 3, 3, 0
11539, 287234, 2, 8, 7, 2, 3, 4, 0
11540, 287235, 2, 8, 7, 2, 3, 5, 0
11541, 287241, 2, 8, 7, 2, 4, 1, 0
11542, 287242, 2, 8, 7, 2, 4, 2, 0
11543, 287243, 2, 8, 7, 2, 4, 3, 0
11544, 287244, 2, 8, 7, 2, 4, 4, 0
11545, 287245, 2, 8, 7, 2, 4, 5, 0
11546, 287251, 2, 8, 7, 2, 5, 1, 0
11547, 287252, 2, 8, 7, 2, 5, 2, 0
11548, 287253, 2, 8, 7, 2, 5, 3, 0
11549, 287254, 2, 8, 7, 2, 5, 4, 0
11550, 287255, 2, 8, 7, 2, 5, 5, 0
11551, 287311, 2, 8, 7, 3, 1, 1, 0
11552, 287312, 2, 8, 7, 3, 1, 2, 0
11553, 287313, 2, 8, 7, 3, 1, 3, 0
11554, 287314, 2, 8, 7, 3, 1, 4, 0
11555, 287315, 2, 8, 7, 3, 1, 5, 0
11556, 287321, 2, 8, 7, 3, 2, 1, 0
11557, 287322, 2, 8, 7, 3, 2, 2, 0
11558, 287323, 2, 8, 7, 3, 2, 3, 0
11559, 287324, 2, 8, 7, 3, 2, 4, 0
11560, 287325, 2, 8, 7, 3, 2, 5, 0
11561, 287331, 2, 8, 7, 3, 3, 1, 0
11562, 287332, 2, 8, 7, 3, 3, 2, 0
11563, 287333, 2, 8, 7, 3, 3, 3, 0
11564, 287334, 2, 8, 7, 3, 3, 4, 0
11565, 287335, 2, 8, 7, 3, 3, 5, 0
11566, 287341, 2, 8, 7, 3, 4, 1, 0
11567, 287342, 2, 8, 7, 3, 4, 2, 0
11568, 287343, 2, 8, 7, 3, 4, 3, 0
11569, 287344, 2, 8, 7, 3, 4, 4, 0
11570, 287345, 2, 8, 7, 3, 4, 5, 0
11571, 287351, 2, 8, 7, 3, 5, 1, 0
11572, 287352, 2, 8, 7, 3, 5, 2, 0
11573, 287353, 2, 8, 7, 3, 5, 3, 0
11574, 287354, 2, 8, 7, 3, 5, 4, 0
11575, 287355, 2, 8, 7, 3, 5, 5, 0
11576, 287411, 2, 8, 7, 4, 1, 1, 0
11577, 287412, 2, 8, 7, 4, 1, 2, 0
11578, 287413, 2, 8, 7, 4, 1, 3, 0
11579, 287414, 2, 8, 7, 4, 1, 4, 0
11580, 287415, 2, 8, 7, 4, 1, 5, 0
11581, 287421, 2, 8, 7, 4, 2, 1, 0
11582, 287422, 2, 8, 7, 4, 2, 2, 0
11583, 287423, 2, 8, 7, 4, 2, 3, 0
11584, 287424, 2, 8, 7, 4, 2, 4, 0
11585, 287425, 2, 8, 7, 4, 2, 5, 0
11586, 287431, 2, 8, 7, 4, 3, 1, 0
11587, 287432, 2, 8, 7, 4, 3, 2, 0
11588, 287433, 2, 8, 7, 4, 3, 3, 0
11589, 287434, 2, 8, 7, 4, 3, 4, 0
11590, 287435, 2, 8, 7, 4, 3, 5, 0
11591, 287441, 2, 8, 7, 4, 4, 1, 0
11592, 287442, 2, 8, 7, 4, 4, 2, 0
11593, 287443, 2, 8, 7, 4, 4, 3, 0
11594, 287444, 2, 8, 7, 4, 4, 4, 0
11595, 287445, 2, 8, 7, 4, 4, 5, 0
11596, 287451, 2, 8, 7, 4, 5, 1, 0
11597, 287452, 2, 8, 7, 4, 5, 2, 0
11598, 287453, 2, 8, 7, 4, 5, 3, 0
11599, 287454, 2, 8, 7, 4, 5, 4, 0
11600, 287455, 2, 8, 7, 4, 5, 5, 0
11601, 28A111, 2, 8, A, 1, 1, 1, 1
11602, 28A112, 2, 8, A, 1, 1, 2, 1
11603, 28A113, 2, 8, A, 1, 1, 3, 1
11604, 28A114, 2, 8, A, 1, 1, 4, 1
11605, 28A115, 2, 8, A, 1, 1, 5, 1
11606, 28A121, 2, 8, A, 1, 2, 1, 1
11607, 28A122, 2, 8, A, 1, 2, 2, 1
11608, 28A123, 2, 8, A, 1, 2, 3, 1
11609, 28A124, 2, 8, A, 1, 2, 4, 1
11610, 28A125, 2, 8, A, 1, 2, 5, 1
11611, 28A131, 2, 8, A, 1, 3, 1, 1
11612, 28A132, 2, 8, A, 1, 3, 2, 1
11613, 28A133, 2, 8, A, 1, 3, 3, 1
11614, 28A134, 2, 8, A, 1, 3, 4, 1
11615, 28A135, 2, 8, A, 1, 3, 5, 1
11616, 28A141, 2, 8, A, 1, 4, 1, 1
11617, 28A142, 2, 8, A, 1, 4, 2, 1
11618, 28A143, 2, 8, A, 1, 4, 3, 1
11619, 28A144, 2, 8, A, 1, 4, 4, 1
11620, 28A145, 2, 8, A, 1, 4, 5, 1
11621, 28A151, 2, 8, A, 1, 5, 1, 1
11622, 28A152, 2, 8, A, 1, 5, 2, 1
11623, 28A153, 2, 8, A, 1, 5, 3, 1
11624, 28A154, 2, 8, A, 1, 5, 4, 1
11625, 28A155, 2, 8, A, 1, 5, 5, 1
11626, 28A211, 2, 8, A, 2, 1, 1, 1
11627, 28A212, 2, 8, A, 2, 1, 2, 1
11628, 28A213, 2, 8, A, 2, 1, 3, 1
11629, 28A214, 2, 8, A, 2, 1, 4, 1
11630, 28A215, 2, 8, A, 2, 1, 5, 1
11631, 28A221, 2, 8, A, 2, 2, 1, 1
11632, 28A222, 2, 8, A, 2, 2, 2, 1
11633, 28A223, 2, 8, A, 2, 2, 3, 1
11634, 28A224, 2, 8, A, 2, 2, 4, 1
11635, 28A225, 2, 8, A, 2, 2, 5, 1
11636, 28A231, 2, 8, A, 2, 3, 1, 1
11637, 28A232, 2, 8, A, 2, 3, 2, 1
11638, 28A233, 2, 8, A, 2, 3, 3, 1
11639, 28A234, 2, 8, A, 2, 3, 4, 1
11640, 28A235, 2, 8, A, 2, 3, 5, 1
11641, 28A241, 2, 8, A, 2, 4, 1, 1
11642, 28A242, 2, 8, A, 2, 4, 2, 1
11643, 28A243, 2, 8, A, 2, 4, 3, 1
11644, 28A244, 2, 8, A, 2, 4, 4, 1
11645, 28A245, 2, 8, A, 2, 4, 5, 1
11646, 28A251, 2, 8, A, 2, 5, 1, 1
11647, 28A252, 2, 8, A, 2, 5, 2, 1
11648, 28A253, 2, 8, A, 2, 5, 3, 1
11649, 28A254, 2, 8, A, 2, 5, 4, 1
11650, 28A255, 2, 8, A, 2, 5, 5, 1
11651, 28A311, 2, 8, A, 3, 1, 1, 1
11652, 28A312, 2, 8, A, 3, 1, 2, 1
11653, 28A313, 2, 8, A, 3, 1, 3, 1
11654, 28A314, 2, 8, A, 3, 1, 4, 1
11655, 28A315, 2, 8, A, 3, 1, 5, 1
11656, 28A321, 2, 8, A, 3, 2, 1, 1
11657, 28A322, 2, 8, A, 3, 2, 2, 1
11658, 28A323, 2, 8, A, 3, 2, 3, 1
11659, 28A324, 2, 8, A, 3, 2, 4, 1
11660, 28A325, 2, 8, A, 3, 2, 5, 1
11661, 28A331, 2, 8, A, 3, 3, 1, 1
11662, 28A332, 2, 8, A, 3, 3, 2, 1
11663, 28A333, 2, 8, A, 3, 3, 3, 1
11664, 28A334, 2, 8, A, 3, 3, 4, 1
11665, 28A335, 2, 8, A, 3, 3, 5, 1
11666, 28A341, 2, 8, A, 3, 4, 1, 1
11667, 28A342, 2, 8, A, 3, 4, 2, 1
11668, 28A343, 2, 8, A, 3, 4, 3, 1
11669, 28A344, 2, 8, A, 3, 4, 4, 1
11670, 28A345, 2, 8, A, 3, 4, 5, 1
11671, 28A351, 2, 8, A, 3, 5, 1, 1
11672, 28A352, 2, 8, A, 3, 5, 2, 1
11673, 28A353, 2, 8, A, 3, 5, 3, 1
11674, 28A354, 2, 8, A, 3, 5, 4, 1
11675, 28A355, 2, 8, A, 3, 5, 5, 1
11676, 28A411, 2, 8, A, 4, 1, 1, 1
11677, 28A412, 2, 8, A, 4, 1, 2, 1
11678, 28A413, 2, 8, A, 4, 1, 3, 1
11679, 28A414, 2, 8, A, 4, 1, 4, 1
11680, 28A415, 2, 8, A, 4, 1, 5, 1
11681, 28A421, 2, 8, A, 4, 2, 1, 1
11682, 28A422, 2, 8, A, 4, 2, 2, 1
11683, 28A423, 2, 8, A, 4, 2, 3, 1
11684, 28A424, 2, 8, A, 4, 2, 4, 1
11685, 28A425, 2, 8, A, 4, 2, 5, 1
11686, 28A431, 2, 8, A, 4, 3, 1, 1
11687, 28A432, 2, 8, A, 4, 3, 2, 1
11688, 28A433, 2, 8, A, 4, 3, 3, 1
11689, 28A434, 2, 8, A, 4, 3, 4, 1
11690, 28A435, 2, 8, A, 4, 3, 5, 1
11691, 28A441, 2, 8, A, 4, 4, 1, 1
11692, 28A442, 2, 8, A, 4, 4, 2, 1
11693, 28A443, 2, 8, A, 4, 4, 3, 1
11694, 28A444, 2, 8, A, 4, 4, 4, 1
11695, 28A445, 2, 8, A, 4, 4, 5, 1
11696, 28A451, 2, 8, A, 4, 5, 1, 1
11697, 28A452, 2, 8, A, 4, 5, 2, 1
11698, 28A453, 2, 8, A, 4, 5, 3, 1
11699, 28A454, 2, 8, A, 4, 5, 4, 1
11700, 28A455, 2, 8, A, 4, 5, 5, 1
11701, 28B111, 2, 8, B, 1, 1, 1, 1
11702, 28B112, 2, 8, B, 1, 1, 2, 1
11703, 28B113, 2, 8, B, 1, 1, 3, 1
11704, 28B114, 2, 8, B, 1, 1, 4, 1
11705, 28B115, 2, 8, B, 1, 1, 5, 1
11706, 28B121, 2, 8, B, 1, 2, 1, 1
11707, 28B122, 2, 8, B, 1, 2, 2, 1
11708, 28B123, 2, 8, B, 1, 2, 3, 1
11709, 28B124, 2, 8, B, 1, 2, 4, 1
11710, 28B125, 2, 8, B, 1, 2, 5, 1
11711, 28B131, 2, 8, B, 1, 3, 1, 1
11712, 28B132, 2, 8, B, 1, 3, 2, 1
11713, 28B133, 2, 8, B, 1, 3, 3, 1
11714, 28B134, 2, 8, B, 1, 3, 4, 1
11715, 28B135, 2, 8, B, 1, 3, 5, 1
11716, 28B141, 2, 8, B, 1, 4, 1, 1
11717, 28B142, 2, 8, B, 1, 4, 2, 1
11718, 28B143, 2, 8, B, 1, 4, 3, 1
11719, 28B144, 2, 8, B, 1, 4, 4, 1
11720, 28B145, 2, 8, B, 1, 4, 5, 1
11721, 28B151, 2, 8, B, 1, 5, 1, 1
11722, 28B152, 2, 8, B, 1, 5, 2, 1
11723, 28B153, 2, 8, B, 1, 5, 3, 1
11724, 28B154, 2, 8, B, 1, 5, 4, 1
11725, 28B155, 2, 8, B, 1, 5, 5, 1
11726, 28B211, 2, 8, B, 2, 1, 1, 1
11727, 28B212, 2, 8, B, 2, 1, 2, 1
11728, 28B213, 2, 8, B, 2, 1, 3, 1
11729, 28B214, 2, 8, B, 2, 1, 4, 1
11730, 28B215, 2, 8, B, 2, 1, 5, 1
11731, 28B221, 2, 8, B, 2, 2, 1, 1
11732, 28B222, 2, 8, B, 2, 2, 2, 1
11733, 28B223, 2, 8, B, 2, 2, 3, 1
11734, 28B224, 2, 8, B, 2, 2, 4, 1
11735, 28B225, 2, 8, B, 2, 2, 5, 1
11736, 28B231, 2, 8, B, 2, 3, 1, 1
11737, 28B232, 2, 8, B, 2, 3, 2, 1
11738, 28B233, 2, 8, B, 2, 3, 3, 1
11739, 28B234, 2, 8, B, 2, 3, 4, 1
11740, 28B235, 2, 8, B, 2, 3, 5, 1
11741, 28B241, 2, 8, B, 2, 4, 1, 1
11742, 28B242, 2, 8, B, 2, 4, 2, 1
11743, 28B243, 2, 8, B, 2, 4, 3, 1
11744, 28B244, 2, 8, B, 2, 4, 4, 1
11745, 28B245, 2, 8, B, 2, 4, 5, 1
11746, 28B251, 2, 8, B, 2, 5, 1, 1
11747, 28B252, 2, 8, B, 2, 5, 2, 1
11748, 28B253, 2, 8, B, 2, 5, 3, 1
11749, 28B254, 2, 8, B, 2, 5, 4, 1
11750, 28B255, 2, 8, B, 2, 5, 5, 1
11751, 28B311, 2, 8, B, 3, 1, 1, 1
11752, 28B312, 2, 8, B, 3, 1, 2, 1
11753, 28B313, 2, 8, B, 3, 1, 3, 1
11754, 28B314, 2, 8, B, 3, 1, 4, 1
11755, 28B315, 2, 8, B, 3, 1, 5, 1
11756, 28B321, 2, 8, B, 3, 2, 1, 1
11757, 28B322, 2, 8, B, 3, 2, 2, 1
11758, 28B323, 2, 8, B, 3, 2, 3, 1
11759, 28B324, 2, 8, B, 3, 2, 4, 1
11760, 28B325, 2, 8, B, 3, 2, 5, 1
11761, 28B331, 2, 8, B, 3, 3, 1, 1
11762, 28B332, 2, 8, B, 3, 3, 2, 1
11763, 28B333, 2, 8, B, 3, 3, 3, 1
11764, 28B334, 2, 8, B, 3, 3, 4, 1
11765, 28B335, 2, 8, B, 3, 3, 5, 1
11766, 28B341, 2, 8, B, 3, 4, 1, 1
11767, 28B342, 2, 8, B, 3, 4, 2, 1
11768, 28B343, 2, 8, B, 3, 4, 3, 1
11769, 28B344, 2, 8, B, 3, 4, 4, 1
11770, 28B345, 2, 8, B, 3, 4, 5, 1
11771, 28B351, 2, 8, B, 3, 5, 1, 1
11772, 28B352, 2, 8, B, 3, 5, 2, 1
11773, 28B353, 2, 8, B, 3, 5, 3, 1
11774, 28B354, 2, 8, B, 3, 5, 4, 1
11775, 28B355, 2, 8, B, 3, 5, 5, 1
11776, 28B411, 2, 8, B, 4, 1, 1, 1
11777, 28B412, 2, 8, B, 4, 1, 2, 1
11778, 28B413, 2, 8, B, 4, 1, 3, 1
11779, 28B414, 2, 8, B, 4, 1, 4, 1
11780, 28B415, 2, 8, B, 4, 1, 5, 1
11781, 28B421, 2, 8, B, 4, 2, 1, 1
11782, 28B422, 2, 8, B, 4, 2, 2, 1
11783, 28B423, 2, 8, B, 4, 2, 3, 1
11784, 28B424, 2, 8, B, 4, 2, 4, 1
11785, 28B425, 2, 8, B, 4, 2, 5, 1
11786, 28B431, 2, 8, B, 4, 3, 1, 1
11787, 28B432, 2, 8, B, 4, 3, 2, 1
11788, 28B433, 2, 8, B, 4, 3, 3, 1
11789, 28B434, 2, 8, B, 4, 3, 4, 1
11790, 28B435, 2, 8, B, 4, 3, 5, 1
11791, 28B441, 2, 8, B, 4, 4, 1, 1
11792, 28B442, 2, 8, B, 4, 4, 2, 1
11793, 28B443, 2, 8, B, 4, 4, 3, 1
11794, 28B444, 2, 8, B, 4, 4, 4, 1
11795, 28B445, 2, 8, B, 4, 4, 5, 1
11796, 28B451, 2, 8, B, 4, 5, 1, 1
11797, 28B452, 2, 8, B, 4, 5, 2, 1
11798, 28B453, 2, 8, B, 4, 5, 3, 1
11799, 28B454, 2, 8, B, 4, 5, 4, 1
11800, 28B455, 2, 8, B, 4, 5, 5, 1
11801, 28C111, 2, 8, C, 1, 1, 1, 1
11802, 28C112, 2, 8, C, 1, 1, 2, 1
11803, 28C113, 2, 8, C, 1, 1, 3, 1
11804, 28C114, 2, 8, C, 1, 1, 4, 1
11805, 28C115, 2, 8, C, 1, 1, 5, 1
11806, 28C121, 2, 8, C, 1, 2, 1, 1
11807, 28C122, 2, 8, C, 1, 2, 2, 1
11808, 28C123, 2, 8, C, 1, 2, 3, 1
11809, 28C124, 2, 8, C, 1, 2, 4, 1
11810, 28C125, 2, 8, C, 1, 2, 5, 1
11811, 28C131, 2, 8, C, 1, 3, 1, 1
11812, 28C132, 2, 8, C, 1, 3, 2, 1
11813, 28C133, 2, 8, C, 1, 3, 3, 1
11814, 28C134, 2, 8, C, 1, 3, 4, 1
11815, 28C135, 2, 8, C, 1, 3, 5, 1
11816, 28C141, 2, 8, C, 1, 4, 1, 1
11817, 28C142, 2, 8, C, 1, 4, 2, 1
11818, 28C143, 2, 8, C, 1, 4, 3, 1
11819, 28C144, 2, 8, C, 1, 4, 4, 1
11820, 28C145, 2, 8, C, 1, 4, 5, 1
11821, 28C151, 2, 8, C, 1, 5, 1, 1
11822, 28C152, 2, 8, C, 1, 5, 2, 1
11823, 28C153, 2, 8, C, 1, 5, 3, 1
11824, 28C154, 2, 8, C, 1, 5, 4, 1
11825, 28C155, 2, 8, C, 1, 5, 5, 1
11826, 28C211, 2, 8, C, 2, 1, 1, 1
11827, 28C212, 2, 8, C, 2, 1, 2, 1
11828, 28C213, 2, 8, C, 2, 1, 3, 1
11829, 28C214, 2, 8, C, 2, 1, 4, 1
11830, 28C215, 2, 8, C, 2, 1, 5, 1
11831, 28C221, 2, 8, C, 2, 2, 1, 1
11832, 28C222, 2, 8, C, 2, 2, 2, 1
11833, 28C223, 2, 8, C, 2, 2, 3, 1
11834, 28C224, 2, 8, C, 2, 2, 4, 1
11835, 28C225, 2, 8, C, 2, 2, 5, 1
11836, 28C231, 2, 8, C, 2, 3, 1, 1
11837, 28C232, 2, 8, C, 2, 3, 2, 1
11838, 28C233, 2, 8, C, 2, 3, 3, 1
11839, 28C234, 2, 8, C, 2, 3, 4, 1
11840, 28C235, 2, 8, C, 2, 3, 5, 1
11841, 28C241, 2, 8, C, 2, 4, 1, 1
11842, 28C242, 2, 8, C, 2, 4, 2, 1
11843, 28C243, 2, 8, C, 2, 4, 3, 1
11844, 28C244, 2, 8, C, 2, 4, 4, 1
11845, 28C245, 2, 8, C, 2, 4, 5, 1
11846, 28C251, 2, 8, C, 2, 5, 1, 1
11847, 28C252, 2, 8, C, 2, 5, 2, 1
11848, 28C253, 2, 8, C, 2, 5, 3, 1
11849, 28C254, 2, 8, C, 2, 5, 4, 1
11850, 28C255, 2, 8, C, 2, 5, 5, 1
11851, 28C311, 2, 8, C, 3, 1, 1, 1
11852, 28C312, 2, 8, C, 3, 1, 2, 1
11853, 28C313, 2, 8, C, 3, 1, 3, 1
11854, 28C314, 2, 8, C, 3, 1, 4, 1
11855, 28C315, 2, 8, C, 3, 1, 5, 1
11856, 28C321, 2, 8, C, 3, 2, 1, 1
11857, 28C322, 2, 8, C, 3, 2, 2, 1
11858, 28C323, 2, 8, C, 3, 2, 3, 1
11859, 28C324, 2, 8, C, 3, 2, 4, 1
11860, 28C325, 2, 8, C, 3, 2, 5, 1
11861, 28C331, 2, 8, C, 3, 3, 1, 1
11862, 28C332, 2, 8, C, 3, 3, 2, 1
11863, 28C333, 2, 8, C, 3, 3, 3, 1
11864, 28C334, 2, 8, C, 3, 3, 4, 1
11865, 28C335, 2, 8, C, 3, 3, 5, 1
11866, 28C341, 2, 8, C, 3, 4, 1, 1
11867, 28C342, 2, 8, C, 3, 4, 2, 1
11868, 28C343, 2, 8, C, 3, 4, 3, 1
11869, 28C344, 2, 8, C, 3, 4, 4, 1
11870, 28C345, 2, 8, C, 3, 4, 5, 1
11871, 28C351, 2, 8, C, 3, 5, 1, 1
11872, 28C352, 2, 8, C, 3, 5, 2, 1
11873, 28C353, 2, 8, C, 3, 5, 3, 1
11874, 28C354, 2, 8, C, 3, 5, 4, 1
11875, 28C355, 2, 8, C, 3, 5, 5, 1
11876, 28C411, 2, 8, C, 4, 1, 1, 1
11877, 28C412, 2, 8, C, 4, 1, 2, 1
11878, 28C413, 2, 8, C, 4, 1, 3, 1
11879, 28C414, 2, 8, C, 4, 1, 4, 1
11880, 28C415, 2, 8, C, 4, 1, 5, 1
11881, 28C421, 2, 8, C, 4, 2, 1, 1
11882, 28C422, 2, 8, C, 4, 2, 2, 1
11883, 28C423, 2, 8, C, 4, 2, 3, 1
11884, 28C424, 2, 8, C, 4, 2, 4, 1
11885, 28C425, 2, 8, C, 4, 2, 5, 1
11886, 28C431, 2, 8, C, 4, 3, 1, 1
11887, 28C432, 2, 8, C, 4, 3, 2, 1
11888, 28C433, 2, 8, C, 4, 3, 3, 1
11889, 28C434, 2, 8, C, 4, 3, 4, 1
11890, 28C435, 2, 8, C, 4, 3, 5, 1
11891, 28C441, 2, 8, C, 4, 4, 1, 1
11892, 28C442, 2, 8, C, 4, 4, 2, 1
11893, 28C443, 2, 8, C, 4, 4, 3, 1
11894, 28C444, 2, 8, C, 4, 4, 4, 1
11895, 28C445, 2, 8, C, 4, 4, 5, 1
11896, 28C451, 2, 8, C, 4, 5, 1, 1
11897, 28C452, 2, 8, C, 4, 5, 2, 1
11898, 28C453, 2, 8, C, 4, 5, 3, 1
11899, 28C454, 2, 8, C, 4, 5, 4, 1
11900, 28C455, 2, 8, C, 4, 5, 5, 1
11901, 28D111, 2, 8, D, 1, 1, 1, 1
11902, 28D112, 2, 8, D, 1, 1, 2, 1
11903, 28D113, 2, 8, D, 1, 1, 3, 1
11904, 28D114, 2, 8, D, 1, 1, 4, 1
11905, 28D115, 2, 8, D, 1, 1, 5, 1
11906, 28D121, 2, 8, D, 1, 2, 1, 1
11907, 28D122, 2, 8, D, 1, 2, 2, 1
11908, 28D123, 2, 8, D, 1, 2, 3, 1
11909, 28D124, 2, 8, D, 1, 2, 4, 1
11910, 28D125, 2, 8, D, 1, 2, 5, 1
11911, 28D131, 2, 8, D, 1, 3, 1, 1
11912, 28D132, 2, 8, D, 1, 3, 2, 1
11913, 28D133, 2, 8, D, 1, 3, 3, 1
11914, 28D134, 2, 8, D, 1, 3, 4, 1
11915, 28D135, 2, 8, D, 1, 3, 5, 1
11916, 28D141, 2, 8, D, 1, 4, 1, 1
11917, 28D142, 2, 8, D, 1, 4, 2, 1
11918, 28D143, 2, 8, D, 1, 4, 3, 1
11919, 28D144, 2, 8, D, 1, 4, 4, 1
11920, 28D145, 2, 8, D, 1, 4, 5, 1
11921, 28D151, 2, 8, D, 1, 5, 1, 1
11922, 28D152, 2, 8, D, 1, 5, 2, 1
11923, 28D153, 2, 8, D, 1, 5, 3, 1
11924, 28D154, 2, 8, D, 1, 5, 4, 1
11925, 28D155, 2, 8, D, 1, 5, 5, 1
11926, 28D211, 2, 8, D, 2, 1, 1, 1
11927, 28D212, 2, 8, D, 2, 1, 2, 1
11928, 28D213, 2, 8, D, 2, 1, 3, 1
11929, 28D214, 2, 8, D, 2, 1, 4, 1
11930, 28D215, 2, 8, D, 2, 1, 5, 1
11931, 28D221, 2, 8, D, 2, 2, 1, 1
11932, 28D222, 2, 8, D, 2, 2, 2, 1
11933, 28D223, 2, 8, D, 2, 2, 3, 1
11934, 28D224, 2, 8, D, 2, 2, 4, 1
11935, 28D225, 2, 8, D, 2, 2, 5, 1
11936, 28D231, 2, 8, D, 2, 3, 1, 1
11937, 28D232, 2, 8, D, 2, 3, 2, 1
11938, 28D233, 2, 8, D, 2, 3, 3, 1
11939, 28D234, 2, 8, D, 2, 3, 4, 1
11940, 28D235, 2, 8, D, 2, 3, 5, 1
11941, 28D241, 2, 8, D, 2, 4, 1, 1
11942, 28D242, 2, 8, D, 2, 4, 2, 1
11943, 28D243, 2, 8, D, 2, 4, 3, 1
11944, 28D244, 2, 8, D, 2, 4, 4, 1
11945, 28D245, 2, 8, D, 2, 4, 5, 1
11946, 28D251, 2, 8, D, 2, 5, 1, 1
11947, 28D252, 2, 8, D, 2, 5, 2, 1
11948, 28D253, 2, 8, D, 2, 5, 3, 1
11949, 28D254, 2, 8, D, 2, 5, 4, 1
11950, 28D255, 2, 8, D, 2, 5, 5, 1
11951, 28D311, 2, 8, D, 3, 1, 1, 1
11952, 28D312, 2, 8, D, 3, 1, 2, 1
11953, 28D313, 2, 8, D, 3, 1, 3, 1
11954, 28D314, 2, 8, D, 3, 1, 4, 1
11955, 28D315, 2, 8, D, 3, 1, 5, 1
11956, 28D321, 2, 8, D, 3, 2, 1, 1
11957, 28D322, 2, 8, D, 3, 2, 2, 1
11958, 28D323, 2, 8, D, 3, 2, 3, 1
11959, 28D324, 2, 8, D, 3, 2, 4, 1
11960, 28D325, 2, 8, D, 3, 2, 5, 1
11961, 28D331, 2, 8, D, 3, 3, 1, 1
11962, 28D332, 2, 8, D, 3, 3, 2, 1
11963, 28D333, 2, 8, D, 3, 3, 3, 1
11964, 28D334, 2, 8, D, 3, 3, 4, 1
11965, 28D335, 2, 8, D, 3, 3, 5, 1
11966, 28D341, 2, 8, D, 3, 4, 1, 1
11967, 28D342, 2, 8, D, 3, 4, 2, 1
11968, 28D343, 2, 8, D, 3, 4, 3, 1
11969, 28D344, 2, 8, D, 3, 4, 4, 1
11970, 28D345, 2, 8, D, 3, 4, 5, 1
11971, 28D351, 2, 8, D, 3, 5, 1, 1
11972, 28D352, 2, 8, D, 3, 5, 2, 1
11973, 28D353, 2, 8, D, 3, 5, 3, 1
11974, 28D354, 2, 8, D, 3, 5, 4, 1
11975, 28D355, 2, 8, D, 3, 5, 5, 1
11976, 28D411, 2, 8, D, 4, 1, 1, 1
11977, 28D412, 2, 8, D, 4, 1, 2, 1
11978, 28D413, 2, 8, D, 4, 1, 3, 1
11979, 28D414, 2, 8, D, 4, 1, 4, 1
11980, 28D415, 2, 8, D, 4, 1, 5, 1
11981, 28D421, 2, 8, D, 4, 2, 1, 1
11982, 28D422, 2, 8, D, 4, 2, 2, 1
11983, 28D423, 2, 8, D, 4, 2, 3, 1
11984, 28D424, 2, 8, D, 4, 2, 4, 1
11985, 28D425, 2, 8, D, 4, 2, 5, 1
11986, 28D431, 2, 8, D, 4, 3, 1, 1
11987, 28D432, 2, 8, D, 4, 3, 2, 1
11988, 28D433, 2, 8, D, 4, 3, 3, 1
11989, 28D434, 2, 8, D, 4, 3, 4, 1
11990, 28D435, 2, 8, D, 4, 3, 5, 1
11991, 28D441, 2, 8, D, 4, 4, 1, 1
11992, 28D442, 2, 8, D, 4, 4, 2, 1
11993, 28D443, 2, 8, D, 4, 4, 3, 1
11994, 28D444, 2, 8, D, 4, 4, 4, 1
11995, 28D445, 2, 8, D, 4, 4, 5, 1
11996, 28D451, 2, 8, D, 4, 5, 1, 1
11997, 28D452, 2, 8, D, 4, 5, 2, 1
11998, 28D453, 2, 8, D, 4, 5, 3, 1
11999, 28D454, 2, 8, D, 4, 5, 4, 1
12000, 28D455, 2, 8, D, 4, 5, 5, 1
12001, 311111, 3, 1, 1, 1, 1, 1, 0
12002, 311112, 3, 1, 1, 1, 1, 2, 0
12003, 311113, 3, 1, 1, 1, 1, 3, 0
12004, 311114, 3, 1, 1, 1, 1, 4, 0
12005, 311115, 3, 1, 1, 1, 1, 5, 0
12006, 311121, 3, 1, 1, 1, 2, 1, 0
12007, 311122, 3, 1, 1, 1, 2, 2, 0
12008, 311123, 3, 1, 1, 1, 2, 3, 0
12009, 311124, 3, 1, 1, 1, 2, 4, 0
12010, 311125, 3, 1, 1, 1, 2, 5, 0
12011, 311131, 3, 1, 1, 1, 3, 1, 0
12012, 311132, 3, 1, 1, 1, 3, 2, 0
12013, 311133, 3, 1, 1, 1, 3, 3, 0
12014, 311134, 3, 1, 1, 1, 3, 4, 0
12015, 311135, 3, 1, 1, 1, 3, 5, 0
12016, 311141, 3, 1, 1, 1, 4, 1, 0
12017, 311142, 3, 1, 1, 1, 4, 2, 0
12018, 311143, 3, 1, 1, 1, 4, 3, 0
12019, 311144, 3, 1, 1, 1, 4, 4, 0
12020, 311145, 3, 1, 1, 1, 4, 5, 0
12021, 311151, 3, 1, 1, 1, 5, 1, 0
12022, 311152, 3, 1, 1, 1, 5, 2, 0
12023, 311153, 3, 1, 1, 1, 5, 3, 0
12024, 311154, 3, 1, 1, 1, 5, 4, 0
12025, 311155, 3, 1, 1, 1, 5, 5, 0
12026, 311211, 3, 1, 1, 2, 1, 1, 0
12027, 311212, 3, 1, 1, 2, 1, 2, 0
12028, 311213, 3, 1, 1, 2, 1, 3, 0
12029, 311214, 3, 1, 1, 2, 1, 4, 0
12030, 311215, 3, 1, 1, 2, 1, 5, 0
12031, 311221, 3, 1, 1, 2, 2, 1, 0
12032, 311222, 3, 1, 1, 2, 2, 2, 0
12033, 311223, 3, 1, 1, 2, 2, 3, 0
12034, 311224, 3, 1, 1, 2, 2, 4, 0
12035, 311225, 3, 1, 1, 2, 2, 5, 0
12036, 311231, 3, 1, 1, 2, 3, 1, 0
12037, 311232, 3, 1, 1, 2, 3, 2, 0
12038, 311233, 3, 1, 1, 2, 3, 3, 0
12039, 311234, 3, 1, 1, 2, 3, 4, 0
12040, 311235, 3, 1, 1, 2, 3, 5, 0
12041, 311241, 3, 1, 1, 2, 4, 1, 0
12042, 311242, 3, 1, 1, 2, 4, 2, 0
12043, 311243, 3, 1, 1, 2, 4, 3, 0
12044, 311244, 3, 1, 1, 2, 4, 4, 0
12045, 311245, 3, 1, 1, 2, 4, 5, 0
12046, 311251, 3, 1, 1, 2, 5, 1, 0
12047, 311252, 3, 1, 1, 2, 5, 2, 0
12048, 311253, 3, 1, 1, 2, 5, 3, 0
12049, 311254, 3, 1, 1, 2, 5, 4, 0
12050, 311255, 3, 1, 1, 2, 5, 5, 0
12051, 311311, 3, 1, 1, 3, 1, 1, 0
12052, 311312, 3, 1, 1, 3, 1, 2, 0
12053, 311313, 3, 1, 1, 3, 1, 3, 0
12054, 311314, 3, 1, 1, 3, 1, 4, 0
12055, 311315, 3, 1, 1, 3, 1, 5, 0
12056, 311321, 3, 1, 1, 3, 2, 1, 0
12057, 311322, 3, 1, 1, 3, 2, 2, 0
12058, 311323, 3, 1, 1, 3, 2, 3, 0
12059, 311324, 3, 1, 1, 3, 2, 4, 0
12060, 311325, 3, 1, 1, 3, 2, 5, 0
12061, 311331, 3, 1, 1, 3, 3, 1, 0
12062, 311332, 3, 1, 1, 3, 3, 2, 0
12063, 311333, 3, 1, 1, 3, 3, 3, 0
12064, 311334, 3, 1, 1, 3, 3, 4, 0
12065, 311335, 3, 1, 1, 3, 3, 5, 0
12066, 311341, 3, 1, 1, 3, 4, 1, 0
12067, 311342, 3, 1, 1, 3, 4, 2, 0
12068, 311343, 3, 1, 1, 3, 4, 3, 0
12069, 311344, 3, 1, 1, 3, 4, 4, 0
12070, 311345, 3, 1, 1, 3, 4, 5, 0
12071, 311351, 3, 1, 1, 3, 5, 1, 0
12072, 311352, 3, 1, 1, 3, 5, 2, 0
12073, 311353, 3, 1, 1, 3, 5, 3, 0
12074, 311354, 3, 1, 1, 3, 5, 4, 0
12075, 311355, 3, 1, 1, 3, 5, 5, 0
12076, 311411, 3, 1, 1, 4, 1, 1, 0
12077, 311412, 3, 1, 1, 4, 1, 2, 0
12078, 311413, 3, 1, 1, 4, 1, 3, 0
12079, 311414, 3, 1, 1, 4, 1, 4, 0
12080, 311415, 3, 1, 1, 4, 1, 5, 0
12081, 311421, 3, 1, 1, 4, 2, 1, 0
12082, 311422, 3, 1, 1, 4, 2, 2, 0
12083, 311423, 3, 1, 1, 4, 2, 3, 0
12084, 311424, 3, 1, 1, 4, 2, 4, 0
12085, 311425, 3, 1, 1, 4, 2, 5, 0
12086, 311431, 3, 1, 1, 4, 3, 1, 0
12087, 311432, 3, 1, 1, 4, 3, 2, 0
12088, 311433, 3, 1, 1, 4, 3, 3, 0
12089, 311434, 3, 1, 1, 4, 3, 4, 0
12090, 311435, 3, 1, 1, 4, 3, 5, 0
12091, 311441, 3, 1, 1, 4, 4, 1, 0
12092, 311442, 3, 1, 1, 4, 4, 2, 0
12093, 311443, 3, 1, 1, 4, 4, 3, 0
12094, 311444, 3, 1, 1, 4, 4, 4, 0
12095, 311445, 3, 1, 1, 4, 4, 5, 0
12096, 311451, 3, 1, 1, 4, 5, 1, 0
12097, 311452, 3, 1, 1, 4, 5, 2, 0
12098, 311453, 3, 1, 1, 4, 5, 3, 0
12099, 311454, 3, 1, 1, 4, 5, 4, 0
12100, 311455, 3, 1, 1, 4, 5, 5, 0
12101, 312111, 3, 1, 2, 1, 1, 1, 0
12102, 312112, 3, 1, 2, 1, 1, 2, 0
12103, 312113, 3, 1, 2, 1, 1, 3, 0
12104, 312114, 3, 1, 2, 1, 1, 4, 0
12105, 312115, 3, 1, 2, 1, 1, 5, 0
12106, 312121, 3, 1, 2, 1, 2, 1, 0
12107, 312122, 3, 1, 2, 1, 2, 2, 0
12108, 312123, 3, 1, 2, 1, 2, 3, 0
12109, 312124, 3, 1, 2, 1, 2, 4, 0
12110, 312125, 3, 1, 2, 1, 2, 5, 0
12111, 312131, 3, 1, 2, 1, 3, 1, 0
12112, 312132, 3, 1, 2, 1, 3, 2, 0
12113, 312133, 3, 1, 2, 1, 3, 3, 0
12114, 312134, 3, 1, 2, 1, 3, 4, 0
12115, 312135, 3, 1, 2, 1, 3, 5, 0
12116, 312141, 3, 1, 2, 1, 4, 1, 0
12117, 312142, 3, 1, 2, 1, 4, 2, 0
12118, 312143, 3, 1, 2, 1, 4, 3, 0
12119, 312144, 3, 1, 2, 1, 4, 4, 0
12120, 312145, 3, 1, 2, 1, 4, 5, 0
12121, 312151, 3, 1, 2, 1, 5, 1, 0
12122, 312152, 3, 1, 2, 1, 5, 2, 0
12123, 312153, 3, 1, 2, 1, 5, 3, 0
12124, 312154, 3, 1, 2, 1, 5, 4, 0
12125, 312155, 3, 1, 2, 1, 5, 5, 0
12126, 312211, 3, 1, 2, 2, 1, 1, 0
12127, 312212, 3, 1, 2, 2, 1, 2, 0
12128, 312213, 3, 1, 2, 2, 1, 3, 0
12129, 312214, 3, 1, 2, 2, 1, 4, 0
12130, 312215, 3, 1, 2, 2, 1, 5, 0
12131, 312221, 3, 1, 2, 2, 2, 1, 0
12132, 312222, 3, 1, 2, 2, 2, 2, 0
12133, 312223, 3, 1, 2, 2, 2, 3, 0
12134, 312224, 3, 1, 2, 2, 2, 4, 0
12135, 312225, 3, 1, 2, 2, 2, 5, 0
12136, 312231, 3, 1, 2, 2, 3, 1, 0
12137, 312232, 3, 1, 2, 2, 3, 2, 0
12138, 312233, 3, 1, 2, 2, 3, 3, 0
12139, 312234, 3, 1, 2, 2, 3, 4, 0
12140, 312235, 3, 1, 2, 2, 3, 5, 0
12141, 312241, 3, 1, 2, 2, 4, 1, 0
12142, 312242, 3, 1, 2, 2, 4, 2, 0
12143, 312243, 3, 1, 2, 2, 4, 3, 0
12144, 312244, 3, 1, 2, 2, 4, 4, 0
12145, 312245, 3, 1, 2, 2, 4, 5, 0
12146, 312251, 3, 1, 2, 2, 5, 1, 0
12147, 312252, 3, 1, 2, 2, 5, 2, 0
12148, 312253, 3, 1, 2, 2, 5, 3, 0
12149, 312254, 3, 1, 2, 2, 5, 4, 0
12150, 312255, 3, 1, 2, 2, 5, 5, 0
12151, 312311, 3, 1, 2, 3, 1, 1, 0
12152, 312312, 3, 1, 2, 3, 1, 2, 0
12153, 312313, 3, 1, 2, 3, 1, 3, 0
12154, 312314, 3, 1, 2, 3, 1, 4, 0
12155, 312315, 3, 1, 2, 3, 1, 5, 0
12156, 312321, 3, 1, 2, 3, 2, 1, 0
12157, 312322, 3, 1, 2, 3, 2, 2, 0
12158, 312323, 3, 1, 2, 3, 2, 3, 0
12159, 312324, 3, 1, 2, 3, 2, 4, 0
12160, 312325, 3, 1, 2, 3, 2, 5, 0
12161, 312331, 3, 1, 2, 3, 3, 1, 0
12162, 312332, 3, 1, 2, 3, 3, 2, 0
12163, 312333, 3, 1, 2, 3, 3, 3, 0
12164, 312334, 3, 1, 2, 3, 3, 4, 0
12165, 312335, 3, 1, 2, 3, 3, 5, 0
12166, 312341, 3, 1, 2, 3, 4, 1, 0
12167, 312342, 3, 1, 2, 3, 4, 2, 0
12168, 312343, 3, 1, 2, 3, 4, 3, 0
12169, 312344, 3, 1, 2, 3, 4, 4, 0
12170, 312345, 3, 1, 2, 3, 4, 5, 0
12171, 312351, 3, 1, 2, 3, 5, 1, 0
12172, 312352, 3, 1, 2, 3, 5, 2, 0
12173, 312353, 3, 1, 2, 3, 5, 3, 0
12174, 312354, 3, 1, 2, 3, 5, 4, 0
12175, 312355, 3, 1, 2, 3, 5, 5, 0
12176, 312411, 3, 1, 2, 4, 1, 1, 0
12177, 312412, 3, 1, 2, 4, 1, 2, 0
12178, 312413, 3, 1, 2, 4, 1, 3, 0
12179, 312414, 3, 1, 2, 4, 1, 4, 0
12180, 312415, 3, 1, 2, 4, 1, 5, 0
12181, 312421, 3, 1, 2, 4, 2, 1, 0
12182, 312422, 3, 1, 2, 4, 2, 2, 0
12183, 312423, 3, 1, 2, 4, 2, 3, 0
12184, 312424, 3, 1, 2, 4, 2, 4, 0
12185, 312425, 3, 1, 2, 4, 2, 5, 0
12186, 312431, 3, 1, 2, 4, 3, 1, 0
12187, 312432, 3, 1, 2, 4, 3, 2, 0
12188, 312433, 3, 1, 2, 4, 3, 3, 0
12189, 312434, 3, 1, 2, 4, 3, 4, 0
12190, 312435, 3, 1, 2, 4, 3, 5, 0
12191, 312441, 3, 1, 2, 4, 4, 1, 0
12192, 312442, 3, 1, 2, 4, 4, 2, 0
12193, 312443, 3, 1, 2, 4, 4, 3, 0
12194, 312444, 3, 1, 2, 4, 4, 4, 0
12195, 312445, 3, 1, 2, 4, 4, 5, 0
12196, 312451, 3, 1, 2, 4, 5, 1, 0
12197, 312452, 3, 1, 2, 4, 5, 2, 0
12198, 312453, 3, 1, 2, 4, 5, 3, 0
12199, 312454, 3, 1, 2, 4, 5, 4, 0
12200, 312455, 3, 1, 2, 4, 5, 5, 0
12201, 313111, 3, 1, 3, 1, 1, 1, 0
12202, 313112, 3, 1, 3, 1, 1, 2, 0
12203, 313113, 3, 1, 3, 1, 1, 3, 0
12204, 313114, 3, 1, 3, 1, 1, 4, 0
12205, 313115, 3, 1, 3, 1, 1, 5, 0
12206, 313121, 3, 1, 3, 1, 2, 1, 0
12207, 313122, 3, 1, 3, 1, 2, 2, 0
12208, 313123, 3, 1, 3, 1, 2, 3, 0
12209, 313124, 3, 1, 3, 1, 2, 4, 0
12210, 313125, 3, 1, 3, 1, 2, 5, 0
12211, 313131, 3, 1, 3, 1, 3, 1, 0
12212, 313132, 3, 1, 3, 1, 3, 2, 0
12213, 313133, 3, 1, 3, 1, 3, 3, 0
12214, 313134, 3, 1, 3, 1, 3, 4, 0
12215, 313135, 3, 1, 3, 1, 3, 5, 0
12216, 313141, 3, 1, 3, 1, 4, 1, 0
12217, 313142, 3, 1, 3, 1, 4, 2, 0
12218, 313143, 3, 1, 3, 1, 4, 3, 0
12219, 313144, 3, 1, 3, 1, 4, 4, 0
12220, 313145, 3, 1, 3, 1, 4, 5, 0
12221, 313151, 3, 1, 3, 1, 5, 1, 0
12222, 313152, 3, 1, 3, 1, 5, 2, 0
12223, 313153, 3, 1, 3, 1, 5, 3, 0
12224, 313154, 3, 1, 3, 1, 5, 4, 0
12225, 313155, 3, 1, 3, 1, 5, 5, 0
12226, 313211, 3, 1, 3, 2, 1, 1, 0
12227, 313212, 3, 1, 3, 2, 1, 2, 0
12228, 313213, 3, 1, 3, 2, 1, 3, 0
12229, 313214, 3, 1, 3, 2, 1, 4, 0
12230, 313215, 3, 1, 3, 2, 1, 5, 0
12231, 313221, 3, 1, 3, 2, 2, 1, 0
12232, 313222, 3, 1, 3, 2, 2, 2, 0
12233, 313223, 3, 1, 3, 2, 2, 3, 0
12234, 313224, 3, 1, 3, 2, 2, 4, 0
12235, 313225, 3, 1, 3, 2, 2, 5, 0
12236, 313231, 3, 1, 3, 2, 3, 1, 0
12237, 313232, 3, 1, 3, 2, 3, 2, 0
12238, 313233, 3, 1, 3, 2, 3, 3, 0
12239, 313234, 3, 1, 3, 2, 3, 4, 0
12240, 313235, 3, 1, 3, 2, 3, 5, 0
12241, 313241, 3, 1, 3, 2, 4, 1, 0
12242, 313242, 3, 1, 3, 2, 4, 2, 0
12243, 313243, 3, 1, 3, 2, 4, 3, 0
12244, 313244, 3, 1, 3, 2, 4, 4, 0
12245, 313245, 3, 1, 3, 2, 4, 5, 0
12246, 313251, 3, 1, 3, 2, 5, 1, 0
12247, 313252, 3, 1, 3, 2, 5, 2, 0
12248, 313253, 3, 1, 3, 2, 5, 3, 0
12249, 313254, 3, 1, 3, 2, 5, 4, 0
12250, 313255, 3, 1, 3, 2, 5, 5, 0
12251, 313311, 3, 1, 3, 3, 1, 1, 0
12252, 313312, 3, 1, 3, 3, 1, 2, 0
12253, 313313, 3, 1, 3, 3, 1, 3, 0
12254, 313314, 3, 1, 3, 3, 1, 4, 0
12255, 313315, 3, 1, 3, 3, 1, 5, 0
12256, 313321, 3, 1, 3, 3, 2, 1, 0
12257, 313322, 3, 1, 3, 3, 2, 2, 0
12258, 313323, 3, 1, 3, 3, 2, 3, 0
12259, 313324, 3, 1, 3, 3, 2, 4, 0
12260, 313325, 3, 1, 3, 3, 2, 5, 0
12261, 313331, 3, 1, 3, 3, 3, 1, 0
12262, 313332, 3, 1, 3, 3, 3, 2, 0
12263, 313333, 3, 1, 3, 3, 3, 3, 0
12264, 313334, 3, 1, 3, 3, 3, 4, 0
12265, 313335, 3, 1, 3, 3, 3, 5, 0
12266, 313341, 3, 1, 3, 3, 4, 1, 0
12267, 313342, 3, 1, 3, 3, 4, 2, 0
12268, 313343, 3, 1, 3, 3, 4, 3, 0
12269, 313344, 3, 1, 3, 3, 4, 4, 0
12270, 313345, 3, 1, 3, 3, 4, 5, 0
12271, 313351, 3, 1, 3, 3, 5, 1, 0
12272, 313352, 3, 1, 3, 3, 5, 2, 0
12273, 313353, 3, 1, 3, 3, 5, 3, 0
12274, 313354, 3, 1, 3, 3, 5, 4, 0
12275, 313355, 3, 1, 3, 3, 5, 5, 0
12276, 313411, 3, 1, 3, 4, 1, 1, 0
12277, 313412, 3, 1, 3, 4, 1, 2, 0
12278, 313413, 3, 1, 3, 4, 1, 3, 0
12279, 313414, 3, 1, 3, 4, 1, 4, 0
12280, 313415, 3, 1, 3, 4, 1, 5, 0
12281, 313421, 3, 1, 3, 4, 2, 1, 0
12282, 313422, 3, 1, 3, 4, 2, 2, 0
12283, 313423, 3, 1, 3, 4, 2, 3, 0
12284, 313424, 3, 1, 3, 4, 2, 4, 0
12285, 313425, 3, 1, 3, 4, 2, 5, 0
12286, 313431, 3, 1, 3, 4, 3, 1, 0
12287, 313432, 3, 1, 3, 4, 3, 2, 0
12288, 313433, 3, 1, 3, 4, 3, 3, 0
12289, 313434, 3, 1, 3, 4, 3, 4, 0
12290, 313435, 3, 1, 3, 4, 3, 5, 0
12291, 313441, 3, 1, 3, 4, 4, 1, 0
12292, 313442, 3, 1, 3, 4, 4, 2, 0
12293, 313443, 3, 1, 3, 4, 4, 3, 0
12294, 313444, 3, 1, 3, 4, 4, 4, 0
12295, 313445, 3, 1, 3, 4, 4, 5, 0
12296, 313451, 3, 1, 3, 4, 5, 1, 0
12297, 313452, 3, 1, 3, 4, 5, 2, 0
12298, 313453, 3, 1, 3, 4, 5, 3, 0
12299, 313454, 3, 1, 3, 4, 5, 4, 0
12300, 313455, 3, 1, 3, 4, 5, 5, 0
12301, 314111, 3, 1, 4, 1, 1, 1, 0
12302, 314112, 3, 1, 4, 1, 1, 2, 0
12303, 314113, 3, 1, 4, 1, 1, 3, 0
12304, 314114, 3, 1, 4, 1, 1, 4, 0
12305, 314115, 3, 1, 4, 1, 1, 5, 0
12306, 314121, 3, 1, 4, 1, 2, 1, 0
12307, 314122, 3, 1, 4, 1, 2, 2, 0
12308, 314123, 3, 1, 4, 1, 2, 3, 0
12309, 314124, 3, 1, 4, 1, 2, 4, 0
12310, 314125, 3, 1, 4, 1, 2, 5, 0
12311, 314131, 3, 1, 4, 1, 3, 1, 0
12312, 314132, 3, 1, 4, 1, 3, 2, 0
12313, 314133, 3, 1, 4, 1, 3, 3, 0
12314, 314134, 3, 1, 4, 1, 3, 4, 0
12315, 314135, 3, 1, 4, 1, 3, 5, 0
12316, 314141, 3, 1, 4, 1, 4, 1, 0
12317, 314142, 3, 1, 4, 1, 4, 2, 0
12318, 314143, 3, 1, 4, 1, 4, 3, 0
12319, 314144, 3, 1, 4, 1, 4, 4, 0
12320, 314145, 3, 1, 4, 1, 4, 5, 0
12321, 314151, 3, 1, 4, 1, 5, 1, 0
12322, 314152, 3, 1, 4, 1, 5, 2, 0
12323, 314153, 3, 1, 4, 1, 5, 3, 0
12324, 314154, 3, 1, 4, 1, 5, 4, 0
12325, 314155, 3, 1, 4, 1, 5, 5, 0
12326, 314211, 3, 1, 4, 2, 1, 1, 0
12327, 314212, 3, 1, 4, 2, 1, 2, 0
12328, 314213, 3, 1, 4, 2, 1, 3, 0
12329, 314214, 3, 1, 4, 2, 1, 4, 0
12330, 314215, 3, 1, 4, 2, 1, 5, 0
12331, 314221, 3, 1, 4, 2, 2, 1, 0
12332, 314222, 3, 1, 4, 2, 2, 2, 0
12333, 314223, 3, 1, 4, 2, 2, 3, 0
12334, 314224, 3, 1, 4, 2, 2, 4, 0
12335, 314225, 3, 1, 4, 2, 2, 5, 0
12336, 314231, 3, 1, 4, 2, 3, 1, 0
12337, 314232, 3, 1, 4, 2, 3, 2, 0
12338, 314233, 3, 1, 4, 2, 3, 3, 0
12339, 314234, 3, 1, 4, 2, 3, 4, 0
12340, 314235, 3, 1, 4, 2, 3, 5, 0
12341, 314241, 3, 1, 4, 2, 4, 1, 0
12342, 314242, 3, 1, 4, 2, 4, 2, 0
12343, 314243, 3, 1, 4, 2, 4, 3, 0
12344, 314244, 3, 1, 4, 2, 4, 4, 0
12345, 314245, 3, 1, 4, 2, 4, 5, 0
12346, 314251, 3, 1, 4, 2, 5, 1, 0
12347, 314252, 3, 1, 4, 2, 5, 2, 0
12348, 314253, 3, 1, 4, 2, 5, 3, 0
12349, 314254, 3, 1, 4, 2, 5, 4, 0
12350, 314255, 3, 1, 4, 2, 5, 5, 0
12351, 314311, 3, 1, 4, 3, 1, 1, 0
12352, 314312, 3, 1, 4, 3, 1, 2, 0
12353, 314313, 3, 1, 4, 3, 1, 3, 0
12354, 314314, 3, 1, 4, 3, 1, 4, 0
12355, 314315, 3, 1, 4, 3, 1, 5, 0
12356, 314321, 3, 1, 4, 3, 2, 1, 0
12357, 314322, 3, 1, 4, 3, 2, 2, 0
12358, 314323, 3, 1, 4, 3, 2, 3, 0
12359, 314324, 3, 1, 4, 3, 2, 4, 0
12360, 314325, 3, 1, 4, 3, 2, 5, 0
12361, 314331, 3, 1, 4, 3, 3, 1, 0
12362, 314332, 3, 1, 4, 3, 3, 2, 0
12363, 314333, 3, 1, 4, 3, 3, 3, 0
12364, 314334, 3, 1, 4, 3, 3, 4, 0
12365, 314335, 3, 1, 4, 3, 3, 5, 0
12366, 314341, 3, 1, 4, 3, 4, 1, 0
12367, 314342, 3, 1, 4, 3, 4, 2, 0
12368, 314343, 3, 1, 4, 3, 4, 3, 0
12369, 314344, 3, 1, 4, 3, 4, 4, 0
12370, 314345, 3, 1, 4, 3, 4, 5, 0
12371, 314351, 3, 1, 4, 3, 5, 1, 0
12372, 314352, 3, 1, 4, 3, 5, 2, 0
12373, 314353, 3, 1, 4, 3, 5, 3, 0
12374, 314354, 3, 1, 4, 3, 5, 4, 0
12375, 314355, 3, 1, 4, 3, 5, 5, 0
12376, 314411, 3, 1, 4, 4, 1, 1, 0
12377, 314412, 3, 1, 4, 4, 1, 2, 0
12378, 314413, 3, 1, 4, 4, 1, 3, 0
12379, 314414, 3, 1, 4, 4, 1, 4, 0
12380, 314415, 3, 1, 4, 4, 1, 5, 0
12381, 314421, 3, 1, 4, 4, 2, 1, 0
12382, 314422, 3, 1, 4, 4, 2, 2, 0
12383, 314423, 3, 1, 4, 4, 2, 3, 0
12384, 314424, 3, 1, 4, 4, 2, 4, 0
12385, 314425, 3, 1, 4, 4, 2, 5, 0
12386, 314431, 3, 1, 4, 4, 3, 1, 0
12387, 314432, 3, 1, 4, 4, 3, 2, 0
12388, 314433, 3, 1, 4, 4, 3, 3, 0
12389, 314434, 3, 1, 4, 4, 3, 4, 0
12390, 314435, 3, 1, 4, 4, 3, 5, 0
12391, 314441, 3, 1, 4, 4, 4, 1, 0
12392, 314442, 3, 1, 4, 4, 4, 2, 0
12393, 314443, 3, 1, 4, 4, 4, 3, 0
12394, 314444, 3, 1, 4, 4, 4, 4, 0
12395, 314445, 3, 1, 4, 4, 4, 5, 0
12396, 314451, 3, 1, 4, 4, 5, 1, 0
12397, 314452, 3, 1, 4, 4, 5, 2, 0
12398, 314453, 3, 1, 4, 4, 5, 3, 0
12399, 314454, 3, 1, 4, 4, 5, 4, 0
12400, 314455, 3, 1, 4, 4, 5, 5, 0
12401, 315111, 3, 1, 5, 1, 1, 1, 0
12402, 315112, 3, 1, 5, 1, 1, 2, 0
12403, 315113, 3, 1, 5, 1, 1, 3, 0
12404, 315114, 3, 1, 5, 1, 1, 4, 0
12405, 315115, 3, 1, 5, 1, 1, 5, 0
12406, 315121, 3, 1, 5, 1, 2, 1, 0
12407, 315122, 3, 1, 5, 1, 2, 2, 0
12408, 315123, 3, 1, 5, 1, 2, 3, 0
12409, 315124, 3, 1, 5, 1, 2, 4, 0
12410, 315125, 3, 1, 5, 1, 2, 5, 0
12411, 315131, 3, 1, 5, 1, 3, 1, 0
12412, 315132, 3, 1, 5, 1, 3, 2, 0
12413, 315133, 3, 1, 5, 1, 3, 3, 0
12414, 315134, 3, 1, 5, 1, 3, 4, 0
12415, 315135, 3, 1, 5, 1, 3, 5, 0
12416, 315141, 3, 1, 5, 1, 4, 1, 0
12417, 315142, 3, 1, 5, 1, 4, 2, 0
12418, 315143, 3, 1, 5, 1, 4, 3, 0
12419, 315144, 3, 1, 5, 1, 4, 4, 0
12420, 315145, 3, 1, 5, 1, 4, 5, 0
12421, 315151, 3, 1, 5, 1, 5, 1, 0
12422, 315152, 3, 1, 5, 1, 5, 2, 0
12423, 315153, 3, 1, 5, 1, 5, 3, 0
12424, 315154, 3, 1, 5, 1, 5, 4, 0
12425, 315155, 3, 1, 5, 1, 5, 5, 0
12426, 315211, 3, 1, 5, 2, 1, 1, 0
12427, 315212, 3, 1, 5, 2, 1, 2, 0
12428, 315213, 3, 1, 5, 2, 1, 3, 0
12429, 315214, 3, 1, 5, 2, 1, 4, 0
12430, 315215, 3, 1, 5, 2, 1, 5, 0
12431, 315221, 3, 1, 5, 2, 2, 1, 0
12432, 315222, 3, 1, 5, 2, 2, 2, 0
12433, 315223, 3, 1, 5, 2, 2, 3, 0
12434, 315224, 3, 1, 5, 2, 2, 4, 0
12435, 315225, 3, 1, 5, 2, 2, 5, 0
12436, 315231, 3, 1, 5, 2, 3, 1, 0
12437, 315232, 3, 1, 5, 2, 3, 2, 0
12438, 315233, 3, 1, 5, 2, 3, 3, 0
12439, 315234, 3, 1, 5, 2, 3, 4, 0
12440, 315235, 3, 1, 5, 2, 3, 5, 0
12441, 315241, 3, 1, 5, 2, 4, 1, 0
12442, 315242, 3, 1, 5, 2, 4, 2, 0
12443, 315243, 3, 1, 5, 2, 4, 3, 0
12444, 315244, 3, 1, 5, 2, 4, 4, 0
12445, 315245, 3, 1, 5, 2, 4, 5, 0
12446, 315251, 3, 1, 5, 2, 5, 1, 0
12447, 315252, 3, 1, 5, 2, 5, 2, 0
12448, 315253, 3, 1, 5, 2, 5, 3, 0
12449, 315254, 3, 1, 5, 2, 5, 4, 0
12450, 315255, 3, 1, 5, 2, 5, 5, 0
12451, 315311, 3, 1, 5, 3, 1, 1, 0
12452, 315312, 3, 1, 5, 3, 1, 2, 0
12453, 315313, 3, 1, 5, 3, 1, 3, 0
12454, 315314, 3, 1, 5, 3, 1, 4, 0
12455, 315315, 3, 1, 5, 3, 1, 5, 0
12456, 315321, 3, 1, 5, 3, 2, 1, 0
12457, 315322, 3, 1, 5, 3, 2, 2, 0
12458, 315323, 3, 1, 5, 3, 2, 3, 0
12459, 315324, 3, 1, 5, 3, 2, 4, 0
12460, 315325, 3, 1, 5, 3, 2, 5, 0
12461, 315331, 3, 1, 5, 3, 3, 1, 0
12462, 315332, 3, 1, 5, 3, 3, 2, 0
12463, 315333, 3, 1, 5, 3, 3, 3, 0
12464, 315334, 3, 1, 5, 3, 3, 4, 0
12465, 315335, 3, 1, 5, 3, 3, 5, 0
12466, 315341, 3, 1, 5, 3, 4, 1, 0
12467, 315342, 3, 1, 5, 3, 4, 2, 0
12468, 315343, 3, 1, 5, 3, 4, 3, 0
12469, 315344, 3, 1, 5, 3, 4, 4, 0
12470, 315345, 3, 1, 5, 3, 4, 5, 0
12471, 315351, 3, 1, 5, 3, 5, 1, 0
12472, 315352, 3, 1, 5, 3, 5, 2, 0
12473, 315353, 3, 1, 5, 3, 5, 3, 0
12474, 315354, 3, 1, 5, 3, 5, 4, 0
12475, 315355, 3, 1, 5, 3, 5, 5, 0
12476, 315411, 3, 1, 5, 4, 1, 1, 0
12477, 315412, 3, 1, 5, 4, 1, 2, 0
12478, 315413, 3, 1, 5, 4, 1, 3, 0
12479, 315414, 3, 1, 5, 4, 1, 4, 0
12480, 315415, 3, 1, 5, 4, 1, 5, 0
12481, 315421, 3, 1, 5, 4, 2, 1, 0
12482, 315422, 3, 1, 5, 4, 2, 2, 0
12483, 315423, 3, 1, 5, 4, 2, 3, 0
12484, 315424, 3, 1, 5, 4, 2, 4, 0
12485, 315425, 3, 1, 5, 4, 2, 5, 0
12486, 315431, 3, 1, 5, 4, 3, 1, 0
12487, 315432, 3, 1, 5, 4, 3, 2, 0
12488, 315433, 3, 1, 5, 4, 3, 3, 0
12489, 315434, 3, 1, 5, 4, 3, 4, 0
12490, 315435, 3, 1, 5, 4, 3, 5, 0
12491, 315441, 3, 1, 5, 4, 4, 1, 0
12492, 315442, 3, 1, 5, 4, 4, 2, 0
12493, 315443, 3, 1, 5, 4, 4, 3, 0
12494, 315444, 3, 1, 5, 4, 4, 4, 0
12495, 315445, 3, 1, 5, 4, 4, 5, 0
12496, 315451, 3, 1, 5, 4, 5, 1, 0
12497, 315452, 3, 1, 5, 4, 5, 2, 0
12498, 315453, 3, 1, 5, 4, 5, 3, 0
12499, 315454, 3, 1, 5, 4, 5, 4, 0
12500, 315455, 3, 1, 5, 4, 5, 5, 0
12501, 316111, 3, 1, 6, 1, 1, 1, 0
12502, 316112, 3, 1, 6, 1, 1, 2, 0
12503, 316113, 3, 1, 6, 1, 1, 3, 0
12504, 316114, 3, 1, 6, 1, 1, 4, 0
12505, 316115, 3, 1, 6, 1, 1, 5, 0
12506, 316121, 3, 1, 6, 1, 2, 1, 0
12507, 316122, 3, 1, 6, 1, 2, 2, 0
12508, 316123, 3, 1, 6, 1, 2, 3, 0
12509, 316124, 3, 1, 6, 1, 2, 4, 0
12510, 316125, 3, 1, 6, 1, 2, 5, 0
12511, 316131, 3, 1, 6, 1, 3, 1, 0
12512, 316132, 3, 1, 6, 1, 3, 2, 0
12513, 316133, 3, 1, 6, 1, 3, 3, 0
12514, 316134, 3, 1, 6, 1, 3, 4, 0
12515, 316135, 3, 1, 6, 1, 3, 5, 0
12516, 316141, 3, 1, 6, 1, 4, 1, 0
12517, 316142, 3, 1, 6, 1, 4, 2, 0
12518, 316143, 3, 1, 6, 1, 4, 3, 0
12519, 316144, 3, 1, 6, 1, 4, 4, 0
12520, 316145, 3, 1, 6, 1, 4, 5, 0
12521, 316151, 3, 1, 6, 1, 5, 1, 0
12522, 316152, 3, 1, 6, 1, 5, 2, 0
12523, 316153, 3, 1, 6, 1, 5, 3, 0
12524, 316154, 3, 1, 6, 1, 5, 4, 0
12525, 316155, 3, 1, 6, 1, 5, 5, 0
12526, 316211, 3, 1, 6, 2, 1, 1, 0
12527, 316212, 3, 1, 6, 2, 1, 2, 0
12528, 316213, 3, 1, 6, 2, 1, 3, 0
12529, 316214, 3, 1, 6, 2, 1, 4, 0
12530, 316215, 3, 1, 6, 2, 1, 5, 0
12531, 316221, 3, 1, 6, 2, 2, 1, 0
12532, 316222, 3, 1, 6, 2, 2, 2, 0
12533, 316223, 3, 1, 6, 2, 2, 3, 0
12534, 316224, 3, 1, 6, 2, 2, 4, 0
12535, 316225, 3, 1, 6, 2, 2, 5, 0
12536, 316231, 3, 1, 6, 2, 3, 1, 0
12537, 316232, 3, 1, 6, 2, 3, 2, 0
12538, 316233, 3, 1, 6, 2, 3, 3, 0
12539, 316234, 3, 1, 6, 2, 3, 4, 0
12540, 316235, 3, 1, 6, 2, 3, 5, 0
12541, 316241, 3, 1, 6, 2, 4, 1, 0
12542, 316242, 3, 1, 6, 2, 4, 2, 0
12543, 316243, 3, 1, 6, 2, 4, 3, 0
12544, 316244, 3, 1, 6, 2, 4, 4, 0
12545, 316245, 3, 1, 6, 2, 4, 5, 0
12546, 316251, 3, 1, 6, 2, 5, 1, 0
12547, 316252, 3, 1, 6, 2, 5, 2, 0
12548, 316253, 3, 1, 6, 2, 5, 3, 0
12549, 316254, 3, 1, 6, 2, 5, 4, 0
12550, 316255, 3, 1, 6, 2, 5, 5, 0
12551, 316311, 3, 1, 6, 3, 1, 1, 0
12552, 316312, 3, 1, 6, 3, 1, 2, 0
12553, 316313, 3, 1, 6, 3, 1, 3, 0
12554, 316314, 3, 1, 6, 3, 1, 4, 0
12555, 316315, 3, 1, 6, 3, 1, 5, 0
12556, 316321, 3, 1, 6, 3, 2, 1, 0
12557, 316322, 3, 1, 6, 3, 2, 2, 0
12558, 316323, 3, 1, 6, 3, 2, 3, 0
12559, 316324, 3, 1, 6, 3, 2, 4, 0
12560, 316325, 3, 1, 6, 3, 2, 5, 0
12561, 316331, 3, 1, 6, 3, 3, 1, 0
12562, 316332, 3, 1, 6, 3, 3, 2, 0
12563, 316333, 3, 1, 6, 3, 3, 3, 0
12564, 316334, 3, 1, 6, 3, 3, 4, 0
12565, 316335, 3, 1, 6, 3, 3, 5, 0
12566, 316341, 3, 1, 6, 3, 4, 1, 0
12567, 316342, 3, 1, 6, 3, 4, 2, 0
12568, 316343, 3, 1, 6, 3, 4, 3, 0
12569, 316344, 3, 1, 6, 3, 4, 4, 0
12570, 316345, 3, 1, 6, 3, 4, 5, 0
12571, 316351, 3, 1, 6, 3, 5, 1, 0
12572, 316352, 3, 1, 6, 3, 5, 2, 0
12573, 316353, 3, 1, 6, 3, 5, 3, 0
12574, 316354, 3, 1, 6, 3, 5, 4, 0
12575, 316355, 3, 1, 6, 3, 5, 5, 0
12576, 316411, 3, 1, 6, 4, 1, 1, 0
12577, 316412, 3, 1, 6, 4, 1, 2, 0
12578, 316413, 3, 1, 6, 4, 1, 3, 0
12579, 316414, 3, 1, 6, 4, 1, 4, 0
12580, 316415, 3, 1, 6, 4, 1, 5, 0
12581, 316421, 3, 1, 6, 4, 2, 1, 0
12582, 316422, 3, 1, 6, 4, 2, 2, 0
12583, 316423, 3, 1, 6, 4, 2, 3, 0
12584, 316424, 3, 1, 6, 4, 2, 4, 0
12585, 316425, 3, 1, 6, 4, 2, 5, 0
12586, 316431, 3, 1, 6, 4, 3, 1, 0
12587, 316432, 3, 1, 6, 4, 3, 2, 0
12588, 316433, 3, 1, 6, 4, 3, 3, 0
12589, 316434, 3, 1, 6, 4, 3, 4, 0
12590, 316435, 3, 1, 6, 4, 3, 5, 0
12591, 316441, 3, 1, 6, 4, 4, 1, 0
12592, 316442, 3, 1, 6, 4, 4, 2, 0
12593, 316443, 3, 1, 6, 4, 4, 3, 0
12594, 316444, 3, 1, 6, 4, 4, 4, 0
12595, 316445, 3, 1, 6, 4, 4, 5, 0
12596, 316451, 3, 1, 6, 4, 5, 1, 0
12597, 316452, 3, 1, 6, 4, 5, 2, 0
12598, 316453, 3, 1, 6, 4, 5, 3, 0
12599, 316454, 3, 1, 6, 4, 5, 4, 0
12600, 316455, 3, 1, 6, 4, 5, 5, 0
12601, 317111, 3, 1, 7, 1, 1, 1, 0
12602, 317112, 3, 1, 7, 1, 1, 2, 0
12603, 317113, 3, 1, 7, 1, 1, 3, 0
12604, 317114, 3, 1, 7, 1, 1, 4, 0
12605, 317115, 3, 1, 7, 1, 1, 5, 0
12606, 317121, 3, 1, 7, 1, 2, 1, 0
12607, 317122, 3, 1, 7, 1, 2, 2, 0
12608, 317123, 3, 1, 7, 1, 2, 3, 0
12609, 317124, 3, 1, 7, 1, 2, 4, 0
12610, 317125, 3, 1, 7, 1, 2, 5, 0
12611, 317131, 3, 1, 7, 1, 3, 1, 0
12612, 317132, 3, 1, 7, 1, 3, 2, 0
12613, 317133, 3, 1, 7, 1, 3, 3, 0
12614, 317134, 3, 1, 7, 1, 3, 4, 0
12615, 317135, 3, 1, 7, 1, 3, 5, 0
12616, 317141, 3, 1, 7, 1, 4, 1, 0
12617, 317142, 3, 1, 7, 1, 4, 2, 0
12618, 317143, 3, 1, 7, 1, 4, 3, 0
12619, 317144, 3, 1, 7, 1, 4, 4, 0
12620, 317145, 3, 1, 7, 1, 4, 5, 0
12621, 317151, 3, 1, 7, 1, 5, 1, 0
12622, 317152, 3, 1, 7, 1, 5, 2, 0
12623, 317153, 3, 1, 7, 1, 5, 3, 0
12624, 317154, 3, 1, 7, 1, 5, 4, 0
12625, 317155, 3, 1, 7, 1, 5, 5, 0
12626, 317211, 3, 1, 7, 2, 1, 1, 0
12627, 317212, 3, 1, 7, 2, 1, 2, 0
12628, 317213, 3, 1, 7, 2, 1, 3, 0
12629, 317214, 3, 1, 7, 2, 1, 4, 0
12630, 317215, 3, 1, 7, 2, 1, 5, 0
12631, 317221, 3, 1, 7, 2, 2, 1, 0
12632, 317222, 3, 1, 7, 2, 2, 2, 0
12633, 317223, 3, 1, 7, 2, 2, 3, 0
12634, 317224, 3, 1, 7, 2, 2, 4, 0
12635, 317225, 3, 1, 7, 2, 2, 5, 0
12636, 317231, 3, 1, 7, 2, 3, 1, 0
12637, 317232, 3, 1, 7, 2, 3, 2, 0
12638, 317233, 3, 1, 7, 2, 3, 3, 0
12639, 317234, 3, 1, 7, 2, 3, 4, 0
12640, 317235, 3, 1, 7, 2, 3, 5, 0
12641, 317241, 3, 1, 7, 2, 4, 1, 0
12642, 317242, 3, 1, 7, 2, 4, 2, 0
12643, 317243, 3, 1, 7, 2, 4, 3, 0
12644, 317244, 3, 1, 7, 2, 4, 4, 0
12645, 317245, 3, 1, 7, 2, 4, 5, 0
12646, 317251, 3, 1, 7, 2, 5, 1, 0
12647, 317252, 3, 1, 7, 2, 5, 2, 0
12648, 317253, 3, 1, 7, 2, 5, 3, 0
12649, 317254, 3, 1, 7, 2, 5, 4, 0
12650, 317255, 3, 1, 7, 2, 5, 5, 0
12651, 317311, 3, 1, 7, 3, 1, 1, 0
12652, 317312, 3, 1, 7, 3, 1, 2, 0
12653, 317313, 3, 1, 7, 3, 1, 3, 0
12654, 317314, 3, 1, 7, 3, 1, 4, 0
12655, 317315, 3, 1, 7, 3, 1, 5, 0
12656, 317321, 3, 1, 7, 3, 2, 1, 0
12657, 317322, 3, 1, 7, 3, 2, 2, 0
12658, 317323, 3, 1, 7, 3, 2, 3, 0
12659, 317324, 3, 1, 7, 3, 2, 4, 0
12660, 317325, 3, 1, 7, 3, 2, 5, 0
12661, 317331, 3, 1, 7, 3, 3, 1, 0
12662, 317332, 3, 1, 7, 3, 3, 2, 0
12663, 317333, 3, 1, 7, 3, 3, 3, 0
12664, 317334, 3, 1, 7, 3, 3, 4, 0
12665, 317335, 3, 1, 7, 3, 3, 5, 0
12666, 317341, 3, 1, 7, 3, 4, 1, 0
12667, 317342, 3, 1, 7, 3, 4, 2, 0
12668, 317343, 3, 1, 7, 3, 4, 3, 0
12669, 317344, 3, 1, 7, 3, 4, 4, 0
12670, 317345, 3, 1, 7, 3, 4, 5, 0
12671, 317351, 3, 1, 7, 3, 5, 1, 0
12672, 317352, 3, 1, 7, 3, 5, 2, 0
12673, 317353, 3, 1, 7, 3, 5, 3, 0
12674, 317354, 3, 1, 7, 3, 5, 4, 0
12675, 317355, 3, 1, 7, 3, 5, 5, 0
12676, 317411, 3, 1, 7, 4, 1, 1, 0
12677, 317412, 3, 1, 7, 4, 1, 2, 0
12678, 317413, 3, 1, 7, 4, 1, 3, 0
12679, 317414, 3, 1, 7, 4, 1, 4, 0
12680, 317415, 3, 1, 7, 4, 1, 5, 0
12681, 317421, 3, 1, 7, 4, 2, 1, 0
12682, 317422, 3, 1, 7, 4, 2, 2, 0
12683, 317423, 3, 1, 7, 4, 2, 3, 0
12684, 317424, 3, 1, 7, 4, 2, 4, 0
12685, 317425, 3, 1, 7, 4, 2, 5, 0
12686, 317431, 3, 1, 7, 4, 3, 1, 0
12687, 317432, 3, 1, 7, 4, 3, 2, 0
12688, 317433, 3, 1, 7, 4, 3, 3, 0
12689, 317434, 3, 1, 7, 4, 3, 4, 0
12690, 317435, 3, 1, 7, 4, 3, 5, 0
12691, 317441, 3, 1, 7, 4, 4, 1, 0
12692, 317442, 3, 1, 7, 4, 4, 2, 0
12693, 317443, 3, 1, 7, 4, 4, 3, 0
12694, 317444, 3, 1, 7, 4, 4, 4, 0
12695, 317445, 3, 1, 7, 4, 4, 5, 0
12696, 317451, 3, 1, 7, 4, 5, 1, 0
12697, 317452, 3, 1, 7, 4, 5, 2, 0
12698, 317453, 3, 1, 7, 4, 5, 3, 0
12699, 317454, 3, 1, 7, 4, 5, 4, 0
12700, 317455, 3, 1, 7, 4, 5, 5, 0
12701, 321111, 3, 2, 1, 1, 1, 1, 0
12702, 321112, 3, 2, 1, 1, 1, 2, 0
12703, 321113, 3, 2, 1, 1, 1, 3, 0
12704, 321114, 3, 2, 1, 1, 1, 4, 0
12705, 321115, 3, 2, 1, 1, 1, 5, 0
12706, 321121, 3, 2, 1, 1, 2, 1, 0
12707, 321122, 3, 2, 1, 1, 2, 2, 0
12708, 321123, 3, 2, 1, 1, 2, 3, 0
12709, 321124, 3, 2, 1, 1, 2, 4, 0
12710, 321125, 3, 2, 1, 1, 2, 5, 0
12711, 321131, 3, 2, 1, 1, 3, 1, 0
12712, 321132, 3, 2, 1, 1, 3, 2, 0
12713, 321133, 3, 2, 1, 1, 3, 3, 0
12714, 321134, 3, 2, 1, 1, 3, 4, 0
12715, 321135, 3, 2, 1, 1, 3, 5, 0
12716, 321141, 3, 2, 1, 1, 4, 1, 0
12717, 321142, 3, 2, 1, 1, 4, 2, 0
12718, 321143, 3, 2, 1, 1, 4, 3, 0
12719, 321144, 3, 2, 1, 1, 4, 4, 0
12720, 321145, 3, 2, 1, 1, 4, 5, 0
12721, 321151, 3, 2, 1, 1, 5, 1, 0
12722, 321152, 3, 2, 1, 1, 5, 2, 0
12723, 321153, 3, 2, 1, 1, 5, 3, 0
12724, 321154, 3, 2, 1, 1, 5, 4, 0
12725, 321155, 3, 2, 1, 1, 5, 5, 0
12726, 321211, 3, 2, 1, 2, 1, 1, 0
12727, 321212, 3, 2, 1, 2, 1, 2, 0
12728, 321213, 3, 2, 1, 2, 1, 3, 0
12729, 321214, 3, 2, 1, 2, 1, 4, 0
12730, 321215, 3, 2, 1, 2, 1, 5, 0
12731, 321221, 3, 2, 1, 2, 2, 1, 0
12732, 321222, 3, 2, 1, 2, 2, 2, 0
12733, 321223, 3, 2, 1, 2, 2, 3, 0
12734, 321224, 3, 2, 1, 2, 2, 4, 0
12735, 321225, 3, 2, 1, 2, 2, 5, 0
12736, 321231, 3, 2, 1, 2, 3, 1, 0
12737, 321232, 3, 2, 1, 2, 3, 2, 0
12738, 321233, 3, 2, 1, 2, 3, 3, 0
12739, 321234, 3, 2, 1, 2, 3, 4, 0
12740, 321235, 3, 2, 1, 2, 3, 5, 0
12741, 321241, 3, 2, 1, 2, 4, 1, 0
12742, 321242, 3, 2, 1, 2, 4, 2, 0
12743, 321243, 3, 2, 1, 2, 4, 3, 0
12744, 321244, 3, 2, 1, 2, 4, 4, 0
12745, 321245, 3, 2, 1, 2, 4, 5, 0
12746, 321251, 3, 2, 1, 2, 5, 1, 0
12747, 321252, 3, 2, 1, 2, 5, 2, 0
12748, 321253, 3, 2, 1, 2, 5, 3, 0
12749, 321254, 3, 2, 1, 2, 5, 4, 0
12750, 321255, 3, 2, 1, 2, 5, 5, 0
12751, 321311, 3, 2, 1, 3, 1, 1, 0
12752, 321312, 3, 2, 1, 3, 1, 2, 0
12753, 321313, 3, 2, 1, 3, 1, 3, 0
12754, 321314, 3, 2, 1, 3, 1, 4, 0
12755, 321315, 3, 2, 1, 3, 1, 5, 0
12756, 321321, 3, 2, 1, 3, 2, 1, 0
12757, 321322, 3, 2, 1, 3, 2, 2, 0
12758, 321323, 3, 2, 1, 3, 2, 3, 0
12759, 321324, 3, 2, 1, 3, 2, 4, 0
12760, 321325, 3, 2, 1, 3, 2, 5, 0
12761, 321331, 3, 2, 1, 3, 3, 1, 0
12762, 321332, 3, 2, 1, 3, 3, 2, 0
12763, 321333, 3, 2, 1, 3, 3, 3, 0
12764, 321334, 3, 2, 1, 3, 3, 4, 0
12765, 321335, 3, 2, 1, 3, 3, 5, 0
12766, 321341, 3, 2, 1, 3, 4, 1, 0
12767, 321342, 3, 2, 1, 3, 4, 2, 0
12768, 321343, 3, 2, 1, 3, 4, 3, 0
12769, 321344, 3, 2, 1, 3, 4, 4, 0
12770, 321345, 3, 2, 1, 3, 4, 5, 0
12771, 321351, 3, 2, 1, 3, 5, 1, 0
12772, 321352, 3, 2, 1, 3, 5, 2, 0
12773, 321353, 3, 2, 1, 3, 5, 3, 0
12774, 321354, 3, 2, 1, 3, 5, 4, 0
12775, 321355, 3, 2, 1, 3, 5, 5, 0
12776, 321411, 3, 2, 1, 4, 1, 1, 0
12777, 321412, 3, 2, 1, 4, 1, 2, 0
12778, 321413, 3, 2, 1, 4, 1, 3, 0
12779, 321414, 3, 2, 1, 4, 1, 4, 0
12780, 321415, 3, 2, 1, 4, 1, 5, 0
12781, 321421, 3, 2, 1, 4, 2, 1, 0
12782, 321422, 3, 2, 1, 4, 2, 2, 0
12783, 321423, 3, 2, 1, 4, 2, 3, 0
12784, 321424, 3, 2, 1, 4, 2, 4, 0
12785, 321425, 3, 2, 1, 4, 2, 5, 0
12786, 321431, 3, 2, 1, 4, 3, 1, 0
12787, 321432, 3, 2, 1, 4, 3, 2, 0
12788, 321433, 3, 2, 1, 4, 3, 3, 0
12789, 321434, 3, 2, 1, 4, 3, 4, 0
12790, 321435, 3, 2, 1, 4, 3, 5, 0
12791, 321441, 3, 2, 1, 4, 4, 1, 0
12792, 321442, 3, 2, 1, 4, 4, 2, 0
12793, 321443, 3, 2, 1, 4, 4, 3, 0
12794, 321444, 3, 2, 1, 4, 4, 4, 0
12795, 321445, 3, 2, 1, 4, 4, 5, 0
12796, 321451, 3, 2, 1, 4, 5, 1, 0
12797, 321452, 3, 2, 1, 4, 5, 2, 0
12798, 321453, 3, 2, 1, 4, 5, 3, 0
12799, 321454, 3, 2, 1, 4, 5, 4, 0
12800, 321455, 3, 2, 1, 4, 5, 5, 0
12801, 322111, 3, 2, 2, 1, 1, 1, 0
12802, 322112, 3, 2, 2, 1, 1, 2, 0
12803, 322113, 3, 2, 2, 1, 1, 3, 0
12804, 322114, 3, 2, 2, 1, 1, 4, 0
12805, 322115, 3, 2, 2, 1, 1, 5, 0
12806, 322121, 3, 2, 2, 1, 2, 1, 0
12807, 322122, 3, 2, 2, 1, 2, 2, 0
12808, 322123, 3, 2, 2, 1, 2, 3, 0
12809, 322124, 3, 2, 2, 1, 2, 4, 0
12810, 322125, 3, 2, 2, 1, 2, 5, 0
12811, 322131, 3, 2, 2, 1, 3, 1, 0
12812, 322132, 3, 2, 2, 1, 3, 2, 0
12813, 322133, 3, 2, 2, 1, 3, 3, 0
12814, 322134, 3, 2, 2, 1, 3, 4, 0
12815, 322135, 3, 2, 2, 1, 3, 5, 0
12816, 322141, 3, 2, 2, 1, 4, 1, 0
12817, 322142, 3, 2, 2, 1, 4, 2, 0
12818, 322143, 3, 2, 2, 1, 4, 3, 0
12819, 322144, 3, 2, 2, 1, 4, 4, 0
12820, 322145, 3, 2, 2, 1, 4, 5, 0
12821, 322151, 3, 2, 2, 1, 5, 1, 0
12822, 322152, 3, 2, 2, 1, 5, 2, 0
12823, 322153, 3, 2, 2, 1, 5, 3, 0
12824, 322154, 3, 2, 2, 1, 5, 4, 0
12825, 322155, 3, 2, 2, 1, 5, 5, 0
12826, 322211, 3, 2, 2, 2, 1, 1, 0
12827, 322212, 3, 2, 2, 2, 1, 2, 0
12828, 322213, 3, 2, 2, 2, 1, 3, 0
12829, 322214, 3, 2, 2, 2, 1, 4, 0
12830, 322215, 3, 2, 2, 2, 1, 5, 0
12831, 322221, 3, 2, 2, 2, 2, 1, 0
12832, 322222, 3, 2, 2, 2, 2, 2, 0
12833, 322223, 3, 2, 2, 2, 2, 3, 0
12834, 322224, 3, 2, 2, 2, 2, 4, 0
12835, 322225, 3, 2, 2, 2, 2, 5, 0
12836, 322231, 3, 2, 2, 2, 3, 1, 0
12837, 322232, 3, 2, 2, 2, 3, 2, 0
12838, 322233, 3, 2, 2, 2, 3, 3, 0
12839, 322234, 3, 2, 2, 2, 3, 4, 0
12840, 322235, 3, 2, 2, 2, 3, 5, 0
12841, 322241, 3, 2, 2, 2, 4, 1, 0
12842, 322242, 3, 2, 2, 2, 4, 2, 0
12843, 322243, 3, 2, 2, 2, 4, 3, 0
12844, 322244, 3, 2, 2, 2, 4, 4, 0
12845, 322245, 3, 2, 2, 2, 4, 5, 0
12846, 322251, 3, 2, 2, 2, 5, 1, 0
12847, 322252, 3, 2, 2, 2, 5, 2, 0
12848, 322253, 3, 2, 2, 2, 5, 3, 0
12849, 322254, 3, 2, 2, 2, 5, 4, 0
12850, 322255, 3, 2, 2, 2, 5, 5, 0
12851, 322311, 3, 2, 2, 3, 1, 1, 0
12852, 322312, 3, 2, 2, 3, 1, 2, 0
12853, 322313, 3, 2, 2, 3, 1, 3, 0
12854, 322314, 3, 2, 2, 3, 1, 4, 0
12855, 322315, 3, 2, 2, 3, 1, 5, 0
12856, 322321, 3, 2, 2, 3, 2, 1, 0
12857, 322322, 3, 2, 2, 3, 2, 2, 0
12858, 322323, 3, 2, 2, 3, 2, 3, 0
12859, 322324, 3, 2, 2, 3, 2, 4, 0
12860, 322325, 3, 2, 2, 3, 2, 5, 0
12861, 322331, 3, 2, 2, 3, 3, 1, 0
12862, 322332, 3, 2, 2, 3, 3, 2, 0
12863, 322333, 3, 2, 2, 3, 3, 3, 0
12864, 322334, 3, 2, 2, 3, 3, 4, 0
12865, 322335, 3, 2, 2, 3, 3, 5, 0
12866, 322341, 3, 2, 2, 3, 4, 1, 0
12867, 322342, 3, 2, 2, 3, 4, 2, 0
12868, 322343, 3, 2, 2, 3, 4, 3, 0
12869, 322344, 3, 2, 2, 3, 4, 4, 0
12870, 322345, 3, 2, 2, 3, 4, 5, 0
12871, 322351, 3, 2, 2, 3, 5, 1, 0
12872, 322352, 3, 2, 2, 3, 5, 2, 0
12873, 322353, 3, 2, 2, 3, 5, 3, 0
12874, 322354, 3, 2, 2, 3, 5, 4, 0
12875, 322355, 3, 2, 2, 3, 5, 5, 0
12876, 322411, 3, 2, 2, 4, 1, 1, 0
12877, 322412, 3, 2, 2, 4, 1, 2, 0
12878, 322413, 3, 2, 2, 4, 1, 3, 0
12879, 322414, 3, 2, 2, 4, 1, 4, 0
12880, 322415, 3, 2, 2, 4, 1, 5, 0
12881, 322421, 3, 2, 2, 4, 2, 1, 0
12882, 322422, 3, 2, 2, 4, 2, 2, 0
12883, 322423, 3, 2, 2, 4, 2, 3, 0
12884, 322424, 3, 2, 2, 4, 2, 4, 0
12885, 322425, 3, 2, 2, 4, 2, 5, 0
12886, 322431, 3, 2, 2, 4, 3, 1, 0
12887, 322432, 3, 2, 2, 4, 3, 2, 0
12888, 322433, 3, 2, 2, 4, 3, 3, 0
12889, 322434, 3, 2, 2, 4, 3, 4, 0
12890, 322435, 3, 2, 2, 4, 3, 5, 0
12891, 322441, 3, 2, 2, 4, 4, 1, 0
12892, 322442, 3, 2, 2, 4, 4, 2, 0
12893, 322443, 3, 2, 2, 4, 4, 3, 0
12894, 322444, 3, 2, 2, 4, 4, 4, 0
12895, 322445, 3, 2, 2, 4, 4, 5, 0
12896, 322451, 3, 2, 2, 4, 5, 1, 0
12897, 322452, 3, 2, 2, 4, 5, 2, 0
12898, 322453, 3, 2, 2, 4, 5, 3, 0
12899, 322454, 3, 2, 2, 4, 5, 4, 0
12900, 322455, 3, 2, 2, 4, 5, 5, 0
12901, 323111, 3, 2, 3, 1, 1, 1, 0
12902, 323112, 3, 2, 3, 1, 1, 2, 0
12903, 323113, 3, 2, 3, 1, 1, 3, 0
12904, 323114, 3, 2, 3, 1, 1, 4, 0
12905, 323115, 3, 2, 3, 1, 1, 5, 0
12906, 323121, 3, 2, 3, 1, 2, 1, 0
12907, 323122, 3, 2, 3, 1, 2, 2, 0
12908, 323123, 3, 2, 3, 1, 2, 3, 0
12909, 323124, 3, 2, 3, 1, 2, 4, 0
12910, 323125, 3, 2, 3, 1, 2, 5, 0
12911, 323131, 3, 2, 3, 1, 3, 1, 0
12912, 323132, 3, 2, 3, 1, 3, 2, 0
12913, 323133, 3, 2, 3, 1, 3, 3, 0
12914, 323134, 3, 2, 3, 1, 3, 4, 0
12915, 323135, 3, 2, 3, 1, 3, 5, 0
12916, 323141, 3, 2, 3, 1, 4, 1, 0
12917, 323142, 3, 2, 3, 1, 4, 2, 0
12918, 323143, 3, 2, 3, 1, 4, 3, 0
12919, 323144, 3, 2, 3, 1, 4, 4, 0
12920, 323145, 3, 2, 3, 1, 4, 5, 0
12921, 323151, 3, 2, 3, 1, 5, 1, 0
12922, 323152, 3, 2, 3, 1, 5, 2, 0
12923, 323153, 3, 2, 3, 1, 5, 3, 0
12924, 323154, 3, 2, 3, 1, 5, 4, 0
12925, 323155, 3, 2, 3, 1, 5, 5, 0
12926, 323211, 3, 2, 3, 2, 1, 1, 0
12927, 323212, 3, 2, 3, 2, 1, 2, 0
12928, 323213, 3, 2, 3, 2, 1, 3, 0
12929, 323214, 3, 2, 3, 2, 1, 4, 0
12930, 323215, 3, 2, 3, 2, 1, 5, 0
12931, 323221, 3, 2, 3, 2, 2, 1, 0
12932, 323222, 3, 2, 3, 2, 2, 2, 0
12933, 323223, 3, 2, 3, 2, 2, 3, 0
12934, 323224, 3, 2, 3, 2, 2, 4, 0
12935, 323225, 3, 2, 3, 2, 2, 5, 0
12936, 323231, 3, 2, 3, 2, 3, 1, 0
12937, 323232, 3, 2, 3, 2, 3, 2, 0
12938, 323233, 3, 2, 3, 2, 3, 3, 0
12939, 323234, 3, 2, 3, 2, 3, 4, 0
12940, 323235, 3, 2, 3, 2, 3, 5, 0
12941, 323241, 3, 2, 3, 2, 4, 1, 0
12942, 323242, 3, 2, 3, 2, 4, 2, 0
12943, 323243, 3, 2, 3, 2, 4, 3, 0
12944, 323244, 3, 2, 3, 2, 4, 4, 0
12945, 323245, 3, 2, 3, 2, 4, 5, 0
12946, 323251, 3, 2, 3, 2, 5, 1, 0
12947, 323252, 3, 2, 3, 2, 5, 2, 0
12948, 323253, 3, 2, 3, 2, 5, 3, 0
12949, 323254, 3, 2, 3, 2, 5, 4, 0
12950, 323255, 3, 2, 3, 2, 5, 5, 0
12951, 323311, 3, 2, 3, 3, 1, 1, 0
12952, 323312, 3, 2, 3, 3, 1, 2, 0
12953, 323313, 3, 2, 3, 3, 1, 3, 0
12954, 323314, 3, 2, 3, 3, 1, 4, 0
12955, 323315, 3, 2, 3, 3, 1, 5, 0
12956, 323321, 3, 2, 3, 3, 2, 1, 0
12957, 323322, 3, 2, 3, 3, 2, 2, 0
12958, 323323, 3, 2, 3, 3, 2, 3, 0
12959, 323324, 3, 2, 3, 3, 2, 4, 0
12960, 323325, 3, 2, 3, 3, 2, 5, 0
12961, 323331, 3, 2, 3, 3, 3, 1, 0
12962, 323332, 3, 2, 3, 3, 3, 2, 0
12963, 323333, 3, 2, 3, 3, 3, 3, 0
12964, 323334, 3, 2, 3, 3, 3, 4, 0
12965, 323335, 3, 2, 3, 3, 3, 5, 0
12966, 323341, 3, 2, 3, 3, 4, 1, 0
12967, 323342, 3, 2, 3, 3, 4, 2, 0
12968, 323343, 3, 2, 3, 3, 4, 3, 0
12969, 323344, 3, 2, 3, 3, 4, 4, 0
12970, 323345, 3, 2, 3, 3, 4, 5, 0
12971, 323351, 3, 2, 3, 3, 5, 1, 0
12972, 323352, 3, 2, 3, 3, 5, 2, 0
12973, 323353, 3, 2, 3, 3, 5, 3, 0
12974, 323354, 3, 2, 3, 3, 5, 4, 0
12975, 323355, 3, 2, 3, 3, 5, 5, 0
12976, 323411, 3, 2, 3, 4, 1, 1, 0
12977, 323412, 3, 2, 3, 4, 1, 2, 0
12978, 323413, 3, 2, 3, 4, 1, 3, 0
12979, 323414, 3, 2, 3, 4, 1, 4, 0
12980, 323415, 3, 2, 3, 4, 1, 5, 0
12981, 323421, 3, 2, 3, 4, 2, 1, 0
12982, 323422, 3, 2, 3, 4, 2, 2, 0
12983, 323423, 3, 2, 3, 4, 2, 3, 0
12984, 323424, 3, 2, 3, 4, 2, 4, 0
12985, 323425, 3, 2, 3, 4, 2, 5, 0
12986, 323431, 3, 2, 3, 4, 3, 1, 0
12987, 323432, 3, 2, 3, 4, 3, 2, 0
12988, 323433, 3, 2, 3, 4, 3, 3, 0
12989, 323434, 3, 2, 3, 4, 3, 4, 0
12990, 323435, 3, 2, 3, 4, 3, 5, 0
12991, 323441, 3, 2, 3, 4, 4, 1, 0
12992, 323442, 3, 2, 3, 4, 4, 2, 0
12993, 323443, 3, 2, 3, 4, 4, 3, 0
12994, 323444, 3, 2, 3, 4, 4, 4, 0
12995, 323445, 3, 2, 3, 4, 4, 5, 0
12996, 323451, 3, 2, 3, 4, 5, 1, 0
12997, 323452, 3, 2, 3, 4, 5, 2, 0
12998, 323453, 3, 2, 3, 4, 5, 3, 0
12999, 323454, 3, 2, 3, 4, 5, 4, 0
13000, 323455, 3, 2, 3, 4, 5, 5, 0
13001, 324111, 3, 2, 4, 1, 1, 1, 0
13002, 324112, 3, 2, 4, 1, 1, 2, 0
13003, 324113, 3, 2, 4, 1, 1, 3, 0
13004, 324114, 3, 2, 4, 1, 1, 4, 0
13005, 324115, 3, 2, 4, 1, 1, 5, 0
13006, 324121, 3, 2, 4, 1, 2, 1, 0
13007, 324122, 3, 2, 4, 1, 2, 2, 0
13008, 324123, 3, 2, 4, 1, 2, 3, 0
13009, 324124, 3, 2, 4, 1, 2, 4, 0
13010, 324125, 3, 2, 4, 1, 2, 5, 0
13011, 324131, 3, 2, 4, 1, 3, 1, 0
13012, 324132, 3, 2, 4, 1, 3, 2, 0
13013, 324133, 3, 2, 4, 1, 3, 3, 0
13014, 324134, 3, 2, 4, 1, 3, 4, 0
13015, 324135, 3, 2, 4, 1, 3, 5, 0
13016, 324141, 3, 2, 4, 1, 4, 1, 0
13017, 324142, 3, 2, 4, 1, 4, 2, 0
13018, 324143, 3, 2, 4, 1, 4, 3, 0
13019, 324144, 3, 2, 4, 1, 4, 4, 0
13020, 324145, 3, 2, 4, 1, 4, 5, 0
13021, 324151, 3, 2, 4, 1, 5, 1, 0
13022, 324152, 3, 2, 4, 1, 5, 2, 0
13023, 324153, 3, 2, 4, 1, 5, 3, 0
13024, 324154, 3, 2, 4, 1, 5, 4, 0
13025, 324155, 3, 2, 4, 1, 5, 5, 0
13026, 324211, 3, 2, 4, 2, 1, 1, 0
13027, 324212, 3, 2, 4, 2, 1, 2, 0
13028, 324213, 3, 2, 4, 2, 1, 3, 0
13029, 324214, 3, 2, 4, 2, 1, 4, 0
13030, 324215, 3, 2, 4, 2, 1, 5, 0
13031, 324221, 3, 2, 4, 2, 2, 1, 0
13032, 324222, 3, 2, 4, 2, 2, 2, 0
13033, 324223, 3, 2, 4, 2, 2, 3, 0
13034, 324224, 3, 2, 4, 2, 2, 4, 0
13035, 324225, 3, 2, 4, 2, 2, 5, 0
13036, 324231, 3, 2, 4, 2, 3, 1, 0
13037, 324232, 3, 2, 4, 2, 3, 2, 0
13038, 324233, 3, 2, 4, 2, 3, 3, 0
13039, 324234, 3, 2, 4, 2, 3, 4, 0
13040, 324235, 3, 2, 4, 2, 3, 5, 0
13041, 324241, 3, 2, 4, 2, 4, 1, 0
13042, 324242, 3, 2, 4, 2, 4, 2, 0
13043, 324243, 3, 2, 4, 2, 4, 3, 0
13044, 324244, 3, 2, 4, 2, 4, 4, 0
13045, 324245, 3, 2, 4, 2, 4, 5, 0
13046, 324251, 3, 2, 4, 2, 5, 1, 0
13047, 324252, 3, 2, 4, 2, 5, 2, 0
13048, 324253, 3, 2, 4, 2, 5, 3, 0
13049, 324254, 3, 2, 4, 2, 5, 4, 0
13050, 324255, 3, 2, 4, 2, 5, 5, 0
13051, 324311, 3, 2, 4, 3, 1, 1, 0
13052, 324312, 3, 2, 4, 3, 1, 2, 0
13053, 324313, 3, 2, 4, 3, 1, 3, 0
13054, 324314, 3, 2, 4, 3, 1, 4, 0
13055, 324315, 3, 2, 4, 3, 1, 5, 0
13056, 324321, 3, 2, 4, 3, 2, 1, 0
13057, 324322, 3, 2, 4, 3, 2, 2, 0
13058, 324323, 3, 2, 4, 3, 2, 3, 0
13059, 324324, 3, 2, 4, 3, 2, 4, 0
13060, 324325, 3, 2, 4, 3, 2, 5, 0
13061, 324331, 3, 2, 4, 3, 3, 1, 0
13062, 324332, 3, 2, 4, 3, 3, 2, 0
13063, 324333, 3, 2, 4, 3, 3, 3, 0
13064, 324334, 3, 2, 4, 3, 3, 4, 0
13065, 324335, 3, 2, 4, 3, 3, 5, 0
13066, 324341, 3, 2, 4, 3, 4, 1, 0
13067, 324342, 3, 2, 4, 3, 4, 2, 0
13068, 324343, 3, 2, 4, 3, 4, 3, 0
13069, 324344, 3, 2, 4, 3, 4, 4, 0
13070, 324345, 3, 2, 4, 3, 4, 5, 0
13071, 324351, 3, 2, 4, 3, 5, 1, 0
13072, 324352, 3, 2, 4, 3, 5, 2, 0
13073, 324353, 3, 2, 4, 3, 5, 3, 0
13074, 324354, 3, 2, 4, 3, 5, 4, 0
13075, 324355, 3, 2, 4, 3, 5, 5, 0
13076, 324411, 3, 2, 4, 4, 1, 1, 0
13077, 324412, 3, 2, 4, 4, 1, 2, 0
13078, 324413, 3, 2, 4, 4, 1, 3, 0
13079, 324414, 3, 2, 4, 4, 1, 4, 0
13080, 324415, 3, 2, 4, 4, 1, 5, 0
13081, 324421, 3, 2, 4, 4, 2, 1, 0
13082, 324422, 3, 2, 4, 4, 2, 2, 0
13083, 324423, 3, 2, 4, 4, 2, 3, 0
13084, 324424, 3, 2, 4, 4, 2, 4, 0
13085, 324425, 3, 2, 4, 4, 2, 5, 0
13086, 324431, 3, 2, 4, 4, 3, 1, 0
13087, 324432, 3, 2, 4, 4, 3, 2, 0
13088, 324433, 3, 2, 4, 4, 3, 3, 0
13089, 324434, 3, 2, 4, 4, 3, 4, 0
13090, 324435, 3, 2, 4, 4, 3, 5, 0
13091, 324441, 3, 2, 4, 4, 4, 1, 0
13092, 324442, 3, 2, 4, 4, 4, 2, 0
13093, 324443, 3, 2, 4, 4, 4, 3, 0
13094, 324444, 3, 2, 4, 4, 4, 4, 0
13095, 324445, 3, 2, 4, 4, 4, 5, 0
13096, 324451, 3, 2, 4, 4, 5, 1, 0
13097, 324452, 3, 2, 4, 4, 5, 2, 0
13098, 324453, 3, 2, 4, 4, 5, 3, 0
13099, 324454, 3, 2, 4, 4, 5, 4, 0
13100, 324455, 3, 2, 4, 4, 5, 5, 0
13101, 325111, 3, 2, 5, 1, 1, 1, 0
13102, 325112, 3, 2, 5, 1, 1, 2, 0
13103, 325113, 3, 2, 5, 1, 1, 3, 0
13104, 325114, 3, 2, 5, 1, 1, 4, 0
13105, 325115, 3, 2, 5, 1, 1, 5, 0
13106, 325121, 3, 2, 5, 1, 2, 1, 0
13107, 325122, 3, 2, 5, 1, 2, 2, 0
13108, 325123, 3, 2, 5, 1, 2, 3, 0
13109, 325124, 3, 2, 5, 1, 2, 4, 0
13110, 325125, 3, 2, 5, 1, 2, 5, 0
13111, 325131, 3, 2, 5, 1, 3, 1, 0
13112, 325132, 3, 2, 5, 1, 3, 2, 0
13113, 325133, 3, 2, 5, 1, 3, 3, 0
13114, 325134, 3, 2, 5, 1, 3, 4, 0
13115, 325135, 3, 2, 5, 1, 3, 5, 0
13116, 325141, 3, 2, 5, 1, 4, 1, 0
13117, 325142, 3, 2, 5, 1, 4, 2, 0
13118, 325143, 3, 2, 5, 1, 4, 3, 0
13119, 325144, 3, 2, 5, 1, 4, 4, 0
13120, 325145, 3, 2, 5, 1, 4, 5, 0
13121, 325151, 3, 2, 5, 1, 5, 1, 0
13122, 325152, 3, 2, 5, 1, 5, 2, 0
13123, 325153, 3, 2, 5, 1, 5, 3, 0
13124, 325154, 3, 2, 5, 1, 5, 4, 0
13125, 325155, 3, 2, 5, 1, 5, 5, 0
13126, 325211, 3, 2, 5, 2, 1, 1, 0
13127, 325212, 3, 2, 5, 2, 1, 2, 0
13128, 325213, 3, 2, 5, 2, 1, 3, 0
13129, 325214, 3, 2, 5, 2, 1, 4, 0
13130, 325215, 3, 2, 5, 2, 1, 5, 0
13131, 325221, 3, 2, 5, 2, 2, 1, 0
13132, 325222, 3, 2, 5, 2, 2, 2, 0
13133, 325223, 3, 2, 5, 2, 2, 3, 0
13134, 325224, 3, 2, 5, 2, 2, 4, 0
13135, 325225, 3, 2, 5, 2, 2, 5, 0
13136, 325231, 3, 2, 5, 2, 3, 1, 0
13137, 325232, 3, 2, 5, 2, 3, 2, 0
13138, 325233, 3, 2, 5, 2, 3, 3, 0
13139, 325234, 3, 2, 5, 2, 3, 4, 0
13140, 325235, 3, 2, 5, 2, 3, 5, 0
13141, 325241, 3, 2, 5, 2, 4, 1, 0
13142, 325242, 3, 2, 5, 2, 4, 2, 0
13143, 325243, 3, 2, 5, 2, 4, 3, 0
13144, 325244, 3, 2, 5, 2, 4, 4, 0
13145, 325245, 3, 2, 5, 2, 4, 5, 0
13146, 325251, 3, 2, 5, 2, 5, 1, 0
13147, 325252, 3, 2, 5, 2, 5, 2, 0
13148, 325253, 3, 2, 5, 2, 5, 3, 0
13149, 325254, 3, 2, 5, 2, 5, 4, 0
13150, 325255, 3, 2, 5, 2, 5, 5, 0
13151, 325311, 3, 2, 5, 3, 1, 1, 0
13152, 325312, 3, 2, 5, 3, 1, 2, 0
13153, 325313, 3, 2, 5, 3, 1, 3, 0
13154, 325314, 3, 2, 5, 3, 1, 4, 0
13155, 325315, 3, 2, 5, 3, 1, 5, 0
13156, 325321, 3, 2, 5, 3, 2, 1, 0
13157, 325322, 3, 2, 5, 3, 2, 2, 0
13158, 325323, 3, 2, 5, 3, 2, 3, 0
13159, 325324, 3, 2, 5, 3, 2, 4, 0
13160, 325325, 3, 2, 5, 3, 2, 5, 0
13161, 325331, 3, 2, 5, 3, 3, 1, 0
13162, 325332, 3, 2, 5, 3, 3, 2, 0
13163, 325333, 3, 2, 5, 3, 3, 3, 0
13164, 325334, 3, 2, 5, 3, 3, 4, 0
13165, 325335, 3, 2, 5, 3, 3, 5, 0
13166, 325341, 3, 2, 5, 3, 4, 1, 0
13167, 325342, 3, 2, 5, 3, 4, 2, 0
13168, 325343, 3, 2, 5, 3, 4, 3, 0
13169, 325344, 3, 2, 5, 3, 4, 4, 0
13170, 325345, 3, 2, 5, 3, 4, 5, 0
13171, 325351, 3, 2, 5, 3, 5, 1, 0
13172, 325352, 3, 2, 5, 3, 5, 2, 0
13173, 325353, 3, 2, 5, 3, 5, 3, 0
13174, 325354, 3, 2, 5, 3, 5, 4, 0
13175, 325355, 3, 2, 5, 3, 5, 5, 0
13176, 325411, 3, 2, 5, 4, 1, 1, 0
13177, 325412, 3, 2, 5, 4, 1, 2, 0
13178, 325413, 3, 2, 5, 4, 1, 3, 0
13179, 325414, 3, 2, 5, 4, 1, 4, 0
13180, 325415, 3, 2, 5, 4, 1, 5, 0
13181, 325421, 3, 2, 5, 4, 2, 1, 0
13182, 325422, 3, 2, 5, 4, 2, 2, 0
13183, 325423, 3, 2, 5, 4, 2, 3, 0
13184, 325424, 3, 2, 5, 4, 2, 4, 0
13185, 325425, 3, 2, 5, 4, 2, 5, 0
13186, 325431, 3, 2, 5, 4, 3, 1, 0
13187, 325432, 3, 2, 5, 4, 3, 2, 0
13188, 325433, 3, 2, 5, 4, 3, 3, 0
13189, 325434, 3, 2, 5, 4, 3, 4, 0
13190, 325435, 3, 2, 5, 4, 3, 5, 0
13191, 325441, 3, 2, 5, 4, 4, 1, 0
13192, 325442, 3, 2, 5, 4, 4, 2, 0
13193, 325443, 3, 2, 5, 4, 4, 3, 0
13194, 325444, 3, 2, 5, 4, 4, 4, 0
13195, 325445, 3, 2, 5, 4, 4, 5, 0
13196, 325451, 3, 2, 5, 4, 5, 1, 0
13197, 325452, 3, 2, 5, 4, 5, 2, 0
13198, 325453, 3, 2, 5, 4, 5, 3, 0
13199, 325454, 3, 2, 5, 4, 5, 4, 0
13200, 325455, 3, 2, 5, 4, 5, 5, 0
13201, 326111, 3, 2, 6, 1, 1, 1, 0
13202, 326112, 3, 2, 6, 1, 1, 2, 0
13203, 326113, 3, 2, 6, 1, 1, 3, 0
13204, 326114, 3, 2, 6, 1, 1, 4, 0
13205, 326115, 3, 2, 6, 1, 1, 5, 0
13206, 326121, 3, 2, 6, 1, 2, 1, 0
13207, 326122, 3, 2, 6, 1, 2, 2, 0
13208, 326123, 3, 2, 6, 1, 2, 3, 0
13209, 326124, 3, 2, 6, 1, 2, 4, 0
13210, 326125, 3, 2, 6, 1, 2, 5, 0
13211, 326131, 3, 2, 6, 1, 3, 1, 0
13212, 326132, 3, 2, 6, 1, 3, 2, 0
13213, 326133, 3, 2, 6, 1, 3, 3, 0
13214, 326134, 3, 2, 6, 1, 3, 4, 0
13215, 326135, 3, 2, 6, 1, 3, 5, 0
13216, 326141, 3, 2, 6, 1, 4, 1, 0
13217, 326142, 3, 2, 6, 1, 4, 2, 0
13218, 326143, 3, 2, 6, 1, 4, 3, 0
13219, 326144, 3, 2, 6, 1, 4, 4, 0
13220, 326145, 3, 2, 6, 1, 4, 5, 0
13221, 326151, 3, 2, 6, 1, 5, 1, 0
13222, 326152, 3, 2, 6, 1, 5, 2, 0
13223, 326153, 3, 2, 6, 1, 5, 3, 0
13224, 326154, 3, 2, 6, 1, 5, 4, 0
13225, 326155, 3, 2, 6, 1, 5, 5, 0
13226, 326211, 3, 2, 6, 2, 1, 1, 0
13227, 326212, 3, 2, 6, 2, 1, 2, 0
13228, 326213, 3, 2, 6, 2, 1, 3, 0
13229, 326214, 3, 2, 6, 2, 1, 4, 0
13230, 326215, 3, 2, 6, 2, 1, 5, 0
13231, 326221, 3, 2, 6, 2, 2, 1, 0
13232, 326222, 3, 2, 6, 2, 2, 2, 0
13233, 326223, 3, 2, 6, 2, 2, 3, 0
13234, 326224, 3, 2, 6, 2, 2, 4, 0
13235, 326225, 3, 2, 6, 2, 2, 5, 0
13236, 326231, 3, 2, 6, 2, 3, 1, 0
13237, 326232, 3, 2, 6, 2, 3, 2, 0
13238, 326233, 3, 2, 6, 2, 3, 3, 0
13239, 326234, 3, 2, 6, 2, 3, 4, 0
13240, 326235, 3, 2, 6, 2, 3, 5, 0
13241, 326241, 3, 2, 6, 2, 4, 1, 0
13242, 326242, 3, 2, 6, 2, 4, 2, 0
13243, 326243, 3, 2, 6, 2, 4, 3, 0
13244, 326244, 3, 2, 6, 2, 4, 4, 0
13245, 326245, 3, 2, 6, 2, 4, 5, 0
13246, 326251, 3, 2, 6, 2, 5, 1, 0
13247, 326252, 3, 2, 6, 2, 5, 2, 0
13248, 326253, 3, 2, 6, 2, 5, 3, 0
13249, 326254, 3, 2, 6, 2, 5, 4, 0
13250, 326255, 3, 2, 6, 2, 5, 5, 0
13251, 326311, 3, 2, 6, 3, 1, 1, 0
13252, 326312, 3, 2, 6, 3, 1, 2, 0
13253, 326313, 3, 2, 6, 3, 1, 3, 0
13254, 326314, 3, 2, 6, 3, 1, 4, 0
13255, 326315, 3, 2, 6, 3, 1, 5, 0
13256, 326321, 3, 2, 6, 3, 2, 1, 0
13257, 326322, 3, 2, 6, 3, 2, 2, 0
13258, 326323, 3, 2, 6, 3, 2, 3, 0
13259, 326324, 3, 2, 6, 3, 2, 4, 0
13260, 326325, 3, 2, 6, 3, 2, 5, 0
13261, 326331, 3, 2, 6, 3, 3, 1, 0
13262, 326332, 3, 2, 6, 3, 3, 2, 0
13263, 326333, 3, 2, 6, 3, 3, 3, 0
13264, 326334, 3, 2, 6, 3, 3, 4, 0
13265, 326335, 3, 2, 6, 3, 3, 5, 0
13266, 326341, 3, 2, 6, 3, 4, 1, 0
13267, 326342, 3, 2, 6, 3, 4, 2, 0
13268, 326343, 3, 2, 6, 3, 4, 3, 0
13269, 326344, 3, 2, 6, 3, 4, 4, 0
13270, 326345, 3, 2, 6, 3, 4, 5, 0
13271, 326351, 3, 2, 6, 3, 5, 1, 0
13272, 326352, 3, 2, 6, 3, 5, 2, 0
13273, 326353, 3, 2, 6, 3, 5, 3, 0
13274, 326354, 3, 2, 6, 3, 5, 4, 0
13275, 326355, 3, 2, 6, 3, 5, 5, 0
13276, 326411, 3, 2, 6, 4, 1, 1, 0
13277, 326412, 3, 2, 6, 4, 1, 2, 0
13278, 326413, 3, 2, 6, 4, 1, 3, 0
13279, 326414, 3, 2, 6, 4, 1, 4, 0
13280, 326415, 3, 2, 6, 4, 1, 5, 0
13281, 326421, 3, 2, 6, 4, 2, 1, 0
13282, 326422, 3, 2, 6, 4, 2, 2, 0
13283, 326423, 3, 2, 6, 4, 2, 3, 0
13284, 326424, 3, 2, 6, 4, 2, 4, 0
13285, 326425, 3, 2, 6, 4, 2, 5, 0
13286, 326431, 3, 2, 6, 4, 3, 1, 0
13287, 326432, 3, 2, 6, 4, 3, 2, 0
13288, 326433, 3, 2, 6, 4, 3, 3, 0
13289, 326434, 3, 2, 6, 4, 3, 4, 0
13290, 326435, 3, 2, 6, 4, 3, 5, 0
13291, 326441, 3, 2, 6, 4, 4, 1, 0
13292, 326442, 3, 2, 6, 4, 4, 2, 0
13293, 326443, 3, 2, 6, 4, 4, 3, 0
13294, 326444, 3, 2, 6, 4, 4, 4, 0
13295, 326445, 3, 2, 6, 4, 4, 5, 0
13296, 326451, 3, 2, 6, 4, 5, 1, 0
13297, 326452, 3, 2, 6, 4, 5, 2, 0
13298, 326453, 3, 2, 6, 4, 5, 3, 0
13299, 326454, 3, 2, 6, 4, 5, 4, 0
13300, 326455, 3, 2, 6, 4, 5, 5, 0
13301, 327111, 3, 2, 7, 1, 1, 1, 0
13302, 327112, 3, 2, 7, 1, 1, 2, 0
13303, 327113, 3, 2, 7, 1, 1, 3, 0
13304, 327114, 3, 2, 7, 1, 1, 4, 0
13305, 327115, 3, 2, 7, 1, 1, 5, 0
13306, 327121, 3, 2, 7, 1, 2, 1, 0
13307, 327122, 3, 2, 7, 1, 2, 2, 0
13308, 327123, 3, 2, 7, 1, 2, 3, 0
13309, 327124, 3, 2, 7, 1, 2, 4, 0
13310, 327125, 3, 2, 7, 1, 2, 5, 0
13311, 327131, 3, 2, 7, 1, 3, 1, 0
13312, 327132, 3, 2, 7, 1, 3, 2, 0
13313, 327133, 3, 2, 7, 1, 3, 3, 0
13314, 327134, 3, 2, 7, 1, 3, 4, 0
13315, 327135, 3, 2, 7, 1, 3, 5, 0
13316, 327141, 3, 2, 7, 1, 4, 1, 0
13317, 327142, 3, 2, 7, 1, 4, 2, 0
13318, 327143, 3, 2, 7, 1, 4, 3, 0
13319, 327144, 3, 2, 7, 1, 4, 4, 0
13320, 327145, 3, 2, 7, 1, 4, 5, 0
13321, 327151, 3, 2, 7, 1, 5, 1, 0
13322, 327152, 3, 2, 7, 1, 5, 2, 0
13323, 327153, 3, 2, 7, 1, 5, 3, 0
13324, 327154, 3, 2, 7, 1, 5, 4, 0
13325, 327155, 3, 2, 7, 1, 5, 5, 0
13326, 327211, 3, 2, 7, 2, 1, 1, 0
13327, 327212, 3, 2, 7, 2, 1, 2, 0
13328, 327213, 3, 2, 7, 2, 1, 3, 0
13329, 327214, 3, 2, 7, 2, 1, 4, 0
13330, 327215, 3, 2, 7, 2, 1, 5, 0
13331, 327221, 3, 2, 7, 2, 2, 1, 0
13332, 327222, 3, 2, 7, 2, 2, 2, 0
13333, 327223, 3, 2, 7, 2, 2, 3, 0
13334, 327224, 3, 2, 7, 2, 2, 4, 0
13335, 327225, 3, 2, 7, 2, 2, 5, 0
13336, 327231, 3, 2, 7, 2, 3, 1, 0
13337, 327232, 3, 2, 7, 2, 3, 2, 0
13338, 327233, 3, 2, 7, 2, 3, 3, 0
13339, 327234, 3, 2, 7, 2, 3, 4, 0
13340, 327235, 3, 2, 7, 2, 3, 5, 0
13341, 327241, 3, 2, 7, 2, 4, 1, 0
13342, 327242, 3, 2, 7, 2, 4, 2, 0
13343, 327243, 3, 2, 7, 2, 4, 3, 0
13344, 327244, 3, 2, 7, 2, 4, 4, 0
13345, 327245, 3, 2, 7, 2, 4, 5, 0
13346, 327251, 3, 2, 7, 2, 5, 1, 0
13347, 327252, 3, 2, 7, 2, 5, 2, 0
13348, 327253, 3, 2, 7, 2, 5, 3, 0
13349, 327254, 3, 2, 7, 2, 5, 4, 0
13350, 327255, 3, 2, 7, 2, 5, 5, 0
13351, 327311, 3, 2, 7, 3, 1, 1, 0
13352, 327312, 3, 2, 7, 3, 1, 2, 0
13353, 327313, 3, 2, 7, 3, 1, 3, 0
13354, 327314, 3, 2, 7, 3, 1, 4, 0
13355, 327315, 3, 2, 7, 3, 1, 5, 0
13356, 327321, 3, 2, 7, 3, 2, 1, 0
13357, 327322, 3, 2, 7, 3, 2, 2, 0
13358, 327323, 3, 2, 7, 3, 2, 3, 0
13359, 327324, 3, 2, 7, 3, 2, 4, 0
13360, 327325, 3, 2, 7, 3, 2, 5, 0
13361, 327331, 3, 2, 7, 3, 3, 1, 0
13362, 327332, 3, 2, 7, 3, 3, 2, 0
13363, 327333, 3, 2, 7, 3, 3, 3, 0
13364, 327334, 3, 2, 7, 3, 3, 4, 0
13365, 327335, 3, 2, 7, 3, 3, 5, 0
13366, 327341, 3, 2, 7, 3, 4, 1, 0
13367, 327342, 3, 2, 7, 3, 4, 2, 0
13368, 327343, 3, 2, 7, 3, 4, 3, 0
13369, 327344, 3, 2, 7, 3, 4, 4, 0
13370, 327345, 3, 2, 7, 3, 4, 5, 0
13371, 327351, 3, 2, 7, 3, 5, 1, 0
13372, 327352, 3, 2, 7, 3, 5, 2, 0
13373, 327353, 3, 2, 7, 3, 5, 3, 0
13374, 327354, 3, 2, 7, 3, 5, 4, 0
13375, 327355, 3, 2, 7, 3, 5, 5, 0
13376, 327411, 3, 2, 7, 4, 1, 1, 0
13377, 327412, 3, 2, 7, 4, 1, 2, 0
13378, 327413, 3, 2, 7, 4, 1, 3, 0
13379, 327414, 3, 2, 7, 4, 1, 4, 0
13380, 327415, 3, 2, 7, 4, 1, 5, 0
13381, 327421, 3, 2, 7, 4, 2, 1, 0
13382, 327422, 3, 2, 7, 4, 2, 2, 0
13383, 327423, 3, 2, 7, 4, 2, 3, 0
13384, 327424, 3, 2, 7, 4, 2, 4, 0
13385, 327425, 3, 2, 7, 4, 2, 5, 0
13386, 327431, 3, 2, 7, 4, 3, 1, 0
13387, 327432, 3, 2, 7, 4, 3, 2, 0
13388, 327433, 3, 2, 7, 4, 3, 3, 0
13389, 327434, 3, 2, 7, 4, 3, 4, 0
13390, 327435, 3, 2, 7, 4, 3, 5, 0
13391, 327441, 3, 2, 7, 4, 4, 1, 0
13392, 327442, 3, 2, 7, 4, 4, 2, 0
13393, 327443, 3, 2, 7, 4, 4, 3, 0
13394, 327444, 3, 2, 7, 4, 4, 4, 0
13395, 327445, 3, 2, 7, 4, 4, 5, 0
13396, 327451, 3, 2, 7, 4, 5, 1, 0
13397, 327452, 3, 2, 7, 4, 5, 2, 0
13398, 327453, 3, 2, 7, 4, 5, 3, 0
13399, 327454, 3, 2, 7, 4, 5, 4, 0
13400, 327455, 3, 2, 7, 4, 5, 5, 0
13401, 331111, 3, 3, 1, 1, 1, 1, 0
13402, 331112, 3, 3, 1, 1, 1, 2, 0
13403, 331113, 3, 3, 1, 1, 1, 3, 0
13404, 331114, 3, 3, 1, 1, 1, 4, 0
13405, 331115, 3, 3, 1, 1, 1, 5, 0
13406, 331121, 3, 3, 1, 1, 2, 1, 0
13407, 331122, 3, 3, 1, 1, 2, 2, 0
13408, 331123, 3, 3, 1, 1, 2, 3, 0
13409, 331124, 3, 3, 1, 1, 2, 4, 0
13410, 331125, 3, 3, 1, 1, 2, 5, 0
13411, 331131, 3, 3, 1, 1, 3, 1, 0
13412, 331132, 3, 3, 1, 1, 3, 2, 0
13413, 331133, 3, 3, 1, 1, 3, 3, 0
13414, 331134, 3, 3, 1, 1, 3, 4, 0
13415, 331135, 3, 3, 1, 1, 3, 5, 0
13416, 331141, 3, 3, 1, 1, 4, 1, 0
13417, 331142, 3, 3, 1, 1, 4, 2, 0
13418, 331143, 3, 3, 1, 1, 4, 3, 0
13419, 331144, 3, 3, 1, 1, 4, 4, 0
13420, 331145, 3, 3, 1, 1, 4, 5, 0
13421, 331151, 3, 3, 1, 1, 5, 1, 0
13422, 331152, 3, 3, 1, 1, 5, 2, 0
13423, 331153, 3, 3, 1, 1, 5, 3, 0
13424, 331154, 3, 3, 1, 1, 5, 4, 0
13425, 331155, 3, 3, 1, 1, 5, 5, 0
13426, 331211, 3, 3, 1, 2, 1, 1, 0
13427, 331212, 3, 3, 1, 2, 1, 2, 0
13428, 331213, 3, 3, 1, 2, 1, 3, 0
13429, 331214, 3, 3, 1, 2, 1, 4, 0
13430, 331215, 3, 3, 1, 2, 1, 5, 0
13431, 331221, 3, 3, 1, 2, 2, 1, 0
13432, 331222, 3, 3, 1, 2, 2, 2, 0
13433, 331223, 3, 3, 1, 2, 2, 3, 0
13434, 331224, 3, 3, 1, 2, 2, 4, 0
13435, 331225, 3, 3, 1, 2, 2, 5, 0
13436, 331231, 3, 3, 1, 2, 3, 1, 0
13437, 331232, 3, 3, 1, 2, 3, 2, 0
13438, 331233, 3, 3, 1, 2, 3, 3, 0
13439, 331234, 3, 3, 1, 2, 3, 4, 0
13440, 331235, 3, 3, 1, 2, 3, 5, 0
13441, 331241, 3, 3, 1, 2, 4, 1, 0
13442, 331242, 3, 3, 1, 2, 4, 2, 0
13443, 331243, 3, 3, 1, 2, 4, 3, 0
13444, 331244, 3, 3, 1, 2, 4, 4, 0
13445, 331245, 3, 3, 1, 2, 4, 5, 0
13446, 331251, 3, 3, 1, 2, 5, 1, 0
13447, 331252, 3, 3, 1, 2, 5, 2, 0
13448, 331253, 3, 3, 1, 2, 5, 3, 0
13449, 331254, 3, 3, 1, 2, 5, 4, 0
13450, 331255, 3, 3, 1, 2, 5, 5, 0
13451, 331311, 3, 3, 1, 3, 1, 1, 0
13452, 331312, 3, 3, 1, 3, 1, 2, 0
13453, 331313, 3, 3, 1, 3, 1, 3, 0
13454, 331314, 3, 3, 1, 3, 1, 4, 0
13455, 331315, 3, 3, 1, 3, 1, 5, 0
13456, 331321, 3, 3, 1, 3, 2, 1, 0
13457, 331322, 3, 3, 1, 3, 2, 2, 0
13458, 331323, 3, 3, 1, 3, 2, 3, 0
13459, 331324, 3, 3, 1, 3, 2, 4, 0
13460, 331325, 3, 3, 1, 3, 2, 5, 0
13461, 331331, 3, 3, 1, 3, 3, 1, 0
13462, 331332, 3, 3, 1, 3, 3, 2, 0
13463, 331333, 3, 3, 1, 3, 3, 3, 0
13464, 331334, 3, 3, 1, 3, 3, 4, 0
13465, 331335, 3, 3, 1, 3, 3, 5, 0
13466, 331341, 3, 3, 1, 3, 4, 1, 0
13467, 331342, 3, 3, 1, 3, 4, 2, 0
13468, 331343, 3, 3, 1, 3, 4, 3, 0
13469, 331344, 3, 3, 1, 3, 4, 4, 0
13470, 331345, 3, 3, 1, 3, 4, 5, 0
13471, 331351, 3, 3, 1, 3, 5, 1, 0
13472, 331352, 3, 3, 1, 3, 5, 2, 0
13473, 331353, 3, 3, 1, 3, 5, 3, 0
13474, 331354, 3, 3, 1, 3, 5, 4, 0
13475, 331355, 3, 3, 1, 3, 5, 5, 0
13476, 331411, 3, 3, 1, 4, 1, 1, 0
13477, 331412, 3, 3, 1, 4, 1, 2, 0
13478, 331413, 3, 3, 1, 4, 1, 3, 0
13479, 331414, 3, 3, 1, 4, 1, 4, 0
13480, 331415, 3, 3, 1, 4, 1, 5, 0
13481, 331421, 3, 3, 1, 4, 2, 1, 0
13482, 331422, 3, 3, 1, 4, 2, 2, 0
13483, 331423, 3, 3, 1, 4, 2, 3, 0
13484, 331424, 3, 3, 1, 4, 2, 4, 0
13485, 331425, 3, 3, 1, 4, 2, 5, 0
13486, 331431, 3, 3, 1, 4, 3, 1, 0
13487, 331432, 3, 3, 1, 4, 3, 2, 0
13488, 331433, 3, 3, 1, 4, 3, 3, 0
13489, 331434, 3, 3, 1, 4, 3, 4, 0
13490, 331435, 3, 3, 1, 4, 3, 5, 0
13491, 331441, 3, 3, 1, 4, 4, 1, 0
13492, 331442, 3, 3, 1, 4, 4, 2, 0
13493, 331443, 3, 3, 1, 4, 4, 3, 0
13494, 331444, 3, 3, 1, 4, 4, 4, 0
13495, 331445, 3, 3, 1, 4, 4, 5, 0
13496, 331451, 3, 3, 1, 4, 5, 1, 0
13497, 331452, 3, 3, 1, 4, 5, 2, 0
13498, 331453, 3, 3, 1, 4, 5, 3, 0
13499, 331454, 3, 3, 1, 4, 5, 4, 0
13500, 331455, 3, 3, 1, 4, 5, 5, 0
13501, 332111, 3, 3, 2, 1, 1, 1, 0
13502, 332112, 3, 3, 2, 1, 1, 2, 0
13503, 332113, 3, 3, 2, 1, 1, 3, 0
13504, 332114, 3, 3, 2, 1, 1, 4, 0
13505, 332115, 3, 3, 2, 1, 1, 5, 0
13506, 332121, 3, 3, 2, 1, 2, 1, 0
13507, 332122, 3, 3, 2, 1, 2, 2, 0
13508, 332123, 3, 3, 2, 1, 2, 3, 0
13509, 332124, 3, 3, 2, 1, 2, 4, 0
13510, 332125, 3, 3, 2, 1, 2, 5, 0
13511, 332131, 3, 3, 2, 1, 3, 1, 0
13512, 332132, 3, 3, 2, 1, 3, 2, 0
13513, 332133, 3, 3, 2, 1, 3, 3, 0
13514, 332134, 3, 3, 2, 1, 3, 4, 0
13515, 332135, 3, 3, 2, 1, 3, 5, 0
13516, 332141, 3, 3, 2, 1, 4, 1, 0
13517, 332142, 3, 3, 2, 1, 4, 2, 0
13518, 332143, 3, 3, 2, 1, 4, 3, 0
13519, 332144, 3, 3, 2, 1, 4, 4, 0
13520, 332145, 3, 3, 2, 1, 4, 5, 0
13521, 332151, 3, 3, 2, 1, 5, 1, 0
13522, 332152, 3, 3, 2, 1, 5, 2, 0
13523, 332153, 3, 3, 2, 1, 5, 3, 0
13524, 332154, 3, 3, 2, 1, 5, 4, 0
13525, 332155, 3, 3, 2, 1, 5, 5, 0
13526, 332211, 3, 3, 2, 2, 1, 1, 0
13527, 332212, 3, 3, 2, 2, 1, 2, 0
13528, 332213, 3, 3, 2, 2, 1, 3, 0
13529, 332214, 3, 3, 2, 2, 1, 4, 0
13530, 332215, 3, 3, 2, 2, 1, 5, 0
13531, 332221, 3, 3, 2, 2, 2, 1, 0
13532, 332222, 3, 3, 2, 2, 2, 2, 0
13533, 332223, 3, 3, 2, 2, 2, 3, 0
13534, 332224, 3, 3, 2, 2, 2, 4, 0
13535, 332225, 3, 3, 2, 2, 2, 5, 0
13536, 332231, 3, 3, 2, 2, 3, 1, 0
13537, 332232, 3, 3, 2, 2, 3, 2, 0
13538, 332233, 3, 3, 2, 2, 3, 3, 0
13539, 332234, 3, 3, 2, 2, 3, 4, 0
13540, 332235, 3, 3, 2, 2, 3, 5, 0
13541, 332241, 3, 3, 2, 2, 4, 1, 0
13542, 332242, 3, 3, 2, 2, 4, 2, 0
13543, 332243, 3, 3, 2, 2, 4, 3, 0
13544, 332244, 3, 3, 2, 2, 4, 4, 0
13545, 332245, 3, 3, 2, 2, 4, 5, 0
13546, 332251, 3, 3, 2, 2, 5, 1, 0
13547, 332252, 3, 3, 2, 2, 5, 2, 0
13548, 332253, 3, 3, 2, 2, 5, 3, 0
13549, 332254, 3, 3, 2, 2, 5, 4, 0
13550, 332255, 3, 3, 2, 2, 5, 5, 0
13551, 332311, 3, 3, 2, 3, 1, 1, 0
13552, 332312, 3, 3, 2, 3, 1, 2, 0
13553, 332313, 3, 3, 2, 3, 1, 3, 0
13554, 332314, 3, 3, 2, 3, 1, 4, 0
13555, 332315, 3, 3, 2, 3, 1, 5, 0
13556, 332321, 3, 3, 2, 3, 2, 1, 0
13557, 332322, 3, 3, 2, 3, 2, 2, 0
13558, 332323, 3, 3, 2, 3, 2, 3, 0
13559, 332324, 3, 3, 2, 3, 2, 4, 0
13560, 332325, 3, 3, 2, 3, 2, 5, 0
13561, 332331, 3, 3, 2, 3, 3, 1, 0
13562, 332332, 3, 3, 2, 3, 3, 2, 0
13563, 332333, 3, 3, 2, 3, 3, 3, 0
13564, 332334, 3, 3, 2, 3, 3, 4, 0
13565, 332335, 3, 3, 2, 3, 3, 5, 0
13566, 332341, 3, 3, 2, 3, 4, 1, 0
13567, 332342, 3, 3, 2, 3, 4, 2, 0
13568, 332343, 3, 3, 2, 3, 4, 3, 0
13569, 332344, 3, 3, 2, 3, 4, 4, 0
13570, 332345, 3, 3, 2, 3, 4, 5, 0
13571, 332351, 3, 3, 2, 3, 5, 1, 0
13572, 332352, 3, 3, 2, 3, 5, 2, 0
13573, 332353, 3, 3, 2, 3, 5, 3, 0
13574, 332354, 3, 3, 2, 3, 5, 4, 0
13575, 332355, 3, 3, 2, 3, 5, 5, 0
13576, 332411, 3, 3, 2, 4, 1, 1, 0
13577, 332412, 3, 3, 2, 4, 1, 2, 0
13578, 332413, 3, 3, 2, 4, 1, 3, 0
13579, 332414, 3, 3, 2, 4, 1, 4, 0
13580, 332415, 3, 3, 2, 4, 1, 5, 0
13581, 332421, 3, 3, 2, 4, 2, 1, 0
13582, 332422, 3, 3, 2, 4, 2, 2, 0
13583, 332423, 3, 3, 2, 4, 2, 3, 0
13584, 332424, 3, 3, 2, 4, 2, 4, 0
13585, 332425, 3, 3, 2, 4, 2, 5, 0
13586, 332431, 3, 3, 2, 4, 3, 1, 0
13587, 332432, 3, 3, 2, 4, 3, 2, 0
13588, 332433, 3, 3, 2, 4, 3, 3, 0
13589, 332434, 3, 3, 2, 4, 3, 4, 0
13590, 332435, 3, 3, 2, 4, 3, 5, 0
13591, 332441, 3, 3, 2, 4, 4, 1, 0
13592, 332442, 3, 3, 2, 4, 4, 2, 0
13593, 332443, 3, 3, 2, 4, 4, 3, 0
13594, 332444, 3, 3, 2, 4, 4, 4, 0
13595, 332445, 3, 3, 2, 4, 4, 5, 0
13596, 332451, 3, 3, 2, 4, 5, 1, 0
13597, 332452, 3, 3, 2, 4, 5, 2, 0
13598, 332453, 3, 3, 2, 4, 5, 3, 0
13599, 332454, 3, 3, 2, 4, 5, 4, 0
13600, 332455, 3, 3, 2, 4, 5, 5, 0
13601, 333111, 3, 3, 3, 1, 1, 1, 0
13602, 333112, 3, 3, 3, 1, 1, 2, 0
13603, 333113, 3, 3, 3, 1, 1, 3, 0
13604, 333114, 3, 3, 3, 1, 1, 4, 0
13605, 333115, 3, 3, 3, 1, 1, 5, 0
13606, 333121, 3, 3, 3, 1, 2, 1, 0
13607, 333122, 3, 3, 3, 1, 2, 2, 0
13608, 333123, 3, 3, 3, 1, 2, 3, 0
13609, 333124, 3, 3, 3, 1, 2, 4, 0
13610, 333125, 3, 3, 3, 1, 2, 5, 0
13611, 333131, 3, 3, 3, 1, 3, 1, 0
13612, 333132, 3, 3, 3, 1, 3, 2, 0
13613, 333133, 3, 3, 3, 1, 3, 3, 0
13614, 333134, 3, 3, 3, 1, 3, 4, 0
13615, 333135, 3, 3, 3, 1, 3, 5, 0
13616, 333141, 3, 3, 3, 1, 4, 1, 0
13617, 333142, 3, 3, 3, 1, 4, 2, 0
13618, 333143, 3, 3, 3, 1, 4, 3, 0
13619, 333144, 3, 3, 3, 1, 4, 4, 0
13620, 333145, 3, 3, 3, 1, 4, 5, 0
13621, 333151, 3, 3, 3, 1, 5, 1, 0
13622, 333152, 3, 3, 3, 1, 5, 2, 0
13623, 333153, 3, 3, 3, 1, 5, 3, 0
13624, 333154, 3, 3, 3, 1, 5, 4, 0
13625, 333155, 3, 3, 3, 1, 5, 5, 0
13626, 333211, 3, 3, 3, 2, 1, 1, 0
13627, 333212, 3, 3, 3, 2, 1, 2, 0
13628, 333213, 3, 3, 3, 2, 1, 3, 0
13629, 333214, 3, 3, 3, 2, 1, 4, 0
13630, 333215, 3, 3, 3, 2, 1, 5, 0
13631, 333221, 3, 3, 3, 2, 2, 1, 0
13632, 333222, 3, 3, 3, 2, 2, 2, 0
13633, 333223, 3, 3, 3, 2, 2, 3, 0
13634, 333224, 3, 3, 3, 2, 2, 4, 0
13635, 333225, 3, 3, 3, 2, 2, 5, 0
13636, 333231, 3, 3, 3, 2, 3, 1, 0
13637, 333232, 3, 3, 3, 2, 3, 2, 0
13638, 333233, 3, 3, 3, 2, 3, 3, 0
13639, 333234, 3, 3, 3, 2, 3, 4, 0
13640, 333235, 3, 3, 3, 2, 3, 5, 0
13641, 333241, 3, 3, 3, 2, 4, 1, 0
13642, 333242, 3, 3, 3, 2, 4, 2, 0
13643, 333243, 3, 3, 3, 2, 4, 3, 0
13644, 333244, 3, 3, 3, 2, 4, 4, 0
13645, 333245, 3, 3, 3, 2, 4, 5, 0
13646, 333251, 3, 3, 3, 2, 5, 1, 0
13647, 333252, 3, 3, 3, 2, 5, 2, 0
13648, 333253, 3, 3, 3, 2, 5, 3, 0
13649, 333254, 3, 3, 3, 2, 5, 4, 0
13650, 333255, 3, 3, 3, 2, 5, 5, 0
13651, 333311, 3, 3, 3, 3, 1, 1, 0
13652, 333312, 3, 3, 3, 3, 1, 2, 0
13653, 333313, 3, 3, 3, 3, 1, 3, 0
13654, 333314, 3, 3, 3, 3, 1, 4, 0
13655, 333315, 3, 3, 3, 3, 1, 5, 0
13656, 333321, 3, 3, 3, 3, 2, 1, 0
13657, 333322, 3, 3, 3, 3, 2, 2, 0
13658, 333323, 3, 3, 3, 3, 2, 3, 0
13659, 333324, 3, 3, 3, 3, 2, 4, 0
13660, 333325, 3, 3, 3, 3, 2, 5, 0
13661, 333331, 3, 3, 3, 3, 3, 1, 0
13662, 333332, 3, 3, 3, 3, 3, 2, 0
13663, 333333, 3, 3, 3, 3, 3, 3, 0
13664, 333334, 3, 3, 3, 3, 3, 4, 0
13665, 333335, 3, 3, 3, 3, 3, 5, 0
13666, 333341, 3, 3, 3, 3, 4, 1, 0
13667, 333342, 3, 3, 3, 3, 4, 2, 0
13668, 333343, 3, 3, 3, 3, 4, 3, 0
13669, 333344, 3, 3, 3, 3, 4, 4, 0
13670, 333345, 3, 3, 3, 3, 4, 5, 0
13671, 333351, 3, 3, 3, 3, 5, 1, 0
13672, 333352, 3, 3, 3, 3, 5, 2, 0
13673, 333353, 3, 3, 3, 3, 5, 3, 0
13674, 333354, 3, 3, 3, 3, 5, 4, 0
13675, 333355, 3, 3, 3, 3, 5, 5, 0
13676, 333411, 3, 3, 3, 4, 1, 1, 0
13677, 333412, 3, 3, 3, 4, 1, 2, 0
13678, 333413, 3, 3, 3, 4, 1, 3, 0
13679, 333414, 3, 3, 3, 4, 1, 4, 0
13680, 333415, 3, 3, 3, 4, 1, 5, 0
13681, 333421, 3, 3, 3, 4, 2, 1, 0
13682, 333422, 3, 3, 3, 4, 2, 2, 0
13683, 333423, 3, 3, 3, 4, 2, 3, 0
13684, 333424, 3, 3, 3, 4, 2, 4, 0
13685, 333425, 3, 3, 3, 4, 2, 5, 0
13686, 333431, 3, 3, 3, 4, 3, 1, 0
13687, 333432, 3, 3, 3, 4, 3, 2, 0
13688, 333433, 3, 3, 3, 4, 3, 3, 0
13689, 333434, 3, 3, 3, 4, 3, 4, 0
13690, 333435, 3, 3, 3, 4, 3, 5, 0
13691, 333441, 3, 3, 3, 4, 4, 1, 0
13692, 333442, 3, 3, 3, 4, 4, 2, 0
13693, 333443, 3, 3, 3, 4, 4, 3, 0
13694, 333444, 3, 3, 3, 4, 4, 4, 0
13695, 333445, 3, 3, 3, 4, 4, 5, 0
13696, 333451, 3, 3, 3, 4, 5, 1, 0
13697, 333452, 3, 3, 3, 4, 5, 2, 0
13698, 333453, 3, 3, 3, 4, 5, 3, 0
13699, 333454, 3, 3, 3, 4, 5, 4, 0
13700, 333455, 3, 3, 3, 4, 5, 5, 0
13701, 334111, 3, 3, 4, 1, 1, 1, 0
13702, 334112, 3, 3, 4, 1, 1, 2, 0
13703, 334113, 3, 3, 4, 1, 1, 3, 0
13704, 334114, 3, 3, 4, 1, 1, 4, 0
13705, 334115, 3, 3, 4, 1, 1, 5, 0
13706, 334121, 3, 3, 4, 1, 2, 1, 0
13707, 334122, 3, 3, 4, 1, 2, 2, 0
13708, 334123, 3, 3, 4, 1, 2, 3, 0
13709, 334124, 3, 3, 4, 1, 2, 4, 0
13710, 334125, 3, 3, 4, 1, 2, 5, 0
13711, 334131, 3, 3, 4, 1, 3, 1, 0
13712, 334132, 3, 3, 4, 1, 3, 2, 0
13713, 334133, 3, 3, 4, 1, 3, 3, 0
13714, 334134, 3, 3, 4, 1, 3, 4, 0
13715, 334135, 3, 3, 4, 1, 3, 5, 0
13716, 334141, 3, 3, 4, 1, 4, 1, 0
13717, 334142, 3, 3, 4, 1, 4, 2, 0
13718, 334143, 3, 3, 4, 1, 4, 3, 0
13719, 334144, 3, 3, 4, 1, 4, 4, 0
13720, 334145, 3, 3, 4, 1, 4, 5, 0
13721, 334151, 3, 3, 4, 1, 5, 1, 0
13722, 334152, 3, 3, 4, 1, 5, 2, 0
13723, 334153, 3, 3, 4, 1, 5, 3, 0
13724, 334154, 3, 3, 4, 1, 5, 4, 0
13725, 334155, 3, 3, 4, 1, 5, 5, 0
13726, 334211, 3, 3, 4, 2, 1, 1, 0
13727, 334212, 3, 3, 4, 2, 1, 2, 0
13728, 334213, 3, 3, 4, 2, 1, 3, 0
13729, 334214, 3, 3, 4, 2, 1, 4, 0
13730, 334215, 3, 3, 4, 2, 1, 5, 0
13731, 334221, 3, 3, 4, 2, 2, 1, 0
13732, 334222, 3, 3, 4, 2, 2, 2, 0
13733, 334223, 3, 3, 4, 2, 2, 3, 0
13734, 334224, 3, 3, 4, 2, 2, 4, 0
13735, 334225, 3, 3, 4, 2, 2, 5, 0
13736, 334231, 3, 3, 4, 2, 3, 1, 0
13737, 334232, 3, 3, 4, 2, 3, 2, 0
13738, 334233, 3, 3, 4, 2, 3, 3, 0
13739, 334234, 3, 3, 4, 2, 3, 4, 0
13740, 334235, 3, 3, 4, 2, 3, 5, 0
13741, 334241, 3, 3, 4, 2, 4, 1, 0
13742, 334242, 3, 3, 4, 2, 4, 2, 0
13743, 334243, 3, 3, 4, 2, 4, 3, 0
13744, 334244, 3, 3, 4, 2, 4, 4, 0
13745, 334245, 3, 3, 4, 2, 4, 5, 0
13746, 334251, 3, 3, 4, 2, 5, 1, 0
13747, 334252, 3, 3, 4, 2, 5, 2, 0
13748, 334253, 3, 3, 4, 2, 5, 3, 0
13749, 334254, 3, 3, 4, 2, 5, 4, 0
13750, 334255, 3, 3, 4, 2, 5, 5, 0
13751, 334311, 3, 3, 4, 3, 1, 1, 0
13752, 334312, 3, 3, 4, 3, 1, 2, 0
13753, 334313, 3, 3, 4, 3, 1, 3, 0
13754, 334314, 3, 3, 4, 3, 1, 4, 0
13755, 334315, 3, 3, 4, 3, 1, 5, 0
13756, 334321, 3, 3, 4, 3, 2, 1, 0
13757, 334322, 3, 3, 4, 3, 2, 2, 0
13758, 334323, 3, 3, 4, 3, 2, 3, 0
13759, 334324, 3, 3, 4, 3, 2, 4, 0
13760, 334325, 3, 3, 4, 3, 2, 5, 0
13761, 334331, 3, 3, 4, 3, 3, 1, 0
13762, 334332, 3, 3, 4, 3, 3, 2, 0
13763, 334333, 3, 3, 4, 3, 3, 3, 0
13764, 334334, 3, 3, 4, 3, 3, 4, 0
13765, 334335, 3, 3, 4, 3, 3, 5, 0
13766, 334341, 3, 3, 4, 3, 4, 1, 0
13767, 334342, 3, 3, 4, 3, 4, 2, 0
13768, 334343, 3, 3, 4, 3, 4, 3, 0
13769, 334344, 3, 3, 4, 3, 4, 4, 0
13770, 334345, 3, 3, 4, 3, 4, 5, 0
13771, 334351, 3, 3, 4, 3, 5, 1, 0
13772, 334352, 3, 3, 4, 3, 5, 2, 0
13773, 334353, 3, 3, 4, 3, 5, 3, 0
13774, 334354, 3, 3, 4, 3, 5, 4, 0
13775, 334355, 3, 3, 4, 3, 5, 5, 0
13776, 334411, 3, 3, 4, 4, 1, 1, 0
13777, 334412, 3, 3, 4, 4, 1, 2, 0
13778, 334413, 3, 3, 4, 4, 1, 3, 0
13779, 334414, 3, 3, 4, 4, 1, 4, 0
13780, 334415, 3, 3, 4, 4, 1, 5, 0
13781, 334421, 3, 3, 4, 4, 2, 1, 0
13782, 334422, 3, 3, 4, 4, 2, 2, 0
13783, 334423, 3, 3, 4, 4, 2, 3, 0
13784, 334424, 3, 3, 4, 4, 2, 4, 0
13785, 334425, 3, 3, 4, 4, 2, 5, 0
13786, 334431, 3, 3, 4, 4, 3, 1, 0
13787, 334432, 3, 3, 4, 4, 3, 2, 0
13788, 334433, 3, 3, 4, 4, 3, 3, 0
13789, 334434, 3, 3, 4, 4, 3, 4, 0
13790, 334435, 3, 3, 4, 4, 3, 5, 0
13791, 334441, 3, 3, 4, 4, 4, 1, 0
13792, 334442, 3, 3, 4, 4, 4, 2, 0
13793, 334443, 3, 3, 4, 4, 4, 3, 0
13794, 334444, 3, 3, 4, 4, 4, 4, 0
13795, 334445, 3, 3, 4, 4, 4, 5, 0
13796, 334451, 3, 3, 4, 4, 5, 1, 0
13797, 334452, 3, 3, 4, 4, 5, 2, 0
13798, 334453, 3, 3, 4, 4, 5, 3, 0
13799, 334454, 3, 3, 4, 4, 5, 4, 0
13800, 334455, 3, 3, 4, 4, 5, 5, 0
13801, 335111, 3, 3, 5, 1, 1, 1, 0
13802, 335112, 3, 3, 5, 1, 1, 2, 0
13803, 335113, 3, 3, 5, 1, 1, 3, 0
13804, 335114, 3, 3, 5, 1, 1, 4, 0
13805, 335115, 3, 3, 5, 1, 1, 5, 0
13806, 335121, 3, 3, 5, 1, 2, 1, 0
13807, 335122, 3, 3, 5, 1, 2, 2, 0
13808, 335123, 3, 3, 5, 1, 2, 3, 0
13809, 335124, 3, 3, 5, 1, 2, 4, 0
13810, 335125, 3, 3, 5, 1, 2, 5, 0
13811, 335131, 3, 3, 5, 1, 3, 1, 0
13812, 335132, 3, 3, 5, 1, 3, 2, 0
13813, 335133, 3, 3, 5, 1, 3, 3, 0
13814, 335134, 3, 3, 5, 1, 3, 4, 0
13815, 335135, 3, 3, 5, 1, 3, 5, 0
13816, 335141, 3, 3, 5, 1, 4, 1, 0
13817, 335142, 3, 3, 5, 1, 4, 2, 0
13818, 335143, 3, 3, 5, 1, 4, 3, 0
13819, 335144, 3, 3, 5, 1, 4, 4, 0
13820, 335145, 3, 3, 5, 1, 4, 5, 0
13821, 335151, 3, 3, 5, 1, 5, 1, 0
13822, 335152, 3, 3, 5, 1, 5, 2, 0
13823, 335153, 3, 3, 5, 1, 5, 3, 0
13824, 335154, 3, 3, 5, 1, 5, 4, 0
13825, 335155, 3, 3, 5, 1, 5, 5, 0
13826, 335211, 3, 3, 5, 2, 1, 1, 0
13827, 335212, 3, 3, 5, 2, 1, 2, 0
13828, 335213, 3, 3, 5, 2, 1, 3, 0
13829, 335214, 3, 3, 5, 2, 1, 4, 0
13830, 335215, 3, 3, 5, 2, 1, 5, 0
13831, 335221, 3, 3, 5, 2, 2, 1, 0
13832, 335222, 3, 3, 5, 2, 2, 2, 0
13833, 335223, 3, 3, 5, 2, 2, 3, 0
13834, 335224, 3, 3, 5, 2, 2, 4, 0
13835, 335225, 3, 3, 5, 2, 2, 5, 0
13836, 335231, 3, 3, 5, 2, 3, 1, 0
13837, 335232, 3, 3, 5, 2, 3, 2, 0
13838, 335233, 3, 3, 5, 2, 3, 3, 0
13839, 335234, 3, 3, 5, 2, 3, 4, 0
13840, 335235, 3, 3, 5, 2, 3, 5, 0
13841, 335241, 3, 3, 5, 2, 4, 1, 0
13842, 335242, 3, 3, 5, 2, 4, 2, 0
13843, 335243, 3, 3, 5, 2, 4, 3, 0
13844, 335244, 3, 3, 5, 2, 4, 4, 0
13845, 335245, 3, 3, 5, 2, 4, 5, 0
13846, 335251, 3, 3, 5, 2, 5, 1, 0
13847, 335252, 3, 3, 5, 2, 5, 2, 0
13848, 335253, 3, 3, 5, 2, 5, 3, 0
13849, 335254, 3, 3, 5, 2, 5, 4, 0
13850, 335255, 3, 3, 5, 2, 5, 5, 0
13851, 335311, 3, 3, 5, 3, 1, 1, 0
13852, 335312, 3, 3, 5, 3, 1, 2, 0
13853, 335313, 3, 3, 5, 3, 1, 3, 0
13854, 335314, 3, 3, 5, 3, 1, 4, 0
13855, 335315, 3, 3, 5, 3, 1, 5, 0
13856, 335321, 3, 3, 5, 3, 2, 1, 0
13857, 335322, 3, 3, 5, 3, 2, 2, 0
13858, 335323, 3, 3, 5, 3, 2, 3, 0
13859, 335324, 3, 3, 5, 3, 2, 4, 0
13860, 335325, 3, 3, 5, 3, 2, 5, 0
13861, 335331, 3, 3, 5, 3, 3, 1, 0
13862, 335332, 3, 3, 5, 3, 3, 2, 0
13863, 335333, 3, 3, 5, 3, 3, 3, 0
13864, 335334, 3, 3, 5, 3, 3, 4, 0
13865, 335335, 3, 3, 5, 3, 3, 5, 0
13866, 335341, 3, 3, 5, 3, 4, 1, 0
13867, 335342, 3, 3, 5, 3, 4, 2, 0
13868, 335343, 3, 3, 5, 3, 4, 3, 0
13869, 335344, 3, 3, 5, 3, 4, 4, 0
13870, 335345, 3, 3, 5, 3, 4, 5, 0
13871, 335351, 3, 3, 5, 3, 5, 1, 0
13872, 335352, 3, 3, 5, 3, 5, 2, 0
13873, 335353, 3, 3, 5, 3, 5, 3, 0
13874, 335354, 3, 3, 5, 3, 5, 4, 0
13875, 335355, 3, 3, 5, 3, 5, 5, 0
13876, 335411, 3, 3, 5, 4, 1, 1, 0
13877, 335412, 3, 3, 5, 4, 1, 2, 0
13878, 335413, 3, 3, 5, 4, 1, 3, 0
13879, 335414, 3, 3, 5, 4, 1, 4, 0
13880, 335415, 3, 3, 5, 4, 1, 5, 0
13881, 335421, 3, 3, 5, 4, 2, 1, 0
13882, 335422, 3, 3, 5, 4, 2, 2, 0
13883, 335423, 3, 3, 5, 4, 2, 3, 0
13884, 335424, 3, 3, 5, 4, 2, 4, 0
13885, 335425, 3, 3, 5, 4, 2, 5, 0
13886, 335431, 3, 3, 5, 4, 3, 1, 0
13887, 335432, 3, 3, 5, 4, 3, 2, 0
13888, 335433, 3, 3, 5, 4, 3, 3, 0
13889, 335434, 3, 3, 5, 4, 3, 4, 0
13890, 335435, 3, 3, 5, 4, 3, 5, 0
13891, 335441, 3, 3, 5, 4, 4, 1, 0
13892, 335442, 3, 3, 5, 4, 4, 2, 0
13893, 335443, 3, 3, 5, 4, 4, 3, 0
13894, 335444, 3, 3, 5, 4, 4, 4, 0
13895, 335445, 3, 3, 5, 4, 4, 5, 0
13896, 335451, 3, 3, 5, 4, 5, 1, 0
13897, 335452, 3, 3, 5, 4, 5, 2, 0
13898, 335453, 3, 3, 5, 4, 5, 3, 0
13899, 335454, 3, 3, 5, 4, 5, 4, 0
13900, 335455, 3, 3, 5, 4, 5, 5, 0
13901, 336111, 3, 3, 6, 1, 1, 1, 0
13902, 336112, 3, 3, 6, 1, 1, 2, 0
13903, 336113, 3, 3, 6, 1, 1, 3, 0
13904, 336114, 3, 3, 6, 1, 1, 4, 0
13905, 336115, 3, 3, 6, 1, 1, 5, 0
13906, 336121, 3, 3, 6, 1, 2, 1, 0
13907, 336122, 3, 3, 6, 1, 2, 2, 0
13908, 336123, 3, 3, 6, 1, 2, 3, 0
13909, 336124, 3, 3, 6, 1, 2, 4, 0
13910, 336125, 3, 3, 6, 1, 2, 5, 0
13911, 336131, 3, 3, 6, 1, 3, 1, 0
13912, 336132, 3, 3, 6, 1, 3, 2, 0
13913, 336133, 3, 3, 6, 1, 3, 3, 0
13914, 336134, 3, 3, 6, 1, 3, 4, 0
13915, 336135, 3, 3, 6, 1, 3, 5, 0
13916, 336141, 3, 3, 6, 1, 4, 1, 0
13917, 336142, 3, 3, 6, 1, 4, 2, 0
13918, 336143, 3, 3, 6, 1, 4, 3, 0
13919, 336144, 3, 3, 6, 1, 4, 4, 0
13920, 336145, 3, 3, 6, 1, 4, 5, 0
13921, 336151, 3, 3, 6, 1, 5, 1, 0
13922, 336152, 3, 3, 6, 1, 5, 2, 0
13923, 336153, 3, 3, 6, 1, 5, 3, 0
13924, 336154, 3, 3, 6, 1, 5, 4, 0
13925, 336155, 3, 3, 6, 1, 5, 5, 0
13926, 336211, 3, 3, 6, 2, 1, 1, 0
13927, 336212, 3, 3, 6, 2, 1, 2, 0
13928, 336213, 3, 3, 6, 2, 1, 3, 0
13929, 336214, 3, 3, 6, 2, 1, 4, 0
13930, 336215, 3, 3, 6, 2, 1, 5, 0
13931, 336221, 3, 3, 6, 2, 2, 1, 0
13932, 336222, 3, 3, 6, 2, 2, 2, 0
13933, 336223, 3, 3, 6, 2, 2, 3, 0
13934, 336224, 3, 3, 6, 2, 2, 4, 0
13935, 336225, 3, 3, 6, 2, 2, 5, 0
13936, 336231, 3, 3, 6, 2, 3, 1, 0
13937, 336232, 3, 3, 6, 2, 3, 2, 0
13938, 336233, 3, 3, 6, 2, 3, 3, 0
13939, 336234, 3, 3, 6, 2, 3, 4, 0
13940, 336235, 3, 3, 6, 2, 3, 5, 0
13941, 336241, 3, 3, 6, 2, 4, 1, 0
13942, 336242, 3, 3, 6, 2, 4, 2, 0
13943, 336243, 3, 3, 6, 2, 4, 3, 0
13944, 336244, 3, 3, 6, 2, 4, 4, 0
13945, 336245, 3, 3, 6, 2, 4, 5, 0
13946, 336251, 3, 3, 6, 2, 5, 1, 0
13947, 336252, 3, 3, 6, 2, 5, 2, 0
13948, 336253, 3, 3, 6, 2, 5, 3, 0
13949, 336254, 3, 3, 6, 2, 5, 4, 0
13950, 336255, 3, 3, 6, 2, 5, 5, 0
13951, 336311, 3, 3, 6, 3, 1, 1, 0
13952, 336312, 3, 3, 6, 3, 1, 2, 0
13953, 336313, 3, 3, 6, 3, 1, 3, 0
13954, 336314, 3, 3, 6, 3, 1, 4, 0
13955, 336315, 3, 3, 6, 3, 1, 5, 0
13956, 336321, 3, 3, 6, 3, 2, 1, 0
13957, 336322, 3, 3, 6, 3, 2, 2, 0
13958, 336323, 3, 3, 6, 3, 2, 3, 0
13959, 336324, 3, 3, 6, 3, 2, 4, 0
13960, 336325, 3, 3, 6, 3, 2, 5, 0
13961, 336331, 3, 3, 6, 3, 3, 1, 0
13962, 336332, 3, 3, 6, 3, 3, 2, 0
13963, 336333, 3, 3, 6, 3, 3, 3, 0
13964, 336334, 3, 3, 6, 3, 3, 4, 0
13965, 336335, 3, 3, 6, 3, 3, 5, 0
13966, 336341, 3, 3, 6, 3, 4, 1, 0
13967, 336342, 3, 3, 6, 3, 4, 2, 0
13968, 336343, 3, 3, 6, 3, 4, 3, 0
13969, 336344, 3, 3, 6, 3, 4, 4, 0
13970, 336345, 3, 3, 6, 3, 4, 5, 0
13971, 336351, 3, 3, 6, 3, 5, 1, 0
13972, 336352, 3, 3, 6, 3, 5, 2, 0
13973, 336353, 3, 3, 6, 3, 5, 3, 0
13974, 336354, 3, 3, 6, 3, 5, 4, 0
13975, 336355, 3, 3, 6, 3, 5, 5, 0
13976, 336411, 3, 3, 6, 4, 1, 1, 0
13977, 336412, 3, 3, 6, 4, 1, 2, 0
13978, 336413, 3, 3, 6, 4, 1, 3, 0
13979, 336414, 3, 3, 6, 4, 1, 4, 0
13980, 336415, 3, 3, 6, 4, 1, 5, 0
13981, 336421, 3, 3, 6, 4, 2, 1, 0
13982, 336422, 3, 3, 6, 4, 2, 2, 0
13983, 336423, 3, 3, 6, 4, 2, 3, 0
13984, 336424, 3, 3, 6, 4, 2, 4, 0
13985, 336425, 3, 3, 6, 4, 2, 5, 0
13986, 336431, 3, 3, 6, 4, 3, 1, 0
13987, 336432, 3, 3, 6, 4, 3, 2, 0
13988, 336433, 3, 3, 6, 4, 3, 3, 0
13989, 336434, 3, 3, 6, 4, 3, 4, 0
13990, 336435, 3, 3, 6, 4, 3, 5, 0
13991, 336441, 3, 3, 6, 4, 4, 1, 0
13992, 336442, 3, 3, 6, 4, 4, 2, 0
13993, 336443, 3, 3, 6, 4, 4, 3, 0
13994, 336444, 3, 3, 6, 4, 4, 4, 0
13995, 336445, 3, 3, 6, 4, 4, 5, 0
13996, 336451, 3, 3, 6, 4, 5, 1, 0
13997, 336452, 3, 3, 6, 4, 5, 2, 0
13998, 336453, 3, 3, 6, 4, 5, 3, 0
13999, 336454, 3, 3, 6, 4, 5, 4, 0
14000, 336455, 3, 3, 6, 4, 5, 5, 0
14001, 337111, 3, 3, 7, 1, 1, 1, 0
14002, 337112, 3, 3, 7, 1, 1, 2, 0
14003, 337113, 3, 3, 7, 1, 1, 3, 0
14004, 337114, 3, 3, 7, 1, 1, 4, 0
14005, 337115, 3, 3, 7, 1, 1, 5, 0
14006, 337121, 3, 3, 7, 1, 2, 1, 0
14007, 337122, 3, 3, 7, 1, 2, 2, 0
14008, 337123, 3, 3, 7, 1, 2, 3, 0
14009, 337124, 3, 3, 7, 1, 2, 4, 0
14010, 337125, 3, 3, 7, 1, 2, 5, 0
14011, 337131, 3, 3, 7, 1, 3, 1, 0
14012, 337132, 3, 3, 7, 1, 3, 2, 0
14013, 337133, 3, 3, 7, 1, 3, 3, 0
14014, 337134, 3, 3, 7, 1, 3, 4, 0
14015, 337135, 3, 3, 7, 1, 3, 5, 0
14016, 337141, 3, 3, 7, 1, 4, 1, 0
14017, 337142, 3, 3, 7, 1, 4, 2, 0
14018, 337143, 3, 3, 7, 1, 4, 3, 0
14019, 337144, 3, 3, 7, 1, 4, 4, 0
14020, 337145, 3, 3, 7, 1, 4, 5, 0
14021, 337151, 3, 3, 7, 1, 5, 1, 0
14022, 337152, 3, 3, 7, 1, 5, 2, 0
14023, 337153, 3, 3, 7, 1, 5, 3, 0
14024, 337154, 3, 3, 7, 1, 5, 4, 0
14025, 337155, 3, 3, 7, 1, 5, 5, 0
14026, 337211, 3, 3, 7, 2, 1, 1, 0
14027, 337212, 3, 3, 7, 2, 1, 2, 0
14028, 337213, 3, 3, 7, 2, 1, 3, 0
14029, 337214, 3, 3, 7, 2, 1, 4, 0
14030, 337215, 3, 3, 7, 2, 1, 5, 0
14031, 337221, 3, 3, 7, 2, 2, 1, 0
14032, 337222, 3, 3, 7, 2, 2, 2, 0
14033, 337223, 3, 3, 7, 2, 2, 3, 0
14034, 337224, 3, 3, 7, 2, 2, 4, 0
14035, 337225, 3, 3, 7, 2, 2, 5, 0
14036, 337231, 3, 3, 7, 2, 3, 1, 0
14037, 337232, 3, 3, 7, 2, 3, 2, 0
14038, 337233, 3, 3, 7, 2, 3, 3, 0
14039, 337234, 3, 3, 7, 2, 3, 4, 0
14040, 337235, 3, 3, 7, 2, 3, 5, 0
14041, 337241, 3, 3, 7, 2, 4, 1, 0
14042, 337242, 3, 3, 7, 2, 4, 2, 0
14043, 337243, 3, 3, 7, 2, 4, 3, 0
14044, 337244, 3, 3, 7, 2, 4, 4, 0
14045, 337245, 3, 3, 7, 2, 4, 5, 0
14046, 337251, 3, 3, 7, 2, 5, 1, 0
14047, 337252, 3, 3, 7, 2, 5, 2, 0
14048, 337253, 3, 3, 7, 2, 5, 3, 0
14049, 337254, 3, 3, 7, 2, 5, 4, 0
14050, 337255, 3, 3, 7, 2, 5, 5, 0
14051, 337311, 3, 3, 7, 3, 1, 1, 0
14052, 337312, 3, 3, 7, 3, 1, 2, 0
14053, 337313, 3, 3, 7, 3, 1, 3, 0
14054, 337314, 3, 3, 7, 3, 1, 4, 0
14055, 337315, 3, 3, 7, 3, 1, 5, 0
14056, 337321, 3, 3, 7, 3, 2, 1, 0
14057, 337322, 3, 3, 7, 3, 2, 2, 0
14058, 337323, 3, 3, 7, 3, 2, 3, 0
14059, 337324, 3, 3, 7, 3, 2, 4, 0
14060, 337325, 3, 3, 7, 3, 2, 5, 0
14061, 337331, 3, 3, 7, 3, 3, 1, 0
14062, 337332, 3, 3, 7, 3, 3, 2, 0
14063, 337333, 3, 3, 7, 3, 3, 3, 0
14064, 337334, 3, 3, 7, 3, 3, 4, 0
14065, 337335, 3, 3, 7, 3, 3, 5, 0
14066, 337341, 3, 3, 7, 3, 4, 1, 0
14067, 337342, 3, 3, 7, 3, 4, 2, 0
14068, 337343, 3, 3, 7, 3, 4, 3, 0
14069, 337344, 3, 3, 7, 3, 4, 4, 0
14070, 337345, 3, 3, 7, 3, 4, 5, 0
14071, 337351, 3, 3, 7, 3, 5, 1, 0
14072, 337352, 3, 3, 7, 3, 5, 2, 0
14073, 337353, 3, 3, 7, 3, 5, 3, 0
14074, 337354, 3, 3, 7, 3, 5, 4, 0
14075, 337355, 3, 3, 7, 3, 5, 5, 0
14076, 337411, 3, 3, 7, 4, 1, 1, 0
14077, 337412, 3, 3, 7, 4, 1, 2, 0
14078, 337413, 3, 3, 7, 4, 1, 3, 0
14079, 337414, 3, 3, 7, 4, 1, 4, 0
14080, 337415, 3, 3, 7, 4, 1, 5, 0
14081, 337421, 3, 3, 7, 4, 2, 1, 0
14082, 337422, 3, 3, 7, 4, 2, 2, 0
14083, 337423, 3, 3, 7, 4, 2, 3, 0
14084, 337424, 3, 3, 7, 4, 2, 4, 0
14085, 337425, 3, 3, 7, 4, 2, 5, 0
14086, 337431, 3, 3, 7, 4, 3, 1, 0
14087, 337432, 3, 3, 7, 4, 3, 2, 0
14088, 337433, 3, 3, 7, 4, 3, 3, 0
14089, 337434, 3, 3, 7, 4, 3, 4, 0
14090, 337435, 3, 3, 7, 4, 3, 5, 0
14091, 337441, 3, 3, 7, 4, 4, 1, 0
14092, 337442, 3, 3, 7, 4, 4, 2, 0
14093, 337443, 3, 3, 7, 4, 4, 3, 0
14094, 337444, 3, 3, 7, 4, 4, 4, 0
14095, 337445, 3, 3, 7, 4, 4, 5, 0
14096, 337451, 3, 3, 7, 4, 5, 1, 0
14097, 337452, 3, 3, 7, 4, 5, 2, 0
14098, 337453, 3, 3, 7, 4, 5, 3, 0
14099, 337454, 3, 3, 7, 4, 5, 4, 0
14100, 337455, 3, 3, 7, 4, 5, 5, 0
14101, 341111, 3, 4, 1, 1, 1, 1, 0
14102, 341112, 3, 4, 1, 1, 1, 2, 0
14103, 341113, 3, 4, 1, 1, 1, 3, 0
14104, 341114, 3, 4, 1, 1, 1, 4, 0
14105, 341115, 3, 4, 1, 1, 1, 5, 0
14106, 341121, 3, 4, 1, 1, 2, 1, 0
14107, 341122, 3, 4, 1, 1, 2, 2, 0
14108, 341123, 3, 4, 1, 1, 2, 3, 0
14109, 341124, 3, 4, 1, 1, 2, 4, 0
14110, 341125, 3, 4, 1, 1, 2, 5, 0
14111, 341131, 3, 4, 1, 1, 3, 1, 0
14112, 341132, 3, 4, 1, 1, 3, 2, 0
14113, 341133, 3, 4, 1, 1, 3, 3, 0
14114, 341134, 3, 4, 1, 1, 3, 4, 0
14115, 341135, 3, 4, 1, 1, 3, 5, 0
14116, 341141, 3, 4, 1, 1, 4, 1, 0
14117, 341142, 3, 4, 1, 1, 4, 2, 0
14118, 341143, 3, 4, 1, 1, 4, 3, 0
14119, 341144, 3, 4, 1, 1, 4, 4, 0
14120, 341145, 3, 4, 1, 1, 4, 5, 0
14121, 341151, 3, 4, 1, 1, 5, 1, 0
14122, 341152, 3, 4, 1, 1, 5, 2, 0
14123, 341153, 3, 4, 1, 1, 5, 3, 0
14124, 341154, 3, 4, 1, 1, 5, 4, 0
14125, 341155, 3, 4, 1, 1, 5, 5, 0
14126, 341211, 3, 4, 1, 2, 1, 1, 0
14127, 341212, 3, 4, 1, 2, 1, 2, 0
14128, 341213, 3, 4, 1, 2, 1, 3, 0
14129, 341214, 3, 4, 1, 2, 1, 4, 0
14130, 341215, 3, 4, 1, 2, 1, 5, 0
14131, 341221, 3, 4, 1, 2, 2, 1, 0
14132, 341222, 3, 4, 1, 2, 2, 2, 0
14133, 341223, 3, 4, 1, 2, 2, 3, 0
14134, 341224, 3, 4, 1, 2, 2, 4, 0
14135, 341225, 3, 4, 1, 2, 2, 5, 0
14136, 341231, 3, 4, 1, 2, 3, 1, 0
14137, 341232, 3, 4, 1, 2, 3, 2, 0
14138, 341233, 3, 4, 1, 2, 3, 3, 0
14139, 341234, 3, 4, 1, 2, 3, 4, 0
14140, 341235, 3, 4, 1, 2, 3, 5, 0
14141, 341241, 3, 4, 1, 2, 4, 1, 0
14142, 341242, 3, 4, 1, 2, 4, 2, 0
14143, 341243, 3, 4, 1, 2, 4, 3, 0
14144, 341244, 3, 4, 1, 2, 4, 4, 0
14145, 341245, 3, 4, 1, 2, 4, 5, 0
14146, 341251, 3, 4, 1, 2, 5, 1, 0
14147, 341252, 3, 4, 1, 2, 5, 2, 0
14148, 341253, 3, 4, 1, 2, 5, 3, 0
14149, 341254, 3, 4, 1, 2, 5, 4, 0
14150, 341255, 3, 4, 1, 2, 5, 5, 0
14151, 341311, 3, 4, 1, 3, 1, 1, 0
14152, 341312, 3, 4, 1, 3, 1, 2, 0
14153, 341313, 3, 4, 1, 3, 1, 3, 0
14154, 341314, 3, 4, 1, 3, 1, 4, 0
14155, 341315, 3, 4, 1, 3, 1, 5, 0
14156, 341321, 3, 4, 1, 3, 2, 1, 0
14157, 341322, 3, 4, 1, 3, 2, 2, 0
14158, 341323, 3, 4, 1, 3, 2, 3, 0
14159, 341324, 3, 4, 1, 3, 2, 4, 0
14160, 341325, 3, 4, 1, 3, 2, 5, 0
14161, 341331, 3, 4, 1, 3, 3, 1, 0
14162, 341332, 3, 4, 1, 3, 3, 2, 0
14163, 341333, 3, 4, 1, 3, 3, 3, 0
14164, 341334, 3, 4, 1, 3, 3, 4, 0
14165, 341335, 3, 4, 1, 3, 3, 5, 0
14166, 341341, 3, 4, 1, 3, 4, 1, 0
14167, 341342, 3, 4, 1, 3, 4, 2, 0
14168, 341343, 3, 4, 1, 3, 4, 3, 0
14169, 341344, 3, 4, 1, 3, 4, 4, 0
14170, 341345, 3, 4, 1, 3, 4, 5, 0
14171, 341351, 3, 4, 1, 3, 5, 1, 0
14172, 341352, 3, 4, 1, 3, 5, 2, 0
14173, 341353, 3, 4, 1, 3, 5, 3, 0
14174, 341354, 3, 4, 1, 3, 5, 4, 0
14175, 341355, 3, 4, 1, 3, 5, 5, 0
14176, 341411, 3, 4, 1, 4, 1, 1, 0
14177, 341412, 3, 4, 1, 4, 1, 2, 0
14178, 341413, 3, 4, 1, 4, 1, 3, 0
14179, 341414, 3, 4, 1, 4, 1, 4, 0
14180, 341415, 3, 4, 1, 4, 1, 5, 0
14181, 341421, 3, 4, 1, 4, 2, 1, 0
14182, 341422, 3, 4, 1, 4, 2, 2, 0
14183, 341423, 3, 4, 1, 4, 2, 3, 0
14184, 341424, 3, 4, 1, 4, 2, 4, 0
14185, 341425, 3, 4, 1, 4, 2, 5, 0
14186, 341431, 3, 4, 1, 4, 3, 1, 0
14187, 341432, 3, 4, 1, 4, 3, 2, 0
14188, 341433, 3, 4, 1, 4, 3, 3, 0
14189, 341434, 3, 4, 1, 4, 3, 4, 0
14190, 341435, 3, 4, 1, 4, 3, 5, 0
14191, 341441, 3, 4, 1, 4, 4, 1, 0
14192, 341442, 3, 4, 1, 4, 4, 2, 0
14193, 341443, 3, 4, 1, 4, 4, 3, 0
14194, 341444, 3, 4, 1, 4, 4, 4, 0
14195, 341445, 3, 4, 1, 4, 4, 5, 0
14196, 341451, 3, 4, 1, 4, 5, 1, 0
14197, 341452, 3, 4, 1, 4, 5, 2, 0
14198, 341453, 3, 4, 1, 4, 5, 3, 0
14199, 341454, 3, 4, 1, 4, 5, 4, 0
14200, 341455, 3, 4, 1, 4, 5, 5, 0
14201, 342111, 3, 4, 2, 1, 1, 1, 0
14202, 342112, 3, 4, 2, 1, 1, 2, 0
14203, 342113, 3, 4, 2, 1, 1, 3, 0
14204, 342114, 3, 4, 2, 1, 1, 4, 0
14205, 342115, 3, 4, 2, 1, 1, 5, 0
14206, 342121, 3, 4, 2, 1, 2, 1, 0
14207, 342122, 3, 4, 2, 1, 2, 2, 0
14208, 342123, 3, 4, 2, 1, 2, 3, 0
14209, 342124, 3, 4, 2, 1, 2, 4, 0
14210, 342125, 3, 4, 2, 1, 2, 5, 0
14211, 342131, 3, 4, 2, 1, 3, 1, 0
14212, 342132, 3, 4, 2, 1, 3, 2, 0
14213, 342133, 3, 4, 2, 1, 3, 3, 0
14214, 342134, 3, 4, 2, 1, 3, 4, 0
14215, 342135, 3, 4, 2, 1, 3, 5, 0
14216, 342141, 3, 4, 2, 1, 4, 1, 0
14217, 342142, 3, 4, 2, 1, 4, 2, 0
14218, 342143, 3, 4, 2, 1, 4, 3, 0
14219, 342144, 3, 4, 2, 1, 4, 4, 0
14220, 342145, 3, 4, 2, 1, 4, 5, 0
14221, 342151, 3, 4, 2, 1, 5, 1, 0
14222, 342152, 3, 4, 2, 1, 5, 2, 0
14223, 342153, 3, 4, 2, 1, 5, 3, 0
14224, 342154, 3, 4, 2, 1, 5, 4, 0
14225, 342155, 3, 4, 2, 1, 5, 5, 0
14226, 342211, 3, 4, 2, 2, 1, 1, 0
14227, 342212, 3, 4, 2, 2, 1, 2, 0
14228, 342213, 3, 4, 2, 2, 1, 3, 0
14229, 342214, 3, 4, 2, 2, 1, 4, 0
14230, 342215, 3, 4, 2, 2, 1, 5, 0
14231, 342221, 3, 4, 2, 2, 2, 1, 0
14232, 342222, 3, 4, 2, 2, 2, 2, 0
14233, 342223, 3, 4, 2, 2, 2, 3, 0
14234, 342224, 3, 4, 2, 2, 2, 4, 0
14235, 342225, 3, 4, 2, 2, 2, 5, 0
14236, 342231, 3, 4, 2, 2, 3, 1, 0
14237, 342232, 3, 4, 2, 2, 3, 2, 0
14238, 342233, 3, 4, 2, 2, 3, 3, 0
14239, 342234, 3, 4, 2, 2, 3, 4, 0
14240, 342235, 3, 4, 2, 2, 3, 5, 0
14241, 342241, 3, 4, 2, 2, 4, 1, 0
14242, 342242, 3, 4, 2, 2, 4, 2, 0
14243, 342243, 3, 4, 2, 2, 4, 3, 0
14244, 342244, 3, 4, 2, 2, 4, 4, 0
14245, 342245, 3, 4, 2, 2, 4, 5, 0
14246, 342251, 3, 4, 2, 2, 5, 1, 0
14247, 342252, 3, 4, 2, 2, 5, 2, 0
14248, 342253, 3, 4, 2, 2, 5, 3, 0
14249, 342254, 3, 4, 2, 2, 5, 4, 0
14250, 342255, 3, 4, 2, 2, 5, 5, 0
14251, 342311, 3, 4, 2, 3, 1, 1, 0
14252, 342312, 3, 4, 2, 3, 1, 2, 0
14253, 342313, 3, 4, 2, 3, 1, 3, 0
14254, 342314, 3, 4, 2, 3, 1, 4, 0
14255, 342315, 3, 4, 2, 3, 1, 5, 0
14256, 342321, 3, 4, 2, 3, 2, 1, 0
14257, 342322, 3, 4, 2, 3, 2, 2, 0
14258, 342323, 3, 4, 2, 3, 2, 3, 0
14259, 342324, 3, 4, 2, 3, 2, 4, 0
14260, 342325, 3, 4, 2, 3, 2, 5, 0
14261, 342331, 3, 4, 2, 3, 3, 1, 0
14262, 342332, 3, 4, 2, 3, 3, 2, 0
14263, 342333, 3, 4, 2, 3, 3, 3, 0
14264, 342334, 3, 4, 2, 3, 3, 4, 0
14265, 342335, 3, 4, 2, 3, 3, 5, 0
14266, 342341, 3, 4, 2, 3, 4, 1, 0
14267, 342342, 3, 4, 2, 3, 4, 2, 0
14268, 342343, 3, 4, 2, 3, 4, 3, 0
14269, 342344, 3, 4, 2, 3, 4, 4, 0
14270, 342345, 3, 4, 2, 3, 4, 5, 0
14271, 342351, 3, 4, 2, 3, 5, 1, 0
14272, 342352, 3, 4, 2, 3, 5, 2, 0
14273, 342353, 3, 4, 2, 3, 5, 3, 0
14274, 342354, 3, 4, 2, 3, 5, 4, 0
14275, 342355, 3, 4, 2, 3, 5, 5, 0
14276, 342411, 3, 4, 2, 4, 1, 1, 0
14277, 342412, 3, 4, 2, 4, 1, 2, 0
14278, 342413, 3, 4, 2, 4, 1, 3, 0
14279, 342414, 3, 4, 2, 4, 1, 4, 0
14280, 342415, 3, 4, 2, 4, 1, 5, 0
14281, 342421, 3, 4, 2, 4, 2, 1, 0
14282, 342422, 3, 4, 2, 4, 2, 2, 0
14283, 342423, 3, 4, 2, 4, 2, 3, 0
14284, 342424, 3, 4, 2, 4, 2, 4, 0
14285, 342425, 3, 4, 2, 4, 2, 5, 0
14286, 342431, 3, 4, 2, 4, 3, 1, 0
14287, 342432, 3, 4, 2, 4, 3, 2, 0
14288, 342433, 3, 4, 2, 4, 3, 3, 0
14289, 342434, 3, 4, 2, 4, 3, 4, 0
14290, 342435, 3, 4, 2, 4, 3, 5, 0
14291, 342441, 3, 4, 2, 4, 4, 1, 0
14292, 342442, 3, 4, 2, 4, 4, 2, 0
14293, 342443, 3, 4, 2, 4, 4, 3, 0
14294, 342444, 3, 4, 2, 4, 4, 4, 0
14295, 342445, 3, 4, 2, 4, 4, 5, 0
14296, 342451, 3, 4, 2, 4, 5, 1, 0
14297, 342452, 3, 4, 2, 4, 5, 2, 0
14298, 342453, 3, 4, 2, 4, 5, 3, 0
14299, 342454, 3, 4, 2, 4, 5, 4, 0
14300, 342455, 3, 4, 2, 4, 5, 5, 0
14301, 343111, 3, 4, 3, 1, 1, 1, 0
14302, 343112, 3, 4, 3, 1, 1, 2, 0
14303, 343113, 3, 4, 3, 1, 1, 3, 0
14304, 343114, 3, 4, 3, 1, 1, 4, 0
14305, 343115, 3, 4, 3, 1, 1, 5, 0
14306, 343121, 3, 4, 3, 1, 2, 1, 0
14307, 343122, 3, 4, 3, 1, 2, 2, 0
14308, 343123, 3, 4, 3, 1, 2, 3, 0
14309, 343124, 3, 4, 3, 1, 2, 4, 0
14310, 343125, 3, 4, 3, 1, 2, 5, 0
14311, 343131, 3, 4, 3, 1, 3, 1, 0
14312, 343132, 3, 4, 3, 1, 3, 2, 0
14313, 343133, 3, 4, 3, 1, 3, 3, 0
14314, 343134, 3, 4, 3, 1, 3, 4, 0
14315, 343135, 3, 4, 3, 1, 3, 5, 0
14316, 343141, 3, 4, 3, 1, 4, 1, 0
14317, 343142, 3, 4, 3, 1, 4, 2, 0
14318, 343143, 3, 4, 3, 1, 4, 3, 0
14319, 343144, 3, 4, 3, 1, 4, 4, 0
14320, 343145, 3, 4, 3, 1, 4, 5, 0
14321, 343151, 3, 4, 3, 1, 5, 1, 0
14322, 343152, 3, 4, 3, 1, 5, 2, 0
14323, 343153, 3, 4, 3, 1, 5, 3, 0
14324, 343154, 3, 4, 3, 1, 5, 4, 0
14325, 343155, 3, 4, 3, 1, 5, 5, 0
14326, 343211, 3, 4, 3, 2, 1, 1, 0
14327, 343212, 3, 4, 3, 2, 1, 2, 0
14328, 343213, 3, 4, 3, 2, 1, 3, 0
14329, 343214, 3, 4, 3, 2, 1, 4, 0
14330, 343215, 3, 4, 3, 2, 1, 5, 0
14331, 343221, 3, 4, 3, 2, 2, 1, 0
14332, 343222, 3, 4, 3, 2, 2, 2, 0
14333, 343223, 3, 4, 3, 2, 2, 3, 0
14334, 343224, 3, 4, 3, 2, 2, 4, 0
14335, 343225, 3, 4, 3, 2, 2, 5, 0
14336, 343231, 3, 4, 3, 2, 3, 1, 0
14337, 343232, 3, 4, 3, 2, 3, 2, 0
14338, 343233, 3, 4, 3, 2, 3, 3, 0
14339, 343234, 3, 4, 3, 2, 3, 4, 0
14340, 343235, 3, 4, 3, 2, 3, 5, 0
14341, 343241, 3, 4, 3, 2, 4, 1, 0
14342, 343242, 3, 4, 3, 2, 4, 2, 0
14343, 343243, 3, 4, 3, 2, 4, 3, 0
14344, 343244, 3, 4, 3, 2, 4, 4, 0
14345, 343245, 3, 4, 3, 2, 4, 5, 0
14346, 343251, 3, 4, 3, 2, 5, 1, 0
14347, 343252, 3, 4, 3, 2, 5, 2, 0
14348, 343253, 3, 4, 3, 2, 5, 3, 0
14349, 343254, 3, 4, 3, 2, 5, 4, 0
14350, 343255, 3, 4, 3, 2, 5, 5, 0
14351, 343311, 3, 4, 3, 3, 1, 1, 0
14352, 343312, 3, 4, 3, 3, 1, 2, 0
14353, 343313, 3, 4, 3, 3, 1, 3, 0
14354, 343314, 3, 4, 3, 3, 1, 4, 0
14355, 343315, 3, 4, 3, 3, 1, 5, 0
14356, 343321, 3, 4, 3, 3, 2, 1, 0
14357, 343322, 3, 4, 3, 3, 2, 2, 0
14358, 343323, 3, 4, 3, 3, 2, 3, 0
14359, 343324, 3, 4, 3, 3, 2, 4, 0
14360, 343325, 3, 4, 3, 3, 2, 5, 0
14361, 343331, 3, 4, 3, 3, 3, 1, 0
14362, 343332, 3, 4, 3, 3, 3, 2, 0
14363, 343333, 3, 4, 3, 3, 3, 3, 0
14364, 343334, 3, 4, 3, 3, 3, 4, 0
14365, 343335, 3, 4, 3, 3, 3, 5, 0
14366, 343341, 3, 4, 3, 3, 4, 1, 0
14367, 343342, 3, 4, 3, 3, 4, 2, 0
14368, 343343, 3, 4, 3, 3, 4, 3, 0
14369, 343344, 3, 4, 3, 3, 4, 4, 0
14370, 343345, 3, 4, 3, 3, 4, 5, 0
14371, 343351, 3, 4, 3, 3, 5, 1, 0
14372, 343352, 3, 4, 3, 3, 5, 2, 0
14373, 343353, 3, 4, 3, 3, 5, 3, 0
14374, 343354, 3, 4, 3, 3, 5, 4, 0
14375, 343355, 3, 4, 3, 3, 5, 5, 0
14376, 343411, 3, 4, 3, 4, 1, 1, 0
14377, 343412, 3, 4, 3, 4, 1, 2, 0
14378, 343413, 3, 4, 3, 4, 1, 3, 0
14379, 343414, 3, 4, 3, 4, 1, 4, 0
14380, 343415, 3, 4, 3, 4, 1, 5, 0
14381, 343421, 3, 4, 3, 4, 2, 1, 0
14382, 343422, 3, 4, 3, 4, 2, 2, 0
14383, 343423, 3, 4, 3, 4, 2, 3, 0
14384, 343424, 3, 4, 3, 4, 2, 4, 0
14385, 343425, 3, 4, 3, 4, 2, 5, 0
14386, 343431, 3, 4, 3, 4, 3, 1, 0
14387, 343432, 3, 4, 3, 4, 3, 2, 0
14388, 343433, 3, 4, 3, 4, 3, 3, 0
14389, 343434, 3, 4, 3, 4, 3, 4, 0
14390, 343435, 3, 4, 3, 4, 3, 5, 0
14391, 343441, 3, 4, 3, 4, 4, 1, 0
14392, 343442, 3, 4, 3, 4, 4, 2, 0
14393, 343443, 3, 4, 3, 4, 4, 3, 0
14394, 343444, 3, 4, 3, 4, 4, 4, 0
14395, 343445, 3, 4, 3, 4, 4, 5, 0
14396, 343451, 3, 4, 3, 4, 5, 1, 0
14397, 343452, 3, 4, 3, 4, 5, 2, 0
14398, 343453, 3, 4, 3, 4, 5, 3, 0
14399, 343454, 3, 4, 3, 4, 5, 4, 0
14400, 343455, 3, 4, 3, 4, 5, 5, 0
14401, 344111, 3, 4, 4, 1, 1, 1, 0
14402, 344112, 3, 4, 4, 1, 1, 2, 0
14403, 344113, 3, 4, 4, 1, 1, 3, 0
14404, 344114, 3, 4, 4, 1, 1, 4, 0
14405, 344115, 3, 4, 4, 1, 1, 5, 0
14406, 344121, 3, 4, 4, 1, 2, 1, 0
14407, 344122, 3, 4, 4, 1, 2, 2, 0
14408, 344123, 3, 4, 4, 1, 2, 3, 0
14409, 344124, 3, 4, 4, 1, 2, 4, 0
14410, 344125, 3, 4, 4, 1, 2, 5, 0
14411, 344131, 3, 4, 4, 1, 3, 1, 0
14412, 344132, 3, 4, 4, 1, 3, 2, 0
14413, 344133, 3, 4, 4, 1, 3, 3, 0
14414, 344134, 3, 4, 4, 1, 3, 4, 0
14415, 344135, 3, 4, 4, 1, 3, 5, 0
14416, 344141, 3, 4, 4, 1, 4, 1, 0
14417, 344142, 3, 4, 4, 1, 4, 2, 0
14418, 344143, 3, 4, 4, 1, 4, 3, 0
14419, 344144, 3, 4, 4, 1, 4, 4, 0
14420, 344145, 3, 4, 4, 1, 4, 5, 0
14421, 344151, 3, 4, 4, 1, 5, 1, 0
14422, 344152, 3, 4, 4, 1, 5, 2, 0
14423, 344153, 3, 4, 4, 1, 5, 3, 0
14424, 344154, 3, 4, 4, 1, 5, 4, 0
14425, 344155, 3, 4, 4, 1, 5, 5, 0
14426, 344211, 3, 4, 4, 2, 1, 1, 0
14427, 344212, 3, 4, 4, 2, 1, 2, 0
14428, 344213, 3, 4, 4, 2, 1, 3, 0
14429, 344214, 3, 4, 4, 2, 1, 4, 0
14430, 344215, 3, 4, 4, 2, 1, 5, 0
14431, 344221, 3, 4, 4, 2, 2, 1, 0
14432, 344222, 3, 4, 4, 2, 2, 2, 0
14433, 344223, 3, 4, 4, 2, 2, 3, 0
14434, 344224, 3, 4, 4, 2, 2, 4, 0
14435, 344225, 3, 4, 4, 2, 2, 5, 0
14436, 344231, 3, 4, 4, 2, 3, 1, 0
14437, 344232, 3, 4, 4, 2, 3, 2, 0
14438, 344233, 3, 4, 4, 2, 3, 3, 0
14439, 344234, 3, 4, 4, 2, 3, 4, 0
14440, 344235, 3, 4, 4, 2, 3, 5, 0
14441, 344241, 3, 4, 4, 2, 4, 1, 0
14442, 344242, 3, 4, 4, 2, 4, 2, 0
14443, 344243, 3, 4, 4, 2, 4, 3, 0
14444, 344244, 3, 4, 4, 2, 4, 4, 0
14445, 344245, 3, 4, 4, 2, 4, 5, 0
14446, 344251, 3, 4, 4, 2, 5, 1, 0
14447, 344252, 3, 4, 4, 2, 5, 2, 0
14448, 344253, 3, 4, 4, 2, 5, 3, 0
14449, 344254, 3, 4, 4, 2, 5, 4, 0
14450, 344255, 3, 4, 4, 2, 5, 5, 0
14451, 344311, 3, 4, 4, 3, 1, 1, 0
14452, 344312, 3, 4, 4, 3, 1, 2, 0
14453, 344313, 3, 4, 4, 3, 1, 3, 0
14454, 344314, 3, 4, 4, 3, 1, 4, 0
14455, 344315, 3, 4, 4, 3, 1, 5, 0
14456, 344321, 3, 4, 4, 3, 2, 1, 0
14457, 344322, 3, 4, 4, 3, 2, 2, 0
14458, 344323, 3, 4, 4, 3, 2, 3, 0
14459, 344324, 3, 4, 4, 3, 2, 4, 0
14460, 344325, 3, 4, 4, 3, 2, 5, 0
14461, 344331, 3, 4, 4, 3, 3, 1, 0
14462, 344332, 3, 4, 4, 3, 3, 2, 0
14463, 344333, 3, 4, 4, 3, 3, 3, 0
14464, 344334, 3, 4, 4, 3, 3, 4, 0
14465, 344335, 3, 4, 4, 3, 3, 5, 0
14466, 344341, 3, 4, 4, 3, 4, 1, 0
14467, 344342, 3, 4, 4, 3, 4, 2, 0
14468, 344343, 3, 4, 4, 3, 4, 3, 0
14469, 344344, 3, 4, 4, 3, 4, 4, 0
14470, 344345, 3, 4, 4, 3, 4, 5, 0
14471, 344351, 3, 4, 4, 3, 5, 1, 0
14472, 344352, 3, 4, 4, 3, 5, 2, 0
14473, 344353, 3, 4, 4, 3, 5, 3, 0
14474, 344354, 3, 4, 4, 3, 5, 4, 0
14475, 344355, 3, 4, 4, 3, 5, 5, 0
14476, 344411, 3, 4, 4, 4, 1, 1, 0
14477, 344412, 3, 4, 4, 4, 1, 2, 0
14478, 344413, 3, 4, 4, 4, 1, 3, 0
14479, 344414, 3, 4, 4, 4, 1, 4, 0
14480, 344415, 3, 4, 4, 4, 1, 5, 0
14481, 344421, 3, 4, 4, 4, 2, 1, 0
14482, 344422, 3, 4, 4, 4, 2, 2, 0
14483, 344423, 3, 4, 4, 4, 2, 3, 0
14484, 344424, 3, 4, 4, 4, 2, 4, 0
14485, 344425, 3, 4, 4, 4, 2, 5, 0
14486, 344431, 3, 4, 4, 4, 3, 1, 0
14487, 344432, 3, 4, 4, 4, 3, 2, 0
14488, 344433, 3, 4, 4, 4, 3, 3, 0
14489, 344434, 3, 4, 4, 4, 3, 4, 0
14490, 344435, 3, 4, 4, 4, 3, 5, 0
14491, 344441, 3, 4, 4, 4, 4, 1, 0
14492, 344442, 3, 4, 4, 4, 4, 2, 0
14493, 344443, 3, 4, 4, 4, 4, 3, 0
14494, 344444, 3, 4, 4, 4, 4, 4, 0
14495, 344445, 3, 4, 4, 4, 4, 5, 0
14496, 344451, 3, 4, 4, 4, 5, 1, 0
14497, 344452, 3, 4, 4, 4, 5, 2, 0
14498, 344453, 3, 4, 4, 4, 5, 3, 0
14499, 344454, 3, 4, 4, 4, 5, 4, 0
14500, 344455, 3, 4, 4, 4, 5, 5, 0
14501, 345111, 3, 4, 5, 1, 1, 1, 0
14502, 345112, 3, 4, 5, 1, 1, 2, 0
14503, 345113, 3, 4, 5, 1, 1, 3, 0
14504, 345114, 3, 4, 5, 1, 1, 4, 0
14505, 345115, 3, 4, 5, 1, 1, 5, 0
14506, 345121, 3, 4, 5, 1, 2, 1, 0
14507, 345122, 3, 4, 5, 1, 2, 2, 0
14508, 345123, 3, 4, 5, 1, 2, 3, 0
14509, 345124, 3, 4, 5, 1, 2, 4, 0
14510, 345125, 3, 4, 5, 1, 2, 5, 0
14511, 345131, 3, 4, 5, 1, 3, 1, 0
14512, 345132, 3, 4, 5, 1, 3, 2, 0
14513, 345133, 3, 4, 5, 1, 3, 3, 0
14514, 345134, 3, 4, 5, 1, 3, 4, 0
14515, 345135, 3, 4, 5, 1, 3, 5, 0
14516, 345141, 3, 4, 5, 1, 4, 1, 0
14517, 345142, 3, 4, 5, 1, 4, 2, 0
14518, 345143, 3, 4, 5, 1, 4, 3, 0
14519, 345144, 3, 4, 5, 1, 4, 4, 0
14520, 345145, 3, 4, 5, 1, 4, 5, 0
14521, 345151, 3, 4, 5, 1, 5, 1, 0
14522, 345152, 3, 4, 5, 1, 5, 2, 0
14523, 345153, 3, 4, 5, 1, 5, 3, 0
14524, 345154, 3, 4, 5, 1, 5, 4, 0
14525, 345155, 3, 4, 5, 1, 5, 5, 0
14526, 345211, 3, 4, 5, 2, 1, 1, 0
14527, 345212, 3, 4, 5, 2, 1, 2, 0
14528, 345213, 3, 4, 5, 2, 1, 3, 0
14529, 345214, 3, 4, 5, 2, 1, 4, 0
14530, 345215, 3, 4, 5, 2, 1, 5, 0
14531, 345221, 3, 4, 5, 2, 2, 1, 0
14532, 345222, 3, 4, 5, 2, 2, 2, 0
14533, 345223, 3, 4, 5, 2, 2, 3, 0
14534, 345224, 3, 4, 5, 2, 2, 4, 0
14535, 345225, 3, 4, 5, 2, 2, 5, 0
14536, 345231, 3, 4, 5, 2, 3, 1, 0
14537, 345232, 3, 4, 5, 2, 3, 2, 0
14538, 345233, 3, 4, 5, 2, 3, 3, 0
14539, 345234, 3, 4, 5, 2, 3, 4, 0
14540, 345235, 3, 4, 5, 2, 3, 5, 0
14541, 345241, 3, 4, 5, 2, 4, 1, 0
14542, 345242, 3, 4, 5, 2, 4, 2, 0
14543, 345243, 3, 4, 5, 2, 4, 3, 0
14544, 345244, 3, 4, 5, 2, 4, 4, 0
14545, 345245, 3, 4, 5, 2, 4, 5, 0
14546, 345251, 3, 4, 5, 2, 5, 1, 0
14547, 345252, 3, 4, 5, 2, 5, 2, 0
14548, 345253, 3, 4, 5, 2, 5, 3, 0
14549, 345254, 3, 4, 5, 2, 5, 4, 0
14550, 345255, 3, 4, 5, 2, 5, 5, 0
14551, 345311, 3, 4, 5, 3, 1, 1, 0
14552, 345312, 3, 4, 5, 3, 1, 2, 0
14553, 345313, 3, 4, 5, 3, 1, 3, 0
14554, 345314, 3, 4, 5, 3, 1, 4, 0
14555, 345315, 3, 4, 5, 3, 1, 5, 0
14556, 345321, 3, 4, 5, 3, 2, 1, 0
14557, 345322, 3, 4, 5, 3, 2, 2, 0
14558, 345323, 3, 4, 5, 3, 2, 3, 0
14559, 345324, 3, 4, 5, 3, 2, 4, 0
14560, 345325, 3, 4, 5, 3, 2, 5, 0
14561, 345331, 3, 4, 5, 3, 3, 1, 0
14562, 345332, 3, 4, 5, 3, 3, 2, 0
14563, 345333, 3, 4, 5, 3, 3, 3, 0
14564, 345334, 3, 4, 5, 3, 3, 4, 0
14565, 345335, 3, 4, 5, 3, 3, 5, 0
14566, 345341, 3, 4, 5, 3, 4, 1, 0
14567, 345342, 3, 4, 5, 3, 4, 2, 0
14568, 345343, 3, 4, 5, 3, 4, 3, 0
14569, 345344, 3, 4, 5, 3, 4, 4, 0
14570, 345345, 3, 4, 5, 3, 4, 5, 0
14571, 345351, 3, 4, 5, 3, 5, 1, 0
14572, 345352, 3, 4, 5, 3, 5, 2, 0
14573, 345353, 3, 4, 5, 3, 5, 3, 0
14574, 345354, 3, 4, 5, 3, 5, 4, 0
14575, 345355, 3, 4, 5, 3, 5, 5, 0
14576, 345411, 3, 4, 5, 4, 1, 1, 0
14577, 345412, 3, 4, 5, 4, 1, 2, 0
14578, 345413, 3, 4, 5, 4, 1, 3, 0
14579, 345414, 3, 4, 5, 4, 1, 4, 0
14580, 345415, 3, 4, 5, 4, 1, 5, 0
14581, 345421, 3, 4, 5, 4, 2, 1, 0
14582, 345422, 3, 4, 5, 4, 2, 2, 0
14583, 345423, 3, 4, 5, 4, 2, 3, 0
14584, 345424, 3, 4, 5, 4, 2, 4, 0
14585, 345425, 3, 4, 5, 4, 2, 5, 0
14586, 345431, 3, 4, 5, 4, 3, 1, 0
14587, 345432, 3, 4, 5, 4, 3, 2, 0
14588, 345433, 3, 4, 5, 4, 3, 3, 0
14589, 345434, 3, 4, 5, 4, 3, 4, 0
14590, 345435, 3, 4, 5, 4, 3, 5, 0
14591, 345441, 3, 4, 5, 4, 4, 1, 0
14592, 345442, 3, 4, 5, 4, 4, 2, 0
14593, 345443, 3, 4, 5, 4, 4, 3, 0
14594, 345444, 3, 4, 5, 4, 4, 4, 0
14595, 345445, 3, 4, 5, 4, 4, 5, 0
14596, 345451, 3, 4, 5, 4, 5, 1, 0
14597, 345452, 3, 4, 5, 4, 5, 2, 0
14598, 345453, 3, 4, 5, 4, 5, 3, 0
14599, 345454, 3, 4, 5, 4, 5, 4, 0
14600, 345455, 3, 4, 5, 4, 5, 5, 0
14601, 346111, 3, 4, 6, 1, 1, 1, 0
14602, 346112, 3, 4, 6, 1, 1, 2, 0
14603, 346113, 3, 4, 6, 1, 1, 3, 0
14604, 346114, 3, 4, 6, 1, 1, 4, 0
14605, 346115, 3, 4, 6, 1, 1, 5, 0
14606, 346121, 3, 4, 6, 1, 2, 1, 0
14607, 346122, 3, 4, 6, 1, 2, 2, 0
14608, 346123, 3, 4, 6, 1, 2, 3, 0
14609, 346124, 3, 4, 6, 1, 2, 4, 0
14610, 346125, 3, 4, 6, 1, 2, 5, 0
14611, 346131, 3, 4, 6, 1, 3, 1, 0
14612, 346132, 3, 4, 6, 1, 3, 2, 0
14613, 346133, 3, 4, 6, 1, 3, 3, 0
14614, 346134, 3, 4, 6, 1, 3, 4, 0
14615, 346135, 3, 4, 6, 1, 3, 5, 0
14616, 346141, 3, 4, 6, 1, 4, 1, 0
14617, 346142, 3, 4, 6, 1, 4, 2, 0
14618, 346143, 3, 4, 6, 1, 4, 3, 0
14619, 346144, 3, 4, 6, 1, 4, 4, 0
14620, 346145, 3, 4, 6, 1, 4, 5, 0
14621, 346151, 3, 4, 6, 1, 5, 1, 0
14622, 346152, 3, 4, 6, 1, 5, 2, 0
14623, 346153, 3, 4, 6, 1, 5, 3, 0
14624, 346154, 3, 4, 6, 1, 5, 4, 0
14625, 346155, 3, 4, 6, 1, 5, 5, 0
14626, 346211, 3, 4, 6, 2, 1, 1, 0
14627, 346212, 3, 4, 6, 2, 1, 2, 0
14628, 346213, 3, 4, 6, 2, 1, 3, 0
14629, 346214, 3, 4, 6, 2, 1, 4, 0
14630, 346215, 3, 4, 6, 2, 1, 5, 0
14631, 346221, 3, 4, 6, 2, 2, 1, 0
14632, 346222, 3, 4, 6, 2, 2, 2, 0
14633, 346223, 3, 4, 6, 2, 2, 3, 0
14634, 346224, 3, 4, 6, 2, 2, 4, 0
14635, 346225, 3, 4, 6, 2, 2, 5, 0
14636, 346231, 3, 4, 6, 2, 3, 1, 0
14637, 346232, 3, 4, 6, 2, 3, 2, 0
14638, 346233, 3, 4, 6, 2, 3, 3, 0
14639, 346234, 3, 4, 6, 2, 3, 4, 0
14640, 346235, 3, 4, 6, 2, 3, 5, 0
14641, 346241, 3, 4, 6, 2, 4, 1, 0
14642, 346242, 3, 4, 6, 2, 4, 2, 0
14643, 346243, 3, 4, 6, 2, 4, 3, 0
14644, 346244, 3, 4, 6, 2, 4, 4, 0
14645, 346245, 3, 4, 6, 2, 4, 5, 0
14646, 346251, 3, 4, 6, 2, 5, 1, 0
14647, 346252, 3, 4, 6, 2, 5, 2, 0
14648, 346253, 3, 4, 6, 2, 5, 3, 0
14649, 346254, 3, 4, 6, 2, 5, 4, 0
14650, 346255, 3, 4, 6, 2, 5, 5, 0
14651, 346311, 3, 4, 6, 3, 1, 1, 0
14652, 346312, 3, 4, 6, 3, 1, 2, 0
14653, 346313, 3, 4, 6, 3, 1, 3, 0
14654, 346314, 3, 4, 6, 3, 1, 4, 0
14655, 346315, 3, 4, 6, 3, 1, 5, 0
14656, 346321, 3, 4, 6, 3, 2, 1, 0
14657, 346322, 3, 4, 6, 3, 2, 2, 0
14658, 346323, 3, 4, 6, 3, 2, 3, 0
14659, 346324, 3, 4, 6, 3, 2, 4, 0
14660, 346325, 3, 4, 6, 3, 2, 5, 0
14661, 346331, 3, 4, 6, 3, 3, 1, 0
14662, 346332, 3, 4, 6, 3, 3, 2, 0
14663, 346333, 3, 4, 6, 3, 3, 3, 0
14664, 346334, 3, 4, 6, 3, 3, 4, 0
14665, 346335, 3, 4, 6, 3, 3, 5, 0
14666, 346341, 3, 4, 6, 3, 4, 1, 0
14667, 346342, 3, 4, 6, 3, 4, 2, 0
14668, 346343, 3, 4, 6, 3, 4, 3, 0
14669, 346344, 3, 4, 6, 3, 4, 4, 0
14670, 346345, 3, 4, 6, 3, 4, 5, 0
14671, 346351, 3, 4, 6, 3, 5, 1, 0
14672, 346352, 3, 4, 6, 3, 5, 2, 0
14673, 346353, 3, 4, 6, 3, 5, 3, 0
14674, 346354, 3, 4, 6, 3, 5, 4, 0
14675, 346355, 3, 4, 6, 3, 5, 5, 0
14676, 346411, 3, 4, 6, 4, 1, 1, 0
14677, 346412, 3, 4, 6, 4, 1, 2, 0
14678, 346413, 3, 4, 6, 4, 1, 3, 0
14679, 346414, 3, 4, 6, 4, 1, 4, 0
14680, 346415, 3, 4, 6, 4, 1, 5, 0
14681, 346421, 3, 4, 6, 4, 2, 1, 0
14682, 346422, 3, 4, 6, 4, 2, 2, 0
14683, 346423, 3, 4, 6, 4, 2, 3, 0
14684, 346424, 3, 4, 6, 4, 2, 4, 0
14685, 346425, 3, 4, 6, 4, 2, 5, 0
14686, 346431, 3, 4, 6, 4, 3, 1, 0
14687, 346432, 3, 4, 6, 4, 3, 2, 0
14688, 346433, 3, 4, 6, 4, 3, 3, 0
14689, 346434, 3, 4, 6, 4, 3, 4, 0
14690, 346435, 3, 4, 6, 4, 3, 5, 0
14691, 346441, 3, 4, 6, 4, 4, 1, 0
14692, 346442, 3, 4, 6, 4, 4, 2, 0
14693, 346443, 3, 4, 6, 4, 4, 3, 0
14694, 346444, 3, 4, 6, 4, 4, 4, 0
14695, 346445, 3, 4, 6, 4, 4, 5, 0
14696, 346451, 3, 4, 6, 4, 5, 1, 0
14697, 346452, 3, 4, 6, 4, 5, 2, 0
14698, 346453, 3, 4, 6, 4, 5, 3, 0
14699, 346454, 3, 4, 6, 4, 5, 4, 0
14700, 346455, 3, 4, 6, 4, 5, 5, 0
14701, 347111, 3, 4, 7, 1, 1, 1, 0
14702, 347112, 3, 4, 7, 1, 1, 2, 0
14703, 347113, 3, 4, 7, 1, 1, 3, 0
14704, 347114, 3, 4, 7, 1, 1, 4, 0
14705, 347115, 3, 4, 7, 1, 1, 5, 0
14706, 347121, 3, 4, 7, 1, 2, 1, 0
14707, 347122, 3, 4, 7, 1, 2, 2, 0
14708, 347123, 3, 4, 7, 1, 2, 3, 0
14709, 347124, 3, 4, 7, 1, 2, 4, 0
14710, 347125, 3, 4, 7, 1, 2, 5, 0
14711, 347131, 3, 4, 7, 1, 3, 1, 0
14712, 347132, 3, 4, 7, 1, 3, 2, 0
14713, 347133, 3, 4, 7, 1, 3, 3, 0
14714, 347134, 3, 4, 7, 1, 3, 4, 0
14715, 347135, 3, 4, 7, 1, 3, 5, 0
14716, 347141, 3, 4, 7, 1, 4, 1, 0
14717, 347142, 3, 4, 7, 1, 4, 2, 0
14718, 347143, 3, 4, 7, 1, 4, 3, 0
14719, 347144, 3, 4, 7, 1, 4, 4, 0
14720, 347145, 3, 4, 7, 1, 4, 5, 0
14721, 347151, 3, 4, 7, 1, 5, 1, 0
14722, 347152, 3, 4, 7, 1, 5, 2, 0
14723, 347153, 3, 4, 7, 1, 5, 3, 0
14724, 347154, 3, 4, 7, 1, 5, 4, 0
14725, 347155, 3, 4, 7, 1, 5, 5, 0
14726, 347211, 3, 4, 7, 2, 1, 1, 0
14727, 347212, 3, 4, 7, 2, 1, 2, 0
14728, 347213, 3, 4, 7, 2, 1, 3, 0
14729, 347214, 3, 4, 7, 2, 1, 4, 0
14730, 347215, 3, 4, 7, 2, 1, 5, 0
14731, 347221, 3, 4, 7, 2, 2, 1, 0
14732, 347222, 3, 4, 7, 2, 2, 2, 0
14733, 347223, 3, 4, 7, 2, 2, 3, 0
14734, 347224, 3, 4, 7, 2, 2, 4, 0
14735, 347225, 3, 4, 7, 2, 2, 5, 0
14736, 347231, 3, 4, 7, 2, 3, 1, 0
14737, 347232, 3, 4, 7, 2, 3, 2, 0
14738, 347233, 3, 4, 7, 2, 3, 3, 0
14739, 347234, 3, 4, 7, 2, 3, 4, 0
14740, 347235, 3, 4, 7, 2, 3, 5, 0
14741, 347241, 3, 4, 7, 2, 4, 1, 0
14742, 347242, 3, 4, 7, 2, 4, 2, 0
14743, 347243, 3, 4, 7, 2, 4, 3, 0
14744, 347244, 3, 4, 7, 2, 4, 4, 0
14745, 347245, 3, 4, 7, 2, 4, 5, 0
14746, 347251, 3, 4, 7, 2, 5, 1, 0
14747, 347252, 3, 4, 7, 2, 5, 2, 0
14748, 347253, 3, 4, 7, 2, 5, 3, 0
14749, 347254, 3, 4, 7, 2, 5, 4, 0
14750, 347255, 3, 4, 7, 2, 5, 5, 0
14751, 347311, 3, 4, 7, 3, 1, 1, 0
14752, 347312, 3, 4, 7, 3, 1, 2, 0
14753, 347313, 3, 4, 7, 3, 1, 3, 0
14754, 347314, 3, 4, 7, 3, 1, 4, 0
14755, 347315, 3, 4, 7, 3, 1, 5, 0
14756, 347321, 3, 4, 7, 3, 2, 1, 0
14757, 347322, 3, 4, 7, 3, 2, 2, 0
14758, 347323, 3, 4, 7, 3, 2, 3, 0
14759, 347324, 3, 4, 7, 3, 2, 4, 0
14760, 347325, 3, 4, 7, 3, 2, 5, 0
14761, 347331, 3, 4, 7, 3, 3, 1, 0
14762, 347332, 3, 4, 7, 3, 3, 2, 0
14763, 347333, 3, 4, 7, 3, 3, 3, 0
14764, 347334, 3, 4, 7, 3, 3, 4, 0
14765, 347335, 3, 4, 7, 3, 3, 5, 0
14766, 347341, 3, 4, 7, 3, 4, 1, 0
14767, 347342, 3, 4, 7, 3, 4, 2, 0
14768, 347343, 3, 4, 7, 3, 4, 3, 0
14769, 347344, 3, 4, 7, 3, 4, 4, 0
14770, 347345, 3, 4, 7, 3, 4, 5, 0
14771, 347351, 3, 4, 7, 3, 5, 1, 0
14772, 347352, 3, 4, 7, 3, 5, 2, 0
14773, 347353, 3, 4, 7, 3, 5, 3, 0
14774, 347354, 3, 4, 7, 3, 5, 4, 0
14775, 347355, 3, 4, 7, 3, 5, 5, 0
14776, 347411, 3, 4, 7, 4, 1, 1, 0
14777, 347412, 3, 4, 7, 4, 1, 2, 0
14778, 347413, 3, 4, 7, 4, 1, 3, 0
14779, 347414, 3, 4, 7, 4, 1, 4, 0
14780, 347415, 3, 4, 7, 4, 1, 5, 0
14781, 347421, 3, 4, 7, 4, 2, 1, 0
14782, 347422, 3, 4, 7, 4, 2, 2, 0
14783, 347423, 3, 4, 7, 4, 2, 3, 0
14784, 347424, 3, 4, 7, 4, 2, 4, 0
14785, 347425, 3, 4, 7, 4, 2, 5, 0
14786, 347431, 3, 4, 7, 4, 3, 1, 0
14787, 347432, 3, 4, 7, 4, 3, 2, 0
14788, 347433, 3, 4, 7, 4, 3, 3, 0
14789, 347434, 3, 4, 7, 4, 3, 4, 0
14790, 347435, 3, 4, 7, 4, 3, 5, 0
14791, 347441, 3, 4, 7, 4, 4, 1, 0
14792, 347442, 3, 4, 7, 4, 4, 2, 0
14793, 347443, 3, 4, 7, 4, 4, 3, 0
14794, 347444, 3, 4, 7, 4, 4, 4, 0
14795, 347445, 3, 4, 7, 4, 4, 5, 0
14796, 347451, 3, 4, 7, 4, 5, 1, 0
14797, 347452, 3, 4, 7, 4, 5, 2, 0
14798, 347453, 3, 4, 7, 4, 5, 3, 0
14799, 347454, 3, 4, 7, 4, 5, 4, 0
14800, 347455, 3, 4, 7, 4, 5, 5, 0
14801, 351111, 3, 5, 1, 1, 1, 1, 0
14802, 351112, 3, 5, 1, 1, 1, 2, 0
14803, 351113, 3, 5, 1, 1, 1, 3, 0
14804, 351114, 3, 5, 1, 1, 1, 4, 0
14805, 351115, 3, 5, 1, 1, 1, 5, 0
14806, 351121, 3, 5, 1, 1, 2, 1, 0
14807, 351122, 3, 5, 1, 1, 2, 2, 0
14808, 351123, 3, 5, 1, 1, 2, 3, 0
14809, 351124, 3, 5, 1, 1, 2, 4, 0
14810, 351125, 3, 5, 1, 1, 2, 5, 0
14811, 351131, 3, 5, 1, 1, 3, 1, 0
14812, 351132, 3, 5, 1, 1, 3, 2, 0
14813, 351133, 3, 5, 1, 1, 3, 3, 0
14814, 351134, 3, 5, 1, 1, 3, 4, 0
14815, 351135, 3, 5, 1, 1, 3, 5, 0
14816, 351141, 3, 5, 1, 1, 4, 1, 0
14817, 351142, 3, 5, 1, 1, 4, 2, 0
14818, 351143, 3, 5, 1, 1, 4, 3, 0
14819, 351144, 3, 5, 1, 1, 4, 4, 0
14820, 351145, 3, 5, 1, 1, 4, 5, 0
14821, 351151, 3, 5, 1, 1, 5, 1, 0
14822, 351152, 3, 5, 1, 1, 5, 2, 0
14823, 351153, 3, 5, 1, 1, 5, 3, 0
14824, 351154, 3, 5, 1, 1, 5, 4, 0
14825, 351155, 3, 5, 1, 1, 5, 5, 0
14826, 351211, 3, 5, 1, 2, 1, 1, 0
14827, 351212, 3, 5, 1, 2, 1, 2, 0
14828, 351213, 3, 5, 1, 2, 1, 3, 0
14829, 351214, 3, 5, 1, 2, 1, 4, 0
14830, 351215, 3, 5, 1, 2, 1, 5, 0
14831, 351221, 3, 5, 1, 2, 2, 1, 0
14832, 351222, 3, 5, 1, 2, 2, 2, 0
14833, 351223, 3, 5, 1, 2, 2, 3, 0
14834, 351224, 3, 5, 1, 2, 2, 4, 0
14835, 351225, 3, 5, 1, 2, 2, 5, 0
14836, 351231, 3, 5, 1, 2, 3, 1, 0
14837, 351232, 3, 5, 1, 2, 3, 2, 0
14838, 351233, 3, 5, 1, 2, 3, 3, 0
14839, 351234, 3, 5, 1, 2, 3, 4, 0
14840, 351235, 3, 5, 1, 2, 3, 5, 0
14841, 351241, 3, 5, 1, 2, 4, 1, 0
14842, 351242, 3, 5, 1, 2, 4, 2, 0
14843, 351243, 3, 5, 1, 2, 4, 3, 0
14844, 351244, 3, 5, 1, 2, 4, 4, 0
14845, 351245, 3, 5, 1, 2, 4, 5, 0
14846, 351251, 3, 5, 1, 2, 5, 1, 0
14847, 351252, 3, 5, 1, 2, 5, 2, 0
14848, 351253, 3, 5, 1, 2, 5, 3, 0
14849, 351254, 3, 5, 1, 2, 5, 4, 0
14850, 351255, 3, 5, 1, 2, 5, 5, 0
14851, 351311, 3, 5, 1, 3, 1, 1, 0
14852, 351312, 3, 5, 1, 3, 1, 2, 0
14853, 351313, 3, 5, 1, 3, 1, 3, 0
14854, 351314, 3, 5, 1, 3, 1, 4, 0
14855, 351315, 3, 5, 1, 3, 1, 5, 0
14856, 351321, 3, 5, 1, 3, 2, 1, 0
14857, 351322, 3, 5, 1, 3, 2, 2, 0
14858, 351323, 3, 5, 1, 3, 2, 3, 0
14859, 351324, 3, 5, 1, 3, 2, 4, 0
14860, 351325, 3, 5, 1, 3, 2, 5, 0
14861, 351331, 3, 5, 1, 3, 3, 1, 0
14862, 351332, 3, 5, 1, 3, 3, 2, 0
14863, 351333, 3, 5, 1, 3, 3, 3, 0
14864, 351334, 3, 5, 1, 3, 3, 4, 0
14865, 351335, 3, 5, 1, 3, 3, 5, 0
14866, 351341, 3, 5, 1, 3, 4, 1, 0
14867, 351342, 3, 5, 1, 3, 4, 2, 0
14868, 351343, 3, 5, 1, 3, 4, 3, 0
14869, 351344, 3, 5, 1, 3, 4, 4, 0
14870, 351345, 3, 5, 1, 3, 4, 5, 0
14871, 351351, 3, 5, 1, 3, 5, 1, 0
14872, 351352, 3, 5, 1, 3, 5, 2, 0
14873, 351353, 3, 5, 1, 3, 5, 3, 0
14874, 351354, 3, 5, 1, 3, 5, 4, 0
14875, 351355, 3, 5, 1, 3, 5, 5, 0
14876, 351411, 3, 5, 1, 4, 1, 1, 0
14877, 351412, 3, 5, 1, 4, 1, 2, 0
14878, 351413, 3, 5, 1, 4, 1, 3, 0
14879, 351414, 3, 5, 1, 4, 1, 4, 0
14880, 351415, 3, 5, 1, 4, 1, 5, 0
14881, 351421, 3, 5, 1, 4, 2, 1, 0
14882, 351422, 3, 5, 1, 4, 2, 2, 0
14883, 351423, 3, 5, 1, 4, 2, 3, 0
14884, 351424, 3, 5, 1, 4, 2, 4, 0
14885, 351425, 3, 5, 1, 4, 2, 5, 0
14886, 351431, 3, 5, 1, 4, 3, 1, 0
14887, 351432, 3, 5, 1, 4, 3, 2, 0
14888, 351433, 3, 5, 1, 4, 3, 3, 0
14889, 351434, 3, 5, 1, 4, 3, 4, 0
14890, 351435, 3, 5, 1, 4, 3, 5, 0
14891, 351441, 3, 5, 1, 4, 4, 1, 0
14892, 351442, 3, 5, 1, 4, 4, 2, 0
14893, 351443, 3, 5, 1, 4, 4, 3, 0
14894, 351444, 3, 5, 1, 4, 4, 4, 0
14895, 351445, 3, 5, 1, 4, 4, 5, 0
14896, 351451, 3, 5, 1, 4, 5, 1, 0
14897, 351452, 3, 5, 1, 4, 5, 2, 0
14898, 351453, 3, 5, 1, 4, 5, 3, 0
14899, 351454, 3, 5, 1, 4, 5, 4, 0
14900, 351455, 3, 5, 1, 4, 5, 5, 0
14901, 352111, 3, 5, 2, 1, 1, 1, 0
14902, 352112, 3, 5, 2, 1, 1, 2, 0
14903, 352113, 3, 5, 2, 1, 1, 3, 0
14904, 352114, 3, 5, 2, 1, 1, 4, 0
14905, 352115, 3, 5, 2, 1, 1, 5, 0
14906, 352121, 3, 5, 2, 1, 2, 1, 0
14907, 352122, 3, 5, 2, 1, 2, 2, 0
14908, 352123, 3, 5, 2, 1, 2, 3, 0
14909, 352124, 3, 5, 2, 1, 2, 4, 0
14910, 352125, 3, 5, 2, 1, 2, 5, 0
14911, 352131, 3, 5, 2, 1, 3, 1, 0
14912, 352132, 3, 5, 2, 1, 3, 2, 0
14913, 352133, 3, 5, 2, 1, 3, 3, 0
14914, 352134, 3, 5, 2, 1, 3, 4, 0
14915, 352135, 3, 5, 2, 1, 3, 5, 0
14916, 352141, 3, 5, 2, 1, 4, 1, 0
14917, 352142, 3, 5, 2, 1, 4, 2, 0
14918, 352143, 3, 5, 2, 1, 4, 3, 0
14919, 352144, 3, 5, 2, 1, 4, 4, 0
14920, 352145, 3, 5, 2, 1, 4, 5, 0
14921, 352151, 3, 5, 2, 1, 5, 1, 0
14922, 352152, 3, 5, 2, 1, 5, 2, 0
14923, 352153, 3, 5, 2, 1, 5, 3, 0
14924, 352154, 3, 5, 2, 1, 5, 4, 0
14925, 352155, 3, 5, 2, 1, 5, 5, 0
14926, 352211, 3, 5, 2, 2, 1, 1, 0
14927, 352212, 3, 5, 2, 2, 1, 2, 0
14928, 352213, 3, 5, 2, 2, 1, 3, 0
14929, 352214, 3, 5, 2, 2, 1, 4, 0
14930, 352215, 3, 5, 2, 2, 1, 5, 0
14931, 352221, 3, 5, 2, 2, 2, 1, 0
14932, 352222, 3, 5, 2, 2, 2, 2, 0
14933, 352223, 3, 5, 2, 2, 2, 3, 0
14934, 352224, 3, 5, 2, 2, 2, 4, 0
14935, 352225, 3, 5, 2, 2, 2, 5, 0
14936, 352231, 3, 5, 2, 2, 3, 1, 0
14937, 352232, 3, 5, 2, 2, 3, 2, 0
14938, 352233, 3, 5, 2, 2, 3, 3, 0
14939, 352234, 3, 5, 2, 2, 3, 4, 0
14940, 352235, 3, 5, 2, 2, 3, 5, 0
14941, 352241, 3, 5, 2, 2, 4, 1, 0
14942, 352242, 3, 5, 2, 2, 4, 2, 0
14943, 352243, 3, 5, 2, 2, 4, 3, 0
14944, 352244, 3, 5, 2, 2, 4, 4, 0
14945, 352245, 3, 5, 2, 2, 4, 5, 0
14946, 352251, 3, 5, 2, 2, 5, 1, 0
14947, 352252, 3, 5, 2, 2, 5, 2, 0
14948, 352253, 3, 5, 2, 2, 5, 3, 0
14949, 352254, 3, 5, 2, 2, 5, 4, 0
14950, 352255, 3, 5, 2, 2, 5, 5, 0
14951, 352311, 3, 5, 2, 3, 1, 1, 0
14952, 352312, 3, 5, 2, 3, 1, 2, 0
14953, 352313, 3, 5, 2, 3, 1, 3, 0
14954, 352314, 3, 5, 2, 3, 1, 4, 0
14955, 352315, 3, 5, 2, 3, 1, 5, 0
14956, 352321, 3, 5, 2, 3, 2, 1, 0
14957, 352322, 3, 5, 2, 3, 2, 2, 0
14958, 352323, 3, 5, 2, 3, 2, 3, 0
14959, 352324, 3, 5, 2, 3, 2, 4, 0
14960, 352325, 3, 5, 2, 3, 2, 5, 0
14961, 352331, 3, 5, 2, 3, 3, 1, 0
14962, 352332, 3, 5, 2, 3, 3, 2, 0
14963, 352333, 3, 5, 2, 3, 3, 3, 0
14964, 352334, 3, 5, 2, 3, 3, 4, 0
14965, 352335, 3, 5, 2, 3, 3, 5, 0
14966, 352341, 3, 5, 2, 3, 4, 1, 0
14967, 352342, 3, 5, 2, 3, 4, 2, 0
14968, 352343, 3, 5, 2, 3, 4, 3, 0
14969, 352344, 3, 5, 2, 3, 4, 4, 0
14970, 352345, 3, 5, 2, 3, 4, 5, 0
14971, 352351, 3, 5, 2, 3, 5, 1, 0
14972, 352352, 3, 5, 2, 3, 5, 2, 0
14973, 352353, 3, 5, 2, 3, 5, 3, 0
14974, 352354, 3, 5, 2, 3, 5, 4, 0
14975, 352355, 3, 5, 2, 3, 5, 5, 0
14976, 352411, 3, 5, 2, 4, 1, 1, 0
14977, 352412, 3, 5, 2, 4, 1, 2, 0
14978, 352413, 3, 5, 2, 4, 1, 3, 0
14979, 352414, 3, 5, 2, 4, 1, 4, 0
14980, 352415, 3, 5, 2, 4, 1, 5, 0
14981, 352421, 3, 5, 2, 4, 2, 1, 0
14982, 352422, 3, 5, 2, 4, 2, 2, 0
14983, 352423, 3, 5, 2, 4, 2, 3, 0
14984, 352424, 3, 5, 2, 4, 2, 4, 0
14985, 352425, 3, 5, 2, 4, 2, 5, 0
14986, 352431, 3, 5, 2, 4, 3, 1, 0
14987, 352432, 3, 5, 2, 4, 3, 2, 0
14988, 352433, 3, 5, 2, 4, 3, 3, 0
14989, 352434, 3, 5, 2, 4, 3, 4, 0
14990, 352435, 3, 5, 2, 4, 3, 5, 0
14991, 352441, 3, 5, 2, 4, 4, 1, 0
14992, 352442, 3, 5, 2, 4, 4, 2, 0
14993, 352443, 3, 5, 2, 4, 4, 3, 0
14994, 352444, 3, 5, 2, 4, 4, 4, 0
14995, 352445, 3, 5, 2, 4, 4, 5, 0
14996, 352451, 3, 5, 2, 4, 5, 1, 0
14997, 352452, 3, 5, 2, 4, 5, 2, 0
14998, 352453, 3, 5, 2, 4, 5, 3, 0
14999, 352454, 3, 5, 2, 4, 5, 4, 0
15000, 352455, 3, 5, 2, 4, 5, 5, 0
15001, 353111, 3, 5, 3, 1, 1, 1, 0
15002, 353112, 3, 5, 3, 1, 1, 2, 0
15003, 353113, 3, 5, 3, 1, 1, 3, 0
15004, 353114, 3, 5, 3, 1, 1, 4, 0
15005, 353115, 3, 5, 3, 1, 1, 5, 0
15006, 353121, 3, 5, 3, 1, 2, 1, 0
15007, 353122, 3, 5, 3, 1, 2, 2, 0
15008, 353123, 3, 5, 3, 1, 2, 3, 0
15009, 353124, 3, 5, 3, 1, 2, 4, 0
15010, 353125, 3, 5, 3, 1, 2, 5, 0
15011, 353131, 3, 5, 3, 1, 3, 1, 0
15012, 353132, 3, 5, 3, 1, 3, 2, 0
15013, 353133, 3, 5, 3, 1, 3, 3, 0
15014, 353134, 3, 5, 3, 1, 3, 4, 0
15015, 353135, 3, 5, 3, 1, 3, 5, 0
15016, 353141, 3, 5, 3, 1, 4, 1, 0
15017, 353142, 3, 5, 3, 1, 4, 2, 0
15018, 353143, 3, 5, 3, 1, 4, 3, 0
15019, 353144, 3, 5, 3, 1, 4, 4, 0
15020, 353145, 3, 5, 3, 1, 4, 5, 0
15021, 353151, 3, 5, 3, 1, 5, 1, 0
15022, 353152, 3, 5, 3, 1, 5, 2, 0
15023, 353153, 3, 5, 3, 1, 5, 3, 0
15024, 353154, 3, 5, 3, 1, 5, 4, 0
15025, 353155, 3, 5, 3, 1, 5, 5, 0
15026, 353211, 3, 5, 3, 2, 1, 1, 0
15027, 353212, 3, 5, 3, 2, 1, 2, 0
15028, 353213, 3, 5, 3, 2, 1, 3, 0
15029, 353214, 3, 5, 3, 2, 1, 4, 0
15030, 353215, 3, 5, 3, 2, 1, 5, 0
15031, 353221, 3, 5, 3, 2, 2, 1, 0
15032, 353222, 3, 5, 3, 2, 2, 2, 0
15033, 353223, 3, 5, 3, 2, 2, 3, 0
15034, 353224, 3, 5, 3, 2, 2, 4, 0
15035, 353225, 3, 5, 3, 2, 2, 5, 0
15036, 353231, 3, 5, 3, 2, 3, 1, 0
15037, 353232, 3, 5, 3, 2, 3, 2, 0
15038, 353233, 3, 5, 3, 2, 3, 3, 0
15039, 353234, 3, 5, 3, 2, 3, 4, 0
15040, 353235, 3, 5, 3, 2, 3, 5, 0
15041, 353241, 3, 5, 3, 2, 4, 1, 0
15042, 353242, 3, 5, 3, 2, 4, 2, 0
15043, 353243, 3, 5, 3, 2, 4, 3, 0
15044, 353244, 3, 5, 3, 2, 4, 4, 0
15045, 353245, 3, 5, 3, 2, 4, 5, 0
15046, 353251, 3, 5, 3, 2, 5, 1, 0
15047, 353252, 3, 5, 3, 2, 5, 2, 0
15048, 353253, 3, 5, 3, 2, 5, 3, 0
15049, 353254, 3, 5, 3, 2, 5, 4, 0
15050, 353255, 3, 5, 3, 2, 5, 5, 0
15051, 353311, 3, 5, 3, 3, 1, 1, 0
15052, 353312, 3, 5, 3, 3, 1, 2, 0
15053, 353313, 3, 5, 3, 3, 1, 3, 0
15054, 353314, 3, 5, 3, 3, 1, 4, 0
15055, 353315, 3, 5, 3, 3, 1, 5, 0
15056, 353321, 3, 5, 3, 3, 2, 1, 0
15057, 353322, 3, 5, 3, 3, 2, 2, 0
15058, 353323, 3, 5, 3, 3, 2, 3, 0
15059, 353324, 3, 5, 3, 3, 2, 4, 0
15060, 353325, 3, 5, 3, 3, 2, 5, 0
15061, 353331, 3, 5, 3, 3, 3, 1, 0
15062, 353332, 3, 5, 3, 3, 3, 2, 0
15063, 353333, 3, 5, 3, 3, 3, 3, 0
15064, 353334, 3, 5, 3, 3, 3, 4, 0
15065, 353335, 3, 5, 3, 3, 3, 5, 0
15066, 353341, 3, 5, 3, 3, 4, 1, 0
15067, 353342, 3, 5, 3, 3, 4, 2, 0
15068, 353343, 3, 5, 3, 3, 4, 3, 0
15069, 353344, 3, 5, 3, 3, 4, 4, 0
15070, 353345, 3, 5, 3, 3, 4, 5, 0
15071, 353351, 3, 5, 3, 3, 5, 1, 0
15072, 353352, 3, 5, 3, 3, 5, 2, 0
15073, 353353, 3, 5, 3, 3, 5, 3, 0
15074, 353354, 3, 5, 3, 3, 5, 4, 0
15075, 353355, 3, 5, 3, 3, 5, 5, 0
15076, 353411, 3, 5, 3, 4, 1, 1, 0
15077, 353412, 3, 5, 3, 4, 1, 2, 0
15078, 353413, 3, 5, 3, 4, 1, 3, 0
15079, 353414, 3, 5, 3, 4, 1, 4, 0
15080, 353415, 3, 5, 3, 4, 1, 5, 0
15081, 353421, 3, 5, 3, 4, 2, 1, 0
15082, 353422, 3, 5, 3, 4, 2, 2, 0
15083, 353423, 3, 5, 3, 4, 2, 3, 0
15084, 353424, 3, 5, 3, 4, 2, 4, 0
15085, 353425, 3, 5, 3, 4, 2, 5, 0
15086, 353431, 3, 5, 3, 4, 3, 1, 0
15087, 353432, 3, 5, 3, 4, 3, 2, 0
15088, 353433, 3, 5, 3, 4, 3, 3, 0
15089, 353434, 3, 5, 3, 4, 3, 4, 0
15090, 353435, 3, 5, 3, 4, 3, 5, 0
15091, 353441, 3, 5, 3, 4, 4, 1, 0
15092, 353442, 3, 5, 3, 4, 4, 2, 0
15093, 353443, 3, 5, 3, 4, 4, 3, 0
15094, 353444, 3, 5, 3, 4, 4, 4, 0
15095, 353445, 3, 5, 3, 4, 4, 5, 0
15096, 353451, 3, 5, 3, 4, 5, 1, 0
15097, 353452, 3, 5, 3, 4, 5, 2, 0
15098, 353453, 3, 5, 3, 4, 5, 3, 0
15099, 353454, 3, 5, 3, 4, 5, 4, 0
15100, 353455, 3, 5, 3, 4, 5, 5, 0
15101, 354111, 3, 5, 4, 1, 1, 1, 0
15102, 354112, 3, 5, 4, 1, 1, 2, 0
15103, 354113, 3, 5, 4, 1, 1, 3, 0
15104, 354114, 3, 5, 4, 1, 1, 4, 0
15105, 354115, 3, 5, 4, 1, 1, 5, 0
15106, 354121, 3, 5, 4, 1, 2, 1, 0
15107, 354122, 3, 5, 4, 1, 2, 2, 0
15108, 354123, 3, 5, 4, 1, 2, 3, 0
15109, 354124, 3, 5, 4, 1, 2, 4, 0
15110, 354125, 3, 5, 4, 1, 2, 5, 0
15111, 354131, 3, 5, 4, 1, 3, 1, 0
15112, 354132, 3, 5, 4, 1, 3, 2, 0
15113, 354133, 3, 5, 4, 1, 3, 3, 0
15114, 354134, 3, 5, 4, 1, 3, 4, 0
15115, 354135, 3, 5, 4, 1, 3, 5, 0
15116, 354141, 3, 5, 4, 1, 4, 1, 0
15117, 354142, 3, 5, 4, 1, 4, 2, 0
15118, 354143, 3, 5, 4, 1, 4, 3, 0
15119, 354144, 3, 5, 4, 1, 4, 4, 0
15120, 354145, 3, 5, 4, 1, 4, 5, 0
15121, 354151, 3, 5, 4, 1, 5, 1, 0
15122, 354152, 3, 5, 4, 1, 5, 2, 0
15123, 354153, 3, 5, 4, 1, 5, 3, 0
15124, 354154, 3, 5, 4, 1, 5, 4, 0
15125, 354155, 3, 5, 4, 1, 5, 5, 0
15126, 354211, 3, 5, 4, 2, 1, 1, 0
15127, 354212, 3, 5, 4, 2, 1, 2, 0
15128, 354213, 3, 5, 4, 2, 1, 3, 0
15129, 354214, 3, 5, 4, 2, 1, 4, 0
15130, 354215, 3, 5, 4, 2, 1, 5, 0
15131, 354221, 3, 5, 4, 2, 2, 1, 0
15132, 354222, 3, 5, 4, 2, 2, 2, 0
15133, 354223, 3, 5, 4, 2, 2, 3, 0
15134, 354224, 3, 5, 4, 2, 2, 4, 0
15135, 354225, 3, 5, 4, 2, 2, 5, 0
15136, 354231, 3, 5, 4, 2, 3, 1, 0
15137, 354232, 3, 5, 4, 2, 3, 2, 0
15138, 354233, 3, 5, 4, 2, 3, 3, 0
15139, 354234, 3, 5, 4, 2, 3, 4, 0
15140, 354235, 3, 5, 4, 2, 3, 5, 0
15141, 354241, 3, 5, 4, 2, 4, 1, 0
15142, 354242, 3, 5, 4, 2, 4, 2, 0
15143, 354243, 3, 5, 4, 2, 4, 3, 0
15144, 354244, 3, 5, 4, 2, 4, 4, 0
15145, 354245, 3, 5, 4, 2, 4, 5, 0
15146, 354251, 3, 5, 4, 2, 5, 1, 0
15147, 354252, 3, 5, 4, 2, 5, 2, 0
15148, 354253, 3, 5, 4, 2, 5, 3, 0
15149, 354254, 3, 5, 4, 2, 5, 4, 0
15150, 354255, 3, 5, 4, 2, 5, 5, 0
15151, 354311, 3, 5, 4, 3, 1, 1, 0
15152, 354312, 3, 5, 4, 3, 1, 2, 0
15153, 354313, 3, 5, 4, 3, 1, 3, 0
15154, 354314, 3, 5, 4, 3, 1, 4, 0
15155, 354315, 3, 5, 4, 3, 1, 5, 0
15156, 354321, 3, 5, 4, 3, 2, 1, 0
15157, 354322, 3, 5, 4, 3, 2, 2, 0
15158, 354323, 3, 5, 4, 3, 2, 3, 0
15159, 354324, 3, 5, 4, 3, 2, 4, 0
15160, 354325, 3, 5, 4, 3, 2, 5, 0
15161, 354331, 3, 5, 4, 3, 3, 1, 0
15162, 354332, 3, 5, 4, 3, 3, 2, 0
15163, 354333, 3, 5, 4, 3, 3, 3, 0
15164, 354334, 3, 5, 4, 3, 3, 4, 0
15165, 354335, 3, 5, 4, 3, 3, 5, 0
15166, 354341, 3, 5, 4, 3, 4, 1, 0
15167, 354342, 3, 5, 4, 3, 4, 2, 0
15168, 354343, 3, 5, 4, 3, 4, 3, 0
15169, 354344, 3, 5, 4, 3, 4, 4, 0
15170, 354345, 3, 5, 4, 3, 4, 5, 0
15171, 354351, 3, 5, 4, 3, 5, 1, 0
15172, 354352, 3, 5, 4, 3, 5, 2, 0
15173, 354353, 3, 5, 4, 3, 5, 3, 0
15174, 354354, 3, 5, 4, 3, 5, 4, 0
15175, 354355, 3, 5, 4, 3, 5, 5, 0
15176, 354411, 3, 5, 4, 4, 1, 1, 0
15177, 354412, 3, 5, 4, 4, 1, 2, 0
15178, 354413, 3, 5, 4, 4, 1, 3, 0
15179, 354414, 3, 5, 4, 4, 1, 4, 0
15180, 354415, 3, 5, 4, 4, 1, 5, 0
15181, 354421, 3, 5, 4, 4, 2, 1, 0
15182, 354422, 3, 5, 4, 4, 2, 2, 0
15183, 354423, 3, 5, 4, 4, 2, 3, 0
15184, 354424, 3, 5, 4, 4, 2, 4, 0
15185, 354425, 3, 5, 4, 4, 2, 5, 0
15186, 354431, 3, 5, 4, 4, 3, 1, 0
15187, 354432, 3, 5, 4, 4, 3, 2, 0
15188, 354433, 3, 5, 4, 4, 3, 3, 0
15189, 354434, 3, 5, 4, 4, 3, 4, 0
15190, 354435, 3, 5, 4, 4, 3, 5, 0
15191, 354441, 3, 5, 4, 4, 4, 1, 0
15192, 354442, 3, 5, 4, 4, 4, 2, 0
15193, 354443, 3, 5, 4, 4, 4, 3, 0
15194, 354444, 3, 5, 4, 4, 4, 4, 0
15195, 354445, 3, 5, 4, 4, 4, 5, 0
15196, 354451, 3, 5, 4, 4, 5, 1, 0
15197, 354452, 3, 5, 4, 4, 5, 2, 0
15198, 354453, 3, 5, 4, 4, 5, 3, 0
15199, 354454, 3, 5, 4, 4, 5, 4, 0
15200, 354455, 3, 5, 4, 4, 5, 5, 0
15201, 355111, 3, 5, 5, 1, 1, 1, 0
15202, 355112, 3, 5, 5, 1, 1, 2, 0
15203, 355113, 3, 5, 5, 1, 1, 3, 0
15204, 355114, 3, 5, 5, 1, 1, 4, 0
15205, 355115, 3, 5, 5, 1, 1, 5, 0
15206, 355121, 3, 5, 5, 1, 2, 1, 0
15207, 355122, 3, 5, 5, 1, 2, 2, 0
15208, 355123, 3, 5, 5, 1, 2, 3, 0
15209, 355124, 3, 5, 5, 1, 2, 4, 0
15210, 355125, 3, 5, 5, 1, 2, 5, 0
15211, 355131, 3, 5, 5, 1, 3, 1, 0
15212, 355132, 3, 5, 5, 1, 3, 2, 0
15213, 355133, 3, 5, 5, 1, 3, 3, 0
15214, 355134, 3, 5, 5, 1, 3, 4, 0
15215, 355135, 3, 5, 5, 1, 3, 5, 0
15216, 355141, 3, 5, 5, 1, 4, 1, 0
15217, 355142, 3, 5, 5, 1, 4, 2, 0
15218, 355143, 3, 5, 5, 1, 4, 3, 0
15219, 355144, 3, 5, 5, 1, 4, 4, 0
15220, 355145, 3, 5, 5, 1, 4, 5, 0
15221, 355151, 3, 5, 5, 1, 5, 1, 0
15222, 355152, 3, 5, 5, 1, 5, 2, 0
15223, 355153, 3, 5, 5, 1, 5, 3, 0
15224, 355154, 3, 5, 5, 1, 5, 4, 0
15225, 355155, 3, 5, 5, 1, 5, 5, 0
15226, 355211, 3, 5, 5, 2, 1, 1, 0
15227, 355212, 3, 5, 5, 2, 1, 2, 0
15228, 355213, 3, 5, 5, 2, 1, 3, 0
15229, 355214, 3, 5, 5, 2, 1, 4, 0
15230, 355215, 3, 5, 5, 2, 1, 5, 0
15231, 355221, 3, 5, 5, 2, 2, 1, 0
15232, 355222, 3, 5, 5, 2, 2, 2, 0
15233, 355223, 3, 5, 5, 2, 2, 3, 0
15234, 355224, 3, 5, 5, 2, 2, 4, 0
15235, 355225, 3, 5, 5, 2, 2, 5, 0
15236, 355231, 3, 5, 5, 2, 3, 1, 0
15237, 355232, 3, 5, 5, 2, 3, 2, 0
15238, 355233, 3, 5, 5, 2, 3, 3, 0
15239, 355234, 3, 5, 5, 2, 3, 4, 0
15240, 355235, 3, 5, 5, 2, 3, 5, 0
15241, 355241, 3, 5, 5, 2, 4, 1, 0
15242, 355242, 3, 5, 5, 2, 4, 2, 0
15243, 355243, 3, 5, 5, 2, 4, 3, 0
15244, 355244, 3, 5, 5, 2, 4, 4, 0
15245, 355245, 3, 5, 5, 2, 4, 5, 0
15246, 355251, 3, 5, 5, 2, 5, 1, 0
15247, 355252, 3, 5, 5, 2, 5, 2, 0
15248, 355253, 3, 5, 5, 2, 5, 3, 0
15249, 355254, 3, 5, 5, 2, 5, 4, 0
15250, 355255, 3, 5, 5, 2, 5, 5, 0
15251, 355311, 3, 5, 5, 3, 1, 1, 0
15252, 355312, 3, 5, 5, 3, 1, 2, 0
15253, 355313, 3, 5, 5, 3, 1, 3, 0
15254, 355314, 3, 5, 5, 3, 1, 4, 0
15255, 355315, 3, 5, 5, 3, 1, 5, 0
15256, 355321, 3, 5, 5, 3, 2, 1, 0
15257, 355322, 3, 5, 5, 3, 2, 2, 0
15258, 355323, 3, 5, 5, 3, 2, 3, 0
15259, 355324, 3, 5, 5, 3, 2, 4, 0
15260, 355325, 3, 5, 5, 3, 2, 5, 0
15261, 355331, 3, 5, 5, 3, 3, 1, 0
15262, 355332, 3, 5, 5, 3, 3, 2, 0
15263, 355333, 3, 5, 5, 3, 3, 3, 0
15264, 355334, 3, 5, 5, 3, 3, 4, 0
15265, 355335, 3, 5, 5, 3, 3, 5, 0
15266, 355341, 3, 5, 5, 3, 4, 1, 0
15267, 355342, 3, 5, 5, 3, 4, 2, 0
15268, 355343, 3, 5, 5, 3, 4, 3, 0
15269, 355344, 3, 5, 5, 3, 4, 4, 0
15270, 355345, 3, 5, 5, 3, 4, 5, 0
15271, 355351, 3, 5, 5, 3, 5, 1, 0
15272, 355352, 3, 5, 5, 3, 5, 2, 0
15273, 355353, 3, 5, 5, 3, 5, 3, 0
15274, 355354, 3, 5, 5, 3, 5, 4, 0
15275, 355355, 3, 5, 5, 3, 5, 5, 0
15276, 355411, 3, 5, 5, 4, 1, 1, 0
15277, 355412, 3, 5, 5, 4, 1, 2, 0
15278, 355413, 3, 5, 5, 4, 1, 3, 0
15279, 355414, 3, 5, 5, 4, 1, 4, 0
15280, 355415, 3, 5, 5, 4, 1, 5, 0
15281, 355421, 3, 5, 5, 4, 2, 1, 0
15282, 355422, 3, 5, 5, 4, 2, 2, 0
15283, 355423, 3, 5, 5, 4, 2, 3, 0
15284, 355424, 3, 5, 5, 4, 2, 4, 0
15285, 355425, 3, 5, 5, 4, 2, 5, 0
15286, 355431, 3, 5, 5, 4, 3, 1, 0
15287, 355432, 3, 5, 5, 4, 3, 2, 0
15288, 355433, 3, 5, 5, 4, 3, 3, 0
15289, 355434, 3, 5, 5, 4, 3, 4, 0
15290, 355435, 3, 5, 5, 4, 3, 5, 0
15291, 355441, 3, 5, 5, 4, 4, 1, 0
15292, 355442, 3, 5, 5, 4, 4, 2, 0
15293, 355443, 3, 5, 5, 4, 4, 3, 0
15294, 355444, 3, 5, 5, 4, 4, 4, 0
15295, 355445, 3, 5, 5, 4, 4, 5, 0
15296, 355451, 3, 5, 5, 4, 5, 1, 0
15297, 355452, 3, 5, 5, 4, 5, 2, 0
15298, 355453, 3, 5, 5, 4, 5, 3, 0
15299, 355454, 3, 5, 5, 4, 5, 4, 0
15300, 355455, 3, 5, 5, 4, 5, 5, 0
15301, 356111, 3, 5, 6, 1, 1, 1, 0
15302, 356112, 3, 5, 6, 1, 1, 2, 0
15303, 356113, 3, 5, 6, 1, 1, 3, 0
15304, 356114, 3, 5, 6, 1, 1, 4, 0
15305, 356115, 3, 5, 6, 1, 1, 5, 0
15306, 356121, 3, 5, 6, 1, 2, 1, 0
15307, 356122, 3, 5, 6, 1, 2, 2, 0
15308, 356123, 3, 5, 6, 1, 2, 3, 0
15309, 356124, 3, 5, 6, 1, 2, 4, 0
15310, 356125, 3, 5, 6, 1, 2, 5, 0
15311, 356131, 3, 5, 6, 1, 3, 1, 0
15312, 356132, 3, 5, 6, 1, 3, 2, 0
15313, 356133, 3, 5, 6, 1, 3, 3, 0
15314, 356134, 3, 5, 6, 1, 3, 4, 0
15315, 356135, 3, 5, 6, 1, 3, 5, 0
15316, 356141, 3, 5, 6, 1, 4, 1, 0
15317, 356142, 3, 5, 6, 1, 4, 2, 0
15318, 356143, 3, 5, 6, 1, 4, 3, 0
15319, 356144, 3, 5, 6, 1, 4, 4, 0
15320, 356145, 3, 5, 6, 1, 4, 5, 0
15321, 356151, 3, 5, 6, 1, 5, 1, 0
15322, 356152, 3, 5, 6, 1, 5, 2, 0
15323, 356153, 3, 5, 6, 1, 5, 3, 0
15324, 356154, 3, 5, 6, 1, 5, 4, 0
15325, 356155, 3, 5, 6, 1, 5, 5, 0
15326, 356211, 3, 5, 6, 2, 1, 1, 0
15327, 356212, 3, 5, 6, 2, 1, 2, 0
15328, 356213, 3, 5, 6, 2, 1, 3, 0
15329, 356214, 3, 5, 6, 2, 1, 4, 0
15330, 356215, 3, 5, 6, 2, 1, 5, 0
15331, 356221, 3, 5, 6, 2, 2, 1, 0
15332, 356222, 3, 5, 6, 2, 2, 2, 0
15333, 356223, 3, 5, 6, 2, 2, 3, 0
15334, 356224, 3, 5, 6, 2, 2, 4, 0
15335, 356225, 3, 5, 6, 2, 2, 5, 0
15336, 356231, 3, 5, 6, 2, 3, 1, 0
15337, 356232, 3, 5, 6, 2, 3, 2, 0
15338, 356233, 3, 5, 6, 2, 3, 3, 0
15339, 356234, 3, 5, 6, 2, 3, 4, 0
15340, 356235, 3, 5, 6, 2, 3, 5, 0
15341, 356241, 3, 5, 6, 2, 4, 1, 0
15342, 356242, 3, 5, 6, 2, 4, 2, 0
15343, 356243, 3, 5, 6, 2, 4, 3, 0
15344, 356244, 3, 5, 6, 2, 4, 4, 0
15345, 356245, 3, 5, 6, 2, 4, 5, 0
15346, 356251, 3, 5, 6, 2, 5, 1, 0
15347, 356252, 3, 5, 6, 2, 5, 2, 0
15348, 356253, 3, 5, 6, 2, 5, 3, 0
15349, 356254, 3, 5, 6, 2, 5, 4, 0
15350, 356255, 3, 5, 6, 2, 5, 5, 0
15351, 356311, 3, 5, 6, 3, 1, 1, 0
15352, 356312, 3, 5, 6, 3, 1, 2, 0
15353, 356313, 3, 5, 6, 3, 1, 3, 0
15354, 356314, 3, 5, 6, 3, 1, 4, 0
15355, 356315, 3, 5, 6, 3, 1, 5, 0
15356, 356321, 3, 5, 6, 3, 2, 1, 0
15357, 356322, 3, 5, 6, 3, 2, 2, 0
15358, 356323, 3, 5, 6, 3, 2, 3, 0
15359, 356324, 3, 5, 6, 3, 2, 4, 0
15360, 356325, 3, 5, 6, 3, 2, 5, 0
15361, 356331, 3, 5, 6, 3, 3, 1, 0
15362, 356332, 3, 5, 6, 3, 3, 2, 0
15363, 356333, 3, 5, 6, 3, 3, 3, 0
15364, 356334, 3, 5, 6, 3, 3, 4, 0
15365, 356335, 3, 5, 6, 3, 3, 5, 0
15366, 356341, 3, 5, 6, 3, 4, 1, 0
15367, 356342, 3, 5, 6, 3, 4, 2, 0
15368, 356343, 3, 5, 6, 3, 4, 3, 0
15369, 356344, 3, 5, 6, 3, 4, 4, 0
15370, 356345, 3, 5, 6, 3, 4, 5, 0
15371, 356351, 3, 5, 6, 3, 5, 1, 0
15372, 356352, 3, 5, 6, 3, 5, 2, 0
15373, 356353, 3, 5, 6, 3, 5, 3, 0
15374, 356354, 3, 5, 6, 3, 5, 4, 0
15375, 356355, 3, 5, 6, 3, 5, 5, 0
15376, 356411, 3, 5, 6, 4, 1, 1, 0
15377, 356412, 3, 5, 6, 4, 1, 2, 0
15378, 356413, 3, 5, 6, 4, 1, 3, 0
15379, 356414, 3, 5, 6, 4, 1, 4, 0
15380, 356415, 3, 5, 6, 4, 1, 5, 0
15381, 356421, 3, 5, 6, 4, 2, 1, 0
15382, 356422, 3, 5, 6, 4, 2, 2, 0
15383, 356423, 3, 5, 6, 4, 2, 3, 0
15384, 356424, 3, 5, 6, 4, 2, 4, 0
15385, 356425, 3, 5, 6, 4, 2, 5, 0
15386, 356431, 3, 5, 6, 4, 3, 1, 0
15387, 356432, 3, 5, 6, 4, 3, 2, 0
15388, 356433, 3, 5, 6, 4, 3, 3, 0
15389, 356434, 3, 5, 6, 4, 3, 4, 0
15390, 356435, 3, 5, 6, 4, 3, 5, 0
15391, 356441, 3, 5, 6, 4, 4, 1, 0
15392, 356442, 3, 5, 6, 4, 4, 2, 0
15393, 356443, 3, 5, 6, 4, 4, 3, 0
15394, 356444, 3, 5, 6, 4, 4, 4, 0
15395, 356445, 3, 5, 6, 4, 4, 5, 0
15396, 356451, 3, 5, 6, 4, 5, 1, 0
15397, 356452, 3, 5, 6, 4, 5, 2, 0
15398, 356453, 3, 5, 6, 4, 5, 3, 0
15399, 356454, 3, 5, 6, 4, 5, 4, 0
15400, 356455, 3, 5, 6, 4, 5, 5, 0
15401, 357111, 3, 5, 7, 1, 1, 1, 0
15402, 357112, 3, 5, 7, 1, 1, 2, 0
15403, 357113, 3, 5, 7, 1, 1, 3, 0
15404, 357114, 3, 5, 7, 1, 1, 4, 0
15405, 357115, 3, 5, 7, 1, 1, 5, 0
15406, 357121, 3, 5, 7, 1, 2, 1, 0
15407, 357122, 3, 5, 7, 1, 2, 2, 0
15408, 357123, 3, 5, 7, 1, 2, 3, 0
15409, 357124, 3, 5, 7, 1, 2, 4, 0
15410, 357125, 3, 5, 7, 1, 2, 5, 0
15411, 357131, 3, 5, 7, 1, 3, 1, 0
15412, 357132, 3, 5, 7, 1, 3, 2, 0
15413, 357133, 3, 5, 7, 1, 3, 3, 0
15414, 357134, 3, 5, 7, 1, 3, 4, 0
15415, 357135, 3, 5, 7, 1, 3, 5, 0
15416, 357141, 3, 5, 7, 1, 4, 1, 0
15417, 357142, 3, 5, 7, 1, 4, 2, 0
15418, 357143, 3, 5, 7, 1, 4, 3, 0
15419, 357144, 3, 5, 7, 1, 4, 4, 0
15420, 357145, 3, 5, 7, 1, 4, 5, 0
15421, 357151, 3, 5, 7, 1, 5, 1, 0
15422, 357152, 3, 5, 7, 1, 5, 2, 0
15423, 357153, 3, 5, 7, 1, 5, 3, 0
15424, 357154, 3, 5, 7, 1, 5, 4, 0
15425, 357155, 3, 5, 7, 1, 5, 5, 0
15426, 357211, 3, 5, 7, 2, 1, 1, 0
15427, 357212, 3, 5, 7, 2, 1, 2, 0
15428, 357213, 3, 5, 7, 2, 1, 3, 0
15429, 357214, 3, 5, 7, 2, 1, 4, 0
15430, 357215, 3, 5, 7, 2, 1, 5, 0
15431, 357221, 3, 5, 7, 2, 2, 1, 0
15432, 357222, 3, 5, 7, 2, 2, 2, 0
15433, 357223, 3, 5, 7, 2, 2, 3, 0
15434, 357224, 3, 5, 7, 2, 2, 4, 0
15435, 357225, 3, 5, 7, 2, 2, 5, 0
15436, 357231, 3, 5, 7, 2, 3, 1, 0
15437, 357232, 3, 5, 7, 2, 3, 2, 0
15438, 357233, 3, 5, 7, 2, 3, 3, 0
15439, 357234, 3, 5, 7, 2, 3, 4, 0
15440, 357235, 3, 5, 7, 2, 3, 5, 0
15441, 357241, 3, 5, 7, 2, 4, 1, 0
15442, 357242, 3, 5, 7, 2, 4, 2, 0
15443, 357243, 3, 5, 7, 2, 4, 3, 0
15444, 357244, 3, 5, 7, 2, 4, 4, 0
15445, 357245, 3, 5, 7, 2, 4, 5, 0
15446, 357251, 3, 5, 7, 2, 5, 1, 0
15447, 357252, 3, 5, 7, 2, 5, 2, 0
15448, 357253, 3, 5, 7, 2, 5, 3, 0
15449, 357254, 3, 5, 7, 2, 5, 4, 0
15450, 357255, 3, 5, 7, 2, 5, 5, 0
15451, 357311, 3, 5, 7, 3, 1, 1, 0
15452, 357312, 3, 5, 7, 3, 1, 2, 0
15453, 357313, 3, 5, 7, 3, 1, 3, 0
15454, 357314, 3, 5, 7, 3, 1, 4, 0
15455, 357315, 3, 5, 7, 3, 1, 5, 0
15456, 357321, 3, 5, 7, 3, 2, 1, 0
15457, 357322, 3, 5, 7, 3, 2, 2, 0
15458, 357323, 3, 5, 7, 3, 2, 3, 0
15459, 357324, 3, 5, 7, 3, 2, 4, 0
15460, 357325, 3, 5, 7, 3, 2, 5, 0
15461, 357331, 3, 5, 7, 3, 3, 1, 0
15462, 357332, 3, 5, 7, 3, 3, 2, 0
15463, 357333, 3, 5, 7, 3, 3, 3, 0
15464, 357334, 3, 5, 7, 3, 3, 4, 0
15465, 357335, 3, 5, 7, 3, 3, 5, 0
15466, 357341, 3, 5, 7, 3, 4, 1, 0
15467, 357342, 3, 5, 7, 3, 4, 2, 0
15468, 357343, 3, 5, 7, 3, 4, 3, 0
15469, 357344, 3, 5, 7, 3, 4, 4, 0
15470, 357345, 3, 5, 7, 3, 4, 5, 0
15471, 357351, 3, 5, 7, 3, 5, 1, 0
15472, 357352, 3, 5, 7, 3, 5, 2, 0
15473, 357353, 3, 5, 7, 3, 5, 3, 0
15474, 357354, 3, 5, 7, 3, 5, 4, 0
15475, 357355, 3, 5, 7, 3, 5, 5, 0
15476, 357411, 3, 5, 7, 4, 1, 1, 0
15477, 357412, 3, 5, 7, 4, 1, 2, 0
15478, 357413, 3, 5, 7, 4, 1, 3, 0
15479, 357414, 3, 5, 7, 4, 1, 4, 0
15480, 357415, 3, 5, 7, 4, 1, 5, 0
15481, 357421, 3, 5, 7, 4, 2, 1, 0
15482, 357422, 3, 5, 7, 4, 2, 2, 0
15483, 357423, 3, 5, 7, 4, 2, 3, 0
15484, 357424, 3, 5, 7, 4, 2, 4, 0
15485, 357425, 3, 5, 7, 4, 2, 5, 0
15486, 357431, 3, 5, 7, 4, 3, 1, 0
15487, 357432, 3, 5, 7, 4, 3, 2, 0
15488, 357433, 3, 5, 7, 4, 3, 3, 0
15489, 357434, 3, 5, 7, 4, 3, 4, 0
15490, 357435, 3, 5, 7, 4, 3, 5, 0
15491, 357441, 3, 5, 7, 4, 4, 1, 0
15492, 357442, 3, 5, 7, 4, 4, 2, 0
15493, 357443, 3, 5, 7, 4, 4, 3, 0
15494, 357444, 3, 5, 7, 4, 4, 4, 0
15495, 357445, 3, 5, 7, 4, 4, 5, 0
15496, 357451, 3, 5, 7, 4, 5, 1, 0
15497, 357452, 3, 5, 7, 4, 5, 2, 0
15498, 357453, 3, 5, 7, 4, 5, 3, 0
15499, 357454, 3, 5, 7, 4, 5, 4, 0
15500, 357455, 3, 5, 7, 4, 5, 5, 0
15501, 361111, 3, 6, 1, 1, 1, 1, 0
15502, 361112, 3, 6, 1, 1, 1, 2, 0
15503, 361113, 3, 6, 1, 1, 1, 3, 0
15504, 361114, 3, 6, 1, 1, 1, 4, 0
15505, 361115, 3, 6, 1, 1, 1, 5, 0
15506, 361121, 3, 6, 1, 1, 2, 1, 0
15507, 361122, 3, 6, 1, 1, 2, 2, 0
15508, 361123, 3, 6, 1, 1, 2, 3, 0
15509, 361124, 3, 6, 1, 1, 2, 4, 0
15510, 361125, 3, 6, 1, 1, 2, 5, 0
15511, 361131, 3, 6, 1, 1, 3, 1, 0
15512, 361132, 3, 6, 1, 1, 3, 2, 0
15513, 361133, 3, 6, 1, 1, 3, 3, 0
15514, 361134, 3, 6, 1, 1, 3, 4, 0
15515, 361135, 3, 6, 1, 1, 3, 5, 0
15516, 361141, 3, 6, 1, 1, 4, 1, 0
15517, 361142, 3, 6, 1, 1, 4, 2, 0
15518, 361143, 3, 6, 1, 1, 4, 3, 0
15519, 361144, 3, 6, 1, 1, 4, 4, 0
15520, 361145, 3, 6, 1, 1, 4, 5, 0
15521, 361151, 3, 6, 1, 1, 5, 1, 0
15522, 361152, 3, 6, 1, 1, 5, 2, 0
15523, 361153, 3, 6, 1, 1, 5, 3, 0
15524, 361154, 3, 6, 1, 1, 5, 4, 0
15525, 361155, 3, 6, 1, 1, 5, 5, 0
15526, 361211, 3, 6, 1, 2, 1, 1, 0
15527, 361212, 3, 6, 1, 2, 1, 2, 0
15528, 361213, 3, 6, 1, 2, 1, 3, 0
15529, 361214, 3, 6, 1, 2, 1, 4, 0
15530, 361215, 3, 6, 1, 2, 1, 5, 0
15531, 361221, 3, 6, 1, 2, 2, 1, 0
15532, 361222, 3, 6, 1, 2, 2, 2, 0
15533, 361223, 3, 6, 1, 2, 2, 3, 0
15534, 361224, 3, 6, 1, 2, 2, 4, 0
15535, 361225, 3, 6, 1, 2, 2, 5, 0
15536, 361231, 3, 6, 1, 2, 3, 1, 0
15537, 361232, 3, 6, 1, 2, 3, 2, 0
15538, 361233, 3, 6, 1, 2, 3, 3, 0
15539, 361234, 3, 6, 1, 2, 3, 4, 0
15540, 361235, 3, 6, 1, 2, 3, 5, 0
15541, 361241, 3, 6, 1, 2, 4, 1, 0
15542, 361242, 3, 6, 1, 2, 4, 2, 0
15543, 361243, 3, 6, 1, 2, 4, 3, 0
15544, 361244, 3, 6, 1, 2, 4, 4, 0
15545, 361245, 3, 6, 1, 2, 4, 5, 0
15546, 361251, 3, 6, 1, 2, 5, 1, 0
15547, 361252, 3, 6, 1, 2, 5, 2, 0
15548, 361253, 3, 6, 1, 2, 5, 3, 0
15549, 361254, 3, 6, 1, 2, 5, 4, 0
15550, 361255, 3, 6, 1, 2, 5, 5, 0
15551, 361311, 3, 6, 1, 3, 1, 1, 0
15552, 361312, 3, 6, 1, 3, 1, 2, 0
15553, 361313, 3, 6, 1, 3, 1, 3, 0
15554, 361314, 3, 6, 1, 3, 1, 4, 0
15555, 361315, 3, 6, 1, 3, 1, 5, 0
15556, 361321, 3, 6, 1, 3, 2, 1, 0
15557, 361322, 3, 6, 1, 3, 2, 2, 0
15558, 361323, 3, 6, 1, 3, 2, 3, 0
15559, 361324, 3, 6, 1, 3, 2, 4, 0
15560, 361325, 3, 6, 1, 3, 2, 5, 0
15561, 361331, 3, 6, 1, 3, 3, 1, 0
15562, 361332, 3, 6, 1, 3, 3, 2, 0
15563, 361333, 3, 6, 1, 3, 3, 3, 0
15564, 361334, 3, 6, 1, 3, 3, 4, 0
15565, 361335, 3, 6, 1, 3, 3, 5, 0
15566, 361341, 3, 6, 1, 3, 4, 1, 0
15567, 361342, 3, 6, 1, 3, 4, 2, 0
15568, 361343, 3, 6, 1, 3, 4, 3, 0
15569, 361344, 3, 6, 1, 3, 4, 4, 0
15570, 361345, 3, 6, 1, 3, 4, 5, 0
15571, 361351, 3, 6, 1, 3, 5, 1, 0
15572, 361352, 3, 6, 1, 3, 5, 2, 0
15573, 361353, 3, 6, 1, 3, 5, 3, 0
15574, 361354, 3, 6, 1, 3, 5, 4, 0
15575, 361355, 3, 6, 1, 3, 5, 5, 0
15576, 361411, 3, 6, 1, 4, 1, 1, 0
15577, 361412, 3, 6, 1, 4, 1, 2, 0
15578, 361413, 3, 6, 1, 4, 1, 3, 0
15579, 361414, 3, 6, 1, 4, 1, 4, 0
15580, 361415, 3, 6, 1, 4, 1, 5, 0
15581, 361421, 3, 6, 1, 4, 2, 1, 0
15582, 361422, 3, 6, 1, 4, 2, 2, 0
15583, 361423, 3, 6, 1, 4, 2, 3, 0
15584, 361424, 3, 6, 1, 4, 2, 4, 0
15585, 361425, 3, 6, 1, 4, 2, 5, 0
15586, 361431, 3, 6, 1, 4, 3, 1, 0
15587, 361432, 3, 6, 1, 4, 3, 2, 0
15588, 361433, 3, 6, 1, 4, 3, 3, 0
15589, 361434, 3, 6, 1, 4, 3, 4, 0
15590, 361435, 3, 6, 1, 4, 3, 5, 0
15591, 361441, 3, 6, 1, 4, 4, 1, 0
15592, 361442, 3, 6, 1, 4, 4, 2, 0
15593, 361443, 3, 6, 1, 4, 4, 3, 0
15594, 361444, 3, 6, 1, 4, 4, 4, 0
15595, 361445, 3, 6, 1, 4, 4, 5, 0
15596, 361451, 3, 6, 1, 4, 5, 1, 0
15597, 361452, 3, 6, 1, 4, 5, 2, 0
15598, 361453, 3, 6, 1, 4, 5, 3, 0
15599, 361454, 3, 6, 1, 4, 5, 4, 0
15600, 361455, 3, 6, 1, 4, 5, 5, 0
15601, 362111, 3, 6, 2, 1, 1, 1, 0
15602, 362112, 3, 6, 2, 1, 1, 2, 0
15603, 362113, 3, 6, 2, 1, 1, 3, 0
15604, 362114, 3, 6, 2, 1, 1, 4, 0
15605, 362115, 3, 6, 2, 1, 1, 5, 0
15606, 362121, 3, 6, 2, 1, 2, 1, 0
15607, 362122, 3, 6, 2, 1, 2, 2, 0
15608, 362123, 3, 6, 2, 1, 2, 3, 0
15609, 362124, 3, 6, 2, 1, 2, 4, 0
15610, 362125, 3, 6, 2, 1, 2, 5, 0
15611, 362131, 3, 6, 2, 1, 3, 1, 0
15612, 362132, 3, 6, 2, 1, 3, 2, 0
15613, 362133, 3, 6, 2, 1, 3, 3, 0
15614, 362134, 3, 6, 2, 1, 3, 4, 0
15615, 362135, 3, 6, 2, 1, 3, 5, 0
15616, 362141, 3, 6, 2, 1, 4, 1, 0
15617, 362142, 3, 6, 2, 1, 4, 2, 0
15618, 362143, 3, 6, 2, 1, 4, 3, 0
15619, 362144, 3, 6, 2, 1, 4, 4, 0
15620, 362145, 3, 6, 2, 1, 4, 5, 0
15621, 362151, 3, 6, 2, 1, 5, 1, 0
15622, 362152, 3, 6, 2, 1, 5, 2, 0
15623, 362153, 3, 6, 2, 1, 5, 3, 0
15624, 362154, 3, 6, 2, 1, 5, 4, 0
15625, 362155, 3, 6, 2, 1, 5, 5, 0
15626, 362211, 3, 6, 2, 2, 1, 1, 0
15627, 362212, 3, 6, 2, 2, 1, 2, 0
15628, 362213, 3, 6, 2, 2, 1, 3, 0
15629, 362214, 3, 6, 2, 2, 1, 4, 0
15630, 362215, 3, 6, 2, 2, 1, 5, 0
15631, 362221, 3, 6, 2, 2, 2, 1, 0
15632, 362222, 3, 6, 2, 2, 2, 2, 0
15633, 362223, 3, 6, 2, 2, 2, 3, 0
15634, 362224, 3, 6, 2, 2, 2, 4, 0
15635, 362225, 3, 6, 2, 2, 2, 5, 0
15636, 362231, 3, 6, 2, 2, 3, 1, 0
15637, 362232, 3, 6, 2, 2, 3, 2, 0
15638, 362233, 3, 6, 2, 2, 3, 3, 0
15639, 362234, 3, 6, 2, 2, 3, 4, 0
15640, 362235, 3, 6, 2, 2, 3, 5, 0
15641, 362241, 3, 6, 2, 2, 4, 1, 0
15642, 362242, 3, 6, 2, 2, 4, 2, 0
15643, 362243, 3, 6, 2, 2, 4, 3, 0
15644, 362244, 3, 6, 2, 2, 4, 4, 0
15645, 362245, 3, 6, 2, 2, 4, 5, 0
15646, 362251, 3, 6, 2, 2, 5, 1, 0
15647, 362252, 3, 6, 2, 2, 5, 2, 0
15648, 362253, 3, 6, 2, 2, 5, 3, 0
15649, 362254, 3, 6, 2, 2, 5, 4, 0
15650, 362255, 3, 6, 2, 2, 5, 5, 0
15651, 362311, 3, 6, 2, 3, 1, 1, 0
15652, 362312, 3, 6, 2, 3, 1, 2, 0
15653, 362313, 3, 6, 2, 3, 1, 3, 0
15654, 362314, 3, 6, 2, 3, 1, 4, 0
15655, 362315, 3, 6, 2, 3, 1, 5, 0
15656, 362321, 3, 6, 2, 3, 2, 1, 0
15657, 362322, 3, 6, 2, 3, 2, 2, 0
15658, 362323, 3, 6, 2, 3, 2, 3, 0
15659, 362324, 3, 6, 2, 3, 2, 4, 0
15660, 362325, 3, 6, 2, 3, 2, 5, 0
15661, 362331, 3, 6, 2, 3, 3, 1, 0
15662, 362332, 3, 6, 2, 3, 3, 2, 0
15663, 362333, 3, 6, 2, 3, 3, 3, 0
15664, 362334, 3, 6, 2, 3, 3, 4, 0
15665, 362335, 3, 6, 2, 3, 3, 5, 0
15666, 362341, 3, 6, 2, 3, 4, 1, 0
15667, 362342, 3, 6, 2, 3, 4, 2, 0
15668, 362343, 3, 6, 2, 3, 4, 3, 0
15669, 362344, 3, 6, 2, 3, 4, 4, 0
15670, 362345, 3, 6, 2, 3, 4, 5, 0
15671, 362351, 3, 6, 2, 3, 5, 1, 0
15672, 362352, 3, 6, 2, 3, 5, 2, 0
15673, 362353, 3, 6, 2, 3, 5, 3, 0
15674, 362354, 3, 6, 2, 3, 5, 4, 0
15675, 362355, 3, 6, 2, 3, 5, 5, 0
15676, 362411, 3, 6, 2, 4, 1, 1, 0
15677, 362412, 3, 6, 2, 4, 1, 2, 0
15678, 362413, 3, 6, 2, 4, 1, 3, 0
15679, 362414, 3, 6, 2, 4, 1, 4, 0
15680, 362415, 3, 6, 2, 4, 1, 5, 0
15681, 362421, 3, 6, 2, 4, 2, 1, 0
15682, 362422, 3, 6, 2, 4, 2, 2, 0
15683, 362423, 3, 6, 2, 4, 2, 3, 0
15684, 362424, 3, 6, 2, 4, 2, 4, 0
15685, 362425, 3, 6, 2, 4, 2, 5, 0
15686, 362431, 3, 6, 2, 4, 3, 1, 0
15687, 362432, 3, 6, 2, 4, 3, 2, 0
15688, 362433, 3, 6, 2, 4, 3, 3, 0
15689, 362434, 3, 6, 2, 4, 3, 4, 0
15690, 362435, 3, 6, 2, 4, 3, 5, 0
15691, 362441, 3, 6, 2, 4, 4, 1, 0
15692, 362442, 3, 6, 2, 4, 4, 2, 0
15693, 362443, 3, 6, 2, 4, 4, 3, 0
15694, 362444, 3, 6, 2, 4, 4, 4, 0
15695, 362445, 3, 6, 2, 4, 4, 5, 0
15696, 362451, 3, 6, 2, 4, 5, 1, 0
15697, 362452, 3, 6, 2, 4, 5, 2, 0
15698, 362453, 3, 6, 2, 4, 5, 3, 0
15699, 362454, 3, 6, 2, 4, 5, 4, 0
15700, 362455, 3, 6, 2, 4, 5, 5, 0
15701, 363111, 3, 6, 3, 1, 1, 1, 0
15702, 363112, 3, 6, 3, 1, 1, 2, 0
15703, 363113, 3, 6, 3, 1, 1, 3, 0
15704, 363114, 3, 6, 3, 1, 1, 4, 0
15705, 363115, 3, 6, 3, 1, 1, 5, 0
15706, 363121, 3, 6, 3, 1, 2, 1, 0
15707, 363122, 3, 6, 3, 1, 2, 2, 0
15708, 363123, 3, 6, 3, 1, 2, 3, 0
15709, 363124, 3, 6, 3, 1, 2, 4, 0
15710, 363125, 3, 6, 3, 1, 2, 5, 0
15711, 363131, 3, 6, 3, 1, 3, 1, 0
15712, 363132, 3, 6, 3, 1, 3, 2, 0
15713, 363133, 3, 6, 3, 1, 3, 3, 0
15714, 363134, 3, 6, 3, 1, 3, 4, 0
15715, 363135, 3, 6, 3, 1, 3, 5, 0
15716, 363141, 3, 6, 3, 1, 4, 1, 0
15717, 363142, 3, 6, 3, 1, 4, 2, 0
15718, 363143, 3, 6, 3, 1, 4, 3, 0
15719, 363144, 3, 6, 3, 1, 4, 4, 0
15720, 363145, 3, 6, 3, 1, 4, 5, 0
15721, 363151, 3, 6, 3, 1, 5, 1, 0
15722, 363152, 3, 6, 3, 1, 5, 2, 0
15723, 363153, 3, 6, 3, 1, 5, 3, 0
15724, 363154, 3, 6, 3, 1, 5, 4, 0
15725, 363155, 3, 6, 3, 1, 5, 5, 0
15726, 363211, 3, 6, 3, 2, 1, 1, 0
15727, 363212, 3, 6, 3, 2, 1, 2, 0
15728, 363213, 3, 6, 3, 2, 1, 3, 0
15729, 363214, 3, 6, 3, 2, 1, 4, 0
15730, 363215, 3, 6, 3, 2, 1, 5, 0
15731, 363221, 3, 6, 3, 2, 2, 1, 0
15732, 363222, 3, 6, 3, 2, 2, 2, 0
15733, 363223, 3, 6, 3, 2, 2, 3, 0
15734, 363224, 3, 6, 3, 2, 2, 4, 0
15735, 363225, 3, 6, 3, 2, 2, 5, 0
15736, 363231, 3, 6, 3, 2, 3, 1, 0
15737, 363232, 3, 6, 3, 2, 3, 2, 0
15738, 363233, 3, 6, 3, 2, 3, 3, 0
15739, 363234, 3, 6, 3, 2, 3, 4, 0
15740, 363235, 3, 6, 3, 2, 3, 5, 0
15741, 363241, 3, 6, 3, 2, 4, 1, 0
15742, 363242, 3, 6, 3, 2, 4, 2, 0
15743, 363243, 3, 6, 3, 2, 4, 3, 0
15744, 363244, 3, 6, 3, 2, 4, 4, 0
15745, 363245, 3, 6, 3, 2, 4, 5, 0
15746, 363251, 3, 6, 3, 2, 5, 1, 0
15747, 363252, 3, 6, 3, 2, 5, 2, 0
15748, 363253, 3, 6, 3, 2, 5, 3, 0
15749, 363254, 3, 6, 3, 2, 5, 4, 0
15750, 363255, 3, 6, 3, 2, 5, 5, 0
15751, 363311, 3, 6, 3, 3, 1, 1, 0
15752, 363312, 3, 6, 3, 3, 1, 2, 0
15753, 363313, 3, 6, 3, 3, 1, 3, 0
15754, 363314, 3, 6, 3, 3, 1, 4, 0
15755, 363315, 3, 6, 3, 3, 1, 5, 0
15756, 363321, 3, 6, 3, 3, 2, 1, 0
15757, 363322, 3, 6, 3, 3, 2, 2, 0
15758, 363323, 3, 6, 3, 3, 2, 3, 0
15759, 363324, 3, 6, 3, 3, 2, 4, 0
15760, 363325, 3, 6, 3, 3, 2, 5, 0
15761, 363331, 3, 6, 3, 3, 3, 1, 0
15762, 363332, 3, 6, 3, 3, 3, 2, 0
15763, 363333, 3, 6, 3, 3, 3, 3, 0
15764, 363334, 3, 6, 3, 3, 3, 4, 0
15765, 363335, 3, 6, 3, 3, 3, 5, 0
15766, 363341, 3, 6, 3, 3, 4, 1, 0
15767, 363342, 3, 6, 3, 3, 4, 2, 0
15768, 363343, 3, 6, 3, 3, 4, 3, 0
15769, 363344, 3, 6, 3, 3, 4, 4, 0
15770, 363345, 3, 6, 3, 3, 4, 5, 0
15771, 363351, 3, 6, 3, 3, 5, 1, 0
15772, 363352, 3, 6, 3, 3, 5, 2, 0
15773, 363353, 3, 6, 3, 3, 5, 3, 0
15774, 363354, 3, 6, 3, 3, 5, 4, 0
15775, 363355, 3, 6, 3, 3, 5, 5, 0
15776, 363411, 3, 6, 3, 4, 1, 1, 0
15777, 363412, 3, 6, 3, 4, 1, 2, 0
15778, 363413, 3, 6, 3, 4, 1, 3, 0
15779, 363414, 3, 6, 3, 4, 1, 4, 0
15780, 363415, 3, 6, 3, 4, 1, 5, 0
15781, 363421, 3, 6, 3, 4, 2, 1, 0
15782, 363422, 3, 6, 3, 4, 2, 2, 0
15783, 363423, 3, 6, 3, 4, 2, 3, 0
15784, 363424, 3, 6, 3, 4, 2, 4, 0
15785, 363425, 3, 6, 3, 4, 2, 5, 0
15786, 363431, 3, 6, 3, 4, 3, 1, 0
15787, 363432, 3, 6, 3, 4, 3, 2, 0
15788, 363433, 3, 6, 3, 4, 3, 3, 0
15789, 363434, 3, 6, 3, 4, 3, 4, 0
15790, 363435, 3, 6, 3, 4, 3, 5, 0
15791, 363441, 3, 6, 3, 4, 4, 1, 0
15792, 363442, 3, 6, 3, 4, 4, 2, 0
15793, 363443, 3, 6, 3, 4, 4, 3, 0
15794, 363444, 3, 6, 3, 4, 4, 4, 0
15795, 363445, 3, 6, 3, 4, 4, 5, 0
15796, 363451, 3, 6, 3, 4, 5, 1, 0
15797, 363452, 3, 6, 3, 4, 5, 2, 0
15798, 363453, 3, 6, 3, 4, 5, 3, 0
15799, 363454, 3, 6, 3, 4, 5, 4, 0
15800, 363455, 3, 6, 3, 4, 5, 5, 0
15801, 364111, 3, 6, 4, 1, 1, 1, 0
15802, 364112, 3, 6, 4, 1, 1, 2, 0
15803, 364113, 3, 6, 4, 1, 1, 3, 0
15804, 364114, 3, 6, 4, 1, 1, 4, 0
15805, 364115, 3, 6, 4, 1, 1, 5, 0
15806, 364121, 3, 6, 4, 1, 2, 1, 0
15807, 364122, 3, 6, 4, 1, 2, 2, 0
15808, 364123, 3, 6, 4, 1, 2, 3, 0
15809, 364124, 3, 6, 4, 1, 2, 4, 0
15810, 364125, 3, 6, 4, 1, 2, 5, 0
15811, 364131, 3, 6, 4, 1, 3, 1, 0
15812, 364132, 3, 6, 4, 1, 3, 2, 0
15813, 364133, 3, 6, 4, 1, 3, 3, 0
15814, 364134, 3, 6, 4, 1, 3, 4, 0
15815, 364135, 3, 6, 4, 1, 3, 5, 0
15816, 364141, 3, 6, 4, 1, 4, 1, 0
15817, 364142, 3, 6, 4, 1, 4, 2, 0
15818, 364143, 3, 6, 4, 1, 4, 3, 0
15819, 364144, 3, 6, 4, 1, 4, 4, 0
15820, 364145, 3, 6, 4, 1, 4, 5, 0
15821, 364151, 3, 6, 4, 1, 5, 1, 0
15822, 364152, 3, 6, 4, 1, 5, 2, 0
15823, 364153, 3, 6, 4, 1, 5, 3, 0
15824, 364154, 3, 6, 4, 1, 5, 4, 0
15825, 364155, 3, 6, 4, 1, 5, 5, 0
15826, 364211, 3, 6, 4, 2, 1, 1, 0
15827, 364212, 3, 6, 4, 2, 1, 2, 0
15828, 364213, 3, 6, 4, 2, 1, 3, 0
15829, 364214, 3, 6, 4, 2, 1, 4, 0
15830, 364215, 3, 6, 4, 2, 1, 5, 0
15831, 364221, 3, 6, 4, 2, 2, 1, 0
15832, 364222, 3, 6, 4, 2, 2, 2, 0
15833, 364223, 3, 6, 4, 2, 2, 3, 0
15834, 364224, 3, 6, 4, 2, 2, 4, 0
15835, 364225, 3, 6, 4, 2, 2, 5, 0
15836, 364231, 3, 6, 4, 2, 3, 1, 0
15837, 364232, 3, 6, 4, 2, 3, 2, 0
15838, 364233, 3, 6, 4, 2, 3, 3, 0
15839, 364234, 3, 6, 4, 2, 3, 4, 0
15840, 364235, 3, 6, 4, 2, 3, 5, 0
15841, 364241, 3, 6, 4, 2, 4, 1, 0
15842, 364242, 3, 6, 4, 2, 4, 2, 0
15843, 364243, 3, 6, 4, 2, 4, 3, 0
15844, 364244, 3, 6, 4, 2, 4, 4, 0
15845, 364245, 3, 6, 4, 2, 4, 5, 0
15846, 364251, 3, 6, 4, 2, 5, 1, 0
15847, 364252, 3, 6, 4, 2, 5, 2, 0
15848, 364253, 3, 6, 4, 2, 5, 3, 0
15849, 364254, 3, 6, 4, 2, 5, 4, 0
15850, 364255, 3, 6, 4, 2, 5, 5, 0
15851, 364311, 3, 6, 4, 3, 1, 1, 0
15852, 364312, 3, 6, 4, 3, 1, 2, 0
15853, 364313, 3, 6, 4, 3, 1, 3, 0
15854, 364314, 3, 6, 4, 3, 1, 4, 0
15855, 364315, 3, 6, 4, 3, 1, 5, 0
15856, 364321, 3, 6, 4, 3, 2, 1, 0
15857, 364322, 3, 6, 4, 3, 2, 2, 0
15858, 364323, 3, 6, 4, 3, 2, 3, 0
15859, 364324, 3, 6, 4, 3, 2, 4, 0
15860, 364325, 3, 6, 4, 3, 2, 5, 0
15861, 364331, 3, 6, 4, 3, 3, 1, 0
15862, 364332, 3, 6, 4, 3, 3, 2, 0
15863, 364333, 3, 6, 4, 3, 3, 3, 0
15864, 364334, 3, 6, 4, 3, 3, 4, 0
15865, 364335, 3, 6, 4, 3, 3, 5, 0
15866, 364341, 3, 6, 4, 3, 4, 1, 0
15867, 364342, 3, 6, 4, 3, 4, 2, 0
15868, 364343, 3, 6, 4, 3, 4, 3, 0
15869, 364344, 3, 6, 4, 3, 4, 4, 0
15870, 364345, 3, 6, 4, 3, 4, 5, 0
15871, 364351, 3, 6, 4, 3, 5, 1, 0
15872, 364352, 3, 6, 4, 3, 5, 2, 0
15873, 364353, 3, 6, 4, 3, 5, 3, 0
15874, 364354, 3, 6, 4, 3, 5, 4, 0
15875, 364355, 3, 6, 4, 3, 5, 5, 0
15876, 364411, 3, 6, 4, 4, 1, 1, 0
15877, 364412, 3, 6, 4, 4, 1, 2, 0
15878, 364413, 3, 6, 4, 4, 1, 3, 0
15879, 364414, 3, 6, 4, 4, 1, 4, 0
15880, 364415, 3, 6, 4, 4, 1, 5, 0
15881, 364421, 3, 6, 4, 4, 2, 1, 0
15882, 364422, 3, 6, 4, 4, 2, 2, 0
15883, 364423, 3, 6, 4, 4, 2, 3, 0
15884, 364424, 3, 6, 4, 4, 2, 4, 0
15885, 364425, 3, 6, 4, 4, 2, 5, 0
15886, 364431, 3, 6, 4, 4, 3, 1, 0
15887, 364432, 3, 6, 4, 4, 3, 2, 0
15888, 364433, 3, 6, 4, 4, 3, 3, 0
15889, 364434, 3, 6, 4, 4, 3, 4, 0
15890, 364435, 3, 6, 4, 4, 3, 5, 0
15891, 364441, 3, 6, 4, 4, 4, 1, 0
15892, 364442, 3, 6, 4, 4, 4, 2, 0
15893, 364443, 3, 6, 4, 4, 4, 3, 0
15894, 364444, 3, 6, 4, 4, 4, 4, 0
15895, 364445, 3, 6, 4, 4, 4, 5, 0
15896, 364451, 3, 6, 4, 4, 5, 1, 0
15897, 364452, 3, 6, 4, 4, 5, 2, 0
15898, 364453, 3, 6, 4, 4, 5, 3, 0
15899, 364454, 3, 6, 4, 4, 5, 4, 0
15900, 364455, 3, 6, 4, 4, 5, 5, 0
15901, 365111, 3, 6, 5, 1, 1, 1, 0
15902, 365112, 3, 6, 5, 1, 1, 2, 0
15903, 365113, 3, 6, 5, 1, 1, 3, 0
15904, 365114, 3, 6, 5, 1, 1, 4, 0
15905, 365115, 3, 6, 5, 1, 1, 5, 0
15906, 365121, 3, 6, 5, 1, 2, 1, 0
15907, 365122, 3, 6, 5, 1, 2, 2, 0
15908, 365123, 3, 6, 5, 1, 2, 3, 0
15909, 365124, 3, 6, 5, 1, 2, 4, 0
15910, 365125, 3, 6, 5, 1, 2, 5, 0
15911, 365131, 3, 6, 5, 1, 3, 1, 0
15912, 365132, 3, 6, 5, 1, 3, 2, 0
15913, 365133, 3, 6, 5, 1, 3, 3, 0
15914, 365134, 3, 6, 5, 1, 3, 4, 0
15915, 365135, 3, 6, 5, 1, 3, 5, 0
15916, 365141, 3, 6, 5, 1, 4, 1, 0
15917, 365142, 3, 6, 5, 1, 4, 2, 0
15918, 365143, 3, 6, 5, 1, 4, 3, 0
15919, 365144, 3, 6, 5, 1, 4, 4, 0
15920, 365145, 3, 6, 5, 1, 4, 5, 0
15921, 365151, 3, 6, 5, 1, 5, 1, 0
15922, 365152, 3, 6, 5, 1, 5, 2, 0
15923, 365153, 3, 6, 5, 1, 5, 3, 0
15924, 365154, 3, 6, 5, 1, 5, 4, 0
15925, 365155, 3, 6, 5, 1, 5, 5, 0
15926, 365211, 3, 6, 5, 2, 1, 1, 0
15927, 365212, 3, 6, 5, 2, 1, 2, 0
15928, 365213, 3, 6, 5, 2, 1, 3, 0
15929, 365214, 3, 6, 5, 2, 1, 4, 0
15930, 365215, 3, 6, 5, 2, 1, 5, 0
15931, 365221, 3, 6, 5, 2, 2, 1, 0
15932, 365222, 3, 6, 5, 2, 2, 2, 0
15933, 365223, 3, 6, 5, 2, 2, 3, 0
15934, 365224, 3, 6, 5, 2, 2, 4, 0
15935, 365225, 3, 6, 5, 2, 2, 5, 0
15936, 365231, 3, 6, 5, 2, 3, 1, 0
15937, 365232, 3, 6, 5, 2, 3, 2, 0
15938, 365233, 3, 6, 5, 2, 3, 3, 0
15939, 365234, 3, 6, 5, 2, 3, 4, 0
15940, 365235, 3, 6, 5, 2, 3, 5, 0
15941, 365241, 3, 6, 5, 2, 4, 1, 0
15942, 365242, 3, 6, 5, 2, 4, 2, 0
15943, 365243, 3, 6, 5, 2, 4, 3, 0
15944, 365244, 3, 6, 5, 2, 4, 4, 0
15945, 365245, 3, 6, 5, 2, 4, 5, 0
15946, 365251, 3, 6, 5, 2, 5, 1, 0
15947, 365252, 3, 6, 5, 2, 5, 2, 0
15948, 365253, 3, 6, 5, 2, 5, 3, 0
15949, 365254, 3, 6, 5, 2, 5, 4, 0
15950, 365255, 3, 6, 5, 2, 5, 5, 0
15951, 365311, 3, 6, 5, 3, 1, 1, 0
15952, 365312, 3, 6, 5, 3, 1, 2, 0
15953, 365313, 3, 6, 5, 3, 1, 3, 0
15954, 365314, 3, 6, 5, 3, 1, 4, 0
15955, 365315, 3, 6, 5, 3, 1, 5, 0
15956, 365321, 3, 6, 5, 3, 2, 1, 0
15957, 365322, 3, 6, 5, 3, 2, 2, 0
15958, 365323, 3, 6, 5, 3, 2, 3, 0
15959, 365324, 3, 6, 5, 3, 2, 4, 0
15960, 365325, 3, 6, 5, 3, 2, 5, 0
15961, 365331, 3, 6, 5, 3, 3, 1, 0
15962, 365332, 3, 6, 5, 3, 3, 2, 0
15963, 365333, 3, 6, 5, 3, 3, 3, 0
15964, 365334, 3, 6, 5, 3, 3, 4, 0
15965, 365335, 3, 6, 5, 3, 3, 5, 0
15966, 365341, 3, 6, 5, 3, 4, 1, 0
15967, 365342, 3, 6, 5, 3, 4, 2, 0
15968, 365343, 3, 6, 5, 3, 4, 3, 0
15969, 365344, 3, 6, 5, 3, 4, 4, 0
15970, 365345, 3, 6, 5, 3, 4, 5, 0
15971, 365351, 3, 6, 5, 3, 5, 1, 0
15972, 365352, 3, 6, 5, 3, 5, 2, 0
15973, 365353, 3, 6, 5, 3, 5, 3, 0
15974, 365354, 3, 6, 5, 3, 5, 4, 0
15975, 365355, 3, 6, 5, 3, 5, 5, 0
15976, 365411, 3, 6, 5, 4, 1, 1, 0
15977, 365412, 3, 6, 5, 4, 1, 2, 0
15978, 365413, 3, 6, 5, 4, 1, 3, 0
15979, 365414, 3, 6, 5, 4, 1, 4, 0
15980, 365415, 3, 6, 5, 4, 1, 5, 0
15981, 365421, 3, 6, 5, 4, 2, 1, 0
15982, 365422, 3, 6, 5, 4, 2, 2, 0
15983, 365423, 3, 6, 5, 4, 2, 3, 0
15984, 365424, 3, 6, 5, 4, 2, 4, 0
15985, 365425, 3, 6, 5, 4, 2, 5, 0
15986, 365431, 3, 6, 5, 4, 3, 1, 0
15987, 365432, 3, 6, 5, 4, 3, 2, 0
15988, 365433, 3, 6, 5, 4, 3, 3, 0
15989, 365434, 3, 6, 5, 4, 3, 4, 0
15990, 365435, 3, 6, 5, 4, 3, 5, 0
15991, 365441, 3, 6, 5, 4, 4, 1, 0
15992, 365442, 3, 6, 5, 4, 4, 2, 0
15993, 365443, 3, 6, 5, 4, 4, 3, 0
15994, 365444, 3, 6, 5, 4, 4, 4, 0
15995, 365445, 3, 6, 5, 4, 4, 5, 0
15996, 365451, 3, 6, 5, 4, 5, 1, 0
15997, 365452, 3, 6, 5, 4, 5, 2, 0
15998, 365453, 3, 6, 5, 4, 5, 3, 0
15999, 365454, 3, 6, 5, 4, 5, 4, 0
16000, 365455, 3, 6, 5, 4, 5, 5, 0
16001, 366111, 3, 6, 6, 1, 1, 1, 0
16002, 366112, 3, 6, 6, 1, 1, 2, 0
16003, 366113, 3, 6, 6, 1, 1, 3, 0
16004, 366114, 3, 6, 6, 1, 1, 4, 0
16005, 366115, 3, 6, 6, 1, 1, 5, 0
16006, 366121, 3, 6, 6, 1, 2, 1, 0
16007, 366122, 3, 6, 6, 1, 2, 2, 0
16008, 366123, 3, 6, 6, 1, 2, 3, 0
16009, 366124, 3, 6, 6, 1, 2, 4, 0
16010, 366125, 3, 6, 6, 1, 2, 5, 0
16011, 366131, 3, 6, 6, 1, 3, 1, 0
16012, 366132, 3, 6, 6, 1, 3, 2, 0
16013, 366133, 3, 6, 6, 1, 3, 3, 0
16014, 366134, 3, 6, 6, 1, 3, 4, 0
16015, 366135, 3, 6, 6, 1, 3, 5, 0
16016, 366141, 3, 6, 6, 1, 4, 1, 0
16017, 366142, 3, 6, 6, 1, 4, 2, 0
16018, 366143, 3, 6, 6, 1, 4, 3, 0
16019, 366144, 3, 6, 6, 1, 4, 4, 0
16020, 366145, 3, 6, 6, 1, 4, 5, 0
16021, 366151, 3, 6, 6, 1, 5, 1, 0
16022, 366152, 3, 6, 6, 1, 5, 2, 0
16023, 366153, 3, 6, 6, 1, 5, 3, 0
16024, 366154, 3, 6, 6, 1, 5, 4, 0
16025, 366155, 3, 6, 6, 1, 5, 5, 0
16026, 366211, 3, 6, 6, 2, 1, 1, 0
16027, 366212, 3, 6, 6, 2, 1, 2, 0
16028, 366213, 3, 6, 6, 2, 1, 3, 0
16029, 366214, 3, 6, 6, 2, 1, 4, 0
16030, 366215, 3, 6, 6, 2, 1, 5, 0
16031, 366221, 3, 6, 6, 2, 2, 1, 0
16032, 366222, 3, 6, 6, 2, 2, 2, 0
16033, 366223, 3, 6, 6, 2, 2, 3, 0
16034, 366224, 3, 6, 6, 2, 2, 4, 0
16035, 366225, 3, 6, 6, 2, 2, 5, 0
16036, 366231, 3, 6, 6, 2, 3, 1, 0
16037, 366232, 3, 6, 6, 2, 3, 2, 0
16038, 366233, 3, 6, 6, 2, 3, 3, 0
16039, 366234, 3, 6, 6, 2, 3, 4, 0
16040, 366235, 3, 6, 6, 2, 3, 5, 0
16041, 366241, 3, 6, 6, 2, 4, 1, 0
16042, 366242, 3, 6, 6, 2, 4, 2, 0
16043, 366243, 3, 6, 6, 2, 4, 3, 0
16044, 366244, 3, 6, 6, 2, 4, 4, 0
16045, 366245, 3, 6, 6, 2, 4, 5, 0
16046, 366251, 3, 6, 6, 2, 5, 1, 0
16047, 366252, 3, 6, 6, 2, 5, 2, 0
16048, 366253, 3, 6, 6, 2, 5, 3, 0
16049, 366254, 3, 6, 6, 2, 5, 4, 0
16050, 366255, 3, 6, 6, 2, 5, 5, 0
16051, 366311, 3, 6, 6, 3, 1, 1, 0
16052, 366312, 3, 6, 6, 3, 1, 2, 0
16053, 366313, 3, 6, 6, 3, 1, 3, 0
16054, 366314, 3, 6, 6, 3, 1, 4, 0
16055, 366315, 3, 6, 6, 3, 1, 5, 0
16056, 366321, 3, 6, 6, 3, 2, 1, 0
16057, 366322, 3, 6, 6, 3, 2, 2, 0
16058, 366323, 3, 6, 6, 3, 2, 3, 0
16059, 366324, 3, 6, 6, 3, 2, 4, 0
16060, 366325, 3, 6, 6, 3, 2, 5, 0
16061, 366331, 3, 6, 6, 3, 3, 1, 0
16062, 366332, 3, 6, 6, 3, 3, 2, 0
16063, 366333, 3, 6, 6, 3, 3, 3, 0
16064, 366334, 3, 6, 6, 3, 3, 4, 0
16065, 366335, 3, 6, 6, 3, 3, 5, 0
16066, 366341, 3, 6, 6, 3, 4, 1, 0
16067, 366342, 3, 6, 6, 3, 4, 2, 0
16068, 366343, 3, 6, 6, 3, 4, 3, 0
16069, 366344, 3, 6, 6, 3, 4, 4, 0
16070, 366345, 3, 6, 6, 3, 4, 5, 0
16071, 366351, 3, 6, 6, 3, 5, 1, 0
16072, 366352, 3, 6, 6, 3, 5, 2, 0
16073, 366353, 3, 6, 6, 3, 5, 3, 0
16074, 366354, 3, 6, 6, 3, 5, 4, 0
16075, 366355, 3, 6, 6, 3, 5, 5, 0
16076, 366411, 3, 6, 6, 4, 1, 1, 0
16077, 366412, 3, 6, 6, 4, 1, 2, 0
16078, 366413, 3, 6, 6, 4, 1, 3, 0
16079, 366414, 3, 6, 6, 4, 1, 4, 0
16080, 366415, 3, 6, 6, 4, 1, 5, 0
16081, 366421, 3, 6, 6, 4, 2, 1, 0
16082, 366422, 3, 6, 6, 4, 2, 2, 0
16083, 366423, 3, 6, 6, 4, 2, 3, 0
16084, 366424, 3, 6, 6, 4, 2, 4, 0
16085, 366425, 3, 6, 6, 4, 2, 5, 0
16086, 366431, 3, 6, 6, 4, 3, 1, 0
16087, 366432, 3, 6, 6, 4, 3, 2, 0
16088, 366433, 3, 6, 6, 4, 3, 3, 0
16089, 366434, 3, 6, 6, 4, 3, 4, 0
16090, 366435, 3, 6, 6, 4, 3, 5, 0
16091, 366441, 3, 6, 6, 4, 4, 1, 0
16092, 366442, 3, 6, 6, 4, 4, 2, 0
16093, 366443, 3, 6, 6, 4, 4, 3, 0
16094, 366444, 3, 6, 6, 4, 4, 4, 0
16095, 366445, 3, 6, 6, 4, 4, 5, 0
16096, 366451, 3, 6, 6, 4, 5, 1, 0
16097, 366452, 3, 6, 6, 4, 5, 2, 0
16098, 366453, 3, 6, 6, 4, 5, 3, 0
16099, 366454, 3, 6, 6, 4, 5, 4, 0
16100, 366455, 3, 6, 6, 4, 5, 5, 0
16101, 367111, 3, 6, 7, 1, 1, 1, 0
16102, 367112, 3, 6, 7, 1, 1, 2, 0
16103, 367113, 3, 6, 7, 1, 1, 3, 0
16104, 367114, 3, 6, 7, 1, 1, 4, 0
16105, 367115, 3, 6, 7, 1, 1, 5, 0
16106, 367121, 3, 6, 7, 1, 2, 1, 0
16107, 367122, 3, 6, 7, 1, 2, 2, 0
16108, 367123, 3, 6, 7, 1, 2, 3, 0
16109, 367124, 3, 6, 7, 1, 2, 4, 0
16110, 367125, 3, 6, 7, 1, 2, 5, 0
16111, 367131, 3, 6, 7, 1, 3, 1, 0
16112, 367132, 3, 6, 7, 1, 3, 2, 0
16113, 367133, 3, 6, 7, 1, 3, 3, 0
16114, 367134, 3, 6, 7, 1, 3, 4, 0
16115, 367135, 3, 6, 7, 1, 3, 5, 0
16116, 367141, 3, 6, 7, 1, 4, 1, 0
16117, 367142, 3, 6, 7, 1, 4, 2, 0
16118, 367143, 3, 6, 7, 1, 4, 3, 0
16119, 367144, 3, 6, 7, 1, 4, 4, 0
16120, 367145, 3, 6, 7, 1, 4, 5, 0
16121, 367151, 3, 6, 7, 1, 5, 1, 0
16122, 367152, 3, 6, 7, 1, 5, 2, 0
16123, 367153, 3, 6, 7, 1, 5, 3, 0
16124, 367154, 3, 6, 7, 1, 5, 4, 0
16125, 367155, 3, 6, 7, 1, 5, 5, 0
16126, 367211, 3, 6, 7, 2, 1, 1, 0
16127, 367212, 3, 6, 7, 2, 1, 2, 0
16128, 367213, 3, 6, 7, 2, 1, 3, 0
16129, 367214, 3, 6, 7, 2, 1, 4, 0
16130, 367215, 3, 6, 7, 2, 1, 5, 0
16131, 367221, 3, 6, 7, 2, 2, 1, 0
16132, 367222, 3, 6, 7, 2, 2, 2, 0
16133, 367223, 3, 6, 7, 2, 2, 3, 0
16134, 367224, 3, 6, 7, 2, 2, 4, 0
16135, 367225, 3, 6, 7, 2, 2, 5, 0
16136, 367231, 3, 6, 7, 2, 3, 1, 0
16137, 367232, 3, 6, 7, 2, 3, 2, 0
16138, 367233, 3, 6, 7, 2, 3, 3, 0
16139, 367234, 3, 6, 7, 2, 3, 4, 0
16140, 367235, 3, 6, 7, 2, 3, 5, 0
16141, 367241, 3, 6, 7, 2, 4, 1, 0
16142, 367242, 3, 6, 7, 2, 4, 2, 0
16143, 367243, 3, 6, 7, 2, 4, 3, 0
16144, 367244, 3, 6, 7, 2, 4, 4, 0
16145, 367245, 3, 6, 7, 2, 4, 5, 0
16146, 367251, 3, 6, 7, 2, 5, 1, 0
16147, 367252, 3, 6, 7, 2, 5, 2, 0
16148, 367253, 3, 6, 7, 2, 5, 3, 0
16149, 367254, 3, 6, 7, 2, 5, 4, 0
16150, 367255, 3, 6, 7, 2, 5, 5, 0
16151, 367311, 3, 6, 7, 3, 1, 1, 0
16152, 367312, 3, 6, 7, 3, 1, 2, 0
16153, 367313, 3, 6, 7, 3, 1, 3, 0
16154, 367314, 3, 6, 7, 3, 1, 4, 0
16155, 367315, 3, 6, 7, 3, 1, 5, 0
16156, 367321, 3, 6, 7, 3, 2, 1, 0
16157, 367322, 3, 6, 7, 3, 2, 2, 0
16158, 367323, 3, 6, 7, 3, 2, 3, 0
16159, 367324, 3, 6, 7, 3, 2, 4, 0
16160, 367325, 3, 6, 7, 3, 2, 5, 0
16161, 367331, 3, 6, 7, 3, 3, 1, 0
16162, 367332, 3, 6, 7, 3, 3, 2, 0
16163, 367333, 3, 6, 7, 3, 3, 3, 0
16164, 367334, 3, 6, 7, 3, 3, 4, 0
16165, 367335, 3, 6, 7, 3, 3, 5, 0
16166, 367341, 3, 6, 7, 3, 4, 1, 0
16167, 367342, 3, 6, 7, 3, 4, 2, 0
16168, 367343, 3, 6, 7, 3, 4, 3, 0
16169, 367344, 3, 6, 7, 3, 4, 4, 0
16170, 367345, 3, 6, 7, 3, 4, 5, 0
16171, 367351, 3, 6, 7, 3, 5, 1, 0
16172, 367352, 3, 6, 7, 3, 5, 2, 0
16173, 367353, 3, 6, 7, 3, 5, 3, 0
16174, 367354, 3, 6, 7, 3, 5, 4, 0
16175, 367355, 3, 6, 7, 3, 5, 5, 0
16176, 367411, 3, 6, 7, 4, 1, 1, 0
16177, 367412, 3, 6, 7, 4, 1, 2, 0
16178, 367413, 3, 6, 7, 4, 1, 3, 0
16179, 367414, 3, 6, 7, 4, 1, 4, 0
16180, 367415, 3, 6, 7, 4, 1, 5, 0
16181, 367421, 3, 6, 7, 4, 2, 1, 0
16182, 367422, 3, 6, 7, 4, 2, 2, 0
16183, 367423, 3, 6, 7, 4, 2, 3, 0
16184, 367424, 3, 6, 7, 4, 2, 4, 0
16185, 367425, 3, 6, 7, 4, 2, 5, 0
16186, 367431, 3, 6, 7, 4, 3, 1, 0
16187, 367432, 3, 6, 7, 4, 3, 2, 0
16188, 367433, 3, 6, 7, 4, 3, 3, 0
16189, 367434, 3, 6, 7, 4, 3, 4, 0
16190, 367435, 3, 6, 7, 4, 3, 5, 0
16191, 367441, 3, 6, 7, 4, 4, 1, 0
16192, 367442, 3, 6, 7, 4, 4, 2, 0
16193, 367443, 3, 6, 7, 4, 4, 3, 0
16194, 367444, 3, 6, 7, 4, 4, 4, 0
16195, 367445, 3, 6, 7, 4, 4, 5, 0
16196, 367451, 3, 6, 7, 4, 5, 1, 0
16197, 367452, 3, 6, 7, 4, 5, 2, 0
16198, 367453, 3, 6, 7, 4, 5, 3, 0
16199, 367454, 3, 6, 7, 4, 5, 4, 0
16200, 367455, 3, 6, 7, 4, 5, 5, 0
16201, 371111, 3, 7, 1, 1, 1, 1, 0
16202, 371112, 3, 7, 1, 1, 1, 2, 0
16203, 371113, 3, 7, 1, 1, 1, 3, 0
16204, 371114, 3, 7, 1, 1, 1, 4, 0
16205, 371115, 3, 7, 1, 1, 1, 5, 0
16206, 371121, 3, 7, 1, 1, 2, 1, 0
16207, 371122, 3, 7, 1, 1, 2, 2, 0
16208, 371123, 3, 7, 1, 1, 2, 3, 0
16209, 371124, 3, 7, 1, 1, 2, 4, 0
16210, 371125, 3, 7, 1, 1, 2, 5, 0
16211, 371131, 3, 7, 1, 1, 3, 1, 0
16212, 371132, 3, 7, 1, 1, 3, 2, 0
16213, 371133, 3, 7, 1, 1, 3, 3, 0
16214, 371134, 3, 7, 1, 1, 3, 4, 0
16215, 371135, 3, 7, 1, 1, 3, 5, 0
16216, 371141, 3, 7, 1, 1, 4, 1, 0
16217, 371142, 3, 7, 1, 1, 4, 2, 0
16218, 371143, 3, 7, 1, 1, 4, 3, 0
16219, 371144, 3, 7, 1, 1, 4, 4, 0
16220, 371145, 3, 7, 1, 1, 4, 5, 0
16221, 371151, 3, 7, 1, 1, 5, 1, 0
16222, 371152, 3, 7, 1, 1, 5, 2, 0
16223, 371153, 3, 7, 1, 1, 5, 3, 0
16224, 371154, 3, 7, 1, 1, 5, 4, 0
16225, 371155, 3, 7, 1, 1, 5, 5, 0
16226, 371211, 3, 7, 1, 2, 1, 1, 0
16227, 371212, 3, 7, 1, 2, 1, 2, 0
16228, 371213, 3, 7, 1, 2, 1, 3, 0
16229, 371214, 3, 7, 1, 2, 1, 4, 0
16230, 371215, 3, 7, 1, 2, 1, 5, 0
16231, 371221, 3, 7, 1, 2, 2, 1, 0
16232, 371222, 3, 7, 1, 2, 2, 2, 0
16233, 371223, 3, 7, 1, 2, 2, 3, 0
16234, 371224, 3, 7, 1, 2, 2, 4, 0
16235, 371225, 3, 7, 1, 2, 2, 5, 0
16236, 371231, 3, 7, 1, 2, 3, 1, 0
16237, 371232, 3, 7, 1, 2, 3, 2, 0
16238, 371233, 3, 7, 1, 2, 3, 3, 0
16239, 371234, 3, 7, 1, 2, 3, 4, 0
16240, 371235, 3, 7, 1, 2, 3, 5, 0
16241, 371241, 3, 7, 1, 2, 4, 1, 0
16242, 371242, 3, 7, 1, 2, 4, 2, 0
16243, 371243, 3, 7, 1, 2, 4, 3, 0
16244, 371244, 3, 7, 1, 2, 4, 4, 0
16245, 371245, 3, 7, 1, 2, 4, 5, 0
16246, 371251, 3, 7, 1, 2, 5, 1, 0
16247, 371252, 3, 7, 1, 2, 5, 2, 0
16248, 371253, 3, 7, 1, 2, 5, 3, 0
16249, 371254, 3, 7, 1, 2, 5, 4, 0
16250, 371255, 3, 7, 1, 2, 5, 5, 0
16251, 371311, 3, 7, 1, 3, 1, 1, 0
16252, 371312, 3, 7, 1, 3, 1, 2, 0
16253, 371313, 3, 7, 1, 3, 1, 3, 0
16254, 371314, 3, 7, 1, 3, 1, 4, 0
16255, 371315, 3, 7, 1, 3, 1, 5, 0
16256, 371321, 3, 7, 1, 3, 2, 1, 0
16257, 371322, 3, 7, 1, 3, 2, 2, 0
16258, 371323, 3, 7, 1, 3, 2, 3, 0
16259, 371324, 3, 7, 1, 3, 2, 4, 0
16260, 371325, 3, 7, 1, 3, 2, 5, 0
16261, 371331, 3, 7, 1, 3, 3, 1, 0
16262, 371332, 3, 7, 1, 3, 3, 2, 0
16263, 371333, 3, 7, 1, 3, 3, 3, 0
16264, 371334, 3, 7, 1, 3, 3, 4, 0
16265, 371335, 3, 7, 1, 3, 3, 5, 0
16266, 371341, 3, 7, 1, 3, 4, 1, 0
16267, 371342, 3, 7, 1, 3, 4, 2, 0
16268, 371343, 3, 7, 1, 3, 4, 3, 0
16269, 371344, 3, 7, 1, 3, 4, 4, 0
16270, 371345, 3, 7, 1, 3, 4, 5, 0
16271, 371351, 3, 7, 1, 3, 5, 1, 0
16272, 371352, 3, 7, 1, 3, 5, 2, 0
16273, 371353, 3, 7, 1, 3, 5, 3, 0
16274, 371354, 3, 7, 1, 3, 5, 4, 0
16275, 371355, 3, 7, 1, 3, 5, 5, 0
16276, 371411, 3, 7, 1, 4, 1, 1, 0
16277, 371412, 3, 7, 1, 4, 1, 2, 0
16278, 371413, 3, 7, 1, 4, 1, 3, 0
16279, 371414, 3, 7, 1, 4, 1, 4, 0
16280, 371415, 3, 7, 1, 4, 1, 5, 0
16281, 371421, 3, 7, 1, 4, 2, 1, 0
16282, 371422, 3, 7, 1, 4, 2, 2, 0
16283, 371423, 3, 7, 1, 4, 2, 3, 0
16284, 371424, 3, 7, 1, 4, 2, 4, 0
16285, 371425, 3, 7, 1, 4, 2, 5, 0
16286, 371431, 3, 7, 1, 4, 3, 1, 0
16287, 371432, 3, 7, 1, 4, 3, 2, 0
16288, 371433, 3, 7, 1, 4, 3, 3, 0
16289, 371434, 3, 7, 1, 4, 3, 4, 0
16290, 371435, 3, 7, 1, 4, 3, 5, 0
16291, 371441, 3, 7, 1, 4, 4, 1, 0
16292, 371442, 3, 7, 1, 4, 4, 2, 0
16293, 371443, 3, 7, 1, 4, 4, 3, 0
16294, 371444, 3, 7, 1, 4, 4, 4, 0
16295, 371445, 3, 7, 1, 4, 4, 5, 0
16296, 371451, 3, 7, 1, 4, 5, 1, 0
16297, 371452, 3, 7, 1, 4, 5, 2, 0
16298, 371453, 3, 7, 1, 4, 5, 3, 0
16299, 371454, 3, 7, 1, 4, 5, 4, 0
16300, 371455, 3, 7, 1, 4, 5, 5, 0
16301, 372111, 3, 7, 2, 1, 1, 1, 0
16302, 372112, 3, 7, 2, 1, 1, 2, 0
16303, 372113, 3, 7, 2, 1, 1, 3, 0
16304, 372114, 3, 7, 2, 1, 1, 4, 0
16305, 372115, 3, 7, 2, 1, 1, 5, 0
16306, 372121, 3, 7, 2, 1, 2, 1, 0
16307, 372122, 3, 7, 2, 1, 2, 2, 0
16308, 372123, 3, 7, 2, 1, 2, 3, 0
16309, 372124, 3, 7, 2, 1, 2, 4, 0
16310, 372125, 3, 7, 2, 1, 2, 5, 0
16311, 372131, 3, 7, 2, 1, 3, 1, 0
16312, 372132, 3, 7, 2, 1, 3, 2, 0
16313, 372133, 3, 7, 2, 1, 3, 3, 0
16314, 372134, 3, 7, 2, 1, 3, 4, 0
16315, 372135, 3, 7, 2, 1, 3, 5, 0
16316, 372141, 3, 7, 2, 1, 4, 1, 0
16317, 372142, 3, 7, 2, 1, 4, 2, 0
16318, 372143, 3, 7, 2, 1, 4, 3, 0
16319, 372144, 3, 7, 2, 1, 4, 4, 0
16320, 372145, 3, 7, 2, 1, 4, 5, 0
16321, 372151, 3, 7, 2, 1, 5, 1, 0
16322, 372152, 3, 7, 2, 1, 5, 2, 0
16323, 372153, 3, 7, 2, 1, 5, 3, 0
16324, 372154, 3, 7, 2, 1, 5, 4, 0
16325, 372155, 3, 7, 2, 1, 5, 5, 0
16326, 372211, 3, 7, 2, 2, 1, 1, 0
16327, 372212, 3, 7, 2, 2, 1, 2, 0
16328, 372213, 3, 7, 2, 2, 1, 3, 0
16329, 372214, 3, 7, 2, 2, 1, 4, 0
16330, 372215, 3, 7, 2, 2, 1, 5, 0
16331, 372221, 3, 7, 2, 2, 2, 1, 0
16332, 372222, 3, 7, 2, 2, 2, 2, 0
16333, 372223, 3, 7, 2, 2, 2, 3, 0
16334, 372224, 3, 7, 2, 2, 2, 4, 0
16335, 372225, 3, 7, 2, 2, 2, 5, 0
16336, 372231, 3, 7, 2, 2, 3, 1, 0
16337, 372232, 3, 7, 2, 2, 3, 2, 0
16338, 372233, 3, 7, 2, 2, 3, 3, 0
16339, 372234, 3, 7, 2, 2, 3, 4, 0
16340, 372235, 3, 7, 2, 2, 3, 5, 0
16341, 372241, 3, 7, 2, 2, 4, 1, 0
16342, 372242, 3, 7, 2, 2, 4, 2, 0
16343, 372243, 3, 7, 2, 2, 4, 3, 0
16344, 372244, 3, 7, 2, 2, 4, 4, 0
16345, 372245, 3, 7, 2, 2, 4, 5, 0
16346, 372251, 3, 7, 2, 2, 5, 1, 0
16347, 372252, 3, 7, 2, 2, 5, 2, 0
16348, 372253, 3, 7, 2, 2, 5, 3, 0
16349, 372254, 3, 7, 2, 2, 5, 4, 0
16350, 372255, 3, 7, 2, 2, 5, 5, 0
16351, 372311, 3, 7, 2, 3, 1, 1, 0
16352, 372312, 3, 7, 2, 3, 1, 2, 0
16353, 372313, 3, 7, 2, 3, 1, 3, 0
16354, 372314, 3, 7, 2, 3, 1, 4, 0
16355, 372315, 3, 7, 2, 3, 1, 5, 0
16356, 372321, 3, 7, 2, 3, 2, 1, 0
16357, 372322, 3, 7, 2, 3, 2, 2, 0
16358, 372323, 3, 7, 2, 3, 2, 3, 0
16359, 372324, 3, 7, 2, 3, 2, 4, 0
16360, 372325, 3, 7, 2, 3, 2, 5, 0
16361, 372331, 3, 7, 2, 3, 3, 1, 0
16362, 372332, 3, 7, 2, 3, 3, 2, 0
16363, 372333, 3, 7, 2, 3, 3, 3, 0
16364, 372334, 3, 7, 2, 3, 3, 4, 0
16365, 372335, 3, 7, 2, 3, 3, 5, 0
16366, 372341, 3, 7, 2, 3, 4, 1, 0
16367, 372342, 3, 7, 2, 3, 4, 2, 0
16368, 372343, 3, 7, 2, 3, 4, 3, 0
16369, 372344, 3, 7, 2, 3, 4, 4, 0
16370, 372345, 3, 7, 2, 3, 4, 5, 0
16371, 372351, 3, 7, 2, 3, 5, 1, 0
16372, 372352, 3, 7, 2, 3, 5, 2, 0
16373, 372353, 3, 7, 2, 3, 5, 3, 0
16374, 372354, 3, 7, 2, 3, 5, 4, 0
16375, 372355, 3, 7, 2, 3, 5, 5, 0
16376, 372411, 3, 7, 2, 4, 1, 1, 0
16377, 372412, 3, 7, 2, 4, 1, 2, 0
16378, 372413, 3, 7, 2, 4, 1, 3, 0
16379, 372414, 3, 7, 2, 4, 1, 4, 0
16380, 372415, 3, 7, 2, 4, 1, 5, 0
16381, 372421, 3, 7, 2, 4, 2, 1, 0
16382, 372422, 3, 7, 2, 4, 2, 2, 0
16383, 372423, 3, 7, 2, 4, 2, 3, 0
16384, 372424, 3, 7, 2, 4, 2, 4, 0
16385, 372425, 3, 7, 2, 4, 2, 5, 0
16386, 372431, 3, 7, 2, 4, 3, 1, 0
16387, 372432, 3, 7, 2, 4, 3, 2, 0
16388, 372433, 3, 7, 2, 4, 3, 3, 0
16389, 372434, 3, 7, 2, 4, 3, 4, 0
16390, 372435, 3, 7, 2, 4, 3, 5, 0
16391, 372441, 3, 7, 2, 4, 4, 1, 0
16392, 372442, 3, 7, 2, 4, 4, 2, 0
16393, 372443, 3, 7, 2, 4, 4, 3, 0
16394, 372444, 3, 7, 2, 4, 4, 4, 0
16395, 372445, 3, 7, 2, 4, 4, 5, 0
16396, 372451, 3, 7, 2, 4, 5, 1, 0
16397, 372452, 3, 7, 2, 4, 5, 2, 0
16398, 372453, 3, 7, 2, 4, 5, 3, 0
16399, 372454, 3, 7, 2, 4, 5, 4, 0
16400, 372455, 3, 7, 2, 4, 5, 5, 0
16401, 373111, 3, 7, 3, 1, 1, 1, 0
16402, 373112, 3, 7, 3, 1, 1, 2, 0
16403, 373113, 3, 7, 3, 1, 1, 3, 0
16404, 373114, 3, 7, 3, 1, 1, 4, 0
16405, 373115, 3, 7, 3, 1, 1, 5, 0
16406, 373121, 3, 7, 3, 1, 2, 1, 0
16407, 373122, 3, 7, 3, 1, 2, 2, 0
16408, 373123, 3, 7, 3, 1, 2, 3, 0
16409, 373124, 3, 7, 3, 1, 2, 4, 0
16410, 373125, 3, 7, 3, 1, 2, 5, 0
16411, 373131, 3, 7, 3, 1, 3, 1, 0
16412, 373132, 3, 7, 3, 1, 3, 2, 0
16413, 373133, 3, 7, 3, 1, 3, 3, 0
16414, 373134, 3, 7, 3, 1, 3, 4, 0
16415, 373135, 3, 7, 3, 1, 3, 5, 0
16416, 373141, 3, 7, 3, 1, 4, 1, 0
16417, 373142, 3, 7, 3, 1, 4, 2, 0
16418, 373143, 3, 7, 3, 1, 4, 3, 0
16419, 373144, 3, 7, 3, 1, 4, 4, 0
16420, 373145, 3, 7, 3, 1, 4, 5, 0
16421, 373151, 3, 7, 3, 1, 5, 1, 0
16422, 373152, 3, 7, 3, 1, 5, 2, 0
16423, 373153, 3, 7, 3, 1, 5, 3, 0
16424, 373154, 3, 7, 3, 1, 5, 4, 0
16425, 373155, 3, 7, 3, 1, 5, 5, 0
16426, 373211, 3, 7, 3, 2, 1, 1, 0
16427, 373212, 3, 7, 3, 2, 1, 2, 0
16428, 373213, 3, 7, 3, 2, 1, 3, 0
16429, 373214, 3, 7, 3, 2, 1, 4, 0
16430, 373215, 3, 7, 3, 2, 1, 5, 0
16431, 373221, 3, 7, 3, 2, 2, 1, 0
16432, 373222, 3, 7, 3, 2, 2, 2, 0
16433, 373223, 3, 7, 3, 2, 2, 3, 0
16434, 373224, 3, 7, 3, 2, 2, 4, 0
16435, 373225, 3, 7, 3, 2, 2, 5, 0
16436, 373231, 3, 7, 3, 2, 3, 1, 0
16437, 373232, 3, 7, 3, 2, 3, 2, 0
16438, 373233, 3, 7, 3, 2, 3, 3, 0
16439, 373234, 3, 7, 3, 2, 3, 4, 0
16440, 373235, 3, 7, 3, 2, 3, 5, 0
16441, 373241, 3, 7, 3, 2, 4, 1, 0
16442, 373242, 3, 7, 3, 2, 4, 2, 0
16443, 373243, 3, 7, 3, 2, 4, 3, 0
16444, 373244, 3, 7, 3, 2, 4, 4, 0
16445, 373245, 3, 7, 3, 2, 4, 5, 0
16446, 373251, 3, 7, 3, 2, 5, 1, 0
16447, 373252, 3, 7, 3, 2, 5, 2, 0
16448, 373253, 3, 7, 3, 2, 5, 3, 0
16449, 373254, 3, 7, 3, 2, 5, 4, 0
16450, 373255, 3, 7, 3, 2, 5, 5, 0
16451, 373311, 3, 7, 3, 3, 1, 1, 0
16452, 373312, 3, 7, 3, 3, 1, 2, 0
16453, 373313, 3, 7, 3, 3, 1, 3, 0
16454, 373314, 3, 7, 3, 3, 1, 4, 0
16455, 373315, 3, 7, 3, 3, 1, 5, 0
16456, 373321, 3, 7, 3, 3, 2, 1, 0
16457, 373322, 3, 7, 3, 3, 2, 2, 0
16458, 373323, 3, 7, 3, 3, 2, 3, 0
16459, 373324, 3, 7, 3, 3, 2, 4, 0
16460, 373325, 3, 7, 3, 3, 2, 5, 0
16461, 373331, 3, 7, 3, 3, 3, 1, 0
16462, 373332, 3, 7, 3, 3, 3, 2, 0
16463, 373333, 3, 7, 3, 3, 3, 3, 0
16464, 373334, 3, 7, 3, 3, 3, 4, 0
16465, 373335, 3, 7, 3, 3, 3, 5, 0
16466, 373341, 3, 7, 3, 3, 4, 1, 0
16467, 373342, 3, 7, 3, 3, 4, 2, 0
16468, 373343, 3, 7, 3, 3, 4, 3, 0
16469, 373344, 3, 7, 3, 3, 4, 4, 0
16470, 373345, 3, 7, 3, 3, 4, 5, 0
16471, 373351, 3, 7, 3, 3, 5, 1, 0
16472, 373352, 3, 7, 3, 3, 5, 2, 0
16473, 373353, 3, 7, 3, 3, 5, 3, 0
16474, 373354, 3, 7, 3, 3, 5, 4, 0
16475, 373355, 3, 7, 3, 3, 5, 5, 0
16476, 373411, 3, 7, 3, 4, 1, 1, 0
16477, 373412, 3, 7, 3, 4, 1, 2, 0
16478, 373413, 3, 7, 3, 4, 1, 3, 0
16479, 373414, 3, 7, 3, 4, 1, 4, 0
16480, 373415, 3, 7, 3, 4, 1, 5, 0
16481, 373421, 3, 7, 3, 4, 2, 1, 0
16482, 373422, 3, 7, 3, 4, 2, 2, 0
16483, 373423, 3, 7, 3, 4, 2, 3, 0
16484, 373424, 3, 7, 3, 4, 2, 4, 0
16485, 373425, 3, 7, 3, 4, 2, 5, 0
16486, 373431, 3, 7, 3, 4, 3, 1, 0
16487, 373432, 3, 7, 3, 4, 3, 2, 0
16488, 373433, 3, 7, 3, 4, 3, 3, 0
16489, 373434, 3, 7, 3, 4, 3, 4, 0
16490, 373435, 3, 7, 3, 4, 3, 5, 0
16491, 373441, 3, 7, 3, 4, 4, 1, 0
16492, 373442, 3, 7, 3, 4, 4, 2, 0
16493, 373443, 3, 7, 3, 4, 4, 3, 0
16494, 373444, 3, 7, 3, 4, 4, 4, 0
16495, 373445, 3, 7, 3, 4, 4, 5, 0
16496, 373451, 3, 7, 3, 4, 5, 1, 0
16497, 373452, 3, 7, 3, 4, 5, 2, 0
16498, 373453, 3, 7, 3, 4, 5, 3, 0
16499, 373454, 3, 7, 3, 4, 5, 4, 0
16500, 373455, 3, 7, 3, 4, 5, 5, 0
16501, 374111, 3, 7, 4, 1, 1, 1, 0
16502, 374112, 3, 7, 4, 1, 1, 2, 0
16503, 374113, 3, 7, 4, 1, 1, 3, 0
16504, 374114, 3, 7, 4, 1, 1, 4, 0
16505, 374115, 3, 7, 4, 1, 1, 5, 0
16506, 374121, 3, 7, 4, 1, 2, 1, 0
16507, 374122, 3, 7, 4, 1, 2, 2, 0
16508, 374123, 3, 7, 4, 1, 2, 3, 0
16509, 374124, 3, 7, 4, 1, 2, 4, 0
16510, 374125, 3, 7, 4, 1, 2, 5, 0
16511, 374131, 3, 7, 4, 1, 3, 1, 0
16512, 374132, 3, 7, 4, 1, 3, 2, 0
16513, 374133, 3, 7, 4, 1, 3, 3, 0
16514, 374134, 3, 7, 4, 1, 3, 4, 0
16515, 374135, 3, 7, 4, 1, 3, 5, 0
16516, 374141, 3, 7, 4, 1, 4, 1, 0
16517, 374142, 3, 7, 4, 1, 4, 2, 0
16518, 374143, 3, 7, 4, 1, 4, 3, 0
16519, 374144, 3, 7, 4, 1, 4, 4, 0
16520, 374145, 3, 7, 4, 1, 4, 5, 0
16521, 374151, 3, 7, 4, 1, 5, 1, 0
16522, 374152, 3, 7, 4, 1, 5, 2, 0
16523, 374153, 3, 7, 4, 1, 5, 3, 0
16524, 374154, 3, 7, 4, 1, 5, 4, 0
16525, 374155, 3, 7, 4, 1, 5, 5, 0
16526, 374211, 3, 7, 4, 2, 1, 1, 0
16527, 374212, 3, 7, 4, 2, 1, 2, 0
16528, 374213, 3, 7, 4, 2, 1, 3, 0
16529, 374214, 3, 7, 4, 2, 1, 4, 0
16530, 374215, 3, 7, 4, 2, 1, 5, 0
16531, 374221, 3, 7, 4, 2, 2, 1, 0
16532, 374222, 3, 7, 4, 2, 2, 2, 0
16533, 374223, 3, 7, 4, 2, 2, 3, 0
16534, 374224, 3, 7, 4, 2, 2, 4, 0
16535, 374225, 3, 7, 4, 2, 2, 5, 0
16536, 374231, 3, 7, 4, 2, 3, 1, 0
16537, 374232, 3, 7, 4, 2, 3, 2, 0
16538, 374233, 3, 7, 4, 2, 3, 3, 0
16539, 374234, 3, 7, 4, 2, 3, 4, 0
16540, 374235, 3, 7, 4, 2, 3, 5, 0
16541, 374241, 3, 7, 4, 2, 4, 1, 0
16542, 374242, 3, 7, 4, 2, 4, 2, 0
16543, 374243, 3, 7, 4, 2, 4, 3, 0
16544, 374244, 3, 7, 4, 2, 4, 4, 0
16545, 374245, 3, 7, 4, 2, 4, 5, 0
16546, 374251, 3, 7, 4, 2, 5, 1, 0
16547, 374252, 3, 7, 4, 2, 5, 2, 0
16548, 374253, 3, 7, 4, 2, 5, 3, 0
16549, 374254, 3, 7, 4, 2, 5, 4, 0
16550, 374255, 3, 7, 4, 2, 5, 5, 0
16551, 374311, 3, 7, 4, 3, 1, 1, 0
16552, 374312, 3, 7, 4, 3, 1, 2, 0
16553, 374313, 3, 7, 4, 3, 1, 3, 0
16554, 374314, 3, 7, 4, 3, 1, 4, 0
16555, 374315, 3, 7, 4, 3, 1, 5, 0
16556, 374321, 3, 7, 4, 3, 2, 1, 0
16557, 374322, 3, 7, 4, 3, 2, 2, 0
16558, 374323, 3, 7, 4, 3, 2, 3, 0
16559, 374324, 3, 7, 4, 3, 2, 4, 0
16560, 374325, 3, 7, 4, 3, 2, 5, 0
16561, 374331, 3, 7, 4, 3, 3, 1, 0
16562, 374332, 3, 7, 4, 3, 3, 2, 0
16563, 374333, 3, 7, 4, 3, 3, 3, 0
16564, 374334, 3, 7, 4, 3, 3, 4, 0
16565, 374335, 3, 7, 4, 3, 3, 5, 0
16566, 374341, 3, 7, 4, 3, 4, 1, 0
16567, 374342, 3, 7, 4, 3, 4, 2, 0
16568, 374343, 3, 7, 4, 3, 4, 3, 0
16569, 374344, 3, 7, 4, 3, 4, 4, 0
16570, 374345, 3, 7, 4, 3, 4, 5, 0
16571, 374351, 3, 7, 4, 3, 5, 1, 0
16572, 374352, 3, 7, 4, 3, 5, 2, 0
16573, 374353, 3, 7, 4, 3, 5, 3, 0
16574, 374354, 3, 7, 4, 3, 5, 4, 0
16575, 374355, 3, 7, 4, 3, 5, 5, 0
16576, 374411, 3, 7, 4, 4, 1, 1, 0
16577, 374412, 3, 7, 4, 4, 1, 2, 0
16578, 374413, 3, 7, 4, 4, 1, 3, 0
16579, 374414, 3, 7, 4, 4, 1, 4, 0
16580, 374415, 3, 7, 4, 4, 1, 5, 0
16581, 374421, 3, 7, 4, 4, 2, 1, 0
16582, 374422, 3, 7, 4, 4, 2, 2, 0
16583, 374423, 3, 7, 4, 4, 2, 3, 0
16584, 374424, 3, 7, 4, 4, 2, 4, 0
16585, 374425, 3, 7, 4, 4, 2, 5, 0
16586, 374431, 3, 7, 4, 4, 3, 1, 0
16587, 374432, 3, 7, 4, 4, 3, 2, 0
16588, 374433, 3, 7, 4, 4, 3, 3, 0
16589, 374434, 3, 7, 4, 4, 3, 4, 0
16590, 374435, 3, 7, 4, 4, 3, 5, 0
16591, 374441, 3, 7, 4, 4, 4, 1, 0
16592, 374442, 3, 7, 4, 4, 4, 2, 0
16593, 374443, 3, 7, 4, 4, 4, 3, 0
16594, 374444, 3, 7, 4, 4, 4, 4, 0
16595, 374445, 3, 7, 4, 4, 4, 5, 0
16596, 374451, 3, 7, 4, 4, 5, 1, 0
16597, 374452, 3, 7, 4, 4, 5, 2, 0
16598, 374453, 3, 7, 4, 4, 5, 3, 0
16599, 374454, 3, 7, 4, 4, 5, 4, 0
16600, 374455, 3, 7, 4, 4, 5, 5, 0
16601, 375111, 3, 7, 5, 1, 1, 1, 0
16602, 375112, 3, 7, 5, 1, 1, 2, 0
16603, 375113, 3, 7, 5, 1, 1, 3, 0
16604, 375114, 3, 7, 5, 1, 1, 4, 0
16605, 375115, 3, 7, 5, 1, 1, 5, 0
16606, 375121, 3, 7, 5, 1, 2, 1, 0
16607, 375122, 3, 7, 5, 1, 2, 2, 0
16608, 375123, 3, 7, 5, 1, 2, 3, 0
16609, 375124, 3, 7, 5, 1, 2, 4, 0
16610, 375125, 3, 7, 5, 1, 2, 5, 0
16611, 375131, 3, 7, 5, 1, 3, 1, 0
16612, 375132, 3, 7, 5, 1, 3, 2, 0
16613, 375133, 3, 7, 5, 1, 3, 3, 0
16614, 375134, 3, 7, 5, 1, 3, 4, 0
16615, 375135, 3, 7, 5, 1, 3, 5, 0
16616, 375141, 3, 7, 5, 1, 4, 1, 0
16617, 375142, 3, 7, 5, 1, 4, 2, 0
16618, 375143, 3, 7, 5, 1, 4, 3, 0
16619, 375144, 3, 7, 5, 1, 4, 4, 0
16620, 375145, 3, 7, 5, 1, 4, 5, 0
16621, 375151, 3, 7, 5, 1, 5, 1, 0
16622, 375152, 3, 7, 5, 1, 5, 2, 0
16623, 375153, 3, 7, 5, 1, 5, 3, 0
16624, 375154, 3, 7, 5, 1, 5, 4, 0
16625, 375155, 3, 7, 5, 1, 5, 5, 0
16626, 375211, 3, 7, 5, 2, 1, 1, 0
16627, 375212, 3, 7, 5, 2, 1, 2, 0
16628, 375213, 3, 7, 5, 2, 1, 3, 0
16629, 375214, 3, 7, 5, 2, 1, 4, 0
16630, 375215, 3, 7, 5, 2, 1, 5, 0
16631, 375221, 3, 7, 5, 2, 2, 1, 0
16632, 375222, 3, 7, 5, 2, 2, 2, 0
16633, 375223, 3, 7, 5, 2, 2, 3, 0
16634, 375224, 3, 7, 5, 2, 2, 4, 0
16635, 375225, 3, 7, 5, 2, 2, 5, 0
16636, 375231, 3, 7, 5, 2, 3, 1, 0
16637, 375232, 3, 7, 5, 2, 3, 2, 0
16638, 375233, 3, 7, 5, 2, 3, 3, 0
16639, 375234, 3, 7, 5, 2, 3, 4, 0
16640, 375235, 3, 7, 5, 2, 3, 5, 0
16641, 375241, 3, 7, 5, 2, 4, 1, 0
16642, 375242, 3, 7, 5, 2, 4, 2, 0
16643, 375243, 3, 7, 5, 2, 4, 3, 0
16644, 375244, 3, 7, 5, 2, 4, 4, 0
16645, 375245, 3, 7, 5, 2, 4, 5, 0
16646, 375251, 3, 7, 5, 2, 5, 1, 0
16647, 375252, 3, 7, 5, 2, 5, 2, 0
16648, 375253, 3, 7, 5, 2, 5, 3, 0
16649, 375254, 3, 7, 5, 2, 5, 4, 0
16650, 375255, 3, 7, 5, 2, 5, 5, 0
16651, 375311, 3, 7, 5, 3, 1, 1, 0
16652, 375312, 3, 7, 5, 3, 1, 2, 0
16653, 375313, 3, 7, 5, 3, 1, 3, 0
16654, 375314, 3, 7, 5, 3, 1, 4, 0
16655, 375315, 3, 7, 5, 3, 1, 5, 0
16656, 375321, 3, 7, 5, 3, 2, 1, 0
16657, 375322, 3, 7, 5, 3, 2, 2, 0
16658, 375323, 3, 7, 5, 3, 2, 3, 0
16659, 375324, 3, 7, 5, 3, 2, 4, 0
16660, 375325, 3, 7, 5, 3, 2, 5, 0
16661, 375331, 3, 7, 5, 3, 3, 1, 0
16662, 375332, 3, 7, 5, 3, 3, 2, 0
16663, 375333, 3, 7, 5, 3, 3, 3, 0
16664, 375334, 3, 7, 5, 3, 3, 4, 0
16665, 375335, 3, 7, 5, 3, 3, 5, 0
16666, 375341, 3, 7, 5, 3, 4, 1, 0
16667, 375342, 3, 7, 5, 3, 4, 2, 0
16668, 375343, 3, 7, 5, 3, 4, 3, 0
16669, 375344, 3, 7, 5, 3, 4, 4, 0
16670, 375345, 3, 7, 5, 3, 4, 5, 0
16671, 375351, 3, 7, 5, 3, 5, 1, 0
16672, 375352, 3, 7, 5, 3, 5, 2, 0
16673, 375353, 3, 7, 5, 3, 5, 3, 0
16674, 375354, 3, 7, 5, 3, 5, 4, 0
16675, 375355, 3, 7, 5, 3, 5, 5, 0
16676, 375411, 3, 7, 5, 4, 1, 1, 0
16677, 375412, 3, 7, 5, 4, 1, 2, 0
16678, 375413, 3, 7, 5, 4, 1, 3, 0
16679, 375414, 3, 7, 5, 4, 1, 4, 0
16680, 375415, 3, 7, 5, 4, 1, 5, 0
16681, 375421, 3, 7, 5, 4, 2, 1, 0
16682, 375422, 3, 7, 5, 4, 2, 2, 0
16683, 375423, 3, 7, 5, 4, 2, 3, 0
16684, 375424, 3, 7, 5, 4, 2, 4, 0
16685, 375425, 3, 7, 5, 4, 2, 5, 0
16686, 375431, 3, 7, 5, 4, 3, 1, 0
16687, 375432, 3, 7, 5, 4, 3, 2, 0
16688, 375433, 3, 7, 5, 4, 3, 3, 0
16689, 375434, 3, 7, 5, 4, 3, 4, 0
16690, 375435, 3, 7, 5, 4, 3, 5, 0
16691, 375441, 3, 7, 5, 4, 4, 1, 0
16692, 375442, 3, 7, 5, 4, 4, 2, 0
16693, 375443, 3, 7, 5, 4, 4, 3, 0
16694, 375444, 3, 7, 5, 4, 4, 4, 0
16695, 375445, 3, 7, 5, 4, 4, 5, 0
16696, 375451, 3, 7, 5, 4, 5, 1, 0
16697, 375452, 3, 7, 5, 4, 5, 2, 0
16698, 375453, 3, 7, 5, 4, 5, 3, 0
16699, 375454, 3, 7, 5, 4, 5, 4, 0
16700, 375455, 3, 7, 5, 4, 5, 5, 0
16701, 376111, 3, 7, 6, 1, 1, 1, 0
16702, 376112, 3, 7, 6, 1, 1, 2, 0
16703, 376113, 3, 7, 6, 1, 1, 3, 0
16704, 376114, 3, 7, 6, 1, 1, 4, 0
16705, 376115, 3, 7, 6, 1, 1, 5, 0
16706, 376121, 3, 7, 6, 1, 2, 1, 0
16707, 376122, 3, 7, 6, 1, 2, 2, 0
16708, 376123, 3, 7, 6, 1, 2, 3, 0
16709, 376124, 3, 7, 6, 1, 2, 4, 0
16710, 376125, 3, 7, 6, 1, 2, 5, 0
16711, 376131, 3, 7, 6, 1, 3, 1, 0
16712, 376132, 3, 7, 6, 1, 3, 2, 0
16713, 376133, 3, 7, 6, 1, 3, 3, 0
16714, 376134, 3, 7, 6, 1, 3, 4, 0
16715, 376135, 3, 7, 6, 1, 3, 5, 0
16716, 376141, 3, 7, 6, 1, 4, 1, 0
16717, 376142, 3, 7, 6, 1, 4, 2, 0
16718, 376143, 3, 7, 6, 1, 4, 3, 0
16719, 376144, 3, 7, 6, 1, 4, 4, 0
16720, 376145, 3, 7, 6, 1, 4, 5, 0
16721, 376151, 3, 7, 6, 1, 5, 1, 0
16722, 376152, 3, 7, 6, 1, 5, 2, 0
16723, 376153, 3, 7, 6, 1, 5, 3, 0
16724, 376154, 3, 7, 6, 1, 5, 4, 0
16725, 376155, 3, 7, 6, 1, 5, 5, 0
16726, 376211, 3, 7, 6, 2, 1, 1, 0
16727, 376212, 3, 7, 6, 2, 1, 2, 0
16728, 376213, 3, 7, 6, 2, 1, 3, 0
16729, 376214, 3, 7, 6, 2, 1, 4, 0
16730, 376215, 3, 7, 6, 2, 1, 5, 0
16731, 376221, 3, 7, 6, 2, 2, 1, 0
16732, 376222, 3, 7, 6, 2, 2, 2, 0
16733, 376223, 3, 7, 6, 2, 2, 3, 0
16734, 376224, 3, 7, 6, 2, 2, 4, 0
16735, 376225, 3, 7, 6, 2, 2, 5, 0
16736, 376231, 3, 7, 6, 2, 3, 1, 0
16737, 376232, 3, 7, 6, 2, 3, 2, 0
16738, 376233, 3, 7, 6, 2, 3, 3, 0
16739, 376234, 3, 7, 6, 2, 3, 4, 0
16740, 376235, 3, 7, 6, 2, 3, 5, 0
16741, 376241, 3, 7, 6, 2, 4, 1, 0
16742, 376242, 3, 7, 6, 2, 4, 2, 0
16743, 376243, 3, 7, 6, 2, 4, 3, 0
16744, 376244, 3, 7, 6, 2, 4, 4, 0
16745, 376245, 3, 7, 6, 2, 4, 5, 0
16746, 376251, 3, 7, 6, 2, 5, 1, 0
16747, 376252, 3, 7, 6, 2, 5, 2, 0
16748, 376253, 3, 7, 6, 2, 5, 3, 0
16749, 376254, 3, 7, 6, 2, 5, 4, 0
16750, 376255, 3, 7, 6, 2, 5, 5, 0
16751, 376311, 3, 7, 6, 3, 1, 1, 0
16752, 376312, 3, 7, 6, 3, 1, 2, 0
16753, 376313, 3, 7, 6, 3, 1, 3, 0
16754, 376314, 3, 7, 6, 3, 1, 4, 0
16755, 376315, 3, 7, 6, 3, 1, 5, 0
16756, 376321, 3, 7, 6, 3, 2, 1, 0
16757, 376322, 3, 7, 6, 3, 2, 2, 0
16758, 376323, 3, 7, 6, 3, 2, 3, 0
16759, 376324, 3, 7, 6, 3, 2, 4, 0
16760, 376325, 3, 7, 6, 3, 2, 5, 0
16761, 376331, 3, 7, 6, 3, 3, 1, 0
16762, 376332, 3, 7, 6, 3, 3, 2, 0
16763, 376333, 3, 7, 6, 3, 3, 3, 0
16764, 376334, 3, 7, 6, 3, 3, 4, 0
16765, 376335, 3, 7, 6, 3, 3, 5, 0
16766, 376341, 3, 7, 6, 3, 4, 1, 0
16767, 376342, 3, 7, 6, 3, 4, 2, 0
16768, 376343, 3, 7, 6, 3, 4, 3, 0
16769, 376344, 3, 7, 6, 3, 4, 4, 0
16770, 376345, 3, 7, 6, 3, 4, 5, 0
16771, 376351, 3, 7, 6, 3, 5, 1, 0
16772, 376352, 3, 7, 6, 3, 5, 2, 0
16773, 376353, 3, 7, 6, 3, 5, 3, 0
16774, 376354, 3, 7, 6, 3, 5, 4, 0
16775, 376355, 3, 7, 6, 3, 5, 5, 0
16776, 376411, 3, 7, 6, 4, 1, 1, 0
16777, 376412, 3, 7, 6, 4, 1, 2, 0
16778, 376413, 3, 7, 6, 4, 1, 3, 0
16779, 376414, 3, 7, 6, 4, 1, 4, 0
16780, 376415, 3, 7, 6, 4, 1, 5, 0
16781, 376421, 3, 7, 6, 4, 2, 1, 0
16782, 376422, 3, 7, 6, 4, 2, 2, 0
16783, 376423, 3, 7, 6, 4, 2, 3, 0
16784, 376424, 3, 7, 6, 4, 2, 4, 0
16785, 376425, 3, 7, 6, 4, 2, 5, 0
16786, 376431, 3, 7, 6, 4, 3, 1, 0
16787, 376432, 3, 7, 6, 4, 3, 2, 0
16788, 376433, 3, 7, 6, 4, 3, 3, 0
16789, 376434, 3, 7, 6, 4, 3, 4, 0
16790, 376435, 3, 7, 6, 4, 3, 5, 0
16791, 376441, 3, 7, 6, 4, 4, 1, 0
16792, 376442, 3, 7, 6, 4, 4, 2, 0
16793, 376443, 3, 7, 6, 4, 4, 3, 0
16794, 376444, 3, 7, 6, 4, 4, 4, 0
16795, 376445, 3, 7, 6, 4, 4, 5, 0
16796, 376451, 3, 7, 6, 4, 5, 1, 0
16797, 376452, 3, 7, 6, 4, 5, 2, 0
16798, 376453, 3, 7, 6, 4, 5, 3, 0
16799, 376454, 3, 7, 6, 4, 5, 4, 0
16800, 376455, 3, 7, 6, 4, 5, 5, 0
16801, 377111, 3, 7, 7, 1, 1, 1, 0
16802, 377112, 3, 7, 7, 1, 1, 2, 0
16803, 377113, 3, 7, 7, 1, 1, 3, 0
16804, 377114, 3, 7, 7, 1, 1, 4, 0
16805, 377115, 3, 7, 7, 1, 1, 5, 0
16806, 377121, 3, 7, 7, 1, 2, 1, 0
16807, 377122, 3, 7, 7, 1, 2, 2, 0
16808, 377123, 3, 7, 7, 1, 2, 3, 0
16809, 377124, 3, 7, 7, 1, 2, 4, 0
16810, 377125, 3, 7, 7, 1, 2, 5, 0
16811, 377131, 3, 7, 7, 1, 3, 1, 0
16812, 377132, 3, 7, 7, 1, 3, 2, 0
16813, 377133, 3, 7, 7, 1, 3, 3, 0
16814, 377134, 3, 7, 7, 1, 3, 4, 0
16815, 377135, 3, 7, 7, 1, 3, 5, 0
16816, 377141, 3, 7, 7, 1, 4, 1, 0
16817, 377142, 3, 7, 7, 1, 4, 2, 0
16818, 377143, 3, 7, 7, 1, 4, 3, 0
16819, 377144, 3, 7, 7, 1, 4, 4, 0
16820, 377145, 3, 7, 7, 1, 4, 5, 0
16821, 377151, 3, 7, 7, 1, 5, 1, 0
16822, 377152, 3, 7, 7, 1, 5, 2, 0
16823, 377153, 3, 7, 7, 1, 5, 3, 0
16824, 377154, 3, 7, 7, 1, 5, 4, 0
16825, 377155, 3, 7, 7, 1, 5, 5, 0
16826, 377211, 3, 7, 7, 2, 1, 1, 0
16827, 377212, 3, 7, 7, 2, 1, 2, 0
16828, 377213, 3, 7, 7, 2, 1, 3, 0
16829, 377214, 3, 7, 7, 2, 1, 4, 0
16830, 377215, 3, 7, 7, 2, 1, 5, 0
16831, 377221, 3, 7, 7, 2, 2, 1, 0
16832, 377222, 3, 7, 7, 2, 2, 2, 0
16833, 377223, 3, 7, 7, 2, 2, 3, 0
16834, 377224, 3, 7, 7, 2, 2, 4, 0
16835, 377225, 3, 7, 7, 2, 2, 5, 0
16836, 377231, 3, 7, 7, 2, 3, 1, 0
16837, 377232, 3, 7, 7, 2, 3, 2, 0
16838, 377233, 3, 7, 7, 2, 3, 3, 0
16839, 377234, 3, 7, 7, 2, 3, 4, 0
16840, 377235, 3, 7, 7, 2, 3, 5, 0
16841, 377241, 3, 7, 7, 2, 4, 1, 0
16842, 377242, 3, 7, 7, 2, 4, 2, 0
16843, 377243, 3, 7, 7, 2, 4, 3, 0
16844, 377244, 3, 7, 7, 2, 4, 4, 0
16845, 377245, 3, 7, 7, 2, 4, 5, 0
16846, 377251, 3, 7, 7, 2, 5, 1, 0
16847, 377252, 3, 7, 7, 2, 5, 2, 0
16848, 377253, 3, 7, 7, 2, 5, 3, 0
16849, 377254, 3, 7, 7, 2, 5, 4, 0
16850, 377255, 3, 7, 7, 2, 5, 5, 0
16851, 377311, 3, 7, 7, 3, 1, 1, 0
16852, 377312, 3, 7, 7, 3, 1, 2, 0
16853, 377313, 3, 7, 7, 3, 1, 3, 0
16854, 377314, 3, 7, 7, 3, 1, 4, 0
16855, 377315, 3, 7, 7, 3, 1, 5, 0
16856, 377321, 3, 7, 7, 3, 2, 1, 0
16857, 377322, 3, 7, 7, 3, 2, 2, 0
16858, 377323, 3, 7, 7, 3, 2, 3, 0
16859, 377324, 3, 7, 7, 3, 2, 4, 0
16860, 377325, 3, 7, 7, 3, 2, 5, 0
16861, 377331, 3, 7, 7, 3, 3, 1, 0
16862, 377332, 3, 7, 7, 3, 3, 2, 0
16863, 377333, 3, 7, 7, 3, 3, 3, 0
16864, 377334, 3, 7, 7, 3, 3, 4, 0
16865, 377335, 3, 7, 7, 3, 3, 5, 0
16866, 377341, 3, 7, 7, 3, 4, 1, 0
16867, 377342, 3, 7, 7, 3, 4, 2, 0
16868, 377343, 3, 7, 7, 3, 4, 3, 0
16869, 377344, 3, 7, 7, 3, 4, 4, 0
16870, 377345, 3, 7, 7, 3, 4, 5, 0
16871, 377351, 3, 7, 7, 3, 5, 1, 0
16872, 377352, 3, 7, 7, 3, 5, 2, 0
16873, 377353, 3, 7, 7, 3, 5, 3, 0
16874, 377354, 3, 7, 7, 3, 5, 4, 0
16875, 377355, 3, 7, 7, 3, 5, 5, 0
16876, 377411, 3, 7, 7, 4, 1, 1, 0
16877, 377412, 3, 7, 7, 4, 1, 2, 0
16878, 377413, 3, 7, 7, 4, 1, 3, 0
16879, 377414, 3, 7, 7, 4, 1, 4, 0
16880, 377415, 3, 7, 7, 4, 1, 5, 0
16881, 377421, 3, 7, 7, 4, 2, 1, 0
16882, 377422, 3, 7, 7, 4, 2, 2, 0
16883, 377423, 3, 7, 7, 4, 2, 3, 0
16884, 377424, 3, 7, 7, 4, 2, 4, 0
16885, 377425, 3, 7, 7, 4, 2, 5, 0
16886, 377431, 3, 7, 7, 4, 3, 1, 0
16887, 377432, 3, 7, 7, 4, 3, 2, 0
16888, 377433, 3, 7, 7, 4, 3, 3, 0
16889, 377434, 3, 7, 7, 4, 3, 4, 0
16890, 377435, 3, 7, 7, 4, 3, 5, 0
16891, 377441, 3, 7, 7, 4, 4, 1, 0
16892, 377442, 3, 7, 7, 4, 4, 2, 0
16893, 377443, 3, 7, 7, 4, 4, 3, 0
16894, 377444, 3, 7, 7, 4, 4, 4, 0
16895, 377445, 3, 7, 7, 4, 4, 5, 0
16896, 377451, 3, 7, 7, 4, 5, 1, 0
16897, 377452, 3, 7, 7, 4, 5, 2, 0
16898, 377453, 3, 7, 7, 4, 5, 3, 0
16899, 377454, 3, 7, 7, 4, 5, 4, 0
16900, 377455, 3, 7, 7, 4, 5, 5, 0
16901, 381111, 3, 8, 1, 1, 1, 1, 0
16902, 381112, 3, 8, 1, 1, 1, 2, 0
16903, 381113, 3, 8, 1, 1, 1, 3, 0
16904, 381114, 3, 8, 1, 1, 1, 4, 0
16905, 381115, 3, 8, 1, 1, 1, 5, 0
16906, 381121, 3, 8, 1, 1, 2, 1, 0
16907, 381122, 3, 8, 1, 1, 2, 2, 0
16908, 381123, 3, 8, 1, 1, 2, 3, 0
16909, 381124, 3, 8, 1, 1, 2, 4, 0
16910, 381125, 3, 8, 1, 1, 2, 5, 0
16911, 381131, 3, 8, 1, 1, 3, 1, 0
16912, 381132, 3, 8, 1, 1, 3, 2, 0
16913, 381133, 3, 8, 1, 1, 3, 3, 0
16914, 381134, 3, 8, 1, 1, 3, 4, 0
16915, 381135, 3, 8, 1, 1, 3, 5, 0
16916, 381141, 3, 8, 1, 1, 4, 1, 0
16917, 381142, 3, 8, 1, 1, 4, 2, 0
16918, 381143, 3, 8, 1, 1, 4, 3, 0
16919, 381144, 3, 8, 1, 1, 4, 4, 0
16920, 381145, 3, 8, 1, 1, 4, 5, 0
16921, 381151, 3, 8, 1, 1, 5, 1, 0
16922, 381152, 3, 8, 1, 1, 5, 2, 0
16923, 381153, 3, 8, 1, 1, 5, 3, 0
16924, 381154, 3, 8, 1, 1, 5, 4, 0
16925, 381155, 3, 8, 1, 1, 5, 5, 0
16926, 381211, 3, 8, 1, 2, 1, 1, 0
16927, 381212, 3, 8, 1, 2, 1, 2, 0
16928, 381213, 3, 8, 1, 2, 1, 3, 0
16929, 381214, 3, 8, 1, 2, 1, 4, 0
16930, 381215, 3, 8, 1, 2, 1, 5, 0
16931, 381221, 3, 8, 1, 2, 2, 1, 0
16932, 381222, 3, 8, 1, 2, 2, 2, 0
16933, 381223, 3, 8, 1, 2, 2, 3, 0
16934, 381224, 3, 8, 1, 2, 2, 4, 0
16935, 381225, 3, 8, 1, 2, 2, 5, 0
16936, 381231, 3, 8, 1, 2, 3, 1, 0
16937, 381232, 3, 8, 1, 2, 3, 2, 0
16938, 381233, 3, 8, 1, 2, 3, 3, 0
16939, 381234, 3, 8, 1, 2, 3, 4, 0
16940, 381235, 3, 8, 1, 2, 3, 5, 0
16941, 381241, 3, 8, 1, 2, 4, 1, 0
16942, 381242, 3, 8, 1, 2, 4, 2, 0
16943, 381243, 3, 8, 1, 2, 4, 3, 0
16944, 381244, 3, 8, 1, 2, 4, 4, 0
16945, 381245, 3, 8, 1, 2, 4, 5, 0
16946, 381251, 3, 8, 1, 2, 5, 1, 0
16947, 381252, 3, 8, 1, 2, 5, 2, 0
16948, 381253, 3, 8, 1, 2, 5, 3, 0
16949, 381254, 3, 8, 1, 2, 5, 4, 0
16950, 381255, 3, 8, 1, 2, 5, 5, 0
16951, 381311, 3, 8, 1, 3, 1, 1, 0
16952, 381312, 3, 8, 1, 3, 1, 2, 0
16953, 381313, 3, 8, 1, 3, 1, 3, 0
16954, 381314, 3, 8, 1, 3, 1, 4, 0
16955, 381315, 3, 8, 1, 3, 1, 5, 0
16956, 381321, 3, 8, 1, 3, 2, 1, 0
16957, 381322, 3, 8, 1, 3, 2, 2, 0
16958, 381323, 3, 8, 1, 3, 2, 3, 0
16959, 381324, 3, 8, 1, 3, 2, 4, 0
16960, 381325, 3, 8, 1, 3, 2, 5, 0
16961, 381331, 3, 8, 1, 3, 3, 1, 0
16962, 381332, 3, 8, 1, 3, 3, 2, 0
16963, 381333, 3, 8, 1, 3, 3, 3, 0
16964, 381334, 3, 8, 1, 3, 3, 4, 0
16965, 381335, 3, 8, 1, 3, 3, 5, 0
16966, 381341, 3, 8, 1, 3, 4, 1, 0
16967, 381342, 3, 8, 1, 3, 4, 2, 0
16968, 381343, 3, 8, 1, 3, 4, 3, 0
16969, 381344, 3, 8, 1, 3, 4, 4, 0
16970, 381345, 3, 8, 1, 3, 4, 5, 0
16971, 381351, 3, 8, 1, 3, 5, 1, 0
16972, 381352, 3, 8, 1, 3, 5, 2, 0
16973, 381353, 3, 8, 1, 3, 5, 3, 0
16974, 381354, 3, 8, 1, 3, 5, 4, 0
16975, 381355, 3, 8, 1, 3, 5, 5, 0
16976, 381411, 3, 8, 1, 4, 1, 1, 0
16977, 381412, 3, 8, 1, 4, 1, 2, 0
16978, 381413, 3, 8, 1, 4, 1, 3, 0
16979, 381414, 3, 8, 1, 4, 1, 4, 0
16980, 381415, 3, 8, 1, 4, 1, 5, 0
16981, 381421, 3, 8, 1, 4, 2, 1, 0
16982, 381422, 3, 8, 1, 4, 2, 2, 0
16983, 381423, 3, 8, 1, 4, 2, 3, 0
16984, 381424, 3, 8, 1, 4, 2, 4, 0
16985, 381425, 3, 8, 1, 4, 2, 5, 0
16986, 381431, 3, 8, 1, 4, 3, 1, 0
16987, 381432, 3, 8, 1, 4, 3, 2, 0
16988, 381433, 3, 8, 1, 4, 3, 3, 0
16989, 381434, 3, 8, 1, 4, 3, 4, 0
16990, 381435, 3, 8, 1, 4, 3, 5, 0
16991, 381441, 3, 8, 1, 4, 4, 1, 0
16992, 381442, 3, 8, 1, 4, 4, 2, 0
16993, 381443, 3, 8, 1, 4, 4, 3, 0
16994, 381444, 3, 8, 1, 4, 4, 4, 0
16995, 381445, 3, 8, 1, 4, 4, 5, 0
16996, 381451, 3, 8, 1, 4, 5, 1, 0
16997, 381452, 3, 8, 1, 4, 5, 2, 0
16998, 381453, 3, 8, 1, 4, 5, 3, 0
16999, 381454, 3, 8, 1, 4, 5, 4, 0
17000, 381455, 3, 8, 1, 4, 5, 5, 0
17001, 382111, 3, 8, 2, 1, 1, 1, 0
17002, 382112, 3, 8, 2, 1, 1, 2, 0
17003, 382113, 3, 8, 2, 1, 1, 3, 0
17004, 382114, 3, 8, 2, 1, 1, 4, 0
17005, 382115, 3, 8, 2, 1, 1, 5, 0
17006, 382121, 3, 8, 2, 1, 2, 1, 0
17007, 382122, 3, 8, 2, 1, 2, 2, 0
17008, 382123, 3, 8, 2, 1, 2, 3, 0
17009, 382124, 3, 8, 2, 1, 2, 4, 0
17010, 382125, 3, 8, 2, 1, 2, 5, 0
17011, 382131, 3, 8, 2, 1, 3, 1, 0
17012, 382132, 3, 8, 2, 1, 3, 2, 0
17013, 382133, 3, 8, 2, 1, 3, 3, 0
17014, 382134, 3, 8, 2, 1, 3, 4, 0
17015, 382135, 3, 8, 2, 1, 3, 5, 0
17016, 382141, 3, 8, 2, 1, 4, 1, 0
17017, 382142, 3, 8, 2, 1, 4, 2, 0
17018, 382143, 3, 8, 2, 1, 4, 3, 0
17019, 382144, 3, 8, 2, 1, 4, 4, 0
17020, 382145, 3, 8, 2, 1, 4, 5, 0
17021, 382151, 3, 8, 2, 1, 5, 1, 0
17022, 382152, 3, 8, 2, 1, 5, 2, 0
17023, 382153, 3, 8, 2, 1, 5, 3, 0
17024, 382154, 3, 8, 2, 1, 5, 4, 0
17025, 382155, 3, 8, 2, 1, 5, 5, 0
17026, 382211, 3, 8, 2, 2, 1, 1, 0
17027, 382212, 3, 8, 2, 2, 1, 2, 0
17028, 382213, 3, 8, 2, 2, 1, 3, 0
17029, 382214, 3, 8, 2, 2, 1, 4, 0
17030, 382215, 3, 8, 2, 2, 1, 5, 0
17031, 382221, 3, 8, 2, 2, 2, 1, 0
17032, 382222, 3, 8, 2, 2, 2, 2, 0
17033, 382223, 3, 8, 2, 2, 2, 3, 0
17034, 382224, 3, 8, 2, 2, 2, 4, 0
17035, 382225, 3, 8, 2, 2, 2, 5, 0
17036, 382231, 3, 8, 2, 2, 3, 1, 0
17037, 382232, 3, 8, 2, 2, 3, 2, 0
17038, 382233, 3, 8, 2, 2, 3, 3, 0
17039, 382234, 3, 8, 2, 2, 3, 4, 0
17040, 382235, 3, 8, 2, 2, 3, 5, 0
17041, 382241, 3, 8, 2, 2, 4, 1, 0
17042, 382242, 3, 8, 2, 2, 4, 2, 0
17043, 382243, 3, 8, 2, 2, 4, 3, 0
17044, 382244, 3, 8, 2, 2, 4, 4, 0
17045, 382245, 3, 8, 2, 2, 4, 5, 0
17046, 382251, 3, 8, 2, 2, 5, 1, 0
17047, 382252, 3, 8, 2, 2, 5, 2, 0
17048, 382253, 3, 8, 2, 2, 5, 3, 0
17049, 382254, 3, 8, 2, 2, 5, 4, 0
17050, 382255, 3, 8, 2, 2, 5, 5, 0
17051, 382311, 3, 8, 2, 3, 1, 1, 0
17052, 382312, 3, 8, 2, 3, 1, 2, 0
17053, 382313, 3, 8, 2, 3, 1, 3, 0
17054, 382314, 3, 8, 2, 3, 1, 4, 0
17055, 382315, 3, 8, 2, 3, 1, 5, 0
17056, 382321, 3, 8, 2, 3, 2, 1, 0
17057, 382322, 3, 8, 2, 3, 2, 2, 0
17058, 382323, 3, 8, 2, 3, 2, 3, 0
17059, 382324, 3, 8, 2, 3, 2, 4, 0
17060, 382325, 3, 8, 2, 3, 2, 5, 0
17061, 382331, 3, 8, 2, 3, 3, 1, 0
17062, 382332, 3, 8, 2, 3, 3, 2, 0
17063, 382333, 3, 8, 2, 3, 3, 3, 0
17064, 382334, 3, 8, 2, 3, 3, 4, 0
17065, 382335, 3, 8, 2, 3, 3, 5, 0
17066, 382341, 3, 8, 2, 3, 4, 1, 0
17067, 382342, 3, 8, 2, 3, 4, 2, 0
17068, 382343, 3, 8, 2, 3, 4, 3, 0
17069, 382344, 3, 8, 2, 3, 4, 4, 0
17070, 382345, 3, 8, 2, 3, 4, 5, 0
17071, 382351, 3, 8, 2, 3, 5, 1, 0
17072, 382352, 3, 8, 2, 3, 5, 2, 0
17073, 382353, 3, 8, 2, 3, 5, 3, 0
17074, 382354, 3, 8, 2, 3, 5, 4, 0
17075, 382355, 3, 8, 2, 3, 5, 5, 0
17076, 382411, 3, 8, 2, 4, 1, 1, 0
17077, 382412, 3, 8, 2, 4, 1, 2, 0
17078, 382413, 3, 8, 2, 4, 1, 3, 0
17079, 382414, 3, 8, 2, 4, 1, 4, 0
17080, 382415, 3, 8, 2, 4, 1, 5, 0
17081, 382421, 3, 8, 2, 4, 2, 1, 0
17082, 382422, 3, 8, 2, 4, 2, 2, 0
17083, 382423, 3, 8, 2, 4, 2, 3, 0
17084, 382424, 3, 8, 2, 4, 2, 4, 0
17085, 382425, 3, 8, 2, 4, 2, 5, 0
17086, 382431, 3, 8, 2, 4, 3, 1, 0
17087, 382432, 3, 8, 2, 4, 3, 2, 0
17088, 382433, 3, 8, 2, 4, 3, 3, 0
17089, 382434, 3, 8, 2, 4, 3, 4, 0
17090, 382435, 3, 8, 2, 4, 3, 5, 0
17091, 382441, 3, 8, 2, 4, 4, 1, 0
17092, 382442, 3, 8, 2, 4, 4, 2, 0
17093, 382443, 3, 8, 2, 4, 4, 3, 0
17094, 382444, 3, 8, 2, 4, 4, 4, 0
17095, 382445, 3, 8, 2, 4, 4, 5, 0
17096, 382451, 3, 8, 2, 4, 5, 1, 0
17097, 382452, 3, 8, 2, 4, 5, 2, 0
17098, 382453, 3, 8, 2, 4, 5, 3, 0
17099, 382454, 3, 8, 2, 4, 5, 4, 0
17100, 382455, 3, 8, 2, 4, 5, 5, 0
17101, 383111, 3, 8, 3, 1, 1, 1, 0
17102, 383112, 3, 8, 3, 1, 1, 2, 0
17103, 383113, 3, 8, 3, 1, 1, 3, 0
17104, 383114, 3, 8, 3, 1, 1, 4, 0
17105, 383115, 3, 8, 3, 1, 1, 5, 0
17106, 383121, 3, 8, 3, 1, 2, 1, 0
17107, 383122, 3, 8, 3, 1, 2, 2, 0
17108, 383123, 3, 8, 3, 1, 2, 3, 0
17109, 383124, 3, 8, 3, 1, 2, 4, 0
17110, 383125, 3, 8, 3, 1, 2, 5, 0
17111, 383131, 3, 8, 3, 1, 3, 1, 0
17112, 383132, 3, 8, 3, 1, 3, 2, 0
17113, 383133, 3, 8, 3, 1, 3, 3, 0
17114, 383134, 3, 8, 3, 1, 3, 4, 0
17115, 383135, 3, 8, 3, 1, 3, 5, 0
17116, 383141, 3, 8, 3, 1, 4, 1, 0
17117, 383142, 3, 8, 3, 1, 4, 2, 0
17118, 383143, 3, 8, 3, 1, 4, 3, 0
17119, 383144, 3, 8, 3, 1, 4, 4, 0
17120, 383145, 3, 8, 3, 1, 4, 5, 0
17121, 383151, 3, 8, 3, 1, 5, 1, 0
17122, 383152, 3, 8, 3, 1, 5, 2, 0
17123, 383153, 3, 8, 3, 1, 5, 3, 0
17124, 383154, 3, 8, 3, 1, 5, 4, 0
17125, 383155, 3, 8, 3, 1, 5, 5, 0
17126, 383211, 3, 8, 3, 2, 1, 1, 0
17127, 383212, 3, 8, 3, 2, 1, 2, 0
17128, 383213, 3, 8, 3, 2, 1, 3, 0
17129, 383214, 3, 8, 3, 2, 1, 4, 0
17130, 383215, 3, 8, 3, 2, 1, 5, 0
17131, 383221, 3, 8, 3, 2, 2, 1, 0
17132, 383222, 3, 8, 3, 2, 2, 2, 0
17133, 383223, 3, 8, 3, 2, 2, 3, 0
17134, 383224, 3, 8, 3, 2, 2, 4, 0
17135, 383225, 3, 8, 3, 2, 2, 5, 0
17136, 383231, 3, 8, 3, 2, 3, 1, 0
17137, 383232, 3, 8, 3, 2, 3, 2, 0
17138, 383233, 3, 8, 3, 2, 3, 3, 0
17139, 383234, 3, 8, 3, 2, 3, 4, 0
17140, 383235, 3, 8, 3, 2, 3, 5, 0
17141, 383241, 3, 8, 3, 2, 4, 1, 0
17142, 383242, 3, 8, 3, 2, 4, 2, 0
17143, 383243, 3, 8, 3, 2, 4, 3, 0
17144, 383244, 3, 8, 3, 2, 4, 4, 0
17145, 383245, 3, 8, 3, 2, 4, 5, 0
17146, 383251, 3, 8, 3, 2, 5, 1, 0
17147, 383252, 3, 8, 3, 2, 5, 2, 0
17148, 383253, 3, 8, 3, 2, 5, 3, 0
17149, 383254, 3, 8, 3, 2, 5, 4, 0
17150, 383255, 3, 8, 3, 2, 5, 5, 0
17151, 383311, 3, 8, 3, 3, 1, 1, 0
17152, 383312, 3, 8, 3, 3, 1, 2, 0
17153, 383313, 3, 8, 3, 3, 1, 3, 0
17154, 383314, 3, 8, 3, 3, 1, 4, 0
17155, 383315, 3, 8, 3, 3, 1, 5, 0
17156, 383321, 3, 8, 3, 3, 2, 1, 0
17157, 383322, 3, 8, 3, 3, 2, 2, 0
17158, 383323, 3, 8, 3, 3, 2, 3, 0
17159, 383324, 3, 8, 3, 3, 2, 4, 0
17160, 383325, 3, 8, 3, 3, 2, 5, 0
17161, 383331, 3, 8, 3, 3, 3, 1, 0
17162, 383332, 3, 8, 3, 3, 3, 2, 0
17163, 383333, 3, 8, 3, 3, 3, 3, 0
17164, 383334, 3, 8, 3, 3, 3, 4, 0
17165, 383335, 3, 8, 3, 3, 3, 5, 0
17166, 383341, 3, 8, 3, 3, 4, 1, 0
17167, 383342, 3, 8, 3, 3, 4, 2, 0
17168, 383343, 3, 8, 3, 3, 4, 3, 0
17169, 383344, 3, 8, 3, 3, 4, 4, 0
17170, 383345, 3, 8, 3, 3, 4, 5, 0
17171, 383351, 3, 8, 3, 3, 5, 1, 0
17172, 383352, 3, 8, 3, 3, 5, 2, 0
17173, 383353, 3, 8, 3, 3, 5, 3, 0
17174, 383354, 3, 8, 3, 3, 5, 4, 0
17175, 383355, 3, 8, 3, 3, 5, 5, 0
17176, 383411, 3, 8, 3, 4, 1, 1, 0
17177, 383412, 3, 8, 3, 4, 1, 2, 0
17178, 383413, 3, 8, 3, 4, 1, 3, 0
17179, 383414, 3, 8, 3, 4, 1, 4, 0
17180, 383415, 3, 8, 3, 4, 1, 5, 0
17181, 383421, 3, 8, 3, 4, 2, 1, 0
17182, 383422, 3, 8, 3, 4, 2, 2, 0
17183, 383423, 3, 8, 3, 4, 2, 3, 0
17184, 383424, 3, 8, 3, 4, 2, 4, 0
17185, 383425, 3, 8, 3, 4, 2, 5, 0
17186, 383431, 3, 8, 3, 4, 3, 1, 0
17187, 383432, 3, 8, 3, 4, 3, 2, 0
17188, 383433, 3, 8, 3, 4, 3, 3, 0
17189, 383434, 3, 8, 3, 4, 3, 4, 0
17190, 383435, 3, 8, 3, 4, 3, 5, 0
17191, 383441, 3, 8, 3, 4, 4, 1, 0
17192, 383442, 3, 8, 3, 4, 4, 2, 0
17193, 383443, 3, 8, 3, 4, 4, 3, 0
17194, 383444, 3, 8, 3, 4, 4, 4, 0
17195, 383445, 3, 8, 3, 4, 4, 5, 0
17196, 383451, 3, 8, 3, 4, 5, 1, 0
17197, 383452, 3, 8, 3, 4, 5, 2, 0
17198, 383453, 3, 8, 3, 4, 5, 3, 0
17199, 383454, 3, 8, 3, 4, 5, 4, 0
17200, 383455, 3, 8, 3, 4, 5, 5, 0
17201, 384111, 3, 8, 4, 1, 1, 1, 0
17202, 384112, 3, 8, 4, 1, 1, 2, 0
17203, 384113, 3, 8, 4, 1, 1, 3, 0
17204, 384114, 3, 8, 4, 1, 1, 4, 0
17205, 384115, 3, 8, 4, 1, 1, 5, 0
17206, 384121, 3, 8, 4, 1, 2, 1, 0
17207, 384122, 3, 8, 4, 1, 2, 2, 0
17208, 384123, 3, 8, 4, 1, 2, 3, 0
17209, 384124, 3, 8, 4, 1, 2, 4, 0
17210, 384125, 3, 8, 4, 1, 2, 5, 0
17211, 384131, 3, 8, 4, 1, 3, 1, 0
17212, 384132, 3, 8, 4, 1, 3, 2, 0
17213, 384133, 3, 8, 4, 1, 3, 3, 0
17214, 384134, 3, 8, 4, 1, 3, 4, 0
17215, 384135, 3, 8, 4, 1, 3, 5, 0
17216, 384141, 3, 8, 4, 1, 4, 1, 0
17217, 384142, 3, 8, 4, 1, 4, 2, 0
17218, 384143, 3, 8, 4, 1, 4, 3, 0
17219, 384144, 3, 8, 4, 1, 4, 4, 0
17220, 384145, 3, 8, 4, 1, 4, 5, 0
17221, 384151, 3, 8, 4, 1, 5, 1, 0
17222, 384152, 3, 8, 4, 1, 5, 2, 0
17223, 384153, 3, 8, 4, 1, 5, 3, 0
17224, 384154, 3, 8, 4, 1, 5, 4, 0
17225, 384155, 3, 8, 4, 1, 5, 5, 0
17226, 384211, 3, 8, 4, 2, 1, 1, 0
17227, 384212, 3, 8, 4, 2, 1, 2, 0
17228, 384213, 3, 8, 4, 2, 1, 3, 0
17229, 384214, 3, 8, 4, 2, 1, 4, 0
17230, 384215, 3, 8, 4, 2, 1, 5, 0
17231, 384221, 3, 8, 4, 2, 2, 1, 0
17232, 384222, 3, 8, 4, 2, 2, 2, 0
17233, 384223, 3, 8, 4, 2, 2, 3, 0
17234, 384224, 3, 8, 4, 2, 2, 4, 0
17235, 384225, 3, 8, 4, 2, 2, 5, 0
17236, 384231, 3, 8, 4, 2, 3, 1, 0
17237, 384232, 3, 8, 4, 2, 3, 2, 0
17238, 384233, 3, 8, 4, 2, 3, 3, 0
17239, 384234, 3, 8, 4, 2, 3, 4, 0
17240, 384235, 3, 8, 4, 2, 3, 5, 0
17241, 384241, 3, 8, 4, 2, 4, 1, 0
17242, 384242, 3, 8, 4, 2, 4, 2, 0
17243, 384243, 3, 8, 4, 2, 4, 3, 0
17244, 384244, 3, 8, 4, 2, 4, 4, 0
17245, 384245, 3, 8, 4, 2, 4, 5, 0
17246, 384251, 3, 8, 4, 2, 5, 1, 0
17247, 384252, 3, 8, 4, 2, 5, 2, 0
17248, 384253, 3, 8, 4, 2, 5, 3, 0
17249, 384254, 3, 8, 4, 2, 5, 4, 0
17250, 384255, 3, 8, 4, 2, 5, 5, 0
17251, 384311, 3, 8, 4, 3, 1, 1, 0
17252, 384312, 3, 8, 4, 3, 1, 2, 0
17253, 384313, 3, 8, 4, 3, 1, 3, 0
17254, 384314, 3, 8, 4, 3, 1, 4, 0
17255, 384315, 3, 8, 4, 3, 1, 5, 0
17256, 384321, 3, 8, 4, 3, 2, 1, 0
17257, 384322, 3, 8, 4, 3, 2, 2, 0
17258, 384323, 3, 8, 4, 3, 2, 3, 0
17259, 384324, 3, 8, 4, 3, 2, 4, 0
17260, 384325, 3, 8, 4, 3, 2, 5, 0
17261, 384331, 3, 8, 4, 3, 3, 1, 0
17262, 384332, 3, 8, 4, 3, 3, 2, 0
17263, 384333, 3, 8, 4, 3, 3, 3, 0
17264, 384334, 3, 8, 4, 3, 3, 4, 0
17265, 384335, 3, 8, 4, 3, 3, 5, 0
17266, 384341, 3, 8, 4, 3, 4, 1, 0
17267, 384342, 3, 8, 4, 3, 4, 2, 0
17268, 384343, 3, 8, 4, 3, 4, 3, 0
17269, 384344, 3, 8, 4, 3, 4, 4, 0
17270, 384345, 3, 8, 4, 3, 4, 5, 0
17271, 384351, 3, 8, 4, 3, 5, 1, 0
17272, 384352, 3, 8, 4, 3, 5, 2, 0
17273, 384353, 3, 8, 4, 3, 5, 3, 0
17274, 384354, 3, 8, 4, 3, 5, 4, 0
17275, 384355, 3, 8, 4, 3, 5, 5, 0
17276, 384411, 3, 8, 4, 4, 1, 1, 0
17277, 384412, 3, 8, 4, 4, 1, 2, 0
17278, 384413, 3, 8, 4, 4, 1, 3, 0
17279, 384414, 3, 8, 4, 4, 1, 4, 0
17280, 384415, 3, 8, 4, 4, 1, 5, 0
17281, 384421, 3, 8, 4, 4, 2, 1, 0
17282, 384422, 3, 8, 4, 4, 2, 2, 0
17283, 384423, 3, 8, 4, 4, 2, 3, 0
17284, 384424, 3, 8, 4, 4, 2, 4, 0
17285, 384425, 3, 8, 4, 4, 2, 5, 0
17286, 384431, 3, 8, 4, 4, 3, 1, 0
17287, 384432, 3, 8, 4, 4, 3, 2, 0
17288, 384433, 3, 8, 4, 4, 3, 3, 0
17289, 384434, 3, 8, 4, 4, 3, 4, 0
17290, 384435, 3, 8, 4, 4, 3, 5, 0
17291, 384441, 3, 8, 4, 4, 4, 1, 0
17292, 384442, 3, 8, 4, 4, 4, 2, 0
17293, 384443, 3, 8, 4, 4, 4, 3, 0
17294, 384444, 3, 8, 4, 4, 4, 4, 0
17295, 384445, 3, 8, 4, 4, 4, 5, 0
17296, 384451, 3, 8, 4, 4, 5, 1, 0
17297, 384452, 3, 8, 4, 4, 5, 2, 0
17298, 384453, 3, 8, 4, 4, 5, 3, 0
17299, 384454, 3, 8, 4, 4, 5, 4, 0
17300, 384455, 3, 8, 4, 4, 5, 5, 0
17301, 385111, 3, 8, 5, 1, 1, 1, 0
17302, 385112, 3, 8, 5, 1, 1, 2, 0
17303, 385113, 3, 8, 5, 1, 1, 3, 0
17304, 385114, 3, 8, 5, 1, 1, 4, 0
17305, 385115, 3, 8, 5, 1, 1, 5, 0
17306, 385121, 3, 8, 5, 1, 2, 1, 0
17307, 385122, 3, 8, 5, 1, 2, 2, 0
17308, 385123, 3, 8, 5, 1, 2, 3, 0
17309, 385124, 3, 8, 5, 1, 2, 4, 0
17310, 385125, 3, 8, 5, 1, 2, 5, 0
17311, 385131, 3, 8, 5, 1, 3, 1, 0
17312, 385132, 3, 8, 5, 1, 3, 2, 0
17313, 385133, 3, 8, 5, 1, 3, 3, 0
17314, 385134, 3, 8, 5, 1, 3, 4, 0
17315, 385135, 3, 8, 5, 1, 3, 5, 0
17316, 385141, 3, 8, 5, 1, 4, 1, 0
17317, 385142, 3, 8, 5, 1, 4, 2, 0
17318, 385143, 3, 8, 5, 1, 4, 3, 0
17319, 385144, 3, 8, 5, 1, 4, 4, 0
17320, 385145, 3, 8, 5, 1, 4, 5, 0
17321, 385151, 3, 8, 5, 1, 5, 1, 0
17322, 385152, 3, 8, 5, 1, 5, 2, 0
17323, 385153, 3, 8, 5, 1, 5, 3, 0
17324, 385154, 3, 8, 5, 1, 5, 4, 0
17325, 385155, 3, 8, 5, 1, 5, 5, 0
17326, 385211, 3, 8, 5, 2, 1, 1, 0
17327, 385212, 3, 8, 5, 2, 1, 2, 0
17328, 385213, 3, 8, 5, 2, 1, 3, 0
17329, 385214, 3, 8, 5, 2, 1, 4, 0
17330, 385215, 3, 8, 5, 2, 1, 5, 0
17331, 385221, 3, 8, 5, 2, 2, 1, 0
17332, 385222, 3, 8, 5, 2, 2, 2, 0
17333, 385223, 3, 8, 5, 2, 2, 3, 0
17334, 385224, 3, 8, 5, 2, 2, 4, 0
17335, 385225, 3, 8, 5, 2, 2, 5, 0
17336, 385231, 3, 8, 5, 2, 3, 1, 0
17337, 385232, 3, 8, 5, 2, 3, 2, 0
17338, 385233, 3, 8, 5, 2, 3, 3, 0
17339, 385234, 3, 8, 5, 2, 3, 4, 0
17340, 385235, 3, 8, 5, 2, 3, 5, 0
17341, 385241, 3, 8, 5, 2, 4, 1, 0
17342, 385242, 3, 8, 5, 2, 4, 2, 0
17343, 385243, 3, 8, 5, 2, 4, 3, 0
17344, 385244, 3, 8, 5, 2, 4, 4, 0
17345, 385245, 3, 8, 5, 2, 4, 5, 0
17346, 385251, 3, 8, 5, 2, 5, 1, 0
17347, 385252, 3, 8, 5, 2, 5, 2, 0
17348, 385253, 3, 8, 5, 2, 5, 3, 0
17349, 385254, 3, 8, 5, 2, 5, 4, 0
17350, 385255, 3, 8, 5, 2, 5, 5, 0
17351, 385311, 3, 8, 5, 3, 1, 1, 0
17352, 385312, 3, 8, 5, 3, 1, 2, 0
17353, 385313, 3, 8, 5, 3, 1, 3, 0
17354, 385314, 3, 8, 5, 3, 1, 4, 0
17355, 385315, 3, 8, 5, 3, 1, 5, 0
17356, 385321, 3, 8, 5, 3, 2, 1, 0
17357, 385322, 3, 8, 5, 3, 2, 2, 0
17358, 385323, 3, 8, 5, 3, 2, 3, 0
17359, 385324, 3, 8, 5, 3, 2, 4, 0
17360, 385325, 3, 8, 5, 3, 2, 5, 0
17361, 385331, 3, 8, 5, 3, 3, 1, 0
17362, 385332, 3, 8, 5, 3, 3, 2, 0
17363, 385333, 3, 8, 5, 3, 3, 3, 0
17364, 385334, 3, 8, 5, 3, 3, 4, 0
17365, 385335, 3, 8, 5, 3, 3, 5, 0
17366, 385341, 3, 8, 5, 3, 4, 1, 0
17367, 385342, 3, 8, 5, 3, 4, 2, 0
17368, 385343, 3, 8, 5, 3, 4, 3, 0
17369, 385344, 3, 8, 5, 3, 4, 4, 0
17370, 385345, 3, 8, 5, 3, 4, 5, 0
17371, 385351, 3, 8, 5, 3, 5, 1, 0
17372, 385352, 3, 8, 5, 3, 5, 2, 0
17373, 385353, 3, 8, 5, 3, 5, 3, 0
17374, 385354, 3, 8, 5, 3, 5, 4, 0
17375, 385355, 3, 8, 5, 3, 5, 5, 0
17376, 385411, 3, 8, 5, 4, 1, 1, 0
17377, 385412, 3, 8, 5, 4, 1, 2, 0
17378, 385413, 3, 8, 5, 4, 1, 3, 0
17379, 385414, 3, 8, 5, 4, 1, 4, 0
17380, 385415, 3, 8, 5, 4, 1, 5, 0
17381, 385421, 3, 8, 5, 4, 2, 1, 0
17382, 385422, 3, 8, 5, 4, 2, 2, 0
17383, 385423, 3, 8, 5, 4, 2, 3, 0
17384, 385424, 3, 8, 5, 4, 2, 4, 0
17385, 385425, 3, 8, 5, 4, 2, 5, 0
17386, 385431, 3, 8, 5, 4, 3, 1, 0
17387, 385432, 3, 8, 5, 4, 3, 2, 0
17388, 385433, 3, 8, 5, 4, 3, 3, 0
17389, 385434, 3, 8, 5, 4, 3, 4, 0
17390, 385435, 3, 8, 5, 4, 3, 5, 0
17391, 385441, 3, 8, 5, 4, 4, 1, 0
17392, 385442, 3, 8, 5, 4, 4, 2, 0
17393, 385443, 3, 8, 5, 4, 4, 3, 0
17394, 385444, 3, 8, 5, 4, 4, 4, 0
17395, 385445, 3, 8, 5, 4, 4, 5, 0
17396, 385451, 3, 8, 5, 4, 5, 1, 0
17397, 385452, 3, 8, 5, 4, 5, 2, 0
17398, 385453, 3, 8, 5, 4, 5, 3, 0
17399, 385454, 3, 8, 5, 4, 5, 4, 0
17400, 385455, 3, 8, 5, 4, 5, 5, 0
17401, 386111, 3, 8, 6, 1, 1, 1, 0
17402, 386112, 3, 8, 6, 1, 1, 2, 0
17403, 386113, 3, 8, 6, 1, 1, 3, 0
17404, 386114, 3, 8, 6, 1, 1, 4, 0
17405, 386115, 3, 8, 6, 1, 1, 5, 0
17406, 386121, 3, 8, 6, 1, 2, 1, 0
17407, 386122, 3, 8, 6, 1, 2, 2, 0
17408, 386123, 3, 8, 6, 1, 2, 3, 0
17409, 386124, 3, 8, 6, 1, 2, 4, 0
17410, 386125, 3, 8, 6, 1, 2, 5, 0
17411, 386131, 3, 8, 6, 1, 3, 1, 0
17412, 386132, 3, 8, 6, 1, 3, 2, 0
17413, 386133, 3, 8, 6, 1, 3, 3, 0
17414, 386134, 3, 8, 6, 1, 3, 4, 0
17415, 386135, 3, 8, 6, 1, 3, 5, 0
17416, 386141, 3, 8, 6, 1, 4, 1, 0
17417, 386142, 3, 8, 6, 1, 4, 2, 0
17418, 386143, 3, 8, 6, 1, 4, 3, 0
17419, 386144, 3, 8, 6, 1, 4, 4, 0
17420, 386145, 3, 8, 6, 1, 4, 5, 0
17421, 386151, 3, 8, 6, 1, 5, 1, 0
17422, 386152, 3, 8, 6, 1, 5, 2, 0
17423, 386153, 3, 8, 6, 1, 5, 3, 0
17424, 386154, 3, 8, 6, 1, 5, 4, 0
17425, 386155, 3, 8, 6, 1, 5, 5, 0
17426, 386211, 3, 8, 6, 2, 1, 1, 0
17427, 386212, 3, 8, 6, 2, 1, 2, 0
17428, 386213, 3, 8, 6, 2, 1, 3, 0
17429, 386214, 3, 8, 6, 2, 1, 4, 0
17430, 386215, 3, 8, 6, 2, 1, 5, 0
17431, 386221, 3, 8, 6, 2, 2, 1, 0
17432, 386222, 3, 8, 6, 2, 2, 2, 0
17433, 386223, 3, 8, 6, 2, 2, 3, 0
17434, 386224, 3, 8, 6, 2, 2, 4, 0
17435, 386225, 3, 8, 6, 2, 2, 5, 0
17436, 386231, 3, 8, 6, 2, 3, 1, 0
17437, 386232, 3, 8, 6, 2, 3, 2, 0
17438, 386233, 3, 8, 6, 2, 3, 3, 0
17439, 386234, 3, 8, 6, 2, 3, 4, 0
17440, 386235, 3, 8, 6, 2, 3, 5, 0
17441, 386241, 3, 8, 6, 2, 4, 1, 0
17442, 386242, 3, 8, 6, 2, 4, 2, 0
17443, 386243, 3, 8, 6, 2, 4, 3, 0
17444, 386244, 3, 8, 6, 2, 4, 4, 0
17445, 386245, 3, 8, 6, 2, 4, 5, 0
17446, 386251, 3, 8, 6, 2, 5, 1, 0
17447, 386252, 3, 8, 6, 2, 5, 2, 0
17448, 386253, 3, 8, 6, 2, 5, 3, 0
17449, 386254, 3, 8, 6, 2, 5, 4, 0
17450, 386255, 3, 8, 6, 2, 5, 5, 0
17451, 386311, 3, 8, 6, 3, 1, 1, 0
17452, 386312, 3, 8, 6, 3, 1, 2, 0
17453, 386313, 3, 8, 6, 3, 1, 3, 0
17454, 386314, 3, 8, 6, 3, 1, 4, 0
17455, 386315, 3, 8, 6, 3, 1, 5, 0
17456, 386321, 3, 8, 6, 3, 2, 1, 0
17457, 386322, 3, 8, 6, 3, 2, 2, 0
17458, 386323, 3, 8, 6, 3, 2, 3, 0
17459, 386324, 3, 8, 6, 3, 2, 4, 0
17460, 386325, 3, 8, 6, 3, 2, 5, 0
17461, 386331, 3, 8, 6, 3, 3, 1, 0
17462, 386332, 3, 8, 6, 3, 3, 2, 0
17463, 386333, 3, 8, 6, 3, 3, 3, 0
17464, 386334, 3, 8, 6, 3, 3, 4, 0
17465, 386335, 3, 8, 6, 3, 3, 5, 0
17466, 386341, 3, 8, 6, 3, 4, 1, 0
17467, 386342, 3, 8, 6, 3, 4, 2, 0
17468, 386343, 3, 8, 6, 3, 4, 3, 0
17469, 386344, 3, 8, 6, 3, 4, 4, 0
17470, 386345, 3, 8, 6, 3, 4, 5, 0
17471, 386351, 3, 8, 6, 3, 5, 1, 0
17472, 386352, 3, 8, 6, 3, 5, 2, 0
17473, 386353, 3, 8, 6, 3, 5, 3, 0
17474, 386354, 3, 8, 6, 3, 5, 4, 0
17475, 386355, 3, 8, 6, 3, 5, 5, 0
17476, 386411, 3, 8, 6, 4, 1, 1, 0
17477, 386412, 3, 8, 6, 4, 1, 2, 0
17478, 386413, 3, 8, 6, 4, 1, 3, 0
17479, 386414, 3, 8, 6, 4, 1, 4, 0
17480, 386415, 3, 8, 6, 4, 1, 5, 0
17481, 386421, 3, 8, 6, 4, 2, 1, 0
17482, 386422, 3, 8, 6, 4, 2, 2, 0
17483, 386423, 3, 8, 6, 4, 2, 3, 0
17484, 386424, 3, 8, 6, 4, 2, 4, 0
17485, 386425, 3, 8, 6, 4, 2, 5, 0
17486, 386431, 3, 8, 6, 4, 3, 1, 0
17487, 386432, 3, 8, 6, 4, 3, 2, 0
17488, 386433, 3, 8, 6, 4, 3, 3, 0
17489, 386434, 3, 8, 6, 4, 3, 4, 0
17490, 386435, 3, 8, 6, 4, 3, 5, 0
17491, 386441, 3, 8, 6, 4, 4, 1, 0
17492, 386442, 3, 8, 6, 4, 4, 2, 0
17493, 386443, 3, 8, 6, 4, 4, 3, 0
17494, 386444, 3, 8, 6, 4, 4, 4, 0
17495, 386445, 3, 8, 6, 4, 4, 5, 0
17496, 386451, 3, 8, 6, 4, 5, 1, 0
17497, 386452, 3, 8, 6, 4, 5, 2, 0
17498, 386453, 3, 8, 6, 4, 5, 3, 0
17499, 386454, 3, 8, 6, 4, 5, 4, 0
17500, 386455, 3, 8, 6, 4, 5, 5, 0
17501, 387111, 3, 8, 7, 1, 1, 1, 0
17502, 387112, 3, 8, 7, 1, 1, 2, 0
17503, 387113, 3, 8, 7, 1, 1, 3, 0
17504, 387114, 3, 8, 7, 1, 1, 4, 0
17505, 387115, 3, 8, 7, 1, 1, 5, 0
17506, 387121, 3, 8, 7, 1, 2, 1, 0
17507, 387122, 3, 8, 7, 1, 2, 2, 0
17508, 387123, 3, 8, 7, 1, 2, 3, 0
17509, 387124, 3, 8, 7, 1, 2, 4, 0
17510, 387125, 3, 8, 7, 1, 2, 5, 0
17511, 387131, 3, 8, 7, 1, 3, 1, 0
17512, 387132, 3, 8, 7, 1, 3, 2, 0
17513, 387133, 3, 8, 7, 1, 3, 3, 0
17514, 387134, 3, 8, 7, 1, 3, 4, 0
17515, 387135, 3, 8, 7, 1, 3, 5, 0
17516, 387141, 3, 8, 7, 1, 4, 1, 0
17517, 387142, 3, 8, 7, 1, 4, 2, 0
17518, 387143, 3, 8, 7, 1, 4, 3, 0
17519, 387144, 3, 8, 7, 1, 4, 4, 0
17520, 387145, 3, 8, 7, 1, 4, 5, 0
17521, 387151, 3, 8, 7, 1, 5, 1, 0
17522, 387152, 3, 8, 7, 1, 5, 2, 0
17523, 387153, 3, 8, 7, 1, 5, 3, 0
17524, 387154, 3, 8, 7, 1, 5, 4, 0
17525, 387155, 3, 8, 7, 1, 5, 5, 0
17526, 387211, 3, 8, 7, 2, 1, 1, 0
17527, 387212, 3, 8, 7, 2, 1, 2, 0
17528, 387213, 3, 8, 7, 2, 1, 3, 0
17529, 387214, 3, 8, 7, 2, 1, 4, 0
17530, 387215, 3, 8, 7, 2, 1, 5, 0
17531, 387221, 3, 8, 7, 2, 2, 1, 0
17532, 387222, 3, 8, 7, 2, 2, 2, 0
17533, 387223, 3, 8, 7, 2, 2, 3, 0
17534, 387224, 3, 8, 7, 2, 2, 4, 0
17535, 387225, 3, 8, 7, 2, 2, 5, 0
17536, 387231, 3, 8, 7, 2, 3, 1, 0
17537, 387232, 3, 8, 7, 2, 3, 2, 0
17538, 387233, 3, 8, 7, 2, 3, 3, 0
17539, 387234, 3, 8, 7, 2, 3, 4, 0
17540, 387235, 3, 8, 7, 2, 3, 5, 0
17541, 387241, 3, 8, 7, 2, 4, 1, 0
17542, 387242, 3, 8, 7, 2, 4, 2, 0
17543, 387243, 3, 8, 7, 2, 4, 3, 0
17544, 387244, 3, 8, 7, 2, 4, 4, 0
17545, 387245, 3, 8, 7, 2, 4, 5, 0
17546, 387251, 3, 8, 7, 2, 5, 1, 0
17547, 387252, 3, 8, 7, 2, 5, 2, 0
17548, 387253, 3, 8, 7, 2, 5, 3, 0
17549, 387254, 3, 8, 7, 2, 5, 4, 0
17550, 387255, 3, 8, 7, 2, 5, 5, 0
17551, 387311, 3, 8, 7, 3, 1, 1, 0
17552, 387312, 3, 8, 7, 3, 1, 2, 0
17553, 387313, 3, 8, 7, 3, 1, 3, 0
17554, 387314, 3, 8, 7, 3, 1, 4, 0
17555, 387315, 3, 8, 7, 3, 1, 5, 0
17556, 387321, 3, 8, 7, 3, 2, 1, 0
17557, 387322, 3, 8, 7, 3, 2, 2, 0
17558, 387323, 3, 8, 7, 3, 2, 3, 0
17559, 387324, 3, 8, 7, 3, 2, 4, 0
17560, 387325, 3, 8, 7, 3, 2, 5, 0
17561, 387331, 3, 8, 7, 3, 3, 1, 0
17562, 387332, 3, 8, 7, 3, 3, 2, 0
17563, 387333, 3, 8, 7, 3, 3, 3, 0
17564, 387334, 3, 8, 7, 3, 3, 4, 0
17565, 387335, 3, 8, 7, 3, 3, 5, 0
17566, 387341, 3, 8, 7, 3, 4, 1, 0
17567, 387342, 3, 8, 7, 3, 4, 2, 0
17568, 387343, 3, 8, 7, 3, 4, 3, 0
17569, 387344, 3, 8, 7, 3, 4, 4, 0
17570, 387345, 3, 8, 7, 3, 4, 5, 0
17571, 387351, 3, 8, 7, 3, 5, 1, 0
17572, 387352, 3, 8, 7, 3, 5, 2, 0
17573, 387353, 3, 8, 7, 3, 5, 3, 0
17574, 387354, 3, 8, 7, 3, 5, 4, 0
17575, 387355, 3, 8, 7, 3, 5, 5, 0
17576, 387411, 3, 8, 7, 4, 1, 1, 0
17577, 387412, 3, 8, 7, 4, 1, 2, 0
17578, 387413, 3, 8, 7, 4, 1, 3, 0
17579, 387414, 3, 8, 7, 4, 1, 4, 0
17580, 387415, 3, 8, 7, 4, 1, 5, 0
17581, 387421, 3, 8, 7, 4, 2, 1, 0
17582, 387422, 3, 8, 7, 4, 2, 2, 0
17583, 387423, 3, 8, 7, 4, 2, 3, 0
17584, 387424, 3, 8, 7, 4, 2, 4, 0
17585, 387425, 3, 8, 7, 4, 2, 5, 0
17586, 387431, 3, 8, 7, 4, 3, 1, 0
17587, 387432, 3, 8, 7, 4, 3, 2, 0
17588, 387433, 3, 8, 7, 4, 3, 3, 0
17589, 387434, 3, 8, 7, 4, 3, 4, 0
17590, 387435, 3, 8, 7, 4, 3, 5, 0
17591, 387441, 3, 8, 7, 4, 4, 1, 0
17592, 387442, 3, 8, 7, 4, 4, 2, 0
17593, 387443, 3, 8, 7, 4, 4, 3, 0
17594, 387444, 3, 8, 7, 4, 4, 4, 0
17595, 387445, 3, 8, 7, 4, 4, 5, 0
17596, 387451, 3, 8, 7, 4, 5, 1, 0
17597, 387452, 3, 8, 7, 4, 5, 2, 0
17598, 387453, 3, 8, 7, 4, 5, 3, 0
17599, 387454, 3, 8, 7, 4, 5, 4, 0
17600, 387455, 3, 8, 7, 4, 5, 5, 0
17601, 38A111, 3, 8, A, 1, 1, 1, 1
17602, 38A112, 3, 8, A, 1, 1, 2, 1
17603, 38A113, 3, 8, A, 1, 1, 3, 1
17604, 38A114, 3, 8, A, 1, 1, 4, 1
17605, 38A115, 3, 8, A, 1, 1, 5, 1
17606, 38A121, 3, 8, A, 1, 2, 1, 1
17607, 38A122, 3, 8, A, 1, 2, 2, 1
17608, 38A123, 3, 8, A, 1, 2, 3, 1
17609, 38A124, 3, 8, A, 1, 2, 4, 1
17610, 38A125, 3, 8, A, 1, 2, 5, 1
17611, 38A131, 3, 8, A, 1, 3, 1, 1
17612, 38A132, 3, 8, A, 1, 3, 2, 1
17613, 38A133, 3, 8, A, 1, 3, 3, 1
17614, 38A134, 3, 8, A, 1, 3, 4, 1
17615, 38A135, 3, 8, A, 1, 3, 5, 1
17616, 38A141, 3, 8, A, 1, 4, 1, 1
17617, 38A142, 3, 8, A, 1, 4, 2, 1
17618, 38A143, 3, 8, A, 1, 4, 3, 1
17619, 38A144, 3, 8, A, 1, 4, 4, 1
17620, 38A145, 3, 8, A, 1, 4, 5, 1
17621, 38A151, 3, 8, A, 1, 5, 1, 1
17622, 38A152, 3, 8, A, 1, 5, 2, 1
17623, 38A153, 3, 8, A, 1, 5, 3, 1
17624, 38A154, 3, 8, A, 1, 5, 4, 1
17625, 38A155, 3, 8, A, 1, 5, 5, 1
17626, 38A211, 3, 8, A, 2, 1, 1, 1
17627, 38A212, 3, 8, A, 2, 1, 2, 1
17628, 38A213, 3, 8, A, 2, 1, 3, 1
17629, 38A214, 3, 8, A, 2, 1, 4, 1
17630, 38A215, 3, 8, A, 2, 1, 5, 1
17631, 38A221, 3, 8, A, 2, 2, 1, 1
17632, 38A222, 3, 8, A, 2, 2, 2, 1
17633, 38A223, 3, 8, A, 2, 2, 3, 1
17634, 38A224, 3, 8, A, 2, 2, 4, 1
17635, 38A225, 3, 8, A, 2, 2, 5, 1
17636, 38A231, 3, 8, A, 2, 3, 1, 1
17637, 38A232, 3, 8, A, 2, 3, 2, 1
17638, 38A233, 3, 8, A, 2, 3, 3, 1
17639, 38A234, 3, 8, A, 2, 3, 4, 1
17640, 38A235, 3, 8, A, 2, 3, 5, 1
17641, 38A241, 3, 8, A, 2, 4, 1, 1
17642, 38A242, 3, 8, A, 2, 4, 2, 1
17643, 38A243, 3, 8, A, 2, 4, 3, 1
17644, 38A244, 3, 8, A, 2, 4, 4, 1
17645, 38A245, 3, 8, A, 2, 4, 5, 1
17646, 38A251, 3, 8, A, 2, 5, 1, 1
17647, 38A252, 3, 8, A, 2, 5, 2, 1
17648, 38A253, 3, 8, A, 2, 5, 3, 1
17649, 38A254, 3, 8, A, 2, 5, 4, 1
17650, 38A255, 3, 8, A, 2, 5, 5, 1
17651, 38A311, 3, 8, A, 3, 1, 1, 1
17652, 38A312, 3, 8, A, 3, 1, 2, 1
17653, 38A313, 3, 8, A, 3, 1, 3, 1
17654, 38A314, 3, 8, A, 3, 1, 4, 1
17655, 38A315, 3, 8, A, 3, 1, 5, 1
17656, 38A321, 3, 8, A, 3, 2, 1, 1
17657, 38A322, 3, 8, A, 3, 2, 2, 1
17658, 38A323, 3, 8, A, 3, 2, 3, 1
17659, 38A324, 3, 8, A, 3, 2, 4, 1
17660, 38A325, 3, 8, A, 3, 2, 5, 1
17661, 38A331, 3, 8, A, 3, 3, 1, 1
17662, 38A332, 3, 8, A, 3, 3, 2, 1
17663, 38A333, 3, 8, A, 3, 3, 3, 1
17664, 38A334, 3, 8, A, 3, 3, 4, 1
17665, 38A335, 3, 8, A, 3, 3, 5, 1
17666, 38A341, 3, 8, A, 3, 4, 1, 1
17667, 38A342, 3, 8, A, 3, 4, 2, 1
17668, 38A343, 3, 8, A, 3, 4, 3, 1
17669, 38A344, 3, 8, A, 3, 4, 4, 1
17670, 38A345, 3, 8, A, 3, 4, 5, 1
17671, 38A351, 3, 8, A, 3, 5, 1, 1
17672, 38A352, 3, 8, A, 3, 5, 2, 1
17673, 38A353, 3, 8, A, 3, 5, 3, 1
17674, 38A354, 3, 8, A, 3, 5, 4, 1
17675, 38A355, 3, 8, A, 3, 5, 5, 1
17676, 38A411, 3, 8, A, 4, 1, 1, 1
17677, 38A412, 3, 8, A, 4, 1, 2, 1
17678, 38A413, 3, 8, A, 4, 1, 3, 1
17679, 38A414, 3, 8, A, 4, 1, 4, 1
17680, 38A415, 3, 8, A, 4, 1, 5, 1
17681, 38A421, 3, 8, A, 4, 2, 1, 1
17682, 38A422, 3, 8, A, 4, 2, 2, 1
17683, 38A423, 3, 8, A, 4, 2, 3, 1
17684, 38A424, 3, 8, A, 4, 2, 4, 1
17685, 38A425, 3, 8, A, 4, 2, 5, 1
17686, 38A431, 3, 8, A, 4, 3, 1, 1
17687, 38A432, 3, 8, A, 4, 3, 2, 1
17688, 38A433, 3, 8, A, 4, 3, 3, 1
17689, 38A434, 3, 8, A, 4, 3, 4, 1
17690, 38A435, 3, 8, A, 4, 3, 5, 1
17691, 38A441, 3, 8, A, 4, 4, 1, 1
17692, 38A442, 3, 8, A, 4, 4, 2, 1
17693, 38A443, 3, 8, A, 4, 4, 3, 1
17694, 38A444, 3, 8, A, 4, 4, 4, 1
17695, 38A445, 3, 8, A, 4, 4, 5, 1
17696, 38A451, 3, 8, A, 4, 5, 1, 1
17697, 38A452, 3, 8, A, 4, 5, 2, 1
17698, 38A453, 3, 8, A, 4, 5, 3, 1
17699, 38A454, 3, 8, A, 4, 5, 4, 1
17700, 38A455, 3, 8, A, 4, 5, 5, 1
17701, 38B111, 3, 8, B, 1, 1, 1, 1
17702, 38B112, 3, 8, B, 1, 1, 2, 1
17703, 38B113, 3, 8, B, 1, 1, 3, 1
17704, 38B114, 3, 8, B, 1, 1, 4, 1
17705, 38B115, 3, 8, B, 1, 1, 5, 1
17706, 38B121, 3, 8, B, 1, 2, 1, 1
17707, 38B122, 3, 8, B, 1, 2, 2, 1
17708, 38B123, 3, 8, B, 1, 2, 3, 1
17709, 38B124, 3, 8, B, 1, 2, 4, 1
17710, 38B125, 3, 8, B, 1, 2, 5, 1
17711, 38B131, 3, 8, B, 1, 3, 1, 1
17712, 38B132, 3, 8, B, 1, 3, 2, 1
17713, 38B133, 3, 8, B, 1, 3, 3, 1
17714, 38B134, 3, 8, B, 1, 3, 4, 1
17715, 38B135, 3, 8, B, 1, 3, 5, 1
17716, 38B141, 3, 8, B, 1, 4, 1, 1
17717, 38B142, 3, 8, B, 1, 4, 2, 1
17718, 38B143, 3, 8, B, 1, 4, 3, 1
17719, 38B144, 3, 8, B, 1, 4, 4, 1
17720, 38B145, 3, 8, B, 1, 4, 5, 1
17721, 38B151, 3, 8, B, 1, 5, 1, 1
17722, 38B152, 3, 8, B, 1, 5, 2, 1
17723, 38B153, 3, 8, B, 1, 5, 3, 1
17724, 38B154, 3, 8, B, 1, 5, 4, 1
17725, 38B155, 3, 8, B, 1, 5, 5, 1
17726, 38B211, 3, 8, B, 2, 1, 1, 1
17727, 38B212, 3, 8, B, 2, 1, 2, 1
17728, 38B213, 3, 8, B, 2, 1, 3, 1
17729, 38B214, 3, 8, B, 2, 1, 4, 1
17730, 38B215, 3, 8, B, 2, 1, 5, 1
17731, 38B221, 3, 8, B, 2, 2, 1, 1
17732, 38B222, 3, 8, B, 2, 2, 2, 1
17733, 38B223, 3, 8, B, 2, 2, 3, 1
17734, 38B224, 3, 8, B, 2, 2, 4, 1
17735, 38B225, 3, 8, B, 2, 2, 5, 1
17736, 38B231, 3, 8, B, 2, 3, 1, 1
17737, 38B232, 3, 8, B, 2, 3, 2, 1
17738, 38B233, 3, 8, B, 2, 3, 3, 1
17739, 38B234, 3, 8, B, 2, 3, 4, 1
17740, 38B235, 3, 8, B, 2, 3, 5, 1
17741, 38B241, 3, 8, B, 2, 4, 1, 1
17742, 38B242, 3, 8, B, 2, 4, 2, 1
17743, 38B243, 3, 8, B, 2, 4, 3, 1
17744, 38B244, 3, 8, B, 2, 4, 4, 1
17745, 38B245, 3, 8, B, 2, 4, 5, 1
17746, 38B251, 3, 8, B, 2, 5, 1, 1
17747, 38B252, 3, 8, B, 2, 5, 2, 1
17748, 38B253, 3, 8, B, 2, 5, 3, 1
17749, 38B254, 3, 8, B, 2, 5, 4, 1
17750, 38B255, 3, 8, B, 2, 5, 5, 1
17751, 38B311, 3, 8, B, 3, 1, 1, 1
17752, 38B312, 3, 8, B, 3, 1, 2, 1
17753, 38B313, 3, 8, B, 3, 1, 3, 1
17754, 38B314, 3, 8, B, 3, 1, 4, 1
17755, 38B315, 3, 8, B, 3, 1, 5, 1
17756, 38B321, 3, 8, B, 3, 2, 1, 1
17757, 38B322, 3, 8, B, 3, 2, 2, 1
17758, 38B323, 3, 8, B, 3, 2, 3, 1
17759, 38B324, 3, 8, B, 3, 2, 4, 1
17760, 38B325, 3, 8, B, 3, 2, 5, 1
17761, 38B331, 3, 8, B, 3, 3, 1, 1
17762, 38B332, 3, 8, B, 3, 3, 2, 1
17763, 38B333, 3, 8, B, 3, 3, 3, 1
17764, 38B334, 3, 8, B, 3, 3, 4, 1
17765, 38B335, 3, 8, B, 3, 3, 5, 1
17766, 38B341, 3, 8, B, 3, 4, 1, 1
17767, 38B342, 3, 8, B, 3, 4, 2, 1
17768, 38B343, 3, 8, B, 3, 4, 3, 1
17769, 38B344, 3, 8, B, 3, 4, 4, 1
17770, 38B345, 3, 8, B, 3, 4, 5, 1
17771, 38B351, 3, 8, B, 3, 5, 1, 1
17772, 38B352, 3, 8, B, 3, 5, 2, 1
17773, 38B353, 3, 8, B, 3, 5, 3, 1
17774, 38B354, 3, 8, B, 3, 5, 4, 1
17775, 38B355, 3, 8, B, 3, 5, 5, 1
17776, 38B411, 3, 8, B, 4, 1, 1, 1
17777, 38B412, 3, 8, B, 4, 1, 2, 1
17778, 38B413, 3, 8, B, 4, 1, 3, 1
17779, 38B414, 3, 8, B, 4, 1, 4, 1
17780, 38B415, 3, 8, B, 4, 1, 5, 1
17781, 38B421, 3, 8, B, 4, 2, 1, 1
17782, 38B422, 3, 8, B, 4, 2, 2, 1
17783, 38B423, 3, 8, B, 4, 2, 3, 1
17784, 38B424, 3, 8, B, 4, 2, 4, 1
17785, 38B425, 3, 8, B, 4, 2, 5, 1
17786, 38B431, 3, 8, B, 4, 3, 1, 1
17787, 38B432, 3, 8, B, 4, 3, 2, 1
17788, 38B433, 3, 8, B, 4, 3, 3, 1
17789, 38B434, 3, 8, B, 4, 3, 4, 1
17790, 38B435, 3, 8, B, 4, 3, 5, 1
17791, 38B441, 3, 8, B, 4, 4, 1, 1
17792, 38B442, 3, 8, B, 4, 4, 2, 1
17793, 38B443, 3, 8, B, 4, 4, 3, 1
17794, 38B444, 3, 8, B, 4, 4, 4, 1
17795, 38B445, 3, 8, B, 4, 4, 5, 1
17796, 38B451, 3, 8, B, 4, 5, 1, 1
17797, 38B452, 3, 8, B, 4, 5, 2, 1
17798, 38B453, 3, 8, B, 4, 5, 3, 1
17799, 38B454, 3, 8, B, 4, 5, 4, 1
17800, 38B455, 3, 8, B, 4, 5, 5, 1
17801, 38C111, 3, 8, C, 1, 1, 1, 1
17802, 38C112, 3, 8, C, 1, 1, 2, 1
17803, 38C113, 3, 8, C, 1, 1, 3, 1
17804, 38C114, 3, 8, C, 1, 1, 4, 1
17805, 38C115, 3, 8, C, 1, 1, 5, 1
17806, 38C121, 3, 8, C, 1, 2, 1, 1
17807, 38C122, 3, 8, C, 1, 2, 2, 1
17808, 38C123, 3, 8, C, 1, 2, 3, 1
17809, 38C124, 3, 8, C, 1, 2, 4, 1
17810, 38C125, 3, 8, C, 1, 2, 5, 1
17811, 38C131, 3, 8, C, 1, 3, 1, 1
17812, 38C132, 3, 8, C, 1, 3, 2, 1
17813, 38C133, 3, 8, C, 1, 3, 3, 1
17814, 38C134, 3, 8, C, 1, 3, 4, 1
17815, 38C135, 3, 8, C, 1, 3, 5, 1
17816, 38C141, 3, 8, C, 1, 4, 1, 1
17817, 38C142, 3, 8, C, 1, 4, 2, 1
17818, 38C143, 3, 8, C, 1, 4, 3, 1
17819, 38C144, 3, 8, C, 1, 4, 4, 1
17820, 38C145, 3, 8, C, 1, 4, 5, 1
17821, 38C151, 3, 8, C, 1, 5, 1, 1
17822, 38C152, 3, 8, C, 1, 5, 2, 1
17823, 38C153, 3, 8, C, 1, 5, 3, 1
17824, 38C154, 3, 8, C, 1, 5, 4, 1
17825, 38C155, 3, 8, C, 1, 5, 5, 1
17826, 38C211, 3, 8, C, 2, 1, 1, 1
17827, 38C212, 3, 8, C, 2, 1, 2, 1
17828, 38C213, 3, 8, C, 2, 1, 3, 1
17829, 38C214, 3, 8, C, 2, 1, 4, 1
17830, 38C215, 3, 8, C, 2, 1, 5, 1
17831, 38C221, 3, 8, C, 2, 2, 1, 1
17832, 38C222, 3, 8, C, 2, 2, 2, 1
17833, 38C223, 3, 8, C, 2, 2, 3, 1
17834, 38C224, 3, 8, C, 2, 2, 4, 1
17835, 38C225, 3, 8, C, 2, 2, 5, 1
17836, 38C231, 3, 8, C, 2, 3, 1, 1
17837, 38C232, 3, 8, C, 2, 3, 2, 1
17838, 38C233, 3, 8, C, 2, 3, 3, 1
17839, 38C234, 3, 8, C, 2, 3, 4, 1
17840, 38C235, 3, 8, C, 2, 3, 5, 1
17841, 38C241, 3, 8, C, 2, 4, 1, 1
17842, 38C242, 3, 8, C, 2, 4, 2, 1
17843, 38C243, 3, 8, C, 2, 4, 3, 1
17844, 38C244, 3, 8, C, 2, 4, 4, 1
17845, 38C245, 3, 8, C, 2, 4, 5, 1
17846, 38C251, 3, 8, C, 2, 5, 1, 1
17847, 38C252, 3, 8, C, 2, 5, 2, 1
17848, 38C253, 3, 8, C, 2, 5, 3, 1
17849, 38C254, 3, 8, C, 2, 5, 4, 1
17850, 38C255, 3, 8, C, 2, 5, 5, 1
17851, 38C311, 3, 8, C, 3, 1, 1, 1
17852, 38C312, 3, 8, C, 3, 1, 2, 1
17853, 38C313, 3, 8, C, 3, 1, 3, 1
17854, 38C314, 3, 8, C, 3, 1, 4, 1
17855, 38C315, 3, 8, C, 3, 1, 5, 1
17856, 38C321, 3, 8, C, 3, 2, 1, 1
17857, 38C322, 3, 8, C, 3, 2, 2, 1
17858, 38C323, 3, 8, C, 3, 2, 3, 1
17859, 38C324, 3, 8, C, 3, 2, 4, 1
17860, 38C325, 3, 8, C, 3, 2, 5, 1
17861, 38C331, 3, 8, C, 3, 3, 1, 1
17862, 38C332, 3, 8, C, 3, 3, 2, 1
17863, 38C333, 3, 8, C, 3, 3, 3, 1
17864, 38C334, 3, 8, C, 3, 3, 4, 1
17865, 38C335, 3, 8, C, 3, 3, 5, 1
17866, 38C341, 3, 8, C, 3, 4, 1, 1
17867, 38C342, 3, 8, C, 3, 4, 2, 1
17868, 38C343, 3, 8, C, 3, 4, 3, 1
17869, 38C344, 3, 8, C, 3, 4, 4, 1
17870, 38C345, 3, 8, C, 3, 4, 5, 1
17871, 38C351, 3, 8, C, 3, 5, 1, 1
17872, 38C352, 3, 8, C, 3, 5, 2, 1
17873, 38C353, 3, 8, C, 3, 5, 3, 1
17874, 38C354, 3, 8, C, 3, 5, 4, 1
17875, 38C355, 3, 8, C, 3, 5, 5, 1
17876, 38C411, 3, 8, C, 4, 1, 1, 1
17877, 38C412, 3, 8, C, 4, 1, 2, 1
17878, 38C413, 3, 8, C, 4, 1, 3, 1
17879, 38C414, 3, 8, C, 4, 1, 4, 1
17880, 38C415, 3, 8, C, 4, 1, 5, 1
17881, 38C421, 3, 8, C, 4, 2, 1, 1
17882, 38C422, 3, 8, C, 4, 2, 2, 1
17883, 38C423, 3, 8, C, 4, 2, 3, 1
17884, 38C424, 3, 8, C, 4, 2, 4, 1
17885, 38C425, 3, 8, C, 4, 2, 5, 1
17886, 38C431, 3, 8, C, 4, 3, 1, 1
17887, 38C432, 3, 8, C, 4, 3, 2, 1
17888, 38C433, 3, 8, C, 4, 3, 3, 1
17889, 38C434, 3, 8, C, 4, 3, 4, 1
17890, 38C435, 3, 8, C, 4, 3, 5, 1
17891, 38C441, 3, 8, C, 4, 4, 1, 1
17892, 38C442, 3, 8, C, 4, 4, 2, 1
17893, 38C443, 3, 8, C, 4, 4, 3, 1
17894, 38C444, 3, 8, C, 4, 4, 4, 1
17895, 38C445, 3, 8, C, 4, 4, 5, 1
17896, 38C451, 3, 8, C, 4, 5, 1, 1
17897, 38C452, 3, 8, C, 4, 5, 2, 1
17898, 38C453, 3, 8, C, 4, 5, 3, 1
17899, 38C454, 3, 8, C, 4, 5, 4, 1
17900, 38C455, 3, 8, C, 4, 5, 5, 1
17901, 38D111, 3, 8, D, 1, 1, 1, 1
17902, 38D112, 3, 8, D, 1, 1, 2, 1
17903, 38D113, 3, 8, D, 1, 1, 3, 1
17904, 38D114, 3, 8, D, 1, 1, 4, 1
17905, 38D115, 3, 8, D, 1, 1, 5, 1
17906, 38D121, 3, 8, D, 1, 2, 1, 1
17907, 38D122, 3, 8, D, 1, 2, 2, 1
17908, 38D123, 3, 8, D, 1, 2, 3, 1
17909, 38D124, 3, 8, D, 1, 2, 4, 1
17910, 38D125, 3, 8, D, 1, 2, 5, 1
17911, 38D131, 3, 8, D, 1, 3, 1, 1
17912, 38D132, 3, 8, D, 1, 3, 2, 1
17913, 38D133, 3, 8, D, 1, 3, 3, 1
17914, 38D134, 3, 8, D, 1, 3, 4, 1
17915, 38D135, 3, 8, D, 1, 3, 5, 1
17916, 38D141, 3, 8, D, 1, 4, 1, 1
17917, 38D142, 3, 8, D, 1, 4, 2, 1
17918, 38D143, 3, 8, D, 1, 4, 3, 1
17919, 38D144, 3, 8, D, 1, 4, 4, 1
17920, 38D145, 3, 8, D, 1, 4, 5, 1
17921, 38D151, 3, 8, D, 1, 5, 1, 1
17922, 38D152, 3, 8, D, 1, 5, 2, 1
17923, 38D153, 3, 8, D, 1, 5, 3, 1
17924, 38D154, 3, 8, D, 1, 5, 4, 1
17925, 38D155, 3, 8, D, 1, 5, 5, 1
17926, 38D211, 3, 8, D, 2, 1, 1, 1
17927, 38D212, 3, 8, D, 2, 1, 2, 1
17928, 38D213, 3, 8, D, 2, 1, 3, 1
17929, 38D214, 3, 8, D, 2, 1, 4, 1
17930, 38D215, 3, 8, D, 2, 1, 5, 1
17931, 38D221, 3, 8, D, 2, 2, 1, 1
17932, 38D222, 3, 8, D, 2, 2, 2, 1
17933, 38D223, 3, 8, D, 2, 2, 3, 1
17934, 38D224, 3, 8, D, 2, 2, 4, 1
17935, 38D225, 3, 8, D, 2, 2, 5, 1
17936, 38D231, 3, 8, D, 2, 3, 1, 1
17937, 38D232, 3, 8, D, 2, 3, 2, 1
17938, 38D233, 3, 8, D, 2, 3, 3, 1
17939, 38D234, 3, 8, D, 2, 3, 4, 1
17940, 38D235, 3, 8, D, 2, 3, 5, 1
17941, 38D241, 3, 8, D, 2, 4, 1, 1
17942, 38D242, 3, 8, D, 2, 4, 2, 1
17943, 38D243, 3, 8, D, 2, 4, 3, 1
17944, 38D244, 3, 8, D, 2, 4, 4, 1
17945, 38D245, 3, 8, D, 2, 4, 5, 1
17946, 38D251, 3, 8, D, 2, 5, 1, 1
17947, 38D252, 3, 8, D, 2, 5, 2, 1
17948, 38D253, 3, 8, D, 2, 5, 3, 1
17949, 38D254, 3, 8, D, 2, 5, 4, 1
17950, 38D255, 3, 8, D, 2, 5, 5, 1
17951, 38D311, 3, 8, D, 3, 1, 1, 1
17952, 38D312, 3, 8, D, 3, 1, 2, 1
17953, 38D313, 3, 8, D, 3, 1, 3, 1
17954, 38D314, 3, 8, D, 3, 1, 4, 1
17955, 38D315, 3, 8, D, 3, 1, 5, 1
17956, 38D321, 3, 8, D, 3, 2, 1, 1
17957, 38D322, 3, 8, D, 3, 2, 2, 1
17958, 38D323, 3, 8, D, 3, 2, 3, 1
17959, 38D324, 3, 8, D, 3, 2, 4, 1
17960, 38D325, 3, 8, D, 3, 2, 5, 1
17961, 38D331, 3, 8, D, 3, 3, 1, 1
17962, 38D332, 3, 8, D, 3, 3, 2, 1
17963, 38D333, 3, 8, D, 3, 3, 3, 1
17964, 38D334, 3, 8, D, 3, 3, 4, 1
17965, 38D335, 3, 8, D, 3, 3, 5, 1
17966, 38D341, 3, 8, D, 3, 4, 1, 1
17967, 38D342, 3, 8, D, 3, 4, 2, 1
17968, 38D343, 3, 8, D, 3, 4, 3, 1
17969, 38D344, 3, 8, D, 3, 4, 4, 1
17970, 38D345, 3, 8, D, 3, 4, 5, 1
17971, 38D351, 3, 8, D, 3, 5, 1, 1
17972, 38D352, 3, 8, D, 3, 5, 2, 1
17973, 38D353, 3, 8, D, 3, 5, 3, 1
17974, 38D354, 3, 8, D, 3, 5, 4, 1
17975, 38D355, 3, 8, D, 3, 5, 5, 1
17976, 38D411, 3, 8, D, 4, 1, 1, 1
17977, 38D412, 3, 8, D, 4, 1, 2, 1
17978, 38D413, 3, 8, D, 4, 1, 3, 1
17979, 38D414, 3, 8, D, 4, 1, 4, 1
17980, 38D415, 3, 8, D, 4, 1, 5, 1
17981, 38D421, 3, 8, D, 4, 2, 1, 1
17982, 38D422, 3, 8, D, 4, 2, 2, 1
17983, 38D423, 3, 8, D, 4, 2, 3, 1
17984, 38D424, 3, 8, D, 4, 2, 4, 1
17985, 38D425, 3, 8, D, 4, 2, 5, 1
17986, 38D431, 3, 8, D, 4, 3, 1, 1
17987, 38D432, 3, 8, D, 4, 3, 2, 1
17988, 38D433, 3, 8, D, 4, 3, 3, 1
17989, 38D434, 3, 8, D, 4, 3, 4, 1
17990, 38D435, 3, 8, D, 4, 3, 5, 1
17991, 38D441, 3, 8, D, 4, 4, 1, 1
17992, 38D442, 3, 8, D, 4, 4, 2, 1
17993, 38D443, 3, 8, D, 4, 4, 3, 1
17994, 38D444, 3, 8, D, 4, 4, 4, 1
17995, 38D445, 3, 8, D, 4, 4, 5, 1
17996, 38D451, 3, 8, D, 4, 5, 1, 1
17997, 38D452, 3, 8, D, 4, 5, 2, 1
17998, 38D453, 3, 8, D, 4, 5, 3, 1
17999, 38D454, 3, 8, D, 4, 5, 4, 1
18000, 38D455, 3, 8, D, 4, 5, 5, 1