Log file for generate_data.py
Start time: 2023-08-03 20:36:53.675773
[ID:1| Order 'I7NAC4ETMO' created | Generated 500 items | Pending 75981716 items]
[ID:2| Order '3HZ56OY63F' created | Generated 42046 items | Pending 75940170 items]
[ID:3| Order 'FXNJJ4EITS' created | Generated 69917 items | Pending 75912299 items]
[ID:4| Order '8H2CHVTCMY' created | Generated 99526 items | Pending 75882690 items]
[ID:5| Order 'F5M2UT9B4E' created | Generated 136646 items | Pending 75845570 items]
[ID:6| Order 'J6E1W2KZ4J' created | Generated 172409 items | Pending 75809807 items]
[ID:7| Order 'KB2JF77QXX' created | Generated 183089 items | Pending 75799127 items]
[ID:8| Order 'Z14HT9O5J6' created | Generated 188704 items | Pending 75793512 items]
[ID:9| Order '8I14SCNIQC' created | Generated 212226 items | Pending 75769990 items]
[ID:10| Order 'I9C5XR35K3' created | Generated 220265 items | Pending 75761951 items]
[ID:11| Order 'CJE54RKTOQ' created | Generated 226763 items | Pending 75755453 items]
[ID:12| Order '1BNT8XM42L' created | Generated 254362 items | Pending 75727854 items]
[ID:13| Order 'I8ZZWFW12F' created | Generated 255160 items | Pending 75727056 items]
[ID:14| Order 'ONED6VWJIB' created | Generated 274009 items | Pending 75708207 items]
[ID:15| Order 'VH4WAFQ1LE' created | Generated 283221 items | Pending 75698995 items]
[ID:16| Order 'KG94SZHL9J' created | Generated 299878 items | Pending 75682338 items]
[ID:17| Order 'AJUINB0M77' created | Generated 313780 items | Pending 75668436 items]
[ID:18| Order 'T6RG7P9FGE' created | Generated 357242 items | Pending 75624974 items]
[ID:19| Order '9VNU0AGL6L' created | Generated 400622 items | Pending 75581594 items]
[ID:20| Order 'Z0CHXAE6HI' created | Generated 407238 items | Pending 75574978 items]
[ID:21| Order 'NAG6N3Y4MM' created | Generated 427582 items | Pending 75554634 items]
[ID:22| Order '299R9HS8ZF' created | Generated 429969 items | Pending 75552247 items]
[ID:23| Order '7KG6RICIE9' created | Generated 475235 items | Pending 75506981 items]
[ID:24| Order 'J463AB8ZIY' created | Generated 523421 items | Pending 75458795 items]
[ID:25| Order '1EBM8R8ZH1' created | Generated 555047 items | Pending 75427169 items]
[ID:26| Order 'QFWJR946H5' created | Generated 567875 items | Pending 75414341 items]
[ID:27| Order 'TLT1QP3IVK' created | Generated 583772 items | Pending 75398444 items]
[ID:28| Order 'OG7R05FC4C' created | Generated 632818 items | Pending 75349398 items]
[ID:29| Order 'HRJIJ1BI00' created | Generated 650972 items | Pending 75331244 items]
[ID:30| Order 'Q8IBBLC97H' created | Generated 700828 items | Pending 75281388 items]
[ID:31| Order 'ZHURGP885M' created | Generated 718087 items | Pending 75264129 items]
[ID:32| Order '160SPHJ8L9' created | Generated 751785 items | Pending 75230431 items]
[ID:33| Order 'UJEYTDCONZ' created | Generated 806181 items | Pending 75176035 items]
[ID:34| Order '7KN9BLO2BF' created | Generated 815400 items | Pending 75166816 items]
[ID:35| Order 'WHTWZLG96C' created | Generated 840631 items | Pending 75141585 items]
[ID:36| Order '1C5XJ4IA4R' created | Generated 859666 items | Pending 75122550 items]
[ID:37| Order 'J0ZMLTJMSO' created | Generated 877625 items | Pending 75104591 items]
[ID:38| Order 'BPNX7WQW0J' created | Generated 897306 items | Pending 75084910 items]
[ID:39| Order '79TY7WYZB1' created | Generated 915500 items | Pending 75066716 items]
[ID:40| Order '5QSZRW63DS' created | Generated 918373 items | Pending 75063843 items]
[ID:41| Order '5BTU4U7I3A' created | Generated 930946 items | Pending 75051270 items]
[ID:42| Order 'QSYVD8U2SM' created | Generated 930986 items | Pending 75051230 items]
[ID:43| Order '9F68D6OSNX' created | Generated 973096 items | Pending 75009120 items]
[ID:44| Order '64A20PXA4P' created | Generated 994246 items | Pending 74987970 items]
[ID:45| Order 'C7BPY2S3CO' created | Generated 1007563 items | Pending 74974653 items]
[ID:46| Order 'K66X2IYMWL' created | Generated 1024313 items | Pending 74957903 items]
[ID:47| Order '2HN555V5BR' created | Generated 1058290 items | Pending 74923926 items]
[ID:48| Order 'A2XT7DO2DK' created | Generated 1108272 items | Pending 74873944 items]
[ID:49| Order 'I894DWKGMR' created | Generated 1139238 items | Pending 74842978 items]
[ID:50| Order 'R35QH9O63F' created | Generated 1189775 items | Pending 74792441 items]
[ID:51| Order '6G7BUZKLBX' created | Generated 1224769 items | Pending 74757447 items]
[ID:52| Order 'OVSDWN1R06' created | Generated 1228545 items | Pending 74753671 items]
[ID:53| Order 'G6UR7M1NIL' created | Generated 1266212 items | Pending 74716004 items]
[ID:54| Order '55A4S6RRST' created | Generated 1297006 items | Pending 74685210 items]
[ID:55| Order 'CE7THM5SFZ' created | Generated 1323254 items | Pending 74658962 items]
[ID:56| Order '09HZUQY502' created | Generated 1347392 items | Pending 74634824 items]
[ID:57| Order 'WJ0M6HMVVX' created | Generated 1384143 items | Pending 74598073 items]
[ID:58| Order 'N8GHDS11CG' created | Generated 1385139 items | Pending 74597077 items]
[ID:59| Order 'AFPBPHAAJV' created | Generated 1421163 items | Pending 74561053 items]
[ID:60| Order 'H9PU8LE4O2' created | Generated 1453708 items | Pending 74528508 items]
[ID:61| Order 'IT20EFMCGN' created | Generated 1493767 items | Pending 74488449 items]
[ID:62| Order '94LYSY0V71' created | Generated 1512794 items | Pending 74469422 items]
[ID:63| Order 'F3WWDHQQGD' created | Generated 1566304 items | Pending 74415912 items]
[ID:64| Order 'AB6CSP2Q7Q' created | Generated 1587831 items | Pending 74394385 items]
[ID:65| Order 'S3TNAGVH0B' created | Generated 1638388 items | Pending 74343828 items]
[ID:66| Order 'N0KMYJIYZL' created | Generated 1652713 items | Pending 74329503 items]
[ID:67| Order 'BW9QDDTTXX' created | Generated 1654572 items | Pending 74327644 items]
[ID:68| Order 'TULSAJS984' created | Generated 1655321 items | Pending 74326895 items]
[ID:69| Order 'I0AW2YLIRA' created | Generated 1689437 items | Pending 74292779 items]
[ID:70| Order 'HURNW3988H' created | Generated 1698179 items | Pending 74284037 items]
[ID:71| Order 'IXBNP04EE0' created | Generated 1706469 items | Pending 74275747 items]
[ID:72| Order 'UI4MWG0BQ6' created | Generated 1735034 items | Pending 74247182 items]
[ID:73| Order 'DNJP38PTPD' created | Generated 1778804 items | Pending 74203412 items]
[ID:74| Order 'XZUGVB01YF' created | Generated 1816794 items | Pending 74165422 items]
[ID:75| Order 'TGZ2IOABV0' created | Generated 1822489 items | Pending 74159727 items]
[ID:76| Order '171R7OZ4MF' created | Generated 1826317 items | Pending 74155899 items]
[ID:77| Order 'XGZ4Y7JUMU' created | Generated 1858729 items | Pending 74123487 items]
[ID:78| Order '5Q5OC752H6' created | Generated 1900232 items | Pending 74081984 items]
[ID:79| Order 'MFZJIZ03HG' created | Generated 1947502 items | Pending 74034714 items]
[ID:80| Order 'WG9U3PX0SS' created | Generated 1971139 items | Pending 74011077 items]
[ID:81| Order '3SX6KK1GRU' created | Generated 1976194 items | Pending 74006022 items]
[ID:82| Order 'K1HBAAQYAL' created | Generated 2002406 items | Pending 73979810 items]
[ID:83| Order 'OQJ2005PDP' created | Generated 2021672 items | Pending 73960544 items]
[ID:84| Order 'SO1CF8SNVE' created | Generated 2045217 items | Pending 73936999 items]
[ID:85| Order 'TBCTL4L6VH' created | Generated 2070724 items | Pending 73911492 items]
[ID:86| Order 'ZTEPB665QZ' created | Generated 2081822 items | Pending 73900394 items]
[ID:87| Order '9TKBDQV523' created | Generated 2120067 items | Pending 73862149 items]
[ID:88| Order '76WE70PVU5' created | Generated 2142983 items | Pending 73839233 items]
[ID:89| Order 'BXEFHZOUBW' created | Generated 2187446 items | Pending 73794770 items]
[ID:90| Order 'H2BPS7OD5F' created | Generated 2198808 items | Pending 73783408 items]
[ID:91| Order 'Q8J5WC798T' created | Generated 2237981 items | Pending 73744235 items]
[ID:92| Order '0CIXOTLOJ8' created | Generated 2292558 items | Pending 73689658 items]
[ID:93| Order 'VZQYS6VKKI' created | Generated 2322871 items | Pending 73659345 items]
[ID:94| Order 'N1KLOG9VCU' created | Generated 2352565 items | Pending 73629651 items]
[ID:95| Order 'SME8DZTWSC' created | Generated 2386343 items | Pending 73595873 items]
[ID:96| Order 'MFGE9J34XV' created | Generated 2430123 items | Pending 73552093 items]
[ID:97| Order 'Q7FR6DBUZ7' created | Generated 2450388 items | Pending 73531828 items]
[ID:98| Order 'H3489LDV7L' created | Generated 2459055 items | Pending 73523161 items]
[ID:99| Order '76HOAVSXM1' created | Generated 2491672 items | Pending 73490544 items]
[ID:100| Order 'E1SNVN3K5B' created | Generated 2537556 items | Pending 73444660 items]
[ID:101| Order 'X01ZIG0QGK' created | Generated 2547963 items | Pending 73434253 items]
[ID:102| Order 'MN5QGAQKHR' created | Generated 2594163 items | Pending 73388053 items]
[ID:103| Order '7OHXBWMY31' created | Generated 2604652 items | Pending 73377564 items]
[ID:104| Order '0QPXI7SKRJ' created | Generated 2648649 items | Pending 73333567 items]
[ID:105| Order 'NXNZ5R6DC9' created | Generated 2656843 items | Pending 73325373 items]
[ID:106| Order '5BHA6FGM20' created | Generated 2685853 items | Pending 73296363 items]
[ID:107| Order '5Y0AV3GOFX' created | Generated 2713754 items | Pending 73268462 items]
[ID:108| Order 'JH459MTMTO' created | Generated 2719988 items | Pending 73262228 items]
[ID:109| Order '39WNP2UJJ2' created | Generated 2769976 items | Pending 73212240 items]
[ID:110| Order 'C4GWZELQKK' created | Generated 2779510 items | Pending 73202706 items]
[ID:111| Order 'K8BQ3T0Y43' created | Generated 2803458 items | Pending 73178758 items]
[ID:112| Order 'L4FXSNT4PK' created | Generated 2851516 items | Pending 73130700 items]
[ID:113| Order 'XZM9Z91BJL' created | Generated 2902088 items | Pending 73080128 items]
[ID:114| Order 'BB4N8FUJZX' created | Generated 2935038 items | Pending 73047178 items]
[ID:115| Order 'GB7LP29341' created | Generated 2950201 items | Pending 73032015 items]
[ID:116| Order '8DXP0TQF2X' created | Generated 2953784 items | Pending 73028432 items]
[ID:117| Order 'HCBQ7VWMNT' created | Generated 2990211 items | Pending 72992005 items]
[ID:118| Order 'HQHCLK0ZPG' created | Generated 2998048 items | Pending 72984168 items]
[ID:119| Order 'R53ROO7EYN' created | Generated 3030402 items | Pending 72951814 items]
[ID:120| Order 'FSNW6AQ0UC' created | Generated 3055225 items | Pending 72926991 items]
[ID:121| Order 'C5Z3CAEGZT' created | Generated 3085816 items | Pending 72896400 items]
[ID:122| Order '7BOYHDC4VM' created | Generated 3113280 items | Pending 72868936 items]
[ID:123| Order 'A4BUIE3RNF' created | Generated 3165405 items | Pending 72816811 items]
[ID:124| Order 'ZCFTB668JT' created | Generated 3197662 items | Pending 72784554 items]
[ID:125| Order 'JNQDTONBQJ' created | Generated 3197856 items | Pending 72784360 items]
[ID:126| Order 'R2MSEKRBM9' created | Generated 3220154 items | Pending 72762062 items]
[ID:127| Order 'TZO23M2DWB' created | Generated 3221294 items | Pending 72760922 items]
[ID:128| Order '3PZ2AO2FGF' created | Generated 3262325 items | Pending 72719891 items]
[ID:129| Order 'M7E5BBHRNS' created | Generated 3309529 items | Pending 72672687 items]
[ID:130| Order 'KOXFR85K18' created | Generated 3338580 items | Pending 72643636 items]
[ID:131| Order 'KEA6ZA282U' created | Generated 3373866 items | Pending 72608350 items]
[ID:132| Order 'V70ZMTLI0A' created | Generated 3384721 items | Pending 72597495 items]
[ID:133| Order '7VAU98WEFW' created | Generated 3391901 items | Pending 72590315 items]
[ID:134| Order 'FKCCPFQ95W' created | Generated 3406982 items | Pending 72575234 items]
[ID:135| Order 'ZK6YAYYC5R' created | Generated 3436641 items | Pending 72545575 items]
[ID:136| Order '8W2GU3DZFU' created | Generated 3452962 items | Pending 72529254 items]
[ID:137| Order '5K9Y9YDN4M' created | Generated 3464678 items | Pending 72517538 items]
[ID:138| Order '2MRDHDRWZI' created | Generated 3501415 items | Pending 72480801 items]
[ID:139| Order '28A5F18HVZ' created | Generated 3532622 items | Pending 72449594 items]
[ID:140| Order 'CIR5HZFJ50' created | Generated 3565097 items | Pending 72417119 items]
[ID:141| Order '7S78NAW7Q2' created | Generated 3614023 items | Pending 72368193 items]
[ID:142| Order 'YMJCFGHDAK' created | Generated 3662776 items | Pending 72319440 items]
[ID:143| Order 'P3M722KV1B' created | Generated 3697535 items | Pending 72284681 items]
[ID:144| Order 'XLO2IM5FP9' created | Generated 3733871 items | Pending 72248345 items]
[ID:145| Order 'FCFNXZWAT3' created | Generated 3766636 items | Pending 72215580 items]
[ID:146| Order 'D4O6PZBLLK' created | Generated 3778567 items | Pending 72203649 items]
[ID:147| Order 'ABNIG5SRG4' created | Generated 3785458 items | Pending 72196758 items]
[ID:148| Order '0Q4OWGS2T3' created | Generated 3798516 items | Pending 72183700 items]
[ID:149| Order '2IWM2YUXH6' created | Generated 3846589 items | Pending 72135627 items]
[ID:150| Order '04FBXB6E7X' created | Generated 3884766 items | Pending 72097450 items]
[ID:151| Order 'TQ91Z7NQDR' created | Generated 3903133 items | Pending 72079083 items]
[ID:152| Order 'J4CFF8B5RW' created | Generated 3934831 items | Pending 72047385 items]
[ID:153| Order 'WES90AFA46' created | Generated 3957341 items | Pending 72024875 items]
[ID:154| Order 'Z87BNO4TPG' created | Generated 3977876 items | Pending 72004340 items]
[ID:155| Order '440RDDSKQW' created | Generated 4012299 items | Pending 71969917 items]
[ID:156| Order 'WE1HV5IBV2' created | Generated 4021519 items | Pending 71960697 items]
[ID:157| Order 'IY1SFUK47K' created | Generated 4029757 items | Pending 71952459 items]
[ID:158| Order '4YQHQDE64R' created | Generated 4056444 items | Pending 71925772 items]
[ID:159| Order '0KJZV8BUY3' created | Generated 4070043 items | Pending 71912173 items]
[ID:160| Order 'RYOZZZ2AH5' created | Generated 4073670 items | Pending 71908546 items]
[ID:161| Order 'IBP1U1BEPX' created | Generated 4114667 items | Pending 71867549 items]
[ID:162| Order 'CIROBX0N61' created | Generated 4138797 items | Pending 71843419 items]
[ID:163| Order '0ROWWM8AJM' created | Generated 4169339 items | Pending 71812877 items]
[ID:164| Order 'YI271I1BDV' created | Generated 4197919 items | Pending 71784297 items]
[ID:165| Order 'UWZ9I5ILUG' created | Generated 4237321 items | Pending 71744895 items]
[ID:166| Order 'JDT7CHH9K2' created | Generated 4274356 items | Pending 71707860 items]
[ID:167| Order '0MB4M0PQOW' created | Generated 4303023 items | Pending 71679193 items]
[ID:168| Order 'NOKIPE7COQ' created | Generated 4349076 items | Pending 71633140 items]
[ID:169| Order 'CO5JYJ81EP' created | Generated 4372605 items | Pending 71609611 items]
[ID:170| Order 'FLVPEHYDBX' created | Generated 4374684 items | Pending 71607532 items]
[ID:171| Order 'LLB27LOQD0' created | Generated 4384058 items | Pending 71598158 items]
[ID:172| Order 'N8VEPNTEFO' created | Generated 4394198 items | Pending 71588018 items]
[ID:173| Order 'K9X09LAZOB' created | Generated 4431716 items | Pending 71550500 items]
[ID:174| Order '8TUUYAPVZ7' created | Generated 4459377 items | Pending 71522839 items]
[ID:175| Order 'U4126VDRLV' created | Generated 4496737 items | Pending 71485479 items]
[ID:176| Order 'CTQ4JPT25L' created | Generated 4500282 items | Pending 71481934 items]
[ID:177| Order 'IS4NM2XK1L' created | Generated 4546848 items | Pending 71435368 items]
[ID:178| Order 'Z6FJ6RLJ96' created | Generated 4560063 items | Pending 71422153 items]
[ID:179| Order 'NXQRLJIQ01' created | Generated 4587310 items | Pending 71394906 items]
[ID:180| Order 'GJDTN9O1KF' created | Generated 4613822 items | Pending 71368394 items]
[ID:181| Order 'VKJ8OK6JNN' created | Generated 4653773 items | Pending 71328443 items]
[ID:182| Order 'JH412Y56GB' created | Generated 4687245 items | Pending 71294971 items]
[ID:183| Order 'TWPGAE75KD' created | Generated 4690608 items | Pending 71291608 items]
[ID:184| Order 'VXSGQLYVNF' created | Generated 4702859 items | Pending 71279357 items]
[ID:185| Order 'LQR8D2IBXS' created | Generated 4720197 items | Pending 71262019 items]
[ID:186| Order 'BYS9ZQRR39' created | Generated 4724123 items | Pending 71258093 items]
[ID:187| Order '75ROBZ1ZX4' created | Generated 4773712 items | Pending 71208504 items]
[ID:188| Order 'D31MNKAEUV' created | Generated 4807738 items | Pending 71174478 items]
[ID:189| Order '8BX6TUBB5R' created | Generated 4834399 items | Pending 71147817 items]
[ID:190| Order 'M9JL4UR20V' created | Generated 4850778 items | Pending 71131438 items]
[ID:191| Order '53PZMCNKAI' created | Generated 4882244 items | Pending 71099972 items]
[ID:192| Order 'QJUCTTC69K' created | Generated 4917310 items | Pending 71064906 items]
[ID:193| Order 'DB1MR1514M' created | Generated 4932597 items | Pending 71049619 items]
[ID:194| Order 'T6TGBA1QKE' created | Generated 4961748 items | Pending 71020468 items]
[ID:195| Order 'SJUA179ATE' created | Generated 4962218 items | Pending 71019998 items]
[ID:196| Order '6UVZMJYO6Q' created | Generated 4982670 items | Pending 70999546 items]
[ID:197| Order '2AKGZEX9D5' created | Generated 5029871 items | Pending 70952345 items]
[ID:198| Order 'X3PZDKQ1XI' created | Generated 5040124 items | Pending 70942092 items]
[ID:199| Order '6LWH0SHZ42' created | Generated 5092137 items | Pending 70890079 items]
[ID:200| Order 'X8JUVI8SKM' created | Generated 5124833 items | Pending 70857383 items]
[ID:201| Order 'U79DJZDJFS' created | Generated 5130516 items | Pending 70851700 items]
[ID:202| Order 'Y8ZWFJ1T52' created | Generated 5175251 items | Pending 70806965 items]
[ID:203| Order 'NZKOTCC2VU' created | Generated 5220457 items | Pending 70761759 items]
[ID:204| Order 'KLBNMNVRFL' created | Generated 5247051 items | Pending 70735165 items]
[ID:205| Order 'AP932HRYOD' created | Generated 5258673 items | Pending 70723543 items]
[ID:206| Order 'YMXHMEPZBE' created | Generated 5273961 items | Pending 70708255 items]
[ID:207| Order '7JUKV36U2F' created | Generated 5294504 items | Pending 70687712 items]
[ID:208| Order 'XGQU9FFBDM' created | Generated 5344754 items | Pending 70637462 items]
[ID:209| Order 'KLYPIDAONG' created | Generated 5379005 items | Pending 70603211 items]
[ID:210| Order '7GIA1C6FP6' created | Generated 5404112 items | Pending 70578104 items]
[ID:211| Order 'C1CSVOHE52' created | Generated 5423659 items | Pending 70558557 items]
[ID:212| Order 'KZV33GXTDI' created | Generated 5472229 items | Pending 70509987 items]
[ID:213| Order '0OLT3LT46F' created | Generated 5473805 items | Pending 70508411 items]
[ID:214| Order 'X44TAFXM00' created | Generated 5515240 items | Pending 70466976 items]
[ID:215| Order 'NM2B3QL79V' created | Generated 5530461 items | Pending 70451755 items]
[ID:216| Order 'ZZ0DN2U800' created | Generated 5544052 items | Pending 70438164 items]
[ID:217| Order 'LUCAH2CZ1J' created | Generated 5572936 items | Pending 70409280 items]
[ID:218| Order 'ATSD43AXK0' created | Generated 5624656 items | Pending 70357560 items]
[ID:219| Order 'W2SV0CKKBC' created | Generated 5642943 items | Pending 70339273 items]
[ID:220| Order 'RUY3GV914L' created | Generated 5672156 items | Pending 70310060 items]
[ID:221| Order 'PS8UC12NQP' created | Generated 5698384 items | Pending 70283832 items]
[ID:222| Order 'KSBEY87O1D' created | Generated 5698542 items | Pending 70283674 items]
[ID:223| Order '4GPOABJYJX' created | Generated 5740306 items | Pending 70241910 items]
[ID:224| Order 'O4YKMZHQHD' created | Generated 5787780 items | Pending 70194436 items]
[ID:225| Order 'N5E3ZAE64L' created | Generated 5832590 items | Pending 70149626 items]
[ID:226| Order '5B7NI52D2W' created | Generated 5869921 items | Pending 70112295 items]
[ID:227| Order 'GM23XYEKNA' created | Generated 5872156 items | Pending 70110060 items]
[ID:228| Order 'UZYN0NVSRL' created | Generated 5906462 items | Pending 70075754 items]
[ID:229| Order '5Z99UGT7M5' created | Generated 5925452 items | Pending 70056764 items]
[ID:230| Order 'D3082M1AI6' created | Generated 5941158 items | Pending 70041058 items]
[ID:231| Order 'OFLPUZYLJS' created | Generated 5944978 items | Pending 70037238 items]
[ID:232| Order 'KGTJ0CXTD7' created | Generated 5971156 items | Pending 70011060 items]
[ID:233| Order 'K9KEVQ2IZA' created | Generated 6014721 items | Pending 69967495 items]
[ID:234| Order 'BESKZLUKOO' created | Generated 6042026 items | Pending 69940190 items]
[ID:235| Order 'QUGMEQ7AZZ' created | Generated 6073165 items | Pending 69909051 items]
[ID:236| Order '6CC9OT91IG' created | Generated 6118600 items | Pending 69863616 items]
[ID:237| Order 'NL9JU7T9CU' created | Generated 6127588 items | Pending 69854628 items]
[ID:238| Order '315D8L9PG2' created | Generated 6166885 items | Pending 69815331 items]
[ID:239| Order '7CYVUBEIP4' created | Generated 6206740 items | Pending 69775476 items]
[ID:240| Order 'YYN4QDG3FK' created | Generated 6229537 items | Pending 69752679 items]
[ID:241| Order '5ZB9DTYPSU' created | Generated 6247021 items | Pending 69735195 items]
[ID:242| Order '7YUJ8PKONB' created | Generated 6291476 items | Pending 69690740 items]
[ID:243| Order 'YWK7ADGEAI' created | Generated 6309901 items | Pending 69672315 items]
[ID:244| Order '6I793FA2QF' created | Generated 6319531 items | Pending 69662685 items]
[ID:245| Order '3YJ5KEZ9TB' created | Generated 6348318 items | Pending 69633898 items]
[ID:246| Order 'SMT9R99PWG' created | Generated 6374290 items | Pending 69607926 items]
[ID:247| Order 'IWWQPR0D6R' created | Generated 6415612 items | Pending 69566604 items]
[ID:248| Order 'DYHCJ9CUWZ' created | Generated 6442664 items | Pending 69539552 items]
[ID:249| Order 'L41MFM0DP6' created | Generated 6485261 items | Pending 69496955 items]
[ID:250| Order '1TCVYIAYVN' created | Generated 6537085 items | Pending 69445131 items]
[ID:251| Order 'MI28ZK0TMC' created | Generated 6583053 items | Pending 69399163 items]
[ID:252| Order 'L6T8IMX0WI' created | Generated 6586206 items | Pending 69396010 items]
[ID:253| Order 'ZZ3R2POBZD' created | Generated 6605896 items | Pending 69376320 items]
[ID:254| Order 'ADL73K9GI3' created | Generated 6633758 items | Pending 69348458 items]
[ID:255| Order 'EJV3DSUY81' created | Generated 6653839 items | Pending 69328377 items]
[ID:256| Order 'SK4D901ACA' created | Generated 6688591 items | Pending 69293625 items]
[ID:257| Order 'ZJT7OWVU7E' created | Generated 6722899 items | Pending 69259317 items]
[ID:258| Order '8WWSMO7IC8' created | Generated 6737936 items | Pending 69244280 items]
[ID:259| Order 'I4DQQQBK3E' created | Generated 6760196 items | Pending 69222020 items]
[ID:260| Order 'IGD45X5NFA' created | Generated 6769824 items | Pending 69212392 items]
[ID:261| Order '0J8266UBGE' created | Generated 6812893 items | Pending 69169323 items]
[ID:262| Order 'VD6PS08BSM' created | Generated 6816950 items | Pending 69165266 items]
[ID:263| Order 'DSO14IAZQA' created | Generated 6830896 items | Pending 69151320 items]
[ID:264| Order '3FF6BUGPPJ' created | Generated 6846515 items | Pending 69135701 items]
[ID:265| Order 'KZJ9J45G1O' created | Generated 6852413 items | Pending 69129803 items]
[ID:266| Order 'H0UEHOI4UO' created | Generated 6897311 items | Pending 69084905 items]
[ID:267| Order 'UFVTKV6SXE' created | Generated 6936273 items | Pending 69045943 items]
[ID:268| Order 'K2L7UL5BB8' created | Generated 6959177 items | Pending 69023039 items]
[ID:269| Order 'DK87FE4JG6' created | Generated 6968272 items | Pending 69013944 items]
[ID:270| Order '9XX1Y85FWQ' created | Generated 7000664 items | Pending 68981552 items]
[ID:271| Order '6AQCE29BKZ' created | Generated 7018812 items | Pending 68963404 items]
[ID:272| Order 'Q7033ZAIJZ' created | Generated 7029120 items | Pending 68953096 items]
[ID:273| Order 'MN6BUTS9V7' created | Generated 7050366 items | Pending 68931850 items]
[ID:274| Order '029Q9V7S6P' created | Generated 7052141 items | Pending 68930075 items]
[ID:275| Order '43RPO8H4YZ' created | Generated 7082730 items | Pending 68899486 items]
[ID:276| Order 'EPO1Y7M86F' created | Generated 7108288 items | Pending 68873928 items]
[ID:277| Order '34YIESHA3M' created | Generated 7130207 items | Pending 68852009 items]
[ID:278| Order 'QNTDY67CX1' created | Generated 7184412 items | Pending 68797804 items]
[ID:279| Order 'OV6VTD4FMH' created | Generated 7219730 items | Pending 68762486 items]
[ID:280| Order '8ELPIYO9U7' created | Generated 7251685 items | Pending 68730531 items]
[ID:281| Order '7LPIMYVCN3' created | Generated 7267160 items | Pending 68715056 items]
[ID:282| Order 'XAWN41497C' created | Generated 7308979 items | Pending 68673237 items]
[ID:283| Order '4HJ9B7YG23' created | Generated 7333859 items | Pending 68648357 items]
[ID:284| Order 'J4ATE1B591' created | Generated 7357244 items | Pending 68624972 items]
[ID:285| Order 'B0EGTS1HNB' created | Generated 7400448 items | Pending 68581768 items]
[ID:286| Order 'OJQXK6JMF8' created | Generated 7418823 items | Pending 68563393 items]
[ID:287| Order 'QR7DNBGCUW' created | Generated 7442308 items | Pending 68539908 items]
[ID:288| Order '0SKVEVUXYB' created | Generated 7481963 items | Pending 68500253 items]
[ID:289| Order '66B3TBL2O6' created | Generated 7498419 items | Pending 68483797 items]
[ID:290| Order '0FB6GOESAO' created | Generated 7512509 items | Pending 68469707 items]
[ID:291| Order 'HSO7WPIFIT' created | Generated 7546937 items | Pending 68435279 items]
[ID:292| Order '7BEZGRIYL2' created | Generated 7570859 items | Pending 68411357 items]
[ID:293| Order 'H936QDFTWM' created | Generated 7604932 items | Pending 68377284 items]
[ID:294| Order '66L4GLIEIU' created | Generated 7630383 items | Pending 68351833 items]
[ID:295| Order 'NI7SLTPIHW' created | Generated 7666978 items | Pending 68315238 items]
[ID:296| Order '5G2QUDXUD6' created | Generated 7701980 items | Pending 68280236 items]
[ID:297| Order '0OXZLX2XJ6' created | Generated 7703068 items | Pending 68279148 items]
[ID:298| Order 'K0X96UM12W' created | Generated 7712526 items | Pending 68269690 items]
[ID:299| Order 'QQYTW4TXWM' created | Generated 7718783 items | Pending 68263433 items]
[ID:300| Order 'Q554MPMMNV' created | Generated 7724703 items | Pending 68257513 items]
[ID:301| Order 'W5QFB4NDYJ' created | Generated 7768773 items | Pending 68213443 items]
[ID:302| Order '4JBWALA1FF' created | Generated 7809980 items | Pending 68172236 items]
[ID:303| Order 'Q9ZA5HFW97' created | Generated 7851119 items | Pending 68131097 items]
[ID:304| Order 'LGX729UV1X' created | Generated 7892774 items | Pending 68089442 items]
[ID:305| Order 'Y05JAF90T4' created | Generated 7901992 items | Pending 68080224 items]
[ID:306| Order 'YK1LO3GJGZ' created | Generated 7904708 items | Pending 68077508 items]
[ID:307| Order '6B418ZPXW9' created | Generated 7931257 items | Pending 68050959 items]
[ID:308| Order 'EQZSQ5NILU' created | Generated 7943311 items | Pending 68038905 items]
[ID:309| Order 'MJKBYGOMYK' created | Generated 7960841 items | Pending 68021375 items]
[ID:310| Order 'X8TC9EOSG5' created | Generated 8002714 items | Pending 67979502 items]
[ID:311| Order 'YN0TKEE26D' created | Generated 8018607 items | Pending 67963609 items]
[ID:312| Order '0FGK5EBHIX' created | Generated 8019987 items | Pending 67962229 items]
[ID:313| Order 'HH1IK0G0MS' created | Generated 8035836 items | Pending 67946380 items]
[ID:314| Order '2FZQJUQ6RO' created | Generated 8049078 items | Pending 67933138 items]
[ID:315| Order 'AICVV23MJK' created | Generated 8081535 items | Pending 67900681 items]
[ID:316| Order 'R1X2FKH2UR' created | Generated 8098188 items | Pending 67884028 items]
[ID:317| Order 'XOLIMVAV8K' created | Generated 8129548 items | Pending 67852668 items]
[ID:318| Order 'EY4N4JLVYP' created | Generated 8169894 items | Pending 67812322 items]
[ID:319| Order '7ZQZCXLENZ' created | Generated 8185491 items | Pending 67796725 items]
[ID:320| Order 'N52VLRE1YB' created | Generated 8198303 items | Pending 67783913 items]
[ID:321| Order 'IUBFF98A2Z' created | Generated 8220967 items | Pending 67761249 items]
[ID:322| Order 'UXHV6IBSII' created | Generated 8233715 items | Pending 67748501 items]
[ID:323| Order 'M2WPMTPD5L' created | Generated 8263051 items | Pending 67719165 items]
[ID:324| Order 'RZ2ZEOB2DP' created | Generated 8305966 items | Pending 67676250 items]
[ID:325| Order 'MPPHOWLMS1' created | Generated 8345922 items | Pending 67636294 items]
[ID:326| Order 'BOY38K4CRK' created | Generated 8366652 items | Pending 67615564 items]
[ID:327| Order 'WKGKGD95RJ' created | Generated 8374766 items | Pending 67607450 items]
[ID:328| Order 'LDXJFO11LN' created | Generated 8389893 items | Pending 67592323 items]
[ID:329| Order 'HZXA3F0DBK' created | Generated 8411352 items | Pending 67570864 items]
[ID:330| Order 'TNB58SPNEC' created | Generated 8429319 items | Pending 67552897 items]
[ID:331| Order 'H1TLKHN2CD' created | Generated 8446990 items | Pending 67535226 items]
[ID:332| Order 'M20V930QNF' created | Generated 8475478 items | Pending 67506738 items]
[ID:333| Order 'KV7SQM71MC' created | Generated 8500594 items | Pending 67481622 items]
[ID:334| Order 'HYOR2KIX4D' created | Generated 8521830 items | Pending 67460386 items]
[ID:335| Order 'SJ440M4ILT' created | Generated 8525092 items | Pending 67457124 items]
[ID:336| Order 'TV3ZMRKO10' created | Generated 8564911 items | Pending 67417305 items]
[ID:337| Order 'ANB41MBNTA' created | Generated 8603662 items | Pending 67378554 items]
[ID:338| Order 'HOCXG7FH29' created | Generated 8609745 items | Pending 67372471 items]
[ID:339| Order '97SDX9VC96' created | Generated 8650795 items | Pending 67331421 items]
[ID:340| Order 'P30ITMOTDA' created | Generated 8676253 items | Pending 67305963 items]
[ID:341| Order 'LIOLGRHXXO' created | Generated 8703676 items | Pending 67278540 items]
[ID:342| Order '4XRE7CVYOH' created | Generated 8718852 items | Pending 67263364 items]
[ID:343| Order 'PI2J4BNR3Z' created | Generated 8720960 items | Pending 67261256 items]
[ID:344| Order '0PYD25HPKQ' created | Generated 8761130 items | Pending 67221086 items]
[ID:345| Order 'QSAPJW0JEB' created | Generated 8784066 items | Pending 67198150 items]
[ID:346| Order '2VBRR4CVEQ' created | Generated 8819226 items | Pending 67162990 items]
[ID:347| Order 'APNM3TQ988' created | Generated 8832420 items | Pending 67149796 items]
[ID:348| Order '0RQ1D7LRXT' created | Generated 8837111 items | Pending 67145105 items]
[ID:349| Order 'WYT311M0TO' created | Generated 8852421 items | Pending 67129795 items]
[ID:350| Order 'EZAGKP1UAW' created | Generated 8865605 items | Pending 67116611 items]
[ID:351| Order 'PDO58GNB5V' created | Generated 8895081 items | Pending 67087135 items]
[ID:352| Order 'FZY28D87RB' created | Generated 8907777 items | Pending 67074439 items]
[ID:353| Order 'HP9SNTCUZO' created | Generated 8949422 items | Pending 67032794 items]
[ID:354| Order 'GX7ZCTQFWL' created | Generated 8963418 items | Pending 67018798 items]
[ID:355| Order 'E6L5W12586' created | Generated 8985006 items | Pending 66997210 items]
[ID:356| Order '78A5GR7UE2' created | Generated 8994592 items | Pending 66987624 items]
[ID:357| Order 'F620T9FOMY' created | Generated 9010579 items | Pending 66971637 items]
[ID:358| Order '7RCJ2BB3OM' created | Generated 9023089 items | Pending 66959127 items]
[ID:359| Order 'WKA26F1ASU' created | Generated 9038884 items | Pending 66943332 items]
[ID:360| Order 'BXBHYA01G6' created | Generated 9060968 items | Pending 66921248 items]
[ID:361| Order '5UX829FHSV' created | Generated 9075515 items | Pending 66906701 items]
[ID:362| Order 'IB0QH5OUQ8' created | Generated 9079720 items | Pending 66902496 items]
[ID:363| Order 'FQVOHQEP7S' created | Generated 9127490 items | Pending 66854726 items]
[ID:364| Order 'OK8ZCYP9AT' created | Generated 9155235 items | Pending 66826981 items]
[ID:365| Order 'EFYBJYOLR2' created | Generated 9187868 items | Pending 66794348 items]
[ID:366| Order 'FW2H37C2CV' created | Generated 9220723 items | Pending 66761493 items]
[ID:367| Order 'ZJ5N71FQ7C' created | Generated 9252561 items | Pending 66729655 items]
[ID:368| Order 'XZKX1R9WRF' created | Generated 9277703 items | Pending 66704513 items]
[ID:369| Order 'XPL4IK09YI' created | Generated 9309170 items | Pending 66673046 items]
[ID:370| Order '7UAM1LNMIC' created | Generated 9319828 items | Pending 66662388 items]
[ID:371| Order 'R3VKPQMIMK' created | Generated 9355060 items | Pending 66627156 items]
[ID:372| Order 'INKSP2G8EM' created | Generated 9373771 items | Pending 66608445 items]
[ID:373| Order '3A8GM69DER' created | Generated 9417399 items | Pending 66564817 items]
[ID:374| Order '43IZ4IJIE3' created | Generated 9466556 items | Pending 66515660 items]
[ID:375| Order '2PJAG0SJJI' created | Generated 9487616 items | Pending 66494600 items]
[ID:376| Order 'IM1GX6856L' created | Generated 9494929 items | Pending 66487287 items]
[ID:377| Order '6P8PCQ36OY' created | Generated 9510941 items | Pending 66471275 items]
[ID:378| Order 'HN4WO1RQN5' created | Generated 9556614 items | Pending 66425602 items]
[ID:379| Order '6T8SH5006E' created | Generated 9583851 items | Pending 66398365 items]
[ID:380| Order 'SPX1NAODO1' created | Generated 9590300 items | Pending 66391916 items]
[ID:381| Order '9X7R88RJN8' created | Generated 9601096 items | Pending 66381120 items]
[ID:382| Order 'M1XRNNKB2L' created | Generated 9622899 items | Pending 66359317 items]
[ID:383| Order 'J34VIAYO18' created | Generated 9631143 items | Pending 66351073 items]
[ID:384| Order 'U90DPNTR16' created | Generated 9639176 items | Pending 66343040 items]
[ID:385| Order 'RCW4BP42CP' created | Generated 9653364 items | Pending 66328852 items]
[ID:386| Order 'E2X0NFFP4X' created | Generated 9683061 items | Pending 66299155 items]
[ID:387| Order '2QQ89OVAZF' created | Generated 9706557 items | Pending 66275659 items]
[ID:388| Order 'QTBRXE3XC6' created | Generated 9716677 items | Pending 66265539 items]
[ID:389| Order 'BJRLQZXMVE' created | Generated 9743843 items | Pending 66238373 items]
[ID:390| Order 'ENR6GIVWG6' created | Generated 9749561 items | Pending 66232655 items]
[ID:391| Order '4SHASJXQL3' created | Generated 9790160 items | Pending 66192056 items]
[ID:392| Order 'AO5MC6TP3K' created | Generated 9818130 items | Pending 66164086 items]
[ID:393| Order 'WJKZGW2L1A' created | Generated 9818540 items | Pending 66163676 items]
[ID:394| Order '6NY2WO09TV' created | Generated 9848529 items | Pending 66133687 items]
[ID:395| Order '7U556ZU3ZD' created | Generated 9878382 items | Pending 66103834 items]
[ID:396| Order 'VIBPTF5DU7' created | Generated 9904635 items | Pending 66077581 items]
[ID:397| Order 'XPIGDEU75X' created | Generated 9914277 items | Pending 66067939 items]
[ID:398| Order 'ADQV1PMGUW' created | Generated 9951827 items | Pending 66030389 items]
[ID:399| Order '6BHYNHX533' created | Generated 9961599 items | Pending 66020617 items]
[ID:400| Order 'N9QB7TQQ1H' created | Generated 9986316 items | Pending 65995900 items]
[ID:401| Order '0RPPGV2QPK' created | Generated 9994851 items | Pending 65987365 items]
[ID:402| Order 'BTALS5VH80' created | Generated 10037502 items | Pending 65944714 items]
[ID:403| Order 'DI8HEGKWZQ' created | Generated 10070175 items | Pending 65912041 items]
[ID:404| Order 'FSRJ7IAMYR' created | Generated 10091721 items | Pending 65890495 items]
[ID:405| Order 'XICTHSNG3A' created | Generated 10132046 items | Pending 65850170 items]
[ID:406| Order '5UQRHL51A1' created | Generated 10134811 items | Pending 65847405 items]
[ID:407| Order '2EBW9JQ74T' created | Generated 10167240 items | Pending 65814976 items]
[ID:408| Order 'OAPFYHS24D' created | Generated 10207383 items | Pending 65774833 items]
[ID:409| Order 'O8PODHVV8D' created | Generated 10225111 items | Pending 65757105 items]
[ID:410| Order 'S8D5IP3WAT' created | Generated 10267760 items | Pending 65714456 items]
[ID:411| Order 'VPFA4AEJR3' created | Generated 10280500 items | Pending 65701716 items]
[ID:412| Order 'UDIIHI5SDH' created | Generated 10327493 items | Pending 65654723 items]
[ID:413| Order 'UFVSWU73IZ' created | Generated 10329887 items | Pending 65652329 items]
[ID:414| Order 'XQMMPT8CQK' created | Generated 10337570 items | Pending 65644646 items]
[ID:415| Order 'FXHYFSKHOO' created | Generated 10372989 items | Pending 65609227 items]
[ID:416| Order 'MVQ2379P58' created | Generated 10395679 items | Pending 65586537 items]
[ID:417| Order 'C5YWT5071N' created | Generated 10415888 items | Pending 65566328 items]
[ID:418| Order 'F8ZYZ48WAW' created | Generated 10461714 items | Pending 65520502 items]
[ID:419| Order 'VYVZTZJUS1' created | Generated 10463642 items | Pending 65518574 items]
[ID:420| Order 'A2GCF2QJQW' created | Generated 10489133 items | Pending 65493083 items]
[ID:421| Order '23WTKSC9DJ' created | Generated 10501523 items | Pending 65480693 items]
[ID:422| Order 'BQ0H9DBJ7T' created | Generated 10514756 items | Pending 65467460 items]
[ID:423| Order '2SB9BKK13O' created | Generated 10548758 items | Pending 65433458 items]
[ID:424| Order 'YFN16E14DY' created | Generated 10572466 items | Pending 65409750 items]
[ID:425| Order 'IT93RFZG1A' created | Generated 10607549 items | Pending 65374667 items]
[ID:426| Order '4NNV4FHLMO' created | Generated 10619666 items | Pending 65362550 items]
[ID:427| Order 'OTJ1T5883A' created | Generated 10632813 items | Pending 65349403 items]
[ID:428| Order 'QHQ94V8HT5' created | Generated 10645260 items | Pending 65336956 items]
[ID:429| Order 'JKXBA94LB4' created | Generated 10690404 items | Pending 65291812 items]
[ID:430| Order 'R9HNS1VM8Q' created | Generated 10697582 items | Pending 65284634 items]
[ID:431| Order 'IMOND0WQEM' created | Generated 10735870 items | Pending 65246346 items]
[ID:432| Order 'KVQXINH26E' created | Generated 10771993 items | Pending 65210223 items]
[ID:433| Order 'KD2EBVSS28' created | Generated 10801311 items | Pending 65180905 items]
[ID:434| Order '5M019YI020' created | Generated 10806952 items | Pending 65175264 items]
[ID:435| Order '19CZLLM4LC' created | Generated 10853681 items | Pending 65128535 items]
[ID:436| Order 'G0N5VYNHUV' created | Generated 10900318 items | Pending 65081898 items]
[ID:437| Order 'YK39MZBJ1Y' created | Generated 10922185 items | Pending 65060031 items]
[ID:438| Order 'GMWTOUMRA0' created | Generated 10949337 items | Pending 65032879 items]
[ID:439| Order '72ZYRTN23K' created | Generated 10981118 items | Pending 65001098 items]
[ID:440| Order 'F3LVW9HD3J' created | Generated 10988280 items | Pending 64993936 items]
[ID:441| Order 'SDNVARL8DX' created | Generated 11021820 items | Pending 64960396 items]
[ID:442| Order '4PARGATO9B' created | Generated 11057339 items | Pending 64924877 items]
[ID:443| Order '6FZFILTUPF' created | Generated 11063050 items | Pending 64919166 items]
[ID:444| Order 'Z1KXVN8WBH' created | Generated 11093499 items | Pending 64888717 items]
[ID:445| Order 'S0ZG5IIEXT' created | Generated 11106178 items | Pending 64876038 items]
[ID:446| Order 'X5FQ9GCAWM' created | Generated 11111262 items | Pending 64870954 items]
[ID:447| Order 'C6ZC8BX5V0' created | Generated 11128731 items | Pending 64853485 items]
[ID:448| Order 'R3B84F51NS' created | Generated 11169408 items | Pending 64812808 items]
[ID:449| Order '2H9XSADYWA' created | Generated 11202062 items | Pending 64780154 items]
[ID:450| Order 'WNLGZW7C24' created | Generated 11212826 items | Pending 64769390 items]
[ID:451| Order 'Q9PBFQ0WO2' created | Generated 11232336 items | Pending 64749880 items]
[ID:452| Order 'QE3CNAP4UP' created | Generated 11237111 items | Pending 64745105 items]
[ID:453| Order 'DO6JOMGMVP' created | Generated 11261889 items | Pending 64720327 items]
[ID:454| Order 'VK7ENLN8FD' created | Generated 11278376 items | Pending 64703840 items]
[ID:455| Order 'ZODLP1J0N4' created | Generated 11281174 items | Pending 64701042 items]
[ID:456| Order 'FTDAWJE57V' created | Generated 11315829 items | Pending 64666387 items]
[ID:457| Order 'ZO8V5L10A3' created | Generated 11328051 items | Pending 64654165 items]
[ID:458| Order 'QU4HVNC4NK' created | Generated 11331548 items | Pending 64650668 items]
[ID:459| Order 'A9F9T617SS' created | Generated 11378544 items | Pending 64603672 items]
[ID:460| Order '2CX8J10V3V' created | Generated 11391438 items | Pending 64590778 items]
[ID:461| Order 'OOY3RNW960' created | Generated 11393665 items | Pending 64588551 items]
[ID:462| Order 'JXEPF9D7AL' created | Generated 11421091 items | Pending 64561125 items]
[ID:463| Order 'YK5N8XFYMC' created | Generated 11425555 items | Pending 64556661 items]
[ID:464| Order 'AN2YE3G0LO' created | Generated 11447513 items | Pending 64534703 items]
[ID:465| Order 'IEV3XGYK3S' created | Generated 11455003 items | Pending 64527213 items]
[ID:466| Order 'HT0L2EI74W' created | Generated 11459005 items | Pending 64523211 items]
[ID:467| Order 'HIGSLVA49W' created | Generated 11463481 items | Pending 64518735 items]
[ID:468| Order 'QXGLQHLII7' created | Generated 11469211 items | Pending 64513005 items]
[ID:469| Order 'X8VBMT2FS6' created | Generated 11498317 items | Pending 64483899 items]
[ID:470| Order '80WV8EL48B' created | Generated 11515580 items | Pending 64466636 items]
[ID:471| Order '55WMUGX1JW' created | Generated 11562681 items | Pending 64419535 items]
[ID:472| Order 'GBRIWGNVAL' created | Generated 11571288 items | Pending 64410928 items]
[ID:473| Order 'AUYPMKDJOP' created | Generated 11608680 items | Pending 64373536 items]
[ID:474| Order '31N6P9NM4U' created | Generated 11650592 items | Pending 64331624 items]
[ID:475| Order 'J1YWEU98NT' created | Generated 11679829 items | Pending 64302387 items]
[ID:476| Order 'OOEPJRV4AA' created | Generated 11707417 items | Pending 64274799 items]
[ID:477| Order '2LKY93PICV' created | Generated 11726835 items | Pending 64255381 items]
[ID:478| Order 'MAZ29D2POP' created | Generated 11776098 items | Pending 64206118 items]
[ID:479| Order 'IFAQHEEGUR' created | Generated 11810596 items | Pending 64171620 items]
[ID:480| Order '853A0XF2Z9' created | Generated 11817618 items | Pending 64164598 items]
[ID:481| Order 'ACBL16HYVP' created | Generated 11831979 items | Pending 64150237 items]
[ID:482| Order 'HKS6JY92SY' created | Generated 11877545 items | Pending 64104671 items]
[ID:483| Order '91L5U4DX97' created | Generated 11881804 items | Pending 64100412 items]
[ID:484| Order 'RFDWF7HLZQ' created | Generated 11898981 items | Pending 64083235 items]
[ID:485| Order 'SQCI5BH4CJ' created | Generated 11943195 items | Pending 64039021 items]
[ID:486| Order 'F08867ILF5' created | Generated 11978188 items | Pending 64004028 items]
[ID:487| Order 'QUS311EVRP' created | Generated 12016060 items | Pending 63966156 items]
[ID:488| Order 'WJGLTTSO4W' created | Generated 12050334 items | Pending 63931882 items]
[ID:489| Order '3HBPAM7S39' created | Generated 12085795 items | Pending 63896421 items]
[ID:490| Order '0G532K6YJL' created | Generated 12136448 items | Pending 63845768 items]
[ID:491| Order 'AYECZL6D3Z' created | Generated 12148444 items | Pending 63833772 items]
[ID:492| Order 'X2UK5VOC61' created | Generated 12157987 items | Pending 63824229 items]
[ID:493| Order 'FJ7PQER3AQ' created | Generated 12198605 items | Pending 63783611 items]
[ID:494| Order 'KPF5PD49N5' created | Generated 12227678 items | Pending 63754538 items]
[ID:495| Order 'O747EBWBHX' created | Generated 12234346 items | Pending 63747870 items]
[ID:496| Order 'C6P5L6X9PI' created | Generated 12277924 items | Pending 63704292 items]
[ID:497| Order '003PMVF0ZW' created | Generated 12282763 items | Pending 63699453 items]
[ID:498| Order 'F32R2P95PR' created | Generated 12295027 items | Pending 63687189 items]
[ID:499| Order '8IJZL2W26N' created | Generated 12340770 items | Pending 63641446 items]
[ID:500| Order 'SKY87CNAJJ' created | Generated 12379981 items | Pending 63602235 items]
[ID:501| Order 'P4K7H5MFXT' created | Generated 12404097 items | Pending 63578119 items]
[ID:502| Order '5ZDDPRAV3D' created | Generated 12430026 items | Pending 63552190 items]
[ID:503| Order '0DJ0FVJFMI' created | Generated 12446382 items | Pending 63535834 items]
[ID:504| Order '5CCUWJ37AH' created | Generated 12498396 items | Pending 63483820 items]
[ID:505| Order 'R5U9MDLPOZ' created | Generated 12538275 items | Pending 63443941 items]
[ID:506| Order 'HB6MJ9N0PW' created | Generated 12579268 items | Pending 63402948 items]
[ID:507| Order 'V40XZLFPFD' created | Generated 12605039 items | Pending 63377177 items]
[ID:508| Order 'QTF94PO56S' created | Generated 12614661 items | Pending 63367555 items]
[ID:509| Order 'U9LJQ4PECE' created | Generated 12644460 items | Pending 63337756 items]
[ID:510| Order '4LLK5YC1Y1' created | Generated 12690965 items | Pending 63291251 items]
[ID:511| Order 'ZGXP3VRU3Y' created | Generated 12735983 items | Pending 63246233 items]
[ID:512| Order 'GFPLMF3M2S' created | Generated 12762188 items | Pending 63220028 items]
[ID:513| Order '67E3YB467G' created | Generated 12775157 items | Pending 63207059 items]
[ID:514| Order 'CXSQXLQFBY' created | Generated 12812303 items | Pending 63169913 items]
[ID:515| Order 'P2CU0SFP3K' created | Generated 12821180 items | Pending 63161036 items]
[ID:516| Order '0RPQWS4LN2' created | Generated 12852381 items | Pending 63129835 items]
[ID:517| Order 'AFH9UMGLBA' created | Generated 12872739 items | Pending 63109477 items]
[ID:518| Order '17ULCA5APK' created | Generated 12922510 items | Pending 63059706 items]
[ID:519| Order 'ZDSSIU11T0' created | Generated 12923144 items | Pending 63059072 items]
[ID:520| Order '2FT5LQ2ILW' created | Generated 12963232 items | Pending 63018984 items]
[ID:521| Order 'C7OYC2CL87' created | Generated 12981085 items | Pending 63001131 items]
[ID:522| Order 'T111AZFEEI' created | Generated 12995675 items | Pending 62986541 items]
[ID:523| Order 'EB71BF5073' created | Generated 13022182 items | Pending 62960034 items]
[ID:524| Order 'WEKGSMDJ6Q' created | Generated 13028750 items | Pending 62953466 items]
[ID:525| Order 'CC6O5FVW82' created | Generated 13056223 items | Pending 62925993 items]
[ID:526| Order 'NWQ7OBUZXW' created | Generated 13078083 items | Pending 62904133 items]
[ID:527| Order 'AG78JGS2HY' created | Generated 13092854 items | Pending 62889362 items]
[ID:528| Order '6SNI0CWCBH' created | Generated 13117773 items | Pending 62864443 items]
[ID:529| Order 'Z5YBD6WZVL' created | Generated 13167526 items | Pending 62814690 items]
[ID:530| Order 'VLP17ZOKBS' created | Generated 13200796 items | Pending 62781420 items]
[ID:531| Order 'E01C0ASFSO' created | Generated 13226929 items | Pending 62755287 items]
[ID:532| Order 'QBJANKBTJR' created | Generated 13270071 items | Pending 62712145 items]
[ID:533| Order '6US5UJ9XGF' created | Generated 13287838 items | Pending 62694378 items]
[ID:534| Order 'NP3LG5APLX' created | Generated 13322078 items | Pending 62660138 items]
[ID:535| Order 'MSL4VH515W' created | Generated 13355975 items | Pending 62626241 items]
[ID:536| Order 'F8J3JDF0NY' created | Generated 13402043 items | Pending 62580173 items]
[ID:537| Order 'LX3GSG1S09' created | Generated 13410145 items | Pending 62572071 items]
[ID:538| Order '6KTWA2IW9L' created | Generated 13440575 items | Pending 62541641 items]
[ID:539| Order '271OKMXEO1' created | Generated 13451663 items | Pending 62530553 items]
[ID:540| Order 'MT7ZJNDJQD' created | Generated 13498559 items | Pending 62483657 items]
[ID:541| Order '2CE0VQ1IMG' created | Generated 13499169 items | Pending 62483047 items]
[ID:542| Order '3CBBFEGKV6' created | Generated 13524712 items | Pending 62457504 items]
[ID:543| Order 'WDZR1JFN1G' created | Generated 13536848 items | Pending 62445368 items]
[ID:544| Order 'H0S8L40OCW' created | Generated 13560412 items | Pending 62421804 items]
[ID:545| Order 'REXEDQJSGR' created | Generated 13579609 items | Pending 62402607 items]
[ID:546| Order 'SGM7EEKULJ' created | Generated 13630657 items | Pending 62351559 items]
[ID:547| Order 'MUJ2TQV7U6' created | Generated 13652275 items | Pending 62329941 items]
[ID:548| Order 'F7BC7HFBIH' created | Generated 13705294 items | Pending 62276922 items]
[ID:549| Order 'VR7ICFWP4G' created | Generated 13718344 items | Pending 62263872 items]
[ID:550| Order '5HWAS4YH01' created | Generated 13724989 items | Pending 62257227 items]
[ID:551| Order '41ZZZ4421E' created | Generated 13726869 items | Pending 62255347 items]
[ID:552| Order '5N9HTWA2TA' created | Generated 13773559 items | Pending 62208657 items]
[ID:553| Order 'ADVPA59VTU' created | Generated 13785270 items | Pending 62196946 items]
[ID:554| Order '2V07F4I6HA' created | Generated 13806936 items | Pending 62175280 items]
[ID:555| Order 'QQLSH7A89K' created | Generated 13816524 items | Pending 62165692 items]
[ID:556| Order 'RRXIV2R39W' created | Generated 13856867 items | Pending 62125349 items]
[ID:557| Order '8P5GZ3SF3D' created | Generated 13871560 items | Pending 62110656 items]
[ID:558| Order 'Y2D9ZX6445' created | Generated 13921223 items | Pending 62060993 items]
[ID:559| Order 'U74OVSQZJY' created | Generated 13965039 items | Pending 62017177 items]
[ID:560| Order 'Z73HZ0QZ87' created | Generated 13977638 items | Pending 62004578 items]
[ID:561| Order 'EPS5PCP6BY' created | Generated 13996807 items | Pending 61985409 items]
[ID:562| Order '6J104ZID9O' created | Generated 14006946 items | Pending 61975270 items]
[ID:563| Order 'ZW05493NNR' created | Generated 14034748 items | Pending 61947468 items]
[ID:564| Order '78KINCRMYK' created | Generated 14064648 items | Pending 61917568 items]
[ID:565| Order 'Z3HLQ8G4R3' created | Generated 14097165 items | Pending 61885051 items]
[ID:566| Order 'V42OPKFJYB' created | Generated 14102375 items | Pending 61879841 items]
[ID:567| Order 'UG7XLBXZV7' created | Generated 14139625 items | Pending 61842591 items]
[ID:568| Order 'TQ1WGBWQ63' created | Generated 14151511 items | Pending 61830705 items]
[ID:569| Order 'F1ULKZVPXM' created | Generated 14174132 items | Pending 61808084 items]
[ID:570| Order '72INSRX1M4' created | Generated 14196587 items | Pending 61785629 items]
[ID:571| Order '5C1H6RVAHL' created | Generated 14237839 items | Pending 61744377 items]
[ID:572| Order 'T7DFP1ZEZ7' created | Generated 14270492 items | Pending 61711724 items]
[ID:573| Order '4CQSA3KR3N' created | Generated 14293482 items | Pending 61688734 items]
[ID:574| Order '56D0UC8HXG' created | Generated 14316098 items | Pending 61666118 items]
[ID:575| Order '4IKTD74BWC' created | Generated 14328091 items | Pending 61654125 items]
[ID:576| Order 'P3ZSKB4UMJ' created | Generated 14350612 items | Pending 61631604 items]
[ID:577| Order 'H67R9FH26U' created | Generated 14386263 items | Pending 61595953 items]
[ID:578| Order 'S4FBMUDL04' created | Generated 14432596 items | Pending 61549620 items]
[ID:579| Order '7LZSV3NJDK' created | Generated 14480551 items | Pending 61501665 items]
[ID:580| Order '26T51RP5D9' created | Generated 14497201 items | Pending 61485015 items]
[ID:581| Order 'YWVXE8BNUA' created | Generated 14522298 items | Pending 61459918 items]
[ID:582| Order 'IL3H8MVHKL' created | Generated 14538389 items | Pending 61443827 items]
[ID:583| Order '3AORG7SDP1' created | Generated 14540486 items | Pending 61441730 items]
[ID:584| Order '4919MBM2O6' created | Generated 14586202 items | Pending 61396014 items]
[ID:585| Order 'QA6YIQ06WS' created | Generated 14613904 items | Pending 61368312 items]
[ID:586| Order 'QPONLIV3WK' created | Generated 14639808 items | Pending 61342408 items]
[ID:587| Order 'QV421M4OFI' created | Generated 14672220 items | Pending 61309996 items]
[ID:588| Order 'Z4N4BHPW0L' created | Generated 14680189 items | Pending 61302027 items]
[ID:589| Order '564WG0QX76' created | Generated 14688952 items | Pending 61293264 items]
[ID:590| Order 'PLQRCDWZBI' created | Generated 14703475 items | Pending 61278741 items]
[ID:591| Order 'VBVJQ83O00' created | Generated 14738123 items | Pending 61244093 items]
[ID:592| Order '0MNEJVL918' created | Generated 14764694 items | Pending 61217522 items]
[ID:593| Order 'Y3GIILHM8V' created | Generated 14778480 items | Pending 61203736 items]
[ID:594| Order 'JV79C38U3P' created | Generated 14812359 items | Pending 61169857 items]
[ID:595| Order '1BG4MSGHO8' created | Generated 14818537 items | Pending 61163679 items]
[ID:596| Order 'UCGSRFZ22M' created | Generated 14858089 items | Pending 61124127 items]
[ID:597| Order 'X3D5C76OYO' created | Generated 14905818 items | Pending 61076398 items]
[ID:598| Order 'Q99V5SNNB5' created | Generated 14939681 items | Pending 61042535 items]
[ID:599| Order 'X3963CXMTT' created | Generated 14958170 items | Pending 61024046 items]
[ID:600| Order 'IW98WPVYD9' created | Generated 14992140 items | Pending 60990076 items]
[ID:601| Order 'XF7VKJ65FI' created | Generated 15026117 items | Pending 60956099 items]
[ID:602| Order '49TETOSLD4' created | Generated 15032587 items | Pending 60949629 items]
[ID:603| Order 'P02TCV0E1O' created | Generated 15053954 items | Pending 60928262 items]
[ID:604| Order 'N259ZCNHG3' created | Generated 15055062 items | Pending 60927154 items]
[ID:605| Order '0S8KQODEZO' created | Generated 15068202 items | Pending 60914014 items]
[ID:606| Order 'ZFP02ZAPMP' created | Generated 15085169 items | Pending 60897047 items]
[ID:607| Order 'VDNJA6IQ0Y' created | Generated 15117975 items | Pending 60864241 items]
[ID:608| Order 'FJ4SSGLYMF' created | Generated 15152907 items | Pending 60829309 items]
[ID:609| Order 'Z2MLXQLSJ5' created | Generated 15190646 items | Pending 60791570 items]
[ID:610| Order 'MXATTICWCB' created | Generated 15192490 items | Pending 60789726 items]
[ID:611| Order 'MWDB527OP5' created | Generated 15218288 items | Pending 60763928 items]
[ID:612| Order 'Q2EQXCCDD7' created | Generated 15229331 items | Pending 60752885 items]
[ID:613| Order 'YLR53IEZLX' created | Generated 15280526 items | Pending 60701690 items]
[ID:614| Order '9GY22C1OSA' created | Generated 15281573 items | Pending 60700643 items]
[ID:615| Order 'SIJ4LY34CM' created | Generated 15312275 items | Pending 60669941 items]
[ID:616| Order 'TQ72VPI81V' created | Generated 15323001 items | Pending 60659215 items]
[ID:617| Order 'WHI7WAASV2' created | Generated 15359566 items | Pending 60622650 items]
[ID:618| Order 'XV3YXR6NWI' created | Generated 15407063 items | Pending 60575153 items]
[ID:619| Order 'LCY891GTEZ' created | Generated 15450419 items | Pending 60531797 items]
[ID:620| Order 'RTMJ0X4HHR' created | Generated 15471295 items | Pending 60510921 items]
[ID:621| Order 'R8QPI4F6W3' created | Generated 15517216 items | Pending 60465000 items]
[ID:622| Order 'S53YDHBN43' created | Generated 15548519 items | Pending 60433697 items]
[ID:623| Order 'WSEUT82FJZ' created | Generated 15581155 items | Pending 60401061 items]
[ID:624| Order 'LA2VH06Y8G' created | Generated 15620936 items | Pending 60361280 items]
[ID:625| Order 'O0MHL4FCYB' created | Generated 15637806 items | Pending 60344410 items]
[ID:626| Order '9IOE4YR4RT' created | Generated 15658242 items | Pending 60323974 items]
[ID:627| Order '33WCYB6R4A' created | Generated 15677120 items | Pending 60305096 items]
[ID:628| Order 'AME1A6IY4E' created | Generated 15714739 items | Pending 60267477 items]
[ID:629| Order 'JH5JDUAWL8' created | Generated 15721988 items | Pending 60260228 items]
[ID:630| Order 'BI9PS36G87' created | Generated 15758165 items | Pending 60224051 items]
[ID:631| Order 'H5YMO98U1O' created | Generated 15770366 items | Pending 60211850 items]
[ID:632| Order 'D0G6EIRUZ3' created | Generated 15778486 items | Pending 60203730 items]
[ID:633| Order 'P6YE7R8O1S' created | Generated 15794653 items | Pending 60187563 items]
[ID:634| Order 'CIQEIHTJ6E' created | Generated 15837047 items | Pending 60145169 items]
[ID:635| Order 'K43BF8X8MA' created | Generated 15864236 items | Pending 60117980 items]
[ID:636| Order '9BDEYBTD03' created | Generated 15888870 items | Pending 60093346 items]
[ID:637| Order '145ORVOAVO' created | Generated 15893114 items | Pending 60089102 items]
[ID:638| Order 'PFX15RWVOG' created | Generated 15935989 items | Pending 60046227 items]
[ID:639| Order 'GMAHUD9U9F' created | Generated 15961107 items | Pending 60021109 items]
[ID:640| Order 'FL5L0WQ0UL' created | Generated 16009913 items | Pending 59972303 items]
[ID:641| Order 'K9G5EC63AI' created | Generated 16023039 items | Pending 59959177 items]
[ID:642| Order 'GC6B33OG2O' created | Generated 16047556 items | Pending 59934660 items]
[ID:643| Order 'EM6OEVS01I' created | Generated 16064593 items | Pending 59917623 items]
[ID:644| Order 'RVP0IJE9HQ' created | Generated 16072162 items | Pending 59910054 items]
[ID:645| Order 'BC2IKBTOKF' created | Generated 16116027 items | Pending 59866189 items]
[ID:646| Order '5JTMLMOOPC' created | Generated 16139164 items | Pending 59843052 items]
[ID:647| Order 'XEJC4304DT' created | Generated 16179338 items | Pending 59802878 items]
[ID:648| Order 'OGYWQ4802P' created | Generated 16214661 items | Pending 59767555 items]
[ID:649| Order 'WEU2ATEVFD' created | Generated 16262073 items | Pending 59720143 items]
[ID:650| Order '7HJN8F3OOC' created | Generated 16308025 items | Pending 59674191 items]
[ID:651| Order 'CXPDN4D06Q' created | Generated 16314153 items | Pending 59668063 items]
[ID:652| Order 'ZTLV75IZC2' created | Generated 16358882 items | Pending 59623334 items]
[ID:653| Order 'ZQNC1FQBBZ' created | Generated 16390219 items | Pending 59591997 items]
[ID:654| Order '748I0NQ5PO' created | Generated 16426778 items | Pending 59555438 items]
[ID:655| Order 'CXK3LDOPFX' created | Generated 16449025 items | Pending 59533191 items]
[ID:656| Order '1Z70IJZWAH' created | Generated 16454002 items | Pending 59528214 items]
[ID:657| Order 'B73U2TLP5U' created | Generated 16491721 items | Pending 59490495 items]
[ID:658| Order 'G9IEYASVUE' created | Generated 16542605 items | Pending 59439611 items]
[ID:659| Order 'WPUEP17WB1' created | Generated 16585507 items | Pending 59396709 items]
[ID:660| Order 'MTM1K3RIGL' created | Generated 16612106 items | Pending 59370110 items]
[ID:661| Order 'EGLBESUAYA' created | Generated 16637371 items | Pending 59344845 items]
[ID:662| Order 'OZG6ZPD583' created | Generated 16654604 items | Pending 59327612 items]
[ID:663| Order 'C70UX7A5X3' created | Generated 16680362 items | Pending 59301854 items]
[ID:664| Order 'S8JCS5P6XA' created | Generated 16691665 items | Pending 59290551 items]
[ID:665| Order '7SK7GB4ZSI' created | Generated 16726638 items | Pending 59255578 items]
[ID:666| Order 'LEK56NVDFO' created | Generated 16726658 items | Pending 59255558 items]
[ID:667| Order 'C299AKFCV4' created | Generated 16744680 items | Pending 59237536 items]
[ID:668| Order 'PBFHVC9ZAF' created | Generated 16748522 items | Pending 59233694 items]
[ID:669| Order 'CW8Z682P1G' created | Generated 16800640 items | Pending 59181576 items]
[ID:670| Order 'KHJKEMZCG1' created | Generated 16812274 items | Pending 59169942 items]
[ID:671| Order 'ULX6NB6M8L' created | Generated 16836063 items | Pending 59146153 items]
[ID:672| Order '9UCNFOJ0CO' created | Generated 16871744 items | Pending 59110472 items]
[ID:673| Order '5YAU1742R3' created | Generated 16887037 items | Pending 59095179 items]
[ID:674| Order 'ZE8UU6J9JM' created | Generated 16888093 items | Pending 59094123 items]
[ID:675| Order 'ZCSNWDYAJU' created | Generated 16909840 items | Pending 59072376 items]
[ID:676| Order '4XYX7EY8W5' created | Generated 16952562 items | Pending 59029654 items]
[ID:677| Order '47ZVMJNGF3' created | Generated 16980182 items | Pending 59002034 items]
[ID:678| Order 'OJ4R43O7T2' created | Generated 16992905 items | Pending 58989311 items]
[ID:679| Order '9OGK8NH5OK' created | Generated 17026782 items | Pending 58955434 items]
[ID:680| Order 'B34OPWJ19D' created | Generated 17031265 items | Pending 58950951 items]
[ID:681| Order 'TPT00RSQ65' created | Generated 17042641 items | Pending 58939575 items]
[ID:682| Order 'OQ9UH522M5' created | Generated 17093494 items | Pending 58888722 items]
[ID:683| Order 'M8LWIHQB05' created | Generated 17133383 items | Pending 58848833 items]
[ID:684| Order 'F5KJK5PLI0' created | Generated 17174724 items | Pending 58807492 items]
[ID:685| Order '6GLMPCW4PS' created | Generated 17221052 items | Pending 58761164 items]
[ID:686| Order '2COL4SJQY4' created | Generated 17228937 items | Pending 58753279 items]
[ID:687| Order 'ZERWSSOLIY' created | Generated 17252387 items | Pending 58729829 items]
[ID:688| Order '9I4CD9CHV4' created | Generated 17263533 items | Pending 58718683 items]
[ID:689| Order 'WMZ1M1NDMB' created | Generated 17273932 items | Pending 58708284 items]
[ID:690| Order 'C7XXJ10XO5' created | Generated 17292795 items | Pending 58689421 items]
[ID:691| Order 'HGA5V8UKO9' created | Generated 17306686 items | Pending 58675530 items]
[ID:692| Order 'Q0RES17FRP' created | Generated 17312557 items | Pending 58669659 items]
[ID:693| Order 'O5C1U335BC' created | Generated 17347807 items | Pending 58634409 items]
[ID:694| Order '1B5GG7C05W' created | Generated 17370076 items | Pending 58612140 items]
[ID:695| Order '99YSX27WPG' created | Generated 17425544 items | Pending 58556672 items]
[ID:696| Order 'D91VGWN2AO' created | Generated 17452270 items | Pending 58529946 items]
[ID:697| Order 'LNEMM6YSOY' created | Generated 17452790 items | Pending 58529426 items]
[ID:698| Order '37BI4W94VY' created | Generated 17477766 items | Pending 58504450 items]
[ID:699| Order 'LMTDCFQ7WX' created | Generated 17507711 items | Pending 58474505 items]
[ID:700| Order '1LEXMGUENF' created | Generated 17512994 items | Pending 58469222 items]
[ID:701| Order '1LL0W75RT3' created | Generated 17552644 items | Pending 58429572 items]
[ID:702| Order 'Q30CRL1AHQ' created | Generated 17579525 items | Pending 58402691 items]
[ID:703| Order '2CZDQD4CSD' created | Generated 17625990 items | Pending 58356226 items]
[ID:704| Order 'NQZDAQ91MC' created | Generated 17626847 items | Pending 58355369 items]
[ID:705| Order '2PD5VUM04O' created | Generated 17636455 items | Pending 58345761 items]
[ID:706| Order 'LRPBHRXXSX' created | Generated 17677134 items | Pending 58305082 items]
[ID:707| Order 'CYN52X0RX9' created | Generated 17716130 items | Pending 58266086 items]
[ID:708| Order 'N6IGLP8HK1' created | Generated 17737460 items | Pending 58244756 items]
[ID:709| Order 'JHVN0FHJ7Y' created | Generated 17782380 items | Pending 58199836 items]
[ID:710| Order 'ZUEY69QRCS' created | Generated 17802827 items | Pending 58179389 items]
[ID:711| Order '7PFSBBZ4YR' created | Generated 17810507 items | Pending 58171709 items]
[ID:712| Order 'U5T26IWTB4' created | Generated 17825135 items | Pending 58157081 items]
[ID:713| Order '0HSEV4THDZ' created | Generated 17867548 items | Pending 58114668 items]
[ID:714| Order 'FOJ68WBPEQ' created | Generated 17909419 items | Pending 58072797 items]
[ID:715| Order '6VVPSWQJ0E' created | Generated 17930194 items | Pending 58052022 items]
[ID:716| Order 'CWY38G6OAU' created | Generated 17963012 items | Pending 58019204 items]
[ID:717| Order 'GIXR3GU41O' created | Generated 18008653 items | Pending 57973563 items]
[ID:718| Order 'KULDP40T94' created | Generated 18044899 items | Pending 57937317 items]
[ID:719| Order 'SOP7H4SR6L' created | Generated 18046409 items | Pending 57935807 items]
[ID:720| Order 'VLME4YES5U' created | Generated 18054452 items | Pending 57927764 items]
[ID:721| Order 'YI3CT72HPH' created | Generated 18056507 items | Pending 57925709 items]
[ID:722| Order 'F685CPITHO' created | Generated 18076629 items | Pending 57905587 items]
[ID:723| Order 'OUGHXIK2RN' created | Generated 18113878 items | Pending 57868338 items]
[ID:724| Order 'XVXRTMMSN5' created | Generated 18143346 items | Pending 57838870 items]
[ID:725| Order 'EFSHIHIGCY' created | Generated 18194200 items | Pending 57788016 items]
[ID:726| Order 'EGZSW1WWUR' created | Generated 18222237 items | Pending 57759979 items]
[ID:727| Order 'W93MM9RFZP' created | Generated 18249757 items | Pending 57732459 items]
[ID:728| Order 'XJJSASK32V' created | Generated 18273745 items | Pending 57708471 items]
[ID:729| Order 'THD8Q1HA8S' created | Generated 18286361 items | Pending 57695855 items]
[ID:730| Order 'JQRALHGNU8' created | Generated 18332308 items | Pending 57649908 items]
[ID:731| Order 'UT7XC6HE1K' created | Generated 18346410 items | Pending 57635806 items]
[ID:732| Order 'OIUXNHBKYT' created | Generated 18354743 items | Pending 57627473 items]
[ID:733| Order 'RF8FV8LWLO' created | Generated 18394648 items | Pending 57587568 items]
[ID:734| Order 'VRRHM9E46Z' created | Generated 18422182 items | Pending 57560034 items]
[ID:735| Order 'LX1AKVKMFS' created | Generated 18444400 items | Pending 57537816 items]
[ID:736| Order '261YZ1GA0P' created | Generated 18448775 items | Pending 57533441 items]
[ID:737| Order '93J3SXPTI3' created | Generated 18479748 items | Pending 57502468 items]
[ID:738| Order '42ZZCK31VD' created | Generated 18521820 items | Pending 57460396 items]
[ID:739| Order 'KUNX4KZRBL' created | Generated 18525128 items | Pending 57457088 items]
[ID:740| Order 'DGD1IFZZL2' created | Generated 18549072 items | Pending 57433144 items]
[ID:741| Order 'VAMRDALRUJ' created | Generated 18582493 items | Pending 57399723 items]
[ID:742| Order '7NWIXKLC25' created | Generated 18613182 items | Pending 57369034 items]
[ID:743| Order 'P8W4BPL2GK' created | Generated 18615386 items | Pending 57366830 items]
[ID:744| Order '5063JDK042' created | Generated 18651387 items | Pending 57330829 items]
[ID:745| Order '4V3B6L8LNR' created | Generated 18652167 items | Pending 57330049 items]
[ID:746| Order '8IG1238VC0' created | Generated 18658332 items | Pending 57323884 items]
[ID:747| Order 'WQS2HWEGEC' created | Generated 18671235 items | Pending 57310981 items]
[ID:748| Order 'MEQHADJN4M' created | Generated 18672478 items | Pending 57309738 items]
[ID:749| Order 'R0TYWKKSPT' created | Generated 18722320 items | Pending 57259896 items]
[ID:750| Order 'TUO7V12MRN' created | Generated 18775189 items | Pending 57207027 items]
[ID:751| Order 'AY2AJJSXY5' created | Generated 18785690 items | Pending 57196526 items]
[ID:752| Order '3GK4FBR9NA' created | Generated 18833761 items | Pending 57148455 items]
[ID:753| Order 'OHM26OL5FZ' created | Generated 18843621 items | Pending 57138595 items]
[ID:754| Order 'UQNXP4RBDB' created | Generated 18874757 items | Pending 57107459 items]
[ID:755| Order 'KS0UGOV38C' created | Generated 18879644 items | Pending 57102572 items]
[ID:756| Order 'OVJJTITE8O' created | Generated 18911005 items | Pending 57071211 items]
[ID:757| Order '1FXY11506D' created | Generated 18932331 items | Pending 57049885 items]
[ID:758| Order 'S3ZXQLOSQM' created | Generated 18932381 items | Pending 57049835 items]
[ID:759| Order '49O4N6X26E' created | Generated 18936633 items | Pending 57045583 items]
[ID:760| Order 'L7SZ5JKMUS' created | Generated 18951798 items | Pending 57030418 items]
[ID:761| Order 'W7D0SGFF2W' created | Generated 18969159 items | Pending 57013057 items]
[ID:762| Order 'J39J4CBZWD' created | Generated 18988590 items | Pending 56993626 items]
[ID:763| Order 'NC2DG12POF' created | Generated 19032946 items | Pending 56949270 items]
[ID:764| Order 'TB0VE58FWP' created | Generated 19047752 items | Pending 56934464 items]
[ID:765| Order 'C17QWJQLVF' created | Generated 19093731 items | Pending 56888485 items]
[ID:766| Order 'BPQXGV02GW' created | Generated 19134282 items | Pending 56847934 items]
[ID:767| Order 'N7FXABLP5D' created | Generated 19156054 items | Pending 56826162 items]
[ID:768| Order 'C7I9K5780I' created | Generated 19173466 items | Pending 56808750 items]
[ID:769| Order 'F0NVR3TXTB' created | Generated 19210881 items | Pending 56771335 items]
[ID:770| Order 'LXAAG0GSDO' created | Generated 19228923 items | Pending 56753293 items]
[ID:771| Order 'CQI258FZVF' created | Generated 19258822 items | Pending 56723394 items]
[ID:772| Order 'XTES4BHTO6' created | Generated 19304636 items | Pending 56677580 items]
[ID:773| Order 'QR509LPJSH' created | Generated 19325184 items | Pending 56657032 items]
[ID:774| Order 'TAHQRQCX0E' created | Generated 19369861 items | Pending 56612355 items]
[ID:775| Order '9O8SNP0YVC' created | Generated 19389831 items | Pending 56592385 items]
[ID:776| Order '6KGP2468SP' created | Generated 19415758 items | Pending 56566458 items]
[ID:777| Order 'PFLH93I4WV' created | Generated 19461113 items | Pending 56521103 items]
[ID:778| Order 'PS5L2DYJGL' created | Generated 19465443 items | Pending 56516773 items]
[ID:779| Order 'EUR8RJVTIW' created | Generated 19508910 items | Pending 56473306 items]
[ID:780| Order 'HRX1KYSWTL' created | Generated 19509195 items | Pending 56473021 items]
[ID:781| Order 'RMD2F2DJ5D' created | Generated 19537733 items | Pending 56444483 items]
[ID:782| Order 'KE31UCELPL' created | Generated 19539037 items | Pending 56443179 items]
[ID:783| Order '21VGAW44PP' created | Generated 19584247 items | Pending 56397969 items]
[ID:784| Order 'IFZR0A795J' created | Generated 19611842 items | Pending 56370374 items]
[ID:785| Order 'IAWT0KXIRX' created | Generated 19649015 items | Pending 56333201 items]
[ID:786| Order 'CEU4KRQ4I0' created | Generated 19659737 items | Pending 56322479 items]
[ID:787| Order 'FCA2GH2KJ0' created | Generated 19664484 items | Pending 56317732 items]
[ID:788| Order 'T5KKM0E0F3' created | Generated 19714640 items | Pending 56267576 items]
[ID:789| Order '8Z28D52HNV' created | Generated 19744748 items | Pending 56237468 items]
[ID:790| Order '2LOIQU4L8U' created | Generated 19779444 items | Pending 56202772 items]
[ID:791| Order 'E8FT8RWW9S' created | Generated 19800875 items | Pending 56181341 items]
[ID:792| Order 'EA526ZN0G9' created | Generated 19814698 items | Pending 56167518 items]
[ID:793| Order '8YUJOMHWOU' created | Generated 19861958 items | Pending 56120258 items]
[ID:794| Order 'SKCJGC8BRS' created | Generated 19910027 items | Pending 56072189 items]
[ID:795| Order 'W8RVP6Q1N9' created | Generated 19961567 items | Pending 56020649 items]
[ID:796| Order 'Z8A3PB5LC8' created | Generated 19961582 items | Pending 56020634 items]
[ID:797| Order 'YX4TU1R7RV' created | Generated 20002083 items | Pending 55980133 items]
[ID:798| Order 'EQ926DR62Z' created | Generated 20015238 items | Pending 55966978 items]
[ID:799| Order '4OHVSCIB6T' created | Generated 20059184 items | Pending 55923032 items]
[ID:800| Order '8VA3GFTTL8' created | Generated 20071690 items | Pending 55910526 items]
[ID:801| Order '331R3FEYL3' created | Generated 20088637 items | Pending 55893579 items]
[ID:802| Order 'W522185CBP' created | Generated 20089338 items | Pending 55892878 items]
[ID:803| Order 'WRCU5MZH8B' created | Generated 20116483 items | Pending 55865733 items]
[ID:804| Order 'TCNUX92MXC' created | Generated 20166947 items | Pending 55815269 items]
[ID:805| Order 'HSZUOR5HRA' created | Generated 20173248 items | Pending 55808968 items]
[ID:806| Order 'R2BSOUF1M8' created | Generated 20205305 items | Pending 55776911 items]
[ID:807| Order 'AM2F8TLFMJ' created | Generated 20227241 items | Pending 55754975 items]
[ID:808| Order 'C65MV5GV0F' created | Generated 20267574 items | Pending 55714642 items]
[ID:809| Order 'XSPR6US6CC' created | Generated 20301718 items | Pending 55680498 items]
[ID:810| Order 'WQWXFEE49T' created | Generated 20306169 items | Pending 55676047 items]
[ID:811| Order 'FCU7JS6F2Q' created | Generated 20358731 items | Pending 55623485 items]
[ID:812| Order 'QDHOLWF9L6' created | Generated 20377831 items | Pending 55604385 items]
[ID:813| Order 'P609L6FRYA' created | Generated 20378341 items | Pending 55603875 items]
[ID:814| Order '2UKAYMPE68' created | Generated 20404522 items | Pending 55577694 items]
[ID:815| Order '2M0IPL62QT' created | Generated 20406880 items | Pending 55575336 items]
[ID:816| Order 'GBB3D3GTL6' created | Generated 20423625 items | Pending 55558591 items]
[ID:817| Order 'GXY7HLZ78D' created | Generated 20458000 items | Pending 55524216 items]
[ID:818| Order 'N5BVQ8BWV9' created | Generated 20487107 items | Pending 55495109 items]
[ID:819| Order 'R31AH40JSG' created | Generated 20487613 items | Pending 55494603 items]
[ID:820| Order 'IWO1JG3N6B' created | Generated 20537683 items | Pending 55444533 items]
[ID:821| Order 'GL60BESJVV' created | Generated 20565803 items | Pending 55416413 items]
[ID:822| Order '6DXU3L5A3Q' created | Generated 20601900 items | Pending 55380316 items]
[ID:823| Order 'EUPAGLG90F' created | Generated 20646826 items | Pending 55335390 items]
[ID:824| Order 'IXC305QPBP' created | Generated 20670308 items | Pending 55311908 items]
[ID:825| Order '2XWVGPLD98' created | Generated 20711600 items | Pending 55270616 items]
[ID:826| Order '1R8QOX66H9' created | Generated 20716530 items | Pending 55265686 items]
[ID:827| Order 'YY0NTKJ0FA' created | Generated 20731913 items | Pending 55250303 items]
[ID:828| Order 'AR5YRVVHB6' created | Generated 20737601 items | Pending 55244615 items]
[ID:829| Order 'KILJ3AHZRV' created | Generated 20755409 items | Pending 55226807 items]
[ID:830| Order 'ZMBXZ4ZZEK' created | Generated 20771061 items | Pending 55211155 items]
[ID:831| Order 'XOV6PIWQ0X' created | Generated 20776669 items | Pending 55205547 items]
[ID:832| Order 'BUGCPNIJUU' created | Generated 20823281 items | Pending 55158935 items]
[ID:833| Order 'JI9A65PGPW' created | Generated 20835353 items | Pending 55146863 items]
[ID:834| Order 'GIQB0TXEB7' created | Generated 20855691 items | Pending 55126525 items]
[ID:835| Order 'N7BQJ3XH89' created | Generated 20889896 items | Pending 55092320 items]
[ID:836| Order 'STCTH23RA8' created | Generated 20905265 items | Pending 55076951 items]
[ID:837| Order 'XVGA88HIRZ' created | Generated 20915156 items | Pending 55067060 items]
[ID:838| Order 'ZZLZAHO3D2' created | Generated 20941313 items | Pending 55040903 items]
[ID:839| Order 'IUD8SN5KL4' created | Generated 20942888 items | Pending 55039328 items]
[ID:840| Order '3R5KK73OK5' created | Generated 20985963 items | Pending 54996253 items]
[ID:841| Order '3ECZ0TEQVZ' created | Generated 21019948 items | Pending 54962268 items]
[ID:842| Order 'RVPOM4UNUV' created | Generated 21034739 items | Pending 54947477 items]
[ID:843| Order 'B9C7RGNEVO' created | Generated 21068312 items | Pending 54913904 items]
[ID:844| Order 'JGSYR3UNJO' created | Generated 21104700 items | Pending 54877516 items]
[ID:845| Order 'U1LY8Q7DCZ' created | Generated 21138136 items | Pending 54844080 items]
[ID:846| Order 'C4945KPVPP' created | Generated 21174739 items | Pending 54807477 items]
[ID:847| Order 'X9VV98HPUC' created | Generated 21225702 items | Pending 54756514 items]
[ID:848| Order 'RQ21JI6VID' created | Generated 21230215 items | Pending 54752001 items]
[ID:849| Order 'J3R0CEAHW4' created | Generated 21251173 items | Pending 54731043 items]
[ID:850| Order 'ZSBBS2UZFG' created | Generated 21282272 items | Pending 54699944 items]
[ID:851| Order 'PQZW6PYMKK' created | Generated 21296709 items | Pending 54685507 items]
[ID:852| Order 'TBYTZQ45QH' created | Generated 21333556 items | Pending 54648660 items]
[ID:853| Order '6M0GRZP07G' created | Generated 21347458 items | Pending 54634758 items]
[ID:854| Order 'O2L0546WB9' created | Generated 21391104 items | Pending 54591112 items]
[ID:855| Order 'QA5BW9X7YN' created | Generated 21425593 items | Pending 54556623 items]
[ID:856| Order 'AZJ0V3QP2E' created | Generated 21438189 items | Pending 54544027 items]
[ID:857| Order 'N2JGXC8NJJ' created | Generated 21447395 items | Pending 54534821 items]
[ID:858| Order '8KK1JYAZK8' created | Generated 21484392 items | Pending 54497824 items]
[ID:859| Order '0V7196ZRCW' created | Generated 21530166 items | Pending 54452050 items]
[ID:860| Order '7ACH6JQUY3' created | Generated 21574324 items | Pending 54407892 items]
[ID:861| Order 'JW3U2MIBLM' created | Generated 21595254 items | Pending 54386962 items]
[ID:862| Order 'VD7XYDJT8I' created | Generated 21627896 items | Pending 54354320 items]
[ID:863| Order 'HBN1K2JAX7' created | Generated 21628236 items | Pending 54353980 items]
[ID:864| Order 'CA6263F9R5' created | Generated 21672612 items | Pending 54309604 items]
[ID:865| Order 'QIW851IMVB' created | Generated 21693066 items | Pending 54289150 items]
[ID:866| Order '17FE7MXNXN' created | Generated 21720785 items | Pending 54261431 items]
[ID:867| Order 'Q1TUQBV9OE' created | Generated 21732229 items | Pending 54249987 items]
[ID:868| Order 'WHBMX0SGZ7' created | Generated 21770413 items | Pending 54211803 items]
[ID:869| Order '3W3GIY7DKX' created | Generated 21791456 items | Pending 54190760 items]
[ID:870| Order 'LAUEUOWEFM' created | Generated 21829237 items | Pending 54152979 items]
[ID:871| Order 'MXDEWNRHWI' created | Generated 21878675 items | Pending 54103541 items]
[ID:872| Order 'CS0G50CG5D' created | Generated 21908513 items | Pending 54073703 items]
[ID:873| Order '4RO6JI34XI' created | Generated 21933279 items | Pending 54048937 items]
[ID:874| Order '5S66XZZN2Y' created | Generated 21947735 items | Pending 54034481 items]
[ID:875| Order 'F0C4NBFB62' created | Generated 21959597 items | Pending 54022619 items]
[ID:876| Order 'YHTHBI6JI3' created | Generated 21990075 items | Pending 53992141 items]
[ID:877| Order 'JX7GRIEJ9T' created | Generated 21998346 items | Pending 53983870 items]
[ID:878| Order 'X55IL8PTMN' created | Generated 22018826 items | Pending 53963390 items]
[ID:879| Order '4VZEJUHPJU' created | Generated 22059481 items | Pending 53922735 items]
[ID:880| Order 'KFFR0OTKJ8' created | Generated 22103573 items | Pending 53878643 items]
[ID:881| Order '7DT1RS98PS' created | Generated 22146529 items | Pending 53835687 items]
[ID:882| Order 'C3F4I77Q18' created | Generated 22163150 items | Pending 53819066 items]
[ID:883| Order 'BU79ENVFHH' created | Generated 22167755 items | Pending 53814461 items]
[ID:884| Order '6GVAEK91XD' created | Generated 22200734 items | Pending 53781482 items]
[ID:885| Order 'VKIF137HZD' created | Generated 22226657 items | Pending 53755559 items]
[ID:886| Order 'C61MUPNNTA' created | Generated 22234597 items | Pending 53747619 items]
[ID:887| Order 'XK1E4JRTN1' created | Generated 22236339 items | Pending 53745877 items]
[ID:888| Order 'R6SKBQD7G2' created | Generated 22270262 items | Pending 53711954 items]
[ID:889| Order 'U2EMMTCM78' created | Generated 22309483 items | Pending 53672733 items]
[ID:890| Order 'NI3IGM3YXO' created | Generated 22357262 items | Pending 53624954 items]
[ID:891| Order 'WUTU8DXKZR' created | Generated 22382690 items | Pending 53599526 items]
[ID:892| Order '4CXI1MCEL3' created | Generated 22391392 items | Pending 53590824 items]
[ID:893| Order 'WDHA04MVDT' created | Generated 22431423 items | Pending 53550793 items]
[ID:894| Order 'A33KHINFL4' created | Generated 22464311 items | Pending 53517905 items]
[ID:895| Order 'E8JPZZSN11' created | Generated 22481113 items | Pending 53501103 items]
[ID:896| Order '7Y0L3DFY17' created | Generated 22510177 items | Pending 53472039 items]
[ID:897| Order 'AMHY3C6JJW' created | Generated 22511205 items | Pending 53471011 items]
[ID:898| Order 'N4GRCR9VD7' created | Generated 22523634 items | Pending 53458582 items]
[ID:899| Order '545BUBOMP0' created | Generated 22536824 items | Pending 53445392 items]
[ID:900| Order 'M4AZ69Y1PV' created | Generated 22565518 items | Pending 53416698 items]
[ID:901| Order 'UBA9BQGXAN' created | Generated 22613398 items | Pending 53368818 items]
[ID:902| Order 'FVW79DYWA6' created | Generated 22640846 items | Pending 53341370 items]
[ID:903| Order '0JRUCFA0VM' created | Generated 22681819 items | Pending 53300397 items]
[ID:904| Order 'T5QLJJANTQ' created | Generated 22690443 items | Pending 53291773 items]
[ID:905| Order 'P8FA7QZX4F' created | Generated 22732818 items | Pending 53249398 items]
[ID:906| Order '6AGJ4D1GCC' created | Generated 22760896 items | Pending 53221320 items]
[ID:907| Order '0IH6AMYWG2' created | Generated 22815311 items | Pending 53166905 items]
[ID:908| Order 'AQPXEFEPO2' created | Generated 22817096 items | Pending 53165120 items]
[ID:909| Order 'ZR2DKMPZRJ' created | Generated 22823365 items | Pending 53158851 items]
[ID:910| Order 'QBJCPY9OPM' created | Generated 22866152 items | Pending 53116064 items]
[ID:911| Order 'AXVM5H3TKK' created | Generated 22873797 items | Pending 53108419 items]
[ID:912| Order 'XRQEY92C72' created | Generated 22912769 items | Pending 53069447 items]
[ID:913| Order 'CH5ODVXNVZ' created | Generated 22932673 items | Pending 53049543 items]
[ID:914| Order 'QP4ZXM6V5P' created | Generated 22981724 items | Pending 53000492 items]
[ID:915| Order 'M0MHY0WOUR' created | Generated 23015886 items | Pending 52966330 items]
[ID:916| Order 'ODBV2NZO5G' created | Generated 23053007 items | Pending 52929209 items]
[ID:917| Order 'PZEUDV76C2' created | Generated 23074212 items | Pending 52908004 items]
[ID:918| Order 'EJJGGIG1U2' created | Generated 23105106 items | Pending 52877110 items]
[ID:919| Order 'CXAF2DFK66' created | Generated 23141007 items | Pending 52841209 items]
[ID:920| Order 'TW4BBO6V1A' created | Generated 23156008 items | Pending 52826208 items]
[ID:921| Order 'CM7D43IKH7' created | Generated 23175636 items | Pending 52806580 items]
[ID:922| Order '2ARXKIB8AD' created | Generated 23209470 items | Pending 52772746 items]
[ID:923| Order '6K20G6PHS6' created | Generated 23246411 items | Pending 52735805 items]
[ID:924| Order 'YW4BTRKCV3' created | Generated 23252834 items | Pending 52729382 items]
[ID:925| Order 'UT85C4KE1H' created | Generated 23276163 items | Pending 52706053 items]
[ID:926| Order 'V8CECDY7OG' created | Generated 23293236 items | Pending 52688980 items]
[ID:927| Order 'M2P1RZSOTJ' created | Generated 23294719 items | Pending 52687497 items]
[ID:928| Order '07PF5HH1XB' created | Generated 23333776 items | Pending 52648440 items]
[ID:929| Order 'MTJWLKOXCH' created | Generated 23381809 items | Pending 52600407 items]
[ID:930| Order 'OYXRAFA9UZ' created | Generated 23418909 items | Pending 52563307 items]
[ID:931| Order '8STCXROT63' created | Generated 23432004 items | Pending 52550212 items]
[ID:932| Order 'IUOWJ6NFCG' created | Generated 23463660 items | Pending 52518556 items]
[ID:933| Order 'YQ3ONMS838' created | Generated 23483424 items | Pending 52498792 items]
[ID:934| Order 'VVM8EVTV8C' created | Generated 23511609 items | Pending 52470607 items]
[ID:935| Order 'T6OHZR39EH' created | Generated 23562244 items | Pending 52419972 items]
[ID:936| Order 'GIQAKN1N2R' created | Generated 23579607 items | Pending 52402609 items]
[ID:937| Order '3KTA3V21CL' created | Generated 23622616 items | Pending 52359600 items]
[ID:938| Order 'XBLZ2VDZNN' created | Generated 23626770 items | Pending 52355446 items]
[ID:939| Order 'WAU42KDEF8' created | Generated 23627110 items | Pending 52355106 items]
[ID:940| Order 'MGP9V5Z0HJ' created | Generated 23642793 items | Pending 52339423 items]
[ID:941| Order '7IER9V9RHC' created | Generated 23669661 items | Pending 52312555 items]
[ID:942| Order 'KJKHF6W17P' created | Generated 23678090 items | Pending 52304126 items]
[ID:943| Order 'L8HETY5AHM' created | Generated 23685886 items | Pending 52296330 items]
[ID:944| Order 'F5EEM3R89P' created | Generated 23703588 items | Pending 52278628 items]
[ID:945| Order 'C3XJ6820OZ' created | Generated 23709502 items | Pending 52272714 items]
[ID:946| Order 'AD39MAE2NO' created | Generated 23723719 items | Pending 52258497 items]
[ID:947| Order 'KANP6DOHCB' created | Generated 23748318 items | Pending 52233898 items]
[ID:948| Order 'AUMWOY1HZ1' created | Generated 23791034 items | Pending 52191182 items]
[ID:949| Order 'ZJL77NKGWR' created | Generated 23815469 items | Pending 52166747 items]
[ID:950| Order 'FL6OWHSEL8' created | Generated 23863220 items | Pending 52118996 items]
[ID:951| Order 'V3BCD69D53' created | Generated 23874220 items | Pending 52107996 items]
[ID:952| Order 'OLRBECSMKR' created | Generated 23882045 items | Pending 52100171 items]
[ID:953| Order 'S7KBQ1MG7F' created | Generated 23916089 items | Pending 52066127 items]
[ID:954| Order 'PWFVZGD1BV' created | Generated 23924100 items | Pending 52058116 items]
[ID:955| Order 'GK1ISII0TR' created | Generated 23942105 items | Pending 52040111 items]
[ID:956| Order '5FGBCI2IUA' created | Generated 23949919 items | Pending 52032297 items]
[ID:957| Order '6E1GT86EHO' created | Generated 23963039 items | Pending 52019177 items]
[ID:958| Order 'EHB9CURCA2' created | Generated 24004263 items | Pending 51977953 items]
[ID:959| Order 'XFRZIUJJ5X' created | Generated 24056023 items | Pending 51926193 items]
[ID:960| Order '2J4CKO7LN6' created | Generated 24074918 items | Pending 51907298 items]
[ID:961| Order 'GR911QNO1E' created | Generated 24097100 items | Pending 51885116 items]
[ID:962| Order 'A6DNLUO3DL' created | Generated 24122202 items | Pending 51860014 items]
[ID:963| Order 'GL1U2LEIWM' created | Generated 24167414 items | Pending 51814802 items]
[ID:964| Order 'SUMEBZPVAS' created | Generated 24197752 items | Pending 51784464 items]
[ID:965| Order 'ETR2VVJTP8' created | Generated 24231759 items | Pending 51750457 items]
[ID:966| Order '8TDVS9P2J7' created | Generated 24236912 items | Pending 51745304 items]
[ID:967| Order '64GV139XBU' created | Generated 24240732 items | Pending 51741484 items]
[ID:968| Order 'PZEDJVY90D' created | Generated 24275872 items | Pending 51706344 items]
[ID:969| Order 'PZZ4GSDDRI' created | Generated 24299466 items | Pending 51682750 items]
[ID:970| Order '2U47YP71BF' created | Generated 24338056 items | Pending 51644160 items]
[ID:971| Order 'KTQKWP04FU' created | Generated 24356163 items | Pending 51626053 items]
[ID:972| Order 'P1YISM41FW' created | Generated 24386188 items | Pending 51596028 items]
[ID:973| Order '7NYHMC3AOL' created | Generated 24394955 items | Pending 51587261 items]
[ID:974| Order '7RCGIN3IOT' created | Generated 24416203 items | Pending 51566013 items]
[ID:975| Order 'XYZFUMCWJG' created | Generated 24433833 items | Pending 51548383 items]
[ID:976| Order '67RL2EIDIM' created | Generated 24440944 items | Pending 51541272 items]
[ID:977| Order '39V69YQPFB' created | Generated 24470038 items | Pending 51512178 items]
[ID:978| Order 'KK8220ZO6X' created | Generated 24488080 items | Pending 51494136 items]
[ID:979| Order 'AYKG3WIK0V' created | Generated 24520159 items | Pending 51462057 items]
[ID:980| Order 'KOHNNRLGSU' created | Generated 24573036 items | Pending 51409180 items]
[ID:981| Order 'EKAJ81CWNO' created | Generated 24584085 items | Pending 51398131 items]
[ID:982| Order 'MVBQQEKUMA' created | Generated 24616664 items | Pending 51365552 items]
[ID:983| Order '57AHR7ZNA6' created | Generated 24637062 items | Pending 51345154 items]
[ID:984| Order '2TBZ2X7L2K' created | Generated 24684842 items | Pending 51297374 items]
[ID:985| Order '34T6AQDG19' created | Generated 24718442 items | Pending 51263774 items]
[ID:986| Order 'J8DMNMD4D5' created | Generated 24743623 items | Pending 51238593 items]
[ID:987| Order 'HDU48C994N' created | Generated 24761888 items | Pending 51220328 items]
[ID:988| Order 'HSTU0FCJR3' created | Generated 24813086 items | Pending 51169130 items]
[ID:989| Order 'QBLF9V2CCW' created | Generated 24822662 items | Pending 51159554 items]
[ID:990| Order 'G3QND18N78' created | Generated 24850516 items | Pending 51131700 items]
[ID:991| Order 'B8XP5QB4KF' created | Generated 24884787 items | Pending 51097429 items]
[ID:992| Order '90ZHA6PBI5' created | Generated 24898442 items | Pending 51083774 items]
[ID:993| Order '3I1X2JT7OB' created | Generated 24944478 items | Pending 51037738 items]
[ID:994| Order 'BDME4B7SCK' created | Generated 24983056 items | Pending 50999160 items]
[ID:995| Order '4XBGV133HC' created | Generated 25033596 items | Pending 50948620 items]
[ID:996| Order '9E1FW68PP2' created | Generated 25063128 items | Pending 50919088 items]
[ID:997| Order 'ZWU6RNIHAF' created | Generated 25097438 items | Pending 50884778 items]
[ID:998| Order 'VLJVNUQTRD' created | Generated 25141308 items | Pending 50840908 items]
[ID:999| Order 'ZK87I89GOK' created | Generated 25185029 items | Pending 50797187 items]
[ID:1000| Order '8GS2GPM09R' created | Generated 25216882 items | Pending 50765334 items]
[ID:1001| Order 'QBERJ10JGN' created | Generated 25238359 items | Pending 50743857 items]
[ID:1002| Order 'CJN9QU0TPN' created | Generated 25267677 items | Pending 50714539 items]
[ID:1003| Order 'CWEJMXDVFP' created | Generated 25310210 items | Pending 50672006 items]
[ID:1004| Order 'CQQVIAZ6E5' created | Generated 25352433 items | Pending 50629783 items]
[ID:1005| Order '279AGJ9CGQ' created | Generated 25402849 items | Pending 50579367 items]
[ID:1006| Order '3TA1CMKWUY' created | Generated 25433421 items | Pending 50548795 items]
[ID:1007| Order '5UE1WGYJZP' created | Generated 25476329 items | Pending 50505887 items]
[ID:1008| Order '7FSCFJAME8' created | Generated 25487010 items | Pending 50495206 items]
[ID:1009| Order 'N1D68GWZVU' created | Generated 25528251 items | Pending 50453965 items]
[ID:1010| Order '05W918XPUV' created | Generated 25529754 items | Pending 50452462 items]
[ID:1011| Order 'BIGHFNJHXU' created | Generated 25557766 items | Pending 50424450 items]
[ID:1012| Order 'GGO5WJ5RFM' created | Generated 25595206 items | Pending 50387010 items]
[ID:1013| Order 'CDZ3W1Y64R' created | Generated 25616589 items | Pending 50365627 items]
[ID:1014| Order '91GUUSUCNV' created | Generated 25661942 items | Pending 50320274 items]
[ID:1015| Order '3JJ5HDPXLW' created | Generated 25710283 items | Pending 50271933 items]
[ID:1016| Order '3QTY4PJ67K' created | Generated 25715579 items | Pending 50266637 items]
[ID:1017| Order '3X9CE3XQ5A' created | Generated 25718887 items | Pending 50263329 items]
[ID:1018| Order '2LIWLK5S2K' created | Generated 25750705 items | Pending 50231511 items]
[ID:1019| Order 'EW9HJ3B9CF' created | Generated 25771283 items | Pending 50210933 items]
[ID:1020| Order 'Q41TVG2LSF' created | Generated 25789833 items | Pending 50192383 items]
[ID:1021| Order '8TJFD5VMW5' created | Generated 25797040 items | Pending 50185176 items]
[ID:1022| Order 'QZTXVXK87V' created | Generated 25798390 items | Pending 50183826 items]
[ID:1023| Order 'VWATDXH4SA' created | Generated 25801647 items | Pending 50180569 items]
[ID:1024| Order '6LO2CLKCTW' created | Generated 25849451 items | Pending 50132765 items]
[ID:1025| Order 'NE4IM2XL6O' created | Generated 25878543 items | Pending 50103673 items]
[ID:1026| Order '0S6GYVXYEB' created | Generated 25898005 items | Pending 50084211 items]
[ID:1027| Order 'PS5HC0F3S6' created | Generated 25910294 items | Pending 50071922 items]
[ID:1028| Order '1REDL54MRX' created | Generated 25929047 items | Pending 50053169 items]
[ID:1029| Order 'AOZ4F9WE4B' created | Generated 25961300 items | Pending 50020916 items]
[ID:1030| Order 'AO7BUHIJMB' created | Generated 25965814 items | Pending 50016402 items]
[ID:1031| Order 'H8431QD75B' created | Generated 25979108 items | Pending 50003108 items]
[ID:1032| Order 'JMDUKT4TNB' created | Generated 26028201 items | Pending 49954015 items]
[ID:1033| Order 'FW8P69SYXR' created | Generated 26060228 items | Pending 49921988 items]
[ID:1034| Order 'S1JT882E81' created | Generated 26089408 items | Pending 49892808 items]
[ID:1035| Order '3LP1W1UH79' created | Generated 26129318 items | Pending 49852898 items]
[ID:1036| Order 'JF2RIEWIO6' created | Generated 26132684 items | Pending 49849532 items]
[ID:1037| Order '1C0EAP8XQF' created | Generated 26176623 items | Pending 49805593 items]
[ID:1038| Order 'YTY0B4IULD' created | Generated 26222486 items | Pending 49759730 items]
[ID:1039| Order '0O560H10UG' created | Generated 26269265 items | Pending 49712951 items]
[ID:1040| Order 'M86DSPT52D' created | Generated 26311131 items | Pending 49671085 items]
[ID:1041| Order 'AXXF237P5P' created | Generated 26312871 items | Pending 49669345 items]
[ID:1042| Order 'YHCKOJ8V9I' created | Generated 26333249 items | Pending 49648967 items]
[ID:1043| Order 'K9KZ7B2W7N' created | Generated 26368226 items | Pending 49613990 items]
[ID:1044| Order 'M3ADUWU95H' created | Generated 26397146 items | Pending 49585070 items]
[ID:1045| Order '6YNRY5YR0A' created | Generated 26437522 items | Pending 49544694 items]
[ID:1046| Order '567B9BSFX8' created | Generated 26444835 items | Pending 49537381 items]
[ID:1047| Order 'MFEZ7LFLNQ' created | Generated 26445505 items | Pending 49536711 items]
[ID:1048| Order '8BCZTB2TN5' created | Generated 26453974 items | Pending 49528242 items]
[ID:1049| Order 'F05IEWWQL5' created | Generated 26455034 items | Pending 49527182 items]
[ID:1050| Order 'JH911DHL43' created | Generated 26502029 items | Pending 49480187 items]
[ID:1051| Order 'IL8V3Q4P56' created | Generated 26541473 items | Pending 49440743 items]
[ID:1052| Order '4FWA4VIWKO' created | Generated 26572409 items | Pending 49409807 items]
[ID:1053| Order 'GTMY4MHLJJ' created | Generated 26623529 items | Pending 49358687 items]
[ID:1054| Order 'DT91TVI3DE' created | Generated 26631292 items | Pending 49350924 items]
[ID:1055| Order 'DQV1AGUAUE' created | Generated 26680741 items | Pending 49301475 items]
[ID:1056| Order 'I1IWIC3GQ7' created | Generated 26702325 items | Pending 49279891 items]
[ID:1057| Order 'CXG68YEW7C' created | Generated 26751113 items | Pending 49231103 items]
[ID:1058| Order '04WBUHSHQE' created | Generated 26754391 items | Pending 49227825 items]
[ID:1059| Order '9A4TAIV0W2' created | Generated 26755292 items | Pending 49226924 items]
[ID:1060| Order 'DY8V34YZLB' created | Generated 26802040 items | Pending 49180176 items]
[ID:1061| Order 'P6NHHF53UJ' created | Generated 26844647 items | Pending 49137569 items]
[ID:1062| Order 'TPF4C6OJKR' created | Generated 26873947 items | Pending 49108269 items]
[ID:1063| Order 'RFSOIMJZB2' created | Generated 26923958 items | Pending 49058258 items]
[ID:1064| Order 'HD9KAWEYZL' created | Generated 26949171 items | Pending 49033045 items]
[ID:1065| Order 'LFB57B416K' created | Generated 26979245 items | Pending 49002971 items]
[ID:1066| Order 'VRUHMUPT0I' created | Generated 26990264 items | Pending 48991952 items]
[ID:1067| Order '6W4FPT5IOB' created | Generated 26998849 items | Pending 48983367 items]
[ID:1068| Order '87T3V9LYE5' created | Generated 27007575 items | Pending 48974641 items]
[ID:1069| Order 'S36NVSAP12' created | Generated 27034503 items | Pending 48947713 items]
[ID:1070| Order '8DNQLWX1IY' created | Generated 27067154 items | Pending 48915062 items]
[ID:1071| Order 'P9IIFM6CFP' created | Generated 27075701 items | Pending 48906515 items]
[ID:1072| Order '8FKWESZRW3' created | Generated 27082769 items | Pending 48899447 items]
[ID:1073| Order '9YK77SCMX4' created | Generated 27102073 items | Pending 48880143 items]
[ID:1074| Order 'U77N7T436F' created | Generated 27148989 items | Pending 48833227 items]
[ID:1075| Order '4B6SWMV4NN' created | Generated 27190213 items | Pending 48792003 items]
[ID:1076| Order 'TEKACY792A' created | Generated 27231294 items | Pending 48750922 items]
[ID:1077| Order 'BYDYQGIS96' created | Generated 27270572 items | Pending 48711644 items]
[ID:1078| Order '9521G0K8F4' created | Generated 27305684 items | Pending 48676532 items]
[ID:1079| Order 'SOE358U3GA' created | Generated 27328767 items | Pending 48653449 items]
[ID:1080| Order '7XUQOFQUAD' created | Generated 27369227 items | Pending 48612989 items]
[ID:1081| Order 'T7FHHV1MJU' created | Generated 27383685 items | Pending 48598531 items]
[ID:1082| Order 'MLHZ80Y6KN' created | Generated 27392467 items | Pending 48589749 items]
[ID:1083| Order 'LK5F1FHGM1' created | Generated 27404731 items | Pending 48577485 items]
[ID:1084| Order '5Y7D2H3V8K' created | Generated 27443712 items | Pending 48538504 items]
[ID:1085| Order 'MSIKQFUCES' created | Generated 27459760 items | Pending 48522456 items]
[ID:1086| Order 'COY341DNW2' created | Generated 27484118 items | Pending 48498098 items]
[ID:1087| Order 'M5Q7P8AJG7' created | Generated 27531634 items | Pending 48450582 items]
[ID:1088| Order 'FTGBISXO72' created | Generated 27533573 items | Pending 48448643 items]
[ID:1089| Order 'G8IT57EWV3' created | Generated 27576773 items | Pending 48405443 items]
[ID:1090| Order 'WW32LT4NUL' created | Generated 27577693 items | Pending 48404523 items]
[ID:1091| Order '5GX8BTJ0ST' created | Generated 27622639 items | Pending 48359577 items]
[ID:1092| Order '81UIZOIAHB' created | Generated 27645735 items | Pending 48336481 items]
[ID:1093| Order 'FA7HDKG36R' created | Generated 27675293 items | Pending 48306923 items]
[ID:1094| Order '36EYOWLJFO' created | Generated 27688054 items | Pending 48294162 items]
[ID:1095| Order 'DXWSN74RTH' created | Generated 27730296 items | Pending 48251920 items]
[ID:1096| Order '319OBCUMZA' created | Generated 27772161 items | Pending 48210055 items]
[ID:1097| Order 'FQ7332CW8Y' created | Generated 27819653 items | Pending 48162563 items]
[ID:1098| Order 'XC5ZTR4UED' created | Generated 27855824 items | Pending 48126392 items]
[ID:1099| Order 'V2OQPIR4KE' created | Generated 27886767 items | Pending 48095449 items]
[ID:1100| Order 'Q4IPGBWYL7' created | Generated 27904164 items | Pending 48078052 items]
[ID:1101| Order 'WMJMDL5400' created | Generated 27928805 items | Pending 48053411 items]
[ID:1102| Order 'WP8WVJ6H7J' created | Generated 27971495 items | Pending 48010721 items]
[ID:1103| Order 'EHK53DUBCV' created | Generated 27979195 items | Pending 48003021 items]
[ID:1104| Order 'J4JO5O7ZE7' created | Generated 28025325 items | Pending 47956891 items]
[ID:1105| Order 'LOVE7QJA66' created | Generated 28041867 items | Pending 47940349 items]
[ID:1106| Order 'A1UJ5QMO5S' created | Generated 28081393 items | Pending 47900823 items]
[ID:1107| Order '848MPUCZHB' created | Generated 28107615 items | Pending 47874601 items]
[ID:1108| Order 'OUNA3HYC9T' created | Generated 28151789 items | Pending 47830427 items]
[ID:1109| Order 'QUTVNBDOZ7' created | Generated 28179947 items | Pending 47802269 items]
[ID:1110| Order 'L8EVNY035Z' created | Generated 28213360 items | Pending 47768856 items]
[ID:1111| Order 'YZM6YAK5E9' created | Generated 28234270 items | Pending 47747946 items]
[ID:1112| Order 'WC46EWOJ4K' created | Generated 28276156 items | Pending 47706060 items]
[ID:1113| Order '8DTUJAY395' created | Generated 28303377 items | Pending 47678839 items]
[ID:1114| Order '8WC28CBK26' created | Generated 28346793 items | Pending 47635423 items]
[ID:1115| Order 'PK2VMGTWYU' created | Generated 28360260 items | Pending 47621956 items]
[ID:1116| Order 'H4JJ25035B' created | Generated 28402229 items | Pending 47579987 items]
[ID:1117| Order 'IPNB81VIB2' created | Generated 28452265 items | Pending 47529951 items]
[ID:1118| Order 'M2C4ODVNSN' created | Generated 28480414 items | Pending 47501802 items]
[ID:1119| Order 'IFCV10XZY7' created | Generated 28484083 items | Pending 47498133 items]
[ID:1120| Order '3GCN8ZE9BX' created | Generated 28523705 items | Pending 47458511 items]
[ID:1121| Order '5PY5AXFX8B' created | Generated 28541568 items | Pending 47440648 items]
[ID:1122| Order 'E8X27P720P' created | Generated 28562497 items | Pending 47419719 items]
[ID:1123| Order 'ZLR2Z33SAU' created | Generated 28590345 items | Pending 47391871 items]
[ID:1124| Order 'VW3JD2OZNK' created | Generated 28611393 items | Pending 47370823 items]
[ID:1125| Order 'T9ETHBE9TC' created | Generated 28642070 items | Pending 47340146 items]
[ID:1126| Order 'ZYMJ3C120B' created | Generated 28676411 items | Pending 47305805 items]
[ID:1127| Order 'ZYSO38ZLOW' created | Generated 28714651 items | Pending 47267565 items]
[ID:1128| Order 'ETILZW7I8M' created | Generated 28727659 items | Pending 47254557 items]
[ID:1129| Order 'Q4G723UG79' created | Generated 28752993 items | Pending 47229223 items]
[ID:1130| Order 'XNOCDGQ5AZ' created | Generated 28759757 items | Pending 47222459 items]
[ID:1131| Order '8RCG3N5QD3' created | Generated 28798031 items | Pending 47184185 items]
[ID:1132| Order '2Z9FTHPX6M' created | Generated 28846692 items | Pending 47135524 items]
[ID:1133| Order 'YGA7NYWJGP' created | Generated 28888771 items | Pending 47093445 items]
[ID:1134| Order '53A2WTV69O' created | Generated 28889386 items | Pending 47092830 items]
[ID:1135| Order '8FPFE686DF' created | Generated 28923716 items | Pending 47058500 items]
[ID:1136| Order '32N4RTAT5Z' created | Generated 28974362 items | Pending 47007854 items]
[ID:1137| Order '4MXTR72UN7' created | Generated 29022257 items | Pending 46959959 items]
[ID:1138| Order 'AVWACBZSUE' created | Generated 29034080 items | Pending 46948136 items]
[ID:1139| Order 'A4CI9FE6JU' created | Generated 29066149 items | Pending 46916067 items]
[ID:1140| Order 'KGFA8223MD' created | Generated 29108790 items | Pending 46873426 items]
[ID:1141| Order '61CD7KGAEU' created | Generated 29150871 items | Pending 46831345 items]
[ID:1142| Order 'POYBLZJE8F' created | Generated 29170867 items | Pending 46811349 items]
[ID:1143| Order 'XV71BP360P' created | Generated 29196286 items | Pending 46785930 items]
[ID:1144| Order 'WPQAFADDS9' created | Generated 29238172 items | Pending 46744044 items]
[ID:1145| Order 'IX1EZQPQ6Y' created | Generated 29287069 items | Pending 46695147 items]
[ID:1146| Order '0GLXOW1G43' created | Generated 29329518 items | Pending 46652698 items]
[ID:1147| Order 'JRP525CMW1' created | Generated 29360015 items | Pending 46622201 items]
[ID:1148| Order '6Y6FNAIYGW' created | Generated 29392493 items | Pending 46589723 items]
[ID:1149| Order 'QR6LV1W2K0' created | Generated 29427633 items | Pending 46554583 items]
[ID:1150| Order '92U450NGBI' created | Generated 29443537 items | Pending 46538679 items]
[ID:1151| Order '9RNJKFMXBE' created | Generated 29486338 items | Pending 46495878 items]
[ID:1152| Order 'VRYTHR31X0' created | Generated 29519928 items | Pending 46462288 items]
[ID:1153| Order '2I26ZDGR0D' created | Generated 29542552 items | Pending 46439664 items]
[ID:1154| Order 'ONFQ5O8VGZ' created | Generated 29545905 items | Pending 46436311 items]
[ID:1155| Order 'U9ACSTYGJU' created | Generated 29564566 items | Pending 46417650 items]
[ID:1156| Order 'ZRIJZX0PJ0' created | Generated 29611836 items | Pending 46370380 items]
[ID:1157| Order 'V43U5VWEGL' created | Generated 29612350 items | Pending 46369866 items]
[ID:1158| Order 'LFGWPESXZN' created | Generated 29653214 items | Pending 46329002 items]
[ID:1159| Order 'N0K1KNDOPE' created | Generated 29693397 items | Pending 46288819 items]
[ID:1160| Order 'M1WGSVD0UG' created | Generated 29695974 items | Pending 46286242 items]
[ID:1161| Order 'QKH1ELC2FL' created | Generated 29742946 items | Pending 46239270 items]
[ID:1162| Order 'SOW3MZTQ9Z' created | Generated 29787009 items | Pending 46195207 items]
[ID:1163| Order 'AC5GIL89M7' created | Generated 29799050 items | Pending 46183166 items]
[ID:1164| Order 'DAPUIL6TCM' created | Generated 29829909 items | Pending 46152307 items]
[ID:1165| Order '3012GAB5XE' created | Generated 29834409 items | Pending 46147807 items]
[ID:1166| Order 'H5P10PO5I7' created | Generated 29843737 items | Pending 46138479 items]
[ID:1167| Order '4T0CT2B3II' created | Generated 29849110 items | Pending 46133106 items]
[ID:1168| Order 'CS41QTJT6U' created | Generated 29890122 items | Pending 46092094 items]
[ID:1169| Order 'HJ5SA5YO1F' created | Generated 29918676 items | Pending 46063540 items]
[ID:1170| Order 'INTLNEQIND' created | Generated 29928987 items | Pending 46053229 items]
[ID:1171| Order 'BZW50RVZQ5' created | Generated 29947330 items | Pending 46034886 items]
[ID:1172| Order '8W3BEY90NK' created | Generated 29949424 items | Pending 46032792 items]
[ID:1173| Order 'MWI3UQZNCM' created | Generated 30000923 items | Pending 45981293 items]
[ID:1174| Order 'GVOLIACO1Q' created | Generated 30025642 items | Pending 45956574 items]
[ID:1175| Order 'NSPJP1ZDPG' created | Generated 30041625 items | Pending 45940591 items]
[ID:1176| Order 'RLEL1OEQPS' created | Generated 30078600 items | Pending 45903616 items]
[ID:1177| Order 'PMZSTO3IXJ' created | Generated 30119270 items | Pending 45862946 items]
[ID:1178| Order 'MOMOGQD4O6' created | Generated 30172446 items | Pending 45809770 items]
[ID:1179| Order 'YRCJTRR8WG' created | Generated 30215012 items | Pending 45767204 items]
[ID:1180| Order 'LIYVS5QFDA' created | Generated 30247001 items | Pending 45735215 items]
[ID:1181| Order 'FIQFGJ8LNH' created | Generated 30281859 items | Pending 45700357 items]
[ID:1182| Order 'GO71U39I6A' created | Generated 30322756 items | Pending 45659460 items]
[ID:1183| Order 'ZZPGTWKMZ8' created | Generated 30326391 items | Pending 45655825 items]
[ID:1184| Order 'MYDUTORS8C' created | Generated 30341129 items | Pending 45641087 items]
[ID:1185| Order '5B0VNYAS5J' created | Generated 30343503 items | Pending 45638713 items]
[ID:1186| Order 'J49PHU3NB6' created | Generated 30371303 items | Pending 45610913 items]
[ID:1187| Order 'WPCFMFMLYT' created | Generated 30403180 items | Pending 45579036 items]
[ID:1188| Order 'FFGSXTDHQ7' created | Generated 30407940 items | Pending 45574276 items]
[ID:1189| Order 'RM65WXJ1FT' created | Generated 30450005 items | Pending 45532211 items]
[ID:1190| Order '976U33GFCL' created | Generated 30454791 items | Pending 45527425 items]
[ID:1191| Order 'T850450A79' created | Generated 30496162 items | Pending 45486054 items]
[ID:1192| Order 'YL4KCCI853' created | Generated 30509852 items | Pending 45472364 items]
[ID:1193| Order 'PGIEK7DOY0' created | Generated 30548064 items | Pending 45434152 items]
[ID:1194| Order 'C10KEHLE2V' created | Generated 30553998 items | Pending 45428218 items]
[ID:1195| Order 'CY5PU4I0JC' created | Generated 30560538 items | Pending 45421678 items]
[ID:1196| Order 'P9MKQ1DN6K' created | Generated 30569385 items | Pending 45412831 items]
[ID:1197| Order 'OZOX44TGZO' created | Generated 30573283 items | Pending 45408933 items]
[ID:1198| Order 'K0724ID30D' created | Generated 30621450 items | Pending 45360766 items]
[ID:1199| Order 'KWUO2LKQ5N' created | Generated 30661380 items | Pending 45320836 items]
[ID:1200| Order 'TY9UG788BI' created | Generated 30703545 items | Pending 45278671 items]
[ID:1201| Order '0OYHY6Z4GQ' created | Generated 30728731 items | Pending 45253485 items]
[ID:1202| Order '9G9V87NNX5' created | Generated 30733728 items | Pending 45248488 items]
[ID:1203| Order 'ZNM96SSWIU' created | Generated 30764824 items | Pending 45217392 items]
[ID:1204| Order 'PYNLUE2OOQ' created | Generated 30778068 items | Pending 45204148 items]
[ID:1205| Order 'T3GC6GS9A8' created | Generated 30825976 items | Pending 45156240 items]
[ID:1206| Order 'UWPXNAWMBU' created | Generated 30826622 items | Pending 45155594 items]
[ID:1207| Order '30499I3BGU' created | Generated 30827959 items | Pending 45154257 items]
[ID:1208| Order '22LOTRPMRT' created | Generated 30839491 items | Pending 45142725 items]
[ID:1209| Order '9W14P56843' created | Generated 30888367 items | Pending 45093849 items]
[ID:1210| Order 'K4FV96BRTB' created | Generated 30897039 items | Pending 45085177 items]
[ID:1211| Order 'N1Z5Z036UL' created | Generated 30931139 items | Pending 45051077 items]
[ID:1212| Order '1T3UIEZOCT' created | Generated 30970239 items | Pending 45011977 items]
[ID:1213| Order 'L59WN7BY3W' created | Generated 31015566 items | Pending 44966650 items]
[ID:1214| Order 'MFQ3P495OV' created | Generated 31044914 items | Pending 44937302 items]
[ID:1215| Order '0C70Y0WBGR' created | Generated 31047375 items | Pending 44934841 items]
[ID:1216| Order '696G7RL7BX' created | Generated 31066663 items | Pending 44915553 items]
[ID:1217| Order 'NXHP2E6EN0' created | Generated 31082251 items | Pending 44899965 items]
[ID:1218| Order '33EISDKXGE' created | Generated 31105372 items | Pending 44876844 items]
[ID:1219| Order 'A6AEAOCJFA' created | Generated 31115730 items | Pending 44866486 items]
[ID:1220| Order 'Y89CZD95YL' created | Generated 31156469 items | Pending 44825747 items]
[ID:1221| Order 'PBR67923ZI' created | Generated 31171031 items | Pending 44811185 items]
[ID:1222| Order 'QOWTATOS59' created | Generated 31183692 items | Pending 44798524 items]
[ID:1223| Order 'YNH05BYWAX' created | Generated 31193657 items | Pending 44788559 items]
[ID:1224| Order '44SS1IZI5Q' created | Generated 31204401 items | Pending 44777815 items]
[ID:1225| Order 'L0OT7N1689' created | Generated 31219764 items | Pending 44762452 items]
[ID:1226| Order 'T6UIJDVN6O' created | Generated 31222225 items | Pending 44759991 items]
[ID:1227| Order 'S8IBZQ456G' created | Generated 31241861 items | Pending 44740355 items]
[ID:1228| Order 'LEK5EGTCHY' created | Generated 31293013 items | Pending 44689203 items]
[ID:1229| Order '8KG7LH696J' created | Generated 31299871 items | Pending 44682345 items]
[ID:1230| Order 'TXCV4TJ32A' created | Generated 31333868 items | Pending 44648348 items]
[ID:1231| Order 'O7Z0YYQKXM' created | Generated 31342135 items | Pending 44640081 items]
[ID:1232| Order 'R4HH5PRL0O' created | Generated 31380584 items | Pending 44601632 items]
[ID:1233| Order '049Z7IXCAD' created | Generated 31415302 items | Pending 44566914 items]
[ID:1234| Order '6KS9FNYFB6' created | Generated 31457891 items | Pending 44524325 items]
[ID:1235| Order '4WRSULOUSL' created | Generated 31488625 items | Pending 44493591 items]
[ID:1236| Order '78PTS74W6U' created | Generated 31528724 items | Pending 44453492 items]
[ID:1237| Order '3O4M0RUHZW' created | Generated 31566711 items | Pending 44415505 items]
[ID:1238| Order 'Q7U9N5D2SZ' created | Generated 31604693 items | Pending 44377523 items]
[ID:1239| Order '22AG2BULS7' created | Generated 31614275 items | Pending 44367941 items]
[ID:1240| Order 'U95FVUXYCI' created | Generated 31648968 items | Pending 44333248 items]
[ID:1241| Order 'YQCVTW37L9' created | Generated 31655324 items | Pending 44326892 items]
[ID:1242| Order 'ZMLW8VRHS3' created | Generated 31669872 items | Pending 44312344 items]
[ID:1243| Order 'CM1NJUUJL4' created | Generated 31685439 items | Pending 44296777 items]
[ID:1244| Order 'J2P599RSW9' created | Generated 31718379 items | Pending 44263837 items]
[ID:1245| Order 'JT1IOQOZ9U' created | Generated 31755308 items | Pending 44226908 items]
[ID:1246| Order 'W49NUAWYN3' created | Generated 31775153 items | Pending 44207063 items]
[ID:1247| Order 'X5BEBI8GSN' created | Generated 31825731 items | Pending 44156485 items]
[ID:1248| Order 'UXW4X5R0C4' created | Generated 31875872 items | Pending 44106344 items]
[ID:1249| Order 'T2RWGII6QE' created | Generated 31880630 items | Pending 44101586 items]
[ID:1250| Order '77ZMVFOYHM' created | Generated 31909805 items | Pending 44072411 items]
[ID:1251| Order 'MRKKMSCNEZ' created | Generated 31913957 items | Pending 44068259 items]
[ID:1252| Order 'WRR1HLVJ4K' created | Generated 31948918 items | Pending 44033298 items]
[ID:1253| Order '4NFY06OEO0' created | Generated 31954643 items | Pending 44027573 items]
[ID:1254| Order 'S1GBBLC6N6' created | Generated 31978513 items | Pending 44003703 items]
[ID:1255| Order '0K7PTX83CV' created | Generated 32010641 items | Pending 43971575 items]
[ID:1256| Order 'G3SF00XX85' created | Generated 32013614 items | Pending 43968602 items]
[ID:1257| Order 'OFAO4RGFN7' created | Generated 32060157 items | Pending 43922059 items]
[ID:1258| Order 'HNT9AOK2W2' created | Generated 32079679 items | Pending 43902537 items]
[ID:1259| Order 'PPP5KABCRQ' created | Generated 32097567 items | Pending 43884649 items]
[ID:1260| Order 'U08WODIVP3' created | Generated 32128075 items | Pending 43854141 items]
[ID:1261| Order '27STKPZNQ4' created | Generated 32170972 items | Pending 43811244 items]
[ID:1262| Order 'E6EA4SZZ79' created | Generated 32190335 items | Pending 43791881 items]
[ID:1263| Order 'E2LZHELS44' created | Generated 32228081 items | Pending 43754135 items]
[ID:1264| Order '6EP9UN27Z1' created | Generated 32234086 items | Pending 43748130 items]
[ID:1265| Order 'YE6FXRVXON' created | Generated 32283156 items | Pending 43699060 items]
[ID:1266| Order 'BFN19QHCLN' created | Generated 32330741 items | Pending 43651475 items]
[ID:1267| Order '9RD2WVRAUZ' created | Generated 32381556 items | Pending 43600660 items]
[ID:1268| Order 'RXFE1UH2PF' created | Generated 32430860 items | Pending 43551356 items]
[ID:1269| Order 'J4ABI3LELO' created | Generated 32434906 items | Pending 43547310 items]
[ID:1270| Order '7NNBUBUR2D' created | Generated 32472446 items | Pending 43509770 items]
[ID:1271| Order 'LL7UF7P8JH' created | Generated 32520126 items | Pending 43462090 items]
[ID:1272| Order 'J8FV1Q4RMZ' created | Generated 32564689 items | Pending 43417527 items]
[ID:1273| Order '014Z7VMP6O' created | Generated 32602793 items | Pending 43379423 items]
[ID:1274| Order 'ZVM3JPAXT1' created | Generated 32634573 items | Pending 43347643 items]
[ID:1275| Order 'N4VMQ6JHYB' created | Generated 32675380 items | Pending 43306836 items]
[ID:1276| Order '2K2YUP6BG4' created | Generated 32677241 items | Pending 43304975 items]
[ID:1277| Order 'TG0FKHRA1E' created | Generated 32723681 items | Pending 43258535 items]
[ID:1278| Order 'I7WDSID375' created | Generated 32757216 items | Pending 43225000 items]
[ID:1279| Order '6ZEAZOBAUA' created | Generated 32768515 items | Pending 43213701 items]
[ID:1280| Order 'ATC9VJKDEX' created | Generated 32796125 items | Pending 43186091 items]
[ID:1281| Order 'EO6HQ95HTZ' created | Generated 32824770 items | Pending 43157446 items]
[ID:1282| Order '9QCG0TSN0R' created | Generated 32846789 items | Pending 43135427 items]
[ID:1283| Order '575GM178WL' created | Generated 32892137 items | Pending 43090079 items]
[ID:1284| Order 'HR7U7ZNSW5' created | Generated 32906913 items | Pending 43075303 items]
[ID:1285| Order 'YTSHRTVQHU' created | Generated 32909572 items | Pending 43072644 items]
[ID:1286| Order 'KEDEMXRNW0' created | Generated 32929986 items | Pending 43052230 items]
[ID:1287| Order 'A26OVJC6YC' created | Generated 32951011 items | Pending 43031205 items]
[ID:1288| Order 'DYT8VQRQ9F' created | Generated 32995394 items | Pending 42986822 items]
[ID:1289| Order 'G33NWUK3LV' created | Generated 33036648 items | Pending 42945568 items]
[ID:1290| Order '9NIIF4YMOL' created | Generated 33061064 items | Pending 42921152 items]
[ID:1291| Order '6NV2WJZ0ZU' created | Generated 33103379 items | Pending 42878837 items]
[ID:1292| Order '0LNSBI685W' created | Generated 33128526 items | Pending 42853690 items]
[ID:1293| Order 'OPONL6HKRW' created | Generated 33148488 items | Pending 42833728 items]
[ID:1294| Order 'KW2T6ECMKH' created | Generated 33151586 items | Pending 42830630 items]
[ID:1295| Order 'I7R22ILKKS' created | Generated 33161397 items | Pending 42820819 items]
[ID:1296| Order 'KWTWB4443B' created | Generated 33195442 items | Pending 42786774 items]
[ID:1297| Order 'KV5C62YH0A' created | Generated 33212311 items | Pending 42769905 items]
[ID:1298| Order 'JPD606JNG9' created | Generated 33247970 items | Pending 42734246 items]
[ID:1299| Order 'K9DWDOEG91' created | Generated 33279070 items | Pending 42703146 items]
[ID:1300| Order 'OKI34W9U6W' created | Generated 33288731 items | Pending 42693485 items]
[ID:1301| Order 'MB8GTE1CYV' created | Generated 33304833 items | Pending 42677383 items]
[ID:1302| Order 'XKL8C6WJGV' created | Generated 33360902 items | Pending 42621314 items]
[ID:1303| Order 'IV6VBNJ37X' created | Generated 33363589 items | Pending 42618627 items]
[ID:1304| Order 'NINC8CF0Q3' created | Generated 33390892 items | Pending 42591324 items]
[ID:1305| Order 'PFT07W44OR' created | Generated 33392660 items | Pending 42589556 items]
[ID:1306| Order 'WK677431D0' created | Generated 33409010 items | Pending 42573206 items]
[ID:1307| Order 'HS68R7VRYS' created | Generated 33436080 items | Pending 42546136 items]
[ID:1308| Order 'VZX9XMM2WZ' created | Generated 33444378 items | Pending 42537838 items]
[ID:1309| Order 'HCB6AHHKA5' created | Generated 33473630 items | Pending 42508586 items]
[ID:1310| Order 'DO1DJYOIE9' created | Generated 33489541 items | Pending 42492675 items]
[ID:1311| Order 'D60BGOEGTY' created | Generated 33537849 items | Pending 42444367 items]
[ID:1312| Order 'XCLWITB303' created | Generated 33573205 items | Pending 42409011 items]
[ID:1313| Order 'EI9FIXGYKY' created | Generated 33601236 items | Pending 42380980 items]
[ID:1314| Order 'S1IVYCTC7X' created | Generated 33636085 items | Pending 42346131 items]
[ID:1315| Order '0XS2801Q6W' created | Generated 33670822 items | Pending 42311394 items]
[ID:1316| Order 'TDSDTT7QAO' created | Generated 33712770 items | Pending 42269446 items]
[ID:1317| Order 'FFWF9EZG24' created | Generated 33732269 items | Pending 42249947 items]
[ID:1318| Order 'FNJCI4YGS5' created | Generated 33776212 items | Pending 42206004 items]
[ID:1319| Order '8XVTQ03YH2' created | Generated 33779283 items | Pending 42202933 items]
[ID:1320| Order 'Z1LE62D5X7' created | Generated 33800129 items | Pending 42182087 items]
[ID:1321| Order '26CFO9DBT1' created | Generated 33803649 items | Pending 42178567 items]
[ID:1322| Order 'SP4UB4UG9N' created | Generated 33845087 items | Pending 42137129 items]
[ID:1323| Order 'JKVI9B4N04' created | Generated 33854477 items | Pending 42127739 items]
[ID:1324| Order 'FCVV8WPLNS' created | Generated 33899617 items | Pending 42082599 items]
[ID:1325| Order 'OAMR62OCMA' created | Generated 33936902 items | Pending 42045314 items]
[ID:1326| Order 'BEW1GLPX1F' created | Generated 33963672 items | Pending 42018544 items]
[ID:1327| Order 'JCL9TXEKS7' created | Generated 34008632 items | Pending 41973584 items]
[ID:1328| Order 'CEMRRHICPR' created | Generated 34050689 items | Pending 41931527 items]
[ID:1329| Order 'B5FFT0XBLH' created | Generated 34083936 items | Pending 41898280 items]
[ID:1330| Order 'PVY1TUKURA' created | Generated 34086872 items | Pending 41895344 items]
[ID:1331| Order 'D559L2YN8C' created | Generated 34097319 items | Pending 41884897 items]
[ID:1332| Order 'NBC649PIVV' created | Generated 34101960 items | Pending 41880256 items]
[ID:1333| Order 'EUPTK328WH' created | Generated 34106427 items | Pending 41875789 items]
[ID:1334| Order 'ENQ9FCB34W' created | Generated 34107605 items | Pending 41874611 items]
[ID:1335| Order 'PM5BQRE4YJ' created | Generated 34124291 items | Pending 41857925 items]
[ID:1336| Order '86JUOKJCPS' created | Generated 34159711 items | Pending 41822505 items]
[ID:1337| Order '9M4K0RSE2S' created | Generated 34201230 items | Pending 41780986 items]
[ID:1338| Order '09737NKBP2' created | Generated 34224695 items | Pending 41757521 items]
[ID:1339| Order 'WLGTD4VDIF' created | Generated 34225603 items | Pending 41756613 items]
[ID:1340| Order '1O5U49YB6Y' created | Generated 34255334 items | Pending 41726882 items]
[ID:1341| Order 'MP1NYBWBEN' created | Generated 34302318 items | Pending 41679898 items]
[ID:1342| Order 'IF3SMAXYG5' created | Generated 34315133 items | Pending 41667083 items]
[ID:1343| Order '8XRPKKELH7' created | Generated 34356871 items | Pending 41625345 items]
[ID:1344| Order '3GGC4E2A80' created | Generated 34394655 items | Pending 41587561 items]
[ID:1345| Order 'S792PA0PZN' created | Generated 34432956 items | Pending 41549260 items]
[ID:1346| Order '6RS2X8OWKY' created | Generated 34471591 items | Pending 41510625 items]
[ID:1347| Order '1P3AUG32JV' created | Generated 34489296 items | Pending 41492920 items]
[ID:1348| Order 'HW5X8F3PPF' created | Generated 34494567 items | Pending 41487649 items]
[ID:1349| Order 'G5CP7IFABH' created | Generated 34533064 items | Pending 41449152 items]
[ID:1350| Order 'GZTIO780DF' created | Generated 34568841 items | Pending 41413375 items]
[ID:1351| Order 'M3UVSR4JTK' created | Generated 34573921 items | Pending 41408295 items]
[ID:1352| Order 'FOZ7M54W7F' created | Generated 34612793 items | Pending 41369423 items]
[ID:1353| Order 'MDX2OD6E3D' created | Generated 34633155 items | Pending 41349061 items]
[ID:1354| Order 'QQYQ0BLNSS' created | Generated 34684105 items | Pending 41298111 items]
[ID:1355| Order 'YWV3U4AXRQ' created | Generated 34717292 items | Pending 41264924 items]
[ID:1356| Order 'P7ZF1MZZQ7' created | Generated 34721515 items | Pending 41260701 items]
[ID:1357| Order 'V924ERMGZJ' created | Generated 34736669 items | Pending 41245547 items]
[ID:1358| Order 'SFSO81YTDB' created | Generated 34768414 items | Pending 41213802 items]
[ID:1359| Order 'V0705CDNYP' created | Generated 34800733 items | Pending 41181483 items]
[ID:1360| Order '07QM9APGB4' created | Generated 34841280 items | Pending 41140936 items]
[ID:1361| Order 'PS5IBJMST8' created | Generated 34883381 items | Pending 41098835 items]
[ID:1362| Order 'S50837WZXU' created | Generated 34932016 items | Pending 41050200 items]
[ID:1363| Order 'JL04VHLJQ2' created | Generated 34971845 items | Pending 41010371 items]
[ID:1364| Order '6923UBNKSS' created | Generated 35007171 items | Pending 40975045 items]
[ID:1365| Order 'AQYS5STLNA' created | Generated 35026344 items | Pending 40955872 items]
[ID:1366| Order '4VF9DBOQSK' created | Generated 35050127 items | Pending 40932089 items]
[ID:1367| Order 'I7UP5BOWU8' created | Generated 35073993 items | Pending 40908223 items]
[ID:1368| Order 'SB3AJDRKV0' created | Generated 35092381 items | Pending 40889835 items]
[ID:1369| Order 'PGWEZ3A7G1' created | Generated 35121593 items | Pending 40860623 items]
[ID:1370| Order 'TGRCLPH779' created | Generated 35155431 items | Pending 40826785 items]
[ID:1371| Order '2UZOCHS90S' created | Generated 35162909 items | Pending 40819307 items]
[ID:1372| Order 'GYKOJ33B20' created | Generated 35184448 items | Pending 40797768 items]
[ID:1373| Order '6RK530068I' created | Generated 35211990 items | Pending 40770226 items]
[ID:1374| Order '3G9CXRKNO3' created | Generated 35212930 items | Pending 40769286 items]
[ID:1375| Order '3B5X3COISV' created | Generated 35252016 items | Pending 40730200 items]
[ID:1376| Order 'K5CZZFY2CV' created | Generated 35293901 items | Pending 40688315 items]
[ID:1377| Order 'JEUL87KPRU' created | Generated 35319910 items | Pending 40662306 items]
[ID:1378| Order 'OF69ZPPNK3' created | Generated 35320780 items | Pending 40661436 items]
[ID:1379| Order 'UWN5BRY184' created | Generated 35328215 items | Pending 40654001 items]
[ID:1380| Order 'EMTPUGGZ2G' created | Generated 35337503 items | Pending 40644713 items]
[ID:1381| Order 'YOQ2ZHV0UX' created | Generated 35366850 items | Pending 40615366 items]
[ID:1382| Order 'KZYW47OQ6E' created | Generated 35404376 items | Pending 40577840 items]
[ID:1383| Order '26SRNWO534' created | Generated 35449629 items | Pending 40532587 items]
[ID:1384| Order 'QIG7868SZV' created | Generated 35470109 items | Pending 40512107 items]
[ID:1385| Order 'W5MG6D89BM' created | Generated 35510566 items | Pending 40471650 items]
[ID:1386| Order '4ZWDRWKO6H' created | Generated 35515377 items | Pending 40466839 items]
[ID:1387| Order 'FASOZU1IFR' created | Generated 35518490 items | Pending 40463726 items]
[ID:1388| Order 'VB28G3898C' created | Generated 35537027 items | Pending 40445189 items]
[ID:1389| Order '31Q4RPJ2T7' created | Generated 35545297 items | Pending 40436919 items]
[ID:1390| Order '2FD998UDN9' created | Generated 35571122 items | Pending 40411094 items]
[ID:1391| Order '3724BSAR4W' created | Generated 35578811 items | Pending 40403405 items]
[ID:1392| Order 'HQPTT7PYSY' created | Generated 35597047 items | Pending 40385169 items]
[ID:1393| Order '5D58SO5QD9' created | Generated 35603725 items | Pending 40378491 items]
[ID:1394| Order 'X5NSIL0HSG' created | Generated 35640215 items | Pending 40342001 items]
[ID:1395| Order '33136XPFGS' created | Generated 35681663 items | Pending 40300553 items]
[ID:1396| Order 'HF65YK70R5' created | Generated 35719815 items | Pending 40262401 items]
[ID:1397| Order 'DBDVMN6ZM6' created | Generated 35748138 items | Pending 40234078 items]
[ID:1398| Order 'IHWC5QJB1I' created | Generated 35770609 items | Pending 40211607 items]
[ID:1399| Order 'NYZ4X8VGLS' created | Generated 35809040 items | Pending 40173176 items]
[ID:1400| Order 'L3UKI5IV6T' created | Generated 35858500 items | Pending 40123716 items]
[ID:1401| Order 'DMMNMT0178' created | Generated 35868417 items | Pending 40113799 items]
[ID:1402| Order 'HQ1DJ5VTLW' created | Generated 35873579 items | Pending 40108637 items]
[ID:1403| Order 'NF2AMENHB5' created | Generated 35882312 items | Pending 40099904 items]
[ID:1404| Order 'C4CWQUAZN4' created | Generated 35909401 items | Pending 40072815 items]
[ID:1405| Order 'RUNOX1ZKMJ' created | Generated 35939255 items | Pending 40042961 items]
[ID:1406| Order 'PNLD98CATH' created | Generated 35979068 items | Pending 40003148 items]
[ID:1407| Order 'PW10UG4T5I' created | Generated 36025056 items | Pending 39957160 items]
[ID:1408| Order 'MPXD0XQTD4' created | Generated 36043007 items | Pending 39939209 items]
[ID:1409| Order 'PYUE17NX24' created | Generated 36053734 items | Pending 39928482 items]
[ID:1410| Order 'T9SN8L0GWX' created | Generated 36103986 items | Pending 39878230 items]
[ID:1411| Order 'U3E7UEZENI' created | Generated 36115670 items | Pending 39866546 items]
[ID:1412| Order 'DK19S2MEZP' created | Generated 36141392 items | Pending 39840824 items]
[ID:1413| Order 'IJYATUGUDK' created | Generated 36172522 items | Pending 39809694 items]
[ID:1414| Order 'U6KTDC3VO8' created | Generated 36198964 items | Pending 39783252 items]
[ID:1415| Order 'LC6J0O7X9M' created | Generated 36242141 items | Pending 39740075 items]
[ID:1416| Order 'DGBGZ3U6Q3' created | Generated 36252727 items | Pending 39729489 items]
[ID:1417| Order 'BTV4KLU9LP' created | Generated 36272518 items | Pending 39709698 items]
[ID:1418| Order 'IV0OSVI590' created | Generated 36303584 items | Pending 39678632 items]
[ID:1419| Order 'VBI1F0SPNO' created | Generated 36322372 items | Pending 39659844 items]
[ID:1420| Order 'ODQG2BLF1T' created | Generated 36372969 items | Pending 39609247 items]
[ID:1421| Order 'N2LWF4SLLS' created | Generated 36408477 items | Pending 39573739 items]
[ID:1422| Order '5DONXGYLOU' created | Generated 36425896 items | Pending 39556320 items]
[ID:1423| Order 'B7KUH1DFGR' created | Generated 36437530 items | Pending 39544686 items]
[ID:1424| Order 'KFD75GYM9P' created | Generated 36476861 items | Pending 39505355 items]
[ID:1425| Order '0RDJFWJ49N' created | Generated 36502756 items | Pending 39479460 items]
[ID:1426| Order '0LNUUXVSXE' created | Generated 36506179 items | Pending 39476037 items]
[ID:1427| Order 'I24CRJ9VGE' created | Generated 36538517 items | Pending 39443699 items]
[ID:1428| Order 'RJP4B182G0' created | Generated 36545659 items | Pending 39436557 items]
[ID:1429| Order 'A5IRQ1YPZ6' created | Generated 36568564 items | Pending 39413652 items]
[ID:1430| Order 'OL3KEI1GGE' created | Generated 36600311 items | Pending 39381905 items]
[ID:1431| Order 'VGBDTODNND' created | Generated 36628299 items | Pending 39353917 items]
[ID:1432| Order 'B5L8AABS3K' created | Generated 36644880 items | Pending 39337336 items]
[ID:1433| Order '2E1S0V3O2A' created | Generated 36654751 items | Pending 39327465 items]
[ID:1434| Order 'UF7XDPRHXC' created | Generated 36664910 items | Pending 39317306 items]
[ID:1435| Order '3DHUIGD97N' created | Generated 36669839 items | Pending 39312377 items]
[ID:1436| Order 'JOWTJ5UDIX' created | Generated 36671267 items | Pending 39310949 items]
[ID:1437| Order 'U8Y8G5IRY3' created | Generated 36687908 items | Pending 39294308 items]
[ID:1438| Order '3EOUZL6VB2' created | Generated 36701795 items | Pending 39280421 items]
[ID:1439| Order '1TUYSUWILF' created | Generated 36706677 items | Pending 39275539 items]
[ID:1440| Order '1INV9UT6XS' created | Generated 36710222 items | Pending 39271994 items]
[ID:1441| Order '3T02BOIHEC' created | Generated 36746292 items | Pending 39235924 items]
[ID:1442| Order 'HG4MTMRF4R' created | Generated 36769753 items | Pending 39212463 items]
[ID:1443| Order '0FOMUIDRJT' created | Generated 36787461 items | Pending 39194755 items]
[ID:1444| Order 'AK0831IFQS' created | Generated 36816438 items | Pending 39165778 items]
[ID:1445| Order 'MWZ6DBYCEJ' created | Generated 36845799 items | Pending 39136417 items]
[ID:1446| Order 'UZ56B27TFP' created | Generated 36865073 items | Pending 39117143 items]
[ID:1447| Order 'S5VCL2EWIQ' created | Generated 36883630 items | Pending 39098586 items]
[ID:1448| Order 'VTW1ULLQRI' created | Generated 36917657 items | Pending 39064559 items]
[ID:1449| Order '6FDHH102H9' created | Generated 36922499 items | Pending 39059717 items]
[ID:1450| Order '346OQFYRCA' created | Generated 36926147 items | Pending 39056069 items]
[ID:1451| Order 'OJUFNGB50D' created | Generated 36967764 items | Pending 39014452 items]
[ID:1452| Order 'WDUXDXW075' created | Generated 36993643 items | Pending 38988573 items]
[ID:1453| Order 'PGZZ5UC87B' created | Generated 37027080 items | Pending 38955136 items]
[ID:1454| Order 'KGPWN2ZEEY' created | Generated 37029546 items | Pending 38952670 items]
[ID:1455| Order 'TIK5PLBWTC' created | Generated 37062721 items | Pending 38919495 items]
[ID:1456| Order '90P19KW5GL' created | Generated 37071230 items | Pending 38910986 items]
[ID:1457| Order '8XSE3QUHZ1' created | Generated 37100228 items | Pending 38881988 items]
[ID:1458| Order '9RFQZP4ELT' created | Generated 37113848 items | Pending 38868368 items]
[ID:1459| Order 'IXRY0ITNSU' created | Generated 37162378 items | Pending 38819838 items]
[ID:1460| Order 'GN4Z2RY7LN' created | Generated 37167110 items | Pending 38815106 items]
[ID:1461| Order 'TB76Z90D6Z' created | Generated 37188615 items | Pending 38793601 items]
[ID:1462| Order '2O9YNM7AI5' created | Generated 37198813 items | Pending 38783403 items]
[ID:1463| Order 'QMIUGUAWRM' created | Generated 37237647 items | Pending 38744569 items]
[ID:1464| Order 'PDBFYDABCJ' created | Generated 37261446 items | Pending 38720770 items]
[ID:1465| Order 'CDUDQPBC3D' created | Generated 37264418 items | Pending 38717798 items]
[ID:1466| Order 'ZAEE917KDF' created | Generated 37278778 items | Pending 38703438 items]
[ID:1467| Order '7I3HI2DIKK' created | Generated 37311313 items | Pending 38670903 items]
[ID:1468| Order 'KRUC2DH5QI' created | Generated 37323409 items | Pending 38658807 items]
[ID:1469| Order 'LM1IHZ43Z8' created | Generated 37363631 items | Pending 38618585 items]
[ID:1470| Order 'CIXOENSOW8' created | Generated 37372059 items | Pending 38610157 items]
[ID:1471| Order 'EW4KSWK619' created | Generated 37391739 items | Pending 38590477 items]
[ID:1472| Order '5UG6JHNKIO' created | Generated 37410446 items | Pending 38571770 items]
[ID:1473| Order 'QAI96CPPBY' created | Generated 37454391 items | Pending 38527825 items]
[ID:1474| Order '75GKI0WC4X' created | Generated 37478523 items | Pending 38503693 items]
[ID:1475| Order 'O2TBNU6XXH' created | Generated 37525400 items | Pending 38456816 items]
[ID:1476| Order '01W8CU9BFH' created | Generated 37540778 items | Pending 38441438 items]
[ID:1477| Order 'L6MGLQ9MM8' created | Generated 37590973 items | Pending 38391243 items]
[ID:1478| Order 'I4H3F85Z9Q' created | Generated 37633084 items | Pending 38349132 items]
[ID:1479| Order 'UK61FSDVYY' created | Generated 37678703 items | Pending 38303513 items]
[ID:1480| Order 'A9S18CS31R' created | Generated 37716555 items | Pending 38265661 items]
[ID:1481| Order 'OIO4NGD2OD' created | Generated 37753507 items | Pending 38228709 items]
[ID:1482| Order 'KCJFI2AIX3' created | Generated 37777652 items | Pending 38204564 items]
[ID:1483| Order '7DR56D2R5C' created | Generated 37787908 items | Pending 38194308 items]
[ID:1484| Order '3GO8NPFUT9' created | Generated 37823695 items | Pending 38158521 items]
[ID:1485| Order 'VTVNSCAD49' created | Generated 37872978 items | Pending 38109238 items]
[ID:1486| Order 'KJ3MKV4XFZ' created | Generated 37918256 items | Pending 38063960 items]
[ID:1487| Order 'H360ZZ2NYJ' created | Generated 37920868 items | Pending 38061348 items]
[ID:1488| Order 'WVAZ6FL10C' created | Generated 37969425 items | Pending 38012791 items]
[ID:1489| Order 'MVQCMGBOQ4' created | Generated 37998215 items | Pending 37984001 items]
[ID:1490| Order '36VRF8DZ46' created | Generated 38028697 items | Pending 37953519 items]
[ID:1491| Order 'GUP5F3BBVR' created | Generated 38056574 items | Pending 37925642 items]
[ID:1492| Order 'DLA0CEUGY2' created | Generated 38081920 items | Pending 37900296 items]
[ID:1493| Order 'XUI848IIAN' created | Generated 38110976 items | Pending 37871240 items]
[ID:1494| Order 'U0W6D56AVM' created | Generated 38122324 items | Pending 37859892 items]
[ID:1495| Order 'OCEWJ88L4F' created | Generated 38139719 items | Pending 37842497 items]
[ID:1496| Order 'GISXOEYCS7' created | Generated 38165715 items | Pending 37816501 items]
[ID:1497| Order '19OLPWH0IZ' created | Generated 38179579 items | Pending 37802637 items]
[ID:1498| Order '3IY6T0RKTC' created | Generated 38216534 items | Pending 37765682 items]
[ID:1499| Order 'Z7SP0OWZO8' created | Generated 38271109 items | Pending 37711107 items]
[ID:1500| Order '5WVZ69N3G6' created | Generated 38296584 items | Pending 37685632 items]
[ID:1501| Order 'NGDXEAUB41' created | Generated 38346258 items | Pending 37635958 items]
[ID:1502| Order 'CX0B7T4Q3S' created | Generated 38360428 items | Pending 37621788 items]
[ID:1503| Order 'CWC82GYSP5' created | Generated 38400351 items | Pending 37581865 items]
[ID:1504| Order 'YYL2U1OGGF' created | Generated 38416514 items | Pending 37565702 items]
[ID:1505| Order '6EOQ0I052C' created | Generated 38461783 items | Pending 37520433 items]
[ID:1506| Order '71LMAS8TP8' created | Generated 38465571 items | Pending 37516645 items]
[ID:1507| Order '3EW1X8LOK8' created | Generated 38504448 items | Pending 37477768 items]
[ID:1508| Order 'QPEH0AYMAO' created | Generated 38543225 items | Pending 37438991 items]
[ID:1509| Order 'NBYRF38PWE' created | Generated 38563223 items | Pending 37418993 items]
[ID:1510| Order '0BQ2D1WNW6' created | Generated 38570459 items | Pending 37411757 items]
[ID:1511| Order 'T4VZ7IZU70' created | Generated 38583887 items | Pending 37398329 items]
[ID:1512| Order '7X81NLDPSF' created | Generated 38592804 items | Pending 37389412 items]
[ID:1513| Order 'FCAAW98YFM' created | Generated 38622777 items | Pending 37359439 items]
[ID:1514| Order 'NXTWHKPHMI' created | Generated 38630234 items | Pending 37351982 items]
[ID:1515| Order '05JS5K1408' created | Generated 38679517 items | Pending 37302699 items]
[ID:1516| Order 'GZHA14IFH6' created | Generated 38731303 items | Pending 37250913 items]
[ID:1517| Order 'DWTC9ZE8R1' created | Generated 38767871 items | Pending 37214345 items]
[ID:1518| Order 'GJULG82V5B' created | Generated 38791022 items | Pending 37191194 items]
[ID:1519| Order 'ZB22ZVSAJT' created | Generated 38793529 items | Pending 37188687 items]
[ID:1520| Order 'U4CYKIBRZS' created | Generated 38840711 items | Pending 37141505 items]
[ID:1521| Order 'R45Y5R71XH' created | Generated 38871408 items | Pending 37110808 items]
[ID:1522| Order 'YJGVLAJ7MG' created | Generated 38873508 items | Pending 37108708 items]
[ID:1523| Order '7MOT1A5D7O' created | Generated 38905528 items | Pending 37076688 items]
[ID:1524| Order 'X30J5ZGTCL' created | Generated 38927477 items | Pending 37054739 items]
[ID:1525| Order 'Q3HID5VUFZ' created | Generated 38958659 items | Pending 37023557 items]
[ID:1526| Order 'PC9CTA3QVO' created | Generated 38983694 items | Pending 36998522 items]
[ID:1527| Order 'Q29XGD1URI' created | Generated 39017072 items | Pending 36965144 items]
[ID:1528| Order 'NAO2PTEHPZ' created | Generated 39020004 items | Pending 36962212 items]
[ID:1529| Order 'ZZP38L92GG' created | Generated 39051955 items | Pending 36930261 items]
[ID:1530| Order 'DDKURR9ORI' created | Generated 39079684 items | Pending 36902532 items]
[ID:1531| Order 'PRMO4WRSYT' created | Generated 39111839 items | Pending 36870377 items]
[ID:1532| Order 'PGF6CGXTSJ' created | Generated 39118167 items | Pending 36864049 items]
[ID:1533| Order 'RHPGJC7OGC' created | Generated 39130793 items | Pending 36851423 items]
[ID:1534| Order 'NGEGWTEGRM' created | Generated 39151219 items | Pending 36830997 items]
[ID:1535| Order 'W7Z2UZSU6X' created | Generated 39169139 items | Pending 36813077 items]
[ID:1536| Order 'R5KIIK2WMN' created | Generated 39221914 items | Pending 36760302 items]
[ID:1537| Order '1U8HUAJ56T' created | Generated 39226432 items | Pending 36755784 items]
[ID:1538| Order 'O1DRVRM7PT' created | Generated 39253113 items | Pending 36729103 items]
[ID:1539| Order 'MJMR4FAFJX' created | Generated 39289298 items | Pending 36692918 items]
[ID:1540| Order 'TIQM23EAAK' created | Generated 39296224 items | Pending 36685992 items]
[ID:1541| Order 'ZNKWUCOSQC' created | Generated 39332473 items | Pending 36649743 items]
[ID:1542| Order 'DR80J0ED8V' created | Generated 39374261 items | Pending 36607955 items]
[ID:1543| Order 'EIVE0SUUF3' created | Generated 39404584 items | Pending 36577632 items]
[ID:1544| Order 'SU4F64SEI6' created | Generated 39444126 items | Pending 36538090 items]
[ID:1545| Order 'YE1GDOVC34' created | Generated 39453721 items | Pending 36528495 items]
[ID:1546| Order 'JYN1JGCFFQ' created | Generated 39462214 items | Pending 36520002 items]
[ID:1547| Order 'KZOZ6FR8WD' created | Generated 39480748 items | Pending 36501468 items]
[ID:1548| Order 'ITGDQJUIGD' created | Generated 39507621 items | Pending 36474595 items]
[ID:1549| Order 'ZYGAKX6CP3' created | Generated 39530877 items | Pending 36451339 items]
[ID:1550| Order 'ZY3K48U9HQ' created | Generated 39549487 items | Pending 36432729 items]
[ID:1551| Order 'EACJ7B4U6H' created | Generated 39586449 items | Pending 36395767 items]
[ID:1552| Order '31OPMS7DKR' created | Generated 39625606 items | Pending 36356610 items]
[ID:1553| Order 'Z78IW1ZI8S' created | Generated 39668514 items | Pending 36313702 items]
[ID:1554| Order 'I1ZBK29H8E' created | Generated 39685297 items | Pending 36296919 items]
[ID:1555| Order '7P4CTCR4KH' created | Generated 39721254 items | Pending 36260962 items]
[ID:1556| Order '6F1H8RN4OU' created | Generated 39754651 items | Pending 36227565 items]
[ID:1557| Order '2U22YY39DH' created | Generated 39777243 items | Pending 36204973 items]
[ID:1558| Order 'OZP64B54P8' created | Generated 39795232 items | Pending 36186984 items]
[ID:1559| Order '6MW76V7D5L' created | Generated 39822998 items | Pending 36159218 items]
[ID:1560| Order '79XMXRTR25' created | Generated 39828235 items | Pending 36153981 items]
[ID:1561| Order 'JE1RB9MY84' created | Generated 39877573 items | Pending 36104643 items]
[ID:1562| Order '2Y2ZEPL0JQ' created | Generated 39925593 items | Pending 36056623 items]
[ID:1563| Order '3BPBDNOUN2' created | Generated 39956485 items | Pending 36025731 items]
[ID:1564| Order 'ZWEVBPV2EY' created | Generated 39979587 items | Pending 36002629 items]
[ID:1565| Order 'YBTQ5NCX41' created | Generated 40010769 items | Pending 35971447 items]
[ID:1566| Order 'VDITHHKJKG' created | Generated 40042050 items | Pending 35940166 items]
[ID:1567| Order '3CX29IYGZP' created | Generated 40090534 items | Pending 35891682 items]
[ID:1568| Order 'K5TCP7EU74' created | Generated 40116006 items | Pending 35866210 items]
[ID:1569| Order '2U4U3C81H7' created | Generated 40120220 items | Pending 35861996 items]
[ID:1570| Order 'H68IINHEN6' created | Generated 40158429 items | Pending 35823787 items]
[ID:1571| Order 'IIZ8ERC3E9' created | Generated 40170092 items | Pending 35812124 items]
[ID:1572| Order '0VM8PKXR0S' created | Generated 40183257 items | Pending 35798959 items]
[ID:1573| Order '0WLAXLW4HZ' created | Generated 40211704 items | Pending 35770512 items]
[ID:1574| Order 'V286UOQQFD' created | Generated 40258600 items | Pending 35723616 items]
[ID:1575| Order '6NBOCKV5OV' created | Generated 40269392 items | Pending 35712824 items]
[ID:1576| Order 'TMN2KETWQU' created | Generated 40279258 items | Pending 35702958 items]
[ID:1577| Order 'P181O865O7' created | Generated 40301821 items | Pending 35680395 items]
[ID:1578| Order '18IDFA2WLW' created | Generated 40314196 items | Pending 35668020 items]
[ID:1579| Order 'DPEAXIQUNZ' created | Generated 40317977 items | Pending 35664239 items]
[ID:1580| Order 'EV7ZSNV9SA' created | Generated 40348555 items | Pending 35633661 items]
[ID:1581| Order 'B2UON5KESD' created | Generated 40372353 items | Pending 35609863 items]
[ID:1582| Order '6GZFPVVSXX' created | Generated 40375219 items | Pending 35606997 items]
[ID:1583| Order 'QYUET5F7ZS' created | Generated 40409183 items | Pending 35573033 items]
[ID:1584| Order 'EPH2YHBG9Y' created | Generated 40418258 items | Pending 35563958 items]
[ID:1585| Order 'DB1G2686TG' created | Generated 40428172 items | Pending 35554044 items]
[ID:1586| Order 'VR776ND14U' created | Generated 40440845 items | Pending 35541371 items]
[ID:1587| Order '0HHYMVL46Q' created | Generated 40484687 items | Pending 35497529 items]
[ID:1588| Order 'AWBQQOPCJX' created | Generated 40514257 items | Pending 35467959 items]
[ID:1589| Order 'TRUR07XVU7' created | Generated 40561036 items | Pending 35421180 items]
[ID:1590| Order 'JPIIE6DRMH' created | Generated 40567691 items | Pending 35414525 items]
[ID:1591| Order 'T8KB15MQZ2' created | Generated 40581780 items | Pending 35400436 items]
[ID:1592| Order 'H64RL0OSPN' created | Generated 40631336 items | Pending 35350880 items]
[ID:1593| Order '1O8FRQJL1T' created | Generated 40642007 items | Pending 35340209 items]
[ID:1594| Order '9LNOLAP0AU' created | Generated 40645486 items | Pending 35336730 items]
[ID:1595| Order '25C3FSPTDB' created | Generated 40667576 items | Pending 35314640 items]
[ID:1596| Order '0TC8XLP9TP' created | Generated 40669116 items | Pending 35313100 items]
[ID:1597| Order '894WB2F7EH' created | Generated 40690656 items | Pending 35291560 items]
[ID:1598| Order 'MMH1MZHLJ7' created | Generated 40713634 items | Pending 35268582 items]
[ID:1599| Order 'WHKPQSIAEF' created | Generated 40724598 items | Pending 35257618 items]
[ID:1600| Order 'F4PPPIQ9QT' created | Generated 40732070 items | Pending 35250146 items]
[ID:1601| Order '4CW75NNG09' created | Generated 40735430 items | Pending 35246786 items]
[ID:1602| Order 'PS0FU7S9MT' created | Generated 40771847 items | Pending 35210369 items]
[ID:1603| Order '19XLUYMZCM' created | Generated 40794820 items | Pending 35187396 items]
[ID:1604| Order 'J5P3PTN1N7' created | Generated 40811303 items | Pending 35170913 items]
[ID:1605| Order 'OWBI7DW2DI' created | Generated 40822348 items | Pending 35159868 items]
[ID:1606| Order 'PK1FHV2670' created | Generated 40840648 items | Pending 35141568 items]
[ID:1607| Order 'PH1PE0KPWW' created | Generated 40874983 items | Pending 35107233 items]
[ID:1608| Order 'ZNKPSCPD0K' created | Generated 40900645 items | Pending 35081571 items]
[ID:1609| Order '98QXZ459G0' created | Generated 40936192 items | Pending 35046024 items]
[ID:1610| Order '50JJOC5F7U' created | Generated 40960058 items | Pending 35022158 items]
[ID:1611| Order '0RELRR23RQ' created | Generated 40992640 items | Pending 34989576 items]
[ID:1612| Order 'VR27B26KIJ' created | Generated 41010967 items | Pending 34971249 items]
[ID:1613| Order '4E7BWXLEK9' created | Generated 41060388 items | Pending 34921828 items]
[ID:1614| Order '3W7NKF9FRF' created | Generated 41085113 items | Pending 34897103 items]
[ID:1615| Order 'M4PEIZPCO9' created | Generated 41102454 items | Pending 34879762 items]
[ID:1616| Order 'FOZN8WKOU9' created | Generated 41156851 items | Pending 34825365 items]
[ID:1617| Order '0H4IDQLKBS' created | Generated 41178781 items | Pending 34803435 items]
[ID:1618| Order 'YIX8QVBEFE' created | Generated 41201797 items | Pending 34780419 items]
[ID:1619| Order 'S8UEA67TM0' created | Generated 41209824 items | Pending 34772392 items]
[ID:1620| Order 'N9V5U83L07' created | Generated 41245110 items | Pending 34737106 items]
[ID:1621| Order 'TWHJODX63B' created | Generated 41282080 items | Pending 34700136 items]
[ID:1622| Order 'SO3X8UWEZX' created | Generated 41295585 items | Pending 34686631 items]
[ID:1623| Order 'QE097FHGQV' created | Generated 41342745 items | Pending 34639471 items]
[ID:1624| Order 'ZE9ILHRKKE' created | Generated 41379504 items | Pending 34602712 items]
[ID:1625| Order '7X85UUDTCJ' created | Generated 41403583 items | Pending 34578633 items]
[ID:1626| Order 'JFT8PMMC6N' created | Generated 41417821 items | Pending 34564395 items]
[ID:1627| Order 'FIEU6VP845' created | Generated 41451223 items | Pending 34530993 items]
[ID:1628| Order 'AV3P4IH2M5' created | Generated 41485213 items | Pending 34497003 items]
[ID:1629| Order 'X8RKAT7W9Q' created | Generated 41532302 items | Pending 34449914 items]
[ID:1630| Order '8LJI8CI2VP' created | Generated 41556593 items | Pending 34425623 items]
[ID:1631| Order '2GBPF53E05' created | Generated 41560020 items | Pending 34422196 items]
[ID:1632| Order 'HGV5IH1BFA' created | Generated 41567595 items | Pending 34414621 items]
[ID:1633| Order '086EZPBK1O' created | Generated 41567955 items | Pending 34414261 items]
[ID:1634| Order 'SOGO81ZTK0' created | Generated 41584510 items | Pending 34397706 items]
[ID:1635| Order 'C5JB1183BA' created | Generated 41589204 items | Pending 34393012 items]
[ID:1636| Order '32UUS937UU' created | Generated 41600990 items | Pending 34381226 items]
[ID:1637| Order 'WMI85E4RLF' created | Generated 41648958 items | Pending 34333258 items]
[ID:1638| Order 'G4H8THT958' created | Generated 41666615 items | Pending 34315601 items]
[ID:1639| Order 'QCB0ZP1HQ4' created | Generated 41689468 items | Pending 34292748 items]
[ID:1640| Order 'BTZOSH4XBI' created | Generated 41717294 items | Pending 34264922 items]
[ID:1641| Order 'RJ07LIN2NO' created | Generated 41744933 items | Pending 34237283 items]
[ID:1642| Order 'YLOIF7JQNU' created | Generated 41789558 items | Pending 34192658 items]
[ID:1643| Order 'M8QG43AJ57' created | Generated 41830562 items | Pending 34151654 items]
[ID:1644| Order '7WLQGZMAM7' created | Generated 41834502 items | Pending 34147714 items]
[ID:1645| Order 'SJSG3GY5BM' created | Generated 41854583 items | Pending 34127633 items]
[ID:1646| Order 'AFAG6DI2V1' created | Generated 41878704 items | Pending 34103512 items]
[ID:1647| Order '5KIEEZKW07' created | Generated 41908687 items | Pending 34073529 items]
[ID:1648| Order '3I16W402F7' created | Generated 41950984 items | Pending 34031232 items]
[ID:1649| Order 'PV2O16GJR5' created | Generated 41994102 items | Pending 33988114 items]
[ID:1650| Order 'WS8VMFEB5M' created | Generated 42004236 items | Pending 33977980 items]
[ID:1651| Order '3LL8T8SI9R' created | Generated 42042416 items | Pending 33939800 items]
[ID:1652| Order 'G35PHYZ1VW' created | Generated 42072882 items | Pending 33909334 items]
[ID:1653| Order '7SGKA0Z9AP' created | Generated 42106330 items | Pending 33875886 items]
[ID:1654| Order 'TVUUPV09PS' created | Generated 42128395 items | Pending 33853821 items]
[ID:1655| Order 'CB8W15Z06Q' created | Generated 42146886 items | Pending 33835330 items]
[ID:1656| Order 'WVX2WOGAUZ' created | Generated 42164971 items | Pending 33817245 items]
[ID:1657| Order '7XT2L6DVH7' created | Generated 42170115 items | Pending 33812101 items]
[ID:1658| Order 'P8XV9R98P9' created | Generated 42212085 items | Pending 33770131 items]
[ID:1659| Order '5YO6K5T364' created | Generated 42232794 items | Pending 33749422 items]
[ID:1660| Order 'HM4JJSKLZY' created | Generated 42237521 items | Pending 33744695 items]
[ID:1661| Order 'GH5U2J5W79' created | Generated 42248488 items | Pending 33733728 items]
[ID:1662| Order 'GOC7EOILHB' created | Generated 42259530 items | Pending 33722686 items]
[ID:1663| Order '7YQ5ICUQU0' created | Generated 42266128 items | Pending 33716088 items]
[ID:1664| Order 'JR9PCWKKUH' created | Generated 42267740 items | Pending 33714476 items]
[ID:1665| Order 'LMYWI58NK4' created | Generated 42299792 items | Pending 33682424 items]
[ID:1666| Order '8DQJ1TKU2W' created | Generated 42333819 items | Pending 33648397 items]
[ID:1667| Order 'RI2K0M7IPZ' created | Generated 42374295 items | Pending 33607921 items]
[ID:1668| Order 'N3CA01T7PN' created | Generated 42382430 items | Pending 33599786 items]
[ID:1669| Order 'BRTB37GT12' created | Generated 42386944 items | Pending 33595272 items]
[ID:1670| Order 'D2D8U5P3SH' created | Generated 42406180 items | Pending 33576036 items]
[ID:1671| Order '4LJLR1FIIH' created | Generated 42423591 items | Pending 33558625 items]
[ID:1672| Order '3MAZA1FTOK' created | Generated 42463249 items | Pending 33518967 items]
[ID:1673| Order 'YOHJCC71GT' created | Generated 42468453 items | Pending 33513763 items]
[ID:1674| Order 'GFW0PJYM0K' created | Generated 42489452 items | Pending 33492764 items]
[ID:1675| Order 'M3S0RVXBV4' created | Generated 42500051 items | Pending 33482165 items]
[ID:1676| Order 'YWDOQ9FQUE' created | Generated 42502642 items | Pending 33479574 items]
[ID:1677| Order '7Q5V1Y177I' created | Generated 42505572 items | Pending 33476644 items]
[ID:1678| Order 'K5DP8LDN7I' created | Generated 42545427 items | Pending 33436789 items]
[ID:1679| Order '8T0QN234TI' created | Generated 42585512 items | Pending 33396704 items]
[ID:1680| Order 'CJTVGOPL25' created | Generated 42636362 items | Pending 33345854 items]
[ID:1681| Order '5KNJ52GONK' created | Generated 42652247 items | Pending 33329969 items]
[ID:1682| Order 'OL81N4MANP' created | Generated 42669061 items | Pending 33313155 items]
[ID:1683| Order '6TRDGHCSW2' created | Generated 42671630 items | Pending 33310586 items]
[ID:1684| Order 'IR7CYL9G0J' created | Generated 42706728 items | Pending 33275488 items]
[ID:1685| Order '1RKJ4IMR24' created | Generated 42713399 items | Pending 33268817 items]
[ID:1686| Order '1RFX7V5F9C' created | Generated 42723132 items | Pending 33259084 items]
[ID:1687| Order '5OG2Z1SDNI' created | Generated 42772011 items | Pending 33210205 items]
[ID:1688| Order '7WYK5DFIL6' created | Generated 42785018 items | Pending 33197198 items]
[ID:1689| Order 'QLSSS1LDC2' created | Generated 42831362 items | Pending 33150854 items]
[ID:1690| Order '54P4NBT6Y9' created | Generated 42858438 items | Pending 33123778 items]
[ID:1691| Order 'Q7BYUFJE76' created | Generated 42881778 items | Pending 33100438 items]
[ID:1692| Order 'T3RKLUS4Y3' created | Generated 42928078 items | Pending 33054138 items]
[ID:1693| Order 'GXS54ENS8H' created | Generated 42967415 items | Pending 33014801 items]
[ID:1694| Order 'LM0AGER6RJ' created | Generated 42983832 items | Pending 32998384 items]
[ID:1695| Order 'C50BQRZB2A' created | Generated 42986648 items | Pending 32995568 items]
[ID:1696| Order '1Z09PR6WIR' created | Generated 43021886 items | Pending 32960330 items]
[ID:1697| Order 'XMVFIVWWC5' created | Generated 43030296 items | Pending 32951920 items]
[ID:1698| Order 'PFDFI2ZT6V' created | Generated 43043136 items | Pending 32939080 items]
[ID:1699| Order 'GXE7IGA0FD' created | Generated 43045040 items | Pending 32937176 items]
[ID:1700| Order 'CVWJ55H4B8' created | Generated 43080037 items | Pending 32902179 items]
[ID:1701| Order 'OLBAAV2KDQ' created | Generated 43115313 items | Pending 32866903 items]
[ID:1702| Order 'CDBZ31IFZ4' created | Generated 43152119 items | Pending 32830097 items]
[ID:1703| Order 'LGOYK0DV0I' created | Generated 43189017 items | Pending 32793199 items]
[ID:1704| Order 'P0472KVVE1' created | Generated 43233032 items | Pending 32749184 items]
[ID:1705| Order 'DMP46XQVVR' created | Generated 43239166 items | Pending 32743050 items]
[ID:1706| Order '0THDR4HTS2' created | Generated 43260495 items | Pending 32721721 items]
[ID:1707| Order 'ED7H453UBI' created | Generated 43302786 items | Pending 32679430 items]
[ID:1708| Order '787TH28CJL' created | Generated 43308002 items | Pending 32674214 items]
[ID:1709| Order 'KYYDYLL7R0' created | Generated 43353946 items | Pending 32628270 items]
[ID:1710| Order 'PPX2V00WJI' created | Generated 43398386 items | Pending 32583830 items]
[ID:1711| Order '8DJ4L0QGYN' created | Generated 43406203 items | Pending 32576013 items]
[ID:1712| Order 'FCT4HU3T0R' created | Generated 43431079 items | Pending 32551137 items]
[ID:1713| Order 'R2BCXHPWCV' created | Generated 43460508 items | Pending 32521708 items]
[ID:1714| Order 'C45WKMH99K' created | Generated 43479500 items | Pending 32502716 items]
[ID:1715| Order 'NZKGR0WEHH' created | Generated 43489402 items | Pending 32492814 items]
[ID:1716| Order 'H5MCE6DG1T' created | Generated 43532788 items | Pending 32449428 items]
[ID:1717| Order 'KP89KV7OB0' created | Generated 43573392 items | Pending 32408824 items]
[ID:1718| Order 'XD2DEDPAF4' created | Generated 43610937 items | Pending 32371279 items]
[ID:1719| Order 'W33L4FIHN4' created | Generated 43665321 items | Pending 32316895 items]
[ID:1720| Order 'A95MW8B8RF' created | Generated 43681007 items | Pending 32301209 items]
[ID:1721| Order '1MKO27CA95' created | Generated 43692822 items | Pending 32289394 items]
[ID:1722| Order 'QHG5STJT29' created | Generated 43735850 items | Pending 32246366 items]
[ID:1723| Order '13OCJYV1LZ' created | Generated 43762992 items | Pending 32219224 items]
[ID:1724| Order 'WJKRKN2CCI' created | Generated 43787834 items | Pending 32194382 items]
[ID:1725| Order 'R3KXG0WQJ0' created | Generated 43835689 items | Pending 32146527 items]
[ID:1726| Order '3EGEBR81VA' created | Generated 43865230 items | Pending 32116986 items]
[ID:1727| Order '8IRQ78V58X' created | Generated 43889522 items | Pending 32092694 items]
[ID:1728| Order 'ZFVN12K4CY' created | Generated 43936586 items | Pending 32045630 items]
[ID:1729| Order 'SREMKGDTTL' created | Generated 43959279 items | Pending 32022937 items]
[ID:1730| Order '5DSMA6TYTR' created | Generated 43970586 items | Pending 32011630 items]
[ID:1731| Order '20YGG0YY6Z' created | Generated 43984982 items | Pending 31997234 items]
[ID:1732| Order 'R3JMPNTPYN' created | Generated 44027723 items | Pending 31954493 items]
[ID:1733| Order '1DT4UVI3XY' created | Generated 44030336 items | Pending 31951880 items]
[ID:1734| Order 'NQK5KZQ75Y' created | Generated 44055021 items | Pending 31927195 items]
[ID:1735| Order 'AF90289A61' created | Generated 44056320 items | Pending 31925896 items]
[ID:1736| Order 'NCV5ZUVKH2' created | Generated 44106354 items | Pending 31875862 items]
[ID:1737| Order '8N1CGV4VN5' created | Generated 44144655 items | Pending 31837561 items]
[ID:1738| Order '3XCGS7NV7W' created | Generated 44193377 items | Pending 31788839 items]
[ID:1739| Order 'C0L7CJOCRU' created | Generated 44221745 items | Pending 31760471 items]
[ID:1740| Order 'Z6YQKSKI4F' created | Generated 44248641 items | Pending 31733575 items]
[ID:1741| Order 'FXLNRKDC87' created | Generated 44249251 items | Pending 31732965 items]
[ID:1742| Order 'E7HSA3HT8F' created | Generated 44296843 items | Pending 31685373 items]
[ID:1743| Order '33ADWKDQFA' created | Generated 44345924 items | Pending 31636292 items]
[ID:1744| Order 'O3B454N0E1' created | Generated 44386325 items | Pending 31595891 items]
[ID:1745| Order 'NJBZQG5W8X' created | Generated 44414325 items | Pending 31567891 items]
[ID:1746| Order '2RYILQV4NW' created | Generated 44442499 items | Pending 31539717 items]
[ID:1747| Order 'OQ85LPYHZ6' created | Generated 44467823 items | Pending 31514393 items]
[ID:1748| Order 'QYIAH4MPEQ' created | Generated 44519290 items | Pending 31462926 items]
[ID:1749| Order '1Z6T5RE0NU' created | Generated 44525315 items | Pending 31456901 items]
[ID:1750| Order 'SD3EJ5DPEJ' created | Generated 44557526 items | Pending 31424690 items]
[ID:1751| Order '0528CNPP77' created | Generated 44594547 items | Pending 31387669 items]
[ID:1752| Order 'O1UVKQEXV7' created | Generated 44609610 items | Pending 31372606 items]
[ID:1753| Order 'SWR3POTHXZ' created | Generated 44612532 items | Pending 31369684 items]
[ID:1754| Order 'F7EZ8R4E85' created | Generated 44625322 items | Pending 31356894 items]
[ID:1755| Order 'QMSD0VD78F' created | Generated 44634963 items | Pending 31347253 items]
[ID:1756| Order '0SR2ZTEM5V' created | Generated 44661985 items | Pending 31320231 items]
[ID:1757| Order 'J2IE33US47' created | Generated 44686989 items | Pending 31295227 items]
[ID:1758| Order 'NVRID66MF9' created | Generated 44692470 items | Pending 31289746 items]
[ID:1759| Order '21VPNQNZGX' created | Generated 44725003 items | Pending 31257213 items]
[ID:1760| Order 'BX4VFI9SEP' created | Generated 44744949 items | Pending 31237267 items]
[ID:1761| Order 'M7B71946AU' created | Generated 44756803 items | Pending 31225413 items]
[ID:1762| Order 'D1RU5TBSIW' created | Generated 44790409 items | Pending 31191807 items]
[ID:1763| Order '21FOFQW48K' created | Generated 44815453 items | Pending 31166763 items]
[ID:1764| Order 'DY814036OW' created | Generated 44847394 items | Pending 31134822 items]
[ID:1765| Order 'F4DVG6R6MU' created | Generated 44893298 items | Pending 31088918 items]
[ID:1766| Order 'FZ81N3U1QW' created | Generated 44897905 items | Pending 31084311 items]
[ID:1767| Order '7SUEBKFL8V' created | Generated 44932632 items | Pending 31049584 items]
[ID:1768| Order 'MGV3VLJON2' created | Generated 44950543 items | Pending 31031673 items]
[ID:1769| Order 'TF90IOCNP7' created | Generated 44955458 items | Pending 31026758 items]
[ID:1770| Order 'I6NUWRSHPS' created | Generated 44995783 items | Pending 30986433 items]
[ID:1771| Order 'N7JTR95IWQ' created | Generated 45028246 items | Pending 30953970 items]
[ID:1772| Order 'D6GEODOSJH' created | Generated 45058346 items | Pending 30923870 items]
[ID:1773| Order 'XF6O4Y8ZY2' created | Generated 45070681 items | Pending 30911535 items]
[ID:1774| Order '6FGETSAMBX' created | Generated 45102099 items | Pending 30880117 items]
[ID:1775| Order 'BLY34ZGP4A' created | Generated 45125053 items | Pending 30857163 items]
[ID:1776| Order 'GTCS1N05NK' created | Generated 45169160 items | Pending 30813056 items]
[ID:1777| Order 'S0MYE7U1TE' created | Generated 45178626 items | Pending 30803590 items]
[ID:1778| Order '9DIE6UH8W5' created | Generated 45205656 items | Pending 30776560 items]
[ID:1779| Order 'SYXJO3XP4A' created | Generated 45240201 items | Pending 30742015 items]
[ID:1780| Order 'T0OFJ7DYOK' created | Generated 45286686 items | Pending 30695530 items]
[ID:1781| Order '7FTL8JLKQ3' created | Generated 45295531 items | Pending 30686685 items]
[ID:1782| Order 'ZXUH7LOYTI' created | Generated 45329021 items | Pending 30653195 items]
[ID:1783| Order 'Y9BHX2OTY0' created | Generated 45359766 items | Pending 30622450 items]
[ID:1784| Order 'AYCZPGJUTP' created | Generated 45372336 items | Pending 30609880 items]
[ID:1785| Order 'HCNEUKAGXP' created | Generated 45420762 items | Pending 30561454 items]
[ID:1786| Order '9UQGMLRG6H' created | Generated 45423265 items | Pending 30558951 items]
[ID:1787| Order 'TRY3AH2EJL' created | Generated 45448182 items | Pending 30534034 items]
[ID:1788| Order 'JR0PEIWSKQ' created | Generated 45484597 items | Pending 30497619 items]
[ID:1789| Order '1K2D1FCTT8' created | Generated 45491561 items | Pending 30490655 items]
[ID:1790| Order 'KG3APQOMXS' created | Generated 45502349 items | Pending 30479867 items]
[ID:1791| Order 'V14E5OQFA1' created | Generated 45547466 items | Pending 30434750 items]
[ID:1792| Order '9RY27NIZA9' created | Generated 45578818 items | Pending 30403398 items]
[ID:1793| Order '9M5T6T50W2' created | Generated 45610832 items | Pending 30371384 items]
[ID:1794| Order 'HIUZIIYGZG' created | Generated 45647013 items | Pending 30335203 items]
[ID:1795| Order 'YPWNRW57G3' created | Generated 45659213 items | Pending 30323003 items]
[ID:1796| Order 'W5YQ14XO19' created | Generated 45663306 items | Pending 30318910 items]
[ID:1797| Order 'CO5D1YTFY4' created | Generated 45692310 items | Pending 30289906 items]
[ID:1798| Order 'YY02E3FSLQ' created | Generated 45716500 items | Pending 30265716 items]
[ID:1799| Order 'FENWH8C577' created | Generated 45750910 items | Pending 30231306 items]
[ID:1800| Order 'HDR66YYD8G' created | Generated 45796896 items | Pending 30185320 items]
[ID:1801| Order 'HAHA642BQW' created | Generated 45805911 items | Pending 30176305 items]
[ID:1802| Order 'UWJLMATCFA' created | Generated 45847581 items | Pending 30134635 items]
[ID:1803| Order '70HOG0RTLM' created | Generated 45885945 items | Pending 30096271 items]
[ID:1804| Order 'SHU2H3S30U' created | Generated 45916908 items | Pending 30065308 items]
[ID:1805| Order 'GW5PW4W8ZU' created | Generated 45924598 items | Pending 30057618 items]
[ID:1806| Order 'RVUVVYKNKY' created | Generated 45931018 items | Pending 30051198 items]
[ID:1807| Order 'E2F4L4Q9RW' created | Generated 45931618 items | Pending 30050598 items]
[ID:1808| Order 'O3S3YUOMFS' created | Generated 45965405 items | Pending 30016811 items]
[ID:1809| Order 'K5VZ3QCNZS' created | Generated 45988263 items | Pending 29993953 items]
[ID:1810| Order 'A3BHKP6V4P' created | Generated 46003283 items | Pending 29978933 items]
[ID:1811| Order 'O4ZP4CZQM0' created | Generated 46045538 items | Pending 29936678 items]
[ID:1812| Order 'UC5DGX2UU9' created | Generated 46089120 items | Pending 29893096 items]
[ID:1813| Order 'PGGR8T79AC' created | Generated 46139712 items | Pending 29842504 items]
[ID:1814| Order 'C55OTQPHE2' created | Generated 46191862 items | Pending 29790354 items]
[ID:1815| Order 'DPDHHGFAYY' created | Generated 46230230 items | Pending 29751986 items]
[ID:1816| Order '94JR1RI09V' created | Generated 46232118 items | Pending 29750098 items]
[ID:1817| Order 'ZCXDIGPBUC' created | Generated 46263916 items | Pending 29718300 items]
[ID:1818| Order 'TL0KR24FYL' created | Generated 46290590 items | Pending 29691626 items]
[ID:1819| Order 'KLH51FLOOI' created | Generated 46301802 items | Pending 29680414 items]
[ID:1820| Order 'R9Q1GJYVL6' created | Generated 46312387 items | Pending 29669829 items]
[ID:1821| Order 'LBVTES81HK' created | Generated 46362034 items | Pending 29620182 items]
[ID:1822| Order 'RJIUNILYY0' created | Generated 46390723 items | Pending 29591493 items]
[ID:1823| Order '63W9UPNTPG' created | Generated 46413261 items | Pending 29568955 items]
[ID:1824| Order 'DNE6B68WJN' created | Generated 46440411 items | Pending 29541805 items]
[ID:1825| Order '1SKZGLZ8QJ' created | Generated 46459783 items | Pending 29522433 items]
[ID:1826| Order '7VXVPSROGD' created | Generated 46497866 items | Pending 29484350 items]
[ID:1827| Order 'R1J8TI9RMQ' created | Generated 46538285 items | Pending 29443931 items]
[ID:1828| Order 'NP5IQRBWC3' created | Generated 46543343 items | Pending 29438873 items]
[ID:1829| Order '0NYODTXFJA' created | Generated 46552275 items | Pending 29429941 items]
[ID:1830| Order 'AXM2P2W0Y6' created | Generated 46593103 items | Pending 29389113 items]
[ID:1831| Order '50LAKPGI7R' created | Generated 46620777 items | Pending 29361439 items]
[ID:1832| Order 'Q22FFK3PT3' created | Generated 46647754 items | Pending 29334462 items]
[ID:1833| Order 'WOYX83V0E4' created | Generated 46676492 items | Pending 29305724 items]
[ID:1834| Order '3BEJND6O9N' created | Generated 46677592 items | Pending 29304624 items]
[ID:1835| Order 'CDYUUCMIGO' created | Generated 46680530 items | Pending 29301686 items]
[ID:1836| Order 'ZPIW8R0XEY' created | Generated 46683524 items | Pending 29298692 items]
[ID:1837| Order 'L87CLBLF5S' created | Generated 46722466 items | Pending 29259750 items]
[ID:1838| Order 'YFQ4LVD98E' created | Generated 46741540 items | Pending 29240676 items]
[ID:1839| Order 'AO66RJJB1K' created | Generated 46768639 items | Pending 29213577 items]
[ID:1840| Order 'AYD1MT70MR' created | Generated 46802411 items | Pending 29179805 items]
[ID:1841| Order '7IH8O3M95M' created | Generated 46809069 items | Pending 29173147 items]
[ID:1842| Order '2KKUJ1TJYO' created | Generated 46844923 items | Pending 29137293 items]
[ID:1843| Order 'P6G36I3HYY' created | Generated 46863169 items | Pending 29119047 items]
[ID:1844| Order 'O7CSL5WFZJ' created | Generated 46909385 items | Pending 29072831 items]
[ID:1845| Order 'OJ95XJEON5' created | Generated 46960655 items | Pending 29021561 items]
[ID:1846| Order '7GI444RRV9' created | Generated 46988907 items | Pending 28993309 items]
[ID:1847| Order 'QLPPPA2VZL' created | Generated 47033108 items | Pending 28949108 items]
[ID:1848| Order '4B33FP9M4K' created | Generated 47076885 items | Pending 28905331 items]
[ID:1849| Order 'ZE741YQEY5' created | Generated 47118766 items | Pending 28863450 items]
[ID:1850| Order 'M8IYL9EJVD' created | Generated 47161087 items | Pending 28821129 items]
[ID:1851| Order 'L9YY0VT2SV' created | Generated 47173756 items | Pending 28808460 items]
[ID:1852| Order 'AXMN0BV77N' created | Generated 47194187 items | Pending 28788029 items]
[ID:1853| Order 'DSDE2ISBLH' created | Generated 47201995 items | Pending 28780221 items]
[ID:1854| Order '48U9ACOMUL' created | Generated 47206396 items | Pending 28775820 items]
[ID:1855| Order 'WSDU5HF4HH' created | Generated 47240685 items | Pending 28741531 items]
[ID:1856| Order 'UNW024Q5IY' created | Generated 47243667 items | Pending 28738549 items]
[ID:1857| Order 'JFIQA3GFCM' created | Generated 47270375 items | Pending 28711841 items]
[ID:1858| Order '79VKS1LS2M' created | Generated 47280088 items | Pending 28702128 items]
[ID:1859| Order '2XX0V1SF23' created | Generated 47305177 items | Pending 28677039 items]
[ID:1860| Order '3LWWGI7SF9' created | Generated 47307980 items | Pending 28674236 items]
[ID:1861| Order 'PURCYXNXBX' created | Generated 47319123 items | Pending 28663093 items]
[ID:1862| Order 'S31H168HC8' created | Generated 47350680 items | Pending 28631536 items]
[ID:1863| Order 'YSR1CQT03W' created | Generated 47353306 items | Pending 28628910 items]
[ID:1864| Order 'I82II0UBU5' created | Generated 47353406 items | Pending 28628810 items]
[ID:1865| Order 'TNYGIXCDNX' created | Generated 47392148 items | Pending 28590068 items]
[ID:1866| Order 'UZCA8HLVGJ' created | Generated 47403711 items | Pending 28578505 items]
[ID:1867| Order 'V5E44MB0GJ' created | Generated 47423256 items | Pending 28558960 items]
[ID:1868| Order 'EI2DSGJORT' created | Generated 47441001 items | Pending 28541215 items]
[ID:1869| Order 'W5PPHBUTOZ' created | Generated 47465031 items | Pending 28517185 items]
[ID:1870| Order 'UGD8VC0JHE' created | Generated 47495506 items | Pending 28486710 items]
[ID:1871| Order 'GB64OY9HR5' created | Generated 47496755 items | Pending 28485461 items]
[ID:1872| Order 'E89HJRZF0Q' created | Generated 47531931 items | Pending 28450285 items]
[ID:1873| Order '5BPXZHLNSQ' created | Generated 47554455 items | Pending 28427761 items]
[ID:1874| Order 'VC00I46XCQ' created | Generated 47596388 items | Pending 28385828 items]
[ID:1875| Order '6CVPFLT4H2' created | Generated 47634852 items | Pending 28347364 items]
[ID:1876| Order 'NIYZXTL4E3' created | Generated 47667012 items | Pending 28315204 items]
[ID:1877| Order 'OTKIL8C4LO' created | Generated 47676363 items | Pending 28305853 items]
[ID:1878| Order '2K3DLKQECI' created | Generated 47726388 items | Pending 28255828 items]
[ID:1879| Order '7BAJFHJ8MO' created | Generated 47738681 items | Pending 28243535 items]
[ID:1880| Order 'Q4H48RYF1G' created | Generated 47758861 items | Pending 28223355 items]
[ID:1881| Order 'FTCXULK4NI' created | Generated 47768620 items | Pending 28213596 items]
[ID:1882| Order '50TNAVIIRE' created | Generated 47807534 items | Pending 28174682 items]
[ID:1883| Order 'X5H7T8MZUS' created | Generated 47850157 items | Pending 28132059 items]
[ID:1884| Order '0XRMUVSMDA' created | Generated 47894167 items | Pending 28088049 items]
[ID:1885| Order 'DY9C954PE3' created | Generated 47903268 items | Pending 28078948 items]
[ID:1886| Order 'I2LYRKUT1T' created | Generated 47937642 items | Pending 28044574 items]
[ID:1887| Order '40GGP9I1LQ' created | Generated 47967693 items | Pending 28014523 items]
[ID:1888| Order '9M10MEV4L1' created | Generated 48004254 items | Pending 27977962 items]
[ID:1889| Order 'IIF8CWWA4T' created | Generated 48048064 items | Pending 27934152 items]
[ID:1890| Order 'EMCLRXGU09' created | Generated 48058386 items | Pending 27923830 items]
[ID:1891| Order 'KPQ8N2NOE2' created | Generated 48080986 items | Pending 27901230 items]
[ID:1892| Order '0DYZVUCAGI' created | Generated 48085320 items | Pending 27896896 items]
[ID:1893| Order '97B6PM0100' created | Generated 48135742 items | Pending 27846474 items]
[ID:1894| Order 'XWBR8MGHWA' created | Generated 48139725 items | Pending 27842491 items]
[ID:1895| Order 'U6A1EYUXWZ' created | Generated 48152268 items | Pending 27829948 items]
[ID:1896| Order 'TZBT38S8D1' created | Generated 48173872 items | Pending 27808344 items]
[ID:1897| Order 'D8Q2OFBBPC' created | Generated 48192266 items | Pending 27789950 items]
[ID:1898| Order 'XPMDEYBD16' created | Generated 48204970 items | Pending 27777246 items]
[ID:1899| Order '1W555LJUVT' created | Generated 48224099 items | Pending 27758117 items]
[ID:1900| Order 'L4XKFGXE0U' created | Generated 48254234 items | Pending 27727982 items]
[ID:1901| Order 'H7HN4QO4N6' created | Generated 48256477 items | Pending 27725739 items]
[ID:1902| Order 'B6VJONDZ9A' created | Generated 48258561 items | Pending 27723655 items]
[ID:1903| Order 'KW4K6G2XWA' created | Generated 48309900 items | Pending 27672316 items]
[ID:1904| Order '9TXX8X4U3L' created | Generated 48354459 items | Pending 27627757 items]
[ID:1905| Order '0Y3SCH7RA7' created | Generated 48364879 items | Pending 27617337 items]
[ID:1906| Order '55BJRW03M9' created | Generated 48368966 items | Pending 27613250 items]
[ID:1907| Order 'C0Y0E4MXYF' created | Generated 48380539 items | Pending 27601677 items]
[ID:1908| Order 'VGBKY5J272' created | Generated 48394013 items | Pending 27588203 items]
[ID:1909| Order 'J0FNNZ64FO' created | Generated 48418815 items | Pending 27563401 items]
[ID:1910| Order 'N08XU6KRQG' created | Generated 48446750 items | Pending 27535466 items]
[ID:1911| Order '2PHG9HJUKR' created | Generated 48463057 items | Pending 27519159 items]
[ID:1912| Order 'OFPPW6MHIY' created | Generated 48497067 items | Pending 27485149 items]
[ID:1913| Order '10O7FJET7F' created | Generated 48534844 items | Pending 27447372 items]
[ID:1914| Order '0YDZBACHJZ' created | Generated 48550460 items | Pending 27431756 items]
[ID:1915| Order 'DCCKJL26Q2' created | Generated 48580173 items | Pending 27402043 items]
[ID:1916| Order 'E6KUVHLK04' created | Generated 48622917 items | Pending 27359299 items]
[ID:1917| Order 'VVTX8MAZN4' created | Generated 48661999 items | Pending 27320217 items]
[ID:1918| Order '19930CBXPF' created | Generated 48674250 items | Pending 27307966 items]
[ID:1919| Order '5R36CSXO44' created | Generated 48675830 items | Pending 27306386 items]
[ID:1920| Order 'TVNHWZWLOO' created | Generated 48720339 items | Pending 27261877 items]
[ID:1921| Order '81Q7V4T5ED' created | Generated 48750310 items | Pending 27231906 items]
[ID:1922| Order 'ES7UBCDY5V' created | Generated 48766971 items | Pending 27215245 items]
[ID:1923| Order 'T6X0NFANXS' created | Generated 48785328 items | Pending 27196888 items]
[ID:1924| Order '3D8XE8KWV8' created | Generated 48814600 items | Pending 27167616 items]
[ID:1925| Order 'ZYNSWOJ6KO' created | Generated 48843536 items | Pending 27138680 items]
[ID:1926| Order '69KP41JKVO' created | Generated 48870242 items | Pending 27111974 items]
[ID:1927| Order '9NA6FQ7YHT' created | Generated 48898379 items | Pending 27083837 items]
[ID:1928| Order 'OBUMF4FQPT' created | Generated 48922632 items | Pending 27059584 items]
[ID:1929| Order 'QHSYXI6OU3' created | Generated 48950032 items | Pending 27032184 items]
[ID:1930| Order 'Y7TPBSQCY8' created | Generated 48979442 items | Pending 27002774 items]
[ID:1931| Order 'PWCMUBQVWE' created | Generated 49026226 items | Pending 26955990 items]
[ID:1932| Order '8WKNUGJZ54' created | Generated 49032368 items | Pending 26949848 items]
[ID:1933| Order 'M2JPF8SBXB' created | Generated 49046670 items | Pending 26935546 items]
[ID:1934| Order 'U0GRULY43A' created | Generated 49080164 items | Pending 26902052 items]
[ID:1935| Order 'KJKFIFI21L' created | Generated 49114903 items | Pending 26867313 items]
[ID:1936| Order 'K8II83XIOB' created | Generated 49164020 items | Pending 26818196 items]
[ID:1937| Order 'NAN2DKCF4R' created | Generated 49165440 items | Pending 26816776 items]
[ID:1938| Order '12YMOZKA7H' created | Generated 49180112 items | Pending 26802104 items]
[ID:1939| Order 'H0MDMV0OAE' created | Generated 49192638 items | Pending 26789578 items]
[ID:1940| Order 'PIAGAO1JW8' created | Generated 49233010 items | Pending 26749206 items]
[ID:1941| Order 'HUJS19JF55' created | Generated 49276640 items | Pending 26705576 items]
[ID:1942| Order 'A39UW4E8VW' created | Generated 49307591 items | Pending 26674625 items]
[ID:1943| Order 'P6PFNOMP1J' created | Generated 49333925 items | Pending 26648291 items]
[ID:1944| Order 'X4S27F4VBE' created | Generated 49357409 items | Pending 26624807 items]
[ID:1945| Order '3MCO8LIUYB' created | Generated 49364999 items | Pending 26617217 items]
[ID:1946| Order 'ISBTNM1S61' created | Generated 49397221 items | Pending 26584995 items]
[ID:1947| Order '3PMYQ35GA5' created | Generated 49400022 items | Pending 26582194 items]
[ID:1948| Order 'EEKFUJSPCP' created | Generated 49441408 items | Pending 26540808 items]
[ID:1949| Order 'LC7DKESHM3' created | Generated 49486910 items | Pending 26495306 items]
[ID:1950| Order '7WYE1S3VR1' created | Generated 49502981 items | Pending 26479235 items]
[ID:1951| Order '25VJF63ANT' created | Generated 49522481 items | Pending 26459735 items]
[ID:1952| Order 'ZA8ETMIZM8' created | Generated 49569947 items | Pending 26412269 items]
[ID:1953| Order '8ZCWNTZ9M8' created | Generated 49581059 items | Pending 26401157 items]
[ID:1954| Order 'M91O0MGU77' created | Generated 49618074 items | Pending 26364142 items]
[ID:1955| Order 'DT61E69HJ8' created | Generated 49625023 items | Pending 26357193 items]
[ID:1956| Order 'W2SSAQVXOW' created | Generated 49669754 items | Pending 26312462 items]
[ID:1957| Order 'PT4PFOCS06' created | Generated 49694037 items | Pending 26288179 items]
[ID:1958| Order 'GOYKRIYKNM' created | Generated 49708591 items | Pending 26273625 items]
[ID:1959| Order 'HR8WXL1F14' created | Generated 49710900 items | Pending 26271316 items]
[ID:1960| Order '1QXE8MJUSL' created | Generated 49748447 items | Pending 26233769 items]
[ID:1961| Order 'EMVB6U2RWY' created | Generated 49757091 items | Pending 26225125 items]
[ID:1962| Order 'VELWP17VXP' created | Generated 49803807 items | Pending 26178409 items]
[ID:1963| Order 'BZ2YUZGVEZ' created | Generated 49828652 items | Pending 26153564 items]
[ID:1964| Order 'YQY23DIPGN' created | Generated 49848270 items | Pending 26133946 items]
[ID:1965| Order 'OWWX7FWBE6' created | Generated 49879759 items | Pending 26102457 items]
[ID:1966| Order 'SEW6DF408I' created | Generated 49881449 items | Pending 26100767 items]
[ID:1967| Order 'D2MWTR4JLK' created | Generated 49896562 items | Pending 26085654 items]
[ID:1968| Order 'SUO3PDD3K7' created | Generated 49922843 items | Pending 26059373 items]
[ID:1969| Order '5TUI8M6GFZ' created | Generated 49958692 items | Pending 26023524 items]
[ID:1970| Order 'FQ1FQ3NH7A' created | Generated 49990314 items | Pending 25991902 items]
[ID:1971| Order 'V1845M3MIU' created | Generated 50017241 items | Pending 25964975 items]
[ID:1972| Order '0Y3PP4ALU7' created | Generated 50021804 items | Pending 25960412 items]
[ID:1973| Order 'IRSZS73TV4' created | Generated 50025493 items | Pending 25956723 items]
[ID:1974| Order 'N2LGB9TWBJ' created | Generated 50031782 items | Pending 25950434 items]
[ID:1975| Order 'K0WWQTJWF2' created | Generated 50053862 items | Pending 25928354 items]
[ID:1976| Order 'X40RSSRYRJ' created | Generated 50099241 items | Pending 25882975 items]
[ID:1977| Order '9ZYNKU8QDA' created | Generated 50114849 items | Pending 25867367 items]
[ID:1978| Order 'WC95XJ2J71' created | Generated 50130377 items | Pending 25851839 items]
[ID:1979| Order 'UOURYBAVAD' created | Generated 50136972 items | Pending 25845244 items]
[ID:1980| Order '1Z707A5S1M' created | Generated 50140174 items | Pending 25842042 items]
[ID:1981| Order 'PWIMJ40YP7' created | Generated 50153661 items | Pending 25828555 items]
[ID:1982| Order '8H91C75ITT' created | Generated 50178180 items | Pending 25804036 items]
[ID:1983| Order 'VAMDBSYDUW' created | Generated 50212606 items | Pending 25769610 items]
[ID:1984| Order 'MNZK1RZHRG' created | Generated 50238007 items | Pending 25744209 items]
[ID:1985| Order 'DEVW9AUKNL' created | Generated 50286372 items | Pending 25695844 items]
[ID:1986| Order 'DF9YQE2TYB' created | Generated 50325625 items | Pending 25656591 items]
[ID:1987| Order 'I1LTN6WGN9' created | Generated 50362663 items | Pending 25619553 items]
[ID:1988| Order 'BJQEYWFY1Z' created | Generated 50363118 items | Pending 25619098 items]
[ID:1989| Order 'Z6JVSPY1C0' created | Generated 50396699 items | Pending 25585517 items]
[ID:1990| Order 'UNC1JGDRU4' created | Generated 50449269 items | Pending 25532947 items]
[ID:1991| Order 'UF6JFO1TDB' created | Generated 50458605 items | Pending 25523611 items]
[ID:1992| Order 'GGR2PU9MXA' created | Generated 50478248 items | Pending 25503968 items]
[ID:1993| Order 'CV5ZHNUPVY' created | Generated 50511233 items | Pending 25470983 items]
[ID:1994| Order '571TCBR2PI' created | Generated 50515725 items | Pending 25466491 items]
[ID:1995| Order 'HEK0XCF9I1' created | Generated 50520835 items | Pending 25461381 items]
[ID:1996| Order 'EKCAYTS3FB' created | Generated 50545423 items | Pending 25436793 items]
[ID:1997| Order '767D5VF5Q1' created | Generated 50556710 items | Pending 25425506 items]
[ID:1998| Order 'WIYBC0XRBR' created | Generated 50588464 items | Pending 25393752 items]
[ID:1999| Order 'PQUDGJWQHX' created | Generated 50618199 items | Pending 25364017 items]
[ID:2000| Order 'AUC92F3S71' created | Generated 50663276 items | Pending 25318940 items]
[ID:2001| Order 'LU5ONDVKC9' created | Generated 50700057 items | Pending 25282159 items]
[ID:2002| Order 'AJ5188ZMVG' created | Generated 50702631 items | Pending 25279585 items]
[ID:2003| Order 'E56SMI9AHB' created | Generated 50737528 items | Pending 25244688 items]
[ID:2004| Order 'B5RG7XO1EH' created | Generated 50777805 items | Pending 25204411 items]
[ID:2005| Order 'KVZASMURPS' created | Generated 50805922 items | Pending 25176294 items]
[ID:2006| Order 'X0AWMDZ9RR' created | Generated 50842551 items | Pending 25139665 items]
[ID:2007| Order 'BE1N8HLWWW' created | Generated 50889611 items | Pending 25092605 items]
[ID:2008| Order '584XQQKT9W' created | Generated 50916372 items | Pending 25065844 items]
[ID:2009| Order 'OHUCJGRKZ6' created | Generated 50954402 items | Pending 25027814 items]
[ID:2010| Order '8BRFACVCAS' created | Generated 50956142 items | Pending 25026074 items]
[ID:2011| Order '2Y3XW19W9B' created | Generated 50993514 items | Pending 24988702 items]
[ID:2012| Order '7B10E8YB2U' created | Generated 51032530 items | Pending 24949686 items]
[ID:2013| Order '03G7SDU6QL' created | Generated 51037600 items | Pending 24944616 items]
[ID:2014| Order 'N9SZDMCI1E' created | Generated 51043755 items | Pending 24938461 items]
[ID:2015| Order 'Q2688LWAQX' created | Generated 51067580 items | Pending 24914636 items]
[ID:2016| Order '6YP8Q0MAPV' created | Generated 51115340 items | Pending 24866876 items]
[ID:2017| Order '7578CNNMIZ' created | Generated 51129627 items | Pending 24852589 items]
[ID:2018| Order 'ZU0XLP3UO9' created | Generated 51166123 items | Pending 24816093 items]
[ID:2019| Order 'TRM9L281SI' created | Generated 51170037 items | Pending 24812179 items]
[ID:2020| Order 'XP267ZQQV7' created | Generated 51210152 items | Pending 24772064 items]
[ID:2021| Order 'CJ7G22GH4O' created | Generated 51238954 items | Pending 24743262 items]
[ID:2022| Order '9K9Q5RDU1W' created | Generated 51264958 items | Pending 24717258 items]
[ID:2023| Order '1CPEVLZANI' created | Generated 51291895 items | Pending 24690321 items]
[ID:2024| Order 'FNCK6QVAVB' created | Generated 51295417 items | Pending 24686799 items]
[ID:2025| Order '4DJ9QCOMWK' created | Generated 51320946 items | Pending 24661270 items]
[ID:2026| Order '7FO2K0INUH' created | Generated 51373796 items | Pending 24608420 items]
[ID:2027| Order 'FCOUZPJRXG' created | Generated 51382659 items | Pending 24599557 items]
[ID:2028| Order '2YLCD5J3VD' created | Generated 51411630 items | Pending 24570586 items]
[ID:2029| Order 'GUZB32A579' created | Generated 51438658 items | Pending 24543558 items]
[ID:2030| Order '88EA0RE6TM' created | Generated 51457729 items | Pending 24524487 items]
[ID:2031| Order '2KKW85BH7X' created | Generated 51483982 items | Pending 24498234 items]
[ID:2032| Order 'HCXYSJPBJ3' created | Generated 51505863 items | Pending 24476353 items]
[ID:2033| Order 'DV4AQW6DE2' created | Generated 51527774 items | Pending 24454442 items]
[ID:2034| Order '9LYI4BT3EZ' created | Generated 51555783 items | Pending 24426433 items]
[ID:2035| Order 'CK3VYAZK8B' created | Generated 51585125 items | Pending 24397091 items]
[ID:2036| Order 'YLE9QFIK4I' created | Generated 51597898 items | Pending 24384318 items]
[ID:2037| Order '96FKHESZVB' created | Generated 51641470 items | Pending 24340746 items]
[ID:2038| Order 'NXIOK4EGD4' created | Generated 51651254 items | Pending 24330962 items]
[ID:2039| Order 'DXR14FG7QF' created | Generated 51675109 items | Pending 24307107 items]
[ID:2040| Order 'VLLHFEM3XP' created | Generated 51711934 items | Pending 24270282 items]
[ID:2041| Order 'U1YBP00IDA' created | Generated 51738759 items | Pending 24243457 items]
[ID:2042| Order '1DJZNBAJ3O' created | Generated 51764811 items | Pending 24217405 items]
[ID:2043| Order 'HKMZB0P7K2' created | Generated 51777161 items | Pending 24205055 items]
[ID:2044| Order 'KJ2OWOP5C1' created | Generated 51783278 items | Pending 24198938 items]
[ID:2045| Order '0QIA7Q55TI' created | Generated 51829555 items | Pending 24152661 items]
[ID:2046| Order '6MWUE6LXNA' created | Generated 51842105 items | Pending 24140111 items]
[ID:2047| Order 'FJ6GECHVXL' created | Generated 51882568 items | Pending 24099648 items]
[ID:2048| Order 'Q44ASYCCZX' created | Generated 51893894 items | Pending 24088322 items]
[ID:2049| Order 'O8BW89OH5W' created | Generated 51913817 items | Pending 24068399 items]
[ID:2050| Order '5LCL90KX9Q' created | Generated 51925655 items | Pending 24056561 items]
[ID:2051| Order '8A0IL9SBLT' created | Generated 51956926 items | Pending 24025290 items]
[ID:2052| Order 'RMNMHHCPXC' created | Generated 51985104 items | Pending 23997112 items]
[ID:2053| Order 'XCKCS8QB72' created | Generated 51991116 items | Pending 23991100 items]
[ID:2054| Order '4WACCS2VUN' created | Generated 52033828 items | Pending 23948388 items]
[ID:2055| Order 'SXH5FGUZ4L' created | Generated 52062464 items | Pending 23919752 items]
[ID:2056| Order 'BE5M21SMD1' created | Generated 52111041 items | Pending 23871175 items]
[ID:2057| Order 'OFGLWSQ9X3' created | Generated 52154729 items | Pending 23827487 items]
[ID:2058| Order '55WGCTGSQE' created | Generated 52198315 items | Pending 23783901 items]
[ID:2059| Order 'LE5F11FAQ9' created | Generated 52229921 items | Pending 23752295 items]
[ID:2060| Order 'YTIXIKNU3D' created | Generated 52269658 items | Pending 23712558 items]
[ID:2061| Order 'PSC6TT4ASK' created | Generated 52315722 items | Pending 23666494 items]
[ID:2062| Order 'PZ2H3IU38O' created | Generated 52345512 items | Pending 23636704 items]
[ID:2063| Order 'HXNBT4MGZG' created | Generated 52376302 items | Pending 23605914 items]
[ID:2064| Order '1U5FJWQY8O' created | Generated 52421037 items | Pending 23561179 items]
[ID:2065| Order 'F739JPKYKB' created | Generated 52464964 items | Pending 23517252 items]
[ID:2066| Order 'OFCRBMRDVA' created | Generated 52481280 items | Pending 23500936 items]
[ID:2067| Order 'HC6O9206Q7' created | Generated 52500864 items | Pending 23481352 items]
[ID:2068| Order '8I1SKTDZTI' created | Generated 52518849 items | Pending 23463367 items]
[ID:2069| Order 'HBD57VJ9QH' created | Generated 52554877 items | Pending 23427339 items]
[ID:2070| Order 'VZXVDTQFEG' created | Generated 52574812 items | Pending 23407404 items]
[ID:2071| Order 'CY6GV719MZ' created | Generated 52584532 items | Pending 23397684 items]
[ID:2072| Order 'UEFBVU07KQ' created | Generated 52631992 items | Pending 23350224 items]
[ID:2073| Order '24CIX5OQ68' created | Generated 52648733 items | Pending 23333483 items]
[ID:2074| Order '31AJ9QJWCS' created | Generated 52679415 items | Pending 23302801 items]
[ID:2075| Order '2IDGGHF12F' created | Generated 52700021 items | Pending 23282195 items]
[ID:2076| Order 'TM56YX4NK5' created | Generated 52733868 items | Pending 23248348 items]
[ID:2077| Order 'ODQN4I7BTX' created | Generated 52747947 items | Pending 23234269 items]
[ID:2078| Order 'VZV4KGK4CI' created | Generated 52778486 items | Pending 23203730 items]
[ID:2079| Order 'Z5YEKVH0K8' created | Generated 52802782 items | Pending 23179434 items]
[ID:2080| Order 'MZ28OO28JJ' created | Generated 52818777 items | Pending 23163439 items]
[ID:2081| Order 'EYQM2BBS9Z' created | Generated 52832575 items | Pending 23149641 items]
[ID:2082| Order 'GCW3U6MOHV' created | Generated 52879152 items | Pending 23103064 items]
[ID:2083| Order '04YE1P3P3W' created | Generated 52914209 items | Pending 23068007 items]
[ID:2084| Order 'BF61G8G7BD' created | Generated 52937860 items | Pending 23044356 items]
[ID:2085| Order '7X95CD3OK3' created | Generated 52953275 items | Pending 23028941 items]
[ID:2086| Order 'Y2B6HK5ES9' created | Generated 52989587 items | Pending 22992629 items]
[ID:2087| Order '5UDET4O7E6' created | Generated 53012025 items | Pending 22970191 items]
[ID:2088| Order 'PV7JMFE0ED' created | Generated 53038851 items | Pending 22943365 items]
[ID:2089| Order 'CURH2V36VH' created | Generated 53083676 items | Pending 22898540 items]
[ID:2090| Order '2QC4LFC4W7' created | Generated 53083769 items | Pending 22898447 items]
[ID:2091| Order '9AHSOAVT3J' created | Generated 53091280 items | Pending 22890936 items]
[ID:2092| Order 'ITFY4093ZC' created | Generated 53143675 items | Pending 22838541 items]
[ID:2093| Order 'QB02975MS7' created | Generated 53189620 items | Pending 22792596 items]
[ID:2094| Order '5MOA0P35CH' created | Generated 53213694 items | Pending 22768522 items]
[ID:2095| Order 'THPNRXTDF8' created | Generated 53222152 items | Pending 22760064 items]
[ID:2096| Order '1QDMC0P3VL' created | Generated 53224115 items | Pending 22758101 items]
[ID:2097| Order 'REAPUK8CMV' created | Generated 53225308 items | Pending 22756908 items]
[ID:2098| Order 'SSXR65598N' created | Generated 53256415 items | Pending 22725801 items]
[ID:2099| Order 'PPE50IAGO1' created | Generated 53269108 items | Pending 22713108 items]
[ID:2100| Order 'WTAM0C9ZL8' created | Generated 53282680 items | Pending 22699536 items]
[ID:2101| Order 'TM5WL11RZO' created | Generated 53306446 items | Pending 22675770 items]
[ID:2102| Order 'LJ5FJ47KJU' created | Generated 53324573 items | Pending 22657643 items]
[ID:2103| Order '3SDYSXD8XM' created | Generated 53361097 items | Pending 22621119 items]
[ID:2104| Order 'POUP8SIW2P' created | Generated 53390090 items | Pending 22592126 items]
[ID:2105| Order 'LPKNYTM44U' created | Generated 53419524 items | Pending 22562692 items]
[ID:2106| Order '0Z1K1U912S' created | Generated 53446522 items | Pending 22535694 items]
[ID:2107| Order '9SRJ9B33BA' created | Generated 53462079 items | Pending 22520137 items]
[ID:2108| Order 'O6CCDXOWZD' created | Generated 53509116 items | Pending 22473100 items]
[ID:2109| Order 'CUABIL4VIB' created | Generated 53545492 items | Pending 22436724 items]
[ID:2110| Order 'JTQXZQGXBF' created | Generated 53568240 items | Pending 22413976 items]
[ID:2111| Order 'ZUW8411WB9' created | Generated 53572708 items | Pending 22409508 items]
[ID:2112| Order '5EFPRV22SM' created | Generated 53623629 items | Pending 22358587 items]
[ID:2113| Order 'KJLV38BJWE' created | Generated 53672892 items | Pending 22309324 items]
[ID:2114| Order 'ZAYKFPXWXJ' created | Generated 53693091 items | Pending 22289125 items]
[ID:2115| Order 'JJP2AUJNKL' created | Generated 53723581 items | Pending 22258635 items]
[ID:2116| Order '52G2COAOVM' created | Generated 53765951 items | Pending 22216265 items]
[ID:2117| Order 'RZ3GLAG5YI' created | Generated 53789254 items | Pending 22192962 items]
[ID:2118| Order 'CG939OG5F2' created | Generated 53817336 items | Pending 22164880 items]
[ID:2119| Order 'A9FKRCZOSU' created | Generated 53820501 items | Pending 22161715 items]
[ID:2120| Order '4UDEBM845Q' created | Generated 53826197 items | Pending 22156019 items]
[ID:2121| Order 'IOUPXA0MYQ' created | Generated 53838754 items | Pending 22143462 items]
[ID:2122| Order 'IXWIEIGCRG' created | Generated 53844893 items | Pending 22137323 items]
[ID:2123| Order 'HW0PR2IP8K' created | Generated 53849929 items | Pending 22132287 items]
[ID:2124| Order '9VQ5VA7OUZ' created | Generated 53871941 items | Pending 22110275 items]
[ID:2125| Order 'XHBK3ZXE1S' created | Generated 53877865 items | Pending 22104351 items]
[ID:2126| Order '10567QGJSU' created | Generated 53914743 items | Pending 22067473 items]
[ID:2127| Order 'DM4RJ7W77A' created | Generated 53946677 items | Pending 22035539 items]
[ID:2128| Order 'UIS1T08GY8' created | Generated 53985081 items | Pending 21997135 items]
[ID:2129| Order 'N7838YRCHE' created | Generated 54032354 items | Pending 21949862 items]
[ID:2130| Order 'YAP9OEOLW7' created | Generated 54046928 items | Pending 21935288 items]
[ID:2131| Order 'DTDRLZGBNG' created | Generated 54092050 items | Pending 21890166 items]
[ID:2132| Order '4U0JYOMTFM' created | Generated 54127825 items | Pending 21854391 items]
[ID:2133| Order 'RKV8L87Y60' created | Generated 54166455 items | Pending 21815761 items]
[ID:2134| Order '1RFGTU0L6M' created | Generated 54176100 items | Pending 21806116 items]
[ID:2135| Order 'S67I67SNY1' created | Generated 54219026 items | Pending 21763190 items]
[ID:2136| Order 'I58L5UPDVL' created | Generated 54249053 items | Pending 21733163 items]
[ID:2137| Order 'FF2GW42SY5' created | Generated 54270748 items | Pending 21711468 items]
[ID:2138| Order '0DDEKGEUZB' created | Generated 54297238 items | Pending 21684978 items]
[ID:2139| Order 'QCMN8Y5TET' created | Generated 54316040 items | Pending 21666176 items]
[ID:2140| Order '2FO2JPHWLQ' created | Generated 54339517 items | Pending 21642699 items]
[ID:2141| Order 'NOMG69RL24' created | Generated 54358498 items | Pending 21623718 items]
[ID:2142| Order 'S1V0ES56L1' created | Generated 54400714 items | Pending 21581502 items]
[ID:2143| Order 'LEVDG4RTE8' created | Generated 54439940 items | Pending 21542276 items]
[ID:2144| Order 'PRSUKBB8LG' created | Generated 54451472 items | Pending 21530744 items]
[ID:2145| Order 'H0FZMIWZUA' created | Generated 54473399 items | Pending 21508817 items]
[ID:2146| Order '8MBETG57LQ' created | Generated 54509049 items | Pending 21473167 items]
[ID:2147| Order '9DMVUI9ZSY' created | Generated 54517640 items | Pending 21464576 items]
[ID:2148| Order 'T4D3MJW6CS' created | Generated 54552197 items | Pending 21430019 items]
[ID:2149| Order 'QDDH262ZNK' created | Generated 54563993 items | Pending 21418223 items]
[ID:2150| Order 'T07HS49XYY' created | Generated 54589013 items | Pending 21393203 items]
[ID:2151| Order 'F8SIGX9HLE' created | Generated 54602027 items | Pending 21380189 items]
[ID:2152| Order 'VMR5I0YOCD' created | Generated 54638876 items | Pending 21343340 items]
[ID:2153| Order 'DPI9AEKI0R' created | Generated 54690287 items | Pending 21291929 items]
[ID:2154| Order 'OQFUBWFA5E' created | Generated 54700553 items | Pending 21281663 items]
[ID:2155| Order 'LON4RYKI7R' created | Generated 54724811 items | Pending 21257405 items]
[ID:2156| Order 'DGCW0QF99N' created | Generated 54744316 items | Pending 21237900 items]
[ID:2157| Order 'P7O68LEPTP' created | Generated 54771297 items | Pending 21210919 items]
[ID:2158| Order 'M6NNPF3LPY' created | Generated 54773053 items | Pending 21209163 items]
[ID:2159| Order '06XZR2DQIK' created | Generated 54788463 items | Pending 21193753 items]
[ID:2160| Order 'YDREG6RPVQ' created | Generated 54803380 items | Pending 21178836 items]
[ID:2161| Order 'EQ9LKW0N6E' created | Generated 54814527 items | Pending 21167689 items]
[ID:2162| Order 'HOJ5ZVUK4R' created | Generated 54852352 items | Pending 21129864 items]
[ID:2163| Order 'AQZJ5WPKDU' created | Generated 54888881 items | Pending 21093335 items]
[ID:2164| Order '3ZTNEIB1X2' created | Generated 54927121 items | Pending 21055095 items]
[ID:2165| Order '56I1QC1F9C' created | Generated 54963347 items | Pending 21018869 items]
[ID:2166| Order 'XK27K06YT8' created | Generated 54976065 items | Pending 21006151 items]
[ID:2167| Order 'UIJZWDVLR8' created | Generated 54990140 items | Pending 20992076 items]
[ID:2168| Order 'S7P65DFMAQ' created | Generated 55015201 items | Pending 20967015 items]
[ID:2169| Order '1PUYFH4B4V' created | Generated 55042927 items | Pending 20939289 items]
[ID:2170| Order '9WUGN9TQVC' created | Generated 55064665 items | Pending 20917551 items]
[ID:2171| Order 'V4SDBTTNJI' created | Generated 55067245 items | Pending 20914971 items]
[ID:2172| Order 'NYGEO8OSEK' created | Generated 55073168 items | Pending 20909048 items]
[ID:2173| Order 'HR3AD3IOGB' created | Generated 55125533 items | Pending 20856683 items]
[ID:2174| Order 'BKQDAY1IK8' created | Generated 55146705 items | Pending 20835511 items]
[ID:2175| Order '435TE56O4I' created | Generated 55186751 items | Pending 20795465 items]
[ID:2176| Order 'CWXBPB29CJ' created | Generated 55221350 items | Pending 20760866 items]
[ID:2177| Order 'CKV3ZZ1R2D' created | Generated 55258458 items | Pending 20723758 items]
[ID:2178| Order 'K2OS0F6YO5' created | Generated 55285444 items | Pending 20696772 items]
[ID:2179| Order '78VLY5WCFV' created | Generated 55320949 items | Pending 20661267 items]
[ID:2180| Order '2XJAIJP54C' created | Generated 55338058 items | Pending 20644158 items]
[ID:2181| Order 'MKN9EVGS8L' created | Generated 55384203 items | Pending 20598013 items]
[ID:2182| Order 'TPES5F8NMC' created | Generated 55401617 items | Pending 20580599 items]
[ID:2183| Order 'HNT4CIAX7I' created | Generated 55437876 items | Pending 20544340 items]
[ID:2184| Order 'AY2XKJRVL3' created | Generated 55484535 items | Pending 20497681 items]
[ID:2185| Order 'G0T3G6KLU9' created | Generated 55502758 items | Pending 20479458 items]
[ID:2186| Order 'SEEMJ8ME5X' created | Generated 55515818 items | Pending 20466398 items]
[ID:2187| Order '7CEYQMI96C' created | Generated 55523028 items | Pending 20459188 items]
[ID:2188| Order '1XUEAD35KU' created | Generated 55550924 items | Pending 20431292 items]
[ID:2189| Order 'SH2VB1CH4R' created | Generated 55569787 items | Pending 20412429 items]
[ID:2190| Order 'N2SVPEXHFL' created | Generated 55594635 items | Pending 20387581 items]
[ID:2191| Order 'G0RG26JL19' created | Generated 55630708 items | Pending 20351508 items]
[ID:2192| Order 'OIFLQM17HJ' created | Generated 55664153 items | Pending 20318063 items]
[ID:2193| Order 'A933Z0ZQST' created | Generated 55700202 items | Pending 20282014 items]
[ID:2194| Order '6JSWAWQUQI' created | Generated 55721451 items | Pending 20260765 items]
[ID:2195| Order 'JIPKU9QKNS' created | Generated 55729539 items | Pending 20252677 items]
[ID:2196| Order '19AW7F6B9J' created | Generated 55765481 items | Pending 20216735 items]
[ID:2197| Order 'KIT6J7UQ9I' created | Generated 55796177 items | Pending 20186039 items]
[ID:2198| Order 'VO6MKRZ9GF' created | Generated 55819489 items | Pending 20162727 items]
[ID:2199| Order 'BWXBG3U8UF' created | Generated 55850639 items | Pending 20131577 items]
[ID:2200| Order '40EXTP4TWE' created | Generated 55895236 items | Pending 20086980 items]
[ID:2201| Order '1YA4VON0XO' created | Generated 55908073 items | Pending 20074143 items]
[ID:2202| Order '9B7YL1QDI8' created | Generated 55954620 items | Pending 20027596 items]
[ID:2203| Order 'Q6GYYAHD1I' created | Generated 55994353 items | Pending 19987863 items]
[ID:2204| Order 'SWMEDGH6RG' created | Generated 56037183 items | Pending 19945033 items]
[ID:2205| Order 'DVJXZ4PTDV' created | Generated 56041821 items | Pending 19940395 items]
[ID:2206| Order 'T5BSGUBO56' created | Generated 56054106 items | Pending 19928110 items]
[ID:2207| Order 'RCTXSNZR4Q' created | Generated 56081424 items | Pending 19900792 items]
[ID:2208| Order '3POHF1VVH6' created | Generated 56122608 items | Pending 19859608 items]
[ID:2209| Order 'T20BRKEH75' created | Generated 56128194 items | Pending 19854022 items]
[ID:2210| Order '9Y1SQAMWN7' created | Generated 56169631 items | Pending 19812585 items]
[ID:2211| Order 'DD6DRTNBD4' created | Generated 56172995 items | Pending 19809221 items]
[ID:2212| Order '0JXKKMM2VT' created | Generated 56217185 items | Pending 19765031 items]
[ID:2213| Order 'ZCM89ZVQ6D' created | Generated 56228611 items | Pending 19753605 items]
[ID:2214| Order 'SDZJBLH4GT' created | Generated 56259484 items | Pending 19722732 items]
[ID:2215| Order 'FUMCQTVKJI' created | Generated 56288182 items | Pending 19694034 items]
[ID:2216| Order 'V9X27GPFA8' created | Generated 56318399 items | Pending 19663817 items]
[ID:2217| Order 'YX39VVZE8U' created | Generated 56342943 items | Pending 19639273 items]
[ID:2218| Order 'KJXJ1K30XF' created | Generated 56367746 items | Pending 19614470 items]
[ID:2219| Order 'AT4S4CBJN6' created | Generated 56413666 items | Pending 19568550 items]
[ID:2220| Order 'WIDM45FZDB' created | Generated 56464845 items | Pending 19517371 items]
[ID:2221| Order 'THDNMSURZY' created | Generated 56502167 items | Pending 19480049 items]
[ID:2222| Order 'PQH2P4QP1V' created | Generated 56523347 items | Pending 19458869 items]
[ID:2223| Order '9YXZ4DF5PX' created | Generated 56535332 items | Pending 19446884 items]
[ID:2224| Order 'UHATVVBL10' created | Generated 56556921 items | Pending 19425295 items]
[ID:2225| Order 'GKCVNL6NMM' created | Generated 56584673 items | Pending 19397543 items]
[ID:2226| Order 'Y5LZH5C0MM' created | Generated 56622905 items | Pending 19359311 items]
[ID:2227| Order '8JLN5NLLZO' created | Generated 56658214 items | Pending 19324002 items]
[ID:2228| Order 'LY0FWVQU9Q' created | Generated 56676454 items | Pending 19305762 items]
[ID:2229| Order '3DU64UVIS8' created | Generated 56700404 items | Pending 19281812 items]
[ID:2230| Order 'MC1FXH35TJ' created | Generated 56711168 items | Pending 19271048 items]
[ID:2231| Order 'ROPEWJ62PT' created | Generated 56738175 items | Pending 19244041 items]
[ID:2232| Order 'V6OFG45JZK' created | Generated 56755148 items | Pending 19227068 items]
[ID:2233| Order 'R7XTJ6Z8T1' created | Generated 56757334 items | Pending 19224882 items]
[ID:2234| Order '1004ANFMEE' created | Generated 56762195 items | Pending 19220021 items]
[ID:2235| Order 'RMCA4CZVDL' created | Generated 56804923 items | Pending 19177293 items]
[ID:2236| Order 'D7SLD8YTCE' created | Generated 56813965 items | Pending 19168251 items]
[ID:2237| Order 'XTGGG8QTVF' created | Generated 56846624 items | Pending 19135592 items]
[ID:2238| Order '55Z0NEX3XC' created | Generated 56850064 items | Pending 19132152 items]
[ID:2239| Order '6A1H5T796N' created | Generated 56862016 items | Pending 19120200 items]
[ID:2240| Order 'FLFXGZFL8A' created | Generated 56896087 items | Pending 19086129 items]
[ID:2241| Order 'AOJH18CLEX' created | Generated 56923204 items | Pending 19059012 items]
[ID:2242| Order 'G2NSIVYBV3' created | Generated 56973724 items | Pending 19008492 items]
[ID:2243| Order 'HS7B36ET6A' created | Generated 57026580 items | Pending 18955636 items]
[ID:2244| Order 'NQTIPCEKGY' created | Generated 57056848 items | Pending 18925368 items]
[ID:2245| Order 'FN4F1JKKL4' created | Generated 57064088 items | Pending 18918128 items]
[ID:2246| Order 'HELY24W913' created | Generated 57067596 items | Pending 18914620 items]
[ID:2247| Order 'SZOBYD1IV0' created | Generated 57087139 items | Pending 18895077 items]
[ID:2248| Order 'LPHEMOD0FL' created | Generated 57132289 items | Pending 18849927 items]
[ID:2249| Order 'MG3LKFMML5' created | Generated 57139720 items | Pending 18842496 items]
[ID:2250| Order 'CPJXQYRDT3' created | Generated 57146991 items | Pending 18835225 items]
[ID:2251| Order '09J81H23RI' created | Generated 57169287 items | Pending 18812929 items]
[ID:2252| Order 'W16IPWKNDJ' created | Generated 57180933 items | Pending 18801283 items]
[ID:2253| Order 'MINXL6O68R' created | Generated 57220541 items | Pending 18761675 items]
[ID:2254| Order 'AQMOJYV5QG' created | Generated 57230230 items | Pending 18751986 items]
[ID:2255| Order 'TLB9N6FDW4' created | Generated 57255867 items | Pending 18726349 items]
[ID:2256| Order 'W4CCCH7DNB' created | Generated 57291725 items | Pending 18690491 items]
[ID:2257| Order 'F0FE480ORA' created | Generated 57332877 items | Pending 18649339 items]
[ID:2258| Order 'EDMO2VVSHU' created | Generated 57353630 items | Pending 18628586 items]
[ID:2259| Order 'ZVDDUMKRI3' created | Generated 57391210 items | Pending 18591006 items]
[ID:2260| Order '3TJG32ZNC9' created | Generated 57422564 items | Pending 18559652 items]
[ID:2261| Order 'VP2KEPX99N' created | Generated 57442873 items | Pending 18539343 items]
[ID:2262| Order 'U11G1080UI' created | Generated 57446635 items | Pending 18535581 items]
[ID:2263| Order 'P4J69LA7BV' created | Generated 57475400 items | Pending 18506816 items]
[ID:2264| Order 'YEOVULO6I4' created | Generated 57497507 items | Pending 18484709 items]
[ID:2265| Order 'Y7LPRP6N4V' created | Generated 57522795 items | Pending 18459421 items]
[ID:2266| Order '5I9CTABOF9' created | Generated 57559116 items | Pending 18423100 items]
[ID:2267| Order 'DLCY767W88' created | Generated 57559886 items | Pending 18422330 items]
[ID:2268| Order '7665H5QOZS' created | Generated 57576925 items | Pending 18405291 items]
[ID:2269| Order 'JK9Y0N30X1' created | Generated 57617508 items | Pending 18364708 items]
[ID:2270| Order 'D8ZUQM12NA' created | Generated 57648681 items | Pending 18333535 items]
[ID:2271| Order 'SK03T1PZRN' created | Generated 57692935 items | Pending 18289281 items]
[ID:2272| Order 'TBI9UZ8K0T' created | Generated 57739337 items | Pending 18242879 items]
[ID:2273| Order '3EWBQX2Q0X' created | Generated 57762767 items | Pending 18219449 items]
[ID:2274| Order 'S113M3U4KO' created | Generated 57806121 items | Pending 18176095 items]
[ID:2275| Order '9DAFA27ZEV' created | Generated 57806199 items | Pending 18176017 items]
[ID:2276| Order '3SVZUDMLIZ' created | Generated 57848076 items | Pending 18134140 items]
[ID:2277| Order '5AGDIUI2S8' created | Generated 57855083 items | Pending 18127133 items]
[ID:2278| Order 'V0E9Y4TOQF' created | Generated 57856969 items | Pending 18125247 items]
[ID:2279| Order 'PZ6FOPS0QF' created | Generated 57862446 items | Pending 18119770 items]
[ID:2280| Order 'S69L8VODP5' created | Generated 57868439 items | Pending 18113777 items]
[ID:2281| Order 'CXIJ4I0I5T' created | Generated 57912507 items | Pending 18069709 items]
[ID:2282| Order 'TIV72N0DQH' created | Generated 57923814 items | Pending 18058402 items]
[ID:2283| Order 'D4GJX1C0HG' created | Generated 57972745 items | Pending 18009471 items]
[ID:2284| Order 'FKYBOJF2PC' created | Generated 58005528 items | Pending 17976688 items]
[ID:2285| Order '4PXMQS8OFN' created | Generated 58044860 items | Pending 17937356 items]
[ID:2286| Order '6E8N4UC09F' created | Generated 58050124 items | Pending 17932092 items]
[ID:2287| Order '7WM7Z7IVEP' created | Generated 58074462 items | Pending 17907754 items]
[ID:2288| Order '376CZ2JF5S' created | Generated 58085504 items | Pending 17896712 items]
[ID:2289| Order '6VFA0KTGVQ' created | Generated 58129372 items | Pending 17852844 items]
[ID:2290| Order '1F7L8SZPKY' created | Generated 58130032 items | Pending 17852184 items]
[ID:2291| Order 'L8B3CCM4QD' created | Generated 58169643 items | Pending 17812573 items]
[ID:2292| Order '79LVDEGNPS' created | Generated 58188724 items | Pending 17793492 items]
[ID:2293| Order 'CH3ZCHZLLI' created | Generated 58238465 items | Pending 17743751 items]
[ID:2294| Order '0VLJ9AHF49' created | Generated 58259733 items | Pending 17722483 items]
[ID:2295| Order 'XMG2MANHNP' created | Generated 58262370 items | Pending 17719846 items]
[ID:2296| Order 'XHIGLSYRZX' created | Generated 58302987 items | Pending 17679229 items]
[ID:2297| Order 'ZTDS8F5ZEW' created | Generated 58307065 items | Pending 17675151 items]
[ID:2298| Order 'NHOX3N87A4' created | Generated 58333784 items | Pending 17648432 items]
[ID:2299| Order 'L22692OZEA' created | Generated 58372900 items | Pending 17609316 items]
[ID:2300| Order '0N7H3JIVGX' created | Generated 58372995 items | Pending 17609221 items]
[ID:2301| Order '5SELASM1VU' created | Generated 58403168 items | Pending 17579048 items]
[ID:2302| Order 'T8D5HFAOAA' created | Generated 58422392 items | Pending 17559824 items]
[ID:2303| Order 'W44BDVYWWH' created | Generated 58468924 items | Pending 17513292 items]
[ID:2304| Order '37H38BYNDH' created | Generated 58501256 items | Pending 17480960 items]
[ID:2305| Order 'RWDC5ZWVHA' created | Generated 58540934 items | Pending 17441282 items]
[ID:2306| Order '8JNCI4WZ7N' created | Generated 58564912 items | Pending 17417304 items]
[ID:2307| Order 'CAY260WR8T' created | Generated 58612960 items | Pending 17369256 items]
[ID:2308| Order '5RTGB9WUAG' created | Generated 58638628 items | Pending 17343588 items]
[ID:2309| Order '9D8KS85VZM' created | Generated 58682902 items | Pending 17299314 items]
[ID:2310| Order '7S7PUIDYVX' created | Generated 58736694 items | Pending 17245522 items]
[ID:2311| Order 'L6FJAJRVXB' created | Generated 58765072 items | Pending 17217144 items]
[ID:2312| Order 'B0CYVCVZIZ' created | Generated 58784155 items | Pending 17198061 items]
[ID:2313| Order 'PAX2KQWD8X' created | Generated 58785392 items | Pending 17196824 items]
[ID:2314| Order 'FI29HPWBMA' created | Generated 58808402 items | Pending 17173814 items]
[ID:2315| Order '28OEF53ZC4' created | Generated 58827215 items | Pending 17155001 items]
[ID:2316| Order 'L1E9FY2T42' created | Generated 58832449 items | Pending 17149767 items]
[ID:2317| Order 'BZ6IS08211' created | Generated 58865627 items | Pending 17116589 items]
[ID:2318| Order '7BYA78CNXL' created | Generated 58892346 items | Pending 17089870 items]
[ID:2319| Order '9D00YINFRD' created | Generated 58918844 items | Pending 17063372 items]
[ID:2320| Order 'F302SOKJ9I' created | Generated 58930982 items | Pending 17051234 items]
[ID:2321| Order 'AU5DN8R512' created | Generated 58957319 items | Pending 17024897 items]
[ID:2322| Order 'VFX98EVFMF' created | Generated 59000345 items | Pending 16981871 items]
[ID:2323| Order 'P5ZEFEC271' created | Generated 59011946 items | Pending 16970270 items]
[ID:2324| Order 'UI1NJ9CPV7' created | Generated 59040465 items | Pending 16941751 items]
[ID:2325| Order 'OK8TWK9QGO' created | Generated 59091533 items | Pending 16890683 items]
[ID:2326| Order 'ANTWO9H4Q0' created | Generated 59133010 items | Pending 16849206 items]
[ID:2327| Order 'C2OBI4FMIB' created | Generated 59163589 items | Pending 16818627 items]
[ID:2328| Order 'DBCUW78XNE' created | Generated 59180675 items | Pending 16801541 items]
[ID:2329| Order '7NJDJJNK02' created | Generated 59203253 items | Pending 16778963 items]
[ID:2330| Order 'OBG8CH39K7' created | Generated 59221432 items | Pending 16760784 items]
[ID:2331| Order 'JADJXHP044' created | Generated 59225040 items | Pending 16757176 items]
[ID:2332| Order 'TNIDI86UYV' created | Generated 59259382 items | Pending 16722834 items]
[ID:2333| Order 'WEGFP9ZV1T' created | Generated 59263848 items | Pending 16718368 items]
[ID:2334| Order 'CMZWQXTIDK' created | Generated 59284994 items | Pending 16697222 items]
[ID:2335| Order 'S3GC01SJM4' created | Generated 59298382 items | Pending 16683834 items]
[ID:2336| Order 'NTEP2PKJMC' created | Generated 59344905 items | Pending 16637311 items]
[ID:2337| Order 'KXZX3OFECT' created | Generated 59385638 items | Pending 16596578 items]
[ID:2338| Order 'HDUWRZA05R' created | Generated 59431439 items | Pending 16550777 items]
[ID:2339| Order 'JL6BC7VST6' created | Generated 59432823 items | Pending 16549393 items]
[ID:2340| Order 'UQU439YTBW' created | Generated 59455734 items | Pending 16526482 items]
[ID:2341| Order 'G51IAZ5FWF' created | Generated 59473610 items | Pending 16508606 items]
[ID:2342| Order 'PTENGBM3N7' created | Generated 59488375 items | Pending 16493841 items]
[ID:2343| Order '574F8UVEQE' created | Generated 59531774 items | Pending 16450442 items]
[ID:2344| Order '3DFAC5YQBF' created | Generated 59573152 items | Pending 16409064 items]
[ID:2345| Order 'TNH9J0G7KW' created | Generated 59618990 items | Pending 16363226 items]
[ID:2346| Order '49O73BBE4J' created | Generated 59659356 items | Pending 16322860 items]
[ID:2347| Order 'THTW3FNWUZ' created | Generated 59707905 items | Pending 16274311 items]
[ID:2348| Order '7ZDVQDWLH1' created | Generated 59715216 items | Pending 16267000 items]
[ID:2349| Order '2H0M743C44' created | Generated 59722751 items | Pending 16259465 items]
[ID:2350| Order 'F4QE40QES0' created | Generated 59728082 items | Pending 16254134 items]
[ID:2351| Order '3SOECAHR60' created | Generated 59771371 items | Pending 16210845 items]
[ID:2352| Order 'YL0E2HSPXU' created | Generated 59808414 items | Pending 16173802 items]
[ID:2353| Order 'WRTE163DUR' created | Generated 59854422 items | Pending 16127794 items]
[ID:2354| Order 'KYHQL5HPRQ' created | Generated 59869749 items | Pending 16112467 items]
[ID:2355| Order '8D6N676NP7' created | Generated 59901314 items | Pending 16080902 items]
[ID:2356| Order 'G31U24P7G7' created | Generated 59907187 items | Pending 16075029 items]
[ID:2357| Order 'KDH3I2IPDW' created | Generated 59928133 items | Pending 16054083 items]
[ID:2358| Order 'H4DYV4UQ6I' created | Generated 59969266 items | Pending 16012950 items]
[ID:2359| Order 'QOJN4LDDT5' created | Generated 60020190 items | Pending 15962026 items]
[ID:2360| Order 'T2L3XE25UQ' created | Generated 60045575 items | Pending 15936641 items]
[ID:2361| Order 'D1WVY66ZXP' created | Generated 60081744 items | Pending 15900472 items]
[ID:2362| Order '3OTA40P51Y' created | Generated 60097235 items | Pending 15884981 items]
[ID:2363| Order 'LKAX4A9XJ5' created | Generated 60147394 items | Pending 15834822 items]
[ID:2364| Order 'GYQ13SPK77' created | Generated 60154592 items | Pending 15827624 items]
[ID:2365| Order 'TZQFF29E4R' created | Generated 60180760 items | Pending 15801456 items]
[ID:2366| Order 'CUOZ8COZII' created | Generated 60182980 items | Pending 15799236 items]
[ID:2367| Order 'NZ0DSRFZZD' created | Generated 60195555 items | Pending 15786661 items]
[ID:2368| Order 'EP1OAHO974' created | Generated 60221656 items | Pending 15760560 items]
[ID:2369| Order 'VQXIK3RZOR' created | Generated 60257637 items | Pending 15724579 items]
[ID:2370| Order 'LXKRQDY1IS' created | Generated 60303375 items | Pending 15678841 items]
[ID:2371| Order 'ORIOV8L0Z7' created | Generated 60340801 items | Pending 15641415 items]
[ID:2372| Order '9CFGJ4ANCJ' created | Generated 60354929 items | Pending 15627287 items]
[ID:2373| Order 'PF1AUNTU6U' created | Generated 60385449 items | Pending 15596767 items]
[ID:2374| Order '6JXSGGV3U0' created | Generated 60422334 items | Pending 15559882 items]
[ID:2375| Order 'UQCN0XF4RY' created | Generated 60459500 items | Pending 15522716 items]
[ID:2376| Order 'LB2ZAD66QH' created | Generated 60488326 items | Pending 15493890 items]
[ID:2377| Order '4OP2IEJNP2' created | Generated 60492202 items | Pending 15490014 items]
[ID:2378| Order 'KEW5WDKFVE' created | Generated 60538576 items | Pending 15443640 items]
[ID:2379| Order 'DZ9P1MCYZV' created | Generated 60582148 items | Pending 15400068 items]
[ID:2380| Order '2JI7NT4H3T' created | Generated 60609234 items | Pending 15372982 items]
[ID:2381| Order '5JDC4E4UOI' created | Generated 60610350 items | Pending 15371866 items]
[ID:2382| Order 'RSDFPUXCAI' created | Generated 60650083 items | Pending 15332133 items]
[ID:2383| Order '7FWCPJBMPU' created | Generated 60667641 items | Pending 15314575 items]
[ID:2384| Order '8W8RI1XKS5' created | Generated 60680491 items | Pending 15301725 items]
[ID:2385| Order 'SINGPV21OE' created | Generated 60706459 items | Pending 15275757 items]
[ID:2386| Order 'I9ON1RYGLE' created | Generated 60731980 items | Pending 15250236 items]
[ID:2387| Order 'ME8SM08K0D' created | Generated 60765364 items | Pending 15216852 items]
[ID:2388| Order 'FZVFP9KZ6N' created | Generated 60791078 items | Pending 15191138 items]
[ID:2389| Order '3810K3DCZ1' created | Generated 60823460 items | Pending 15158756 items]
[ID:2390| Order '7UGYNM7VIG' created | Generated 60845498 items | Pending 15136718 items]
[ID:2391| Order '29J5EY7ZSA' created | Generated 60872286 items | Pending 15109930 items]
[ID:2392| Order 'F4XUTSS7E7' created | Generated 60897228 items | Pending 15084988 items]
[ID:2393| Order 'KZAMDLV7WP' created | Generated 60904802 items | Pending 15077414 items]
[ID:2394| Order '72ZNJEVKSB' created | Generated 60931502 items | Pending 15050714 items]
[ID:2395| Order 'SXRA8RKWGC' created | Generated 60942317 items | Pending 15039899 items]
[ID:2396| Order 'MNJ7CS29LC' created | Generated 60942457 items | Pending 15039759 items]
[ID:2397| Order 'PHR45N0UYB' created | Generated 60983289 items | Pending 14998927 items]
[ID:2398| Order 'FCF1U56I70' created | Generated 60986366 items | Pending 14995850 items]
[ID:2399| Order '4YVYKF3LEE' created | Generated 61024572 items | Pending 14957644 items]
[ID:2400| Order 'OUJP68LZXX' created | Generated 61036164 items | Pending 14946052 items]
[ID:2401| Order 'MOYJT54OVZ' created | Generated 61079587 items | Pending 14902629 items]
[ID:2402| Order '9FDOQJRA6G' created | Generated 61132393 items | Pending 14849823 items]
[ID:2403| Order 'EWWJT8XL6L' created | Generated 61164303 items | Pending 14817913 items]
[ID:2404| Order 'IDW99C8K0W' created | Generated 61176833 items | Pending 14805383 items]
[ID:2405| Order 'DAW3O4L87S' created | Generated 61204479 items | Pending 14777737 items]
[ID:2406| Order '7MGKQ24R3Z' created | Generated 61230392 items | Pending 14751824 items]
[ID:2407| Order 'DFNQP2JRY1' created | Generated 61274592 items | Pending 14707624 items]
[ID:2408| Order 'K1OSPFR8MT' created | Generated 61290487 items | Pending 14691729 items]
[ID:2409| Order 'UYENYGTBSI' created | Generated 61308295 items | Pending 14673921 items]
[ID:2410| Order '0ZNC2RTZ7Z' created | Generated 61357357 items | Pending 14624859 items]
[ID:2411| Order 'K9BJNU2TF8' created | Generated 61399908 items | Pending 14582308 items]
[ID:2412| Order 'GCGNSP1V73' created | Generated 61422759 items | Pending 14559457 items]
[ID:2413| Order 'UIL8VXTOKX' created | Generated 61427162 items | Pending 14555054 items]
[ID:2414| Order 'WJFSUCGQGV' created | Generated 61434504 items | Pending 14547712 items]
[ID:2415| Order 'JGSJDYMJ6T' created | Generated 61446760 items | Pending 14535456 items]
[ID:2416| Order 'NF6V43RK7R' created | Generated 61480237 items | Pending 14501979 items]
[ID:2417| Order 'CSP95TBH15' created | Generated 61524970 items | Pending 14457246 items]
[ID:2418| Order 'XEJTSK0PAP' created | Generated 61527090 items | Pending 14455126 items]
[ID:2419| Order 'YMMGGXWC76' created | Generated 61527819 items | Pending 14454397 items]
[ID:2420| Order 'IW2R7S1IQL' created | Generated 61548514 items | Pending 14433702 items]
[ID:2421| Order 'APACN3WA8C' created | Generated 61598812 items | Pending 14383404 items]
[ID:2422| Order '5CFHNYKXTQ' created | Generated 61644264 items | Pending 14337952 items]
[ID:2423| Order 'YR852EVLNG' created | Generated 61653345 items | Pending 14328871 items]
[ID:2424| Order 'A25ID4WXJ2' created | Generated 61654637 items | Pending 14327579 items]
[ID:2425| Order 'XAD2Q2F0OQ' created | Generated 61659872 items | Pending 14322344 items]
[ID:2426| Order 'XM1OQJZIHT' created | Generated 61660232 items | Pending 14321984 items]
[ID:2427| Order '996KKWP9TH' created | Generated 61705477 items | Pending 14276739 items]
[ID:2428| Order 'Y28TB8R0Z0' created | Generated 61742916 items | Pending 14239300 items]
[ID:2429| Order 'PT3JW6CSN6' created | Generated 61759261 items | Pending 14222955 items]
[ID:2430| Order '4RHU5KBE7A' created | Generated 61788383 items | Pending 14193833 items]
[ID:2431| Order '306BFECCYB' created | Generated 61825219 items | Pending 14156997 items]
[ID:2432| Order 'LXOS1CPV6Z' created | Generated 61837136 items | Pending 14145080 items]
[ID:2433| Order 'ZBWPXECOW0' created | Generated 61879296 items | Pending 14102920 items]
[ID:2434| Order 'AF5LY69D3B' created | Generated 61886706 items | Pending 14095510 items]
[ID:2435| Order 'OYF2XRVUMX' created | Generated 61903467 items | Pending 14078749 items]
[ID:2436| Order '1AC4XWM3NV' created | Generated 61910324 items | Pending 14071892 items]
[ID:2437| Order '8L11HZNKO9' created | Generated 61922609 items | Pending 14059607 items]
[ID:2438| Order '811IXOQ5MV' created | Generated 61949930 items | Pending 14032286 items]
[ID:2439| Order '9O6XB1Q8WT' created | Generated 61988872 items | Pending 13993344 items]
[ID:2440| Order '1OZ4IH80RS' created | Generated 62027954 items | Pending 13954262 items]
[ID:2441| Order '6A5RN87IBF' created | Generated 62030517 items | Pending 13951699 items]
[ID:2442| Order 'FHIU5BNPRR' created | Generated 62066743 items | Pending 13915473 items]
[ID:2443| Order '6B41SR0R49' created | Generated 62113479 items | Pending 13868737 items]
[ID:2444| Order 'YDCV6FAEO6' created | Generated 62117290 items | Pending 13864926 items]
[ID:2445| Order '8EEKDRX48B' created | Generated 62146186 items | Pending 13836030 items]
[ID:2446| Order '2VNJT7C3ZG' created | Generated 62156782 items | Pending 13825434 items]
[ID:2447| Order '3EN9Q8KP50' created | Generated 62166421 items | Pending 13815795 items]
[ID:2448| Order 'RQ4AFZ6LPW' created | Generated 62177910 items | Pending 13804306 items]
[ID:2449| Order 'IAULJOA7LC' created | Generated 62216293 items | Pending 13765923 items]
[ID:2450| Order '72IUFE6N2N' created | Generated 62259308 items | Pending 13722908 items]
[ID:2451| Order 'VBVZVB4PH2' created | Generated 62287557 items | Pending 13694659 items]
[ID:2452| Order 'DAKCGHN625' created | Generated 62306761 items | Pending 13675455 items]
[ID:2453| Order '14TNH8E6QP' created | Generated 62313090 items | Pending 13669126 items]
[ID:2454| Order 'PNKIA03FM2' created | Generated 62360059 items | Pending 13622157 items]
[ID:2455| Order 'QIWO9K8HQV' created | Generated 62406037 items | Pending 13576179 items]
[ID:2456| Order 'DOY282GF22' created | Generated 62439223 items | Pending 13542993 items]
[ID:2457| Order '69HGTM2S8Z' created | Generated 62482701 items | Pending 13499515 items]
[ID:2458| Order 'F6O8AK4QL1' created | Generated 62524287 items | Pending 13457929 items]
[ID:2459| Order 'GXJK4OOCC0' created | Generated 62544596 items | Pending 13437620 items]
[ID:2460| Order 'EMZFZNJ884' created | Generated 62562576 items | Pending 13419640 items]
[ID:2461| Order '45VYTLT0P4' created | Generated 62600503 items | Pending 13381713 items]
[ID:2462| Order 'R9QCDAH6V2' created | Generated 62601343 items | Pending 13380873 items]
[ID:2463| Order 'JR9DVR8EGP' created | Generated 62652221 items | Pending 13329995 items]
[ID:2464| Order 'A36OXXXNZK' created | Generated 62663693 items | Pending 13318523 items]
[ID:2465| Order 'TU6789W7IT' created | Generated 62702685 items | Pending 13279531 items]
[ID:2466| Order 'SUFJJ8RT6L' created | Generated 62722338 items | Pending 13259878 items]
[ID:2467| Order 'B7VVBASI7J' created | Generated 62752213 items | Pending 13230003 items]
[ID:2468| Order '2D3TE6H5BV' created | Generated 62800711 items | Pending 13181505 items]
[ID:2469| Order 'XN93Z74FKR' created | Generated 62812854 items | Pending 13169362 items]
[ID:2470| Order 'EJECM2N3XW' created | Generated 62818051 items | Pending 13164165 items]
[ID:2471| Order 'UFKSK6M4JE' created | Generated 62820416 items | Pending 13161800 items]
[ID:2472| Order 'EONU1KE0U8' created | Generated 62864658 items | Pending 13117558 items]
[ID:2473| Order 'OY37CXAOVR' created | Generated 62874204 items | Pending 13108012 items]
[ID:2474| Order '8YZ6B2DUTO' created | Generated 62894964 items | Pending 13087252 items]
[ID:2475| Order 'D77VF36DLD' created | Generated 62939503 items | Pending 13042713 items]
[ID:2476| Order 'I6L3FB6HXH' created | Generated 62940078 items | Pending 13042138 items]
[ID:2477| Order 'W7P3ZOIDIY' created | Generated 62966895 items | Pending 13015321 items]
[ID:2478| Order '2U264GQ3IN' created | Generated 62969806 items | Pending 13012410 items]
[ID:2479| Order '4CWWENVYPP' created | Generated 62987783 items | Pending 12994433 items]
[ID:2480| Order '4R894OON1H' created | Generated 63014558 items | Pending 12967658 items]
[ID:2481| Order 'RJSGHZ1A8Z' created | Generated 63050335 items | Pending 12931881 items]
[ID:2482| Order 'DB3O4GOIRT' created | Generated 63070970 items | Pending 12911246 items]
[ID:2483| Order 'B8O116GSIS' created | Generated 63079066 items | Pending 12903150 items]
[ID:2484| Order '1TE7IFEDS3' created | Generated 63112372 items | Pending 12869844 items]
[ID:2485| Order '6RDOSMYCLO' created | Generated 63147496 items | Pending 12834720 items]
[ID:2486| Order '7N8C50N08P' created | Generated 63173339 items | Pending 12808877 items]
[ID:2487| Order '4MOOEOLGQ4' created | Generated 63178761 items | Pending 12803455 items]
[ID:2488| Order 'EK3E2NDIA7' created | Generated 63183821 items | Pending 12798395 items]
[ID:2489| Order 'IVH4E95UKA' created | Generated 63218779 items | Pending 12763437 items]
[ID:2490| Order '1OKWI1N8JH' created | Generated 63262945 items | Pending 12719271 items]
[ID:2491| Order '5RXQZKCIWA' created | Generated 63286473 items | Pending 12695743 items]
[ID:2492| Order 'HLZGYHBR3U' created | Generated 63289715 items | Pending 12692501 items]
[ID:2493| Order 'WI29G8QR1V' created | Generated 63315897 items | Pending 12666319 items]
[ID:2494| Order 'CORQGS15VN' created | Generated 63325926 items | Pending 12656290 items]
[ID:2495| Order '416M56Q9WT' created | Generated 63368384 items | Pending 12613832 items]
[ID:2496| Order '8M8DMC9USP' created | Generated 63403293 items | Pending 12578923 items]
[ID:2497| Order '95VS4F1RTJ' created | Generated 63438030 items | Pending 12544186 items]
[ID:2498| Order '5YXUFDX36A' created | Generated 63456415 items | Pending 12525801 items]
[ID:2499| Order '2BJM9BYLYZ' created | Generated 63460703 items | Pending 12521513 items]
[ID:2500| Order 'C6O0Q93EV7' created | Generated 63483334 items | Pending 12498882 items]
[ID:2501| Order 'LTTQ7HC3R2' created | Generated 63513369 items | Pending 12468847 items]
[ID:2502| Order '54TS6XTECA' created | Generated 63521775 items | Pending 12460441 items]
[ID:2503| Order 'NU1FJZDS44' created | Generated 63528311 items | Pending 12453905 items]
[ID:2504| Order 'EL7XO7W305' created | Generated 63548618 items | Pending 12433598 items]
[ID:2505| Order '47BBC4Z0O3' created | Generated 63589268 items | Pending 12392948 items]
[ID:2506| Order 'LMARK19Y11' created | Generated 63590982 items | Pending 12391234 items]
[ID:2507| Order 'I3BK1YIDTT' created | Generated 63596413 items | Pending 12385803 items]
[ID:2508| Order '9XAE44FNTQ' created | Generated 63600758 items | Pending 12381458 items]
[ID:2509| Order '8KSRIKXFMP' created | Generated 63604303 items | Pending 12377913 items]
[ID:2510| Order '1SQNSHG8YO' created | Generated 63619904 items | Pending 12362312 items]
[ID:2511| Order '54ZKUZKRIR' created | Generated 63662671 items | Pending 12319545 items]
[ID:2512| Order 'SFY1AKDO80' created | Generated 63700114 items | Pending 12282102 items]
[ID:2513| Order 'G5ZO7J7VFL' created | Generated 63723477 items | Pending 12258739 items]
[ID:2514| Order 'M6JMJMHK0U' created | Generated 63766762 items | Pending 12215454 items]
[ID:2515| Order '835P2XV273' created | Generated 63773960 items | Pending 12208256 items]
[ID:2516| Order 'A145CLGKF6' created | Generated 63814304 items | Pending 12167912 items]
[ID:2517| Order '9AMT9SEH8M' created | Generated 63826823 items | Pending 12155393 items]
[ID:2518| Order 'HUIAPMEAOP' created | Generated 63859804 items | Pending 12122412 items]
[ID:2519| Order 'P3G2TPJZSL' created | Generated 63860339 items | Pending 12121877 items]
[ID:2520| Order 'M8MEUEPZ9Y' created | Generated 63872228 items | Pending 12109988 items]
[ID:2521| Order 'K97ESZ7AGL' created | Generated 63878182 items | Pending 12104034 items]
[ID:2522| Order 'H3GC8INTDD' created | Generated 63889587 items | Pending 12092629 items]
[ID:2523| Order '5GMX7VB1I8' created | Generated 63934347 items | Pending 12047869 items]
[ID:2524| Order 'SPBAR9WETY' created | Generated 63949291 items | Pending 12032925 items]
[ID:2525| Order '4RR4IY8Y86' created | Generated 63959407 items | Pending 12022809 items]
[ID:2526| Order 'GKYK5P4E39' created | Generated 63967170 items | Pending 12015046 items]
[ID:2527| Order 'Z212HWQZ2Y' created | Generated 64004543 items | Pending 11977673 items]
[ID:2528| Order '8X5SSGMZJ0' created | Generated 64004843 items | Pending 11977373 items]
[ID:2529| Order 'TZ70ZW0MOY' created | Generated 64028120 items | Pending 11954096 items]
[ID:2530| Order 'LRJ5XEQP97' created | Generated 64061028 items | Pending 11921188 items]
[ID:2531| Order '12TP4KOLK7' created | Generated 64061287 items | Pending 11920929 items]
[ID:2532| Order 'NA8Y2FKKDV' created | Generated 64112516 items | Pending 11869700 items]
[ID:2533| Order 'YN6UD1N9M2' created | Generated 64126033 items | Pending 11856183 items]
[ID:2534| Order '96L0980CHS' created | Generated 64170407 items | Pending 11811809 items]
[ID:2535| Order 'K55VPBX3XW' created | Generated 64184226 items | Pending 11797990 items]
[ID:2536| Order '2XJJIS9437' created | Generated 64191739 items | Pending 11790477 items]
[ID:2537| Order 'OBBSXPTWPV' created | Generated 64204285 items | Pending 11777931 items]
[ID:2538| Order 'LAC5TWJUU5' created | Generated 64206630 items | Pending 11775586 items]
[ID:2539| Order 'E0K8B21U02' created | Generated 64208689 items | Pending 11773527 items]
[ID:2540| Order '5BPCG1KOXG' created | Generated 64229965 items | Pending 11752251 items]
[ID:2541| Order 'J68CVDGVHU' created | Generated 64265110 items | Pending 11717106 items]
[ID:2542| Order 'VQYKJ9K0N2' created | Generated 64289848 items | Pending 11692368 items]
[ID:2543| Order 'SRYE5OQWTY' created | Generated 64308164 items | Pending 11674052 items]
[ID:2544| Order '7HANQQBGQ5' created | Generated 64341232 items | Pending 11640984 items]
[ID:2545| Order 'XB3CHFUP14' created | Generated 64346257 items | Pending 11635959 items]
[ID:2546| Order 'B7MCMIR4HE' created | Generated 64361278 items | Pending 11620938 items]
[ID:2547| Order 'WWL2BMT99P' created | Generated 64376936 items | Pending 11605280 items]
[ID:2548| Order 'F87UN3HJKE' created | Generated 64392018 items | Pending 11590198 items]
[ID:2549| Order 'QJZYEJE4LS' created | Generated 64408376 items | Pending 11573840 items]
[ID:2550| Order 'JT40NMXT5M' created | Generated 64439767 items | Pending 11542449 items]
[ID:2551| Order '081SR1YY45' created | Generated 64485926 items | Pending 11496290 items]
[ID:2552| Order 'PATOY0POOI' created | Generated 64524455 items | Pending 11457761 items]
[ID:2553| Order '01MB4WRCZ8' created | Generated 64541685 items | Pending 11440531 items]
[ID:2554| Order 'DZ4XLQND3U' created | Generated 64544551 items | Pending 11437665 items]
[ID:2555| Order 'U79YQ8SNXI' created | Generated 64563118 items | Pending 11419098 items]
[ID:2556| Order 'OMBC3AES3R' created | Generated 64571195 items | Pending 11411021 items]
[ID:2557| Order 'TJNDDETXDM' created | Generated 64611996 items | Pending 11370220 items]
[ID:2558| Order '14O62DN2HE' created | Generated 64614172 items | Pending 11368044 items]
[ID:2559| Order 'IQRR0HO91F' created | Generated 64652843 items | Pending 11329373 items]
[ID:2560| Order 'V3P46D6ZWW' created | Generated 64684942 items | Pending 11297274 items]
[ID:2561| Order 'RWS2SVW5U1' created | Generated 64704941 items | Pending 11277275 items]
[ID:2562| Order '8T64VUDLSV' created | Generated 64708816 items | Pending 11273400 items]
[ID:2563| Order '1AZF13S0CX' created | Generated 64714068 items | Pending 11268148 items]
[ID:2564| Order 'OHAX0UJTL4' created | Generated 64765883 items | Pending 11216333 items]
[ID:2565| Order 'SHP9XL0YB1' created | Generated 64791560 items | Pending 11190656 items]
[ID:2566| Order 'ARCO0JQ6AT' created | Generated 64824218 items | Pending 11157998 items]
[ID:2567| Order 'SB13Q7J87I' created | Generated 64865237 items | Pending 11116979 items]
[ID:2568| Order '6POC7390UR' created | Generated 64917753 items | Pending 11064463 items]
[ID:2569| Order 'B5CG9SY8TH' created | Generated 64922365 items | Pending 11059851 items]
[ID:2570| Order 'PXQ65799CR' created | Generated 64949977 items | Pending 11032239 items]
[ID:2571| Order 'CURNBZJWZR' created | Generated 64958153 items | Pending 11024063 items]
[ID:2572| Order 'L9XGB21GVQ' created | Generated 64975997 items | Pending 11006219 items]
[ID:2573| Order 'PEVI0F3I6R' created | Generated 65005969 items | Pending 10976247 items]
[ID:2574| Order '24GBWOOZT1' created | Generated 65055711 items | Pending 10926505 items]
[ID:2575| Order '7PF5BHTI21' created | Generated 65091570 items | Pending 10890646 items]
[ID:2576| Order 'YAT6S1YB05' created | Generated 65107162 items | Pending 10875054 items]
[ID:2577| Order 'Y9NXPFE68E' created | Generated 65124546 items | Pending 10857670 items]
[ID:2578| Order 'NPOMR7N1QZ' created | Generated 65169698 items | Pending 10812518 items]
[ID:2579| Order '8AR9T4MRXH' created | Generated 65201997 items | Pending 10780219 items]
[ID:2580| Order 'ZVG93L82JU' created | Generated 65221881 items | Pending 10760335 items]
[ID:2581| Order 'NTEQP0P8BZ' created | Generated 65233473 items | Pending 10748743 items]
[ID:2582| Order 'MFC3ZV7YXT' created | Generated 65236545 items | Pending 10745671 items]
[ID:2583| Order '3JY1940AD4' created | Generated 65282884 items | Pending 10699332 items]
[ID:2584| Order 'AQW9SMZD8E' created | Generated 65300914 items | Pending 10681302 items]
[ID:2585| Order 'S8L6Q6VO4Z' created | Generated 65316712 items | Pending 10665504 items]
[ID:2586| Order 'KOPGRK8PJ7' created | Generated 65321712 items | Pending 10660504 items]
[ID:2587| Order 'WKYVJMYNWE' created | Generated 65342938 items | Pending 10639278 items]
[ID:2588| Order '0HNXDISHQM' created | Generated 65369489 items | Pending 10612727 items]
[ID:2589| Order 'TMQQ6Q02EW' created | Generated 65405870 items | Pending 10576346 items]
[ID:2590| Order '4IRTQC4MG7' created | Generated 65418926 items | Pending 10563290 items]
[ID:2591| Order '81I8W3PW33' created | Generated 65438672 items | Pending 10543544 items]
[ID:2592| Order 'SMCA2IDEU1' created | Generated 65472608 items | Pending 10509608 items]
[ID:2593| Order 'TYEF288NGJ' created | Generated 65521952 items | Pending 10460264 items]
[ID:2594| Order 'ZOB38W92E6' created | Generated 65533869 items | Pending 10448347 items]
[ID:2595| Order 'WMJG0XVAK9' created | Generated 65580788 items | Pending 10401428 items]
[ID:2596| Order 'M5ECZ9YMCK' created | Generated 65593500 items | Pending 10388716 items]
[ID:2597| Order 'WBEPWDQUBJ' created | Generated 65601830 items | Pending 10380386 items]
[ID:2598| Order 'ZWH68W5I5E' created | Generated 65628403 items | Pending 10353813 items]
[ID:2599| Order 'GOQDT9IG8L' created | Generated 65656778 items | Pending 10325438 items]
[ID:2600| Order '7IXP79PUE2' created | Generated 65669722 items | Pending 10312494 items]
[ID:2601| Order '2PROT3ZE9A' created | Generated 65716578 items | Pending 10265638 items]
[ID:2602| Order '4JKO0V6DRP' created | Generated 65752927 items | Pending 10229289 items]
[ID:2603| Order 'T8A1LP4UOD' created | Generated 65770838 items | Pending 10211378 items]
[ID:2604| Order '372KUQJK65' created | Generated 65809513 items | Pending 10172703 items]
[ID:2605| Order '05C2IS4HR7' created | Generated 65855202 items | Pending 10127014 items]
[ID:2606| Order 'YQA2H0YHEM' created | Generated 65878357 items | Pending 10103859 items]
[ID:2607| Order '1KHHKH2DLO' created | Generated 65904189 items | Pending 10078027 items]
[ID:2608| Order 'FYEYEMFAF7' created | Generated 65910397 items | Pending 10071819 items]
[ID:2609| Order 'CX5DTJF37R' created | Generated 65947865 items | Pending 10034351 items]
[ID:2610| Order 'YASP7GW2UP' created | Generated 65967526 items | Pending 10014690 items]
[ID:2611| Order 'O52XBIQ2TO' created | Generated 65972758 items | Pending 10009458 items]
[ID:2612| Order '1W06DIETZI' created | Generated 66028922 items | Pending 9953294 items]
[ID:2613| Order '2A9KHM1ISK' created | Generated 66029542 items | Pending 9952674 items]
[ID:2614| Order 'YBD8NRUUD1' created | Generated 66038975 items | Pending 9943241 items]
[ID:2615| Order 'V4WW5URGCY' created | Generated 66078206 items | Pending 9904010 items]
[ID:2616| Order 'VDTL9B4TD2' created | Generated 66095363 items | Pending 9886853 items]
[ID:2617| Order 'NTFDZB16M3' created | Generated 66122658 items | Pending 9859558 items]
[ID:2618| Order 'AI6T1M436C' created | Generated 66159198 items | Pending 9823018 items]
[ID:2619| Order 'QY4QPZZDCP' created | Generated 66168444 items | Pending 9813772 items]
[ID:2620| Order 'Z9OZS723RU' created | Generated 66188574 items | Pending 9793642 items]
[ID:2621| Order '9YB98BH0W2' created | Generated 66225924 items | Pending 9756292 items]
[ID:2622| Order 'D73Q57GE1H' created | Generated 66255677 items | Pending 9726539 items]
[ID:2623| Order 'VLWT9EKH39' created | Generated 66264220 items | Pending 9717996 items]
[ID:2624| Order 'YFFOWQHIPE' created | Generated 66311455 items | Pending 9670761 items]
[ID:2625| Order 'K8F9LMR3V9' created | Generated 66345783 items | Pending 9636433 items]
[ID:2626| Order 'HC93F2TV70' created | Generated 66351867 items | Pending 9630349 items]
[ID:2627| Order 'A07EFH81ZV' created | Generated 66393447 items | Pending 9588769 items]
[ID:2628| Order '39L9ZY5JZG' created | Generated 66419496 items | Pending 9562720 items]
[ID:2629| Order 'CBMYCLOBFJ' created | Generated 66450296 items | Pending 9531920 items]
[ID:2630| Order '9R5PEIAEWT' created | Generated 66499506 items | Pending 9482710 items]
[ID:2631| Order 'QWQ2T07193' created | Generated 66548459 items | Pending 9433757 items]
[ID:2632| Order 'MF3HCY56WN' created | Generated 66596034 items | Pending 9386182 items]
[ID:2633| Order 'PFTHJ5LI3H' created | Generated 66618049 items | Pending 9364167 items]
[ID:2634| Order 'PS07L2H5LS' created | Generated 66630854 items | Pending 9351362 items]
[ID:2635| Order '7Q4NFVOL9J' created | Generated 66677965 items | Pending 9304251 items]
[ID:2636| Order '2F52CHNT2N' created | Generated 66708738 items | Pending 9273478 items]
[ID:2637| Order 'Q5NNXMAAWZ' created | Generated 66738453 items | Pending 9243763 items]
[ID:2638| Order '8TY6R52Y6M' created | Generated 66742423 items | Pending 9239793 items]
[ID:2639| Order 'SNYYMDGTRF' created | Generated 66774514 items | Pending 9207702 items]
[ID:2640| Order '7YSMYOP6DR' created | Generated 66808095 items | Pending 9174121 items]
[ID:2641| Order 'QASN9EYUL3' created | Generated 66836763 items | Pending 9145453 items]
[ID:2642| Order 'GD9O7SXPW2' created | Generated 66870857 items | Pending 9111359 items]
[ID:2643| Order 'YHGT883T40' created | Generated 66912276 items | Pending 9069940 items]
[ID:2644| Order 'QYTYCKWQX8' created | Generated 66932434 items | Pending 9049782 items]
[ID:2645| Order '9S7ZOMVC59' created | Generated 66974686 items | Pending 9007530 items]
[ID:2646| Order 'GYMTQ567BV' created | Generated 66978290 items | Pending 9003926 items]
[ID:2647| Order '3D21IF1BAP' created | Generated 67014964 items | Pending 8967252 items]
[ID:2648| Order 'DDZUG8MP7F' created | Generated 67060512 items | Pending 8921704 items]
[ID:2649| Order 'U930SL3XJ2' created | Generated 67084849 items | Pending 8897367 items]
[ID:2650| Order 'FQN05T0B2W' created | Generated 67108034 items | Pending 8874182 items]
[ID:2651| Order 'SKFLAVHYD4' created | Generated 67119343 items | Pending 8862873 items]
[ID:2652| Order '1WOR9KMI4X' created | Generated 67163013 items | Pending 8819203 items]
[ID:2653| Order 'JZGPHYUPST' created | Generated 67177088 items | Pending 8805128 items]
[ID:2654| Order 'HR8TRCBPQ0' created | Generated 67196877 items | Pending 8785339 items]
[ID:2655| Order '341YZ531KB' created | Generated 67233301 items | Pending 8748915 items]
[ID:2656| Order 'U181KOB7HN' created | Generated 67235901 items | Pending 8746315 items]
[ID:2657| Order 'JB03SQA7PC' created | Generated 67281900 items | Pending 8700316 items]
[ID:2658| Order '35XFMDLOMH' created | Generated 67308822 items | Pending 8673394 items]
[ID:2659| Order 'D10B68LJVG' created | Generated 67344241 items | Pending 8637975 items]
[ID:2660| Order 'YJ5XC8I15A' created | Generated 67352512 items | Pending 8629704 items]
[ID:2661| Order 'HGLVKPRF70' created | Generated 67357284 items | Pending 8624932 items]
[ID:2662| Order '9XTYFADDTM' created | Generated 67374330 items | Pending 8607886 items]
[ID:2663| Order '5ZINWWNUAY' created | Generated 67401002 items | Pending 8581214 items]
[ID:2664| Order 'G7OO8OLOJN' created | Generated 67427953 items | Pending 8554263 items]
[ID:2665| Order 'Z4CNXP9R2E' created | Generated 67463530 items | Pending 8518686 items]
[ID:2666| Order '7R99DDJ2EZ' created | Generated 67514675 items | Pending 8467541 items]
[ID:2667| Order '72ON0HUKVP' created | Generated 67525788 items | Pending 8456428 items]
[ID:2668| Order '70SI1IOKSQ' created | Generated 67548248 items | Pending 8433968 items]
[ID:2669| Order 'GZA6E5QIML' created | Generated 67567454 items | Pending 8414762 items]
[ID:2670| Order 'DZRLT5B2KA' created | Generated 67596579 items | Pending 8385637 items]
[ID:2671| Order 'YQOGKPUQ7X' created | Generated 67625194 items | Pending 8357022 items]
[ID:2672| Order '5IQGGGMVFQ' created | Generated 67636453 items | Pending 8345763 items]
[ID:2673| Order 'L2ZJEHS2RU' created | Generated 67646084 items | Pending 8336132 items]
[ID:2674| Order 'MGAHSHH31U' created | Generated 67670341 items | Pending 8311875 items]
[ID:2675| Order '1SJWC0RKPL' created | Generated 67706331 items | Pending 8275885 items]
[ID:2676| Order 'S1CB453LM3' created | Generated 67741260 items | Pending 8240956 items]
[ID:2677| Order 'V9LJ0YUNNV' created | Generated 67789083 items | Pending 8193133 items]
[ID:2678| Order '13G34ECEJN' created | Generated 67830708 items | Pending 8151508 items]
[ID:2679| Order 'IUB255J8EA' created | Generated 67840015 items | Pending 8142201 items]
[ID:2680| Order '91TSF3A212' created | Generated 67871624 items | Pending 8110592 items]
[ID:2681| Order '9MRYR7WOUC' created | Generated 67912767 items | Pending 8069449 items]
[ID:2682| Order 'Z1MFJLMDGW' created | Generated 67928368 items | Pending 8053848 items]
[ID:2683| Order 'KW4TFDXBRV' created | Generated 67953858 items | Pending 8028358 items]
[ID:2684| Order 'N8TK6FV12J' created | Generated 67983421 items | Pending 7998795 items]
[ID:2685| Order 'DD8CZK67NH' created | Generated 67990878 items | Pending 7991338 items]
[ID:2686| Order 'QYPRW0MAFF' created | Generated 68023733 items | Pending 7958483 items]
[ID:2687| Order 'DHP7BWENZO' created | Generated 68066213 items | Pending 7916003 items]
[ID:2688| Order '8WCBRZYY8T' created | Generated 68080095 items | Pending 7902121 items]
[ID:2689| Order 'OH2UMSNC86' created | Generated 68101142 items | Pending 7881074 items]
[ID:2690| Order '53XJY30356' created | Generated 68123175 items | Pending 7859041 items]
[ID:2691| Order 'RZ9C0CZCQC' created | Generated 68150990 items | Pending 7831226 items]
[ID:2692| Order '3T8X2OOWG9' created | Generated 68167124 items | Pending 7815092 items]
[ID:2693| Order 'KW3XOQPLO3' created | Generated 68180111 items | Pending 7802105 items]
[ID:2694| Order 'NCO13AGBLI' created | Generated 68224133 items | Pending 7758083 items]
[ID:2695| Order 'BBMV9FQTK2' created | Generated 68244245 items | Pending 7737971 items]
[ID:2696| Order 'IAPQ6VT7V1' created | Generated 68254764 items | Pending 7727452 items]
[ID:2697| Order 'ICTJNZ45LG' created | Generated 68283364 items | Pending 7698852 items]
[ID:2698| Order 'YTKMF8O0MY' created | Generated 68326207 items | Pending 7656009 items]
[ID:2699| Order 'CL0B7BHD1S' created | Generated 68359155 items | Pending 7623061 items]
[ID:2700| Order 'Z1WAPO0FYD' created | Generated 68408568 items | Pending 7573648 items]
[ID:2701| Order 'O7ELW586VX' created | Generated 68444250 items | Pending 7537966 items]
[ID:2702| Order '3EE0JD61A6' created | Generated 68464190 items | Pending 7518026 items]
[ID:2703| Order 'NV4B0UPE41' created | Generated 68506051 items | Pending 7476165 items]
[ID:2704| Order 'MRPDF0HFIS' created | Generated 68535894 items | Pending 7446322 items]
[ID:2705| Order 'BSJH2WP476' created | Generated 68587593 items | Pending 7394623 items]
[ID:2706| Order 'IENTETUWPH' created | Generated 68606257 items | Pending 7375959 items]
[ID:2707| Order '9MA4LFPJ75' created | Generated 68614600 items | Pending 7367616 items]
[ID:2708| Order 'J2DL9QR2ZY' created | Generated 68634978 items | Pending 7347238 items]
[ID:2709| Order '12EHYUSC2A' created | Generated 68672056 items | Pending 7310160 items]
[ID:2710| Order '6AHILHJYJA' created | Generated 68683309 items | Pending 7298907 items]
[ID:2711| Order 'FOSI5TXRJ0' created | Generated 68685334 items | Pending 7296882 items]
[ID:2712| Order 'D6WFNQIQKH' created | Generated 68689516 items | Pending 7292700 items]
[ID:2713| Order '6P7CU33X47' created | Generated 68730617 items | Pending 7251599 items]
[ID:2714| Order 'LO5F5CEI82' created | Generated 68731261 items | Pending 7250955 items]
[ID:2715| Order 'RQ868YOO50' created | Generated 68778091 items | Pending 7204125 items]
[ID:2716| Order 'NI2RB8GNHP' created | Generated 68793256 items | Pending 7188960 items]
[ID:2717| Order 'JY2PKAJB28' created | Generated 68806303 items | Pending 7175913 items]
[ID:2718| Order '5U923MM326' created | Generated 68848201 items | Pending 7134015 items]
[ID:2719| Order 'GDP3U96E8O' created | Generated 68899092 items | Pending 7083124 items]
[ID:2720| Order 'HYHRMLWJW5' created | Generated 68942724 items | Pending 7039492 items]
[ID:2721| Order 'LZLEBEI2ET' created | Generated 68970370 items | Pending 7011846 items]
[ID:2722| Order '7I65XRGUAL' created | Generated 69002812 items | Pending 6979404 items]
[ID:2723| Order 'I6I6FFVURS' created | Generated 69046911 items | Pending 6935305 items]
[ID:2724| Order 'C2M0TM3905' created | Generated 69061854 items | Pending 6920362 items]
[ID:2725| Order 'TAU9D7AACQ' created | Generated 69074799 items | Pending 6907417 items]
[ID:2726| Order 'CMDE598XNU' created | Generated 69111062 items | Pending 6871154 items]
[ID:2727| Order 'QYKN6DEPG8' created | Generated 69120396 items | Pending 6861820 items]
[ID:2728| Order 'U4FIG466T1' created | Generated 69169122 items | Pending 6813094 items]
[ID:2729| Order '1I2GPN1RJ5' created | Generated 69184164 items | Pending 6798052 items]
[ID:2730| Order 'KLLF1LHB93' created | Generated 69195325 items | Pending 6786891 items]
[ID:2731| Order 'H3LTGFJHA4' created | Generated 69244473 items | Pending 6737743 items]
[ID:2732| Order 'N4UQ44YRCF' created | Generated 69287940 items | Pending 6694276 items]
[ID:2733| Order 'KG7IJ84TPA' created | Generated 69312600 items | Pending 6669616 items]
[ID:2734| Order 'KZ1IECDS8W' created | Generated 69339261 items | Pending 6642955 items]
[ID:2735| Order '0AFZYKDM1C' created | Generated 69352798 items | Pending 6629418 items]
[ID:2736| Order 'NB7KEXJP6P' created | Generated 69401621 items | Pending 6580595 items]
[ID:2737| Order 'B60E2889MI' created | Generated 69438472 items | Pending 6543744 items]
[ID:2738| Order '4Y4BLW803T' created | Generated 69470560 items | Pending 6511656 items]
[ID:2739| Order 'DFRDTITAFI' created | Generated 69475978 items | Pending 6506238 items]
[ID:2740| Order '12ZCI11RWT' created | Generated 69492621 items | Pending 6489595 items]
[ID:2741| Order 'YF3X2W7F5N' created | Generated 69497627 items | Pending 6484589 items]
[ID:2742| Order 'BLN0SWKT0O' created | Generated 69516306 items | Pending 6465910 items]
[ID:2743| Order 'JT6SQ8H3CP' created | Generated 69544800 items | Pending 6437416 items]
[ID:2744| Order 'VOKAOTN59V' created | Generated 69592451 items | Pending 6389765 items]
[ID:2745| Order 'Q93E3C1HMH' created | Generated 69625838 items | Pending 6356378 items]
[ID:2746| Order 'UOEJ7Z9RTY' created | Generated 69653946 items | Pending 6328270 items]
[ID:2747| Order '9A9RT3GCP7' created | Generated 69654996 items | Pending 6327220 items]
[ID:2748| Order '3DE0JV0TR7' created | Generated 69658934 items | Pending 6323282 items]
[ID:2749| Order 'KS9DTBVR7T' created | Generated 69706996 items | Pending 6275220 items]
[ID:2750| Order 'ELVXDGNXNQ' created | Generated 69711272 items | Pending 6270944 items]
[ID:2751| Order '3SSYNAGVOJ' created | Generated 69749516 items | Pending 6232700 items]
[ID:2752| Order 'GE8BWD8CDI' created | Generated 69795373 items | Pending 6186843 items]
[ID:2753| Order 'ZAO2CK1WTL' created | Generated 69814581 items | Pending 6167635 items]
[ID:2754| Order '3ACMNKEA2F' created | Generated 69826806 items | Pending 6155410 items]
[ID:2755| Order '112EW213OL' created | Generated 69843617 items | Pending 6138599 items]
[ID:2756| Order 'FBVH80J6LQ' created | Generated 69845828 items | Pending 6136388 items]
[ID:2757| Order '5RVXRV47W3' created | Generated 69861220 items | Pending 6120996 items]
[ID:2758| Order 'FGZ1TW3QBC' created | Generated 69895642 items | Pending 6086574 items]
[ID:2759| Order 'GC1KAYNLZ3' created | Generated 69899010 items | Pending 6083206 items]
[ID:2760| Order 'HOELEPSA67' created | Generated 69934915 items | Pending 6047301 items]
[ID:2761| Order 'LBTC7SNUYS' created | Generated 69974740 items | Pending 6007476 items]
[ID:2762| Order 'SPC8L07UDK' created | Generated 70017508 items | Pending 5964708 items]
[ID:2763| Order 'S7C3V6LIGP' created | Generated 70051019 items | Pending 5931197 items]
[ID:2764| Order 'F8C3QXLM7F' created | Generated 70082607 items | Pending 5899609 items]
[ID:2765| Order 'E6XWIGSJP1' created | Generated 70124714 items | Pending 5857502 items]
[ID:2766| Order 'GVTMHO2YXC' created | Generated 70172233 items | Pending 5809983 items]
[ID:2767| Order '4Q8JQBRU9S' created | Generated 70211008 items | Pending 5771208 items]
[ID:2768| Order 'HX0Q4PPR86' created | Generated 70257553 items | Pending 5724663 items]
[ID:2769| Order '0SLWD0XG9W' created | Generated 70272322 items | Pending 5709894 items]
[ID:2770| Order 'DLVIXPUUV4' created | Generated 70301304 items | Pending 5680912 items]
[ID:2771| Order 'XXC5TLF8W0' created | Generated 70310285 items | Pending 5671931 items]
[ID:2772| Order 'NLNI7KLZE9' created | Generated 70311987 items | Pending 5670229 items]
[ID:2773| Order 'KOOGKYGXLK' created | Generated 70340063 items | Pending 5642153 items]
[ID:2774| Order '7VLPWJT3AM' created | Generated 70362995 items | Pending 5619221 items]
[ID:2775| Order 'F2IDRYD8ZV' created | Generated 70407909 items | Pending 5574307 items]
[ID:2776| Order 'KQ7K4645K6' created | Generated 70442350 items | Pending 5539866 items]
[ID:2777| Order 'PYGH3KS2XO' created | Generated 70466104 items | Pending 5516112 items]
[ID:2778| Order 'TVGJAMOO5A' created | Generated 70512332 items | Pending 5469884 items]
[ID:2779| Order 'FK0HSEHQJ2' created | Generated 70547550 items | Pending 5434666 items]
[ID:2780| Order 'WPIC5YTMSU' created | Generated 70599128 items | Pending 5383088 items]
[ID:2781| Order '9795N3IKKV' created | Generated 70612341 items | Pending 5369875 items]
[ID:2782| Order '01VH023X8S' created | Generated 70618646 items | Pending 5363570 items]
[ID:2783| Order 'AJK8DYCNCX' created | Generated 70641446 items | Pending 5340770 items]
[ID:2784| Order 'IMZAMTQD13' created | Generated 70664744 items | Pending 5317472 items]
[ID:2785| Order '24CS0Z37HO' created | Generated 70691155 items | Pending 5291061 items]
[ID:2786| Order 'ZPA9UB0IGE' created | Generated 70698152 items | Pending 5284064 items]
[ID:2787| Order 'BJYPJLZ04J' created | Generated 70710534 items | Pending 5271682 items]
[ID:2788| Order '5TC6IY633S' created | Generated 70757724 items | Pending 5224492 items]
[ID:2789| Order '2R91SPH2E5' created | Generated 70785497 items | Pending 5196719 items]
[ID:2790| Order '3IGNZAGVQ1' created | Generated 70815854 items | Pending 5166362 items]
[ID:2791| Order 'VZ2HXLZGY6' created | Generated 70863016 items | Pending 5119200 items]
[ID:2792| Order 'L4YXJBMMCA' created | Generated 70880332 items | Pending 5101884 items]
[ID:2793| Order 'BK4TN2MUN2' created | Generated 70911105 items | Pending 5071111 items]
[ID:2794| Order '39V6D04DB3' created | Generated 70956154 items | Pending 5026062 items]
[ID:2795| Order '4O2H818B2D' created | Generated 70958444 items | Pending 5023772 items]
[ID:2796| Order 'FWLZZLWXGN' created | Generated 70968740 items | Pending 5013476 items]
[ID:2797| Order 'RI3HNTONBO' created | Generated 70997334 items | Pending 4984882 items]
[ID:2798| Order 'LFTMP53UNR' created | Generated 71020354 items | Pending 4961862 items]
[ID:2799| Order 'BP127X8EBZ' created | Generated 71031017 items | Pending 4951199 items]
[ID:2800| Order 'VBPGQSZ9WH' created | Generated 71054657 items | Pending 4927559 items]
[ID:2801| Order '1L5VWM27NG' created | Generated 71089473 items | Pending 4892743 items]
[ID:2802| Order 'DN2SXC14IB' created | Generated 71120633 items | Pending 4861583 items]
[ID:2803| Order '8Q49HAPYHT' created | Generated 71130911 items | Pending 4851305 items]
[ID:2804| Order 'ZKR6O8YZBG' created | Generated 71140464 items | Pending 4841752 items]
[ID:2805| Order '3FH6ZL68B1' created | Generated 71168212 items | Pending 4814004 items]
[ID:2806| Order '58N5JEWHMW' created | Generated 71186775 items | Pending 4795441 items]
[ID:2807| Order 'BC38KOO2JL' created | Generated 71216364 items | Pending 4765852 items]
[ID:2808| Order 'GSI5R5RQBM' created | Generated 71231589 items | Pending 4750627 items]
[ID:2809| Order 'EBK5TDX366' created | Generated 71256071 items | Pending 4726145 items]
[ID:2810| Order '5VGL27IFMT' created | Generated 71279076 items | Pending 4703140 items]
[ID:2811| Order '83Y0RO0MH6' created | Generated 71290936 items | Pending 4691280 items]
[ID:2812| Order 'M0RFAHZF9K' created | Generated 71328685 items | Pending 4653531 items]
[ID:2813| Order 'AJ7L9DJXRR' created | Generated 71338212 items | Pending 4644004 items]
[ID:2814| Order 'M0F3WYJPZY' created | Generated 71346849 items | Pending 4635367 items]
[ID:2815| Order 'M1QMV0T36V' created | Generated 71380728 items | Pending 4601488 items]
[ID:2816| Order '0OQ96K0P1P' created | Generated 71385679 items | Pending 4596537 items]
[ID:2817| Order '343UJQW2JH' created | Generated 71405446 items | Pending 4576770 items]
[ID:2818| Order 'CLZ3P1HF8A' created | Generated 71448958 items | Pending 4533258 items]
[ID:2819| Order 'N3GPKOVZ1I' created | Generated 71474563 items | Pending 4507653 items]
[ID:2820| Order 'DV0A319RHA' created | Generated 71508926 items | Pending 4473290 items]
[ID:2821| Order 'JRE12WX2UV' created | Generated 71557135 items | Pending 4425081 items]
[ID:2822| Order 'AM8Z2ZEUGB' created | Generated 71561214 items | Pending 4421002 items]
[ID:2823| Order 'SW1T1YRNCD' created | Generated 71599871 items | Pending 4382345 items]
[ID:2824| Order 'Y69E5J9GYE' created | Generated 71608633 items | Pending 4373583 items]
[ID:2825| Order '41X9PD4FXR' created | Generated 71611482 items | Pending 4370734 items]
[ID:2826| Order 'C8SEJUXU5V' created | Generated 71649895 items | Pending 4332321 items]
[ID:2827| Order '9D7PGOR4NT' created | Generated 71675957 items | Pending 4306259 items]
[ID:2828| Order 'OUQZ9NW1FE' created | Generated 71679657 items | Pending 4302559 items]
[ID:2829| Order 'KEPN9QTD91' created | Generated 71704124 items | Pending 4278092 items]
[ID:2830| Order 'QDAJRK0I2K' created | Generated 71729916 items | Pending 4252300 items]
[ID:2831| Order 'YG3JZQ0HPC' created | Generated 71779383 items | Pending 4202833 items]
[ID:2832| Order 'ZALOYN0GH7' created | Generated 71784695 items | Pending 4197521 items]
[ID:2833| Order 'KR6WSPALGQ' created | Generated 71804931 items | Pending 4177285 items]
[ID:2834| Order 'C84ZAA3A0N' created | Generated 71832956 items | Pending 4149260 items]
[ID:2835| Order '0JC8P7M1Z2' created | Generated 71857685 items | Pending 4124531 items]
[ID:2836| Order 'TH8N4NHKIS' created | Generated 71907027 items | Pending 4075189 items]
[ID:2837| Order 'TW4N8D2OQJ' created | Generated 71942391 items | Pending 4039825 items]
[ID:2838| Order '786DHAZV8D' created | Generated 71972494 items | Pending 4009722 items]
[ID:2839| Order 'UN85RMNEWY' created | Generated 71979258 items | Pending 4002958 items]
[ID:2840| Order 'GFNXUXBGY5' created | Generated 71987779 items | Pending 3994437 items]
[ID:2841| Order '8YSKI80VJC' created | Generated 72018992 items | Pending 3963224 items]
[ID:2842| Order '6ACP61GR3X' created | Generated 72054475 items | Pending 3927741 items]
[ID:2843| Order 'XEITVAIEIT' created | Generated 72076473 items | Pending 3905743 items]
[ID:2844| Order 'ZSSLYDGPVH' created | Generated 72113158 items | Pending 3869058 items]
[ID:2845| Order 'AU76LKE04Z' created | Generated 72160915 items | Pending 3821301 items]
[ID:2846| Order 'XD4HVMP9GT' created | Generated 72177719 items | Pending 3804497 items]
[ID:2847| Order '661EKPTCP2' created | Generated 72216282 items | Pending 3765934 items]
[ID:2848| Order 'GHHDT9V5CX' created | Generated 72246351 items | Pending 3735865 items]
[ID:2849| Order 'R5M63PE08R' created | Generated 72280924 items | Pending 3701292 items]
[ID:2850| Order 'E391CLLA1W' created | Generated 72329393 items | Pending 3652823 items]
[ID:2851| Order 'EAOSIRPGDC' created | Generated 72356897 items | Pending 3625319 items]
[ID:2852| Order '4F16RJS1MW' created | Generated 72383528 items | Pending 3598688 items]
[ID:2853| Order 'Z0HWJXFCIE' created | Generated 72428486 items | Pending 3553730 items]
[ID:2854| Order 'ZP7M5EG701' created | Generated 72429248 items | Pending 3552968 items]
[ID:2855| Order '88EM0RY43D' created | Generated 72477264 items | Pending 3504952 items]
[ID:2856| Order 'Y0A27EY7BS' created | Generated 72484009 items | Pending 3498207 items]
[ID:2857| Order 'XQ6DYYKKTK' created | Generated 72537190 items | Pending 3445026 items]
[ID:2858| Order 'SVNFSDE55L' created | Generated 72544081 items | Pending 3438135 items]
[ID:2859| Order 'V3FPIW2JJ2' created | Generated 72549832 items | Pending 3432384 items]
[ID:2860| Order '8VWRREX4CZ' created | Generated 72573355 items | Pending 3408861 items]
[ID:2861| Order 'YAB45UZBNU' created | Generated 72586966 items | Pending 3395250 items]
[ID:2862| Order '4CI2FR6RJ0' created | Generated 72620783 items | Pending 3361433 items]
[ID:2863| Order 'R3CQWK9G4Z' created | Generated 72635435 items | Pending 3346781 items]
[ID:2864| Order 'PN2DZQHPKY' created | Generated 72662830 items | Pending 3319386 items]
[ID:2865| Order 'IMV0BBI306' created | Generated 72673954 items | Pending 3308262 items]
[ID:2866| Order 'BI7UJTH6ZB' created | Generated 72710334 items | Pending 3271882 items]
[ID:2867| Order 'JC07GFUD12' created | Generated 72720466 items | Pending 3261750 items]
[ID:2868| Order 'SW9RVWGE18' created | Generated 72731642 items | Pending 3250574 items]
[ID:2869| Order 'UOUS8LSAKC' created | Generated 72769912 items | Pending 3212304 items]
[ID:2870| Order 'TGUCW60CQ7' created | Generated 72813386 items | Pending 3168830 items]
[ID:2871| Order 'BQXX9MN67Y' created | Generated 72826446 items | Pending 3155770 items]
[ID:2872| Order 'VFDU8NMH38' created | Generated 72837127 items | Pending 3145089 items]
[ID:2873| Order 'BUSN3WAW5A' created | Generated 72879085 items | Pending 3103131 items]
[ID:2874| Order 'ZOX5SNV2X9' created | Generated 72928936 items | Pending 3053280 items]
[ID:2875| Order 'FO04VA3HAE' created | Generated 72967424 items | Pending 3014792 items]
[ID:2876| Order 'E47LVQUWG3' created | Generated 73003893 items | Pending 2978323 items]
[ID:2877| Order '4DHVBNPUE9' created | Generated 73019391 items | Pending 2962825 items]
[ID:2878| Order '9U78DISZNF' created | Generated 73020518 items | Pending 2961698 items]
[ID:2879| Order 'XXJYIBB08N' created | Generated 73041471 items | Pending 2940745 items]
[ID:2880| Order 'JHNEWAW03T' created | Generated 73072413 items | Pending 2909803 items]
[ID:2881| Order 'J93BXXN4V4' created | Generated 73082953 items | Pending 2899263 items]
[ID:2882| Order 'QHKOBSOS5X' created | Generated 73103693 items | Pending 2878523 items]
[ID:2883| Order '7MN2ID6W9F' created | Generated 73108028 items | Pending 2874188 items]
[ID:2884| Order 'E7DICIOYXS' created | Generated 73135839 items | Pending 2846377 items]
[ID:2885| Order 'WTK9P60WRG' created | Generated 73179063 items | Pending 2803153 items]
[ID:2886| Order 'HEEAS9OM0S' created | Generated 73222225 items | Pending 2759991 items]
[ID:2887| Order 'ADTZRLHLHZ' created | Generated 73259171 items | Pending 2723045 items]
[ID:2888| Order 'QI2CWQW365' created | Generated 73281762 items | Pending 2700454 items]
[ID:2889| Order 'DIZZA2FR2R' created | Generated 73312340 items | Pending 2669876 items]
[ID:2890| Order '1RZW30A3VC' created | Generated 73340734 items | Pending 2641482 items]
[ID:2891| Order 'N1LWCL1QHJ' created | Generated 73384443 items | Pending 2597773 items]
[ID:2892| Order '3WOV2ASORR' created | Generated 73393489 items | Pending 2588727 items]
[ID:2893| Order '914GRXBNGG' created | Generated 73432632 items | Pending 2549584 items]
[ID:2894| Order 'OCUWQEETM4' created | Generated 73471066 items | Pending 2511150 items]
[ID:2895| Order 'ZFCYFKOBY4' created | Generated 73504690 items | Pending 2477526 items]
[ID:2896| Order 'D2ENH6UCRS' created | Generated 73508083 items | Pending 2474133 items]
[ID:2897| Order 'DAVJNRHF6X' created | Generated 73539143 items | Pending 2443073 items]
[ID:2898| Order 'ZU4NOCSKNQ' created | Generated 73580815 items | Pending 2401401 items]
[ID:2899| Order 'RO1W6QBQXN' created | Generated 73629125 items | Pending 2353091 items]
[ID:2900| Order 'P256YT0M8Y' created | Generated 73668894 items | Pending 2313322 items]
[ID:2901| Order '8MM7C0DG8U' created | Generated 73677593 items | Pending 2304623 items]
[ID:2902| Order 'JNT9A4HNNA' created | Generated 73724942 items | Pending 2257274 items]
[ID:2903| Order 'J5MY2W6QBA' created | Generated 73728481 items | Pending 2253735 items]
[ID:2904| Order '7CXSD97O3Q' created | Generated 73739635 items | Pending 2242581 items]
[ID:2905| Order '9EA6SHLYSW' created | Generated 73772516 items | Pending 2209700 items]
[ID:2906| Order 'GC0VL1EMV3' created | Generated 73774270 items | Pending 2207946 items]
[ID:2907| Order '5G1PE7T4HQ' created | Generated 73819368 items | Pending 2162848 items]
[ID:2908| Order 'RU9W3Q9WVM' created | Generated 73856390 items | Pending 2125826 items]
[ID:2909| Order '20MB9YLTCB' created | Generated 73872802 items | Pending 2109414 items]
[ID:2910| Order 'WOTC7D3EVL' created | Generated 73873102 items | Pending 2109114 items]
[ID:2911| Order '32MTS4I1VM' created | Generated 73890358 items | Pending 2091858 items]
[ID:2912| Order 'ECBD80OOEO' created | Generated 73938928 items | Pending 2043288 items]
[ID:2913| Order 'BYLHQZI754' created | Generated 73949372 items | Pending 2032844 items]
[ID:2914| Order 'U2AU5K24L6' created | Generated 73991438 items | Pending 1990778 items]
[ID:2915| Order 'E2B9K87MUI' created | Generated 74000440 items | Pending 1981776 items]
[ID:2916| Order 'YJLG84EK9A' created | Generated 74024860 items | Pending 1957356 items]
[ID:2917| Order 'MUYX7EZO0G' created | Generated 74062981 items | Pending 1919235 items]
[ID:2918| Order 'ECO5FGC75B' created | Generated 74094683 items | Pending 1887533 items]
[ID:2919| Order 'APRAPW4JIY' created | Generated 74120129 items | Pending 1862087 items]
[ID:2920| Order '55RMX2R57Z' created | Generated 74157410 items | Pending 1824806 items]
[ID:2921| Order 'XQQZJKRRWY' created | Generated 74188103 items | Pending 1794113 items]
[ID:2922| Order 'KFH4HQX61I' created | Generated 74215415 items | Pending 1766801 items]
[ID:2923| Order 'UMJCX8AP71' created | Generated 74252562 items | Pending 1729654 items]
[ID:2924| Order 'TRWAGR3USI' created | Generated 74276730 items | Pending 1705486 items]
[ID:2925| Order 'DSIU6IQE0U' created | Generated 74323239 items | Pending 1658977 items]
[ID:2926| Order '7RPN4IVK9L' created | Generated 74352633 items | Pending 1629583 items]
[ID:2927| Order '1NK33LZWOO' created | Generated 74389043 items | Pending 1593173 items]
[ID:2928| Order '67LO67SLTY' created | Generated 74420262 items | Pending 1561954 items]
[ID:2929| Order '9PRLTIFTZB' created | Generated 74466432 items | Pending 1515784 items]
[ID:2930| Order 'SGK4VCUCZ5' created | Generated 74492154 items | Pending 1490062 items]
[ID:2931| Order 'ND0WNAY2XE' created | Generated 74497423 items | Pending 1484793 items]
[ID:2932| Order 'SXB101J8SI' created | Generated 74519984 items | Pending 1462232 items]
[ID:2933| Order 'IZZN5K6VTQ' created | Generated 74567523 items | Pending 1414693 items]
[ID:2934| Order 'WR1CG8PS2V' created | Generated 74587771 items | Pending 1394445 items]
[ID:2935| Order 'CTA0CR66XE' created | Generated 74609475 items | Pending 1372741 items]
[ID:2936| Order 'URC8GTR4XD' created | Generated 74624394 items | Pending 1357822 items]
[ID:2937| Order 'EU5AGAZK92' created | Generated 74630042 items | Pending 1352174 items]
[ID:2938| Order 'X7SKE03CBH' created | Generated 74638415 items | Pending 1343801 items]
[ID:2939| Order 'J2Q87VO979' created | Generated 74653409 items | Pending 1328807 items]
[ID:2940| Order '75D7CMQCB5' created | Generated 74693855 items | Pending 1288361 items]
[ID:2941| Order '8IE3DBAX4V' created | Generated 74722012 items | Pending 1260204 items]
[ID:2942| Order '8NOLIU9KKM' created | Generated 74753678 items | Pending 1228538 items]
[ID:2943| Order 'SURXALLG5Q' created | Generated 74761688 items | Pending 1220528 items]
[ID:2944| Order 'M0H5TA07E2' created | Generated 74785730 items | Pending 1196486 items]
[ID:2945| Order 'O5KB1FUQR0' created | Generated 74815618 items | Pending 1166598 items]
[ID:2946| Order 'H4GVSI5XDZ' created | Generated 74864887 items | Pending 1117329 items]
[ID:2947| Order 'B82LVKJMX6' created | Generated 74874899 items | Pending 1107317 items]
[ID:2948| Order '9HWGOYE3L5' created | Generated 74877942 items | Pending 1104274 items]
[ID:2949| Order 'F6BYEYR0F2' created | Generated 74883851 items | Pending 1098365 items]
[ID:2950| Order 'VLJICPWV6I' created | Generated 74899162 items | Pending 1083054 items]
[ID:2951| Order 'UOCA4V01FN' created | Generated 74941498 items | Pending 1040718 items]
[ID:2952| Order 'U5TRFHSGWW' created | Generated 74949013 items | Pending 1033203 items]
[ID:2953| Order '5YPCRQYZ1Z' created | Generated 74978546 items | Pending 1003670 items]
[ID:2954| Order 'W4EM7TZMVL' created | Generated 74985672 items | Pending 996544 items]
[ID:2955| Order 'LKALTTAR4X' created | Generated 75017352 items | Pending 964864 items]
[ID:2956| Order 'WNJ65NFWBJ' created | Generated 75064188 items | Pending 918028 items]
[ID:2957| Order 'LC887YDYQ5' created | Generated 75078265 items | Pending 903951 items]
[ID:2958| Order 'BBB6QHFZ18' created | Generated 75103375 items | Pending 878841 items]
[ID:2959| Order 'YA908OZPUG' created | Generated 75145913 items | Pending 836303 items]
[ID:2960| Order 'NLWUQUATUA' created | Generated 75149271 items | Pending 832945 items]
[ID:2961| Order '069J95WRWE' created | Generated 75172856 items | Pending 809360 items]
[ID:2962| Order '3PBTH6FYA0' created | Generated 75191166 items | Pending 791050 items]
[ID:2963| Order '4XJUGWVOSM' created | Generated 75211795 items | Pending 770421 items]
[ID:2964| Order 'X7UG94HBQR' created | Generated 75224158 items | Pending 758058 items]
[ID:2965| Order 'LIZOHEITJL' created | Generated 75233944 items | Pending 748272 items]
[ID:2966| Order 'VHDJWU2XTM' created | Generated 75268487 items | Pending 713729 items]
[ID:2967| Order '3HVYC4RZ81' created | Generated 75275754 items | Pending 706462 items]
[ID:2968| Order 'FFT094GDKJ' created | Generated 75281776 items | Pending 700440 items]
[ID:2969| Order 'L0HEG1LON5' created | Generated 75287543 items | Pending 694673 items]
[ID:2970| Order '2G521T0NW1' created | Generated 75304729 items | Pending 677487 items]
[ID:2971| Order 'XPV82HTVAL' created | Generated 75355224 items | Pending 626992 items]
[ID:2972| Order 'OG4KB2G1GZ' created | Generated 75391172 items | Pending 591044 items]
[ID:2973| Order 'SB2IMNKX7C' created | Generated 75402562 items | Pending 579654 items]
[ID:2974| Order '0VASPZKU2T' created | Generated 75418266 items | Pending 563950 items]
[ID:2975| Order '16LVXC04V2' created | Generated 75462432 items | Pending 519784 items]
[ID:2976| Order '5HR5KEHL3H' created | Generated 75489985 items | Pending 492231 items]
[ID:2977| Order 'AA4FPZL92F' created | Generated 75525343 items | Pending 456873 items]
[ID:2978| Order 'M2TXTFJ2CW' created | Generated 75571478 items | Pending 410738 items]
[ID:2979| Order 'CT5BZ55Y2R' created | Generated 75589234 items | Pending 392982 items]
[ID:2980| Order '909WI84K36' created | Generated 75620790 items | Pending 361426 items]
[ID:2981| Order 'XIXCYXOFXM' created | Generated 75625571 items | Pending 356645 items]
[ID:2982| Order 'M0HY1PQ97R' created | Generated 75662290 items | Pending 319926 items]
[ID:2983| Order '8AB1M0CT7T' created | Generated 75711580 items | Pending 270636 items]
[ID:2984| Order 'NSEG5VOZRM' created | Generated 75734555 items | Pending 247661 items]
[ID:2985| Order 'V40J2CV11V' created | Generated 75768010 items | Pending 214206 items]
[ID:2986| Order 'Z3W2W5RMZU' created | Generated 75796457 items | Pending 185759 items]
[ID:2987| Order 'DNI1KN5ARJ' created | Generated 75813243 items | Pending 168973 items]
[ID:2988| Order 'JJBJEJDFZF' created | Generated 75816954 items | Pending 165262 items]
[ID:2989| Order '5DJDKDIY6Q' created | Generated 75826956 items | Pending 155260 items]
[ID:2990| Order '0U7YYFJ99D' created | Generated 75827846 items | Pending 154370 items]
[ID:2991| Order 'C73VLBCAEM' created | Generated 75865468 items | Pending 116748 items]
[ID:2992| Order 'CDFC8F5671' created | Generated 75892704 items | Pending 89512 items]
[ID:2993| Order '4PS6BY6FMY' created | Generated 75923283 items | Pending 58933 items]
[ID:2994| Order 'BV6TVZPOC9' created | Generated 75933704 items | Pending 48512 items]
[ID:2995| Order 'AXXWJ0NG0O' created | Generated 75973618 items | Pending 8598 items]
[ID:2996| Order 'E54X63DRS2' created | Generated 75981580 items | Pending 636 items]
[ID:2997| Order 'SK4N3U2IOH' created | Generated 75987421 items | Pending -5205 items]
Process time: 2023-08-03 20:48:11.236966
Process generated 2997 orders, 648279 carriers and 75987421 items.
Process elapsed in: 677.561193227768 seconds
