id, identification, timestamp, despatch
1, YjLu0asVxyAfJWhmF4ZK, 2019-05-03 10:30:05, 2019-05-11 17:07:16
2, JWUXdqDux9pa0AFGr2rL, 2019-10-29 03:56:10, 2019-11-02 12:11:35
3, BfBfBYXeffNjKIIrhYAq, 2019-07-13 20:04:12, 2019-11-25 06:56:10
4, M5LddlQXM6lWZ1qt5gwG, 2019-12-29 12:56:15, 2019-12-30 11:19:45
5, NQpXsVlwLhYKSQkOiYUs, 2019-11-29 09:37:23, 2019-12-09 05:12:59
6, hqm3u5Mtxfx3ViihDbnc, 2019-06-13 09:05:21, 2019-12-01 00:39:24
7, tvYPRHNaZhHl7A8qjHkN, 2019-12-22 02:24:06, 2019-12-23 23:26:56
8, LK8iKZOyjpMlRLBHKL7c, 2019-06-23 15:38:21, 2019-09-19 05:26:02
9, jv6HodU7GE5fX0Gduo7j, 2019-11-17 08:36:01, 2019-11-18 02:18:12
10, B3RWJUg4skKwlnIFqyJ5, 2019-10-08 10:50:02, 2019-11-16 20:58:47
11, 61Jnz0e9awPVrttH2KGr, 2019-04-12 02:24:38, 2019-09-07 19:17:29
12, 9ByBrEjCxp2MACrDcpt4, 2019-07-22 15:39:14, 2019-10-14 07:09:10
13, 7mFBBkjLztxevj3RyOUG, 2019-02-11 10:42:06, 2019-03-24 13:03:46
14, Z2clBIj8IvkutpXJLJhH, 2019-06-21 20:52:20, 2019-08-26 10:23:11
15, 4SZ0dA4qoOmrTBtuNE51, 2019-11-28 13:35:37, 2019-12-09 01:03:38
16, vGQUlyJKeKo6dIc020w0, 2019-09-28 12:35:24, 2019-10-14 23:23:42
17, rQvmWKwxe9H2sS7VF7mU, 2019-11-07 23:52:13, 2019-12-08 22:08:13
18, yzHL5bOYKmdGGWS5uRxZ, 2019-03-29 07:03:11, 2019-08-14 08:28:25
19, zlyZ7Xd1UNsZu7cByTQA, 2019-12-15 03:28:46, 2019-12-26 06:24:35
20, dbrFqsgpVxf8JeJIZzjV, 2019-12-13 06:58:40, 2019-12-14 07:16:40
21, QAuLVaEHOlXhxou2osL4, 2019-02-16 05:37:17, 2019-03-06 07:18:02
22, vOi09xZyiDZImuSiET4p, 2019-02-23 19:24:19, 2019-11-21 20:27:04
23, RRqEwZeSa0orXiIeJVub, 2019-10-28 14:12:22, 2019-11-05 17:56:32
24, 0BffYCk8sN4TX4wCoYAf, 2019-12-03 11:54:18, 2019-12-08 12:33:24
25, KCqdkshivH1QLR4f7TJZ, 2019-11-21 16:49:53, 2019-12-01 22:27:13
26, dMEo01OCHg3ZGT3n0ULW, 2019-08-29 02:35:55, 2019-12-02 11:14:59
27, e9GzfebS1moSYhYxzqx0, 2019-06-15 17:08:54, 2019-11-29 17:24:28
28, HzVlOH7J038Huq720jVP, 2019-07-02 04:18:44, 2019-10-02 18:34:13
29, ota0ICVqGgie4FbHmubw, 2019-04-23 05:05:51, 2019-09-10 04:22:34
30, ojyPos8ACfjQPpK0IvEX, 2019-03-24 20:59:16, 2019-05-04 17:01:44
31, 2d1nKeHpYxUBnz3dG4Rm, 2019-12-24 00:05:07, 2019-12-28 11:26:21
32, ZSz4nYR5ZGpPrAFf9cVK, 2019-09-30 16:46:56, 2019-12-08 00:16:10
33, a89oAMSgA4YqI79FSbVE, 2019-07-25 20:10:48, 2019-09-04 15:22:00
34, KoQ2nJz4u6vicjqQoomQ, 2019-03-03 18:33:32, 2019-08-03 12:38:23
35, 1CU7FpKdEHPqbA3ljhD9, 2019-08-08 00:52:42, 2019-11-01 11:13:20
36, RRBvFsjYd4JPqixjoWhu, 2019-08-25 07:43:48, 2019-12-03 18:39:00
37, gVk6wsRYhqPYTrQZ4zlR, 2019-12-01 15:16:28, 2019-12-21 20:16:33
38, I4fqqTejP6KjKYbS4zKX, 2019-11-20 20:25:06, 2019-12-01 04:12:25
39, kZnOVLXq6lwl2XIZh9mv, 2019-12-25 02:06:35, 2019-12-28 06:02:13
40, wSnkHWyO8SdnphiaXQWI, 2019-09-24 21:01:43, 2019-12-30 11:55:21
41, TrwA0eEf0mVVnAmIzyIN, 2019-01-09 20:59:46, 2019-02-19 03:05:48
42, qm4p7CqyzBmHe8sTqRpz, 2019-05-12 16:15:29, 2019-11-26 09:35:45
43, Im7P4kuTFoJnM6OYofhd, 2019-05-30 03:12:57, 2019-07-14 11:17:08
44, Ey7xj5xwUjnvPjvlS1Nh, 2019-02-18 12:54:05, 2019-05-14 20:00:55
45, GqcZvAkxXT34OarsYJjF, 2019-10-21 02:35:23, 2019-11-03 09:46:43
46, kuvsfLKBdBPrD94VTiMI, 2019-07-28 05:21:45, 2019-12-22 10:26:34
47, um2spYQx0GYyd7aAZnUk, 2019-07-16 17:37:16, 2019-10-07 02:41:00
48, uwAZ6jRnwEgIOBqXAh5z, 2019-06-28 12:34:12, 2019-10-30 07:29:00
49, 1ac8qcseidJ4gDRvnHCh, 2019-02-15 16:49:08, 2019-03-29 14:46:16
50, dZFO3MONpUKUql1xH9s0, 2019-07-27 20:32:35, 2019-09-03 03:13:21
51, PFCYp3U1mHcpQxn67RsB, 2019-08-16 03:34:21, 2019-10-15 18:18:27
52, ljtiCvoRxeUqt3wIE0F3, 2019-12-10 16:36:43, 2019-12-13 04:59:41
53, ACMnjR1ybwiYP8heP3XR, 2019-04-26 17:13:52, 2019-08-04 03:48:24
54, uN20ZDCmCNUL3UvIiL1q, 2019-04-27 16:20:40, 2019-07-02 17:07:10
55, 5IhSLgWtcjFLHU5kKC72, 2019-10-01 05:21:54, 2019-12-23 13:20:59
56, vchro2OPee1xLzxg1GyX, 2019-10-31 20:49:14, 2019-12-19 11:58:24
57, IUgZGuD8y8fE0d3J4F3P, 2019-04-19 20:56:25, 2019-10-26 02:31:30
58, ZfFthXaY0b9lVlKc4VoN, 2019-12-19 07:17:06, 2019-12-26 10:03:17
59, 6xPM70WAn5Ncg3ssC4Vr, 2019-11-13 23:56:37, 2019-11-15 07:20:37
60, kHvfOFxPJoGVgChJnp8f, 2019-11-10 05:35:28, 2019-11-30 05:30:41
61, J3YzXGm8l1jqGQC1BYbx, 2019-10-12 00:19:34, 2019-12-05 14:22:05
62, Tb3qBgjQ42RsHdpPvbMQ, 2019-01-19 14:07:27, 2019-08-31 20:06:12
63, cCgrml7rY3n3HLiO1DZr, 2019-10-16 19:48:42, 2019-12-02 19:02:17
64, xy0q4tjIoTtnZWGigXiz, 2019-03-09 18:12:54, 2019-09-19 12:02:54
65, XFnEE4nTXWnNfmF8t4MJ, 2019-10-27 16:10:39, 2019-10-28 12:16:03
66, BAv19piuQ1DhfDOIXfuT, 2019-09-04 09:01:42, 2019-11-16 21:45:42
67, WuM3IDrauJrrJynxyZFl, 2019-12-05 01:38:19, 2019-12-19 14:47:54
68, vBHan81g4WKqMGWSv5Mf, 2019-07-25 06:08:53, 2019-10-30 19:37:32
69, d76VlkjM81a3RNNrpYUB, 2019-10-21 20:19:09, 2019-11-11 01:45:59
70, RhCO92MOCsMUGxIqbl5t, 2019-07-09 01:01:52, 2019-08-12 22:36:04
71, t4Lh1ICfHFZ4CO1Ykvgc, 2019-09-21 03:17:50, 2019-11-03 13:44:39
72, MneyVW9nQaGIAWhjaWDI, 2019-10-01 17:31:17, 2019-11-28 11:25:47
73, u73yiySXf4i0sPd4T4qL, 2019-09-23 18:09:31, 2019-11-11 19:52:45
74, jv4gbCyjMrLEI5HpnbkM, 2019-05-24 17:20:29, 2019-06-14 12:35:02
75, lxKnNraRvdPffphYzXpL, 2019-04-29 06:05:37, 2019-08-22 14:28:15
76, 4onLPDEaNc9qPEUlslKO, 2019-03-11 23:17:45, 2019-04-26 07:28:04
77, rmnW0QcaD8uNOTd75uW1, 2019-05-12 20:20:14, 2019-12-21 14:26:11
78, Np8g0TratLdRdv696KDS, 2019-08-01 12:51:25, 2019-10-27 23:34:49
79, 0rbdSPqiVA7Gm0tqUTyG, 2019-10-08 17:35:07, 2019-11-07 17:46:24
80, V5MAmDNvnRrulgJuM5b6, 2019-01-27 08:30:46, 2019-04-09 12:32:40
81, JHV9Le84mkQ2nqsMxM8P, 2019-10-05 07:09:38, 2019-10-10 12:17:49
82, pWgk02juhqhRd19CqBGp, 2019-03-25 08:42:34, 2019-08-16 22:26:05
83, P97kgDPLh3FweLJAOa0L, 2019-11-09 11:13:35, 2019-12-28 08:57:37
84, ESXUvSsv34OwqKgXvqGb, 2019-02-10 16:23:50, 2019-03-07 01:21:54
85, DRNZTNlH9IJn06wL7lDW, 2019-11-03 23:07:27, 2019-12-11 03:16:07
86, UZSWdXRI78IVufhMK7Dl, 2019-05-17 20:13:44, 2019-08-07 00:20:59
87, 5MxrnnB2Thb7t5NfFTRJ, 2019-09-23 07:20:04, 2019-11-15 13:55:34
88, kS0LVuwgq3UZcDn6tHj1, 2019-09-28 21:39:45, 2019-10-04 08:08:35
89, wLKjqmA23rfXVDOlnRco, 2019-05-23 13:13:28, 2019-10-09 09:15:36
90, 3AqSaFURY5641sguCdoc, 2019-02-20 04:18:12, 2019-12-14 02:32:09
91, at45wXPYCyzc8sMp13DO, 2019-06-22 22:14:02, 2019-12-26 15:56:42
92, Qx69fdGrnpnpmP768wgO, 2019-10-16 02:59:10, 2019-11-23 03:33:29
93, 05va8jP92uHwi99kY9hg, 2019-03-06 20:21:43, 2019-03-08 21:43:29
94, JBuCflRB277vzA04BhO9, 2019-08-10 23:52:59, 2019-12-04 07:39:59
95, KlkHmhRRObeUx9aRa0MO, 2019-05-27 21:53:44, 2019-12-22 06:24:25
96, Ic4RswAzIVtsyVgDoIl5, 2019-02-24 08:29:42, 2019-06-03 00:26:01
97, mZ9qe2yn1PskAzujkTGS, 2019-10-16 04:47:25, 2019-11-06 11:59:29
98, cleY4tHmTIKyOI7ObyXv, 2019-06-17 09:12:54, 2019-12-10 23:56:57
99, kLAEIWilpw0lv7Hx9FhN, 2019-11-20 18:38:25, 2019-12-28 21:24:20
100, cw1c2uhorf75j4fxsaxo, 2019-02-19 17:20:10, 2019-04-15 01:59:40
101, h01MdWK0U3i80eEQAHlr, 2019-11-21 23:16:20, 2019-11-27 03:38:11
102, cRY0rSgQTzJ67gepHbJC, 2019-01-14 03:36:03, 2019-04-16 04:46:09
103, ZHDPI1eU4CxoWvOw3IAR, 2019-05-21 21:45:08, 2019-06-25 21:06:51
104, jqnPCAQuPcoSbS9UUr6f, 2019-05-01 00:26:01, 2019-10-28 03:27:17
105, C9C54Xqg5Td7pvQFTeiV, 2019-09-11 07:59:26, 2019-09-12 07:34:24
106, I7MvyCw3JUm20jfPbxYv, 2019-09-08 06:11:51, 2019-12-18 23:15:12
107, BYNH9PrWLIft05KaPhHX, 2019-07-05 09:15:50, 2019-08-14 04:34:28
108, b7nsRmHWXapDEH9EvZM1, 2019-02-22 13:51:42, 2019-11-07 03:00:05
109, 44CI7dTxlBBzHLPRlaI7, 2019-06-30 22:18:32, 2019-11-02 15:20:14
110, V0nTaYpGjBSiGvkcX8WH, 2019-08-19 03:12:47, 2019-09-20 14:54:06
111, MtZbPVSeAuGQaULbG4IO, 2019-03-16 01:54:46, 2019-03-30 11:46:15
112, okarJz4sXPvRUELXjmNH, 2019-10-21 04:34:43, 2019-10-23 14:11:32
113, HpyUGnxH4O8rrooXPMPa, 2019-08-16 13:03:47, 2019-12-20 00:31:40
114, OpqRm2ogbda01doXUXu3, 2019-09-30 10:11:20, 2019-11-15 05:52:00
115, SjgFzfLUYjZotnTKzkyg, 2019-12-08 22:01:26, 2019-12-14 07:51:53
116, FkMwxgcZHGpG2hszJeED, 2019-09-04 11:54:32, 2019-09-11 09:36:27
117, J8XWu6nKy9eo0XdqBqUq, 2019-10-10 20:01:19, 2019-12-16 12:41:54
118, dJoxuBbQqwATFuq5qv4g, 2019-06-13 11:51:18, 2019-07-25 13:04:16
119, PsQah8yvByvgYV0sa00Z, 2019-01-07 13:30:29, 2019-07-11 11:19:01
120, P1H0PaamuzoWVnTNVJmj, 2019-10-21 05:48:27, 2019-10-27 09:17:01
121, 0J9UCnRCuLjLhXnvdLM8, 2019-11-23 18:18:53, 2019-12-11 10:11:12
122, ZrNAmrBgnyFOvgilkJW9, 2019-06-21 06:54:48, 2019-11-24 18:02:09
123, OJqY9RmfJ0waKw1wfCX1, 2019-02-26 03:34:31, 2019-09-05 18:31:59
124, uFeTb7MtEnxnWIHCwCeN, 2019-06-02 07:46:16, 2019-07-26 20:02:38
125, CM9H8SWsV7Jn5AFIZFIU, 2019-09-14 12:53:41, 2019-12-03 07:34:44
126, wgwoo5qMOPzPOPj48xwL, 2019-05-31 11:02:20, 2019-08-10 19:11:16
127, V5esfi0W659FC9Yol0UR, 2019-01-11 19:46:23, 2019-05-09 18:45:49
128, S8rPu5BkRXcuszolgcvS, 2019-10-13 20:16:34, 2019-12-27 04:10:54
129, b1Fflx9UuS6SVRlNesYN, 2019-01-04 16:34:21, 2019-11-13 23:50:12
130, R98r9IfydTfr1FIxWgGF, 2019-06-26 17:01:37, 2019-09-09 11:21:20
131, IZ9wFpBxiMqcUMjfwTut, 2019-05-02 18:44:13, 2019-05-11 21:43:36
132, hxI9UETSh5e7BX9MYuG4, 2019-01-12 22:43:49, 2019-07-24 12:40:41
133, alylItYEG4orI9zNG73p, 2019-03-30 21:02:39, 2019-08-16 19:54:43
134, 3w7WtHDKPpSZqDcwyHGS, 2019-12-25 18:16:03, 2019-12-26 23:20:20
135, rYnmTIcKKYSYDsBT04zq, 2019-07-19 21:17:14, 2019-12-14 22:39:17
136, 9WXIqYySfzBfg2IQoHhu, 2019-09-20 05:34:23, 2019-10-28 10:18:26
137, d0uG8698rdlPBApqzxLP, 2019-11-13 09:22:34, 2019-12-07 02:40:47
138, WSGuuMHUOL5HFABjZYZX, 2019-03-07 22:53:07, 2019-07-13 00:13:01
139, iuhlWTT36qu1dNQGJjKC, 2019-10-04 18:47:37, 2019-12-08 03:05:38
140, B5g6JYhooNNrHNc6ygXT, 2019-12-05 17:10:20, 2019-12-29 15:44:20
141, pj90DLqiZ2Sasf3d3PdX, 2019-09-11 15:21:50, 2019-12-05 12:09:05
142, P91ACkVBy3pQuLgyCvda, 2019-03-03 15:01:38, 2019-04-10 23:39:16
143, HCOtx9XS1JC8xQB8fyrr, 2019-10-06 13:34:46, 2019-12-14 11:45:28
144, rdiZafoX5zqMcBSOLYGA, 2019-11-26 05:25:07, 2019-11-29 08:16:10
145, pfeUa8bqyP0pmjL7ORhq, 2019-05-12 22:17:56, 2019-12-15 08:50:44
146, Ia1ArUaTABX6JSxKk1kn, 2019-02-17 23:38:26, 2019-07-12 23:48:09
147, VVnyTUWJq96q1fGXPgjI, 2019-02-20 18:26:13, 2019-11-10 01:18:53
148, Pp8m8rk9fgYb1zs2gTMt, 2019-04-10 23:03:54, 2019-11-21 19:26:46
149, PyGHwqsRCgEpZyQDIBbi, 2019-01-03 04:57:03, 2019-03-25 18:33:03
150, 7ShK7OMWYz8SA0RAq1k9, 2019-05-31 03:56:20, 2019-11-12 02:30:43
151, z03tez2TicSjrAh2zd2E, 2019-06-07 17:46:20, 2019-09-22 18:10:59
152, 4ta5QWsome43HLw2ZOFK, 2019-01-04 05:53:11, 2019-05-05 01:02:01
153, CRoscl9bOCsu6IPbLS83, 2019-09-03 18:08:39, 2019-10-20 22:14:46
154, tSnEqOtxf2Df9zdw851g, 2019-01-05 20:21:58, 2019-09-13 03:09:37
155, 4SzOTocA1CxDsPK3gfPF, 2019-02-28 00:22:31, 2019-05-05 09:58:35
156, hBDpjcxHrTd9VXDmQXM6, 2019-06-02 02:40:03, 2019-12-30 13:30:19
157, DJVOkxayrdQp13RTA5Ot, 2019-05-28 07:13:43, 2019-06-04 01:29:26
158, 5uDS8XiVVt86lLA4lRsK, 2019-03-21 18:43:01, 2019-05-04 19:34:51
159, MdhrjLeCG3rXUBgX69Nk, 2019-12-18 09:12:37, 2019-12-21 14:50:46
160, jFQGBYkdjtPWD6grldqa, 2019-11-26 10:08:22, 2019-12-06 12:31:46
161, UFQJmfZSrSlbBOMtmVEq, 2019-03-07 12:01:39, 2019-05-12 15:10:52
162, Hg8vScXrOxVhTwY2p3ua, 2019-07-24 20:59:11, 2019-10-25 03:20:23
163, ZH1vklT6rd7fhoyXtdSg, 2019-09-01 08:43:56, 2019-11-19 01:45:10
164, f2T5f6E3xBY69tKxQnmz, 2019-09-04 02:49:57, 2019-12-17 13:31:23
165, MSi50O3eUHZ0rgeSTlw4, 2019-09-12 06:33:07, 2019-11-14 21:49:32
166, CemMvgpScSuT009VgU1L, 2019-03-04 21:39:48, 2019-10-06 16:29:00
167, QgM1HRsaeIaUAkXjVMZQ, 2019-05-29 22:45:37, 2019-06-01 10:07:18
168, xUwJebKpsEucaWWcXF9i, 2019-09-24 12:42:04, 2019-12-01 21:18:35
169, Xqqie3cwZauRtDusSUTt, 2019-10-15 02:40:28, 2019-12-21 10:48:29
170, AvaiZa7HnpgOgC0vwGhl, 2019-07-04 22:11:01, 2019-09-16 11:17:05
171, sV09tvCRHsZ8lWylsztN, 2019-03-29 21:24:02, 2019-09-17 04:44:55
172, uSBGqRgzfQOlSshFcdo9, 2019-12-12 12:43:11, 2019-12-13 22:10:33
173, SZqxX6F1IwMKtdXxTHmu, 2019-08-28 23:16:12, 2019-12-05 16:00:41
174, vZtJV08WnOI8mHBQHMAf, 2019-06-16 02:22:11, 2019-06-24 10:46:25
175, qBJBaL890L2sZisRxK6W, 2019-12-29 06:15:39, 2019-12-29 20:26:59
176, oQPrPu2m7BdULMJap1Mq, 2019-09-27 18:10:06, 2019-11-21 17:22:03
177, qACbH03jhcOwA7AbiTE4, 2019-10-27 02:58:56, 2019-12-24 03:00:25
178, dJz62heLWquWCaEGAPVW, 2019-02-26 19:06:50, 2019-10-05 07:57:28
179, wNPUVtsZg2P8TN4BNvwg, 2019-03-04 18:20:25, 2019-12-11 20:27:17
180, rUKIv9P8QKfyApvDujHk, 2019-08-01 20:18:59, 2019-10-10 00:46:57
181, ccr3wIweHvMaywuOiJvk, 2019-09-01 23:52:58, 2019-09-24 19:32:59
182, 58252HH1YxoptiIdCYsA, 2019-01-06 03:13:13, 2019-08-14 20:15:51
183, FbvHnac2wVwFbTbW1Qyy, 2019-07-30 11:46:47, 2019-10-11 18:26:51
184, KRRTusRF5qjbcJqJIUQ4, 2019-03-30 04:55:58, 2019-09-25 15:25:38
185, OAkjPSEdc5J19uqGHx7c, 2019-06-29 23:08:54, 2019-12-27 23:58:41
186, BzU0d7NIGipMvpcRaKPt, 2019-05-04 03:26:05, 2019-09-13 05:56:43
187, IQVSD4qIh0hlfPA4232q, 2019-01-24 21:25:10, 2019-02-16 10:58:07
188, aN9bRPLKzQ1dl1d4Niii, 2019-12-06 06:37:48, 2019-12-13 15:41:41
189, JuCdkrOMKEhlnxON1Dg5, 2019-12-07 09:18:58, 2019-12-29 15:32:30
190, eLKx8mJ3dLWSxT8DSnsj, 2019-05-02 21:07:31, 2019-05-16 17:01:16
191, X62IHdgGJAtDr1lysULA, 2019-02-18 12:34:52, 2019-04-27 18:27:07
192, YJ927G9e4XReH8J2Kc94, 2019-02-07 21:20:02, 2019-09-08 03:07:19
193, BMAOKpDUghVz2iHJZv4O, 2019-08-01 08:22:52, 2019-12-24 08:54:17
194, bqJtPjZ7CFVOQm88h097, 2019-02-09 23:13:16, 2019-02-10 08:35:43
195, Lqbb6BborqW9bgUygNQc, 2019-07-04 23:22:43, 2019-09-12 19:28:35
196, dqyjjWVSTBbEueO1hO29, 2019-02-04 22:15:42, 2019-04-13 04:14:08
197, EMjXay6C2e3AFwrT7I4A, 2019-02-23 10:38:17, 2019-06-08 10:49:48
198, dg4R2XFwxf82ST0wVnM3, 2019-12-18 02:39:36, 2019-12-23 19:56:58
199, Cg10KdKVnflmnwyeMbXm, 2019-10-10 13:00:29, 2019-12-12 20:58:15
200, c2llZxRKAVvckiJgxhr7, 2019-03-01 21:17:14, 2019-10-03 05:58:58
201, ahiSY6A1mNFHxtUKIpRe, 2019-09-13 07:30:25, 2019-10-26 21:48:56
202, S8j2Y0EBTURPF9mEYGaN, 2019-04-25 04:12:38, 2019-11-24 03:21:57
203, T7RLjwHNL6cl6HqDuPWy, 2019-04-06 07:07:53, 2019-09-05 12:05:04
204, Yjy0jQrSRMHnQ9fVixcj, 2019-05-22 22:47:58, 2019-06-07 02:25:40
205, nP9W6M5WUDxm2AKVsESM, 2019-06-14 23:57:53, 2019-08-15 08:27:24
206, IpgXolESKEdNv9rNNw7i, 2019-03-21 07:40:38, 2019-10-10 00:24:14
207, sKd8UwZcAser652tsVF7, 2019-09-04 14:05:14, 2019-12-10 00:38:26
208, ohvKxMoLB1UOsVwyeNS1, 2019-10-19 20:56:14, 2019-12-22 03:30:39
209, Ik9rndt6fnCAoNwiaxyu, 2019-02-08 10:50:55, 2019-03-13 07:01:32
210, Ur3VGlog3XFF6IwygyjX, 2019-08-01 22:06:44, 2019-11-20 04:19:36
211, BACNuHNQ310TpytlttDu, 2019-07-10 10:45:32, 2019-09-06 21:30:08
212, fK6hMPjl4F42naOw77FN, 2019-08-24 05:08:33, 2019-10-22 23:05:39
213, 77zg2yYsp1zApDEWLYiB, 2019-04-17 09:15:51, 2019-05-31 07:08:13
214, IEUFtEaeMXotCNVGHx0E, 2019-03-15 10:25:09, 2019-08-14 23:01:22
215, 2UmyHOvASvhcSW0dst8U, 2019-05-22 00:13:00, 2019-11-26 04:59:51
216, SLAQbOpstGxkN8gRJcwK, 2019-10-29 16:00:39, 2019-12-25 01:45:14
217, f2kOybhi1XoyKT0bNyRK, 2019-05-27 06:20:48, 2019-06-07 12:09:26
218, 3K3ODSJtrimnGbEm5IdC, 2019-01-26 21:36:53, 2019-10-18 23:09:53
219, O9bL3AeA5th4JaTFSfQR, 2019-01-10 09:56:40, 2019-08-07 08:10:02
220, kup1Kja0ZhyrUqav4k3i, 2019-11-26 05:21:33, 2019-12-30 20:39:24
221, cnJTcM3xDRL4rdzeO2vV, 2019-07-09 10:09:43, 2019-09-26 13:05:30
222, QtyBFjkNILsYRwPVEAdO, 2019-04-04 23:51:25, 2019-12-08 02:18:28
223, XgPVov0J6QYMW7iVNOCT, 2019-03-17 22:51:49, 2019-10-24 09:10:45
224, 8j6OsLMZzYIWxbQ7Vzlc, 2019-11-11 08:04:44, 2019-12-21 11:00:11
225, ZAyYoBksnJLn9bBypp6R, 2019-10-09 03:52:23, 2019-11-29 01:19:47
226, frCx4zDPVO0ELS8uvXpp, 2019-10-14 03:47:17, 2019-11-30 15:14:15
227, lR7hvVgNQ8LTX94q6INV, 2019-07-18 00:16:22, 2019-08-15 18:55:19
228, UzH2nIdPoKAThpWScwFf, 2019-10-26 00:13:21, 2019-12-03 05:31:24
229, khrKAAhrWB6XBzZUy8vP, 2019-06-29 00:38:48, 2019-12-11 20:51:47
230, HKKUUeQTq7tlwgnd9L4K, 2019-11-24 10:36:58, 2019-12-04 16:07:38
231, T4X9Nn14v0urdRyrx2DB, 2019-06-17 07:58:04, 2019-12-28 22:54:43
232, Z1txwWDhmsMMVynWFUtS, 2019-11-26 03:30:09, 2019-11-27 10:09:02
233, ODgCC39RIq38iydxRkWG, 2019-01-29 09:27:29, 2019-07-28 08:37:06
234, hCvewf5DxbJHLJOB7FAB, 2019-10-14 09:39:26, 2019-11-08 16:34:58
235, vmexyOClQT0eW0qOhb6y, 2019-09-30 12:08:19, 2019-10-06 21:41:42
236, E3GALQq90tYcjuANRrLr, 2019-10-12 00:50:18, 2019-10-29 12:02:37
237, C6UQf3s5IdZaVRr8IOlO, 2019-06-05 23:27:31, 2019-11-08 10:12:08
238, ltGa8K2VJepHyl3G0Euj, 2019-08-14 19:25:11, 2019-09-18 14:21:47
239, srWHbatpssz56bkoyJsm, 2019-06-01 14:42:36, 2019-09-07 12:48:19
240, HiEiz7fx7ecu6Siy8WEf, 2019-08-24 13:30:56, 2019-10-05 18:50:28
241, wdoIKA9bLnCGHMax2eKt, 2019-12-26 06:40:21, 2019-12-29 06:07:52
242, S4IcsPn9qHZavXt8Ek3X, 2019-07-02 03:29:48, 2019-10-01 23:38:12
243, jDWyoretRPO5O5FBPjCQ, 2019-04-18 15:03:38, 2019-05-26 03:48:55
244, TPAUGdOE90QC4twNjRUe, 2019-12-18 10:36:34, 2019-12-22 05:25:53
245, minCo94fjUsm02f3JDio, 2019-11-02 00:09:38, 2019-12-14 19:14:53
246, 3K8Hfs7XPFf0Pos09MTc, 2019-06-11 21:27:37, 2019-09-25 15:14:17
247, D76AkyXdH3zvN5V9MQAL, 2019-07-02 03:40:06, 2019-12-25 03:40:51
248, 05GqmSAsrnECiVnoI44c, 2019-05-01 10:02:06, 2019-10-23 11:02:39
249, FhDqtJaw4ud1J5xGSIG1, 2019-02-10 08:24:44, 2019-03-28 01:57:15
250, vbYLss9Z47JwNzs3rAxi, 2019-09-10 08:23:51, 2019-11-11 21:01:09
251, UEANT14TpsH3yBKH1F2D, 2019-11-01 22:38:40, 2019-11-16 09:41:06
252, 6lI7EAtpBiy3kBsJSDcG, 2019-05-23 12:40:39, 2019-10-24 11:42:31
253, EcFEVjLdl67jpSX8DLjR, 2019-09-05 18:11:21, 2019-11-30 20:52:22
254, PTNHqklPohJmvO0z00Nb, 2019-01-18 15:39:29, 2019-04-27 13:32:03
255, TiESv4rh5Tz2LRwlu1r7, 2019-01-10 12:19:20, 2019-06-07 22:26:44
256, IUAq3sIY2nTeod009tGm, 2019-05-31 23:56:56, 2019-07-21 01:38:05
257, QlAP4JSUWB6h8UExfko2, 2019-11-26 01:58:42, 2019-12-06 09:42:41
258, Wci2KP9OKt9nX4ttHHVa, 2019-03-03 01:16:15, 2019-05-09 19:10:44
259, fjnEXL71KdhxBEpwJ9ds, 2019-04-28 07:49:33, 2019-06-05 15:37:56
260, 9yt5SkFXvTaxBUz68O11, 2019-02-19 03:57:06, 2019-06-17 18:11:31
261, HAddWDY96J27vI6aWYo8, 2019-03-03 17:25:46, 2019-03-29 02:15:45
262, 5uRt927RbH3lbFqbkQFo, 2019-07-17 21:11:33, 2019-09-06 00:42:55
263, uDWNtVmQmF6pKi9V3QWR, 2019-02-06 21:29:35, 2019-09-09 14:25:39
264, LHR8aDtZYbb3AtjRnWqL, 2019-01-28 05:35:48, 2019-08-10 14:12:39
265, PwiQvMBHp5Juc7wolXAE, 2019-03-02 01:06:27, 2019-08-30 22:52:00
266, XTlWf5VtHtgSq8e4dpRp, 2019-03-06 12:14:36, 2019-09-13 02:10:25
267, eDvPkBOJQ5bKXHvBQWqk, 2019-06-04 20:36:03, 2019-07-18 16:21:27
268, 9Sqiux3NK4lDsr82Ka4D, 2019-08-30 23:12:44, 2019-11-12 20:12:41
269, p0KwbWlSFtXcJcL5KMzz, 2019-04-06 05:55:19, 2019-12-12 20:48:36
270, 15R9eNxleqUgudKJZeIZ, 2019-01-12 00:49:14, 2019-10-24 05:26:45
271, ArovN6AIoB06pdDvpOWS, 2019-06-22 17:58:35, 2019-10-20 01:36:13
272, TZV1FeajBjucFv0lxma2, 2019-12-18 08:39:58, 2019-12-25 00:49:56
273, IzFCP5L7i2iG6pbTcwJd, 2019-08-19 22:59:34, 2019-11-09 19:47:12
274, WzUlSkyPxP75qvLSTSWt, 2019-05-20 08:59:19, 2019-09-06 16:44:16
275, GgvFFEqOvCKFm5XSCqcZ, 2019-05-18 00:44:01, 2019-12-08 16:55:40
276, UadO0bJ9y9miYInhaQxM, 2019-11-19 18:52:03, 2019-12-29 15:22:19
277, 2arqLc2O1blPC6iNNbOy, 2019-08-26 03:02:26, 2019-10-24 04:57:19
278, acaqiB5Dy2uc5jQx5ftQ, 2019-03-13 23:33:37, 2019-07-18 12:29:39
279, g2DXPss75zAANdeA1hfC, 2019-06-15 11:40:58, 2019-07-03 16:13:28
280, sOO1g80RBH3WgnnLCre5, 2019-11-21 10:25:36, 2019-12-10 19:30:30
281, mqZeFJljtnoGqsc4GdW5, 2019-09-13 22:34:11, 2019-12-22 05:18:59
282, IJMw0Vqq7nm8smK1B06u, 2019-12-04 15:52:40, 2019-12-13 18:54:21
283, CTQPRf7XzWucJwLdexC7, 2019-11-09 13:52:42, 2019-11-19 01:26:23
284, xX0X3E9tWWKBl4BcKC0g, 2019-08-25 08:51:22, 2019-12-22 16:24:53
285, 2N6M2pFZnrXMLQfi2m0I, 2019-11-01 16:27:59, 2019-12-12 23:41:36
286, iYFBEq7CODz9dsT3wz24, 2019-10-17 22:50:52, 2019-11-16 04:01:18
287, WeyCtOIUiyaI0nkpbwrn, 2019-01-16 17:57:54, 2019-10-26 07:30:24
288, ToXK4GWWAS1iknnIeoHD, 2019-06-03 02:42:32, 2019-09-30 15:17:02
289, CVC65KRNJ12rkFtevTYG, 2019-06-29 07:31:12, 2019-09-22 03:04:10
290, OEgYzjMmUEHedRIxU5d5, 2019-05-14 23:23:53, 2019-08-07 20:15:08
291, HnTNo3G8uggzB8QlmHTM, 2019-01-06 10:51:01, 2019-04-24 18:22:48
292, tqQ8Th7H26bBnJUXByOo, 2019-07-09 22:14:09, 2019-09-06 15:59:36
293, 7itAlTzJJ9S0BJuQuCgi, 2019-04-28 04:21:58, 2019-12-01 11:47:16
294, wFke1ipeaPrREa6fZLGM, 2019-09-30 00:09:25, 2019-10-30 13:01:42
295, DxkDydDiITRb1g4Ou97i, 2019-11-19 03:41:24, 2019-11-24 08:41:11
296, vU902U5kpmBzfRJziNTM, 2019-07-24 07:13:06, 2019-11-03 18:22:10
297, qGmj9prM0Vn2E1qhMxYX, 2019-08-08 11:02:07, 2019-09-17 17:44:21
298, WRs2XtL11NPXTt5dirfE, 2019-02-04 17:35:48, 2019-06-27 19:22:02
299, UXQeqguZNAIDE9iDlxOZ, 2019-12-21 07:46:08, 2019-12-29 14:30:45
300, gKpWixzPbPcNL1zJeIax, 2019-02-17 06:43:55, 2019-11-25 09:54:56
301, E8bRpvN945XYqTW7vQcC, 2019-02-08 04:46:25, 2019-10-07 04:29:31
302, iDOA5rBqXbxpKTitUQxx, 2019-09-13 08:18:48, 2019-11-17 07:56:51
303, JZMSmr5t6w0pkRdZ12Xp, 2019-06-27 21:44:48, 2019-11-17 10:18:18
304, yaKHhAcM5UlvPTg9F0jL, 2019-07-28 02:27:46, 2019-08-19 06:29:59
305, 3QNcjsTILM7ClPVoMsKE, 2019-03-07 13:31:40, 2019-07-28 16:05:27
306, nEJtc8EZedt0EhsUat4r, 2019-05-13 14:16:00, 2019-09-10 20:25:54
307, YyCw4lNpBqhjZs3mqEpV, 2019-09-13 08:49:01, 2019-11-07 15:54:09
308, o6MIX5eSED5mYOJ9PUUJ, 2019-08-28 10:39:09, 2019-10-02 13:55:34
309, AX0TrjIy42oedSxkVJTE, 2019-10-07 17:22:59, 2019-10-13 09:04:26
310, cEGNiCbvRvB4DDmAJFi4, 2019-08-19 16:37:11, 2019-08-27 03:21:35
311, AO6tA0jecOHP56TK9A4m, 2019-09-03 12:54:39, 2019-11-15 07:50:48
312, k4TVkmbHBiUzRt3Z0wNP, 2019-08-16 22:30:07, 2019-10-15 13:12:10
313, UV4BO5osF0RqLKXcABpi, 2019-10-29 03:29:08, 2019-12-30 14:03:04
314, 7WTidWOpBydm2nTdPXck, 2019-03-30 07:35:04, 2019-08-24 02:49:34
315, NT7UuuzOV6rFC6V9nFya, 2019-01-25 19:37:21, 2019-10-25 14:40:43
316, XL5rCKmzUTjfEuDzwM11, 2019-10-14 09:29:53, 2019-11-03 01:31:14
317, o2AYhW1lbtcbPAql4Ndc, 2019-03-05 23:26:13, 2019-03-26 21:31:02
318, RhfeMIMBtfdXHsaqbWrw, 2019-06-22 21:44:23, 2019-11-21 13:07:15
319, y2HDx7u9iGBI5cVI5uGW, 2019-02-19 00:16:34, 2019-11-14 20:57:36
320, Tzv5kjD1hY7qJxXBzW0R, 2019-01-06 01:08:14, 2019-02-11 02:57:24
321, HNYTrL8Sfg5Rvtw3wGBQ, 2019-11-26 14:58:14, 2019-12-11 20:27:12
322, VJ62UBzKioPlGS7tKZdU, 2019-10-29 02:34:25, 2019-11-07 15:31:02
323, bKesoW7lTWvLIGl5Z3nr, 2019-04-22 23:51:36, 2019-07-01 11:22:19
324, mENEt3Qwmv1uLjReHKJh, 2019-05-19 09:14:22, 2019-08-08 15:41:46
325, L7UmF2IFiQq9jmn2PMRm, 2019-12-07 12:24:05, 2019-12-23 01:32:08
326, cik4zYxHs37Xu5QD3hNL, 2019-11-03 20:17:27, 2019-12-09 06:10:30
327, xvEfZfmu0ifQaHnweS30, 2019-11-03 12:23:25, 2019-12-18 16:18:54
328, 3GtfBiXlx8iM4Fc26h0O, 2019-07-22 08:24:00, 2019-09-30 06:59:49
329, PEDDVFjshewIsRDxiNde, 2019-07-07 17:31:44, 2019-12-29 11:00:50
330, LZfyw0tItA7dcTfcN6PM, 2019-03-14 07:25:10, 2019-12-29 16:24:28
331, enf5zfFC5BbOmwSZJjcI, 2019-05-13 13:10:01, 2019-06-28 04:42:19
332, HM43oFUTlx8TKqFXwoY2, 2019-10-20 08:21:00, 2019-11-03 10:42:03
333, WMpfxXTIX4kRgoYDXyzU, 2019-10-22 19:55:50, 2019-11-07 23:52:28
334, NpzFfzHE7ilfvBTfE0av, 2019-05-26 19:11:47, 2019-12-09 01:54:57
335, PgIZJvjVs2PASXBzR8B7, 2019-11-19 05:50:37, 2019-12-21 22:39:24
336, BSf4WTzMUZgSSq6mrPPp, 2019-07-02 04:43:29, 2019-07-13 15:29:08
337, UCmd1FpRe7Ssll4S9EJP, 2019-10-29 22:04:32, 2019-12-16 21:38:23
338, CbHFYs9zELYohQwv8oQm, 2019-03-08 10:33:54, 2019-06-19 14:00:25
339, aYttbMfvaVpCJCOWoHtD, 2019-08-05 19:41:37, 2019-10-04 00:20:28
340, spFIlwPcXoNT2JVkPMcw, 2019-04-26 17:05:19, 2019-06-22 04:46:51
341, hOPKTH71YHNoaKYcO5wG, 2019-09-20 00:50:52, 2019-10-03 11:01:50
342, QRHJHn0zyflVx6F84tav, 2019-04-11 15:52:45, 2019-09-03 19:25:52
343, c3giD9A8QbERpgHWvQyc, 2019-08-06 04:48:07, 2019-09-17 00:59:05
344, Fd3QE0j3xgzzyBp1mxxO, 2019-10-09 04:05:06, 2019-12-17 16:01:20
345, me3ybh9OyYzmWkfCAOGq, 2019-09-10 00:22:31, 2019-09-27 21:30:09
346, 7BtjKs12d0GpC2h1w3xK, 2019-03-02 13:49:11, 2019-08-06 07:08:08
347, hhaxm5qaSILuvztpzJKa, 2019-10-23 14:56:59, 2019-12-11 06:18:57
348, 76Jj4GMYGSXSHYTeXCuZ, 2019-03-03 14:33:08, 2019-07-08 12:14:39
349, vJ7g2N9fdk0gkZpkOgjy, 2019-02-08 14:22:38, 2019-05-06 12:30:34
350, 7WSALKI5t9vDAlV5FB08, 2019-07-10 06:59:13, 2019-10-05 22:27:11
351, dmPa52a2XZm05FxsJTh7, 2019-02-12 17:49:00, 2019-05-07 02:37:34
352, 6t8z5pkqYZYhE8HBabOc, 2019-04-17 12:47:02, 2019-09-21 02:48:51
353, LdxLlYTHR27DlpJb5aY4, 2019-01-14 23:19:01, 2019-03-15 05:58:53
354, rQuJyiS57Ynwp51FkvyJ, 2019-01-03 05:56:20, 2019-06-04 14:08:22
355, bbzy2qaNqMkEjNS8nFsq, 2019-11-04 16:43:35, 2019-11-12 08:07:53
356, huRwMb4FCdbtAUabT9lG, 2019-12-08 02:24:03, 2019-12-28 13:13:19
357, AloReveKTQvJPq8PLNUl, 2019-02-10 06:19:42, 2019-10-07 15:00:30
358, qfNCbBIvDLb9fCwhnDYI, 2019-02-07 18:11:50, 2019-02-12 12:41:07
359, 2rfWMxOR1uNK9fFqbNWU, 2019-10-11 17:04:48, 2019-11-29 03:39:09
360, hYvY5eXAfcdKYJzJunw3, 2019-09-14 17:19:10, 2019-11-11 22:21:45
361, Hz2QT9lSQ2ojfYjh921D, 2019-09-17 21:59:04, 2019-09-20 23:25:24
362, eEVoAy8nbTIWA3Zs7nyl, 2019-04-02 22:19:23, 2019-07-31 08:00:52
363, 3e3Xg6MenCuQfKigh3UB, 2019-06-01 01:34:24, 2019-09-02 03:37:59
364, 0nwOuM0DP8mhoFf7egWf, 2019-08-24 12:57:45, 2019-11-24 02:46:00
365, VJOSSMt4GwIIgq5qDRL6, 2019-05-02 03:53:42, 2019-06-21 21:04:50
366, lGtFjTYJWqCbbUPagcsQ, 2019-12-28 01:44:53, 2019-12-30 22:06:15
367, DHwnXqxG9BNc1a9SFmXb, 2019-12-06 18:58:25, 2019-12-28 03:14:10
368, 8MSkSpV2EDf9L0MMob3x, 2019-05-18 21:23:33, 2019-07-03 20:51:24
369, sRzSF3dU0rHn3z8pHpXA, 2019-10-02 19:38:45, 2019-12-12 13:35:18
370, SI3zPgS8e741egyrliCS, 2019-07-06 11:00:10, 2019-08-07 08:06:36
371, TZUMbRJDRFUIQ7rS2Yd7, 2019-06-14 12:02:50, 2019-07-03 16:59:06
372, 5T5gBAG5JMlrkaasoLqn, 2019-10-21 02:26:41, 2019-12-22 14:50:50
373, y963VUjwWEnUGPlIbjQ8, 2019-10-04 03:51:43, 2019-10-20 00:37:39
374, fqjdbfVUeXFZfAihRc1o, 2019-06-19 13:59:47, 2019-10-24 23:34:08
375, Jf5aamJzJZhary5QYuR1, 2019-10-19 17:08:38, 2019-11-27 21:52:22
376, aS1TmGv43mHEd9fKfX6r, 2019-02-07 09:24:52, 2019-07-30 04:03:16
377, hgx76DsSGWaDZWlG04vo, 2019-02-24 21:23:12, 2019-08-16 18:20:38
378, DspbHiWKF9VfhTJEjG6S, 2019-01-03 21:21:23, 2019-05-29 06:54:21
379, knme27oLml3g1kUacSn2, 2019-12-18 16:48:46, 2019-12-23 06:37:53
380, KpmV0Ll3eL6xfBWG2VZk, 2019-10-13 05:23:04, 2019-10-31 19:02:13
381, VhcGk7ZE2qMIp6AoWD9y, 2019-01-01 23:42:27, 2019-09-27 21:19:41
382, CI4cjpOCmarrCUQLAVmG, 2019-11-06 12:25:09, 2019-12-13 04:12:44
383, 2YY5QVJQnDbLYtOlE2jV, 2019-01-25 19:59:48, 2019-12-18 11:26:26
384, C7LgZflymBndvmPU6CwE, 2019-04-21 07:50:19, 2019-08-20 23:06:02
385, TeFWTCmEYHhV98RProcf, 2019-03-14 10:07:41, 2019-08-28 14:13:40
386, GTYTxChT3OvXV1h80zfC, 2019-07-26 19:45:24, 2019-10-23 02:27:22
387, 2HDfKph46V1xeOibKQOv, 2019-10-29 14:09:38, 2019-11-02 01:25:16
388, reHEhWqFDg1ftlwMAbRs, 2019-10-14 11:32:04, 2019-10-24 06:40:27
389, hRZjNwhX3a128DWIBoHp, 2019-01-22 20:52:20, 2019-06-03 15:54:05
390, 2hGCbSLF7ftAvniKDIvC, 2019-05-30 18:42:31, 2019-06-28 21:39:28
391, SwveCwfh0AWvzBiMuiYA, 2019-10-20 14:30:37, 2019-10-29 13:51:49
392, VsqdTZO20BTsBJPIHjej, 2019-03-18 01:22:10, 2019-04-16 20:02:41
393, 5yHyTxCgeNS8SzteDJVf, 2019-12-29 12:01:26, 2019-12-29 19:18:05
394, iRgnNch3jOOnMrpcfJ40, 2019-07-18 13:18:38, 2019-10-09 23:39:53
395, sb99IpnLuLQrDF9sO7qs, 2019-11-18 10:37:18, 2019-11-22 04:38:35
396, tBeUJogmI0iGRgfrVWK4, 2019-06-28 18:39:54, 2019-12-28 06:12:10
397, JpS06JsSxuwdWqODY56a, 2019-10-28 00:27:43, 2019-11-08 18:20:47
398, QW3idf4RXasFEPolR6iY, 2019-11-27 06:49:58, 2019-12-25 05:30:03
399, UHmqrLJwJiU6TeUEInQv, 2019-01-11 00:28:16, 2019-07-13 19:13:02
400, NL78WNsoGOiWhoHNM4Kg, 2019-07-06 15:46:51, 2019-07-07 06:49:38
401, cKzOsHjVJr27hjq2niYv, 2019-12-14 23:54:46, 2019-12-20 02:14:49
402, 6d067PDDiIFkaUgQMNjy, 2019-03-15 21:54:08, 2019-10-29 17:38:41
403, XK60p5eImeCuOvuw1ov7, 2019-01-28 02:27:15, 2019-05-12 13:04:03
404, 1PZSyHGDvWpfAW7LOyqi, 2019-11-22 04:51:42, 2019-12-16 08:01:10
405, oNh7Y1jPCg4HfOvxcggG, 2019-12-14 06:05:01, 2019-12-20 09:22:41
406, G9HcVGI5hSur5OIKRwMl, 2019-01-15 20:49:41, 2019-12-11 14:56:59
407, QCsbyUdVHHhU9CFeL8HM, 2019-06-22 04:12:43, 2019-12-17 04:29:25
408, RdaeYEVlONslSpJYzNvr, 2019-02-27 06:48:38, 2019-03-17 15:37:37
409, rIOjONb6mxVFWRll0xRz, 2019-11-26 18:30:11, 2019-12-04 09:57:16
410, r7bEYUDa8kdrk2msmmTH, 2019-10-01 13:16:13, 2019-11-28 15:50:07
411, UHBwOko4CaYbiLEYmjfC, 2019-06-12 10:05:41, 2019-07-24 03:35:56
412, qJKo3FJVwlILeAzKcVXs, 2019-07-02 02:33:12, 2019-12-15 15:12:37
413, SnBFBEgWpkqYkEe5h6x4, 2019-09-02 23:32:53, 2019-12-12 10:26:23
414, ZPKtEf3Si43OHYNdySiu, 2019-03-23 07:21:42, 2019-11-17 22:14:26
415, IiRgtAYTxexgtDfx8DCk, 2019-12-19 03:46:38, 2019-12-29 03:52:39
416, 9W1CCcCv7OYvMvpUoeDK, 2019-01-28 09:36:52, 2019-07-16 13:18:06
417, vU8OAghnI2oY7kKll4BA, 2019-12-02 08:01:28, 2019-12-29 20:53:41
418, NtZyFTY8eG4ZwsHVGmIm, 2019-01-05 07:07:45, 2019-02-07 16:06:16
419, ckEsszF6KXRryhg45WkY, 2019-06-15 01:56:48, 2019-11-10 18:12:53
420, 5DEXQGecS1XwUZBVvuOm, 2019-01-11 04:00:30, 2019-05-21 22:44:52
421, LaN2t9hzeL4BYUzH26FF, 2019-10-11 12:25:23, 2019-12-06 05:44:52
422, UeSm38gBGoGGOB24Nh0m, 2019-05-04 17:32:05, 2019-07-27 03:18:11
423, j0SS3aLTyNcvZGNq399s, 2019-08-24 13:11:55, 2019-12-08 10:41:28
424, nGxGF0OwgFL8mCGqYuD1, 2019-03-07 19:08:51, 2019-09-13 09:23:40
425, cNypP8Srd4E9GsUqGeY6, 2019-05-06 07:28:08, 2019-06-10 22:16:18
426, u6orHZ3D2LqvHrMB3i6V, 2019-03-19 03:26:04, 2019-05-25 14:58:19
427, eG52yuayL2TiOT6giGiT, 2019-02-12 06:14:33, 2019-09-11 07:58:45
428, QA66SOmfThAV1htoUyAk, 2019-09-14 05:22:41, 2019-12-24 09:19:10
429, sD1opt3aS2t7DYszmWPM, 2019-03-26 15:01:52, 2019-11-05 21:00:29
430, EYEM3JseuIK6zHpf6CSv, 2019-05-26 07:08:18, 2019-09-05 12:07:52
431, e0JHuYBqBCt6VMFUfd3K, 2019-11-27 09:00:05, 2019-12-11 01:36:40
432, tRS93ORC6ek6zzGs1pgQ, 2019-08-06 15:29:52, 2019-09-09 23:02:27
433, u4DTe6iaBw8rNOyK6KF5, 2019-07-13 14:44:37, 2019-11-11 13:56:14
434, YBKmLqRPaqgBwsGkH4Vf, 2019-09-12 03:47:44, 2019-09-20 19:57:24
435, GK3epqAeaceP4DjlKKZi, 2019-06-12 13:03:47, 2019-08-20 16:54:27
436, 8zbuWRPhfjNKybYcMXge, 2019-06-06 08:01:45, 2019-11-11 08:34:27
437, Xwo6jIxcQoFirBceLcdc, 2019-03-27 23:57:14, 2019-09-04 07:44:32
438, e07slsgSUboAbAmDzPuC, 2019-01-14 10:43:03, 2019-06-06 04:15:27
439, ouOON4RQAzB437veBko1, 2019-07-12 20:28:16, 2019-12-05 06:32:33
440, sCwrwDXA9RB3XZUMjlQs, 2019-04-18 02:51:59, 2019-11-01 11:00:23
441, EsBHB4lmSQeJ6N8zRCiS, 2019-01-06 10:56:36, 2019-11-27 18:11:08
442, An812XrY6UhlljkpxwmA, 2019-05-25 00:47:42, 2019-11-14 01:42:50
443, ZjKTE1RAn2UV3tJUYRr2, 2019-01-10 12:24:40, 2019-04-01 21:30:45
444, sotlBOi9c4Yi6tClLiDK, 2019-11-06 04:14:41, 2019-11-19 18:09:47
445, vcZiLHMxnJxGouyGK6nX, 2019-11-20 15:39:28, 2019-12-07 13:47:04
446, tu5oaamKn5FFxEydTw6h, 2019-07-17 15:31:27, 2019-12-08 20:54:23
447, R83GqSgV5Wg81w5mOL2I, 2019-06-14 16:19:12, 2019-07-30 17:07:49
448, 91SVmA5IzKHpeeg08ks3, 2019-03-04 16:01:53, 2019-06-03 16:42:46
449, sLuQOTOoWY9fCBDELkco, 2019-12-22 01:49:18, 2019-12-27 23:32:52
450, 1zL8SikBh1HqHCHeTRnb, 2019-11-30 00:45:53, 2019-12-01 06:51:32
451, JVoTRYcNP0gBPW0YoRzP, 2019-11-23 03:25:51, 2019-12-04 14:41:04
452, 381C6Kb6i8QAaBwP3kOG, 2019-04-01 15:21:08, 2019-05-18 18:05:21
453, fX1h13EscwRjGdHNFl6I, 2019-09-14 02:58:08, 2019-12-19 15:12:04
454, FTLnOkEHYJgCoAYFju8G, 2019-09-24 03:47:26, 2019-10-20 21:54:35
455, CPlppySb4LWtijGCZ9I1, 2019-03-30 03:14:44, 2019-11-04 01:02:56
456, UkyQB8kJNPjGwljyVfdi, 2019-01-23 19:08:54, 2019-08-08 14:08:14
457, ln9E0AD2ZhoFKTof1e9m, 2019-08-10 06:41:26, 2019-12-05 14:20:11
458, MuH57C16ZQ44VaAzckqw, 2019-07-14 18:32:27, 2019-12-05 14:46:05
459, 35TsxTwdpasL0Vl2BgDN, 2019-09-24 00:09:03, 2019-10-08 02:42:09
460, xacEE09c6xdHQTlZRxGT, 2019-04-24 06:14:08, 2019-04-26 18:28:07
461, GOZ3Px3nJX03rX9PRuLJ, 2019-09-18 06:25:38, 2019-11-11 23:46:43
462, Hka2zt0lwsPbrB2vdcCG, 2019-12-28 05:35:57, 2019-12-30 01:26:03
463, diT5uNqpWANKOMbz6j8t, 2019-01-09 08:16:44, 2019-02-05 20:15:49
464, 2QFsYlqcK5Q2Gcn883sS, 2019-02-22 00:18:39, 2019-11-25 16:51:41
465, jWWI2z96sHbPEHPEiH4P, 2019-02-25 12:48:42, 2019-08-13 10:50:04
466, l03McpyMuY7Xt5masi28, 2019-07-10 08:09:12, 2019-07-18 04:27:04
467, xwgyWqbPhtV84wHfNwQi, 2019-12-09 08:38:10, 2019-12-09 23:24:44
468, 6XnMo9ZqXDG65Dc7oJlD, 2019-02-21 10:35:49, 2019-04-17 00:12:02
469, kQAoOJJJzJvCFw87Q3Ok, 2019-08-14 19:03:41, 2019-10-03 09:47:33
470, XNZrgGpFWRmUOCUvv3ex, 2019-05-05 07:53:08, 2019-12-29 21:13:04
471, FVJHhoD9qgARMAS0ALev, 2019-04-04 22:26:06, 2019-10-12 08:38:39
472, yLdeE65f0C3SV5aBA1ov, 2019-12-28 16:34:28, 2019-12-29 21:08:38
473, L4BJWTaZny2X99i9HLmJ, 2019-07-22 14:04:45, 2019-10-18 06:54:20
474, 0WBr8Cs3bSB3qxEOkixS, 2019-04-20 05:22:39, 2019-07-12 15:23:39
475, iBF9yMO2FwCPbEmXJnV2, 2019-06-25 08:53:22, 2019-08-02 07:58:22
476, 9z6cADCvqILnG2DJllif, 2019-07-21 10:33:11, 2019-07-24 06:00:54
477, ipSpfZMkviipTkuMQYrr, 2019-09-20 18:33:08, 2019-10-09 20:23:31
478, vi5TrTP8tcpwHRpTfzwh, 2019-05-17 20:41:25, 2019-09-06 18:45:29
479, u2UhoLPt5hl8vDxTwqJL, 2019-06-27 22:15:41, 2019-07-10 14:48:56
480, WBz2DhaXmrlN8sFQ9pVw, 2019-06-04 15:30:34, 2019-07-12 15:35:47
481, 0A5nsAbewMRelJHEpsvo, 2019-01-20 22:40:53, 2019-10-27 00:37:26
482, KLfbpb4Ah056iyDk7CLT, 2019-02-14 15:18:42, 2019-04-11 11:57:55
483, mGbjpac6cvVQiaAlGu2Y, 2019-09-16 01:25:19, 2019-12-17 16:48:40
484, M7IaUTpf1Knn4UdAUfQ8, 2019-09-19 04:36:49, 2019-12-12 03:39:49
485, dfBFHc4LH8OW3bgDInyq, 2019-12-13 22:33:57, 2019-12-15 11:58:02
486, LFxwFcTiXtPcQJbv1Kec, 2019-07-11 08:49:40, 2019-08-13 10:17:46
487, nDqLhW4CSYVqGNhmSz65, 2019-06-21 11:13:13, 2019-11-18 19:51:11
488, klkKNkxnX45zHEteyTNS, 2019-06-20 15:32:00, 2019-12-22 21:52:34
489, 3CroxqyOMWko85CtA5ZM, 2019-06-03 02:44:40, 2019-09-20 01:00:19
490, f0UEzhmyFXkMnjNdaQaU, 2019-01-16 07:33:22, 2019-08-03 03:11:38
491, bPIy9nCnon5tMv7ydHIP, 2019-02-27 05:29:22, 2019-04-09 17:24:21
492, 13mggTA2KRkDB3CR8e2U, 2019-07-23 13:31:20, 2019-09-08 14:37:58
493, D3K15E5BBeZ0bzJxUO2j, 2019-03-05 15:14:33, 2019-06-07 07:32:49
494, ZbtXmPYzMQUwLmximEG3, 2019-01-17 18:58:58, 2019-02-04 22:52:53
495, xEnaIWvHOFeQBSFFM8De, 2019-04-15 04:20:20, 2019-06-18 20:16:28
496, 8c0nUgaSRBVjZXF4Qovg, 2019-12-23 13:40:19, 2019-12-25 06:04:50
497, hZlPewm3DnkdCmunbDX2, 2019-05-25 18:38:39, 2019-09-07 14:20:24
498, klcMMl4KSqtvCNzRvOfL, 2019-08-30 10:22:38, 2019-09-23 15:06:12
499, wqDTNUSeQCfodsbj3QqV, 2019-01-21 03:39:31, 2019-04-04 04:14:05
500, iLdBFyZbE8GLC0eDIwJy, 2019-08-01 22:31:06, 2019-08-12 08:11:53
501, tmdnC0CZTTRpZaPLeU0Q, 2019-12-30 19:32:12, 2019-12-30 22:56:37
502, 4SIHqKAwtydswGtkJVFU, 2019-03-31 02:32:41, 2019-08-28 03:16:10
503, WZnMTqLDOeCnD6aQpUpI, 2019-08-05 06:25:10, 2019-11-27 02:12:13
504, F6e2KDwqFzeuDD410yaG, 2019-06-12 18:37:53, 2019-11-04 13:33:49
505, wzLNJgpRCp6BQNQVi1bd, 2019-06-15 08:42:37, 2019-09-27 10:20:27
506, FV4cCEEGYmUogXpoZU8H, 2019-05-29 05:42:47, 2019-07-09 03:42:15
507, hXyhTDRaluQeEp6bWkYN, 2019-06-10 07:53:08, 2019-07-06 19:50:22
508, xwYHqmSkbWKMQFx9Vaer, 2019-04-23 09:10:33, 2019-05-12 00:09:36
509, jDEXSDFMMFb5o066cgVt, 2019-11-18 07:03:15, 2019-12-16 14:20:38
510, 4m9FUYZfxrUTVZReO2g2, 2019-02-01 03:26:05, 2019-10-05 15:18:40
511, H2rfca2lyqLADCwVei2G, 2019-01-18 15:22:31, 2019-07-29 19:18:13
512, WGs6Lobzc1IDE9qCGDxQ, 2019-07-28 09:49:28, 2019-11-16 19:09:45
513, lTV2uX7Z42PBlGf3IWva, 2019-07-15 02:30:33, 2019-12-30 10:36:06
514, ccPbl0bJR2aDm64fGKe1, 2019-08-28 12:44:07, 2019-09-11 00:53:31
515, bl0TcwaNnYjTDYQvqBbc, 2019-11-14 09:24:07, 2019-12-14 05:03:30
516, JszxlBkS4je19v3ygzZB, 2019-05-19 11:29:31, 2019-12-20 10:31:50
517, jpzAwlSSOU3E4evHWf1e, 2019-02-13 05:02:38, 2019-07-08 11:33:40
518, DPpeexiD30y3Lx0yMqlM, 2019-07-15 06:38:42, 2019-11-02 05:02:30
519, Utxbxj22XBgwbKeqsL8y, 2019-11-14 02:17:15, 2019-12-22 05:07:53
520, sykJToE96wuYWfgRtCD9, 2019-05-04 07:06:46, 2019-08-20 23:01:52
521, wGO26W32FnwKuTvZG6rV, 2019-10-09 01:19:52, 2019-11-15 13:03:21
522, k6az4p2xZNB1ckKH0bwq, 2019-08-05 07:24:19, 2019-11-10 20:59:29
523, QJc5UCGEyVJ89iJy39vC, 2019-05-30 01:18:34, 2019-11-04 19:18:29
524, jSH7CxIXAD1dRYyTzs1d, 2019-05-18 07:45:34, 2019-07-18 07:41:32
525, 9lL7acv5FDpXcjFVIZV8, 2019-05-11 22:33:49, 2019-09-25 21:44:19
526, 4dJxatatNK05nKIg5wxv, 2019-05-10 14:56:23, 2019-09-21 13:31:39
527, S3dgcF2jap4EJIoBHYWC, 2019-01-20 20:40:51, 2019-12-20 10:39:41
528, iCMh1tYMoLIE529h9mRF, 2019-01-18 02:47:26, 2019-10-22 08:27:47
529, iC8vZ1NEhkCTfNvYBOsH, 2019-09-07 06:28:42, 2019-12-27 20:17:17
530, psGN3paoRhuwkIIPUbu6, 2019-12-06 14:56:20, 2019-12-26 10:24:21
531, vL7y6fXiyCHDIt69rtFj, 2019-04-28 04:02:35, 2019-12-18 04:26:25
532, V4BeTlMYeh55Pc6RaPxB, 2019-12-18 02:08:34, 2019-12-27 13:01:39
533, sH8Pn0JzxeYxs5LDwaRu, 2019-01-12 10:22:20, 2019-11-18 15:16:19
534, YfrofnPf3XOmdMjz0DLm, 2019-12-03 19:16:32, 2019-12-17 20:47:16
535, jTZeMjHnOFr53nNZNgti, 2019-01-05 20:49:29, 2019-08-13 18:30:47
536, 6Tk3ROuwDW12eNuw8nI9, 2019-07-26 22:45:46, 2019-08-24 15:37:33
537, IdUZqqRmG7j7LRC4cRIm, 2019-12-07 03:20:46, 2019-12-23 09:47:13
538, DsGgK0ujdwvXAZ0NFM54, 2019-11-16 15:04:46, 2019-12-21 09:37:36
539, KvxdruhEaQUstxD2XXMz, 2019-11-03 07:00:13, 2019-12-20 09:45:26
540, ieBdfBDrxbMDZY5KdjJd, 2019-09-20 23:33:42, 2019-11-12 08:54:48
541, ByVk3vNmz5G3Bo3Zfr5r, 2019-07-12 01:46:07, 2019-08-13 20:18:40
542, YPciyyXzp2oNOh85xQxH, 2019-11-27 21:40:59, 2019-12-20 04:29:00
543, 7Hwlf04QAViiMVtRB1tb, 2019-11-03 17:00:21, 2019-11-20 15:25:51
544, Z568RNUytPUie3Qwl6O4, 2019-10-04 16:25:53, 2019-10-30 14:27:06
545, apxIINwVmFScn03RNhDD, 2019-07-11 14:42:19, 2019-11-12 05:31:54
546, lxh10mQD29ZNNgYnxZ09, 2019-04-05 16:09:08, 2019-09-29 07:37:29
547, xp92A21TLlOVNOspRpE5, 2019-01-09 20:21:31, 2019-05-07 15:36:05
548, NHj14ydZOMVpQCdlAidI, 2019-06-27 18:08:56, 2019-09-11 23:29:44
549, kkziL1mVM2dUYRn5DDXi, 2019-08-29 12:42:31, 2019-12-21 13:40:34
550, gG7VL9gLCb25QjGkDcZJ, 2019-07-08 07:54:39, 2019-07-24 15:41:39
551, HE4PHNeBsKYN9EI7XNka, 2019-02-21 00:20:07, 2019-11-11 15:33:26
552, T57TTMaNeYMFwFZsU48t, 2019-10-29 01:24:56, 2019-12-11 11:20:07
553, ftMOxLFgpMRiASlIJSNT, 2019-09-05 23:05:57, 2019-11-01 03:14:58
554, 7RFUl0B9UdvHDIoM0NqO, 2019-05-22 01:12:58, 2019-08-04 14:48:38
555, bZuNBYgOTx1Cmek3GiL5, 2019-12-07 16:17:01, 2019-12-11 20:58:01
556, Sgdnf8eW5LcmO1B0llEX, 2019-02-24 04:53:58, 2019-10-31 09:05:23
557, fX6FARkFVqOZPpEVdkqq, 2019-09-25 21:18:20, 2019-10-03 06:13:25
558, 96pwnA7x1ca8KEFdbkw3, 2019-06-18 09:31:59, 2019-08-27 05:12:12
559, T46jGg3HLWADGWTbBqHD, 2019-07-30 12:16:19, 2019-10-23 15:15:00
560, gkXtAYB4GYMG1F7Bm9TL, 2019-07-06 13:18:27, 2019-09-06 04:37:07
561, 2aJ0j5w29z8f7jO3rxEk, 2019-07-22 18:56:08, 2019-09-30 13:17:36
562, hXTs1vXovELOiet1Hr6C, 2019-07-13 03:30:03, 2019-09-01 13:32:28
563, xh20OXuGDZguZZfIdu7e, 2019-03-14 19:19:53, 2019-11-30 09:57:39
564, nBi3IOpIkSGtDppiZx9U, 2019-04-22 23:06:58, 2019-08-23 03:26:10
565, 05at3jWbnHGyhT7tVokr, 2019-09-13 08:19:12, 2019-11-07 20:37:37
566, 5Of7uDn6ES9uVzt6NGzY, 2019-12-30 15:40:32, 2019-12-30 17:29:06
567, lnRLU9c4s32aBTxQW3YY, 2019-04-22 21:22:38, 2019-12-22 01:21:43
568, OZY7CL43CxnJlgU1gQlG, 2019-09-26 09:17:05, 2019-12-13 01:00:35
569, 9znO1Lqy6DXUSBzGQ6MO, 2019-01-02 21:08:20, 2019-09-21 00:20:00
570, 4hN0fy6NskX0ws2pkfjJ, 2019-01-28 01:17:09, 2019-08-04 17:35:27
571, QQMrP59LIoTHqKXPifJz, 2019-12-11 09:36:00, 2019-12-17 20:00:20
572, dbeLCpK2SO56tQLm24JB, 2019-04-12 03:19:39, 2019-12-29 11:01:57
573, ps8eHcDlCF80zA9M2h9W, 2019-11-17 23:06:39, 2019-11-29 19:32:18
574, iWJOtOOTOcdqC0TGiPGz, 2019-04-30 12:41:35, 2019-11-20 08:31:59
575, qu6mm0i5yUgErsyvam4c, 2019-12-13 20:04:10, 2019-12-14 09:56:00
576, xCoTsLc6xXZlKhQ942pB, 2019-10-11 08:11:54, 2019-11-16 13:57:04
577, WRzwW7AjxPgAGLt1uLzz, 2019-12-12 07:27:23, 2019-12-19 05:40:15
578, 57PdVdL6bzJ0mntMifCP, 2019-08-29 03:39:42, 2019-12-26 05:34:40
579, Ww0ZFp4hu94VsvbrU15O, 2019-08-01 10:21:55, 2019-11-21 17:06:50
580, by8JRafPcyg7tllTXiN0, 2019-12-04 06:05:58, 2019-12-06 12:10:48
581, VZJKMU7qiljew9cpejPf, 2019-08-14 04:35:18, 2019-12-05 09:50:46
582, N4VzjahfIa2d8tNS5PJj, 2019-03-18 14:29:13, 2019-10-14 19:37:31
583, lJNJGKCnIadFdgtCXhup, 2019-10-28 22:07:39, 2019-12-17 17:11:58
584, KExqzTcourQIytZct3QN, 2019-04-23 14:29:27, 2019-12-26 10:53:33
585, PDht6sLpc489qdjgcf1W, 2019-09-21 08:02:55, 2019-10-04 01:00:29
586, anydCa2US3093HkhhzJ0, 2019-01-12 23:09:38, 2019-12-26 20:45:51
587, AecDzsfPxm6a0r5PVKG8, 2019-08-17 04:50:31, 2019-10-22 01:14:51
588, XG5bgijOWRDDyaywyVS6, 2019-06-03 04:45:27, 2019-07-04 20:31:07
589, p18JsCrywbYi1tsD6KFa, 2019-01-04 14:38:21, 2019-03-15 18:48:32
590, iyItr9fjQMWNqBiNnHYp, 2019-07-18 17:55:08, 2019-08-24 13:53:10
591, hagPFsSnCAFT2xJNrQbN, 2019-02-10 23:31:07, 2019-11-08 23:08:36
592, zW3lfaxe9FaOWvzlupVq, 2019-06-19 14:36:11, 2019-08-11 01:26:06
593, 6DorRs1S6ne4QY8XoIU1, 2019-09-29 18:08:37, 2019-11-20 19:30:44
594, avFW2UN2LnsZdhXqHae7, 2019-05-03 13:13:46, 2019-12-24 01:10:12
595, VN0qpYjiI3bikmCdzVg4, 2019-03-30 18:45:17, 2019-12-05 01:36:10
596, WinxjggSqMpXy8oSy882, 2019-08-30 01:19:31, 2019-09-08 11:57:27
597, W3RKsomNCKqQO9zIsFwO, 2019-10-14 18:53:37, 2019-12-04 16:23:29
598, gY83t4ywX0mAhTYOOFsC, 2019-04-16 12:47:12, 2019-05-19 08:24:54
599, A8tfnZDR0dP2eACNo8gG, 2019-05-11 07:00:56, 2019-10-24 07:35:41
600, dWQ51EFv9dW3YSyfDB4a, 2019-10-25 15:13:54, 2019-11-19 09:19:59
601, peD6CgX0V0DRgXZ7x42s, 2019-04-05 15:17:14, 2019-12-18 17:25:59
602, iA4jtZq2njhk4DJUofEi, 2019-03-22 17:09:46, 2019-09-28 19:25:53
603, bfg2X440Gw3MbDP8W1kr, 2019-11-15 04:19:26, 2019-11-25 16:19:33
604, jmj5jbZX3l508qvsIFv2, 2019-03-07 18:30:49, 2019-03-29 09:29:41
605, HyX6xHwFvIe8sBGpDP9r, 2019-05-16 23:35:31, 2019-10-15 16:41:20
606, eN33Gpib7YWrSCEVKRH7, 2019-05-06 07:13:42, 2019-07-06 05:07:49
607, Fhr7TnmGPxvmTyctv1H5, 2019-06-29 00:21:35, 2019-09-05 02:22:34
608, mBOdzT29JNdCcoJEChOu, 2019-04-18 16:07:47, 2019-06-27 05:42:35
609, rfi6FHgmlTa8c0Zpy2I5, 2019-02-23 18:35:15, 2019-10-09 22:31:36
610, IlMUNqPR67QiXk0Xqera, 2019-01-30 00:39:27, 2019-08-14 19:24:31
611, z4Oy99IZ7YRd44MHyVzP, 2019-01-12 22:49:07, 2019-07-24 17:23:17
612, V6AHx0xGExB14fY1SphW, 2019-06-04 06:25:31, 2019-06-09 14:49:55
613, fYRsmsarHIm0d0iVhUdf, 2019-03-25 19:51:01, 2019-09-20 12:36:51
614, rZwo8r5wKN0Fh4Qb9Aah, 2019-08-13 23:26:48, 2019-10-26 09:49:04
615, ED2MMlKWD6waXGL9ldJk, 2019-10-05 21:04:47, 2019-11-16 13:47:47
616, ZWW2iVSJY8oVGVgzibsu, 2019-03-18 03:52:21, 2019-07-16 06:37:41
617, zcnWgFX6gcpTbPxTehut, 2019-06-21 05:38:07, 2019-06-25 16:28:56
618, wMuFN5N87G15RVeBMQEJ, 2019-09-11 17:54:14, 2019-10-13 08:39:33
619, Vq2ryRegLaMZiUTORHQI, 2019-05-06 17:57:47, 2019-10-25 21:16:06
620, lDIAlesS8nDZdCM9eYfN, 2019-11-07 18:33:28, 2019-11-18 09:29:54
621, Cgfq0rvJFHD1nsQS3cqL, 2019-09-25 13:55:03, 2019-10-01 21:10:29
622, BkD2pliVDGfVsBT1GFwb, 2019-06-14 14:19:14, 2019-08-10 14:47:56
623, aBThug4P7ua6XdWClzuN, 2019-11-18 15:40:15, 2019-12-24 06:06:53
624, GvIN6tvqCl2v6rENIY76, 2019-12-14 10:29:08, 2019-12-15 05:17:40
625, ymZ7Uyt4UJeh9ldTjcR0, 2019-10-08 13:50:25, 2019-12-21 22:36:30
626, qKqMkhil7mO3cyaH65fS, 2019-06-13 22:25:41, 2019-08-24 03:56:20
627, 1iE8bPddd40fsliKEZ9e, 2019-10-22 07:25:37, 2019-11-22 09:01:43
628, UWD0ZmWia5L3ZAq51mDa, 2019-10-09 05:26:35, 2019-10-18 20:43:20
629, 34PCOLpxA8aXfUcJsUAd, 2019-07-27 09:42:37, 2019-10-11 01:10:42
630, wwj1TEGmtJ7npt97b7X7, 2019-03-09 02:30:57, 2019-05-17 12:42:54
631, qs7LnWol0oRlKvifHcnl, 2019-12-17 13:00:57, 2019-12-22 04:41:45
632, nXFn04qpvZ3vJ5i0Y98H, 2019-08-20 22:24:44, 2019-08-29 00:40:02
633, VtwkK9ypTD8hZsuP7gzH, 2019-11-07 00:30:36, 2019-11-27 19:40:06
634, EBKxvH5wynVOkN8nvGHK, 2019-03-14 20:48:49, 2019-09-22 03:38:03
635, FvNf97qUDm5OvpFftmRd, 2019-09-30 06:46:43, 2019-12-02 13:20:49
636, isoS3MgN7TjRFkEsM5gO, 2019-01-19 01:35:04, 2019-08-17 23:45:54
637, D5P6gKJkRsydPxEuOahE, 2019-10-12 03:22:54, 2019-11-21 02:38:53
638, UjWiWa9jiT14yQc8U9P2, 2019-12-01 21:45:30, 2019-12-20 19:02:26
639, vdlHa4hnSr4052r4pdwi, 2019-01-24 04:41:42, 2019-06-14 03:46:13
640, yAoOcUuln4aRXzclHdJA, 2019-07-24 14:09:04, 2019-10-03 20:33:42
641, Ohgr1eoCsbt6Q5gONmpA, 2019-07-01 19:37:13, 2019-07-14 16:04:18
642, n6lmF4EYnYhQpYCcH21f, 2019-10-01 00:26:37, 2019-12-05 21:24:05
643, SYXJroDYp5n3UcBEHBT0, 2019-09-14 06:54:04, 2019-09-27 13:33:58
644, onGiYpTrN89CAW4NoIGK, 2019-05-28 05:35:53, 2019-08-16 10:14:41
645, ElCiDoR4BCMkfdhjk9cT, 2019-04-14 16:48:45, 2019-04-23 03:21:35
646, yLptHnvO3CctHuIVxe9c, 2019-08-02 02:11:11, 2019-12-22 14:56:01
647, w8xFlzAUFChJbELDmLGE, 2019-02-03 21:25:13, 2019-12-12 16:59:14
648, 8vofeBgWhUOnnem3I28x, 2019-09-19 05:18:10, 2019-09-27 00:42:34
649, ILoke75IByNg9RWlT5Nx, 2019-05-22 14:32:47, 2019-06-05 17:03:16
650, WVxjrhUzTqjr0X2VJjHS, 2019-03-24 21:53:37, 2019-06-29 06:01:02
651, RaQ4REXwHBYpDLDSL9r2, 2019-02-03 03:47:31, 2019-05-14 08:14:46
652, yHgw4y5WGTUgLIHvjTgi, 2019-11-11 19:23:20, 2019-11-21 16:28:01
653, mZvV29Wymh74qzONxJZ5, 2019-03-18 00:22:14, 2019-09-10 02:27:36
654, CCK1O6Y1b44YnDjOum84, 2019-07-05 05:46:17, 2019-09-29 03:09:08
655, LZHEOgdEkfl55sAQHFRS, 2019-09-20 05:16:13, 2019-09-27 23:52:58
656, kylyHlQYLnOoArFmiHqN, 2019-08-05 19:25:14, 2019-11-20 21:09:20
657, V8V5Khv7NRfXjykBgGYa, 2019-09-22 02:52:03, 2019-10-15 10:47:50
658, wkyKMYgj04otR6iYu1ZZ, 2019-12-28 05:21:47, 2019-12-30 22:02:34
659, XuRxagjALKNj9YOIyKYu, 2019-10-08 06:06:11, 2019-10-13 13:57:53
660, TPmDuLzbgNNkDA9Nr2lS, 2019-11-22 20:24:16, 2019-12-23 07:45:47
661, gFSSU3hvjrkMGCAQoDB3, 2019-12-14 20:22:46, 2019-12-15 18:10:40
662, qboZVXPpPHvQuzvoVnMP, 2019-09-08 10:19:46, 2019-10-18 15:30:46
663, ZzUtNhUXZAZwONd3Gr3h, 2019-08-29 23:26:57, 2019-08-31 07:04:11
664, hsyZerf8BZftQ3hfBBPI, 2019-09-25 09:45:40, 2019-12-20 12:46:31
665, aS96G9ivYtbLqUuYMpAN, 2019-05-07 08:07:11, 2019-06-12 21:17:14
666, YAyJOjeJZ0skfsafvV0Q, 2019-02-08 05:36:09, 2019-04-21 13:57:07
667, 79RMupnV5c6VX9fQaStZ, 2019-08-06 12:17:43, 2019-08-10 13:45:28
668, 4fa5xCxgvuA2yuvw3bFB, 2019-04-29 00:12:43, 2019-09-10 12:35:07
669, 69s9sBP4oQnVW3jVJ5lt, 2019-02-22 14:35:51, 2019-07-18 10:56:08
670, NGNSYZ07HRWzaPwrGwDP, 2019-10-08 17:44:46, 2019-12-10 03:33:32
671, UwVrAO4FGmV3GXcpUGsc, 2019-11-25 22:29:05, 2019-12-19 13:05:16
672, N0lFpACGV38c4u0DscZM, 2019-09-29 07:09:49, 2019-12-21 15:40:11
673, UkxcxQvXfzwNaPK0jiWg, 2019-04-10 13:50:54, 2019-08-13 11:05:28
674, AUW2De1N2zpwOdkOQnDA, 2019-03-13 11:12:13, 2019-08-06 15:05:09
675, flFXom9aDQE8IdzKarBg, 2019-12-20 14:12:19, 2019-12-23 02:18:14
676, QLnD0cB4fLmYhezM71b1, 2019-10-04 00:53:22, 2019-12-03 00:54:04
677, PAs4qSWAon3EE9Xvdkcf, 2019-10-14 02:27:49, 2019-12-19 16:11:34
678, uOP5ERxf3a5XvAs7V60V, 2019-09-15 08:28:28, 2019-12-26 18:47:44
679, EwRC59U8cWVqlBXFtsoo, 2019-02-04 23:07:00, 2019-05-22 12:49:50
680, eQCTLEeYnFqYofJXUJZU, 2019-03-26 07:05:19, 2019-10-01 12:13:07
681, jJHNqsDyQMEhvgX2hHkp, 2019-08-30 11:46:21, 2019-12-23 09:15:32
682, 5Iao3QZr4ZZnzF7kyu6r, 2019-07-18 06:37:21, 2019-09-14 01:35:54
683, mmSlCo0oKjYsFVGdCQNq, 2019-06-03 10:16:21, 2019-10-21 09:43:46
684, NvsPI0YTSZOytsMpVNvK, 2019-04-21 23:32:24, 2019-04-22 09:19:33
685, smBzf8zv5Zq2bCxlkfkZ, 2019-06-28 08:10:58, 2019-07-08 11:13:03
686, z7xWJnvWVwJmWMoMuUNV, 2019-09-17 14:18:53, 2019-11-02 04:30:46
687, xtLyveZR3iewnt4EkRpt, 2019-01-12 16:39:09, 2019-01-27 22:35:28
688, b3mzOCK4lYMHCAdv14Sa, 2019-03-15 23:47:30, 2019-03-25 12:55:46
689, uAkxcHviZ85EMtk8OBqr, 2019-11-30 08:44:42, 2019-12-27 07:41:29
690, ABvSXReQbHiLmzukcHll, 2019-11-23 21:15:36, 2019-11-26 14:00:19
691, OvzOBZFKAUGv0D4ZYM2r, 2019-05-07 20:43:50, 2019-09-03 07:38:09
692, 0kTeOkxQHsoNoqeN1Hei, 2019-12-16 03:15:46, 2019-12-27 11:03:29
693, yhJ9Atk83LM0LAQvxJvL, 2019-10-19 03:54:53, 2019-11-26 09:58:40
694, bbHNF3KaPlUgLOHXnXhm, 2019-11-22 20:52:12, 2019-12-11 22:26:35
695, Uipiqrde8VitNXww8PMb, 2019-07-19 00:12:32, 2019-10-07 21:54:11
696, 9mBaXWbsJPFPF4XzPvm9, 2019-08-08 03:16:09, 2019-11-07 06:59:36
697, om5J0inAfIUdad4TnBrI, 2019-04-13 21:21:14, 2019-07-13 10:00:02
698, DhkoDrqOFGTFMBMMJwTc, 2019-04-30 13:44:46, 2019-08-13 05:49:02
699, SdDAEitA0Uw6lzLFxCzj, 2019-12-08 01:31:42, 2019-12-26 07:43:29
700, KaQjU0QXHOH6IIafXpaI, 2019-02-23 15:34:29, 2019-06-01 16:48:10
701, Xb2y3gt8p8Z7UT1sMn96, 2019-05-06 03:07:34, 2019-10-28 11:01:30
702, x6NksTtSbDoh6VDk9bL4, 2019-07-22 17:37:38, 2019-12-13 21:53:40
703, 5nFCA1LkkIkSokZtOjae, 2019-01-15 04:28:26, 2019-01-18 12:02:24
704, ICZQAGI7ZGTdMjcpvAIm, 2019-10-17 22:16:36, 2019-11-08 21:38:32
705, 9PxaihJ5859RK4QxKLJS, 2019-07-15 12:38:10, 2019-07-23 07:03:50
706, QMKE72kBxWGTbxj04dwe, 2019-09-15 11:17:46, 2019-10-21 12:45:08
707, I7z97iztjbBqrfq7JZVc, 2019-07-28 09:41:29, 2019-08-27 14:37:14
708, 81IbnITpVN7Sr6jC8QAu, 2019-06-03 11:55:45, 2019-08-28 20:39:13
709, 9UXjSR7J91kBGkmFjEuy, 2019-09-14 19:55:46, 2019-12-15 22:45:31
710, MsS8MNRLTfr4NtwY60ls, 2019-06-19 19:02:33, 2019-07-18 02:29:44
711, H3ELcGHZr0PUKGFPYaJ1, 2019-07-28 18:18:30, 2019-08-08 04:48:48
712, lBgpIjHUX1eR0R0xZ3Ih, 2019-03-31 13:38:46, 2019-08-18 01:05:19
713, EpPHZu4mPKwO6FdexPW3, 2019-06-14 11:49:48, 2019-12-19 18:15:22
714, tcVW7RCNcUU4UJSCQAnw, 2019-03-10 13:55:54, 2019-06-27 00:45:16
715, xxL9D2eYwoE0VnfAPvCS, 2019-06-24 20:25:48, 2019-09-23 17:02:56
716, RzXhIiwTEJlyYtprS05Z, 2019-11-17 22:04:12, 2019-12-18 19:34:59
717, cksqbSwjIxvb4SMvSfq5, 2019-02-09 22:49:03, 2019-07-08 07:34:04
718, bKSdjyxwjqFeTJ1r4XCd, 2019-12-02 16:03:53, 2019-12-24 04:55:14
719, CxjWJqpeCuYbRapxAHY2, 2019-05-21 08:20:55, 2019-09-18 15:14:50
720, Hvo2VpiOpQMRHY45O3FD, 2019-04-07 13:29:01, 2019-09-01 07:10:38
721, f7ujQ0ym11S1LCRU7f31, 2019-05-01 05:49:43, 2019-07-05 16:06:42
722, aKOSToQJNRpxkNVzeMLc, 2019-09-29 18:42:34, 2019-11-16 15:16:22
723, 13byvipIlIp7rVyW4a87, 2019-09-06 13:44:10, 2019-10-25 16:00:17
724, iquGqXn1V5mqbAtW2IVK, 2019-11-28 17:37:24, 2019-12-28 09:14:29
725, v2YuYiWVfrwZNLZlSes2, 2019-04-05 16:50:14, 2019-09-22 17:19:57
726, VsE8I40RwcpULLmXrHol, 2019-04-26 21:16:26, 2019-07-24 07:18:13
727, QBnnXzQcXxdxi8csErOn, 2019-12-26 21:57:16, 2019-12-27 12:33:47
728, tXLPafGYFtHDcGzgnVwI, 2019-03-22 19:46:30, 2019-05-11 23:40:00
729, ObzCV1YdkhBVZt4S3lu6, 2019-03-23 11:23:10, 2019-10-20 00:42:00
730, LmxZNN4YjKabtSCUT219, 2019-09-09 05:25:42, 2019-11-14 06:48:26
731, YCgOkJ8cO62x2GWJm3FW, 2019-06-04 21:29:06, 2019-08-09 11:28:32
732, rT5NroLn7Lp5pmpbWrLo, 2019-11-02 20:41:39, 2019-11-24 17:46:15
733, HIDCiOUwS3oCBaayS3Im, 2019-01-01 12:09:11, 2019-08-20 15:43:43
734, s6c1Py2Atti6JZsHrKch, 2019-07-04 06:40:06, 2019-12-14 09:37:25
735, 2gvTPiYYxhGZ881q1W17, 2019-12-20 08:20:10, 2019-12-23 11:37:32
736, KMZznVOiYSf64G1gG7pH, 2019-06-10 05:18:39, 2019-06-29 03:45:40
737, 0okcZtPoq2kpvmxxCMeN, 2019-06-20 14:00:45, 2019-12-26 09:09:07
738, EZUVR1DvBzAI4PqDHCkd, 2019-06-13 13:33:15, 2019-08-31 22:22:17
739, 4AxItFHI4ZgYOmAGjakq, 2019-06-11 03:15:44, 2019-07-01 02:15:59
740, AgtPGh25l9TZxvYazLdP, 2019-07-26 15:58:21, 2019-08-27 23:27:19
741, Kj3gzseovc3QpIjdIUkJ, 2019-07-23 01:30:03, 2019-12-23 03:36:53
742, VwT1gFKCRdAiSRObfq5a, 2019-08-20 23:57:03, 2019-08-26 18:37:38
743, AJqBZwI4mqIt918MJA9o, 2019-04-24 11:55:16, 2019-12-24 17:30:31
744, MAQW9rNXf3FjhgM3e1Jd, 2019-10-15 16:06:26, 2019-10-18 11:45:28
745, 55X4VhiIKZnLGkBjG7HL, 2019-12-16 03:48:06, 2019-12-18 09:20:40
746, Ed7G7YdS6SEPcs63tMEI, 2019-06-04 06:50:44, 2019-10-21 19:49:32
747, jB3O2ssgY3pJJi1uyVB1, 2019-03-04 23:56:34, 2019-05-13 01:15:42
748, lM3JhNhcqBYAf0Lv510Z, 2019-12-29 10:24:33, 2019-12-30 15:53:04
749, qT5TQmJDqmCveGhvqOS3, 2019-09-24 04:25:59, 2019-10-07 13:07:51
750, unoWgD26p9RhJc008SyZ, 2019-10-09 04:11:07, 2019-12-09 04:06:40
751, TVSJGqhgpHoNR6Xlgmv9, 2019-06-19 23:56:52, 2019-11-04 09:31:15
752, IkJzCSLcBmfFsJ08sMIO, 2019-08-24 11:40:13, 2019-10-22 05:53:06
753, wMX0340HkhZaU4KvO1wg, 2019-07-19 21:45:53, 2019-10-09 20:05:24
754, cLZZwk0EtSFtWU4LdTo2, 2019-02-26 10:07:13, 2019-10-30 20:09:27
755, 9DXAPKdUl01NypywQf1Z, 2019-08-26 17:55:16, 2019-10-21 06:00:29
756, LNHB6FChmfrITVnNwb9g, 2019-04-24 09:57:29, 2019-07-08 22:07:53
757, uuqKi4MceOFvQz2b4FC3, 2019-07-12 14:45:07, 2019-09-25 04:20:35
758, kh65TF3pDro5ZMo0pi4k, 2019-09-12 22:04:01, 2019-12-26 13:31:37
759, YctxTr4MkJso8KYRDdGX, 2019-11-12 03:58:45, 2019-12-23 03:21:10
760, BVjOE7YZak7rzzhDyuDK, 2019-11-30 21:25:46, 2019-12-05 04:37:07
761, 7FjZZioeodrxoQEQiZz1, 2019-10-29 18:13:08, 2019-11-30 16:06:26
762, MeQzFr4XEe5Hnxeg3z1s, 2019-06-26 12:16:44, 2019-10-21 02:51:16
763, 5a2H6yhl22bUWucrEDIu, 2019-11-09 05:48:46, 2019-12-09 03:56:44
764, 2ud3xB8lxAvc3E25d4Ac, 2019-12-23 20:15:09, 2019-12-23 22:38:36
765, 5MpRYRVluybNM4GV1gjd, 2019-06-25 21:30:59, 2019-10-30 21:35:48
766, UQwcimb9fCJuvohYTODr, 2019-05-11 03:04:02, 2019-08-23 11:31:11
767, ufSKOr57roxZhSC6yBxJ, 2019-11-22 03:25:22, 2019-12-16 22:13:56
768, ysQUEohSaKEnq9Pfdi21, 2019-07-11 06:08:19, 2019-08-12 19:47:16
769, gayxx0d7sUNVpfKB6UBG, 2019-11-03 13:59:16, 2019-12-30 01:01:04
770, QrNGdF4pw4bXGdRTX9rU, 2019-01-30 06:39:42, 2019-09-19 03:40:06
771, Q6AwllPVsIFnNRXrAh0f, 2019-06-09 01:47:07, 2019-10-10 21:33:22
772, 67yMsS1DRBnJ7XGLzSRz, 2019-07-12 09:06:04, 2019-08-06 17:19:13
773, Xh64KoXZxBamc3d0nEoH, 2019-05-19 04:02:26, 2019-06-18 10:01:32
774, PnPoJPHA1zmeM5bhrviO, 2019-04-25 07:10:31, 2019-12-21 21:18:49
775, YTQOQHCOv9bF4RqVSegV, 2019-09-11 23:22:20, 2019-10-31 06:46:47
776, Z3qkEmm63FGA7PR9Cumi, 2019-05-02 17:39:30, 2019-10-19 13:15:49
777, loivnD5eqQ4iQbwGpfvd, 2019-02-22 01:32:56, 2019-06-22 01:05:19
778, Jf0qofqfYX9F0uK0yL1Z, 2019-11-18 19:09:10, 2019-12-01 02:59:59
779, cNI6VWT6vYF0wu1SH6pF, 2019-03-19 04:22:00, 2019-08-15 22:18:12
780, iiO8cDBMF87XjVMjvQQB, 2019-05-11 04:00:09, 2019-10-14 07:57:45
781, mB7kmSVxTMRETJHOlg62, 2019-03-01 02:06:06, 2019-06-11 20:31:59
782, sK9ItgNoISrTydhx4TW5, 2019-11-01 05:58:58, 2019-11-09 14:39:28
783, 1f8XJLcTAgJaLrviiOcM, 2019-05-31 05:26:54, 2019-11-06 01:15:56
784, bEPgwB2PxDbtHcSGBOYL, 2019-05-09 17:34:59, 2019-11-19 21:37:25
785, 5kxQJigWF8kFgbztkl60, 2019-01-29 07:26:25, 2019-04-05 02:59:40
786, vrq0QSbolwwyfc34VBzI, 2019-12-21 00:23:04, 2019-12-24 16:04:27
787, XtSP212A3osCaLZhfmPb, 2019-12-25 02:34:12, 2019-12-29 19:25:38
788, dMB059fjlGRc5wMjYFYT, 2019-04-07 03:58:47, 2019-07-25 08:18:38
789, nD8r255DgUMvQJXJQ3Sg, 2019-10-23 06:57:40, 2019-11-09 16:40:35
790, CzS3hKHM5y0RYqCb1dVP, 2019-11-23 06:02:02, 2019-11-29 05:46:20
791, LaQotWTSf2vjmcARq4CN, 2019-12-25 23:32:39, 2019-12-30 18:16:33
792, c5w2YI0SnVlAbiJ621cA, 2019-06-01 16:46:21, 2019-10-03 07:07:19
793, rGTrniqLhO8OeveZjAhi, 2019-06-03 14:15:03, 2019-06-24 08:58:07
794, Pz13QB5wrkzjDUPZqC8Q, 2019-01-14 15:32:46, 2019-04-07 17:42:31
795, Tt1uUHu6GkDUoWad24SK, 2019-07-04 18:58:04, 2019-12-15 08:39:46
796, fyCSBJotWViTYIy0caxy, 2019-04-23 21:29:01, 2019-12-10 01:59:39
797, qgQ6YP7J0xyFTFr9sRg7, 2019-08-12 14:29:33, 2019-12-10 15:18:19
798, H0XGDrb7YXXvcmj97rMS, 2019-01-03 22:44:24, 2019-03-02 10:43:54
799, yzO9MUwNSBNJnjvXPo4n, 2019-08-13 09:55:07, 2019-11-09 15:35:42
800, sZ38fDgKiQ4fNdcQ7TOr, 2019-11-15 11:48:35, 2019-11-26 06:34:45
801, jXqxEhwjIoLioHP4I5k0, 2019-07-11 12:46:40, 2019-11-11 02:01:22
802, dXjbAjITbLtZs0ZksJ5x, 2019-12-01 05:44:02, 2019-12-29 14:37:24
803, peMi5uYHNrvqq17XPFr9, 2019-12-16 00:16:22, 2019-12-23 00:51:27
804, ItndnUww4I7M1fqNW0ij, 2019-07-14 13:46:34, 2019-12-26 22:22:17
805, Jm1uE0KK6WH8SQGj2Fpb, 2019-09-18 06:28:37, 2019-12-18 04:32:13
806, PtROGruBacsUAldMjJaz, 2019-11-12 20:33:24, 2019-11-21 06:26:48
807, 0MTVi2N3MTqMR4pWj0WZ, 2019-09-13 08:33:22, 2019-12-10 17:46:43
808, U8SVGwiCvFlWtv7v6aZD, 2019-02-07 09:35:06, 2019-08-20 15:04:58
809, nWDgs2g1Nh32LXhmrbmA, 2019-09-21 19:22:32, 2019-11-29 15:12:58
810, Ue3vKdWiG2hjkP3aRCxX, 2019-06-04 14:26:12, 2019-11-11 14:59:11
811, gs2MS1YpdHPS10jCCH3G, 2019-12-20 01:32:48, 2019-12-23 03:35:02
812, 8pYCYLbM6zmph9aIWSuX, 2019-10-07 10:46:29, 2019-12-25 19:25:15
813, IMrAk78BB32FvSWpJeLF, 2019-03-18 07:47:31, 2019-08-29 06:58:33
814, zvbQyvXdn2ftahpkKN5Q, 2019-06-23 08:16:01, 2019-07-06 01:27:59
815, r00445YgVvvuGRgu39C3, 2019-05-10 21:56:53, 2019-07-12 18:35:17
816, HKrxoc0kXWoYl56LpZcP, 2019-11-13 17:07:20, 2019-12-01 23:15:26
817, NeJSapbAK1WYDtgEEVpa, 2019-08-07 21:24:57, 2019-12-18 14:44:32
818, xk40DUt9TINJcbDcoGaq, 2019-02-02 01:09:27, 2019-05-24 07:41:35
819, BLdA45xeKxSj60EXOVl4, 2019-06-02 19:59:12, 2019-06-09 07:37:39
820, 4pyF3FKYPYFbBpZVgSVO, 2019-08-18 17:24:37, 2019-11-09 20:27:27
821, YnlKPfdP52hnx9eEXgCE, 2019-10-05 04:04:40, 2019-11-20 00:07:08
822, DP6NHb9C48UlwzdjrRAj, 2019-04-14 12:50:34, 2019-09-22 01:14:46
823, 7MMmTA5frmAnWlo4YnSh, 2019-11-18 00:27:51, 2019-11-18 04:47:21
824, Cvxqw1GWkQpazVUYTmZZ, 2019-08-07 03:14:09, 2019-11-11 14:12:00
825, Kh3rd89YsOQlh8XvPiny, 2019-11-17 16:03:42, 2019-11-17 20:06:58
826, KEmwVO1WFAJsUwmNR9zi, 2019-04-30 17:38:11, 2019-12-23 08:24:40
827, 89RVRdh8GAyFHxgR5zeD, 2019-05-24 08:07:20, 2019-12-05 22:42:20
828, MERPFT2lHGg8qfFGhsvu, 2019-01-18 13:11:30, 2019-09-06 01:28:48
829, b0MH8RG7KcuWBk4gCuFZ, 2019-09-14 04:30:49, 2019-09-18 17:33:33
830, riQY97Ir7JllcbHMz9RU, 2019-06-16 15:48:12, 2019-12-26 19:34:22
831, 87BSlapqvoAjNfClTFMF, 2019-02-11 11:50:35, 2019-06-17 17:52:39
832, 9PT3Igm9pWtu0SmEYJiN, 2019-02-22 07:47:53, 2019-08-10 13:10:27
833, NdoezNaIO967tCzJzfiV, 2019-11-23 14:18:30, 2019-11-30 03:33:59
834, eH6t7Kbq3bErEzIDrqLO, 2019-08-22 19:38:05, 2019-11-29 16:57:16
835, bcDeJfraPvq1ODknzFU3, 2019-03-17 07:57:53, 2019-09-05 09:38:57
836, oe0OjIt1DKmdy359857R, 2019-12-11 18:12:02, 2019-12-24 13:27:47
837, qtVmWURDtLYmZi073Msh, 2019-09-06 03:53:45, 2019-11-14 21:23:35
838, X4tUsyC3mZFolwDJ8Wx3, 2019-01-23 18:59:52, 2019-08-07 15:25:49
839, 4jbSUI29FxPqnDgdeJ1I, 2019-08-12 03:13:42, 2019-10-07 06:31:48
840, RIcvWr420lJex3HG1f89, 2019-04-15 08:05:23, 2019-05-15 16:01:05
841, 4wgwI9j6ArempKOeghPo, 2019-02-08 22:04:32, 2019-10-21 13:53:08
842, zSePUc5pTET7gp9o6aSu, 2019-11-28 04:47:05, 2019-11-29 20:25:13
843, DbxJEYKqlsgdAtABQdNx, 2019-03-04 13:44:58, 2019-07-14 13:32:30
844, mJlOoYFVBkFKDhHlQylv, 2019-04-01 06:38:45, 2019-12-15 23:22:00
845, aY7wnkyBLe7o3tguNMAD, 2019-06-07 16:45:03, 2019-08-22 06:00:48
846, eOUaUqhyam6VCXkoU0CA, 2019-04-28 12:44:26, 2019-07-08 00:13:22
847, dg8fF2jqp8FOLnv2Ib2I, 2019-09-22 06:38:45, 2019-12-09 14:03:18
848, GO9RpovIJfP538jDuxG4, 2019-09-01 22:14:56, 2019-10-05 04:23:30
849, jnZNDFPzc9lIn37zJcdA, 2019-05-28 01:49:34, 2019-09-23 23:53:50
850, aTEdcqceRpETdgYOcy3n, 2019-02-11 08:47:15, 2019-02-28 07:30:38
851, kP6Hfr1Bl5b3tjxOBMF4, 2019-08-28 11:41:46, 2019-10-09 01:31:02
852, 9FFyxcTCeZgZEz1f6zAr, 2019-07-03 13:07:00, 2019-12-24 14:26:46
853, hOAzUckxaW6BNqTmnJVd, 2019-10-09 22:08:46, 2019-10-12 09:22:32
854, BthULfW8ycEISgmaw9wU, 2019-05-09 06:30:53, 2019-08-15 04:17:13
855, YWIY5GdnShawX6bNSCwh, 2019-10-16 17:21:50, 2019-12-15 05:37:09
856, J76qihIfQzRZT9mwXZoI, 2019-07-31 10:20:03, 2019-10-30 18:44:38
857, LuZS0tfcF0eo4fJEMSGQ, 2019-01-19 08:31:46, 2019-12-16 02:54:43
858, 4KzhQ2W8PwOakNoscg0L, 2019-09-18 02:18:34, 2019-10-02 18:20:36
859, G1PJzXSzJnBPETX3ItO1, 2019-04-03 01:03:56, 2019-10-17 16:23:11
860, 3tnKCRkRrI63eq9xd2A3, 2019-08-24 22:11:56, 2019-09-14 09:15:29
861, hcNgFPeF7Q7IVjNoXhJF, 2019-08-03 10:51:48, 2019-09-19 08:56:47
862, VQaad1FuA5LzzZGhvZbE, 2019-06-27 06:08:37, 2019-12-22 13:26:33
863, 9SMhwb225YKxVKWr78Yu, 2019-08-12 06:06:42, 2019-11-03 16:40:11
864, rOfb1UmDwU7xQaf4BBC9, 2019-05-09 09:33:05, 2019-12-05 05:30:17
865, jBZs9t0OpNCxdWlF5Rae, 2019-10-16 11:17:40, 2019-12-22 22:39:12
866, rND0ycEWsuwVxNHpn5Pw, 2019-03-22 16:49:22, 2019-07-25 09:08:39
867, H5r0cj9pCvHgJVWOPBgy, 2019-09-19 00:35:36, 2019-11-08 22:10:20
868, piCaTeLgMnllhktbx8Nv, 2019-02-23 07:26:14, 2019-09-24 14:59:35
869, ons0NFxTE5GMujrDdszj, 2019-07-18 03:36:20, 2019-10-12 03:26:43
870, UcJLVLAhzFcfh3VNCyHj, 2019-03-10 13:01:50, 2019-04-29 11:41:57
871, mv3GVjHm85RSpNFb1Cox, 2019-05-26 19:48:24, 2019-12-17 21:17:37
872, KgA1MeoI4NsV2ZtpTpWu, 2019-05-14 23:45:08, 2019-09-24 11:30:52
873, QCUXidbQUTj40nnwpYWe, 2019-03-09 06:16:37, 2019-05-21 22:01:04
874, TS56LFAKj4EdLI7bs4wc, 2019-01-28 12:09:05, 2019-05-14 16:49:41
875, fBdiQVWaK0HF0yf86dhc, 2019-08-08 12:22:33, 2019-09-30 09:22:48
876, 4KED00FTeEqdThiN7wyM, 2019-11-02 00:37:59, 2019-12-22 22:07:08
877, I1L7LC26d2iKTfVAyXfS, 2019-12-24 18:06:58, 2019-12-30 15:40:27
878, 7sPhYANdYeoo6Ust3dgI, 2019-02-08 21:00:08, 2019-10-14 18:43:43
879, SHJ0FVcg3pkzd1Wv3aoy, 2019-01-20 06:42:33, 2019-03-03 08:25:12
880, eF1mZeHA62X7nqIOl49g, 2019-03-06 16:12:01, 2019-10-06 12:49:25
881, RUEHkPTIimHGoHPXxmaY, 2019-02-16 07:32:14, 2019-05-22 19:06:27
882, UtdmA8I5lwHkpvnhgu3f, 2019-08-26 22:52:31, 2019-10-17 12:30:28
883, aZa7zc91OYg4NmrXynfo, 2019-11-22 02:31:40, 2019-12-02 15:14:26
884, weJZr5VPUNvgLV4KoIM3, 2019-06-20 22:34:04, 2019-09-05 21:36:09
885, FbQVMtS0PwNxGLbU5LnM, 2019-08-30 19:04:31, 2019-09-25 01:29:03
886, XG3Nr4V4taHK5DF2a9Xf, 2019-08-22 14:56:17, 2019-10-11 13:51:31
887, bKcDH41m13YQio967MUE, 2019-05-14 04:54:56, 2019-12-20 21:23:24
888, mJC7KIjEitJ3ds5wn12I, 2019-06-01 08:45:12, 2019-06-17 01:22:16
889, tvNPvRNNvkLWAWvFw4gl, 2019-09-29 12:44:31, 2019-11-19 06:24:10
890, 7TnIk5LkfmgEPdmV3L1O, 2019-07-07 22:10:12, 2019-12-21 15:54:14
891, Dbg7mtB2gjQL4RCqXBzQ, 2019-05-23 22:14:56, 2019-12-10 16:59:29
892, VHtQr5IQErW7LCTESzlt, 2019-01-06 16:17:34, 2019-07-07 22:12:07
893, hF24eLOE5czNhLzNC2J8, 2019-04-03 07:40:30, 2019-04-25 04:20:25
894, j27wgUCSCoNyk9HI7LFf, 2019-08-07 20:15:30, 2019-11-21 02:47:06
895, GqNGwsYZXUt2eqJKZ9cj, 2019-02-14 19:46:56, 2019-03-13 04:01:28
896, d01gGzKji1w1kmZnfmeO, 2019-11-25 09:17:26, 2019-12-27 11:52:30
897, eCJdTeMC9MKevo3faJJ8, 2019-09-25 22:35:06, 2019-12-13 09:42:45
898, l2uSom07IJKLKAzGmSFG, 2019-06-06 21:56:56, 2019-12-24 12:38:31
899, 7IaA79DGd59K6J2NshYx, 2019-05-27 10:25:00, 2019-10-14 11:56:07
900, busBL8JZ2nhqhwuG2cYy, 2019-01-23 04:30:03, 2019-10-07 13:13:38
901, nHuF9kOCef4IJOx29w4M, 2019-09-15 03:14:19, 2019-12-07 07:58:11
902, s0IJRXGkCOTXeWaeTbdY, 2019-01-17 03:25:14, 2019-12-09 14:44:43
903, YinquwNBDy0rC2US4pQC, 2019-08-22 04:13:33, 2019-10-13 04:17:40
904, IvEZXF4f11xp7c7UmDDv, 2019-10-15 03:32:23, 2019-11-02 22:47:43
905, hLjGwswGluGXXQEAIXJT, 2019-11-10 09:15:48, 2019-12-19 09:00:57
906, TYd6bBdO1K2AL7xFeokS, 2019-07-25 08:55:38, 2019-12-10 03:38:02
907, LpmIb5caSYPevpGedE8z, 2019-01-09 14:42:12, 2019-10-23 00:17:44
908, Q5BiNM4xvpg5LfRr5cyW, 2019-09-03 11:16:34, 2019-10-19 20:11:28
909, olqD128QyTN08fahsFWH, 2019-10-25 07:26:49, 2019-11-22 08:08:55
910, B9IxaooFcBHlXFXXAMyC, 2019-01-17 19:57:54, 2019-05-02 21:25:00
911, uiIFlF4Tw3LR0WqWsY7X, 2019-08-31 01:55:15, 2019-09-25 09:45:03
912, 6rESHm4i41swVwaox8gO, 2019-07-25 15:41:55, 2019-11-12 05:02:06
913, 0KBXstEtpT9BQTtwReas, 2019-06-12 00:28:18, 2019-09-12 06:36:20
914, 4EcfjvMI2lmqISCc1PMt, 2019-07-13 05:24:43, 2019-12-06 10:13:12
915, TmUvrvEMj7rO7NOvhIHg, 2019-06-29 09:41:10, 2019-11-07 19:04:39
916, 3wZzj7Pj9v1dVzB5hcWL, 2019-03-09 04:37:18, 2019-03-28 17:25:55
917, Kc1n7Djfi5DOx0qXW3ft, 2019-08-01 10:18:29, 2019-08-26 16:11:27
918, sVRR3GjzK6OdPrEpmwyQ, 2019-02-06 10:56:59, 2019-04-23 19:17:01
919, 4Fvfk197528KmxhhFHba, 2019-01-02 23:17:39, 2019-08-08 13:12:25
920, hFFSfjj8b65TcZbOldPT, 2019-02-22 03:12:22, 2019-03-11 01:41:00
921, Qkha9voskb471SPeFG7M, 2019-11-10 02:47:41, 2019-12-14 19:25:11
922, SUbHwXW2wsntcFm9hvIx, 2019-01-20 22:25:51, 2019-11-21 11:31:48
923, dVX6Txx4IkLdz4lCOn3u, 2019-02-28 09:50:07, 2019-10-11 14:11:35
924, HJ9qzqKLk1EOpMU5wCzf, 2019-01-05 12:56:55, 2019-11-25 19:10:13
925, 4827sblUT2m0o8AGp4jX, 2019-02-27 10:16:33, 2019-10-08 16:59:58
926, Hc8izpJTDDXKepP38lWq, 2019-11-07 05:19:35, 2019-12-02 18:10:49
927, xRHpTipNUMD8rCny55hd, 2019-05-19 07:11:10, 2019-10-24 19:02:10
928, jZ6PvR65uUyRafqn9RIF, 2019-02-15 03:31:21, 2019-09-16 13:28:47
929, EBTuAoACPaBaQ53xafu0, 2019-04-07 09:37:29, 2019-11-08 06:31:21
930, vva8mr6KcEB9ohsrP7KM, 2019-03-15 01:40:45, 2019-12-23 03:33:27
931, QK9APbSRLWO80vWPlsTI, 2019-12-23 22:55:42, 2019-12-28 13:22:43
932, Yy5nFFjuoWixaRV5WxAS, 2019-01-16 12:44:46, 2019-09-15 17:48:43
933, pb1i37c7rN8l8MTHni9G, 2019-03-31 10:10:31, 2019-09-25 03:50:24
934, 0d7qiPtv3pB1O8m2lq0S, 2019-10-30 03:21:59, 2019-12-16 15:40:39
935, BwaEdi0621Hi2Fhs1ejz, 2019-11-09 16:30:44, 2019-12-01 12:35:55
936, swmFGzK247tr5MQliXyf, 2019-02-14 06:15:56, 2019-08-28 01:10:42
937, 8s5gIJvgbhFzf3xMCjsI, 2019-02-06 14:14:14, 2019-10-29 08:36:30
938, Awhbu4M33OE4XhR8zJ1e, 2019-12-27 23:17:04, 2019-12-29 19:32:13
939, xusCX4GtSGaSSSXuEqJI, 2019-07-23 17:11:00, 2019-10-19 22:22:45
940, w0eOfiguYcMdJGFomlCF, 2019-09-07 05:08:07, 2019-11-30 19:47:15
941, wbMDRqitU7vWzZ39mJmM, 2019-12-26 21:00:07, 2019-12-28 23:24:22
942, XhP2pxehRi7vxrNLOpxA, 2019-01-10 08:23:01, 2019-06-10 11:34:21
943, lzyJvBVaEZkvEHC6ZdK9, 2019-06-03 14:21:04, 2019-09-21 14:05:38
944, C8IZXLAKuAUP9h4z9xot, 2019-06-24 09:17:13, 2019-10-22 07:51:21
945, fkjf4MdvkZRC5ObORVam, 2019-05-17 23:31:36, 2019-12-11 21:13:31
946, IvXstbEYLPEIiWU1EEJ6, 2019-08-09 01:27:16, 2019-10-30 07:49:16
947, WxQgGbdQJqbJ2OOIXCkX, 2019-03-28 10:56:33, 2019-07-22 05:36:09
948, eUW52nEOREwS9b5LRuYX, 2019-04-21 03:38:12, 2019-05-27 20:55:43
949, RFISUHaHFvl16CrS2gQX, 2019-02-20 16:22:04, 2019-02-25 17:36:59
950, qAdmiD67hV7p9v545k1y, 2019-10-04 11:59:41, 2019-12-30 00:35:22
951, XmnAXeJ1aftTosK2ekJC, 2019-02-23 15:50:36, 2019-12-11 05:00:07
952, idRQbEAYgvMUUNyBhsgM, 2019-01-02 14:24:32, 2019-07-21 15:39:33
953, 17VWDxIWWdOlPwgSLcFg, 2019-01-26 13:54:28, 2019-12-06 00:15:25
954, LyqxaNmYRTPg5juqJeR9, 2019-04-24 06:01:45, 2019-11-25 08:32:29
955, A1DwkfPTOC1B0NblrElB, 2019-05-05 01:28:25, 2019-08-05 15:36:03
956, 4NC0P5yEpwXk5mAuwZr1, 2019-06-24 10:28:05, 2019-08-15 01:16:25
957, ijmSQ5ILg6tQH54lxHZY, 2019-10-26 19:08:11, 2019-11-11 13:09:59
958, 1dihVUSaKZyawIRTMsMH, 2019-10-18 07:25:52, 2019-12-29 01:16:28
959, YA78tgL626LsWUSmFN9V, 2019-12-25 05:22:30, 2019-12-28 09:56:33
960, bPqFMrxpFGv2lE1d7lZF, 2019-06-12 18:18:01, 2019-10-21 23:50:38
961, mCnB4wJjZ1GmrisU7lqy, 2019-09-16 18:50:52, 2019-12-08 18:42:15
962, vOPsN1LbM9RUwlFZcKDL, 2019-01-01 13:48:25, 2019-09-02 11:43:22
963, gIbjCdpwWWlrjSwTQHDH, 2019-04-26 23:42:18, 2019-09-11 05:25:46
964, gpzXJqP8TxfZ75NcvJ56, 2019-06-26 12:32:13, 2019-08-20 00:58:16
965, 6dGJDZDPZG933Gd5ixBh, 2019-04-04 09:22:41, 2019-10-07 08:44:46
966, eYXkXuEdWFMEktMwNZRU, 2019-07-16 22:08:46, 2019-12-05 09:58:39
967, JzpwI1CborEGBhuz0sYt, 2019-01-21 10:53:29, 2019-05-17 03:11:01
968, yP9zNI3Dm8FsTlruABex, 2019-03-17 18:25:08, 2019-04-02 05:34:59
969, vf7ZnPCh0YEi4fZ7ylor, 2019-03-01 02:33:11, 2019-12-01 02:20:09
970, UzVFv9QxyZfQrdy3jcxG, 2019-07-07 05:27:33, 2019-12-07 03:05:55
971, RZ6KU5ESSUA6lL6nMcge, 2019-09-20 22:19:28, 2019-11-06 23:51:24
972, OlN2qzwptiGk1EpHGKYH, 2019-04-19 04:14:12, 2019-05-21 10:55:38
973, Me2fxPujOXzNf8PlU0Y1, 2019-12-14 17:15:09, 2019-12-19 12:22:21
974, 2qAzVsCsFLsbWFCFLwjs, 2019-08-28 00:01:33, 2019-12-04 07:39:09
975, uDKLuS07rJ0i6UnjPgFl, 2019-02-02 04:44:05, 2019-12-13 00:53:46
976, mOQ2mUo5YinBkTslVTgZ, 2019-12-17 14:23:55, 2019-12-26 16:04:09
977, nMWn6MiQ75JgxZR4DWBX, 2019-06-23 11:58:51, 2019-09-02 20:51:27
978, lyvKe8yMJhaj8up3iskE, 2019-06-08 19:32:53, 2019-09-25 08:45:28
979, HBhLhvF4XQJukcSlQEME, 2019-01-15 10:14:46, 2019-08-14 04:11:34
980, CeSMpvP70ZojmvAgEIUE, 2019-04-08 19:33:12, 2019-10-22 23:29:31
981, 6QWzkJUYeYSuNPe3XwHO, 2019-11-03 19:51:31, 2019-11-22 23:21:39
982, kfjLyT08UA9QgdRIKLne, 2019-07-19 09:25:00, 2019-09-09 08:47:50
983, FfBvq9DEzWj1MiJh3xA8, 2019-01-03 14:04:13, 2019-04-09 10:36:19
984, 1eyFJ7GIErXrlaKNVx4e, 2019-07-04 22:59:54, 2019-12-26 03:33:30
985, MlVBRSXmkLa87I4PqmpM, 2019-12-28 21:36:49, 2019-12-29 10:30:54
986, QBpJsLPeDB8ItHgk0g1u, 2019-02-04 06:20:37, 2019-12-05 04:58:59
987, vnqziy9WmZacsDEJ6Yos, 2019-02-19 01:02:54, 2019-02-19 07:14:04
988, C7Ka6odIQoAQy5duo45r, 2019-03-09 05:56:30, 2019-05-24 18:26:22
989, R9z4XmusBJThoiSgXswv, 2019-09-30 12:18:11, 2019-12-19 01:22:25
990, QsmggrNz1WZTJk4hA4gF, 2019-10-31 19:41:24, 2019-11-19 01:41:11
991, Ze4lq0wW2D48p8dEC0Yg, 2019-03-04 00:04:58, 2019-10-08 15:37:10
992, bSAMgjNghD5AQ7aIcA6Y, 2019-04-14 13:39:46, 2019-08-18 13:21:30
993, 4kl2ZXzokNR7ZBzLY9Vv, 2019-06-05 15:19:04, 2019-08-15 22:01:29
994, YS45CTKoutDxUDr7WfBs, 2019-02-14 19:34:58, 2019-04-09 17:24:02
995, SQkOTa6HABIv9s00maZf, 2019-12-14 22:23:51, 2019-12-22 09:24:23
996, XDQyUZnSSfumAQ2m6iel, 2019-04-20 14:37:23, 2019-11-18 01:08:22
997, VGVQgAHw57EA1vg38G7H, 2019-01-24 23:54:10, 2019-11-14 07:06:52
998, GCkyqxHRRaGCfg0Dlz0E, 2019-07-24 22:13:34, 2019-08-25 15:26:50
999, P56WnrMHV4Gcf3FBp9eT, 2019-11-10 16:25:30, 2019-11-13 17:01:24
1000, NQbmkkUnYUt3Z8J7aTks, 2019-08-09 11:25:52, 2019-10-31 17:19:13
1001, 1njOB7f0fvRTvz8VlpGk, 2019-09-06 00:54:38, 2019-12-02 22:10:14
1002, QzQDpshnu33NzOlSKQfJ, 2019-07-31 10:32:58, 2019-09-21 17:40:53
1003, CnPpP7gTHqkRsOWZyZiJ, 2019-09-17 11:19:25, 2019-10-07 23:31:43
1004, yR9QRhDtYwqtxoc3wAw5, 2019-08-03 13:22:53, 2019-11-10 22:27:43
1005, jE1yi8KSvzlAyLFpApf4, 2019-03-21 05:58:33, 2019-04-10 14:52:33
1006, 9IkyqJq0Gpkoi58mAgnL, 2019-07-25 00:20:21, 2019-07-31 02:34:51
1007, ll9uA5HK7I24kNIySVjr, 2019-04-20 01:06:41, 2019-09-14 22:54:36
1008, J5pm2FHL4QVWI6fS4SYp, 2019-05-20 13:38:39, 2019-11-26 23:08:08
1009, iP5joce1OIBsiaDD7kkD, 2019-05-08 00:34:28, 2019-11-06 16:05:51
1010, fX7opciL90mS874nUUOh, 2019-02-28 10:57:20, 2019-11-23 02:37:08
1011, pwbuNo01aQ1OExwfbTwu, 2019-11-25 13:40:09, 2019-12-16 19:46:22
1012, EPoF88MEIuBnRoeMI5Dx, 2019-03-08 21:55:06, 2019-10-23 03:36:05
1013, ToZsumbGNNJGYXyoclrU, 2019-07-24 06:48:17, 2019-08-29 04:41:19
1014, 43Aou1kdFk75LZd6shpL, 2019-04-25 15:51:03, 2019-06-01 01:07:46
1015, iM9SLjT2qLVvZTCIiv2Y, 2019-09-26 03:00:04, 2019-10-02 14:42:26
1016, ZnenS3ThjBwMO4Vqus5d, 2019-09-09 08:58:22, 2019-09-28 09:46:23
1017, 3Npp67zGHoxaGK7NDlAE, 2019-07-15 17:32:41, 2019-08-12 16:56:53
1018, ZUPiEckaX7JrO8xTLrJ7, 2019-07-16 20:47:14, 2019-07-27 04:21:40
1019, IJrilLHalHmzzJyYQpPC, 2019-12-26 10:23:11, 2019-12-30 10:17:51
1020, UpaHzHabIysGxNFtUO1R, 2019-08-10 03:10:56, 2019-12-01 23:07:04
1021, acX9Xhne4PSTpxeXOtZg, 2019-12-27 22:11:48, 2019-12-30 12:22:40
1022, EU53iH1B7phQTUHmwgt3, 2019-09-08 18:12:27, 2019-12-13 10:49:22
1023, ZLEKatERLZyJrmOeIFxR, 2019-12-13 14:56:34, 2019-12-15 13:57:52
1024, hMWhMK9AdxA35XsdNvPb, 2019-06-20 02:39:46, 2019-10-21 10:10:18
1025, LPTx7v9AN9j3NEVYwYyM, 2019-01-05 03:33:56, 2019-09-26 19:08:44
1026, fWELd5YKEVkSnlU2bnhR, 2019-06-16 19:57:26, 2019-08-01 00:21:45
1027, gHwveWCAs9OYj93JkcaL, 2019-04-10 01:38:18, 2019-12-30 13:20:20
1028, JVL8QTFOZWIF2MlsSGza, 2019-02-03 18:57:38, 2019-06-29 16:49:34
1029, IGoLJqiP3Vro9hInaYKa, 2019-02-08 02:46:22, 2019-07-16 21:10:39
1030, PfUILTqQrMLwwxVq8yRx, 2019-04-23 08:46:29, 2019-04-26 10:07:06
1031, F8sB9e8wW5nU3sZwQDvx, 2019-07-17 07:14:53, 2019-12-22 16:59:38
1032, n2NaiSzlFQjneeCU0D7T, 2019-03-28 16:09:55, 2019-10-24 05:37:32
1033, xoSyHttAaPpQsxk4BFI6, 2019-08-24 04:05:02, 2019-08-25 05:55:25
1034, qN7KwK8PGwT9TNOCsW0p, 2019-05-03 06:32:52, 2019-08-11 19:36:08
1035, NPAOCSJ0mfE9yW93lKZ3, 2019-12-25 05:52:49, 2019-12-27 15:58:05
1036, ZA9vI7PdDugaiZTPc7yw, 2019-05-28 12:04:48, 2019-09-27 05:39:11
1037, GTZ4k2dpYPByMjonEl5m, 2019-07-14 09:33:18, 2019-11-25 06:21:29
1038, HTTuGXpIbC9ciiNuUNdY, 2019-12-10 17:08:17, 2019-12-11 13:43:50
1039, ygB8gVFfK4HyBioQMNsy, 2019-12-16 22:57:05, 2019-12-29 08:01:13
1040, I3WwkkTSYbyqrASVj0fW, 2019-05-16 22:11:58, 2019-08-03 20:50:04
1041, q7tvpJwzZKco68UaYsNV, 2019-09-11 12:16:53, 2019-11-18 22:52:19
1042, JKf1tvmCE4IWr83wiZRi, 2019-03-01 14:55:54, 2019-10-19 03:52:50
1043, 7cvxrzppsb1ulGk9CfZF, 2019-12-25 03:10:26, 2019-12-26 00:17:25
1044, CqvsspZTWOpiZSyz5DVZ, 2019-01-15 06:37:09, 2019-07-01 10:10:14
1045, U0OBsH8Yz38oBpFzjA1h, 2019-02-06 20:30:33, 2019-02-28 04:34:31
1046, uSith1m0M6Bro3PFPL6Q, 2019-01-15 01:38:32, 2019-05-26 16:48:50
1047, Vx3JcLhAc2FC6LivQsn9, 2019-02-11 15:15:08, 2019-07-12 04:35:51
1048, FhFVozjKt1ozJn36eBbW, 2019-02-25 17:56:00, 2019-03-27 21:40:31
1049, JH7gcS9SfvUfnXmSiSzc, 2019-11-02 05:09:20, 2019-12-13 08:02:38
1050, nmGA2o7JSvVOSWxZQ9yS, 2019-03-16 14:04:12, 2019-03-18 13:13:59
1051, grBBZKJ2eNdEgv4PHrp8, 2019-11-23 17:37:32, 2019-12-08 15:18:32
1052, ub13biZcg88CtttZoRKQ, 2019-04-17 19:07:35, 2019-09-27 08:54:41
1053, gAXYIPEdtHVYEtU6GENd, 2019-03-24 01:54:14, 2019-09-17 12:37:49
1054, Tk7NUFsLOTLjEgYJNPZj, 2019-03-02 00:18:02, 2019-07-10 01:53:59
1055, 9K8CBt9orlBF2N6ZCoX6, 2019-05-17 11:08:50, 2019-12-20 18:38:02
1056, fwioEcKZiruOW17GOhnG, 2019-02-16 04:15:54, 2019-10-11 12:17:35
1057, 6N2ycBoEGu4M8aZTrhIU, 2019-03-08 03:16:59, 2019-07-30 18:50:45
1058, 48Ta602Z5x0AKDj9hnMg, 2019-07-19 15:13:51, 2019-10-12 00:17:15
1059, BhXU6LC8xvSWstSwXv4m, 2019-06-17 13:36:37, 2019-07-23 17:36:07
1060, O7vQqUhMQVYKqb6S9dDo, 2019-03-28 05:43:18, 2019-04-25 15:54:16
1061, ILFNxLmjLEd5Ihy0s86z, 2019-06-28 15:48:26, 2019-08-27 21:16:59
1062, OtrnBXxvDEo2wO3axLhN, 2019-03-08 05:53:25, 2019-06-02 13:25:51
1063, R6aelU4Ol8SsvpQPeb4t, 2019-04-03 06:21:33, 2019-04-24 10:48:07
1064, jG3wpHyCzynS5JID0a2q, 2019-04-06 17:28:51, 2019-06-04 22:46:43
1065, 9da6ahbKhkwBgz5iVgVb, 2019-09-23 17:00:13, 2019-10-06 07:02:42
1066, Yetuc9a2Vi7B3Yc6f6QS, 2019-10-17 07:28:34, 2019-12-15 23:36:30
1067, wflTnjswDx4f3rAJ3Ksk, 2019-11-22 18:59:52, 2019-12-28 03:27:16
1068, ggRvsIkERUUSNiMXoEfa, 2019-04-27 13:13:41, 2019-08-25 21:51:04
1069, WJjDufIp87alsfJwg7xs, 2019-03-05 10:50:44, 2019-07-16 20:10:47
1070, 9pVxzvUbVjVOExASFbh7, 2019-11-27 15:17:58, 2019-12-02 09:37:12
1071, 01UTlTH330GCnPfgpZd1, 2019-09-09 06:10:06, 2019-09-10 17:03:46
1072, PY3gfcMp05CR4gDQ7TAw, 2019-12-13 04:13:23, 2019-12-23 14:45:33
1073, hYQblgsOmeSqZIino3B4, 2019-11-17 19:07:39, 2019-12-05 07:47:14
1074, F4eZLx7ZZ11uZi25M0Cy, 2019-10-04 00:46:19, 2019-10-06 12:44:14
1075, DhwGRb473ShmJKhUwBoW, 2019-11-27 06:53:19, 2019-12-16 16:32:10
1076, 1tYGIbkPBVEvuskdWDkM, 2019-03-02 20:00:03, 2019-09-19 02:10:45
1077, yXeTQyyxcX8uL9IMJYb4, 2019-06-24 14:03:39, 2019-11-29 01:33:48
1078, fqzUwtG8PmYqlT2ghcvu, 2019-04-12 18:48:59, 2019-08-07 02:28:32
1079, iqZVnzl6vMC5mFzVyt3K, 2019-03-10 02:32:57, 2019-07-01 13:11:47
1080, 0FDRUI254ehoOtV1VtBw, 2019-02-25 16:10:33, 2019-12-01 22:47:29
1081, vSH5KQYcF1Kt83Hsr0a2, 2019-01-27 07:19:14, 2019-05-23 06:17:54
1082, 1Kme4YomvjRyuZa8Aoml, 2019-04-06 06:55:15, 2019-06-25 07:24:55
1083, 0YeGrjQQ1UD3CU6nvrbP, 2019-01-26 22:11:30, 2019-03-29 02:59:44
1084, rLWYDgcxBLmnEujYV188, 2019-01-19 22:08:18, 2019-11-18 04:32:01
1085, aue60UL5OM9ZsX0MzCqa, 2019-04-19 10:26:21, 2019-10-05 09:24:11
1086, HYWiUuus3b0T5yOkUjXs, 2019-03-01 12:45:07, 2019-09-03 05:26:03
1087, lF9S1DotdK7fwk03S6qQ, 2019-05-09 08:25:27, 2019-09-24 19:50:18
1088, vKg43H4h4d8tPN6RlxmE, 2019-03-13 15:28:26, 2019-05-24 03:41:36
1089, 81sOR3rYlTSs8EjpLpeF, 2019-04-28 20:06:56, 2019-05-19 09:53:30
1090, k0Mf1rpJL7luKigsAGL1, 2019-01-07 17:52:12, 2019-05-05 03:22:43
1091, sKfCpu332iwyU3r7uQyX, 2019-11-28 18:20:27, 2019-11-30 02:30:49
1092, 1NjiBvptOTvBgsL1EZtR, 2019-09-24 09:17:23, 2019-10-17 04:55:05
1093, HMMwiBf4n2Pk0Y89y1CF, 2019-09-01 09:32:25, 2019-09-19 13:37:59
1094, SFpA936HEWSmRLGeAoPe, 2019-05-09 01:12:10, 2019-11-01 04:31:19
1095, UNFeMHO3BClgSFFCTqB4, 2019-12-14 07:58:03, 2019-12-18 13:47:38
1096, fDZEupyDgWLwOosDnCoe, 2019-09-20 00:38:44, 2019-12-04 17:20:47
1097, ycUNUv3zeZ3TecBHItwK, 2019-07-01 20:41:03, 2019-12-29 23:19:03
1098, f2ARs8SPOj6uFJitpSg4, 2019-06-16 19:34:46, 2019-08-28 01:18:49
1099, 1uYhTykGBOgwywRGSJFs, 2019-01-25 08:56:47, 2019-04-06 19:29:47
1100, rx8d1YrrPYhEU2SW9lCQ, 2019-01-21 01:35:10, 2019-05-27 14:15:42
1101, kU98KvDmXpEx5403oY7m, 2019-03-02 10:02:35, 2019-07-28 06:22:16
1102, r22gHTstY8Gfqq6bKfix, 2019-07-16 16:13:12, 2019-10-31 10:19:48
1103, FNfNYXIwGQktngYCWtL2, 2019-10-19 08:32:32, 2019-11-16 16:02:40
1104, K6MWkMq6QlS9JoRasAth, 2019-07-24 00:11:27, 2019-11-12 20:40:29
1105, 1ASot06usq4shb2V0Yxv, 2019-07-17 04:45:18, 2019-07-21 20:07:20
1106, LvZdgkB6d1VURGrFbEQF, 2019-12-14 18:12:02, 2019-12-24 07:43:34
1107, 4IChrDePyEJTO5V4PPGz, 2019-05-16 05:55:34, 2019-09-13 11:41:33
1108, u91AdtHS2vAOQGS7xBx2, 2019-08-14 22:38:00, 2019-12-04 12:43:46
1109, 8svimBbcTC6FpfarjFqg, 2019-06-19 22:24:34, 2019-12-19 00:21:39
1110, ZS6LrIh9os8RflxbTCw3, 2019-03-06 10:56:57, 2019-04-24 22:08:50
1111, Cks5eDBDxamqDCs80LC0, 2019-07-13 12:20:22, 2019-09-30 05:09:15
1112, EoMhoTWUGq9Yqmc1mYTR, 2019-07-18 22:05:07, 2019-11-14 14:55:48
1113, ga5nkvDR58GfHhzdefoY, 2019-03-31 11:42:57, 2019-07-31 17:31:47
1114, HITUhpNNU3sIDBBBuuIC, 2019-09-19 22:04:15, 2019-10-02 10:27:41
1115, xLpdhvBmciegBna9la2Y, 2019-09-06 20:04:27, 2019-10-19 10:44:41
1116, hkEn0rjXdrz8FwWDItay, 2019-06-23 10:53:15, 2019-08-21 04:30:57
1117, ZbUdwTMo73XHbhnJnKxj, 2019-10-21 08:55:36, 2019-11-30 20:47:23
1118, TtUj0iHnr2QecUUef4wy, 2019-03-18 00:47:55, 2019-04-14 00:30:39
1119, QxIWW8tl0D5hfKrVF4Z9, 2019-09-25 10:34:27, 2019-12-02 17:38:39
1120, cRDGyJB8mVsikRs9wkOt, 2019-06-22 09:45:46, 2019-12-10 16:15:58
1121, im6YCB30V9PuTOrwQGCN, 2019-06-14 05:03:16, 2019-12-06 14:19:32
1122, eGYv9RMBmawiLyrXjGZD, 2019-12-05 22:32:09, 2019-12-07 13:50:24
1123, HMjZf4H9Z6gjE5nbSa6u, 2019-05-18 02:03:01, 2019-11-25 07:16:08
1124, sbyUMpuooQt2WNJXhxg8, 2019-07-04 20:22:46, 2019-09-11 13:09:57
1125, QzJhRnrT6bOMTnBOBfjA, 2019-02-28 14:26:28, 2019-09-05 15:08:20
1126, bPr3mlD9Dm6weJrrKlYm, 2019-05-27 07:31:06, 2019-08-11 19:04:24
1127, 0kCUJJ32guWr80pmYNlR, 2019-08-11 02:37:30, 2019-10-19 18:56:32
1128, qcBUOGOzHNsqlAL1lXqU, 2019-04-18 13:52:10, 2019-07-01 15:38:40
1129, TBewJo10Jh5vJEZMthU2, 2019-11-03 17:01:29, 2019-12-07 02:40:34
1130, po7aPz5O4JuoI7pHkeWC, 2019-01-24 18:37:35, 2019-06-30 21:53:58
1131, KJCSKtL9WSgGHdGrMJog, 2019-01-31 02:42:04, 2019-04-27 17:11:58
1132, NED6aiD7RbCzVsmkrKPm, 2019-06-22 09:30:03, 2019-10-31 20:55:03
1133, ri5fDEwgso3Hr5HBfWSY, 2019-08-24 22:48:12, 2019-09-20 15:50:09
1134, TcbiX80HkTubozCoz1Zk, 2019-07-13 07:17:54, 2019-08-14 12:22:15
1135, ESssubBzW6ffWyoK8Owb, 2019-08-21 22:33:53, 2019-11-03 02:58:33
1136, YXvp8H9DGXyftoUWXpup, 2019-02-14 19:14:53, 2019-09-22 22:43:17
1137, nT3OyEl7DkY0Y26Vymto, 2019-12-13 04:23:34, 2019-12-27 23:51:15
1138, ngxBef7pNpOV7U6LuAEh, 2019-11-22 13:42:26, 2019-12-24 06:04:32
1139, KLdq0hH2qTTBid6chul4, 2019-01-20 08:14:12, 2019-05-03 14:26:52
1140, PzxtIjSFoxgXTJUPc3iM, 2019-03-16 12:52:06, 2019-03-26 06:00:28
1141, 5UUl0PQXR4AKASW4DcuC, 2019-04-20 22:51:43, 2019-09-16 01:42:18
1142, aHTmAvQsn8c5r21ohl9D, 2019-07-12 01:44:31, 2019-07-27 03:41:23
1143, pTkkw7aKNAoih6YYeH3O, 2019-08-08 10:22:46, 2019-11-27 20:13:40
1144, zECcfcS3RR6OC69Gz4c3, 2019-12-11 22:10:14, 2019-12-25 00:37:35
1145, g4afN4M55P1K4doJFqDD, 2019-08-04 10:15:15, 2019-12-15 08:56:01
1146, rgVHLfT76tJxeQZPJ123, 2019-03-22 21:50:23, 2019-05-31 05:46:02
1147, tEj9NNDe2yUZq79s3NXN, 2019-01-06 19:45:11, 2019-08-17 06:11:38
1148, haIyxqZXOrXbmBZzc51m, 2019-11-24 11:13:45, 2019-12-07 18:49:27
1149, UE5DHUW9hDTMIMUuK1cm, 2019-01-24 11:12:57, 2019-07-14 12:18:53
1150, qqLy3x359XhNncfqnaWT, 2019-01-02 21:36:50, 2019-05-15 09:42:45
1151, K2OIc3QFLdRagBtzozpF, 2019-06-20 04:44:14, 2019-10-14 23:57:50
1152, rnXiPYvVWTzhS4onlD6J, 2019-10-29 18:29:41, 2019-11-24 20:04:41
1153, 6nYynyIFCTAM5Pp5jKvK, 2019-04-27 21:47:42, 2019-07-20 04:17:58
1154, BLBMGH6cG8yOtWlYDEEp, 2019-02-27 22:06:22, 2019-08-12 23:57:10
1155, vSmxP4b6nkdSBm1tIBUR, 2019-02-07 20:34:08, 2019-05-22 18:37:49
1156, eeuJDnlRYumb5545e3Xt, 2019-12-21 07:09:04, 2019-12-22 02:42:30
1157, bWaBPOWv7IBGjnOfrspp, 2019-06-25 17:01:17, 2019-10-11 21:14:00
1158, KOtzFKwHsfGplgtjfI9C, 2019-11-17 07:14:12, 2019-12-21 08:09:18
1159, ii1XOlcXsJ4NjGipuHJg, 2019-04-08 08:06:31, 2019-11-23 05:34:51
1160, B8tYPjzCUwIsplSSXdRD, 2019-08-05 03:43:59, 2019-09-04 12:58:26
1161, MoRUsydZ6hgoMTOx31oh, 2019-08-02 19:58:27, 2019-08-09 09:57:28
1162, mPV9GdFKVaUXZiwOV95H, 2019-11-04 05:38:26, 2019-12-08 18:52:08
1163, jUhFiW7x6NRY26DzvpxE, 2019-07-13 13:55:57, 2019-07-14 15:34:00
1164, h998ezpQDgQShxBjdnOr, 2019-09-08 07:50:14, 2019-11-09 04:04:17
1165, 4AVSNDfLyPfTtHiVKEia, 2019-11-12 17:18:47, 2019-11-20 11:54:35
1166, dYRDS2N1ErfX4qQDI212, 2019-10-20 14:08:45, 2019-11-08 19:40:28
1167, vYcZFFH2nftIQdoqKf4g, 2019-07-12 17:17:51, 2019-12-14 14:50:31
1168, DEpQDDTHNGCEUeHa40IM, 2019-06-29 21:25:40, 2019-12-01 07:51:35
1169, UDOt4Dq8HpyiQri1EGNb, 2019-02-10 03:01:24, 2019-04-06 03:15:44
1170, ZBLPOxRS4g8FuMC38nnd, 2019-04-29 22:40:03, 2019-08-31 21:42:48
1171, EHDxZVpalfLLtZ6Q9V3P, 2019-05-29 18:55:16, 2019-12-18 18:23:52
1172, vnQuL4J43ff6UMwQDK6D, 2019-07-15 04:14:51, 2019-10-13 23:24:13
1173, 0SSJeiYAzG06WxlliLaD, 2019-10-14 17:43:16, 2019-11-17 02:38:54
1174, yyIlV0nodcDWDlDs23Z8, 2019-03-17 12:09:04, 2019-04-15 19:49:57
1175, AwEuwNdUPyiqlc3XRQKz, 2019-12-05 07:41:34, 2019-12-25 06:29:21
1176, bKwNAUyOCJGbYOLMPfI7, 2019-07-27 22:35:32, 2019-08-29 11:13:24
1177, uWDYzvHTtR6yQfGQxWBv, 2019-09-28 21:53:30, 2019-12-13 23:47:21
1178, GycFr82kk3LM4kBZFR3b, 2019-03-31 09:02:42, 2019-11-06 06:46:51
1179, XJQGtx4XFcp3WltTrusk, 2019-04-17 05:08:04, 2019-10-16 13:19:33
1180, 2MaTGLoIZDXhRhUlbTUS, 2019-01-31 06:34:21, 2019-10-29 10:24:33
1181, jhiC6J72XjPTk9PGgYxR, 2019-09-19 03:03:23, 2019-10-18 17:39:32
1182, qw7Uc9vw0IFs5qFm3nDX, 2019-07-31 17:43:10, 2019-09-19 12:17:09
1183, EiY4vl58L3tB2f9h11KW, 2019-11-17 13:31:45, 2019-12-26 09:02:26
1184, hRuacX4slNr2CaG7Psf3, 2019-08-03 17:48:02, 2019-11-30 20:52:57
1185, 2k3CooMHBCxlvt7uQF63, 2019-05-16 09:25:40, 2019-07-21 14:25:06
1186, YJPu9VM8dz4snmh7wacD, 2019-10-10 12:10:52, 2019-11-02 19:20:36
1187, dHMWfsC8DHJuPT8uVdlY, 2019-07-28 17:23:40, 2019-10-06 04:20:58
1188, 5CdQGqdp1jMd4XWctr8D, 2019-05-29 21:11:23, 2019-11-30 18:32:20
1189, oqa1Xi54KFChKISPo7hk, 2019-08-04 17:55:32, 2019-08-06 18:20:48
1190, 2wLiZHrMu7AI1xk7eYCA, 2019-12-16 01:17:57, 2019-12-28 09:39:55
1191, f70SLPct9H3Y0iYvznmL, 2019-07-27 19:39:50, 2019-11-01 03:39:55
1192, TkZENJHkNRvYZ9RDq8FQ, 2019-02-04 15:12:03, 2019-05-25 16:53:04
1193, UrkDHj6AkBI57bvXfNL2, 2019-06-09 21:41:15, 2019-07-27 19:29:59
1194, 9ZQ22gvLazZDHSQUp26G, 2019-12-25 10:22:37, 2019-12-28 02:21:44
1195, VVVHFJpaXtvvYTYPqCQD, 2019-08-30 19:31:33, 2019-10-02 04:10:41
1196, nzfzMPoJdE9s0yib8py2, 2019-07-15 07:06:08, 2019-12-15 16:52:37
1197, nk6c1OjYwU4TVLR95r8l, 2019-05-27 04:49:04, 2019-05-28 23:55:35
1198, 41iPj7jzVD18L2atTQYf, 2019-06-02 06:51:20, 2019-11-07 20:28:33
1199, 62LZGGMuPjTjvYG3UUss, 2019-04-21 02:28:50, 2019-07-08 11:31:01
1200, 83iW7D3BfahLoXfBFQie, 2019-04-22 14:20:48, 2019-07-22 23:49:47
1201, 3OLh09F7PGD5He7SwjGq, 2019-08-30 10:41:29, 2019-11-07 22:01:15
1202, jGKKTxyFeLa7pqJ3HLfm, 2019-05-30 07:10:26, 2019-06-06 18:59:57
1203, 3lJe1Wtcx1qej5MkDPoD, 2019-12-28 12:14:12, 2019-12-30 22:45:18
1204, 1pDsTCCmxnUK9zXUp0UH, 2019-10-19 05:27:22, 2019-11-28 21:35:58
1205, s6OPflk6Yjtdw9u1hOcZ, 2019-01-09 18:03:03, 2019-06-08 10:22:35
1206, ryPrLWPLqGYpkCGJKaKp, 2019-03-15 12:50:00, 2019-08-05 10:36:24
1207, qSmjboZkdtQhMDiW4VMI, 2019-08-17 19:12:43, 2019-10-13 23:56:51
1208, UhX2nGx0khiN1ganQBD2, 2019-04-02 11:50:19, 2019-08-06 09:32:18
1209, d2FOubhADnrz5mM0e2Zm, 2019-09-06 21:39:35, 2019-10-16 10:52:20
1210, FqIICBbD01IaDf0JjzdR, 2019-06-01 02:28:49, 2019-08-27 05:50:26
1211, NuUfydF7NYygf3GNhlbB, 2019-02-27 17:54:53, 2019-08-17 02:55:48
1212, 1qJegmQDphR3fGJiExch, 2019-03-27 14:43:18, 2019-05-31 23:14:44
1213, pazdfnu7DNSz0I4Juxgp, 2019-05-26 11:35:54, 2019-06-07 18:46:54
1214, 9kE1MYOrG6OhTh3aUo2S, 2019-05-30 23:51:43, 2019-07-06 10:43:33
1215, vbvlBtoBDGYK5Ae1l2HA, 2019-12-04 07:24:09, 2019-12-11 10:43:50
1216, Efj9KZeQfGJPMRbd9ZQs, 2019-03-03 04:13:35, 2019-10-16 23:58:39
1217, QPvuJovbSAQwshPyyLQR, 2019-07-12 22:42:04, 2019-09-30 23:55:48
1218, sH20E6CjoCm2W54qcly3, 2019-11-28 11:57:41, 2019-12-16 12:50:11
1219, tHBIV6VCItTPY3dobUqj, 2019-02-15 01:22:17, 2019-03-26 08:38:33
1220, Xu4yEAAkM0eXF70qDHFP, 2019-05-10 13:35:51, 2019-12-18 19:33:12
1221, st0NY6sEPNkmsNemDyJc, 2019-08-05 04:11:19, 2019-11-12 19:01:15
1222, v4I6PBOYvPTrQPakZQMi, 2019-08-11 22:17:43, 2019-11-16 22:07:27
1223, IYACHW6Cj37gg3ouR2zZ, 2019-08-20 07:02:00, 2019-11-08 03:14:35
1224, H9Xc5uAs7I9ZrcF80aot, 2019-01-07 17:49:19, 2019-08-26 01:00:33
1225, 1smeq7gNAT3onnUIa4qK, 2019-08-02 11:44:20, 2019-10-04 06:24:48
1226, uNbKPAhInchtML1NK5QE, 2019-09-23 10:12:38, 2019-12-26 02:45:45
1227, r3mpj3bWEWWjf3M0zK45, 2019-11-08 10:07:01, 2019-11-18 21:39:42
1228, DU3BTWMvU4xYILr0xMn8, 2019-03-20 17:30:08, 2019-06-20 21:38:51
1229, oZ3AdTwpK974tDp63dWn, 2019-01-18 14:08:03, 2019-11-15 20:23:02
1230, aGf2pXuNsXbd58qYPWiM, 2019-01-24 10:20:21, 2019-10-13 23:06:42
1231, J80tUXQ5UgpJuViFRMzx, 2019-10-06 07:14:42, 2019-11-01 03:57:48
1232, sqodV70x2KOazIxRsV9p, 2019-04-17 22:27:01, 2019-04-22 18:05:06
1233, iC3W5EFzoq7xt1cYw7bI, 2019-04-28 18:53:21, 2019-07-12 06:03:27
1234, fAhNBdcyXfWtaOgSPLDl, 2019-12-22 23:16:26, 2019-12-24 18:21:13
1235, hBtrSLKjoqIg8d9GDoU3, 2019-01-06 10:53:02, 2019-04-06 06:42:57
1236, X1aW4TwM4JZ9kpDxoJMV, 2019-04-08 11:07:41, 2019-05-26 00:45:33
1237, 2lcGDwadpP2UjWDbu4gF, 2019-08-31 10:00:34, 2019-09-04 09:24:28
1238, QLyhwn1Z3fzhYBmlsDP1, 2019-03-21 01:21:19, 2019-07-08 01:39:19
1239, pQow4Jwem3IcH9ivK4YD, 2019-11-24 01:14:01, 2019-11-28 01:01:17
1240, EtRDvsBLRCrwxlNPurHQ, 2019-03-19 19:55:23, 2019-12-24 18:12:01
1241, vPv51CjMhLIuQ5zQrA9a, 2019-08-16 15:19:33, 2019-10-10 15:25:11
1242, AlEQZehbt2l9jRYoVaY1, 2019-03-02 22:00:47, 2019-11-16 00:40:38
1243, 8FWRsp5WPG4tjCrIWiHn, 2019-06-27 19:49:37, 2019-06-29 12:16:06
1244, CwUjqKcpa7P7Rtgn0y5k, 2019-09-03 16:55:57, 2019-09-07 07:15:20
1245, POVasLHuSq8Xz4jwJ1L8, 2019-11-25 19:31:54, 2019-12-14 06:07:46
1246, RoaCWkuIPPMbx7H7kLyS, 2019-05-04 00:25:38, 2019-06-12 17:54:23
1247, QLFnamsLkfIWQ5RREiwC, 2019-12-07 15:14:11, 2019-12-09 03:36:39
1248, vMETLBSRARntD8KHJFWJ, 2019-11-07 14:05:19, 2019-12-25 16:14:56
1249, 4pulEIXpUeEl1oHgsm4j, 2019-02-24 02:54:59, 2019-06-05 23:46:30
1250, v2Mg26LoAvvMoOS4BIfK, 2019-12-25 13:21:45, 2019-12-29 08:37:44
1251, MrcYVqDNQ6MCEYZPoji7, 2019-09-02 08:30:38, 2019-10-26 13:49:08
1252, C6jSvQuyejtFSuPSKLo4, 2019-09-27 10:26:01, 2019-10-26 13:36:08
1253, wzjRHcyLnjd8e1xE8PXB, 2019-04-05 14:43:37, 2019-07-28 07:54:24
1254, KDZGoocZPSmS3gmbbJ2k, 2019-12-16 04:36:43, 2019-12-18 01:18:02
1255, Tpf0IVufT6acfki9WyPp, 2019-03-28 04:25:47, 2019-04-20 12:44:04
1256, 29LyHknITRE2l3Omsvwl, 2019-03-14 04:02:41, 2019-05-08 15:02:14
1257, WvHGiHPD6SvpLDh0EqD3, 2019-11-24 17:46:14, 2019-12-16 03:06:51
1258, Lk3QRFA6PteLGCE7tMt0, 2019-05-20 00:54:54, 2019-07-26 07:23:55
1259, BdaLHDPDxCW8P4IfZhkW, 2019-08-27 14:40:04, 2019-10-08 13:32:59
1260, tvbBYIv3iEh7HhTMG3BR, 2019-08-12 07:07:46, 2019-11-15 15:55:17
1261, GgNLmLFSkLOtsBXvlFYn, 2019-12-04 17:52:40, 2019-12-21 16:29:49
1262, YrsZxoU93t2rygYmz1oi, 2019-08-17 07:56:22, 2019-09-20 08:59:36
1263, IJGP3DomaUO5V9BinLLc, 2019-11-30 08:33:15, 2019-12-18 16:29:33
1264, 50vr49h0BXdhttJSBNOX, 2019-02-26 06:00:49, 2019-03-20 21:54:25
1265, 0hgeLXZW9DLnGm2lmCy3, 2019-03-07 08:59:55, 2019-07-21 18:11:06
1266, HByUfipvxnWqeMYp7ZaT, 2019-04-20 12:41:08, 2019-11-05 22:33:39
1267, CGCH5cCuWrmqifA4sddU, 2019-05-21 02:07:54, 2019-08-27 02:10:38
1268, LE2DWAGmaK1wlpSxja8p, 2019-03-18 22:17:00, 2019-07-05 06:42:02
1269, DxWbC1vZZOCVHagQxh8b, 2019-11-06 22:20:23, 2019-11-15 06:17:37
1270, XxRGBpIxRnAktvAKLvy0, 2019-01-15 04:54:56, 2019-06-27 01:21:49
1271, nAz2TpBMn5bFSXhnpw5c, 2019-04-20 13:49:02, 2019-04-28 23:09:44
1272, Ne8ybVcWx1FNPbQTEg5S, 2019-03-23 00:19:10, 2019-09-14 06:35:15
1273, yzLJonCEJPz5KcnGAPyL, 2019-09-20 12:00:43, 2019-09-26 01:21:14
1274, ckSdSxur5PY2HCxqNzWU, 2019-04-06 06:47:52, 2019-10-11 23:25:18
1275, aGIcTGoREQFxglxNLHLv, 2019-02-04 21:56:07, 2019-06-01 17:03:43
1276, v8LXhdfBqbL5DSjhhDBk, 2019-04-23 04:34:52, 2019-12-11 07:16:56
1277, ZmtCCBXYQYRAUn1OcN4f, 2019-05-05 22:29:03, 2019-05-13 13:00:22
1278, 2OSmkeh2gNYixJSxUB0X, 2019-01-02 20:09:29, 2019-11-25 16:08:50
1279, d6ol94lTg3Mjwda6iRu4, 2019-11-06 16:55:07, 2019-12-25 20:55:00
1280, 5EN03xsWDuGX9nuvYKaR, 2019-05-26 09:38:09, 2019-08-22 13:24:30
1281, 21WeeKaHKFcsfOaBEieg, 2019-03-02 06:01:26, 2019-05-21 10:37:31
1282, X5yIu8u0p9KdPzgPYwqO, 2019-09-14 05:19:43, 2019-10-28 22:36:57
1283, CiHvNtJoJw2zemdCYCUI, 2019-06-12 09:06:46, 2019-11-15 16:23:47
1284, e20ZPqwjqytyKCSGdg31, 2019-09-06 11:43:15, 2019-12-07 07:06:04
1285, zCBSqyD1rdzCcCVC4REM, 2019-06-13 17:01:30, 2019-10-14 17:58:02
1286, 4GCCsr0iRrrQAbHdfGsq, 2019-10-30 17:50:28, 2019-11-07 16:10:18
1287, z6JfV4zXXGqrAWS2xEpZ, 2019-03-26 05:02:16, 2019-12-21 15:41:18
1288, kZWrUGgFXYtMbolj4kSO, 2019-12-12 16:33:24, 2019-12-14 05:49:23
1289, CQ2IPrgc7X5QpkY7wqZh, 2019-07-08 19:57:02, 2019-09-10 05:51:48
1290, j3ImU1U3nKJMGTuxdHUN, 2019-08-14 00:30:35, 2019-11-24 23:29:17
1291, erW6Zhr2BZyIpkTejEXN, 2019-05-04 01:52:08, 2019-07-06 21:59:12
1292, NMNFzjrxl8lUtIgMNEyY, 2019-04-21 20:53:15, 2019-09-12 10:05:49
1293, xp6lodtQ9BJwrCEggTuJ, 2019-10-20 11:19:58, 2019-12-26 09:57:06
1294, 8UxeM5RxyMAgixIkHzhs, 2019-08-06 17:14:28, 2019-12-21 03:57:39
1295, wE0EIiVfQJksMqtWyxYD, 2019-08-30 15:14:07, 2019-09-09 12:35:55
1296, YrT3QhyrctozAz83v0mC, 2019-04-09 04:13:58, 2019-10-24 04:28:14
1297, AU5nuBeZvS9mGPDJo1YL, 2019-03-15 06:30:29, 2019-08-15 02:24:01
1298, fpaRtgnrAi3yYqBdNqqV, 2019-06-12 10:00:35, 2019-08-15 09:05:22
1299, aICUM68sUKNN6wd1qSDj, 2019-11-11 15:53:04, 2019-12-20 04:06:13
1300, 1RiokcrlgnkARqo50lWI, 2019-01-05 07:31:52, 2019-05-13 19:52:46
1301, MlFsWMedVrsis4H4Wpll, 2019-05-03 23:26:37, 2019-05-11 17:02:14
1302, 7tHzjF6SZWrckVUNQBKd, 2019-12-07 03:19:33, 2019-12-19 02:06:21
1303, QYxrzIhiHJeC14JFqErT, 2019-11-09 23:58:25, 2019-12-06 04:30:14
1304, 107Jvbhdab58pz5JPIS2, 2019-05-01 11:49:55, 2019-06-09 12:03:59
1305, aClh2j4vpbf3KgScG0Dm, 2019-05-04 03:21:55, 2019-08-12 15:48:00
1306, hwgwQbSraKr8gxSR4Tpy, 2019-06-10 20:04:11, 2019-09-23 22:31:53
1307, fIw39MshXvlanqnrtPgX, 2019-04-21 13:05:38, 2019-11-30 05:25:22
1308, BoVLDVofamRTTjMRtPVA, 2019-01-23 07:11:46, 2019-12-02 21:38:20
1309, ARC4nOyWLscobcoKie6h, 2019-12-23 15:26:47, 2019-12-30 10:08:13
1310, aRHnELUf78blPl34ay2k, 2019-03-22 02:33:11, 2019-08-22 19:10:25
1311, eA2WNb0WWBB5zE1RcnDe, 2019-11-08 20:20:20, 2019-12-28 19:03:54
1312, ZrrUb9OFG5CgsGm3Ybrd, 2019-06-22 14:33:41, 2019-11-29 19:55:49
1313, TeKvK6xjfze4KLNaNH1P, 2019-01-22 19:18:15, 2019-02-17 22:41:15
1314, 6ZNtBXYOP6NcGi3ZaFH0, 2019-04-06 21:30:03, 2019-08-29 06:30:19
1315, QbbxJjRv6VC0H4jKpVvh, 2019-07-06 23:12:26, 2019-10-01 16:52:15
1316, aODjpmmZJ5JOBylQYtSm, 2019-07-05 17:07:04, 2019-11-25 18:44:55
1317, DdGwyNSqHlduJeAWLNnU, 2019-05-18 06:45:46, 2019-06-14 07:38:55
1318, SoLg5TruIR1dohYDJDpp, 2019-07-19 12:22:07, 2019-11-22 17:38:39
1319, eXHUDiXXs6WDOqwhFfCz, 2019-10-05 19:33:50, 2019-12-24 20:40:16
1320, QRYBiPXqqPnK8lQUF897, 2019-04-22 12:07:27, 2019-07-30 00:24:39
1321, UvGckueQbckWWKWR0SXD, 2019-03-05 09:10:20, 2019-09-25 17:17:07
1322, 2fZM1s4bnHVtvFMPHXFS, 2019-11-12 04:51:29, 2019-12-22 10:22:16
1323, xCF5Jcz2tw8s7U8zc60s, 2019-03-12 17:07:15, 2019-03-24 13:52:26
1324, t56wofVApGTHSQdj1oZt, 2019-04-15 17:44:57, 2019-06-19 18:38:25
1325, CUpct0vXnslgyMyOIeBA, 2019-11-12 03:56:29, 2019-11-27 15:15:15
1326, E5Mx5jl2IQ5byGfNS7K1, 2019-04-06 06:31:37, 2019-10-18 10:43:00
1327, 4nvFdviChtRVA9vRWTKX, 2019-03-01 14:39:48, 2019-08-01 15:27:00
1328, sskhrCYdUMQnttjpNd7o, 2019-05-22 20:07:46, 2019-11-17 06:09:34
1329, qdod8UwLKHsco5ub49MI, 2019-06-04 23:16:38, 2019-07-03 17:08:52
1330, TOUrNxZ7OHWcZfr4R3mL, 2019-03-24 18:52:49, 2019-07-30 02:44:26
1331, iGo9Ea7kScoTBXAmams7, 2019-08-22 07:48:16, 2019-08-28 18:46:45
1332, bEZOqVeaDl97aIzkZfrC, 2019-10-20 05:57:35, 2019-12-30 01:50:55
1333, oHaCCMl4l4CINQec5R8W, 2019-07-26 02:17:59, 2019-08-01 10:40:21
1334, yWPMZm7sDLm3Yt1jLQY1, 2019-12-22 21:56:17, 2019-12-29 20:01:12
1335, 2OCZSnJnUJLVRqtEtnJA, 2019-07-31 06:36:19, 2019-08-03 21:17:02
1336, JvMJEXg1b5SvyoRoUW3P, 2019-09-20 03:19:33, 2019-10-17 18:32:35
1337, pFLZjUQm8BOn3JkvE5wK, 2019-03-09 12:04:23, 2019-06-05 10:04:05
1338, Z21SDq2LA90ALniKBwcL, 2019-07-14 15:00:51, 2019-08-10 19:43:01
1339, vdhED4zChgaqNYC39xiQ, 2019-10-18 14:47:13, 2019-12-23 09:25:28
1340, 1zYlgIUj7cHs7yKP7yTB, 2019-03-26 06:54:10, 2019-05-12 08:02:30
1341, ccmy8ZF07tdLLn2QoGZI, 2019-01-03 20:12:33, 2019-07-17 04:12:45
1342, 8yqHkkfQFrUatCZTZcpv, 2019-07-28 01:27:05, 2019-12-02 13:53:52
1343, Hk22WE166HxtIJMNwVCv, 2019-03-03 04:27:36, 2019-09-16 09:25:12
1344, Ul9PsMX38tM921BbbUeu, 2019-05-19 14:55:24, 2019-12-02 07:27:59
1345, oYACQbImYKi92sWR1Kn0, 2019-08-17 07:13:23, 2019-10-28 07:05:43
1346, HcuJqmQ0fp4UJ0vSG4CN, 2019-08-21 07:44:35, 2019-11-28 22:17:19
1347, rwrx75gTGxFqOsRHpM90, 2019-01-09 14:08:51, 2019-03-22 23:49:28
1348, 2uOOgwDHKDE1Mc46gFi2, 2019-03-22 08:54:09, 2019-05-23 09:05:38
1349, nzDwchOzMSgtf2FJGBBP, 2019-08-04 01:21:12, 2019-11-01 19:53:17
1350, ASqovMfYKd8gBP8fanrU, 2019-08-14 13:01:01, 2019-09-21 15:58:33
1351, HZjOGnqyJ4hodxgFzxUi, 2019-09-06 19:16:34, 2019-09-12 12:49:03
1352, QI836bVhVIalHZ7QWIlK, 2019-05-14 04:40:05, 2019-09-06 02:07:33
1353, 3uoBjvDSDmv5tnfcBULV, 2019-01-28 11:23:37, 2019-10-18 00:03:23
1354, H2SNLPXVFABCve9MSDSz, 2019-06-03 03:04:13, 2019-07-02 01:19:49
1355, fmrYxKnSdWBzxsqc8Fh3, 2019-03-17 18:03:53, 2019-10-30 22:55:48
1356, yduvyKZY0ZIXuXQWDKet, 2019-10-27 21:18:41, 2019-11-08 05:55:21
1357, NF3WrDckyT0KrjHTidwx, 2019-04-21 19:47:49, 2019-10-02 02:16:30
1358, fmywmbAOgltAcIo46hlc, 2019-01-03 06:46:34, 2019-01-29 11:18:14
1359, KKguyTDrivoZcJUaeoEx, 2019-06-11 11:54:56, 2019-06-24 17:51:49
1360, sFneRdlbWbHVDCRdMbIN, 2019-10-30 00:39:25, 2019-11-13 19:49:07
1361, 3TIkFX8XWbUUhqH2sZko, 2019-12-05 13:56:29, 2019-12-20 13:31:20
1362, 5R9HDrcNJ7I5iU22a65z, 2019-10-27 20:35:03, 2019-12-17 11:22:21
1363, 7EXuSbSDArIc4YWfaQqU, 2019-05-09 11:51:05, 2019-12-26 10:04:12
1364, pZgh488gNxtabZGLCVuG, 2019-07-16 23:04:42, 2019-09-25 00:48:11
1365, TBtotzowSdovcRFUM6xZ, 2019-05-31 11:32:41, 2019-09-07 14:22:15
1366, SS0Y8cvFY8DozH78gzsW, 2019-05-19 00:41:40, 2019-09-15 00:51:31
1367, YB32ZcUlKwlIRXRd4sue, 2019-03-18 14:40:36, 2019-03-19 21:23:51
1368, VPhnOfIXbAnmSz3omkpi, 2019-08-18 04:26:48, 2019-10-26 20:52:14
1369, DVWlX5muZQ8yDMaBeNBj, 2019-09-26 22:41:05, 2019-10-23 06:00:17
1370, efINXOd0siNjRJ1njkTa, 2019-08-02 18:25:28, 2019-12-09 17:49:45
1371, GivnU9kCnXwZum1xyzj6, 2019-06-27 10:26:26, 2019-10-07 10:11:24
1372, APmfq6B26JSugCZMKTkl, 2019-08-23 19:06:42, 2019-09-01 03:05:43
1373, DR91Frlr6RP39L05E60M, 2019-10-23 14:50:03, 2019-11-12 12:13:23
1374, My5ZdYHn2qgYV0JkLFcT, 2019-02-16 02:34:04, 2019-11-18 04:05:21
1375, YHoE0bTevRXodGabCRag, 2019-06-15 11:30:26, 2019-09-24 11:00:41
1376, uuhO8VMHEsX7Q3ZJt7uq, 2019-08-27 22:18:47, 2019-10-13 16:00:04
1377, 7XKyqXYtJwA7SJrAhBAf, 2019-12-08 20:49:20, 2019-12-28 18:02:47
1378, lHmZL7dS2Kp8sxds4ZYo, 2019-12-17 10:11:26, 2019-12-17 19:52:34
1379, uZ4dYLYhxvfhOMiQXbEV, 2019-07-26 13:53:15, 2019-10-13 03:57:31
1380, l7wMZ8MZmk88ouSNQIsP, 2019-03-26 00:22:40, 2019-09-03 00:37:07
1381, UHDtt5mWJk9kkSRP9TAT, 2019-10-08 13:36:48, 2019-11-01 14:33:21
1382, 9WnQauVvCTxQkjhkaRtu, 2019-03-30 09:34:22, 2019-07-28 08:40:44
1383, yWXLFUternP5J5w1WgK7, 2019-02-01 20:55:47, 2019-07-05 23:16:56
1384, xPLTFxdP6OxfasGmMPqV, 2019-02-22 02:56:25, 2019-02-27 00:34:14
1385, Kx4DBZGTOujTkscZ7xfm, 2019-08-06 16:16:11, 2019-11-06 04:48:05
1386, 3NOETawfINAr7u9YLGtC, 2019-09-04 18:50:53, 2019-12-12 04:35:46
1387, 0UWbdOfwmDI8PQ6d8eAh, 2019-02-15 14:55:21, 2019-12-16 10:03:44
1388, kzy0LCxaeFINpEdEYsq7, 2019-12-06 00:38:40, 2019-12-25 03:18:04
1389, oNxRc6FKEzwfIKJ49RvB, 2019-10-22 07:09:18, 2019-11-04 02:44:03
1390, q3N4pBBh41I3xarl5g2B, 2019-02-27 17:17:52, 2019-09-02 11:55:04
1391, mMf2QioTBgWa5FlLDCL9, 2019-03-26 01:50:04, 2019-11-13 09:37:02
1392, vFBQYQzAsHnAOpBlx7xO, 2019-01-08 03:24:44, 2019-12-29 07:54:46
1393, lkr7xgV88L5EetnMLcr3, 2019-09-20 17:24:26, 2019-09-21 14:17:40
1394, 4YZnNCRUEa3g8q6HEHYO, 2019-12-17 08:42:48, 2019-12-28 23:13:18
1395, awbhQEGrJ6ojhRAzYnCq, 2019-11-28 11:02:19, 2019-12-10 10:16:13
1396, TRAS3AAADv9kcUtDzRcr, 2019-01-05 21:51:44, 2019-06-08 01:09:10
1397, IQ2ulzhOWegNsl8l4DP9, 2019-04-23 22:11:24, 2019-05-06 21:59:09
1398, XhXJMmORHzH2lj3llMqJ, 2019-07-31 16:40:03, 2019-12-09 00:58:19
1399, wSu4oe0mN0F1LZslkHuA, 2019-10-21 16:12:02, 2019-10-21 18:02:07
1400, PJBvlgAvdRykX68nfYvo, 2019-08-11 17:14:31, 2019-11-10 16:56:31
1401, GRS5XYN6Z37h0VqV6YSb, 2019-06-18 22:30:22, 2019-06-26 06:08:21
1402, IFXb2mBEmkzX6m10UVup, 2019-02-14 09:05:34, 2019-04-02 13:44:01
1403, 5vvRU9YecW8Ckjxoe3xN, 2019-04-30 09:21:44, 2019-07-20 00:10:47
1404, 1c22QsRLSjNqkckpIDHa, 2019-11-22 04:57:23, 2019-12-21 22:26:08
1405, rPYmAdG4QkzRUFIRC5Ld, 2019-12-18 16:35:30, 2019-12-21 12:42:18
1406, fR19DkDiQd06eHO6g2tp, 2019-07-04 01:01:03, 2019-10-21 19:36:48
1407, tvcdTzkTvs6WhXUqy6R0, 2019-08-04 21:37:05, 2019-12-17 18:58:56
1408, M9GsdAOPsbv8QUZiEQ25, 2019-06-19 01:46:21, 2019-11-30 02:55:10
1409, 0O89iuk4TFSUiDWzPnEj, 2019-08-18 05:49:01, 2019-09-19 07:05:42
1410, UIHo5CUABvDjxC4lS5JY, 2019-06-21 04:30:42, 2019-09-23 15:45:59
1411, bIoX5HAXQWCPWKRcVFXS, 2019-01-25 11:57:53, 2019-05-20 05:13:53
1412, JwnvlSxD6e3Lp5EPzZBJ, 2019-09-23 03:54:32, 2019-11-21 19:48:46
1413, mMmpo4JKrQtRE7vUJEQU, 2019-09-02 20:59:31, 2019-10-15 23:25:56
1414, Q107guV3ovQe5YY3QKjs, 2019-12-09 15:06:36, 2019-12-22 13:35:27
1415, mREGbEecEGKs2yJYvHTb, 2019-08-16 06:42:55, 2019-11-03 19:53:42
1416, MaNnv30Mpfh7oiLBuT9B, 2019-07-10 15:01:41, 2019-11-26 22:52:30
1417, unEpVGns8m2HKLXWhB9K, 2019-01-31 17:34:48, 2019-05-10 07:15:05
1418, pjVTnxWOdyGOYhyYjCr4, 2019-08-13 17:13:11, 2019-12-28 06:08:22
1419, VTA9xhZZZ87D6WtHRRmy, 2019-10-16 13:49:03, 2019-11-07 05:01:05
1420, C7BVlzujLt2peDamnPDF, 2019-04-25 15:38:24, 2019-11-21 18:53:06
1421, BGLsNUUTR0Os65lH2QP9, 2019-11-23 19:15:32, 2019-11-24 01:24:41
1422, ML2SyuIke9teieANs7US, 2019-10-22 11:08:25, 2019-11-06 16:54:45
1423, F0LDkB6UtuYcyoi4v6mE, 2019-06-11 03:40:23, 2019-11-07 02:24:12
1424, Ul8cCAghSeS2UfkCEVqb, 2019-07-02 10:11:41, 2019-12-01 07:34:28
1425, VEFXSpTTIe0B322UGHYM, 2019-01-28 17:20:09, 2019-07-23 05:28:12
1426, aADJUe7SI8PQ6YwfK3Xw, 2019-04-15 06:55:50, 2019-05-25 01:27:43
1427, kHU8wvdIV3FIPxXPi2go, 2019-05-01 18:22:00, 2019-10-04 01:24:41
1428, MfNXLPaV3n5sEx91yGnX, 2019-08-07 22:10:29, 2019-12-01 17:55:45
1429, srfxsE8GlZXLMAvwh6Rd, 2019-02-21 13:44:17, 2019-08-28 10:15:20
1430, QlwyEAebdjwBTDXnybNf, 2019-03-27 12:13:55, 2019-09-02 14:53:26
1431, aKN46vvFGQJBGBHOzKPs, 2019-08-07 22:44:43, 2019-12-05 07:14:29
1432, OljeWSex2cNemi9TIkv3, 2019-03-28 06:27:51, 2019-11-14 00:11:41
1433, 6Kpcq0jRXlPWNUOEVC61, 2019-10-28 22:55:13, 2019-12-22 18:31:05
1434, 2jd07cx01a4SZeFa5zK1, 2019-08-15 07:16:05, 2019-10-15 00:36:36
1435, 7EToJkAaZNZAC5rbTXYt, 2019-07-09 22:06:30, 2019-10-13 08:24:38
1436, 4YfcJxWpuBgbpf42dMw6, 2019-10-18 03:49:38, 2019-12-19 15:46:45
1437, V0AFMKVTlGT5j9ayQV2t, 2019-03-28 14:08:04, 2019-07-23 19:17:06
1438, Xwm1ImaBY1MlxIHpcKEW, 2019-03-29 16:24:48, 2019-04-18 07:45:43
1439, pRciQl8mIlC8xz6brRRS, 2019-10-11 08:24:07, 2019-12-08 15:44:49
1440, eqFwQiqY9bB7ewQYQ3zL, 2019-02-24 19:20:20, 2019-10-14 14:10:27
1441, NHo2bhJH7rVNoocROTxZ, 2019-06-04 01:21:00, 2019-08-24 20:28:40
1442, UnWVsuhERs2zEJbSgBYH, 2019-09-15 14:09:18, 2019-11-03 18:29:34
1443, xJpIHLTgbMUhGrTz4jNU, 2019-11-20 11:34:00, 2019-12-13 22:54:23
1444, BXhn650dyeOmplZozMmr, 2019-03-05 19:02:15, 2019-07-20 17:17:03
1445, 9EcxXYCKpcIBvd0eplNU, 2019-05-03 20:12:50, 2019-12-08 16:45:46
1446, 2Bd6bjNl0yiPW3VJk2zE, 2019-08-05 04:30:30, 2019-11-13 06:04:56
1447, Ge4KANbMYraui7N7zEZo, 2019-01-17 20:40:02, 2019-02-22 04:54:26
1448, YdNBQNpSAcN7xndcIGDE, 2019-01-25 13:52:38, 2019-11-06 23:02:03
1449, 2BTp5nZV3O9UbxVpoiKm, 2019-02-01 06:07:41, 2019-07-05 11:33:04
1450, l01H3yHQ8ixR6iovwHH2, 2019-04-08 22:40:53, 2019-12-08 02:11:42
1451, WsQsCFQyogtlfBfomq01, 2019-02-07 19:32:28, 2019-10-08 18:22:55
1452, OA0zmjaR2cFXSdQfgM4Z, 2019-06-01 15:46:47, 2019-09-12 20:56:20
1453, cGrWd6hg14w6aQNG4DuM, 2019-04-19 02:55:13, 2019-07-27 19:18:09
1454, RAUXlIRIKqo2aijZXNQN, 2019-01-23 00:56:40, 2019-02-21 07:11:19
1455, zEgExi1YH7OiJ6kLZsJz, 2019-12-02 12:21:14, 2019-12-10 08:54:22
1456, 322Ee99obWHHg269Qfa7, 2019-02-08 21:25:28, 2019-11-23 11:09:21
1457, 0yd2sHesLxBGS8SvjkzC, 2019-10-05 13:06:39, 2019-12-26 11:58:10
1458, kPCKdAFIqwOHDYsCsezu, 2019-04-26 22:49:26, 2019-12-15 04:55:55
1459, 4SulvYouxQsoJuDZo07Y, 2019-02-10 04:59:25, 2019-07-05 17:13:37
1460, yw9e6ImTdrIpZw4RJw6j, 2019-09-28 21:18:38, 2019-12-24 12:19:59
1461, jmrlnb5VGNmgJIpCtA0W, 2019-10-24 23:11:49, 2019-10-28 02:16:42
1462, PP4wR1H9TkZRLsNN6pXk, 2019-09-19 01:14:47, 2019-10-19 11:07:33
1463, Z6NRELthtdzu6EPozekD, 2019-04-10 12:52:16, 2019-05-06 20:06:01
1464, gXMzCv4HOaL0cjWL1P1g, 2019-02-09 17:10:10, 2019-04-04 11:46:56
1465, 3VCecoGJYnPQO3CFDDih, 2019-10-12 22:12:21, 2019-12-07 01:57:07
1466, FvO1k4kQ8fRcegKgprgy, 2019-03-09 10:55:38, 2019-10-20 16:01:17
1467, RC0eqMP0D3Wyw7JjXxU6, 2019-02-13 18:47:21, 2019-06-06 12:55:38
1468, yZOaNqR0WzWTwfLNbatq, 2019-02-22 01:24:38, 2019-03-25 05:38:58
1469, CZPyX7MvpsTbKTSCTwxR, 2019-08-09 13:28:42, 2019-11-17 04:16:49
1470, QDuDGwGjzOG3Zltxou6Q, 2019-10-16 01:39:33, 2019-12-01 18:20:18
1471, AZa7G2VQhGoEzRkPWchv, 2019-02-22 03:32:59, 2019-03-13 15:56:01
1472, KcHYwdToruvGIuNNUIvW, 2019-03-30 15:22:12, 2019-09-17 10:12:46
1473, TiqHC0wF7FOS721VDvIm, 2019-12-18 18:13:35, 2019-12-30 12:15:54
1474, hQ7CUslnjJu51Y8ZQuqH, 2019-06-03 14:14:06, 2019-11-01 07:17:31
1475, 0ZYpipzwkI9bN8WXUtF6, 2019-05-16 00:53:39, 2019-06-26 16:02:30
1476, 50AeuAyCWGoTdktyXSdH, 2019-12-25 15:59:24, 2019-12-28 09:40:03
1477, 6W5SMbA5rZfbWNNIMej2, 2019-06-12 08:27:52, 2019-06-12 18:39:01
1478, VJqK1rBVzrNIZQmfq3rr, 2019-11-07 22:00:44, 2019-11-22 15:57:18
1479, 8CbOFeCNX5oElIiPwZJx, 2019-02-05 10:27:35, 2019-11-15 07:27:39
1480, dKsy2pun75MZ7IsfTfLa, 2019-09-16 17:22:20, 2019-12-14 20:03:34
1481, YWXYl0yXB0I684qodkDa, 2019-02-23 17:00:21, 2019-03-24 15:01:33
1482, Tniinnqw3J9kXPQGJzKS, 2019-02-11 12:29:17, 2019-12-24 17:08:39
1483, BBwbCnnuGfxccEM4OZC1, 2019-05-01 04:55:14, 2019-08-02 06:57:08
1484, Yuinul1oaWVlVcAt2r1a, 2019-05-11 02:35:41, 2019-09-06 15:30:09
1485, tlLK7HBNlCFuAxHfFuho, 2019-02-22 22:20:53, 2019-05-21 15:17:38
1486, wtALOvru7Mjv0XJTjPkY, 2019-06-10 17:15:19, 2019-07-28 15:46:16
1487, XwMDBZGhGm2KbxdhkuBW, 2019-02-19 06:54:47, 2019-06-29 23:43:25
1488, J47ZbH97IWjWcfs1lZiI, 2019-03-01 05:40:37, 2019-12-21 01:10:48
1489, mfyoquVrx98bSfyTdJ7x, 2019-03-28 00:49:58, 2019-11-04 23:38:37
1490, t7YRAyW8zHLwbp0amna4, 2019-06-17 06:10:32, 2019-10-05 21:36:15
1491, sYr48XDK1TG1cN1VJdfe, 2019-06-05 12:04:37, 2019-08-11 19:05:47
1492, EyyBZD6D8QGhxxrWTDVW, 2019-10-09 20:14:05, 2019-12-10 06:41:19
1493, nSZcjX9p60fQrYVnrBsB, 2019-01-03 10:30:45, 2019-04-02 01:17:38
1494, 9aSs59pShhkWCj3yUAvZ, 2019-11-11 06:51:50, 2019-11-11 10:35:01
1495, xAZTdS6VBrP6FwrJ8mE5, 2019-11-14 12:27:09, 2019-12-29 00:59:11
1496, 0JmTWa1NVabjei3TS3Zf, 2019-06-28 00:46:50, 2019-10-12 00:05:27
1497, UxpgGMrxxLu1Mcnel176, 2019-12-24 09:14:13, 2019-12-29 13:07:21
1498, ppnkkSWghspnOPixV8oC, 2019-11-08 02:10:57, 2019-12-23 16:58:16
1499, Bwh9SspfI6ZJHDHRY6n5, 2019-09-10 09:09:36, 2019-12-08 03:23:20
1500, wEeO84CT2WIlnxaqkXVs, 2019-10-27 12:09:01, 2019-12-28 00:41:00
1501, MNrlkeQ0QpFBr0AStfSZ, 2019-10-15 01:37:09, 2019-11-19 15:04:49
1502, 1v5LPZeZDWiK8523hiYF, 2019-06-25 14:43:33, 2019-08-10 02:54:33
1503, lrrgCgb1yB7mvM4pwOOe, 2019-05-28 05:46:47, 2019-10-12 16:44:41
1504, ZaQf3fYYRpy8hQ7mB5ho, 2019-05-03 08:45:58, 2019-09-30 04:04:20
1505, Kdgn0wzXkqZpsTl3RpCW, 2019-09-30 10:57:36, 2019-12-17 08:46:46
1506, Sm5b9DwKUslOpqpSlbrE, 2019-02-12 03:40:48, 2019-06-04 00:49:16
1507, vwxF6pqxzIVEJWbZJ4tW, 2019-01-31 23:07:01, 2019-04-15 01:50:57
1508, nPiX3EI64IKetc1wI2iX, 2019-04-30 20:27:50, 2019-09-10 06:56:16
1509, 2jJlz1zutU93rfunXvas, 2019-09-19 18:59:07, 2019-10-21 19:40:27
1510, nLnLhivYvVz82jC5Wq4O, 2019-07-19 16:10:27, 2019-11-22 04:48:41
1511, K2DVWKky4hGA5uphjLL3, 2019-06-15 09:01:53, 2019-09-02 19:02:07
1512, lcYIU0nJ0pFv3WTXN0Zb, 2019-05-12 08:39:43, 2019-10-10 02:45:16
1513, rtTeiOqQl8SZ1XDvzts3, 2019-02-25 01:58:11, 2019-07-06 05:22:46
1514, lrYwNUefXNW0JySjabsx, 2019-03-23 09:55:03, 2019-07-26 09:20:41
1515, 63nyXqHflbKFyHnAYKg6, 2019-02-21 17:49:01, 2019-11-11 04:46:35
1516, pXmjlyyL8ElLYnyPHqTY, 2019-12-15 15:01:31, 2019-12-17 06:35:02
1517, HkVQeOm69c6sgUxV6mF7, 2019-01-10 13:52:22, 2019-10-27 23:11:21
1518, zA3C6GNotZFIdwFgpJrR, 2019-03-03 15:32:50, 2019-07-21 21:08:41
1519, Idp3RJLJJy4vv5dejC2s, 2019-03-08 00:27:25, 2019-08-21 16:07:14
1520, O1UTV6b5ot2T6WagE0bT, 2019-03-18 19:30:51, 2019-08-17 10:45:32
1521, pZA36nZLUBUXM188b3Ey, 2019-01-26 06:00:01, 2019-04-09 19:51:17
1522, CQ0WIFVKYzq6CWVHQ6vg, 2019-03-17 20:58:59, 2019-09-12 07:58:56
1523, bxwwazNQuMXvCGNqeoff, 2019-09-12 00:40:06, 2019-12-29 21:49:20
1524, 1cyGsKYtq6pIZ5YOpa8D, 2019-08-23 22:41:36, 2019-11-09 19:32:41
1525, q0BPiBaRKhlK7cmOKjtE, 2019-01-15 01:02:01, 2019-07-11 10:22:59
1526, PMzBMQ63Q1gGzuwofcHE, 2019-03-01 11:47:28, 2019-08-22 16:36:30
1527, JY1bCCQMigpEMN2YCrYB, 2019-06-10 16:19:48, 2019-10-12 01:45:04
1528, q4zQhzcCVeNnNqvzQi8g, 2019-06-19 10:14:43, 2019-07-21 06:40:12
1529, RUBb1iYWsywHLMGITCI3, 2019-03-13 04:44:29, 2019-10-15 19:43:39
1530, 8yMNL0GJu8dI9x7RjjUY, 2019-05-04 10:33:27, 2019-06-07 07:03:57
1531, PiG4ry7pbnJbYQh1QyNP, 2019-06-05 22:53:26, 2019-11-27 22:11:07
1532, lLXtchDOuwLooY53AaHF, 2019-11-12 21:46:42, 2019-12-21 00:14:40
1533, 7iIdZ8jSmV6zp8hmChgt, 2019-07-21 09:54:47, 2019-10-20 00:11:35
1534, WSKNyvWtVzhDMCbGv5s3, 2019-10-14 10:35:54, 2019-12-29 20:33:49
1535, NtqrGTub65oe5RN7KuNs, 2019-10-13 17:54:54, 2019-10-27 00:46:42
1536, t03VituwXPyv1cKav12Z, 2019-05-05 11:19:40, 2019-11-01 18:26:48
1537, 7Gvz5oXV7okljYxuo510, 2019-06-08 09:53:27, 2019-12-24 13:01:00
1538, GFdJeWlSOcc5y7wue3eo, 2019-02-10 21:02:53, 2019-10-26 19:56:01
1539, ESBQkL8Xvh4YQ1iFKKdn, 2019-09-26 14:26:21, 2019-10-27 06:36:52
1540, 4Fpe8VAgCZmhNKWX31MO, 2019-02-16 02:22:59, 2019-06-21 09:44:49
1541, opVDU0DcufbdUpJ53sMC, 2019-03-01 22:31:35, 2019-10-12 20:25:17
1542, zqb4yxMT6NJTw1fnnCPX, 2019-04-02 20:39:01, 2019-05-12 22:15:23
1543, CmP2F9Z6YrmHEENGVQrx, 2019-09-30 21:08:51, 2019-12-15 11:42:32
1544, K0OW7fUweOgEfrXCQd5j, 2019-07-18 22:20:33, 2019-10-10 22:34:54
1545, UUiI9iF1dfoehF5I9rGD, 2019-03-30 16:10:44, 2019-10-01 01:12:56
1546, RRRhRMw6oZb6jPobaBuT, 2019-08-27 01:55:07, 2019-10-02 06:30:05
1547, J9iqGyqw0wc4CmQw3OC1, 2019-03-11 13:12:56, 2019-06-07 06:33:09
1548, J7ppqDxqZJa0GhDClVOV, 2019-06-21 19:08:29, 2019-07-08 07:41:16
1549, GhvNzKomTxYcZz7Uo3z7, 2019-04-25 16:50:55, 2019-09-05 23:21:12
1550, 8TJPvM95JvxtrLOhYNSJ, 2019-10-30 09:34:36, 2019-12-10 02:53:30
1551, mJ07TIQtDattzlQ6vfNX, 2019-06-10 16:35:16, 2019-10-14 20:01:32
1552, 8IdlfF20teYyGByqutyd, 2019-06-23 12:09:41, 2019-09-20 17:05:52
1553, KvBUQKphFp0h2dYOIt7I, 2019-05-25 19:12:00, 2019-11-27 02:42:48
1554, RQS1kOC74D4sq8NyNCSg, 2019-02-22 12:33:16, 2019-06-28 02:27:28
1555, 6rNvg1fcfEf88JV9cCGd, 2019-11-02 19:34:12, 2019-12-03 12:01:37
1556, uHatJZ1zoCkk30nKCP2N, 2019-10-16 11:17:27, 2019-11-13 07:01:13
1557, bLgvZwSUpuvIIBopbpGx, 2019-05-23 07:53:59, 2019-12-08 17:26:59
1558, pf0FyJZB6p2KcWj7GDsH, 2019-01-02 11:19:46, 2019-05-14 14:38:01
1559, 3pYijKHvcrhIGXllpe6f, 2019-02-08 19:39:55, 2019-06-17 01:11:00
1560, kTswJRAsWFefV080Zqgn, 2019-11-26 04:29:17, 2019-11-29 06:16:24
1561, 20wNyLrCRkgqIW9LnJcc, 2019-11-04 08:04:41, 2019-11-16 05:16:49
1562, dtUP1cOYRFBCLqtF8RBv, 2019-12-14 00:37:12, 2019-12-27 13:20:51
1563, pVCZ1sIXT0lHCrb2PhKw, 2019-07-18 09:11:14, 2019-12-05 22:33:22
1564, gSk08FqAoiOmE08i83dx, 2019-07-30 18:06:17, 2019-12-27 08:11:13
1565, HhLUAfXh7tCOvYzj2JY2, 2019-02-15 16:30:40, 2019-09-08 11:36:04
1566, XLvpBxmY5HJev47JFC2e, 2019-05-24 12:18:48, 2019-07-01 10:49:24
1567, 8oHrgEGMdjNgnU0XQmu7, 2019-08-27 12:17:16, 2019-11-25 12:33:39
1568, GXJ42BIjFzp1bDBx3sXp, 2019-10-26 06:59:27, 2019-11-13 23:23:13
1569, vIginlKd9Ol2Uitf3Qp8, 2019-05-17 08:55:00, 2019-06-07 08:50:53
1570, JHIyFSkU6NRisOEWTKmm, 2019-10-23 15:29:26, 2019-11-19 12:59:47
1571, MTlyzXThDXmMCKNMtW9f, 2019-07-05 17:21:11, 2019-10-27 13:49:46
1572, adwRaKotaRUV4MiBH5DJ, 2019-07-22 03:05:44, 2019-12-11 12:39:11
1573, rywpwUXw38ngMWyalFMP, 2019-12-17 23:09:58, 2019-12-30 04:14:47
1574, 2xEqPINdc6PlIyuiXS4W, 2019-06-19 16:16:38, 2019-08-19 07:11:28
1575, NTfeJXS7QglpIANqAasd, 2019-03-17 01:12:14, 2019-12-30 09:48:32
1576, 65aTWCfFHwAwYWh5gPHM, 2019-05-20 21:48:30, 2019-11-16 21:25:47
1577, YVfYAnuSDMbkhYU1oYu9, 2019-08-03 02:58:44, 2019-08-14 22:14:07
1578, VpHXnhqxPa9GE6qe2OhC, 2019-07-17 08:38:10, 2019-11-14 18:45:51
1579, dxzP3gt4b4alCY5cl1Sh, 2019-09-16 20:39:13, 2019-12-13 08:42:11
1580, 9QWX8Dd3OkjYniAElQVh, 2019-09-12 21:12:52, 2019-10-20 00:54:38
1581, ts5ChNec4k2wmix1nGcj, 2019-11-15 00:14:22, 2019-12-22 18:36:34
1582, kyU35KZUB9M1pkJ3XSel, 2019-06-23 01:19:02, 2019-12-03 11:03:30
1583, cIC7KjzbViicWVJpFSdC, 2019-09-07 00:57:29, 2019-10-16 21:43:40
1584, 1i3zT1CjyNcAIwFEwnpX, 2019-07-31 23:05:39, 2019-10-02 04:57:13
1585, dtgyyRzAd9KJVcWn40IP, 2019-07-24 15:36:20, 2019-10-05 19:47:06
1586, dRYzeOa67kOmj0GNuuSN, 2019-06-19 22:33:58, 2019-09-20 05:01:12
1587, 5LPyeiZtL7PWRiPgNODU, 2019-08-27 02:08:55, 2019-09-01 10:46:03
1588, u2jitoWuIsxzX4FecQdo, 2019-07-05 15:04:45, 2019-09-04 05:46:29
1589, 66kyjGWzXOKWZ7UP6Had, 2019-05-26 15:31:35, 2019-09-23 07:08:47
1590, hM76dDdK1uzAHCpZ8pXm, 2019-05-06 09:08:07, 2019-06-23 12:57:19
1591, 2HjqhYMK2RRtQzDmgyfJ, 2019-03-18 17:20:08, 2019-10-26 10:40:41
1592, 1WIB7LxWNzruGiMpdr6Q, 2019-09-24 06:39:15, 2019-10-05 13:15:59
1593, NX26WehHr3tYjXGYRglJ, 2019-06-30 10:45:34, 2019-10-17 18:14:37
1594, bEtHeDHPgywMXvWFmHTv, 2019-12-28 22:03:58, 2019-12-30 08:17:10
1595, iKKgdMYdzaK4jCGYFB27, 2019-09-19 16:02:52, 2019-11-06 09:29:56
1596, nMZDfUe2b4JbQwlSATO3, 2019-01-05 16:31:57, 2019-06-06 16:23:22
1597, e9uCheegOE7YxZ5UYAvE, 2019-10-31 22:11:51, 2019-12-20 08:44:52
1598, JqT31pwrz3XKWQHWPxRy, 2019-12-07 17:49:04, 2019-12-25 21:59:25
1599, 7UZdafqUCaeRdpu5KaF2, 2019-09-20 14:57:20, 2019-12-02 07:55:40
1600, P8tqnpzTqKjF2uInZI49, 2019-07-04 20:09:30, 2019-07-19 09:46:42
1601, kJWLaNpiG7vdtY542XyM, 2019-04-01 11:31:55, 2019-06-24 23:22:16
1602, fFT2ici2SwFOBAQhucfr, 2019-02-08 00:01:24, 2019-03-03 16:04:06
1603, JqPXylLTuhXE30BCg3AV, 2019-12-10 21:25:37, 2019-12-12 02:55:27
1604, v0oWQd29vxLA1PJx82aR, 2019-01-22 22:53:58, 2019-11-18 07:06:50
1605, aEQFlbENP8FSbM25T9Rc, 2019-03-17 02:53:50, 2019-05-11 17:22:45
1606, VwpnewvLiNDA0fH6cTab, 2019-10-11 08:09:14, 2019-11-17 20:33:16
1607, aykXOFbTIDY6BL2AW16Q, 2019-07-19 22:29:07, 2019-10-18 07:06:36
1608, hbPhrOuLehIs4Zio9N8w, 2019-03-02 15:42:44, 2019-08-03 01:27:31
1609, 8SlDSqYNe4th4XbHUcHM, 2019-02-18 10:56:30, 2019-03-18 21:58:54
1610, 91bh6ixW1L11yEcXg4Wp, 2019-05-08 00:36:32, 2019-08-22 13:39:41
1611, 8bzBh4L246b1MTHBSfuP, 2019-08-06 17:33:32, 2019-08-13 10:36:43
1612, qZyLakWjbK7HL5XP9wAb, 2019-05-14 03:21:48, 2019-09-27 03:29:47
1613, iitnkg9a9QnC3nq4qdWE, 2019-09-12 07:24:50, 2019-11-23 02:55:25
1614, BvnvxGHscrvhnjJRt5rS, 2019-02-17 09:29:02, 2019-03-12 10:13:45
1615, mW60ck1wjHTlxV89bQz8, 2019-09-01 01:39:37, 2019-09-23 08:45:25
1616, zA3xVx5ia4qcGNLNG39C, 2019-06-07 19:45:47, 2019-08-02 08:22:19
1617, tD3nbFSZjFBbzUedg78N, 2019-07-15 10:16:07, 2019-12-30 14:58:37
1618, aXczjS5XZMBsT80TzxU7, 2019-10-31 21:48:40, 2019-11-04 14:27:47
1619, ZgDB7Stlvk6Rcu2DztQ9, 2019-03-07 12:04:45, 2019-06-03 01:29:14
1620, iix8APBy6lv1o1AByLgP, 2019-03-03 15:23:23, 2019-10-02 10:40:23
1621, u7QJiZ8xzWW7A8mL7h2u, 2019-07-11 03:05:26, 2019-11-19 19:00:49
1622, jGdRcKcStSrxwFN7vCcz, 2019-05-09 12:59:05, 2019-11-12 10:25:58
1623, 1jGIFXo00mGyKmo09dlb, 2019-09-06 03:47:22, 2019-11-16 18:38:50
1624, j4YevXsjoVh5dAb5L373, 2019-04-20 06:50:04, 2019-04-26 18:33:12
1625, 5Nw6NDDptM8faOE6wkRG, 2019-12-17 07:44:14, 2019-12-28 02:19:26
1626, ThkPUGsr5mzsnMeYhxF0, 2019-01-17 18:58:13, 2019-09-04 06:26:56
1627, dA2mA7Sm7qsZqdXJS4jW, 2019-01-25 09:52:36, 2019-12-02 00:53:58
1628, IRvEKDbJfntCNFEJZe9W, 2019-12-24 16:06:51, 2019-12-29 20:26:09
1629, 7pj3FecCEHtfAbjWTlKd, 2019-06-24 12:33:51, 2019-09-24 11:02:07
1630, J1hyULTgrO160jvIVwjE, 2019-06-22 08:16:44, 2019-10-20 18:25:54
1631, jVpFckXDjJcTmeW6mVOm, 2019-06-22 04:22:58, 2019-10-21 10:15:05
1632, Jz9DZaT7cbtiDlGagIMX, 2019-02-03 09:46:43, 2019-04-05 11:02:51
1633, nmWGXa3HC2vrgBKkbVKx, 2019-12-18 03:29:42, 2019-12-23 06:10:43
1634, ozn4zj1h2fomU09KIUgz, 2019-04-15 13:24:30, 2019-12-18 16:09:44
1635, GjkWWZXSE33nIYndwIBT, 2019-03-28 14:24:51, 2019-06-03 08:00:32
1636, c5b4HDC4OavexwpoKjdG, 2019-07-27 03:54:29, 2019-10-19 17:28:28
1637, 7PdSzdZiIZ3xt42NMTOF, 2019-03-05 03:54:57, 2019-12-23 19:25:28
1638, bj4fISOEegsixFmg6BiS, 2019-07-06 13:30:24, 2019-08-18 15:55:10
1639, p8VbPGYSl9dpk1XqQKmf, 2019-08-31 22:34:13, 2019-11-19 22:38:01
1640, bgW12cCE7QXFNmkNySko, 2019-01-08 06:14:16, 2019-02-02 04:55:20
1641, JInwi2rt32rd3oJ40zVl, 2019-01-28 23:00:24, 2019-04-18 01:42:53
1642, nP5s3o6nAPSoVwUZwKpL, 2019-01-28 04:45:14, 2019-06-14 05:36:09
1643, 3rLKcta0yBvJS2jj9Z6N, 2019-01-27 19:03:14, 2019-10-25 06:04:02
1644, vZIKEJd7jsTVS4IjS3kn, 2019-10-17 05:37:19, 2019-10-24 05:28:29
1645, G14KshVplwImUhVrSAbm, 2019-06-06 08:30:47, 2019-11-22 23:31:09
1646, i5KP600zS3a9eBZu5CJ0, 2019-09-08 23:35:52, 2019-10-13 19:38:35
1647, 6UXrtrtEPg48YGDUN7u8, 2019-03-29 19:14:01, 2019-10-02 22:41:33
1648, zKLhHOcW5qSekwZVso5S, 2019-08-19 22:51:59, 2019-10-05 01:41:01
1649, YVpEx2PxFjvPtFIJ7Evu, 2019-03-27 09:43:43, 2019-09-13 22:53:50
1650, rhLXmVhs8acOpMcd7j41, 2019-02-23 23:32:53, 2019-07-17 23:07:05
1651, PfbJiQXfhObuvAE91xe7, 2019-09-07 07:46:12, 2019-10-11 21:58:34
1652, 4wIVdI446zwamUTdpI6o, 2019-04-23 04:00:40, 2019-06-29 01:46:11
1653, T8esUTCAoHKpO2BINoNo, 2019-09-08 08:23:15, 2019-10-24 12:17:21
1654, IVEByldPdUfQBMRQ8c6e, 2019-02-10 04:15:34, 2019-12-05 04:39:48
1655, Um9cIYkn9FY7ot3FQKN2, 2019-01-16 22:43:01, 2019-01-31 13:23:57
1656, RtlKahMLKGBdTvGQb7SL, 2019-02-16 19:31:58, 2019-04-26 10:38:43
1657, 3iE0LDXDgeONHGse3PVE, 2019-09-25 20:25:17, 2019-10-12 10:28:18
1658, HMW1W6Nglfm4mW7MMi1v, 2019-12-07 00:25:21, 2019-12-17 23:12:39
1659, VvkMCizyuXSZM1YLoaL5, 2019-02-02 05:09:39, 2019-10-17 16:00:35
1660, WeDYhafARUFQBa014VGc, 2019-02-27 10:27:30, 2019-09-12 23:03:58
1661, JTM7j3tKiSRDggBtZwCL, 2019-12-17 23:37:03, 2019-12-19 21:22:35
1662, oq2GdG3YjDCXamQzphWc, 2019-03-12 07:06:53, 2019-07-28 01:52:04
1663, W1tEl9b1Gt58P9wKkFgH, 2019-02-22 07:37:19, 2019-12-20 01:26:28
1664, Cm9HQc9ENoHfmUZoPIQX, 2019-07-29 17:42:05, 2019-10-18 07:18:49
1665, viqipWb0KOdMIKaN0H6S, 2019-04-01 08:40:01, 2019-12-08 00:34:20
1666, AqKD1uA6xBOgffT5Fxsm, 2019-07-10 14:07:44, 2019-08-21 21:12:25
1667, sNrUkEakcvCDIZHtBasS, 2019-08-05 14:48:02, 2019-08-24 18:20:37
1668, V8vyrij0Ssv63HNYKQGN, 2019-12-03 07:44:55, 2019-12-13 22:46:08
1669, U6uWxRvIVeFimdgCuzph, 2019-04-29 11:06:52, 2019-06-07 14:22:16
1670, p2DpcjeE6RAn1xcs5LLY, 2019-07-21 03:15:15, 2019-10-27 04:44:01
1671, QOtWW5SeReYAprAbP5vA, 2019-01-03 02:42:48, 2019-07-02 11:38:20
1672, XHDvOwUteu1YaYkPSnrk, 2019-12-26 19:56:07, 2019-12-30 07:38:40
1673, 79rBrlcQlvC9MtiCcc7j, 2019-03-12 17:08:52, 2019-09-21 21:24:18
1674, IMNUihE0wABXT8kPAGun, 2019-08-21 21:22:21, 2019-11-04 11:24:56
1675, vEsH61rqo659R9oUUiEd, 2019-10-20 15:48:22, 2019-10-26 15:35:00
1676, SNtMtY3DQqvZTWdI9bBD, 2019-09-22 23:19:07, 2019-11-23 23:59:29
1677, 1kO09j1w4kMbS7hhFTDl, 2019-03-30 11:34:04, 2019-12-07 18:04:29
1678, VjTorKE5kyU4N5hGjveN, 2019-03-15 17:19:31, 2019-10-20 11:34:24
1679, pVTArVD8VYELpkmFmBk0, 2019-12-07 17:21:47, 2019-12-15 21:36:53
1680, Sy3S5UIcpql039IKipuN, 2019-09-03 09:50:10, 2019-09-20 09:22:30
1681, nZPPtbhz3slUBrA1nwk4, 2019-05-22 08:34:55, 2019-12-18 15:32:15
1682, waynY4QsBWRfyds05F1F, 2019-09-30 18:17:40, 2019-12-09 16:17:26
1683, 4DWMrVaLJSzRXShrPns8, 2019-03-26 14:39:34, 2019-08-28 19:48:07
1684, oMIxdP40Fhd8e6rMUOla, 2019-11-29 05:58:33, 2019-12-16 03:10:09
1685, DEcwjP1vp1GVTV5oG5zQ, 2019-09-08 03:18:31, 2019-12-25 01:37:12
1686, Qeng7jlB5s2KE0RL5XAd, 2019-04-25 09:53:20, 2019-07-24 10:27:27
1687, Mpl7KetLf001kDR0Dn7f, 2019-09-18 19:40:25, 2019-12-21 03:38:06
1688, ZiIVB75djl5Ep1FKOWMz, 2019-11-23 14:08:51, 2019-12-07 12:27:35
1689, 1aAwonr5vaPHSmr2Np5G, 2019-05-04 00:41:18, 2019-06-20 23:59:34
1690, ZpP7ZwRU5CZdavN3FnGj, 2019-01-09 22:48:20, 2019-12-08 13:28:15
1691, n81a9ePptUdcG6tvyFOF, 2019-09-16 09:09:05, 2019-09-24 09:36:55
1692, khVIUQcNepBL1C5vXLi2, 2019-12-12 14:21:34, 2019-12-20 20:37:46
1693, 5eIIKHQMdJ6849SAqCep, 2019-05-31 23:42:44, 2019-07-23 14:28:00
1694, dSzZwZZofv6770RpN8M7, 2019-07-04 03:02:35, 2019-10-21 23:06:14
1695, 6uqxln0L4FBFUsq1eRsk, 2019-12-23 06:17:56, 2019-12-29 03:52:16
1696, bznzCjBSd3zabZZ2Zu0a, 2019-11-06 22:17:58, 2019-11-09 18:25:41
1697, 4xPKi159enVWGsl1Dqjd, 2019-04-05 16:49:19, 2019-06-18 06:42:46
1698, lxWR3ra88uMrY2KwuFb0, 2019-12-22 08:40:20, 2019-12-30 07:03:18
1699, sDYifRXQY67Qjp5TzYai, 2019-04-23 15:35:56, 2019-10-12 21:19:56
1700, 6Q40ogbZ6rJsGiW38XKv, 2019-11-29 19:41:24, 2019-12-09 15:56:25
1701, mwG5YqrnGdChDiezek7H, 2019-04-08 10:28:48, 2019-12-11 02:14:13
1702, DxM9SZmtJwv6oi7DSXSE, 2019-11-21 12:35:33, 2019-12-25 13:24:55
1703, zW75OZAopsgqixXJoeZ2, 2019-01-22 00:54:27, 2019-09-10 19:27:08
1704, 4qkM7oLg2uAMvHXXPkpo, 2019-05-26 08:29:53, 2019-07-28 09:53:14
1705, aQ39wfuVmyioxCUV8HWk, 2019-07-25 09:19:13, 2019-09-23 00:20:08
1706, vT7kQyFjC48uRyU4Bwe3, 2019-09-24 21:12:57, 2019-12-16 22:05:13
1707, 7kVfDja9oluSCN0XRK6d, 2019-09-29 16:39:06, 2019-12-18 11:52:41
1708, bgJRXqfidKBQWZcQECgz, 2019-05-27 05:18:25, 2019-12-26 00:31:30
1709, 7GYX5xGWox5ODxQaPK9f, 2019-05-26 23:46:11, 2019-12-03 00:38:51
1710, SwI4xmEGtbNDszAsGVvc, 2019-07-03 06:17:14, 2019-07-23 03:27:09
1711, OVtYHPbY0igam1av48eS, 2019-09-27 03:33:11, 2019-09-27 16:05:44
1712, WPgUSVMpz3owyOpUiJ5v, 2019-12-14 07:45:34, 2019-12-27 13:12:11
1713, Pqzv8k1r2MvytfA3x7z2, 2019-07-05 12:19:22, 2019-09-07 12:07:01
1714, DqrOQoDgFAuRjt5p46UX, 2019-08-09 00:02:47, 2019-11-04 17:09:17
1715, KM7hVSQSDua7oGd4ntam, 2019-02-28 15:22:54, 2019-03-05 06:35:01
1716, pZb9vyycTg4Tmf1gwQzC, 2019-05-26 05:21:10, 2019-06-13 18:36:55
1717, apaJREPatNg4fCBC8b4u, 2019-10-06 22:18:17, 2019-12-02 08:05:16
1718, p7fW6GnUeWlFDa2ImGbW, 2019-11-18 07:15:24, 2019-11-27 01:47:55
1719, wbJjvyWT1Gqi9nlE8y6Z, 2019-11-20 02:11:29, 2019-12-16 06:31:46
1720, 0kz6bgEJLDUocgooFPjE, 2019-03-29 00:29:29, 2019-12-29 13:43:25
1721, xp7Zs5UNvLaIq3JkmgHZ, 2019-03-16 12:56:18, 2019-05-07 17:33:24
1722, y8PF2qks7KbQFJbwgMJG, 2019-02-08 10:06:23, 2019-08-30 19:55:01
1723, gMuyXp2ARdXr8VBkDVz8, 2019-02-06 08:12:47, 2019-03-01 17:26:57
1724, hNBJclHXG2XEsNVmZdcY, 2019-06-10 11:48:50, 2019-10-02 15:49:33
1725, waRGR1IVIwxwh6YghyuF, 2019-05-29 16:32:06, 2019-11-16 22:26:20
1726, 7oOW29RxF33QPOK1ggh0, 2019-06-08 14:40:42, 2019-11-02 08:28:01
1727, NPZmV2UKUeUD9Gc2tenF, 2019-11-15 02:31:05, 2019-11-20 07:15:10
1728, x8uJowBU9uyx0YXZ1tbz, 2019-02-19 02:25:34, 2019-07-12 12:44:02
1729, glte6KK3R8zdDNT9lgWd, 2019-12-08 03:25:50, 2019-12-11 15:48:02
1730, mzairhcoEMmTcOIjLIXt, 2019-05-24 23:20:08, 2019-06-02 06:12:12
1731, 1NXK66htQAZjpwKMos5L, 2019-11-02 12:17:23, 2019-12-21 09:36:27
1732, ojhFRIfwwIUzg9RV9Hp7, 2019-07-24 13:55:52, 2019-08-31 10:44:04
1733, tQ08FG4I9B3hjUIrTlz4, 2019-09-28 19:31:26, 2019-12-17 15:52:23
1734, kCwtSJTxj5CztIt6jSyS, 2019-10-02 07:24:08, 2019-11-22 18:54:03
1735, OgHZIEl42JeVwfrwuIj3, 2019-06-29 16:01:37, 2019-07-28 09:15:33
1736, pEWIo7lHnI7oh8lPWHrO, 2019-09-07 19:23:38, 2019-11-15 19:47:47
1737, wW6DWBG5Go3ChZF6ytgL, 2019-01-15 14:55:05, 2019-04-07 03:34:16
1738, pzGtv1SPyHGaljeiQT56, 2019-03-15 06:24:49, 2019-04-03 20:38:47
1739, wqTtM2qyNaSk8dtajaf1, 2019-04-15 01:59:52, 2019-08-12 03:46:40
1740, Lzz5w8TaTh4WGfinffNW, 2019-01-04 22:46:41, 2019-08-12 14:17:22
1741, 3N4yf5Y6v5nQyluOjfWx, 2019-01-14 03:00:47, 2019-12-24 12:40:50
1742, cQnTGi9iLiRRf2tsMHuD, 2019-04-06 05:22:58, 2019-07-14 21:17:47
1743, FS75P2kPKdXJmgsi2aqe, 2019-06-01 09:09:53, 2019-08-20 14:12:27
1744, jJljNtNsbcR7R1FBx8Nm, 2019-11-19 01:12:20, 2019-12-06 05:14:17
1745, wi5o92rFKSV8q2gnurap, 2019-11-20 02:32:54, 2019-11-28 15:02:24
1746, px6jQIYi79qta0MWJmy5, 2019-02-15 12:40:55, 2019-06-21 03:16:59
1747, ro6X0kIyB69zrqdemAMU, 2019-05-03 11:24:48, 2019-09-23 04:27:01
1748, 45dAXj0YNQY7HhXOvT6r, 2019-07-15 16:42:44, 2019-10-03 20:46:11
1749, OeHIiH0B3Y1zYnPfVjOJ, 2019-02-15 07:58:34, 2019-08-12 22:29:41
1750, t9yiTugSS5hLBZM6Ic4L, 2019-07-11 02:53:24, 2019-09-10 21:21:53
1751, sbDzikUu9yiR4TSRz3HE, 2019-01-13 18:01:03, 2019-07-17 14:45:16
1752, HaEd0cCdYIhc3mAy49Ch, 2019-11-26 08:28:21, 2019-12-05 10:43:31
1753, SFNnQFbqfqYt7nkuL4g5, 2019-05-01 16:44:28, 2019-07-11 16:55:19
1754, Xm0xGXCac5EYdfnSnqTw, 2019-08-25 04:52:41, 2019-11-19 14:08:13
1755, xG7abj29MJCs2MH3hFTm, 2019-01-23 16:34:58, 2019-12-22 23:43:23
1756, KV17hoN5fE6npTw28OaT, 2019-05-28 16:22:37, 2019-07-13 16:30:18
1757, Otoz2vJXELu6W2tvizDA, 2019-09-20 03:23:26, 2019-10-23 12:02:09
1758, TORZ355pwUMsqDbxr9La, 2019-11-11 20:44:01, 2019-11-28 13:57:01
1759, V1PBRWIes7lEbLfvzkdM, 2019-11-07 19:18:20, 2019-11-25 13:01:01
1760, GWH6NRIUv9X4G119Qr2f, 2019-11-28 00:36:59, 2019-11-29 01:58:47
1761, vzB4T8k0igt4mMDGSPho, 2019-01-12 05:20:25, 2019-07-03 21:42:24
1762, u5uY98vdWmvdeKxBCpHz, 2019-09-17 09:40:08, 2019-10-20 10:19:00
1763, 6cLOHzCl8IsNgVf4OSQh, 2019-02-28 14:15:49, 2019-08-31 15:12:56
1764, X4zNjam1V0auAY4NOQBr, 2019-03-15 08:50:17, 2019-10-27 11:53:34
1765, sXXpsi6f1JQ2RjhNNShR, 2019-10-12 04:26:01, 2019-12-11 22:52:46
1766, btgozdqk4lxaa9F5NviJ, 2019-12-13 08:02:03, 2019-12-30 08:19:52
1767, g5ej57elWEdsubiFp0IC, 2019-01-30 17:05:08, 2019-10-05 05:58:33
1768, GYVjqDSg4yir7Eq7FrJc, 2019-10-01 01:31:37, 2019-10-07 14:45:14
1769, 6TJnT0aWhEJxyeGc9UhA, 2019-12-03 22:01:05, 2019-12-30 22:11:17
1770, eZ0kvtCHIx1B6fAlHMOi, 2019-10-07 21:38:12, 2019-10-13 00:55:12
1771, 4H35HiRz54r9pjcDpI2m, 2019-01-16 12:57:40, 2019-02-08 23:31:01
1772, F1mLzHjp2w3dcmSEd8XN, 2019-10-14 03:16:29, 2019-11-28 01:17:04
1773, vQFCDCxbTbJXjiPpKxPy, 2019-07-05 21:57:07, 2019-07-17 09:50:54
1774, xrKk2C04bmIYZVqoJqo7, 2019-10-29 05:00:11, 2019-12-13 11:32:11
1775, uxqj5WDz8eiEfALPmdMB, 2019-01-21 21:46:28, 2019-03-02 22:54:18
1776, XsbwNdGdQCOjI0XPXXzL, 2019-04-03 07:40:22, 2019-11-02 21:46:36
1777, P4BE9p0klC3teWvFXmTi, 2019-05-17 19:27:00, 2019-08-14 06:32:33
1778, KWnGGKqIJlR0dwFxaJ6S, 2019-04-20 05:34:32, 2019-09-08 17:04:53
1779, EuXr1G68MIJkcvtlmCph, 2019-07-23 01:05:48, 2019-11-30 13:06:39
1780, BY9IcxCyQkkkQdJY2TMC, 2019-01-02 23:36:33, 2019-10-16 05:48:35
1781, aBRyUEL7ajDe0QSZvJQJ, 2019-08-11 21:51:57, 2019-12-17 12:43:57
1782, WgknzPBBHzFEOowRI3gq, 2019-12-21 20:29:48, 2019-12-23 03:40:33
1783, hgtnbsmfubLmQBGxGIxz, 2019-10-08 11:20:19, 2019-12-22 04:17:58
1784, AfhrGuZ441eTirdYnSqc, 2019-06-23 04:08:26, 2019-11-13 13:51:01
1785, vDzcB49vwu9K27DJbRCx, 2019-03-19 18:08:27, 2019-07-28 06:19:34
1786, 8lJVka6UNW93Kt9SmO9X, 2019-09-13 03:57:59, 2019-10-10 18:50:47
1787, D3mHVBNPfnU8W7tSJBGe, 2019-06-03 12:34:42, 2019-12-17 00:18:09
1788, 0BnCeQGWAhn5yU6NvhO6, 2019-03-25 02:35:24, 2019-04-07 04:45:21
1789, 4s4hQwDD92prJ5aDCKrG, 2019-11-10 13:39:38, 2019-12-02 10:56:23
1790, jpKuYlKwrpJgxMoLm4WT, 2019-09-14 14:08:00, 2019-10-14 08:24:00
1791, GvGZ8FGzFlltNSPyrEKb, 2019-10-16 06:11:50, 2019-12-09 11:04:18
1792, c3y6zvXwBeyylOUmedCB, 2019-07-17 07:50:30, 2019-09-20 13:20:30
1793, SQBSs9giyyb0pn1udkza, 2019-10-05 06:08:40, 2019-12-24 10:34:43
1794, JgvgaOLcRxQk9r6WwcKm, 2019-02-26 23:00:52, 2019-10-24 17:30:22
1795, CjE0xCxQ6wxcd7G5Ssxm, 2019-04-11 17:58:34, 2019-08-24 11:51:43
1796, u0xHHInh0MwAxUcNWAA4, 2019-01-09 10:09:21, 2019-06-16 22:55:55
1797, q6mnFKmi9d8t3Gng3yGm, 2019-11-10 20:08:35, 2019-12-06 02:49:50
1798, HK9MGaZ8JgMCXQT6hy5B, 2019-12-02 17:36:15, 2019-12-07 17:36:58
1799, pbPa6TTa2PrLJxeGscIS, 2019-11-11 11:48:44, 2019-12-22 04:41:23
1800, MHaMyA6sruwvV9EGR44t, 2019-01-10 18:55:30, 2019-06-18 05:23:33
1801, X6MyL0IXbyKdEYG9LqEM, 2019-03-21 21:59:14, 2019-06-08 23:38:38
1802, JocSKcvHvpbGIwk3BUm0, 2019-10-15 03:54:13, 2019-12-15 18:50:59
1803, 1qIFY3T636IVdEnEf4O9, 2019-12-07 11:39:09, 2019-12-07 14:46:28
1804, FGC92cew0w59W1R8dwco, 2019-12-04 09:13:28, 2019-12-24 15:12:25
1805, HM7UYZ9a5aXPYbwL9Cx6, 2019-03-28 05:51:00, 2019-04-10 23:00:08
1806, mpCnHVlXC1OuXOJGnRO9, 2019-02-28 15:40:35, 2019-09-02 19:31:10
1807, IyfzZJt6NSolDftqdY47, 2019-04-06 04:30:19, 2019-09-07 13:57:49
1808, bDViD2URxZ5uoQwrRqdI, 2019-04-10 00:00:07, 2019-11-23 12:25:19
1809, 9BSgCiC0Pi1eEA2F7TWs, 2019-06-28 01:15:02, 2019-09-23 14:53:51
1810, aBSZyzwOpJaJQYRtGXJ1, 2019-10-06 16:02:35, 2019-12-11 19:23:26
1811, CLuyhwxgLcAyhAUoorHJ, 2019-01-27 21:37:00, 2019-09-30 21:00:40
1812, ncvYfTNijnWKDsgKzQ3T, 2019-09-02 16:01:57, 2019-09-27 10:55:15
1813, ARE5y4J8D0P018XlIrCb, 2019-08-29 09:52:35, 2019-09-17 21:02:30
1814, gp6l3MkWQRIXqGb7B1cz, 2019-08-24 01:29:11, 2019-09-24 15:13:52
1815, s9ZBjtohgYNu24EYEA6b, 2019-11-01 14:41:38, 2019-12-02 00:57:23
1816, TK1jR09O2apk7pp5aGCm, 2019-03-18 21:57:11, 2019-07-21 10:18:46
1817, RIJcW8xPCxcewVdae9K5, 2019-05-28 18:21:07, 2019-10-12 11:46:48
1818, PE2UwtEDF6Z2Ntk5JtNm, 2019-10-11 19:38:12, 2019-11-18 22:01:57
1819, XXHDvDPreI3rDRx7mNpo, 2019-11-14 01:47:29, 2019-12-15 23:37:34
1820, 88aSXpukL18zR7pMKetp, 2019-03-28 23:25:31, 2019-12-28 12:08:51
1821, 0fbw2XT2201My07epqt4, 2019-12-15 04:08:22, 2019-12-29 10:22:15
1822, AFBgLMmMBBVJPolyf2Tk, 2019-09-26 08:14:53, 2019-12-15 15:05:14
1823, pHdIEFcmaXtaerXzIixq, 2019-11-03 12:50:55, 2019-12-08 02:47:17
1824, iuryihufwapSBP93XjXe, 2019-01-27 16:18:21, 2019-03-03 18:12:43
1825, zYQKSB3YlKyx8VqhR0xS, 2019-03-07 23:30:35, 2019-04-29 00:17:33
1826, gw5k9QLIA1ZlyQS2im67, 2019-05-26 10:44:43, 2019-06-10 15:10:33
1827, 5lslHOu3dODayVWn9S0e, 2019-05-16 07:00:38, 2019-09-06 07:47:34
1828, AyXtqXgvPWgdVB75Jkli, 2019-02-04 04:23:37, 2019-03-08 07:34:52
1829, 9ZmhxsmBBCgr89EtFCzX, 2019-03-11 16:58:58, 2019-10-29 22:13:07
1830, eYrZ6gAPb6iPuA0h74aH, 2019-11-20 17:56:51, 2019-12-28 05:02:16
1831, VCVNSvopIHEbGqT7pJ8m, 2019-09-14 17:04:57, 2019-09-19 00:18:23
1832, ZJzww01pU0lHr7LuRqbE, 2019-11-20 14:49:27, 2019-11-24 00:30:09
1833, FX8GKXGF9BjKRtqYb1ea, 2019-06-11 22:31:01, 2019-07-08 12:45:58
1834, OkWJxw6HGuRK2J7YT1VY, 2019-11-24 16:49:13, 2019-12-19 22:49:05
1835, jdfhCvrd6ZfMStildpxE, 2019-04-29 22:29:31, 2019-08-25 10:08:55
1836, igKB16v0PXqBcn2v8n7r, 2019-06-10 10:17:10, 2019-12-03 01:16:00
1837, bBNl247v2kqWqhOj6977, 2019-11-08 19:49:04, 2019-12-03 23:30:24
1838, ZH0KWvklDWiCrKkm3rAd, 2019-03-15 06:09:35, 2019-05-03 02:40:15
1839, ZYEBCSLbSsM7nXf5zkNm, 2019-06-18 12:03:23, 2019-10-16 16:03:55
1840, i6qFX6g5z8GNHfA0N9qC, 2019-09-05 12:29:26, 2019-10-19 03:00:48
1841, JUqSwNzmtTnqWEEjkKrM, 2019-01-03 03:33:33, 2019-08-16 05:28:52
1842, VQcbLXlDeSBKeT1Vg4kL, 2019-03-26 10:52:08, 2019-05-17 01:42:19
1843, b8aYXhIjKBH1Vhua8juy, 2019-02-18 19:03:27, 2019-07-28 04:22:21
1844, WewSRz3m3dxjZYVY1SAk, 2019-03-02 14:32:48, 2019-11-01 03:47:55
1845, OIZXRZNf530o0LODJNwb, 2019-12-16 17:42:22, 2019-12-24 12:23:50
1846, mnis1aGXfom4KR3EAK97, 2019-01-17 07:57:57, 2019-11-23 10:52:00
1847, qOV5N3YdNhuvNL57GSGX, 2019-11-21 17:25:30, 2019-12-30 07:37:50
1848, yCygIUgGkF7ag0BuL1st, 2019-11-02 23:20:48, 2019-12-03 05:09:59
1849, EzIyCKRxqMbYQHm5Bg1d, 2019-03-10 17:28:42, 2019-09-13 15:09:08
1850, uwIDqPFsBplOTZq8WQjD, 2019-10-15 19:57:25, 2019-10-31 09:22:50
1851, rjAOCZ7RJrEk7z9hlItD, 2019-11-29 02:35:01, 2019-12-14 10:11:52
1852, GfxC4Z91ampgPc0AaaKP, 2019-08-09 01:24:29, 2019-09-01 06:12:39
1853, AVun6WdHk5vQ2a5QHasE, 2019-04-22 16:31:07, 2019-08-27 22:50:36
1854, UgyWgRHDzCj12nphbjBx, 2019-10-08 00:37:34, 2019-10-31 06:13:53
1855, v0TMdKtr4ublBZE9xZLK, 2019-12-28 06:47:32, 2019-12-29 18:56:46
1856, geQUyBRa8S3OTcvtRKys, 2019-11-10 10:17:25, 2019-12-26 03:51:51
1857, b4BddK0QR1eHmewVjDab, 2019-09-16 06:43:42, 2019-11-28 16:43:09
1858, eTwDCrDihGvEuGIkcxHg, 2019-02-14 10:21:02, 2019-09-04 15:08:16
1859, Hfskt3qsc8Ma8EUMbhD2, 2019-05-26 13:02:17, 2019-06-07 16:51:48
1860, P8QMYREvrhU9KeojZsRS, 2019-03-05 14:15:38, 2019-11-15 08:27:16
1861, OFKtIX1R5TnTpZBBIFr7, 2019-10-25 09:59:18, 2019-11-20 04:24:44
1862, JZPslQLgIBeXpW5D8nOj, 2019-05-31 18:55:19, 2019-09-26 17:39:29
1863, it1GSBDWL6yTQT8SJIlX, 2019-06-11 22:06:08, 2019-07-14 17:54:23
1864, dMxAFea2RMx1Xw7aYAvK, 2019-05-22 23:44:32, 2019-11-25 16:01:19
1865, fhVfzJXrHyUuYAskzAvU, 2019-08-31 21:27:50, 2019-09-19 13:30:49
1866, f1leSbcbKlEcsxpGV0eo, 2019-05-09 01:35:42, 2019-09-17 10:17:15
1867, IXEjUDHzHfLx1zdGaVc7, 2019-10-25 22:28:06, 2019-11-05 17:18:04
1868, loc4cHvrzRz2UTVQNb10, 2019-05-22 03:27:04, 2019-08-13 01:25:19
1869, Q8HJq8PxbyatTdcpI1wF, 2019-12-11 17:18:51, 2019-12-13 20:14:46
1870, jw5hN0asaedQqylGgIdA, 2019-06-29 06:33:00, 2019-08-17 08:10:23
1871, 2TiDXZBC5YCDI5rld6PK, 2019-09-08 12:54:39, 2019-09-25 09:02:40
1872, lY4iqkw384yt4sRUVVfP, 2019-01-24 01:31:13, 2019-03-19 04:32:44
1873, jhWGSsHGZKcnW8ArFEjm, 2019-05-15 22:55:23, 2019-11-23 10:59:19
1874, ofkqEDgpBMUm4qqCpmff, 2019-09-14 21:52:16, 2019-11-08 00:38:02
1875, MDFRhaf9QFGea7iqvbMe, 2019-07-28 20:49:19, 2019-11-20 07:19:36
1876, bhp2acWZwAYOWLRkpIyX, 2019-02-17 08:08:23, 2019-06-25 13:25:34
1877, QQIKevRsAxsjBTwvQ5RK, 2019-01-11 13:59:23, 2019-04-30 17:29:08
1878, lz8jlPf5mYKw8uujCFDi, 2019-05-28 06:47:37, 2019-10-15 13:03:26
1879, uaGAUORFiwe90sC6w7SD, 2019-01-06 07:02:10, 2019-12-13 10:39:13
1880, HvIh4E0mUk0hixjHlVqV, 2019-05-10 19:45:48, 2019-11-18 11:33:08
1881, iu0TzVMqMdeqhEH5CnSm, 2019-08-27 21:48:44, 2019-11-24 08:33:01
1882, TmDdBaV9u6UmFNA7Htql, 2019-07-22 23:05:24, 2019-12-27 16:25:50
1883, KBYbISfapLUydQsxGj0U, 2019-06-12 13:38:26, 2019-10-11 15:50:11
1884, L7auOKjThvfsAtcx6v7Q, 2019-07-26 17:55:29, 2019-08-11 13:27:18
1885, NQOeqyjbepwXhbfxxNX9, 2019-01-25 18:40:36, 2019-05-01 17:54:47
1886, UmCAXagoCEFvbgEaLEYA, 2019-11-02 16:10:23, 2019-12-07 13:38:57
1887, zMGi5R78J80tMdF1B5pG, 2019-08-31 09:30:02, 2019-10-15 05:53:11
1888, HtuvXPTieiUqP2fN6CI0, 2019-07-06 00:11:27, 2019-08-26 08:29:44
1889, 4pLQjHSobJGGJxFYrPfm, 2019-11-11 02:28:43, 2019-12-10 04:18:56
1890, f9fXDWkfrhkYcQRLIZJV, 2019-07-02 10:58:36, 2019-08-08 09:15:15
1891, hwXaUNDWXJ7SszS4Vqkm, 2019-07-14 03:42:54, 2019-11-14 04:47:05
1892, pGHD5aZoPl7ONFBdsd1u, 2019-07-28 20:42:40, 2019-08-31 22:16:43
1893, ECttQieyyXY2qk2yCWYT, 2019-12-06 05:06:55, 2019-12-21 13:14:23
1894, iLeM49GTldcOsVAeGkPG, 2019-10-30 19:44:29, 2019-12-16 23:53:48
1895, vjfuJioOR8LRyLzCS1Yl, 2019-08-07 03:17:11, 2019-09-05 08:42:13
1896, wT66RUOIT16hzR3Kpc4t, 2019-09-10 03:40:35, 2019-09-30 00:21:15
1897, b5JImmymV8IRod6MbsLB, 2019-10-21 18:34:23, 2019-10-23 22:39:52
1898, Nu9rcZB4Q7kC81sCkhWX, 2019-05-29 20:57:13, 2019-12-24 09:11:22
1899, 5Uox3n7KzhgAIfEoIqG2, 2019-01-05 02:28:48, 2019-05-08 23:36:58
1900, uokK4aCwhzTZGVn6B90r, 2019-04-01 15:59:06, 2019-08-21 10:30:28
1901, yCr3UX6yc84JR4eSE06J, 2019-02-16 07:53:05, 2019-12-22 17:29:27
1902, bJOf0dWDt6jKCZL0n9so, 2019-12-29 06:09:17, 2019-12-29 14:14:21
1903, 4mIiJuHQTLOVB1m7jCPK, 2019-10-23 06:02:20, 2019-11-26 18:59:05
1904, CNjZGLOoRwg09UQowmJc, 2019-11-25 18:12:26, 2019-12-19 07:35:54
1905, If6bnpYV4RRjipqQWdu9, 2019-04-13 01:10:05, 2019-04-30 22:04:10
1906, RVNQj9Z9pHJnH8CD0mgX, 2019-01-13 01:55:36, 2019-10-10 16:45:55
1907, Gjjz8r9BvBoqLPZBOS5f, 2019-12-25 17:10:39, 2019-12-27 00:50:10
1908, ObCFPrXW4rDb8vyiLUmf, 2019-07-03 11:47:15, 2019-08-09 18:11:44
1909, 44JwqYHwrbdwGnN6ycCe, 2019-10-17 17:11:47, 2019-11-01 11:41:58
1910, 8xCmtadCYiMri7Pioc30, 2019-08-15 22:11:06, 2019-12-06 00:14:39
1911, QGA5KLzRMNkvuTcdZk2P, 2019-03-13 11:15:52, 2019-03-21 02:02:23
1912, 5SskY2zvSBXH2C7mhqOd, 2019-01-03 04:19:43, 2019-08-11 04:19:45
1913, n2LlUGkWKkgR4vrqOLAE, 2019-08-13 00:06:57, 2019-12-20 04:07:16
1914, TAcQV44TEpfk2hnKmxff, 2019-06-22 07:32:44, 2019-08-17 06:33:05
1915, 0p5jDDhjIBiw6d5M2aTc, 2019-12-03 23:26:11, 2019-12-12 19:23:37
1916, daAbWF4V8vWfiyXtqz5T, 2019-08-21 17:19:53, 2019-10-25 02:34:18
1917, SxyCyDrUgQ4bZJd42CU7, 2019-07-24 11:36:05, 2019-11-01 13:21:39
1918, jl0q0nQRtcMfQrPZDABY, 2019-10-14 15:36:12, 2019-11-25 04:56:41
1919, fa00kw1zRWfIBFqm6xqv, 2019-05-29 02:01:29, 2019-10-24 10:29:05
1920, vJa1n8sSOzHAi8QMFFE4, 2019-05-03 13:36:29, 2019-12-24 13:31:41
1921, dWwevk4bWtH6KtFDocr2, 2019-10-26 04:19:03, 2019-11-08 19:41:50
1922, b8x4it9njCvL6r2rayQF, 2019-12-01 14:54:24, 2019-12-29 13:48:54
1923, I1XSfWy3Rwu5A4TWjmSb, 2019-12-24 21:22:04, 2019-12-24 22:51:13
1924, iXS8qhBSrY9njyvtRvfT, 2019-02-28 06:38:33, 2019-04-26 09:02:00
1925, f5mMJv2fjSQI4zS8Gkkn, 2019-10-20 19:01:03, 2019-11-23 02:36:12
1926, NIfbfL69XZFseK8Ki0p4, 2019-03-18 06:24:45, 2019-12-19 19:36:49
1927, 2k1sp8mz8nFd2cczVUlX, 2019-09-13 19:57:07, 2019-10-13 19:39:39
1928, 4P92LykA6ZF6vsRzbHM1, 2019-07-22 07:31:15, 2019-12-21 11:36:52
1929, jv0uRnOQVZoznis2WWXY, 2019-08-18 17:23:25, 2019-10-29 05:41:44
1930, EmaOsFymU90LKyLYMNqg, 2019-11-06 10:36:10, 2019-12-09 11:23:57
1931, hCHBwPHc7jVeZxXbG7Bh, 2019-08-24 12:51:19, 2019-09-14 11:05:09
1932, MMS0zlSQ8ojwSqS2dIhF, 2019-05-03 02:28:02, 2019-07-08 10:54:25
1933, HGxMinQMLQtCBKMug8yA, 2019-04-20 23:52:44, 2019-11-29 10:05:16
1934, t3qXEsCXhRphOzww7Aj9, 2019-03-22 15:44:21, 2019-07-22 12:06:58
1935, EY29Db9vDFpkExC5hI1I, 2019-10-08 19:51:42, 2019-10-13 19:23:13
1936, Ye0xvKoFgZ6HTF0AHhVB, 2019-06-06 14:44:08, 2019-11-06 21:30:26
1937, buZQrFySAB6RAJV8e8sA, 2019-03-22 02:54:20, 2019-09-08 12:37:50
1938, wyhULa1GYG8gEWYE5JV9, 2019-11-24 04:41:00, 2019-11-30 10:55:03
1939, UF1TJL8j0zMWTZNVOEml, 2019-12-05 10:17:24, 2019-12-29 22:37:28
1940, apghNpbMj2R16zr3Fv6P, 2019-06-15 18:29:46, 2019-10-17 14:23:08
1941, 04AY6OrVmzpPUPOJoDhV, 2019-04-09 15:09:53, 2019-12-20 22:56:14
1942, QRb0GW5BZvYXWFJsBNkJ, 2019-05-06 12:34:31, 2019-09-27 02:44:48
1943, N9lBosb3NQOnC4VL1413, 2019-09-16 14:21:01, 2019-12-21 20:57:04
1944, MhZWTZ1zrRvHYRxbwh3B, 2019-09-11 21:35:54, 2019-11-19 03:50:50
1945, hZh9Vp6fVRjR1yIpzI3X, 2019-02-12 01:40:16, 2019-06-11 11:05:00
1946, aiAbtAlUqPACNGLarBuX, 2019-11-07 19:35:31, 2019-12-12 11:50:55
1947, eyMfKRNWcUO1rZa83AaG, 2019-04-13 04:48:53, 2019-11-11 14:42:18
1948, 23XDGvTeMQjJOATeLovt, 2019-04-02 15:14:02, 2019-05-31 09:34:01
1949, ysioLSlRnfqcO2hCIB3H, 2019-02-02 08:38:13, 2019-09-14 09:44:55
1950, ikUxUdO6g9mu3LjcsCng, 2019-06-23 20:01:11, 2019-11-30 08:04:14
1951, qbRTfeK7JeiRCxTBhBqr, 2019-07-17 03:08:26, 2019-10-19 09:19:32
1952, 6WfEn4klwzOzGeuJeay6, 2019-10-10 20:45:07, 2019-12-03 00:53:28
1953, 6g29GmbIej5uNXQrLUI1, 2019-08-25 16:46:26, 2019-12-12 06:56:31
1954, XFhERzFuvN0vRi9nwldL, 2019-02-15 20:45:31, 2019-06-25 00:36:15
1955, ku7JfCoGzFid6HZIJzFV, 2019-08-05 16:03:04, 2019-10-04 05:38:45
1956, uYcgm7lD0rfT0jYJL58h, 2019-02-14 12:49:43, 2019-12-08 23:43:00
1957, CXa2LX23Xv3rA35aoTk6, 2019-06-13 22:00:51, 2019-09-07 01:34:34
1958, lV2Zi5UwMRfrtHVpolQM, 2019-07-17 11:20:23, 2019-10-07 10:30:21
1959, nnf28So0gOBDtzeTEIKx, 2019-08-06 19:31:56, 2019-10-30 19:31:33
1960, l78XJNAVorWOLJdTtFPQ, 2019-06-14 20:02:36, 2019-09-13 23:11:27
1961, vAdXZLNk7rPFuviKESwZ, 2019-12-10 18:37:49, 2019-12-18 07:11:28
1962, sKZnlZwXexoRlCcDYYkG, 2019-08-21 10:07:50, 2019-09-10 00:42:42
1963, xS6baR7UM0zAMZhf8uTT, 2019-09-07 07:15:26, 2019-10-23 04:31:41
1964, uVIUi8PZEtIcMdSZtifo, 2019-06-14 21:04:42, 2019-07-29 21:37:10
1965, amAUGsTy0VvLHRr3J5eA, 2019-07-15 05:21:19, 2019-12-09 17:16:58
1966, RTCXr9EKYNczTcwBWuhu, 2019-07-16 13:56:42, 2019-09-01 08:49:28
1967, ijOLEQJzZuFyWqp06aKE, 2019-07-01 00:22:59, 2019-12-03 18:22:31
1968, CYKKL4rM5Pyu5IWfIADE, 2019-06-21 17:21:38, 2019-08-15 23:30:01
1969, w5Wkwyme802eftcUV4ap, 2019-10-28 22:31:34, 2019-11-27 06:39:55
1970, IKltQuf3cPQkwo8GDsbs, 2019-01-09 14:20:24, 2019-12-13 08:12:50
1971, nV6o17AfchiXCFNTbP1t, 2019-10-07 10:20:50, 2019-11-13 16:48:33
1972, AIdOMaS0LmX3lh0ZdEUE, 2019-12-16 17:21:14, 2019-12-30 07:28:42
1973, wycQBLKn0tYEEq4Qy2Xa, 2019-11-07 04:02:11, 2019-12-29 23:41:31
1974, o9T1LMxLOnG1kDqGHJyj, 2019-05-26 16:25:15, 2019-11-24 06:09:40
1975, QMexpGVqX35hSPWOrN5q, 2019-08-23 02:29:12, 2019-09-03 03:37:30
1976, 7Nw1EUuaN6o0qjsKyoSB, 2019-05-27 16:22:41, 2019-12-11 03:25:30
1977, utHHtaq1vwlpyZgEw8CY, 2019-12-26 09:59:07, 2019-12-27 10:55:19
1978, psIn78xnI3Q6Bh1tts6m, 2019-05-25 21:00:59, 2019-07-24 06:52:44
1979, P6ZvyjR03H17QHp4BuAl, 2019-01-26 00:54:09, 2019-05-18 15:25:17
1980, Xo4X9KGUy5Z4cYQboK3w, 2019-12-28 18:51:59, 2019-12-30 10:42:38
1981, mVZV3JfXjTqunAoXi1LF, 2019-11-07 20:17:56, 2019-11-11 07:56:10
1982, 7NXo3emsNpGZdej4ZKOS, 2019-07-30 11:39:03, 2019-12-05 02:27:43
1983, 2cVH1CduxguU5rJDTkq8, 2019-02-20 16:20:42, 2019-09-23 19:33:26
1984, yBG1vayAMkChoUgMyGFO, 2019-03-04 12:53:11, 2019-04-14 03:04:34
1985, qSYDleQdPQ9rXSV2H2ex, 2019-11-09 09:14:31, 2019-12-04 05:58:50
1986, olrWQ9YCBGhYQH1b9RF4, 2019-11-06 16:01:06, 2019-11-09 15:19:33
1987, QfKM9A3fehefhaKmDHyV, 2019-06-23 04:07:13, 2019-07-05 18:05:44
1988, gLByQAfcFZaK5TGXC8Tq, 2019-03-21 11:26:00, 2019-10-13 09:13:13
1989, 1UearPapXBBdeyH3ClKx, 2019-10-14 23:25:59, 2019-12-14 21:05:15
1990, Vcgdl3t3ZpE3wSvL9izY, 2019-09-27 15:56:20, 2019-12-16 05:40:20
1991, WIyo5mULDaYQqBu6XyJQ, 2019-05-05 15:40:51, 2019-07-06 09:31:15
1992, XY3eVYXMki56nmr4xtny, 2019-03-23 09:59:45, 2019-05-28 01:04:33
1993, 1MYgp35wcqDfcS3yPwhm, 2019-12-26 04:52:41, 2019-12-27 03:23:34
1994, MvtBGwbysIjuQqv7nmUr, 2019-11-11 05:40:33, 2019-12-04 04:55:24
1995, iHJ3gNaMYO9ZJyQgHHZI, 2019-01-20 18:25:28, 2019-09-27 03:22:16
1996, fHPpZnIZstkPHEfhksyB, 2019-09-15 02:29:36, 2019-09-28 04:16:21
1997, LlsfSIVurTTaJB40sP9X, 2019-10-22 08:28:51, 2019-12-19 18:18:37
1998, 34Os8ni8x6TEFII04zVb, 2019-04-11 22:35:07, 2019-08-01 14:02:54
1999, gCbBG8ymBiL1qTVgqt1m, 2019-03-03 01:10:36, 2019-07-05 04:32:55
2000, TJIdsD48xh6uOTvDetJP, 2019-02-24 05:55:43, 2019-11-15 17:14:49
2001, YrBTrmtumm2W5lZ7Ar9A, 2019-01-09 01:50:35, 2019-08-04 19:00:55
2002, db8xAALSvI4FrpgMhHVJ, 2019-08-14 02:11:11, 2019-10-08 17:18:52
2003, Lq4ihVOLO9cwvN1SGw6b, 2019-11-27 23:36:21, 2019-12-11 23:42:39
2004, Htonpb6wNdVPrO6s3qzL, 2019-09-17 00:30:53, 2019-12-22 21:13:33
2005, NEHu9icmE5qmXLB3Fsvo, 2019-01-25 06:39:30, 2019-11-17 03:04:12
2006, 4zuoYiy0V9lioug6A4Ul, 2019-04-09 03:31:54, 2019-12-18 06:58:13
2007, wYdiLCGfBblPta2bH9oN, 2019-05-14 02:27:57, 2019-10-28 02:18:16
2008, qOxPUVwg4ejZq7ijwa6F, 2019-12-29 15:27:25, 2019-12-30 15:18:52
2009, gCzGKeEnJFKcgCqIeux1, 2019-09-10 14:27:51, 2019-09-29 05:19:37
2010, p2A051XHJuBTnhLnrVCi, 2019-04-03 04:36:59, 2019-09-23 11:39:36
2011, xHgtnBZEHXkr7UMnx2SW, 2019-01-16 00:27:23, 2019-09-28 12:04:56
2012, B6Qvy1NuhfHydICW2c4o, 2019-01-28 23:34:40, 2019-11-22 03:47:54
2013, KFQn7xaXnSAZgHHnET6A, 2019-06-11 08:30:17, 2019-08-20 06:09:48
2014, vqpVhinYt2008xNOqLMf, 2019-12-19 04:45:42, 2019-12-27 06:32:09
2015, 7fvSlsiMgZQu01cm44Kc, 2019-03-13 15:00:39, 2019-06-09 13:04:07
2016, xxNIA6ulj0yycmpsiJpk, 2019-06-07 16:34:08, 2019-06-09 21:38:22
2017, XVn0VcwPHFQJFFAZQ778, 2019-09-09 02:04:38, 2019-10-20 02:04:06
2018, Oi9knZJzvM8nmdJ5cPYP, 2019-02-07 18:46:43, 2019-11-27 01:45:49
2019, zqZ8tS0WqtkP6HWJcXbS, 2019-06-20 04:27:43, 2019-11-10 07:27:24
2020, icHSjjKUi2wwSch5meQ1, 2019-05-30 09:34:03, 2019-07-18 21:36:17
2021, wPUXeQZKLwsdDWNvv1RO, 2019-11-07 16:49:26, 2019-11-27 15:40:29
2022, YmNk3CQ6uTXr3JOrc41r, 2019-04-30 05:15:35, 2019-10-11 17:25:23
2023, R6FZb1dlVea7CkiGhS56, 2019-12-01 04:00:48, 2019-12-26 22:12:59
2024, 7oRM3fZ9vnPcuPR0fAp4, 2019-09-04 19:16:12, 2019-12-15 22:48:28
2025, b6vp2hIhRfl2B0HRSLmX, 2019-02-10 09:55:28, 2019-04-12 17:14:25
2026, 6knBCZH3fhNXuS03mz6o, 2019-07-05 11:53:46, 2019-11-11 05:11:24
2027, FeYb41ltFfog8pGK2nK2, 2019-03-28 08:46:05, 2019-03-31 14:55:04
2028, pwSV6vDk71gexAOphJR2, 2019-03-03 22:49:02, 2019-03-11 22:46:58
2029, RGKOtQ5P5xTUZFLmfnPP, 2019-06-27 01:29:31, 2019-11-03 23:46:01
2030, 4tmV9HBCRVe8oWdAh6SF, 2019-05-08 18:35:04, 2019-08-14 01:48:54
2031, 7zuxWMbVqpxhN6FzYPNz, 2019-07-07 21:42:38, 2019-09-23 20:32:07
2032, 6xw4ulczx2Dha1nIo1jV, 2019-07-11 03:39:40, 2019-09-12 03:13:11
2033, UxJezCielWFwxXnYahFI, 2019-04-20 22:05:02, 2019-06-04 06:22:34
2034, hN5sQQCsc8YUxU4ziUbf, 2019-06-30 16:47:10, 2019-10-19 08:30:36
2035, xlC30lEmBV6cKF9zdEnL, 2019-05-11 03:47:33, 2019-05-13 19:15:39
2036, SGPTeC3ZYCb2ScFrbSNn, 2019-03-29 18:32:12, 2019-12-19 23:20:14
2037, ubIFP22T8oiBXguCYELm, 2019-10-23 06:23:40, 2019-11-03 18:47:34
2038, fpZu1SY8agmjIvUIEC4O, 2019-05-31 09:19:33, 2019-06-22 02:33:57
2039, 5dpabcQ4Uw4lQlt2n067, 2019-01-06 12:54:03, 2019-04-19 01:19:21
2040, BE1f3gjNEtFgspIUA68u, 2019-04-07 17:09:20, 2019-08-29 09:46:42
2041, r67cjL2f5IYu19jbsuJG, 2019-10-30 12:08:50, 2019-11-07 04:05:41
2042, lQHUIQpkdhn220JwKAFv, 2019-02-07 07:30:20, 2019-10-14 19:44:54
2043, 6gwvsDBVVIwA0qS0j7eO, 2019-05-08 17:43:11, 2019-08-01 15:13:06
2044, xr0Yf3B8KyG40DsiHkmk, 2019-04-24 21:09:58, 2019-11-06 07:00:17
2045, pgl0qbWjfpn9EU2lAwPL, 2019-08-22 23:56:57, 2019-12-06 06:08:39
2046, 4ftuMbhkPaWBy89CZJEe, 2019-08-22 17:34:39, 2019-12-28 02:10:50
2047, pFRXJjnva33qvAtmLS8N, 2019-01-05 11:07:49, 2019-05-27 13:57:52
2048, rn4Nt6Z4LQmwWSwi6F3K, 2019-03-11 09:02:06, 2019-09-20 21:24:43
2049, NPwk3FLwEgc17uImDsjI, 2019-09-06 20:59:55, 2019-09-23 16:23:22
2050, AF5wfuqYozZmuYfhrkfi, 2019-04-12 08:00:23, 2019-11-25 19:01:10
2051, 8miWbqAiLQBS2wH1l93M, 2019-12-20 06:27:57, 2019-12-28 03:12:19
2052, eyZBjLdhxOUVMPiGbq8w, 2019-02-22 13:55:20, 2019-07-24 20:11:34
2053, b5QI7Fi07ou7c306oeZs, 2019-11-12 14:19:33, 2019-11-22 10:36:02
2054, PqRVutBGPgBbeit9vlsx, 2019-01-17 17:58:19, 2019-07-08 08:19:25
2055, AH0QAFC1fQiQRIjKQwbV, 2019-09-03 08:42:27, 2019-09-14 01:42:34
2056, 7T63F5knLUhHdPwlmU2Z, 2019-11-13 00:51:24, 2019-12-08 17:37:31
2057, 7ARmjMqAnM6TdXARqxQ7, 2019-05-22 16:25:26, 2019-06-12 08:02:31
2058, WFgnVQgWjO9dBZ8yhFu3, 2019-02-16 14:48:32, 2019-04-23 00:28:41
2059, wf1vlh1qJsQ5o1Da6hE0, 2019-11-01 15:46:43, 2019-12-14 12:19:11
2060, zOSE98m6KKTz15kRPh1F, 2019-02-13 11:15:33, 2019-10-29 22:27:56
2061, d5vK9Z3rOTYNdnIP4N1Z, 2019-05-19 10:57:10, 2019-12-04 18:19:26
2062, K8SnTyqzQR6zA6ran4wv, 2019-01-20 16:13:53, 2019-04-02 14:02:15
2063, 353lLyJ3ofsjMooLXQtT, 2019-02-05 08:41:28, 2019-02-25 01:34:35
2064, 07XIMLYNlV17UOFkunNb, 2019-04-23 11:20:20, 2019-07-30 12:13:24
2065, CDNKYTes7oZtyAj07Xdk, 2019-08-13 02:59:01, 2019-10-26 13:33:28
2066, qhC0kdgNfqd2Bvvg5Xcg, 2019-01-24 21:53:29, 2019-07-20 02:46:41
2067, 4ZrOsM1YYCnW0ESTE0Rp, 2019-12-01 00:11:12, 2019-12-29 08:30:51
2068, Wwpx9Rh27WM6FCoO0gZC, 2019-09-01 10:36:44, 2019-10-30 22:46:44
2069, jVLME380UlIFve4Q00U5, 2019-07-21 05:48:59, 2019-08-14 00:45:32
2070, KX7EG5gMRB1qVBQRQ0co, 2019-12-05 19:47:56, 2019-12-09 19:00:58
2071, tqkSHfRaBdPOb2lWbnew, 2019-05-10 17:26:41, 2019-10-12 00:31:05
2072, Zlp0ykBVgxtz3eWhWNAj, 2019-02-18 14:15:11, 2019-10-25 04:48:32
2073, ZLOB9R47eKB8uEUiDub6, 2019-08-30 12:37:42, 2019-10-25 21:45:46
2074, QjyiExB0NnaeFU3bvnZq, 2019-09-05 08:22:17, 2019-12-23 08:31:32
2075, BHqjLjOCBVTN1tWSlGbM, 2019-10-09 14:57:21, 2019-10-09 22:59:14
2076, Y1r0GlNlIpH5vOka1rhp, 2019-08-12 18:22:27, 2019-10-14 12:58:51
2077, sxNSQXmdp1JRdBMFoPIQ, 2019-11-26 09:07:53, 2019-12-13 12:56:28
2078, hWd5wCSUNNLKqoXZMizL, 2019-12-05 07:21:26, 2019-12-28 19:36:53
2079, EuMW9mO6lqEGfkmROWwg, 2019-08-19 17:05:20, 2019-12-19 13:24:43
2080, rQ3vuru84pIt7atDI24F, 2019-10-01 01:22:35, 2019-10-08 02:59:45
2081, w17R0AozYXt3s4MxKj3v, 2019-06-30 10:55:08, 2019-07-19 19:29:43
2082, LNgZoWAORYMSEGNHdqf3, 2019-03-11 14:56:43, 2019-07-20 19:07:37
2083, WtoNap3AIVhjBPjMkLvJ, 2019-05-25 16:18:08, 2019-07-23 13:54:21
2084, AkDBiOA9jFxjQrkuz7NE, 2019-01-13 14:34:21, 2019-04-22 20:34:44
2085, YEvirFemnoqlaUcBu7wj, 2019-10-13 10:11:48, 2019-12-21 13:30:19
2086, a1BCUR5eJ5rpizfA9lW3, 2019-09-05 09:25:02, 2019-12-26 01:41:06
2087, nXhTvYTwWDVB6cjXcXQ8, 2019-10-11 02:27:34, 2019-12-17 12:40:36
2088, sbpwhjPwLu8TeYyYIjLn, 2019-11-23 07:39:29, 2019-12-01 22:20:52
2089, If0R7wYSGI5BumTeme9C, 2019-06-19 13:53:09, 2019-10-02 00:29:27
2090, cCxMte8QwFjlBGzQ3ZXl, 2019-05-26 14:22:14, 2019-09-30 07:49:30
2091, 6OMW49lNtRnr5AnDcMZ1, 2019-09-25 02:46:06, 2019-09-26 10:03:20
2092, RizXZgoQJQj6Ix2rPaal, 2019-01-24 14:24:56, 2019-09-14 02:08:47
2093, sfj1kgKW93ewHMx4AACg, 2019-01-22 16:47:57, 2019-02-23 21:20:24
2094, ei9QDXjBocV5VQsMs6Mp, 2019-04-21 18:37:57, 2019-10-30 23:53:30
2095, qJpFJVxbuxJfUWRqIJqn, 2019-03-21 22:04:25, 2019-09-14 20:17:16
2096, SHIy65DydXImvaqeMfR5, 2019-09-12 01:58:53, 2019-12-09 05:26:00
2097, fGcssZ4ZXok6d1sdgcxT, 2019-11-10 03:33:21, 2019-12-25 03:56:00
2098, Pk4Hqghm1JDUKnHlwm5f, 2019-02-05 02:10:46, 2019-06-17 12:18:09
2099, Uev7jKMTD2ux5EFhbs7Q, 2019-05-26 18:45:05, 2019-11-24 11:09:59
2100, WA7ial6LgsmG3E0J96ls, 2019-10-28 12:18:23, 2019-12-21 15:47:48
2101, aDtk2ePlLUvoHjmJBRDn, 2019-01-25 18:52:17, 2019-05-17 03:01:07
2102, cCYlqFnukswG2SdJw3fE, 2019-05-23 02:10:28, 2019-09-11 06:15:11
2103, W8KKL4F5Ttxreb5p3dSV, 2019-12-24 19:37:41, 2019-12-26 12:19:49
2104, NfqBYp35TkRXHpXglXhR, 2019-12-11 00:23:06, 2019-12-12 04:22:42
2105, G7IOSDWE3ut9To8D7Ruq, 2019-01-24 21:43:24, 2019-06-10 20:31:52
2106, tQEl2gdVqtO3KLaBV2ZL, 2019-09-09 04:39:02, 2019-12-28 11:18:35
2107, HzH6LO36a5W8gr5pjfdm, 2019-08-05 07:18:06, 2019-09-10 02:32:42
2108, Y0nxGv4rO13H9kDDb90J, 2019-05-18 14:08:23, 2019-11-26 13:59:10
2109, aeULpTWmeA1T4GKsVKUf, 2019-06-13 18:31:14, 2019-09-17 05:16:46
2110, OpTAmoPLsSqYEQNvVSe0, 2019-01-03 20:32:25, 2019-08-26 09:31:04
2111, K19UrL67SumNdRdCWtLJ, 2019-09-09 12:53:45, 2019-09-12 18:32:38
2112, L8ltLq0rbcGY00Q5FQN5, 2019-04-30 12:45:26, 2019-07-10 08:25:52
2113, 5dd9HUfcBXFU6w5RJlM7, 2019-04-27 08:50:22, 2019-05-25 12:08:09
2114, wFRcDn5LLZev5mnv0onM, 2019-03-19 13:44:42, 2019-11-20 04:21:13
2115, NnF0OVySFOEwm1hpoY0P, 2019-02-02 05:15:09, 2019-05-21 09:02:49
2116, vVagV11XNJMJc9pva6lA, 2019-02-21 07:19:53, 2019-10-23 02:03:13
2117, FFq1uIav1GlPq3q83nnG, 2019-11-17 12:43:29, 2019-12-24 17:59:01
2118, Zitc1AvAncBHWu8TX0Cn, 2019-09-23 07:06:30, 2019-11-28 03:04:39
2119, xO6bIhfcGLP1RbELZ7Q1, 2019-06-06 05:18:54, 2019-08-25 11:49:03
2120, RW7KKo9ZdUw5Gig3TAJu, 2019-10-09 11:52:07, 2019-12-27 15:48:09
2121, qg1KSjLQgubFEJ6DSHHI, 2019-10-20 11:58:08, 2019-11-17 01:20:46
2122, FNjcKoGVdPALOGxCbypq, 2019-06-04 20:05:29, 2019-07-14 05:15:17
2123, 4KZcWVYVofklpjsTkCNf, 2019-10-04 03:09:32, 2019-12-20 20:39:35
2124, 2gGO4PMtEK5zUPMz2fDd, 2019-06-21 17:09:08, 2019-08-17 07:41:43
2125, pbeMU9IeBUuCLgBOrxQf, 2019-12-13 11:52:30, 2019-12-22 02:22:03
2126, XYrV67h2Py1HFmC3nsup, 2019-08-17 14:46:10, 2019-11-09 22:37:30
2127, dcrcuivEW4ITzTFD25cN, 2019-10-10 14:56:12, 2019-10-22 08:44:19
2128, eHyKwZJBV1lQ8jo4aYdQ, 2019-09-04 16:57:34, 2019-11-13 13:02:12
2129, XSjwKSSY5mWzMyxKweEh, 2019-05-17 09:41:51, 2019-08-23 03:58:49
2130, fS4urTvVkMx8cEtkeu4X, 2019-07-16 00:01:43, 2019-11-16 01:34:54
2131, z87lHjjobNBgKJF6BcQq, 2019-09-05 20:20:11, 2019-11-30 03:41:22
2132, KYzngDnFwnRndmD40bg2, 2019-07-31 12:14:37, 2019-11-10 19:11:28
2133, 0bwDSp9zeefYnUifxtR5, 2019-08-29 08:53:34, 2019-09-09 04:45:09
2134, nAL9eSHzLs3W17M7Q9Dq, 2019-06-22 04:07:53, 2019-08-25 09:06:18
2135, 2Rtp35cOEpSG9kYlmabq, 2019-09-25 15:37:22, 2019-12-29 06:35:40
2136, koDzvRORuTbJ2hV6NTQB, 2019-11-20 10:14:31, 2019-11-20 15:53:23
2137, 0NQ1ni55HpHOYzDfS9XM, 2019-03-05 14:20:00, 2019-03-21 06:58:33
2138, BMST02eU7Jxv33t2WvUr, 2019-06-15 05:41:35, 2019-09-23 12:28:07
2139, jRvi4WwrqcySOwXMyMhk, 2019-07-18 23:21:47, 2019-09-03 21:09:06
2140, sxx4wwIFJxRg1yTNFZZ4, 2019-08-29 18:20:05, 2019-11-09 05:20:33
2141, I7attlMMFTBMgCLuR7Jn, 2019-10-17 19:18:47, 2019-12-28 04:44:49
2142, NPWAPLDQsHqt35UT1N6l, 2019-03-21 09:15:40, 2019-07-15 16:28:23
2143, uxf7TafvbHa6Q6UonJkb, 2019-07-03 22:33:55, 2019-12-28 09:19:44
2144, fgYGC5giff9pAtzsBTDW, 2019-06-02 06:57:40, 2019-06-09 14:39:28
2145, NDQA06xyj8trt1Cl0mx5, 2019-03-28 06:18:53, 2019-05-31 13:06:16
2146, b51PXkJFkc9D5YtPHbME, 2019-08-09 08:32:17, 2019-08-14 14:05:20
2147, M5aB1xQQIkHEl3jzhwOU, 2019-07-13 08:57:24, 2019-09-14 03:01:48
2148, dmY3zkNr8aenI6GAnndG, 2019-11-09 16:12:04, 2019-11-16 18:48:48
2149, ERxERrfsn4HblvjXTVeL, 2019-12-27 09:17:41, 2019-12-30 22:54:40
2150, zUr4tdCraldWplv7OHje, 2019-05-08 09:10:39, 2019-07-26 13:53:38
2151, xWue713EMv8vmKCWnjhJ, 2019-12-10 14:02:13, 2019-12-13 13:31:03
2152, Wlelb9qYLKeGicIDyhVL, 2019-10-28 20:59:17, 2019-11-18 16:34:18
2153, Cq01BLXgau50V3IL3BUk, 2019-05-09 22:16:09, 2019-06-02 23:29:41
2154, XgJ20e5jNQVPJvjIBD56, 2019-08-14 22:12:59, 2019-11-04 18:41:37
2155, caxfoa3LADCj64biAZ3L, 2019-11-11 17:14:34, 2019-12-24 09:56:21
2156, bFEbab3ucS3kSA9OAvvS, 2019-11-11 15:30:48, 2019-11-20 00:13:26
2157, 2S6Ukb1GN7590She0pNU, 2019-04-17 09:59:39, 2019-06-29 05:46:48
2158, V9rpjk4ulNDrvaKoQmaz, 2019-07-19 21:24:22, 2019-11-13 15:21:43
2159, CxhQqnYrGs1uuyQilRjr, 2019-12-20 04:00:39, 2019-12-27 00:54:15
2160, 417sUvFxe3ACcUAembgf, 2019-09-24 23:20:52, 2019-10-18 14:41:45
2161, ccgtiXXW0nS7pw5EKZdO, 2019-02-21 10:09:02, 2019-12-20 11:34:33
2162, WnTDQwMNc6QjxCge0I6x, 2019-11-09 14:51:26, 2019-11-20 02:49:51
2163, SOhFwcieVsnUCPYcSt8i, 2019-04-26 12:11:49, 2019-08-13 06:45:04
2164, dWUadRw6M8tkfVYfFRrE, 2019-05-13 16:37:22, 2019-12-07 22:24:20
2165, zvzfuzruLMxiI3No1QSy, 2019-09-19 23:05:34, 2019-12-26 10:29:10
2166, TDlv0w65kT6isSMNtzNQ, 2019-12-25 01:33:51, 2019-12-26 06:12:30
2167, eWBaXAnTAugdyQw7i7Vj, 2019-01-04 03:55:09, 2019-10-18 16:01:20
2168, ZxLwHaciCvAL7QudiVrS, 2019-04-05 13:55:37, 2019-05-26 22:39:48
2169, bE55bJxSpqvq4BIHE403, 2019-05-24 02:51:29, 2019-10-01 09:22:02
2170, 7x73MYd9ohvqlycXwllq, 2019-01-06 10:11:53, 2019-09-24 21:43:37
2171, AeyVUyHq16IQqLTmOK7P, 2019-06-13 02:13:55, 2019-08-26 05:59:54
2172, LSUpTp4EGt3For3luS5B, 2019-04-09 03:38:16, 2019-12-12 11:57:24
2173, RPHMAPiEbjSjtHv8oMGa, 2019-09-16 07:54:59, 2019-10-20 05:21:43
2174, 8Dex93WG3XbQe8K5NHrB, 2019-10-09 20:48:04, 2019-12-17 19:18:36
2175, 8fbtEYJGeVbghRI0yZ1f, 2019-08-12 06:45:41, 2019-12-27 12:18:34
2176, m9uChPbObOI11rJAh4lr, 2019-08-20 14:01:19, 2019-09-02 17:31:45
2177, nUt4Inpaq77SFyLcC38W, 2019-07-25 19:45:42, 2019-12-29 01:53:01
2178, 1gHDzxakWwkYl7Cq2PNQ, 2019-08-07 15:18:07, 2019-09-18 14:16:27
2179, Sy29V9FSikvKxjwNBU88, 2019-02-05 19:46:37, 2019-03-03 09:15:54
2180, m4wz0rovvS2mohno6lQI, 2019-01-23 16:06:31, 2019-04-22 08:21:15
2181, hONqRVReZR4JEQMrmCfu, 2019-12-15 18:23:41, 2019-12-23 17:27:04
2182, sXqGZbo4O2mmmUEVpUjI, 2019-12-30 23:02:42, 2019-12-30 23:03:39
2183, BXw2bIhYVXL4ftDneLWS, 2019-05-17 13:19:22, 2019-07-07 14:09:48
2184, q0pNfWaPKh2jNbh4Jnsk, 2019-05-29 06:26:21, 2019-08-28 06:29:40
2185, MieVCcrMT5sBfa0e8kNP, 2019-12-16 11:03:14, 2019-12-27 08:10:36
2186, AkeB0zFzGowoardxQ8p7, 2019-07-10 04:51:21, 2019-11-07 13:57:04
2187, 3bdO2flzrngcmjPfOChR, 2019-06-28 23:03:25, 2019-07-06 12:28:04
2188, zwp4hLJl7dJtUNtUE7Ha, 2019-06-16 12:01:26, 2019-07-13 18:59:48
2189, 8vyuQMKjIoTx8UnWsabC, 2019-09-04 07:02:18, 2019-12-06 08:57:15
2190, HjZNZsrKbzaGamszGcqF, 2019-11-24 11:42:06, 2019-12-10 22:45:28
2191, F6WXYegB6ibcrMfKPvqr, 2019-03-17 08:31:49, 2019-06-06 17:38:17
2192, iEEk0RVbbQWrX87HQVXR, 2019-11-17 21:41:32, 2019-11-30 15:16:38
2193, br42fo6WvQQNchmzpuQ1, 2019-02-02 03:20:04, 2019-09-28 02:33:01
2194, TnVPCC9hR9pTnIicJLQc, 2019-10-25 17:30:41, 2019-11-09 08:05:59
2195, 7VJazINaVs5iUMOwO19X, 2019-03-17 19:03:42, 2019-04-23 05:41:04
2196, kF5JB3Kpe1YTpvNmKwvE, 2019-01-24 14:06:44, 2019-03-18 02:46:27
2197, E2iHCJOjusg10VvGIM1X, 2019-06-24 16:06:03, 2019-09-18 21:23:03
2198, tcVewmjidPHb6MmsVwTU, 2019-10-06 02:36:04, 2019-11-18 04:00:29
2199, 1SUkmQksclKdRH2PX9R6, 2019-07-14 11:44:45, 2019-09-23 05:23:19
2200, 4937ARkpjXllFgA31uYG, 2019-09-20 01:47:45, 2019-12-12 13:48:45
2201, Ho2N7TepX6RGmznodCjS, 2019-04-24 21:45:02, 2019-08-09 04:05:16
2202, SYZz2ie63X4uyFdsbiSd, 2019-07-09 20:26:31, 2019-10-01 15:48:30
2203, QcvfWsLAesCSwBngdVRg, 2019-10-06 19:56:10, 2019-11-26 19:12:59
2204, loYreadBcIB4Kxhmxqz7, 2019-08-21 17:55:34, 2019-09-14 05:54:22
2205, GE88vhJXDv6FpV5AuiWz, 2019-09-20 14:05:01, 2019-10-30 01:41:43
2206, yXjYMfvfBTj7ORVBLMOH, 2019-07-08 18:29:42, 2019-09-09 13:00:15
2207, gXVO0grDYCHIeGCPQvIh, 2019-06-07 23:44:56, 2019-09-16 02:00:08
2208, 0JJ3SzTNPHBRsJsSTT0d, 2019-10-13 03:22:29, 2019-10-31 06:23:54
2209, 9L4F9C0d3lOhTSH5jFVn, 2019-12-06 07:59:18, 2019-12-11 20:38:18
2210, tPZyp57RGN07pgHgJxk8, 2019-11-28 23:47:44, 2019-12-04 21:00:14
2211, TFThZ9d9dc5k2s8aV4nN, 2019-10-19 05:59:10, 2019-11-22 23:16:11
2212, 070TasqqnxAz97vSDLbZ, 2019-07-29 17:07:38, 2019-12-14 02:19:06
2213, 5VFMhSVNTnEB08A7rnwE, 2019-10-29 08:32:44, 2019-11-08 23:54:23
2214, KHRqb8Khao0LtqwDhBp3, 2019-07-16 06:25:24, 2019-12-11 09:35:50
2215, oiGjiQCY7bEygoe9I6fx, 2019-09-20 01:46:46, 2019-10-04 20:45:09
2216, IUNUV1oC8VHljrbMUYLh, 2019-02-07 17:38:26, 2019-06-27 17:52:51
2217, 9iHXHDQiUvm4pTsK45LE, 2019-02-23 00:22:21, 2019-10-22 16:48:32
2218, QJEwov83Np8FymKQ9AAg, 2019-05-23 15:12:24, 2019-08-12 21:58:26
2219, zPZHMXPYfdXnp07VDzrO, 2019-03-24 00:55:56, 2019-10-25 21:16:17
2220, 8KZSsHgwFJD7RGhCrNgz, 2019-11-13 15:52:36, 2019-12-17 20:40:53
2221, AryhMgDEjlqn2zMTyTQq, 2019-09-20 04:31:58, 2019-12-03 14:35:55
2222, QZaPNMSNDyGCDPjQ1iHS, 2019-03-14 13:19:28, 2019-10-24 18:30:34
2223, gQWCNFFbzEWuyjwTSv1h, 2019-12-08 18:28:32, 2019-12-23 05:53:22
2224, L5LDfWCuX83phpPOBPXW, 2019-06-05 01:34:47, 2019-10-11 08:41:56
2225, unQbO00SF2IWBE9nNwyd, 2019-03-12 22:33:37, 2019-11-20 22:16:25
2226, s5wkdrl6cczEWEQtFGlB, 2019-07-08 14:58:11, 2019-08-22 11:27:34
2227, lDO49eHVrlIkEQuhzLOt, 2019-06-10 12:21:52, 2019-10-12 18:39:13
2228, F1DRuXyuSwACzfonHQ6J, 2019-11-22 09:19:45, 2019-12-03 05:40:44
2229, VEEyELA8FUcndB9djmkL, 2019-08-21 13:18:21, 2019-09-08 13:34:17
2230, 5xf8KAtdMgzabOsGqetR, 2019-11-17 11:02:37, 2019-11-30 02:35:30
2231, 4dzyGhB1sR9fYWoi3JvR, 2019-08-04 06:47:34, 2019-11-20 19:40:49
2232, TRgnqiLOHe31iU705QIS, 2019-03-21 11:25:02, 2019-08-12 19:30:42
2233, wOA4jM7ipH0wbyWLnEW8, 2019-03-17 05:20:57, 2019-08-28 04:32:50
2234, BEYvNggWskXE2Hxo43k8, 2019-06-23 06:53:04, 2019-10-03 04:02:21
2235, biC2j4HOFm8ku8HcNDXp, 2019-02-22 11:20:43, 2019-12-28 01:23:11
2236, CvD69qdFdAg45K2vugv7, 2019-07-18 15:11:04, 2019-07-21 23:03:48
2237, s4qurikgPycizHIfOKWX, 2019-10-26 17:58:11, 2019-11-30 05:47:21
2238, fh7a9P8xBPmeP34vqJsP, 2019-03-17 12:42:38, 2019-03-24 23:08:06
2239, e011pkOay5Xx5oxNxjsy, 2019-03-04 05:37:46, 2019-06-21 10:38:10
2240, LctKxtJHfk9MgXP0dpHe, 2019-03-20 10:44:16, 2019-07-09 02:19:46
2241, QXvFIHT3teWDDsUR4cy3, 2019-12-25 00:16:26, 2019-12-25 06:56:53
2242, Dbpbc7JC8x4FtVoJRJWd, 2019-12-16 19:21:17, 2019-12-17 14:26:21
2243, OJWfSAQsbPr3ELw9tgiO, 2019-09-10 18:23:42, 2019-12-01 15:20:08
2244, TyrgWPWU6b89ly78TRkh, 2019-12-22 05:25:20, 2019-12-24 15:18:13
2245, iL01lqxmHD0CggN8m11R, 2019-06-05 16:37:49, 2019-11-21 06:10:25
2246, AUsFfdRSNljGQeEcoo48, 2019-03-07 20:13:58, 2019-04-11 20:56:20
2247, LhsYqf5aWEjjjWuttrjX, 2019-10-18 04:42:48, 2019-11-30 02:34:19
2248, cXnnGYSEM9G2QanLsiOx, 2019-04-15 03:57:10, 2019-12-06 17:59:27
2249, wsJjwQLf4wFH7KFLWws1, 2019-08-24 17:33:36, 2019-10-23 06:19:02
2250, IIma1yOAACm1NY41ZyQb, 2019-09-30 21:23:21, 2019-11-24 22:41:24
2251, mlpvgAIrN61gh46F53B0, 2019-04-14 05:05:24, 2019-05-27 12:23:07
2252, CQsjyY5DfwNqxnQBokeX, 2019-07-13 20:17:53, 2019-10-24 05:53:41
2253, hhmOqFhzIolN3UnZAf4Z, 2019-09-11 17:57:44, 2019-12-01 10:00:12
2254, ezKhpI7s4fnlePMoWD8d, 2019-08-19 09:55:38, 2019-12-16 20:46:10
2255, YofccSis8a89ZhduYEEK, 2019-08-19 12:29:48, 2019-10-26 14:21:04
2256, JrzVND9BZRwzaFhFrA3V, 2019-09-01 04:21:04, 2019-10-03 08:58:06
2257, cZ8lUSx2sqgOVn0LHyLs, 2019-08-21 14:11:21, 2019-11-10 21:10:48
2258, RpwREsPT5CEDd6iAG7Z5, 2019-03-28 04:12:34, 2019-06-14 05:03:02
2259, 4hgX5HFyx48bsF5N6Ken, 2019-06-22 09:25:06, 2019-07-26 17:22:55
2260, JPhDHl26pM3UmiND7Uw2, 2019-02-26 21:56:19, 2019-09-09 17:38:22
2261, 5fEIf8C2DAVARm5cOoC4, 2019-09-17 06:36:12, 2019-09-27 15:50:18
2262, BElsQ28Sz6TLrGlPavmk, 2019-12-24 23:47:09, 2019-12-27 05:54:12
2263, IXlPy65LnqL6dbX8eave, 2019-08-14 12:10:33, 2019-12-20 03:35:38
2264, 2C7WutNvxn51vnMRXmj8, 2019-11-19 22:24:11, 2019-12-07 12:43:56
2265, da7OsOxqwNix1clLYaRR, 2019-09-19 16:28:32, 2019-12-23 01:39:09
2266, SqOdXq2pZ2kvvGcWT9nk, 2019-12-23 20:12:53, 2019-12-29 19:31:36
2267, kHkXebaTNi7QBsXvLaiY, 2019-01-22 09:01:16, 2019-03-22 03:31:18
2268, NYUHlPI1nvHEQJvilUlu, 2019-06-26 07:17:30, 2019-09-07 20:04:40
2269, ihTa8ZboM3L68cZ68ByT, 2019-01-30 12:54:31, 2019-12-22 15:03:18
2270, dsvhf5nLxgI2awzVbhpM, 2019-04-29 23:02:31, 2019-07-26 10:35:23
2271, XPZOdScRT1TPWRX62FSt, 2019-04-30 00:45:31, 2019-10-03 05:19:27
2272, DG9TqpWE8QfMQGNyUPj8, 2019-11-25 15:18:58, 2019-12-27 06:55:44
2273, 0BzwkCqd8NwSkjCyIaqQ, 2019-02-26 09:48:49, 2019-12-01 07:41:41
2274, WL75o1lyE8lXh8WfubS0, 2019-05-28 04:33:40, 2019-06-19 21:42:50
2275, zORQooiTRRlTqgOpKMva, 2019-09-13 02:29:06, 2019-11-11 05:44:06
2276, CzKNBXxtuzGF0eo9nT24, 2019-03-19 05:04:40, 2019-07-28 13:43:58
2277, dx8O11mb9WcuRtWTYK1O, 2019-02-03 04:35:09, 2019-03-22 12:47:24
2278, xnKC3cJMQoyjsV7fDOD4, 2019-12-30 07:41:02, 2019-12-30 22:28:48
2279, 06LYmab9okkYes9jkef2, 2019-03-07 17:22:07, 2019-05-06 16:12:24
2280, 5n7aIGDmdyGM52Xp15kw, 2019-05-23 15:18:32, 2019-09-30 02:18:48
2281, sn0mU0FW2383iU3dCKkC, 2019-02-20 09:32:36, 2019-03-19 09:20:22
2282, Ql0KA07RqLLpvuCBJKh4, 2019-03-24 12:31:09, 2019-12-21 15:19:45
2283, hJsVhhEvr2ltFZYiqtRC, 2019-11-30 07:55:11, 2019-12-07 15:31:48
2284, JGN9BBe0xHEtajTEsZA2, 2019-11-28 18:58:38, 2019-12-20 08:03:11
2285, hSYwBcud4NDet0JPQkFe, 2019-02-25 08:53:53, 2019-08-28 07:00:35
2286, Kh8am5Yrf4H92Oe1obMa, 2019-06-17 20:17:05, 2019-08-05 01:16:46
2287, Hz1N5NcjvdWIiG4sEjOd, 2019-01-07 06:45:36, 2019-12-21 20:48:02
2288, cIQbLevFtVXRTxwRiMsK, 2019-12-07 20:48:30, 2019-12-29 21:44:49
2289, QA2SCsTUkVAOsKuv2nkg, 2019-04-17 22:40:25, 2019-08-23 17:42:25
2290, 44ivqwPa3BS8qCxle6rH, 2019-05-31 11:40:16, 2019-09-22 17:22:14
2291, KjyECN0Y5gPbnBgVkuW3, 2019-09-08 21:42:43, 2019-12-22 13:23:53
2292, OC6vjoEb7q9ZWL2qhsXE, 2019-03-02 03:08:41, 2019-09-28 19:53:12
2293, 6iS9m7lq9nSv5ZCslge1, 2019-02-15 10:39:00, 2019-08-16 12:05:33
2294, xUrkSEK7xJfn1CkHdhmb, 2019-04-11 13:12:33, 2019-08-09 10:20:52
2295, a14K25BapfGKbHBvH1pT, 2019-01-17 13:40:43, 2019-12-18 21:32:13
2296, ptPWzKA0vqr6qDEAdikX, 2019-12-04 22:54:37, 2019-12-21 16:48:08
2297, tCDyQmxOmohJB8onsjmv, 2019-08-06 13:28:57, 2019-09-18 08:24:37
2298, l3b89ovOT9kDqPoIlR4U, 2019-07-23 16:10:24, 2019-08-15 01:14:55
2299, 5nKhd2GSpScnOcaRGLZq, 2019-02-17 03:52:47, 2019-12-22 10:04:04
2300, RzJvuUdNYJfB3NV3mnR7, 2019-02-25 20:51:05, 2019-04-27 19:23:59
2301, 9T0NnFNpqINqIUHPdRb8, 2019-09-05 14:30:17, 2019-10-04 19:15:11
2302, Ey8ffAmrlrsvDlccHXYe, 2019-01-21 00:16:20, 2019-10-05 14:23:01
2303, u65kePt2vN5ziyOZNNjk, 2019-12-15 04:52:13, 2019-12-19 02:16:20
2304, 92xpNArvno0ujEzPnaAX, 2019-09-26 13:06:27, 2019-12-16 04:11:33
2305, szJV5dbBFgoYedlmdEDQ, 2019-03-15 05:12:33, 2019-05-27 19:19:08
2306, DIuTvofSNOUD4yXLuyGd, 2019-08-28 09:57:51, 2019-11-10 04:23:46
2307, URzOwTODPIXpndiMAhUU, 2019-11-16 05:38:29, 2019-11-25 19:42:47
2308, 6yoXSfIlOpk5MCIn4XUb, 2019-07-10 00:42:30, 2019-10-10 00:31:19
2309, hY421BOAcESpoABD3lCx, 2019-06-08 13:00:18, 2019-09-28 16:56:44
2310, kfDiO67cxSQLhzWHwjN6, 2019-10-08 16:07:42, 2019-11-21 13:34:37
2311, 3Xwaih7jinoO1JsmNnzD, 2019-07-11 10:23:43, 2019-11-01 16:16:53
2312, ES6u8Gwu2iwXacbvUTE5, 2019-10-05 05:20:22, 2019-10-23 04:03:32
2313, DH7ZNiYP7RVosJKuJ2Zv, 2019-04-29 04:38:20, 2019-05-16 03:46:06
2314, 5B0kirdC4bdBNpliaGMs, 2019-03-10 07:03:18, 2019-10-28 07:20:23
2315, qc0JBbPb3iPIZlOmxNgE, 2019-11-04 23:07:02, 2019-12-10 12:30:07
2316, 8sjt2eXV2LO40Nqr5J6U, 2019-06-26 23:52:51, 2019-11-08 09:42:40
2317, PVKLHCmmYb5GzmeJ09Us, 2019-01-01 17:57:04, 2019-05-19 04:18:02
2318, JNMtMivBB8lCKN2JroMK, 2019-03-25 03:43:54, 2019-07-05 20:33:38
2319, maQhbtJa0RYX5yyYQnYl, 2019-09-10 03:24:32, 2019-12-13 02:58:08
2320, 7ajZciVlclUegpynYLvl, 2019-06-16 15:44:40, 2019-08-29 15:56:52
2321, awlBA2tHDEz1jY6fk6Og, 2019-06-02 13:29:48, 2019-11-14 04:17:04
2322, XLeun7DAVgZLk6WidWnQ, 2019-06-19 04:28:23, 2019-10-02 18:29:18
2323, 2mqQBBPe2fFJgMSOCs49, 2019-06-13 03:23:01, 2019-08-07 16:23:45
2324, zeYZEjMsWss7BIF6Rp9h, 2019-06-23 13:11:54, 2019-08-02 21:02:08
2325, prKTKYzMzHvhVHjnrmol, 2019-11-19 02:07:25, 2019-12-27 18:58:49
2326, jbORt4qA0hQ2c5V226YB, 2019-04-10 00:38:01, 2019-10-17 11:12:13
2327, Le0xp9ilq1ytymhKPZCq, 2019-01-23 20:22:11, 2019-11-21 07:14:11
2328, FBvblqqVvSg4K00ifjMb, 2019-05-11 09:56:34, 2019-10-21 04:48:53
2329, UIbhH5gQ6W7929aLo5He, 2019-10-02 02:09:49, 2019-10-10 09:42:32
2330, demTM1jhTCSeXx86vj8k, 2019-08-22 11:46:46, 2019-09-17 20:57:31
2331, ZZWsltSi6jJ5Kz9zHxYf, 2019-09-19 16:30:39, 2019-09-28 17:11:48
2332, sppC1EqR5ifh9JgPwPM9, 2019-04-21 16:59:04, 2019-10-28 15:47:28
2333, VT4HEoykpcJIvu3DE19M, 2019-03-21 14:46:37, 2019-07-17 04:10:36
2334, kz1uJxLgfXN63GYEeNkl, 2019-12-05 13:55:21, 2019-12-27 17:29:36
2335, 31fyzjJShDQZZH3jkAJv, 2019-01-21 07:45:56, 2019-12-06 21:23:27
2336, ot7IbNoHeDUJcM8FzKcb, 2019-01-26 20:02:07, 2019-10-03 09:01:15
2337, rOiAoIah2Hdcmhxq5nOl, 2019-11-03 09:07:35, 2019-12-06 21:26:02
2338, yXX7RAGhPHNEnVfLs99g, 2019-09-19 01:09:59, 2019-12-12 14:36:48
2339, fiQm0u4eqFWfVyreBaUn, 2019-06-11 09:20:53, 2019-09-10 21:12:42
2340, P2O25yoP0jq9s2TWJ0GB, 2019-07-30 01:51:38, 2019-12-13 01:06:23
2341, Eb855CXo5mNrZlQksZ4C, 2019-08-02 02:05:36, 2019-12-20 00:47:01
2342, 6kpQCDJjVr5umbmTspYp, 2019-04-10 13:25:49, 2019-05-29 08:16:48
2343, UmhN9DpxXvg9rx0cMst8, 2019-10-20 09:53:02, 2019-11-18 06:07:58
2344, zIbSFafFndvw5kfLmFIX, 2019-03-31 10:56:50, 2019-12-05 19:50:58
2345, KyCtTM5IqQ2OEtN7FjzP, 2019-06-04 06:17:44, 2019-10-01 03:06:56
2346, 5N7otJaj05aipwWamd6E, 2019-03-15 09:59:24, 2019-11-03 00:49:44
2347, 3zReYV2L08gzSDW7lved, 2019-09-12 16:12:38, 2019-10-24 19:24:46
2348, 0ySFhwpJDVavawZ6sSnU, 2019-01-07 23:36:18, 2019-05-03 04:59:27
2349, RjSmIBx7tzVUN3kZby13, 2019-10-19 02:59:44, 2019-11-22 21:36:20
2350, tx10E33Aq7XX5iuDl031, 2019-12-09 10:22:36, 2019-12-10 00:45:18
2351, nsqUGW6rVVk2SeL8OFyO, 2019-02-14 00:20:32, 2019-04-18 09:20:16
2352, cdQfKO4ijSs1stecFBjQ, 2019-08-03 09:19:11, 2019-10-26 08:52:11
2353, ps7srBCCvuLkqxHacsBV, 2019-05-27 19:30:31, 2019-07-21 21:44:24
2354, WB0gKS3oCw8LiI5j0u41, 2019-03-07 20:43:43, 2019-08-23 07:11:51
2355, dSeZFnlty2YZP6t2chp0, 2019-05-04 22:44:20, 2019-11-08 19:45:55
2356, YWRlQ3saBh8oisNwFsCY, 2019-02-05 07:09:06, 2019-11-12 02:28:45
2357, AaKacSECfw1DWm6HVnDF, 2019-08-12 18:19:20, 2019-11-02 06:35:07
2358, q0LorKYvRreZxmZxatEY, 2019-11-02 02:02:53, 2019-12-23 08:48:09
2359, CqUqqt6kM7Ofa5GrgV56, 2019-10-13 01:14:56, 2019-11-12 09:04:49
2360, KUC1ESWFEWAFPWSY9xBv, 2019-01-01 09:05:42, 2019-11-01 05:10:24
2361, pBovi5PRK0Y8RHXuDbIm, 2019-11-02 15:26:34, 2019-12-05 01:13:30
2362, dax3nEP9bNh8jswx1ig2, 2019-04-12 05:50:29, 2019-05-28 01:16:01
2363, fxrrDjo80DWG2Y33Tqv3, 2019-08-13 04:39:40, 2019-12-07 02:39:54
2364, WEnQBCd6A24DcgoZoiH9, 2019-11-26 16:37:00, 2019-12-22 18:34:18
2365, SrSGSunPdCjDQuBybBG5, 2019-05-01 14:10:16, 2019-09-25 01:05:12
2366, y3bAoJIGuYHWnuUwDl8o, 2019-10-20 23:58:39, 2019-10-26 09:46:09
2367, MriWcJGg5i0KY6cjZjXs, 2019-05-13 07:06:00, 2019-10-05 20:36:01
2368, 6ftNGxPlG8NpUn0BeHY5, 2019-08-05 14:36:06, 2019-08-11 14:48:13
2369, NMvuV61ZOUCsjHFlyVww, 2019-07-28 23:02:56, 2019-11-15 12:15:05
2370, E0AHQKQCTd31aW3THRiy, 2019-12-07 14:07:56, 2019-12-11 02:06:28
2371, CfpkO8roNJFZT8Om4m7c, 2019-12-22 22:12:12, 2019-12-28 09:54:34
2372, W9yr6kDX7tPB1fLiVKP7, 2019-07-06 01:42:26, 2019-10-26 21:36:34
2373, nf0BPb8dXwR0hUyAklUr, 2019-04-01 07:13:34, 2019-06-11 04:20:15
2374, JnHVuiIfpsmlggMp4iUG, 2019-01-23 06:26:07, 2019-04-03 10:02:30
2375, Gq6nXYTRyuetjeDMqQVN, 2019-11-29 13:23:18, 2019-12-28 03:55:07
2376, KS50rv2ShecPFKYnDzuI, 2019-04-06 23:09:17, 2019-05-16 10:15:58
2377, RO0FHGr9U48jDv2LFJOT, 2019-12-06 13:10:59, 2019-12-12 10:09:21
2378, PFJxlKSwPJgKl3xes2jH, 2019-09-12 02:22:12, 2019-10-19 13:52:33
2379, NEJnUqDrFG9hMEyZELzH, 2019-04-30 15:26:58, 2019-06-23 19:54:25
2380, fx9xw9U33ExXkvvtZrBq, 2019-05-10 05:05:27, 2019-12-30 03:08:58
2381, MSxY7JblXtHhH0VJcToY, 2019-11-21 21:59:40, 2019-12-09 17:23:49
2382, jyVSIIAuE3DlOUjrkldN, 2019-12-04 08:00:55, 2019-12-21 21:55:19
2383, RskP3S6yvtxv1M3OWpmA, 2019-07-26 03:58:37, 2019-09-27 14:20:57
2384, 1ONHwKjCfNohvh6TkWe3, 2019-02-13 08:56:11, 2019-03-05 18:11:00
2385, NPN59QU4vMna79ZRif5k, 2019-05-13 20:00:41, 2019-11-05 16:35:34
2386, AYF6UVZhQORm0MSW99zo, 2019-12-11 15:32:14, 2019-12-30 17:45:50
2387, ykeVLjMd0zwVXvtq447a, 2019-11-06 13:25:34, 2019-12-30 09:28:46
2388, P1fjFZIFSCaJBBqT6WyF, 2019-09-06 02:09:48, 2019-10-16 20:14:04
2389, lyE5UsoMO3BihUzI8Iz2, 2019-04-27 08:42:59, 2019-12-05 04:20:30
2390, KDgUB5gdzoM1x07KSEA1, 2019-06-30 01:44:32, 2019-10-02 07:42:43
2391, WYOdsdQ2pOL4lnSoWjiU, 2019-08-02 21:47:12, 2019-12-25 12:49:12
2392, NlJTDyNuvOnkOtPblVOr, 2019-11-18 13:08:16, 2019-12-07 01:54:26
2393, iMho6waTrN7Di8depFQu, 2019-12-17 22:59:45, 2019-12-22 03:27:25
2394, V04Bdk3nysDZbgwXsquO, 2019-01-07 20:57:03, 2019-07-28 16:31:51
2395, l72W6rv5BehXCEehsmY4, 2019-08-27 23:08:27, 2019-12-30 10:12:08
2396, 0FATWDkECZhHY35bZfFr, 2019-04-11 17:10:01, 2019-05-03 01:43:25
2397, U1mHsRkZWug6irKOjchy, 2019-11-24 03:57:14, 2019-12-28 20:29:42
2398, 5NRZRTybupauMGET1CnO, 2019-04-23 05:02:20, 2019-11-22 20:17:12
2399, BTWhDRehdqWQhE0ZXVq9, 2019-09-06 18:41:42, 2019-11-19 15:48:51
2400, R9FNRQdXCIfHYywwsIyJ, 2019-03-22 20:57:19, 2019-08-28 20:37:04
2401, 5zuDSTQpceRTIDzOerHg, 2019-09-16 06:03:26, 2019-11-11 10:01:47
2402, prexSjWSCGLlik2f1NZm, 2019-04-13 22:59:19, 2019-05-29 03:03:09
2403, Fv1EBo72R4SjHGOI2qZt, 2019-05-30 16:56:47, 2019-08-29 05:25:50
2404, PBVALtAnW5wCOyeMpNPS, 2019-03-01 03:26:29, 2019-05-18 05:37:44
2405, 6Ap4gzxeN447iDZ1kEhm, 2019-10-05 17:04:42, 2019-10-30 16:01:29
2406, RXnbTbegBxHSU8RBVpSK, 2019-06-09 18:42:29, 2019-08-29 17:36:39
2407, U9MOe5zvl2CQiabq2SQQ, 2019-10-18 22:04:11, 2019-11-12 17:15:27
2408, Z5rA9PICsvFBx18WyHsj, 2019-03-26 20:00:14, 2019-07-22 22:47:04
2409, 3D1ho43hW3gUsr5lp3Dc, 2019-10-13 01:57:13, 2019-11-09 05:32:30
2410, Rzz5g4an7lYlYasruNHY, 2019-04-23 12:55:10, 2019-12-27 12:14:27
2411, Vjoldebtymvgt8Ka0b6c, 2019-02-12 02:14:55, 2019-06-23 22:36:36
2412, H6xoO2FwsniBAKjQrL6A, 2019-02-23 01:24:12, 2019-12-06 01:08:43
2413, zNlOGtVD3W2JmsEVxZ4R, 2019-01-24 18:25:51, 2019-08-01 22:06:10
2414, Yonu8GAeTO1isjwpdZqx, 2019-12-14 22:39:32, 2019-12-21 06:28:12
2415, fxfPFMIgOTFB2ZYiHeFc, 2019-12-24 07:26:20, 2019-12-27 06:38:50
2416, jOE9vtb6nXC1VSsfcvQ3, 2019-09-18 03:01:57, 2019-10-26 14:46:15
2417, aHDPRJitlOD9VR4Us02x, 2019-03-16 11:11:55, 2019-09-24 03:07:27
2418, UtqUqNMSfD7cWCsx2xwn, 2019-06-09 19:56:25, 2019-10-17 05:27:59
2419, KZyQi5WkKBg7Su54K4Zx, 2019-11-12 16:33:50, 2019-11-29 04:05:17
2420, 6bEZLpd48vvXGV8PrNIN, 2019-10-10 14:50:04, 2019-12-11 03:50:13
2421, Otf3P3SmBQSfDDQXu2Ed, 2019-04-20 01:08:25, 2019-08-11 14:47:32
2422, LS2QBdsOZL5B9LJEjJZD, 2019-06-13 11:01:16, 2019-11-23 03:04:58
2423, Xi2Yz8PkpS4YdwUpj0OV, 2019-08-09 14:09:04, 2019-12-23 01:04:38
2424, KNDteewdHEn8mPNuOXNX, 2019-10-17 23:19:44, 2019-10-28 10:50:25
2425, 2aHXPlTdBvFUGzJ3Fzm7, 2019-12-28 11:32:56, 2019-12-30 03:35:03
2426, 4zgdCmrsbhEFAvedaXUZ, 2019-05-28 22:07:26, 2019-09-03 02:33:49
2427, JCjnk81P8PcI8kzhAHOZ, 2019-02-09 03:45:45, 2019-07-27 07:53:31
2428, 3C0IBwAeXEamgzpwaivK, 2019-05-13 23:06:21, 2019-11-02 18:42:24
2429, YfzDESbzw0DZRoFGlqUD, 2019-11-04 15:13:58, 2019-11-21 06:54:25
2430, PGrBMWSf0FneXC9gaqbf, 2019-07-11 14:24:01, 2019-12-13 05:12:58
2431, W9OsRcC7nXq4ejvA8S4T, 2019-08-09 11:37:57, 2019-09-20 12:36:30
2432, BDDVySM4Z7g9Qu0UzMZ1, 2019-10-21 02:18:33, 2019-12-25 16:49:34
2433, 0BX1just1258J88lEyFO, 2019-10-24 00:52:54, 2019-12-21 17:03:24
2434, RiIacbnDPx8gglH1vStj, 2019-05-15 22:06:09, 2019-07-12 14:38:51
2435, rPzCCfkAzj1PoNNHXQya, 2019-06-11 14:12:10, 2019-11-06 22:44:18
2436, qAxnz6HXQHBdPVAsArFk, 2019-05-28 19:25:13, 2019-10-16 11:39:08
2437, m1rSBf32VCG9WUkjbFsU, 2019-01-08 12:10:28, 2019-02-02 21:32:40
2438, qOF2EGBbzmtZ1jPP7X0V, 2019-02-23 13:46:18, 2019-12-13 04:53:00
2439, Akqj3vXPIZ4wKKoBtlGN, 2019-02-11 20:38:45, 2019-03-07 05:40:47
2440, aims0y6eAcC2o7QJqj33, 2019-03-19 00:17:42, 2019-05-02 19:23:47
2441, 30UMaXvcpijuDBzj4HHu, 2019-12-29 20:41:16, 2019-12-30 07:10:01
2442, KvDoZCch3vjjgnGKrnWT, 2019-12-20 14:08:21, 2019-12-28 01:30:34
2443, u43GInlAWZ5yTl7VF7cW, 2019-05-18 17:21:29, 2019-06-10 16:49:10
2444, 19JesiR0segPo3IeeGQb, 2019-05-15 21:48:58, 2019-08-06 09:24:30
2445, PpRZWeu6WRXUsiqSeSvC, 2019-02-28 19:38:55, 2019-06-06 23:22:41
2446, EqL27Dli7xz9C3wpRGK7, 2019-05-31 16:20:48, 2019-10-22 19:03:07
2447, TpJVjImM4N5Ig2pycyT4, 2019-07-14 06:02:34, 2019-12-05 18:16:05
2448, WKFQDJWyRiOwCHnfym1w, 2019-01-12 20:01:33, 2019-12-02 11:38:18
2449, vzTiZ6GObB0vReZv81Mz, 2019-01-16 23:21:04, 2019-07-19 22:22:56
2450, imDsJk2NSwTKoDoOQxEn, 2019-10-07 06:09:32, 2019-12-30 03:30:43
2451, ONxPttofwhDOxd0mIN8U, 2019-10-03 21:27:00, 2019-11-27 15:22:38
2452, 1FNi0CKpV5itSwxUJjgr, 2019-11-28 14:19:19, 2019-12-05 20:44:55
2453, PxfZLxE6vmnOesJTa8KO, 2019-07-19 06:43:16, 2019-11-30 05:17:15
2454, 7RtorEg3l6oXH4ETPSE4, 2019-12-12 01:57:27, 2019-12-21 20:38:49
2455, zZdHYWdqc0O1AMo6Kls5, 2019-12-14 01:15:38, 2019-12-25 11:16:41
2456, h36vxgCyEZsP51M7tsTX, 2019-06-27 04:18:16, 2019-10-14 13:02:01
2457, Sd3YL9huH4qOoeCgSX3x, 2019-02-09 03:29:23, 2019-04-25 16:23:17
2458, aob9PGzD5dZhj358d5hT, 2019-02-21 17:38:21, 2019-10-05 10:10:15
2459, qjB01tAgSJpOAer7FZap, 2019-08-11 12:17:37, 2019-11-20 23:00:50
2460, fGJIKLp7AdY32tb19wrT, 2019-06-20 12:20:59, 2019-10-05 17:14:38
2461, gb0tyaplydNc4ZxAsIFA, 2019-09-10 06:12:21, 2019-11-06 22:52:31
2462, YNQvNmwPSqrbAyJQCGwb, 2019-01-11 05:14:43, 2019-10-13 13:05:27
2463, SoZn3qj12VuBKx7O0jpp, 2019-02-19 18:14:02, 2019-05-21 16:19:44
2464, 248nDoOL0rHUL5MwLqFM, 2019-01-30 02:29:03, 2019-04-07 15:40:17
2465, ftVD7lBONgfM7UcthMhg, 2019-07-15 02:54:18, 2019-09-17 19:26:57
2466, ssvjSTqPMl7bPqRr6ae6, 2019-10-08 23:52:25, 2019-10-13 04:41:33
2467, xU1Rq91PTMU8ZxG16U4m, 2019-12-05 18:34:35, 2019-12-26 02:25:38
2468, cDOYrEGgkjy95eZYsmNL, 2019-01-20 14:34:46, 2019-04-28 22:06:27
2469, 54Dk3mzy6DutPuGJhxYW, 2019-10-28 01:31:51, 2019-11-19 18:40:35
2470, F6HDx0MBq9NP26KHzlAl, 2019-03-11 05:16:35, 2019-11-11 22:45:50
2471, mERZDatI56Vw736OjAsx, 2019-10-07 03:48:54, 2019-11-07 10:25:15
2472, 2IeD5wacEcamraXWPW2B, 2019-08-11 03:24:44, 2019-09-11 21:49:49
2473, vKdFlplRkO42vMxJvPPu, 2019-10-31 00:20:36, 2019-12-27 14:39:57
2474, 81TUT2XYiFC9GEvH9Db1, 2019-12-11 06:05:55, 2019-12-24 19:04:14
2475, dGSp9GxDncWGVKhrbj4L, 2019-01-24 09:10:32, 2019-11-25 00:48:46
2476, xy7ZONqdUmJxcgxVA6hP, 2019-06-19 23:56:00, 2019-08-31 10:51:57
2477, KRavxC1PaNX9sUimlVML, 2019-03-09 10:41:04, 2019-05-25 07:18:07
2478, DM22TmXaAJoATkzYuH2m, 2019-09-04 10:52:52, 2019-11-16 22:31:53
2479, nRv1wBSpE6pVtELQRn0U, 2019-06-20 09:44:35, 2019-09-19 05:03:45
2480, jtcfioU4mRcfYHSW5LeM, 2019-05-31 00:49:09, 2019-09-08 12:17:23
2481, EVSAGO6IXFjk1cGmtHIW, 2019-10-13 05:21:01, 2019-11-20 01:24:55
2482, MWtKX1rZdbmuRAEYHK3S, 2019-12-11 13:25:46, 2019-12-24 18:33:28
2483, SWJIIBRblzxb3SNmD0vY, 2019-06-10 19:32:21, 2019-10-29 17:41:13
2484, 5Yykp0YNovFP5sYLdta9, 2019-11-28 11:08:59, 2019-12-22 03:07:22
2485, KqKBJ7G2NApAyFH9SHOn, 2019-07-05 11:16:37, 2019-12-24 15:17:43
2486, Cioxl8Qje8L2THIkCk35, 2019-04-13 14:25:30, 2019-09-03 17:23:59
2487, 8orZI0b73nwi7ap5Ikhg, 2019-09-26 09:23:39, 2019-09-30 20:24:58
2488, D0cRFumjQL9SMHXRSLgP, 2019-07-29 17:01:29, 2019-08-03 03:17:24
2489, mMBsZdn5ah7t3ncliLlv, 2019-08-13 23:34:02, 2019-10-10 19:40:25
2490, ypxXG3NN1r6kPpzPFvEi, 2019-08-31 09:46:52, 2019-09-26 21:42:32
2491, RCxafisQutdt2ZjuI12h, 2019-03-27 09:10:35, 2019-08-01 19:37:32
2492, Vn6hXbEyUo7zwbbBwwRD, 2019-11-13 03:28:54, 2019-12-26 02:23:20
2493, BIcOB7gXkXCDJpetLwK8, 2019-08-28 19:03:23, 2019-09-20 06:28:42
2494, ktx5lYxQSnAurUWgdx4I, 2019-03-20 08:36:27, 2019-11-18 04:39:59
2495, S65TJ5CsqKi8CyY7MRoI, 2019-09-16 17:53:39, 2019-12-17 16:09:23
2496, KG9JQMsK6wts36dFQmxX, 2019-12-19 05:35:40, 2019-12-25 17:54:48
2497, 3EqdWV6nMoxPEHdB7o3L, 2019-02-18 13:36:26, 2019-06-17 23:58:28
2498, H5ayeswsIE1HcvsmHSuw, 2019-04-11 14:20:48, 2019-06-13 23:06:44
2499, zq8COe54yWHPJt4aEKvD, 2019-12-12 22:29:10, 2019-12-21 06:38:26
2500, BWlPTUiSAgN2n3PyBXuS, 2019-05-18 10:14:22, 2019-09-28 06:03:53
2501, iuA1WbVy7KHrL4qDOZ8i, 2019-11-25 10:04:09, 2019-12-28 09:56:17
2502, B3SEpapOFZuqAWuUAC9p, 2019-11-11 14:07:37, 2019-11-22 08:20:59
2503, qsEBD6EQYOfPvsJPKvPE, 2019-07-19 06:43:28, 2019-10-01 01:40:37
2504, 1qZYeIRUwGeceQ8n9xE1, 2019-09-26 18:35:29, 2019-10-17 00:27:47
2505, Pr3MnBocUpEew9PnFrPX, 2019-10-24 15:04:14, 2019-11-12 13:47:45
2506, wQKO7O5nnSSFZQNAPItv, 2019-12-29 15:26:23, 2019-12-30 05:01:04
2507, 9Ji233P2V4N422dOLx2f, 2019-01-27 19:08:17, 2019-02-13 08:11:07
2508, MbgNOEap5BG6W81YQtjX, 2019-04-15 06:37:34, 2019-12-03 20:22:23
2509, u2madMu9MA721MYhohpP, 2019-08-21 01:48:37, 2019-10-13 23:00:52
2510, v2Uuyee0XRymbEc7Pzvc, 2019-08-16 00:12:06, 2019-12-22 11:28:22
2511, UKdAP6xYNkHqKyptkUDN, 2019-03-29 09:32:44, 2019-04-11 23:14:50
2512, 3SLf82OpsOWm42lLQoy1, 2019-07-21 22:14:03, 2019-11-09 21:43:03
2513, iuJyVqaWqXm1JIgj8zkr, 2019-04-10 20:34:20, 2019-11-28 20:49:03
2514, ze3XtRBHi4Hix6XHsSzo, 2019-06-11 10:06:03, 2019-07-28 05:08:21
2515, WBseFH99SDIc7cOlDSrh, 2019-08-16 21:59:14, 2019-09-28 12:20:47
2516, xahytxvr0nM2BeNdf8Lx, 2019-11-26 04:42:06, 2019-12-07 10:38:52
2517, q0iwvKCLd5Z5TTpLYEnR, 2019-02-13 19:19:13, 2019-11-16 16:45:06
2518, bmPl02gpy3VPkP1rUOVT, 2019-06-16 00:53:44, 2019-09-13 19:37:30
2519, xOnhyAQqJu5P0NbbFAWv, 2019-02-22 21:28:00, 2019-06-21 08:12:03
2520, BjPLh4xQGNQnzZIlByYz, 2019-06-06 07:52:23, 2019-07-27 14:34:09
2521, dVw8mMZPU1HoDOGejKhh, 2019-08-05 12:48:12, 2019-09-01 15:10:26
2522, X1V1SpgZ0WctmtcRIq8J, 2019-11-21 06:03:28, 2019-12-16 00:49:19
2523, tqshKsQPFEFEd0q4vubi, 2019-04-14 05:13:11, 2019-05-13 21:13:48
2524, sbj8n6oEGzWj0OyadbhK, 2019-08-21 07:07:24, 2019-12-13 17:03:31
2525, mSQwve9RzocdoOJ6GayD, 2019-08-30 05:53:40, 2019-09-28 22:07:10
2526, pNUjKX4Xhx3EmFT4Dtz5, 2019-07-21 05:47:50, 2019-12-16 05:14:43
2527, 39jffgNvrablAfmRtw61, 2019-10-10 21:44:52, 2019-12-09 06:18:23
2528, 3eXpg7JTcW1BUjYE63co, 2019-02-03 21:22:30, 2019-02-22 08:52:34
2529, hvwzFiPW4pKzLNYDjbSb, 2019-02-17 06:21:32, 2019-09-27 23:15:50
2530, 3wRB2r55QRJmmsF0AsAX, 2019-01-12 06:30:13, 2019-10-15 21:16:09
2531, dn08mKmRHXuYkH9d5MJY, 2019-11-21 05:26:12, 2019-11-29 17:58:36
2532, CcpYgEg6eipMhrEqDYDR, 2019-08-17 07:45:56, 2019-11-03 06:47:54
2533, OxmdQELCgFzS2atjusV9, 2019-04-28 10:09:24, 2019-11-27 15:42:24
2534, lCB8A22XRXqISfrVBugO, 2019-06-14 10:02:40, 2019-09-08 10:31:44
2535, 0Yrh8UZ2bgmnWS2iEDlm, 2019-01-14 15:56:50, 2019-08-05 18:58:14
2536, lZuOVeKa9mLgRYc1HHyr, 2019-05-02 12:26:55, 2019-10-20 07:29:51
2537, GpMTnKrThDH28AY6WHel, 2019-05-24 09:49:53, 2019-12-17 21:11:26
2538, UH7jTknMqnKQE7cIa5bn, 2019-11-25 11:02:56, 2019-12-30 03:02:02
2539, ejyPJ30ItxXHpS6nwLFy, 2019-12-21 08:54:25, 2019-12-22 02:02:13
2540, XR4bUXsjYiIBwLQcatIr, 2019-02-01 19:35:08, 2019-07-15 04:17:39
2541, hwXeEAXxdaOdW1uO7V6C, 2019-11-12 14:10:48, 2019-12-11 07:28:26
2542, Grmlm9GIPt8UeBEQMmCj, 2019-11-26 10:36:08, 2019-12-24 19:43:34
2543, EDdZJgsH2eaTpGwBVUha, 2019-02-04 10:47:16, 2019-06-07 06:01:34
2544, i7J7qdAF8Gm08uDY6ICM, 2019-06-13 20:55:32, 2019-08-08 22:27:48
2545, P6ppOKtjse2jdHLLx88Y, 2019-07-17 13:06:19, 2019-12-18 23:11:50
2546, lmYaEoAT0Q2o3MsfYhyC, 2019-09-16 05:07:07, 2019-11-29 14:11:19
2547, 6nKfzi5SjTlBwcHomMmj, 2019-09-29 14:39:18, 2019-12-28 18:39:11
2548, 13hY5QmCrApCfqNxazkw, 2019-06-25 01:24:43, 2019-08-29 01:54:58
2549, EOWXYr7BJGKIuHwc6ESg, 2019-04-03 17:05:10, 2019-09-23 06:00:43
2550, 29678b7BnDSMrgmw2eqG, 2019-07-01 22:13:30, 2019-11-07 16:29:10
2551, tK4AUpsaks80fxYKUwQ7, 2019-10-19 06:35:53, 2019-11-03 20:48:20
2552, QBTbbXA7a607W8jOcD31, 2019-09-15 06:35:05, 2019-11-12 20:52:14
2553, 6SOB8QqwnxQmmT84Eyys, 2019-03-26 22:05:15, 2019-09-10 20:43:04
2554, ZAAJv9iC3sApYHStvuKS, 2019-09-03 14:29:03, 2019-11-08 12:07:44
2555, XPWpyX4hEmk1mY5FzA0R, 2019-12-01 09:56:40, 2019-12-28 22:56:21
2556, swAfyQDolTaAkfx1PBuA, 2019-01-15 12:31:06, 2019-09-20 06:34:37
2557, cmEFSrPo4RYZmnJJXp5v, 2019-07-19 09:53:16, 2019-12-22 16:43:05
2558, oP8L3y5HPRnUvuhXQKhT, 2019-12-27 00:59:59, 2019-12-29 05:40:11
2559, C471EUlXC6nEpFxlyh3K, 2019-10-12 04:38:09, 2019-11-24 20:49:39
2560, 7t7bxzLuGGjsIHOwmwpf, 2019-12-18 21:14:22, 2019-12-29 21:18:39
2561, TXQeoxhwNz2o4TyTlg67, 2019-11-01 05:34:01, 2019-11-02 14:49:14
2562, GwhDDAmHaSwZgeaS1qCl, 2019-10-04 10:21:09, 2019-12-01 12:52:00
2563, t8ifZMWouDwvFPi1wfpQ, 2019-04-17 00:26:26, 2019-05-21 00:12:13
2564, RrtbmlMwN3c4FCWlV8qO, 2019-07-30 00:34:24, 2019-12-30 03:20:50
2565, IXI5JRg3gAxOgXSl2TXs, 2019-05-03 21:18:27, 2019-11-30 09:16:49
2566, clemaPIJ7l7J9B8DsMZV, 2019-03-22 11:44:51, 2019-07-16 10:35:26
2567, BZzhHKHznp8mZxePxpS8, 2019-03-12 22:13:43, 2019-12-07 15:24:27
2568, y0dFncTTi3LZoR7JNABK, 2019-06-15 04:34:24, 2019-11-29 22:44:08
2569, 03EpcbRAhuaNw3Aj6K1A, 2019-05-07 06:39:35, 2019-07-14 10:30:42
2570, 9hmqhAu8tGiqrKNahFnS, 2019-06-24 09:37:48, 2019-09-19 16:06:22
2571, JMjcyLBPbGFhyG9Mnqz3, 2019-08-25 13:06:10, 2019-10-11 15:05:56
2572, 4lCATDbLmUiN4C4tWHxK, 2019-03-26 22:45:34, 2019-09-30 04:24:43
2573, fHwV3YgMn46VOAhikIU8, 2019-03-25 14:29:17, 2019-10-09 15:59:56
2574, N6gIKWeEyEFr6MJGBSDo, 2019-11-30 16:55:33, 2019-12-13 11:28:09
2575, DgFQFC6oxEFUibfVq2Xh, 2019-04-23 02:11:33, 2019-09-07 22:51:08
2576, ejxLZRtpXEW8vh9b6Wj4, 2019-07-19 05:24:33, 2019-10-22 19:50:28
2577, bOpX3MPqYdksBn8UCuhM, 2019-08-17 15:26:24, 2019-10-10 20:03:01
2578, Qsu1M4aDaA50GjEhTwkf, 2019-05-01 05:58:46, 2019-05-15 05:11:13
2579, XZR0Jp9bVoMvhrbRtrIw, 2019-09-22 08:55:46, 2019-12-07 01:40:08
2580, sRNYE4xbJA7cExlJ1w4H, 2019-07-12 00:03:41, 2019-09-29 18:50:21
2581, 4WVMFFBKjgCRLmAkUQTB, 2019-11-04 13:41:12, 2019-11-06 15:06:16
2582, CY4QKJMA4oavqzVx97dp, 2019-07-29 16:10:19, 2019-09-17 07:42:02
2583, GVsWNo1MgYRGS6O4os9J, 2019-08-24 16:07:57, 2019-08-27 01:50:57
2584, x0C8HzxHYrw00gnJRs50, 2019-07-01 00:36:26, 2019-09-26 01:35:48
2585, 31Xx7HaEFnPUgmTjXJBb, 2019-04-13 17:07:47, 2019-12-12 10:07:45
2586, vtjderSrvqQSqRTR5ECh, 2019-03-29 08:14:17, 2019-04-30 08:39:54
2587, jIEdwEzgI5HbyVUMOsB8, 2019-10-24 23:23:22, 2019-11-25 11:42:26
2588, LFb8AnaHS3qVhaypiJq3, 2019-03-06 13:34:19, 2019-05-13 09:57:39
2589, Xr4HhuOAwfw5uQm5yV8l, 2019-02-06 08:55:03, 2019-10-03 18:49:56
2590, 5AJLgPE1ORjo2CaEEkVJ, 2019-12-29 21:00:30, 2019-12-30 02:02:28
2591, qqA0OMOfTCMQSUK9VySp, 2019-02-14 07:18:57, 2019-05-07 19:26:08
2592, m2YuBb18sOEV5TValtz8, 2019-12-08 16:00:56, 2019-12-27 18:00:28
2593, S1OAcOXAiurAcKZ5hQ3I, 2019-10-10 12:47:49, 2019-10-30 14:30:37
2594, RbqoBlD8BkY20xUTpvt4, 2019-09-27 07:01:33, 2019-11-03 03:31:11
2595, qPtqYYCzu5To9uso2Xsd, 2019-03-12 13:38:38, 2019-05-12 20:37:46
2596, oMgS75JN7yYA190isVSx, 2019-10-08 14:56:32, 2019-11-21 12:31:13
2597, D0dMXZnNcJcJvYDsqJkj, 2019-12-08 20:06:41, 2019-12-29 09:44:35
2598, GrlH04I8KBjYWiJ7EAPb, 2019-05-13 01:03:47, 2019-06-28 01:44:23
2599, nl00fFJA4Pq9iqCuReNl, 2019-02-16 22:00:26, 2019-12-02 18:39:37
2600, DMBgOlcOoIiliqzSnofC, 2019-10-11 07:30:41, 2019-11-05 13:48:05
2601, YeXkfy6IfqIL3xoESmAA, 2019-01-14 22:30:06, 2019-07-06 17:04:21
2602, uLeUtlcbYDmlkATBSS7q, 2019-09-30 20:16:49, 2019-12-09 21:03:16
2603, EyehsmxHKaxvTrxUN0Tn, 2019-08-01 17:04:49, 2019-08-27 02:11:38
2604, ZAZmJnmnSQV5vQjJTScI, 2019-04-10 04:28:13, 2019-12-06 19:22:52
2605, 59FFZl81tD4jSSCANL2S, 2019-05-11 02:22:15, 2019-09-13 12:03:55
2606, WfHkLNDGwEFxUYhD9Iqe, 2019-08-08 18:20:51, 2019-09-19 10:51:25
2607, RbYvCne8HOtsRJlGx58w, 2019-09-09 09:41:34, 2019-11-03 03:29:04
2608, W8J1puGNzdCmzkcJruDO, 2019-03-09 13:39:23, 2019-03-29 03:59:51
2609, hliRCckbAq9rOFYQkgAx, 2019-06-11 14:17:28, 2019-07-23 04:33:02
2610, JixfOGTC7PThHJT55YBF, 2019-01-23 20:53:45, 2019-08-23 21:24:36
2611, Fg5l5FLmhCxlGGTT7yUE, 2019-06-18 18:15:57, 2019-07-28 07:22:44
2612, KCSl0HyPkk2lzZ6D0fSH, 2019-08-15 00:41:33, 2019-10-30 13:24:29
2613, p85hEHDq4YTQQukv0gY3, 2019-03-15 01:50:28, 2019-11-03 20:36:37
2614, UwiLLVMKmbac42N439IC, 2019-08-06 20:15:30, 2019-09-21 17:39:38
2615, JaIoczqntILP1XjgZ9YR, 2019-03-31 13:11:04, 2019-08-18 22:20:44
2616, IHrfuwwXJ072X3YDtq4t, 2019-01-06 13:57:29, 2019-04-12 10:25:10
2617, HnLTtxKFLebSuCaFm5af, 2019-08-13 02:19:04, 2019-10-22 03:03:56
2618, LW5a3jLyTxTCmXlzgOTL, 2019-11-21 18:01:37, 2019-12-23 07:05:13
2619, OFcUyJXs7l26XJjCLF6O, 2019-10-08 13:49:58, 2019-10-10 10:17:41
2620, YufZd3BvL159tMKurm5H, 2019-04-02 19:06:04, 2019-10-30 11:13:45
2621, utQi4JTB6uZ7E6dZU1KP, 2019-03-02 06:45:47, 2019-08-12 20:19:24
2622, x7GGoeYdOPfh1kUYyAFj, 2019-08-17 15:33:10, 2019-09-22 12:34:32
2623, dcRLloXRsr6qhiVi0Cov, 2019-09-05 19:15:59, 2019-11-05 12:05:30
2624, 4bnrZzc3z6amsk9CCPvX, 2019-11-08 21:22:40, 2019-12-01 06:33:06
2625, ASl2c5bbCv2XW8iysjJ7, 2019-12-30 01:49:02, 2019-12-30 23:40:26
2626, KFRCG1PKzw055B6rbZ7P, 2019-01-26 00:55:13, 2019-03-13 00:07:57
2627, yZt62A7mxB0vxRy69CiC, 2019-07-19 05:12:10, 2019-09-25 11:26:25
2628, uQ3rEDVlyGxBgJCldyhC, 2019-09-15 16:30:27, 2019-11-02 08:21:58
2629, 8py5Y1xm7t0rtjzQed6t, 2019-02-18 21:45:08, 2019-12-12 00:32:29
2630, vKSENduxpFMTTtryvDEX, 2019-07-05 17:52:18, 2019-09-18 23:35:09
2631, YhTDdkVfZQjrI8yWIEEi, 2019-08-07 03:40:44, 2019-12-21 09:05:59
2632, eoWRI1dlq0ozOQQshj11, 2019-02-05 03:46:42, 2019-12-13 01:37:01
2633, 8ByMTTIJwnw3lL9Ji7bM, 2019-07-12 03:20:50, 2019-07-29 00:22:32
2634, mArQ1RJFnTs36REeS8zR, 2019-01-15 00:55:46, 2019-03-22 15:31:20
2635, xPvCQssdeRQuOrQS7xFv, 2019-12-15 10:51:23, 2019-12-20 12:38:36
2636, I2eFzNdQtdegTKPXNIHT, 2019-07-23 19:37:21, 2019-12-18 08:31:03
2637, 6elP3LixsLmXimvZa4Vi, 2019-04-10 15:17:47, 2019-07-17 01:41:12
2638, Pu74plOni00e1g3FnwBH, 2019-10-23 03:25:42, 2019-11-24 22:21:44
2639, 8EhDpXYYzCtGmvrmbNnA, 2019-05-12 12:15:01, 2019-08-02 16:38:14
2640, o7DuKW2XQrWN92pvhxSQ, 2019-01-16 21:25:33, 2019-04-29 14:47:54
2641, 7cVTQQeApxOnS7HrOvKA, 2019-05-22 22:09:09, 2019-06-02 14:05:54
2642, BVW6nuWYRZwicF91BCOG, 2019-08-25 09:58:24, 2019-10-05 22:03:29
2643, ZXNCSgyXVoMUF6ilF9QW, 2019-03-19 08:42:51, 2019-08-04 05:00:15
2644, lbQ47Hn23HpWrlIrGBT1, 2019-08-16 09:45:11, 2019-09-07 11:47:36
2645, 7QwRVxaMaYZRQEVYUwLu, 2019-10-12 22:33:45, 2019-12-07 17:59:38
2646, ouDCuIPaBhuVGV6thYZo, 2019-11-19 22:02:12, 2019-12-25 21:04:06
2647, AuT864zFGL0Xv5BkhORX, 2019-09-08 09:27:22, 2019-09-22 14:35:17
2648, jmnQKRH2CSTrrtPy1hnj, 2019-03-03 23:36:06, 2019-06-15 02:02:59
2649, gwb2p6nv6Hx638tGmpdX, 2019-06-25 07:07:43, 2019-08-22 03:50:06
2650, Jbz3fejfk0FBEq7fhHNP, 2019-04-14 02:15:06, 2019-10-21 05:45:03
2651, cZQ9S0uPFWraw05Slk9m, 2019-05-04 07:11:49, 2019-08-22 01:53:08
2652, 3AehGF9zPKSU6nG8lvvt, 2019-10-01 20:30:43, 2019-10-12 10:44:37
2653, gmg6UMF8RGJOdboDjocy, 2019-04-12 08:09:40, 2019-08-18 17:46:46
2654, DszaGlNwpz9MlR2vVwP0, 2019-02-08 08:32:21, 2019-09-23 14:35:53
2655, 24bX30nQRBbcBHaT5V8L, 2019-12-30 00:16:05, 2019-12-30 06:05:07
2656, bLwW6rQpmG0IJXWO1Lf8, 2019-11-21 00:43:06, 2019-12-24 21:00:36
2657, 7Zkzh5gXeSfmlxuOdICr, 2019-04-15 09:15:02, 2019-09-22 07:34:19
2658, kK0A2l4oXU4WWI5qhTud, 2019-10-22 09:02:08, 2019-12-17 06:54:51
2659, BxQp1FieBFlkOMOY4uFb, 2019-10-31 04:30:35, 2019-11-23 16:31:22
2660, abo7D0F2CErTewBJB3Fk, 2019-04-05 12:56:23, 2019-08-28 10:37:41
2661, jvPyd7ADK9MksEAXqhDd, 2019-08-15 04:27:09, 2019-10-29 12:48:27
2662, CfiBrNy017qxYvL85j2x, 2019-02-06 11:41:30, 2019-09-24 21:23:03
2663, g9bYo7v3JGhJ0Im3Vg7c, 2019-02-04 18:05:43, 2019-03-29 01:40:27
2664, waMLMiwOvwxkyRBYb7sw, 2019-03-06 10:04:26, 2019-08-01 15:34:25
2665, ZnNRf7AIeGmGz8GQgnne, 2019-09-02 05:14:51, 2019-10-18 20:08:36
2666, tIvmBwMgd3AzrquDo1kD, 2019-05-24 11:47:23, 2019-10-23 04:49:53
2667, bUKORVi2bIfGSwXMy96I, 2019-10-12 16:56:09, 2019-11-11 19:22:53
2668, MU4cu29lj2hwfML62kaX, 2019-04-15 15:26:37, 2019-12-04 12:11:05
2669, O98wKFOKwrGRUJyIcCXH, 2019-06-05 21:45:15, 2019-12-27 00:15:52
2670, 908xKUk4W7JSK6YcBtH4, 2019-04-06 01:54:35, 2019-12-16 21:32:30
2671, HA70yCHz3HbWiXIhoWnB, 2019-08-16 15:53:40, 2019-11-20 16:00:43
2672, zPYlSPRICtakChYhStK9, 2019-07-26 15:50:56, 2019-09-03 09:02:42
2673, rp96loCmOUJhxElSpnKp, 2019-02-19 10:13:50, 2019-09-30 03:10:20
2674, xJ3BIgg5Fqrt7ipQasGv, 2019-01-26 00:59:11, 2019-06-13 04:15:22
2675, TWcdNWpr7NRuqKf384KI, 2019-10-03 00:38:03, 2019-11-20 04:22:26
2676, 7n6HGGsJ5Hh8GkLTG4ut, 2019-05-04 03:25:34, 2019-09-13 02:46:57
2677, ELjwaHXP8P94jUF9sYsR, 2019-08-31 00:50:43, 2019-09-27 18:18:29
2678, 9dqDDVs2HSMzOcS1LUFO, 2019-05-21 07:18:01, 2019-09-18 00:22:28
2679, dyZdwMTJxStJTLoZfYce, 2019-10-30 23:18:22, 2019-10-31 01:32:34
2680, wVcD8f4nSDE0FZ7Tzz51, 2019-05-07 19:11:14, 2019-12-20 22:08:01
2681, xDjyRtayVXCAs7HFPvO8, 2019-10-17 20:32:21, 2019-10-21 06:54:08
2682, zA4EzAJHeEoIJsvYcpDW, 2019-10-29 02:58:59, 2019-11-05 06:12:13
2683, rk5siNrr3GuGSRVMGT92, 2019-10-20 11:12:30, 2019-11-23 14:56:10
2684, Xlnaj7nrCeawF4jvUNGN, 2019-01-23 07:13:18, 2019-09-25 23:26:32
2685, sN2yNPmk69gbJZBUVhsj, 2019-03-04 14:22:26, 2019-05-26 21:32:33
2686, XN91NDC7cqEYKBQ2fuEF, 2019-04-13 06:23:23, 2019-10-02 22:24:13
2687, QFseFd1qJ4ksQCCfvHzp, 2019-10-09 17:00:14, 2019-12-17 14:23:49
2688, Dms6TYNEu5X59RWytxlz, 2019-07-30 07:23:58, 2019-09-04 02:24:05
2689, VJ3bKNF74MAWeXB2O7Sw, 2019-01-06 13:52:49, 2019-06-16 02:16:58
2690, j8bl5fDGkTAyXdMEiPAy, 2019-08-27 11:18:23, 2019-11-17 03:56:57
2691, xsM22354zPMjfNELfsLH, 2019-07-13 01:43:35, 2019-09-11 15:29:47
2692, cE9dBjV6HO58cwanCYFv, 2019-08-30 19:58:37, 2019-10-22 07:35:40
2693, IcSGjXqLx6zKQlTW85lV, 2019-01-16 17:07:20, 2019-03-11 10:59:48
2694, RQClUnsN9FsV6IQleHAz, 2019-06-25 05:33:02, 2019-12-29 09:51:16
2695, 6sBdFd2TQmyfqI7o27T7, 2019-06-18 19:10:22, 2019-08-26 01:42:14
2696, XHhkYBpcxNNw04gccTIm, 2019-05-26 22:29:48, 2019-10-15 22:52:32
2697, mozGzfZpZAlGtnNfRMee, 2019-04-24 04:39:48, 2019-07-27 03:44:48
2698, Ywc1i42e1xlBeoTnYADa, 2019-12-15 18:23:34, 2019-12-23 05:00:35
2699, b1VykCaXOt7mFaj4nukI, 2019-05-14 13:55:03, 2019-11-07 05:00:46
2700, a8qFjkiJOT6QTB3w2XLn, 2019-10-25 00:46:21, 2019-11-27 03:44:19
2701, oWSHPp2fqTPWvNKcYF92, 2019-02-03 13:04:27, 2019-03-18 11:54:42
2702, RBVfuKmhoVOurCPCynkc, 2019-01-03 11:50:07, 2019-02-10 06:40:17
2703, VEKNK9c8VBp01JO0uEKO, 2019-09-19 09:25:28, 2019-10-24 18:22:36
2704, gt7FfsIgzZIrgDipnfP5, 2019-11-05 01:32:57, 2019-12-20 01:45:21
2705, TBKmN41TPvIPzCSEuDNo, 2019-02-06 14:05:24, 2019-08-14 07:43:48
2706, OVn4p5JFAPRelTkscg2o, 2019-10-03 18:31:12, 2019-11-06 08:06:55
2707, fsv41s41QFXB5tLVzNq5, 2019-08-18 11:41:13, 2019-11-19 22:45:06
2708, 18xRLqOVIgQeyV5y9Fqb, 2019-06-23 20:14:44, 2019-12-22 01:22:43
2709, 6eDb5wAw52WiBJpk13ox, 2019-10-04 21:00:34, 2019-11-24 19:45:19
2710, n6IIsmKkbfvzNrmrzEBR, 2019-06-07 09:55:43, 2019-10-11 17:03:40
2711, Ax2oAyjLnQmfxsQj5sSR, 2019-10-27 04:53:35, 2019-11-08 08:05:05
2712, tS83QZ2l9GiakMQQqZwZ, 2019-09-20 05:14:17, 2019-09-28 18:08:24
2713, cHV67HSZ1ozvg7rea5WD, 2019-05-15 03:46:27, 2019-06-28 00:46:14
2714, r1TJ5Glgn3ijoNGEx676, 2019-04-02 06:38:21, 2019-11-14 02:34:10
2715, Alx6Afx0sbjuZo5ieLXc, 2019-02-24 03:34:42, 2019-09-12 09:13:20
2716, tqRrh8UwXA4s8NjbOPwp, 2019-06-17 06:23:54, 2019-06-20 16:19:45
2717, vL6iW3NC1hlic2isy3KL, 2019-12-26 22:04:11, 2019-12-30 10:17:21
2718, xMbY03X9gVI7eimTHwKe, 2019-08-26 21:56:39, 2019-12-19 03:44:21
2719, rOnOIDNkAKEsGUCKdQV3, 2019-01-26 14:22:39, 2019-10-08 13:41:01
2720, TlPS0ZI9H5EMJZgEDRG0, 2019-07-14 15:08:23, 2019-10-12 16:47:14
2721, nlJPwPOUWO5VRiQKkRkj, 2019-06-15 11:01:15, 2019-08-28 08:27:19
2722, bSnynrEBGsm5Pz9ZiRiS, 2019-02-17 05:40:54, 2019-10-25 08:06:40
2723, uvdned6Mmxl1Wjio0KjG, 2019-09-01 01:41:12, 2019-09-09 07:02:26
2724, 4Krfd2F0bdLN8SfeLazL, 2019-11-04 02:12:07, 2019-11-09 17:09:43
2725, 2Ba9UYe5JCpMK3Jdxphi, 2019-04-14 21:55:30, 2019-11-30 12:01:44
2726, AYHE83520Jp44df77VM8, 2019-11-14 21:21:08, 2019-12-19 19:23:31
2727, 6ORWrM6TDhVLiQK9nbIE, 2019-11-13 21:42:33, 2019-12-20 05:54:57
2728, 8O2O9gcIjNk819elRDCF, 2019-07-31 12:38:16, 2019-08-20 17:13:45
2729, HVTqBLgUjq7I99t9QaDt, 2019-08-12 11:20:24, 2019-12-29 21:28:46
2730, BeJjWW5RmVKIZfV5zPgy, 2019-04-17 10:54:36, 2019-10-20 23:29:30
2731, 9SKck7O3WNA7su3uwNK5, 2019-05-03 00:41:24, 2019-09-13 07:53:19
2732, hnxZNxMlfqFAV9Vh21sO, 2019-03-21 14:54:57, 2019-09-03 17:42:57
2733, N3HjBx63tKFHuJyv1HuI, 2019-11-21 22:17:51, 2019-11-23 21:08:46
2734, YNaUgIBh1CBNGzZCladn, 2019-06-20 20:47:43, 2019-11-28 12:00:06
2735, 258sTmIwe1SODU2yMTWy, 2019-11-25 06:45:44, 2019-12-07 01:32:39
2736, JF885rCCYnunXxwZgdYW, 2019-07-03 21:21:41, 2019-08-13 01:08:15
2737, mXyx6Kgr1WTd5AKO4Zdv, 2019-12-19 20:48:08, 2019-12-23 21:35:30
2738, UhoLUx3HEW3lCt8RgJqi, 2019-03-15 05:41:26, 2019-04-27 08:50:07
2739, xRDZBUBjU5Ww5hcZt2Sw, 2019-07-10 02:08:35, 2019-09-01 01:22:45
2740, 0x8dcMoPDD0i197yd94e, 2019-11-24 11:33:41, 2019-12-27 06:00:33
2741, Gk9XIvnUliFk5GArWdjr, 2019-04-05 00:36:00, 2019-08-11 10:17:06
2742, ra36tVaciWP0kkYusjED, 2019-07-16 21:45:03, 2019-09-26 06:44:35
2743, QdLtcmidDWqzI9NezVYJ, 2019-05-21 03:12:58, 2019-09-27 09:38:33
2744, MPrkhe2PQUBxXQIQs5Jq, 2019-10-31 10:52:01, 2019-11-22 23:53:42
2745, Q821BmJSwvaQIx5PZFJS, 2019-06-14 14:35:33, 2019-11-19 08:58:07
2746, fpY4uIP6K8F5hB25itzN, 2019-06-27 00:53:40, 2019-07-03 12:01:40
2747, iWnZ3m3Bpgs2jlQp7hL0, 2019-12-09 07:27:33, 2019-12-23 02:52:14
2748, dUzwb8W7oWrEiUeo2C47, 2019-08-23 14:03:21, 2019-11-08 14:23:28
2749, RwbtLWJAH8C2c1yTdnHk, 2019-12-03 06:59:05, 2019-12-09 07:35:14
2750, MFnDWKSqIcGhs0sdLJkD, 2019-09-05 04:40:20, 2019-11-04 01:08:56
2751, qidLxBxhq2a30Jdola4a, 2019-08-27 01:36:52, 2019-09-06 01:02:17
2752, kafRB6lIV2cmpaFz8lf4, 2019-02-22 16:19:51, 2019-07-24 09:02:12
2753, j7gbXpk9Bf5lwWvNnnjJ, 2019-01-23 12:03:54, 2019-09-14 16:52:38
2754, vT8VNEPVvntXRDlW4B4X, 2019-02-28 03:32:04, 2019-11-11 08:59:18
2755, Z0AUxY0NVvdb2wgLoo7Z, 2019-04-22 01:54:26, 2019-07-24 02:27:59
2756, wVQrv5XIImhjqMdXTAam, 2019-05-29 12:22:18, 2019-06-17 14:13:21
2757, diawe4sZfECHbiHMPQRF, 2019-04-05 13:39:22, 2019-12-15 07:26:21
2758, wDrm79i8z0NY6V87gzNe, 2019-01-24 10:06:13, 2019-02-07 09:06:01
2759, YFigkxCyMsc8zZf9Lrk6, 2019-12-07 12:32:20, 2019-12-11 16:07:45
2760, L9z2XySRUPufUjWcQqTR, 2019-11-11 02:24:11, 2019-12-05 10:50:26
2761, p1QDWyfnphvSObFcUJAj, 2019-03-02 20:00:29, 2019-09-29 15:44:16
2762, J9qXOIbhxyjJnpOiiz4Q, 2019-09-08 00:45:29, 2019-09-17 23:55:48
2763, zbF7orC3Ww1T5ejuBsj9, 2019-06-12 07:18:08, 2019-10-06 05:39:10
2764, AyLqx8cSuqfuHaWK0p2p, 2019-03-24 06:28:00, 2019-07-18 01:21:07
2765, Sc1gXVY6s38O6vgEULfm, 2019-12-13 06:21:26, 2019-12-22 15:25:29
2766, ehw9NX6hEJ2XqQzACnW2, 2019-01-18 08:40:40, 2019-12-20 05:17:41
2767, xUUNIpi2zw2GuODd3qml, 2019-09-12 09:45:51, 2019-10-12 18:09:23
2768, dWY8lUB0QAciLxoQAT6z, 2019-04-25 15:18:35, 2019-12-30 23:41:51
2769, ZIeIjbyJ7ynffCOJoBsQ, 2019-02-22 21:00:35, 2019-05-17 15:58:09
2770, epqpJnEXvZnSnlck5nze, 2019-02-02 17:35:38, 2019-05-02 15:32:57
2771, 1OP3cdnUe55kr3V2Q1Mn, 2019-04-09 06:08:08, 2019-10-27 06:37:47
2772, qJywnFXG4ne1iHxi36iP, 2019-09-23 14:15:41, 2019-12-09 00:46:41
2773, hdldDv9oAMk1IkwFjnCT, 2019-02-06 16:20:23, 2019-03-04 02:35:09
2774, WxGIdk2QbkuRDT9FcleE, 2019-08-25 01:42:21, 2019-10-26 16:34:35
2775, Tnc8gNF64FI51ZPxiSAf, 2019-01-08 16:04:26, 2019-09-13 18:33:41
2776, C0sF5gyaRGWlLhUMXSgY, 2019-05-04 11:06:43, 2019-11-02 18:16:20
2777, PeUGNdDUVTvPQQXFj4sr, 2019-09-15 20:45:35, 2019-09-28 15:48:51
2778, dEhQVDIebp8qWl6NdOv6, 2019-09-19 16:35:02, 2019-10-19 06:54:02
2779, MH367ZJtHnNGtOwx9mKc, 2019-02-18 07:21:35, 2019-08-28 11:49:26
2780, 2dnMjtDGjKXSgiQ8toiW, 2019-06-18 03:56:42, 2019-12-24 16:20:42
2781, HDd9HLJcL1bFzskSK4kc, 2019-03-23 23:53:03, 2019-06-24 15:39:40
2782, 3uqgWfAjk6I9ytMm4ESU, 2019-07-02 13:51:00, 2019-12-24 05:15:20
2783, ZmKEVZYs94BNyXOYhADR, 2019-11-01 21:00:44, 2019-12-11 02:44:48
2784, gtSkn5z5YmvDpmcD6OEI, 2019-09-13 22:47:41, 2019-12-11 13:42:57
2785, nxMLJPJDMHK1ajWxhir7, 2019-08-08 17:09:13, 2019-10-11 12:31:08
2786, FFmKWoJrNCHg6N8kxXHJ, 2019-03-07 00:22:05, 2019-12-18 02:53:00
2787, oC11iK8FAeQawtHm9mNe, 2019-08-17 06:45:21, 2019-10-14 08:15:54
2788, Dwk3qFHigbF0kuzmqq5u, 2019-12-11 17:06:27, 2019-12-18 15:16:32
2789, B8LoOnpdgYKV0jJ4VGQb, 2019-01-01 15:21:44, 2019-10-30 14:14:49
2790, 7B330UEMsH3MPL53fbKD, 2019-09-15 12:05:42, 2019-10-06 06:12:03
2791, pALkllrJbohteEkyAZP5, 2019-12-05 08:17:38, 2019-12-29 11:25:02
2792, 8kY5V2KrIUczlcInvbqk, 2019-10-06 01:06:41, 2019-12-28 06:47:00
2793, kh9ve8amh6NymjbeMkpB, 2019-11-19 19:40:20, 2019-11-27 06:44:05
2794, 97UBaLMnLOW1jd45IUS5, 2019-10-27 08:06:09, 2019-10-28 07:02:27
2795, BLeNcD5wLM9axJ1jKS77, 2019-09-20 06:53:51, 2019-10-02 21:20:43
2796, Ky8ShPOJHQ0anwTNKkQI, 2019-07-17 22:11:41, 2019-12-06 22:36:46
2797, qMSMsRB5OlWEeXI8TqwX, 2019-10-05 06:33:28, 2019-10-30 05:50:36
2798, H6AddDaDkbR16mvJTIdY, 2019-11-03 04:39:04, 2019-12-29 06:57:01
2799, fDX4t9lChRoFwmOogbhw, 2019-08-22 08:44:27, 2019-11-28 11:18:26
2800, xw8gIN9NXNeDfAWQtSli, 2019-07-16 15:17:21, 2019-12-26 04:02:16
2801, ckU4fwi4kBntOfPejAp8, 2019-08-21 22:20:11, 2019-10-26 08:48:23
2802, Ys2brKpR0qOfH16WKktv, 2019-04-25 08:36:20, 2019-09-12 21:57:44
2803, GpjfLi9fXlh5fRxfARQF, 2019-12-23 05:49:28, 2019-12-28 21:47:10
2804, QvpBSjUw6b5zhjknHc2U, 2019-04-30 22:01:15, 2019-06-08 10:14:44
2805, wjmqe9ML4JkvpOgQvO1o, 2019-02-21 01:38:35, 2019-07-08 20:15:09
2806, EKZkCfcgZiptGUpN6kZX, 2019-03-16 21:50:50, 2019-11-06 22:03:30
2807, hY1gr0leVvBR7o8oyE4P, 2019-01-20 14:48:50, 2019-08-03 22:31:59
2808, EEciv3LnVLywLB7P7VcN, 2019-02-19 00:59:02, 2019-12-14 12:05:31
2809, CIDfDgOoJfLEHgipsi1p, 2019-08-14 20:45:55, 2019-08-27 02:37:48
2810, w6clBJhTP0wbBILfecuo, 2019-04-24 00:03:56, 2019-09-29 03:26:52
2811, 3cSvycfBTcfq8xZEHolV, 2019-10-25 19:05:48, 2019-12-12 23:46:21
2812, nrTJwY6tk3YjpDsQJP1l, 2019-09-09 10:58:29, 2019-09-12 12:35:35
2813, 9kpqrKFGboTs6vo0PuA1, 2019-01-05 13:34:36, 2019-12-06 14:09:25
2814, LNaGmjbQ4cmCut3ti4c9, 2019-09-14 23:16:41, 2019-11-11 18:40:01
2815, fB6iNm0O13EnocBHVJlt, 2019-11-02 07:54:30, 2019-12-02 04:49:34
2816, AkimreUb4dMirk8o999u, 2019-12-28 04:34:50, 2019-12-28 13:57:20
2817, 691NI7nC7MF0UE5QwEpW, 2019-12-19 03:16:42, 2019-12-26 22:40:46
2818, CLUx4WZqhrSRVnghOxY6, 2019-05-19 19:41:57, 2019-09-09 21:48:09
2819, FT7K5OdBGn9iafStxQik, 2019-03-15 01:22:57, 2019-04-05 20:25:26
2820, evjv7bJ0E2dsgDxTVKuw, 2019-06-08 04:14:10, 2019-10-05 02:44:15
2821, pGUQREHtcmS1xgXy9U42, 2019-04-06 20:11:32, 2019-08-31 14:05:21
2822, 57XGGKNSZrnqeV2BeGXv, 2019-04-13 09:25:08, 2019-05-26 18:23:52
2823, m0XMRdjK6T0AKonChG2J, 2019-04-11 04:52:03, 2019-06-26 05:17:54
2824, F6ldRjrPtOKF6hV1CYwy, 2019-07-21 15:42:56, 2019-10-17 02:51:44
2825, 1nIBltzAn4koQNbCpoDk, 2019-05-16 07:54:52, 2019-06-27 09:31:57
2826, Il59j5NIC0jEZ9iNCsPf, 2019-10-31 11:46:00, 2019-11-20 21:10:57
2827, jOxxWOoAOeGU7E9qav8g, 2019-12-14 18:50:24, 2019-12-15 03:03:25
2828, naZCtiVsPFEYj03x2gKb, 2019-03-20 21:03:42, 2019-06-08 18:06:39
2829, OQDZylFjzERa5EPJTIPr, 2019-09-14 10:59:32, 2019-09-17 20:41:57
2830, gbx6po1HPVm699BXfG00, 2019-08-14 00:40:39, 2019-12-12 01:51:54
2831, 2Aeuk4b09CWn671SLub2, 2019-08-31 17:25:45, 2019-11-09 07:36:24
2832, eUzUkx4HR6khBpSzmM23, 2019-05-03 13:22:08, 2019-09-15 05:46:22
2833, DBFCWBRHHbj1VWePUrZz, 2019-07-09 21:08:02, 2019-07-30 09:53:51
2834, Uxz8TBcd8yAgrEJGsNLr, 2019-09-13 05:38:58, 2019-11-27 13:49:29
2835, WPxypNMXYn0osE1JFmJu, 2019-02-16 02:38:21, 2019-02-16 07:09:36
2836, vYiJXIdmZx5evAXacxzp, 2019-08-10 21:17:00, 2019-09-01 15:59:01
2837, qQdS1OT0mZyuDOyCv16B, 2019-01-07 17:38:53, 2019-01-30 03:10:14
2838, QMOYF83z1ZLUZjVXGOKX, 2019-10-14 09:01:30, 2019-12-11 18:22:55
2839, OzHbfuCKcQkGb6oK0mlx, 2019-02-16 08:03:06, 2019-12-05 08:49:55
2840, qCpwnUryx4O8wWK9j0ih, 2019-11-03 13:48:13, 2019-11-11 14:25:03
2841, jZebfZcOQhtv8O9fQW2p, 2019-03-05 07:39:08, 2019-09-05 03:09:06
2842, S83oVsRFeXd69L2JsTkl, 2019-10-13 11:57:19, 2019-12-18 14:03:28
2843, ke58f4JUgGW5xscFvLU4, 2019-09-29 20:21:23, 2019-11-08 13:57:27
2844, Upg9xUqXayt9xhWEp6Uk, 2019-08-16 00:23:15, 2019-09-12 10:36:08
2845, qLy7XDjA9DwRXrBQJH2z, 2019-12-09 13:44:33, 2019-12-27 12:53:44
2846, aLZuRtMqSiogoR0hHUSp, 2019-04-24 15:22:52, 2019-07-29 20:41:22
2847, V2vDsR6sf9aXnfP2nbJ2, 2019-09-05 23:04:22, 2019-11-09 19:12:50
2848, 5tcG6VYsSsGquQ7nc6Wi, 2019-07-31 11:51:33, 2019-11-25 01:48:46
2849, 3CBoOP7zwV4rNcycwR7S, 2019-02-07 11:24:13, 2019-04-13 09:35:59
2850, RtDoaPWS6d7TPlCXRPa1, 2019-01-27 20:00:41, 2019-08-03 02:31:09
2851, 6jJAYfeOeErrZcA8XB5M, 2019-08-10 12:44:14, 2019-12-14 08:02:53
2852, fMd7xTgmTrDwZArDH7p6, 2019-02-18 12:58:14, 2019-12-05 04:33:19
2853, lD78uj6vXcZbrpENQOTr, 2019-09-30 15:49:58, 2019-10-13 02:05:40
2854, GmqKPOYEe2cOrkrGVKv1, 2019-04-20 16:00:23, 2019-08-31 19:56:23
2855, 9NikBueT69WUeKO3JZrM, 2019-06-06 22:48:02, 2019-06-26 03:15:28
2856, XRlFaTT7XU1GIX4qVHx1, 2019-09-04 05:02:19, 2019-10-04 04:28:00
2857, zP5KbPXWBN6NPJPWpnM5, 2019-04-06 19:08:10, 2019-09-23 04:40:21
2858, U8tvQtzEpkvfaHbVeki1, 2019-07-28 05:44:30, 2019-08-15 11:27:23
2859, FL6K3kYeTNRey4a4EYJ6, 2019-03-03 00:35:41, 2019-04-23 02:44:25
2860, mcx6mMLGeHOGYKD7Drtx, 2019-04-22 13:26:19, 2019-08-23 23:12:53
2861, CD5mKLuFkz8NlrWbbiB6, 2019-08-14 09:06:17, 2019-09-27 19:25:02
2862, 0szUfbKXc8Phxvx2W8KO, 2019-07-15 20:11:24, 2019-12-05 17:16:46
2863, poIfI8yK9OvX35I9MNob, 2019-11-23 17:15:15, 2019-12-18 16:11:07
2864, mmK68d0T0eAmL6LHQsX4, 2019-05-08 06:20:58, 2019-12-11 17:40:16
2865, jueg0FB9kYmojIFLVkOc, 2019-10-01 09:17:59, 2019-10-23 16:56:49
2866, Ay0ANzW9UP1INKkv5j3m, 2019-12-18 02:43:29, 2019-12-23 12:43:12
2867, GxQpQg2CnsWEiaz5JHeB, 2019-10-20 12:40:45, 2019-10-25 06:07:09
2868, o6ljIxCvoQJKYZTcilAW, 2019-01-17 18:16:37, 2019-11-16 14:20:09
2869, Gylpd4ZBWJrKBxM0rSjw, 2019-09-09 22:07:27, 2019-11-06 08:11:33
2870, tLn8rSjk3YtAq0tTH5hx, 2019-04-11 23:50:26, 2019-11-19 07:28:09
2871, rvvZUDB00IHX7nO4LRKA, 2019-03-23 15:14:22, 2019-11-16 02:36:27
2872, s4vE3wBOQPwqWLi2L1As, 2019-10-05 21:34:08, 2019-11-23 04:46:35
2873, n0ZMa5rTtdMCgeBfXSNt, 2019-02-21 00:59:42, 2019-07-16 04:58:31
2874, 1a9Slvsc5hRlrlEAdk7Q, 2019-03-21 12:58:18, 2019-08-01 22:03:18
2875, PHSuA4cAWW8H6AwKuC0z, 2019-04-11 03:20:10, 2019-05-28 06:32:38
2876, ao5ejXKnQ4QsndvdBBDq, 2019-09-18 15:43:43, 2019-11-03 18:25:15
2877, BW1HHc56xc2MTKDMgPf2, 2019-05-28 02:42:41, 2019-11-12 10:19:05
2878, nfRRWiuSeKpAakUBDBMC, 2019-12-03 00:14:28, 2019-12-05 08:32:39
2879, u4iYKx5oWZLnRyIAbGFB, 2019-01-11 07:27:13, 2019-04-21 17:31:55
2880, YxUu5PfX8BScMpsrmadc, 2019-08-19 04:12:24, 2019-08-31 03:51:33
2881, hnXVrh4BSqZSn0SHRMXL, 2019-11-01 13:10:57, 2019-11-30 11:02:41
2882, 0c2PQJVFVH4N63qFI3CD, 2019-09-26 06:29:08, 2019-12-04 13:53:04
2883, gUP06EoxX28XoputVlrr, 2019-11-30 21:02:32, 2019-12-16 18:41:40
2884, 85KdGVvcb7RnDVwq4hAB, 2019-03-20 20:28:02, 2019-06-26 10:59:32
2885, S4KoBwsgFkor71vLtsIL, 2019-05-03 16:51:56, 2019-08-11 22:30:40
2886, rrq8ljyopcoLvrZZ0QyO, 2019-09-24 06:23:07, 2019-10-27 09:55:35
2887, 9w8CQDxsDvZOdpeuJhkD, 2019-08-17 12:42:36, 2019-10-06 22:44:38
2888, 7ql27nawNydPJFINLm62, 2019-02-16 11:40:28, 2019-12-14 11:44:58
2889, Z8hvxJhqQS624R8107gD, 2019-12-06 12:17:03, 2019-12-21 03:38:14
2890, wWiOb68aI6xzc690OKfQ, 2019-09-11 04:28:03, 2019-09-29 18:24:36
2891, 7EZP4EgpNk72NRDtDcRB, 2019-12-12 15:56:30, 2019-12-28 03:49:59
2892, 66hvm5LDBnPDtUgINXXQ, 2019-01-18 03:52:22, 2019-04-28 05:46:26
2893, 3acVWhBfQuJQSR8ZOYC5, 2019-01-27 18:46:30, 2019-06-04 04:42:01
2894, 1RYSrm2jAZuVlcO8wng8, 2019-02-20 15:22:14, 2019-06-01 18:28:25
2895, TnooUVKXYNeFh2oOpand, 2019-07-09 05:23:41, 2019-07-28 06:01:39
2896, tQGo327wOTGnWCAeIBJC, 2019-06-05 03:33:31, 2019-11-20 03:30:36
2897, IeIp5hcanPOVUbdkRL2K, 2019-01-23 19:07:35, 2019-08-04 12:51:28
2898, tGanBldPOmg9KPx9K7Cq, 2019-08-17 13:32:18, 2019-10-04 11:09:53
2899, vS0vkfvoBjWf9ddpgAIP, 2019-07-03 23:49:59, 2019-10-02 14:47:07
2900, YEGmBL0slFsctOJ9bmQT, 2019-02-13 21:01:08, 2019-05-18 11:22:49
2901, vjOzJpLx0O8AD5PyaKHi, 2019-08-17 08:42:38, 2019-09-26 07:49:55
2902, 0K0ZsJaSlfNiZXCYAJ3p, 2019-01-19 13:00:00, 2019-12-17 17:55:38
2903, HXUdfCFi0Q5QFDFUmUuC, 2019-07-24 14:05:57, 2019-08-16 00:28:27
2904, C58kalf7MH3jOo0x55Iq, 2019-06-22 07:10:15, 2019-10-02 01:30:37
2905, cIDz91zicNy9VagNlOIw, 2019-04-21 23:30:54, 2019-09-12 17:01:55
2906, rtntdShc1O9Jscw7iNXx, 2019-07-12 06:13:24, 2019-12-04 12:09:57
2907, UAKqVtZle31Bl5pZSC6h, 2019-02-10 21:02:39, 2019-11-06 06:38:33
2908, xkDaqORtq52nXBO3fdDn, 2019-03-24 23:16:27, 2019-12-21 02:13:01
2909, oH8CIMb5WZIlPZAcuwaZ, 2019-10-01 04:28:31, 2019-10-30 16:55:22
2910, rvDdNV7h2sDoCV0jt27m, 2019-08-22 01:52:28, 2019-10-21 03:16:00
2911, LGuG0ub3IWfDCfzqRytw, 2019-03-12 07:47:55, 2019-05-07 13:45:34
2912, oGIHhZ8eAPAqb9p1CTP9, 2019-11-27 16:19:27, 2019-12-19 01:05:44
2913, aPmIjhtZryFkAjjfIWN7, 2019-10-31 19:47:22, 2019-11-29 19:38:04
2914, UZpihTaa9VCoT9yzFBKe, 2019-07-04 12:40:52, 2019-11-23 19:28:09
2915, FcSJlXdOHqSf2f66eGAN, 2019-01-18 13:52:24, 2019-08-28 01:27:49
2916, LKCMUKeZAMTah36TJ7wn, 2019-11-22 15:10:49, 2019-11-25 14:11:11
2917, Om3sBzSXrnmnQZ6yQDhG, 2019-01-06 11:42:32, 2019-10-20 02:56:07
2918, 82ZyYgZ0edCbwY5EVTFP, 2019-03-17 19:01:57, 2019-10-06 05:22:36
2919, fgVEuxWPqz3rAQAQHYiI, 2019-10-09 16:01:53, 2019-12-02 13:08:34
2920, 6pNXz3VkWYcZSW0uy36o, 2019-10-01 16:20:40, 2019-10-22 23:56:02
2921, 1fmBKC4hsFqQoxeF1Nc5, 2019-06-28 14:45:18, 2019-09-28 19:46:53
2922, L1H2YPRKKKkp6r4XOjJV, 2019-09-27 21:05:49, 2019-12-25 09:35:40
2923, jFZzklLOOtdjJgMSRT1Q, 2019-04-17 16:41:54, 2019-11-05 06:20:53
2924, eHisrTeys2w4ovL5BGBm, 2019-06-21 11:44:50, 2019-07-12 02:55:52
2925, tsL3Jekza8rVZPhh7L6G, 2019-06-10 02:29:01, 2019-10-21 09:13:08
2926, Urk7i6yy4BL1qLY8ZP1H, 2019-01-18 00:08:33, 2019-12-07 05:25:17
2927, GWZORNkIrRl2wSM7Hsgq, 2019-11-30 21:55:56, 2019-12-16 00:41:37
2928, 8wuRBnuErLb7L8PJmtfg, 2019-07-25 19:39:17, 2019-08-02 07:18:14
2929, tFFV96uDmKPB9JaNw84q, 2019-05-10 07:52:04, 2019-06-14 07:54:28
2930, vUYvaCnjtCYqkOBQ8mdR, 2019-01-09 02:43:13, 2019-08-03 11:01:47
2931, ZJFY1CpViEaSZXrdgWQG, 2019-01-04 07:51:29, 2019-08-23 20:11:14
2932, lPyViKEdSeIfayZwusjr, 2019-07-18 16:53:03, 2019-07-25 20:39:21
2933, XlqUjIb5PLPyJ1GdQu2J, 2019-08-26 12:00:34, 2019-12-22 10:18:29
2934, jY5iqtzFkl5bkHaPUp45, 2019-01-26 14:22:26, 2019-02-13 10:00:57
2935, ufxBYL255PDMM1eVuGKA, 2019-12-12 15:57:40, 2019-12-21 07:30:56
2936, UGfdpsJm6zFPBQnM4g1V, 2019-02-01 16:21:34, 2019-12-02 07:49:44
2937, ILCNzNXmIlyu1TkBNtqG, 2019-07-01 16:13:35, 2019-09-19 16:59:43
2938, KN6B9rsGgXDGKEJMpnIA, 2019-08-30 04:16:57, 2019-12-05 08:05:38
2939, xtMnmwyt2knfGJaFUVXW, 2019-04-21 07:43:59, 2019-07-10 06:06:35
2940, jo1rNG0E8c927crTMYGu, 2019-09-20 22:51:46, 2019-10-18 16:11:19
2941, e0vaKyDeEu4YNGHEMGg8, 2019-05-29 09:33:56, 2019-08-24 01:44:27
2942, SGlood60WkKoKjzdoVYf, 2019-06-16 20:59:42, 2019-12-05 03:59:49
2943, YLEL1mME0kP213jSTNRK, 2019-02-16 11:49:01, 2019-03-02 23:12:05
2944, IyMl17pLPonmla5oBGKA, 2019-03-31 16:13:08, 2019-05-18 06:46:25
2945, onD2Xl5UsIFvGU8v62uw, 2019-11-04 16:01:12, 2019-11-22 11:26:03
2946, LrIowLdIxmB5vTIllkrZ, 2019-03-01 00:11:08, 2019-12-15 06:05:12
2947, bz0N6oJG0mctTvbZq0q3, 2019-06-10 09:27:11, 2019-10-01 01:46:24
2948, LdbNrYRZKq6ZoIkYTzqa, 2019-11-22 14:59:38, 2019-11-22 22:15:53
2949, Pmp2vscAqHBxCgim44mp, 2019-08-02 22:09:23, 2019-11-28 07:53:48
2950, NS8vAxZOyd0Aqqdzd3B6, 2019-10-18 15:23:03, 2019-12-04 20:33:52
2951, 1ZpxfOYwg38WeIouS5qf, 2019-06-26 12:07:15, 2019-08-13 15:39:50
2952, 4XzsrvfzXyymV94sxnCx, 2019-04-21 09:12:23, 2019-12-05 23:35:46
2953, 8dVap9T9zaMt5Ss14mxI, 2019-04-13 15:19:58, 2019-09-08 19:48:27
2954, MjVVkxBaWLaZ7QUI36Hq, 2019-12-06 07:34:25, 2019-12-07 12:24:23
2955, 5IKn8SoF8CNUx4il7ReE, 2019-06-30 15:38:35, 2019-10-12 19:01:51
2956, hkTJWQXaDWQ5Kl1gw9eQ, 2019-04-02 10:42:48, 2019-12-03 03:53:49
2957, UIdqtkdIqCvhtyDWOjVK, 2019-11-15 20:08:31, 2019-12-24 11:57:44
2958, V959xhrV1ivnzOXZpfPr, 2019-01-14 04:30:29, 2019-03-28 20:56:38
2959, aAhDXSFbSWSFfinySk1Q, 2019-08-08 11:50:21, 2019-09-28 01:52:53
2960, semUvxp0F4oLyM61z5oO, 2019-04-12 13:45:07, 2019-11-18 04:11:52
2961, hXOjGYVSFC0AqMPY6Dxs, 2019-01-28 05:50:53, 2019-07-12 01:04:29
2962, ManScvPbp0QYBBoZuzWm, 2019-07-01 05:24:24, 2019-11-06 18:38:15
2963, LDHw7ph5vM6wA3JZdbYm, 2019-10-20 02:06:33, 2019-11-18 10:51:10
2964, 7FZtavyGsml90Yd9wAYK, 2019-06-28 18:11:23, 2019-10-08 02:38:14
2965, H9BAXgTYfXiAEk9sjuEs, 2019-02-23 00:01:23, 2019-04-19 08:45:41
2966, d0dbfb0JjdNURupx0pyU, 2019-08-01 02:17:25, 2019-09-14 19:16:28
2967, ZSkRitFhKg5IaDnK4PgM, 2019-12-14 05:11:56, 2019-12-26 06:57:13
2968, ifbd1zizCBBaxFQ0ZM6h, 2019-12-12 09:23:31, 2019-12-21 22:10:21
2969, YIrZRKm6fukqxznD8Ygl, 2019-08-23 03:13:43, 2019-09-23 18:11:35
2970, 74O55paYVwh4VaJESBQA, 2019-01-20 11:19:24, 2019-11-09 08:41:55
2971, GpgkCp4VCQpp1jt6BGVg, 2019-06-08 11:21:39, 2019-09-08 21:02:14
2972, ttBtYtIGejliKCuECvej, 2019-12-26 03:52:35, 2019-12-28 01:15:25
2973, SOOtImImn62VbiLDRNMh, 2019-07-08 16:08:23, 2019-08-19 02:52:24
2974, vuzNNQxDklhtpuEHfV4K, 2019-07-24 09:45:19, 2019-08-05 11:00:14
2975, DxdtljoO8Bo1RzZ1oRBd, 2019-05-21 01:19:46, 2019-10-16 06:21:41
2976, yZriJYfHBRMgylvf23xJ, 2019-04-28 16:45:58, 2019-05-08 09:02:57
2977, 3xiVReemYxDMOLXxeLHi, 2019-12-09 16:32:34, 2019-12-14 12:55:21
2978, K9kyRHOloRGSXoVH12l3, 2019-07-27 09:29:48, 2019-09-07 16:48:50
2979, CON0zsXjCX3gBj6dJFj2, 2019-07-03 01:01:21, 2019-10-29 03:01:36
2980, EIV5aW9BhXcjLyPCbey3, 2019-03-22 02:01:17, 2019-05-15 15:43:46
2981, cX9zj6ZhaVa6VYFnkJiR, 2019-06-13 22:12:33, 2019-10-04 08:54:09
2982, JGwfAQDyDO8LnihR3YuV, 2019-08-10 11:39:48, 2019-10-14 16:24:31
2983, A5WEMi5HdFJwxwfh4zDF, 2019-10-20 03:07:39, 2019-11-28 06:34:41
2984, yG2hehCJUiRbhQ1EotcI, 2019-10-19 08:53:12, 2019-10-26 20:51:17
2985, Z4fMpwJ4UOnGiYeIo6WD, 2019-03-29 13:47:50, 2019-10-03 04:18:15
2986, sf4veqdDXpyHcGNGvrsP, 2019-10-10 23:21:47, 2019-10-18 04:39:22
2987, Vwo26KuTOlWR6DuompyG, 2019-05-12 21:51:00, 2019-08-05 21:08:38
2988, 4ksS4Uq4qe0jA04VSZz1, 2019-06-21 14:42:54, 2019-08-31 01:50:57
2989, PfWNm3ev62VBYpCeNDAk, 2019-08-23 22:41:16, 2019-12-13 22:45:26
2990, E2r4l7ekH2ApJ6433dOV, 2019-10-31 18:41:03, 2019-12-21 23:46:18
2991, ULXTLb4unQK1umliRvUV, 2019-09-13 06:27:55, 2019-12-03 09:26:41
2992, OgT7CPDXj5vPrm65AOjb, 2019-06-23 03:53:52, 2019-11-20 14:06:57
2993, vOad9y4I4AFq01rG2E7y, 2019-10-17 13:51:06, 2019-11-20 21:40:57
2994, zbOmYpfEnD5pUIqOJh8U, 2019-05-26 18:25:56, 2019-07-15 08:56:03
2995, S0fcv28efr2SdALWIPui, 2019-08-29 16:35:18, 2019-11-14 17:12:32
2996, Ocix8PPB5SWVJIjQihuk, 2019-04-02 11:36:55, 2019-10-10 09:17:59
2997, UuyxsulY59fyxNzEaWpT, 2019-09-01 14:44:36, 2019-11-19 22:31:16
2998, 3SN2D5e6GXHGAh0EcB1E, 2019-04-01 12:28:25, 2019-10-07 16:28:30
2999, f50tHMjeQ6at0737r5sM, 2019-05-23 10:57:08, 2019-07-20 13:37:29
3000, PAOnuCQuo6DVzb3TMMOC, 2019-05-18 22:02:11, 2019-06-13 23:26:19
3001, axu8BwTKiTvLBoExe2rv, 2019-03-28 20:26:34, 2019-05-04 11:13:37
3002, s8EwQ93wObB8qwGMowew, 2019-03-21 17:01:03, 2019-09-30 21:25:29
3003, ig18z6dpKPWezFb4u03c, 2019-08-08 16:01:36, 2019-12-22 02:38:58
3004, 54nD6aPdNIjS4ba7S71P, 2019-01-25 14:40:52, 2019-11-04 09:32:00
3005, hWQJjFzJKnqJpT5NdzYK, 2019-02-12 21:12:54, 2019-03-03 17:01:30
3006, 288hlkS794sqCLqR2kAw, 2019-01-19 03:57:14, 2019-03-23 22:31:54
3007, yk57fcZt8s7G5wiuk8A3, 2019-11-15 12:37:01, 2019-11-20 00:16:52
3008, 51mg7nia3J2hoXGR31hO, 2019-05-13 14:35:58, 2019-11-28 22:02:06
3009, KNdyxaMZTxosVPjDRIxm, 2019-03-01 23:23:06, 2019-06-19 19:24:17
3010, SzpeDDCHdN8z1g42Svu5, 2019-05-23 13:00:40, 2019-10-30 05:33:00
3011, GtEdQI2IE1WWjShHah1Q, 2019-04-17 12:01:59, 2019-09-16 20:52:49
3012, 0t9t0eekodPeyMmrOmqB, 2019-10-31 13:37:16, 2019-12-14 04:53:44
3013, aP6WaH4LTQUtSKyagVZr, 2019-03-20 02:07:39, 2019-03-22 01:20:41
3014, ikUB0vlE4lN8fKkhGAs6, 2019-12-24 21:13:26, 2019-12-30 22:35:46
3015, wUAqmgsNj025j61mZCHB, 2019-08-18 15:51:17, 2019-09-10 00:19:42
3016, J7sk2DUHBORoIO3M6eu3, 2019-02-28 02:19:27, 2019-10-25 22:02:20
3017, OIaQDXJsCnJrBfT7YLMG, 2019-11-23 06:16:03, 2019-12-04 22:54:44
3018, ZQuJxTZhsr5hnvGIMZzo, 2019-02-23 00:04:35, 2019-12-16 13:31:48
3019, KbX9HlS9Uem0tGUkxUVX, 2019-07-02 06:17:37, 2019-07-02 20:15:58
3020, IrXg7wA4mg2vqdnFr3Vv, 2019-02-10 21:30:33, 2019-04-12 00:17:58
3021, CGIVLHK7tFLZXNiSW8IJ, 2019-10-12 14:05:06, 2019-10-14 20:04:01
3022, 1iTNtnPQHQMEI5j1g3xc, 2019-02-02 17:47:51, 2019-08-13 13:06:56
3023, K6mdiP452WMj5mzKsJEv, 2019-03-11 09:02:21, 2019-06-16 17:51:56
3024, Cc3Rjak85uxNejRBPYGv, 2019-01-15 12:25:41, 2019-09-03 03:22:54
3025, elZfIhg85xJ61wBns1Px, 2019-07-19 11:49:53, 2019-12-16 18:55:05
3026, cnIX9jayh1jhKIjg32NA, 2019-10-22 21:09:08, 2019-11-02 04:13:17
3027, aMsrlBbynhASjRsYfPF0, 2019-08-06 03:07:25, 2019-09-09 07:40:57
3028, KSDLyyWV6dbxDf6nvzIN, 2019-05-11 16:22:43, 2019-06-15 21:20:29
3029, hV41tnM9gaKOhoMzRUDu, 2019-02-11 07:24:47, 2019-06-09 18:16:58
3030, GRppkGFCxS4hC76MSMMX, 2019-09-01 05:21:59, 2019-10-28 15:31:21
3031, D55l9d2M9Y2fgUzAMdZ9, 2019-07-16 11:14:36, 2019-08-08 14:58:59
3032, vGkvRiEZwQmAQJ66Ku4G, 2019-04-03 20:05:38, 2019-05-12 17:52:34
3033, RECqyjfqmvcLIAWZasIG, 2019-04-09 11:31:11, 2019-11-29 16:10:38
3034, DaBY19dEYchnS92Oe84z, 2019-10-16 19:13:20, 2019-10-27 04:01:14
3035, s6pvy4c3XEdvGpsZdtud, 2019-11-05 14:30:07, 2019-11-07 01:42:17
3036, 04ZSUPbqPIg7zVH4x4WT, 2019-05-04 23:19:44, 2019-06-15 11:49:58
3037, 9bKY7hyuwYkISivyeGZp, 2019-05-12 09:17:34, 2019-06-05 16:20:25
3038, qATCtXLy5w948iCyWAax, 2019-12-20 16:37:01, 2019-12-21 14:28:40
3039, DWPL0duk08eoUIty3iDA, 2019-05-12 16:05:10, 2019-09-16 02:10:23
3040, wQ2AYEYnBOO0uxxEryKm, 2019-11-04 06:37:12, 2019-11-11 00:31:23
3041, yGTqxMi2b8MH8vBOVppo, 2019-05-11 09:40:53, 2019-06-27 09:53:02
3042, NlW1M1E2HyNPm4byubHX, 2019-01-29 01:00:40, 2019-10-14 11:18:44
3043, m58jnkWTZZNuSj2SXMTS, 2019-04-11 05:48:06, 2019-12-08 23:19:26
3044, KjSYrsVo1sPLja0OiKVe, 2019-11-15 08:51:01, 2019-12-05 04:27:37
3045, GulIIDXFpF1C6D6JMq0k, 2019-02-14 17:25:25, 2019-10-30 08:05:41
3046, b89J3ZSZIfeyoooAkjGm, 2019-01-02 17:49:10, 2019-02-01 18:39:28
3047, hxLmaZkr2PHFKpCvPSSr, 2019-03-04 20:15:32, 2019-05-11 12:20:23
3048, 5nlq2s16I5n6vxMl3kYK, 2019-05-14 09:22:17, 2019-06-01 19:19:50
3049, eS5UfsfUl02jET9dBveq, 2019-05-14 14:07:28, 2019-11-02 04:06:38
3050, 4JgYH2r4P6cTRxxFhDae, 2019-07-18 15:25:19, 2019-11-30 04:29:37
3051, OhXpcpfGcaVS2BvtwFj3, 2019-09-28 10:40:44, 2019-11-09 17:43:25
3052, RhUJLNwhjKvZLGx1o7Mr, 2019-12-13 07:59:44, 2019-12-28 04:00:34
3053, QmdgOoC4gWRAo2hFFxae, 2019-04-26 02:53:55, 2019-09-19 03:33:38
3054, jPFZCyIXXCoBnyWUTL3O, 2019-07-23 21:37:29, 2019-09-16 02:20:25
3055, 2NCJ0vvFleJufNF3b4hq, 2019-09-17 12:36:12, 2019-10-13 02:44:21
3056, ohlM4piCc5DMmkzBftV4, 2019-10-09 10:46:21, 2019-10-11 21:08:57
3057, uy0xtLf5KrYy0CZD9n8W, 2019-08-21 23:50:51, 2019-12-27 06:28:58
3058, EdVoj1fkIoidaf4Y9Ca9, 2019-10-30 10:14:18, 2019-12-01 21:10:46
3059, T7VUgiFvMi1jF1vuOawY, 2019-11-07 00:56:49, 2019-11-13 08:28:34
3060, lhBA4rR0qIMRQKFE99Fm, 2019-07-10 23:10:54, 2019-10-11 03:22:03
3061, BelzEBFaJYpqDexGBc7Q, 2019-07-19 00:10:37, 2019-10-04 03:05:22
3062, c1mQ7ZgQ8NYW8PRR1YQ7, 2019-11-03 08:13:56, 2019-11-04 03:25:36
3063, rtdc2QtE2GZiujceGuQR, 2019-07-27 07:17:43, 2019-10-27 09:07:23
3064, eBudG1qpGxNyVynsltyh, 2019-11-05 22:10:05, 2019-11-22 08:55:52
3065, 1Ix1EhDpaZlb5F2IIGr9, 2019-11-15 22:09:01, 2019-12-02 21:00:25
3066, 9cMVJm3BUMutR5aEuOrP, 2019-12-24 13:30:30, 2019-12-26 12:12:43
3067, fCu2iSabtUm2RV7tQpuE, 2019-12-15 21:28:27, 2019-12-30 19:48:07
3068, ljIJPO1XZKKsEGyhKOeU, 2019-02-14 13:10:30, 2019-07-04 20:20:46
3069, 7E2Zef53M5KCUf9g74O8, 2019-12-30 19:15:42, 2019-12-30 22:08:46
3070, R0RV1jfiXcRd2sg7X54T, 2019-12-29 12:33:50, 2019-12-29 23:42:26
3071, kMY7uwE50KKilt7LZ8Sq, 2019-07-06 18:06:13, 2019-11-21 01:51:39
3072, GGl3gqVj1HqKqV5n1bEW, 2019-11-11 08:35:55, 2019-11-14 20:19:20
3073, 6QhdhbvxFoBT3z43Xoog, 2019-11-11 00:37:54, 2019-11-21 07:46:54
3074, ZcCrWc7pdJl7LL4FQuXp, 2019-03-04 11:08:05, 2019-04-21 17:01:34
3075, tBbNmEEDFA6VEaTmewfd, 2019-05-26 10:38:24, 2019-12-26 04:06:16
3076, bgYrRHRYOOtik2RPiRFT, 2019-10-11 03:48:08, 2019-11-02 18:30:25
3077, VsUSKXUXNQvylIYuCQ4b, 2019-01-03 09:04:30, 2019-08-30 13:22:22
3078, OMuTEzQsXqQhgldzplbR, 2019-01-01 16:57:17, 2019-02-22 07:14:34
3079, 30rcqZbWKAlsZXOs1SrR, 2019-04-25 11:31:27, 2019-11-20 03:57:39
3080, xBqJBV0sRDlWeA7K0dR7, 2019-10-11 04:43:07, 2019-10-29 21:07:06
3081, Pa1ehMOpvc08HdDbpN7b, 2019-09-23 20:33:13, 2019-10-25 21:45:25
3082, M5jlIz7KIwXdsSoyZxzl, 2019-02-06 14:28:06, 2019-11-17 08:25:57
3083, eG0QWjEn1KUgN7uSIZ0v, 2019-03-02 21:18:15, 2019-12-24 14:37:51
3084, X6l1O1WQXVfxY6gmySut, 2019-10-30 20:21:52, 2019-11-30 21:54:03
3085, TQliCn9YBsLefIzeRtCr, 2019-11-06 07:05:08, 2019-12-09 18:34:13
3086, TJUnX5MCgdtsoBpvr98F, 2019-09-02 21:58:14, 2019-12-12 04:31:13
3087, FsjGMYlDl2tMFMw7EIGw, 2019-07-09 17:55:04, 2019-10-18 04:23:37
3088, QMwsZlRwUr6pE9e62AmD, 2019-01-20 12:21:11, 2019-04-05 23:30:00
3089, 4TyxDwrSfRrF1hQtm2kk, 2019-05-26 01:03:43, 2019-05-31 02:49:24
3090, c3YwzaZQIVGjQNlYvjpY, 2019-06-01 03:51:37, 2019-06-28 18:42:11
3091, kj5asVGVZfpwixhr2dYO, 2019-02-26 23:34:27, 2019-07-15 11:01:09
3092, HYovm8xJUqNtfJ8KIgPp, 2019-05-11 15:53:55, 2019-08-24 23:26:38
3093, zRu7kZpy2thIKs0XAo7Z, 2019-04-23 03:34:38, 2019-07-08 05:18:54
3094, pJgKhQYMkNWRieypBJDu, 2019-06-23 16:36:23, 2019-09-14 07:31:12
3095, JdV0fTkvDCHwze4Erawp, 2019-05-29 02:39:42, 2019-09-04 00:05:21
3096, gXbANgbCFOA6FEqUpwTY, 2019-07-04 04:55:37, 2019-12-12 01:54:08
3097, RaKGn9L6O904QvMiZXcG, 2019-02-25 00:16:03, 2019-12-02 23:16:33
3098, uhyDSwOTNYuzyMbd0Lp6, 2019-10-06 08:03:06, 2019-12-14 02:58:18
3099, Bx7KIFjFAyj0AHsKpYnJ, 2019-07-05 04:41:26, 2019-08-15 16:05:02
3100, Czii0ztTpRUmfxOtOtGT, 2019-01-11 09:23:24, 2019-12-13 06:01:40
3101, wHA1HxrNvvoCqu9wW9iu, 2019-12-23 10:33:55, 2019-12-23 14:51:41
3102, hJeTKJeW6YedxNzSgg6Q, 2019-05-03 14:14:05, 2019-09-14 18:03:13
3103, iXzj8mk9WdrnRerf7kgI, 2019-03-21 06:34:52, 2019-04-06 00:30:41
3104, pkje57EyjmzoS010boVX, 2019-05-12 05:40:19, 2019-11-23 09:26:10
3105, w1tdmm8GFZAnpJHy7fcG, 2019-12-04 08:00:06, 2019-12-29 16:07:47
3106, MxcZUsIEKZbyAyvj0LZ0, 2019-11-24 13:44:48, 2019-12-15 04:49:28
3107, mLrCdJxASevx0cEQqzXe, 2019-09-04 01:29:19, 2019-12-22 00:39:21
3108, 1139tEraao2XZjswuuCO, 2019-03-21 21:36:43, 2019-04-30 08:56:45
3109, trvAKtY9qqCqJMfcEKe4, 2019-05-24 00:13:14, 2019-12-12 12:16:18
3110, aLxpv3C4bWNPjLFoD87z, 2019-08-15 13:32:36, 2019-11-18 05:04:20
3111, xGRxbK9Z9Pmduflz9V6R, 2019-10-17 00:59:35, 2019-11-12 20:10:13
3112, 1XIodv6wkTQJumzwYwR4, 2019-11-02 18:43:13, 2019-11-05 09:18:17
3113, SeCS7YfmyGFqAjJ1tt5M, 2019-07-28 00:01:42, 2019-11-08 13:39:08
3114, zNCAQw81Ljy3mf7GfFvU, 2019-04-22 02:15:32, 2019-05-31 21:13:49
3115, Z877w8B4FEJ8HwtdEoVC, 2019-01-12 07:06:40, 2019-10-04 20:47:53
3116, w3h5FrtrCSNe02AhmXme, 2019-11-04 10:05:18, 2019-12-10 11:24:19
3117, L27Mw9F07iiFeWwh9jjX, 2019-12-23 11:31:18, 2019-12-28 06:56:38
3118, hZMHvuS8nooyZHTCMfPY, 2019-11-21 05:48:40, 2019-11-25 00:17:38
3119, W6ViuunvyJB6LXVDND50, 2019-03-05 23:08:12, 2019-06-21 18:03:23
3120, SkKZgmw1dAbyGKmbJ1ye, 2019-08-28 09:59:02, 2019-09-12 18:09:33
3121, dWlcRDlwUOrpMNXegr2w, 2019-12-11 18:29:48, 2019-12-23 13:43:45
3122, AUeIvoogkEouZH8GdEUs, 2019-05-18 05:03:26, 2019-10-10 15:25:33
3123, IUVe0xPsERHzyALs16sY, 2019-03-30 14:46:13, 2019-11-19 15:00:00
3124, CXLe8F2R5hcmfrE08NH7, 2019-09-01 05:23:20, 2019-09-05 21:29:53
3125, s7J1ofOuHL6TSqb6Nq79, 2019-08-17 11:39:18, 2019-11-05 12:16:51
3126, v3p1fkuz6EQozp5u8uYg, 2019-06-19 13:08:19, 2019-09-18 10:53:12
3127, vOZfG9yGz50rviSajsvr, 2019-10-21 15:15:02, 2019-11-25 09:14:42
3128, F3fRMcnqPS1VcxrekiAB, 2019-06-24 11:25:07, 2019-11-08 09:45:51
3129, QeHEWU9bS6SBDNR9Jp0o, 2019-01-13 17:22:42, 2019-02-26 22:35:43
3130, y5CelCOlAceXju8TwizN, 2019-04-12 15:07:51, 2019-10-18 03:32:28
3131, bxj6vFykfjEauVVUBUm1, 2019-09-10 09:36:57, 2019-10-05 21:17:57
3132, 3FU0RVaXQcB2Wr0oD3dp, 2019-05-25 13:23:39, 2019-10-22 08:36:11
3133, ZVG20gItom1Jof6ZNsLO, 2019-11-28 07:40:36, 2019-11-30 11:16:40
3134, 7uMJfyKDLNU74QDHJiny, 2019-02-07 13:59:27, 2019-12-29 22:33:16
3135, 7dkbW03DRDVN5q7SfE3A, 2019-11-26 17:46:33, 2019-12-15 03:37:06
3136, KOQpBDLVJ8Se0b7cQ6iy, 2019-02-26 06:07:27, 2019-03-11 07:44:32
3137, V4ivYlaKFrfoEnEAKbSa, 2019-08-13 20:44:39, 2019-10-06 17:40:20
3138, AbiJ0EHThjCFKovDG8El, 2019-06-21 06:08:25, 2019-08-12 00:04:45
3139, g258VpFEJcgdnpoDn3bp, 2019-10-15 17:11:24, 2019-12-05 06:24:35
3140, gkfhw9uH6LXzRf18YSXg, 2019-06-12 00:18:15, 2019-11-28 21:12:23
3141, k8i9znzpokdFWuvzcHzl, 2019-01-07 12:36:50, 2019-12-03 16:14:18
3142, uuqAMGGSGHbUzz93iBF7, 2019-08-03 01:47:59, 2019-10-04 06:45:02
3143, j7aNYrweLD93kadUeZ4y, 2019-03-21 11:25:12, 2019-06-17 02:40:58
3144, NhnzQX7zz44rrkk2L4AP, 2019-04-03 04:53:27, 2019-06-07 21:11:02
3145, hzw5o3b28yTn5MmI7a8Y, 2019-08-26 22:28:54, 2019-11-27 17:50:32
3146, UVYuxzTIHNPHLNCX51pN, 2019-07-07 05:07:20, 2019-11-28 20:36:27
3147, bGRV9tm6fPc6XrOWAqbS, 2019-04-02 11:17:27, 2019-07-11 03:48:38
3148, pcpN9o5lFT3ssy0hWPr8, 2019-01-20 18:29:00, 2019-02-16 22:58:32
3149, BAWGwsPAHFVgS8zfbiAA, 2019-09-27 13:27:32, 2019-11-17 15:20:43
3150, bwWpjsyfa7VD6mXsIS1Y, 2019-12-05 21:53:22, 2019-12-12 14:26:33
3151, HAaHzGPGlENJBntM81bV, 2019-03-30 06:31:06, 2019-06-12 00:36:27
3152, ou5VXklemnc6cV4bbbmX, 2019-11-29 13:56:32, 2019-12-13 05:31:52
3153, 4h2VcLEmIRt9zkEDpIIe, 2019-11-23 20:53:00, 2019-12-07 05:03:13
3154, jqTJaoN5QpOS3tiP8FCv, 2019-02-06 10:35:53, 2019-07-01 23:52:04
3155, hszTEAgrkk1wNU7d3g5A, 2019-11-13 13:46:19, 2019-11-20 02:53:14
3156, iiAMuTiaMoujeUQxOTQh, 2019-01-22 03:49:33, 2019-05-14 20:07:14
3157, mMhMViBkjcpqhwJfbu6f, 2019-09-16 19:13:05, 2019-12-23 11:14:34
3158, blrY3Fp6giVDUv7a9o3a, 2019-10-15 06:20:26, 2019-12-12 23:26:39
3159, dCaWC6bH64T6tZplEuHJ, 2019-04-17 21:50:03, 2019-09-14 17:04:31
3160, jPCz4JAJwD11SwnWaEMO, 2019-11-25 19:10:55, 2019-12-13 15:12:42
3161, lnF76iSdcE14dHFwwDXv, 2019-11-24 19:03:16, 2019-12-18 07:18:54
3162, wcRhNuqoIa53GkmN3Koh, 2019-07-23 00:43:49, 2019-11-23 16:36:45
3163, LCTHiuKK65eoZN1m6NJQ, 2019-04-30 13:09:59, 2019-07-12 21:39:02
3164, iopYcexYay6EbxamWJX2, 2019-09-24 23:22:29, 2019-09-28 13:56:59
3165, vQKFU484GXzHdS7foyyx, 2019-12-08 19:18:04, 2019-12-16 12:58:49
3166, hwpQumX8MKb1iPZ2JmoO, 2019-01-14 17:22:47, 2019-09-16 18:40:54
3167, ydSk4Xxf1sGMkuuQTSZ0, 2019-09-22 11:51:42, 2019-11-06 18:19:43
3168, fEYRVPulLNQegwAQdd86, 2019-04-11 13:13:27, 2019-09-24 11:19:59
3169, wPwnRV9r9HuqmCeMlRjv, 2019-10-20 15:07:42, 2019-12-09 10:10:32
3170, RtEeBIF4DkxsoZhoMjeK, 2019-06-19 12:07:12, 2019-07-13 06:56:19
3171, OVM089pqIqbdbvKCrPM4, 2019-05-01 21:00:28, 2019-05-25 02:12:40
3172, pUiCIPuDmy5s77c01ORv, 2019-04-21 21:40:06, 2019-12-06 11:58:23
3173, IWKozx7rMXP1boVq6f6K, 2019-01-31 03:31:39, 2019-10-28 17:14:46
3174, QAnG3zZA3OeHZrtIhTG4, 2019-06-25 07:20:21, 2019-07-26 09:20:49
3175, IB5zTR0uJ6ZaYV0m1DC3, 2019-07-27 09:57:15, 2019-12-15 03:00:00
3176, s6maWDEMBBQtqgxyLRM5, 2019-07-03 04:14:06, 2019-12-30 00:06:45
3177, 5VzS9RA1uypLwZ54lx0i, 2019-07-26 01:22:34, 2019-10-20 11:15:50
3178, eqR0Ypz8zeszRrhHQarf, 2019-06-24 22:05:12, 2019-11-14 00:44:44
3179, bklySxImFyJre6RyNl6s, 2019-11-06 18:26:19, 2019-12-02 09:37:15
3180, 8ahznli7n5QswngiTxje, 2019-07-30 18:18:40, 2019-10-16 10:08:08
3181, 3E2V8MQxNbiNbXDuuvAx, 2019-11-07 12:31:11, 2019-11-30 07:31:44
3182, VyGCQXVEnHFrmlejNJqt, 2019-12-30 21:11:15, 2019-12-30 22:19:45
3183, XCPJSevkv2cLBsgVgSME, 2019-07-20 20:18:47, 2019-08-09 10:15:09
3184, 2dQgdseDph5lecq0SV9r, 2019-04-11 11:08:51, 2019-08-24 18:56:52
3185, IjmzW7nLgytIYDLbBArC, 2019-05-09 00:59:44, 2019-05-21 13:26:35
3186, Dx9mb2NRmS0npp2OL8sq, 2019-08-01 00:24:01, 2019-09-23 18:17:13
3187, UVH3QOHfweyXcKoHBOxZ, 2019-11-18 15:44:35, 2019-11-26 21:02:12
3188, Tr8htaFSXfru5DnSM9DC, 2019-10-24 22:02:29, 2019-12-29 19:42:40
3189, V3SUv7P4P03JzG3GmhSe, 2019-07-09 15:35:49, 2019-09-18 14:01:24
3190, nCHyIBnreJLJKGiMbQ6x, 2019-10-07 02:27:06, 2019-12-22 11:18:30
3191, ZLpxche9VXFVnILvf4oQ, 2019-12-29 07:36:08, 2019-12-29 10:29:26
3192, 6XZhzdQsb26c3k5jSmQm, 2019-08-18 04:33:35, 2019-08-25 06:34:00
3193, kIa77AfIetAIMF7yZedx, 2019-06-08 07:51:25, 2019-08-08 18:10:13
3194, VIUZeDn2o90f8nvgzw4S, 2019-11-20 16:21:30, 2019-11-27 09:47:41
3195, r70lHRTrjhDrFkvcfKYV, 2019-11-09 01:08:18, 2019-12-25 15:37:12
3196, QsnNeK0R0YGyly8IFQmH, 2019-03-17 11:36:21, 2019-03-25 07:12:04
3197, CpuHsSZGtaV1kF9ulrUD, 2019-12-28 05:31:34, 2019-12-29 01:39:55
3198, HBHhaofV2aKASNQn96Nr, 2019-01-20 13:42:46, 2019-07-31 10:02:52
3199, dpwT3OY6mfPssuyyJXJV, 2019-03-07 21:15:04, 2019-11-30 20:15:13
3200, NMuoPFWkFS8fXnzAEGX5, 2019-01-20 11:41:01, 2019-07-17 19:46:49
3201, NodRPmNcJOK2O2RV81DQ, 2019-11-26 06:43:49, 2019-12-27 13:50:10
3202, 7joH86nSpLDSqlavBurT, 2019-11-26 18:10:28, 2019-12-03 18:51:29
3203, dNlFYaHY5X9NeP5jMKeI, 2019-01-25 18:53:59, 2019-06-22 14:48:03
3204, Ffcmsy672SpNOh7usKOB, 2019-05-30 10:47:51, 2019-08-20 04:50:30
3205, eGUrpo9iTWxBHCJlUH8q, 2019-12-30 05:28:11, 2019-12-30 08:26:10
3206, 3UUwEPOZuWrkcv9csBqE, 2019-03-20 03:16:44, 2019-03-25 13:42:12
3207, utY856eMYsYkU6JBszE2, 2019-08-08 05:14:09, 2019-12-26 12:46:13
3208, W5t8s6ngkayRavY447Dy, 2019-05-02 19:01:21, 2019-09-06 04:34:06
3209, X3zUkBNEE2qCCtg3YDm2, 2019-01-19 12:56:09, 2019-09-05 21:39:41
3210, 7Rq8ccczXISFkbC35bmv, 2019-12-30 23:08:48, 2019-12-30 23:56:28
3211, y30TQ7jL0gnqrPUZr5e2, 2019-10-26 16:40:09, 2019-12-17 04:48:35
3212, ErAHQndafFwgh748qN9u, 2019-03-02 12:33:40, 2019-12-23 21:26:17
3213, 8Kbf1WFI1mCwvVbZNHZB, 2019-05-08 13:30:18, 2019-07-29 04:54:50
3214, 747ZG0fGIdFi4mtagCF8, 2019-10-16 20:08:47, 2019-11-06 21:24:05
3215, 0JcBRGXGjGUmQ9bxQVaU, 2019-09-04 15:05:48, 2019-10-12 22:43:50
3216, SMXykyylSiYNJqK49vHC, 2019-04-23 12:45:19, 2019-10-09 23:56:55
3217, 7yThNCDBNDb2yuADKBjD, 2019-09-25 15:21:54, 2019-12-26 20:14:38
3218, w9oO8m1miNQ37K4Jifil, 2019-07-28 09:00:53, 2019-12-02 08:18:22
3219, do0yvVQ8gemolOq7J5NO, 2019-04-30 23:50:17, 2019-11-01 04:34:34
3220, q1trr9QOu4J4UcdLDASU, 2019-01-06 03:33:15, 2019-09-06 11:07:31
3221, N61radfDpqrGaMtO2Gau, 2019-12-15 18:27:31, 2019-12-26 14:34:28
3222, Bginz2mYwUMwuhlE5icD, 2019-08-01 19:17:36, 2019-10-02 07:53:36
3223, JCohv6E4ZJgVlDzHgaP8, 2019-06-30 13:50:17, 2019-07-05 09:44:11
3224, 4u24A8MY46VuUou95q2D, 2019-02-08 18:12:29, 2019-04-05 15:23:38
3225, uOq62TFPMEaMWCByN0T6, 2019-11-28 02:38:33, 2019-11-28 21:39:58
3226, 414p4rjhXE5zQmhGb3J0, 2019-12-16 06:43:09, 2019-12-23 17:14:53
3227, AcM3cMNINL3Tgq6TqRFi, 2019-12-21 15:09:05, 2019-12-24 22:56:14
3228, qMHnOJ0AWOPAmEHO0NSm, 2019-05-05 14:06:46, 2019-09-18 17:14:09
3229, 8PgpjTlmiJHEW4eGvqxx, 2019-09-02 13:44:10, 2019-11-23 06:41:21
3230, eZehgYOncP8GefKsCucn, 2019-05-04 06:16:00, 2019-08-28 20:00:31
3231, TJA5JErz7gJUpV7J6ihR, 2019-11-02 10:47:41, 2019-12-06 10:21:01
3232, 3evPrM8z6vw895Ed4FZA, 2019-01-16 09:39:09, 2019-04-22 08:18:10
3233, ctVlPEeJjv5oZ9yIr17V, 2019-08-15 14:42:26, 2019-12-20 03:06:34
3234, cV51KSGnoQYXQp7jIjWz, 2019-11-23 14:26:20, 2019-12-23 07:39:15
3235, unjDzplMwvQcJdHDpaVn, 2019-04-18 04:02:00, 2019-05-05 08:50:34
3236, vQ19lQa3PtvEIYEqWb00, 2019-07-14 18:28:43, 2019-12-08 16:05:23
3237, gSdjtLcdB6NqEn3fjzHJ, 2019-03-13 05:39:16, 2019-11-05 14:50:08
3238, oirUVebGWBWbVGFgC8tJ, 2019-09-23 15:14:12, 2019-11-14 21:45:27
3239, QNbUGEMzPSXKnK9y1Ucv, 2019-11-02 09:44:52, 2019-11-24 18:20:23
3240, eRAO4rqTy7vlbjrOHLS6, 2019-06-20 02:34:13, 2019-07-12 12:10:53
3241, dFXt0TWWXhYA9Ub1pkGd, 2019-03-27 17:44:54, 2019-09-13 21:34:56
3242, ueiuRPQwXew3ZNOl0YHE, 2019-07-09 13:39:02, 2019-09-04 15:16:39
3243, Vl11PlgFvTV5amZQdVBR, 2019-08-25 13:16:30, 2019-12-15 02:07:44
3244, 6Hg3tCI46VE7eqyLimEm, 2019-01-18 17:49:36, 2019-04-04 04:49:55
3245, D5AH5kPfiBPS3TQ9QbJR, 2019-11-21 02:01:39, 2019-12-11 02:20:20
3246, GWWDyf1PSLXeuSW3nZbL, 2019-02-23 18:27:58, 2019-08-27 21:22:03
3247, wH9gdmpWGlc140hdf3sd, 2019-12-29 18:27:45, 2019-12-30 00:16:37
3248, vfhT9qjc2IlbFHjimGXt, 2019-10-31 22:49:37, 2019-12-10 16:15:38
3249, K24PD61txhxKNc24X7R3, 2019-03-05 15:02:21, 2019-11-09 13:42:09
3250, MBt1cMLinoryUxhypmN9, 2019-02-06 03:25:52, 2019-05-06 04:15:28
3251, p02PU0qxuoCHwz6w104M, 2019-04-28 14:41:29, 2019-08-17 04:41:54
3252, PbcoO2PjqobP3CtRcG6j, 2019-11-29 22:22:36, 2019-12-17 03:33:23
3253, fpSlcOvmsTj7Mk1XpJ8e, 2019-07-18 04:45:28, 2019-09-16 05:15:48
3254, g180mkMTeKYSXgd9LMQg, 2019-04-05 19:37:30, 2019-07-11 20:36:17
3255, KsoOFgny32aNrnRv98WV, 2019-01-08 14:56:25, 2019-01-16 05:50:46
3256, UQOQKdt5DlG4geyZIErF, 2019-02-01 04:46:08, 2019-12-03 02:06:16
3257, kqETrPXqTTOAAsb41Rge, 2019-11-10 10:39:53, 2019-12-24 10:15:03
3258, Q2ex4IpiduEK8JCpmr3L, 2019-06-27 21:59:14, 2019-11-14 22:39:35
3259, fEZLs0s8kZHqfbMGGoSl, 2019-05-22 08:59:32, 2019-11-11 06:11:24
3260, EbzgJBSBeYtZ23ZReH2J, 2019-09-30 20:56:00, 2019-12-06 13:47:26
3261, h72q4oPzhmL4FAngI3Lq, 2019-10-08 00:38:25, 2019-10-30 03:57:22
3262, 8IVx88k6PAqyPypTnYOk, 2019-12-21 02:29:26, 2019-12-27 04:38:00
3263, 8rxYQDkYeWAhbgFJlxsH, 2019-02-27 02:20:53, 2019-09-30 08:51:26
3264, rImXdfGFIYjDCJ6Zezc6, 2019-07-11 17:02:42, 2019-09-22 14:04:02
3265, vQf8jJGlZi37QkUXf87i, 2019-02-14 21:02:00, 2019-05-12 14:02:48
3266, O6RGqTMIjQaVs6TB0qom, 2019-12-09 05:07:37, 2019-12-26 00:33:44
3267, awnJ0miyYb7OOyZ3cfqE, 2019-09-27 11:32:03, 2019-10-30 09:18:50
3268, pTLYTFV1vMr8fFR3BML2, 2019-09-21 02:51:38, 2019-12-05 07:31:56
3269, i3ZydUEhI92NVYISwtHP, 2019-09-01 12:20:45, 2019-09-14 15:51:29
3270, t2bAZJO2fQ7Ti29ugpUy, 2019-01-31 03:29:29, 2019-08-10 10:50:52
3271, A1BC6V5DcZ8MY4MQXAT2, 2019-05-14 00:54:02, 2019-08-28 16:27:32
3272, I6jEMJCT8uP4MdgSW5Nt, 2019-11-04 13:58:38, 2019-12-03 05:18:14
3273, e1BEZPyTP2Oc2fr30whu, 2019-01-04 14:18:47, 2019-09-30 19:36:16
3274, 4DMLsjizwWaGo5M2MzO7, 2019-02-06 12:11:33, 2019-03-22 19:52:42
3275, jmS1TkuEHx2YbiTO3nl7, 2019-03-11 07:17:30, 2019-03-24 21:37:07
3276, DLAxA7IhupJUT1zlP341, 2019-01-28 20:18:50, 2019-12-11 19:59:51
3277, a3qaMAwfNInt4Jdpmf4m, 2019-01-12 18:57:52, 2019-03-16 21:47:56
3278, MTcsbT6fDr9ys3VGsxHK, 2019-10-27 07:46:15, 2019-12-05 20:51:49
3279, MATTAt0G7B5jGBxFyLB4, 2019-05-05 02:08:41, 2019-12-22 16:47:01
3280, Lsgche4kXkHdzvznfKtI, 2019-07-10 12:18:34, 2019-10-20 07:56:33
3281, XSqOfr53TUnNWm5TxceQ, 2019-08-04 08:46:56, 2019-08-29 18:45:18
3282, imTtKZ98Q59aKlRevmjE, 2019-01-20 16:37:28, 2019-08-15 21:07:04
3283, or97ynzdoc6XYXEMKZ1n, 2019-10-22 10:40:51, 2019-11-19 04:37:15
3284, hcivJWEE0WAS4a3pYzDi, 2019-07-28 23:51:35, 2019-09-18 11:41:49
3285, mdSC4iZq94p32EDr8blx, 2019-06-29 04:41:03, 2019-08-03 08:26:18
3286, 5po4LGe6w62am8ggR036, 2019-03-09 19:27:52, 2019-06-05 01:01:55
3287, DQpbGRQRE2JSdfCcbdiL, 2019-03-16 17:28:07, 2019-07-21 21:06:31
3288, VP6zHJXzgLu0LllZubYC, 2019-11-17 23:51:36, 2019-11-22 10:38:52
3289, M4zvBkjhYC6gEoQoYM09, 2019-05-30 01:09:10, 2019-08-23 11:25:35
3290, yRjRApYsnQBjjCYpsIPJ, 2019-08-05 01:50:16, 2019-11-07 14:41:04
3291, 5Jkg4IYfQx4IcbgE8kBz, 2019-09-27 00:11:08, 2019-11-24 20:54:34
3292, NRVQVe7wFAp1QZQB7eR6, 2019-11-21 08:05:20, 2019-12-26 22:42:09
3293, cXKhgW8FBEmF4sP6pLYA, 2019-09-05 04:19:18, 2019-09-21 05:58:42
3294, THCTPLIfjIRAYnfpoWMR, 2019-06-06 08:18:12, 2019-07-08 10:56:28
3295, 65CS1RdLthe2VnGyRNBz, 2019-05-12 12:49:16, 2019-12-08 20:23:59
3296, OQv0E0RHIbUla4QkW7N4, 2019-02-09 10:17:00, 2019-09-24 17:33:05
3297, wRzjGkwxN5Sa6yDjnzk7, 2019-03-06 13:36:41, 2019-03-30 00:44:13
3298, UxuPOYrgmvwcD98wR4os, 2019-01-12 16:06:05, 2019-03-11 14:40:27
3299, WvkDcEloBxcrqguBlqSL, 2019-03-28 01:22:56, 2019-10-05 00:32:07
3300, E9wCFiqRYev3uJzZOWmW, 2019-06-05 00:46:53, 2019-06-11 02:37:17
3301, cReHimrHNXSz3cHqY2jo, 2019-06-29 07:57:49, 2019-08-17 19:20:16
3302, kF4VioiUUfiZVZe1vHsG, 2019-09-11 04:04:00, 2019-11-01 12:08:10
3303, bgfZg0Ss540xNKFRPQIW, 2019-11-23 00:06:52, 2019-12-12 02:21:39
3304, TSRTYd0ygi2YDsHI4R5q, 2019-03-07 10:19:56, 2019-05-16 09:19:00
3305, MpJLEVjovsm5kgHihIwd, 2019-11-01 15:28:46, 2019-11-04 03:47:33
3306, BgkzJSdtWwTNiUdfQvFL, 2019-04-14 16:52:23, 2019-07-29 19:10:59
3307, WxbElKjWUPk3uQSho7Pu, 2019-09-09 21:24:05, 2019-12-12 22:07:31
3308, 4ReX7OnYDLhn2dMRWhH6, 2019-12-28 14:58:13, 2019-12-30 16:10:08
3309, R0A7I89KPr8KHSYRYquv, 2019-04-27 11:59:59, 2019-10-25 09:53:13
3310, 4dteuFyyjwUPCwVyGQua, 2019-07-19 19:52:56, 2019-11-20 16:01:41
3311, ez2htBv8S99R3cQjGL3F, 2019-03-13 07:39:45, 2019-06-19 22:56:07
3312, oaeIjYA177p9enOF2dWo, 2019-11-27 22:45:00, 2019-12-20 09:57:33
3313, MglW5z0Y4YA13LMoltJ0, 2019-07-31 13:20:41, 2019-10-03 14:11:47
3314, EQFy9eFHejIjf0e3lRHO, 2019-12-04 07:06:41, 2019-12-08 16:24:50
3315, OIFRAUmyBJrF03IKVHS3, 2019-01-05 22:32:43, 2019-08-30 05:56:52
3316, RqXHrc8ecIK8Ck9A147e, 2019-10-12 07:09:04, 2019-10-29 22:02:36
3317, mjnAAVnGN6piLyWC60PA, 2019-08-06 12:26:56, 2019-10-06 20:03:18
3318, wN2vOx7OnpYXpjssFU0Z, 2019-12-16 04:33:45, 2019-12-28 12:59:35
3319, qD7dcYtPspRLOr0eKYpg, 2019-04-22 15:30:57, 2019-11-18 19:40:23
3320, neUq3kFjOJ25JkTfy6Wb, 2019-01-13 14:20:56, 2019-12-27 20:00:17
3321, dQhjj7mRahsngfRy0r0l, 2019-06-28 04:11:21, 2019-11-30 03:19:57
3322, fvD9Xb5rgZgVSvqbFYDi, 2019-09-27 09:59:07, 2019-11-21 05:08:49
3323, 4xAgUvQFP7aaj3fiFwKH, 2019-07-07 14:29:16, 2019-08-27 17:58:12
3324, L7Ob1Ba0lOKAT0jpIFDN, 2019-12-08 17:45:36, 2019-12-13 23:20:46
3325, CsAgtyb5wVCAEX77xr3A, 2019-07-18 19:48:34, 2019-08-30 02:52:30
3326, TVMqK2D1RCrDDHILSfaI, 2019-05-10 04:42:24, 2019-06-07 23:34:01
3327, Eqsv01xdj58rCyIo47eY, 2019-08-21 15:03:52, 2019-11-11 11:12:18
3328, i5P3qVWtyiEbWiDBWdTX, 2019-04-03 12:14:20, 2019-04-11 00:53:30
3329, jk3Awxig8sb67IbtvaE5, 2019-08-14 09:50:20, 2019-09-28 16:34:10
3330, juwrTwgtU3Y8nPKcl1na, 2019-05-18 20:44:39, 2019-10-27 14:41:45
3331, EhmYWnmDbdaBCOHS646r, 2019-05-29 21:22:49, 2019-06-08 18:42:15
3332, TelkdusojPKR7daPlQrc, 2019-09-14 21:20:44, 2019-10-10 15:48:02
3333, GmodInwyr5KfQvgQ09Qx, 2019-09-29 18:16:03, 2019-09-29 20:52:04
3334, SrvWFp7QOHETTS7cYFZq, 2019-05-05 16:41:11, 2019-05-18 04:41:50
3335, EW0l9mv4Pb9h5IwyU3dI, 2019-04-20 04:56:52, 2019-06-26 05:41:50
3336, I4wynWTWL1S0gb8RqHH5, 2019-08-30 01:18:48, 2019-12-02 11:30:51
3337, APXPom57dJ1o6ymYySxV, 2019-12-07 21:13:39, 2019-12-29 05:16:45
3338, CWbBWE8G426vzhWh1iVx, 2019-04-02 15:25:53, 2019-04-07 22:37:14
3339, faqzVQZ6X6ey76x29JRh, 2019-08-07 04:25:01, 2019-12-10 04:48:27
3340, nBAscC6XSjaKBWmPYFUS, 2019-01-12 01:43:04, 2019-11-29 20:39:37
3341, JP9eNPih59iF9olt8jf9, 2019-08-28 18:10:17, 2019-11-16 02:55:56
3342, WMOOnTozl0vXKSAMNs5I, 2019-03-07 16:05:22, 2019-03-16 02:13:33
3343, 1I2xYGoMdys1SfA9sDbo, 2019-02-06 12:28:20, 2019-06-09 08:42:30
3344, GcPFbvVah5qU0oLqEW8y, 2019-02-19 00:22:40, 2019-12-27 13:00:37
3345, Q0tYb1EPic5p8geGq9wQ, 2019-02-13 14:34:34, 2019-03-08 01:56:21
3346, iaybgWR2i8UVKMpFlN8j, 2019-01-28 15:02:41, 2019-08-20 15:07:07
3347, v9gFOOdU4ZlIUjtSr7KJ, 2019-02-25 20:30:06, 2019-08-07 07:51:09
3348, QmUTTLiI1hYWlL0JJBt7, 2019-08-02 18:32:30, 2019-10-19 14:37:53
3349, 5qDO3TzKf4a0RwRjRp0T, 2019-07-03 22:31:34, 2019-07-16 18:37:39
3350, wP5FCT1slIIBuo8i0viR, 2019-06-16 19:06:36, 2019-11-15 07:58:03
3351, 6anom3zUXV5rNVfcX8M0, 2019-01-30 11:38:40, 2019-02-19 12:03:52
3352, Ze9iR3yovmMRhYTfoPb8, 2019-09-15 14:24:58, 2019-10-02 13:51:33
3353, 5ekibGdr8MdybhgQv8Zh, 2019-10-10 02:31:47, 2019-12-24 00:02:35
3354, VM0Sh6aBxiFl06w1lkht, 2019-09-30 19:13:19, 2019-12-19 08:33:09
3355, irLgMwIrxuBtrFfxOsF8, 2019-11-10 06:08:02, 2019-11-13 18:00:52
3356, ODSziIgWXGzatHwwP3I3, 2019-04-17 23:11:45, 2019-11-19 09:42:18
3357, iMuyNDpqRtftMSkHy5lE, 2019-11-02 23:35:59, 2019-12-20 05:12:18
3358, JZ1i2PXJwDC1JQ3Ax5xF, 2019-09-11 10:47:47, 2019-10-12 03:32:38
3359, j7Tro0Rd2XgIpgdnWFuk, 2019-10-08 01:26:40, 2019-11-21 19:34:25
3360, BP0PFS4A6wWeWydH8pUn, 2019-06-11 15:45:38, 2019-11-12 13:11:48
3361, an5c5GeXSm5nRjfGV9lo, 2019-01-14 10:05:00, 2019-05-05 15:38:43
3362, aO5MwWIvEKarIecXdqmV, 2019-08-30 16:47:23, 2019-09-23 04:33:03
3363, 8looKx4y7rSM7NwwU9nm, 2019-02-12 18:55:08, 2019-09-15 09:08:04
3364, IBtGIhJLBzMr9jiZa4rj, 2019-05-14 16:59:27, 2019-07-30 11:40:41
3365, aMuybQfsBlStZx5atqKP, 2019-11-27 03:57:11, 2019-12-21 08:53:37
3366, OPA4Um6m7Z9VMf5BwqmN, 2019-04-24 06:25:40, 2019-06-11 20:49:17
3367, wKRVKj1uIThwRHJCY0Fe, 2019-02-13 15:07:26, 2019-08-15 10:12:49
3368, 44vO5zdegIUzQO8WHr0e, 2019-03-03 05:20:13, 2019-09-17 08:10:04
3369, H6JKYJKx7VsGUrtOPVHg, 2019-09-25 14:36:13, 2019-11-23 10:35:27
3370, tF55PDIlilLHynHvqQh7, 2019-09-21 04:40:04, 2019-11-09 22:26:35
3371, Mp1QqlrDsvwFtSokiYOY, 2019-03-02 02:02:39, 2019-07-06 04:57:10
3372, 0GQ8AFcXATFV6Hvjc7RD, 2019-01-04 00:52:17, 2019-07-25 14:56:06
3373, edOgV5NGJYWR4BGtReYT, 2019-03-25 00:24:27, 2019-11-19 22:10:49
3374, J7vSA2rElpsHz3VVc7R7, 2019-10-27 02:53:52, 2019-12-08 09:20:17
3375, Y5s3EZtA4988n2yn4E4a, 2019-10-18 07:36:43, 2019-11-30 16:24:33
3376, SkkZZ8u0HFKFRmnbhJxP, 2019-02-01 13:19:04, 2019-02-04 03:50:53
3377, aYw5MfdM1hpXva80tWEu, 2019-09-16 14:41:19, 2019-12-19 12:13:15
3378, ryRhaRoP5tGtrrRcdKCT, 2019-03-15 18:24:45, 2019-09-02 03:20:53
3379, PNRBrzYipTk7cZ3wntFL, 2019-08-31 19:58:27, 2019-09-08 06:40:57
3380, 7xqZD1ThY81S6xNHOiru, 2019-12-12 19:44:06, 2019-12-26 07:56:23
3381, q64DMYd1tyvqK367Pkhs, 2019-12-08 20:43:23, 2019-12-13 05:43:01
3382, IMu9Mzp9xPVNme7UXqz2, 2019-10-09 05:34:38, 2019-10-25 23:30:23
3383, Gv58WFgFhd8zdCbwjnzH, 2019-09-07 08:03:33, 2019-12-22 12:18:56
3384, 9iORsk45MFz6sUVENGoN, 2019-11-18 13:54:39, 2019-12-04 05:33:01
3385, jgh9Ec6ApGxwj8Fcj6qT, 2019-09-16 20:21:35, 2019-10-10 07:44:39
3386, lDRpS0ZDz3IBExSyE5lT, 2019-04-20 15:23:13, 2019-07-09 08:22:46
3387, 0fN1iAr15X0lC2sww7ps, 2019-02-11 21:39:10, 2019-04-12 06:16:54
3388, NQu3CNuoCrjXKODCtVdZ, 2019-06-12 08:05:53, 2019-06-17 19:59:36
3389, ERGd9g0XGY9lNJlpSS2G, 2019-04-10 15:00:20, 2019-05-31 19:43:06
3390, RaAYG4gbZBZdfmvml14y, 2019-09-15 20:32:17, 2019-11-06 21:08:33
3391, 4OhgOpj02skqal8m3Ix9, 2019-05-09 17:53:18, 2019-10-10 04:08:07
3392, BUVTEpOVMoxERjfbjEQc, 2019-03-22 00:58:20, 2019-07-26 06:06:24
3393, HsPKxX7uXRhKoc0q4Z1M, 2019-11-30 20:37:00, 2019-12-28 10:50:19
3394, uDr2zWVplSyetMaAmwsl, 2019-10-17 08:10:19, 2019-10-24 05:00:19
3395, 05WMAY3tCdsHNDEeWqCv, 2019-06-05 17:12:17, 2019-11-15 18:59:21
3396, M1xMxihhMnyGYyoD7Spi, 2019-02-08 09:06:29, 2019-04-21 07:28:58
3397, CVFVSJhRcnJk0vlQUqVV, 2019-08-08 02:34:15, 2019-11-12 22:27:22
3398, LWbcDRERkCiBMH1TcHGi, 2019-02-06 18:26:11, 2019-12-27 15:07:08
3399, Zq4lPnlRap0EnAVTEUU8, 2019-05-14 01:10:19, 2019-07-02 15:43:55
3400, BqCX6iftgM2VujrrUqWb, 2019-06-07 10:03:34, 2019-08-15 03:07:31
3401, SnyywglGxQL8Lpm2iKut, 2019-04-29 04:39:50, 2019-10-02 00:14:26
3402, 90kgXmuylTzZQdSQJU7Z, 2019-06-16 18:28:24, 2019-06-21 23:16:49
3403, dIST7FRWJgE3UbcgSxvV, 2019-09-09 22:58:48, 2019-10-28 23:43:14
3404, WwnSILsIboZqFuNhnzff, 2019-12-22 13:58:52, 2019-12-28 11:54:12
3405, KpDye94LC9AGFEZSvBu4, 2019-05-06 06:31:31, 2019-06-15 02:03:44
3406, M7hbAZ3tzRuF0HBgEM49, 2019-10-18 16:08:02, 2019-10-19 04:57:35
3407, go5o6Bb6MduFFBwjhZyd, 2019-07-07 11:48:27, 2019-09-16 07:57:12
3408, hNkmFeuoRkJ2jgHiU8Wu, 2019-06-25 12:17:50, 2019-12-22 13:32:34
3409, 8rk3BY6LiQwf8nqUEOy4, 2019-02-05 20:17:00, 2019-05-24 03:05:50
3410, 8jtU3lQ9zolAa9Jxj2Au, 2019-11-21 12:27:52, 2019-12-19 07:51:04
3411, 8MVUV5FfvAUZyEvvbdt0, 2019-04-02 02:21:01, 2019-11-23 10:11:39
3412, KfAdga2KjgqTtsmiWVc3, 2019-11-20 06:50:32, 2019-11-22 21:37:27
3413, xXj7XEDQ23TsHOebLoy5, 2019-06-21 00:39:10, 2019-07-11 10:53:44
3414, IqSTyctMvDFmBQn5B5bA, 2019-02-02 17:03:43, 2019-08-09 02:11:04
3415, WZDw4OImL2bEAXTIG0Rj, 2019-01-26 07:54:41, 2019-11-04 01:35:21
3416, 2KUQICVTny9RT9cMxjZN, 2019-09-16 07:16:42, 2019-12-04 03:18:08
3417, uJ74oqgoAbWuG2YQGSgd, 2019-11-18 21:22:24, 2019-12-06 14:18:56
3418, YFQcD7GzbzeS2jCXwu6f, 2019-04-13 09:35:02, 2019-06-06 06:14:26
3419, JlVAA3udJCZo8OOCxPpv, 2019-06-30 12:32:04, 2019-09-08 04:52:25
3420, gUMI2YZjTvrgYIwPiCfQ, 2019-06-18 05:24:43, 2019-08-11 20:15:51
3421, BWZfGitVUnplww1txf4d, 2019-05-24 09:50:26, 2019-10-25 12:09:38
3422, RRfoDLJjz8HN86s4QYCl, 2019-05-10 19:44:28, 2019-06-06 03:59:05
3423, NpJBk9VJXJlPT0P51fk4, 2019-11-11 20:28:08, 2019-12-11 10:01:22
3424, 3xmRSkpY3wHvpaiFMqpb, 2019-04-27 22:36:32, 2019-11-12 00:29:07
3425, 9p1yjodzkalsIRv2TORk, 2019-06-25 02:31:11, 2019-12-05 05:33:39
3426, HrMLiWEt32E4QJ9F14wR, 2019-06-13 19:55:58, 2019-09-27 20:36:15
3427, yPqr8oNd0KAIv2hHP5xT, 2019-10-25 07:55:01, 2019-10-26 13:53:04
3428, 4F3KE6zUydvgids7wBes, 2019-03-03 15:32:50, 2019-08-22 09:43:51
3429, GapXKf9I7huFhfZu4OGa, 2019-09-23 08:15:23, 2019-10-23 00:45:27
3430, EHn9QhBzzT6fIgOpmwdL, 2019-10-04 17:43:13, 2019-11-21 14:40:54
3431, zzRDRGGK9XEud0v7HkhA, 2019-05-15 19:28:09, 2019-12-22 08:38:55
3432, BUu3xSlWL9xWmxtBWqcd, 2019-11-06 07:56:47, 2019-11-08 12:57:00
3433, NmemAN3Mvrk6aWCRgaUy, 2019-02-13 06:09:11, 2019-08-26 10:39:14
3434, EdTLLdvqg0YkO0FM4D6P, 2019-07-16 05:41:44, 2019-12-14 07:21:12
3435, Y1DGLzuPFa5xNQezMFjR, 2019-11-23 09:09:18, 2019-12-06 11:22:23
3436, PWPr9Hww9jx5BRYGU6Gi, 2019-12-17 01:00:53, 2019-12-18 06:59:07
3437, Gdw2qcz4Hflu4EWL55wG, 2019-02-15 03:58:35, 2019-03-22 00:32:19
3438, s6xFjUkTD5vNx9Ae6xEA, 2019-04-02 15:33:08, 2019-11-09 09:39:40
3439, LlJBdsG7D7esmN0eJujZ, 2019-06-12 06:01:22, 2019-09-09 05:12:02
3440, q6deJKn1UKwZ8b3otKtE, 2019-11-28 04:17:19, 2019-12-12 16:22:01
3441, qT53jvk7ZjSpRgPHcjsF, 2019-04-24 07:46:32, 2019-10-25 08:14:11
3442, Anvb36xGDSacAvu6QWe4, 2019-02-06 20:30:26, 2019-02-12 02:40:49
3443, wkefxt7pYN8z1GqsQCVX, 2019-08-28 22:52:10, 2019-09-27 20:48:08
3444, U2K5jBfAIFG8osjxuNbz, 2019-08-24 23:47:09, 2019-10-26 22:09:06
3445, 41HffdePprW6c4e0trks, 2019-12-05 16:18:42, 2019-12-30 08:34:23
3446, YjVpIY9ZYU3L6hGzXHxQ, 2019-04-22 13:22:03, 2019-06-03 13:39:29
3447, aLGxo31BENqacrkhc5u4, 2019-03-23 14:03:27, 2019-06-15 13:03:28
3448, rPl1GVPvI76KnauW1Cgu, 2019-09-25 12:45:29, 2019-11-12 18:50:54
3449, DiKUq6jCOo7FlZaLg4nb, 2019-02-03 17:58:10, 2019-07-25 10:45:37
3450, AZPtRIa9xQ0hBBzMJPfx, 2019-03-31 23:50:36, 2019-07-20 11:09:33
3451, fk0vhAebrZxhbWctb791, 2019-12-24 11:02:17, 2019-12-25 04:24:58
3452, Lr3hF5bmuexXa0KN875l, 2019-03-01 17:53:21, 2019-08-07 01:15:50
3453, pfPQrItxILG61dFrIp0P, 2019-05-14 20:12:59, 2019-10-30 11:47:53
3454, wt1e5KMlAt39fuPSRIkI, 2019-05-20 14:27:33, 2019-11-14 08:13:09
3455, Ad4ZQBEneTxlOJxSCCzd, 2019-05-17 21:20:49, 2019-12-04 19:29:55
3456, W356S7PdCrEA9Uy4E4bK, 2019-04-19 17:50:44, 2019-08-06 22:05:29
3457, DbQ6UshKs6qTwsUIWYdY, 2019-06-23 08:45:52, 2019-09-07 03:53:47
3458, mjJDOm9SmE4GcHSG6Nnw, 2019-12-14 00:33:00, 2019-12-21 23:52:16
3459, EAO1y3SPc6HdJVubAGj6, 2019-08-17 08:34:33, 2019-12-09 12:30:18
3460, mlPvZ2eY8yKn4vNDTB1v, 2019-11-04 23:21:50, 2019-12-24 07:42:34
3461, VOWsUOgA4yvDjLPkrURQ, 2019-08-18 12:39:04, 2019-11-12 17:51:55
3462, ChPFQa0stdOzLvL9viM2, 2019-01-26 05:09:37, 2019-11-09 08:21:04
3463, qBZgIW1skhf4bDl5D8sK, 2019-10-23 20:27:38, 2019-11-03 13:40:27
3464, 6cdcEf82YeWLOE1D5JHF, 2019-01-28 20:11:53, 2019-08-10 17:24:23
3465, 5cIEmABgpRPyY6jS45gK, 2019-07-29 22:41:41, 2019-08-10 17:25:31
3466, ehJ6AMM5s2SRzjXGhLH7, 2019-08-19 09:40:24, 2019-08-26 12:19:52
3467, 2O7yl6VLXRWUiicatkVc, 2019-05-12 00:00:23, 2019-07-19 13:20:09
3468, Gq2eIPIap1TcQ9BgsvcG, 2019-08-22 17:21:54, 2019-10-13 06:59:44
3469, Q0lqiYdVjK0LPiSRnpL5, 2019-06-07 12:57:01, 2019-08-06 16:16:20
3470, rdkP3oGVYHLRf44ticwt, 2019-07-05 17:10:13, 2019-07-19 14:36:58
3471, ofZBXPeOsedMdwyfM31o, 2019-11-06 04:52:15, 2019-12-17 21:30:53
3472, mvGJmDV8rB40Gp5JlHpL, 2019-08-03 22:47:56, 2019-10-12 14:53:40
3473, CRW9uX995c713V6OJv7a, 2019-09-08 21:55:27, 2019-09-15 06:31:28
3474, 97ox0XzcDZm2GdUYCdRu, 2019-01-07 01:44:11, 2019-10-22 18:51:12
3475, 87VzxOTFeREfxN7x8TjE, 2019-04-28 14:50:46, 2019-09-12 11:49:11
3476, hfn0YSYI6b5YLBASkFX7, 2019-10-01 00:16:41, 2019-11-25 01:32:22
3477, ulThVbH8u5Ltm6pnm6t6, 2019-01-22 09:48:08, 2019-12-09 14:07:38
3478, wfGmZPBvGYlwxUEmKcal, 2019-01-23 14:15:18, 2019-05-09 02:35:24
3479, avUiS6nxcuXYlPBJ4r0T, 2019-06-20 06:31:20, 2019-08-02 19:28:35
3480, eNXOhjJIfP1u1hhEOQB9, 2019-07-12 18:58:39, 2019-08-07 19:23:35
3481, yLwJdbguECtR13mCuCWp, 2019-07-23 05:52:17, 2019-11-14 21:05:01
3482, Jxp6tn7Qa1cYjzVRlobC, 2019-06-21 10:45:17, 2019-08-09 11:39:32
3483, mI5Sw2CvdXmemSUsVeij, 2019-01-17 12:50:32, 2019-11-20 22:19:39
3484, 4GjSnjzIY9ePiXv8n4Yz, 2019-04-28 04:22:04, 2019-07-21 13:24:03
3485, eBW8Vd8zpOoUIhmFKrO8, 2019-04-03 19:02:31, 2019-11-11 00:10:14
3486, ovyGnD44OFnXNaGPPXce, 2019-05-13 20:44:33, 2019-10-05 16:18:42
3487, 9whzdtDhuTcOV6Wvei42, 2019-02-15 10:42:16, 2019-08-28 05:48:29
3488, 7jgVf4vGmOPM3PWXOH9r, 2019-09-09 12:31:46, 2019-10-19 02:04:13
3489, nKL5RE4bfpYPU4hmhMbQ, 2019-02-17 06:20:46, 2019-12-15 16:59:10
3490, Wqbp1bZ39n4SlzlfTJIk, 2019-08-19 05:45:55, 2019-10-15 21:44:04
3491, P0sRvZn1qW79BdNle4gP, 2019-01-25 08:43:13, 2019-08-23 09:51:15
3492, UizHbPuPWygLJaBI9EDg, 2019-01-22 18:21:44, 2019-03-16 07:57:55
3493, Rkn2zL6ie8A9DBKWFXKO, 2019-12-27 11:52:11, 2019-12-29 08:07:28
3494, zXPiqQyWj1l6XP8AUTYB, 2019-06-02 15:14:27, 2019-08-08 21:45:49
3495, zciPkt9ndWG4owZbGhJl, 2019-06-05 11:21:09, 2019-08-21 02:39:54
3496, KJx7k7u1Ysu4EBaObfdh, 2019-01-01 04:19:26, 2019-07-04 09:43:21
3497, h5XWHrSi4VSFjHC4HOkc, 2019-04-16 15:09:46, 2019-08-20 21:20:17
3498, iMkyxSDf9hW5opLPtreS, 2019-09-29 20:06:01, 2019-12-06 22:27:38
3499, MfyVIXEgWw6mHfKpgyXl, 2019-09-14 00:06:13, 2019-11-06 10:38:12
3500, rrE6uxYugItJSK5vZxFP, 2019-03-02 10:53:47, 2019-10-01 14:07:07
3501, HQvftzJAO4CbOFUyTF1j, 2019-04-05 16:23:03, 2019-08-25 17:50:30
3502, dmFGFRxLvqKBcknbq1Rp, 2019-10-13 21:06:41, 2019-10-23 06:56:02
3503, NBpRzH6TJzr0Swd8sgwj, 2019-07-01 03:53:43, 2019-08-20 09:31:35
3504, ae97f3JBoLy68CWNQJK1, 2019-04-19 08:32:00, 2019-10-14 23:46:25
3505, mTI9OZDYmSYsrEmUkNKl, 2019-04-06 02:57:05, 2019-07-15 01:25:48
3506, loFz9rHqmlfCnp3IIo28, 2019-04-01 16:39:44, 2019-08-15 01:57:27
3507, 0OLMzlThggQksY3Ts3dA, 2019-12-24 10:44:57, 2019-12-26 06:36:42
3508, dZgYoqkQx5nK5u3RUA63, 2019-06-11 12:28:48, 2019-10-26 13:27:14
3509, o27vc0tiCPIHAY7tyjXP, 2019-08-19 14:57:49, 2019-11-09 04:17:37
3510, CTuepsR94u74dbt8yC8w, 2019-05-01 21:28:46, 2019-06-11 11:15:11
3511, 24GNr7c4mkERuCgPKpht, 2019-07-02 04:35:12, 2019-12-16 05:45:32
3512, txJVI1arn23ulG1hYYqb, 2019-01-15 07:58:00, 2019-08-25 10:09:34
3513, BB4YLGHl55keaWqppEE1, 2019-01-12 11:34:37, 2019-07-22 05:56:39
3514, SDly2HV9v8bMRFr2RzyA, 2019-08-10 16:18:21, 2019-12-22 11:41:54
3515, huoOjdth08verddVke24, 2019-01-08 14:52:59, 2019-07-23 13:27:40
3516, So2YbszmETf8Utf5uM1d, 2019-04-27 02:07:36, 2019-06-07 22:57:52
3517, ax57BYNLpa44jTHcSYYS, 2019-11-09 23:15:19, 2019-11-11 05:35:51
3518, gfGQD6bFUxnNm4h1iXgW, 2019-03-30 15:55:05, 2019-09-24 22:02:35
3519, c2ra74d1QAwVRa63x88C, 2019-02-01 12:46:28, 2019-04-14 20:16:20
3520, ubBzxv34hn3LWLzMjsxc, 2019-03-25 15:00:07, 2019-11-01 18:09:27
3521, y8v1jMkow6iOFWZLn99n, 2019-12-30 19:26:15, 2019-12-30 23:54:37
3522, YxptstlKI3ZP63Wm7253, 2019-12-20 07:50:52, 2019-12-20 18:50:15
3523, eskYIrmjj57dsibujjwR, 2019-09-28 12:29:59, 2019-11-19 15:25:59
3524, PTbzi7552JbtawwBN3eD, 2019-03-01 17:21:30, 2019-05-10 11:35:06
3525, ikxznj9DskVNmWr1xg1a, 2019-03-28 11:34:26, 2019-08-15 08:47:02
3526, BECzIWLGvmJ2dCVYgRxr, 2019-09-20 02:23:49, 2019-10-04 23:10:57
3527, wWLRXccAL32tS5FjPgrr, 2019-05-21 10:24:30, 2019-06-28 00:59:41
3528, Je4fUayfqwDFFWpuhBey, 2019-08-08 07:46:55, 2019-09-22 04:19:10
3529, p458n2kqzSNCOmIl3wkI, 2019-05-25 11:51:37, 2019-12-28 09:29:59
3530, ZjHiLQV1jcedMhhxtYIk, 2019-05-25 22:42:10, 2019-10-29 01:02:30
3531, w17TysdryyNTajpGa72y, 2019-03-06 06:36:40, 2019-05-27 10:15:27
3532, dTITIiOTExgqjnG2PoAo, 2019-07-31 21:24:39, 2019-10-31 08:46:32
3533, FWM8kqw311m5SxfT7YdJ, 2019-05-12 13:50:18, 2019-11-19 17:48:08
3534, quvYUkjBAvLPPxnmEORz, 2019-04-28 10:22:19, 2019-12-20 07:39:02
3535, x62QN34UjF70sPMYKhLc, 2019-06-03 22:22:07, 2019-06-04 23:12:39
3536, 0mgwV3C84CyAYXK3Xuzw, 2019-10-13 22:05:22, 2019-12-04 09:23:07
3537, IabYYWewemF3L0mwWwEt, 2019-05-09 04:02:24, 2019-08-28 16:40:22
3538, 0AQg2K53rJ6CxSDd6uAZ, 2019-09-21 22:00:57, 2019-10-19 22:54:52
3539, XVFbIq2GJJ986qZnTGXf, 2019-08-08 04:37:59, 2019-11-13 09:40:11
3540, NUaCMNMK32Y1XAwsJPRy, 2019-10-25 08:44:25, 2019-11-03 11:02:39
3541, zFyNal5UFQ61fHIRXlwf, 2019-09-26 06:11:25, 2019-10-04 03:21:44
3542, V3YUyIMBjaIyUICMTtbj, 2019-09-01 01:01:52, 2019-10-19 17:22:11
3543, sY6pijfs5r2ntcjlhQDF, 2019-06-27 11:37:18, 2019-10-16 23:50:00
3544, HTyxLvKRR3bHadtOHong, 2019-04-26 02:55:22, 2019-11-15 09:18:45
3545, fwC8Dp9ps4aNgvv60Ac2, 2019-11-09 09:35:54, 2019-12-09 23:23:34
3546, 2rX41b8jReLzWUv3uVKY, 2019-02-09 18:07:42, 2019-08-03 03:10:54
3547, ywXjydtTHzGpjwWURQsD, 2019-12-09 19:50:23, 2019-12-23 23:56:17
3548, f1MbRHMMtYMtEkhIziJ0, 2019-10-29 19:44:19, 2019-11-19 05:30:32
3549, C7ncutAzEP8GLFbiQ6VM, 2019-02-22 12:02:50, 2019-05-31 13:54:40
3550, XXpP8HPgmtxQNGxaGTkQ, 2019-08-18 20:44:22, 2019-10-14 07:20:28
3551, SrVnms4vAtfAgz1u9UVa, 2019-04-24 11:33:06, 2019-06-05 13:38:44
3552, peOzPa4piG5JkCaUrYx8, 2019-08-27 12:43:10, 2019-10-07 18:49:34
3553, UdCvhTFkHjRIomEW9ea4, 2019-08-23 02:01:57, 2019-11-04 05:37:51
3554, ZN2oUwwYhaLtTTk7qwQj, 2019-04-30 18:51:41, 2019-09-21 00:10:10
3555, qM5bqTQjrbDUt0EdYwWg, 2019-02-09 22:42:12, 2019-07-12 07:32:27
3556, NFOmZfoRbZhdiD6QhJNG, 2019-01-20 16:09:20, 2019-03-04 14:31:58
3557, yh2xmjVl40c5rd7MMejY, 2019-06-18 03:23:19, 2019-12-02 04:52:42
3558, EbUlfmKW93Ilo3xnFj8M, 2019-11-27 02:59:45, 2019-12-25 16:29:39
3559, WXZxSA3jFDMC5pO9mJEH, 2019-09-02 22:27:20, 2019-11-29 04:35:06
3560, KXjFuAK27MZBsUn14qI4, 2019-03-19 06:33:15, 2019-08-30 01:42:06
3561, kE3zFsmRZZiC4SP1YSKr, 2019-11-27 21:50:24, 2019-12-06 09:22:05
3562, w6LnT3GxGS9yNCYyuuFe, 2019-04-11 11:26:52, 2019-11-07 16:09:29
3563, tSGVxvL59OtYH1a8Pwcc, 2019-02-14 18:12:21, 2019-05-24 23:34:45
3564, PWFMjtGQtQpJlkfXQYbQ, 2019-02-06 07:32:26, 2019-04-15 12:43:45
3565, 9g45ipBIhyx1uFwceZwc, 2019-08-01 08:11:53, 2019-12-22 22:05:48
3566, UMkwlCVvdY7jc249WQIF, 2019-12-24 16:03:58, 2019-12-30 14:19:35
3567, qEHBADzL03PhDrUK3U83, 2019-10-13 16:53:34, 2019-11-06 15:24:49
3568, dnCeEuxZTVDb4lX1qXAG, 2019-01-10 21:13:49, 2019-11-08 18:45:26
3569, wyR940XfG4fvZq3uouyH, 2019-04-02 06:49:16, 2019-08-15 03:18:49
3570, FuEwCkud5Bxez4ZVoC8D, 2019-05-15 09:07:56, 2019-10-10 20:09:17
3571, CklUUs28cbxjLtgh1ofV, 2019-04-14 18:41:13, 2019-10-27 11:52:28
3572, woC6fGA4c3X1NrXn7zml, 2019-05-04 18:06:23, 2019-07-08 05:49:43
3573, b9Vh7evpq6aAFbMMR8mT, 2019-05-03 04:17:44, 2019-05-05 16:29:51
3574, VKvUpxOLyTyPvJ3xCI04, 2019-04-19 04:28:03, 2019-08-15 03:48:05
3575, 0amrwnrf1D7YBZIBHY2r, 2019-07-14 03:49:35, 2019-11-09 22:21:37
3576, BHQwMzoht8h4jWzGDNmm, 2019-08-08 13:40:30, 2019-09-22 03:23:18
3577, CFaIbrA2X8r2oHrfLGBm, 2019-11-12 11:59:43, 2019-12-21 17:18:11
3578, bctfgaMubqwZ4Rw4gAI5, 2019-07-15 07:52:24, 2019-08-26 12:42:09
3579, PYOjugdOUtIhotZDueL0, 2019-06-14 08:57:29, 2019-10-04 13:55:58
3580, ptvoIPYUlRDImVWFTzqc, 2019-07-06 13:49:50, 2019-07-31 16:25:27
3581, cNgtAcG69e5NyYMp9QO7, 2019-06-24 14:34:13, 2019-09-22 09:07:41
3582, anQaCd5KS9OwVc6DCeRY, 2019-07-27 16:32:06, 2019-10-08 19:42:33
3583, p5DRFqh7Pypm2WUQrZfs, 2019-10-13 08:19:17, 2019-10-24 13:45:00
3584, PDSdprIUDUVKGAzwXUew, 2019-01-03 08:05:25, 2019-06-04 05:55:00
3585, XTeMTQM868o6KQ69XHRa, 2019-03-28 03:18:35, 2019-04-04 15:55:37
3586, Tm1PoQ3l3AX4biLzPLc1, 2019-01-04 06:23:47, 2019-02-05 15:55:57
3587, 5IEPkhyenteOzdO2qr65, 2019-11-07 00:06:53, 2019-11-08 23:16:17
3588, 0QtT22Rh3947hcNvWgsb, 2019-01-25 12:08:14, 2019-04-02 02:08:28
3589, 0psB47dT3LUipgfv40Jp, 2019-06-10 07:38:39, 2019-06-13 01:03:19
3590, oK8pLok7oS4WLXesEF9O, 2019-11-13 23:40:34, 2019-12-19 01:08:50
3591, AeA9eYOTnu07fMYA3bfK, 2019-04-08 18:33:15, 2019-10-28 08:42:14
3592, T2sBGjIzS7Wn7MavtvB3, 2019-10-03 09:38:53, 2019-12-13 19:11:31
3593, jVxsG78I9FAZd8EqPDnM, 2019-07-30 23:42:50, 2019-08-19 15:41:25
3594, DEuT2m9GHvhkbe1kTg4x, 2019-08-01 06:32:39, 2019-11-19 14:40:55
3595, c83ETD62TluNGdY1WL35, 2019-03-08 19:38:49, 2019-06-23 20:38:56
3596, ae3OiYmrabLkbaXbu5Cq, 2019-08-20 04:25:08, 2019-08-29 14:17:32
3597, nR3SpTwTZ59qCBrM8jDe, 2019-08-26 16:17:06, 2019-11-05 15:30:47
3598, 7tFCIIiutrpp4DHReYWU, 2019-02-15 17:08:14, 2019-09-14 20:10:46
3599, Dt0oh27w4yP4V3sFqQVY, 2019-12-19 10:11:55, 2019-12-28 17:40:22
3600, q2KAm2zYAo9wyyFVGQLN, 2019-02-15 09:31:07, 2019-05-17 16:35:35
3601, vBTClhxx8SJ6Hkf9qf0u, 2019-03-31 22:14:37, 2019-07-16 04:30:18
3602, d3vBNCcoCD3Z0DiskifT, 2019-06-19 01:04:22, 2019-07-03 17:31:15
3603, rDGdUolbqYxpaFXP8WBL, 2019-03-26 15:33:55, 2019-04-02 09:26:13
3604, TxIHfsSe33lEkUUiFrXB, 2019-02-25 16:44:40, 2019-06-28 01:04:45
3605, L6NWG2l8Zymrzp9YVenk, 2019-05-24 01:56:45, 2019-07-08 04:12:00
3606, CwXQFRoawQa6G1xuQIoP, 2019-07-19 02:56:47, 2019-09-24 07:54:45
3607, o1lMgnoPA9dRexoWFeNK, 2019-03-09 11:34:21, 2019-08-10 23:59:54
3608, JWSS8Qel6wgNj1OBBMpi, 2019-06-11 02:37:35, 2019-09-15 15:35:21
3609, TBbUiKQdv9hgvN2TJU1H, 2019-01-02 15:27:04, 2019-10-07 01:57:09
3610, ReltQtRmvfMv5VUy1R2a, 2019-01-21 14:58:54, 2019-07-11 00:51:44
3611, Ga9XQSdfxXcjaeXtGgov, 2019-04-03 07:00:44, 2019-09-30 03:58:28
3612, fFrSNDqS4fayFbSCTCi9, 2019-12-05 06:01:27, 2019-12-27 10:40:41
3613, hxfwOH0dLE9TwniYUGTp, 2019-10-16 16:21:48, 2019-11-10 21:25:15
3614, B5pHFKKVFEcwMNC3c5Mi, 2019-04-13 14:21:05, 2019-05-18 18:09:30
3615, NzeSvrpduQam1GMVigC7, 2019-03-03 07:22:23, 2019-12-30 04:43:44
3616, IsfORoVBPEqD8CLFfvyX, 2019-03-25 06:39:15, 2019-09-19 09:17:08
3617, 1gP7g13VRJrIM02iP7lT, 2019-06-24 05:02:48, 2019-09-25 20:51:52
3618, gVQk4LuBaEUG2dVJT4Be, 2019-06-30 16:53:15, 2019-09-05 08:56:14
3619, 8hlYnNenIOvPDBvPgZzq, 2019-12-23 01:32:26, 2019-12-29 12:01:12
3620, 70wwxXXY1b1zGTtEuvsO, 2019-09-23 15:40:54, 2019-12-06 21:40:53
3621, dbXzHrJzkEH4TTSvNZSH, 2019-07-30 22:22:08, 2019-08-31 10:59:20
3622, hsSWVVYHfPAYWCaix3qY, 2019-01-29 05:24:10, 2019-03-20 02:08:47
3623, IS2mlADM79K7uwZSaqF4, 2019-04-09 19:58:56, 2019-10-08 22:34:29
3624, d4F51ePlQc2eURTINJJS, 2019-07-15 16:02:55, 2019-12-05 10:48:53
3625, lUEkIPJDi17OAu8Itcnk, 2019-10-20 14:09:21, 2019-12-26 14:58:52
3626, XFVQtw5BNDJq0OtfMZyg, 2019-04-19 08:23:18, 2019-09-12 02:49:48
3627, 10Yjm7HvPnvrlUXyax9K, 2019-05-19 04:35:31, 2019-10-17 22:45:57
3628, UdkBaDsRjPefwiYDR04t, 2019-05-07 23:17:54, 2019-12-19 19:35:01
3629, 6SC3V0xxl7IC2LLlet57, 2019-08-19 23:12:58, 2019-11-12 06:40:45
3630, jHcvtJmm9WgQwvyH8lYo, 2019-01-01 09:24:11, 2019-10-03 19:33:22
3631, sCMOkXZHhXt5RRr3BPfu, 2019-03-27 07:14:50, 2019-12-13 04:37:33
3632, FWuysR7Mj7hLMWESNbe6, 2019-10-14 16:25:49, 2019-10-18 17:23:32
3633, VeWk37AebSstp9jYAAnn, 2019-12-17 21:32:27, 2019-12-27 09:13:48
3634, MVzcBiW9k4vMVjbvaUVK, 2019-06-14 04:56:16, 2019-12-01 04:28:58
3635, OewDz9xkZ4F8jXh5Omwl, 2019-10-22 20:13:44, 2019-10-24 02:15:13
3636, yn21WYIcI5dIerGJWWvM, 2019-12-21 21:12:17, 2019-12-28 12:03:26
3637, qAHyeVlr16N6BhL55kO3, 2019-09-16 01:29:25, 2019-10-19 15:16:23
3638, 20WrNv3MaQ0sm4HHsRWt, 2019-05-06 19:54:25, 2019-07-02 13:20:52
3639, TeQPwNZgw3Glz5cIsBAu, 2019-12-18 10:39:35, 2019-12-18 13:40:32
3640, euqPG5W5YTmYHjnatPBy, 2019-09-01 19:57:03, 2019-11-21 22:50:24
3641, jifYl3WQPJyBFLWFIHMW, 2019-09-12 22:01:22, 2019-11-08 02:15:35
3642, 883pseBnYC6WaQG6Awgg, 2019-12-02 02:51:32, 2019-12-22 11:11:06
3643, ohyYugofWfRvFpC213PL, 2019-10-30 00:31:06, 2019-11-04 21:06:33
3644, dgI0mUnjCwRuqJJOVKNd, 2019-12-15 14:03:14, 2019-12-21 11:17:11
3645, 49Yk3nlU4TbdiVbE8QT6, 2019-07-03 13:39:14, 2019-10-25 18:00:34
3646, 0VaBDzDbKMVdmykH2qc9, 2019-12-09 20:11:54, 2019-12-26 07:14:37
3647, K1s2JbsGNVPLm0GRDjZj, 2019-10-27 20:40:16, 2019-11-25 05:40:08
3648, yLeROXScGAXzoxTbIXXL, 2019-12-24 00:43:43, 2019-12-24 21:05:32
3649, V6QV0ZW8JY4oIqsfCVIM, 2019-02-24 03:11:04, 2019-10-02 01:23:20
3650, kQA4zl90V476YPEg5oPm, 2019-03-03 06:52:40, 2019-06-29 01:10:03
3651, nkibw69RUB7loej20BZG, 2019-11-27 10:30:08, 2019-12-14 12:34:37
3652, nV1fTVWvQxu3e7uBoqMT, 2019-02-19 00:09:26, 2019-06-25 11:47:50
3653, B4tuUhWaDuznXUPIM43w, 2019-01-31 02:27:50, 2019-12-15 03:58:16
3654, 440HGRPeiarY9mzKrRDU, 2019-11-12 16:47:58, 2019-12-13 07:26:58
3655, VdRlAE5kEHinOBD7FdPF, 2019-11-17 23:36:34, 2019-11-25 10:35:13
3656, WX4sOWe9T2OmlcQBAxcm, 2019-11-27 02:05:52, 2019-12-23 23:27:54
3657, qw2hWpGWxVpiYhkc2a4a, 2019-02-26 14:38:26, 2019-04-12 22:39:02
3658, YBu65cgQxzsqnWuk5J6k, 2019-03-21 19:08:22, 2019-12-27 12:50:30
3659, 6yYme0o7zfc9FEesTG1Q, 2019-04-29 06:25:30, 2019-10-07 15:39:31
3660, EbtVECrrnCwna1YRNZty, 2019-05-26 01:09:41, 2019-11-08 00:16:37
3661, KLr4Ih22ajIeJw7FergV, 2019-08-07 15:25:06, 2019-09-09 04:47:17
3662, 2ZXT3uS8ypOVniHQ6VaY, 2019-04-05 19:36:49, 2019-10-23 08:41:10
3663, fcoqQZwMoMqUVUsSAEW3, 2019-12-30 17:40:57, 2019-12-30 23:50:55
3664, QjNpuPPeZxCZKeoZqLlb, 2019-08-03 07:27:27, 2019-11-07 14:31:17
3665, TZ3vLf6r99XUIXUxi61A, 2019-04-10 15:17:11, 2019-04-27 03:11:51
3666, Ftvj3D2ghKjK15gs7F5s, 2019-07-08 00:44:17, 2019-08-24 00:06:00
3667, n1CsIz6gVgNbwO0KP0el, 2019-09-21 21:53:25, 2019-10-01 22:28:41
3668, jr03EA6Bd2TnLnVR88GL, 2019-07-14 08:03:24, 2019-08-13 03:43:56
3669, wFHjrUZO9G9J58jSc2aa, 2019-11-12 10:32:52, 2019-11-27 02:18:43
3670, RVcAUxnkG8G0pZVo6YNK, 2019-01-11 05:15:08, 2019-03-08 15:58:01
3671, wmWBlAVguEyJaMcCrMnv, 2019-12-26 00:55:23, 2019-12-30 20:54:42
3672, 1a2F6BDKollu8ny8OYIW, 2019-02-15 11:55:00, 2019-06-26 00:52:49
3673, HOlJ361AGyNbsrvB94uD, 2019-05-18 10:45:37, 2019-10-15 20:47:15
3674, o2nsQ1CteCt7c8FdNZ3e, 2019-06-19 23:32:22, 2019-09-18 14:53:56
3675, 8s4ei5AqNndYJWg7YIXA, 2019-04-08 23:00:26, 2019-11-03 09:40:42
3676, AMDMFLCYvdiHanviwb2s, 2019-01-07 16:51:51, 2019-09-20 07:44:56
3677, qKZcYOUMJH0ix242Pv78, 2019-08-22 00:35:40, 2019-10-09 01:31:51
3678, gkfeAV8xkE7Gg9MrlRYX, 2019-07-10 14:38:57, 2019-10-01 04:21:56
3679, 8qZlgmLVUXqrasbE4DPi, 2019-06-24 12:06:51, 2019-07-07 12:20:53
3680, 4muZYwMQHCnfKsnv00wf, 2019-03-17 05:25:45, 2019-04-20 21:49:38
3681, IVkkwcGA3DLtQK4bqyjE, 2019-03-31 10:26:25, 2019-07-02 17:57:08
3682, m6Mm5w7OV5MsFaGvm7FW, 2019-09-20 04:17:23, 2019-11-06 12:37:25
3683, pq79Q9TXdPFI1jYJbuZe, 2019-03-31 19:51:44, 2019-06-01 10:50:43
3684, HYuRMuBwRkmorBP6NuCG, 2019-05-02 11:46:13, 2019-11-26 06:38:25
3685, hlTRaxNf6Y7UKnoINWNX, 2019-07-21 16:30:12, 2019-10-01 03:14:03
3686, prdtaFTYNROJIiM7vx4E, 2019-12-12 09:57:14, 2019-12-27 13:12:15
3687, wBOH2PcgATUPKWhhZFwp, 2019-03-16 00:01:41, 2019-11-21 10:04:30
3688, bqqar7C4ufzLdNdAxlj6, 2019-09-04 05:56:14, 2019-12-22 15:51:43
3689, 49GleYioA5KGtLTlWYwF, 2019-09-27 06:23:02, 2019-11-16 19:46:38
3690, merBg7phoy9ICjoct1nR, 2019-01-23 22:50:27, 2019-09-27 04:51:16
3691, e6o5Xyklzv4YFB026HIr, 2019-08-05 09:55:05, 2019-09-21 22:48:33
3692, T2Nw12oDPFhKKnQZXQBu, 2019-10-25 08:04:59, 2019-12-02 18:26:03
3693, lOdSon3Ao9lDQ22UDJ2L, 2019-11-08 13:45:55, 2019-11-12 12:07:00
3694, QXEvi0yzEsgzLRoRySm4, 2019-10-11 01:35:29, 2019-11-04 15:48:46
3695, pNqmFlXKtkZtIOWGe766, 2019-05-20 03:16:21, 2019-09-27 15:28:56
3696, pcqnFdY1lQP2BNElcNZk, 2019-09-29 17:51:20, 2019-10-16 13:54:52
3697, 0Bw2wH6XZVl1ZKV7e03c, 2019-07-03 19:43:17, 2019-08-13 19:25:19
3698, B78rhrwZycsK3bxuf6Hs, 2019-03-23 06:14:09, 2019-06-16 01:00:57
3699, lJRHE5Si9my7hf52jsu3, 2019-04-15 14:55:10, 2019-07-24 23:27:29
3700, 1zBRus0irzYypIUL4gJi, 2019-01-01 11:56:40, 2019-05-18 04:56:35
3701, kSNmpGE0ljL8lUL3XdtR, 2019-09-25 12:02:42, 2019-12-19 20:48:34
3702, jQbp7YssU5ZDqiFZKBCS, 2019-08-22 14:17:15, 2019-12-06 10:54:38
3703, oy5G0QkFZXgJgjdz9bqL, 2019-07-18 14:55:54, 2019-08-29 15:02:54
3704, 91nNplAe2UYz9dkJcEJZ, 2019-03-03 03:23:40, 2019-03-22 09:37:40
3705, Jt2RMyIPJ8WivbEUlXgc, 2019-08-09 02:11:28, 2019-11-06 03:36:03
3706, c09N4csw9kFVe1Wvabga, 2019-03-02 02:52:53, 2019-11-24 06:54:32
3707, Y30krPOL2T50TWm66v7h, 2019-03-25 10:51:22, 2019-07-01 21:46:05
3708, C0DXgU6xwDMqxTaEiGfI, 2019-02-08 11:14:12, 2019-06-24 07:24:10
3709, UTZmAEHB6EXFVJOSAHBx, 2019-09-24 20:55:43, 2019-11-30 08:21:31
3710, A10SxsUfVGMma0HCGSsj, 2019-11-16 17:23:29, 2019-11-30 00:54:53
3711, 0f9pZvNbpw4fySOsAiBy, 2019-03-21 05:38:03, 2019-08-21 00:23:06
3712, PxPlKuktt1HrIoWccYmf, 2019-09-28 06:39:58, 2019-11-05 16:00:57
3713, NLX3qAQd7xtjUXZCV42U, 2019-06-29 15:15:34, 2019-11-08 22:28:59
3714, uVrh3qtmiFziTYXLbL0F, 2019-03-11 08:49:39, 2019-07-06 14:16:55
3715, yAqV6yyGoJQChcZet1L2, 2019-04-30 10:20:35, 2019-09-24 12:51:24
3716, G3OHfwBfirYkQAslreaW, 2019-03-01 10:45:38, 2019-04-24 00:20:23
3717, IHE8aU6AkQtqgeuebZlR, 2019-08-12 06:44:27, 2019-10-08 12:37:50
3718, 7m8OgVHhXqP1wd8mb6YH, 2019-08-16 06:54:14, 2019-10-10 06:23:41
3719, oORrXooBbzKyIiIN99as, 2019-03-10 08:35:50, 2019-08-10 10:58:08
3720, 8mTKdOs0fIVHapTp30aG, 2019-10-15 12:34:31, 2019-12-02 00:09:09
3721, 66sW48LQlXq6l2Wa7GgI, 2019-08-03 06:08:36, 2019-09-29 08:12:04
3722, g1RL6CMJVza11ph4VOGr, 2019-08-23 12:21:40, 2019-10-08 14:22:42
3723, vZ61KwuFImYbSNzwCqeP, 2019-04-21 19:57:48, 2019-05-10 14:52:08
3724, 8JvkcCK8KfZ9XyFDtXQp, 2019-07-30 23:58:40, 2019-08-25 19:25:34
3725, 90D1Rk2oQofHEhbpYrMd, 2019-11-11 07:27:03, 2019-12-01 23:24:57
3726, h5xcl4wNCLI0ZgKEVuxD, 2019-08-18 18:07:25, 2019-12-02 23:16:43
3727, WjXZOxYOjcdVLxfxjbsg, 2019-03-28 09:04:02, 2019-08-30 02:42:00
3728, 7K1fLYHzF3epInaAwNWr, 2019-12-26 00:59:17, 2019-12-28 16:36:33
3729, u5aP7JfMlR0KKrNVTCn5, 2019-10-30 07:03:05, 2019-12-04 13:12:25
3730, uiie1IIHt4G4qP3GaRn0, 2019-09-07 05:22:37, 2019-10-14 07:28:51
3731, hgBJlA0Eqt9Pb61UP2Vl, 2019-03-12 11:44:12, 2019-09-26 04:46:51
3732, rkQ1ak7mDWF9pO9CrDoQ, 2019-01-01 05:07:20, 2019-04-17 13:13:08
3733, 9k9ODvmaQ1O40YmWRC9D, 2019-05-08 05:02:06, 2019-07-21 01:26:53
3734, gFaAILhSWcJIYVdgHrTQ, 2019-08-01 06:47:01, 2019-11-09 00:28:47
3735, Xg2EdAYC0IvckrcKDyxb, 2019-09-22 02:30:20, 2019-12-13 16:18:04
3736, ADqS7GpHLT7nAaLbGZHW, 2019-01-31 11:13:38, 2019-05-28 19:32:37
3737, ZvyMOaqHg58w0AF3EM9e, 2019-07-05 14:54:45, 2019-11-14 20:13:45
3738, 5G6Es6JuZPuO9Ezpq3hX, 2019-05-29 16:47:22, 2019-08-02 19:01:54
3739, 70Rt6jvjqAm0IpTIaCsI, 2019-08-24 11:50:15, 2019-11-08 03:29:48
3740, Qj6bM3aOqOBus6B1XFel, 2019-03-07 05:47:13, 2019-09-03 07:08:20
3741, TqQfAJfao0yPYiART4n9, 2019-12-25 00:35:03, 2019-12-29 17:47:38
3742, eERX0eOzE6nkmpRZrLkD, 2019-10-17 09:25:30, 2019-12-06 09:17:20
3743, MuQWsIR3RFQW4rWJgKo8, 2019-03-06 15:24:07, 2019-04-03 21:03:41
3744, Cmjbe40qgAVRK6R8PWGH, 2019-03-26 13:16:20, 2019-09-04 07:50:17
3745, DVKiig5ClXSvcfi6NRog, 2019-10-29 08:35:24, 2019-12-04 19:07:06
3746, bb5QyOcNR0JSqYQZppIa, 2019-10-28 03:52:40, 2019-12-08 08:50:50
3747, 4YVeNB4eHt8DnDUPmfGV, 2019-04-13 01:25:59, 2019-05-07 11:25:18
3748, p7sa50WwbVacwbtCTHvL, 2019-04-13 14:25:39, 2019-07-05 18:17:10
3749, mw9bVdxZqHoYCNaVMF5y, 2019-03-21 17:47:02, 2019-05-11 01:16:35
3750, PHfQZg1Qdap0y2OJXB03, 2019-10-20 11:19:47, 2019-11-11 03:11:29
3751, qu1fTxaHOwEEpSIcV1zq, 2019-11-15 10:27:04, 2019-11-22 12:22:15
3752, Q25F34pxKQ7w7o9e8WPR, 2019-07-08 11:27:46, 2019-11-10 20:22:55
3753, WgLEtzAu6aL35IoqzWgT, 2019-12-02 04:29:54, 2019-12-27 02:34:14
3754, IIBx7fltRVT0mzfDNkFv, 2019-10-29 22:25:02, 2019-11-28 12:18:31
3755, 5VymWyvSC1FKUAH2dYOd, 2019-03-04 22:23:02, 2019-03-12 10:23:29
3756, hSQcAc5wYLX2QxVnn0pd, 2019-06-30 08:42:51, 2019-10-21 13:57:44
3757, KsbLuUYPZAP8qNQ9i0Dc, 2019-06-07 20:42:38, 2019-10-02 15:43:33
3758, TQTO6QuuWshanESlkhoX, 2019-05-15 15:24:29, 2019-10-13 19:44:05
3759, xyT2CB6AOU2Ih2htZumN, 2019-10-23 22:52:57, 2019-11-20 14:26:42
3760, QsfdxPufdnYCuIvUjj8o, 2019-03-13 04:59:08, 2019-05-30 14:46:45
3761, K15BO4gryP0FaU5gDK5d, 2019-03-23 23:51:21, 2019-07-11 11:48:36
3762, 092zFWzOFhwwGQbQEdxe, 2019-06-12 17:33:20, 2019-07-11 05:45:12
3763, XD3thlCAXhgxSJ9oYNzL, 2019-01-17 11:35:02, 2019-05-20 15:21:51
3764, M2mjjnV6EY30SAsX58YP, 2019-06-03 21:16:15, 2019-12-17 14:26:40
3765, 6G0PzKrbij55u5QgYZ5M, 2019-11-11 08:28:01, 2019-11-14 11:43:49
3766, aAjVZIluIGBrKveH6FPm, 2019-10-21 18:33:54, 2019-12-06 12:48:03
3767, Htq2UZjIM0pQhlIgzSe5, 2019-12-24 02:38:03, 2019-12-27 16:29:23
3768, w5c1usrhHYa1od4eF270, 2019-09-25 20:20:58, 2019-10-03 10:12:32
3769, LbwisbUm0kSL4rIEJGCp, 2019-01-27 18:41:51, 2019-02-22 14:37:27
3770, 2cEJOLP4N6Qh9yhe1I2L, 2019-03-26 20:39:38, 2019-07-01 00:05:22
3771, eidEYuZsNAFClJyqtkHu, 2019-07-26 02:15:19, 2019-10-08 22:23:13
3772, byallWGXz0PkjqhQmbYM, 2019-11-02 12:46:12, 2019-12-08 14:06:04
3773, UWMFBXlxjFAOjUmugtrV, 2019-02-01 08:03:26, 2019-10-02 14:34:48
3774, kNMyk2srMpGdt3oDt3Mn, 2019-05-15 22:18:49, 2019-11-21 02:11:23
3775, ej2HTEd6hGJhXhgMDw7S, 2019-06-22 10:24:02, 2019-09-23 01:21:05
3776, NH2RM7JyQSZdfTLIxf3l, 2019-12-14 06:31:02, 2019-12-20 20:17:20
3777, 3pBxCG2J0HweEsO66bwO, 2019-06-16 02:52:19, 2019-08-26 06:42:28
3778, CW38zWTogpFMiAEXlnux, 2019-05-10 18:45:39, 2019-10-31 05:31:59
3779, dkXxEVf1jH0xeTqPIADO, 2019-07-01 04:04:31, 2019-07-30 01:05:53
3780, IfSWt7PsDKjknzkAPLEs, 2019-03-28 09:15:47, 2019-12-26 01:47:40
3781, 0mqBXURp8fnFWf8dXggE, 2019-07-05 02:56:33, 2019-10-17 08:21:00
3782, igcZxGn5EIoeKslHArXw, 2019-07-19 18:42:49, 2019-12-28 11:29:10
3783, p71cwYzY9qYHxXotV6ju, 2019-11-15 09:01:33, 2019-11-16 11:15:05
3784, cnAr8swtcrYmGzcxJR9l, 2019-11-08 06:13:40, 2019-11-23 05:28:12
3785, tvQ7bJwa9X0qpHRXCQmW, 2019-10-14 21:22:41, 2019-11-07 04:17:02
3786, U0OmvtmNonY2Maayzs0X, 2019-12-08 12:57:53, 2019-12-10 17:07:42
3787, h94pJegsr0MtL2T088Xg, 2019-11-13 16:09:36, 2019-12-22 21:30:22
3788, E3GpBuBnqvczFX5oBss1, 2019-02-20 16:03:03, 2019-04-04 07:41:01
3789, mfrsxtSMwizKL0jx2lxB, 2019-09-25 10:16:38, 2019-12-05 04:35:30
3790, YBs9xn8tDQGgLfldNvQC, 2019-08-03 18:59:12, 2019-09-15 13:36:58
3791, gfZOlGzwBNCaREhXBfxZ, 2019-06-08 08:20:41, 2019-11-12 06:47:53
3792, wP7o8rVQasl8duissSze, 2019-12-05 23:56:21, 2019-12-18 08:44:07
3793, FdKxx7ZGyUdczGZxZQkz, 2019-04-04 23:55:13, 2019-07-05 03:49:43
3794, rJQKh4zcXLE1SpQ8QbZu, 2019-11-16 18:47:56, 2019-11-25 14:46:19
3795, t7Qy7mABJiyqYo6Q0Ask, 2019-06-28 09:28:44, 2019-09-18 12:18:42
3796, Miy26N13JuYcTbCNMSeb, 2019-06-05 06:13:22, 2019-08-17 13:50:43
3797, 0bpqfUT94VLAZ8cIMrBZ, 2019-08-02 18:17:48, 2019-10-16 08:12:39
3798, gu4VvXtEAZnxd6rLy42F, 2019-08-03 16:24:36, 2019-12-22 14:50:20
3799, vyAZICpD2jPzRmLevYSb, 2019-11-06 12:30:13, 2019-11-30 20:11:57
3800, XUFYMCcyxyAcmeVzwopp, 2019-02-10 06:59:20, 2019-12-05 17:25:07
3801, i7qabm5vJOmVF4iEehJc, 2019-08-17 05:12:00, 2019-11-01 00:22:06
3802, E4Lhn7xtnW9tFbnC58Di, 2019-08-19 06:11:07, 2019-10-09 17:57:28
3803, 41c5kqXO0CpKAURJj8yl, 2019-06-22 01:37:56, 2019-08-31 11:12:06
3804, 0R1Ia3nH45x2uddKWGKY, 2019-09-25 00:28:23, 2019-11-01 04:34:06
3805, OLTolStE7zkV2DCLYTBG, 2019-07-02 05:34:03, 2019-07-24 13:23:59
3806, Wd3Q1tRXqwnnAAn7YrWY, 2019-10-01 12:35:08, 2019-11-02 11:28:46
3807, hK7TCojUfsC9MOXdsq5g, 2019-01-07 13:53:40, 2019-06-05 13:49:13
3808, 0Ho51AhYco1yH4jETLzb, 2019-05-30 23:18:10, 2019-06-27 01:16:13
3809, C0u1N7umk9OxmU5gw35Z, 2019-12-03 17:04:28, 2019-12-23 00:29:51
3810, N7sdCgQflw3nOypRS72r, 2019-05-01 02:01:05, 2019-06-10 02:05:16
3811, T7vygolm667x4GKKt7tx, 2019-03-30 00:35:41, 2019-11-05 19:04:54
3812, x5Mr0i4Kmw3T3rFvbQJl, 2019-03-20 18:35:00, 2019-10-12 09:05:18
3813, bh9iYbnJ7yLSPt0v8Wn9, 2019-12-19 00:53:09, 2019-12-23 18:23:31
3814, ovlpUoaMpRPEEZIaiCd8, 2019-03-15 18:53:30, 2019-11-11 15:39:47
3815, 0DqNdwh3LJ1GSij1akQu, 2019-09-23 06:06:02, 2019-12-25 13:48:10
3816, LLf92IyTDtsvTL3bbSdN, 2019-08-04 03:55:45, 2019-10-13 15:24:19
3817, XKUK0WLwYcdckZ23A6mt, 2019-05-09 07:01:08, 2019-09-10 07:50:49
3818, hh4SvJefWPdnrarHH2As, 2019-05-18 05:30:41, 2019-12-19 07:54:06
3819, upavqDZU9Ul4bhYCqjzN, 2019-07-24 01:25:10, 2019-08-13 13:36:41
3820, rR9zwJ8Piyo471iVRkFo, 2019-04-05 18:13:37, 2019-12-19 09:34:10
3821, xYbcun1WLhoCtljHS1nK, 2019-11-01 10:30:48, 2019-12-04 04:09:13
3822, 4UaoPeS3MQLTpw5l5FAr, 2019-10-07 08:42:59, 2019-12-07 13:00:58
3823, 8WnVmwTebnysmQrUZXhA, 2019-09-09 13:14:45, 2019-09-25 09:50:40
3824, K46k8ePDKPXrQ7i9B7Vb, 2019-03-05 16:15:27, 2019-04-09 15:59:28
3825, UcKFV43D9KrYkHf85zjo, 2019-05-17 16:17:10, 2019-10-17 08:12:49
3826, ChMPyvuhvUpCAa77g8y4, 2019-03-28 18:07:52, 2019-08-18 11:04:14
3827, IErbNSgAe7HOUj5Y32Pc, 2019-09-14 06:18:04, 2019-09-25 11:33:21
3828, NaYkve6oqFDxABAovZJg, 2019-10-30 03:05:55, 2019-12-08 19:29:34
3829, 539mhYBhbdT0Eb9l02W3, 2019-01-18 03:31:45, 2019-10-29 14:44:49
3830, Sr5kt5Xp4F7GNC5YdWpZ, 2019-08-18 10:09:23, 2019-10-20 15:43:25
3831, LDV7GBajHKL2UBJaMBy0, 2019-05-09 10:31:44, 2019-08-09 19:03:15
3832, sod1fbMNGbbgEddrFupI, 2019-08-16 15:04:36, 2019-12-26 17:20:30
3833, dUARj45KzadztVEFF9VY, 2019-01-21 13:53:16, 2019-11-06 21:39:02
3834, 93Wl8LByp0irKFNQ01Au, 2019-07-24 23:52:33, 2019-10-07 02:10:26
3835, f8wV2i8GqWh6RJZdv9FJ, 2019-05-17 11:38:53, 2019-12-09 10:54:28
3836, 5xEeHlxJRCy77qaYimzy, 2019-08-14 17:33:49, 2019-10-29 05:39:33
3837, vwVxs2SAOaUYaVlwv3vT, 2019-01-14 22:13:29, 2019-05-23 04:51:43
3838, yqZnce7xaKJmepfYKgX4, 2019-01-27 10:55:18, 2019-10-23 15:05:39
3839, 5no1LRsWqnHNQ5t9w2Yr, 2019-04-03 10:37:55, 2019-07-29 03:19:21
3840, Hu6dJ9NhIbMVbynpSX83, 2019-03-08 20:16:59, 2019-05-14 02:08:20
3841, 7dF52BtmyuB3VrHsrVnY, 2019-06-08 20:15:50, 2019-12-29 00:32:45
3842, eqXljcMaDv0pLVqTnU6n, 2019-02-04 01:11:48, 2019-12-08 12:51:30
3843, YTJaypFkYluvvLsHgOAU, 2019-06-21 23:49:21, 2019-09-21 02:45:00
3844, lAOWRrEPstkg3nPBeTnf, 2019-12-03 23:10:00, 2019-12-09 23:00:43
3845, 1Lrm9atqUnSWjEYJUN3A, 2019-05-10 00:11:33, 2019-08-18 12:51:40
3846, 7yoWiOxnrmxIEzPfvJhw, 2019-02-23 19:48:02, 2019-09-25 09:05:14
3847, cFiELKMI37RElDhMlyYJ, 2019-08-24 23:36:40, 2019-11-05 03:52:30
3848, rYl4pqKHsiYFWPi1v1EK, 2019-05-12 06:25:12, 2019-11-30 09:28:54
3849, ZSpAoEDrpm9LvJPaFsh4, 2019-04-13 00:09:51, 2019-12-26 14:57:10
3850, Qvqg3lbHc8aZ4BuYzWIM, 2019-09-01 11:43:30, 2019-09-24 22:55:07
3851, XCF1McB0G8ml8ja7Cltb, 2019-07-15 06:34:09, 2019-09-10 18:09:58
3852, 2vaSq1KmIf5CCLP091W6, 2019-02-21 05:17:51, 2019-03-29 15:25:01
3853, 2pxTsCzVxZ1E6jv71g43, 2019-08-31 03:22:05, 2019-10-31 12:48:22
3854, WiNYQUcfMbMHBCnoMt0m, 2019-12-28 23:52:55, 2019-12-30 04:25:46
3855, QfEnS60nN86t43kFk81e, 2019-06-08 02:04:09, 2019-10-21 09:34:26
3856, sCSWQkuNRL0vgau4nwb9, 2019-07-04 09:04:29, 2019-08-02 13:49:33
3857, oqT6stgXwc5BXMWAerbz, 2019-10-03 08:52:12, 2019-11-22 00:59:16
3858, PbxBRaer0dmnSrjHTsbG, 2019-08-31 22:32:14, 2019-12-21 10:01:17
3859, qP87nlK0rJml4MnofWXn, 2019-12-15 15:59:13, 2019-12-25 19:22:50
3860, drcw1n49CuFQFfvMbKPq, 2019-02-12 16:50:05, 2019-11-10 14:50:08
3861, stSeebEBb1NbisLcsItA, 2019-09-12 08:51:38, 2019-11-28 21:03:32
3862, PMT0gTPx9TqeydlkBIOs, 2019-03-25 20:52:16, 2019-07-31 05:41:58
3863, sVYG7LNIhm2dzTwyIw4O, 2019-08-23 17:18:51, 2019-10-10 21:29:20
3864, Jf48qxym5Ru1IO5Y4213, 2019-01-23 13:23:27, 2019-07-27 10:58:28
3865, VaLeGe6CAOi9JDr3yBLI, 2019-10-19 17:35:49, 2019-12-29 01:21:10
3866, lXamrTQPHGcRKmw92ImE, 2019-05-12 13:07:53, 2019-05-14 17:48:05
3867, K5oUTuBZVRx4ICRbIyWL, 2019-05-14 04:02:05, 2019-09-18 12:15:42
3868, apxfflAjAeBAoiu7JmK2, 2019-06-25 12:34:01, 2019-09-15 03:59:24
3869, SfPnBtOtRjFE9JVh7n4M, 2019-06-05 07:33:30, 2019-08-20 08:59:42
3870, eBC74NpbUeHVdl7l01mD, 2019-01-16 20:55:27, 2019-12-30 21:20:09
3871, TQLD1Osg6HU54WiZZBUs, 2019-02-24 06:01:13, 2019-05-08 23:47:40
3872, kEOonRqhetxJTmr7IqwB, 2019-10-17 22:43:00, 2019-11-30 02:44:01
3873, 4578UNBjRA0uAjN7scWc, 2019-03-23 08:36:26, 2019-10-22 21:22:07
3874, Y3pqgwgqhwNc0tRDXc3D, 2019-01-28 21:37:19, 2019-02-14 12:23:37
3875, 1gZ7qtKC74YgY5uTipQQ, 2019-05-17 19:59:00, 2019-12-05 11:07:24
3876, fnjsqdQOtCA3HSfn1mxv, 2019-07-28 12:27:41, 2019-12-09 05:52:41
3877, MLjH6draIdi0DcrSaauJ, 2019-02-05 18:44:17, 2019-06-26 07:56:38
3878, hxBq417TE0jcYeA9d5vj, 2019-06-07 15:34:42, 2019-07-25 11:30:43
3879, NBoiMFzhWV7uBLptqQve, 2019-10-05 07:38:06, 2019-12-26 06:03:00
3880, GZJxnd0qocBfvYlBEPl4, 2019-08-03 09:57:46, 2019-12-26 13:19:23
3881, BSMmuZ0OhpfHsNecvEDZ, 2019-02-16 14:32:59, 2019-09-28 21:54:03
3882, xyM0U65sTO6x9Qr8MTj4, 2019-09-12 21:50:04, 2019-12-21 08:01:31
3883, lz3y7jZBykP9PGpaaF18, 2019-10-16 23:17:44, 2019-12-25 23:19:07
3884, dDDclV3dmK6ppaWBO7xY, 2019-04-01 13:46:55, 2019-09-29 04:10:22
3885, 5DYvpsbT2DKsBQMYRsIB, 2019-03-24 11:07:38, 2019-11-18 13:24:27
3886, YijOcJdMWndPml8eHXpC, 2019-08-08 19:25:53, 2019-08-25 02:50:00
3887, sBlbGgAK0e2NGjTz51r7, 2019-12-22 07:06:34, 2019-12-24 09:14:34
3888, NctT0Oe9UKAC9YCTp8Va, 2019-12-12 06:12:59, 2019-12-22 09:53:32
3889, s0VE49YDlzYQ8styiB2w, 2019-10-30 03:42:33, 2019-11-29 01:38:57
3890, wBPE0RmkrEpYc7DB2ElP, 2019-05-05 21:18:03, 2019-07-16 22:46:59
3891, O9HvK9XZYHTbKwVY4LKY, 2019-10-30 10:48:36, 2019-12-07 12:42:06
3892, YF4EVi6pEcKkZL7pntGb, 2019-12-11 06:22:11, 2019-12-26 03:06:28
3893, HTcTfB83KOdRflEfTVaE, 2019-09-23 01:21:22, 2019-10-07 16:53:06
3894, IWLqbRAdH8jWdwkYs80N, 2019-06-13 23:08:37, 2019-09-17 15:47:53
3895, lPHpTNPRMZ3TXZ6AY467, 2019-08-04 14:31:36, 2019-10-18 14:02:16
3896, c5BmdEuSU6n57rIjIpcc, 2019-01-12 13:36:52, 2019-05-02 11:55:35
3897, 4erYnqOo5dnTVWlKI9Od, 2019-08-19 05:57:06, 2019-08-30 15:50:27
3898, gyplkyIiVhcrPCeTqXxC, 2019-03-31 20:02:39, 2019-11-17 00:59:13
3899, bOZb0KNDVjGxN0CcI1hb, 2019-05-07 22:00:28, 2019-11-05 19:59:50
3900, 8o4GmxWkXOzcUB70W6vE, 2019-06-14 05:15:12, 2019-11-26 11:27:21
3901, mkqFuVwy02i4z68JuWRR, 2019-03-16 13:30:33, 2019-05-07 20:01:22
3902, R2HKsjm9cCIT3k9oFneU, 2019-08-15 05:20:37, 2019-11-28 17:52:29
3903, iVqXFGYi2HORAeiupUSy, 2019-01-02 16:21:58, 2019-07-21 18:46:56
3904, 0WCmAEcXVFK6mg30G6aU, 2019-01-23 22:17:51, 2019-11-14 16:42:10
3905, 3HcrszI6DHrZieI6FVcm, 2019-10-02 04:16:13, 2019-12-29 10:52:03
3906, DAWHaK2GQSmIB36pGSSG, 2019-01-02 15:40:22, 2019-04-05 02:36:39
3907, sdJ3uwCsD2qyuCtMoVGV, 2019-10-29 06:42:04, 2019-12-03 19:02:16
3908, J6MSVNybQSRXW2hCKtMP, 2019-05-16 06:33:36, 2019-08-01 01:56:43
3909, cuo85iVqpfZAgyvMkSEG, 2019-11-13 08:23:19, 2019-11-18 00:21:41
3910, VQAFPnbecUmjbx2y0t0t, 2019-07-20 08:25:43, 2019-12-22 07:24:16
3911, m72J7M6TLEX8j3dCuWiR, 2019-03-16 14:54:18, 2019-04-04 01:10:47
3912, PNzsg6fqDog4LLNvxpI5, 2019-10-28 13:01:28, 2019-11-22 05:01:42
3913, ruZZz7G3TjVl01SLShpL, 2019-05-23 00:35:31, 2019-09-25 06:34:16
3914, LOczuuLASVlFQK0ZlaVU, 2019-10-04 11:20:21, 2019-12-14 22:39:51
3915, PBLDeC4gD4YiWpNlQKca, 2019-01-15 18:54:22, 2019-03-14 16:15:56
3916, innEpkWq4Y53gJvJ40Gk, 2019-11-12 06:26:11, 2019-12-21 03:28:15
3917, 2SsktOz8D0oRNmnEwBiK, 2019-04-07 20:45:18, 2019-08-15 06:35:09
3918, s9IdJDPzEsgaGQx5V6ji, 2019-03-18 17:07:29, 2019-05-29 18:55:44
3919, HOaEAqlZ3SAyTFlmuvi9, 2019-10-14 00:40:36, 2019-11-24 09:24:42
3920, 36wA3AQ7gp98KV8sJVMU, 2019-01-27 11:58:39, 2019-10-27 11:21:18
3921, Rim6FDrcPw95Dk6gDgEn, 2019-11-23 19:55:20, 2019-12-16 23:18:58
3922, VB0ejbjeyCBY6VKUfhp1, 2019-08-27 20:23:12, 2019-10-06 10:36:45
3923, GsOFI8ulifXGoW8Vfpq9, 2019-02-13 04:51:32, 2019-11-19 14:59:44
3924, V8Fsj9lFAV9SbDcZF4uf, 2019-05-27 21:39:13, 2019-06-21 11:32:02
3925, 4vgWWsLYmeedHMCSi4wN, 2019-05-20 05:57:55, 2019-09-15 07:59:36
3926, vM3sfROnS7KDJELW4vqt, 2019-09-06 14:46:30, 2019-11-03 19:11:57
3927, cVS5XwoZyCRfnYjD24pP, 2019-12-24 23:32:05, 2019-12-25 15:56:00
3928, GJ6LeTimu35VPeXF5xsi, 2019-06-13 11:44:18, 2019-10-07 11:04:59
3929, LC6ddss97ZnMVmhuohfY, 2019-12-23 03:48:38, 2019-12-26 00:07:22
3930, nYydnHc18sHPS2zdfLe1, 2019-11-07 06:52:29, 2019-11-22 20:53:38
3931, VBeWGLqshUTsXIuryj44, 2019-02-07 19:09:44, 2019-07-09 06:50:52
3932, 7a49XcxJvZb29CCVbDSy, 2019-09-14 03:48:14, 2019-11-03 06:10:42
3933, 3VWATr4LEwOZqixNDCd4, 2019-03-29 12:00:55, 2019-09-20 06:29:40
3934, ap3dkAKvgKcqT908KhYu, 2019-08-27 18:12:36, 2019-09-16 04:55:15
3935, lCAUIc0SkH3sMzkkjP2d, 2019-09-01 00:44:24, 2019-09-15 22:55:12
3936, sb9dVvlSnL7u1Nw6eFoD, 2019-12-26 11:57:59, 2019-12-26 13:14:59
3937, rwWiQD3lcASgD8WuGUif, 2019-09-29 08:56:50, 2019-11-24 19:32:47
3938, 9S7DNecc1mceR6fwLJBu, 2019-04-05 15:18:33, 2019-09-04 01:01:28
3939, XYSWJdc5wRSmLkdH4Tet, 2019-02-10 10:31:28, 2019-10-18 01:46:14
3940, KKdxCZLk7WdRcjjs5yNa, 2019-05-26 17:51:43, 2019-08-02 07:34:49
3941, Hff3eClZhXuWn6U0fv2B, 2019-01-03 23:47:07, 2019-08-27 09:21:38
3942, chdhZBWs8IN0XgdOq30j, 2019-04-26 03:16:38, 2019-08-02 08:52:06
3943, QyhAZgEscpm3aMZVGI4G, 2019-06-22 16:57:04, 2019-07-24 08:51:27
3944, gnyWRXHaSZnSAGrriAOW, 2019-08-17 05:53:40, 2019-11-02 00:55:18
3945, 7hEGxCQmuNO2WD9BtU7u, 2019-10-24 12:45:15, 2019-12-25 03:42:05
3946, vpRbWZsMdw4C3CMr1Lju, 2019-01-29 02:59:44, 2019-06-18 21:19:46
3947, RtrAvJ1aDcAabewH51xM, 2019-05-04 05:44:58, 2019-09-29 18:52:18
3948, ThV7m3dKdiEgWv5uGa7f, 2019-11-29 09:56:23, 2019-12-28 23:50:09
3949, PdLS7MHEIXoTLnCgpp7i, 2019-03-30 03:34:26, 2019-09-14 15:33:05
3950, SSR296RIvrFVcCNkZ2BF, 2019-01-19 06:55:24, 2019-06-01 19:40:37
3951, a1MDhwvJ5bJoyCYIBRWF, 2019-09-21 18:22:07, 2019-12-19 07:51:35
3952, uu6QljTmVSvM8t24bVNW, 2019-08-20 00:57:46, 2019-11-28 05:13:51
3953, qsbXjlkltceD1vawyZ6L, 2019-06-22 15:02:05, 2019-11-01 10:43:49
3954, J28TWXOgknO30I7PVYCc, 2019-09-22 17:06:29, 2019-10-19 07:17:56
3955, 23h139KGl0lqgMYmcJ1K, 2019-08-27 16:47:34, 2019-12-18 18:03:44
3956, pYXDq4hQIYUJaTGVhGIY, 2019-11-05 12:41:48, 2019-12-14 00:11:28
3957, bKs3CZyKtG9yMQ0Wa07N, 2019-02-19 00:04:50, 2019-10-23 14:43:08
3958, qSXwIU87s6SJirFLZvUI, 2019-12-16 18:11:20, 2019-12-21 19:50:06
3959, jo2PHZDf9lO9KuB4odO9, 2019-02-05 12:30:03, 2019-06-11 20:35:04
3960, TWKX3J0ImK4vd7rLMGdo, 2019-12-09 16:40:21, 2019-12-26 10:14:53
3961, nAVonomqAL62zsoQQzkk, 2019-06-29 07:20:33, 2019-10-20 00:27:07
3962, wQytIdS130DmgIFyH764, 2019-08-09 18:13:04, 2019-11-27 19:29:34
3963, 5b8TNAc2E6wZUVfP3nt1, 2019-05-04 17:03:17, 2019-10-30 21:41:26
3964, l2XN2a5Go4PWMBacG5CA, 2019-12-14 18:03:30, 2019-12-22 07:23:39
3965, eQYyIFNgyluFucAjLZ10, 2019-01-20 18:21:25, 2019-02-01 11:28:26
3966, qL1MEnimg0DD5nQbCMhj, 2019-02-13 05:39:23, 2019-08-20 22:07:00
3967, h47kUEcXEkqY9bvOeb6U, 2019-08-31 11:34:08, 2019-12-11 22:39:52
3968, PgIRrrIw9DQrTtVFhzTM, 2019-01-19 14:13:12, 2019-04-16 04:51:11
3969, CeB4lingxdoKoFO5Wnfh, 2019-06-19 15:28:53, 2019-12-29 13:08:42
3970, fQtQEvNnoPTJnbBf21Sk, 2019-08-31 01:05:07, 2019-11-15 10:55:37
3971, h03mBRJ4BU867HOkVaXB, 2019-06-21 14:11:44, 2019-08-02 18:49:32
3972, LwRnDbIeAd1PpW9H1GNx, 2019-06-12 13:59:48, 2019-06-16 02:57:15
3973, PdNWQGdAvHX1sp4ebvx0, 2019-01-27 20:33:13, 2019-08-02 14:59:35
3974, t1Zzj52nylT49ezolv6G, 2019-07-09 12:13:00, 2019-11-07 14:06:10
3975, z21T4OkOG7DCpNfCeZq0, 2019-06-17 13:11:40, 2019-09-30 13:25:55
3976, FLJ8TgUPA0twi2a9uA2a, 2019-12-21 21:59:06, 2019-12-22 14:44:04
3977, dqHPe3bUYGBdCwAl6s50, 2019-03-02 20:17:15, 2019-03-23 20:25:34
3978, dpAGkK5KiciTXnoCiqBG, 2019-06-02 19:51:38, 2019-09-05 10:14:36
3979, 3GTDOae8KiLQ9YJvBaP9, 2019-06-20 05:03:10, 2019-09-26 06:59:08
3980, IGrsVPrdNqKfmo8V3Ktt, 2019-09-13 11:34:16, 2019-12-18 06:33:30
3981, 8S7L13h2ndQs7JU9XvdT, 2019-06-18 00:12:19, 2019-11-21 03:10:03
3982, WuUO0zi1hnXcp4jtDiV7, 2019-05-24 16:53:36, 2019-11-09 06:00:47
3983, wq1eKxt7NeZkTDrk1K0C, 2019-09-19 01:09:50, 2019-12-15 03:26:45
3984, 3eSIrvz3saD5syFNXbbd, 2019-10-29 09:31:59, 2019-12-12 06:34:48
3985, peoa09R0lfe1vb71KcBg, 2019-07-05 21:52:34, 2019-07-31 21:09:02
3986, NbCFBMaHYUjWCBoqXMbz, 2019-03-03 16:22:22, 2019-03-27 09:48:55
3987, APbBW3YlIzSq7p0fVQyk, 2019-01-03 15:02:22, 2019-08-26 14:11:32
3988, XxHDiZYqWnnCiTJP37si, 2019-03-22 20:24:37, 2019-12-14 21:23:27
3989, P44KtqNCfE4DYfaEZ23F, 2019-04-10 09:53:12, 2019-05-31 23:30:08
3990, dQnRF75t5ftq3UeCqgji, 2019-06-18 19:32:39, 2019-07-22 07:23:11
3991, E0lMInvDHB09i89eOoZ3, 2019-10-01 20:33:00, 2019-12-19 22:44:42
3992, W7qUsBGYOHBvSK82OqQV, 2019-10-08 14:59:07, 2019-10-25 05:56:36
3993, wetYiJoCuxZTHVAE9kxb, 2019-10-30 22:53:03, 2019-11-22 04:57:19
3994, 42iVyrTx0rA8xWi7ai2e, 2019-11-04 21:13:13, 2019-11-29 06:44:05
3995, bfcDXppKvLWM1rFe4p8h, 2019-10-11 17:04:09, 2019-12-13 04:52:42
3996, 7JEMNIQcDMFMKitYqnul, 2019-08-04 21:37:58, 2019-12-18 04:24:42
3997, AE6hYYCNh1OgvvNHNNeZ, 2019-07-21 15:33:14, 2019-11-16 01:38:04
3998, USGUfW9HwJrOZRaPHPBX, 2019-04-19 04:19:30, 2019-09-26 00:50:26
3999, w3rPzZMQ1LMdSOcDeMRd, 2019-08-09 12:05:34, 2019-11-10 17:36:20
4000, mQt9RfXb9cwRrh374K8Z, 2019-04-01 22:05:22, 2019-07-15 00:40:18
4001, sH01uFSHehQ0vvbst6nx, 2019-11-01 23:17:50, 2019-11-14 14:53:16
4002, dsqICc0He3cH3bcD7NYP, 2019-06-15 11:08:43, 2019-08-06 15:20:12
4003, 29bDhWd3OzK3pf8tgeAE, 2019-04-22 15:45:33, 2019-09-03 08:01:57
4004, oQjIjzJYrSVSCBomI0Xz, 2019-04-30 06:15:54, 2019-11-21 08:29:17
4005, wQjkru9Onc92HqtYG4wM, 2019-09-20 07:42:55, 2019-12-12 04:12:23
4006, NIhtHw6m3Uj1yPPUjD8Z, 2019-05-23 20:23:41, 2019-06-09 14:51:35
4007, 2nxNkHqAtCkdtBqmmplJ, 2019-04-12 04:03:08, 2019-12-15 20:29:19
4008, 8ioYiwtpMYKdHs3wtpnd, 2019-11-27 12:48:17, 2019-12-03 13:49:44
4009, JHobg8PwPFhoWRWsS9ww, 2019-07-01 17:37:22, 2019-12-04 13:18:49
4010, dUpe7cVTfpwzbU4NhVJQ, 2019-08-02 21:31:52, 2019-11-08 22:49:04
4011, rIvYOVo9uGKKPUkKxY3B, 2019-12-09 10:59:28, 2019-12-26 16:02:17
4012, C2ZU0K9iY9V6llAhiSYb, 2019-03-29 04:14:22, 2019-09-09 19:04:54
4013, aLNuXMC2tCKaWF6LbUl0, 2019-01-03 02:41:18, 2019-01-09 07:48:40
4014, yyz5zov3jwpYpS2g7N9D, 2019-09-28 01:35:48, 2019-10-11 19:33:28
4015, bvSlPidQ9IEI28YedW79, 2019-10-29 02:14:54, 2019-12-10 09:24:19
4016, 0SgTEXpgtX336mh4OuWM, 2019-01-28 19:40:30, 2019-10-31 09:45:17
4017, 1prS5leWM3ONvZgijDls, 2019-04-16 10:56:41, 2019-05-14 20:40:09
4018, TIKyYl9csEjDyb2zsYIC, 2019-10-14 00:01:53, 2019-10-30 06:19:08
4019, szMqVtBWu1ozQcuE3Q6Y, 2019-09-28 18:17:49, 2019-11-10 03:22:53
4020, JkEUy6grt4qvGJehmBmM, 2019-04-24 05:34:34, 2019-07-22 06:58:34
4021, fkIIdoreYqCC9S0R7hf4, 2019-09-20 22:09:05, 2019-12-17 11:10:18
4022, gGA9I7pCkKUIOrlJsS4g, 2019-02-19 21:22:18, 2019-12-03 08:32:30
4023, JvSmTYMd0k9aj4s0R9Zj, 2019-11-03 17:57:19, 2019-11-28 12:07:04
4024, 8amyaWUc3DMg9ZYqK6sr, 2019-07-04 20:29:23, 2019-11-06 17:20:47
4025, MngLjnl1i7KGqEg0437N, 2019-06-25 14:30:19, 2019-12-22 16:04:48
4026, yh40sQjsxVQyNlaTSe3c, 2019-06-06 10:41:44, 2019-08-27 16:45:13
4027, edvkW4bRoN0MsyIVnowS, 2019-09-25 12:42:56, 2019-11-03 06:20:23
4028, AeddrgQkOjBeY3KyntAy, 2019-03-01 14:44:09, 2019-06-17 10:16:25
4029, LTRjZpVBt75qCfLXLrwn, 2019-10-09 07:18:21, 2019-12-04 06:10:55
4030, IObCnW4a3EPZS3YfKrXK, 2019-11-24 01:44:27, 2019-11-30 02:01:52
4031, m130Tz90UOmtB3amTZbl, 2019-11-23 14:21:17, 2019-12-21 22:28:48
4032, Lj1Eg88HVlsyNfN5KtEG, 2019-12-27 03:36:05, 2019-12-28 03:17:00
4033, 0hvTlp49BbBgpXf7tIEt, 2019-09-30 20:27:10, 2019-12-02 14:02:04
4034, 8y9vH0F0xAf9E3fQcDwG, 2019-01-15 05:05:27, 2019-07-28 09:09:19
4035, kOIgnBLHVyAavTQiKgpJ, 2019-03-19 20:06:47, 2019-09-29 22:44:05
4036, 8XmbRidPK0vqYZiODgy8, 2019-04-16 05:41:43, 2019-11-30 10:51:45
4037, oZIK9vf9LFQjq8PPDf8M, 2019-03-16 15:24:42, 2019-10-12 15:34:11
4038, axsUQNvbrIWfjjY2VFrS, 2019-11-13 04:02:17, 2019-12-01 18:39:47
4039, uRYTrlokjbB2CguAfpd3, 2019-12-23 17:27:00, 2019-12-25 18:59:37
4040, jq2eyYndVVIjok1b0Lpe, 2019-12-07 08:55:29, 2019-12-19 23:51:02
4041, tAqnlie96fq66k2DYnnn, 2019-10-10 15:40:45, 2019-10-20 13:51:16
4042, bagZRFH4Vsx4nftlD9g9, 2019-06-29 03:40:29, 2019-09-09 19:34:50
4043, mpKMZ0h6iZn2lgd8PM6n, 2019-09-23 15:16:10, 2019-12-15 09:22:24
4044, EB98JAPJpiCeVdzXuVGw, 2019-06-05 16:53:27, 2019-06-11 07:55:07
4045, lN0LWnrbN94AiP6KjG6O, 2019-03-17 03:38:19, 2019-10-13 09:11:24
4046, fskIaGgLxrsm9VjHCJ8D, 2019-02-09 20:21:43, 2019-09-22 18:05:46
4047, 9VAkzAkkkPCcZrdWKpva, 2019-12-11 22:28:25, 2019-12-15 12:01:23
4048, zhVvefXv4Qs1rUSlOulY, 2019-02-01 01:26:53, 2019-04-13 07:35:05
4049, 9rljQlH7qUYpEx7aQbwU, 2019-03-10 23:37:29, 2019-06-17 05:53:03
4050, lLd7MDeTlUtatAYy1oQU, 2019-07-16 03:38:42, 2019-11-05 08:33:03
4051, KvEo1lYI7nnTDcv5Sm13, 2019-09-25 06:02:23, 2019-11-08 15:52:16
4052, z1JFmQQJgR0LTqUZJrCc, 2019-06-14 01:58:47, 2019-07-30 16:46:39
4053, k1BFekFs1lIcud4aRNe5, 2019-07-19 04:05:15, 2019-09-22 10:33:28
4054, c1d1TXDTcoJ6HnOqzkuD, 2019-11-19 06:14:31, 2019-11-23 07:16:44
4055, ZjwGHSO3889yGOmCbJkM, 2019-04-24 18:06:03, 2019-07-27 07:14:58
4056, AKi0IfO8DbFICmxV7qG4, 2019-03-05 23:07:09, 2019-07-01 18:47:14
4057, jVAG7XF9bjvKzxya4hFD, 2019-09-22 13:51:09, 2019-12-25 22:52:55
4058, IwLZspevBkWCu9gUkopK, 2019-05-17 10:34:07, 2019-06-19 22:33:25
4059, csO49QNyMVAgnsRe8TtJ, 2019-01-24 22:10:42, 2019-11-12 01:11:49
4060, OwxyyiIMNcmAfPvUeg65, 2019-09-16 16:04:28, 2019-11-30 07:08:36
4061, iTKT5ZZaM8coTCtJtTLy, 2019-06-13 00:20:33, 2019-11-13 23:20:16
4062, ywxAzKC4IEH4nL0LqbqF, 2019-01-25 02:07:46, 2019-10-12 21:22:39
4063, c7PbguH9YKTH1U0EjBDa, 2019-02-28 19:21:14, 2019-06-14 21:12:09
4064, GTy2xLgprLihsrO4nePh, 2019-02-24 18:19:16, 2019-08-19 22:23:11
4065, 0rr4MTgRknk7VxILlU23, 2019-07-19 21:19:12, 2019-10-07 11:17:23
4066, Vh9YCWkddEkeMXRwbgzg, 2019-05-14 08:55:57, 2019-05-31 02:31:38
4067, ATYvyx2bNYZKDJPOtmjR, 2019-12-03 02:02:58, 2019-12-13 15:44:02
4068, Wlei6vCxQ79365JNBDu7, 2019-01-22 17:02:44, 2019-09-16 11:45:27
4069, INYSXiw5rRuusSxCKjA9, 2019-07-05 14:24:01, 2019-10-20 01:02:22
4070, Z9a1M3PtT4gQiBVaQeHq, 2019-09-01 12:38:50, 2019-11-14 12:08:43
4071, JdS6DM7dbQsTGsmoEiNH, 2019-01-25 21:17:42, 2019-09-09 22:09:03
4072, cj2FsWr4eUvvB2QQEmn8, 2019-05-22 10:13:47, 2019-08-04 12:09:53
4073, yJVJacarGKu9WcBNxuzm, 2019-10-16 16:03:29, 2019-11-10 17:43:00
4074, BPeWy03xEfLWfjmCu3f1, 2019-10-12 03:01:22, 2019-12-19 16:58:36
4075, 6Ue3CZ7xbybEQtZyNOJh, 2019-04-03 13:33:56, 2019-12-16 23:17:32
4076, tCriMvP3k2rNk0w9hP9d, 2019-11-08 06:58:54, 2019-12-11 10:21:47
4077, kb7fvCqv8z3469SMjuGx, 2019-11-06 14:40:19, 2019-12-21 12:07:59
4078, sMLi67OyG6scf8KMixD0, 2019-04-30 18:41:51, 2019-06-16 22:23:54
4079, bRfKsHsQoXgAxZAnC8vf, 2019-01-07 09:50:24, 2019-07-14 22:22:27
4080, CSZNYVBnXeWdAs6ELArn, 2019-04-11 10:51:38, 2019-06-11 02:52:27
4081, vQ7pppyai5bdHWx6cu06, 2019-05-25 22:20:11, 2019-05-29 04:54:48
4082, 8B8lAbs47APt6L895kqz, 2019-05-18 10:57:28, 2019-05-24 13:02:13
4083, xOgHNtcvMLQndfcjWxJb, 2019-05-05 03:32:12, 2019-07-02 03:53:24
4084, N1ux0RT6aWpLnRy5n4Ii, 2019-01-26 13:07:37, 2019-12-07 21:11:57
4085, 8WyOzh0qWDttLpjiiYrS, 2019-07-01 16:03:29, 2019-09-11 23:14:57
4086, 5luwHSKOnFcuAZyUjwLk, 2019-10-09 22:18:00, 2019-10-28 08:22:47
4087, xYFsUPJi3FfmxVAGfZKC, 2019-10-10 05:51:52, 2019-12-17 09:16:45
4088, VxLq8RYY5Q26Nordkwj9, 2019-02-18 00:31:03, 2019-10-16 15:47:47
4089, ZRySL1kVW3ayEimBtJmb, 2019-08-18 10:19:08, 2019-12-07 20:40:30
4090, x7amrSIAOKPQILn3Ugrg, 2019-12-30 07:35:31, 2019-12-30 20:53:55
4091, GhIs34Ehz1bBWjKy0CPR, 2019-01-03 20:13:43, 2019-05-16 20:39:43
4092, IBzCH44pShsoBjs1ZmRe, 2019-02-08 22:55:47, 2019-11-21 12:49:34
4093, UNNE6K6GV3FSlZCqURM5, 2019-04-21 23:26:04, 2019-06-21 07:20:53
4094, fjrmv9hR2RhhrNxLzdTV, 2019-09-13 18:42:54, 2019-12-04 06:07:17
4095, SfnAA6va8vnMEO0BWOB5, 2019-03-08 22:21:32, 2019-08-06 15:17:27
4096, rHkqqkDhZcnL0FIuX4kV, 2019-04-04 23:25:28, 2019-11-14 07:12:27
4097, XQqOTnP79MrvoE0uTN5X, 2019-01-06 18:44:58, 2019-01-17 16:50:47
4098, BSiPZL27qRfSjm0qv9kL, 2019-06-11 05:59:07, 2019-10-30 14:48:20
4099, KYG2uBP8wPpO7Zdl9H2n, 2019-12-29 12:20:56, 2019-12-29 22:30:23
4100, JM8M4dCjj4GhJuP9A6QZ, 2019-01-03 22:03:20, 2019-04-08 20:26:08
4101, yTI6zepCePeoKgKnhLZe, 2019-08-16 22:19:46, 2019-10-14 11:50:31
4102, lrR73Yc1eXupQREmEgZx, 2019-08-17 02:38:59, 2019-11-21 14:28:55
4103, v6ADRItlZiYxYvXlQP50, 2019-09-30 16:22:58, 2019-11-24 13:14:47
4104, 0yF12tF8yV83aRPtbX7E, 2019-08-25 17:53:48, 2019-12-23 14:29:40
4105, wPMvMaQNxN1aJ6iYzmG4, 2019-04-04 09:24:39, 2019-05-01 10:45:19
4106, u6GxhuoXlWM8VzrUXDDu, 2019-01-18 22:32:49, 2019-10-10 08:16:44
4107, uz9dvA9Iv1cULQVA4aLR, 2019-04-05 02:29:21, 2019-08-22 11:24:03
4108, LIj6vsCk7W6AoR4f1ox2, 2019-05-09 01:13:44, 2019-09-25 06:44:27
4109, YsKZAVuEqRgscJGl9hPL, 2019-04-08 05:18:45, 2019-07-01 00:38:37
4110, rRjoxGdCzzdCoMFiu9OA, 2019-11-02 07:03:18, 2019-11-25 11:27:37
4111, gxPMcSz0EY1T4y7DctSZ, 2019-12-01 02:55:39, 2019-12-07 04:06:08
4112, h5Zz0a1GR5GCoMq3C7Pe, 2019-08-29 04:04:25, 2019-09-17 03:36:32
4113, rkik59bwUQSjaV7xvTxJ, 2019-11-03 13:34:23, 2019-12-26 06:08:50
4114, e17eGunJXv3Y90gBDUyJ, 2019-11-30 09:25:08, 2019-12-24 07:25:32
4115, M5Jj2b7BMhCKVnzVgdkS, 2019-04-20 09:50:38, 2019-07-27 17:58:24
4116, RMrEv1g08357qy05d0vP, 2019-08-31 17:36:25, 2019-10-16 21:29:44
4117, s0mAMKYVUhrJ1VR3f0IY, 2019-09-21 21:41:31, 2019-10-22 10:15:18
4118, X67toj8IZRKj257oxSVG, 2019-10-27 02:41:00, 2019-12-21 08:56:28
4119, uSVkOgtlvyiGF02q45wz, 2019-08-07 06:00:04, 2019-09-18 15:59:44
4120, VV1q6nENRVkj9E0LZoSZ, 2019-01-30 15:07:10, 2019-04-21 17:02:41
4121, Tq3wOYfHGIMk8E4YsV7q, 2019-10-27 17:25:16, 2019-11-01 07:35:42
4122, EFzhCDPq2JtEYPrSnVYW, 2019-11-14 03:32:24, 2019-12-10 16:04:50
4123, ParClXS9jj3usCT6ongp, 2019-06-02 13:12:49, 2019-12-05 18:36:07
4124, bpDeI6XVHewhUvx7CCUt, 2019-01-07 23:19:03, 2019-12-14 04:02:02
4125, ta3Cq4LZTgi3md0YPXwR, 2019-03-16 11:08:23, 2019-05-02 01:59:37
4126, zpmx4x9hrCS9Yp53TMay, 2019-04-23 04:10:15, 2019-08-01 06:02:17
4127, 1s6MGgXQspjvtsUtyV3y, 2019-11-14 20:48:06, 2019-12-04 23:31:59
4128, 8TGpxBX5c3QvTl39wIot, 2019-04-24 20:35:09, 2019-11-02 07:01:11
4129, sLgmO3vK8pVG4OAcOwj3, 2019-09-13 03:12:41, 2019-10-15 06:52:38
4130, oQn24CSynfQAhpl0kuwh, 2019-05-27 15:13:10, 2019-09-13 23:28:56
4131, yWD37sc5xO0SmMpv7MO9, 2019-12-20 09:24:11, 2019-12-25 15:11:56
4132, QPDWxglyBxiexHUuBLvG, 2019-05-03 22:10:31, 2019-12-01 18:40:17
4133, drdVHhpeNvw0xRKBPnuZ, 2019-12-06 18:57:16, 2019-12-24 06:23:18
4134, hmzsKLdjC98gsvRdK49Z, 2019-09-23 13:00:34, 2019-10-22 11:21:29
4135, fImZNJkfANZIST6H1SjB, 2019-12-14 12:21:00, 2019-12-21 01:47:52
4136, Fd8zSx9DTkmQ6xeiJpaQ, 2019-05-28 07:38:33, 2019-07-23 14:07:46
4137, 8AVpX7ENRsfJknjh1ZbN, 2019-06-15 13:11:52, 2019-07-16 10:47:24
4138, DVjX16p8b9qF9hxwTzRU, 2019-11-22 07:39:12, 2019-12-11 03:54:35
4139, njbKkvOM8IRo4rZ1HC9r, 2019-11-10 15:30:53, 2019-11-30 17:57:19
4140, 91wyTAwucS8qXTpGJpAv, 2019-09-10 18:08:28, 2019-09-22 12:18:55
4141, XR90XaF9qrCFkzGjMvVZ, 2019-11-24 11:30:33, 2019-12-30 21:54:15
4142, H358PzZTSVjCZScRAdQE, 2019-03-01 20:16:20, 2019-07-03 15:48:46
4143, 2ifwH1toCdncjIiH8TRn, 2019-06-09 07:46:11, 2019-07-22 17:34:16
4144, jJYeGnNV3qpJs1JEDavC, 2019-08-08 05:49:57, 2019-09-05 18:20:17
4145, Ue8v0aEJzyFGr2uPIyxi, 2019-05-24 11:13:41, 2019-11-08 06:07:47
4146, jVpMueanXBup5CSPPzeL, 2019-04-21 02:56:41, 2019-12-23 16:50:45
4147, PjXSGiQZkndmxZ4BIans, 2019-04-21 12:34:52, 2019-10-18 15:27:52
4148, ornmrbDjABw77VWpmz96, 2019-08-03 14:19:22, 2019-08-08 00:43:52
4149, q98hLhvSUSHTF3iRQqeo, 2019-01-08 22:50:23, 2019-08-03 21:42:29
4150, LZYceoSWT1jCC2shAUjx, 2019-07-11 03:25:29, 2019-09-29 18:15:53
4151, si55K28YS3iRxbIRypgk, 2019-08-07 09:46:31, 2019-08-14 10:07:21
4152, ZvJF3CPck888Vmukro52, 2019-05-08 17:30:51, 2019-07-01 08:07:07
4153, m5wSofJKqZyFYaHOR3t7, 2019-10-10 14:46:48, 2019-10-24 05:34:11
4154, hhTPWLRzyvVz7Wvk1NBB, 2019-12-01 13:57:17, 2019-12-29 11:57:02
4155, AzkSTQoDuw9RF4FsUoWN, 2019-05-20 03:21:11, 2019-09-07 02:42:56
4156, d0ypF4lcQBHBNlHUvhIn, 2019-11-29 22:48:32, 2019-12-21 09:27:23
4157, N78WwwK3iupd1djKL4P9, 2019-06-25 16:28:56, 2019-09-11 01:17:19
4158, xgjyWgaVSVdTT7WrUHiX, 2019-06-24 21:34:06, 2019-08-19 22:50:41
4159, JJzoWQDU0oCR5nNzrNMw, 2019-07-25 18:12:38, 2019-09-10 09:45:46
4160, 7WuK7ird1zWs9mvwIBqu, 2019-12-09 02:43:15, 2019-12-11 09:05:50
4161, yg3Xuau7AbRaC3AFF29b, 2019-05-03 17:47:45, 2019-09-01 07:57:31
4162, uYwCYzG1JTJ3fJX1qWwS, 2019-10-07 09:27:58, 2019-12-15 22:46:00
4163, TiCFv11UxL5IPEhuoui5, 2019-08-17 05:55:24, 2019-09-01 19:30:47
4164, aNxJdBbPuV2mMytIRe3y, 2019-08-28 11:56:45, 2019-12-06 14:09:36
4165, 9AjauUX252HtFmjTgYWR, 2019-07-22 21:35:20, 2019-08-18 07:19:53
4166, 2BP2XazzkF8zmpqgkG4a, 2019-09-25 07:49:21, 2019-11-26 12:00:34
4167, 5fSfzz4q6GqXmvecZ3Nn, 2019-09-09 12:36:44, 2019-10-19 20:09:41
4168, x4Vmy0ianZ7tF5kNXlGY, 2019-07-30 00:42:54, 2019-09-03 23:01:12
4169, ERJ1gjHFW8JBfmP7QUhC, 2019-10-01 03:05:08, 2019-11-09 09:16:30
4170, tzE8ybWKnSWl5jHK4o8R, 2019-03-17 07:04:57, 2019-10-11 12:42:51
4171, fyTJCblKa6zhUyb6678u, 2019-08-06 06:17:16, 2019-10-31 02:05:14
4172, E1qqOnjFBrJSKSgVs4cC, 2019-09-20 05:15:40, 2019-12-25 20:55:39
4173, RNmT5Sb3AaJzNcjQ8NEe, 2019-12-07 19:01:36, 2019-12-29 05:54:47
4174, VJkxUZ7Ozuxb2rHHYM0f, 2019-01-20 00:23:51, 2019-05-12 07:03:01
4175, BxEH7KqM9u58Qy58a9Cf, 2019-05-21 16:14:03, 2019-08-29 12:36:53
4176, kIjuG8l2ibCKIt2gOCA1, 2019-08-26 17:01:15, 2019-10-19 21:02:30
4177, Nsdeh6fzVsdb0SqjRb9a, 2019-11-04 10:38:58, 2019-12-20 09:29:25
4178, 4H5VtiSFgKJ4LhQP0g9K, 2019-02-13 22:02:42, 2019-04-12 06:56:45
4179, 3NBztUhK1utfMEQjeAbr, 2019-03-11 04:15:02, 2019-12-06 01:53:11
4180, VJzJEPBJu3wMjw0DbLOS, 2019-02-28 15:20:07, 2019-08-08 16:41:31
4181, USesIJRJc78RD718pCnS, 2019-04-11 20:08:38, 2019-12-10 23:21:12
4182, BWpaEwzX54nzaywqMm6v, 2019-10-27 10:09:58, 2019-10-30 01:38:22
4183, 88fi6O5kEiA8VewHL8CE, 2019-08-13 15:22:42, 2019-09-30 09:47:42
4184, i6ZuDBCWBX0wF6hmZSPv, 2019-09-17 22:42:07, 2019-12-11 23:32:16
4185, zGd6ZE9oHLVgp07LavJV, 2019-10-06 04:55:19, 2019-12-03 10:59:47
4186, U9EvnCqYJq2yBLRJukcF, 2019-07-19 04:29:40, 2019-08-08 04:36:54
4187, 9ybhkkZuTheS8GakBGdk, 2019-09-01 23:26:11, 2019-11-05 16:34:58
4188, HcleQgEXme3lISHQ6EKC, 2019-02-19 03:55:58, 2019-11-12 09:50:07
4189, yf1J1W7a6MfsHlUREK1p, 2019-04-29 09:51:08, 2019-07-22 17:06:43
4190, 7kbG2BAnz8reZvBMM0Gq, 2019-03-01 04:28:27, 2019-10-10 08:56:41
4191, Ji1RPze3o8alhR9nFRuQ, 2019-08-27 08:00:55, 2019-10-28 16:07:12
4192, yRZpk62rCGDSydbHVNba, 2019-06-09 15:45:20, 2019-11-03 21:04:21
4193, Mw0JAG8oEmR36u07B2sQ, 2019-08-17 10:37:35, 2019-12-17 15:16:32
4194, ekBwn9BeAbBAU2HSyFBI, 2019-08-24 12:37:48, 2019-12-22 16:43:05
4195, FfsOPRoy4fTDZhaf4BfK, 2019-08-11 20:30:00, 2019-10-23 15:47:09
4196, f5A4MrzDZFjTlOtXz2IS, 2019-09-30 05:14:26, 2019-11-22 10:47:54
4197, eHEB8TsyPbGYmqEoEuxx, 2019-10-24 20:53:44, 2019-12-25 16:55:11
4198, wdOLEiYGqJL8244lLpLk, 2019-02-16 18:13:51, 2019-03-22 05:18:17
4199, roaDmLECfUIupNolmL7a, 2019-01-13 06:16:15, 2019-07-05 12:52:37
4200, noI5niJg9FnPgW49fOBp, 2019-07-02 00:37:14, 2019-10-04 19:59:27
4201, 7iHUilvHBVk2Rr0N2Yfx, 2019-02-22 11:04:23, 2019-07-26 10:36:44
4202, 30a9566t6AWWPWbQxSUv, 2019-06-30 23:28:45, 2019-07-24 06:01:35
4203, qMpM9BNAPBMwdP87eEOs, 2019-10-09 13:38:40, 2019-12-17 00:01:38
4204, si20NADT2wFp6sUtPIu8, 2019-12-16 00:18:36, 2019-12-16 03:19:16
4205, lFNwvVUPUJNpG7Qc7kQS, 2019-02-01 01:26:37, 2019-05-10 09:38:30
4206, bFYueHAkzT86JJVCtoJB, 2019-07-27 17:18:09, 2019-10-21 15:58:46
4207, 1L4j0967xFhngwr7RbGA, 2019-01-28 00:34:37, 2019-06-12 21:36:55
4208, G3lzLBuKch4p7fKETsJ0, 2019-12-17 08:50:10, 2019-12-24 11:19:56
4209, toyulgZh0hAKJ6DtqBuM, 2019-09-10 03:25:51, 2019-10-14 22:45:40
4210, HzspXwQ76YXZyQdxF3iF, 2019-08-28 16:43:12, 2019-11-19 21:03:25
4211, 2EgOGjIvVEv9YX5JDdoR, 2019-05-05 14:50:33, 2019-12-02 21:34:51
4212, eyP8d1wstIV6kNJmY10m, 2019-02-20 17:00:20, 2019-02-27 00:11:25
4213, pX4LrU1tKOPJ2AclxzCW, 2019-05-07 02:12:16, 2019-12-09 06:47:04
4214, b6e4BGK19asIjgWGpkhd, 2019-04-04 00:57:26, 2019-05-04 12:47:08
4215, UCm8THFhYTop5LFPKc4T, 2019-04-20 10:01:16, 2019-06-24 05:47:04
4216, ILWmIOeMluzEqWSgwR6T, 2019-08-30 16:06:42, 2019-09-06 10:09:30
4217, bwg25OMMBDnPbj6b4INk, 2019-07-27 18:20:45, 2019-09-09 04:34:23
4218, aQtLKJdfS1aRXftA1H2b, 2019-03-01 23:10:26, 2019-12-30 11:21:50
4219, fQ7G3hiPZIOIdMu1nEKj, 2019-07-03 05:53:32, 2019-08-09 23:42:52
4220, BRAeCQGLPg3BafUDZ0Bv, 2019-07-30 06:25:54, 2019-12-14 00:51:41
4221, LcSfcu2nOM5SBBix5Lzz, 2019-06-24 13:28:03, 2019-07-30 19:58:55
4222, sIUPPM3XcED7Q9GJGxOi, 2019-10-27 08:02:48, 2019-11-18 16:45:21
4223, FEkNJEjiy1Q7NSDmcdrU, 2019-12-06 16:39:15, 2019-12-30 00:08:50
4224, 0r41IdIlCg6LE5RfQP3P, 2019-10-29 23:14:22, 2019-11-07 01:43:55
4225, d0RjJY4lUqwzZNzzj1VM, 2019-09-28 17:05:49, 2019-12-01 23:36:58
4226, cSckQXlWcUZ7VsaaSoRK, 2019-05-12 07:00:12, 2019-08-07 04:53:08
4227, DEerP57sZGoxJ9xNcJBt, 2019-08-29 15:14:00, 2019-09-02 05:53:12
4228, FSCTMVDqVgHvFlNT3unx, 2019-08-07 20:16:35, 2019-11-19 18:40:13
4229, csdEjpBEfbTBy1ZnQ6If, 2019-05-28 21:36:20, 2019-10-02 04:47:57
4230, 7hQmzC0x7f1EC2Qw0iph, 2019-08-13 10:43:33, 2019-10-26 19:43:40
4231, KZIHfpiwOgDqeIwEWbTH, 2019-03-22 09:23:07, 2019-08-22 01:40:44
4232, TMzGL6UQelcf2T5aZxEn, 2019-06-12 08:51:30, 2019-07-05 14:31:33
4233, cclodtF0oOZpruEu0vGO, 2019-12-10 08:07:11, 2019-12-19 09:50:13
4234, 4FRdIH0KhRB8PZSbWbwq, 2019-08-21 17:15:13, 2019-10-10 05:00:56
4235, TZjwrmsL6dpDcqeOi4Wv, 2019-09-03 20:12:48, 2019-10-23 03:17:01
4236, 26ou0XqpaMnBN5BoPu8x, 2019-01-03 12:15:03, 2019-10-24 18:57:37
4237, 5Kc1vP37vSKTHAjuPwd4, 2019-11-23 15:44:27, 2019-11-28 06:05:34
4238, KMc0Bk0ogNa93B4ZonZZ, 2019-02-12 09:05:56, 2019-12-29 21:40:55
4239, jAZgDozh2mrlsK5MbEn1, 2019-11-09 15:21:57, 2019-12-15 15:57:29
4240, xMVWvUOW97kgW3mQOcpx, 2019-04-22 11:28:35, 2019-07-11 06:15:44
4241, yZrGlODLPpQD7NuB4HlT, 2019-06-14 04:09:57, 2019-11-26 17:24:58
4242, 9PJT3G5oQ3abKiscgkjO, 2019-03-10 16:13:04, 2019-05-21 10:24:38
4243, D53jbc0BSqvWivQmXRR0, 2019-04-11 01:03:52, 2019-08-11 07:11:04
4244, pVZLN9Nv0AD7GWTYpcP6, 2019-07-28 23:49:07, 2019-08-05 03:27:47
4245, wyntz2ojLcuiUQhbJrru, 2019-01-16 11:26:27, 2019-03-31 23:24:43
4246, fAx5WAzAk3Vwf1sH8viC, 2019-12-11 21:35:06, 2019-12-28 11:43:00
4247, jAJ8nQuDfTAXJUCWv1OI, 2019-10-30 09:03:09, 2019-12-08 08:54:36
4248, g2Kdz86jMhg9LoR4MDGP, 2019-03-05 23:13:17, 2019-04-20 17:09:09
4249, NM61t7M8mwyc9Q64J3VR, 2019-10-03 12:05:46, 2019-11-30 07:11:48
4250, T1Ogc63J03iNEpDUrbmI, 2019-01-12 03:32:27, 2019-04-15 02:19:34
4251, UiEHiTswAHIf5rwZVuYm, 2019-12-18 21:00:51, 2019-12-29 07:00:18
4252, 7CkJgYGExJGrNbmL2vip, 2019-07-28 02:20:25, 2019-08-09 12:04:46
4253, Qy5z4dsSoyYP3UJeFeWF, 2019-09-12 09:22:34, 2019-11-23 07:42:21
4254, Z7nH5rJl9IjHrt2ku6fZ, 2019-07-31 10:25:42, 2019-08-20 15:39:35
4255, eIekYr3v4vUFdCoolf0M, 2019-10-11 23:04:02, 2019-12-18 07:08:43
4256, AKchfFdYntFddhvnKRK9, 2019-11-08 21:51:49, 2019-11-26 21:29:50
4257, HbbokB4qpsWhOkYsGTk7, 2019-09-26 21:39:34, 2019-11-28 07:49:01
4258, AXeuqQGhxVuIGVwHUCV8, 2019-02-09 03:31:01, 2019-03-07 05:32:06
4259, znYWDRtGnWOmGsBBg8bM, 2019-07-02 16:57:30, 2019-09-19 00:05:21
4260, WBaGoYxWwPy4UiObNg5G, 2019-01-11 22:23:38, 2019-11-29 21:57:50
4261, 1UCQKtQXwUhy4bl9f6JC, 2019-09-29 12:01:59, 2019-11-14 21:56:57
4262, xeMKWUd34j3TBtGJFUKw, 2019-01-27 13:47:29, 2019-09-02 21:19:22
4263, XSxaronRuQP0Fdzh4Z3X, 2019-08-09 12:19:29, 2019-12-14 10:24:47
4264, JkcJwQndm9NTAcJLunTY, 2019-12-30 03:36:48, 2019-12-30 06:19:39
4265, qFf5kOBEQJ30Y7gU2rdD, 2019-03-18 02:53:13, 2019-06-20 05:56:59
4266, 9PnR72p7LZZYY7MCbE4D, 2019-04-15 11:13:06, 2019-11-21 21:54:10
4267, edXjJTW8cTRk3Ko7WAHP, 2019-09-05 11:31:42, 2019-11-27 21:06:57
4268, LtWvcLcYzbCl09c2MobA, 2019-12-25 14:44:13, 2019-12-27 10:11:47
4269, BcnNccJmGZWzom7hTsC1, 2019-07-19 01:53:44, 2019-09-08 21:04:41
4270, e3AjeOEi7oNno95kCWE0, 2019-04-16 12:16:41, 2019-05-22 20:03:41
4271, A7jAuUurUqMzozUb4FtP, 2019-06-12 09:14:53, 2019-12-30 00:12:21
4272, KAoO8LP7Iiu6w2Jd9FQL, 2019-09-04 00:44:00, 2019-11-21 13:27:25
4273, pPWzHPZZlkTbz9h5iUFM, 2019-11-25 15:17:25, 2019-12-06 11:42:02
4274, n75ci8twPPv8OPnQ7DQR, 2019-10-24 11:34:08, 2019-11-28 01:20:31
4275, NEXOnOjNBIcLyGTHLQFr, 2019-10-21 05:37:01, 2019-11-09 09:18:20
4276, vn5HS1P9XGulkdrQN0fJ, 2019-02-23 11:59:47, 2019-08-09 17:46:01
4277, hNr46XThLxWvtAsR0ivp, 2019-01-03 08:15:10, 2019-09-19 23:14:14
4278, H6Vuq5LIbLJhePsJqmC1, 2019-11-04 09:13:06, 2019-11-23 05:08:33
4279, HMN1Slc3BYNEUUqk6V3g, 2019-12-21 21:45:21, 2019-12-24 01:45:45
4280, hXS2tZZWucnOzX8xhsFf, 2019-07-04 14:33:46, 2019-09-29 23:17:02
4281, qnDqnS2SXatOPZ5fyo2J, 2019-07-23 22:16:19, 2019-12-19 03:00:49
4282, Ov0yT9QB4JTbTKLnYvLD, 2019-11-30 05:49:09, 2019-12-06 09:08:20
4283, 3tbYFhtFkDSlXfuAKz12, 2019-12-25 12:43:19, 2019-12-27 20:18:30
4284, 3LTuYrJGCSPsWtyoZ5V9, 2019-04-15 21:31:47, 2019-08-31 19:16:47
4285, DeWxeWz2p15Zojob103U, 2019-09-10 20:39:14, 2019-10-20 04:01:04
4286, cGDTGbu7kx0yoB9XpDUP, 2019-04-11 00:36:02, 2019-07-23 07:09:43
4287, pnNqk5fhHnog87AqfUaf, 2019-05-17 06:33:20, 2019-08-05 05:37:23
4288, 3JtZyweoaKRUUrvyuvCl, 2019-11-04 11:52:20, 2019-11-19 01:46:44
4289, OYATlEHL1zmrHk4thShO, 2019-06-01 00:57:17, 2019-06-23 09:50:26
4290, j9EEvERyxpNhIhP6CTZS, 2019-04-17 22:12:10, 2019-06-02 06:13:31
4291, wHa07QLWKUX4agWAEe4W, 2019-05-09 20:28:33, 2019-09-13 10:10:29
4292, b20An1lpLT4ZuLOEXFXc, 2019-10-18 23:03:26, 2019-12-17 09:18:40
4293, NXDuVKcPt6IKRFJTxHBS, 2019-08-31 02:49:43, 2019-09-07 20:12:50
4294, PBjSJYbsfJx2qM2pG5Cu, 2019-01-26 06:23:47, 2019-04-14 19:48:34
4295, ZAFRTMUZg7k69xZybT7G, 2019-09-23 19:15:41, 2019-10-06 00:39:03
4296, xDeNIgyMH3sY1Be96Un3, 2019-05-30 01:35:37, 2019-10-11 02:03:29
4297, GeIAD5nRYzyNY4MgNJ6r, 2019-11-27 19:28:01, 2019-12-25 04:32:46
4298, 0wGyE5tfKnGKxa0lAwJt, 2019-12-04 14:27:55, 2019-12-29 16:44:01
4299, Id7hDPM55IbBBm527e5r, 2019-07-12 04:55:00, 2019-10-17 15:55:57
4300, zhhRFywieMZ50aIChoO6, 2019-12-12 23:45:13, 2019-12-22 12:15:10
4301, 2cEwchMRVdPCbM3RsliZ, 2019-05-26 15:21:03, 2019-06-23 11:56:25
4302, V4zqRLoSLEI8OlcJQztH, 2019-11-02 18:19:10, 2019-11-19 21:58:34
4303, o6VNeJD9v6UpcgKDli0l, 2019-11-20 08:53:46, 2019-11-22 11:53:33
4304, yWsIZThWB2a7gZyt6pbn, 2019-10-21 13:10:40, 2019-11-02 23:28:41
4305, sVl3A5vKChFQ3wYYvpSf, 2019-12-27 17:26:40, 2019-12-30 16:50:59
4306, sN2xRPe864pTaVM885Tg, 2019-06-16 13:21:50, 2019-08-11 06:05:48
4307, th2SlO1kcktdScD20cku, 2019-04-10 13:39:04, 2019-07-13 00:36:19
4308, jshTE5xZRSYGYvRcRoSV, 2019-09-04 19:40:59, 2019-12-14 10:09:45
4309, bFX6j4A5AI7QvxhJrvux, 2019-11-11 22:29:47, 2019-11-26 06:36:57
4310, WoYZlxNIBB9UOEVZHjnC, 2019-10-18 07:05:34, 2019-10-29 23:59:12
4311, GM4q46jxrKKDS5qinE8W, 2019-01-23 12:03:02, 2019-06-02 06:43:36
4312, Ls3D81KlkpcpQZoU0L7X, 2019-06-25 08:34:58, 2019-09-25 04:47:05
4313, GfGQq9NDQs3J5wRyTgru, 2019-05-24 01:30:30, 2019-06-20 18:29:49
4314, baMTt0ijZovLK0UlV83G, 2019-11-13 14:45:57, 2019-12-17 07:40:23
4315, O5uIIr0Ei7m6S7w72w5a, 2019-02-23 11:17:35, 2019-10-10 15:06:22
4316, Rw8MqTBVOGLHyAeAbY6n, 2019-11-06 19:00:34, 2019-11-30 02:12:28
4317, 4ub1Y2NuF834ADLw1aUX, 2019-08-02 17:15:51, 2019-12-22 14:25:37
4318, BfduRfHjP6WzW8hM2sir, 2019-10-21 23:35:35, 2019-10-26 02:41:49
4319, zCb0AsSqInWIVtq5z2uJ, 2019-09-25 21:20:32, 2019-09-29 19:15:02
4320, kApznQzpTEPSvSftOInJ, 2019-05-17 09:56:36, 2019-09-20 06:34:56
4321, FZ6Ln2DCBwVAjDTkfKZl, 2019-10-22 17:42:06, 2019-11-23 15:07:00
4322, 0sOHBoEU6QclUHkPYOYQ, 2019-03-16 17:37:30, 2019-08-11 12:08:00
4323, BisLUEntSuB3uIA5zUKm, 2019-10-19 11:54:54, 2019-11-11 14:06:18
4324, T1m7hOP0mRotihGz91z3, 2019-08-14 01:47:08, 2019-08-29 02:33:09
4325, ReJRUTV2uG8s2NnDxvq0, 2019-07-14 12:33:54, 2019-09-04 20:33:16
4326, qRnMo6sE1CaQVJpgnCpx, 2019-03-30 06:04:30, 2019-07-25 07:17:11
4327, orgamzgh8QmXGBIa5qLO, 2019-02-12 01:09:01, 2019-04-01 18:42:37
4328, XIrNefPGx7TlFsnDHH5g, 2019-08-06 05:29:28, 2019-09-09 23:37:47
4329, tXAjJJNyM8JjqWAV5hm5, 2019-11-14 14:46:58, 2019-12-09 04:44:57
4330, 9ZULxwzDjnDjxS5rJJa2, 2019-04-17 14:19:36, 2019-11-05 23:58:39
4331, Zq0nOeh1vwldjtINhtT0, 2019-07-14 23:59:18, 2019-10-08 01:05:19
4332, GEFhGYaPpRSRJ8tQTKIZ, 2019-09-15 00:39:02, 2019-10-06 06:45:41
4333, CtEDkiNJQ6uB3TtYcK7o, 2019-01-24 21:31:16, 2019-12-21 18:34:57
4334, d4VQvaARIUtNi00NxnbQ, 2019-06-23 22:23:08, 2019-08-27 03:19:36
4335, O3rfrTBPxvAVwqvgQXaW, 2019-11-18 16:49:34, 2019-12-18 09:19:59
4336, 7jhb7cpPMQlKjN043lAF, 2019-08-10 04:17:55, 2019-09-09 22:39:00
4337, UxrJ4LqfsDbTLDDuwN4u, 2019-08-20 15:52:50, 2019-11-12 15:53:22
4338, 2VAiiNhmCBhu2a6dHgAF, 2019-07-22 21:05:00, 2019-12-24 16:19:51
4339, JLN4NBJ7BwXnuRokiaSm, 2019-08-04 22:44:33, 2019-11-23 23:35:02
4340, UpEzoIGfYr2CzLfuri3n, 2019-12-26 02:45:39, 2019-12-27 16:49:12
4341, 3KS6PmIlaWttuYNNYxjd, 2019-12-16 10:01:05, 2019-12-23 01:20:22
4342, XxMFltqWGBnQ955m8sTw, 2019-04-26 16:54:03, 2019-12-29 00:24:02
4343, ImzUaGlDsuSeAX0Q3OGn, 2019-02-23 04:17:30, 2019-05-03 19:26:54
4344, waPTNedeSHkXeu5mBUBL, 2019-12-17 21:37:31, 2019-12-27 03:32:28
4345, eli1wvBkztTDIQ2HoioO, 2019-02-28 16:46:32, 2019-05-26 04:37:50
4346, NAWO5jPqkFtwWoLNlgQk, 2019-09-05 06:00:18, 2019-10-02 06:43:31
4347, TsiqMoDnA48D4hcz2Nds, 2019-04-21 14:41:39, 2019-10-05 06:12:17
4348, 2MXXolIC6ij6utcaqI0O, 2019-03-24 12:32:15, 2019-09-04 20:33:11
4349, 5idOy1hPg2vfvLb0jdks, 2019-02-10 09:33:08, 2019-12-07 07:02:18
4350, PL6A9m9XBNGnuJI3vM1Y, 2019-11-04 09:51:10, 2019-12-03 05:44:18
4351, DEJQjJrIR4oD132lGBJh, 2019-05-02 12:12:17, 2019-07-09 23:04:38
4352, RT89wMdkb2XLE48C7tFo, 2019-06-13 17:01:54, 2019-09-09 05:39:55
4353, yxXUJ2J4i8nb1LUoWVgW, 2019-06-28 07:04:33, 2019-09-08 16:30:38
4354, ZsOSkeLnfOJfnjsCqFGZ, 2019-03-17 14:23:18, 2019-12-04 03:49:05
4355, h4QNR6Qg3g2ngApWQO3x, 2019-07-02 15:37:14, 2019-10-13 08:07:15
4356, iMFxoDXegB2O5FSU8eLE, 2019-11-09 01:38:38, 2019-11-26 07:00:56
4357, X6X89MdS6zOmVRE2H5w7, 2019-10-16 08:55:34, 2019-10-30 04:09:55
4358, NtAoVxgyvpsF5tka0hVc, 2019-03-27 07:56:29, 2019-05-06 11:49:52
4359, L7xdAxkPUNMmwhRKR8Ev, 2019-04-12 01:47:18, 2019-05-09 10:45:37
4360, 7o70MC76qCpaOx4e60XZ, 2019-03-24 04:18:31, 2019-07-17 22:04:50
4361, scfR43ZOZp0gM7qfb7M2, 2019-05-22 18:23:58, 2019-08-16 13:47:40
4362, dOGo1sASQl0ko3semmRo, 2019-02-06 20:06:52, 2019-07-22 02:56:32
4363, Os0DEDCEcp8orNAuforO, 2019-12-04 12:21:44, 2019-12-28 17:53:54
4364, pjkdi61dQcDpaY1GTPpt, 2019-03-28 01:10:29, 2019-04-28 16:51:12
4365, dSMT8W9LmrxmKUg4fJTW, 2019-02-16 06:15:03, 2019-06-17 01:55:03
4366, HI2ouEzF7H8amhlEP8ig, 2019-02-07 16:16:11, 2019-05-13 06:36:25
4367, VjyR93JQURxV8QoMk45F, 2019-02-26 04:50:24, 2019-08-31 17:08:41
4368, xaQRtCwedTJ1w1egi3xa, 2019-06-26 23:04:04, 2019-11-21 02:38:28
4369, gbAtO9xJ2K1Woxjy2D8k, 2019-03-05 22:46:02, 2019-08-30 15:55:30
4370, A32mfR3b0kNBTYc5bgGo, 2019-06-25 12:48:18, 2019-12-26 10:43:21
4371, 0n5t9tyte15gBKw6lCWz, 2019-08-06 08:29:07, 2019-08-31 21:02:58
4372, 8q1aQ26EQp8tzmmHSSJE, 2019-08-03 16:14:43, 2019-10-28 03:48:16
4373, d0PSMFo3IAy7wvtCiwFm, 2019-11-19 10:04:37, 2019-12-29 06:23:31
4374, 3rojDxTvpQ82gY5wusrn, 2019-09-09 05:48:41, 2019-12-16 12:57:32
4375, q2A9m59qCfv5Ku64G1GV, 2019-12-29 16:12:37, 2019-12-30 16:14:10
4376, iC2xrYATzvyaUsRPgBSZ, 2019-03-06 09:44:42, 2019-05-15 15:20:55
4377, RDv3TJ6DEz4IpEN79TR6, 2019-06-03 05:55:35, 2019-08-23 00:40:22
4378, kB4t1UW0BG6OQumuPbRk, 2019-08-09 17:00:12, 2019-10-21 03:41:24
4379, HfpGMdG6FU7aB4cdjGuH, 2019-07-11 17:24:24, 2019-11-28 17:08:54
4380, ElHUgFcah9V9hCUEmhDp, 2019-05-04 20:15:46, 2019-05-20 01:57:14
4381, BnliULhVbScYLa0fDzPn, 2019-07-05 05:01:59, 2019-10-03 06:38:16
4382, r5Q6aHEp7tDk2BIPLnww, 2019-06-09 17:41:10, 2019-12-07 15:03:03
4383, Skv8oPZwo0ARabmmmCHr, 2019-03-17 18:23:15, 2019-08-27 09:50:46
4384, 9y8jWgpj79y0KaMLk43S, 2019-09-12 17:51:36, 2019-09-15 00:39:05
4385, nmXIeyw2Kw8kDFetUMlM, 2019-07-09 04:14:39, 2019-08-15 11:16:56
4386, V2c6HsNTr1uazqFeXv3W, 2019-11-19 17:43:14, 2019-12-20 11:25:08
4387, sSpbApLLg4mBuxwsHPxf, 2019-09-13 02:36:02, 2019-10-24 03:54:23
4388, 0ItRK3mbB8LkALiTUKy3, 2019-04-29 16:39:02, 2019-08-11 14:03:02
4389, Bde9z6IfFH6bSa1dNUaW, 2019-04-10 19:20:11, 2019-12-15 09:25:21
4390, s5md8L3xJ8yZo0e73Igd, 2019-10-28 16:20:47, 2019-11-16 00:36:26
4391, RFjjjDuhLwSOL29TFhDl, 2019-11-20 06:03:51, 2019-12-25 20:47:56
4392, E2WOMixRPGnXbLH8g3ar, 2019-02-24 13:29:39, 2019-09-28 04:33:42
4393, Yy4rNc7j51eOh5CTmdiL, 2019-10-28 00:34:18, 2019-12-16 19:29:54
4394, HVP3OhmiONIVjtuUjAXP, 2019-09-14 19:30:19, 2019-12-27 04:44:09
4395, zYYd2BI80jUIjZPLrFjn, 2019-03-06 19:50:01, 2019-11-21 19:18:47
4396, nwjuuUT69uc1y6a3LCu4, 2019-07-11 01:09:52, 2019-09-12 17:01:01
4397, uPfL7yqs6YWsYupQJee5, 2019-02-17 03:59:37, 2019-03-25 03:13:28
4398, amXg0Ux254INizvJ2eUS, 2019-02-07 22:50:17, 2019-11-28 16:36:18
4399, 02ffNOEiA6mGcfyKGdOG, 2019-12-22 04:42:22, 2019-12-23 20:11:08
4400, oqz4ce4v0LSPUchg1IvO, 2019-03-21 13:35:36, 2019-10-19 22:41:30
4401, z87KEklu44f0YYntHMEk, 2019-01-01 19:38:51, 2019-07-07 23:00:51
4402, cqPinnIaUBz70IbduGPW, 2019-05-05 13:51:41, 2019-10-23 21:55:01
4403, L8cuLPgiRD0j1WgRjWrp, 2019-05-04 00:01:10, 2019-10-01 19:59:23
4404, dIJCfPcSHhRchPGFYDWh, 2019-12-07 03:07:12, 2019-12-21 12:43:58
4405, qLEGMlttSm82k8JQb5BE, 2019-06-10 18:33:28, 2019-06-22 05:06:27
4406, sKMBAwdzO9GSFje1k904, 2019-08-11 12:36:56, 2019-09-29 13:31:58
4407, csrDpNUKwsu3YdWYR74I, 2019-05-14 01:03:57, 2019-09-14 15:10:37
4408, xEI6HatBF2qZPfIkBq8x, 2019-05-13 23:44:34, 2019-05-23 23:40:08
4409, yepWdAPuKa1LNbxHyM7J, 2019-09-23 08:07:11, 2019-10-08 04:17:01
4410, 8Uupf7db1wrrIIziStB9, 2019-12-19 05:18:42, 2019-12-27 03:14:46
4411, 4oQ4DzSaN1qYzNbYKUsx, 2019-02-12 09:04:09, 2019-06-08 01:27:37
4412, KRr2H0Q67XhlfddbTfEV, 2019-09-29 13:20:45, 2019-11-06 10:24:47
4413, ePaP6WOzBNSHdxGcrnFR, 2019-04-09 23:23:29, 2019-07-16 03:48:42
4414, H4XwuSHLFc0Ra5GeyHfY, 2019-04-08 10:38:20, 2019-04-13 10:58:42
4415, 4UyrOkRrDW5ZtH5jI0gC, 2019-02-25 18:26:43, 2019-11-24 10:37:46
4416, SEzIDRDJmLx3ug0KErU4, 2019-06-19 19:23:53, 2019-11-07 01:54:32
4417, xnp9B6PBi9KyQHY92bap, 2019-01-21 02:54:41, 2019-11-11 02:59:53
4418, Y1UbXajJu5E6V4sKon2e, 2019-01-23 15:44:47, 2019-02-05 09:54:20
4419, gu8YDDqSNFzAD7nkBoaL, 2019-06-11 11:51:39, 2019-10-17 01:41:39
4420, cdMQtd9DLcXMgOJMfuah, 2019-02-06 06:53:52, 2019-10-22 03:35:40
4421, tifCFVKW0DIGPNfZ3d03, 2019-12-28 12:40:41, 2019-12-30 02:31:10
4422, csHwcV8RthPwl1wjcfja, 2019-01-06 20:13:40, 2019-12-18 13:29:34
4423, U6i6m9wXSDlM9Cv1svVP, 2019-05-11 08:15:34, 2019-10-14 04:24:35
4424, f8rUS4IWTREuc0bFePSv, 2019-03-28 13:49:17, 2019-05-31 15:19:22
4425, iEeFv5Zsc8ullXjRWegi, 2019-08-04 09:23:54, 2019-08-13 12:16:19
4426, HG9GLzqZ4M0Wd4qHgjoK, 2019-05-10 03:21:42, 2019-12-25 16:15:17
4427, LE1waMXpXogYxAV20pWl, 2019-08-24 20:50:05, 2019-10-27 22:03:53
4428, 57sn2aTcAm6PdmamA0pU, 2019-12-17 00:46:04, 2019-12-24 02:31:55
4429, Iwei7C7vc85bGeyynC2M, 2019-01-14 23:01:07, 2019-05-21 14:42:53
4430, H5elD64dD46pI6tSybLL, 2019-10-31 18:21:56, 2019-11-28 13:45:44
4431, e3nqk4xWQRegSBfaRoOA, 2019-08-12 18:57:11, 2019-11-18 13:36:22
4432, mBWN0pIWg6uEdFmF3jiB, 2019-09-06 13:12:22, 2019-11-30 03:50:39
4433, Dq6kpmZmTpeSQZ7mjDPY, 2019-01-13 15:36:27, 2019-07-23 21:51:30
4434, 8jdtBmmfYwziAfScIiul, 2019-08-29 05:37:27, 2019-09-10 06:22:47
4435, m0OIWJkRUcL6FXPIZliV, 2019-08-28 15:56:44, 2019-11-18 15:30:35
4436, x9TPP1Dcyr9EthJJR7ky, 2019-07-09 10:44:55, 2019-12-13 07:17:12
4437, LuaOPexb3Us7oCzSxMm5, 2019-05-11 05:17:24, 2019-07-07 14:10:14
4438, NsRVvca31o18Sku4ESgz, 2019-01-01 08:58:05, 2019-07-28 02:09:25
4439, w7a285ym5AFiN8njudND, 2019-07-15 15:23:20, 2019-10-30 07:54:30
4440, un8dHGra1jbEQK2T5wSa, 2019-07-15 01:14:37, 2019-11-23 15:38:00
4441, T0R2aNfhgEE7nU0CdBWh, 2019-01-22 02:20:22, 2019-12-19 16:42:06
4442, a13uaG6Ca5Kfg5oEGL4S, 2019-05-31 16:09:57, 2019-12-19 20:42:29
4443, nCY6rgsUKdsCtjN99Tli, 2019-06-29 17:09:32, 2019-09-09 02:21:54
4444, AGC8I46NTTme92Lr1eK2, 2019-07-30 23:43:04, 2019-12-03 10:59:44
4445, 9xmiaowqScur2lSzHVS7, 2019-04-13 07:40:33, 2019-07-05 12:23:49
4446, Vdd1xOoBP3yFiiJulioH, 2019-10-02 12:34:27, 2019-12-29 17:13:35
4447, WwPr8fpkiH5YO9fXETsj, 2019-11-01 08:08:46, 2019-12-04 15:36:19
4448, oyjlsR7yxuPTs5IXE4OQ, 2019-03-10 00:15:39, 2019-10-11 22:51:06
4449, DCRzdmpdijTFisNg1m1W, 2019-03-07 10:47:01, 2019-10-19 16:33:06
4450, eInYWE6HfQDCBZzD9hyU, 2019-06-06 00:12:55, 2019-09-30 18:55:14
4451, olqmyEhb371TpLox8cPk, 2019-01-12 10:55:07, 2019-06-07 07:53:20
4452, yycIkd5TNKcCChD8BOR6, 2019-11-14 19:18:01, 2019-12-28 09:03:19
4453, SWA4BJWRh3ML2VKgW1Z4, 2019-05-24 02:58:13, 2019-12-13 20:13:50
4454, MJo2rhF2NVD1Sidh00Y2, 2019-02-24 16:20:52, 2019-12-14 18:55:00
4455, WOYleBap0DMZ8nx4Ly9y, 2019-01-09 23:07:12, 2019-05-14 17:40:51
4456, pZLlR74d39HYM0rWGTud, 2019-01-02 19:15:20, 2019-03-16 14:44:20
4457, MWtuohPFbsBeXREP2JKd, 2019-01-02 19:39:21, 2019-09-09 17:47:03
4458, 5HhQ0S5DPaiVpAicmHRG, 2019-02-22 03:01:25, 2019-12-07 02:07:04
4459, QbuHXsv41oNhuQSXUdGx, 2019-03-13 07:03:10, 2019-08-30 13:09:29
4460, vShCVkonyHV8Hjdzzjid, 2019-07-15 05:23:35, 2019-12-23 15:29:12
4461, amUvAmFWtiekNwiNuTgi, 2019-10-22 04:36:59, 2019-11-07 12:41:40
4462, nmUiNeg6VUTMdGJl0Fzx, 2019-08-05 12:41:26, 2019-09-28 13:27:37
4463, smoIq1GCel8tO0w6pGh9, 2019-02-27 13:22:28, 2019-03-25 08:22:08
4464, qG96vL0psrDo4O8tyQoo, 2019-01-27 11:20:46, 2019-02-08 19:59:39
4465, 9w3DWZBnpVme5jYNtJSx, 2019-07-21 02:50:18, 2019-08-21 11:41:41
4466, hsZ8CG0NkxgW2nEt6sWW, 2019-04-26 09:37:32, 2019-09-21 05:29:03
4467, KFuZqMYuFlyfBuU7izXj, 2019-06-21 00:40:03, 2019-11-28 07:51:45
4468, R6eKaGI7s6pDc3zuY3Ua, 2019-12-02 20:40:22, 2019-12-02 20:48:50
4469, useTLzR0ZS68juPVKumb, 2019-08-03 14:36:22, 2019-11-03 14:38:38
4470, TyaBvpstlPc3zcZmDFTt, 2019-01-18 08:42:24, 2019-12-11 22:13:39
4471, yqY2sOnzNJIiCNap19Jq, 2019-11-11 01:26:29, 2019-12-08 14:10:29
4472, jE1eyfO6hSPfTml3SAPi, 2019-03-26 14:57:09, 2019-07-30 04:40:14
4473, PDuJuGqEImc27FUGiZDz, 2019-03-13 19:45:35, 2019-09-29 06:26:07
4474, kNQQy25cNGiZuSTnSJ8t, 2019-05-04 00:57:37, 2019-06-15 10:21:12
4475, dqq21cMxhxuVCgdc1VzN, 2019-06-26 02:44:46, 2019-11-23 07:00:59
4476, mO94VhPP4dwyiVIAXPLH, 2019-04-14 08:51:39, 2019-07-04 07:18:51
4477, 7NdvbbZE1ALqAN4UStlB, 2019-02-16 20:51:14, 2019-05-12 14:40:46
4478, HrQTM4crNGWSXLbXZcIm, 2019-01-13 21:47:26, 2019-11-21 07:29:06
4479, mEYCJioREfxiJoUoM5jY, 2019-07-10 07:08:13, 2019-09-16 04:50:39
4480, Dj8wMP4FhBN8gJQVZ9j5, 2019-08-06 20:34:14, 2019-10-14 22:18:43
4481, IOkCE909kZ00lrcY1V5d, 2019-04-08 01:07:55, 2019-06-12 19:21:12
4482, 1vY0wfwdRV7ZfZKMsT5s, 2019-04-23 14:11:07, 2019-05-05 16:30:26
4483, ip8CHTr7d3G2iwLAcV4x, 2019-12-13 21:47:53, 2019-12-25 23:35:35
4484, 09DTV1zcuqtDlZxVrdng, 2019-03-09 09:27:00, 2019-03-24 23:38:19
4485, EvfBOv83lDuk24ODhLsn, 2019-07-31 12:16:35, 2019-08-14 18:03:07
4486, 1DRXoNf5wJkf8HcOeEOL, 2019-05-24 03:28:52, 2019-08-17 16:56:59
4487, 1Sul3jQsclHHiHWTjbGW, 2019-09-04 18:15:19, 2019-12-29 04:48:18
4488, yKXY4SXTi49HY0qXLZUK, 2019-11-18 18:35:14, 2019-12-27 03:11:25
4489, Kq2JclPWz6irXwUEz2sc, 2019-09-25 21:53:43, 2019-11-11 08:09:04
4490, 6iYl90UnoADwcBuKT2dZ, 2019-08-04 15:39:15, 2019-09-11 17:37:29
4491, wtgdualbIsf4ighKTdXd, 2019-09-23 01:02:07, 2019-11-29 13:54:04
4492, ElNetBdJPWvSTr7kSqb8, 2019-08-28 20:14:48, 2019-12-20 13:24:02
4493, kxbJuT9rdoPehOzPEmMn, 2019-08-31 22:11:19, 2019-12-20 15:29:49
4494, XltyLG5tOtezqBKFeTUm, 2019-05-09 01:45:48, 2019-12-07 01:52:17
4495, DgK64uCyWq8dnJGWo43V, 2019-02-12 17:53:56, 2019-04-29 14:51:53
4496, V7RYZx3EfXAccR6b3V59, 2019-10-19 20:02:21, 2019-11-05 22:20:53
4497, Sh9zWBY0kxy8rH42bAHK, 2019-01-09 00:15:29, 2019-05-08 07:53:58
4498, mxBfJcpY4GY4kDwJQsnU, 2019-03-28 18:26:33, 2019-12-14 12:07:37
4499, xByw0jQo2axFW7vbwOBA, 2019-06-23 07:30:07, 2019-08-20 15:59:32
4500, WbvkWyl4HdMurtHTV22I, 2019-11-14 10:29:37, 2019-11-28 17:03:38
4501, bpwL2bSY9fxHtBAfGFJj, 2019-05-05 23:21:17, 2019-06-11 21:27:30
4502, s4zBHjCAUsSoVPWzarB1, 2019-01-04 08:05:38, 2019-11-13 10:56:23
4503, WjYIUz0C7sPFqiKLqxJH, 2019-12-10 09:23:03, 2019-12-11 06:18:57
4504, JQbxs4YkcygjFqjDuy7n, 2019-09-21 12:17:46, 2019-10-23 02:08:09
4505, EA5KN8dsGPwBl3AEfyYr, 2019-07-31 03:42:22, 2019-09-19 16:58:30
4506, AVdOcLCa4zXqoKUcXMSw, 2019-04-08 19:33:03, 2019-05-23 09:11:02
4507, kkQVjYHce7rAhwvx1QKi, 2019-05-01 21:11:18, 2019-05-17 08:52:03
4508, xjrTotYszGGKTvmElqFK, 2019-03-02 06:47:48, 2019-10-26 20:28:58
4509, qlbygB6YU9uQESK5mbHZ, 2019-04-15 14:26:11, 2019-08-20 19:43:46
4510, m3o4M6bP2OTQNDY5whoL, 2019-12-19 23:07:22, 2019-12-27 16:41:38
4511, b0sK0W0QXbxjC7L5oYHK, 2019-05-06 19:26:52, 2019-08-08 20:44:52
4512, JnXV5I43byn5SxwjHS5N, 2019-11-06 01:17:40, 2019-12-19 03:52:13
4513, lkRKHC35R07K1R7J0byE, 2019-03-15 05:03:22, 2019-03-19 01:47:47
4514, P9yUxAAYyudtg6eX1VXq, 2019-08-25 08:32:16, 2019-09-12 03:56:17
4515, YOGaIpHOLleevhfW4nQQ, 2019-07-06 07:30:36, 2019-11-26 15:01:26
4516, bwE6wLLS3kzi2g8xfo7Q, 2019-11-19 22:46:24, 2019-12-13 21:15:19
4517, znohU8kUeiqsS3QtI5iO, 2019-12-23 12:40:23, 2019-12-27 03:14:39
4518, qeOq74StBwkulz7g2OVr, 2019-06-19 10:01:56, 2019-11-13 19:30:35
4519, 2EJ3TIPp1Qfa2CBjvKNv, 2019-09-19 05:04:11, 2019-11-29 04:09:48
4520, b1bu0vweFf9ouYFHDcUc, 2019-09-20 23:11:42, 2019-12-07 21:00:21
4521, FfRLpyz7C7rBtqSFbWeM, 2019-02-15 11:22:01, 2019-03-29 01:03:49
4522, voZgu5iGEdw3yfvXqBHf, 2019-07-28 01:34:29, 2019-09-27 09:36:58
4523, 4JedKxV9rj871LpcGgrW, 2019-11-16 21:42:51, 2019-12-14 06:22:45
4524, 1bOTP4Yci9uq26tRmRjQ, 2019-08-14 17:41:38, 2019-12-23 04:46:22
4525, iX25yOjyd4hwTgl0wiEt, 2019-02-15 08:51:32, 2019-04-07 02:15:30
4526, TLlvWlqcOgifqTAgNTAx, 2019-09-15 17:46:35, 2019-09-21 00:46:18
4527, Hebe3v69DbRUsfIq7HJA, 2019-08-02 11:28:19, 2019-12-14 21:20:00
4528, tf7Q4taCm5s0MnGtArjB, 2019-07-07 07:43:10, 2019-07-18 18:39:57
4529, SO81pcFNRdnbxrtFtHc6, 2019-03-03 12:45:45, 2019-12-11 16:40:01
4530, 43dQfOTXfAzRHcvq4dfJ, 2019-07-29 11:04:41, 2019-08-08 05:04:10
4531, cLm3TixV2hfeV05ByWg7, 2019-12-11 13:26:13, 2019-12-14 06:55:09
4532, sKFz1x4RO7rlHeU6KkGj, 2019-09-24 06:27:45, 2019-10-17 22:59:20
4533, xsHC05vG0Ca4YccKSXDX, 2019-04-20 05:40:05, 2019-11-06 18:23:36
4534, lx0f6z4NQG3NzVtzvf0N, 2019-07-19 12:16:30, 2019-10-11 06:44:11
4535, gWiaHWpgsKHgBjS9Aect, 2019-02-16 11:37:03, 2019-05-19 22:22:45
4536, vRU6iihR1tDTLDApxEHw, 2019-10-11 08:26:51, 2019-11-02 15:51:51
4537, n3KqIjhAbhGYZCTVs83g, 2019-02-19 00:45:39, 2019-04-12 14:24:14
4538, k1KicbHKthWAqsyrLtY4, 2019-10-21 00:13:32, 2019-12-09 15:03:16
4539, 03ACX5KkB9ZhfjhXQGCJ, 2019-07-31 11:17:56, 2019-09-23 23:36:20
4540, Kcn9QpVnJhihRzPbyBtz, 2019-02-03 14:22:44, 2019-09-06 12:11:09
4541, Y0gRrIyjxaOdv371f9em, 2019-07-28 00:03:01, 2019-12-23 03:13:40
4542, UttxJZ3QVJPuR1EroGIB, 2019-01-26 22:23:46, 2019-03-26 00:01:00
4543, 5Os5wi3PcyGmC2LbcKWT, 2019-10-27 02:32:41, 2019-11-28 16:35:17
4544, 2fMSCFWBikn1NNiTqNtV, 2019-01-01 10:16:57, 2019-02-07 10:38:49
4545, NJ2fgbu8rRxjlEi8i2gV, 2019-11-14 22:28:30, 2019-12-28 18:59:47
4546, Z7QAz4GjNGN3Y2ip57mT, 2019-08-10 17:20:41, 2019-09-10 01:27:57
4547, gsMQy6jvLkq5IvrDpnwt, 2019-12-15 01:56:06, 2019-12-18 03:12:54
4548, wOCDy2X1dI9p3nlcSM6d, 2019-01-16 20:34:09, 2019-12-06 13:37:00
4549, 8BgXNBAeLVSLC9xYnlDW, 2019-09-27 17:31:33, 2019-10-10 07:17:11
4550, mDX0iORoUddR4rRpZKmd, 2019-04-05 01:10:29, 2019-05-16 20:33:09
4551, SialkuZ20p4nSZT59dgJ, 2019-01-28 21:23:39, 2019-06-03 07:00:36
4552, F55RdNrbEtQLxVTo2ngN, 2019-03-10 18:17:43, 2019-09-16 02:16:32
4553, OA0CpIXkKAAvUJM7kZax, 2019-05-18 00:21:15, 2019-12-09 09:01:59
4554, jbsj4hkjjCrwhnNeiuqM, 2019-06-22 11:12:38, 2019-10-09 22:16:26
4555, pFSZtgWt2jyEtYXyy4lq, 2019-07-09 11:46:47, 2019-08-13 12:37:43
4556, 8gxbeplmKOtLLjEC8hNC, 2019-07-31 23:31:49, 2019-10-25 13:06:02
4557, zEYRQpQRPeSWFxv2GqBu, 2019-10-20 12:37:33, 2019-12-18 20:34:27
4558, PYH9QJ61sjGmjCQvjVa8, 2019-09-28 05:56:30, 2019-11-01 18:58:24
4559, E3tB3v8RpepBU1ZI9zVz, 2019-11-16 03:27:48, 2019-12-09 10:06:41
4560, Fenj5LFJHlBuxnDIK2vI, 2019-12-05 03:55:34, 2019-12-16 02:35:30
4561, 7IwZr9uZ5c9vS0ntlFqy, 2019-05-14 09:11:39, 2019-05-23 18:12:57
4562, GtOtm0sNmKwaLkXsjSdg, 2019-04-23 08:23:29, 2019-10-29 05:50:56
4563, AcwPx4PCYmp7zs0uuzF4, 2019-01-06 22:04:34, 2019-03-27 16:38:12
4564, xwxXqGU3gCisEWGmyVG1, 2019-04-01 09:28:09, 2019-05-09 19:42:21
4565, jwPI7aGfCSa2x3qtppNg, 2019-05-07 09:18:11, 2019-07-29 02:59:18
4566, LI3WqpOnJ3ANGapwSzI2, 2019-04-17 16:48:47, 2019-07-10 17:01:31
4567, 55ciO4TmjpHuxMxPHo6l, 2019-05-09 15:31:06, 2019-11-09 04:44:53
4568, Me6DQd9bDDG9JhwJ9loC, 2019-06-27 18:39:38, 2019-11-26 16:13:51
4569, V3fL8c5JPY2D3FR8A0QP, 2019-08-11 02:05:57, 2019-08-13 10:41:10
4570, 6LzZ7Llb6rGvytX7KGFd, 2019-06-23 07:04:53, 2019-06-26 11:39:50
4571, jQJWp9F80jbGMlCoaEvt, 2019-11-21 01:41:47, 2019-12-11 04:13:30
4572, SmuY7wOIURCf3ySdkwuS, 2019-05-12 05:40:52, 2019-05-27 20:15:20
4573, E1tC4kMXkZDORL8ijzT5, 2019-11-02 11:04:47, 2019-11-19 08:36:42
4574, 2n8ejCwKxUHXQ0oF3PyR, 2019-03-11 12:36:51, 2019-12-04 14:14:39
4575, Fj1QkEacISQLARkI3B03, 2019-12-25 11:51:02, 2019-12-26 17:29:31
4576, 0tg1fH82Sj7nVOC3KLCD, 2019-05-01 18:02:50, 2019-09-24 00:04:03
4577, kLN8ghZOe2Xk49qmMljE, 2019-02-03 05:53:39, 2019-06-13 11:55:25
4578, e3liAgBITbBJMiQdxAdS, 2019-04-19 06:26:33, 2019-11-16 13:36:16
4579, JZ7iIxbaki8NkUjlCKr4, 2019-08-02 11:23:28, 2019-10-18 06:11:50
4580, 2S615XKmmKTmrXzGhbD1, 2019-10-27 08:30:52, 2019-10-30 13:36:59
4581, YGHTxfwC9UrxzrCeTuGx, 2019-01-20 18:17:26, 2019-07-31 12:47:47
4582, sh91vv0T1B1pySxJeqAf, 2019-11-22 23:31:19, 2019-12-16 07:16:00
4583, sXtxUSOSDRebMzAs3Pfj, 2019-08-23 01:01:33, 2019-10-10 18:16:22
4584, oJksw0fytT6bo1JqrBMf, 2019-12-13 00:52:59, 2019-12-23 02:58:50
4585, wdUMUOjZKYtYYYxfNWZc, 2019-07-12 19:56:50, 2019-08-07 05:58:33
4586, tJrkfJZ86GFmabUz08ZQ, 2019-08-11 17:55:21, 2019-11-24 00:53:35
4587, Snp9TWGiXZCITNdWtkoP, 2019-11-12 00:17:20, 2019-12-04 01:07:43
4588, 2Cb8C7urBeOvcK2kZP8S, 2019-08-18 21:48:56, 2019-12-25 02:19:27
4589, woLiPu2EQ2B04mL44UIO, 2019-10-25 09:10:56, 2019-11-11 13:00:10
4590, yUNMaDGo3GCviOcLGEz5, 2019-06-26 21:54:39, 2019-12-06 05:51:59
4591, 06Mh5QdmQqmPl0Da7X3m, 2019-10-06 15:42:48, 2019-10-08 06:40:17
4592, ka7sOF29WVQtIX4udtZg, 2019-02-07 17:23:17, 2019-11-02 05:29:04
4593, Tql1lCid6drooZxEDXL6, 2019-05-24 13:58:25, 2019-11-29 10:23:59
4594, OIuySv2Y4geU46UKLLsA, 2019-12-03 08:22:07, 2019-12-22 16:49:43
4595, rULd5YV8DvBPPAdggnzb, 2019-01-15 13:20:34, 2019-09-25 15:33:23
4596, xOPpnVW1roOnJWdPB0rl, 2019-08-08 18:23:56, 2019-09-30 10:39:21
4597, ylmHbsVhbPR1RcsCNhTA, 2019-01-27 06:17:32, 2019-04-10 09:43:23
4598, YzgW0oFqKBCh07e0BR56, 2019-10-12 19:30:50, 2019-12-04 04:49:01
4599, jytJnXWKPnqUedu5B4ng, 2019-12-25 02:35:24, 2019-12-26 01:58:24
4600, TURbW9N50IPiB70qT7Ci, 2019-04-19 01:36:05, 2019-10-10 17:08:16
4601, a6aUOVBjbyj5atJPTxb7, 2019-03-19 20:01:23, 2019-07-01 11:47:27
4602, BXntxGkYQjJtAmhsafBy, 2019-05-16 03:50:23, 2019-08-14 06:14:39
4603, 3QrAQjUIQbf8CKHpswuh, 2019-09-19 02:07:52, 2019-12-15 11:35:05
4604, 7bRN0TtaZsEODkvQBncG, 2019-02-17 15:22:29, 2019-08-06 07:06:00
4605, qmygbkiht9AXyB10pD6B, 2019-06-22 06:21:00, 2019-08-08 19:18:00
4606, b6PBOemDmfMZxD5AvX8u, 2019-09-03 00:01:05, 2019-09-05 06:16:22
4607, BKfggDXV0l429t9CIB9J, 2019-03-25 07:34:07, 2019-12-15 04:13:11
4608, ZWEMV6U7QwEzog3wt8eC, 2019-07-10 16:46:17, 2019-09-26 11:26:52
4609, losgD3GISDUDjvHbfruo, 2019-05-28 23:42:57, 2019-11-27 17:51:01
4610, RFukxV7HWqjWLPlLG0mw, 2019-08-01 17:21:40, 2019-08-09 06:23:54
4611, pcHZw3WfaEGhWJN5Fdna, 2019-09-08 09:50:29, 2019-09-18 14:13:12
4612, 4viEJmdvJWMtVhtXiFym, 2019-10-25 08:31:26, 2019-10-29 13:49:12
4613, G4nlybspv5k3BvITjYbh, 2019-07-31 01:02:44, 2019-11-07 03:26:47
4614, R4MJ30vSWCl8ZESJSXgm, 2019-03-09 12:01:14, 2019-05-08 15:35:07
4615, YduGcnwCpX68NHMSKOrN, 2019-01-29 23:29:23, 2019-09-12 07:50:00
4616, tXIVcXCqSVEPUsTDGKoL, 2019-04-26 03:50:15, 2019-08-16 02:14:08
4617, eyHyZHQ0nLxzg7V9doPI, 2019-10-19 17:31:49, 2019-11-24 14:52:45
4618, K73l2VzkdhatNqacXrg8, 2019-11-07 18:12:48, 2019-12-07 02:22:00
4619, MQ4SStSGYSV0JgjgItyN, 2019-06-01 16:40:01, 2019-07-24 15:54:36
4620, aDM7zQRoiuLh7rCbVFcp, 2019-07-11 02:12:38, 2019-12-26 10:01:51
4621, PqwOiFifYBiEo0jQuYu7, 2019-05-30 18:27:45, 2019-12-04 21:16:03
4622, aJg2v5ygtsp7xuZoXPQm, 2019-10-28 12:54:41, 2019-12-12 15:25:43
4623, vpOR4DAGCndHINdYjjL5, 2019-11-02 02:13:31, 2019-11-12 08:32:59
4624, NOn5NM62UwlYFCx2dulo, 2019-05-30 15:46:07, 2019-10-28 09:33:11
4625, GOgdhIFuXwR72WDjDA28, 2019-12-23 08:22:20, 2019-12-27 01:15:26
4626, VJoHpmYYc9OH87mNTkFb, 2019-08-25 08:55:58, 2019-10-19 21:31:14
4627, uT4MTyaFEp4NnGgo4mUg, 2019-08-15 07:21:58, 2019-12-20 15:07:57
4628, ASxj6TOjqNxLxo39wn1c, 2019-11-11 03:22:23, 2019-12-25 20:17:17
4629, 5JI4b65BsxlOsVO1dsoq, 2019-05-06 15:59:01, 2019-06-07 15:16:02
4630, CLumA9PoXvKmVP4fqBh1, 2019-03-06 08:00:12, 2019-12-15 19:29:58
4631, eLqRLlEggCHPEFbWwAMa, 2019-02-03 14:17:14, 2019-12-04 01:46:02
4632, 4ahRVCix0URiM2O8qt5t, 2019-06-08 07:39:35, 2019-08-16 20:14:13
4633, t2hsJH6oAWsGT9Okl4Lv, 2019-06-30 09:32:23, 2019-10-01 20:25:21
4634, n2hQwaXnzCCuJ6YimEba, 2019-11-12 02:44:22, 2019-12-17 19:59:41
4635, bYrcORvzyzzp9D1Ktix8, 2019-03-21 07:02:18, 2019-07-29 01:44:35
4636, D3CztsgDMHTr2CI6qzCa, 2019-04-25 14:03:46, 2019-11-18 05:47:06
4637, hPRUk2aRcMGDYm1uyaZg, 2019-04-08 06:17:51, 2019-05-04 23:38:53
4638, anZr1dHeXhdcNuOEsysC, 2019-10-13 08:00:49, 2019-11-30 07:29:40
4639, F5fZtK0yt55QsvsgjncE, 2019-05-16 07:46:09, 2019-09-28 22:26:32
4640, WnwB0c2NqOg1l1h1TYEo, 2019-12-28 03:57:15, 2019-12-30 11:10:21
4641, pAkdpvF5SqLA4gkrE4Yg, 2019-01-02 07:22:12, 2019-06-08 00:21:46
4642, LPpxAC6lgC1OannZaPNw, 2019-01-06 19:22:21, 2019-09-30 05:53:08
4643, cfONxJJB3pWXEhkTW2OL, 2019-04-22 11:21:08, 2019-11-12 07:15:17
4644, uuLVVOV0jx8B0hVSGMp6, 2019-02-17 18:24:12, 2019-09-09 21:22:33
4645, vqhkEJ3HhmZMQosJYHxg, 2019-08-10 08:14:58, 2019-12-27 14:40:10
4646, CF9CE2YrmCMT0rW3EoIN, 2019-07-27 03:20:05, 2019-08-28 07:33:36
4647, 8zJylSKxCpHw7jszIJFr, 2019-02-09 02:34:38, 2019-09-01 00:06:16
4648, Mk0kXc0hca7LhoU1Fp7a, 2019-07-03 16:57:12, 2019-09-11 23:40:07
4649, TLhwXrvOTk8GJL7gTygG, 2019-10-03 13:35:48, 2019-10-12 03:24:32
4650, Kg8Ssa50nQi7t9GbUjlr, 2019-01-15 07:55:32, 2019-05-02 23:56:02
4651, kDyX4sfzHDlTBoqU8Azx, 2019-10-13 06:56:06, 2019-10-17 23:26:46
4652, hjg8NGC5Ye7WTHqaCFCV, 2019-06-10 06:57:31, 2019-08-01 01:18:19
4653, saAMChq6xJDdAaciCIfI, 2019-04-07 05:46:53, 2019-06-24 17:28:28
4654, podmHLA1EgXEIsOPCdgs, 2019-04-20 19:57:57, 2019-12-16 02:01:54
4655, dNMiN48SoC2o7JE047v7, 2019-06-25 11:35:47, 2019-07-29 13:16:54
4656, 4loT3sPT4Dz3pW2inp1Z, 2019-04-02 08:03:06, 2019-05-13 01:08:46
4657, Lp1po1DKo8E4Q3XTSWqG, 2019-05-24 22:13:48, 2019-09-24 14:43:28
4658, CnGn8nrVkIlcpTA4XAhJ, 2019-03-17 16:14:26, 2019-11-27 13:09:17
4659, WtodtHzy99QcNEU7IyQ4, 2019-10-30 06:20:41, 2019-11-16 09:32:12
4660, 95iQyhD07tDCVQ4GHLx5, 2019-08-16 09:11:17, 2019-11-22 16:04:23
4661, QRyA8waj6VJXWFmwXeRZ, 2019-12-29 15:03:45, 2019-12-30 06:22:55
4662, 03SMYLkyod7E6rptGXPI, 2019-04-30 07:47:40, 2019-12-03 12:09:28
4663, CNqpsn4lSAXzrsJ3N6Zj, 2019-02-06 02:00:52, 2019-11-23 23:31:34
4664, WIevV2G66FFV8juUKcjf, 2019-05-17 03:24:42, 2019-11-12 03:18:54
4665, xhgvxd24VPehC8pU6JaG, 2019-03-25 12:58:58, 2019-10-29 02:50:14
4666, gbmtRayI3pkxKCtSJQlo, 2019-05-22 23:34:15, 2019-08-21 13:05:51
4667, YLaIwkQxilgL02jy5AkT, 2019-06-27 11:55:09, 2019-08-29 16:16:32
4668, 5EIglwnZkH0eRyQyXs8M, 2019-07-16 14:30:15, 2019-11-12 12:09:30
4669, 92ujsaamzFlWR8yHZKCa, 2019-07-08 11:20:19, 2019-10-28 02:29:24
4670, cgRgwovUrImxHxQfaBGb, 2019-06-30 21:03:04, 2019-08-23 05:13:48
4671, M89oTw74r8J9RaUxsytr, 2019-01-05 02:23:57, 2019-05-19 17:07:25
4672, mSrKycM8EODZxvzeScqs, 2019-04-01 09:20:58, 2019-11-12 18:11:30
4673, IDTlrmSBBxT2K9Mjpjzd, 2019-11-25 11:13:17, 2019-12-05 02:18:43
4674, l4hAmud6QS2XbYkfrz0s, 2019-05-24 17:48:32, 2019-06-17 15:56:36
4675, 3xgPGVq6wnndNGP9qyDV, 2019-06-17 18:15:44, 2019-11-29 15:09:57
4676, 3etIEbxp90vhRNi15eox, 2019-10-26 03:19:43, 2019-10-31 10:17:11
4677, UW86ASXrrt10AoryfasA, 2019-09-08 08:48:20, 2019-09-27 08:22:06
4678, zt7fP8nsnEZeC2GEbfhW, 2019-05-25 20:24:54, 2019-09-16 23:17:40
4679, Ahj9pYCFHjYFklhxSpcx, 2019-02-17 12:07:25, 2019-09-03 22:07:47
4680, Qwd6q9M3zI3kfvtEb0OR, 2019-02-13 23:52:44, 2019-03-16 21:25:43
4681, XQFZVCB4eXyXe2WLjHZc, 2019-11-05 18:57:00, 2019-12-10 11:25:15
4682, ylfmxSyRvismaGU7Aj6F, 2019-06-22 03:45:48, 2019-12-22 04:40:01
4683, PrTh7qAH3MHhyN1X6Ijc, 2019-03-16 04:59:42, 2019-04-22 22:27:04
4684, PhhYClU6CEqXj2pefG2d, 2019-01-07 22:38:53, 2019-08-08 20:32:25
4685, QRVw6Dm30kV8UFTvCoRz, 2019-10-23 03:56:59, 2019-12-30 08:03:39
4686, nNqOdE9rkG2Lw5BERKq0, 2019-10-08 23:57:16, 2019-11-20 23:20:10
4687, LY54gi6hGUvSgvLvmAQ3, 2019-07-14 06:42:28, 2019-08-21 15:41:15
4688, FFldEnTJdDSQfNBrM0DD, 2019-11-03 02:33:52, 2019-11-24 02:07:15
4689, YgLBqXc0FHtywY8FvCf5, 2019-03-22 09:25:54, 2019-06-25 23:12:02
4690, sXu7n7Apzmhn1JOwoDbp, 2019-02-23 14:00:45, 2019-11-02 04:55:52
4691, OTP2vKp3s0KYjxOU7vMv, 2019-06-07 17:19:11, 2019-07-24 03:17:36
4692, bcogN3o3QBpMVLj5Sjjy, 2019-06-18 19:47:19, 2019-12-18 04:35:00
4693, VTtWiXRGCvbwAuawixoe, 2019-05-17 06:30:28, 2019-10-14 18:21:05
4694, hpzvwXrzsZgXNdBifmM3, 2019-05-28 03:48:29, 2019-06-04 11:00:10
4695, BGpnxnX1CuJ37W7r1NHb, 2019-12-26 23:39:43, 2019-12-29 14:42:32
4696, X8g1kuzUQErTD5HR4w1Z, 2019-05-12 03:08:13, 2019-05-31 00:27:13
4697, EIDeFcIN83yvbkWyH7Ll, 2019-08-06 03:44:04, 2019-09-04 00:41:42
4698, vQCT0H6WZmUAmuDqW55a, 2019-09-12 09:39:50, 2019-12-21 02:09:04
4699, QoWcVxJx6U63SpF9MvXz, 2019-06-16 23:26:25, 2019-09-06 04:35:58
4700, 6PePm2P20gAWzp16kJps, 2019-08-19 22:00:44, 2019-09-11 08:37:22
4701, DuCSb5Ts5akqWyPu6ae1, 2019-09-29 01:21:02, 2019-12-03 04:47:32
4702, kafAl7xhLyp0q3BFtl2i, 2019-12-29 18:41:33, 2019-12-30 14:33:37
4703, IoGANcpMmdRreH4x5xdf, 2019-06-09 06:54:14, 2019-12-25 18:21:38
4704, 3vGEYMnLr5LLXZRHTANc, 2019-06-12 10:42:14, 2019-11-06 08:21:58
4705, vISMWZVpxq7ghO23TdDT, 2019-01-24 17:05:31, 2019-07-01 22:13:40
4706, FhG9Pmd34v3Rr5tJL7oC, 2019-10-18 23:42:13, 2019-11-18 20:12:41
4707, nmMfl5qVejQLCHYBbeTL, 2019-02-28 19:29:50, 2019-10-22 23:35:19
4708, 5UEvO0oePkMngY9SzzOF, 2019-10-22 07:40:06, 2019-12-15 23:27:33
4709, sQ0HKvPGH962VOOwvpQ6, 2019-02-08 15:36:36, 2019-10-12 17:38:00
4710, wuGsMAnwdAmRTxkhi9A0, 2019-10-14 21:48:50, 2019-12-29 07:00:17
4711, rKduyqfbpRalcSUAay97, 2019-04-07 12:28:14, 2019-05-11 07:54:19
4712, P8H2T5lFIlGZPp4mEBhG, 2019-06-25 07:48:33, 2019-11-22 09:28:37
4713, IeBE5gPtHRLCmsA6RK4U, 2019-11-21 17:31:11, 2019-12-20 08:46:54
4714, aRGlcmAXi8sdJiuPMJcJ, 2019-09-17 13:48:54, 2019-10-14 07:59:02
4715, UNdgmRGi9fXG3mNgXo4X, 2019-05-11 11:16:49, 2019-05-19 04:51:29
4716, bDHp62ziZEWFdQZBmL6G, 2019-08-05 20:06:44, 2019-08-20 07:13:13
4717, cnoWmcmxXPtbtVpN4zwC, 2019-02-22 10:32:28, 2019-12-07 04:31:08
4718, ZufyeNAqMAtdimdYDeBN, 2019-06-29 04:55:57, 2019-12-12 01:27:14
4719, D9m4r6ALZThN2LuunbK8, 2019-09-21 18:15:52, 2019-10-13 23:48:22
4720, BSaceoFhE12smL0khoVT, 2019-04-23 03:52:05, 2019-12-11 01:19:32
4721, uGv6whQydjcCJRwFfQZH, 2019-03-25 21:46:59, 2019-04-16 06:35:29
4722, b9G0BGPkb0aeqa767VKq, 2019-02-23 09:11:24, 2019-12-30 23:51:53
4723, Or6O2oTpy9QxQGFkCBMp, 2019-03-26 01:50:43, 2019-04-25 01:24:19
4724, 4juvANhh899nFhtVBCwt, 2019-12-09 22:51:12, 2019-12-15 08:33:26
4725, HIlFd3Y6QGUWfpWrA81k, 2019-07-08 23:09:23, 2019-08-24 08:43:29
4726, fHDwhHEY9zbhyQiIRizP, 2019-06-02 19:54:07, 2019-06-29 14:10:53
4727, R2QxesP83oWrEOPa6dGe, 2019-06-15 03:02:49, 2019-07-12 11:57:17
4728, JHabQsBtHUfJRQWk1Q2O, 2019-10-24 19:36:37, 2019-12-28 04:43:44
4729, yCgyhTZV9tMOEWrugvqj, 2019-03-16 03:04:34, 2019-05-31 23:10:11
4730, 35JAvah0AB6ytfNvcokz, 2019-01-09 06:39:11, 2019-03-22 20:53:29
4731, stUoZx2Yy2pzcgXsjsQl, 2019-10-12 04:49:29, 2019-11-07 13:15:31