id, identification, timestamp, timedespatch, t_age, age
0,  7Rq8ccczXISFkbC35bmv, 1577722128000, 1577724988000, 2860000, 00:47:40
1,  sXqGZbo4O2mmmUEVpUjI, 1577721762000, 1577721819000, 57000, 00:00:57
2,  VyGCQXVEnHFrmlejNJqt, 1577715075000, 1577719185000, 4110000, 01:08:30
3,  tmdnC0CZTTRpZaPLeU0Q, 1577709132000, 1577721397000, 12265000, 03:24:25
4,  y8v1jMkow6iOFWZLn99n, 1577708775000, 1577724877000, 16102000, 04:28:22
5,  7E2Zef53M5KCUf9g74O8, 1577708142000, 1577718526000, 10384000, 02:53:04
6,  fcoqQZwMoMqUVUsSAEW3, 1577702457000, 1577724655000, 22198000, 06:09:58
7,  5Of7uDn6ES9uVzt6NGzY, 1577695232000, 1577701746000, 6514000, 01:48:34
8,  xnKC3cJMQoyjsV7fDOD4, 1577666462000, 1577719728000, 53266000, 14:47:46
9,  x7amrSIAOKPQILn3Ugrg, 1577666131000, 1577714035000, 47904000, 13:18:24
10,  eGUrpo9iTWxBHCJlUH8q, 1577658491000, 1577669170000, 10679000, 02:57:59
11,  JkcJwQndm9NTAcJLunTY, 1577651808000, 1577661579000, 9771000, 02:42:51
12,  ASl2c5bbCv2XW8iysjJ7, 1577645342000, 1577724026000, 78684000, 21:51:24
13,  24bX30nQRBbcBHaT5V8L, 1577639765000, 1577660707000, 20942000, 05:49:02
14,  5AJLgPE1ORjo2CaEEkVJ, 1577628030000, 1577646148000, 18118000, 05:01:58
15,  30UMaXvcpijuDBzj4HHu, 1577626876000, 1577664601000, 37725000, 10:28:45
16,  kafAl7xhLyp0q3BFtl2i, 1577619693000, 1577691217000, 71524000, 19:52:04
17,  wH9gdmpWGlc140hdf3sd, 1577618865000, 1577639797000, 20932000, 05:48:52
18,  q2A9m59qCfv5Ku64G1GV, 1577610757000, 1577697250000, 86493000, 24:01:33
19,  qOxPUVwg4ejZq7ijwa6F, 1577608045000, 1577693932000, 85887000, 23:51:27
20,  wQKO7O5nnSSFZQNAPItv, 1577607983000, 1577656864000, 48881000, 13:34:41
21,  QRyA8waj6VJXWFmwXeRZ, 1577606625000, 1577661775000, 55150000, 15:19:10
22,  M5LddlQXM6lWZ1qt5gwG, 1577598975000, 1577679585000, 80610000, 22:23:30
23,  R0RV1jfiXcRd2sg7X54T, 1577597630000, 1577637746000, 40116000, 11:08:36
24,  KYG2uBP8wPpO7Zdl9H2n, 1577596856000, 1577633423000, 36567000, 10:09:27
25,  5yHyTxCgeNS8SzteDJVf, 1577595686000, 1577621885000, 26199000, 07:16:39
26,  lM3JhNhcqBYAf0Lv510Z, 1577589873000, 1577695984000, 106111000, 29:28:31
27,  ZLpxche9VXFVnILvf4oQ, 1577579768000, 1577590166000, 10398000, 02:53:18
28,  qBJBaL890L2sZisRxK6W, 1577574939000, 1577626019000, 51080000, 14:11:20
29,  bJOf0dWDt6jKCZL0n9so, 1577574557000, 1577603661000, 29104000, 08:05:04
30,  WiNYQUcfMbMHBCnoMt0m, 1577551975000, 1577654746000, 102771000, 28:32:51
31,  bEtHeDHPgywMXvWFmHTv, 1577545438000, 1577668630000, 123192000, 34:13:12
32,  MlVBRSXmkLa87I4PqmpM, 1577543809000, 1577590254000, 46445000, 12:54:05
33,  Xo4X9KGUy5Z4cYQboK3w, 1577533919000, 1577677358000, 143439000, 39:50:39
34,  yLdeE65f0C3SV5aBA1ov, 1577525668000, 1577628518000, 102850000, 28:34:10
35,  4ReX7OnYDLhn2dMRWhH6, 1577519893000, 1577697008000, 177115000, 49:11:55
36,  tifCFVKW0DIGPNfZ3d03, 1577511641000, 1577647870000, 136229000, 37:50:29
37,  3lJe1Wtcx1qej5MkDPoD, 1577510052000, 1577720718000, 210666000, 58:31:06
38,  2aHXPlTdBvFUGzJ3Fzm7, 1577507576000, 1577651703000, 144127000, 40:02:07
39,  v0TMdKtr4ublBZE9xZLK, 1577490452000, 1577620606000, 130154000, 36:09:14
40,  Hka2zt0lwsPbrB2vdcCG, 1577486157000, 1577643963000, 157806000, 43:50:06
41,  CpuHsSZGtaV1kF9ulrUD, 1577485894000, 1577558395000, 72501000, 20:08:21
42,  wkyKMYgj04otR6iYu1ZZ, 1577485307000, 1577718154000, 232847000, 64:40:47
43,  AkimreUb4dMirk8o999u, 1577482490000, 1577516240000, 33750000, 09:22:30
44,  WnwB0c2NqOg1l1h1TYEo, 1577480235000, 1577679021000, 198786000, 55:13:06
45,  lGtFjTYJWqCbbUPagcsQ, 1577472293000, 1577718375000, 246082000, 68:21:22
46,  Awhbu4M33OE4XhR8zJ1e, 1577463424000, 1577622733000, 159309000, 44:15:09
47,  acX9Xhne4PSTpxeXOtZg, 1577459508000, 1577683360000, 223852000, 62:10:52
48,  sVl3A5vKChFQ3wYYvpSf, 1577442400000, 1577699459000, 257059000, 71:24:19
49,  Rkn2zL6ie8A9DBKWFXKO, 1577422331000, 1577581648000, 159317000, 44:15:17
50,  ERxERrfsn4HblvjXTVeL, 1577413061000, 1577721280000, 308219000, 85:36:59
51,  Lj1Eg88HVlsyNfN5KtEG, 1577392565000, 1577477820000, 85255000, 23:40:55
52,  oP8L3y5HPRnUvuhXQKhT, 1577383199000, 1577572811000, 189612000, 52:40:12
53,  BGpnxnX1CuJ37W7r1NHb, 1577378383000, 1577605352000, 226969000, 63:02:49
54,  vL6iW3NC1hlic2isy3KL, 1577372651000, 1577675841000, 303190000, 84:13:10
55,  QBnnXzQcXxdxi8csErOn, 1577372236000, 1577424827000, 52591000, 14:36:31
56,  wbMDRqitU7vWzZ39mJmM, 1577368807000, 1577550262000, 181455000, 50:24:15
57,  XHDvOwUteu1YaYkPSnrk, 1577364967000, 1577666320000, 301353000, 83:42:33
58,  sb9dVvlSnL7u1Nw6eFoD, 1577336279000, 1577340899000, 4620000, 01:17:00
59,  IJrilLHalHmzzJyYQpPC, 1577330591000, 1577675871000, 345280000, 95:54:40
60,  utHHtaq1vwlpyZgEw8CY, 1577329147000, 1577418919000, 89772000, 24:56:12
61,  wdoIKA9bLnCGHMax2eKt, 1577317221000, 1577574472000, 257251000, 71:27:31
62,  1MYgp35wcqDfcS3yPwhm, 1577310761000, 1577391814000, 81053000, 22:30:53
63,  ttBtYtIGejliKCuECvej, 1577307155000, 1577470525000, 163370000, 45:22:50
64,  UpEzoIGfYr2CzLfuri3n, 1577303139000, 1577440152000, 137013000, 38:03:33
65,  7K1fLYHzF3epInaAwNWr, 1577296757000, 1577525793000, 229036000, 63:37:16
66,  wmWBlAVguEyJaMcCrMnv, 1577296523000, 1577714082000, 417559000, 115:59:19
67,  LaQotWTSf2vjmcARq4CN, 1577291559000, 1577704593000, 413034000, 114:43:54
68,  3w7WtHDKPpSZqDcwyHGS, 1577272563000, 1577377220000, 104657000, 29:04:17
69,  Gjjz8r9BvBoqLPZBOS5f, 1577268639000, 1577382610000, 113971000, 31:39:31
70,  50AeuAyCWGoTdktyXSdH, 1577264364000, 1577500803000, 236439000, 65:40:39
71,  LtWvcLcYzbCl09c2MobA, 1577259853000, 1577416307000, 156454000, 43:27:34
72,  v2Mg26LoAvvMoOS4BIfK, 1577254905000, 1577583464000, 328559000, 91:15:59
73,  3tbYFhtFkDSlXfuAKz12, 1577252599000, 1577452710000, 200111000, 55:35:11
74,  Fj1QkEacISQLARkI3B03, 1577249462000, 1577356171000, 106709000, 29:38:29
75,  9ZQ22gvLazZDHSQUp26G, 1577244157000, 1577474504000, 230347000, 63:59:07
76,  NPAOCSJ0mfE9yW93lKZ3, 1577227969000, 1577437085000, 209116000, 58:05:16
77,  YA78tgL626LsWUSmFN9V, 1577226150000, 1577501793000, 275643000, 76:34:03
78,  7cvxrzppsb1ulGk9CfZF, 1577218226000, 1577294245000, 76019000, 21:06:59
79,  jytJnXWKPnqUedu5B4ng, 1577216124000, 1577300304000, 84180000, 23:23:00
80,  XtSP212A3osCaLZhfmPb, 1577216052000, 1577622338000, 406286000, 112:51:26
81,  kZnOVLXq6lwl2XIZh9mv, 1577214395000, 1577487733000, 273338000, 75:55:38
82,  TDlv0w65kT6isSMNtzNQ, 1577212431000, 1577315550000, 103119000, 28:38:39
83,  TqQfAJfao0yPYiART4n9, 1577208903000, 1577616458000, 407555000, 113:12:35
84,  QXvFIHT3teWDDsUR4cy3, 1577207786000, 1577231813000, 24027000, 06:40:27
85,  BElsQ28Sz6TLrGlPavmk, 1577206029000, 1577400852000, 194823000, 54:07:03
86,  cVS5XwoZyCRfnYjD24pP, 1577205125000, 1577264160000, 59035000, 16:23:55
87,  I1XSfWy3Rwu5A4TWjmSb, 1577197324000, 1577202673000, 5349000, 01:29:09
88,  ikUB0vlE4lN8fKkhGAs6, 1577196806000, 1577720146000, 523340000, 145:22:20
89,  W8KKL4F5Ttxreb5p3dSV, 1577191061000, 1577337589000, 146528000, 40:42:08
90,  I1L7LC26d2iKTfVAyXfS, 1577185618000, 1577695227000, 509609000, 141:33:29
91,  IRvEKDbJfntCNFEJZe9W, 1577178411000, 1577625969000, 447558000, 124:19:18
92,  UMkwlCVvdY7jc249WQIF, 1577178238000, 1577690375000, 512137000, 142:15:37
93,  9cMVJm3BUMutR5aEuOrP, 1577169030000, 1577337163000, 168133000, 46:42:13
94,  fk0vhAebrZxhbWctb791, 1577160137000, 1577222698000, 62561000, 17:22:41
95,  0OLMzlThggQksY3Ts3dA, 1577159097000, 1577317002000, 157905000, 43:51:45
96,  UxpgGMrxxLu1Mcnel176, 1577153653000, 1577599641000, 445988000, 123:53:08
97,  fxfPFMIgOTFB2ZYiHeFc, 1577147180000, 1577403530000, 256350000, 71:12:30
98,  Htq2UZjIM0pQhlIgzSe5, 1577129883000, 1577438963000, 309080000, 85:51:20
99,  yLeROXScGAXzoxTbIXXL, 1577123023000, 1577196332000, 73309000, 20:21:49
100,  2d1nKeHpYxUBnz3dG4Rm, 1577120707000, 1577507181000, 386474000, 107:21:14
101,  QK9APbSRLWO80vWPlsTI, 1577116542000, 1577514163000, 397621000, 110:27:01
102,  2ud3xB8lxAvc3E25d4Ac, 1577106909000, 1577115516000, 8607000, 02:23:27
103,  SqOdXq2pZ2kvvGcWT9nk, 1577106773000, 1577622696000, 515923000, 143:18:43
104,  uRYTrlokjbB2CguAfpd3, 1577096820000, 1577275177000, 178357000, 49:32:37
105,  ARC4nOyWLscobcoKie6h, 1577089607000, 1577675293000, 585686000, 162:41:26
106,  8c0nUgaSRBVjZXF4Qovg, 1577083219000, 1577228690000, 145471000, 40:24:31
107,  znohU8kUeiqsS3QtI5iO, 1577079623000, 1577391279000, 311656000, 86:34:16
108,  L27Mw9F07iiFeWwh9jjX, 1577075478000, 1577490998000, 415520000, 115:25:20
109,  wHA1HxrNvvoCqu9wW9iu, 1577072035000, 1577087501000, 15466000, 04:17:46
110,  GOgdhIFuXwR72WDjDA28, 1577064140000, 1577384126000, 319986000, 88:53:06
111,  6uqxln0L4FBFUsq1eRsk, 1577056676000, 1577566336000, 509660000, 141:34:20
112,  GpjfLi9fXlh5fRxfARQF, 1577054968000, 1577544430000, 489462000, 135:57:42
113,  LC6ddss97ZnMVmhuohfY, 1577047718000, 1577293642000, 245924000, 68:18:44
114,  8hlYnNenIOvPDBvPgZzq, 1577039546000, 1577595672000, 556126000, 154:28:46
115,  fAhNBdcyXfWtaOgSPLDl, 1577031386000, 1577186473000, 155087000, 43:04:47
116,  CfpkO8roNJFZT8Om4m7c, 1577027532000, 1577501674000, 474142000, 131:42:22
117,  yWPMZm7sDLm3Yt1jLQY1, 1577026577000, 1577624472000, 597895000, 166:04:55
118,  WwnSILsIboZqFuNhnzff, 1576997932000, 1577508852000, 510920000, 141:55:20
119,  lxWR3ra88uMrY2KwuFb0, 1576978820000, 1577664198000, 685378000, 190:22:58
120,  sBlbGgAK0e2NGjTz51r7, 1576973194000, 1577153674000, 180480000, 50:08:00
121,  TyrgWPWU6b89ly78TRkh, 1576967120000, 1577175493000, 208373000, 57:52:53
122,  02ffNOEiA6mGcfyKGdOG, 1576964542000, 1577106668000, 142126000, 39:28:46
123,  tvYPRHNaZhHl7A8qjHkN, 1576956246000, 1577118416000, 162170000, 45:02:50
124,  sLuQOTOoWY9fCBDELkco, 1576954158000, 1577464372000, 510214000, 141:43:34
125,  FLJ8TgUPA0twi2a9uA2a, 1576940346000, 1577000644000, 60298000, 16:44:58
126,  HMN1Slc3BYNEUUqk6V3g, 1576939521000, 1577126745000, 187224000, 52:00:24
127,  yn21WYIcI5dIerGJWWvM, 1576937537000, 1577509406000, 571869000, 158:51:09
128,  WgknzPBBHzFEOowRI3gq, 1576934988000, 1577047233000, 112245000, 31:10:45
129,  AcM3cMNINL3Tgq6TqRFi, 1576915745000, 1577202974000, 287229000, 79:47:09
130,  ejyPJ30ItxXHpS6nwLFy, 1576893265000, 1576954933000, 61668000, 17:07:48
131,  UXQeqguZNAIDE9iDlxOZ, 1576889168000, 1577604645000, 715477000, 198:44:37
132,  eeuJDnlRYumb5545e3Xt, 1576886944000, 1576957350000, 70406000, 19:33:26
133,  8IVx88k6PAqyPypTnYOk, 1576870166000, 1577396280000, 526114000, 146:08:34
134,  vrq0QSbolwwyfc34VBzI, 1576862584000, 1577178267000, 315683000, 87:41:23
135,  qATCtXLy5w948iCyWAax, 1576834621000, 1576913320000, 78699000, 21:51:39
136,  flFXom9aDQE8IdzKarBg, 1576825939000, 1577042294000, 216355000, 60:05:55
137,  KvDoZCch3vjjgnGKrnWT, 1576825701000, 1577471434000, 645733000, 179:22:13
138,  yWD37sc5xO0SmMpv7MO9, 1576808651000, 1577261516000, 452865000, 125:47:45
139,  2gvTPiYYxhGZ881q1W17, 1576804810000, 1577075852000, 271042000, 75:17:22
140,  YxptstlKI3ZP63Wm7253, 1576803052000, 1576842615000, 39563000, 10:59:23
141,  8miWbqAiLQBS2wH1l93M, 1576798077000, 1577477539000, 679462000, 188:44:22
142,  CxhQqnYrGs1uuyQilRjr, 1576789239000, 1577382855000, 593616000, 164:53:36
143,  gs2MS1YpdHPS10jCCH3G, 1576780368000, 1577046902000, 266534000, 74:02:14
144,  m3o4M6bP2OTQNDY5whoL, 1576771642000, 1577439698000, 668056000, 185:34:16
145,  mXyx6Kgr1WTd5AKO4Zdv, 1576763288000, 1577111730000, 348442000, 96:47:22
146,  Dt0oh27w4yP4V3sFqQVY, 1576725115000, 1577529622000, 804507000, 223:28:27
147,  ZfFthXaY0b9lVlKc4VoN, 1576714626000, 1577329397000, 614771000, 170:46:11
148,  KG9JQMsK6wts36dFQmxX, 1576708540000, 1577271288000, 562748000, 156:19:08
149,  8Uupf7db1wrrIIziStB9, 1576707522000, 1577391286000, 683764000, 189:56:04
150,  vqpVhinYt2008xNOqLMf, 1576705542000, 1577403129000, 697587000, 193:46:27
151,  IiRgtAYTxexgtDfx8DCk, 1576701998000, 1577566359000, 864361000, 240:06:01
152,  691NI7nC7MF0UE5QwEpW, 1576700202000, 1577374846000, 674644000, 187:24:04
153,  bh9iYbnJ7yLSPt0v8Wn9, 1576691589000, 1577100211000, 408622000, 113:30:22
154,  7t7bxzLuGGjsIHOwmwpf, 1576678462000, 1577629119000, 950657000, 264:04:17
155,  UiEHiTswAHIf5rwZVuYm, 1576677651000, 1577577618000, 899967000, 249:59:27
156,  TiqHC0wF7FOS721VDvIm, 1576667615000, 1577682954000, 1015339000, 282:02:19
157,  knme27oLml3g1kUacSn2, 1576662526000, 1577057873000, 395347000, 109:49:07
158,  rPYmAdG4QkzRUFIRC5Ld, 1576661730000, 1576906938000, 245208000, 68:06:48
159,  TeQPwNZgw3Glz5cIsBAu, 1576640375000, 1576651232000, 10857000, 03:00:57
160,  TPAUGdOE90QC4twNjRUe, 1576640194000, 1576967153000, 326959000, 90:49:19
161,  MdhrjLeCG3rXUBgX69Nk, 1576635157000, 1576914646000, 279489000, 77:38:09
162,  TZV1FeajBjucFv0lxma2, 1576633198000, 1577209796000, 576598000, 160:09:58
163,  nmWGXa3HC2vrgBKkbVKx, 1576614582000, 1577056243000, 441661000, 122:41:01
164,  Ay0ANzW9UP1INKkv5j3m, 1576611809000, 1577079792000, 467983000, 129:59:43
165,  dg4R2XFwxf82ST0wVnM3, 1576611576000, 1577105818000, 494242000, 137:17:22
166,  V4BeTlMYeh55Pc6RaPxB, 1576609714000, 1577426499000, 816785000, 226:53:05
167,  JTM7j3tKiSRDggBtZwCL, 1576600623000, 1576765355000, 164732000, 45:45:32
168,  rywpwUXw38ngMWyalFMP, 1576598998000, 1577654087000, 1055089000, 293:04:49
169,  iMho6waTrN7Di8depFQu, 1576598385000, 1576960045000, 361660000, 100:27:40
170,  waPTNedeSHkXeu5mBUBL, 1576593451000, 1577392348000, 798897000, 221:54:57
171,  VeWk37AebSstp9jYAAnn, 1576593147000, 1577412828000, 819681000, 227:41:21
172,  mOQ2mUo5YinBkTslVTgZ, 1576567435000, 1577351049000, 783614000, 217:40:14
173,  qs7LnWol0oRlKvifHcnl, 1576562457000, 1576964505000, 402048000, 111:40:48
174,  lHmZL7dS2Kp8sxds4ZYo, 1576552286000, 1576587154000, 34868000, 09:41:08
175,  G3lzLBuKch4p7fKETsJ0, 1576547410000, 1577161196000, 613786000, 170:29:46
176,  4YZnNCRUEa3g8q6HEHYO, 1576546968000, 1577549598000, 1002630000, 278:30:30
177,  5Nw6NDDptM8faOE6wkRG, 1576543454000, 1577474366000, 930912000, 258:35:12
178,  PWPr9Hww9jx5BRYGU6Gi, 1576519253000, 1576627147000, 107894000, 29:58:14
179,  57sn2aTcAm6PdmamA0pU, 1576518364000, 1577129515000, 611151000, 169:45:51
180,  ygB8gVFfK4HyBioQMNsy, 1576511825000, 1577581273000, 1069448000, 297:04:08
181,  Dbpbc7JC8x4FtVoJRJWd, 1576498877000, 1576567581000, 68704000, 19:05:04
182,  qSXwIU87s6SJirFLZvUI, 1576494680000, 1576932606000, 437926000, 121:38:46
183,  OIZXRZNf530o0LODJNwb, 1576492942000, 1577165030000, 672088000, 186:41:28
184,  AIdOMaS0LmX3lh0ZdEUE, 1576491674000, 1577665722000, 1174048000, 326:07:28
185,  MieVCcrMT5sBfa0e8kNP, 1576468994000, 1577409036000, 940042000, 261:07:22
186,  3KS6PmIlaWttuYNNYxjd, 1576465265000, 1577038822000, 573557000, 159:19:17
187,  414p4rjhXE5zQmhGb3J0, 1576453389000, 1577096093000, 642704000, 178:31:44
188,  KDZGoocZPSmS3gmbbJ2k, 1576445803000, 1576606682000, 160879000, 44:41:19
189,  wN2vOx7OnpYXpjssFU0Z, 1576445625000, 1577512775000, 1067150000, 296:25:50
190,  55X4VhiIKZnLGkBjG7HL, 1576442886000, 1576635640000, 192754000, 53:32:34
191,  0kTeOkxQHsoNoqeN1Hei, 1576440946000, 1577419409000, 978463000, 271:47:43
192,  2wLiZHrMu7AI1xk7eYCA, 1576433877000, 1577500795000, 1066918000, 296:21:58
193,  si20NADT2wFp6sUtPIu8, 1576430316000, 1576441156000, 10840000, 03:00:40
194,  peMi5uYHNrvqq17XPFr9, 1576430182000, 1577037087000, 606905000, 168:35:05
195,  fCu2iSabtUm2RV7tQpuE, 1576420107000, 1577710087000, 1289980000, 358:19:40
196,  N61radfDpqrGaMtO2Gau, 1576409251000, 1577345668000, 936417000, 260:06:57
197,  hONqRVReZR4JEQMrmCfu, 1576409021000, 1577096824000, 687803000, 191:03:23
198,  Ywc1i42e1xlBeoTnYADa, 1576409014000, 1577052035000, 643021000, 178:37:01
199,  qP87nlK0rJml4MnofWXn, 1576400353000, 1577276570000, 876217000, 243:23:37
200,  pXmjlyyL8ElLYnyPHqTY, 1576396891000, 1576539302000, 142411000, 39:33:31
201,  dgI0mUnjCwRuqJJOVKNd, 1576393394000, 1576901831000, 508437000, 141:13:57
202,  xPvCQssdeRQuOrQS7xFv, 1576381883000, 1576820316000, 438433000, 121:47:13
203,  u65kePt2vN5ziyOZNNjk, 1576360333000, 1576696580000, 336247000, 93:24:07
204,  0fbw2XT2201My07epqt4, 1576357702000, 1577589735000, 1232033000, 342:13:53
205,  zlyZ7Xd1UNsZu7cByTQA, 1576355326000, 1577316275000, 960949000, 266:55:49
206,  gsMQy6jvLkq5IvrDpnwt, 1576349766000, 1576613574000, 263808000, 73:16:48
207,  cKzOsHjVJr27hjq2niYv, 1576342486000, 1576782889000, 440403000, 122:20:03
208,  Yonu8GAeTO1isjwpdZqx, 1576337972000, 1576884492000, 546520000, 151:48:40
209,  SQkOTa6HABIv9s00maZf, 1576337031000, 1576981463000, 644432000, 179:00:32
210,  gFSSU3hvjrkMGCAQoDB3, 1576329766000, 1576408240000, 78474000, 21:47:54
211,  jOxxWOoAOeGU7E9qav8g, 1576324224000, 1576353805000, 29581000, 08:13:01
212,  LvZdgkB6d1VURGrFbEQF, 1576321922000, 1577148214000, 826292000, 229:31:32
213,  l2XN2a5Go4PWMBacG5CA, 1576321410000, 1576974219000, 652809000, 181:20:09
214,  Me2fxPujOXzNf8PlU0Y1, 1576318509000, 1576732941000, 414432000, 115:07:12
215,  fImZNJkfANZIST6H1SjB, 1576300860000, 1576867672000, 566812000, 157:26:52
216,  GvIN6tvqCl2v6rENIY76, 1576294148000, 1576361860000, 67712000, 18:48:32
217,  UNFeMHO3BClgSFFCTqB4, 1576285083000, 1576651658000, 366575000, 101:49:35
218,  WPgUSVMpz3owyOpUiJ5v, 1576284334000, 1577427131000, 1142797000, 317:26:37
219,  NH2RM7JyQSZdfTLIxf3l, 1576279862000, 1576847840000, 567978000, 157:46:18
220,  oNh7Y1jPCg4HfOvxcggG, 1576278301000, 1576808561000, 530260000, 147:17:40
221,  ZSkRitFhKg5IaDnK4PgM, 1576275116000, 1577318233000, 1043117000, 289:45:17
222,  zZdHYWdqc0O1AMo6Kls5, 1576260938000, 1577247401000, 986463000, 274:01:03
223,  dtUP1cOYRFBCLqtF8RBv, 1576258632000, 1577427651000, 1169019000, 324:43:39
224,  mjJDOm9SmE4GcHSG6Nnw, 1576258380000, 1576947136000, 688756000, 191:19:16
225,  dfBFHc4LH8OW3bgDInyq, 1576251237000, 1576385882000, 134645000, 37:24:05
226,  ip8CHTr7d3G2iwLAcV4x, 1576248473000, 1577291735000, 1043262000, 289:47:42
227,  qu6mm0i5yUgErsyvam4c, 1576242250000, 1576292160000, 49910000, 13:51:50
228,  ZLEKatERLZyJrmOeIFxR, 1576223794000, 1576393072000, 169278000, 47:01:18
229,  pbeMU9IeBUuCLgBOrxQf, 1576212750000, 1576956123000, 743373000, 206:29:33
230,  btgozdqk4lxaa9F5NviJ, 1576198923000, 1577668792000, 1469869000, 408:17:49
231,  RhUJLNwhjKvZLGx1o7Mr, 1576198784000, 1577480434000, 1281650000, 356:00:50
232,  dbrFqsgpVxf8JeJIZzjV, 1576195120000, 1576282600000, 87480000, 24:18:00
233,  Sc1gXVY6s38O6vgEULfm, 1576192886000, 1577003129000, 810243000, 225:04:03
234,  nT3OyEl7DkY0Y26Vymto, 1576185814000, 1577465475000, 1279661000, 355:27:41
235,  PY3gfcMp05CR4gDQ7TAw, 1576185203000, 1577087133000, 901930000, 250:32:10
236,  oJksw0fytT6bo1JqrBMf, 1576173179000, 1577044730000, 871551000, 242:05:51
237,  zhhRFywieMZ50aIChoO6, 1576169113000, 1576991710000, 822597000, 228:29:57
238,  zq8COe54yWHPJt4aEKvD, 1576164550000, 1576885106000, 720556000, 200:09:16
239,  7xqZD1ThY81S6xNHOiru, 1576154646000, 1577321783000, 1167137000, 324:12:17
240,  kZWrUGgFXYtMbolj4kSO, 1576143204000, 1576277363000, 134159000, 37:15:59
241,  ufxBYL255PDMM1eVuGKA, 1576141060000, 1576888256000, 747196000, 207:33:16
242,  7EZP4EgpNk72NRDtDcRB, 1576140990000, 1577479799000, 1338809000, 371:53:29
243,  khVIUQcNepBL1C5vXLi2, 1576135294000, 1576849066000, 713772000, 198:16:12
244,  uSBGqRgzfQOlSshFcdo9, 1576129391000, 1576249833000, 120442000, 33:27:22
245,  prdtaFTYNROJIiM7vx4E, 1576119434000, 1577427135000, 1307701000, 363:15:01
246,  ifbd1zizCBBaxFQ0ZM6h, 1576117411000, 1576941021000, 823610000, 228:46:50
247,  WRzwW7AjxPgAGLt1uLzz, 1576110443000, 1576708815000, 598372000, 166:12:52
248,  NctT0Oe9UKAC9YCTp8Va, 1576105979000, 1576983212000, 877233000, 243:40:33
249,  7RtorEg3l6oXH4ETPSE4, 1576090647000, 1576935529000, 844882000, 234:41:22
250,  9VAkzAkkkPCcZrdWKpva, 1576078105000, 1576386083000, 307978000, 85:32:58
251,  zECcfcS3RR6OC69Gz4c3, 1576077014000, 1577209055000, 1132041000, 314:27:21
252,  fAx5WAzAk3Vwf1sH8viC, 1576074906000, 1577508180000, 1433274000, 398:07:54
253,  dWlcRDlwUOrpMNXegr2w, 1576063788000, 1577083425000, 1019637000, 283:13:57
254,  oe0OjIt1DKmdy359857R, 1576062722000, 1577168867000, 1106145000, 307:15:45
255,  Q8HJq8PxbyatTdcpI1wF, 1576059531000, 1576242886000, 183355000, 50:55:55
256,  Dwk3qFHigbF0kuzmqq5u, 1576058787000, 1576656992000, 598205000, 166:10:05
257,  AYF6UVZhQORm0MSW99zo, 1576053134000, 1577702750000, 1649616000, 458:13:36
258,  cLm3TixV2hfeV05ByWg7, 1576045573000, 1576281309000, 235736000, 65:28:56
259,  MWtKX1rZdbmuRAEYHK3S, 1576045546000, 1577187208000, 1141662000, 317:07:42
260,  QQMrP59LIoTHqKXPifJz, 1576031760000, 1576587620000, 555860000, 154:24:20
261,  YF4EVi6pEcKkZL7pntGb, 1576020131000, 1577304388000, 1284257000, 356:44:17
262,  81TUT2XYiFC9GEvH9Db1, 1576019155000, 1577189054000, 1169899000, 324:58:19
263,  NfqBYp35TkRXHpXglXhR, 1575998586000, 1576099362000, 100776000, 27:59:36
264,  JqPXylLTuhXE30BCg3AV, 1575987937000, 1576094127000, 106190000, 29:29:50
265,  vAdXZLNk7rPFuviKESwZ, 1575977869000, 1576627888000, 650019000, 180:33:39
266,  HTTuGXpIbC9ciiNuUNdY, 1575972497000, 1576046630000, 74133000, 20:35:33
267,  ljtiCvoRxeUqt3wIE0F3, 1575970603000, 1576187981000, 217378000, 60:22:58
268,  xWue713EMv8vmKCWnjhJ, 1575961333000, 1576218663000, 257330000, 71:28:50
269,  WjYIUz0C7sPFqiKLqxJH, 1575944583000, 1576019937000, 75354000, 20:55:54
270,  cclodtF0oOZpruEu0vGO, 1575940031000, 1576723813000, 783782000, 217:43:02
271,  4juvANhh899nFhtVBCwt, 1575906672000, 1576373606000, 466934000, 129:42:14
272,  0VaBDzDbKMVdmykH2qc9, 1575897114000, 1577319277000, 1422163000, 395:02:43
273,  ywXjydtTHzGpjwWURQsD, 1575895823000, 1577120177000, 1224354000, 340:05:54
274,  TWKX3J0ImK4vd7rLMGdo, 1575884421000, 1577330093000, 1445672000, 401:34:32
275,  3xiVReemYxDMOLXxeLHi, 1575883954000, 1576302921000, 418967000, 116:22:47
276,  Q107guV3ovQe5YY3QKjs, 1575878796000, 1576996527000, 1117731000, 310:28:51
277,  qLy7XDjA9DwRXrBQJH2z, 1575873873000, 1577426024000, 1552151000, 431:09:11
278,  rIvYOVo9uGKKPUkKxY3B, 1575863968000, 1577350937000, 1486969000, 413:02:49
279,  tx10E33Aq7XX5iuDl031, 1575861756000, 1575913518000, 51762000, 14:22:42
280,  xwgyWqbPhtV84wHfNwQi, 1575855490000, 1575908684000, 53194000, 14:46:34
281,  iWnZ3m3Bpgs2jlQp7hL0, 1575851253000, 1577044334000, 1193081000, 331:24:41
282,  O6RGqTMIjQaVs6TB0qom, 1575842857000, 1577295224000, 1452367000, 403:26:07
283,  7WuK7ird1zWs9mvwIBqu, 1575834195000, 1576029950000, 195755000, 54:22:35
284,  SjgFzfLUYjZotnTKzkyg, 1575817286000, 1576284713000, 467427000, 129:50:27
285,  7XKyqXYtJwA7SJrAhBAf, 1575812960000, 1577530967000, 1718007000, 477:13:27
286,  q64DMYd1tyvqK367Pkhs, 1575812603000, 1576190581000, 377978000, 104:59:38
287,  D0dMXZnNcJcJvYDsqJkj, 1575810401000, 1577587475000, 1777074000, 493:37:54
288,  vQKFU484GXzHdS7foyyx, 1575807484000, 1576475929000, 668445000, 185:40:45
289,  gQWCNFFbzEWuyjwTSv1h, 1575804512000, 1577055202000, 1250690000, 347:24:50
290,  L7Ob1Ba0lOKAT0jpIFDN, 1575801936000, 1576254046000, 452110000, 125:35:10
291,  m2YuBb18sOEV5TValtz8, 1575795656000, 1577444428000, 1648772000, 457:59:32
292,  U0OmvtmNonY2Maayzs0X, 1575784673000, 1575972462000, 187789000, 52:09:49
293,  glte6KK3R8zdDNT9lgWd, 1575750350000, 1576054082000, 303732000, 84:22:12
294,  huRwMb4FCdbtAUabT9lG, 1575746643000, 1577513599000, 1766956000, 490:49:16
295,  SdDAEitA0Uw6lzLFxCzj, 1575743502000, 1577321009000, 1577507000, 438:11:47
296,  APXPom57dJ1o6ymYySxV, 1575728019000, 1577571405000, 1843386000, 512:03:06
297,  cIQbLevFtVXRTxwRiMsK, 1575726510000, 1577630689000, 1904179000, 528:56:19
298,  RNmT5Sb3AaJzNcjQ8NEe, 1575720096000, 1577573687000, 1853591000, 514:53:11
299,  JqT31pwrz3XKWQHWPxRy, 1575715744000, 1577285965000, 1570221000, 436:10:21
300,  pVTArVD8VYELpkmFmBk0, 1575714107000, 1576420613000, 706506000, 196:15:06
301,  bZuNBYgOTx1Cmek3GiL5, 1575710221000, 1576072681000, 362460000, 100:41:00
302,  QLFnamsLkfIWQ5RREiwC, 1575706451000, 1575837399000, 130948000, 36:22:28
303,  E0AHQKQCTd31aW3THRiy, 1575702476000, 1576004788000, 302312000, 83:58:32
304,  YFigkxCyMsc8zZf9Lrk6, 1575696740000, 1576055265000, 358525000, 99:35:25
305,  L7UmF2IFiQq9jmn2PMRm, 1575696245000, 1577039528000, 1343283000, 373:08:03
306,  1qIFY3T636IVdEnEf4O9, 1575693549000, 1575704788000, 11239000, 03:07:19
307,  JuCdkrOMKEhlnxON1Dg5, 1575685138000, 1577608350000, 1923212000, 534:13:32
308,  jq2eyYndVVIjok1b0Lpe, 1575683729000, 1576774262000, 1090533000, 302:55:33
309,  IdUZqqRmG7j7LRC4cRIm, 1575663646000, 1577069233000, 1405587000, 390:26:27
310,  7tHzjF6SZWrckVUNQBKd, 1575663573000, 1576695981000, 1032408000, 286:46:48
311,  dIJCfPcSHhRchPGFYDWh, 1575662832000, 1576907038000, 1244206000, 345:36:46
312,  HMW1W6Nglfm4mW7MMi1v, 1575653121000, 1576599159000, 946038000, 262:47:18
313,  DHwnXqxG9BNc1a9SFmXb, 1575633505000, 1577477650000, 1844145000, 512:15:45
314,  drdVHhpeNvw0xRKBPnuZ, 1575633436000, 1577143398000, 1509962000, 419:26:02
315,  FEkNJEjiy1Q7NSDmcdrU, 1575625155000, 1577639330000, 2014175000, 559:29:35
316,  psGN3paoRhuwkIIPUbu6, 1575618980000, 1577330661000, 1711681000, 475:28:01
317,  RO0FHGr9U48jDv2LFJOT, 1575612659000, 1576120161000, 507502000, 140:58:22
318,  Z8hvxJhqQS624R8107gD, 1575609423000, 1576874294000, 1264871000, 351:21:11
319,  9L4F9C0d3lOhTSH5jFVn, 1575593958000, 1576071498000, 477540000, 132:39:00
320,  MjVVkxBaWLaZ7QUI36Hq, 1575592465000, 1575696263000, 103798000, 28:49:58
321,  aN9bRPLKzQ1dl1d4Niii, 1575589068000, 1576226501000, 637433000, 177:03:53
322,  ECttQieyyXY2qk2yCWYT, 1575583615000, 1576908863000, 1325248000, 368:07:28
323,  kzy0LCxaeFINpEdEYsq7, 1575567520000, 1577218684000, 1651164000, 458:39:24
324,  wP7o8rVQasl8duissSze, 1575564981000, 1576633447000, 1068466000, 296:47:46
325,  eGYv9RMBmawiLyrXjGZD, 1575559929000, 1575701424000, 141495000, 39:18:15
326,  bwWpjsyfa7VD6mXsIS1Y, 1575557602000, 1576135593000, 577991000, 160:33:11
327,  KX7EG5gMRB1qVBQRQ0co, 1575550076000, 1575892858000, 342782000, 95:13:02
328,  xU1Rq91PTMU8ZxG16U4m, 1575545675000, 1577301938000, 1756263000, 487:51:03
329,  B5g6JYhooNNrHNc6ygXT, 1575540620000, 1577609060000, 2068440000, 574:34:00
330,  41HffdePprW6c4e0trks, 1575537522000, 1577669663000, 2132141000, 592:15:41
331,  3TIkFX8XWbUUhqH2sZko, 1575528989000, 1576823480000, 1294491000, 359:34:51
332,  kz1uJxLgfXN63GYEeNkl, 1575528921000, 1577442576000, 1913655000, 531:34:15
333,  UF1TJL8j0zMWTZNVOEml, 1575515844000, 1577633848000, 2118004000, 588:20:04
334,  pALkllrJbohteEkyAZP5, 1575508658000, 1577593502000, 2084844000, 579:07:24
335,  AwEuwNdUPyiqlc3XRQKz, 1575506494000, 1577230161000, 1723667000, 478:47:47
336,  hWd5wCSUNNLKqoXZMizL, 1575505286000, 1577536613000, 2031327000, 564:15:27
337,  fFrSNDqS4fayFbSCTCi9, 1575500487000, 1577418041000, 1917554000, 532:39:14
338,  Fenj5LFJHlBuxnDIK2vI, 1575492934000, 1576438530000, 945596000, 262:39:56
339,  WuM3IDrauJrrJynxyZFl, 1575484699000, 1576741674000, 1256975000, 349:09:35
340,  ptPWzKA0vqr6qDEAdikX, 1575474877000, 1576921688000, 1446811000, 401:53:31
341,  GgNLmLFSkLOtsBXvlFYn, 1575456760000, 1576920589000, 1463829000, 406:37:09
342,  IJMw0Vqq7nm8smK1B06u, 1575449560000, 1576238061000, 788501000, 219:01:41
343,  0wGyE5tfKnGKxa0lAwJt, 1575444475000, 1577612641000, 2168166000, 602:16:06
344,  Os0DEDCEcp8orNAuforO, 1575436904000, 1577530434000, 2093530000, 581:32:10
345,  FGC92cew0w59W1R8dwco, 1575425608000, 1577175145000, 1749537000, 485:58:57
346,  jyVSIIAuE3DlOUjrkldN, 1575421255000, 1576940119000, 1518864000, 421:54:24
347,  w1tdmm8GFZAnpJHy7fcG, 1575421206000, 1577610467000, 2189261000, 608:07:41
348,  vbvlBtoBDGYK5Ae1l2HA, 1575419049000, 1576035830000, 616781000, 171:19:41
349,  EQFy9eFHejIjf0e3lRHO, 1575418001000, 1575797090000, 379089000, 105:18:09
350,  by8JRafPcyg7tllTXiN0, 1575414358000, 1575609048000, 194690000, 54:04:50
351,  0p5jDDhjIBiw6d5M2aTc, 1575390371000, 1576153417000, 763046000, 211:57:26
352,  lAOWRrEPstkg3nPBeTnf, 1575389400000, 1575907243000, 517843000, 143:50:43
353,  6TJnT0aWhEJxyeGc9UhA, 1575385265000, 1577718677000, 2333412000, 648:10:12
354,  YfrofnPf3XOmdMjz0DLm, 1575375392000, 1576590436000, 1215044000, 337:30:44
355,  C0u1N7umk9OxmU5gw35Z, 1575367468000, 1577035791000, 1668323000, 463:25:23
356,  0BffYCk8sN4TX4wCoYAf, 1575348858000, 1575783204000, 434346000, 120:39:06
357,  OIuySv2Y4geU46UKLLsA, 1575336127000, 1577008183000, 1672056000, 464:27:36
358,  V8vyrij0Ssv63HNYKQGN, 1575333895000, 1576251968000, 918073000, 255:01:13
359,  RwbtLWJAH8C2c1yTdnHk, 1575331145000, 1575851714000, 520569000, 144:36:09
360,  ATYvyx2bNYZKDJPOtmjR, 1575313378000, 1576226642000, 913264000, 253:41:04
361,  nfRRWiuSeKpAakUBDBMC, 1575306868000, 1575509559000, 202691000, 56:18:11
362,  R6eKaGI7s6pDc3zuY3Ua, 1575294022000, 1575294530000, 508000, 00:08:28
363,  HK9MGaZ8JgMCXQT6hy5B, 1575282975000, 1575715018000, 432043000, 120:00:43
364,  bKSdjyxwjqFeTJ1r4XCd, 1575277433000, 1577138114000, 1860681000, 516:51:21
365,  zEgExi1YH7OiJ6kLZsJz, 1575264074000, 1575942862000, 678788000, 188:33:08
366,  vU8OAghnI2oY7kKll4BA, 1575248488000, 1577627621000, 2379133000, 660:52:13
367,  WgLEtzAu6aL35IoqzWgT, 1575235794000, 1577388854000, 2153060000, 598:04:20
368,  883pseBnYC6WaQG6Awgg, 1575229892000, 1576987866000, 1757974000, 488:19:34
369,  UjWiWa9jiT14yQc8U9P2, 1575211530000, 1576843346000, 1631816000, 453:16:56
370,  gVk6wsRYhqPYTrQZ4zlR, 1575188188000, 1576934193000, 1746005000, 485:00:05
371,  b8x4it9njCvL6r2rayQF, 1575186864000, 1577602134000, 2415270000, 670:54:30
372,  hhTPWLRzyvVz7Wvk1NBB, 1575183437000, 1577595422000, 2411985000, 669:59:45
373,  XPWpyX4hEmk1mY5FzA0R, 1575169000000, 1577548581000, 2379581000, 660:59:41
374,  dXjbAjITbLtZs0ZksJ5x, 1575153842000, 1577605044000, 2451202000, 680:53:22
375,  R6FZb1dlVea7CkiGhS56, 1575147648000, 1577373179000, 2225531000, 618:12:11
376,  gxPMcSz0EY1T4y7DctSZ, 1575143739000, 1575666368000, 522629000, 145:10:29
377,  4ZrOsM1YYCnW0ESTE0Rp, 1575133872000, 1577583051000, 2449179000, 680:19:39
378,  GWZORNkIrRl2wSM7Hsgq, 1575125756000, 1576431697000, 1305941000, 362:45:41
379,  BVjOE7YZak7rzzhDyuDK, 1575123946000, 1575495427000, 371481000, 103:11:21
380,  gUP06EoxX28XoputVlrr, 1575122552000, 1576496500000, 1373948000, 381:39:08
381,  HsPKxX7uXRhKoc0q4Z1M, 1575121020000, 1577505019000, 2383999000, 662:13:19
382,  N6gIKWeEyEFr6MJGBSDo, 1575107733000, 1576211289000, 1103556000, 306:32:36
383,  e17eGunJXv3Y90gBDUyJ, 1575080708000, 1577147132000, 2066424000, 574:00:24
384,  uAkxcHviZ85EMtk8OBqr, 1575078282000, 1577407289000, 2329007000, 646:56:47
385,  IJGP3DomaUO5V9BinLLc, 1575077595000, 1576661373000, 1583778000, 439:56:18
386,  hJsVhhEvr2ltFZYiqtRC, 1575075311000, 1575707508000, 632197000, 175:36:37
387,  Ov0yT9QB4JTbTKLnYvLD, 1575067749000, 1575598100000, 530351000, 147:19:11
388,  1zL8SikBh1HqHCHeTRnb, 1575049553000, 1575157892000, 108339000, 30:05:39
389,  d0ypF4lcQBHBNlHUvhIn, 1575042512000, 1576895243000, 1852731000, 514:38:51
390,  PbcoO2PjqobP3CtRcG6j, 1575040956000, 1576528403000, 1487447000, 413:10:47
391,  6Q40ogbZ6rJsGiW38XKv, 1575031284000, 1575881785000, 850501000, 236:15:01
392,  ou5VXklemnc6cV4bbbmX, 1575010592000, 1576189912000, 1179320000, 327:35:20
393,  Gq6nXYTRyuetjeDMqQVN, 1575008598000, 1577480107000, 2471509000, 686:31:49
394,  ThV7m3dKdiEgWv5uGa7f, 1574996183000, 1577551809000, 2555626000, 709:53:46
395,  NQpXsVlwLhYKSQkOiYUs, 1574995043000, 1575843179000, 848136000, 235:35:36
396,  oMIxdP40Fhd8e6rMUOla, 1574981913000, 1576440609000, 1458696000, 405:11:36
397,  rjAOCZ7RJrEk7z9hlItD, 1574969701000, 1576293112000, 1323411000, 367:36:51
398,  tPZyp57RGN07pgHgJxk8, 1574959664000, 1575468014000, 508350000, 141:12:30
399,  JGN9BBe0xHEtajTEsZA2, 1574942318000, 1576803791000, 1861473000, 517:04:33
400,  sKfCpu332iwyU3r7uQyX, 1574940027000, 1575055849000, 115822000, 32:10:22
401,  iquGqXn1V5mqbAtW2IVK, 1574937444000, 1577499269000, 2561825000, 711:37:05
402,  1FNi0CKpV5itSwxUJjgr, 1574925559000, 1575553495000, 627936000, 174:25:36
403,  4SZ0dA4qoOmrTBtuNE51, 1574922937000, 1575828218000, 905281000, 251:28:01
404,  sH20E6CjoCm2W54qcly3, 1574917061000, 1576475411000, 1558350000, 432:52:30
405,  5Yykp0YNovFP5sYLdta9, 1574914139000, 1576958842000, 2044703000, 567:58:23
406,  awbhQEGrJ6ojhRAzYnCq, 1574913739000, 1575947773000, 1034034000, 287:13:54
407,  ZVG20gItom1Jof6ZNsLO, 1574901636000, 1575087400000, 185764000, 51:36:04
408,  zSePUc5pTET7gp9o6aSu, 1574891225000, 1575033913000, 142688000, 39:38:08
409,  q6deJKn1UKwZ8b3otKtE, 1574889439000, 1576142521000, 1253082000, 348:04:42
410,  uOq62TFPMEaMWCByN0T6, 1574883513000, 1574951998000, 68485000, 19:01:25
411,  GWH6NRIUv9X4G119Qr2f, 1574876219000, 1574967527000, 91308000, 25:21:48
412,  Lq4ihVOLO9cwvN1SGw6b, 1574872581000, 1576082559000, 1209978000, 336:06:18
413,  oaeIjYA177p9enOF2dWo, 1574869500000, 1576810653000, 1941153000, 539:12:33
414,  kE3zFsmRZZiC4SP1YSKr, 1574866224000, 1575598925000, 732701000, 203:31:41
415,  YPciyyXzp2oNOh85xQxH, 1574865659000, 1576790940000, 1925281000, 534:48:01
416,  GeIAD5nRYzyNY4MgNJ6r, 1574857681000, 1577223166000, 2365485000, 657:04:45
417,  oGIHhZ8eAPAqb9p1CTP9, 1574846367000, 1576692344000, 1845977000, 512:46:17
418,  9pVxzvUbVjVOExASFbh7, 1574842678000, 1575254232000, 411554000, 114:19:14
419,  8ioYiwtpMYKdHs3wtpnd, 1574833697000, 1575355784000, 522087000, 145:01:27
420,  nkibw69RUB7loej20BZG, 1574825408000, 1576301677000, 1476269000, 410:04:29
421,  e0JHuYBqBCt6VMFUfd3K, 1574820005000, 1576003000000, 1182995000, 328:36:35
422,  DhwGRb473ShmJKhUwBoW, 1574812399000, 1576488730000, 1676331000, 465:38:51
423,  QW3idf4RXasFEPolR6iY, 1574812198000, 1577226603000, 2414405000, 670:40:05
424,  aMuybQfsBlStZx5atqKP, 1574801831000, 1576893217000, 2091386000, 580:56:26
425,  EbUlfmKW93Ilo3xnFj8M, 1574798385000, 1577266179000, 2467794000, 685:29:54
426,  WX4sOWe9T2OmlcQBAxcm, 1574795152000, 1577118474000, 2323322000, 645:22:02
427,  rIOjONb6mxVFWRll0xRz, 1574767811000, 1575428236000, 660425000, 183:27:05
428,  7joH86nSpLDSqlavBurT, 1574766628000, 1575373889000, 607261000, 168:41:01
429,  7dkbW03DRDVN5q7SfE3A, 1574765193000, 1576355826000, 1590633000, 441:50:33
430,  WEnQBCd6A24DcgoZoiH9, 1574761020000, 1577014458000, 2253438000, 625:57:18
431,  HNYTrL8Sfg5Rvtw3wGBQ, 1574755094000, 1576070832000, 1315738000, 365:28:58
432,  Grmlm9GIPt8UeBEQMmCj, 1574739368000, 1577191414000, 2452046000, 681:07:26
433,  jFQGBYkdjtPWD6grldqa, 1574737702000, 1575610306000, 872604000, 242:23:24
434,  sxNSQXmdp1JRdBMFoPIQ, 1574734073000, 1576216588000, 1482515000, 411:48:35
435,  HaEd0cCdYIhc3mAy49Ch, 1574731701000, 1575517411000, 785710000, 218:15:10
436,  NodRPmNcJOK2O2RV81DQ, 1574725429000, 1577429410000, 2703981000, 751:06:21
437,  rdiZafoX5zqMcBSOLYGA, 1574720707000, 1574990170000, 269463000, 74:51:03
438,  kup1Kja0ZhyrUqav4k3i, 1574720493000, 1577713164000, 2992671000, 831:17:51
439,  xahytxvr0nM2BeNdf8Lx, 1574718126000, 1575689932000, 971806000, 269:56:46
440,  kTswJRAsWFefV080Zqgn, 1574717357000, 1574982984000, 265627000, 73:47:07
441,  Z1txwWDhmsMMVynWFUtS, 1574713809000, 1574824142000, 110333000, 30:38:53
442,  QlAP4JSUWB6h8UExfko2, 1574708322000, 1575600161000, 891839000, 247:43:59
443,  UwVrAO4FGmV3GXcpUGsc, 1574695745000, 1576735516000, 2039771000, 566:36:11
444,  POVasLHuSq8Xz4jwJ1L8, 1574685114000, 1576278466000, 1593352000, 442:35:52
445,  jPCz4JAJwD11SwnWaEMO, 1574683855000, 1576224762000, 1540907000, 428:01:47
446,  CNjZGLOoRwg09UQowmJc, 1574680346000, 1576715754000, 2035408000, 565:23:28
447,  DG9TqpWE8QfMQGNyUPj8, 1574669938000, 1577404544000, 2734606000, 759:36:46
448,  pPWzHPZZlkTbz9h5iUFM, 1574669845000, 1575607322000, 937477000, 260:24:37
449,  pwbuNo01aQ1OExwfbTwu, 1574664009000, 1576500382000, 1836373000, 510:06:13
450,  IDTlrmSBBxT2K9Mjpjzd, 1574655197000, 1575487123000, 831926000, 231:05:26
451,  UH7jTknMqnKQE7cIa5bn, 1574654576000, 1577649722000, 2995146000, 831:59:06
452,  iuA1WbVy7KHrL4qDOZ8i, 1574651049000, 1577501777000, 2850728000, 791:52:08
453,  d01gGzKji1w1kmZnfmeO, 1574648246000, 1577422350000, 2774104000, 770:35:04
454,  258sTmIwe1SODU2yMTWy, 1574639144000, 1575657159000, 1018015000, 282:46:55
455,  lnF76iSdcE14dHFwwDXv, 1574596996000, 1576628334000, 2031338000, 564:15:38
456,  WvHGiHPD6SvpLDh0EqD3, 1574592374000, 1576440411000, 1848037000, 513:20:37
457,  OkWJxw6HGuRK2J7YT1VY, 1574588953000, 1576770545000, 2181592000, 605:59:52
458,  MxcZUsIEKZbyAyvj0LZ0, 1574577888000, 1576360168000, 1782280000, 495:04:40
459,  HjZNZsrKbzaGamszGcqF, 1574570526000, 1575992728000, 1422202000, 395:03:22
460,  0x8dcMoPDD0i197yd94e, 1574570021000, 1577401233000, 2831212000, 786:26:52
461,  XR90XaF9qrCFkzGjMvVZ, 1574569833000, 1577717655000, 3147822000, 874:23:42
462,  haIyxqZXOrXbmBZzc51m, 1574568825000, 1575719367000, 1150542000, 319:35:42
463,  HKKUUeQTq7tlwgnd9L4K, 1574566618000, 1575450458000, 883840000, 245:30:40
464,  wyhULa1GYG8gEWYE5JV9, 1574545260000, 1575086103000, 540843000, 150:14:03
465,  U1mHsRkZWug6irKOjchy, 1574542634000, 1577539782000, 2997148000, 832:32:28
466,  IObCnW4a3EPZS3YfKrXK, 1574534667000, 1575054112000, 519445000, 144:17:25
467,  pQow4Jwem3IcH9ivK4YD, 1574532841000, 1574877677000, 344836000, 95:47:16
468,  ABvSXReQbHiLmzukcHll, 1574518536000, 1574751619000, 233083000, 64:44:43
469,  4h2VcLEmIRt9zkEDpIIe, 1574517180000, 1575669793000, 1152613000, 320:10:13
470,  Rim6FDrcPw95Dk6gDgEn, 1574513720000, 1576513138000, 1999418000, 555:23:38
471,  BGLsNUUTR0Os65lH2QP9, 1574511332000, 1574533481000, 22149000, 06:09:09
472,  0J9UCnRCuLjLhXnvdLM8, 1574507933000, 1576033872000, 1525939000, 423:52:19
473,  grBBZKJ2eNdEgv4PHrp8, 1574505452000, 1575793112000, 1287660000, 357:41:00
474,  poIfI8yK9OvX35I9MNob, 1574504115000, 1576660267000, 2156152000, 598:55:52
475,  5Kc1vP37vSKTHAjuPwd4, 1574498667000, 1574895934000, 397267000, 110:21:07
476,  cV51KSGnoQYXQp7jIjWz, 1574493980000, 1577061555000, 2567575000, 713:12:55
477,  m130Tz90UOmtB3amTZbl, 1574493677000, 1576942128000, 2448451000, 680:07:31
478,  NdoezNaIO967tCzJzfiV, 1574493510000, 1575059639000, 566129000, 157:15:29
479,  ZiIVB75djl5Ep1FKOWMz, 1574492931000, 1575696455000, 1203524000, 334:18:44
480,  Y1DGLzuPFa5xNQezMFjR, 1574474958000, 1575606143000, 1131185000, 314:13:05
481,  sbpwhjPwLu8TeYyYIjLn, 1574469569000, 1575213652000, 744083000, 206:41:23
482,  OIaQDXJsCnJrBfT7YLMG, 1574464563000, 1575474884000, 1010321000, 280:38:41
483,  CzS3hKHM5y0RYqCb1dVP, 1574463722000, 1574981180000, 517458000, 143:44:18
484,  JVoTRYcNP0gBPW0YoRzP, 1574454351000, 1575445264000, 990913000, 275:15:13
485,  bgfZg0Ss540xNKFRPQIW, 1574442412000, 1576092099000, 1649687000, 458:14:47
486,  sh91vv0T1B1pySxJeqAf, 1574440279000, 1576455360000, 2015081000, 559:44:41
487,  bbHNF3KaPlUgLOHXnXhm, 1574430732000, 1576077995000, 1647263000, 457:34:23
488,  TPmDuLzbgNNkDA9Nr2lS, 1574429056000, 1577061947000, 2632891000, 731:21:31
489,  wflTnjswDx4f3rAJ3Ksk, 1574423992000, 1577478436000, 3054444000, 848:27:24
490,  LKCMUKeZAMTah36TJ7wn, 1574410249000, 1574665871000, 255622000, 71:00:22
491,  LdbNrYRZKq6ZoIkYTzqa, 1574409578000, 1574435753000, 26175000, 07:16:15
492,  ngxBef7pNpOV7U6LuAEh, 1574404946000, 1577142272000, 2737326000, 760:22:06
493,  F1DRuXyuSwACzfonHQ6J, 1574389185000, 1575326444000, 937259000, 260:20:59
494,  DVjX16p8b9qF9hxwTzRU, 1574383152000, 1576011275000, 1628123000, 452:15:23
495,  1c22QsRLSjNqkckpIDHa, 1574373443000, 1576941968000, 2568525000, 713:28:45
496,  1PZSyHGDvWpfAW7LOyqi, 1574373102000, 1576458070000, 2084968000, 579:09:28
497,  ufSKOr57roxZhSC6yBxJ, 1574367922000, 1576509236000, 2141314000, 594:48:34
498,  aZa7zc91OYg4NmrXynfo, 1574364700000, 1575274466000, 909766000, 252:42:46
499,  h01MdWK0U3i80eEQAHlr, 1574352980000, 1574800691000, 447711000, 124:21:51
500,  N3HjBx63tKFHuJyv1HuI, 1574349471000, 1574518126000, 168655000, 46:50:55
501,  MSxY7JblXtHhH0VJcToY, 1574348380000, 1575887029000, 1538649000, 427:24:09
502,  LW5a3jLyTxTCmXlzgOTL, 1574334097000, 1577059513000, 2725416000, 757:03:36
503,  IeBE5gPtHRLCmsA6RK4U, 1574332271000, 1576806414000, 2474143000, 687:15:43
504,  qOV5N3YdNhuvNL57GSGX, 1574331930000, 1577666270000, 3334340000, 926:12:20
505,  KCqdkshivH1QLR4f7TJZ, 1574329793000, 1575214033000, 884240000, 245:37:20
506,  DxM9SZmtJwv6oi7DSXSE, 1574314533000, 1577255095000, 2940562000, 816:49:22
507,  8jtU3lQ9zolAa9Jxj2Au, 1574314072000, 1576716664000, 2402592000, 667:23:12
508,  sOO1g80RBH3WgnnLCre5, 1574306736000, 1575981030000, 1674294000, 465:04:54
509,  NRVQVe7wFAp1QZQB7eR6, 1574298320000, 1577374929000, 3076609000, 854:36:49
510,  X1V1SpgZ0WctmtcRIq8J, 1574291008000, 1576432159000, 2141151000, 594:45:51
511,  hZMHvuS8nooyZHTCMfPY, 1574290120000, 1574615858000, 325738000, 90:28:58
512,  dn08mKmRHXuYkH9d5MJY, 1574288772000, 1575025116000, 736344000, 204:32:24
513,  D5AH5kPfiBPS3TQ9QbJR, 1574276499000, 1576005620000, 1729121000, 480:18:41
514,  jQJWp9F80jbGMlCoaEvt, 1574275307000, 1576012410000, 1737103000, 482:31:43
515,  bLwW6rQpmG0IJXWO1Lf8, 1574271786000, 1577196036000, 2924250000, 812:17:30
516,  I4fqqTejP6KjKYbS4zKX, 1574256306000, 1575148345000, 892039000, 247:47:19
517,  kLAEIWilpw0lv7Hx9FhN, 1574249905000, 1577543060000, 3293155000, 914:45:55
518,  eYrZ6gAPb6iPuA0h74aH, 1574247411000, 1577484136000, 3236725000, 899:05:25
519,  VIUZeDn2o90f8nvgzw4S, 1574241690000, 1574822861000, 581171000, 161:26:11
520,  vcZiLHMxnJxGouyGK6nX, 1574239168000, 1575701224000, 1462056000, 406:07:36
521,  ZJzww01pU0lHr7LuRqbE, 1574236167000, 1574530209000, 294042000, 81:40:42
522,  xJpIHLTgbMUhGrTz4jNU, 1574224440000, 1576252463000, 2028023000, 563:20:23
523,  koDzvRORuTbJ2hV6NTQB, 1574219671000, 1574240003000, 20332000, 05:38:52
524,  o6VNeJD9v6UpcgKDli0l, 1574214826000, 1574398413000, 183587000, 50:59:47
525,  KfAdga2KjgqTtsmiWVc3, 1574207432000, 1574433447000, 226015000, 62:46:55
526,  RFjjjDuhLwSOL29TFhDl, 1574204631000, 1577281676000, 3077045000, 854:44:05
527,  wi5o92rFKSV8q2gnurap, 1574191974000, 1574928144000, 736170000, 204:29:30
528,  wbJjvyWT1Gqi9nlE8y6Z, 1574190689000, 1576452706000, 2262017000, 628:20:17
529,  bwE6wLLS3kzi2g8xfo7Q, 1574178384000, 1576246519000, 2068135000, 574:28:55
530,  2C7WutNvxn51vnMRXmj8, 1574177051000, 1575697436000, 1520385000, 422:19:45
531,  ouDCuIPaBhuVGV6thYZo, 1574175732000, 1577282646000, 3106914000, 863:01:54
532,  kh9ve8amh6NymjbeMkpB, 1574167220000, 1574811845000, 644625000, 179:03:45
533,  UadO0bJ9y9miYInhaQxM, 1574164323000, 1577607739000, 3443416000, 956:30:16
534,  V2c6HsNTr1uazqFeXv3W, 1574160194000, 1576815908000, 2655714000, 737:41:54
535,  d0PSMFo3IAy7wvtCiwFm, 1574132677000, 1577575411000, 3442734000, 956:18:54
536,  c1d1TXDTcoJ6HnOqzkuD, 1574118871000, 1574468204000, 349333000, 97:02:13
537,  PgIZJvjVs2PASXBzR8B7, 1574117437000, 1576942764000, 2825327000, 784:48:47
538,  DxkDydDiITRb1g4Ou97i, 1574109684000, 1574559671000, 449987000, 124:59:47
539,  prKTKYzMzHvhVHjnrmol, 1574104045000, 1577447929000, 3343884000, 928:51:24
540,  jJljNtNsbcR7R1FBx8Nm, 1574100740000, 1575584057000, 1483317000, 412:01:57
541,  uJ74oqgoAbWuG2YQGSgd, 1574086944000, 1575616736000, 1529792000, 424:56:32
542,  Jf0qofqfYX9F0uK0yL1Z, 1574078950000, 1575143999000, 1065049000, 295:50:49
543,  yKXY4SXTi49HY0qXLZUK, 1574076914000, 1577391085000, 3314171000, 920:36:11
544,  O3rfrTBPxvAVwqvgQXaW, 1574070574000, 1576635599000, 2565025000, 712:30:25
545,  UVH3QOHfweyXcKoHBOxZ, 1574066675000, 1574776932000, 710257000, 197:17:37
546,  aBThug4P7ua6XdWClzuN, 1574066415000, 1577142413000, 3075998000, 854:26:38
547,  9iORsk45MFz6sUVENGoN, 1574060079000, 1575412381000, 1352302000, 375:38:22
548,  NlJTDyNuvOnkOtPblVOr, 1574057296000, 1575658466000, 1601170000, 444:46:10
549,  sb99IpnLuLQrDF9sO7qs, 1574048238000, 1574372315000, 324077000, 90:01:17
550,  p7fW6GnUeWlFDa2ImGbW, 1574036124000, 1574794075000, 757951000, 210:32:31
551,  jDEXSDFMMFb5o066cgVt, 1574035395000, 1576480838000, 2445443000, 679:17:23
552,  7MMmTA5frmAnWlo4YnSh, 1574011671000, 1574027241000, 15570000, 04:19:30
553,  VP6zHJXzgLu0LllZubYC, 1574009496000, 1574393932000, 384436000, 106:47:16
554,  VdRlAE5kEHinOBD7FdPF, 1574008594000, 1574652913000, 644319000, 178:58:39
555,  ps8eHcDlCF80zA9M2h9W, 1574006799000, 1575030738000, 1023939000, 284:25:39
556,  RzXhIiwTEJlyYtprS05Z, 1574003052000, 1576672499000, 2669447000, 741:30:47
557,  iEEk0RVbbQWrX87HQVXR, 1574001692000, 1575101798000, 1100106000, 305:35:06
558,  hYQblgsOmeSqZIino3B4, 1573992459000, 1575506834000, 1514375000, 420:39:35
559,  Kh3rd89YsOQlh8XvPiny, 1573981422000, 1573996018000, 14596000, 04:03:16
560,  EiY4vl58L3tB2f9h11KW, 1573972305000, 1577325746000, 3353441000, 931:30:41
561,  FFq1uIav1GlPq3q83nnG, 1573969409000, 1577185141000, 3215732000, 893:15:32
562,  5xf8KAtdMgzabOsGqetR, 1573963357000, 1575056130000, 1092773000, 303:32:53
563,  jv6HodU7GE5fX0Gduo7j, 1573954561000, 1574018292000, 63731000, 17:42:11
564,  KOtzFKwHsfGplgtjfI9C, 1573949652000, 1576890558000, 2940906000, 816:55:06
565,  4JedKxV9rj871LpcGgrW, 1573915371000, 1576279365000, 2363994000, 656:39:54
566,  rJQKh4zcXLE1SpQ8QbZu, 1573904876000, 1574667979000, 763103000, 211:58:23
567,  A10SxsUfVGMma0HCGSsj, 1573899809000, 1575050093000, 1150284000, 319:31:24
568,  DsGgK0ujdwvXAZ0NFM54, 1573891486000, 1576895856000, 3004370000, 834:32:50
569,  URzOwTODPIXpndiMAhUU, 1573857509000, 1574685767000, 828258000, 230:04:18
570,  E3tB3v8RpepBU1ZI9zVz, 1573849668000, 1575860801000, 2011133000, 558:38:53
571,  1Ix1EhDpaZlb5F2IIGr9, 1573830541000, 1575295225000, 1464684000, 406:51:24
572,  UIdqtkdIqCvhtyDWOjVK, 1573823311000, 1577163464000, 3340153000, 927:49:13
573,  yk57fcZt8s7G5wiuk8A3, 1573796221000, 1574183812000, 387591000, 107:39:51
574,  sZ38fDgKiQ4fNdcQ7TOr, 1573793315000, 1574724885000, 931570000, 258:46:10
575,  qu1fTxaHOwEEpSIcV1zq, 1573788424000, 1574400135000, 611711000, 169:55:11
576,  p71cwYzY9qYHxXotV6ju, 1573783293000, 1573877705000, 94412000, 26:13:32
577,  KjSYrsVo1sPLja0OiKVe, 1573782661000, 1575494857000, 1712196000, 475:36:36
578,  bfg2X440Gw3MbDP8W1kr, 1573766366000, 1574673573000, 907207000, 252:00:07
579,  NPZmV2UKUeUD9Gc2tenF, 1573759865000, 1574208910000, 449045000, 124:44:05
580,  ts5ChNec4k2wmix1nGcj, 1573751662000, 1577014594000, 3262932000, 906:22:12
581,  NJ2fgbu8rRxjlEi8i2gV, 1573745310000, 1577534387000, 3789077000, 1052:31:17
582,  AYHE83520Jp44df77VM8, 1573741268000, 1576758211000, 3016943000, 838:02:23
583,  1s6MGgXQspjvtsUtyV3y, 1573739286000, 1575477119000, 1737833000, 482:43:53
584,  yycIkd5TNKcCChD8BOR6, 1573733881000, 1577498599000, 3764718000, 1045:45:18
585,  tXAjJJNyM8JjqWAV5hm5, 1573717618000, 1575841497000, 2123879000, 589:57:59
586,  xAZTdS6VBrP6FwrJ8mE5, 1573709229000, 1577555951000, 3846722000, 1068:32:02
587,  WbvkWyl4HdMurtHTV22I, 1573702177000, 1574935418000, 1233241000, 342:34:01
588,  bl0TcwaNnYjTDYQvqBbc, 1573698247000, 1576274610000, 2576363000, 715:39:23
589,  EFzhCDPq2JtEYPrSnVYW, 1573677144000, 1575968690000, 2291546000, 636:32:26
590,  Utxbxj22XBgwbKeqsL8y, 1573672635000, 1576966073000, 3293438000, 914:50:38
591,  XXHDvDPreI3rDRx7mNpo, 1573670849000, 1576427854000, 2757005000, 765:50:05
592,  6xPM70WAn5Ncg3ssC4Vr, 1573664197000, 1573777237000, 113040000, 31:24:00
593,  oK8pLok7oS4WLXesEF9O, 1573663234000, 1576692530000, 3029296000, 841:28:16
594,  6ORWrM6TDhVLiQK9nbIE, 1573656153000, 1576796097000, 3139944000, 872:12:24
595,  HKrxoc0kXWoYl56LpZcP, 1573639640000, 1575216926000, 1577286000, 438:08:06
596,  h94pJegsr0MtL2T088Xg, 1573636176000, 1577025022000, 3388846000, 941:20:46
597,  8KZSsHgwFJD7RGhCrNgz, 1573635156000, 1576590053000, 2954897000, 820:48:17
598,  baMTt0ijZovLK0UlV83G, 1573631157000, 1576543223000, 2912066000, 808:54:26
599,  hszTEAgrkk1wNU7d3g5A, 1573627579000, 1574193194000, 565615000, 157:06:55
600,  d0uG8698rdlPBApqzxLP, 1573611754000, 1575661247000, 2049493000, 569:18:13
601,  cuo85iVqpfZAgyvMkSEG, 1573608199000, 1574011301000, 403102000, 111:58:22
602,  axsUQNvbrIWfjjY2VFrS, 1573592537000, 1575200387000, 1607850000, 446:37:30
603,  Vn6hXbEyUo7zwbbBwwRD, 1573590534000, 1577301800000, 3711266000, 1030:54:26
604,  7T63F5knLUhHdPwlmU2Z, 1573581084000, 1575801451000, 2220367000, 616:46:07
605,  lLXtchDOuwLooY53AaHF, 1573570002000, 1576862080000, 3292078000, 914:27:58
606,  PtROGruBacsUAldMjJaz, 1573565604000, 1574292408000, 726804000, 201:53:24
607,  4AVSNDfLyPfTtHiVKEia, 1573553927000, 1574225675000, 671748000, 186:35:48
608,  440HGRPeiarY9mzKrRDU, 1573552078000, 1576196818000, 2644740000, 734:39:00
609,  KZyQi5WkKBg7Su54K4Zx, 1573551230000, 1574975117000, 1423887000, 395:31:27
610,  b5QI7Fi07ou7c306oeZs, 1573543173000, 1574393762000, 850589000, 236:16:29
611,  hwXeEAXxdaOdW1uO7V6C, 1573542648000, 1576024106000, 2481458000, 689:17:38
612,  CFaIbrA2X8r2oHrfLGBm, 1573534783000, 1576923491000, 3388708000, 941:18:28
613,  wFHjrUZO9G9J58jSc2aa, 1573529572000, 1574795923000, 1266351000, 351:45:51
614,  innEpkWq4Y53gJvJ40Gk, 1573514771000, 1576873695000, 3358924000, 933:02:04
615,  2fZM1s4bnHVtvFMPHXFS, 1573509089000, 1576984936000, 3475847000, 965:30:47
616,  YctxTr4MkJso8KYRDdGX, 1573505925000, 1577046070000, 3540145000, 983:22:25
617,  CUpct0vXnslgyMyOIeBA, 1573505789000, 1574842515000, 1336726000, 371:18:46
618,  n2hQwaXnzCCuJ6YimEba, 1573501462000, 1576587581000, 3086119000, 857:15:19
619,  Snp9TWGiXZCITNdWtkoP, 1573492640000, 1575396463000, 1903823000, 528:50:23
620,  bFX6j4A5AI7QvxhJrvux, 1573486187000, 1574725017000, 1238830000, 344:07:10
621,  TORZ355pwUMsqDbxr9La, 1573479841000, 1574924221000, 1444380000, 401:13:00
622,  NpJBk9VJXJlPT0P51fk4, 1573478888000, 1576033282000, 2554394000, 709:33:14
623,  yHgw4y5WGTUgLIHvjTgi, 1573475000000, 1574328481000, 853481000, 237:04:41
624,  caxfoa3LADCj64biAZ3L, 1573467274000, 1577156181000, 3688907000, 1024:41:47
625,  aICUM68sUKNN6wd1qSDj, 1573462384000, 1576789573000, 3327189000, 924:13:09
626,  bFEbab3ucS3kSA9OAvvS, 1573461048000, 1574183606000, 722558000, 200:42:38
627,  B3SEpapOFZuqAWuUAC9p, 1573456057000, 1574385659000, 929602000, 258:13:22
628,  pbPa6TTa2PrLJxeGscIS, 1573447724000, 1576964483000, 3516759000, 976:52:39
629,  GGl3gqVj1HqKqV5n1bEW, 1573436155000, 1573737560000, 301405000, 83:43:25
630,  6G0PzKrbij55u5QgYZ5M, 1573435681000, 1573706629000, 270948000, 75:15:48
631,  8j6OsLMZzYIWxbQ7Vzlc, 1573434284000, 1576900811000, 3466527000, 962:55:27
632,  90D1Rk2oQofHEhbpYrMd, 1573432023000, 1575217497000, 1785474000, 495:57:54
633,  9aSs59pShhkWCj3yUAvZ, 1573429910000, 1573443301000, 13391000, 03:43:11
634,  MvtBGwbysIjuQqv7nmUr, 1573425633000, 1575410124000, 1984491000, 551:14:51
635,  ASxj6TOjqNxLxo39wn1c, 1573417343000, 1577279837000, 3862494000, 1072:54:54
636,  4pLQjHSobJGGJxFYrPfm, 1573414123000, 1575926336000, 2512213000, 697:50:13
637,  L9z2XySRUPufUjWcQqTR, 1573413851000, 1575517826000, 2103975000, 584:26:15
638,  yqY2sOnzNJIiCNap19Jq, 1573410389000, 1575789029000, 2378640000, 660:44:00
639,  6QhdhbvxFoBT3z43Xoog, 1573407474000, 1574297214000, 889740000, 247:09:00
640,  q6mnFKmi9d8t3Gng3yGm, 1573391315000, 1575575390000, 2184075000, 606:41:15
641,  P56WnrMHV4Gcf3FBp9eT, 1573377930000, 1573639284000, 261354000, 72:35:54
642,  njbKkvOM8IRo4rZ1HC9r, 1573374653000, 1575111439000, 1736786000, 482:26:26
643,  4s4hQwDD92prJ5aDCKrG, 1573367978000, 1575258983000, 1891005000, 525:16:45
644,  kqETrPXqTTOAAsb41Rge, 1573357193000, 1577157303000, 3800110000, 1055:35:10
645,  geQUyBRa8S3OTcvtRKys, 1573355845000, 1577307111000, 3951266000, 1097:34:26
646,  hLjGwswGluGXXQEAIXJT, 1573352148000, 1576720857000, 3368709000, 935:45:09
647,  irLgMwIrxuBtrFfxOsF8, 1573340882000, 1573642852000, 301970000, 83:52:50
648,  kHvfOFxPJoGVgChJnp8f, 1573338928000, 1575066641000, 1727713000, 479:55:13
649,  fGcssZ4ZXok6d1sdgcxT, 1573331601000, 1577220960000, 3889359000, 1080:22:39
650,  Qkha9voskb471SPeFG7M, 1573328861000, 1576326311000, 2997450000, 832:37:30
651,  QYxrzIhiHJeC14JFqErT, 1573318705000, 1575581414000, 2262709000, 628:31:49
652,  ax57BYNLpa44jTHcSYYS, 1573316119000, 1573425351000, 109232000, 30:20:32
653,  BwaEdi0621Hi2Fhs1ejz, 1573291844000, 1575178555000, 1886711000, 524:05:11
654,  dmY3zkNr8aenI6GAnndG, 1573290724000, 1573904928000, 614204000, 170:36:44
655,  jAZgDozh2mrlsK5MbEn1, 1573287717000, 1576400249000, 3112532000, 864:35:32
656,  WnTDQwMNc6QjxCge0I6x, 1573285886000, 1574192991000, 907105000, 251:58:25
657,  CTQPRf7XzWucJwLdexC7, 1573282362000, 1574101583000, 819221000, 227:33:41
658,  P97kgDPLh3FweLJAOa0L, 1573272815000, 1577498257000, 4225442000, 1173:44:02
659,  fwC8Dp9ps4aNgvv60Ac2, 1573266954000, 1575908614000, 2641660000, 733:47:40
660,  qSYDleQdPQ9rXSV2H2ex, 1573265671000, 1575413930000, 2148259000, 596:44:19
661,  5a2H6yhl22bUWucrEDIu, 1573253326000, 1575838604000, 2585278000, 718:07:58
662,  iMFxoDXegB2O5FSU8eLE, 1573238318000, 1574726456000, 1488138000, 413:22:18
663,  r70lHRTrjhDrFkvcfKYV, 1573236498000, 1577263032000, 4026534000, 1118:28:54
664,  AKchfFdYntFddhvnKRK9, 1573224709000, 1574778590000, 1553881000, 431:38:01
665,  4bnrZzc3z6amsk9CCPvX, 1573222960000, 1575156786000, 1933826000, 537:10:26
666,  eA2WNb0WWBB5zE1RcnDe, 1573219220000, 1577534634000, 4315414000, 1198:43:34
667,  bBNl247v2kqWqhOj6977, 1573217344000, 1575390624000, 2173280000, 603:41:20
668,  lOdSon3Ao9lDQ22UDJ2L, 1573195555000, 1573535220000, 339665000, 94:21:05
669,  r3mpj3bWEWWjf3M0zK45, 1573182421000, 1574087982000, 905561000, 251:32:41
670,  tCriMvP3k2rNk0w9hP9d, 1573171134000, 1576034507000, 2863373000, 795:22:53
671,  cnAr8swtcrYmGzcxJR9l, 1573168420000, 1574461692000, 1293272000, 359:14:32
672,  ppnkkSWghspnOPixV8oC, 1573153857000, 1577095096000, 3941239000, 1094:47:19
673,  rQvmWKwxe9H2sS7VF7mU, 1573145533000, 1575817693000, 2672160000, 742:16:00
674,  VJqK1rBVzrNIZQmfq3rr, 1573138844000, 1574413038000, 1274194000, 353:56:34
675,  mVZV3JfXjTqunAoXi1LF, 1573132676000, 1573433770000, 301094000, 83:38:14
676,  aiAbtAlUqPACNGLarBuX, 1573130131000, 1576126255000, 2996124000, 832:15:24
677,  V1PBRWIes7lEbLfvzkdM, 1573129100000, 1574661661000, 1532561000, 425:42:41
678,  lDIAlesS8nDZdCM9eYfN, 1573126408000, 1574044194000, 917786000, 254:56:26
679,  K73l2VzkdhatNqacXrg8, 1573125168000, 1575660120000, 2534952000, 704:09:12
680,  wPUXeQZKLwsdDWNvv1RO, 1573120166000, 1574844029000, 1723863000, 478:51:03
681,  vMETLBSRARntD8KHJFWJ, 1573110319000, 1577265296000, 4154977000, 1154:09:37
682,  3E2V8MQxNbiNbXDuuvAx, 1573104671000, 1575073904000, 1969233000, 547:00:33
683,  nYydnHc18sHPS2zdfLe1, 1573084349000, 1574430818000, 1346469000, 374:01:09
684,  Hc8izpJTDDXKepP38lWq, 1573078775000, 1575285049000, 2206274000, 612:51:14
685,  wycQBLKn0tYEEq4Qy2Xa, 1573074131000, 1577637691000, 4563560000, 1267:39:20
686,  T7VUgiFvMi1jF1vuOawY, 1573063009000, 1573608514000, 545505000, 151:31:45
687,  VtwkK9ypTD8hZsuP7gzH, 1573061436000, 1574858406000, 1796970000, 499:09:30
688,  5IEPkhyenteOzdO2qr65, 1573060013000, 1573229777000, 169764000, 47:09:24
689,  DxWbC1vZZOCVHagQxh8b, 1573053623000, 1573773457000, 719834000, 199:57:14
690,  bznzCjBSd3zabZZ2Zu0a, 1573053478000, 1573298741000, 245263000, 68:07:43
691,  Rw8MqTBVOGLHyAeAbY6n, 1573041634000, 1575054748000, 2013114000, 559:11:54
692,  bklySxImFyJre6RyNl6s, 1573039579000, 1575254235000, 2214656000, 615:10:56
693,  d6ol94lTg3Mjwda6iRu4, 1573034107000, 1577282100000, 4247993000, 1179:59:53
694,  olrWQ9YCBGhYQH1b9RF4, 1573030866000, 1573287573000, 256707000, 71:18:27
695,  kb7fvCqv8z3469SMjuGx, 1573026019000, 1576904879000, 3878860000, 1077:27:40
696,  ykeVLjMd0zwVXvtq447a, 1573021534000, 1577672926000, 4651392000, 1292:03:12
697,  vyAZICpD2jPzRmLevYSb, 1573018213000, 1575119517000, 2101304000, 583:41:44
698,  CI4cjpOCmarrCUQLAVmG, 1573017909000, 1576185164000, 3167255000, 879:47:35
699,  EmaOsFymU90LKyLYMNqg, 1573011370000, 1575865437000, 2854067000, 792:47:47
700,  BUu3xSlWL9xWmxtBWqcd, 1573001807000, 1573192620000, 190813000, 53:00:13
701,  TQliCn9YBsLefIzeRtCr, 1572998708000, 1575891253000, 2892545000, 803:29:05
702,  ofZBXPeOsedMdwyfM31o, 1572990735000, 1576593053000, 3602318000, 1000:38:38
703,  sotlBOi9c4Yi6tClLiDK, 1572988481000, 1574161787000, 1173306000, 325:55:06
704,  JnXV5I43byn5SxwjHS5N, 1572977860000, 1576702333000, 3724473000, 1034:34:33
705,  eBudG1qpGxNyVynsltyh, 1572966605000, 1574387752000, 1421147000, 394:45:47
706,  XQFZVCB4eXyXe2WLjHZc, 1572955020000, 1575951915000, 2996895000, 832:28:15
707,  s6pvy4c3XEdvGpsZdtud, 1572939007000, 1573065737000, 126730000, 35:12:10
708,  pYXDq4hQIYUJaTGVhGIY, 1572932508000, 1576257088000, 3324580000, 923:29:40
709,  gt7FfsIgzZIrgDipnfP5, 1572892377000, 1576781121000, 3888744000, 1080:12:24
710,  mlPvZ2eY8yKn4vNDTB1v, 1572884510000, 1577148154000, 4263644000, 1184:20:44
711,  qc0JBbPb3iPIZlOmxNgE, 1572883622000, 1575955807000, 3072185000, 853:23:05
712,  42iVyrTx0rA8xWi7ai2e, 1572876793000, 1574984645000, 2107852000, 585:30:52
713,  bbzy2qaNqMkEjNS8nFsq, 1572860615000, 1573520873000, 660258000, 183:24:18
714,  onD2Xl5UsIFvGU8v62uw, 1572858072000, 1574396763000, 1538691000, 427:24:51
715,  YfzDESbzw0DZRoFGlqUD, 1572855238000, 1574294065000, 1438827000, 399:40:27
716,  I6jEMJCT8uP4MdgSW5Nt, 1572850718000, 1575325094000, 2474376000, 687:19:36
717,  4WVMFFBKjgCRLmAkUQTB, 1572849672000, 1573027576000, 177904000, 49:25:04
718,  3JtZyweoaKRUUrvyuvCl, 1572843140000, 1574102804000, 1259664000, 349:54:24
719,  Nsdeh6fzVsdb0SqjRb9a, 1572838738000, 1576808965000, 3970227000, 1102:50:27
720,  w3h5FrtrCSNe02AhmXme, 1572836718000, 1575951859000, 3115141000, 865:19:01
721,  PL6A9m9XBNGnuJI3vM1Y, 1572835870000, 1575326658000, 2490788000, 691:53:08
722,  H6Vuq5LIbLJhePsJqmC1, 1572833586000, 1574460513000, 1626927000, 451:55:27
723,  20wNyLrCRkgqIW9LnJcc, 1572829481000, 1573856209000, 1026728000, 285:12:08
724,  wQ2AYEYnBOO0uxxEryKm, 1572824232000, 1573407083000, 582851000, 161:54:11
725,  mPV9GdFKVaUXZiwOV95H, 1572820706000, 1575805928000, 2985222000, 829:13:42
726,  4Krfd2F0bdLN8SfeLazL, 1572808327000, 1573294183000, 485856000, 134:57:36
727,  DRNZTNlH9IJn06wL7lDW, 1572797247000, 1576008967000, 3211720000, 892:08:40
728,  cik4zYxHs37Xu5QD3hNL, 1572787047000, 1575846630000, 3059583000, 849:53:03
729,  6QWzkJUYeYSuNPe3XwHO, 1572785491000, 1574439699000, 1654208000, 459:30:08
730,  JvSmTYMd0k9aj4s0R9Zj, 1572778639000, 1574917624000, 2138985000, 594:09:45
731,  TBewJo10Jh5vJEZMthU2, 1572775289000, 1575661234000, 2885945000, 801:39:05
732,  7Hwlf04QAViiMVtRB1tb, 1572775221000, 1574238351000, 1463130000, 406:25:30
733,  gayxx0d7sUNVpfKB6UBG, 1572764356000, 1577642464000, 4878108000, 1355:01:48
734,  qCpwnUryx4O8wWK9j0ih, 1572763693000, 1573457103000, 693410000, 192:36:50
735,  rkik59bwUQSjaV7xvTxJ, 1572762863000, 1577315330000, 4552467000, 1264:34:27
736,  pHdIEFcmaXtaerXzIixq, 1572760255000, 1575748037000, 2987782000, 829:56:22
737,  xvEfZfmu0ifQaHnweS30, 1572758605000, 1576660734000, 3902129000, 1083:55:29
738,  rOiAoIah2Hdcmhxq5nOl, 1572746855000, 1575642362000, 2895507000, 804:18:27
739,  c1mQ7ZgQ8NYW8PRR1YQ7, 1572743636000, 1572812736000, 69100000, 19:11:40
740,  KvxdruhEaQUstxD2XXMz, 1572739213000, 1576809926000, 4070713000, 1130:45:13
741,  H6AddDaDkbR16mvJTIdY, 1572730744000, 1577577421000, 4846677000, 1346:17:57
742,  FFldEnTJdDSQfNBrM0DD, 1572723232000, 1574536035000, 1812803000, 503:33:23
743,  iMuyNDpqRtftMSkHy5lE, 1572712559000, 1576793538000, 4080979000, 1133:36:19
744,  yCygIUgGkF7ag0BuL1st, 1572711648000, 1575324599000, 2612951000, 725:49:11
745,  rT5NroLn7Lp5pmpbWrLo, 1572702099000, 1574592375000, 1890276000, 525:04:36
746,  6rNvg1fcfEf88JV9cCGd, 1572698052000, 1575349297000, 2651245000, 736:27:25
747,  1XIodv6wkTQJumzwYwR4, 1572694993000, 1572920297000, 225304000, 62:35:04
748,  V4zqRLoSLEI8OlcJQztH, 1572693550000, 1574175514000, 1481964000, 411:39:24
749,  UmCAXagoCEFvbgEaLEYA, 1572685823000, 1575700737000, 3014914000, 837:28:34
750,  pBovi5PRK0Y8RHXuDbIm, 1572683194000, 1575483210000, 2800016000, 777:46:56
751,  byallWGXz0PkjqhQmbYM, 1572673572000, 1575788764000, 3115192000, 865:19:52
752,  1NXK66htQAZjpwKMos5L, 1572671843000, 1576895787000, 4223944000, 1173:19:04
753,  E1tC4kMXkZDORL8ijzT5, 1572667487000, 1574127402000, 1459915000, 405:31:55
754,  TJA5JErz7gJUpV7J6ihR, 1572666461000, 1575602461000, 2936000000, 815:33:20
755,  QNbUGEMzPSXKnK9y1Ucv, 1572662692000, 1574594423000, 1931731000, 536:35:31
756,  fB6iNm0O13EnocBHVJlt, 1572656070000, 1575236974000, 2580904000, 716:55:04
757,  rRjoxGdCzzdCoMFiu9OA, 1572652998000, 1574656057000, 2003059000, 556:24:19
758,  JH7gcS9SfvUfnXmSiSzc, 1572646160000, 1576198958000, 3552798000, 986:53:18
759,  vpOR4DAGCndHINdYjjL5, 1572635611000, 1573522379000, 886768000, 246:19:28
760,  q0LorKYvRreZxmZxatEY, 1572634973000, 1577065689000, 4430716000, 1230:45:16
761,  4KED00FTeEqdThiN7wyM, 1572629879000, 1577027228000, 4397349000, 1221:29:09
762,  minCo94fjUsm02f3JDio, 1572628178000, 1576325693000, 3697515000, 1027:05:15
763,  sH01uFSHehQ0vvbst6nx, 1572625070000, 1573717996000, 1092926000, 303:35:26
764,  UEANT14TpsH3yBKH1F2D, 1572622720000, 1573872066000, 1249346000, 347:02:26
765,  ZmKEVZYs94BNyXOYhADR, 1572616844000, 1576007088000, 3390244000, 941:44:04
766,  2N6M2pFZnrXMLQfi2m0I, 1572600479000, 1576168896000, 3568417000, 991:13:37
767,  wf1vlh1qJsQ5o1Da6hE0, 1572598003000, 1576300751000, 3702748000, 1028:32:28
768,  MpJLEVjovsm5kgHihIwd, 1572596926000, 1572814053000, 217127000, 60:18:47
769,  s9ZBjtohgYNu24EYEA6b, 1572594098000, 1575223043000, 2628945000, 730:15:45
770,  hnXVrh4BSqZSn0SHRMXL, 1572588657000, 1575086561000, 2497904000, 693:51:44
771,  xYbcun1WLhoCtljHS1nK, 1572579048000, 1575407353000, 2828305000, 785:38:25
772,  WwPr8fpkiH5YO9fXETsj, 1572570526000, 1575448579000, 2878053000, 799:27:33
773,  sK9ItgNoISrTydhx4TW5, 1572562738000, 1573285168000, 722430000, 200:40:30
774,  TXQeoxhwNz2o4TyTlg67, 1572561241000, 1572680954000, 119713000, 33:15:13
775,  vfhT9qjc2IlbFHjimGXt, 1572536977000, 1575969338000, 3432361000, 953:26:01
776,  e9uCheegOE7YxZ5UYAvE, 1572534711000, 1576806292000, 4271581000, 1186:33:01
777,  aXczjS5XZMBsT80TzxU7, 1572533320000, 1572852467000, 319147000, 88:39:07
778,  vchro2OPee1xLzxg1GyX, 1572529754000, 1576731504000, 4201750000, 1167:09:10
779,  aPmIjhtZryFkAjjfIWN7, 1572526042000, 1575031084000, 2505042000, 695:50:42
780,  QsmggrNz1WZTJk4hA4gF, 1572525684000, 1574102471000, 1576787000, 437:59:47
781,  E2r4l7ekH2ApJ6433dOV, 1572522063000, 1576946778000, 4424715000, 1229:05:15
782,  H5elD64dD46pI6tSybLL, 1572520916000, 1574923544000, 2402628000, 667:23:48
783,  0t9t0eekodPeyMmrOmqB, 1572503836000, 1576274024000, 3770188000, 1047:16:28
784,  Il59j5NIC0jEZ9iNCsPf, 1572497160000, 1574259057000, 1761897000, 489:24:57
785,  MPrkhe2PQUBxXQIQs5Jq, 1572493921000, 1574441622000, 1947701000, 541:01:41
786,  BxQp1FieBFlkOMOY4uFb, 1572471035000, 1574501482000, 2030447000, 564:00:47
787,  vKdFlplRkO42vMxJvPPu, 1572456036000, 1577432397000, 4976361000, 1382:19:21
788,  dyZdwMTJxStJTLoZfYce, 1572452302000, 1572460354000, 8052000, 02:14:12
789,  wetYiJoCuxZTHVAE9kxb, 1572450783000, 1574373439000, 1922656000, 534:04:16
790,  X6l1O1WQXVfxY6gmySut, 1572441712000, 1575125643000, 2683931000, 745:32:11
791,  iLeM49GTldcOsVAeGkPG, 1572439469000, 1576515228000, 4075759000, 1132:09:19
792,  4GCCsr0iRrrQAbHdfGsq, 1572432628000, 1573117818000, 685190000, 190:19:50
793,  r67cjL2f5IYu19jbsuJG, 1572412130000, 1573074341000, 662211000, 183:56:51
794,  O9HvK9XZYHTbKwVY4LKY, 1572407316000, 1575697326000, 3290010000, 913:53:30
795,  EdVoj1fkIoidaf4Y9Ca9, 1572405258000, 1575209446000, 2804188000, 778:56:28
796,  8TJPvM95JvxtrLOhYNSJ, 1572402876000, 1575921210000, 3518334000, 977:18:54
797,  jAJ8nQuDfTAXJUCWv1OI, 1572400989000, 1575770076000, 3369087000, 935:51:27
798,  u5aP7JfMlR0KKrNVTCn5, 1572393785000, 1575439945000, 3046160000, 846:09:20
799,  WtodtHzy99QcNEU7IyQ4, 1572391241000, 1573871532000, 1480291000, 411:11:31
800,  s0VE49YDlzYQ8styiB2w, 1572381753000, 1574966337000, 2584584000, 717:56:24
801,  0d7qiPtv3pB1O8m2lq0S, 1572380519000, 1576485639000, 4105120000, 1140:18:40
802,  NaYkve6oqFDxABAovZJg, 1572379555000, 1575808174000, 3428619000, 952:23:39
803,  sFneRdlbWbHVDCRdMbIN, 1572370765000, 1573649347000, 1278582000, 355:09:42
804,  ohyYugofWfRvFpC213PL, 1572370266000, 1572876393000, 506127000, 140:35:27
805,  0r41IdIlCg6LE5RfQP3P, 1572365662000, 1573065835000, 700173000, 194:29:33
806,  IIBx7fltRVT0mzfDNkFv, 1572362702000, 1574918311000, 2555609000, 709:53:29
807,  UCmd1FpRe7Ssll4S9EJP, 1572361472000, 1576507103000, 4145631000, 1151:33:51
808,  f1MbRHMMtYMtEkhIziJ0, 1572353059000, 1574116232000, 1763173000, 489:46:13
809,  rnXiPYvVWTzhS4onlD6J, 1572348581000, 1574600681000, 2252100000, 625:35:00
810,  7FjZZioeodrxoQEQiZz1, 1572347588000, 1575104786000, 2757198000, 765:53:18
811,  SLAQbOpstGxkN8gRJcwK, 1572339639000, 1577213114000, 4873475000, 1353:44:35
812,  2HDfKph46V1xeOibKQOv, 1572332978000, 1572632716000, 299738000, 83:15:38
813,  3eSIrvz3saD5syFNXbbd, 1572316319000, 1576107288000, 3790969000, 1053:02:49
814,  DVKiig5ClXSvcfi6NRog, 1572312924000, 1575461226000, 3148302000, 874:31:42
815,  5VFMhSVNTnEB08A7rnwE, 1572312764000, 1573232063000, 919299000, 255:21:39
816,  sdJ3uwCsD2qyuCtMoVGV, 1572306124000, 1575374536000, 3068412000, 852:20:12
817,  xrKk2C04bmIYZVqoJqo7, 1572300011000, 1576211531000, 3911520000, 1086:32:00
818,  JWUXdqDux9pa0AFGr2rL, 1572296170000, 1572671495000, 375325000, 104:15:25
819,  UV4BO5osF0RqLKXcABpi, 1572294548000, 1577689384000, 5394836000, 1498:33:56
820,  zA4EzAJHeEoIJsvYcpDW, 1572292739000, 1572909133000, 616394000, 171:13:14
821,  VJ62UBzKioPlGS7tKZdU, 1572291265000, 1573115462000, 824197000, 228:56:37
822,  bvSlPidQ9IEI28YedW79, 1572290094000, 1575944659000, 3654565000, 1015:09:25
823,  T57TTMaNeYMFwFZsU48t, 1572287096000, 1576038007000, 3750911000, 1041:55:11
824,  6Kpcq0jRXlPWNUOEVC61, 1572278113000, 1577014265000, 4736152000, 1315:35:52
825,  w5Wkwyme802eftcUV4ap, 1572276694000, 1574811595000, 2534901000, 704:08:21
826,  lJNJGKCnIadFdgtCXhup, 1572275259000, 1576577518000, 4302259000, 1195:04:19
827,  Wlelb9qYLKeGicIDyhVL, 1572271157000, 1574069658000, 1798501000, 499:35:01
828,  s5md8L3xJ8yZo0e73Igd, 1572254447000, 1573839386000, 1584939000, 440:15:39
829,  RRqEwZeSa0orXiIeJVub, 1572246742000, 1572951392000, 704650000, 195:44:10
830,  PNzsg6fqDog4LLNvxpI5, 1572242488000, 1574373702000, 2131214000, 592:00:14
831,  aJg2v5ygtsp7xuZoXPQm, 1572242081000, 1576139143000, 3897062000, 1082:31:02
832,  WA7ial6LgsmG3E0J96ls, 1572239903000, 1576918068000, 4678165000, 1299:29:25
833,  bb5QyOcNR0JSqYQZppIa, 1572209560000, 1575769850000, 3560290000, 988:58:10
834,  54Dk3mzy6DutPuGJhxYW, 1572201111000, 1574163635000, 1962524000, 545:08:44
835,  Yy4rNc7j51eOh5CTmdiL, 1572197658000, 1576499394000, 4301736000, 1194:55:36
836,  JpS06JsSxuwdWqODY56a, 1572197263000, 1573212047000, 1014784000, 281:53:04
837,  yduvyKZY0ZIXuXQWDKet, 1572185921000, 1573167321000, 981400000, 272:36:40
838,  K1s2JbsGNVPLm0GRDjZj, 1572183616000, 1574635208000, 2451592000, 680:59:52
839,  5R9HDrcNJ7I5iU22a65z, 1572183303000, 1576556541000, 4373238000, 1214:47:18
840,  Tq3wOYfHGIMk8E4YsV7q, 1572171916000, 1572568542000, 396626000, 110:10:26
841,  XFnEE4nTXWnNfmF8t4MJ, 1572167439000, 1572239763000, 72324000, 20:05:24
842,  wEeO84CT2WIlnxaqkXVs, 1572152941000, 1577468460000, 5315519000, 1476:31:59
843,  BWpaEwzX54nzaywqMm6v, 1572145798000, 1572374302000, 228504000, 63:28:24
844,  2S615XKmmKTmrXzGhbD1, 1572139852000, 1572417419000, 277567000, 77:06:07
845,  97UBaLMnLOW1jd45IUS5, 1572138369000, 1572220947000, 82578000, 22:56:18
846,  sIUPPM3XcED7Q9GJGxOi, 1572138168000, 1574070321000, 1932153000, 536:42:33
847,  MTcsbT6fDr9ys3VGsxHK, 1572137175000, 1575553909000, 3416734000, 949:05:34
848,  Ax2oAyjLnQmfxsQj5sSR, 1572126815000, 1573175105000, 1048290000, 291:11:30
849,  qACbH03jhcOwA7AbiTE4, 1572119936000, 1577131225000, 5011289000, 1392:01:29
850,  J7vSA2rElpsHz3VVc7R7, 1572119632000, 1575771617000, 3651985000, 1014:26:25
851,  X67toj8IZRKj257oxSVG, 1572118860000, 1576893388000, 4774528000, 1326:15:28
852,  5Os5wi3PcyGmC2LbcKWT, 1572118361000, 1574933717000, 2815356000, 782:02:36
853,  ijmSQ5ILg6tQH54lxHZY, 1572091691000, 1573452599000, 1360908000, 378:01:48
854,  s4qurikgPycizHIfOKWX, 1572087491000, 1575067641000, 2980150000, 827:49:10
855,  y30TQ7jL0gnqrPUZr5e2, 1572082809000, 1576532915000, 4450106000, 1236:08:26
856,  GXJ42BIjFzp1bDBx3sXp, 1572047967000, 1573662193000, 1614226000, 448:23:46
857,  dWwevk4bWtH6KtFDocr2, 1572038343000, 1573216910000, 1178567000, 327:22:47
858,  3etIEbxp90vhRNi15eox, 1572034783000, 1572491831000, 457048000, 126:57:28
859,  UzH2nIdPoKAThpWScwFf, 1572023601000, 1575325884000, 3302283000, 917:18:03
860,  IXEjUDHzHfLx1zdGaVc7, 1572017286000, 1572949084000, 931798000, 258:49:58
861,  3cSvycfBTcfq8xZEHolV, 1572005148000, 1576169181000, 4164033000, 1156:40:33
862,  TnVPCC9hR9pTnIicJLQc, 1571999441000, 1573261559000, 1262118000, 350:35:18
863,  dWQ51EFv9dW3YSyfDB4a, 1571991234000, 1574129999000, 2138765000, 594:06:05
864,  OFKtIX1R5TnTpZBBIFr7, 1571972358000, 1574198684000, 2226326000, 618:25:26
865,  woLiPu2EQ2B04mL44UIO, 1571969456000, 1573452010000, 1482554000, 411:49:14
866,  NUaCMNMK32Y1XAwsJPRy, 1571967865000, 1572753759000, 785894000, 218:18:14
867,  4viEJmdvJWMtVhtXiFym, 1571967086000, 1572331752000, 364666000, 101:17:46
868,  T2Nw12oDPFhKKnQZXQBu, 1571965499000, 1575285963000, 3320464000, 922:21:04
869,  yPqr8oNd0KAIv2hHP5xT, 1571964901000, 1572072784000, 107883000, 29:58:03
870,  olqD128QyTN08fahsFWH, 1571963209000, 1574384935000, 2421726000, 672:42:06
871,  a8qFjkiJOT6QTB3w2XLn, 1571939181000, 1574801059000, 2861878000, 794:57:58
872,  jIEdwEzgI5HbyVUMOsB8, 1571934202000, 1574656946000, 2722744000, 756:19:04
873,  jmrlnb5VGNmgJIpCtA0W, 1571933509000, 1572203802000, 270293000, 75:04:53
874,  Tr8htaFSXfru5DnSM9DC, 1571929349000, 1577623360000, 5694011000, 1581:40:11
875,  eHEB8TsyPbGYmqEoEuxx, 1571925224000, 1577267711000, 5342487000, 1484:01:27
876,  JHabQsBtHUfJRQWk1Q2O, 1571920597000, 1577483024000, 5562427000, 1545:07:07
877,  Pr3MnBocUpEew9PnFrPX, 1571904254000, 1573541265000, 1637011000, 454:43:31
878,  7hEGxCQmuNO2WD9BtU7u, 1571895915000, 1577220125000, 5324210000, 1478:56:50
879,  n75ci8twPPv8OPnQ7DQR, 1571891648000, 1574878831000, 2987183000, 829:46:23
880,  0BX1just1258J88lEyFO, 1571853174000, 1576922604000, 5069430000, 1408:10:30
881,  xyT2CB6AOU2Ih2htZumN, 1571845977000, 1574234802000, 2388825000, 663:33:45
882,  qBZgIW1skhf4bDl5D8sK, 1571837258000, 1572763227000, 925969000, 257:12:49
883,  JHIyFSkU6NRisOEWTKmm, 1571819366000, 1574143187000, 2323821000, 645:30:21
884,  hhaxm5qaSILuvztpzJKa, 1571817419000, 1576019937000, 4202518000, 1167:21:58
885,  DR91Frlr6RP39L05E60M, 1571817003000, 1573535603000, 1718600000, 477:23:20
886,  nD8r255DgUMvQJXJQ3Sg, 1571788660000, 1573292435000, 1503775000, 417:42:55
887,  ubIFP22T8oiBXguCYELm, 1571786620000, 1572781654000, 995034000, 276:23:54
888,  4mIiJuHQTLOVB1m7jCPK, 1571785340000, 1574769545000, 2984205000, 828:56:45
889,  QRVw6Dm30kV8UFTvCoRz, 1571777819000, 1577667819000, 5890000000, 1636:06:40
890,  Pu74plOni00e1g3FnwBH, 1571775942000, 1574608904000, 2832962000, 786:56:02
891,  cnIX9jayh1jhKIjg32NA, 1571753348000, 1572642797000, 889449000, 247:04:09
892,  OewDz9xkZ4F8jXh5Omwl, 1571750024000, 1571858113000, 108089000, 30:01:29
893,  WMpfxXTIX4kRgoYDXyzU, 1571748950000, 1573145548000, 1396598000, 387:56:38
894,  FZ6Ln2DCBwVAjDTkfKZl, 1571740926000, 1574496420000, 2755494000, 765:24:54
895,  ML2SyuIke9teieANs7US, 1571717305000, 1573034085000, 1316780000, 365:46:20
896,  or97ynzdoc6XYXEMKZ1n, 1571715651000, 1574113035000, 2397384000, 665:56:24
897,  kK0A2l4oXU4WWI5qhTud, 1571709728000, 1576540491000, 4830763000, 1341:52:43
898,  LlsfSIVurTTaJB40sP9X, 1571707731000, 1576754317000, 5046586000, 1401:49:46
899,  5UEvO0oePkMngY9SzzOF, 1571704806000, 1576427253000, 4722447000, 1311:47:27
900,  1iE8bPddd40fsliKEZ9e, 1571703937000, 1574388103000, 2684166000, 745:36:06
901,  oNxRc6FKEzwfIKJ49RvB, 1571702958000, 1572810243000, 1107285000, 307:34:45
902,  amUvAmFWtiekNwiNuTgi, 1571693819000, 1573105300000, 1411481000, 392:04:41
903,  BfduRfHjP6WzW8hM2sir, 1571675735000, 1572032509000, 356774000, 99:06:14
904,  d76VlkjM81a3RNNrpYUB, 1571663949000, 1573411559000, 1747610000, 485:26:50
905,  b5JImmymV8IRod6MbsLB, 1571657663000, 1571845192000, 187529000, 52:05:29
906,  aAjVZIluIGBrKveH6FPm, 1571657634000, 1575611283000, 3953649000, 1098:14:09
907,  wSu4oe0mN0F1LZslkHuA, 1571649122000, 1571655727000, 6605000, 01:50:05
908,  vOZfG9yGz50rviSajsvr, 1571645702000, 1574648082000, 3002380000, 833:59:40
909,  yWsIZThWB2a7gZyt6pbn, 1571638240000, 1572712121000, 1073881000, 298:18:01
910,  ZbUdwTMo73XHbhnJnKxj, 1571622936000, 1575121643000, 3498707000, 971:51:47
911,  P1H0PaamuzoWVnTNVJmj, 1571611707000, 1572142621000, 530914000, 147:28:34
912,  NEXOnOjNBIcLyGTHLQFr, 1571611021000, 1573265900000, 1654879000, 459:41:19
913,  okarJz4sXPvRUELXjmNH, 1571607283000, 1571814692000, 207409000, 57:36:49
914,  GqcZvAkxXT34OarsYJjF, 1571600123000, 1572749203000, 1149080000, 319:11:20
915,  5T5gBAG5JMlrkaasoLqn, 1571599601000, 1577001050000, 5401449000, 1500:24:09
916,  BDDVySM4Z7g9Qu0UzMZ1, 1571599113000, 1577267374000, 5668261000, 1574:31:01
917,  k1KicbHKthWAqsyrLtY4, 1571591612000, 1575878596000, 4286984000, 1190:49:44
918,  y3bAoJIGuYHWnuUwDl8o, 1571590719000, 1572057969000, 467250000, 129:47:30
919,  f5mMJv2fjSQI4zS8Gkkn, 1571572863000, 1574451372000, 2878509000, 799:35:09
920,  vEsH61rqo659R9oUUiEd, 1571561302000, 1572078900000, 517598000, 143:46:38
921,  wPwnRV9r9HuqmCeMlRjv, 1571558862000, 1575861032000, 4302170000, 1195:02:50
922,  SwveCwfh0AWvzBiMuiYA, 1571556637000, 1572331909000, 775272000, 215:21:12
923,  lUEkIPJDi17OAu8Itcnk, 1571555361000, 1577347132000, 5791771000, 1608:49:31
924,  dYRDS2N1ErfX4qQDI212, 1571555325000, 1573216828000, 1661503000, 461:31:43
925,  GxQpQg2CnsWEiaz5JHeB, 1571550045000, 1571958429000, 408384000, 113:26:24
926,  zEYRQpQRPeSWFxv2GqBu, 1571549853000, 1576676067000, 5126214000, 1423:56:54
927,  qg1KSjLQgubFEJ6DSHHI, 1571547488000, 1573928446000, 2380958000, 661:22:38
928,  xp6lodtQ9BJwrCEggTuJ, 1571545198000, 1577329026000, 5783828000, 1606:37:08
929,  PHfQZg1Qdap0y2OJXB03, 1571545187000, 1573416689000, 1871502000, 519:51:42
930,  rk5siNrr3GuGSRVMGT92, 1571544750000, 1574495770000, 2951020000, 819:43:40
931,  UmhN9DpxXvg9rx0cMst8, 1571539982000, 1574032078000, 2492096000, 692:14:56
932,  HM43oFUTlx8TKqFXwoY2, 1571534460000, 1572752523000, 1218063000, 338:21:03
933,  bEZOqVeaDl97aIzkZfrC, 1571525855000, 1577645455000, 6119600000, 1699:53:20
934,  A5WEMi5HdFJwxwfh4zDF, 1571515659000, 1574897681000, 3382022000, 939:27:02
935,  LDHw7ph5vM6wA3JZdbYm, 1571511993000, 1574049070000, 2537077000, 704:44:37
936,  ohvKxMoLB1UOsVwyeNS1, 1571493374000, 1576960239000, 5466865000, 1518:34:25
937,  V7RYZx3EfXAccR6b3V59, 1571490141000, 1572967253000, 1477112000, 410:18:32
938,  VaLeGe6CAOi9JDr3yBLI, 1571481349000, 1577557270000, 6075921000, 1687:45:21
939,  eyHyZHQ0nLxzg7V9doPI, 1571481109000, 1574581965000, 3100856000, 861:20:56
940,  Jf5aamJzJZhary5QYuR1, 1571479718000, 1574866342000, 3386624000, 940:43:44
941,  BisLUEntSuB3uIA5zUKm, 1571460894000, 1573455978000, 1995084000, 554:11:24
942,  yG2hehCJUiRbhQ1EotcI, 1571449992000, 1572097877000, 647885000, 179:58:05
943,  FNfNYXIwGQktngYCWtL2, 1571448752000, 1573894960000, 2446208000, 679:30:08
944,  tK4AUpsaks80fxYKUwQ7, 1571441753000, 1572788900000, 1347147000, 374:12:27
945,  TFThZ9d9dc5k2s8aV4nN, 1571439550000, 1574439371000, 2999821000, 833:17:01
946,  1pDsTCCmxnUK9zXUp0UH, 1571437642000, 1574951758000, 3514116000, 976:08:36
947,  yhJ9Atk83LM0LAQvxJvL, 1571432093000, 1574737120000, 3305027000, 918:03:47
948,  RjSmIBx7tzVUN3kZby13, 1571428784000, 1574433380000, 3004596000, 834:36:36
949,  FhG9Pmd34v3Rr5tJL7oC, 1571416933000, 1574082761000, 2665828000, 740:30:28
950,  b20An1lpLT4ZuLOEXFXc, 1571414606000, 1576549120000, 5134514000, 1426:15:14
951,  U9MOe5zvl2CQiabq2SQQ, 1571411051000, 1573553727000, 2142676000, 595:11:16
952,  M7hbAZ3tzRuF0HBgEM49, 1571389682000, 1571435855000, 46173000, 12:49:33
953,  NS8vAxZOyd0Aqqdzd3B6, 1571386983000, 1575466432000, 4079449000, 1133:10:49
954,  vdhED4zChgaqNYC39xiQ, 1571384833000, 1577067928000, 5683095000, 1578:38:15
955,  Y5s3EZtA4988n2yn4E4a, 1571359003000, 1575105873000, 3746870000, 1040:47:50
956,  1dihVUSaKZyawIRTMsMH, 1571358352000, 1577556988000, 6198636000, 1721:50:36
957,  WoYZlxNIBB9UOEVZHjnC, 1571357134000, 1572368352000, 1011218000, 280:53:38
958,  LhsYqf5aWEjjjWuttrjX, 1571348568000, 1575056059000, 3707491000, 1029:51:31
959,  4YfcJxWpuBgbpf42dMw6, 1571345378000, 1576745205000, 5399827000, 1499:57:07
960,  KNDteewdHEn8mPNuOXNX, 1571329184000, 1572234625000, 905441000, 251:30:41
961,  iYFBEq7CODz9dsT3wz24, 1571327452000, 1573851678000, 2524226000, 701:10:26
962,  kEOonRqhetxJTmr7IqwB, 1571326980000, 1575056641000, 3729661000, 1036:01:01
963,  ICZQAGI7ZGTdMjcpvAIm, 1571325396000, 1573223912000, 1898516000, 527:21:56
964,  xDjyRtayVXCAs7HFPvO8, 1571319141000, 1571615648000, 296507000, 82:21:47
965,  I7attlMMFTBMgCLuR7Jn, 1571314727000, 1577483089000, 6168362000, 1713:26:02
966,  44JwqYHwrbdwGnN6ycCe, 1571307107000, 1572583318000, 1276211000, 354:30:11
967,  vOad9y4I4AFq01rG2E7y, 1571295066000, 1574260857000, 2965791000, 823:49:51
968,  eERX0eOzE6nkmpRZrLkD, 1571279130000, 1575598640000, 4319510000, 1199:51:50
969,  uDr2zWVplSyetMaAmwsl, 1571274619000, 1571868019000, 593400000, 164:50:00
970,  Yetuc9a2Vi7B3Yc6f6QS, 1571272114000, 1576427790000, 5155676000, 1432:07:56
971,  vZIKEJd7jsTVS4IjS3kn, 1571265439000, 1571869709000, 604270000, 167:51:10
972,  xGRxbK9Z9Pmduflz9V6R, 1571248775000, 1573564213000, 2315438000, 643:10:38
973,  lz3y7jZBykP9PGpaaF18, 1571242664000, 1577290747000, 6048083000, 1680:01:23
974,  747ZG0fGIdFi4mtagCF8, 1571231327000, 1573050245000, 1818918000, 505:15:18
975,  cCgrml7rY3n3HLiO1DZr, 1571230122000, 1575288137000, 4058015000, 1127:13:35
976,  DaBY19dEYchnS92Oe84z, 1571228000000, 1572123674000, 895674000, 248:47:54
977,  YWIY5GdnShawX6bNSCwh, 1571221310000, 1576363029000, 5141719000, 1428:15:19
978,  hxfwOH0dLE9TwniYUGTp, 1571217708000, 1573395915000, 2178207000, 605:03:27
979,  yJVJacarGKu9WcBNxuzm, 1571216609000, 1573382580000, 2165971000, 601:39:31
980,  VTA9xhZZZ87D6WtHRRmy, 1571208543000, 1573077665000, 1869122000, 519:12:02
981,  jBZs9t0OpNCxdWlF5Rae, 1571199460000, 1577029152000, 5829692000, 1619:21:32
982,  uHatJZ1zoCkk30nKCP2N, 1571199447000, 1573603273000, 2403826000, 667:43:46
983,  X6X89MdS6zOmVRE2H5w7, 1571190934000, 1572383395000, 1192461000, 331:14:21
984,  GvGZ8FGzFlltNSPyrEKb, 1571181110000, 1575864258000, 4683148000, 1300:52:28
985,  mZ9qe2yn1PskAzujkTGS, 1571176045000, 1573016369000, 1840324000, 511:12:04
986,  Qx69fdGrnpnpmP768wgO, 1571169550000, 1574454809000, 3285259000, 912:34:19
987,  QDuDGwGjzOG3Zltxou6Q, 1571164773000, 1575199218000, 4034445000, 1120:40:45
988,  uwIDqPFsBplOTZq8WQjD, 1571144245000, 1572488570000, 1344325000, 373:25:25
989,  g258VpFEJcgdnpoDn3bp, 1571134284000, 1575501875000, 4367591000, 1213:13:11
990,  MAQW9rNXf3FjhgM3e1Jd, 1571130386000, 1571373928000, 243542000, 67:39:02
991,  8mTKdOs0fIVHapTp30aG, 1571117671000, 1575220149000, 4102478000, 1139:34:38
992,  blrY3Fp6giVDUv7a9o3a, 1571095226000, 1576167999000, 5072773000, 1409:06:13
993,  JocSKcvHvpbGIwk3BUm0, 1571086453000, 1576410659000, 5324206000, 1478:56:46
994,  IvEZXF4f11xp7c7UmDDv, 1571085143000, 1572709663000, 1624520000, 451:15:20
995,  Xqqie3cwZauRtDusSUTt, 1571082028000, 1576900109000, 5818081000, 1616:08:01
996,  MNrlkeQ0QpFBr0AStfSZ, 1571078229000, 1574150689000, 3072460000, 853:27:40
997,  1UearPapXBBdeyH3ClKx, 1571070359000, 1576332315000, 5261956000, 1461:39:16
998,  wuGsMAnwdAmRTxkhi9A0, 1571064530000, 1577577617000, 6513087000, 1809:11:27
999,  tvQ7bJwa9X0qpHRXCQmW, 1571062961000, 1573075022000, 2012061000, 558:54:21
1000,  W3RKsomNCKqQO9zIsFwO, 1571054017000, 1575451409000, 4397392000, 1221:29:52
1001,  0SSJeiYAzG06WxlliLaD, 1571049796000, 1573933134000, 2883338000, 800:55:38
1002,  FWuysR7Mj7hLMWESNbe6, 1571045149000, 1571394212000, 349063000, 96:57:43
1003,  jl0q0nQRtcMfQrPZDABY, 1571042172000, 1574632601000, 3590429000, 997:20:29
1004,  reHEhWqFDg1ftlwMAbRs, 1571027524000, 1571874027000, 846503000, 235:08:23
1005,  WSKNyvWtVzhDMCbGv5s3, 1571024154000, 1577626429000, 6602275000, 1833:57:55
1006,  hCvewf5DxbJHLJOB7FAB, 1571020766000, 1573205698000, 2184932000, 606:55:32
1007,  XL5rCKmzUTjfEuDzwM11, 1571020193000, 1572719474000, 1699281000, 472:01:21
1008,  QMOYF83z1ZLUZjVXGOKX, 1571018490000, 1576063375000, 5044885000, 1401:21:25
1009,  frCx4zDPVO0ELS8uvXpp, 1570999637000, 1575101655000, 4102018000, 1139:26:58
1010,  F1mLzHjp2w3dcmSEd8XN, 1570997789000, 1574878624000, 3880835000, 1078:00:35
1011,  PAs4qSWAon3EE9Xvdkcf, 1570994869000, 1576746694000, 5751825000, 1597:43:45
1012,  HOaEAqlZ3SAyTFlmuvi9, 1570988436000, 1574562282000, 3573846000, 992:44:06
1013,  TIKyYl9csEjDyb2zsYIC, 1570986113000, 1572391148000, 1405035000, 390:17:15
1014,  0mgwV3C84CyAYXK3Xuzw, 1570979122000, 1575426187000, 4447065000, 1235:17:45
1015,  dmFGFRxLvqKBcknbq1Rp, 1570975601000, 1571788562000, 812961000, 225:49:21
1016,  S8rPu5BkRXcuszolgcvS, 1570972594000, 1577394654000, 6422060000, 1783:54:20
1017,  NtqrGTub65oe5RN7KuNs, 1570964094000, 1572112002000, 1147908000, 318:51:48
1018,  qEHBADzL03PhDrUK3U83, 1570960414000, 1573028689000, 2068275000, 574:31:15
1019,  S83oVsRFeXd69L2JsTkl, 1570942639000, 1576652608000, 5709969000, 1586:06:09
1020,  YEvirFemnoqlaUcBu7wj, 1570936308000, 1576909819000, 5973511000, 1659:18:31
1021,  p5DRFqh7Pypm2WUQrZfs, 1570929557000, 1571899500000, 969943000, 269:25:43
1022,  anZr1dHeXhdcNuOEsysC, 1570928449000, 1575073780000, 4145331000, 1151:28:51
1023,  kDyX4sfzHDlTBoqU8Azx, 1570924566000, 1571329606000, 405040000, 112:30:40
1024,  KpmV0Ll3eL6xfBWG2VZk, 1570918984000, 1572523333000, 1604349000, 445:39:09
1025,  EVSAGO6IXFjk1cGmtHIW, 1570918861000, 1574187895000, 3269034000, 908:03:54
1026,  0JJ3SzTNPHBRsJsSTT0d, 1570911749000, 1572477834000, 1566085000, 435:01:25
1027,  3D1ho43hW3gUsr5lp3Dc, 1570906633000, 1573252350000, 2345717000, 651:35:17
1028,  CqUqqt6kM7Ofa5GrgV56, 1570904096000, 1573524289000, 2620193000, 727:49:53
1029,  7QwRVxaMaYZRQEVYUwLu, 1570894425000, 1575716378000, 4821953000, 1339:25:53
1030,  3VCecoGJYnPQO3CFDDih, 1570893141000, 1575658627000, 4765486000, 1323:44:46
1031,  YzgW0oFqKBCh07e0BR56, 1570883450000, 1575409741000, 4526291000, 1257:18:11
1032,  bUKORVi2bIfGSwXMy96I, 1570874169000, 1573474973000, 2600804000, 722:26:44
1033,  CGIVLHK7tFLZXNiSW8IJ, 1570863906000, 1571058241000, 194335000, 53:58:55
1034,  RqXHrc8ecIK8Ck9A147e, 1570838944000, 1572361356000, 1522412000, 422:53:32
1035,  stUoZx2Yy2pzcgXsjsQl, 1570830569000, 1573107331000, 2276762000, 632:26:02
1036,  C471EUlXC6nEpFxlyh3K, 1570829889000, 1574603379000, 3773490000, 1048:11:30
1037,  sXXpsi6f1JQ2RjhNNShR, 1570829161000, 1576079566000, 5250405000, 1458:26:45
1038,  D5P6gKJkRsydPxEuOahE, 1570825374000, 1574278733000, 3453359000, 959:15:59
1039,  BPeWy03xEfLWfjmCu3f1, 1570824082000, 1576749516000, 5925434000, 1645:57:14
1040,  E3GALQq90tYcjuANRrLr, 1570816218000, 1572325357000, 1509139000, 419:12:19
1041,  J3YzXGm8l1jqGQC1BYbx, 1570814374000, 1575530525000, 4716151000, 1310:02:31
1042,  eIekYr3v4vUFdCoolf0M, 1570809842000, 1576627723000, 5817881000, 1616:04:41
1043,  PE2UwtEDF6Z2Ntk5JtNm, 1570797492000, 1574089317000, 3291825000, 914:23:45
1044,  2rfWMxOR1uNK9fFqbNWU, 1570788288000, 1574973549000, 4185261000, 1162:34:21
1045,  bfcDXppKvLWM1rFe4p8h, 1570788249000, 1576187562000, 5399313000, 1499:48:33
1046,  LaN2t9hzeL4BYUzH26FF, 1570771523000, 1575585892000, 4814369000, 1337:19:29
1047,  vRU6iihR1tDTLDApxEHw, 1570757211000, 1572684711000, 1927500000, 535:25:00
1048,  pRciQl8mIlC8xz6brRRS, 1570757047000, 1575794689000, 5037642000, 1399:20:42
1049,  xCoTsLc6xXZlKhQ942pB, 1570756314000, 1573887424000, 3131110000, 869:45:10
1050,  VwpnewvLiNDA0fH6cTab, 1570756154000, 1573997596000, 3241442000, 900:24:02
1051,  DMBgOlcOoIiliqzSnofC, 1570753841000, 1572936485000, 2182644000, 606:17:24
1052,  xBqJBV0sRDlWeA7K0dR7, 1570743787000, 1572358026000, 1614239000, 448:23:59
1053,  bgYrRHRYOOtik2RPiRFT, 1570740488000, 1572694225000, 1953737000, 542:42:17
1054,  nXhTvYTwWDVB6cjXcXQ8, 1570735654000, 1576561236000, 5825582000, 1618:13:02
1055,  QXEvi0yzEsgzLRoRySm4, 1570732529000, 1572857326000, 2124797000, 590:13:17
1056,  sf4veqdDXpyHcGNGvrsP, 1570724507000, 1571348362000, 623855000, 173:17:35
1057,  39jffgNvrablAfmRtw61, 1570718692000, 1575847103000, 5128411000, 1424:33:31
1058,  6WfEn4klwzOzGeuJeay6, 1570715107000, 1575309208000, 4594101000, 1276:08:21
1059,  J8XWu6nKy9eo0XdqBqUq, 1570712479000, 1576474914000, 5762435000, 1600:40:35
1060,  tAqnlie96fq66k2DYnnn, 1570696845000, 1571554276000, 857431000, 238:10:31
1061,  dcrcuivEW4ITzTFD25cN, 1570694172000, 1571708659000, 1014487000, 281:48:07
1062,  6bEZLpd48vvXGV8PrNIN, 1570693804000, 1576011013000, 5317209000, 1477:00:09
1063,  m5wSofJKqZyFYaHOR3t7, 1570693608000, 1571870051000, 1176443000, 326:47:23
1064,  Cg10KdKVnflmnwyeMbXm, 1570687229000, 1576159095000, 5471866000, 1519:57:46
1065,  S1OAcOXAiurAcKZ5hQ3I, 1570686469000, 1572420637000, 1734168000, 481:42:48
1066,  YJPu9VM8dz4snmh7wacD, 1570684252000, 1572697236000, 2012984000, 559:09:44
1067,  xYFsUPJi3FfmxVAGfZKC, 1570661512000, 1576549005000, 5887493000, 1635:24:53
1068,  5ekibGdr8MdybhgQv8Zh, 1570649507000, 1577120555000, 6471048000, 1797:30:48
1069,  5luwHSKOnFcuAZyUjwLk, 1570634280000, 1572225767000, 1591487000, 442:04:47
1070,  hOAzUckxaW6BNqTmnJVd, 1570633726000, 1570846952000, 213226000, 59:13:46
1071,  8Dex93WG3XbQe8K5NHrB, 1570628884000, 1576585116000, 5956232000, 1654:30:32
1072,  EyyBZD6D8QGhxxrWTDVW, 1570626845000, 1575934879000, 5308034000, 1474:27:14
1073,  QFseFd1qJ4ksQCCfvHzp, 1570615214000, 1576567429000, 5952215000, 1653:23:35
1074,  fgVEuxWPqz3rAQAQHYiI, 1570611713000, 1575266914000, 4655201000, 1293:06:41
1075,  BHqjLjOCBVTN1tWSlGbM, 1570607841000, 1570636754000, 28913000, 08:01:53
1076,  qMpM9BNAPBMwdP87eEOs, 1570603120000, 1576515698000, 5912578000, 1642:22:58
1077,  RW7KKo9ZdUw5Gig3TAJu, 1570596727000, 1577436489000, 6839762000, 1899:56:02
1078,  ohlM4piCc5DMmkzBftV4, 1570592781000, 1570802937000, 210156000, 58:22:36
1079,  LTRjZpVBt75qCfLXLrwn, 1570580301000, 1575414655000, 4834354000, 1342:52:34
1080,  IMu9Mzp9xPVNme7UXqz2, 1570574078000, 1572021023000, 1446945000, 401:55:45
1081,  UWD0ZmWia5L3ZAq51mDa, 1570573595000, 1571406200000, 832605000, 231:16:45
1082,  unoWgD26p9RhJc008SyZ, 1570569067000, 1575839200000, 5270133000, 1463:55:33
1083,  Fd3QE0j3xgzzyBp1mxxO, 1570568706000, 1576573280000, 6004574000, 1667:56:14
1084,  ZAyYoBksnJLn9bBypp6R, 1570567943000, 1574965187000, 4397244000, 1221:27:24
1085,  wGO26W32FnwKuTvZG6rV, 1570558792000, 1573797801000, 3239009000, 899:43:29
1086,  nNqOdE9rkG2Lw5BERKq0, 1570553836000, 1574266810000, 3712974000, 1031:22:54
1087,  ssvjSTqPMl7bPqRr6ae6, 1570553545000, 1570916493000, 362948000, 100:49:08
1088,  EY29Db9vDFpkExC5hI1I, 1570539102000, 1570969393000, 430291000, 119:31:31
1089,  NGNSYZ07HRWzaPwrGwDP, 1570531486000, 1575923612000, 5392126000, 1497:48:46
1090,  0rbdSPqiVA7Gm0tqUTyG, 1570530907000, 1573123584000, 2592677000, 720:11:17
1091,  kfDiO67cxSQLhzWHwjN6, 1570525662000, 1574318077000, 3792415000, 1053:26:55
1092,  W7qUsBGYOHBvSK82OqQV, 1570521547000, 1571957796000, 1436249000, 398:57:29
1093,  oMgS75JN7yYA190isVSx, 1570521392000, 1574314273000, 3792881000, 1053:34:41
1094,  ymZ7Uyt4UJeh9ldTjcR0, 1570517425000, 1576942590000, 6425165000, 1784:46:05
1095,  OFcUyJXs7l26XJjCLF6O, 1570517398000, 1570677461000, 160063000, 44:27:43
1096,  UHDtt5mWJk9kkSRP9TAT, 1570516608000, 1572593601000, 2076993000, 576:56:33
1097,  hgtnbsmfubLmQBGxGIxz, 1570508419000, 1576963078000, 6454659000, 1792:57:39
1098,  B3RWJUg4skKwlnIFqyJ5, 1570506602000, 1573912727000, 3406125000, 946:08:45
1099,  XuRxagjALKNj9YOIyKYu, 1570489571000, 1570949873000, 460302000, 127:51:42
1100,  j7Tro0Rd2XgIpgdnWFuk, 1570472800000, 1574339665000, 3866865000, 1074:07:45
1101,  h72q4oPzhmL4FAngI3Lq, 1570469905000, 1572382642000, 1912737000, 531:18:57
1102,  UgyWgRHDzCj12nphbjBx, 1570469854000, 1572477233000, 2007379000, 557:36:19
1103,  eZ0kvtCHIx1B6fAlHMOi, 1570459092000, 1570902912000, 443820000, 123:17:00
1104,  AX0TrjIy42oedSxkVJTE, 1570443779000, 1570932266000, 488487000, 135:41:27
1105,  8pYCYLbM6zmph9aIWSuX, 1570419989000, 1577276715000, 6856726000, 1904:38:46
1106,  nV6o17AfchiXCFNTbP1t, 1570418450000, 1573638513000, 3220063000, 894:27:43
1107,  uYwCYzG1JTJ3fJX1qWwS, 1570415278000, 1576424760000, 6009482000, 1669:18:02
1108,  4UaoPeS3MQLTpw5l5FAr, 1570412579000, 1575698458000, 5285879000, 1468:17:59
1109,  imDsJk2NSwTKoDoOQxEn, 1570403372000, 1577651443000, 7248071000, 2013:21:11
1110,  mERZDatI56Vw736OjAsx, 1570394934000, 1573097115000, 2702181000, 750:36:21
1111,  nCHyIBnreJLJKGiMbQ6x, 1570390026000, 1576988310000, 6598284000, 1832:51:24
1112,  apaJREPatNg4fCBC8b4u, 1570375097000, 1575248716000, 4873619000, 1353:46:59
1113,  QcvfWsLAesCSwBngdVRg, 1570366570000, 1574770379000, 4403809000, 1223:16:49
1114,  aBSZyzwOpJaJQYRtGXJ1, 1570352555000, 1576067006000, 5714451000, 1587:20:51
1115,  06Mh5QdmQqmPl0Da7X3m, 1570351368000, 1570491617000, 140249000, 38:57:29
1116,  HCOtx9XS1JC8xQB8fyrr, 1570343686000, 1576298728000, 5955042000, 1654:10:42
1117,  uhyDSwOTNYuzyMbd0Lp6, 1570323786000, 1576267098000, 5943312000, 1650:55:12
1118,  J80tUXQ5UgpJuViFRMzx, 1570320882000, 1572555468000, 2234586000, 620:43:06
1119,  zGd6ZE9oHLVgp07LavJV, 1570312519000, 1575345587000, 5033068000, 1398:04:28
1120,  tcVewmjidPHb6MmsVwTU, 1570304164000, 1574024429000, 3720265000, 1033:24:25
1121,  8kY5V2KrIUczlcInvbqk, 1570298801000, 1577490420000, 7191619000, 1997:40:19
1122,  s4vE3wBOQPwqWLi2L1As, 1570286048000, 1574459195000, 4173147000, 1159:12:27
1123,  ED2MMlKWD6waXGL9ldJk, 1570284287000, 1573886867000, 3602580000, 1000:43:00
1124,  eXHUDiXXs6WDOqwhFfCz, 1570278830000, 1577194816000, 6915986000, 1921:06:26
1125,  6Ap4gzxeN447iDZ1kEhm, 1570269882000, 1572426089000, 2156207000, 598:56:47
1126,  0yd2sHesLxBGS8SvjkzC, 1570255599000, 1577336290000, 7080691000, 1966:51:31
1127,  NBoiMFzhWV7uBLptqQve, 1570235886000, 1577314980000, 7079094000, 1966:24:54
1128,  JHV9Le84mkQ2nqsMxM8P, 1570234178000, 1570684669000, 450491000, 125:08:11
1129,  qMSMsRB5OlWEeXI8TqwX, 1570232008000, 1572389436000, 2157428000, 599:17:08
1130,  SQBSs9giyyb0pn1udkza, 1570230520000, 1577158483000, 6927963000, 1924:26:03
1131,  ES6u8Gwu2iwXacbvUTE5, 1570227622000, 1571778212000, 1550590000, 430:43:10
1132,  YnlKPfdP52hnx9eEXgCE, 1570223080000, 1574183228000, 3960148000, 1100:02:28
1133,  6eDb5wAw52WiBJpk13ox, 1570197634000, 1574599519000, 4401885000, 1222:44:45
1134,  iuhlWTT36qu1dNQGJjKC, 1570189657000, 1575749138000, 5559481000, 1544:18:01
1135,  EHn9QhBzzT6fIgOpmwdL, 1570185793000, 1574322054000, 4136261000, 1148:57:41
1136,  Z568RNUytPUie3Qwl6O4, 1570181153000, 1572420426000, 2239273000, 622:01:13
1137,  qAdmiD67hV7p9v545k1y, 1570165181000, 1577640922000, 7475741000, 2076:35:41
1138,  LOczuuLASVlFQK0ZlaVU, 1570162821000, 1576337991000, 6175170000, 1715:19:30
1139,  GwhDDAmHaSwZgeaS1qCl, 1570159269000, 1575179520000, 5020251000, 1394:30:51
1140,  y963VUjwWEnUGPlIbjQ8, 1570135903000, 1571506659000, 1370756000, 380:45:56
1141,  4KZcWVYVofklpjsTkCNf, 1570133372000, 1576849175000, 6715803000, 1865:30:03
1142,  QLnD0cB4fLmYhezM71b1, 1570125202000, 1575309244000, 5184042000, 1440:00:42
1143,  F4eZLx7ZZ11uZi25M0Cy, 1570124779000, 1570340654000, 215875000, 59:57:55
1144,  ONxPttofwhDOxd0mIN8U, 1570112820000, 1574842958000, 4730138000, 1313:55:38
1145,  OVn4p5JFAPRelTkscg2o, 1570102272000, 1573002415000, 2900143000, 805:35:43
1146,  TLhwXrvOTk8GJL7gTygG, 1570084548000, 1570825472000, 740924000, 205:48:44
1147,  NM61t7M8mwyc9Q64J3VR, 1570079146000, 1575072708000, 4993562000, 1387:06:02
1148,  T2sBGjIzS7Wn7MavtvB3, 1570070333000, 1576239091000, 6168758000, 1713:32:38
1149,  oqT6stgXwc5BXMWAerbz, 1570067532000, 1574359156000, 4291624000, 1192:07:04
1150,  TWcdNWpr7NRuqKf384KI, 1570037883000, 1574198546000, 4160663000, 1155:44:23
1151,  sRzSF3dU0rHn3z8pHpXA, 1570019925000, 1576132518000, 6112593000, 1697:56:33
1152,  Vdd1xOoBP3yFiiJulioH, 1569994467000, 1577614415000, 7619948000, 2116:39:08
1153,  kCwtSJTxj5CztIt6jSyS, 1569975848000, 1574423643000, 4447795000, 1235:29:55
1154,  3HcrszI6DHrZieI6FVcm, 1569964573000, 1577591523000, 7626950000, 2118:35:50
1155,  UIbhH5gQ6W7929aLo5He, 1569956989000, 1570675352000, 718363000, 199:32:43
1156,  E0lMInvDHB09i89eOoZ3, 1569936780000, 1576770282000, 6833502000, 1898:11:42
1157,  3AehGF9zPKSU6nG8lvvt, 1569936643000, 1570851877000, 915234000, 254:13:54
1158,  MneyVW9nQaGIAWhjaWDI, 1569925877000, 1574915147000, 4989270000, 1385:54:30
1159,  6pNXz3VkWYcZSW0uy36o, 1569921640000, 1571763362000, 1841722000, 511:35:22
1160,  r7bEYUDa8kdrk2msmmTH, 1569910573000, 1574931007000, 5020434000, 1394:33:54
1161,  Wd3Q1tRXqwnnAAn7YrWY, 1569908108000, 1572668926000, 2760818000, 766:53:38
1162,  jueg0FB9kYmojIFLVkOc, 1569896279000, 1571824609000, 1928330000, 535:38:50
1163,  5IhSLgWtcjFLHU5kKC72, 1569882114000, 1577082059000, 7199945000, 1999:59:05
1164,  oH8CIMb5WZIlPZAcuwaZ, 1569878911000, 1572429322000, 2550411000, 708:26:51
1165,  ERJ1gjHFW8JBfmP7QUhC, 1569873908000, 1573265790000, 3391882000, 942:11:22
1166,  GYVjqDSg4yir7Eq7FrJc, 1569868297000, 1570434314000, 566017000, 157:13:37
1167,  rQ3vuru84pIt7atDI24F, 1569867755000, 1570478385000, 610630000, 169:37:10
1168,  n6lmF4EYnYhQpYCcH21f, 1569864397000, 1575555845000, 5691448000, 1580:57:28
1169,  hfn0YSYI6b5YLBASkFX7, 1569863801000, 1574620342000, 4756541000, 1321:15:41
1170,  IIma1yOAACm1NY41ZyQb, 1569853401000, 1574610084000, 4756683000, 1321:18:03
1171,  CmP2F9Z6YrmHEENGVQrx, 1569852531000, 1576384952000, 6532421000, 1814:33:41
1172,  EbzgJBSBeYtZ23ZReH2J, 1569851760000, 1575614846000, 5763086000, 1600:51:26
1173,  0hvTlp49BbBgpXf7tIEt, 1569850030000, 1575270124000, 5420094000, 1505:34:54
1174,  uLeUtlcbYDmlkATBSS7q, 1569849409000, 1575900196000, 6050787000, 1680:46:27
1175,  VM0Sh6aBxiFl06w1lkht, 1569845599000, 1576719189000, 6873590000, 1909:19:50
1176,  waynY4QsBWRfyds05F1F, 1569842260000, 1575883046000, 6040786000, 1677:59:46
1177,  ZSz4nYR5ZGpPrAFf9cVK, 1569836816000, 1575738970000, 5902154000, 1639:29:14
1178,  v6ADRItlZiYxYvXlQP50, 1569835378000, 1574576087000, 4740709000, 1316:51:49
1179,  lD78uj6vXcZbrpENQOTr, 1569833398000, 1570907140000, 1073742000, 298:15:42
1180,  R9z4XmusBJThoiSgXswv, 1569820691000, 1576693345000, 6872654000, 1909:04:14
1181,  vmexyOClQT0eW0qOhb6y, 1569820099000, 1570372902000, 552803000, 153:33:23
1182,  Kdgn0wzXkqZpsTl3RpCW, 1569815856000, 1576547206000, 6731350000, 1869:49:10
1183,  OpqRm2ogbda01doXUXu3, 1569813080000, 1573771920000, 3958840000, 1099:40:40
1184,  FvNf97qUDm5OvpFftmRd, 1569800803000, 1575267649000, 5466846000, 1518:34:06
1185,  f5A4MrzDZFjTlOtXz2IS, 1569795266000, 1574394474000, 4599208000, 1277:33:28
1186,  wFke1ipeaPrREa6fZLGM, 1569776965000, 1572415302000, 2638337000, 732:52:17
1187,  ke58f4JUgGW5xscFvLU4, 1569763283000, 1573196247000, 3432964000, 953:36:04
1188,  iMkyxSDf9hW5opLPtreS, 1569762361000, 1575646058000, 5883697000, 1634:21:37
1189,  aKOSToQJNRpxkNVzeMLc, 1569757354000, 1573892182000, 4134828000, 1148:33:48
1190,  GmodInwyr5KfQvgQ09Qx, 1569755763000, 1569765124000, 9361000, 02:36:01
1191,  6DorRs1S6ne4QY8XoIU1, 1569755317000, 1574253044000, 4497727000, 1249:22:07
1192,  pcqnFdY1lQP2BNElcNZk, 1569754280000, 1571208892000, 1454612000, 404:03:32
1193,  7kVfDja9oluSCN0XRK6d, 1569749946000, 1576644761000, 6894815000, 1915:13:35
1194,  6nKfzi5SjTlBwcHomMmj, 1569742758000, 1577533151000, 7790393000, 2163:59:53
1195,  KRr2H0Q67XhlfddbTfEV, 1569738045000, 1573010687000, 3272642000, 909:04:02
1196,  tvNPvRNNvkLWAWvFw4gl, 1569735871000, 1574119450000, 4383579000, 1217:39:39
1197,  1UCQKtQXwUhy4bl9f6JC, 1569733319000, 1573743417000, 4010098000, 1113:54:58
1198,  rwWiQD3lcASgD8WuGUif, 1569722210000, 1574598767000, 4876557000, 1354:35:57
1199,  N0lFpACGV38c4u0DscZM, 1569715789000, 1576917611000, 7201822000, 2000:30:22
1200,  DuCSb5Ts5akqWyPu6ae1, 1569694862000, 1575323252000, 5628390000, 1563:26:30
1201,  uWDYzvHTtR6yQfGQxWBv, 1569682410000, 1576255641000, 6573231000, 1825:53:51
1202,  kS0LVuwgq3UZcDn6tHj1, 1569681585000, 1570151315000, 469730000, 130:28:50
1203,  yw9e6ImTdrIpZw4RJw6j, 1569680318000, 1577164799000, 7484481000, 2079:01:21
1204,  tQ08FG4I9B3hjUIrTlz4, 1569673886000, 1576572743000, 6898857000, 1916:20:57
1205,  szMqVtBWu1ozQcuE3Q6Y, 1569669469000, 1573330973000, 3661504000, 1017:05:04
1206,  d0RjJY4lUqwzZNzzj1VM, 1569665149000, 1575218218000, 5553069000, 1542:31:09
1207,  vGQUlyJKeKo6dIc020w0, 1569648924000, 1571070222000, 1421298000, 394:48:18
1208,  eskYIrmjj57dsibujjwR, 1569648599000, 1574151959000, 4503360000, 1250:56:00
1209,  OhXpcpfGcaVS2BvtwFj3, 1569642044000, 1573296205000, 3654161000, 1015:02:41
1210,  PxPlKuktt1HrIoWccYmf, 1569627598000, 1572944457000, 3316859000, 921:20:59
1211,  PYH9QJ61sjGmjCQvjVa8, 1569624990000, 1572609504000, 2984514000, 829:01:54
1212,  yyz5zov3jwpYpS2g7N9D, 1569609348000, 1570797208000, 1187860000, 329:57:40
1213,  L1H2YPRKKKkp6r4XOjJV, 1569593149000, 1577241340000, 7648191000, 2124:29:51
1214,  oQPrPu2m7BdULMJap1Mq, 1569582606000, 1574331723000, 4749117000, 1319:11:57
1215,  8BgXNBAeLVSLC9xYnlDW, 1569580293000, 1570666631000, 1086338000, 301:45:38
1216,  Vcgdl3t3ZpE3wSvL9izY, 1569574580000, 1576449620000, 6875040000, 1909:44:00
1217,  BAWGwsPAHFVgS8zfbiAA, 1569565652000, 1573978843000, 4413191000, 1225:53:11
1218,  awnJ0miyYb7OOyZ3cfqE, 1569558723000, 1572401930000, 2843207000, 789:46:47
1219,  C6jSvQuyejtFSuPSKLo4, 1569554761000, 1572071768000, 2517007000, 699:10:07
1220,  fvD9Xb5rgZgVSvqbFYDi, 1569553147000, 1574287729000, 4734582000, 1315:09:42
1221,  RbqoBlD8BkY20xUTpvt4, 1569542493000, 1572726671000, 3184178000, 884:29:38
1222,  49GleYioA5KGtLTlWYwF, 1569540182000, 1573908398000, 4368216000, 1213:23:36
1223,  OVtYHPbY0igam1av48eS, 1569529991000, 1569575144000, 45153000, 12:32:33
1224,  5Jkg4IYfQx4IcbgE8kBz, 1569517868000, 1574603674000, 5085806000, 1412:43:26
1225,  DVWlX5muZQ8yDMaBeNBj, 1569512465000, 1571785217000, 2272752000, 631:19:12
1226,  HbbokB4qpsWhOkYsGTk7, 1569508774000, 1574902141000, 5393367000, 1498:09:27
1227,  1qZYeIRUwGeceQ8n9xE1, 1569497729000, 1571246867000, 1749138000, 485:52:18
1228,  ESBQkL8Xvh4YQ1iFKKdn, 1569482781000, 1572133012000, 2650231000, 736:10:31
1229,  92xpNArvno0ujEzPnaAX, 1569477987000, 1576444293000, 6966306000, 1935:05:06
1230,  8orZI0b73nwi7ap5Ikhg, 1569464619000, 1569849898000, 385279000, 107:01:19
1231,  OZY7CL43CxnJlgU1gQlG, 1569464225000, 1576173635000, 6709410000, 1863:43:30
1232,  AFBgLMmMBBVJPolyf2Tk, 1569460493000, 1576397114000, 6936621000, 1926:50:21
1233,  0c2PQJVFVH4N63qFI3CD, 1569454148000, 1575442384000, 5988236000, 1663:23:56
1234,  zFyNal5UFQ61fHIRXlwf, 1569453085000, 1570134104000, 681019000, 189:10:19
1235,  iM9SLjT2qLVvZTCIiv2Y, 1569441604000, 1570002146000, 560542000, 155:42:22
1236,  eCJdTeMC9MKevo3faJJ8, 1569425706000, 1576204965000, 6779259000, 1883:07:39
1237,  Kq2JclPWz6irXwUEz2sc, 1569423223000, 1573434544000, 4011321000, 1114:15:21
1238,  zCb0AsSqInWIVtq5z2uJ, 1569421232000, 1569759302000, 338070000, 93:54:30
1239,  fX6FARkFVqOZPpEVdkqq, 1569421100000, 1570058005000, 636905000, 176:55:05
1240,  3iE0LDXDgeONHGse3PVE, 1569417917000, 1570850898000, 1432981000, 398:03:01
1241,  w5c1usrhHYa1od4eF270, 1569417658000, 1570072352000, 654694000, 181:51:34
1242,  2Rtp35cOEpSG9kYlmabq, 1569400642000, 1577576140000, 8175498000, 2270:58:18
1243,  7yThNCDBNDb2yuADKBjD, 1569399714000, 1577366078000, 7966364000, 2212:52:44
1244,  H6JKYJKx7VsGUrtOPVHg, 1569396973000, 1574480127000, 5083154000, 1411:59:14
1245,  Cgfq0rvJFHD1nsQS3cqL, 1569394503000, 1569939029000, 544526000, 151:15:26
1246,  rPl1GVPvI76KnauW1Cgu, 1569390329000, 1573559454000, 4169125000, 1158:05:25
1247,  edvkW4bRoN0MsyIVnowS, 1569390176000, 1572736823000, 3346647000, 929:37:27
1248,  kSNmpGE0ljL8lUL3XdtR, 1569387762000, 1576763314000, 7375552000, 2048:45:52
1249,  QxIWW8tl0D5hfKrVF4Z9, 1569382467000, 1575283119000, 5900652000, 1639:04:12
1250,  mfrsxtSMwizKL0jx2lxB, 1569381398000, 1575495330000, 6113932000, 1698:18:52
1251,  hsyZerf8BZftQ3hfBBPI, 1569379540000, 1576820791000, 7441251000, 2067:00:51
1252,  2BP2XazzkF8zmpqgkG4a, 1569372561000, 1574744434000, 5371873000, 1492:11:13
1253,  KvEo1lYI7nnTDcv5Sm13, 1569366143000, 1573203136000, 3836993000, 1065:49:53
1254,  6OMW49lNtRnr5AnDcMZ1, 1569354366000, 1569467000000, 112634000, 31:17:14
1255,  0R1Ia3nH45x2uddKWGKY, 1569346103000, 1572557646000, 3211543000, 892:05:43
1256,  iopYcexYay6EbxamWJX2, 1569342149000, 1569653819000, 311670000, 86:34:30
1257,  417sUvFxe3ACcUAembgf, 1569342052000, 1571384505000, 2042453000, 567:20:53
1258,  vT7kQyFjC48uRyU4Bwe3, 1569334377000, 1576508713000, 7174336000, 1992:52:16
1259,  wSnkHWyO8SdnphiaXQWI, 1569333703000, 1577681721000, 8348018000, 2318:53:38
1260,  UTZmAEHB6EXFVJOSAHBx, 1569333343000, 1575076891000, 5743548000, 1595:25:48
1261,  xUwJebKpsEucaWWcXF9i, 1569303724000, 1575209915000, 5906191000, 1640:36:31
1262,  1NjiBvptOTvBgsL1EZtR, 1569291443000, 1571262905000, 1971462000, 547:37:42
1263,  1WIB7LxWNzruGiMpdr6Q, 1569281955000, 1570256159000, 974204000, 270:36:44
1264,  sKFz1x4RO7rlHeU6KkGj, 1569281265000, 1571327960000, 2046695000, 568:31:35
1265,  rrq8ljyopcoLvrZZ0QyO, 1569280987000, 1572144935000, 2863948000, 795:32:28
1266,  qT5TQmJDqmCveGhvqOS3, 1569273959000, 1570428471000, 1154512000, 320:41:52
1267,  FTLnOkEHYJgCoAYFju8G, 1569271646000, 1571583275000, 2311629000, 642:07:09
1268,  35TsxTwdpasL0Vl2BgDN, 1569258543000, 1570477329000, 1218786000, 338:33:06
1269,  Pa1ehMOpvc08HdDbpN7b, 1569245593000, 1572014725000, 2769132000, 769:12:12
1270,  ZAFRTMUZg7k69xZybT7G, 1569240941000, 1570297143000, 1056202000, 293:23:22
1271,  u73yiySXf4i0sPd4T4qL, 1569236971000, 1573476765000, 4239794000, 1177:43:14
1272,  9da6ahbKhkwBgz5iVgVb, 1569232813000, 1570320162000, 1087349000, 302:02:29
1273,  70wwxXXY1b1zGTtEuvsO, 1569228054000, 1575643253000, 6415199000, 1781:59:59
1274,  mpKMZ0h6iZn2lgd8PM6n, 1569226570000, 1576376544000, 7149974000, 1986:06:14
1275,  oirUVebGWBWbVGFgC8tJ, 1569226452000, 1573742727000, 4516275000, 1254:31:15
1276,  qJywnFXG4ne1iHxi36iP, 1569222941000, 1575827201000, 6604260000, 1834:31:00
1277,  hmzsKLdjC98gsvRdK49Z, 1569218434000, 1571718089000, 2499655000, 694:20:55
1278,  uNbKPAhInchtML1NK5QE, 1569208358000, 1577303145000, 8094787000, 2248:33:07
1279,  GapXKf9I7huFhfZu4OGa, 1569201323000, 1571766327000, 2565004000, 712:30:04
1280,  yepWdAPuKa1LNbxHyM7J, 1569200831000, 1570483021000, 1282190000, 356:09:50
1281,  5MxrnnB2Thb7t5NfFTRJ, 1569198004000, 1573800934000, 4602930000, 1278:35:30
1282,  Zitc1AvAncBHWu8TX0Cn, 1569197190000, 1574885079000, 5687889000, 1579:58:09
1283,  0DqNdwh3LJ1GSij1akQu, 1569193562000, 1577256490000, 8062928000, 2239:42:08
1284,  JwnvlSxD6e3Lp5EPzZBJ, 1569185672000, 1574340526000, 5154854000, 1431:54:14
1285,  HTcTfB83KOdRflEfTVaE, 1569176482000, 1570441986000, 1265504000, 351:31:44
1286,  wtgdualbIsf4ighKTdXd, 1569175327000, 1575010444000, 5835117000, 1620:51:57
1287,  SNtMtY3DQqvZTWdI9bBD, 1569169147000, 1574528369000, 5359222000, 1488:40:22
1288,  J28TWXOgknO30I7PVYCc, 1569146789000, 1571444276000, 2297487000, 638:11:27
1289,  jVAG7XF9bjvKzxya4hFD, 1569135069000, 1577289175000, 8154106000, 2265:01:46
1290,  ydSk4Xxf1sGMkuuQTSZ0, 1569127902000, 1573039183000, 3911281000, 1086:28:01
1291,  XZR0Jp9bVoMvhrbRtrIw, 1569117346000, 1575657608000, 6540262000, 1816:44:22
1292,  dg8fF2jqp8FOLnv2Ib2I, 1569109125000, 1575874998000, 6765873000, 1879:24:33
1293,  V8V5Khv7NRfXjykBgGYa, 1569095523000, 1571111270000, 2015747000, 559:55:47
1294,  Xg2EdAYC0IvckrcKDyxb, 1569094220000, 1576228684000, 7134464000, 1981:47:44
1295,  0AQg2K53rJ6CxSDd6uAZ, 1569078057000, 1571500492000, 2422435000, 672:53:55
1296,  n1CsIz6gVgNbwO0KP0el, 1569077605000, 1569943721000, 866116000, 240:35:16
1297,  s0mAMKYVUhrJ1VR3f0IY, 1569076891000, 1571714118000, 2637227000, 732:33:47
1298,  nWDgs2g1Nh32LXhmrbmA, 1569068552000, 1575015178000, 5946626000, 1651:50:26
1299,  a1MDhwvJ5bJoyCYIBRWF, 1569064927000, 1576716695000, 7651768000, 2125:29:28
1300,  D9m4r6ALZThN2LuunbK8, 1569064552000, 1570985302000, 1920750000, 533:32:30
1301,  JQbxs4YkcygjFqjDuy7n, 1569043066000, 1571771289000, 2728223000, 757:50:23
1302,  PDht6sLpc489qdjgcf1W, 1569027775000, 1570125629000, 1097854000, 304:57:34
1303,  tF55PDIlilLHynHvqQh7, 1569015604000, 1573313195000, 4297591000, 1193:46:31
1304,  t4Lh1ICfHFZ4CO1Ykvgc, 1569010670000, 1572763479000, 3752809000, 1042:26:49
1305,  pTLYTFV1vMr8fFR3BML2, 1569009098000, 1575505916000, 6496818000, 1804:40:18
1306,  ieBdfBDrxbMDZY5KdjJd, 1568997222000, 1573523688000, 4526466000, 1257:21:06
1307,  b1bu0vweFf9ouYFHDcUc, 1568995902000, 1575727221000, 6731319000, 1869:48:39
1308,  jo1rNG0E8c927crTMYGu, 1568994706000, 1571389879000, 2395173000, 665:19:33
1309,  RZ6KU5ESSUA6lL6nMcge, 1568992768000, 1573059084000, 4066316000, 1129:31:56
1310,  fkIIdoreYqCC9S0R7hf4, 1568992145000, 1576555818000, 7563673000, 2101:01:13
1311,  ipSpfZMkviipTkuMQYrr, 1568979188000, 1570627411000, 1648223000, 457:50:23
1312,  lkr7xgV88L5EetnMLcr3, 1568975066000, 1569050260000, 75194000, 20:53:14
1313,  7UZdafqUCaeRdpu5KaF2, 1568966240000, 1575248140000, 6281900000, 1744:58:20
1314,  GE88vhJXDv6FpV5AuiWz, 1568963101000, 1572374503000, 3411402000, 947:36:42
1315,  yzLJonCEJPz5KcnGAPyL, 1568955643000, 1569435674000, 480031000, 133:20:31
1316,  wQjkru9Onc92HqtYG4wM, 1568940175000, 1576098743000, 7158568000, 1988:29:28
1317,  BLeNcD5wLM9axJ1jKS77, 1568937231000, 1570026043000, 1088812000, 302:26:52
1318,  9WXIqYySfzBfg2IQoHhu, 1568932463000, 1572232706000, 3300243000, 916:44:03
1319,  LZHEOgdEkfl55sAQHFRS, 1568931373000, 1569603178000, 671805000, 186:36:45
1320,  E1qqOnjFBrJSKSgVs4cC, 1568931340000, 1577282139000, 8350799000, 2319:39:59
1321,  tS83QZ2l9GiakMQQqZwZ, 1568931257000, 1569668904000, 737647000, 204:54:07
1322,  AryhMgDEjlqn2zMTyTQq, 1568928718000, 1575358555000, 6429837000, 1786:03:57
1323,  m6Mm5w7OV5MsFaGvm7FW, 1568927843000, 1573018645000, 4090802000, 1136:20:02
1324,  Otoz2vJXELu6W2tvizDA, 1568924606000, 1571806929000, 2882323000, 800:38:43
1325,  JvMJEXg1b5SvyoRoUW3P, 1568924373000, 1571311955000, 2387582000, 663:13:02
1326,  BECzIWLGvmJ2dCVYgRxr, 1568921029000, 1570205457000, 1284428000, 356:47:08
1327,  4937ARkpjXllFgA31uYG, 1568918865000, 1576133325000, 7214460000, 2004:01:00
1328,  oiGjiQCY7bEygoe9I6fx, 1568918806000, 1570196709000, 1277903000, 354:58:23
1329,  hOPKTH71YHNoaKYcO5wG, 1568915452000, 1570075310000, 1159858000, 322:10:58
1330,  fDZEupyDgWLwOosDnCoe, 1568914724000, 1575454847000, 6540123000, 1816:42:03
1331,  zvzfuzruLMxiI3No1QSy, 1568909134000, 1577330950000, 8421816000, 2339:23:36
1332,  HITUhpNNU3sIDBBBuuIC, 1568905455000, 1569986861000, 1081406000, 300:23:26
1333,  2jJlz1zutU93rfunXvas, 1568894347000, 1571661627000, 2767280000, 768:41:20
1334,  dEhQVDIebp8qWl6NdOv6, 1568885702000, 1571442842000, 2557140000, 710:19:00
1335,  ZZWsltSi6jJ5Kz9zHxYf, 1568885439000, 1569665508000, 780069000, 216:41:09
1336,  da7OsOxqwNix1clLYaRR, 1568885312000, 1577039949000, 8154637000, 2265:10:37
1337,  iKKgdMYdzaK4jCGYFB27, 1568883772000, 1573007396000, 4123624000, 1145:27:04
1338,  VEKNK9c8VBp01JO0uEKO, 1568859928000, 1571916156000, 3056228000, 848:57:08
1339,  8vofeBgWhUOnnem3I28x, 1568845090000, 1569519754000, 674664000, 187:24:24
1340,  2EJ3TIPp1Qfa2CBjvKNv, 1568844251000, 1574975388000, 6131137000, 1703:05:37
1341,  M7IaUTpf1Knn4UdAUfQ8, 1568842609000, 1576096789000, 7254180000, 2015:03:00
1342,  jhiC6J72XjPTk9PGgYxR, 1568837003000, 1571395172000, 2558169000, 710:36:09
1343,  3QrAQjUIQbf8CKHpswuh, 1568833672000, 1576384505000, 7550833000, 2097:27:13
1344,  PP4wR1H9TkZRLsNN6pXk, 1568830487000, 1571458053000, 2627566000, 729:52:46
1345,  yXX7RAGhPHNEnVfLs99g, 1568830199000, 1576136208000, 7306009000, 2029:26:49
1346,  wq1eKxt7NeZkTDrk1K0C, 1568830190000, 1576355205000, 7525015000, 2090:16:55
1347,  H5r0cj9pCvHgJVWOPBgy, 1568828136000, 1573225820000, 4397684000, 1221:34:44
1348,  Mpl7KetLf001kDR0Dn7f, 1568810425000, 1576874286000, 8063861000, 2239:57:41
1349,  ao5ejXKnQ4QsndvdBBDq, 1568796223000, 1572780315000, 3984092000, 1106:41:32
1350,  Jm1uE0KK6WH8SQGj2Fpb, 1568762917000, 1576618333000, 7855416000, 2182:03:36
1351,  GOZ3Px3nJX03rX9PRuLJ, 1568762738000, 1573490803000, 4728065000, 1313:21:05
1352,  jOE9vtb6nXC1VSsfcvQ3, 1568750517000, 1572075975000, 3325458000, 923:44:18
1353,  4KzhQ2W8PwOakNoscg0L, 1568747914000, 1570015236000, 1267322000, 352:02:02
1354,  i6ZuDBCWBX0wF6hmZSPv, 1568734927000, 1576081936000, 7347009000, 2040:50:09
1355,  Hz2QT9lSQ2ojfYjh921D, 1568732344000, 1568996724000, 264380000, 73:26:20
1356,  z7xWJnvWVwJmWMoMuUNV, 1568704733000, 1572643846000, 3939113000, 1094:11:53
1357,  aRGlcmAXi8sdJiuPMJcJ, 1568702934000, 1571014742000, 2311808000, 642:10:08
1358,  2NCJ0vvFleJufNF3b4hq, 1568698572000, 1570909461000, 2210889000, 614:08:09
1359,  CnPpP7gTHqkRsOWZyZiJ, 1568693965000, 1570465903000, 1771938000, 492:12:18
1360,  u5uY98vdWmvdeKxBCpHz, 1568688008000, 1571541540000, 2853532000, 792:38:52
1361,  5fEIf8C2DAVARm5cOoC4, 1568676972000, 1569574218000, 897246000, 249:14:06
1362,  Htonpb6wNdVPrO6s3qzL, 1568655053000, 1577024013000, 8368960000, 2324:42:40
1363,  dxzP3gt4b4alCY5cl1Sh, 1568641153000, 1576201331000, 7560178000, 2100:02:58
1364,  jgh9Ec6ApGxwj8Fcj6qT, 1568640095000, 1570668279000, 2028184000, 563:23:04
1365,  mMhMViBkjcpqhwJfbu6f, 1568635985000, 1577074474000, 8438489000, 2344:01:29
1366,  mCnB4wJjZ1GmrisU7lqy, 1568634652000, 1575805335000, 7170683000, 1991:51:23
1367,  S65TJ5CsqKi8CyY7MRoI, 1568631219000, 1576573763000, 7942544000, 2206:15:44
1368,  dKsy2pun75MZ7IsfTfLa, 1568629340000, 1576328614000, 7699274000, 2138:41:14
1369,  OwxyyiIMNcmAfPvUeg65, 1568624668000, 1575072516000, 6447848000, 1791:04:08
1370,  aYw5MfdM1hpXva80tWEu, 1568619679000, 1576732395000, 8112716000, 2253:31:56
1371,  N9lBosb3NQOnC4VL1413, 1568618461000, 1576936624000, 8318163000, 2310:36:03
1372,  n81a9ePptUdcG6tvyFOF, 1568599745000, 1569292615000, 692870000, 192:27:50
1373,  RPHMAPiEbjSjtHv8oMGa, 1568595299000, 1571523703000, 2928404000, 813:26:44
1374,  2KUQICVTny9RT9cMxjZN, 1568593002000, 1575404288000, 6811286000, 1892:01:26
1375,  b4BddK0QR1eHmewVjDab, 1568591022000, 1574934189000, 6343167000, 1761:59:27
1376,  5zuDSTQpceRTIDzOerHg, 1568588606000, 1573441307000, 4852701000, 1347:58:21
1377,  lmYaEoAT0Q2o3MsfYhyC, 1568585227000, 1575011479000, 6426252000, 1785:04:12
1378,  qAHyeVlr16N6BhL55kO3, 1568572165000, 1571472983000, 2900818000, 805:46:58
1379,  mGbjpac6cvVQiaAlGu2Y, 1568571919000, 1576576120000, 8004201000, 2223:23:21
1380,  PeUGNdDUVTvPQQXFj4sr, 1568555135000, 1569660531000, 1105396000, 307:03:16
1381,  RaAYG4gbZBZdfmvml14y, 1568554337000, 1573049313000, 4494976000, 1248:36:16
1382,  TLlvWlqcOgifqTAgNTAx, 1568544395000, 1569001578000, 457183000, 126:59:43
1383,  uQ3rEDVlyGxBgJCldyhC, 1568539827000, 1572657718000, 4117891000, 1143:51:31
1384,  Ze9iR3yovmMRhYTfoPb8, 1568532298000, 1569999093000, 1466795000, 407:26:35
1385,  UnWVsuhERs2zEJbSgBYH, 1568531358000, 1572780574000, 4249216000, 1180:20:16
1386,  7B330UEMsH3MPL53fbKD, 1568523942000, 1570317123000, 1793181000, 498:06:21
1387,  QMKE72kBxWGTbxj04dwe, 1568521066000, 1571636708000, 3115642000, 865:27:22
1388,  uOP5ERxf3a5XvAs7V60V, 1568510908000, 1577360864000, 8849956000, 2458:19:16
1389,  QBTbbXA7a607W8jOcD31, 1568504105000, 1573566734000, 5062629000, 1406:17:09
1390,  nHuF9kOCef4IJOx29w4M, 1568492059000, 1575680291000, 7188232000, 1996:43:52
1391,  fHPpZnIZstkPHEfhksyB, 1568489376000, 1569618981000, 1129605000, 313:46:45
1392,  GEFhGYaPpRSRJ8tQTKIZ, 1568482742000, 1570319141000, 1836399000, 510:06:39
1393,  LNaGmjbQ4cmCut3ti4c9, 1568477801000, 1573472401000, 4994600000, 1387:23:20
1394,  ofkqEDgpBMUm4qqCpmff, 1568472736000, 1573148282000, 4675546000, 1298:45:46
1395,  TelkdusojPKR7daPlQrc, 1568470844000, 1570697282000, 2226438000, 618:27:18
1396,  9UXjSR7J91kBGkmFjEuy, 1568465746000, 1576424731000, 7958985000, 2210:49:45
1397,  HVP3OhmiONIVjtuUjAXP, 1568464219000, 1577396649000, 8932430000, 2481:13:50
1398,  hYvY5eXAfcdKYJzJunw3, 1568456350000, 1573485705000, 5029355000, 1397:02:35
1399,  VCVNSvopIHEbGqT7pJ8m, 1568455497000, 1568827103000, 371606000, 103:13:26
1400,  jpKuYlKwrpJgxMoLm4WT, 1568444880000, 1571016240000, 2571360000, 714:16:00
1401,  CM9H8SWsV7Jn5AFIZFIU, 1568440421000, 1575333284000, 6892863000, 1914:41:03
1402,  OQDZylFjzERa5EPJTIPr, 1568433572000, 1568727717000, 294145000, 81:42:25
1403,  SYXJroDYp5n3UcBEHBT0, 1568418844000, 1569566038000, 1147194000, 318:39:54
1404,  IErbNSgAe7HOUj5Y32Pc, 1568416684000, 1569386001000, 969317000, 269:15:17
1405,  QA66SOmfThAV1htoUyAk, 1568413361000, 1577153950000, 8740589000, 2427:56:29
1406,  X5yIu8u0p9KdPzgPYwqO, 1568413183000, 1572277017000, 3863834000, 1073:17:14
1407,  b0MH8RG7KcuWBk4gCuFZ, 1568410249000, 1568802813000, 392564000, 109:02:44
1408,  7a49XcxJvZb29CCVbDSy, 1568407694000, 1572736242000, 4328548000, 1202:22:28
1409,  fX1h13EscwRjGdHNFl6I, 1568404688000, 1576743124000, 8338436000, 2316:13:56
1410,  MfyVIXEgWw6mHfKpgyXl, 1568394373000, 1573011492000, 4617119000, 1282:31:59
1411,  gtSkn5z5YmvDpmcD6OEI, 1568389661000, 1576046577000, 7656916000, 2126:55:16
1412,  mqZeFJljtnoGqsc4GdW5, 1568388851000, 1576966739000, 8577888000, 2382:44:48
1413,  2k1sp8mz8nFd2cczVUlX, 1568379427000, 1570970379000, 2590952000, 719:42:32
1414,  fjrmv9hR2RhhrNxLzdTV, 1568374974000, 1575414437000, 7039463000, 1955:24:23
1415,  IGrsVPrdNqKfmo8V3Ktt, 1568349256000, 1576625610000, 8276354000, 2298:59:14
1416,  YyCw4lNpBqhjZs3mqEpV, 1568339341000, 1573116849000, 4777508000, 1327:05:08
1417,  0MTVi2N3MTqMR4pWj0WZ, 1568338402000, 1575974803000, 7636401000, 2121:13:21
1418,  05at3jWbnHGyhT7tVokr, 1568337552000, 1573133857000, 4796305000, 1332:18:25
1419,  iDOA5rBqXbxpKTitUQxx, 1568337528000, 1573952211000, 5614683000, 1559:38:03
1420,  ahiSY6A1mNFHxtUKIpRe, 1568334625000, 1572101336000, 3766711000, 1046:18:31
1421,  ULXTLb4unQK1umliRvUV, 1568330875000, 1575340001000, 7009126000, 1946:58:46
1422,  Uxz8TBcd8yAgrEJGsNLr, 1568327938000, 1574837369000, 6509431000, 1808:10:31
1423,  8lJVka6UNW93Kt9SmO9X, 1568321879000, 1570708247000, 2386368000, 662:52:48
1424,  sLgmO3vK8pVG4OAcOwj3, 1568319161000, 1571097158000, 2777997000, 771:39:57
1425,  sSpbApLLg4mBuxwsHPxf, 1568316962000, 1571864063000, 3547101000, 985:18:21
1426,  zORQooiTRRlTqgOpKMva, 1568316546000, 1573425846000, 5109300000, 1419:15:00
1427,  kh65TF3pDro5ZMo0pi4k, 1568300641000, 1577341897000, 9041256000, 2511:27:36
1428,  jifYl3WQPJyBFLWFIHMW, 1568300482000, 1573154135000, 4853653000, 1348:14:13
1429,  xyM0U65sTO6x9Qr8MTj4, 1568299804000, 1576890091000, 8590287000, 2386:11:27
1430,  9QWX8Dd3OkjYniAElQVh, 1568297572000, 1571507678000, 3210106000, 891:41:46
1431,  9y8jWgpj79y0KaMLk43S, 1568285496000, 1568482745000, 197249000, 54:47:29
1432,  3zReYV2L08gzSDW7lved, 1568279558000, 1571919886000, 3640328000, 1011:12:08
1433,  xUUNIpi2zw2GuODd3qml, 1568256351000, 1570878563000, 2622212000, 728:23:32
1434,  vQCT0H6WZmUAmuDqW55a, 1568255990000, 1576868944000, 8612954000, 2392:29:14
1435,  Qy5z4dsSoyYP3UJeFeWF, 1568254954000, 1574469741000, 6214787000, 1726:19:47
1436,  stSeebEBb1NbisLcsItA, 1568253098000, 1574949812000, 6696714000, 1860:11:54
1437,  iitnkg9a9QnC3nq4qdWE, 1568247890000, 1574452525000, 6204635000, 1723:30:35
1438,  MSi50O3eUHZ0rgeSTlw4, 1568244787000, 1573742972000, 5498185000, 1527:16:25
1439,  YBKmLqRPaqgBwsGkH4Vf, 1568234864000, 1568984244000, 749380000, 208:09:40
1440,  PFJxlKSwPJgKl3xes2jH, 1568229732000, 1571467953000, 3238221000, 899:30:21
1441,  SHIy65DydXImvaqeMfR5, 1568228333000, 1575843960000, 7615627000, 2115:27:07
1442,  bxwwazNQuMXvCGNqeoff, 1568223606000, 1577630960000, 9407354000, 2613:09:14
1443,  YTQOQHCOv9bF4RqVSegV, 1568218940000, 1572479207000, 4260267000, 1183:24:27
1444,  MhZWTZ1zrRvHYRxbwh3B, 1568212554000, 1574110250000, 5897696000, 1638:14:56
1445,  hhmOqFhzIolN3UnZAf4Z, 1568199464000, 1575169212000, 6969748000, 1936:02:28
1446,  wMuFN5N87G15RVeBMQEJ, 1568199254000, 1570930773000, 2731519000, 758:45:19
1447,  pj90DLqiZ2Sasf3d3PdX, 1568190110000, 1575522545000, 7332435000, 2036:47:15
1448,  q7tvpJwzZKco68UaYsNV, 1568179013000, 1574092339000, 5913326000, 1642:35:26
1449,  JZ1i2PXJwDC1JQ3Ax5xF, 1568173667000, 1570825958000, 2652291000, 736:44:51
1450,  C9C54Xqg5Td7pvQFTeiV, 1568163566000, 1568248464000, 84898000, 23:34:58
1451,  wWiOb68aI6xzc690OKfQ, 1568150883000, 1569756276000, 1605393000, 445:56:33
1452,  kF4VioiUUfiZVZe1vHsG, 1568149440000, 1572584890000, 4435450000, 1232:04:10
1453,  DeWxeWz2p15Zojob103U, 1568122754000, 1571518864000, 3396110000, 943:21:50
1454,  OJWfSAQsbPr3ELw9tgiO, 1568114622000, 1575188408000, 7073786000, 1964:56:26
1455,  91wyTAwucS8qXTpGJpAv, 1568113708000, 1569129535000, 1015827000, 282:10:27
1456,  gCzGKeEnJFKcgCqIeux1, 1568100471000, 1569709177000, 1608706000, 446:51:46
1457,  bxj6vFykfjEauVVUBUm1, 1568083017000, 1570285077000, 2202060000, 611:41:00
1458,  Bwh9SspfI6ZJHDHRY6n5, 1568081376000, 1575750200000, 7668824000, 2130:13:44
1459,  vbYLss9Z47JwNzs3rAxi, 1568078631000, 1573480869000, 5402238000, 1500:37:18
1460,  gb0tyaplydNc4ZxAsIFA, 1568070741000, 1573055551000, 4984810000, 1384:40:10
1461,  wT66RUOIT16hzR3Kpc4t, 1568061635000, 1569777675000, 1716040000, 476:40:40
1462,  toyulgZh0hAKJ6DtqBuM, 1568060751000, 1571067940000, 3007189000, 835:19:49
1463,  maQhbtJa0RYX5yyYQnYl, 1568060672000, 1576180688000, 8120016000, 2255:33:36
1464,  me3ybh9OyYzmWkfCAOGq, 1568049751000, 1569594609000, 1544858000, 429:07:38
1465,  dIST7FRWJgE3UbcgSxvV, 1568044728000, 1572280994000, 4236266000, 1176:44:26
1466,  Gylpd4ZBWJrKBxM0rSjw, 1568041647000, 1573002693000, 4961046000, 1378:04:06
1467,  WxbElKjWUPk3uQSho7Pu, 1568039045000, 1576163251000, 8124206000, 2256:43:26
1468,  8WnVmwTebnysmQrUZXhA, 1568009685000, 1569379840000, 1370155000, 380:35:55
1469,  K19UrL67SumNdRdCWtLJ, 1568008425000, 1568287958000, 279533000, 77:38:53
1470,  5fSfzz4q6GqXmvecZ3Nn, 1568007404000, 1571490581000, 3483177000, 967:32:57
1471,  7jgVf4vGmOPM3PWXOH9r, 1568007106000, 1571425453000, 3418347000, 949:32:27
1472,  nrTJwY6tk3YjpDsQJP1l, 1568001509000, 1568266535000, 265026000, 73:37:06
1473,  RbYvCne8HOtsRJlGx58w, 1567996894000, 1572726544000, 4729650000, 1313:47:30
1474,  ZnenS3ThjBwMO4Vqus5d, 1567994302000, 1569638783000, 1644481000, 456:48:01
1475,  01UTlTH330GCnPfgpZd1, 1567984206000, 1568109826000, 125620000, 34:53:40
1476,  3rojDxTvpQ82gY5wusrn, 1567982921000, 1576475852000, 8492931000, 2359:08:51
1477,  LmxZNN4YjKabtSCUT219, 1567981542000, 1573688906000, 5707364000, 1585:22:44
1478,  tQEl2gdVqtO3KLaBV2ZL, 1567978742000, 1577506715000, 9527973000, 2646:39:33
1479,  XVn0VcwPHFQJFFAZQ778, 1567969478000, 1571511846000, 3542368000, 983:59:28
1480,  i5KP600zS3a9eBZu5CJ0, 1567960552000, 1570970315000, 3009763000, 836:02:43
1481,  CRW9uX995c713V6OJv7a, 1567954527000, 1568503888000, 549361000, 152:36:01
1482,  KjyECN0Y5gPbnBgVkuW3, 1567953763000, 1576995833000, 9042070000, 2511:41:10
1483,  EU53iH1B7phQTUHmwgt3, 1567941147000, 1576208962000, 8267815000, 2296:36:55
1484,  2TiDXZBC5YCDI5rld6PK, 1567922079000, 1569376960000, 1454881000, 404:08:01
1485,  qboZVXPpPHvQuzvoVnMP, 1567912786000, 1571387446000, 3474660000, 965:11:00
1486,  pcHZw3WfaEGhWJN5Fdna, 1567911029000, 1568790792000, 879763000, 244:22:43
1487,  AuT864zFGL0Xv5BkhORX, 1567909642000, 1569137717000, 1228075000, 341:07:55
1488,  UW86ASXrrt10AoryfasA, 1567907300000, 1569547326000, 1640026000, 455:33:46
1489,  T8esUTCAoHKpO2BINoNo, 1567905795000, 1571894241000, 3988446000, 1107:54:06
1490,  h998ezpQDgQShxBjdnOr, 1567903814000, 1573247057000, 5343243000, 1484:14:03
1491,  I7MvyCw3JUm20jfPbxYv, 1567897911000, 1576685712000, 8787801000, 2441:03:21
1492,  DEcwjP1vp1GVTV5oG5zQ, 1567887511000, 1577212632000, 9325121000, 2590:18:41
1493,  J9qXOIbhxyjJnpOiiz4Q, 1567878329000, 1568739348000, 861019000, 239:10:19
1494,  pEWIo7lHnI7oh8lPWHrO, 1567859018000, 1573822067000, 5963049000, 1656:24:09
1495,  Gv58WFgFhd8zdCbwjnzH, 1567818213000, 1576991936000, 9173723000, 2548:15:23
1496,  PfbJiQXfhObuvAE91xe7, 1567817172000, 1570805914000, 2988742000, 830:12:22
1497,  xS6baR7UM0zAMZhf8uTT, 1567815326000, 1571779901000, 3964575000, 1101:16:15
1498,  iC8vZ1NEhkCTfNvYBOsH, 1567812522000, 1577452637000, 9640115000, 2677:48:35
1499,  uiie1IIHt4G4qP3GaRn0, 1567808557000, 1571012931000, 3204374000, 890:06:14
1500,  w0eOfiguYcMdJGFomlCF, 1567807687000, 1575118035000, 7310348000, 2030:39:08
1501,  cIC7KjzbViicWVJpFSdC, 1567792649000, 1571237020000, 3444371000, 956:46:11
1502,  d2FOubhADnrz5mM0e2Zm, 1567780775000, 1571197940000, 3417165000, 949:12:45
1503,  NPwk3FLwEgc17uImDsjI, 1567778395000, 1569230602000, 1452207000, 403:23:27
1504,  xLpdhvBmciegBna9la2Y, 1567775067000, 1571456681000, 3681614000, 1022:40:14
1505,  HZjOGnqyJ4hodxgFzxUi, 1567772194000, 1568267343000, 495149000, 137:32:29
1506,  BTWhDRehdqWQhE0ZXVq9, 1567770102000, 1574153331000, 6383229000, 1773:07:09
1507,  vM3sfROnS7KDJELW4vqt, 1567755990000, 1572783117000, 5027127000, 1396:25:27
1508,  13byvipIlIp7rVyW4a87, 1567752250000, 1571994017000, 4241767000, 1178:16:07
1509,  mBWN0pIWg6uEdFmF3jiB, 1567750342000, 1575060639000, 7310297000, 2030:38:17
1510,  e20ZPqwjqytyKCSGdg31, 1567744995000, 1575677164000, 7932169000, 2203:22:49
1511,  qtVmWURDtLYmZi073Msh, 1567716825000, 1573741415000, 6024590000, 1673:29:50
1512,  1jGIFXo00mGyKmo09dlb, 1567716442000, 1573904330000, 6187888000, 1718:51:28
1513,  P1fjFZIFSCaJBBqT6WyF, 1567710588000, 1571231644000, 3521056000, 978:04:16
1514,  1njOB7f0fvRTvz8VlpGk, 1567706078000, 1575299414000, 7593336000, 2109:15:36
1515,  ftMOxLFgpMRiASlIJSNT, 1567699557000, 1572552898000, 4853341000, 1348:09:01
1516,  V2vDsR6sf9aXnfP2nbJ2, 1567699462000, 1573301570000, 5602108000, 1556:08:28
1517,  z87lHjjobNBgKJF6BcQq, 1567689611000, 1575060082000, 7370471000, 2047:21:11
1518,  dcRLloXRsr6qhiVi0Cov, 1567685759000, 1572930330000, 5244571000, 1456:49:31
1519,  EcFEVjLdl67jpSX8DLjR, 1567681881000, 1575121942000, 7440061000, 2066:41:01
1520,  9T0NnFNpqINqIUHPdRb8, 1567668617000, 1570191311000, 2522694000, 700:44:54
1521,  i6qFX6g5z8GNHfA0N9qC, 1567661366000, 1571428848000, 3767482000, 1046:31:22
1522,  edXjJTW8cTRk3Ko7WAHP, 1567657902000, 1574863617000, 7205715000, 2001:35:15
1523,  a1BCUR5eJ5rpizfA9lW3, 1567650302000, 1577299266000, 9648964000, 2680:16:04
1524,  QjyiExB0NnaeFU3bvnZq, 1567646537000, 1577064692000, 9418155000, 2616:09:15
1525,  NAWO5jPqkFtwWoLNlgQk, 1567638018000, 1569973411000, 2335393000, 648:43:13
1526,  MFnDWKSqIcGhs0sdLJkD, 1567633220000, 1572804536000, 5171316000, 1436:28:36
1527,  cXKhgW8FBEmF4sP6pLYA, 1567631958000, 1569020322000, 1388364000, 385:39:24
1528,  jshTE5xZRSYGYvRcRoSV, 1567600859000, 1576292985000, 8692126000, 2414:28:46
1529,  7oRM3fZ9vnPcuPR0fAp4, 1567599372000, 1576424908000, 8825536000, 2451:32:16
1530,  3NOETawfINAr7u9YLGtC, 1567597853000, 1576100146000, 8502293000, 2361:44:53
1531,  1Sul3jQsclHHiHWTjbGW, 1567595719000, 1577569698000, 9973979000, 2770:32:59
1532,  eHyKwZJBV1lQ8jo4aYdQ, 1567591054000, 1573624932000, 6033878000, 1676:04:38
1533,  0JcBRGXGjGUmQ9bxQVaU, 1567584348000, 1570895030000, 3310682000, 919:38:02
1534,  sKd8UwZcAser652tsVF7, 1567580714000, 1575913106000, 8332392000, 2314:33:12
1535,  FkMwxgcZHGpG2hszJeED, 1567572872000, 1568169387000, 596515000, 165:41:55
1536,  DM22TmXaAJoATkzYuH2m, 1567569172000, 1573918313000, 6349141000, 1763:39:01
1537,  BAv19piuQ1DhfDOIXfuT, 1567562502000, 1573915542000, 6353040000, 1764:44:00
1538,  8vyuQMKjIoTx8UnWsabC, 1567555338000, 1575597435000, 8042097000, 2233:54:57
1539,  bqqar7C4ufzLdNdAxlj6, 1567551374000, 1577004703000, 9453329000, 2625:55:29
1540,  XRlFaTT7XU1GIX4qVHx1, 1567548139000, 1570138080000, 2589941000, 719:25:41
1541,  f2T5f6E3xBY69tKxQnmz, 1567540197000, 1576564283000, 9024086000, 2506:41:26
1542,  mLrCdJxASevx0cEQqzXe, 1567535359000, 1576949961000, 9414602000, 2615:10:02
1543,  KAoO8LP7Iiu6w2Jd9FQL, 1567532640000, 1574317645000, 6785005000, 1884:43:25
1544,  TZjwrmsL6dpDcqeOi4Wv, 1567516368000, 1571775421000, 4259053000, 1183:04:13
1545,  CRoscl9bOCsu6IPbLS83, 1567508919000, 1571584486000, 4075567000, 1132:06:07
1546,  CwUjqKcpa7P7Rtgn0y5k, 1567504557000, 1567815320000, 310763000, 86:19:23
1547,  ZAAJv9iC3sApYHStvuKS, 1567495743000, 1573189664000, 5693921000, 1581:38:41
1548,  AO6tA0jecOHP56TK9A4m, 1567490079000, 1573779048000, 6288969000, 1746:56:09
1549,  Q5BiNM4xvpg5LfRr5cyW, 1567484194000, 1571490688000, 4006494000, 1112:54:54
1550,  Sy3S5UIcpql039IKipuN, 1567479010000, 1568946150000, 1467140000, 407:32:20
1551,  AH0QAFC1fQiQRIjKQwbV, 1567474947000, 1568400154000, 925207000, 257:00:07
1552,  b6PBOemDmfMZxD5AvX8u, 1567443665000, 1567638982000, 195317000, 54:15:17
1553,  SnBFBEgWpkqYkEe5h6x4, 1567441973000, 1576121183000, 8679210000, 2410:53:30
1554,  WXZxSA3jFDMC5pO9mJEH, 1567438040000, 1574976906000, 7538866000, 2094:07:46
1555,  TJUnX5MCgdtsoBpvr98F, 1567436294000, 1576099873000, 8663579000, 2406:32:59
1556,  mMmpo4JKrQtRE7vUJEQU, 1567432771000, 1571156756000, 3723985000, 1034:26:25
1557,  ncvYfTNijnWKDsgKzQ3T, 1567414917000, 1569556515000, 2141598000, 594:53:18
1558,  8PgpjTlmiJHEW4eGvqxx, 1567406650000, 1574466081000, 7059431000, 1960:57:11
1559,  MrcYVqDNQ6MCEYZPoji7, 1567387838000, 1572072548000, 4684710000, 1301:18:30
1560,  ZnNRf7AIeGmGz8GQgnne, 1567376091000, 1571404116000, 4028025000, 1118:53:45
1561,  ccr3wIweHvMaywuOiJvk, 1567356778000, 1569328379000, 1971601000, 547:40:01
1562,  9ybhkkZuTheS8GakBGdk, 1567355171000, 1572946498000, 5591327000, 1553:08:47
1563,  GO9RpovIJfP538jDuxG4, 1567350896000, 1570224210000, 2873314000, 798:08:34
1564,  euqPG5W5YTmYHjnatPBy, 1567342623000, 1574351424000, 7008801000, 1946:53:21
1565,  UuyxsulY59fyxNzEaWpT, 1567323876000, 1574177476000, 6853600000, 1903:46:40
1566,  Z9a1M3PtT4gQiBVaQeHq, 1567316330000, 1573708123000, 6391793000, 1775:29:53
1567,  i3ZydUEhI92NVYISwtHP, 1567315245000, 1568451089000, 1135844000, 315:30:44
1568,  Qvqg3lbHc8aZ4BuYzWIM, 1567313010000, 1569340507000, 2027497000, 563:11:37
1569,  Wwpx9Rh27WM6FCoO0gZC, 1567309004000, 1572450404000, 5141400000, 1428:10:00
1570,  HMMwiBf4n2Pk0Y89y1CF, 1567305145000, 1568875079000, 1569934000, 436:05:34
1571,  ZH1vklT6rd7fhoyXtdSg, 1567302236000, 1574102710000, 6800474000, 1889:01:14
1572,  CXLe8F2R5hcmfrE08NH7, 1567290200000, 1567693793000, 403593000, 112:06:33
1573,  GRppkGFCxS4hC76MSMMX, 1567290119000, 1572251481000, 4961362000, 1378:09:22
1574,  JrzVND9BZRwzaFhFrA3V, 1567286464000, 1570067886000, 2781422000, 772:37:02
1575,  uvdned6Mmxl1Wjio0KjG, 1567276872000, 1567987346000, 710474000, 197:21:14
1576,  mW60ck1wjHTlxV89bQz8, 1567276777000, 1569203125000, 1926348000, 535:05:48
1577,  V3YUyIMBjaIyUICMTtbj, 1567274512000, 1571480531000, 4206019000, 1168:20:19
1578,  lCAUIc0SkH3sMzkkjP2d, 1567273464000, 1568562912000, 1289448000, 358:10:48
1579,  p8VbPGYSl9dpk1XqQKmf, 1567265653000, 1574177881000, 6912228000, 1920:03:48
1580,  PbxBRaer0dmnSrjHTsbG, 1567265534000, 1576897277000, 9631743000, 2675:29:03
1581,  kxbJuT9rdoPehOzPEmMn, 1567264279000, 1576830589000, 9566310000, 2657:18:30
1582,  fhVfzJXrHyUuYAskzAvU, 1567261670000, 1568874649000, 1612979000, 448:02:59
1583,  PNRBrzYipTk7cZ3wntFL, 1567256307000, 1567899657000, 643350000, 178:42:30
1584,  RMrEv1g08357qy05d0vP, 1567247785000, 1571236184000, 3988399000, 1107:53:19
1585,  2Aeuk4b09CWn671SLub2, 1567247145000, 1573259784000, 6012639000, 1670:10:39
1586,  h47kUEcXEkqY9bvOeb6U, 1567226048000, 1576078792000, 8852744000, 2459:05:44
1587,  2lcGDwadpP2UjWDbu4gF, 1567220434000, 1567563868000, 343434000, 95:23:54
1588,  ypxXG3NN1r6kPpzPFvEi, 1567219612000, 1569508952000, 2289340000, 635:55:40
1589,  zMGi5R78J80tMdF1B5pG, 1567218602000, 1571093591000, 3874989000, 1076:23:09
1590,  2pxTsCzVxZ1E6jv71g43, 1567196525000, 1572500902000, 5304377000, 1473:26:17
1591,  NXDuVKcPt6IKRFJTxHBS, 1567194583000, 1567861970000, 667387000, 185:23:07
1592,  uiIFlF4Tw3LR0WqWsY7X, 1567191315000, 1569379503000, 2188188000, 607:49:48
1593,  fQtQEvNnoPTJnbBf21Sk, 1567188307000, 1573790137000, 6601830000, 1833:50:30
1594,  ELjwaHXP8P94jUF9sYsR, 1567187443000, 1569583109000, 2395666000, 665:27:46
1595,  9Sqiux3NK4lDsr82Ka4D, 1567181564000, 1573564361000, 6382797000, 1772:59:57
1596,  cE9dBjV6HO58cwanCYFv, 1567169917000, 1571704540000, 4534623000, 1259:37:03
1597,  VVVHFJpaXtvvYTYPqCQD, 1567168293000, 1569964241000, 2795948000, 776:39:08
1598,  FbQVMtS0PwNxGLbU5LnM, 1567166671000, 1569349743000, 2183072000, 606:24:32
1599,  aO5MwWIvEKarIecXdqmV, 1567158443000, 1569187983000, 2029540000, 563:45:40
1600,  ILWmIOeMluzEqWSgwR6T, 1567156002000, 1567739370000, 583368000, 162:02:48
1601,  wE0EIiVfQJksMqtWyxYD, 1567152847000, 1568007355000, 854508000, 237:21:48
1602,  ZLOB9R47eKB8uEUiDub6, 1567143462000, 1572014746000, 4871284000, 1353:08:04
1603,  jJHNqsDyQMEhvgX2hHkp, 1567140381000, 1577067332000, 9926951000, 2757:29:11
1604,  3OLh09F7PGD5He7SwjGq, 1567136489000, 1573138875000, 6002386000, 1667:19:46
1605,  klcMMl4KSqtvCNzRvOfL, 1567135358000, 1569225972000, 2090614000, 580:43:34
1606,  mSQwve9RzocdoOJ6GayD, 1567119220000, 1569683230000, 2564010000, 712:13:30
1607,  KN6B9rsGgXDGKEJMpnIA, 1567113417000, 1575507938000, 8394521000, 2331:48:41
1608,  WinxjggSqMpXy8oSy882, 1567102771000, 1567918647000, 815876000, 226:37:56
1609,  I4wynWTWL1S0gb8RqHH5, 1567102728000, 1575261051000, 8158323000, 2266:12:03
1610,  ZzUtNhUXZAZwONd3Gr3h, 1567096017000, 1567209851000, 113834000, 31:37:14
1611,  sxx4wwIFJxRg1yTNFZZ4, 1567077605000, 1573251633000, 6174028000, 1715:00:28
1612,  S0fcv28efr2SdALWIPui, 1567071318000, 1573726352000, 6655034000, 1848:37:14
1613,  DEerP57sZGoxJ9xNcJBt, 1567066440000, 1567378392000, 311952000, 86:39:12
1614,  kkziL1mVM2dUYRn5DDXi, 1567057351000, 1576910434000, 9853083000, 2736:58:03
1615,  ARE5y4J8D0P018XlIrCb, 1567047155000, 1568728950000, 1681795000, 467:09:55
1616,  0bwDSp9zeefYnUifxtR5, 1567043614000, 1567979109000, 935495000, 259:51:35
1617,  8jdtBmmfYwziAfScIiul, 1567031847000, 1568071367000, 1039520000, 288:45:20
1618,  h5Zz0a1GR5GCoMq3C7Pe, 1567026265000, 1568666192000, 1639927000, 455:32:07
1619,  57PdVdL6bzJ0mntMifCP, 1567024782000, 1577313280000, 10288498000, 2857:54:58
1620,  dMEo01OCHg3ZGT3n0ULW, 1567020955000, 1575260099000, 8239144000, 2288:39:04
1621,  SZqxX6F1IwMKtdXxTHmu, 1567008972000, 1575536441000, 8527469000, 2368:44:29
1622,  wkefxt7pYN8z1GqsQCVX, 1567007530000, 1569592088000, 2584558000, 717:55:58
1623,  ElNetBdJPWvSTr7kSqb8, 1566998088000, 1576823042000, 9824954000, 2729:09:14
1624,  BIcOB7gXkXCDJpetLwK8, 1566993803000, 1568935722000, 1941919000, 539:25:19
1625,  JP9eNPih59iF9olt8jf9, 1566990617000, 1573847756000, 6857139000, 1904:45:39
1626,  HzspXwQ76YXZyQdxF3iF, 1566985392000, 1574172205000, 7186813000, 1996:20:13
1627,  m0OIWJkRUcL6FXPIZliV, 1566982604000, 1574065835000, 7083231000, 1967:33:51
1628,  ccPbl0bJR2aDm64fGKe1, 1566971047000, 1568138011000, 1166964000, 324:09:24
1629,  aNxJdBbPuV2mMytIRe3y, 1566968205000, 1575616176000, 8647971000, 2402:12:51
1630,  kP6Hfr1Bl5b3tjxOBMF4, 1566967306000, 1570559462000, 3592156000, 997:49:16
1631,  o6MIX5eSED5mYOJ9PUUJ, 1566963549000, 1569999334000, 3035785000, 843:16:25
1632,  SkKZgmw1dAbyGKmbJ1ye, 1566961142000, 1568286573000, 1325431000, 368:10:31
1633,  DIuTvofSNOUD4yXLuyGd, 1566961071000, 1573334626000, 6373555000, 1770:25:55
1634,  2qAzVsCsFLsbWFCFLwjs, 1566925293000, 1575419949000, 8494656000, 2359:37:36
1635,  l72W6rv5BehXCEehsmY4, 1566922107000, 1577675528000, 10753421000, 2987:03:41
1636,  uuhO8VMHEsX7Q3ZJt7uq, 1566919127000, 1570957204000, 4038077000, 1121:41:17
1637,  iu0TzVMqMdeqhEH5CnSm, 1566917324000, 1574559181000, 7641857000, 2122:44:17
1638,  VB0ejbjeyCBY6VKUfhp1, 1566912192000, 1570333005000, 3420813000, 950:13:33
1639,  ap3dkAKvgKcqT908KhYu, 1566904356000, 1568584515000, 1680159000, 466:42:39
1640,  23h139KGl0lqgMYmcJ1K, 1566899254000, 1576667024000, 9767770000, 2713:16:10
1641,  BdaLHDPDxCW8P4IfZhkW, 1566891604000, 1570516379000, 3624775000, 1006:52:55
1642,  peOzPa4piG5JkCaUrYx8, 1566884590000, 1570448974000, 3564384000, 990:06:24
1643,  8oHrgEGMdjNgnU0XQmu7, 1566883036000, 1574660019000, 7776983000, 2160:16:23
1644,  j8bl5fDGkTAyXdMEiPAy, 1566879503000, 1573937817000, 7058314000, 1960:38:34
1645,  Ji1RPze3o8alhR9nFRuQ, 1566867655000, 1572253632000, 5385977000, 1496:06:17
1646,  5LPyeiZtL7PWRiPgNODU, 1566846535000, 1567309563000, 463028000, 128:37:08
1647,  RRRhRMw6oZb6jPobaBuT, 1566845707000, 1569972605000, 3126898000, 868:34:58
1648,  qidLxBxhq2a30Jdola4a, 1566844612000, 1567706537000, 861925000, 239:25:25
1649,  UtdmA8I5lwHkpvnhgu3f, 1566834751000, 1571290228000, 4455477000, 1237:37:57
1650,  hzw5o3b28yTn5MmI7a8Y, 1566833334000, 1574851832000, 8018498000, 2227:21:38
1651,  xMbY03X9gVI7eimTHwKe, 1566831399000, 1576701861000, 9870462000, 2741:47:42
1652,  9DXAPKdUl01NypywQf1Z, 1566816916000, 1571612429000, 4795513000, 1332:05:13
1653,  kIjuG8l2ibCKIt2gOCA1, 1566813675000, 1571493750000, 4680075000, 1300:01:15
1654,  nR3SpTwTZ59qCBrM8jDe, 1566811026000, 1572942647000, 6131621000, 1703:13:41
1655,  XlqUjIb5PLPyJ1GdQu2J, 1566795634000, 1576984709000, 10189075000, 2830:17:55
1656,  2arqLc2O1blPC6iNNbOy, 1566763346000, 1571867839000, 5104493000, 1417:54:53
1657,  0yF12tF8yV83aRPtbX7E, 1566730428000, 1577086180000, 10355752000, 2876:35:52
1658,  6g29GmbIej5uNXQrLUI1, 1566726386000, 1576108591000, 9382205000, 2606:10:05
1659,  Vl11PlgFvTV5amZQdVBR, 1566713790000, 1576350464000, 9636674000, 2676:51:14
1660,  JMjcyLBPbGFhyG9Mnqz3, 1566713170000, 1570781156000, 4067986000, 1129:59:46
1661,  BVW6nuWYRZwicF91BCOG, 1566701904000, 1570287809000, 3585905000, 996:05:05
1662,  VJoHpmYYc9OH87mNTkFb, 1566698158000, 1571495474000, 4797316000, 1332:35:16
1663,  xX0X3E9tWWKBl4BcKC0g, 1566697882000, 1577006693000, 10308811000, 2863:33:31
1664,  P9yUxAAYyudtg6eX1VXq, 1566696736000, 1568235377000, 1538641000, 427:24:01
1665,  RRBvFsjYd4JPqixjoWhu, 1566693828000, 1575373140000, 8679312000, 2410:55:12
1666,  Xm0xGXCac5EYdfnSnqTw, 1566683561000, 1574147293000, 7463732000, 2073:15:32
1667,  WxGIdk2QbkuRDT9FcleE, 1566672141000, 1572082475000, 5410334000, 1502:52:14
1668,  U2K5jBfAIFG8osjxuNbz, 1566665229000, 1572102546000, 5437317000, 1510:21:57
1669,  cFiELKMI37RElDhMlyYJ, 1566664600000, 1572900750000, 6236150000, 1732:15:50
1670,  ri5fDEwgso3Hr5HBfWSY, 1566661692000, 1568969409000, 2307717000, 641:01:57
1671,  3tnKCRkRrI63eq9xd2A3, 1566659516000, 1568427329000, 1767813000, 491:03:33
1672,  LE1waMXpXogYxAV20pWl, 1566654605000, 1572188633000, 5534028000, 1537:13:48
1673,  wsJjwQLf4wFH7KFLWws1, 1566642816000, 1571786342000, 5143526000, 1428:45:26
1674,  GVsWNo1MgYRGS6O4os9J, 1566637677000, 1566845457000, 207780000, 57:43:00
1675,  HiEiz7fx7ecu6Siy8WEf, 1566628256000, 1570276228000, 3647972000, 1013:19:32
1676,  j0SS3aLTyNcvZGNq399s, 1566627115000, 1575776488000, 9149373000, 2541:29:33
1677,  0nwOuM0DP8mhoFf7egWf, 1566626265000, 1574538360000, 7912095000, 2197:48:15
1678,  hCHBwPHc7jVeZxXbG7Bh, 1566625879000, 1568433909000, 1808030000, 502:13:50
1679,  ekBwn9BeAbBAU2HSyFBI, 1566625068000, 1577007785000, 10382717000, 2884:05:17
1680,  70Rt6jvjqAm0IpTIaCsI, 1566622215000, 1573158588000, 6536373000, 1815:39:33
1681,  IkJzCSLcBmfFsJ08sMIO, 1566621613000, 1571698386000, 5076773000, 1410:12:53
1682,  fK6hMPjl4F42naOw77FN, 1566598113000, 1571760339000, 5162226000, 1433:57:06
1683,  xoSyHttAaPpQsxk4BFI6, 1566594302000, 1566687325000, 93023000, 25:50:23
1684,  gp6l3MkWQRIXqGb7B1cz, 1566584951000, 1569312832000, 2727881000, 757:44:41
1685,  1cyGsKYtq6pIZ5YOpa8D, 1566574896000, 1573302761000, 6727865000, 1868:51:05
1686,  PfWNm3ev62VBYpCeNDAk, 1566574876000, 1576251926000, 9677050000, 2688:04:10
1687,  APmfq6B26JSugCZMKTkl, 1566562002000, 1567281943000, 719941000, 199:59:01
1688,  sVYG7LNIhm2dzTwyIw4O, 1566555531000, 1570717760000, 4162229000, 1156:10:29
1689,  dUzwb8W7oWrEiUeo2C47, 1566543801000, 1573197808000, 6654007000, 1848:20:07
1690,  g1RL6CMJVza11ph4VOGr, 1566537700000, 1570519362000, 3981662000, 1106:01:02
1691,  YIrZRKm6fukqxznD8Ygl, 1566504823000, 1569237095000, 2732272000, 758:57:52
1692,  QMexpGVqX35hSPWOrN5q, 1566502152000, 1567456650000, 954498000, 265:08:18
1693,  UdCvhTFkHjRIomEW9ea4, 1566500517000, 1572820671000, 6320154000, 1755:35:54
1694,  sXtxUSOSDRebMzAs3Pfj, 1566496893000, 1570706182000, 4209289000, 1169:14:49
1695,  pgl0qbWjfpn9EU2lAwPL, 1566493017000, 1575587319000, 9094302000, 2526:11:42
1696,  eH6t7Kbq3bErEzIDrqLO, 1566477485000, 1575021436000, 8543951000, 2373:19:11
1697,  4ftuMbhkPaWBy89CZJEe, 1566470079000, 1577473850000, 11003771000, 3056:36:11
1698,  Gq2eIPIap1TcQ9BgsvcG, 1566469314000, 1570924784000, 4455470000, 1237:37:50
1699,  XG3Nr4V4taHK5DF2a9Xf, 1566460577000, 1570776691000, 4316114000, 1198:55:14
1700,  jQbp7YssU5ZDqiFZKBCS, 1566458235000, 1575604478000, 9146243000, 2540:37:23
1701,  demTM1jhTCSeXx86vj8k, 1566449206000, 1568728651000, 2279445000, 633:10:45
1702,  fDX4t9lChRoFwmOogbhw, 1566438267000, 1574914706000, 8476439000, 2354:33:59
1703,  iGo9Ea7kScoTBXAmams7, 1566434896000, 1566992805000, 557909000, 154:58:29
1704,  YinquwNBDy0rC2US4pQC, 1566422013000, 1570915060000, 4493047000, 1248:04:07
1705,  rvDdNV7h2sDoCV0jt27m, 1566413548000, 1571602560000, 5189012000, 1441:23:32
1706,  qKZcYOUMJH0ix242Pv78, 1566408940000, 1570559511000, 4150571000, 1152:56:11
1707,  uy0xtLf5KrYy0CZD9n8W, 1566406251000, 1577402938000, 10996687000, 3054:38:07
1708,  ESssubBzW6ffWyoK8Owb, 1566401633000, 1572724713000, 6323080000, 1756:24:40
1709,  ckU4fwi4kBntOfPejAp8, 1566400811000, 1572054503000, 5653692000, 1570:28:12
1710,  IMNUihE0wABXT8kPAGun, 1566397341000, 1572841496000, 6444155000, 1790:02:35
1711,  loYreadBcIB4Kxhmxqz7, 1566384934000, 1568415262000, 2030328000, 563:58:48
1712,  daAbWF4V8vWfiyXtqz5T, 1566382793000, 1571945658000, 5562865000, 1545:14:25
1713,  4FRdIH0KhRB8PZSbWbwq, 1566382513000, 1570658456000, 4275943000, 1187:45:43
1714,  Eqsv01xdj58rCyIo47eY, 1566374632000, 1573445538000, 7070906000, 1964:08:26
1715,  cZ8lUSx2sqgOVn0LHyLs, 1566371481000, 1573395048000, 7023567000, 1950:59:27
1716,  VEEyELA8FUcndB9djmkL, 1566368301000, 1567924457000, 1556156000, 432:15:56
1717,  sKZnlZwXexoRlCcDYYkG, 1566356870000, 1568050962000, 1694092000, 470:34:52
1718,  HcuJqmQ0fp4UJ0vSG4CN, 1566348275000, 1574954239000, 8605964000, 2390:32:44
1719,  sbj8n6oEGzWj0OyadbhK, 1566346044000, 1576231411000, 9885367000, 2745:56:07
1720,  u2madMu9MA721MYhohpP, 1566326917000, 1570982452000, 4655535000, 1293:12:15
1721,  VwT1gFKCRdAiSRObfq5a, 1566320223000, 1566819458000, 499235000, 138:40:35
1722,  nXFn04qpvZ3vJ5i0Y98H, 1566314684000, 1567014002000, 699318000, 194:15:18
1723,  UxrJ4LqfsDbTLDDuwN4u, 1566291170000, 1573548802000, 7257632000, 2016:00:32
1724,  m9uChPbObOI11rJAh4lr, 1566284479000, 1567420305000, 1135826000, 315:30:26
1725,  IYACHW6Cj37gg3ouR2zZ, 1566259320000, 1573157675000, 6898355000, 1916:12:35
1726,  ae3OiYmrabLkbaXbu5Cq, 1566249908000, 1567063052000, 813144000, 225:52:24
1727,  uu6QljTmVSvM8t24bVNW, 1566237466000, 1574892831000, 8655365000, 2404:16:05
1728,  6SC3V0xxl7IC2LLlet57, 1566231178000, 1573515645000, 7284467000, 2023:27:47
1729,  IzFCP5L7i2iG6pbTcwJd, 1566230374000, 1573303632000, 7073258000, 1964:47:38
1730,  zKLhHOcW5qSekwZVso5S, 1566229919000, 1570214461000, 3984542000, 1106:49:02
1731,  6PePm2P20gAWzp16kJps, 1566226844000, 1568165842000, 1938998000, 538:36:38
1732,  EuMW9mO6lqEGfkmROWwg, 1566209120000, 1576736683000, 10527563000, 2924:19:23
1733,  cEGNiCbvRvB4DDmAJFi4, 1566207431000, 1566850895000, 643464000, 178:44:24
1734,  o27vc0tiCPIHAY7tyjXP, 1566201469000, 1573247857000, 7046388000, 1957:19:48
1735,  YofccSis8a89ZhduYEEK, 1566192588000, 1572074464000, 5881876000, 1633:51:16
1736,  ezKhpI7s4fnlePMoWD8d, 1566183338000, 1576503970000, 10320632000, 2866:50:32
1737,  ehJ6AMM5s2SRzjXGhLH7, 1566182424000, 1566796792000, 614368000, 170:39:28
1738,  E4Lhn7xtnW9tFbnC58Di, 1566169867000, 1570618648000, 4448781000, 1235:46:21
1739,  4erYnqOo5dnTVWlKI9Od, 1566169026000, 1567155027000, 986001000, 273:53:21
1740,  Wqbp1bZ39n4SlzlfTJIk, 1566168355000, 1571150644000, 4982289000, 1383:58:09
1741,  YxUu5PfX8BScMpsrmadc, 1566162744000, 1567198293000, 1035549000, 287:39:09
1742,  V0nTaYpGjBSiGvkcX8WH, 1566159167000, 1568966046000, 2806879000, 779:41:19
1743,  2Cb8C7urBeOvcK2kZP8S, 1566139736000, 1577215167000, 11075431000, 3076:30:31
1744,  XXpP8HPgmtxQNGxaGTkQ, 1566135862000, 1571012428000, 4876566000, 1354:36:06
1745,  h5xcl4wNCLI0ZgKEVuxD, 1566126445000, 1575303403000, 9176958000, 2549:09:18
1746,  4pyF3FKYPYFbBpZVgSVO, 1566123877000, 1573306047000, 7182170000, 1995:02:50
1747,  jv0uRnOQVZoznis2WWXY, 1566123805000, 1572302504000, 6178699000, 1716:18:19
1748,  wUAqmgsNj025j61mZCHB, 1566118277000, 1568049582000, 1931305000, 536:28:25
1749,  VOWsUOgA4yvDjLPkrURQ, 1566106744000, 1573555915000, 7449171000, 2069:12:51
1750,  fsv41s41QFXB5tLVzNq5, 1566103273000, 1574178306000, 8075033000, 2243:03:53
1751,  ZRySL1kVW3ayEimBtJmb, 1566098348000, 1575726030000, 9627682000, 2674:21:22
1752,  Sr5kt5Xp4F7GNC5YdWpZ, 1566097763000, 1571561005000, 5463242000, 1517:34:02
1753,  0O89iuk4TFSUiDWzPnEj, 1566082141000, 1568851542000, 2769401000, 769:16:41
1754,  6XZhzdQsb26c3k5jSmQm, 1566077615000, 1566689640000, 612025000, 170:00:25
1755,  VPhnOfIXbAnmSz3omkpi, 1566077208000, 1572097934000, 6020726000, 1672:25:26
1756,  qSmjboZkdtQhMDiW4VMI, 1566043963000, 1570985811000, 4941848000, 1372:44:08
1757,  x7GGoeYdOPfh1kUYyAFj, 1566030790000, 1569130472000, 3099682000, 861:01:22
1758,  bOpX3MPqYdksBn8UCuhM, 1566030384000, 1570712581000, 4682197000, 1300:36:37
1759,  XYrV67h2Py1HFmC3nsup, 1566027970000, 1573313850000, 7285880000, 2023:51:20
1760,  tGanBldPOmg9KPx9K7Cq, 1566023538000, 1570162193000, 4138655000, 1149:37:35
1761,  9w8CQDxsDvZOdpeuJhkD, 1566020556000, 1570376678000, 4356122000, 1210:02:02
1762,  s7J1ofOuHL6TSqb6Nq79, 1566016758000, 1572931011000, 6914253000, 1920:37:33
1763,  Mw0JAG8oEmR36u07B2sQ, 1566013055000, 1576570592000, 10557537000, 2932:38:57
1764,  vjOzJpLx0O8AD5PyaKHi, 1566006158000, 1569458995000, 3452837000, 959:07:17
1765,  EAO1y3SPc6HdJVubAGj6, 1566005673000, 1575869418000, 9863745000, 2739:55:45
1766,  YrsZxoU93t2rygYmz1oi, 1566003382000, 1568944776000, 2941394000, 817:03:14
1767,  CcpYgEg6eipMhrEqDYDR, 1566002756000, 1572738474000, 6735718000, 1871:01:58
1768,  oYACQbImYKi92sWR1Kn0, 1566000803000, 1572221143000, 6220340000, 1727:52:20
1769,  oC11iK8FAeQawtHm9mNe, 1565999121000, 1571015754000, 5016633000, 1393:30:33
1770,  TiCFv11UxL5IPEhuoui5, 1565996124000, 1567341047000, 1344923000, 373:35:23
1771,  gnyWRXHaSZnSAGrriAOW, 1565996020000, 1572630918000, 6634898000, 1843:01:38
1772,  i7qabm5vJOmVF4iEehJc, 1565993520000, 1572542526000, 6549006000, 1819:10:06
1773,  AecDzsfPxm6a0r5PVKG8, 1565992231000, 1571681691000, 5689460000, 1580:24:20
1774,  lrR73Yc1eXupQREmEgZx, 1565984339000, 1574321335000, 8336996000, 2315:49:56
1775,  k4TVkmbHBiUzRt3Z0wNP, 1565969407000, 1571119930000, 5150523000, 1430:42:03
1776,  yTI6zepCePeoKgKnhLZe, 1565968786000, 1571028631000, 5059845000, 1405:30:45
1777,  WBseFH99SDIc7cOlDSrh, 1565967554000, 1569648047000, 3680493000, 1022:21:33
1778,  HA70yCHz3HbWiXIhoWnB, 1565945620000, 1574240443000, 8294823000, 2304:07:03
1779,  vPv51CjMhLIuQ5zQrA9a, 1565943573000, 1570695911000, 4752338000, 1320:05:38
1780,  sod1fbMNGbbgEddrFupI, 1565942676000, 1577355630000, 11412954000, 3170:15:54
1781,  HpyUGnxH4O8rrooXPMPa, 1565935427000, 1576776700000, 10841273000, 3011:27:53
1782,  lbQ47Hn23HpWrlIrGBT1, 1565923511000, 1567831656000, 1908145000, 530:02:25
1783,  95iQyhD07tDCVQ4GHLx5, 1565921477000, 1574413463000, 8491986000, 2358:53:06
1784,  7m8OgVHhXqP1wd8mb6YH, 1565913254000, 1570663421000, 4750167000, 1319:29:27
1785,  mREGbEecEGKs2yJYvHTb, 1565912575000, 1572785622000, 6873047000, 1909:10:47
1786,  PFCYp3U1mHcpQxn67RsB, 1565901261000, 1571138307000, 5237046000, 1454:44:06
1787,  Upg9xUqXayt9xhWEp6Uk, 1565889795000, 1568259368000, 2369573000, 658:12:53
1788,  v2Uuyee0XRymbEc7Pzvc, 1565889126000, 1576988902000, 11099776000, 3083:16:16
1789,  8xCmtadCYiMri7Pioc30, 1565881866000, 1575566079000, 9684213000, 2690:03:33
1790,  ctVlPEeJjv5oZ9yIr17V, 1565854946000, 1576785994000, 10931048000, 3036:24:08
1791,  aLxpv3C4bWNPjLFoD87z, 1565850756000, 1574028260000, 8177504000, 2271:31:44
1792,  uT4MTyaFEp4NnGgo4mUg, 1565828518000, 1576829277000, 11000759000, 3055:45:59
1793,  2jd07cx01a4SZeFa5zK1, 1565828165000, 1571074596000, 5246431000, 1457:20:31
1794,  R2HKsjm9cCIT3k9oFneU, 1565821237000, 1574938349000, 9117112000, 2532:31:52
1795,  jvPyd7ADK9MksEAXqhDd, 1565818029000, 1572328107000, 6510078000, 1808:21:18
1796,  KCSl0HyPkk2lzZ6D0fSH, 1565804493000, 1572416669000, 6612176000, 1836:42:56
1797,  u91AdtHS2vAOQGS7xBx2, 1565797080000, 1575438226000, 9641146000, 2678:05:46
1798,  XgJ20e5jNQVPJvjIBD56, 1565795579000, 1572867697000, 7072118000, 1964:28:38
1799,  CIDfDgOoJfLEHgipsi1p, 1565790355000, 1566848268000, 1057913000, 293:51:53
1800,  ltGa8K2VJepHyl3G0Euj, 1565785511000, 1568791307000, 3005796000, 834:56:36
1801,  kQAoOJJJzJvCFw87Q3Ok, 1565784221000, 1570070853000, 4286632000, 1190:43:52
1802,  1bOTP4Yci9uq26tRmRjQ, 1565779298000, 1577051182000, 11271884000, 3131:04:44
1803,  5xEeHlxJRCy77qaYimzy, 1565778829000, 1572302373000, 6523544000, 1812:05:44
1804,  ASqovMfYKd8gBP8fanrU, 1565762461000, 1569056313000, 3293852000, 914:57:32
1805,  IXlPy65LnqL6dbX8eave, 1565759433000, 1576787738000, 11028305000, 3063:25:05
1806,  jk3Awxig8sb67IbtvaE5, 1565751020000, 1569663250000, 3912230000, 1086:43:50
1807,  CD5mKLuFkz8NlrWbbiB6, 1565748377000, 1569587102000, 3838725000, 1066:18:45
1808,  VZJKMU7qiljew9cpejPf, 1565732118000, 1575514246000, 9782128000, 2717:15:28
1809,  db8xAALSvI4FrpgMhHVJ, 1565723471000, 1570529932000, 4806461000, 1335:07:41
1810,  T1m7hOP0mRotihGz91z3, 1565722028000, 1567020789000, 1298761000, 360:46:01
1811,  gbx6po1HPVm699BXfG00, 1565718039000, 1576090314000, 10372275000, 2881:11:15
1812,  j3ImU1U3nKJMGTuxdHUN, 1565717435000, 1574612957000, 8895522000, 2470:58:42
1813,  mMBsZdn5ah7t3ncliLlv, 1565714042000, 1570711225000, 4997183000, 1388:06:23
1814,  rZwo8r5wKN0Fh4Qb9Aah, 1565713608000, 1572058144000, 6344536000, 1762:22:16
1815,  V4ivYlaKFrfoEnEAKbSa, 1565703879000, 1570358420000, 4654541000, 1292:55:41
1816,  pjVTnxWOdyGOYhyYjCr4, 1565691191000, 1577488102000, 11796911000, 3276:55:11
1817,  88fi6O5kEiA8VewHL8CE, 1565684562000, 1569811662000, 4127100000, 1146:25:00
1818,  7hQmzC0x7f1EC2Qw0iph, 1565667813000, 1572093820000, 6426007000, 1785:00:07
1819,  yzO9MUwNSBNJnjvXPo4n, 1565664907000, 1573288542000, 7623635000, 2117:40:35
1820,  fxrrDjo80DWG2Y33Tqv3, 1565645980000, 1575661194000, 10015214000, 2782:00:14
1821,  CDNKYTes7oZtyAj07Xdk, 1565639941000, 1572071608000, 6431667000, 1786:34:27
1822,  HnLTtxKFLebSuCaFm5af, 1565637544000, 1571688236000, 6050692000, 1680:44:52
1823,  n2LlUGkWKkgR4vrqOLAE, 1565629617000, 1576789636000, 11160019000, 3100:00:19
1824,  e3nqk4xWQRegSBfaRoOA, 1565611031000, 1574058982000, 8447951000, 2346:39:11
1825,  Y1r0GlNlIpH5vOka1rhp, 1565608947000, 1571032731000, 5423784000, 1506:36:24
1826,  AaKacSECfw1DWm6HVnDF, 1565608760000, 1572651307000, 7042547000, 1956:15:47
1827,  qgQ6YP7J0xyFTFr9sRg7, 1565594973000, 1575965899000, 10370926000, 2880:48:46
1828,  HVTqBLgUjq7I99t9QaDt, 1565583624000, 1577629726000, 12046102000, 3346:08:22
1829,  tvbBYIv3iEh7HhTMG3BR, 1565568466000, 1573808117000, 8239651000, 2288:47:31
1830,  8fbtEYJGeVbghRI0yZ1f, 1565567141000, 1577423914000, 11856773000, 3293:32:53
1831,  IHE8aU6AkQtqgeuebZlR, 1565567067000, 1570513070000, 4946003000, 1373:53:23
1832,  9SMhwb225YKxVKWr78Yu, 1565564802000, 1572774011000, 7209209000, 2002:33:29
1833,  4jbSUI29FxPqnDgdeJ1I, 1565554422000, 1570404708000, 4850286000, 1347:18:06
1834,  v4I6PBOYvPTrQPakZQMi, 1565536663000, 1573916847000, 8380184000, 2327:49:44
1835,  aBRyUEL7ajDe0QSZvJQJ, 1565535117000, 1576561437000, 11026320000, 3062:52:00
1836,  FfsOPRoy4fTDZhaf4BfK, 1565530200000, 1571820429000, 6290229000, 1747:17:09
1837,  tJrkfJZ86GFmabUz08ZQ, 1565520921000, 1574531615000, 9010694000, 2502:58:14
1838,  PJBvlgAvdRykX68nfYvo, 1565518471000, 1573379791000, 7861320000, 2183:42:00
1839,  sKMBAwdzO9GSFje1k904, 1565501816000, 1569738718000, 4236902000, 1176:55:02
1840,  qjB01tAgSJpOAer7FZap, 1565500657000, 1574265650000, 8764993000, 2434:43:13
1841,  2IeD5wacEcamraXWPW2B, 1565468684000, 1568213389000, 2744705000, 762:25:05
1842,  0kCUJJ32guWr80pmYNlR, 1565465850000, 1571486192000, 6020342000, 1672:19:02
1843,  V3fL8c5JPY2D3FR8A0QP, 1565463957000, 1565667670000, 203713000, 56:35:13
1844,  JBuCflRB277vzA04BhO9, 1565455979000, 1575419999000, 9964020000, 2767:47:00
1845,  vYiJXIdmZx5evAXacxzp, 1565446620000, 1567328341000, 1881721000, 522:42:01
1846,  Z7QAz4GjNGN3Y2ip57mT, 1565432441000, 1568053677000, 2621236000, 728:07:16
1847,  SDly2HV9v8bMRFr2RzyA, 1565428701000, 1576989714000, 11561013000, 3211:23:33
1848,  6jJAYfeOeErrZcA8XB5M, 1565415854000, 1576285373000, 10869519000, 3019:18:39
1849,  JGwfAQDyDO8LnihR3YuV, 1565411988000, 1571045071000, 5633083000, 1564:44:43
1850,  vqhkEJ3HhmZMQosJYHxg, 1565399698000, 1577432410000, 12032712000, 3342:25:12
1851,  ln9E0AD2ZhoFKTof1e9m, 1565394086000, 1575530411000, 10136325000, 2815:38:45
1852,  7jhb7cpPMQlKjN043lAF, 1565385475000, 1568043540000, 2658065000, 738:21:05
1853,  UpaHzHabIysGxNFtUO1R, 1565381456000, 1575216424000, 9834968000, 2731:56:08
1854,  wQytIdS130DmgIFyH764, 1565349184000, 1574857774000, 9508590000, 2641:16:30
1855,  kB4t1UW0BG6OQumuPbRk, 1565344812000, 1571604084000, 6259272000, 1738:41:12
1856,  Xi2Yz8PkpS4YdwUpj0OV, 1565334544000, 1577037878000, 11703334000, 3250:55:34
1857,  CZPyX7MvpsTbKTSCTwxR, 1565332122000, 1573939009000, 8606887000, 2390:48:07
1858,  XSxaronRuQP0Fdzh4Z3X, 1565327969000, 1576293887000, 10965918000, 3046:05:18
1859,  w3rPzZMQ1LMdSOcDeMRd, 1565327134000, 1573382180000, 8055046000, 2237:30:46
1860,  W9OsRcC7nXq4ejvA8S4T, 1565325477000, 1568957790000, 3632313000, 1008:58:33
1861,  NQbmkkUnYUt3Z8J7aTks, 1565324752000, 1572517153000, 7192401000, 1997:53:21
1862,  b51PXkJFkc9D5YtPHbME, 1565314337000, 1565766320000, 451983000, 125:33:03
1863,  Jt2RMyIPJ8WivbEUlXgc, 1565291488000, 1572986163000, 7694675000, 2137:24:35
1864,  IvXstbEYLPEIiWU1EEJ6, 1565288836000, 1572396556000, 7107720000, 1974:22:00
1865,  GfxC4Z91ampgPc0AaaKP, 1565288669000, 1567293159000, 2004490000, 556:48:10
1866,  DqrOQoDgFAuRjt5p46UX, 1565283767000, 1572862157000, 7578390000, 2105:06:30
1867,  YijOcJdMWndPml8eHXpC, 1565267153000, 1566676200000, 1409047000, 391:24:07
1868,  xOPpnVW1roOnJWdPB0rl, 1565263436000, 1569814761000, 4551325000, 1264:15:25
1869,  WfHkLNDGwEFxUYhD9Iqe, 1565263251000, 1568865085000, 3601834000, 1000:30:34
1870,  nxMLJPJDMHK1ajWxhir7, 1565258953000, 1570771868000, 5512915000, 1531:21:55
1871,  ig18z6dpKPWezFb4u03c, 1565254896000, 1576957138000, 11702242000, 3250:37:22
1872,  BHQwMzoht8h4jWzGDNmm, 1565246430000, 1569097398000, 3850968000, 1069:42:48
1873,  fBdiQVWaK0HF0yf86dhc, 1565241753000, 1569810168000, 4568415000, 1269:00:15
1874,  aAhDXSFbSWSFfinySk1Q, 1565239821000, 1569610373000, 4370552000, 1214:02:32
1875,  qGmj9prM0Vn2E1qhMxYX, 1565236927000, 1568717061000, 3480134000, 966:42:14
1876,  pTkkw7aKNAoih6YYeH3O, 1565234566000, 1574860420000, 9625854000, 2673:50:54
1877,  Je4fUayfqwDFFWpuhBey, 1565225215000, 1569100750000, 3875535000, 1076:32:15
1878,  jJYeGnNV3qpJs1JEDavC, 1565218197000, 1567682417000, 2464220000, 684:30:20
1879,  utY856eMYsYkU6JBszE2, 1565216049000, 1577339173000, 12123124000, 3367:32:04
1880,  XVFbIq2GJJ986qZnTGXf, 1565213879000, 1573612811000, 8398932000, 2333:02:12
1881,  9mBaXWbsJPFPF4XzPvm9, 1565208969000, 1573084776000, 7875807000, 2187:43:27
1882,  CVFVSJhRcnJk0vlQUqVV, 1565206455000, 1573572442000, 8365987000, 2323:53:07
1883,  1CU7FpKdEHPqbA3ljhD9, 1565200362000, 1572581600000, 7381238000, 2050:20:38
1884,  aKN46vvFGQJBGBHOzKPs, 1565192683000, 1575504869000, 10312186000, 2864:29:46
1885,  MfNXLPaV3n5sEx91yGnX, 1565190629000, 1575197745000, 10007116000, 2779:45:16
1886,  NeJSapbAK1WYDtgEEVpa, 1565187897000, 1576655072000, 11467175000, 3185:19:35
1887,  FSCTMVDqVgHvFlNT3unx, 1565183795000, 1574163613000, 8979818000, 2494:23:38
1888,  j27wgUCSCoNyk9HI7LFf, 1565183730000, 1574279226000, 9095496000, 2526:31:36
1889,  KLr4Ih22ajIeJw7FergV, 1565166306000, 1567979237000, 2812931000, 781:22:11
1890,  1gHDzxakWwkYl7Cq2PNQ, 1565165887000, 1568790987000, 3625100000, 1006:58:20
1891,  si55K28YS3iRxbIRypgk, 1565145991000, 1565752041000, 606050000, 168:20:50
1892,  uSVkOgtlvyiGF02q45wz, 1565132404000, 1568797184000, 3664780000, 1017:59:40
1893,  faqzVQZ6X6ey76x29JRh, 1565126701000, 1575928107000, 10801406000, 3000:23:26
1894,  YhTDdkVfZQjrI8yWIEEi, 1565124044000, 1576893959000, 11769915000, 3269:25:15
1895,  vjfuJioOR8LRyLzCS1Yl, 1565122631000, 1567647733000, 2525102000, 701:25:02
1896,  Cvxqw1GWkQpazVUYTmZZ, 1565122449000, 1573456320000, 8333871000, 2314:57:51
1897,  Dj8wMP4FhBN8gJQVZ9j5, 1565098454000, 1571066323000, 5967869000, 1657:44:29
1898,  UwiLLVMKmbac42N439IC, 1565097330000, 1569062378000, 3965048000, 1101:24:08
1899,  nnf28So0gOBDtzeTEIKx, 1565094716000, 1572438693000, 7343977000, 2039:59:37
1900,  8bzBh4L246b1MTHBSfuP, 1565087612000, 1565667403000, 579791000, 161:03:11
1901,  8UxeM5RxyMAgixIkHzhs, 1565086468000, 1576875459000, 11788991000, 3274:43:11
1902,  Kx4DBZGTOujTkscZ7xfm, 1565082971000, 1572990485000, 7907514000, 2196:31:54
1903,  tRS93ORC6ek6zzGs1pgQ, 1565080192000, 1568044947000, 2964755000, 823:32:35
1904,  tCDyQmxOmohJB8onsjmv, 1565072937000, 1568769877000, 3696940000, 1026:55:40
1905,  mjnAAVnGN6piLyWC60PA, 1565069216000, 1570366998000, 5297782000, 1471:36:22
1906,  79RMupnV5c6VX9fQaStZ, 1565068663000, 1565419528000, 350865000, 97:27:45
1907,  0n5t9tyte15gBKw6lCWz, 1565054947000, 1567260178000, 2205231000, 612:33:51
1908,  fyTJCblKa6zhUyb6678u, 1565047036000, 1572462314000, 7415278000, 2059:47:58
1909,  XIrNefPGx7TlFsnDHH5g, 1565044168000, 1568047067000, 3002899000, 834:08:19
1910,  c3giD9A8QbERpgHWvQyc, 1565041687000, 1568656745000, 3615058000, 1004:10:58
1911,  EIDeFcIN83yvbkWyH7Ll, 1565037844000, 1567532502000, 2494658000, 692:57:38
1912,  aMsrlBbynhASjRsYfPF0, 1565035645000, 1567989657000, 2954012000, 820:33:32
1913,  bDHp62ziZEWFdQZBmL6G, 1565010404000, 1566259993000, 1249589000, 347:06:29
1914,  aYttbMfvaVpCJCOWoHtD, 1565008897000, 1570123228000, 5114331000, 1420:38:51
1915,  kylyHlQYLnOoArFmiHqN, 1565007914000, 1574258960000, 9251046000, 2569:44:06
1916,  ku7JfCoGzFid6HZIJzFV, 1564995784000, 1570142325000, 5146541000, 1429:35:41
1917,  sNrUkEakcvCDIZHtBasS, 1564991282000, 1566645637000, 1654355000, 459:32:35
1918,  6ftNGxPlG8NpUn0BeHY5, 1564990566000, 1565509693000, 519127000, 144:12:07
1919,  dVw8mMZPU1HoDOGejKhh, 1564984092000, 1567325426000, 2341334000, 650:22:14
1920,  nmUiNeg6VUTMdGJl0Fzx, 1564983686000, 1569652057000, 4668371000, 1296:46:11
1921,  e6o5Xyklzv4YFB026HIr, 1564973705000, 1569080913000, 4107208000, 1140:53:28
1922,  k6az4p2xZNB1ckKH0bwq, 1564964659000, 1573394369000, 8429710000, 2341:35:10
1923,  HzH6LO36a5W8gr5pjfdm, 1564964286000, 1568057562000, 3093276000, 859:14:36
1924,  WZnMTqLDOeCnD6aQpUpI, 1564961110000, 1574795533000, 9834423000, 2731:47:03
1925,  2Bd6bjNl0yiPW3VJk2zE, 1564954230000, 1573599896000, 8645666000, 2401:34:26
1926,  st0NY6sEPNkmsNemDyJc, 1564953079000, 1573560075000, 8606996000, 2390:49:56
1927,  B8tYPjzCUwIsplSSXdRD, 1564951439000, 1567576706000, 2625267000, 729:14:27
1928,  yRjRApYsnQBjjCYpsIPJ, 1564944616000, 1573112464000, 8167848000, 2268:50:48
1929,  JLN4NBJ7BwXnuRokiaSm, 1564933473000, 1574526902000, 9593429000, 2664:50:29
1930,  7JEMNIQcDMFMKitYqnul, 1564929478000, 1576617882000, 11688404000, 3246:46:44
1931,  tvcdTzkTvs6WhXUqy6R0, 1564929425000, 1576583936000, 11654511000, 3237:21:51
1932,  oqa1Xi54KFChKISPo7hk, 1564916132000, 1565090448000, 174316000, 48:25:16
1933,  6iYl90UnoADwcBuKT2dZ, 1564907955000, 1568198249000, 3290294000, 913:58:14
1934,  lPHpTNPRMZ3TXZ6AY467, 1564903896000, 1571382136000, 6478240000, 1799:30:40
1935,  g4afN4M55P1K4doJFqDD, 1564888515000, 1576374961000, 11486446000, 3190:40:46
1936,  iEeFv5Zsc8ullXjRWegi, 1564885434000, 1565673379000, 787945000, 218:52:25
1937,  XSqOfr53TUnNWm5TxceQ, 1564883216000, 1567079118000, 2195902000, 609:58:22
1938,  4dzyGhB1sR9fYWoi3JvR, 1564876054000, 1574253649000, 9377595000, 2604:53:15
1939,  LLf92IyTDtsvTL3bbSdN, 1564865745000, 1570955059000, 6089314000, 1691:28:34
1940,  nzDwchOzMSgtf2FJGBBP, 1564856472000, 1572612797000, 7756325000, 2154:32:05
1941,  mvGJmDV8rB40Gp5JlHpL, 1564847276000, 1570866820000, 6019544000, 1672:05:44
1942,  YBs9xn8tDQGgLfldNvQC, 1564833552000, 1568529418000, 3695866000, 1026:37:46
1943,  hRuacX4slNr2CaG7Psf3, 1564829282000, 1575121977000, 10292695000, 2859:04:55
1944,  gu4VvXtEAZnxd6rLy42F, 1564824276000, 1577001020000, 12176744000, 3382:25:44
1945,  8q1aQ26EQp8tzmmHSSJE, 1564823683000, 1572209296000, 7385613000, 2051:33:33
1946,  useTLzR0ZS68juPVKumb, 1564817782000, 1572766718000, 7948936000, 2208:02:16
1947,  ornmrbDjABw77VWpmz96, 1564816762000, 1565199832000, 383070000, 106:24:30
1948,  yR9QRhDtYwqtxoc3wAw5, 1564813373000, 1573399663000, 8586290000, 2385:04:50
1949,  hcNgFPeF7Q7IVjNoXhJF, 1564804308000, 1568858207000, 4053899000, 1126:04:59
1950,  GZJxnd0qocBfvYlBEPl4, 1564801066000, 1577341163000, 12540097000, 3483:21:37
1951,  cdQfKO4ijSs1stecFBjQ, 1564798751000, 1572054731000, 7255980000, 2015:33:00
1952,  QjNpuPPeZxCZKeoZqLlb, 1564792047000, 1573111877000, 8319830000, 2311:03:50
1953,  66sW48LQlXq6l2Wa7GgI, 1564787316000, 1569719524000, 4932208000, 1370:03:28
1954,  YVfYAnuSDMbkhYU1oYu9, 1564775924000, 1565795647000, 1019723000, 283:15:23
1955,  uuqAMGGSGHbUzz93iBF7, 1564771679000, 1570146302000, 5374623000, 1492:57:03
1956,  Pmp2vscAqHBxCgim44mp, 1564758563000, 1574902428000, 10143865000, 2817:44:25
1957,  WYOdsdQ2pOL4lnSoWjiU, 1564757232000, 1577252952000, 12495720000, 3471:02:00
1958,  dUpe7cVTfpwzbU4NhVJQ, 1564756312000, 1573228144000, 8471832000, 2353:17:12
1959,  MoRUsydZ6hgoMTOx31oh, 1564750707000, 1565319448000, 568741000, 157:59:01
1960,  QmUTTLiI1hYWlL0JJBt7, 1564745550000, 1571470673000, 6725123000, 1868:05:23
1961,  efINXOd0siNjRJ1njkTa, 1564745128000, 1575888585000, 11143457000, 3095:24:17
1962,  0bpqfUT94VLAZ8cIMrBZ, 1564744668000, 1571188359000, 6443691000, 1789:54:51
1963,  4ub1Y2NuF834ADLw1aUX, 1564740951000, 1576999537000, 12258586000, 3405:09:46
1964,  1smeq7gNAT3onnUIa4qK, 1564721060000, 1570145088000, 5424028000, 1506:40:28
1965,  Hebe3v69DbRUsfIq7HJA, 1564720099000, 1576333200000, 11613101000, 3225:51:41
1966,  JZ7iIxbaki8NkUjlCKr4, 1564719808000, 1571353910000, 6634102000, 1842:48:22
1967,  yLptHnvO3CctHuIVxe9c, 1564686671000, 1577001361000, 12314690000, 3420:44:50
1968,  Eb855CXo5mNrZlQksZ4C, 1564686336000, 1576777621000, 12091285000, 3358:41:25
1969,  iLdBFyZbE8GLC0eDIwJy, 1564673466000, 1565572313000, 898847000, 249:40:47
1970,  Ur3VGlog3XFF6IwygyjX, 1564672004000, 1574198376000, 9526372000, 2646:12:52
1971,  rUKIv9P8QKfyApvDujHk, 1564665539000, 1570643217000, 5977678000, 1660:27:58
1972,  Bginz2mYwUMwuhlE5icD, 1564661856000, 1569977616000, 5315760000, 1476:36:00
1973,  RFukxV7HWqjWLPlLG0mw, 1564654900000, 1565306634000, 651734000, 181:02:14
1974,  EyehsmxHKaxvTrxUN0Tn, 1564653889000, 1566846698000, 2192809000, 609:06:49
1975,  Np8g0TratLdRdv696KDS, 1564638685000, 1572194089000, 7555404000, 2098:43:24
1976,  Ww0ZFp4hu94VsvbrU15O, 1564629715000, 1574330810000, 9701095000, 2694:44:55
1977,  Kc1n7Djfi5DOx0qXW3ft, 1564629509000, 1566810687000, 2181178000, 605:52:58
1978,  BMAOKpDUghVz2iHJZv4O, 1564622572000, 1577152457000, 12529885000, 3480:31:25
1979,  9g45ipBIhyx1uFwceZwc, 1564621913000, 1577027148000, 12405235000, 3445:53:55
1980,  gFaAILhSWcJIYVdgHrTQ, 1564616821000, 1573234127000, 8617306000, 2393:41:46
1981,  DEuT2m9GHvhkbe1kTg4x, 1564615959000, 1574149255000, 9533296000, 2648:08:16
1982,  d0dbfb0JjdNURupx0pyU, 1564600645000, 1568463388000, 3862743000, 1072:59:03
1983,  Dx9mb2NRmS0npp2OL8sq, 1564593841000, 1569237433000, 4643592000, 1289:53:12
1984,  8gxbeplmKOtLLjEC8hNC, 1564590709000, 1571983562000, 7392853000, 2053:34:13
1985,  1i3zT1CjyNcAIwFEwnpX, 1564589139000, 1569967033000, 5377894000, 1493:51:34
1986,  dTITIiOTExgqjnG2PoAo, 1564583079000, 1572486392000, 7903313000, 2195:21:53
1987,  qw7Uc9vw0IFs5qFm3nDX, 1564569790000, 1568870229000, 4300439000, 1194:33:59
1988,  XhXJMmORHzH2lj3llMqJ, 1564566003000, 1575827899000, 11261896000, 3128:18:16
1989,  MglW5z0Y4YA13LMoltJ0, 1564554041000, 1570086707000, 5532666000, 1536:51:06
1990,  8O2O9gcIjNk819elRDCF, 1564551496000, 1566296025000, 1744529000, 484:35:29
1991,  EvfBOv83lDuk24ODhLsn, 1564550195000, 1565780587000, 1230392000, 341:46:32
1992,  KYzngDnFwnRndmD40bg2, 1564550077000, 1573387888000, 8837811000, 2454:56:51
1993,  5tcG6VYsSsGquQ7nc6Wi, 1564548693000, 1574621326000, 10072633000, 2797:57:13
1994,  03ACX5KkB9ZhfjhXQGCJ, 1564546676000, 1569256580000, 4709904000, 1308:18:24
1995,  QzQDpshnu33NzOlSKQfJ, 1564543978000, 1569062453000, 4518475000, 1255:07:55
1996,  Z7nH5rJl9IjHrt2ku6fZ, 1564543542000, 1566290375000, 1746833000, 485:13:53
1997,  J76qihIfQzRZT9mwXZoI, 1564543203000, 1572435878000, 7892675000, 2192:24:35
1998,  2OCZSnJnUJLVRqtEtnJA, 1564529779000, 1564841822000, 312043000, 86:40:43
1999,  EA5KN8dsGPwBl3AEfyYr, 1564519342000, 1568887110000, 4367768000, 1213:16:08
2000,  G4nlybspv5k3BvITjYbh, 1564509764000, 1573072007000, 8562243000, 2378:24:03
2001,  8JvkcCK8KfZ9XyFDtXQp, 1564505920000, 1566735934000, 2230014000, 619:26:54
2002,  AGC8I46NTTme92Lr1eK2, 1564504984000, 1575345584000, 10840600000, 3011:16:40
2003,  jVxsG78I9FAZd8EqPDnM, 1564504970000, 1566204085000, 1699115000, 471:58:35
2004,  dbXzHrJzkEH4TTSvNZSH, 1564500128000, 1567223960000, 2723832000, 756:37:12
2005,  8ahznli7n5QswngiTxje, 1564485520000, 1571195288000, 6709768000, 1863:49:28
2006,  gSk08FqAoiOmE08i83dx, 1564484777000, 1577409073000, 12924296000, 3590:04:56
2007,  T46jGg3HLWADGWTbBqHD, 1564463779000, 1571818500000, 7354721000, 2042:58:41
2008,  FbvHnac2wVwFbTbW1Qyy, 1564462007000, 1570793211000, 6331204000, 1758:40:04
2009,  7NXo3emsNpGZdej4ZKOS, 1564461543000, 1575487663000, 11026120000, 3062:48:40
2010,  Dms6TYNEu5X59RWytxlz, 1564446238000, 1567538645000, 3092407000, 859:00:07
2011,  BRAeCQGLPg3BafUDZ0Bv, 1564442754000, 1576259501000, 11816747000, 3282:25:47
2012,  P2O25yoP0jq9s2TWJ0GB, 1564426298000, 1576173983000, 11747685000, 3263:14:45
2013,  x4Vmy0ianZ7tF5kNXlGY, 1564422174000, 1567526472000, 3104298000, 862:18:18
2014,  RrtbmlMwN3c4FCWlV8qO, 1564421664000, 1577650850000, 13229186000, 3674:46:26
2015,  5cIEmABgpRPyY6jS45gK, 1564414901000, 1565432731000, 1017830000, 282:43:50
2016,  Cm9HQc9ENoHfmUZoPIQX, 1564396925000, 1571357929000, 6961004000, 1933:36:44
2017,  070TasqqnxAz97vSDLbZ, 1564394858000, 1576264746000, 11869888000, 3297:11:28
2018,  D0cRFumjQL9SMHXRSLgP, 1564394489000, 1564777044000, 382555000, 106:15:55
2019,  CY4QKJMA4oavqzVx97dp, 1564391419000, 1568680922000, 4289503000, 1191:31:43
2020,  43dQfOTXfAzRHcvq4dfJ, 1564373081000, 1565215450000, 842369000, 233:59:29
2021,  hcivJWEE0WAS4a3pYzDi, 1564332695000, 1568781709000, 4449014000, 1235:50:14
2022,  pVZLN9Nv0AD7GWTYpcP6, 1564332547000, 1564950467000, 617920000, 171:38:40
2023,  NMvuV61ZOUCsjHFlyVww, 1564329776000, 1573794905000, 9465129000, 2629:12:09
2024,  MDFRhaf9QFGea7iqvbMe, 1564321759000, 1574209176000, 9887417000, 2746:30:17
2025,  pGHD5aZoPl7ONFBdsd1u, 1564321360000, 1567264603000, 2943243000, 817:34:03
2026,  H3ELcGHZr0PUKGFPYaJ1, 1564312710000, 1565214528000, 901818000, 250:30:18
2027,  dHMWfsC8DHJuPT8uVdlY, 1564309420000, 1570310458000, 6001038000, 1666:57:18
2028,  fnjsqdQOtCA3HSfn1mxv, 1564291661000, 1575845561000, 11553900000, 3209:25:00
2029,  WGs6Lobzc1IDE9qCGDxQ, 1564282168000, 1573906185000, 9624017000, 2673:20:17
2030,  I7z97iztjbBqrfq7JZVc, 1564281689000, 1566891434000, 2609745000, 724:55:45
2031,  w9oO8m1miNQ37K4Jifil, 1564279253000, 1575249502000, 10970249000, 3047:17:29
2032,  U8tvQtzEpkvfaHbVeki1, 1564267470000, 1565843243000, 1575773000, 437:42:53
2033,  kuvsfLKBdBPrD94VTiMI, 1564266105000, 1576985194000, 12719089000, 3533:04:49
2034,  yaKHhAcM5UlvPTg9F0jL, 1564255666000, 1566170999000, 1915333000, 532:02:13
2035,  7CkJgYGExJGrNbmL2vip, 1564255225000, 1565327086000, 1071861000, 297:44:21
2036,  voZgu5iGEdw3yfvXqBHf, 1564252469000, 1569551818000, 5299349000, 1472:02:29
2037,  8yqHkkfQFrUatCZTZcpv, 1564252025000, 1575269632000, 11017607000, 3060:26:47
2038,  Y0gRrIyjxaOdv371f9em, 1564246981000, 1577045620000, 12798639000, 3555:10:39
2039,  SeCS7YfmyGFqAjJ1tt5M, 1564246902000, 1573195148000, 8948246000, 2485:37:26
2040,  bKwNAUyOCJGbYOLMPfI7, 1564241732000, 1567052004000, 2810272000, 780:37:52
2041,  dZFO3MONpUKUql1xH9s0, 1564234355000, 1567455201000, 3220846000, 894:40:46
2042,  f70SLPct9H3Y0iYvznmL, 1564231190000, 1572554395000, 8323205000, 2312:00:05
2043,  bwg25OMMBDnPbj6b4INk, 1564226445000, 1567978463000, 3752018000, 1042:13:38
2044,  bFYueHAkzT86JJVCtoJB, 1564222689000, 1571648326000, 7425637000, 2062:40:37
2045,  anQaCd5KS9OwVc6DCeRY, 1564219926000, 1570538553000, 6318627000, 1755:10:27
2046,  IB5zTR0uJ6ZaYV0m1DC3, 1564196235000, 1576353600000, 12157365000, 3377:02:45
2047,  34PCOLpxA8aXfUcJsUAd, 1564195357000, 1570731042000, 6535685000, 1815:28:05
2048,  K9kyRHOloRGSXoVH12l3, 1564194588000, 1567849730000, 3655142000, 1015:19:02
2049,  rtdc2QtE2GZiujceGuQR, 1564186663000, 1572142043000, 7955380000, 2209:49:40
2050,  c5b4HDC4OavexwpoKjdG, 1564174469000, 1571480908000, 7306439000, 2029:33:59
2051,  CF9CE2YrmCMT0rW3EoIN, 1564172405000, 1566952416000, 2780011000, 772:13:31
2052,  6Tk3ROuwDW12eNuw8nI9, 1564155946000, 1566635853000, 2479907000, 688:51:47
2053,  GTYTxChT3OvXV1h80zfC, 1564145124000, 1571772442000, 7627318000, 2118:41:58
2054,  L7auOKjThvfsAtcx6v7Q, 1564138529000, 1565504838000, 1366309000, 379:31:49
2055,  AgtPGh25l9TZxvYazLdP, 1564131501000, 1566923239000, 2791738000, 775:28:58
2056,  zPYlSPRICtakChYhStK9, 1564131056000, 1567476162000, 3345106000, 929:11:46
2057,  uZ4dYLYhxvfhOMiQXbEV, 1564123995000, 1570913851000, 6789856000, 1886:04:16
2058,  RskP3S6yvtxv1M3OWpmA, 1564088317000, 1569568857000, 5480540000, 1522:22:20
2059,  oHaCCMl4l4CINQec5R8W, 1564082279000, 1564630821000, 548542000, 152:22:22
2060,  eidEYuZsNAFClJyqtkHu, 1564082119000, 1570548193000, 6466074000, 1796:07:54
2061,  5VzS9RA1uypLwZ54lx0i, 1564078954000, 1571544950000, 7465996000, 2073:53:16
2062,  a89oAMSgA4YqI79FSbVE, 1564060248000, 1567585320000, 3525072000, 979:11:12
2063,  nUt4Inpaq77SFyLcC38W, 1564058742000, 1577559181000, 13500439000, 3750:07:19
2064,  8wuRBnuErLb7L8PJmtfg, 1564058357000, 1564705094000, 646737000, 179:38:57
2065,  JJzoWQDU0oCR5nNzrNMw, 1564053158000, 1568083546000, 4030388000, 1119:33:08
2066,  6rESHm4i41swVwaox8gO, 1564044115000, 1573509726000, 9465611000, 2629:20:11
2067,  aQ39wfuVmyioxCUV8HWk, 1564021153000, 1569172808000, 5151655000, 1431:00:55
2068,  TYd6bBdO1K2AL7xFeokS, 1564019738000, 1575923882000, 11904144000, 3306:42:24
2069,  vBHan81g4WKqMGWSv5Mf, 1564009733000, 1572439052000, 8429319000, 2341:28:39
2070,  9IkyqJq0Gpkoi58mAgnL, 1563988821000, 1564515291000, 526470000, 146:14:30
2071,  93Wl8LByp0irKFNQ01Au, 1563987153000, 1570389026000, 6401873000, 1778:17:53
2072,  GCkyqxHRRaGCfg0Dlz0E, 1563981214000, 1566721610000, 2740396000, 761:13:16
2073,  Hg8vScXrOxVhTwY2p3ua, 1563976751000, 1571948423000, 7971672000, 2214:21:12
2074,  dtgyyRzAd9KJVcWn40IP, 1563957380000, 1570279626000, 6322246000, 1756:10:46
2075,  yAoOcUuln4aRXzclHdJA, 1563952144000, 1570109622000, 6157478000, 1710:24:38
2076,  HXUdfCFi0Q5QFDFUmUuC, 1563951957000, 1565890107000, 1938150000, 538:22:30
2077,  ojhFRIfwwIUzg9RV9Hp7, 1563951352000, 1567223044000, 3271692000, 908:48:12
2078,  SxyCyDrUgQ4bZJd42CU7, 1563942965000, 1572589299000, 8646334000, 2401:45:34
2079,  vuzNNQxDklhtpuEHfV4K, 1563936319000, 1564977614000, 1041295000, 289:14:55
2080,  vU902U5kpmBzfRJziNTM, 1563927186000, 1572780130000, 8852944000, 2459:09:04
2081,  ToZsumbGNNJGYXyoclrU, 1563925697000, 1567028479000, 3102782000, 861:53:02
2082,  upavqDZU9Ul4bhYCqjzN, 1563906310000, 1565678201000, 1771891000, 492:11:31
2083,  K6MWkMq6QlS9JoRasAth, 1563901887000, 1573566029000, 9664142000, 2684:29:02
2084,  qnDqnS2SXatOPZ5fyo2J, 1563894979000, 1576699249000, 12804270000, 3556:44:30
2085,  jPFZCyIXXCoBnyWUTL3O, 1563892649000, 1568575225000, 4682576000, 1300:42:56
2086,  I2eFzNdQtdegTKPXNIHT, 1563885441000, 1576632663000, 12747222000, 3540:53:42
2087,  xusCX4GtSGaSSSXuEqJI, 1563876660000, 1571498565000, 7621905000, 2117:11:45
2088,  l3b89ovOT9kDqPoIlR4U, 1563873024000, 1565806495000, 1933471000, 537:04:31
2089,  13mggTA2KRkDB3CR8e2U, 1563863480000, 1567928278000, 4064798000, 1129:06:38
2090,  yLwJdbguECtR13mCuCWp, 1563835937000, 1573740301000, 9904364000, 2751:12:44
2091,  Kj3gzseovc3QpIjdIUkJ, 1563820203000, 1577047013000, 13226810000, 3674:06:50
2092,  EuXr1G68MIJkcvtlmCph, 1563818748000, 1575093999000, 11275251000, 3132:00:51
2093,  wcRhNuqoIa53GkmN3Koh, 1563817429000, 1574501805000, 10684376000, 2967:52:56
2094,  TmDdBaV9u6UmFNA7Htql, 1563811524000, 1577438750000, 13627226000, 3785:20:26
2095,  9AjauUX252HtFmjTgYWR, 1563806120000, 1566087593000, 2281473000, 633:44:33
2096,  2VAiiNhmCBhu2a6dHgAF, 1563804300000, 1577179191000, 13374891000, 3715:14:51
2097,  2aJ0j5w29z8f7jO3rxEk, 1563796568000, 1569824256000, 6027688000, 1674:21:28
2098,  x6NksTtSbDoh6VDk9bL4, 1563791858000, 1576248820000, 12456962000, 3460:16:02
2099,  9ByBrEjCxp2MACrDcpt4, 1563784754000, 1571011750000, 7226996000, 2007:29:56
2100,  L4BJWTaZny2X99i9HLmJ, 1563779085000, 1571356460000, 7577375000, 2104:49:35
2101,  3GtfBiXlx8iM4Fc26h0O, 1563758640000, 1569801589000, 6042949000, 1678:35:49
2102,  4P92LykA6ZF6vsRzbHM1, 1563755475000, 1576903012000, 13147537000, 3652:05:37
2103,  adwRaKotaRUV4MiBH5DJ, 1563739544000, 1576042751000, 12303207000, 3417:33:27
2104,  3SLf82OpsOWm42lLQoy1, 1563722043000, 1573310583000, 9588540000, 2663:29:00
2105,  hlTRaxNf6Y7UKnoINWNX, 1563701412000, 1569874443000, 6173031000, 1714:43:51
2106,  F6ldRjrPtOKF6hV1CYwy, 1563698576000, 1571255504000, 7556928000, 2099:08:48
2107,  AE6hYYCNh1OgvvNHNNeZ, 1563697994000, 1573843084000, 10145090000, 2818:04:50
2108,  9z6cADCvqILnG2DJllif, 1563679991000, 1563922854000, 242863000, 67:27:43
2109,  7iIdZ8jSmV6zp8hmChgt, 1563677687000, 1571505095000, 7827408000, 2174:16:48
2110,  jVLME380UlIFve4Q00U5, 1563662939000, 1565718332000, 2055393000, 570:56:33
2111,  pNUjKX4Xhx3EmFT4Dtz5, 1563662870000, 1576448083000, 12785213000, 3551:26:53
2112,  p2DpcjeE6RAn1xcs5LLY, 1563653715000, 1572126241000, 8472526000, 2353:28:46
2113,  9w3DWZBnpVme5jYNtJSx, 1563652218000, 1566362501000, 2710283000, 752:51:23
2114,  XCPJSevkv2cLBsgVgSME, 1563628727000, 1565320509000, 1691782000, 469:56:22
2115,  VQAFPnbecUmjbx2y0t0t, 1563585943000, 1576974256000, 13388313000, 3718:58:33
2116,  aykXOFbTIDY6BL2AW16Q, 1563550147000, 1571357196000, 7807049000, 2168:37:29
2117,  wMX0340HkhZaU4KvO1wg, 1563547553000, 1570626324000, 7078771000, 1966:19:31
2118,  V9rpjk4ulNDrvaKoQmaz, 1563546262000, 1573633303000, 10087041000, 2801:57:21
2119,  0rr4MTgRknk7VxILlU23, 1563545952000, 1570421843000, 6875891000, 1909:58:11
2120,  rYnmTIcKKYSYDsBT04zq, 1563545834000, 1576337957000, 12792123000, 3553:22:03
2121,  4dteuFyyjwUPCwVyGQua, 1563540776000, 1574240501000, 10699725000, 2972:08:45
2122,  igcZxGn5EIoeKslHArXw, 1563536569000, 1577507350000, 13970781000, 3880:46:21
2123,  nLnLhivYvVz82jC5Wq4O, 1563527427000, 1574372921000, 10845494000, 3012:38:14
2124,  48Ta602Z5x0AKDj9hnMg, 1563524031000, 1570814235000, 7290204000, 2025:03:24
2125,  SoLg5TruIR1dohYDJDpp, 1563513727000, 1574419119000, 10905392000, 3029:16:32
2126,  lx0f6z4NQG3NzVtzvf0N, 1563513390000, 1570751051000, 7237661000, 2010:27:41
2127,  elZfIhg85xJ61wBns1Px, 1563511793000, 1576497305000, 12985512000, 3607:05:12
2128,  cmEFSrPo4RYZmnJJXp5v, 1563504796000, 1577007785000, 13502989000, 3750:49:49
2129,  kfjLyT08UA9QgdRIKLne, 1563503100000, 1567993670000, 4490570000, 1247:22:50
2130,  qsEBD6EQYOfPvsJPKvPE, 1563493408000, 1569868837000, 6375429000, 1770:57:09
2131,  PxfZLxE6vmnOesJTa8KO, 1563493396000, 1575065835000, 11572439000, 3214:33:59
2132,  ejxLZRtpXEW8vh9b6Wj4, 1563488673000, 1571748628000, 8259955000, 2294:25:55
2133,  yZt62A7mxB0vxRy69CiC, 1563487930000, 1569385585000, 5897655000, 1638:14:15
2134,  U9EvnCqYJq2yBLRJukcF, 1563485380000, 1565213814000, 1728434000, 480:07:14
2135,  k1BFekFs1lIcud4aRNe5, 1563483915000, 1569123208000, 5639293000, 1566:28:13
2136,  CwXQFRoawQa6G1xuQIoP, 1563479807000, 1569286485000, 5806678000, 1612:57:58
2137,  BcnNccJmGZWzom7hTsC1, 1563476024000, 1567951481000, 4475457000, 1243:10:57
2138,  Uipiqrde8VitNXww8PMb, 1563469952000, 1570460051000, 6990099000, 1941:41:39
2139,  BelzEBFaJYpqDexGBc7Q, 1563469837000, 1570133122000, 6663285000, 1850:54:45
2140,  jRvi4WwrqcySOwXMyMhk, 1563466907000, 1567519746000, 4052839000, 1125:47:19
2141,  K0OW7fUweOgEfrXCQd5j, 1563463233000, 1570721694000, 7258461000, 2016:14:21
2142,  EoMhoTWUGq9Yqmc1mYTR, 1563462307000, 1573718148000, 10255841000, 2848:50:41
2143,  CsAgtyb5wVCAEX77xr3A, 1563454114000, 1567108350000, 3654236000, 1015:03:56
2144,  iyItr9fjQMWNqBiNnHYp, 1563447308000, 1566629590000, 3182282000, 883:58:02
2145,  lPyViKEdSeIfayZwusjr, 1563443583000, 1564061961000, 618378000, 171:46:18
2146,  4JgYH2r4P6cTRxxFhDae, 1563438319000, 1575062977000, 11624658000, 3229:04:18
2147,  CvD69qdFdAg45K2vugv7, 1563437464000, 1563725028000, 287564000, 79:52:44
2148,  oy5G0QkFZXgJgjdz9bqL, 1563436554000, 1567065774000, 3629220000, 1008:07:00
2149,  iRgnNch3jOOnMrpcfJ40, 1563430718000, 1570639193000, 7208475000, 2002:21:15
2150,  pVCZ1sIXT0lHCrb2PhKw, 1563415874000, 1575560002000, 12144128000, 3373:22:08
2151,  5Iao3QZr4ZZnzF7kyu6r, 1563406641000, 1568399754000, 4993113000, 1386:58:33
2152,  fpSlcOvmsTj7Mk1XpJ8e, 1563399928000, 1568585748000, 5185820000, 1440:30:20
2153,  ons0NFxTE5GMujrDdszj, 1563395780000, 1570825603000, 7429823000, 2063:50:23
2154,  lR7hvVgNQ8LTX94q6INV, 1563383782000, 1565870119000, 2486337000, 690:38:57
2155,  Ky8ShPOJHQ0anwTNKkQI, 1563376301000, 1575646606000, 12270305000, 3408:25:05
2156,  5uRt927RbH3lbFqbkQFo, 1563372693000, 1567705375000, 4332682000, 1203:31:22
2157,  tu5oaamKn5FFxEydTw6h, 1563352287000, 1575813263000, 12460976000, 3461:22:56
2158,  P6ppOKtjse2jdHLLx88Y, 1563343579000, 1576685510000, 13341931000, 3706:05:31
2159,  lV2Zi5UwMRfrtHVpolQM, 1563337223000, 1570419021000, 7081798000, 1967:09:58
2160,  VpHXnhqxPa9GE6qe2OhC, 1563327490000, 1573731951000, 10404461000, 2890:07:41
2161,  c3y6zvXwBeyylOUmedCB, 1563324630000, 1568960430000, 5635800000, 1565:30:00
2162,  F8sB9e8wW5nU3sZwQDvx, 1563322493000, 1577008778000, 13686285000, 3801:44:45
2163,  1ASot06usq4shb2V0Yxv, 1563313518000, 1563714440000, 400922000, 111:22:02
2164,  qbRTfeK7JeiRCxTBhBqr, 1563307706000, 1571451572000, 8143866000, 2262:11:06
2165,  pZgh488gNxtabZGLCVuG, 1563293082000, 1569347291000, 6054209000, 1681:43:29
2166,  eYXkXuEdWFMEktMwNZRU, 1563289726000, 1575514719000, 12224993000, 3395:49:53
2167,  ra36tVaciWP0kkYusjED, 1563288303000, 1569455075000, 6166772000, 1712:59:32
2168,  ZUPiEckaX7JrO8xTLrJ7, 1563284834000, 1564176100000, 891266000, 247:34:26
2169,  um2spYQx0GYyd7aAZnUk, 1563273436000, 1570390860000, 7117424000, 1977:03:44
2170,  r22gHTstY8Gfqq6bKfix, 1563268392000, 1572491988000, 9223596000, 2562:06:36
2171,  xw8gIN9NXNeDfAWQtSli, 1563265041000, 1577307736000, 14042695000, 3900:44:55
2172,  5EIglwnZkH0eRyQyXs8M, 1563262215000, 1573535370000, 10273155000, 2853:39:15
2173,  RTCXr9EKYNczTcwBWuhu, 1563260202000, 1567302568000, 4042366000, 1122:52:46
2174,  D55l9d2M9Y2fgUzAMdZ9, 1563250476000, 1565251139000, 2000663000, 555:44:23
2175,  KHRqb8Khao0LtqwDhBp3, 1563233124000, 1576031750000, 12798626000, 3555:10:26
2176,  EdTLLdvqg0YkO0FM4D6P, 1563230504000, 1576282872000, 13052368000, 3625:39:28
2177,  lLd7MDeTlUtatAYy1oQU, 1563223122000, 1572917583000, 9694461000, 2692:54:21
2178,  fS4urTvVkMx8cEtkeu4X, 1563210103000, 1573842894000, 10632791000, 2953:33:11
2179,  0szUfbKXc8Phxvx2W8KO, 1563196284000, 1575541006000, 12344722000, 3429:05:22
2180,  3Npp67zGHoxaGK7NDlAE, 1563186761000, 1565603813000, 2417052000, 671:24:12
2181,  45dAXj0YNQY7HhXOvT6r, 1563183764000, 1570110371000, 6926607000, 1924:03:27
2182,  d4F51ePlQc2eURTINJJS, 1563181375000, 1575517733000, 12336358000, 3426:45:58
2183,  w7a285ym5AFiN8njudND, 1563179000000, 1572396870000, 9217870000, 2560:31:10
2184,  9PxaihJ5859RK4QxKLJS, 1563169090000, 1563840230000, 671140000, 186:25:40
2185,  tD3nbFSZjFBbzUedg78N, 1563160567000, 1577692717000, 14532150000, 4036:42:30
2186,  bctfgaMubqwZ4Rw4gAI5, 1563151944000, 1566798129000, 3646185000, 1012:49:45
2187,  nzfzMPoJdE9s0yib8py2, 1563149168000, 1576403557000, 13254389000, 3681:46:29
2188,  DPpeexiD30y3Lx0yMqlM, 1563147522000, 1572645750000, 9498228000, 2638:23:48
2189,  XCF1McB0G8ml8ja7Cltb, 1563147249000, 1568113798000, 4966549000, 1379:35:49
2190,  vShCVkonyHV8Hjdzzjid, 1563143015000, 1577089752000, 13946737000, 3874:05:37
2191,  amAUGsTy0VvLHRr3J5eA, 1563142879000, 1575886618000, 12743739000, 3539:55:39
2192,  vnQuL4J43ff6UMwQDK6D, 1563138891000, 1570983853000, 7844962000, 2179:09:22
2193,  ftVD7lBONgfM7UcthMhg, 1563134058000, 1568723217000, 5589159000, 1552:32:39
2194,  lTV2uX7Z42PBlGf3IWva, 1563132633000, 1577676966000, 14544333000, 4040:05:33
2195,  un8dHGra1jbEQK2T5wSa, 1563128077000, 1574498280000, 11370203000, 3158:23:23
2196,  Zq0nOeh1vwldjtINhtT0, 1563123558000, 1570471519000, 7347961000, 2041:06:01
2197,  MuH57C16ZQ44VaAzckqw, 1563103947000, 1575531965000, 12428018000, 3452:13:38
2198,  vQ19lQa3PtvEIYEqWb00, 1563103723000, 1575795923000, 12692200000, 3525:36:40
2199,  TlPS0ZI9H5EMJZgEDRG0, 1563091703000, 1570873634000, 7781931000, 2161:38:51
2200,  Z21SDq2LA90ALniKBwcL, 1563091251000, 1565440981000, 2349730000, 652:42:10
2201,  ItndnUww4I7M1fqNW0ij, 1563086794000, 1577373737000, 14286943000, 3968:35:43
2202,  ReJRUTV2uG8s2NnDxvq0, 1563082434000, 1567603996000, 4521562000, 1255:59:22
2203,  1SUkmQksclKdRH2PX9R6, 1563079485000, 1569190999000, 6111514000, 1697:38:34
2204,  GTZ4k2dpYPByMjonEl5m, 1563071598000, 1574637689000, 11566091000, 3212:48:11
2205,  jr03EA6Bd2TnLnVR88GL, 1563066204000, 1565642636000, 2576432000, 715:40:32
2206,  LY54gi6hGUvSgvLvmAQ3, 1563061348000, 1566376875000, 3315527000, 920:58:47
2207,  TpJVjImM4N5Ig2pycyT4, 1563058954000, 1575544565000, 12485611000, 3468:13:31
2208,  0amrwnrf1D7YBZIBHY2r, 1563050975000, 1573312897000, 10261922000, 2850:32:02
2209,  hwXaUNDWXJ7SszS4Vqkm, 1563050574000, 1573681625000, 10631051000, 2953:04:11
2210,  CQsjyY5DfwNqxnQBokeX, 1563023873000, 1571871221000, 8847348000, 2457:35:48
2211,  BfBfBYXeffNjKIIrhYAq, 1563023052000, 1574639770000, 11616718000, 3226:51:58
2212,  u4DTe6iaBw8rNOyK6KF5, 1563003877000, 1573455374000, 10451497000, 2903:11:37
2213,  jUhFiW7x6NRY26DzvpxE, 1563000957000, 1563093240000, 92283000, 25:38:03
2214,  Cks5eDBDxamqDCs80LC0, 1562995222000, 1569794955000, 6799733000, 1888:48:53
2215,  M5aB1xQQIkHEl3jzhwOU, 1562983044000, 1568404908000, 5421864000, 1506:04:24
2216,  TcbiX80HkTubozCoz1Zk, 1562977074000, 1565760135000, 2783061000, 773:04:21
2217,  4EcfjvMI2lmqISCc1PMt, 1562970283000, 1575601992000, 12631709000, 3508:48:29
2218,  hXTs1vXovELOiet1Hr6C, 1562963403000, 1567319548000, 4356145000, 1210:02:25
2219,  xsM22354zPMjfNELfsLH, 1562957015000, 1568190587000, 5233572000, 1453:46:12
2220,  QPvuJovbSAQwshPyyLQR, 1562946124000, 1569862548000, 6916424000, 1921:13:44
2221,  ouOON4RQAzB437veBko1, 1562938096000, 1575502353000, 12564257000, 3490:04:17
2222,  wdUMUOjZKYtYYYxfNWZc, 1562936210000, 1565132313000, 2196103000, 610:01:43
2223,  eNXOhjJIfP1u1hhEOQB9, 1562932719000, 1565180615000, 2247896000, 624:24:56
2224,  vYcZFFH2nftIQdoqKf4g, 1562926671000, 1576309831000, 13383160000, 3717:32:40
2225,  uuqKi4MceOFvQz2b4FC3, 1562917507000, 1569360035000, 6442528000, 1789:35:28
2226,  67yMsS1DRBnJ7XGLzSRz, 1562897164000, 1565086753000, 2189589000, 608:13:09
2227,  rtntdShc1O9Jscw7iNXx, 1562886804000, 1575436197000, 12549393000, 3485:56:33
2228,  Id7hDPM55IbBBm527e5r, 1562882100000, 1571302557000, 8420457000, 2339:00:57
2229,  8ByMTTIJwnw3lL9Ji7bM, 1562876450000, 1564334552000, 1458102000, 405:01:42
2230,  ByVk3vNmz5G3Bo3Zfr5r, 1562870767000, 1565702320000, 2831553000, 786:32:33
2231,  aHTmAvQsn8c5r21ohl9D, 1562870671000, 1564173683000, 1303012000, 361:56:52
2232,  sRNYE4xbJA7cExlJ1w4H, 1562864621000, 1569757821000, 6893200000, 1914:46:40
2233,  HfpGMdG6FU7aB4cdjGuH, 1562840664000, 1574935734000, 12095070000, 3359:44:30
2234,  rImXdfGFIYjDCJ6Zezc6, 1562839362000, 1569135842000, 6296480000, 1749:01:20
2235,  apxIINwVmFScn03RNhDD, 1562830939000, 1573511514000, 10680575000, 2966:49:35
2236,  PGrBMWSf0FneXC9gaqbf, 1562829841000, 1576188778000, 13358937000, 3710:48:57
2237,  jXqxEhwjIoLioHP4I5k0, 1562824000000, 1573412482000, 10588482000, 2941:14:42
2238,  3Xwaih7jinoO1JsmNnzD, 1562815423000, 1572599813000, 9784390000, 2717:53:10
2239,  LFxwFcTiXtPcQJbv1Kec, 1562809780000, 1565666266000, 2856486000, 793:28:06
2240,  ysQUEohSaKEnq9Pfdi21, 1562800099000, 1565614036000, 2813937000, 781:38:57
2241,  6xw4ulczx2Dha1nIo1jV, 1562791180000, 1568232791000, 5441611000, 1511:33:31
2242,  LZYceoSWT1jCC2shAUjx, 1562790329000, 1569755753000, 6965424000, 1934:50:24
2243,  u7QJiZ8xzWW7A8mL7h2u, 1562789126000, 1574164849000, 11375723000, 3159:55:23
2244,  t9yiTugSS5hLBZM6Ic4L, 1562788404000, 1568125313000, 5336909000, 1482:28:29
2245,  aDM7zQRoiuLh7rCbVFcp, 1562785958000, 1577329311000, 14543353000, 4039:49:13
2246,  nwjuuUT69uc1y6a3LCu4, 1562782192000, 1568282461000, 5500269000, 1527:51:09
2247,  lhBA4rR0qIMRQKFE99Fm, 1562775054000, 1570738923000, 7963869000, 2212:11:09
2248,  ZWEMV6U7QwEzog3wt8eC, 1562751977000, 1569472012000, 6720035000, 1866:40:35
2249,  MaNnv30Mpfh7oiLBuT9B, 1562745701000, 1574783550000, 12037849000, 3343:50:49
2250,  gkfeAV8xkE7Gg9MrlRYX, 1562744337000, 1569878516000, 7134179000, 1981:42:59
2251,  AqKD1uA6xBOgffT5Fxsm, 1562742464000, 1566396745000, 3654281000, 1015:04:41
2252,  Lsgche4kXkHdzvznfKtI, 1562735914000, 1571532993000, 8797079000, 2443:37:59
2253,  BACNuHNQ310TpytlttDu, 1562730332000, 1567780208000, 5049876000, 1402:44:36
2254,  l03McpyMuY7Xt5masi28, 1562720952000, 1563398824000, 677872000, 188:17:52
2255,  mEYCJioREfxiJoUoM5jY, 1562717293000, 1568584239000, 5866946000, 1629:42:26
2256,  7WSALKI5t9vDAlV5FB08, 1562716753000, 1570289231000, 7572478000, 2103:27:58
2257,  AkeB0zFzGowoardxQ8p7, 1562709081000, 1573109824000, 10400743000, 2889:05:43
2258,  xRDZBUBjU5Ww5hcZt2Sw, 1562699315000, 1567275765000, 4576450000, 1271:14:10
2259,  6yoXSfIlOpk5MCIn4XUb, 1562694150000, 1570642279000, 7948129000, 2207:48:49
2260,  tqQ8Th7H26bBnJUXByOo, 1562685249000, 1567760376000, 5075127000, 1409:45:27
2261,  7EToJkAaZNZAC5rbTXYt, 1562684790000, 1570929878000, 8245088000, 2290:18:08
2262,  DBFCWBRHHbj1VWePUrZz, 1562681282000, 1564455231000, 1773949000, 492:45:49
2263,  SYZz2ie63X4uyFdsbiSd, 1562678791000, 1569919710000, 7240919000, 2011:21:59
2264,  FsjGMYlDl2tMFMw7EIGw, 1562669704000, 1571347417000, 8677713000, 2410:28:33
2265,  V3SUv7P4P03JzG3GmhSe, 1562661349000, 1568790084000, 6128735000, 1702:25:35
2266,  ueiuRPQwXew3ZNOl0YHE, 1562654342000, 1567584999000, 4930657000, 1369:37:37
2267,  t1Zzj52nylT49ezolv6G, 1562649180000, 1573110370000, 10461190000, 2905:53:10
2268,  pFSZtgWt2jyEtYXyy4lq, 1562647607000, 1565674663000, 3027056000, 840:50:56
2269,  x9TPP1Dcyr9EthJJR7ky, 1562643895000, 1576196232000, 13552337000, 3764:32:17
2270,  cnJTcM3xDRL4rdzeO2vV, 1562641783000, 1569477930000, 6836147000, 1898:55:47
2271,  TnooUVKXYNeFh2oOpand, 1562624621000, 1564268499000, 1643878000, 456:37:58
2272,  nmXIeyw2Kw8kDFetUMlM, 1562620479000, 1565842616000, 3222137000, 895:02:17
2273,  RhCO92MOCsMUGxIqbl5t, 1562608912000, 1565624164000, 3015252000, 837:34:12
2274,  HIlFd3Y6QGUWfpWrA81k, 1562602163000, 1566611009000, 4008846000, 1113:34:06
2275,  CQ2IPrgc7X5QpkY7wqZh, 1562590622000, 1568069508000, 5478886000, 1521:54:46
2276,  yXjYMfvfBTj7ORVBLMOH, 1562585382000, 1568008815000, 5423433000, 1506:30:33
2277,  SOOtImImn62VbiLDRNMh, 1562576903000, 1566157944000, 3581041000, 994:44:01
2278,  s5wkdrl6cczEWEQtFGlB, 1562572691000, 1566448054000, 3875363000, 1076:29:23
2279,  Q25F34pxKQ7w7o9e8WPR, 1562560066000, 1573392175000, 10832109000, 3008:55:09
2280,  92ujsaamzFlWR8yHZKCa, 1562559619000, 1572204564000, 9644945000, 2679:09:05
2281,  gG7VL9gLCb25QjGkDcZJ, 1562547279000, 1563957699000, 1410420000, 391:47:00
2282,  Ftvj3D2ghKjK15gs7F5s, 1562521457000, 1566579960000, 4058503000, 1127:21:43
2283,  7TnIk5LkfmgEPdmV3L1O, 1562512212000, 1576918454000, 14406242000, 4001:44:02
2284,  7zuxWMbVqpxhN6FzYPNz, 1562510558000, 1569245527000, 6734969000, 1870:49:29
2285,  PEDDVFjshewIsRDxiNde, 1562495504000, 1577592050000, 15096546000, 4193:29:06
2286,  4xAgUvQFP7aaj3fiFwKH, 1562484556000, 1566903492000, 4418936000, 1227:28:56
2287,  go5o6Bb6MduFFBwjhZyd, 1562474907000, 1568595432000, 6120525000, 1700:08:45
2288,  tf7Q4taCm5s0MnGtArjB, 1562460190000, 1563449997000, 989807000, 274:56:47
2289,  UzVFv9QxyZfQrdy3jcxG, 1562452053000, 1575662755000, 13210702000, 3669:38:22
2290,  UVYuxzTIHNPHLNCX51pN, 1562450840000, 1574948187000, 12497347000, 3471:29:07
2291,  QbbxJjRv6VC0H4jKpVvh, 1562429546000, 1569923535000, 7493989000, 2081:39:49
2292,  kMY7uwE50KKilt7LZ8Sq, 1562411173000, 1574275899000, 11864726000, 3295:45:26
2293,  NL78WNsoGOiWhoHNM4Kg, 1562402811000, 1562456978000, 54167000, 15:02:47
2294,  ptvoIPYUlRDImVWFTzqc, 1562395790000, 1564565127000, 2169337000, 602:35:37
2295,  bj4fISOEegsixFmg6BiS, 1562394624000, 1566118510000, 3723886000, 1034:24:46
2296,  gkXtAYB4GYMG1F7Bm9TL, 1562393907000, 1567719427000, 5325520000, 1479:18:40
2297,  SI3zPgS8e741egyrliCS, 1562385610000, 1565139996000, 2754386000, 765:06:26
2298,  YOGaIpHOLleevhfW4nQQ, 1562373036000, 1574755286000, 12382250000, 3439:30:50
2299,  W9yr6kDX7tPB1fLiVKP7, 1562352146000, 1572100594000, 9748448000, 2707:54:08
2300,  HtuvXPTieiUqP2fN6CI0, 1562346687000, 1566782984000, 4436297000, 1232:18:17
2301,  vQFCDCxbTbJXjiPpKxPy, 1562338627000, 1563331854000, 993227000, 275:53:47
2302,  peoa09R0lfe1vb71KcBg, 1562338354000, 1564582142000, 2243788000, 623:16:28
2303,  vKSENduxpFMTTtryvDEX, 1562323938000, 1568824509000, 6500571000, 1805:42:51
2304,  MTlyzXThDXmMCKNMtW9f, 1562322071000, 1572158986000, 9836915000, 2732:28:35
2305,  rdkP3oGVYHLRf44ticwt, 1562321413000, 1563521818000, 1200405000, 333:26:45
2306,  aODjpmmZJ5JOBylQYtSm, 1562321224000, 1574682295000, 12361071000, 3433:37:51
2307,  u2jitoWuIsxzX4FecQdo, 1562313885000, 1567550789000, 5236904000, 1454:41:44
2308,  ZvyMOaqHg58w0AF3EM9e, 1562313285000, 1573737225000, 11423940000, 3173:19:00
2309,  INYSXiw5rRuusSxCKjA9, 1562311441000, 1571508142000, 9196701000, 2554:38:21
2310,  Pqzv8k1r2MvytfA3x7z2, 1562303962000, 1567832821000, 5528859000, 1535:47:39
2311,  6knBCZH3fhNXuS03mz6o, 1562302426000, 1573423884000, 11121458000, 3089:17:38
2312,  KqKBJ7G2NApAyFH9SHOn, 1562300197000, 1577175463000, 14875266000, 4132:01:06
2313,  BYNH9PrWLIft05KaPhHX, 1562292950000, 1565732068000, 3439118000, 955:18:38
2314,  CCK1O6Y1b44YnDjOum84, 1562280377000, 1569701348000, 7420971000, 2061:22:51
2315,  BnliULhVbScYLa0fDzPn, 1562277719000, 1570059496000, 7781777000, 2161:36:17
2316,  Bx7KIFjFAyj0AHsKpYnJ, 1562276486000, 1565859902000, 3583416000, 995:23:36
2317,  0mqBXURp8fnFWf8dXggE, 1562270193000, 1571275260000, 9005067000, 2501:24:27
2318,  Lqbb6BborqW9bgUygNQc, 1562257363000, 1568291315000, 6033952000, 1676:05:52
2319,  1eyFJ7GIErXrlaKNVx4e, 1562255994000, 1577306010000, 15050016000, 4180:33:36
2320,  AvaiZa7HnpgOgC0vwGhl, 1562253061000, 1568607425000, 6354364000, 1765:06:04
2321,  8amyaWUc3DMg9ZYqK6sr, 1562246963000, 1573035647000, 10788684000, 2996:51:24
2322,  sbyUMpuooQt2WNJXhxg8, 1562246566000, 1568182197000, 5935631000, 1648:47:11
2323,  P8tqnpzTqKjF2uInZI49, 1562245770000, 1563504402000, 1258632000, 349:37:12
2324,  Tt1uUHu6GkDUoWad24SK, 1562241484000, 1576373986000, 14132502000, 3925:41:42
2325,  hXS2tZZWucnOzX8xhsFf, 1562225626000, 1569773822000, 7548196000, 2096:43:16
2326,  UZpihTaa9VCoT9yzFBKe, 1562218852000, 1574512089000, 12293237000, 3414:47:17
2327,  sCSWQkuNRL0vgau4nwb9, 1562205869000, 1564728573000, 2522704000, 700:45:04
2328,  s6c1Py2Atti6JZsHrKch, 1562197206000, 1576291045000, 14093839000, 3914:57:19
2329,  gXbANgbCFOA6FEqUpwTY, 1562190937000, 1576090448000, 13899511000, 3860:58:31
2330,  dSzZwZZofv6770RpN8M7, 1562184155000, 1571673974000, 9489819000, 2636:03:39
2331,  fR19DkDiQd06eHO6g2tp, 1562176863000, 1571661408000, 9484545000, 2634:35:45
2332,  vS0vkfvoBjWf9ddpgAIP, 1562172599000, 1570002427000, 7829828000, 2174:57:08
2333,  uxf7TafvbHa6Q6UonJkb, 1562168035000, 1577499584000, 15331549000, 4258:45:49
2334,  5qDO3TzKf4a0RwRjRp0T, 1562167894000, 1563277059000, 1109165000, 308:06:05
2335,  JF885rCCYnunXxwZgdYW, 1562163701000, 1565633295000, 3469594000, 963:46:34
2336,  0Bw2wH6XZVl1ZKV7e03c, 1562157797000, 1565699119000, 3541322000, 983:42:02
2337,  Mk0kXc0hca7LhoU1Fp7a, 1562147832000, 1568220007000, 6072175000, 1686:42:55
2338,  49Yk3nlU4TbdiVbE8QT6, 1562135954000, 1572001234000, 9865280000, 2740:21:20
2339,  9FFyxcTCeZgZEz1f6zAr, 1562134020000, 1577172406000, 15038386000, 4177:19:46
2340,  ObCFPrXW4rDb8vyiLUmf, 1562129235000, 1565349104000, 3219869000, 894:24:29
2341,  SwI4xmEGtbNDszAsGVvc, 1562109434000, 1563827229000, 1717795000, 477:09:55
2342,  fQ7G3hiPZIOIdMu1nEKj, 1562108012000, 1565368972000, 3260960000, 905:49:20
2343,  s6maWDEMBBQtqgxyLRM5, 1562102046000, 1577639205000, 15537159000, 4315:52:39
2344,  CON0zsXjCX3gBj6dJFj2, 1562090481000, 1572292896000, 10202415000, 2834:00:15
2345,  znYWDRtGnWOmGsBBg8bM, 1562061450000, 1568826321000, 6764871000, 1879:07:51
2346,  h4QNR6Qg3g2ngApWQO3x, 1562056634000, 1570928835000, 8872201000, 2464:30:01
2347,  3uqgWfAjk6I9ytMm4ESU, 1562050260000, 1577139320000, 15089060000, 4191:24:20
2348,  f9fXDWkfrhkYcQRLIZJV, 1562039916000, 1565230515000, 3190599000, 886:16:39
2349,  Ul8cCAghSeS2UfkCEVqb, 1562037101000, 1575160468000, 13123367000, 3645:22:47
2350,  KbX9HlS9Uem0tGUkxUVX, 1562023057000, 1562073358000, 50301000, 13:58:21
2351,  OLTolStE7zkV2DCLYTBG, 1562020443000, 1563949439000, 1928996000, 535:49:56
2352,  BSf4WTzMUZgSSq6mrPPp, 1562017409000, 1563006548000, 989139000, 274:45:39
2353,  24GNr7c4mkERuCgPKpht, 1562016912000, 1576449932000, 14433020000, 4009:10:20
2354,  HzVlOH7J038Huq720jVP, 1562015924000, 1570016053000, 8000129000, 2222:15:29
2355,  D76AkyXdH3zvN5V9MQAL, 1562013606000, 1577220051000, 15206445000, 4224:00:45
2356,  S4IcsPn9qHZavXt8Ek3X, 1562012988000, 1569947892000, 7934904000, 2204:08:24
2357,  qJKo3FJVwlILeAzKcVXs, 1562009592000, 1576397557000, 14387965000, 3996:39:25
2358,  noI5niJg9FnPgW49fOBp, 1562002634000, 1570193967000, 8191333000, 2275:22:13
2359,  29678b7BnDSMrgmw2eqG, 1561994010000, 1573118950000, 11124940000, 3090:15:40
2360,  ycUNUv3zeZ3TecBHItwK, 1561988463000, 1577636343000, 15647880000, 4346:38:00
2361,  Ohgr1eoCsbt6Q5gONmpA, 1561984633000, 1563095058000, 1110425000, 308:27:05
2362,  JHobg8PwPFhoWRWsS9ww, 1561977442000, 1575440329000, 13462887000, 3739:41:27
2363,  ILCNzNXmIlyu1TkBNtqG, 1561972415000, 1568887183000, 6914768000, 1920:46:08
2364,  8WyOzh0qWDttLpjiiYrS, 1561971809000, 1568218497000, 6246688000, 1735:11:28
2365,  ManScvPbp0QYBBoZuzWm, 1561933464000, 1573040295000, 11106831000, 3085:13:51
2366,  dkXxEVf1jH0xeTqPIADO, 1561928671000, 1564423553000, 2494882000, 693:01:22
2367,  NBpRzH6TJzr0Swd8sgwj, 1561928023000, 1566268295000, 4340272000, 1205:37:52
2368,  x0C8HzxHYrw00gnJRs50, 1561916186000, 1569436548000, 7520362000, 2088:59:22
2369,  ijOLEQJzZuFyWqp06aKE, 1561915379000, 1575372151000, 13456772000, 3737:59:32
2370,  30a9566t6AWWPWbQxSUv, 1561912125000, 1563922895000, 2010770000, 558:32:50
2371,  44CI7dTxlBBzHLPRlaI7, 1561907912000, 1572682814000, 10774902000, 2993:01:42
2372,  cgRgwovUrImxHxQfaBGb, 1561903384000, 1566512028000, 4608644000, 1280:10:44
2373,  gVQk4LuBaEUG2dVJT4Be, 1561888395000, 1567648574000, 5760179000, 1600:02:59
2374,  hN5sQQCsc8YUxU4ziUbf, 1561888030000, 1571448636000, 9560606000, 2655:43:26
2375,  5IKn8SoF8CNUx4il7ReE, 1561883915000, 1570881711000, 8997796000, 2499:23:16
2376,  JCohv6E4ZJgVlDzHgaP8, 1561877417000, 1562294651000, 417234000, 115:53:54
2377,  JlVAA3udJCZo8OOCxPpv, 1561872724000, 1567893145000, 6020421000, 1672:20:21
2378,  w17R0AozYXt3s4MxKj3v, 1561866908000, 1563539383000, 1672475000, 464:34:35
2379,  NX26WehHr3tYjXGYRglJ, 1561866334000, 1571310877000, 9444543000, 2623:29:03
2380,  t2hsJH6oAWsGT9Okl4Lv, 1561861943000, 1569936321000, 8074378000, 2242:52:58
2381,  hSQcAc5wYLX2QxVnn0pd, 1561858971000, 1571641064000, 9782093000, 2717:14:53
2382,  KDgUB5gdzoM1x07KSEA1, 1561833872000, 1569976963000, 8143091000, 2261:58:11
2383,  OAkjPSEdc5J19uqGHx7c, 1561824534000, 1577465921000, 15641387000, 4344:49:47
2384,  DEpQDDTHNGCEUeHa40IM, 1561818340000, 1575161495000, 13343155000, 3706:25:55
2385,  nCY6rgsUKdsCtjN99Tli, 1561802972000, 1567970514000, 6167542000, 1713:12:22
2386,  OgHZIEl42JeVwfrwuIj3, 1561798897000, 1564280133000, 2481236000, 689:13:56
2387,  NLX3qAQd7xtjUXZCV42U, 1561796134000, 1573226939000, 11430805000, 3175:13:25
2388,  TmUvrvEMj7rO7NOvhIHg, 1561776070000, 1573128279000, 11352209000, 3153:23:29
2389,  cReHimrHNXSz3cHqY2jo, 1561769869000, 1566044416000, 4274547000, 1187:22:27
2390,  CVC65KRNJ12rkFtevTYG, 1561768272000, 1569096250000, 7327978000, 2035:32:58
2391,  nAVonomqAL62zsoQQzkk, 1561767633000, 1571506027000, 9738394000, 2705:06:34
2392,  jw5hN0asaedQqylGgIdA, 1561764780000, 1566004223000, 4239443000, 1177:37:23
2393,  ZufyeNAqMAtdimdYDeBN, 1561758957000, 1576088834000, 14329877000, 3980:31:17
2394,  mdSC4iZq94p32EDr8blx, 1561758063000, 1564795578000, 3037515000, 843:45:15
2395,  bagZRFH4Vsx4nftlD9g9, 1561754429000, 1568032490000, 6278061000, 1743:54:21
2396,  khrKAAhrWB6XBzZUy8vP, 1561743528000, 1576072307000, 14328779000, 3980:12:59
2397,  Fhr7TnmGPxvmTyctv1H5, 1561742495000, 1567624954000, 5882459000, 1634:00:59
2398,  3bdO2flzrngcmjPfOChR, 1561737805000, 1562390884000, 653079000, 181:24:39
2399,  tBeUJogmI0iGRgfrVWK4, 1561721994000, 1577488330000, 15766336000, 4379:32:16
2400,  7FZtavyGsml90Yd9wAYK, 1561720283000, 1570477094000, 8756811000, 2432:26:51
2401,  ILFNxLmjLEd5Ihy0s86z, 1561711706000, 1566915419000, 5203713000, 1445:28:33
2402,  1fmBKC4hsFqQoxeF1Nc5, 1561707918000, 1569674813000, 7966895000, 2213:01:35
2403,  uwAZ6jRnwEgIOBqXAh5z, 1561700052000, 1572395340000, 10695288000, 2970:54:48
2404,  t7Qy7mABJiyqYo6Q0Ask, 1561688924000, 1568783922000, 7094998000, 1970:49:58
2405,  smBzf8zv5Zq2bCxlkfkZ, 1561684258000, 1562559183000, 874925000, 243:02:05
2406,  yxXUJ2J4i8nb1LUoWVgW, 1561680273000, 1567935038000, 6254765000, 1737:26:05
2407,  dQhjj7mRahsngfRy0r0l, 1561669881000, 1575058797000, 13388916000, 3719:08:36
2408,  9BSgCiC0Pi1eEA2F7TWs, 1561659302000, 1569225231000, 7565929000, 2101:38:49
2409,  0JmTWa1NVabjei3TS3Zf, 1561657610000, 1570813527000, 9155917000, 2543:18:37
2410,  u2UhoLPt5hl8vDxTwqJL, 1561648541000, 1562744936000, 1096395000, 304:33:15
2411,  Q2ex4IpiduEK8JCpmr3L, 1561647554000, 1573745975000, 12098421000, 3360:40:21
2412,  JZMSmr5t6w0pkRdZ12Xp, 1561646688000, 1573960698000, 12314010000, 3420:33:30
2413,  8FWRsp5WPG4tjCrIWiHn, 1561639777000, 1561785366000, 145589000, 40:26:29
2414,  Me6DQd9bDDG9JhwJ9loC, 1561635578000, 1574759631000, 13124053000, 3645:34:13
2415,  NHj14ydZOMVpQCdlAidI, 1561633736000, 1568219384000, 6585648000, 1829:20:48
2416,  YLaIwkQxilgL02jy5AkT, 1561611309000, 1567070192000, 5458883000, 1516:21:23
2417,  sY6pijfs5r2ntcjlhQDF, 1561610238000, 1571244600000, 9634362000, 2676:12:42
2418,  GivnU9kCnXwZum1xyzj6, 1561605986000, 1570417884000, 8811898000, 2447:44:58
2419,  VQaad1FuA5LzzZGhvZbE, 1561590517000, 1576995993000, 15405476000, 4279:17:56
2420,  h36vxgCyEZsP51M7tsTX, 1561583896000, 1571032921000, 9449025000, 2624:43:45
2421,  RGKOtQ5P5xTUZFLmfnPP, 1561573771000, 1572799561000, 11225790000, 3118:16:30
2422,  fpY4uIP6K8F5hB25itzN, 1561571620000, 1562130100000, 558480000, 155:08:00
2423,  8sjt2eXV2LO40Nqr5J6U, 1561567971000, 1573180960000, 11612989000, 3225:49:49
2424,  xaQRtCwedTJ1w1egi3xa, 1561565044000, 1574278708000, 12713664000, 3531:34:24
2425,  yUNMaDGo3GCviOcLGEz5, 1561560879000, 1575586319000, 14025440000, 3895:57:20
2426,  R98r9IfydTfr1FIxWgGF, 1561543297000, 1568002880000, 6459583000, 1794:19:43
2427,  gpzXJqP8TxfZ75NcvJ56, 1561527133000, 1566237496000, 4710363000, 1308:26:03
2428,  MeQzFr4XEe5Hnxeg3z1s, 1561526204000, 1571601076000, 10074872000, 2798:34:32
2429,  1ZpxfOYwg38WeIouS5qf, 1561525635000, 1565685590000, 4159955000, 1155:32:35
2430,  NYUHlPI1nvHEQJvilUlu, 1561508250000, 1567861480000, 6353230000, 1764:47:10
2431,  dqq21cMxhxuVCgdc1VzN, 1561491886000, 1574467259000, 12975373000, 3604:16:13
2432,  5MpRYRVluybNM4GV1gjd, 1561473059000, 1572446148000, 10973089000, 3048:04:49
2433,  bWaBPOWv7IBGjnOfrspp, 1561456877000, 1570803240000, 9346363000, 2596:12:43
2434,  N78WwwK3iupd1djKL4P9, 1561454936000, 1568139439000, 6684503000, 1856:48:23
2435,  1v5LPZeZDWiK8523hiYF, 1561448613000, 1565380473000, 3931860000, 1092:11:00
2436,  MngLjnl1i7KGqEg0437N, 1561447819000, 1577005488000, 15557669000, 4321:34:29
2437,  A32mfR3b0kNBTYc5bgGo, 1561441698000, 1577331801000, 15890103000, 4413:55:03
2438,  apxfflAjAeBAoiu7JmK2, 1561440841000, 1568494764000, 7053923000, 1959:25:23
2439,  hNkmFeuoRkJ2jgHiU8Wu, 1561439870000, 1576996354000, 15556484000, 4321:14:44
2440,  dNMiN48SoC2o7JE047v7, 1561437347000, 1564381014000, 2943667000, 817:41:07
2441,  iBF9yMO2FwCPbEmXJnV2, 1561427602000, 1564707502000, 3279900000, 911:05:00
2442,  Ls3D81KlkpcpQZoU0L7X, 1561426498000, 1569361625000, 7935127000, 2204:12:07
2443,  P8H2T5lFIlGZPp4mEBhG, 1561423713000, 1574389717000, 12966004000, 3601:40:04
2444,  QAnG3zZA3OeHZrtIhTG4, 1561422021000, 1564107649000, 2685628000, 746:00:28
2445,  gwb2p6nv6Hx638tGmpdX, 1561421263000, 1566420606000, 4999343000, 1388:42:23
2446,  RQClUnsN9FsV6IQleHAz, 1561415582000, 1577587876000, 16172294000, 4492:18:14
2447,  9p1yjodzkalsIRv2TORk, 1561404671000, 1575498819000, 14094148000, 3915:02:28
2448,  13hY5QmCrApCfqNxazkw, 1561400683000, 1567018498000, 5617815000, 1560:30:15
2449,  eqR0Ypz8zeszRrhHQarf, 1561388712000, 1573667084000, 12278372000, 3410:39:32
2450,  xgjyWgaVSVdTT7WrUHiX, 1561386846000, 1566229841000, 4842995000, 1345:16:35
2451,  xxL9D2eYwoE0VnfAPvCS, 1561382748000, 1569232976000, 7850228000, 2180:37:08
2452,  E2iHCJOjusg10VvGIM1X, 1561367163000, 1568816583000, 7449420000, 2069:17:00
2453,  cNgtAcG69e5NyYMp9QO7, 1561361653000, 1569118061000, 7756408000, 2154:33:28
2454,  yXeTQyyxcX8uL9IMJYb4, 1561359819000, 1574966028000, 13606209000, 3779:30:09
2455,  LcSfcu2nOM5SBBix5Lzz, 1561357683000, 1564491535000, 3133852000, 870:30:52
2456,  7pj3FecCEHtfAbjWTlKd, 1561354431000, 1569297727000, 7943296000, 2206:28:16
2457,  8qZlgmLVUXqrasbE4DPi, 1561352811000, 1562476853000, 1124042000, 312:14:02
2458,  F3fRMcnqPS1VcxrekiAB, 1561350307000, 1573181151000, 11830844000, 3286:20:44
2459,  4NC0P5yEpwXk5mAuwZr1, 1561346885000, 1565806585000, 4459700000, 1238:48:20
2460,  9hmqhAu8tGiqrKNahFnS, 1561343868000, 1568883982000, 7540114000, 2094:28:34
2461,  C8IZXLAKuAUP9h4z9xot, 1561342633000, 1571705481000, 10362848000, 2878:34:08
2462,  1gP7g13VRJrIM02iP7lT, 1561327368000, 1569419512000, 8092144000, 2247:49:04
2463,  d4VQvaARIUtNi00NxnbQ, 1561303388000, 1566850776000, 5547388000, 1540:56:28
2464,  18xRLqOVIgQeyV5y9Fqb, 1561295684000, 1576952563000, 15656879000, 4349:07:59
2465,  ikUxUdO6g9mu3LjcsCng, 1561294871000, 1575075854000, 13780983000, 3828:03:03
2466,  pJgKhQYMkNWRieypBJDu, 1561282583000, 1568421072000, 7138489000, 1982:54:49
2467,  LK8iKZOyjpMlRLBHKL7c, 1561279101000, 1568845562000, 7566461000, 2101:47:41
2468,  zeYZEjMsWss7BIF6Rp9h, 1561270314000, 1564754528000, 3484214000, 967:50:14
2469,  8IdlfF20teYyGByqutyd, 1561266581000, 1568973952000, 7707371000, 2140:56:11
2470,  nMWn6MiQ75JgxZR4DWBX, 1561265931000, 1567432287000, 6166356000, 1712:52:36
2471,  hkEn0rjXdrz8FwWDItay, 1561261995000, 1566336657000, 5074662000, 1409:37:42
2472,  DbQ6UshKs6qTwsUIWYdY, 1561254352000, 1567803227000, 6548875000, 1819:07:55
2473,  zvbQyvXdn2ftahpkKN5Q, 1561252561000, 1562351279000, 1098718000, 305:11:58
2474,  xByw0jQo2axFW7vbwOBA, 1561249807000, 1566291572000, 5041765000, 1400:29:25
2475,  6LzZ7Llb6rGvytX7KGFd, 1561248293000, 1561523990000, 275697000, 76:34:57
2476,  BEYvNggWskXE2Hxo43k8, 1561247584000, 1570050141000, 8802557000, 2445:09:17
2477,  AfhrGuZ441eTirdYnSqc, 1561237706000, 1573627861000, 12390155000, 3441:42:35
2478,  QfKM9A3fehefhaKmDHyV, 1561237633000, 1562324744000, 1087111000, 301:58:31
2479,  OgT7CPDXj5vPrm65AOjb, 1561236832000, 1574233617000, 12996785000, 3610:13:05
2480,  kyU35KZUB9M1pkJ3XSel, 1561227542000, 1575345810000, 14118268000, 3921:44:28
2481,  at45wXPYCyzc8sMp13DO, 1561216442000, 1577350602000, 16134160000, 4481:42:40
2482,  RhfeMIMBtfdXHsaqbWrw, 1561214663000, 1574316435000, 13101772000, 3639:22:52
2483,  ArovN6AIoB06pdDvpOWS, 1561201115000, 1571510173000, 10309058000, 2863:37:38
2484,  QyhAZgEscpm3aMZVGI4G, 1561197424000, 1563933087000, 2735663000, 759:54:23
2485,  qsbXjlkltceD1vawyZ6L, 1561190525000, 1572579829000, 11389304000, 3163:41:44
2486,  ZrrUb9OFG5CgsGm3Ybrd, 1561188821000, 1575032149000, 13843328000, 3845:22:08
2487,  jbsj4hkjjCrwhnNeiuqM, 1561176758000, 1570634186000, 9457428000, 2627:03:48
2488,  ej2HTEd6hGJhXhgMDw7S, 1561173842000, 1569176465000, 8002623000, 2222:57:03
2489,  cRDGyJB8mVsikRs9wkOt, 1561171546000, 1575969358000, 14797812000, 4110:30:12
2490,  NED6aiD7RbCzVsmkrKPm, 1561170603000, 1572530103000, 11359500000, 3155:25:00
2491,  4hgX5HFyx48bsF5N6Ken, 1561170306000, 1564136575000, 2966269000, 823:57:49
2492,  J1hyULTgrO160jvIVwjE, 1561166204000, 1571570754000, 10404550000, 2890:09:10
2493,  TAcQV44TEpfk2hnKmxff, 1561163564000, 1565998385000, 4834821000, 1343:00:21
2494,  C58kalf7MH3jOo0x55Iq, 1561162215000, 1569954637000, 8792422000, 2442:20:22
2495,  qmygbkiht9AXyB10pD6B, 1561159260000, 1565266680000, 4107420000, 1140:57:00
2496,  jVpFckXDjJcTmeW6mVOm, 1561152178000, 1571627705000, 10475527000, 2909:52:07
2497,  QCsbyUdVHHhU9CFeL8HM, 1561151563000, 1576531765000, 15380202000, 4272:16:42
2498,  nAL9eSHzLs3W17M7Q9Dq, 1561151273000, 1566698778000, 5547505000, 1540:58:25
2499,  ylfmxSyRvismaGU7Aj6F, 1561149948000, 1576964401000, 15814453000, 4392:54:13
2500,  41c5kqXO0CpKAURJj8yl, 1561142276000, 1567224726000, 6082450000, 1689:34:10
2501,  YTJaypFkYluvvLsHgOAU, 1561135761000, 1569008700000, 7872939000, 2186:55:39
2502,  Z2clBIj8IvkutpXJLJhH, 1561125140000, 1566789791000, 5664651000, 1573:30:51
2503,  J7ppqDxqZJa0GhDClVOV, 1561118909000, 1562546476000, 1427567000, 396:32:47
2504,  CYKKL4rM5Pyu5IWfIADE, 1561112498000, 1565886601000, 4774103000, 1326:08:23
2505,  2gGO4PMtEK5zUPMz2fDd, 1561111748000, 1566002503000, 4890755000, 1358:32:35
2506,  4ksS4Uq4qe0jA04VSZz1, 1561102974000, 1567191057000, 6088083000, 1691:08:03
2507,  h03mBRJ4BU867HOkVaXB, 1561101104000, 1564746572000, 3645468000, 1012:37:48
2508,  eHisrTeys2w4ovL5BGBm, 1561092290000, 1562874952000, 1782662000, 495:11:02
2509,  nDqLhW4CSYVqGNhmSz65, 1561090393000, 1574081471000, 12991078000, 3608:37:58
2510,  Jxp6tn7Qa1cYjzVRlobC, 1561088717000, 1565325572000, 4236855000, 1176:54:15
2511,  ZrNAmrBgnyFOvgilkJW9, 1561074888000, 1574593329000, 13518441000, 3755:07:21
2512,  AbiJ0EHThjCFKovDG8El, 1561072105000, 1565543085000, 4470980000, 1241:56:20
2513,  zcnWgFX6gcpTbPxTehut, 1561070287000, 1561454936000, 384649000, 106:50:49
2514,  UIHo5CUABvDjxC4lS5JY, 1561066242000, 1569228359000, 8162117000, 2267:15:17
2515,  KFuZqMYuFlyfBuU7izXj, 1561052403000, 1574902305000, 13849902000, 3847:11:42
2516,  xXj7XEDQ23TsHOebLoy5, 1561052350000, 1562817224000, 1764874000, 490:14:34
2517,  weJZr5VPUNvgLV4KoIM3, 1561044844000, 1567694169000, 6649325000, 1847:02:05
2518,  YNaUgIBh1CBNGzZCladn, 1561038463000, 1574917206000, 13878743000, 3855:12:23
2519,  klkKNkxnX45zHEteyTNS, 1561019520000, 1577026354000, 16006834000, 4446:20:34
2520,  0okcZtPoq2kpvmxxCMeN, 1561014045000, 1577326147000, 16312102000, 4531:08:22
2521,  fGJIKLp7AdY32tb19wrT, 1561008059000, 1570270478000, 9262419000, 2572:53:39
2522,  nRv1wBSpE6pVtELQRn0U, 1560998675000, 1568844225000, 7845550000, 2179:19:10
2523,  avUiS6nxcuXYlPBJ4r0T, 1560987080000, 1564748915000, 3761835000, 1044:57:15
2524,  3GTDOae8KiLQ9YJvBaP9, 1560981790000, 1569455948000, 8474158000, 2353:55:58
2525,  K2OIc3QFLdRagBtzozpF, 1560980654000, 1571072270000, 10091616000, 2803:13:36
2526,  zqZ8tS0WqtkP6HWJcXbS, 1560979663000, 1573345644000, 12365981000, 3434:59:41
2527,  hMWhMK9AdxA35XsdNvPb, 1560973186000, 1571627418000, 10654232000, 2959:30:32
2528,  eRAO4rqTy7vlbjrOHLS6, 1560972853000, 1562908253000, 1935400000, 537:36:40
2529,  TVSJGqhgpHoNR6Xlgmv9, 1560963412000, 1572834675000, 11871263000, 3297:34:23
2530,  xy7ZONqdUmJxcgxVA6hP, 1560963360000, 1567223517000, 6260157000, 1738:55:57
2531,  o2nsQ1CteCt7c8FdNZ3e, 1560961942000, 1568793236000, 7831294000, 2175:21:34
2532,  dRYzeOa67kOmj0GNuuSN, 1560958438000, 1568930472000, 7972034000, 2214:27:14
2533,  8svimBbcTC6FpfarjFqg, 1560957874000, 1576689699000, 15731825000, 4369:57:05
2534,  SEzIDRDJmLx3ug0KErU4, 1560947033000, 1573066472000, 12119439000, 3366:30:39
2535,  MsS8MNRLTfr4NtwY60ls, 1560945753000, 1563391784000, 2446031000, 679:27:11
2536,  2xEqPINdc6PlIyuiXS4W, 1560935798000, 1566173488000, 5237690000, 1454:54:50
2537,  CeB4lingxdoKoFO5Wnfh, 1560932933000, 1577599722000, 16666789000, 4629:39:49
2538,  zW3lfaxe9FaOWvzlupVq, 1560929771000, 1565461566000, 4531795000, 1258:49:55
2539,  fqjdbfVUeXFZfAihRc1o, 1560927587000, 1571934848000, 11007261000, 3057:34:21
2540,  If0R7wYSGI5BumTeme9C, 1560927189000, 1569950967000, 9023778000, 2506:36:18
2541,  v3p1fkuz6EQozp5u8uYg, 1560924499000, 1568778792000, 7854293000, 2181:44:53
2542,  RtEeBIF4DkxsoZhoMjeK, 1560920832000, 1562975779000, 2054947000, 570:49:07
2543,  q4zQhzcCVeNnNqvzQi8g, 1560914083000, 1563666012000, 2751929000, 764:25:29
2544,  qeOq74StBwkulz7g2OVr, 1560913316000, 1573648235000, 12734919000, 3537:28:39
2545,  XLeun7DAVgZLk6WidWnQ, 1560893303000, 1570015758000, 9122455000, 2534:00:55
2546,  M9GsdAOPsbv8QUZiEQ25, 1560883581000, 1575057310000, 14173729000, 3937:08:49
2547,  d3vBNCcoCD3Z0DiskifT, 1560881062000, 1562149875000, 1268813000, 352:26:53
2548,  GRS5XYN6Z37h0VqV6YSb, 1560871822000, 1561504101000, 632279000, 175:37:59
2549,  bcogN3o3QBpMVLj5Sjjy, 1560862039000, 1576618500000, 15756461000, 4376:47:41
2550,  dQnRF75t5ftq3UeCqgji, 1560861159000, 1563754991000, 2893832000, 803:50:32
2551,  6sBdFd2TQmyfqI7o27T7, 1560859822000, 1566758534000, 5898712000, 1638:31:52
2552,  Fg5l5FLmhCxlGGTT7yUE, 1560856557000, 1564273364000, 3416807000, 949:06:47
2553,  ZYEBCSLbSsM7nXf5zkNm, 1560834203000, 1571216635000, 10382432000, 2884:00:32
2554,  96pwnA7x1ca8KEFdbkw3, 1560825119000, 1566857532000, 6032413000, 1675:40:13
2555,  gUMI2YZjTvrgYIwPiCfQ, 1560810283000, 1565529351000, 4719068000, 1310:51:08
2556,  2dnMjtDGjKXSgiQ8toiW, 1560805002000, 1577179242000, 16374240000, 4548:24:00
2557,  yh2xmjVl40c5rd7MMejY, 1560802999000, 1575237162000, 14434163000, 4009:29:23
2558,  8S7L13h2ndQs7JU9XvdT, 1560791539000, 1574280603000, 13489064000, 3746:57:44
2559,  Kh8am5Yrf4H92Oe1obMa, 1560777425000, 1564942606000, 4165181000, 1156:59:41
2560,  3xgPGVq6wnndNGP9qyDV, 1560770144000, 1575014997000, 14244853000, 3956:54:13
2561,  BhXU6LC8xvSWstSwXv4m, 1560753397000, 1563878167000, 3124770000, 867:59:30
2562,  z21T4OkOG7DCpNfCeZq0, 1560751900000, 1569824755000, 9072855000, 2520:14:15
2563,  cleY4tHmTIKyOI7ObyXv, 1560737574000, 1575997017000, 15259443000, 4238:44:03
2564,  T4X9Nn14v0urdRyrx2DB, 1560733084000, 1577548483000, 16815399000, 4670:56:39
2565,  tqRrh8UwXA4s8NjbOPwp, 1560727434000, 1561022385000, 294951000, 81:55:51
2566,  t7YRAyW8zHLwbp0amna4, 1560726632000, 1570286175000, 9559543000, 2655:25:43
2567,  QoWcVxJx6U63SpF9MvXz, 1560702385000, 1567719358000, 7016973000, 1949:09:33
2568,  SGlood60WkKoKjzdoVYf, 1560693582000, 1575493189000, 14799607000, 4111:00:07
2569,  fWELd5YKEVkSnlU2bnhR, 1560689846000, 1564593705000, 3903859000, 1084:24:19
2570,  f2ARs8SPOj6uFJitpSg4, 1560688486000, 1566929929000, 6241443000, 1733:44:03
2571,  wP5FCT1slIIBuo8i0viR, 1560686796000, 1573779483000, 13092687000, 3636:51:27
2572,  90kgXmuylTzZQdSQJU7Z, 1560684504000, 1561133809000, 449305000, 124:48:25
2573,  riQY97Ir7JllcbHMz9RU, 1560674892000, 1577363662000, 16688770000, 4635:46:10
2574,  7ajZciVlclUegpynYLvl, 1560674680000, 1567069012000, 6394332000, 1776:12:12
2575,  sN2xRPe864pTaVM885Tg, 1560666110000, 1565478348000, 4812238000, 1336:43:58
2576,  zwp4hLJl7dJtUNtUE7Ha, 1560661286000, 1563019188000, 2357902000, 654:58:22
2577,  3pBxCG2J0HweEsO66bwO, 1560628339000, 1566776548000, 6148209000, 1707:50:09
2578,  vZtJV08WnOI8mHBQHMAf, 1560626531000, 1561347985000, 721454000, 200:24:14
2579,  bmPl02gpy3VPkP1rUOVT, 1560621224000, 1568378250000, 7757026000, 2154:43:46
2580,  apghNpbMj2R16zr3Fv6P, 1560598186000, 1571296988000, 10698802000, 2971:53:22
2581,  e9GzfebS1moSYhYxzqx0, 1560593334000, 1575023068000, 14429734000, 4008:15:34
2582,  8AVpX7ENRsfJknjh1ZbN, 1560579112000, 1563248844000, 2669732000, 741:35:32
2583,  g2DXPss75zAANdeA1hfC, 1560573658000, 1562145208000, 1571550000, 436:32:30
2584,  YHoE0bTevRXodGabCRag, 1560573026000, 1569297641000, 8724615000, 2423:30:15
2585,  dsqICc0He3cH3bcD7NYP, 1560571723000, 1565079612000, 4507889000, 1252:11:29
2586,  nlJPwPOUWO5VRiQKkRkj, 1560571275000, 1566955639000, 6384364000, 1773:26:04
2587,  K2DVWKky4hGA5uphjLL3, 1560564113000, 1567425727000, 6861614000, 1906:00:14
2588,  wzLNJgpRCp6BQNQVi1bd, 1560562957000, 1569554427000, 8991470000, 2497:37:50
2589,  BMST02eU7Jxv33t2WvUr, 1560552095000, 1569216487000, 8664392000, 2406:46:32
2590,  y0dFncTTi3LZoR7JNABK, 1560548064000, 1575042248000, 14494184000, 4026:09:44
2591,  R2QxesP83oWrEOPa6dGe, 1560542569000, 1562907437000, 2364868000, 656:54:28
2592,  ckEsszF6KXRryhg45WkY, 1560538608000, 1573384373000, 12845765000, 3568:16:05
2593,  nP9W6M5WUDxm2AKVsESM, 1560531473000, 1565832444000, 5300971000, 1472:29:31
2594,  uVIUi8PZEtIcMdSZtifo, 1560521082000, 1564411030000, 3889948000, 1080:32:28
2595,  l78XJNAVorWOLJdTtFPQ, 1560517356000, 1568391087000, 7873731000, 2187:08:51
2596,  R83GqSgV5Wg81w5mOL2I, 1560503952000, 1564481269000, 3977317000, 1104:48:37
2597,  Q821BmJSwvaQIx5PZFJS, 1560497733000, 1574128687000, 13630954000, 3786:22:34
2598,  BkD2pliVDGfVsBT1GFwb, 1560496754000, 1565423276000, 4926522000, 1368:28:42
2599,  TZUMbRJDRFUIQ7rS2Yd7, 1560488570000, 1562147946000, 1659376000, 460:56:16
2600,  EpPHZu4mPKwO6FdexPW3, 1560487788000, 1576754122000, 16266334000, 4518:25:34
2601,  lCB8A22XRXqISfrVBugO, 1560481360000, 1567913504000, 7432144000, 2064:29:04
2602,  PYOjugdOUtIhotZDueL0, 1560477449000, 1570172158000, 9694709000, 2692:58:29
2603,  8o4GmxWkXOzcUB70W6vE, 1560464112000, 1574742441000, 14278329000, 3966:12:09
2604,  im6YCB30V9PuTOrwQGCN, 1560463396000, 1575616772000, 15153376000, 4209:16:16
2605,  MVzcBiW9k4vMVjbvaUVK, 1560462976000, 1575149338000, 14686362000, 4079:32:42
2606,  yZrGlODLPpQD7NuB4HlT, 1560460197000, 1574763898000, 14303701000, 3973:15:01
2607,  z1JFmQQJgR0LTqUZJrCc, 1560452327000, 1564479999000, 4027672000, 1118:47:52
2608,  IWLqbRAdH8jWdwkYs80N, 1560442117000, 1568710073000, 8267956000, 2296:39:16
2609,  qKqMkhil7mO3cyaH65fS, 1560439541000, 1566593780000, 6154239000, 1709:30:39
2610,  cX9zj6ZhaVa6VYFnkJiR, 1560438753000, 1570154049000, 9715296000, 2698:41:36
2611,  CXa2LX23Xv3rA35aoTk6, 1560438051000, 1567794874000, 7356823000, 2043:33:43
2612,  i7J7qdAF8Gm08uDY6ICM, 1560434132000, 1565278068000, 4843936000, 1345:32:16
2613,  HrMLiWEt32E4QJ9F14wR, 1560430558000, 1569591375000, 9160817000, 2544:40:17
2614,  aeULpTWmeA1T4GKsVKUf, 1560425474000, 1568672206000, 8246732000, 2290:45:32
2615,  RT89wMdkb2XLE48C7tFo, 1560420114000, 1567982395000, 7562281000, 2100:38:01
2616,  zCBSqyD1rdzCcCVC4REM, 1560420090000, 1571050682000, 10630592000, 2952:56:32
2617,  EZUVR1DvBzAI4PqDHCkd, 1560407595000, 1567264937000, 6857342000, 1904:49:02
2618,  dJoxuBbQqwATFuq5qv4g, 1560401478000, 1564034656000, 3633178000, 1009:12:58
2619,  GJ6LeTimu35VPeXF5xsi, 1560401058000, 1570421099000, 10020041000, 2783:20:41
2620,  LS2QBdsOZL5B9LJEjJZD, 1560398476000, 1574453098000, 14054622000, 3904:03:42
2621,  hqm3u5Mtxfx3ViihDbnc, 1560391521000, 1575135564000, 14744043000, 4095:34:03
2622,  2mqQBBPe2fFJgMSOCs49, 1560370981000, 1565169825000, 4798844000, 1333:00:44
2623,  AeyVUyHq16IQqLTmOK7P, 1560366835000, 1566773994000, 6407159000, 1779:45:59
2624,  iTKT5ZZaM8coTCtJtTLy, 1560360033000, 1573662016000, 13301983000, 3694:59:43
2625,  F6e2KDwqFzeuDD410yaG, 1560339473000, 1572849229000, 12509756000, 3474:55:56
2626,  bPqFMrxpFGv2lE1d7lZF, 1560338281000, 1571676638000, 11338357000, 3149:32:37
2627,  092zFWzOFhwwGQbQEdxe, 1560335600000, 1562798712000, 2463112000, 684:11:52
2628,  LwRnDbIeAd1PpW9H1GNx, 1560322788000, 1560628635000, 305847000, 84:57:27
2629,  KBYbISfapLUydQsxGj0U, 1560321506000, 1570783811000, 10462305000, 2906:11:45
2630,  GK3epqAeaceP4DjlKKZi, 1560319427000, 1566294867000, 5975440000, 1659:50:40
2631,  3vGEYMnLr5LLXZRHTANc, 1560310934000, 1573003318000, 12692384000, 3525:39:44
2632,  UHBwOko4CaYbiLEYmjfC, 1560308741000, 1563914156000, 3605415000, 1001:30:15
2633,  fpaRtgnrAi3yYqBdNqqV, 1560308435000, 1565834722000, 5526287000, 1535:04:47
2634,  A7jAuUurUqMzozUb4FtP, 1560305693000, 1577639541000, 17333848000, 4814:57:28
2635,  CiHvNtJoJw2zemdCYCUI, 1560305206000, 1573809827000, 13504621000, 3751:17:01
2636,  TMzGL6UQelcf2T5aZxEn, 1560304290000, 1562311893000, 2007603000, 557:40:03
2637,  6W5SMbA5rZfbWNNIMej2, 1560302872000, 1560339541000, 36669000, 10:11:09
2638,  NQu3CNuoCrjXKODCtVdZ, 1560301553000, 1560776376000, 474823000, 131:53:43
2639,  zbF7orC3Ww1T5ejuBsj9, 1560298688000, 1570315150000, 10016462000, 2782:21:02
2640,  LlJBdsG7D7esmN0eJujZ, 1560294082000, 1567980722000, 7686640000, 2135:10:40
2641,  0KBXstEtpT9BQTtwReas, 1560274098000, 1568244980000, 7970882000, 2214:08:02
2642,  gkfhw9uH6LXzRf18YSXg, 1560273495000, 1574950343000, 14676848000, 4076:54:08
2643,  FX8GKXGF9BjKRtqYb1ea, 1560267061000, 1562564758000, 2297697000, 638:14:57
2644,  it1GSBDWL6yTQT8SJIlX, 1560265568000, 1563101663000, 2836095000, 787:48:15
2645,  3K8Hfs7XPFf0Pos09MTc, 1560263257000, 1569399257000, 9136000000, 2537:46:40
2646,  BP0PFS4A6wWeWydH8pUn, 1560242738000, 1573539108000, 13296370000, 3693:26:10
2647,  hliRCckbAq9rOFYQkgAx, 1560237448000, 1563831182000, 3593734000, 998:15:34
2648,  rPzCCfkAzj1PoNNHXQya, 1560237130000, 1573055058000, 12817928000, 3560:32:08
2649,  dZgYoqkQx5nK5u3RUA63, 1560230928000, 1572071234000, 11840306000, 3288:58:26
2650,  KKguyTDrivoZcJUaeoEx, 1560228896000, 1561373509000, 1144613000, 317:56:53
2651,  gu8YDDqSNFzAD7nkBoaL, 1560228699000, 1571251299000, 11022600000, 3061:50:00
2652,  ze3XtRBHi4Hix6XHsSzo, 1560222363000, 1564265301000, 4042938000, 1123:02:18
2653,  fiQm0u4eqFWfVyreBaUn, 1560219653000, 1568124762000, 7905109000, 2195:51:49
2654,  KFQn7xaXnSAZgHHnET6A, 1560216617000, 1566256188000, 6039571000, 1677:39:31
2655,  BSiPZL27qRfSjm0qv9kL, 1560207547000, 1572421700000, 12214153000, 3392:49:13
2656,  F0LDkB6UtuYcyoi4v6mE, 1560199223000, 1573068252000, 12869029000, 3574:43:49
2657,  4AxItFHI4ZgYOmAGjakq, 1560197744000, 1561922159000, 1724415000, 479:00:15
2658,  JWSS8Qel6wgNj1OBBMpi, 1560195455000, 1568536521000, 8341066000, 2316:57:46
2659,  hwgwQbSraKr8gxSR4Tpy, 1560171851000, 1569252713000, 9080862000, 2522:27:42
2660,  SWJIIBRblzxb3SNmD0vY, 1560169941000, 1572345673000, 12175732000, 3382:08:52
2661,  qLEGMlttSm82k8JQb5BE, 1560166408000, 1561154787000, 988379000, 274:32:59
2662,  wtALOvru7Mjv0XJTjPkY, 1560161719000, 1564303576000, 4141857000, 1150:30:57
2663,  mJ07TIQtDattzlQ6vfNX, 1560159316000, 1571058092000, 10898776000, 3027:26:16
2664,  JY1bCCQMigpEMN2YCrYB, 1560158388000, 1570819504000, 10661116000, 2961:25:16
2665,  lDO49eHVrlIkEQuhzLOt, 1560144112000, 1570880353000, 10736241000, 2982:17:21
2666,  hNBJclHXG2XEsNVmZdcY, 1560142130000, 1570006173000, 9864043000, 2740:00:43
2667,  igKB16v0PXqBcn2v8n7r, 1560136630000, 1575310560000, 15173930000, 4214:58:50
2668,  bz0N6oJG0mctTvbZq0q3, 1560133631000, 1569869184000, 9735553000, 2704:19:13
2669,  hXyhTDRaluQeEp6bWkYN, 1560127988000, 1562417422000, 2289434000, 635:57:14
2670,  0psB47dT3LUipgfv40Jp, 1560127119000, 1560362599000, 235480000, 65:24:40
2671,  hjg8NGC5Ye7WTHqaCFCV, 1560124651000, 1564597099000, 4472448000, 1242:20:48
2672,  KMZznVOiYSf64G1gG7pH, 1560118719000, 1561754740000, 1636021000, 454:27:01
2673,  tsL3Jekza8rVZPhh7L6G, 1560108541000, 1571623988000, 11515447000, 3198:44:07
2674,  UrkDHj6AkBI57bvXfNL2, 1560091275000, 1564230599000, 4139324000, 1149:48:44
2675,  UtqUqNMSfD7cWCsx2xwn, 1560084985000, 1571264879000, 11179894000, 3105:31:34
2676,  RXnbTbegBxHSU8RBVpSK, 1560080549000, 1567074999000, 6994450000, 1942:54:10
2677,  r5Q6aHEp7tDk2BIPLnww, 1560076870000, 1575705783000, 15628913000, 4341:21:53
2678,  yRZpk62rCGDSydbHVNba, 1560069920000, 1572789861000, 12719941000, 3533:19:01
2679,  2ifwH1toCdncjIiH8TRn, 1560041171000, 1563791656000, 3750485000, 1041:48:05
2680,  IoGANcpMmdRreH4x5xdf, 1560038054000, 1577272898000, 17234844000, 4787:27:24
2681,  Q6AwllPVsIFnNRXrAh0f, 1560019627000, 1570718002000, 10698375000, 2971:46:15
2682,  7dF52BtmyuB3VrHsrVnY, 1559999750000, 1577554365000, 17554615000, 4876:16:55
2683,  lyvKe8yMJhaj8up3iskE, 1559997173000, 1569375928000, 9378755000, 2605:12:35
2684,  7oOW29RxF33QPOK1ggh0, 1559979642000, 1572658081000, 12678439000, 3521:47:19
2685,  hY421BOAcESpoABD3lCx, 1559973618000, 1569664604000, 9690986000, 2691:56:26
2686,  GpgkCp4VCQpp1jt6BGVg, 1559967699000, 1567951334000, 7983635000, 2217:40:35
2687,  7Gvz5oXV7okljYxuo510, 1559962407000, 1577167260000, 17204853000, 4779:07:33
2688,  gfZOlGzwBNCaREhXBfxZ, 1559956841000, 1573516073000, 13559232000, 3766:27:12
2689,  kIa77AfIetAIMF7yZedx, 1559955085000, 1565262613000, 5307528000, 1474:18:48
2690,  4ahRVCix0URiM2O8qt5t, 1559954375000, 1565961253000, 6006878000, 1668:34:38
2691,  evjv7bJ0E2dsgDxTVKuw, 1559942050000, 1570218255000, 10276205000, 2854:30:05
2692,  QfEnS60nN86t43kFk81e, 1559934249000, 1571625266000, 11691017000, 3247:30:17
2693,  gXVO0grDYCHIeGCPQvIh, 1559925896000, 1568574008000, 8648112000, 2402:15:12
2694,  KsbLuUYPZAP8qNQ9i0Dc, 1559914958000, 1570005813000, 10090855000, 2803:00:55
2695,  zA3xVx5ia4qcGNLNG39C, 1559911547000, 1564708939000, 4797392000, 1332:36:32
2696,  z03tez2TicSjrAh2zd2E, 1559904380000, 1569150659000, 9246279000, 2568:24:39
2697,  OTP2vKp3s0KYjxOU7vMv, 1559902751000, 1563913056000, 4010305000, 1113:58:25
2698,  aY7wnkyBLe7o3tguNMAD, 1559900703000, 1566428448000, 6527745000, 1813:15:45
2699,  xxNIA6ulj0yycmpsiJpk, 1559900048000, 1560091102000, 191054000, 53:04:14
2700,  hxBq417TE0jcYeA9d5vj, 1559896482000, 1564029043000, 4132561000, 1147:56:01
2701,  Q0lqiYdVjK0LPiSRnpL5, 1559887021000, 1565082980000, 5195959000, 1443:19:19
2702,  BqCX6iftgM2VujrrUqWb, 1559876614000, 1565813251000, 5936637000, 1649:03:57
2703,  n6IIsmKkbfvzNrmrzEBR, 1559876143000, 1570788220000, 10912077000, 3031:07:57
2704,  9NikBueT69WUeKO3JZrM, 1559836082000, 1561493728000, 1657646000, 460:27:26
2705,  l2uSom07IJKLKAzGmSFG, 1559833016000, 1577165911000, 17332895000, 4814:41:35
2706,  Ye0xvKoFgZ6HTF0AHhVB, 1559807048000, 1573050626000, 13243578000, 3678:46:18
2707,  yh40sQjsxVQyNlaTSe3c, 1559792504000, 1566899113000, 7106609000, 1974:03:29
2708,  G14KshVplwImUhVrSAbm, 1559784647000, 1574440269000, 14655622000, 4071:00:22
2709,  THCTPLIfjIRAYnfpoWMR, 1559783892000, 1562558188000, 2774296000, 770:38:16
2710,  8zbuWRPhfjNKybYcMXge, 1559782905000, 1573436067000, 13653162000, 3792:32:42
2711,  BjPLh4xQGNQnzZIlByYz, 1559782343000, 1564212849000, 4430506000, 1230:41:46
2712,  xO6bIhfcGLP1RbELZ7Q1, 1559773134000, 1566708543000, 6935409000, 1926:30:09
2713,  eInYWE6HfQDCBZzD9hyU, 1559754775000, 1569844514000, 10089739000, 2802:42:19
2714,  C6UQf3s5IdZaVRr8IOlO, 1559752051000, 1573182728000, 13430677000, 3730:44:37
2715,  PiG4ry7pbnJbYQh1QyNP, 1559750006000, 1574867467000, 15117461000, 4199:17:41
2716,  O98wKFOKwrGRUJyIcCXH, 1559745915000, 1577380552000, 17634637000, 4898:30:37
2717,  05WMAY3tCdsHNDEeWqCv, 1559729537000, 1573819161000, 14089624000, 3913:47:04
2718,  EB98JAPJpiCeVdzXuVGw, 1559728407000, 1560214507000, 486100000, 135:01:40
2719,  iL01lqxmHD0CggN8m11R, 1559727469000, 1574291425000, 14563956000, 4045:32:36
2720,  4kl2ZXzokNR7ZBzLY9Vv, 1559722744000, 1565881289000, 6158545000, 1710:42:25
2721,  sYr48XDK1TG1cN1VJdfe, 1559711077000, 1565525147000, 5814070000, 1615:01:10
2722,  zciPkt9ndWG4owZbGhJl, 1559708469000, 1566329994000, 6621525000, 1839:18:45
2723,  SfPnBtOtRjFE9JVh7n4M, 1559694810000, 1566266382000, 6571572000, 1825:26:12
2724,  Miy26N13JuYcTbCNMSeb, 1559690002000, 1566024643000, 6334641000, 1759:37:21
2725,  tQGo327wOTGnWCAeIBJC, 1559680411000, 1574195436000, 14515025000, 4031:57:05
2726,  L5LDfWCuX83phpPOBPXW, 1559673287000, 1570758116000, 11084829000, 3079:07:09
2727,  E9wCFiqRYev3uJzZOWmW, 1559670413000, 1560195437000, 525024000, 145:50:24
2728,  qdod8UwLKHsco5ub49MI, 1559664998000, 1562148532000, 2483534000, 689:52:14
2729,  YCgOkJ8cO62x2GWJm3FW, 1559658546000, 1565324912000, 5666366000, 1573:59:26
2730,  eDvPkBOJQ5bKXHvBQWqk, 1559655363000, 1563441687000, 3786324000, 1051:45:24
2731,  FNjcKoGVdPALOGxCbypq, 1559653529000, 1563056117000, 3402588000, 945:09:48
2732,  WBz2DhaXmrlN8sFQ9pVw, 1559637034000, 1562920547000, 3283513000, 912:05:13
2733,  Ue3vKdWiG2hjkP3aRCxX, 1559633172000, 1573459151000, 13825979000, 3840:32:59
2734,  Ed7G7YdS6SEPcs63tMEI, 1559605844000, 1571662172000, 12056328000, 3348:58:48
2735,  V6AHx0xGExB14fY1SphW, 1559604331000, 1560066595000, 462264000, 128:24:24
2736,  KyCtTM5IqQ2OEtN7FjzP, 1559603864000, 1569874016000, 10270152000, 2852:49:12
2737,  NHo2bhJH7rVNoocROTxZ, 1559586060000, 1566653320000, 7067260000, 1963:07:40
2738,  x62QN34UjF70sPMYKhLc, 1559575327000, 1559664759000, 89432000, 24:50:32
2739,  M2mjjnV6EY30SAsX58YP, 1559571375000, 1576567600000, 16996225000, 4721:10:25
2740,  lzyJvBVaEZkvEHC6ZdK9, 1559546464000, 1569049538000, 9503074000, 2639:44:34
2741,  rGTrniqLhO8OeveZjAhi, 1559546103000, 1561341487000, 1795384000, 498:43:04
2742,  hQ7CUslnjJu51Y8ZQuqH, 1559546046000, 1572567451000, 13021405000, 3617:03:25
2743,  D3mHVBNPfnU8W7tSJBGe, 1559540082000, 1576516689000, 16976607000, 4715:43:27
2744,  81IbnITpVN7Sr6jC8QAu, 1559537745000, 1566999553000, 7461808000, 2072:43:28
2745,  mmSlCo0oKjYsFVGdCQNq, 1559531781000, 1571625826000, 12094045000, 3359:27:25
2746,  RDv3TJ6DEz4IpEN79TR6, 1559516135000, 1566495622000, 6979487000, 1938:44:47
2747,  XG5bgijOWRDDyaywyVS6, 1559511927000, 1562247067000, 2735140000, 759:45:40
2748,  H2SNLPXVFABCve9MSDSz, 1559505853000, 1562005189000, 2499336000, 694:15:36
2749,  3CroxqyOMWko85CtA5ZM, 1559504680000, 1568916019000, 9411339000, 2614:15:39
2750,  ToXK4GWWAS1iknnIeoHD, 1559504552000, 1569831422000, 10326870000, 2868:34:30
2751,  BLdA45xeKxSj60EXOVl4, 1559480352000, 1560040659000, 560307000, 155:38:27
2752,  fHDwhHEY9zbhyQiIRizP, 1559480047000, 1561792253000, 2312206000, 642:16:46
2753,  dpAGkK5KiciTXnoCiqBG, 1559479898000, 1567653276000, 8173378000, 2270:22:58
2754,  zXPiqQyWj1l6XP8AUTYB, 1559463267000, 1565275549000, 5812282000, 1614:31:22
2755,  awlBA2tHDEz1jY6fk6Og, 1559456988000, 1573679824000, 14222836000, 3950:47:16
2756,  ParClXS9jj3usCT6ongp, 1559455969000, 1575545767000, 16089798000, 4469:23:18
2757,  uFeTb7MtEnxnWIHCwCeN, 1559436376000, 1564146158000, 4709782000, 1308:16:22
2758,  fgYGC5giff9pAtzsBTDW, 1559433460000, 1560065968000, 632508000, 175:41:48
2759,  41iPj7jzVD18L2atTQYf, 1559433080000, 1573133313000, 13700233000, 3805:37:13
2760,  hBDpjcxHrTd9VXDmQXM6, 1559418003000, 1577687419000, 18269416000, 5074:50:16
2761,  c5w2YI0SnVlAbiJ621cA, 1559382381000, 1570061239000, 10678858000, 2966:20:58
2762,  MQ4SStSGYSV0JgjgItyN, 1559382001000, 1563958476000, 4576475000, 1271:14:35
2763,  OA0zmjaR2cFXSdQfgM4Z, 1559378807000, 1568296580000, 8917773000, 2477:09:33
2764,  srWHbatpssz56bkoyJsm, 1559374956000, 1567835299000, 8460343000, 2350:05:43
2765,  FS75P2kPKdXJmgsi2aqe, 1559354993000, 1566285147000, 6930154000, 1925:02:34
2766,  mJC7KIjEitJ3ds5wn12I, 1559353512000, 1560709336000, 1355824000, 376:37:04
2767,  c3YwzaZQIVGjQNlYvjpY, 1559335897000, 1561722131000, 2386234000, 662:50:34
2768,  FqIICBbD01IaDf0JjzdR, 1559330929000, 1566859826000, 7528897000, 2091:21:37
2769,  3e3Xg6MenCuQfKigh3UB, 1559327664000, 1567370279000, 8042615000, 2234:03:35
2770,  OYATlEHL1zmrHk4thShO, 1559325437000, 1561258226000, 1932789000, 536:53:09
2771,  IUAq3sIY2nTeod009tGm, 1559321816000, 1563647885000, 4326069000, 1201:41:09
2772,  5eIIKHQMdJ6849SAqCep, 1559320964000, 1563866880000, 4545916000, 1262:45:16
2773,  JZPslQLgIBeXpW5D8nOj, 1559303719000, 1569494369000, 10190650000, 2830:44:10
2774,  EqL27Dli7xz9C3wpRGK7, 1559294448000, 1571745787000, 12451339000, 3458:42:19
2775,  a13uaG6Ca5Kfg5oEGL4S, 1559293797000, 1576762949000, 17469152000, 4852:32:32
2776,  44ivqwPa3BS8qCxle6rH, 1559277616000, 1569147734000, 9870118000, 2741:41:58
2777,  TBtotzowSdovcRFUM6xZ, 1559277161000, 1567840935000, 8563774000, 2378:49:34
2778,  wgwoo5qMOPzPOPj48xwL, 1559275340000, 1565439076000, 6163736000, 1712:08:56
2779,  fpZu1SY8agmjIvUIEC4O, 1559269173000, 1561145637000, 1876464000, 521:14:24
2780,  1f8XJLcTAgJaLrviiOcM, 1559255214000, 1572977756000, 13722542000, 3811:49:02
2781,  7ShK7OMWYz8SA0RAq1k9, 1559249780000, 1573500643000, 14250863000, 3958:34:23
2782,  jtcfioU4mRcfYHSW5LeM, 1559238549000, 1567919843000, 8681294000, 2411:28:14
2783,  9kE1MYOrG6OhTh3aUo2S, 1559235103000, 1562384613000, 3149510000, 874:51:50
2784,  0Ho51AhYco1yH4jETLzb, 1559233090000, 1561572973000, 2339883000, 649:58:03
2785,  2hGCbSLF7ftAvniKDIvC, 1559216551000, 1561732768000, 2516217000, 698:56:57
2786,  PqwOiFifYBiEo0jQuYu7, 1559215665000, 1575468963000, 16253298000, 4514:48:18
2787,  Fv1EBo72R4SjHGOI2qZt, 1559210207000, 1567031150000, 7820943000, 2172:29:03
2788,  NOn5NM62UwlYFCx2dulo, 1559205967000, 1572229991000, 13024024000, 3617:47:04
2789,  Ffcmsy672SpNOh7usKOB, 1559188071000, 1566251430000, 7063359000, 1962:02:39
2790,  icHSjjKUi2wwSch5meQ1, 1559183643000, 1563460577000, 4276934000, 1188:02:14
2791,  jGKKTxyFeLa7pqJ3HLfm, 1559175026000, 1559822397000, 647371000, 179:49:31
2792,  Im7P4kuTFoJnM6OYofhd, 1559160777000, 1563077828000, 3917051000, 1088:04:11
2793,  xDeNIgyMH3sY1Be96Un3, 1559154937000, 1570734209000, 11579272000, 3216:27:52
2794,  QJc5UCGEyVJ89iJy39vC, 1559153914000, 1572869909000, 13715995000, 3809:59:55
2795,  M4zvBkjhYC6gEoQoYM09, 1559153350000, 1566534335000, 7380985000, 2050:16:25
2796,  QgM1HRsaeIaUAkXjVMZQ, 1559144737000, 1559358438000, 213701000, 59:21:41
2797,  EhmYWnmDbdaBCOHS646r, 1559139769000, 1559994135000, 854366000, 237:19:26
2798,  5CdQGqdp1jMd4XWctr8D, 1559139083000, 1575113540000, 15974457000, 4437:20:57
2799,  Nu9rcZB4Q7kC81sCkhWX, 1559138233000, 1577153482000, 18015249000, 5004:14:09
2800,  EHDxZVpalfLLtZ6Q9V3P, 1559130916000, 1576668232000, 17537316000, 4871:28:36
2801,  5G6Es6JuZPuO9Ezpq3hX, 1559123242000, 1564747314000, 5624072000, 1562:14:32
2802,  waRGR1IVIwxwh6YghyuF, 1559122326000, 1573917980000, 14795654000, 4109:54:14
2803,  wVQrv5XIImhjqMdXTAam, 1559107338000, 1560755601000, 1648263000, 457:51:03
2804,  e0vaKyDeEu4YNGHEMGg8, 1559097236000, 1566585867000, 7488631000, 2080:10:31
2805,  q0pNfWaPKh2jNbh4Jnsk, 1559085981000, 1566948580000, 7862599000, 2184:03:19
2806,  FV4cCEEGYmUogXpoZU8H, 1559083367000, 1562618535000, 3535168000, 981:59:28
2807,  JdV0fTkvDCHwze4Erawp, 1559072382000, 1567530321000, 8457939000, 2349:25:39
2808,  fa00kw1zRWfIBFqm6xqv, 1559070089000, 1571887745000, 12817656000, 3560:27:36
2809,  losgD3GISDUDjvHbfruo, 1559061777000, 1574851861000, 15790084000, 4386:08:04
2810,  4zgdCmrsbhEFAvedaXUZ, 1559056046000, 1567452829000, 8396783000, 2332:26:23
2811,  csdEjpBEfbTBy1ZnQ6If, 1559054180000, 1569966477000, 10912297000, 3031:11:37
2812,  qAxnz6HXQHBdPVAsArFk, 1559046313000, 1571200748000, 12154435000, 3376:13:55
2813,  RIJcW8xPCxcewVdae9K5, 1559042467000, 1570855608000, 11813141000, 3281:25:41
2814,  KV17hoN5fE6npTw28OaT, 1559035357000, 1563010218000, 3974861000, 1104:07:41
2815,  ZA9vI7PdDugaiZTPc7yw, 1559019888000, 1569537551000, 10517663000, 2921:34:23
2816,  Fd8zSx9DTkmQ6xeiJpaQ, 1559003913000, 1563865666000, 4861753000, 1350:29:13
2817,  DJVOkxayrdQp13RTA5Ot, 1559002423000, 1559586566000, 584143000, 162:15:43
2818,  lz8jlPf5mYKw8uujCFDi, 1559000857000, 1571119406000, 12118549000, 3366:15:49
2819,  lrrgCgb1yB7mvM4pwOOe, 1558997207000, 1570873481000, 11876274000, 3298:57:54
2820,  onGiYpTrN89CAW4NoIGK, 1558996553000, 1565925281000, 6928728000, 1924:38:48
2821,  WL75o1lyE8lXh8WfubS0, 1558992820000, 1560955370000, 1962550000, 545:09:10
2822,  hpzvwXrzsZgXNdBifmM3, 1558990109000, 1559620810000, 630701000, 175:11:41
2823,  BW1HHc56xc2MTKDMgPf2, 1558986161000, 1573528745000, 14542584000, 4039:36:24
2824,  jnZNDFPzc9lIn37zJcdA, 1558982974000, 1569257630000, 10274656000, 2854:04:16
2825,  KlkHmhRRObeUx9aRa0MO, 1558968824000, 1576970665000, 18001841000, 5000:30:41
2826,  V8Fsj9lFAV9SbDcZF4uf, 1558967953000, 1561091522000, 2123569000, 589:52:49
2827,  ps7srBCCvuLkqxHacsBV, 1558960231000, 1563720264000, 4760033000, 1322:13:53
2828,  7Nw1EUuaN6o0qjsKyoSB, 1558948961000, 1576009530000, 17060569000, 4739:02:49
2829,  oQn24CSynfQAhpl0kuwh, 1558944790000, 1568392136000, 9447346000, 2624:15:46
2830,  7IaA79DGd59K6J2NshYx, 1558927500000, 1571028967000, 12101467000, 3361:31:07
2831,  bPr3mlD9Dm6weJrrKlYm, 1558917066000, 1565525064000, 6607998000, 1835:33:18
2832,  f2kOybhi1XoyKT0bNyRK, 1558912848000, 1559884166000, 971318000, 269:48:38
2833,  bgJRXqfidKBQWZcQECgz, 1558909105000, 1577295090000, 18385985000, 5107:13:05
2834,  nk6c1OjYwU4TVLR95r8l, 1558907344000, 1559062535000, 155191000, 43:06:31
2835,  7GYX5xGWox5ODxQaPK9f, 1558889171000, 1575308331000, 16419160000, 4560:52:40
2836,  XHhkYBpcxNNw04gccTIm, 1558884588000, 1571154752000, 12270164000, 3408:22:44
2837,  mv3GVjHm85RSpNFb1Cox, 1558874904000, 1576592257000, 17717353000, 4921:29:13
2838,  NpzFfzHE7ilfvBTfE0av, 1558872707000, 1575831297000, 16958590000, 4710:43:10
2839,  Uev7jKMTD2ux5EFhbs7Q, 1558871105000, 1574568599000, 15697494000, 4360:24:54
2840,  zbOmYpfEnD5pUIqOJh8U, 1558869956000, 1563155763000, 4285807000, 1190:30:07
2841,  KKdxCZLk7WdRcjjs5yNa, 1558867903000, 1564706089000, 5838186000, 1621:43:06
2842,  o9T1LMxLOnG1kDqGHJyj, 1558862715000, 1574550580000, 15687865000, 4357:44:25
2843,  66kyjGWzXOKWZ7UP6Had, 1558859495000, 1569197327000, 10337832000, 2871:37:12
2844,  2cEwchMRVdPCbM3RsliZ, 1558858863000, 1561265785000, 2406922000, 668:35:22
2845,  cCxMte8QwFjlBGzQ3ZXl, 1558855334000, 1569804570000, 10949236000, 3041:27:16
2846,  Hfskt3qsc8Ma8EUMbhD2, 1558850537000, 1559901108000, 1050571000, 291:49:31
2847,  pazdfnu7DNSz0I4Juxgp, 1558845354000, 1559908014000, 1062660000, 295:11:00
2848,  gw5k9QLIA1ZlyQS2im67, 1558842283000, 1560154233000, 1311950000, 364:25:50
2849,  tBbNmEEDFA6VEaTmewfd, 1558841904000, 1577307976000, 18466072000, 5129:27:52
2850,  5EN03xsWDuGX9nuvYKaR, 1558838289000, 1566455070000, 7616781000, 2115:46:21
2851,  4qkM7oLg2uAMvHXXPkpo, 1558834193000, 1564282394000, 5448201000, 1513:23:21
2852,  EYEM3JseuIK6zHpf6CSv, 1558829298000, 1567660072000, 8830774000, 2452:59:34
2853,  pZb9vyycTg4Tmf1gwQzC, 1558822870000, 1560425815000, 1602945000, 445:15:45
2854,  EbtVECrrnCwna1YRNZty, 1558807781000, 1573146997000, 14339216000, 3983:06:56
2855,  4TyxDwrSfRrF1hQtm2kk, 1558807423000, 1559245764000, 438341000, 121:45:41
2856,  ZjHiLQV1jcedMhhxtYIk, 1558798930000, 1572285750000, 13486820000, 3746:20:20
2857,  vQ7pppyai5bdHWx6cu06, 1558797611000, 1559080488000, 282877000, 78:34:37
2858,  psIn78xnI3Q6Bh1tts6m, 1558792859000, 1563925964000, 5133105000, 1425:51:45
2859,  zt7fP8nsnEZeC2GEbfhW, 1558790694000, 1568650660000, 9859966000, 2738:52:46
2860,  KvBUQKphFp0h2dYOIt7I, 1558786320000, 1574797368000, 16011048000, 4447:30:48
2861,  hZlPewm3DnkdCmunbDX2, 1558784319000, 1567840824000, 9056505000, 2515:41:45
2862,  WtoNap3AIVhjBPjMkLvJ, 1558775888000, 1563864861000, 5088973000, 1413:36:13
2863,  3FU0RVaXQcB2Wr0oD3dp, 1558765419000, 1571708171000, 12942752000, 3595:12:32
2864,  p458n2kqzSNCOmIl3wkI, 1558759897000, 1577500199000, 18740302000, 5205:38:22
2865,  An812XrY6UhlljkpxwmA, 1558720062000, 1573670570000, 14950508000, 4152:55:08
2866,  mzairhcoEMmTcOIjLIXt, 1558714808000, 1559430732000, 715924000, 198:52:04
2867,  Lp1po1DKo8E4Q3XTSWqG, 1558710828000, 1569311008000, 10600180000, 2944:29:40
2868,  l4hAmud6QS2XbYkfrz0s, 1558694912000, 1560761796000, 2066884000, 574:08:04
2869,  jv4gbCyjMrLEI5HpnbkM, 1558693229000, 1560490502000, 1797273000, 499:14:33
2870,  WuUO0zi1hnXcp4jtDiV7, 1558691616000, 1573254047000, 14562431000, 4045:07:11
2871,  Tql1lCid6drooZxEDXL6, 1558681105000, 1574997839000, 16316734000, 4532:25:34
2872,  XLvpBxmY5HJev47JFC2e, 1558675128000, 1561952964000, 3277836000, 910:30:36
2873,  tIvmBwMgd3AzrquDo1kD, 1558673243000, 1571780993000, 13107750000, 3641:02:30
2874,  Ue8v0aEJzyFGr2uPIyxi, 1558671221000, 1573168067000, 14496846000, 4026:54:06
2875,  BWZfGitVUnplww1txf4d, 1558666226000, 1571980178000, 13313952000, 3698:19:12
2876,  GpMTnKrThDH28AY6WHel, 1558666193000, 1576591886000, 17925693000, 4979:21:33
2877,  89RVRdh8GAyFHxgR5zeD, 1558660040000, 1575560540000, 16900500000, 4694:35:00
2878,  1DRXoNf5wJkf8HcOeEOL, 1558643332000, 1566035819000, 7392487000, 2053:28:07
2879,  SWA4BJWRh3ML2VKgW1Z4, 1558641493000, 1576242830000, 17601337000, 4889:15:37
2880,  bE55bJxSpqvq4BIHE403, 1558641089000, 1569896522000, 11255433000, 3126:30:33
2881,  L6NWG2l8Zymrzp9YVenk, 1558637805000, 1562533920000, 3896115000, 1082:15:15
2882,  GfGQq9NDQs3J5wRyTgru, 1558636230000, 1561030189000, 2393959000, 664:59:19
2883,  trvAKtY9qqCqJMfcEKe4, 1558631594000, 1576127778000, 17496184000, 4860:03:04
2884,  Dbg7mtB2gjQL4RCqXBzQ, 1558624496000, 1575971969000, 17347473000, 4818:44:33
2885,  NIhtHw6m3Uj1yPPUjD8Z, 1558617821000, 1560066695000, 1448874000, 402:27:54
2886,  5n7aIGDmdyGM52Xp15kw, 1558599512000, 1569784728000, 11185216000, 3107:00:16
2887,  QJEwov83Np8FymKQ9AAg, 1558599144000, 1565621906000, 7022762000, 1950:46:02
2888,  wLKjqmA23rfXVDOlnRco, 1558592008000, 1570587336000, 11995328000, 3332:02:08
2889,  SzpeDDCHdN8z1g42Svu5, 1558591240000, 1572388380000, 13797140000, 3832:32:20
2890,  6lI7EAtpBiy3kBsJSDcG, 1558590039000, 1571892151000, 13302112000, 3695:01:52
2891,  f50tHMjeQ6at0737r5sM, 1558583828000, 1563604649000, 5020821000, 1394:40:21
2892,  bLgvZwSUpuvIIBopbpGx, 1558572839000, 1575800819000, 17227980000, 4785:33:00
2893,  cCYlqFnukswG2SdJw3fE, 1558552228000, 1568157311000, 9605083000, 2668:04:43
2894,  ruZZz7G3TjVl01SLShpL, 1558546531000, 1569368056000, 10821525000, 3005:58:45
2895,  dMxAFea2RMx1Xw7aYAvK, 1558543472000, 1574672479000, 16129007000, 4480:16:47
2896,  gbmtRayI3pkxKCtSJQlo, 1558542855000, 1566367551000, 7824696000, 2173:31:36
2897,  Yjy0jQrSRMHnQ9fVixcj, 1558540078000, 1559849140000, 1309062000, 363:37:42
2898,  7cVTQQeApxOnS7HrOvKA, 1558537749000, 1559459154000, 921405000, 255:56:45
2899,  sskhrCYdUMQnttjpNd7o, 1558530466000, 1573945774000, 15415308000, 4282:01:48
2900,  scfR43ZOZp0gM7qfb7M2, 1558524238000, 1565938060000, 7413822000, 2059:23:42
2901,  7ARmjMqAnM6TdXARqxQ7, 1558517126000, 1560301351000, 1784225000, 495:37:05
2902,  ILoke75IByNg9RWlT5Nx, 1558510367000, 1559728996000, 1218629000, 338:30:29
2903,  cj2FsWr4eUvvB2QQEmn8, 1558494827000, 1564895393000, 6400566000, 1777:56:06
2904,  fEZLs0s8kZHqfbMGGoSl, 1558490372000, 1573427484000, 14937112000, 4149:11:52
2905,  nZPPtbhz3slUBrA1nwk4, 1558488895000, 1576657935000, 18169040000, 5046:57:20
2906,  loc4cHvrzRz2UTVQNb10, 1558470424000, 1565634319000, 7163895000, 1989:58:15
2907,  7RFUl0B9UdvHDIoM0NqO, 1558462378000, 1564904918000, 6442540000, 1789:35:40
2908,  2UmyHOvASvhcSW0dst8U, 1558458780000, 1574719191000, 16260411000, 4516:46:51
2909,  ZHDPI1eU4CxoWvOw3IAR, 1558449908000, 1561471611000, 3021703000, 839:21:43
2910,  BxEH7KqM9u58Qy58a9Cf, 1558430043000, 1567057013000, 8626970000, 2396:22:50
2911,  wWLRXccAL32tS5FjPgrr, 1558409070000, 1561658381000, 3249311000, 902:35:11
2912,  CxjWJqpeCuYbRapxAHY2, 1558401655000, 1568794490000, 10392835000, 2886:53:55
2913,  9dqDDVs2HSMzOcS1LUFO, 1558397881000, 1568740948000, 10343067000, 2873:04:27
2914,  QdLtcmidDWqzI9NezVYJ, 1558383178000, 1569551913000, 11168735000, 3102:25:35
2915,  CGCH5cCuWrmqifA4sddU, 1558379274000, 1566846638000, 8467364000, 2352:02:44
2916,  DxdtljoO8Bo1RzZ1oRBd, 1558376386000, 1571181701000, 12805315000, 3557:01:55
2917,  65aTWCfFHwAwYWh5gPHM, 1558363710000, 1573914347000, 15550637000, 4319:37:17
2918,  wt1e5KMlAt39fuPSRIkI, 1558337253000, 1573693989000, 15356736000, 4265:45:36
2919,  J5pm2FHL4QVWI6fS4SYp, 1558334319000, 1574784488000, 16450169000, 4569:29:29
2920,  WzUlSkyPxP75qvLSTSWt, 1558317559000, 1567763056000, 9445497000, 2623:44:57
2921,  4vgWWsLYmeedHMCSi4wN, 1558306675000, 1568509176000, 10202501000, 2834:01:41
2922,  AzkSTQoDuw9RF4FsUoWN, 1558297271000, 1567798976000, 9501705000, 2639:21:45
2923,  pNqmFlXKtkZtIOWGe766, 1558296981000, 1569572936000, 11275955000, 3132:12:35
2924,  Lk3QRFA6PteLGCE7tMt0, 1558288494000, 1564100635000, 5812141000, 1614:29:01
2925,  CLUx4WZqhrSRVnghOxY6, 1558269717000, 1568040489000, 9770772000, 2714:06:12
2926,  Ul9PsMX38tM921BbbUeu, 1558252524000, 1575246479000, 16993955000, 4720:32:35
2927,  JszxlBkS4je19v3ygzZB, 1558240171000, 1576812710000, 18572539000, 5159:02:19
2928,  d5vK9Z3rOTYNdnIP4N1Z, 1558238230000, 1575458366000, 17220136000, 4783:22:16
2929,  mENEt3Qwmv1uLjReHKJh, 1558232062000, 1565253706000, 7021644000, 1950:27:24
2930,  xRHpTipNUMD8rCny55hd, 1558224670000, 1571918530000, 13693860000, 3803:51:00
2931,  10Yjm7HvPnvrlUXyax9K, 1558215331000, 1571327157000, 13111826000, 3642:10:26
2932,  Xh64KoXZxBamc3d0nEoH, 1558213346000, 1560826892000, 2613546000, 725:59:06
2933,  SS0Y8cvFY8DozH78gzsW, 1558201300000, 1568483491000, 10282191000, 2856:09:51
2934,  PAOnuCQuo6DVzb3TMMOC, 1558191731000, 1560443179000, 2251448000, 625:24:08
2935,  8MSkSpV2EDf9L0MMob3x, 1558189413000, 1562161884000, 3972471000, 1103:27:51
2936,  juwrTwgtU3Y8nPKcl1na, 1558187079000, 1572162105000, 13975026000, 3881:57:06
2937,  u43GInlAWZ5yTl7VF7cW, 1558174889000, 1560160150000, 1985261000, 551:27:41
2938,  Y0nxGv4rO13H9kDDb90J, 1558163303000, 1574751550000, 16588247000, 4607:50:47
2939,  8B8lAbs47APt6L895kqz, 1558151848000, 1558677733000, 525885000, 146:04:45
2940,  HOlJ361AGyNbsrvB94uD, 1558151137000, 1571147235000, 12996098000, 3610:01:38
2941,  BWlPTUiSAgN2n3PyBXuS, 1558149262000, 1569625433000, 11476171000, 3187:49:31
2942,  jSH7CxIXAD1dRYyTzs1d, 1558140334000, 1563410492000, 5270158000, 1463:55:58
2943,  DdGwyNSqHlduJeAWLNnU, 1558136746000, 1560472735000, 2335989000, 648:53:09
2944,  hh4SvJefWPdnrarHH2As, 1558132241000, 1576716846000, 18584605000, 5162:23:25
2945,  AUeIvoogkEouZH8GdEUs, 1558130606000, 1570695933000, 12565327000, 3490:22:07
2946,  HMjZf4H9Z6gjE5nbSa6u, 1558119781000, 1574640968000, 16521187000, 4589:13:07
2947,  GgvFFEqOvCKFm5XSCqcZ, 1558115041000, 1575798940000, 17683899000, 4912:11:39
2948,  OA0CpIXkKAAvUJM7kZax, 1558113675000, 1575856919000, 17743244000, 4928:40:44
2949,  fkjf4MdvkZRC5ObORVam, 1558110696000, 1576073611000, 17962915000, 4989:41:55
2950,  Ad4ZQBEneTxlOJxSCCzd, 1558102849000, 1575462595000, 17359746000, 4822:09:06
2951,  vi5TrTP8tcpwHRpTfzwh, 1558100485000, 1567770329000, 9669844000, 2686:04:04
2952,  UZSWdXRI78IVufhMK7Dl, 1558098824000, 1565112059000, 7013235000, 1948:07:15
2953,  1gZ7qtKC74YgY5uTipQQ, 1558097940000, 1575518844000, 17420904000, 4839:08:24
2954,  P4BE9p0klC3teWvFXmTi, 1558096020000, 1565739153000, 7643133000, 2123:05:33
2955,  UcKFV43D9KrYkHf85zjo, 1558084630000, 1571274769000, 13190139000, 3663:55:39
2956,  BXw2bIhYVXL4ftDneLWS, 1558073962000, 1562483388000, 4409426000, 1224:50:26
2957,  f8wV2i8GqWh6RJZdv9FJ, 1558067933000, 1575863668000, 17795735000, 4943:15:35
2958,  9K8CBt9orlBF2N6ZCoX6, 1558066130000, 1576841882000, 18775752000, 5215:29:12
2959,  IwLZspevBkWCu9gUkopK, 1558064047000, 1560958405000, 2894358000, 803:59:18
2960,  kApznQzpTEPSvSftOInJ, 1558061796000, 1568936096000, 10874300000, 3020:38:20
2961,  XSjwKSSY5mWzMyxKweEh, 1558060911000, 1566507529000, 8446618000, 2346:16:58
2962,  vIginlKd9Ol2Uitf3Qp8, 1558058100000, 1559872253000, 1814153000, 503:55:53
2963,  pnNqk5fhHnog87AqfUaf, 1558049600000, 1564958243000, 6908643000, 1919:04:03
2964,  VTtWiXRGCvbwAuawixoe, 1558049428000, 1571052065000, 13002637000, 3611:50:37
2965,  WIevV2G66FFV8juUKcjf, 1558038282000, 1573503534000, 15465252000, 4295:54:12
2966,  HyX6xHwFvIe8sBGpDP9r, 1558024531000, 1571132480000, 13107949000, 3641:05:49
2967,  I3WwkkTSYbyqrASVj0fW, 1558019518000, 1564840204000, 6820686000, 1894:38:06
2968,  2k3CooMHBCxlvt7uQF63, 1557973540000, 1563693906000, 5720366000, 1588:59:26
2969,  1nIBltzAn4koQNbCpoDk, 1557968092000, 1561602717000, 3634625000, 1009:37:05
2970,  F5fZtK0yt55QsvsgjncE, 1557967569000, 1569684392000, 11716823000, 3254:40:23
2971,  5lslHOu3dODayVWn9S0e, 1557964838000, 1567730854000, 9766016000, 2712:46:56
2972,  J6MSVNybQSRXW2hCKtMP, 1557963216000, 1564599403000, 6636187000, 1843:23:07
2973,  4IChrDePyEJTO5V4PPGz, 1557960934000, 1568349693000, 10388759000, 2885:45:59
2974,  BXntxGkYQjJtAmhsafBy, 1557953423000, 1565738079000, 7784656000, 2162:24:16
2975,  0ZYpipzwkI9bN8WXUtF6, 1557942819000, 1561539750000, 3596931000, 999:08:51
2976,  jhWGSsHGZKcnW8ArFEjm, 1557935723000, 1574481559000, 16545836000, 4596:03:56
2977,  kNMyk2srMpGdt3oDt3Mn, 1557933529000, 1574277083000, 16343554000, 4539:52:34
2978,  RiIacbnDPx8gglH1vStj, 1557932769000, 1562917131000, 4984362000, 1384:32:42
2979,  19JesiR0segPo3IeeGQb, 1557931738000, 1565058270000, 7126532000, 1979:35:32
2980,  zzRDRGGK9XEud0v7HkhA, 1557923289000, 1576978735000, 19055446000, 5293:10:46
2981,  TQTO6QuuWshanESlkhoX, 1557908669000, 1570970645000, 13061976000, 3628:19:36
2982,  FuEwCkud5Bxez4ZVoC8D, 1557886076000, 1570712957000, 12826881000, 3563:01:21
2983,  cHV67HSZ1ozvg7rea5WD, 1557866787000, 1561657574000, 3790787000, 1052:59:47
2984,  KgA1MeoI4NsV2ZtpTpWu, 1557852308000, 1569299452000, 11447144000, 3179:45:44
2985,  OEgYzjMmUEHedRIxU5d5, 1557851033000, 1565183708000, 7332675000, 2036:51:15
2986,  pfPQrItxILG61dFrIp0P, 1557839579000, 1572410873000, 14571294000, 4047:34:54
2987,  IBtGIhJLBzMr9jiZa4rj, 1557827967000, 1564461641000, 6633674000, 1842:41:14
2988,  eS5UfsfUl02jET9dBveq, 1557817648000, 1572642398000, 14824750000, 4117:59:10
2989,  b1VykCaXOt7mFaj4nukI, 1557816903000, 1573077646000, 15260743000, 4239:05:43
2990,  5nlq2s16I5n6vxMl3kYK, 1557800537000, 1559391590000, 1591053000, 441:57:33
2991,  7IwZr9uZ5c9vS0ntlFqy, 1557799899000, 1558609977000, 810078000, 225:01:18
2992,  Vh9YCWkddEkeMXRwbgzg, 1557798957000, 1559244698000, 1445741000, 401:35:41
2993,  bKcDH41m13YQio967MUE, 1557784496000, 1576851804000, 19067308000, 5296:28:28
2994,  QI836bVhVIalHZ7QWIlK, 1557783605000, 1567710453000, 9926848000, 2757:27:28
2995,  K5oUTuBZVRx4ICRbIyWL, 1557781325000, 1568783742000, 11002417000, 3056:13:37
2996,  qZyLakWjbK7HL5XP9wAb, 1557778908000, 1569529787000, 11750879000, 3264:07:59
2997,  wYdiLCGfBblPta2bH9oN, 1557775677000, 1572203896000, 14428219000, 4007:50:19
2998,  Zq4lPnlRap0EnAVTEUU8, 1557771019000, 1562057035000, 4286016000, 1190:33:36
2999,  csrDpNUKwsu3YdWYR74I, 1557770637000, 1568448637000, 10678000000, 2966:06:40
3000,  A1BC6V5DcZ8MY4MQXAT2, 1557770042000, 1566984452000, 9214410000, 2559:33:30
3001,  xEI6HatBF2qZPfIkBq8x, 1557765874000, 1558629608000, 863734000, 239:55:34
3002,  3C0IBwAeXEamgzpwaivK, 1557763581000, 1572694944000, 14931363000, 4147:36:03
3003,  ovyGnD44OFnXNaGPPXce, 1557755073000, 1570267122000, 12512049000, 3475:34:09
3004,  NPN59QU4vMna79ZRif5k, 1557752441000, 1572946534000, 15194093000, 4220:34:53
3005,  dWUadRw6M8tkfVYfFRrE, 1557740242000, 1575732260000, 17992018000, 4997:46:58
3006,  51mg7nia3J2hoXGR31hO, 1557732958000, 1574953326000, 17220368000, 4783:26:08
3007,  nEJtc8EZedt0EhsUat4r, 1557731760000, 1568121954000, 10390194000, 2886:09:54
3008,  enf5zfFC5BbOmwSZJjcI, 1557727801000, 1561671739000, 3943938000, 1095:32:18
3009,  MriWcJGg5i0KY6cjZjXs, 1557705960000, 1570282561000, 12576601000, 3493:30:01
3010,  GrlH04I8KBjYWiJ7EAPb, 1557684227000, 1561661063000, 3976836000, 1104:40:36
3011,  pfeUa8bqyP0pmjL7ORhq, 1557674276000, 1576374644000, 18700368000, 5194:32:48
3012,  Vwo26KuTOlWR6DuompyG, 1557672660000, 1565014118000, 7341458000, 2039:17:38
3013,  rmnW0QcaD8uNOTd75uW1, 1557667214000, 1576913171000, 19245957000, 5346:05:57
3014,  qm4p7CqyzBmHe8sTqRpz, 1557652529000, 1574735745000, 17083216000, 4745:20:16
3015,  DWPL0duk08eoUIty3iDA, 1557651910000, 1568574623000, 10922713000, 3034:05:13
3016,  FWM8kqw311m5SxfT7YdJ, 1557643818000, 1574160488000, 16516670000, 4587:57:50
3017,  lXamrTQPHGcRKmw92ImE, 1557641273000, 1557830885000, 189612000, 52:40:12
3018,  65CS1RdLthe2VnGyRNBz, 1557640156000, 1575811439000, 18171283000, 5047:34:43
3019,  8EhDpXYYzCtGmvrmbNnA, 1557638101000, 1564738694000, 7100593000, 1972:23:13
3020,  9bKY7hyuwYkISivyeGZp, 1557627454000, 1559726425000, 2098971000, 583:02:51
3021,  lcYIU0nJ0pFv3WTXN0Zb, 1557625183000, 1570650316000, 13025133000, 3618:05:33
3022,  cSckQXlWcUZ7VsaaSoRK, 1557619212000, 1565128388000, 7509176000, 2085:52:56
3023,  rYl4pqKHsiYFWPi1v1EK, 1557617112000, 1575080934000, 17463822000, 4851:03:42
3024,  SmuY7wOIURCf3ySdkwuS, 1557614452000, 1558962920000, 1348468000, 374:34:28
3025,  pkje57EyjmzoS010boVX, 1557614419000, 1574475970000, 16861551000, 4683:45:51
3026,  X8g1kuzUQErTD5HR4w1Z, 1557605293000, 1559237233000, 1631940000, 453:19:00
3027,  2O7yl6VLXRWUiicatkVc, 1557594023000, 1563517209000, 5923186000, 1645:19:46
3028,  9lL7acv5FDpXcjFVIZV8, 1557588829000, 1569422659000, 11833830000, 3287:10:30
3029,  KSDLyyWV6dbxDf6nvzIN, 1557566563000, 1560608429000, 3041866000, 844:57:46
3030,  HYovm8xJUqNtfJ8KIgPp, 1557564835000, 1566663998000, 9099163000, 2527:32:43
3031,  UNdgmRGi9fXG3mNgXo4X, 1557548209000, 1558216289000, 668080000, 185:34:40
3032,  FBvblqqVvSg4K00ifjMb, 1557543394000, 1571608133000, 14064739000, 3906:52:19
3033,  yGTqxMi2b8MH8vBOVppo, 1557542453000, 1561603982000, 4061529000, 1128:12:09
3034,  U6i6m9wXSDlM9Cv1svVP, 1557537334000, 1571001875000, 13464541000, 3740:09:01
3035,  A8tfnZDR0dP2eACNo8gG, 1557532856000, 1571877341000, 14344485000, 3984:34:45
3036,  LuaOPexb3Us7oCzSxMm5, 1557526644000, 1562483414000, 4956770000, 1376:52:50
3037,  iiO8cDBMF87XjVMjvQQB, 1557522009000, 1571014665000, 13492656000, 3747:57:36
3038,  xlC30lEmBV6cKF9zdEnL, 1557521253000, 1557749739000, 228486000, 63:28:06
3039,  UQwcimb9fCJuvohYTODr, 1557518642000, 1566534671000, 9016029000, 2504:27:09
3040,  Yuinul1oaWVlVcAt2r1a, 1557516941000, 1567758609000, 10241668000, 2844:54:28
3041,  59FFZl81tD4jSSCANL2S, 1557516135000, 1568351035000, 10834900000, 3009:41:40
3042,  r00445YgVvvuGRgu39C3, 1557500213000, 1562931317000, 5431104000, 1508:38:24
3043,  HvIh4E0mUk0hixjHlVqV, 1557492348000, 1574051588000, 16559240000, 4599:47:20
3044,  RRfoDLJjz8HN86s4QYCl, 1557492268000, 1559768345000, 2276077000, 632:14:37
3045,  CW38zWTogpFMiAEXlnux, 1557488739000, 1572474719000, 14985980000, 4162:46:20
3046,  tqkSHfRaBdPOb2lWbnew, 1557484001000, 1570815065000, 13331064000, 3703:04:24
3047,  4dJxatatNK05nKIg5wxv, 1557474983000, 1569047499000, 11572516000, 3214:35:16
3048,  Xu4yEAAkM0eXF70qDHFP, 1557470151000, 1576672392000, 19202241000, 5333:57:21
3049,  tFFV96uDmKPB9JaNw84q, 1557449524000, 1560473668000, 3024144000, 840:02:24
3050,  fx9xw9U33ExXkvvtZrBq, 1557439527000, 1577650138000, 20210611000, 5614:03:31
3051,  TVMqK2D1RCrDDHILSfaI, 1557438144000, 1559925241000, 2487097000, 690:51:37
3052,  HG9GLzqZ4M0Wd4qHgjoK, 1557433302000, 1577265317000, 19832015000, 5508:53:35
3053,  1Lrm9atqUnSWjEYJUN3A, 1557421893000, 1566107500000, 8685607000, 2412:40:07
3054,  Cq01BLXgau50V3IL3BUk, 1557414969000, 1559492981000, 2078012000, 577:13:32
3055,  wHa07QLWKUX4agWAEe4W, 1557408513000, 1568344229000, 10935716000, 3037:41:56
3056,  4OhgOpj02skqal8m3Ix9, 1557399198000, 1570655287000, 13256089000, 3682:14:49
3057,  bEPgwB2PxDbtHcSGBOYL, 1557398099000, 1574174245000, 16776146000, 4660:02:26
3058,  55ciO4TmjpHuxMxPHo6l, 1557390666000, 1573249493000, 15858827000, 4405:13:47
3059,  jGdRcKcStSrxwFN7vCcz, 1557381545000, 1573529158000, 16147613000, 4485:26:53
3060,  7EXuSbSDArIc4YWfaQqU, 1557377465000, 1577329452000, 19951987000, 5542:13:07
3061,  LDV7GBajHKL2UBJaMBy0, 1557372704000, 1565352195000, 7979491000, 2216:31:31
3062,  rOfb1UmDwU7xQaf4BBC9, 1557369185000, 1575498617000, 18129432000, 5035:57:12
3063,  lF9S1DotdK7fwk03S6qQ, 1557365127000, 1569329418000, 11964291000, 3323:24:51
3064,  XKUK0WLwYcdckZ23A6mt, 1557360068000, 1568076649000, 10716581000, 2976:49:41
3065,  BthULfW8ycEISgmaw9wU, 1557358253000, 1565817433000, 8459180000, 2349:46:20
3066,  IabYYWewemF3L0mwWwEt, 1557349344000, 1566985222000, 9635878000, 2676:37:58
3067,  XltyLG5tOtezqBKFeTUm, 1557341148000, 1575658337000, 18317189000, 5088:06:29
3068,  f1leSbcbKlEcsxpGV0eo, 1557340542000, 1568690235000, 11349693000, 3152:41:33
3069,  LIj6vsCk7W6AoR4f1ox2, 1557339224000, 1569368667000, 12029443000, 3341:30:43
3070,  SFpA936HEWSmRLGeAoPe, 1557339130000, 1572557479000, 15218349000, 4227:19:09
3071,  IjmzW7nLgytIYDLbBArC, 1557338384000, 1558419995000, 1081611000, 300:26:51
3072,  4tmV9HBCRVe8oWdAh6SF, 1557315304000, 1565722134000, 8406830000, 2335:13:50
3073,  6gwvsDBVVIwA0qS0j7eO, 1557312191000, 1564647186000, 7334995000, 2037:29:55
3074,  ZvJF3CPck888Vmukro52, 1557311451000, 1561943227000, 4631776000, 1286:36:16
3075,  8Kbf1WFI1mCwvVbZNHZB, 1557297018000, 1564350890000, 7053872000, 1959:24:32
3076,  zUr4tdCraldWplv7OHje, 1557281439000, 1564124018000, 6842579000, 1900:42:59
3077,  mmK68d0T0eAmL6LHQsX4, 1557271258000, 1576060816000, 18789558000, 5219:19:18
3078,  9k9ODvmaQ1O40YmWRC9D, 1557266526000, 1563647213000, 6380687000, 1772:24:47
3079,  91bh6ixW1L11yEcXg4Wp, 1557250592000, 1566455981000, 9205389000, 2557:03:09
3080,  iP5joce1OIBsiaDD7kkD, 1557250468000, 1573031151000, 15780683000, 4383:31:23
3081,  UdkBaDsRjPefwiYDR04t, 1557245874000, 1576758901000, 19513027000, 5420:17:07
3082,  bOZb0KNDVjGxN0CcI1hb, 1557241228000, 1572958790000, 15717562000, 4365:59:22
3083,  OvzOBZFKAUGv0D4ZYM2r, 1557236630000, 1567471089000, 10234459000, 2842:54:19
3084,  wVcD8f4nSDE0FZ7Tzz51, 1557231074000, 1576854481000, 19623407000, 5450:56:47
3085,  jwPI7aGfCSa2x3qtppNg, 1557195491000, 1564343958000, 7148467000, 1985:41:07
3086,  aS96G9ivYtbLqUuYMpAN, 1557191231000, 1560349034000, 3157803000, 877:10:03
3087,  03EpcbRAhuaNw3Aj6K1A, 1557185975000, 1563075042000, 5889067000, 1635:51:07
3088,  pX4LrU1tKOPJ2AclxzCW, 1557169936000, 1575848824000, 18678888000, 5188:34:48
3089,  20WrNv3MaQ0sm4HHsRWt, 1557147265000, 1562048452000, 4901187000, 1361:26:27
3090,  b0sK0W0QXbxjC7L5oYHK, 1557145612000, 1565271892000, 8126280000, 2257:18:00
3091,  Vq2ryRegLaMZiUTORHQI, 1557140267000, 1572012966000, 14872699000, 4131:18:19
3092,  5JI4b65BsxlOsVO1dsoq, 1557133141000, 1559895362000, 2762221000, 767:17:01
3093,  QRb0GW5BZvYXWFJsBNkJ, 1557120871000, 1569527088000, 12406217000, 3446:10:17
3094,  hM76dDdK1uzAHCpZ8pXm, 1557108487000, 1561269439000, 4160952000, 1155:49:12
3095,  cNypP8Srd4E9GsUqGeY6, 1557102488000, 1560179778000, 3077290000, 854:48:10
3096,  eN33Gpib7YWrSCEVKRH7, 1557101622000, 1562364469000, 5262847000, 1461:54:07
3097,  KpDye94LC9AGFEZSvBu4, 1557099091000, 1560539024000, 3439933000, 955:32:13
3098,  Xb2y3gt8p8Z7UT1sMn96, 1557086854000, 1572235290000, 15148436000, 4207:53:56
3099,  bpwL2bSY9fxHtBAfGFJj, 1557073277000, 1560263250000, 3189973000, 886:06:13
3100,  ZmtCCBXYQYRAUn1OcN4f, 1557070143000, 1557727222000, 657079000, 182:31:19
3101,  wBPE0RmkrEpYc7DB2ElP, 1557065883000, 1563292019000, 6226136000, 1729:28:56
3102,  SrvWFp7QOHETTS7cYFZq, 1557049271000, 1558129310000, 1080039000, 300:00:39
3103,  WIyo5mULDaYQqBu6XyJQ, 1557045651000, 1562380275000, 5334624000, 1481:50:24
3104,  2EgOGjIvVEv9YX5JDdoR, 1557042633000, 1575297291000, 18254658000, 5070:44:18
3105,  qMHnOJ0AWOPAmEHO0NSm, 1557040006000, 1568801649000, 11761643000, 3267:07:23
3106,  cqPinnIaUBz70IbduGPW, 1557039101000, 1571842501000, 14803400000, 4112:03:20
3107,  t03VituwXPyv1cKav12Z, 1557029980000, 1572607608000, 15577628000, 4327:07:08
3108,  XNZrgGpFWRmUOCUvv3ex, 1557017588000, 1577628784000, 20611196000, 5725:19:56
3109,  xOgHNtcvMLQndfcjWxJb, 1557001932000, 1562014404000, 5012472000, 1392:21:12
3110,  MATTAt0G7B5jGBxFyLB4, 1556996921000, 1577008021000, 20011100000, 5558:38:20
3111,  A1DwkfPTOC1B0NblrElB, 1556994505000, 1564994163000, 7999658000, 2222:07:38
3112,  04ZSUPbqPIg7zVH4x4WT, 1556986784000, 1560574198000, 3587414000, 996:30:14
3113,  dSeZFnlty2YZP6t2chp0, 1556984660000, 1573217155000, 16232495000, 4509:01:35
3114,  ElHUgFcah9V9hCUEmhDp, 1556975746000, 1558292234000, 1316488000, 365:41:28
3115,  woC6fGA4c3X1NrXn7zml, 1556967983000, 1562539783000, 5571800000, 1547:43:20
3116,  UeSm38gBGoGGOB24Nh0m, 1556965925000, 1564172291000, 7206366000, 2001:46:06
3117,  5b8TNAc2E6wZUVfP3nt1, 1556964197000, 1572446486000, 15482289000, 4300:38:09
3118,  C0sF5gyaRGWlLhUMXSgY, 1556942803000, 1572693380000, 15750577000, 4375:09:37
3119,  8yMNL0GJu8dI9x7RjjUY, 1556940807000, 1559865837000, 2925030000, 812:30:30
3120,  cZQ9S0uPFWraw05Slk9m, 1556928709000, 1566413588000, 9484879000, 2634:41:19
3121,  sykJToE96wuYWfgRtCD9, 1556928406000, 1566316912000, 9388506000, 2607:55:06
3122,  eZehgYOncP8GefKsCucn, 1556925360000, 1566997231000, 10071871000, 2797:44:31
3123,  RtrAvJ1aDcAabewH51xM, 1556923498000, 1569757938000, 12834440000, 3565:07:20
3124,  BzU0d7NIGipMvpcRaKPt, 1556915165000, 1568329003000, 11413838000, 3170:30:38
3125,  7n6HGGsJ5Hh8GkLTG4ut, 1556915134000, 1568317617000, 11402483000, 3167:21:23
3126,  aClh2j4vpbf3KgScG0Dm, 1556914915000, 1565599680000, 8684765000, 2412:26:05
3127,  erW6Zhr2BZyIpkTejEXN, 1556909528000, 1562425152000, 5515624000, 1532:07:04
3128,  kNQQy25cNGiZuSTnSJ8t, 1556906257000, 1560568872000, 3662615000, 1017:23:35
3129,  1aAwonr5vaPHSmr2Np5G, 1556905278000, 1561049974000, 4144696000, 1151:18:16
3130,  RoaCWkuIPPMbx7H7kLyS, 1556904338000, 1560336863000, 3432525000, 953:28:45
3131,  L8cuLPgiRD0j1WgRjWrp, 1556902870000, 1569934763000, 13031893000, 3619:58:13
3132,  MlFsWMedVrsis4H4Wpll, 1556900797000, 1557568934000, 668137000, 185:35:37
3133,  QPDWxglyBxiexHUuBLvG, 1556896231000, 1575200417000, 18304186000, 5084:29:46
3134,  IXI5JRg3gAxOgXSl2TXs, 1556893107000, 1575080209000, 18187102000, 5051:58:22
3135,  9EcxXYCKpcIBvd0eplNU, 1556889170000, 1575798346000, 18909176000, 5252:32:56
3136,  yg3Xuau7AbRaC3AFF29b, 1556880465000, 1567299451000, 10418986000, 2894:09:46
3137,  S4KoBwsgFkor71vLtsIL, 1556877116000, 1565537440000, 8660324000, 2405:38:44
3138,  hJeTKJeW6YedxNzSgg6Q, 1556867645000, 1568458993000, 11591348000, 3219:49:08
3139,  vJa1n8sSOzHAi8QMFFE4, 1556865389000, 1577169101000, 20303712000, 5639:55:12
3140,  eUzUkx4HR6khBpSzmM23, 1556864528000, 1568501182000, 11636654000, 3232:24:14
3141,  avFW2UN2LnsZdhXqHae7, 1556864026000, 1577124612000, 20260586000, 5627:56:26
3142,  ro6X0kIyB69zrqdemAMU, 1556857488000, 1569187621000, 12330133000, 3425:02:13
3143,  YjLu0asVxyAfJWhmF4ZK, 1556854205000, 1557569236000, 715031000, 198:37:11
3144,  ZaQf3fYYRpy8hQ7mB5ho, 1556847958000, 1569791060000, 12943102000, 3595:18:22
3145,  qN7KwK8PGwT9TNOCsW0p, 1556839972000, 1565526968000, 8686996000, 2413:03:16
3146,  b9Vh7evpq6aAFbMMR8mT, 1556831864000, 1557048591000, 216727000, 60:12:07
3147,  MMS0zlSQ8ojwSqS2dIhF, 1556825282000, 1562558065000, 5732783000, 1592:26:23
3148,  9SKck7O3WNA7su3uwNK5, 1556818884000, 1568335999000, 11517115000, 3199:11:55
3149,  eLKx8mJ3dLWSxT8DSnsj, 1556806051000, 1558000876000, 1194825000, 331:53:45
3150,  W5t8s6ngkayRavY447Dy, 1556798481000, 1567719246000, 10920765000, 3033:32:45
3151,  IZ9wFpBxiMqcUMjfwTut, 1556797453000, 1557585816000, 788363000, 218:59:23
3152,  Z3qkEmm63FGA7PR9Cumi, 1556793570000, 1571465749000, 14672179000, 4075:36:19
3153,  lZuOVeKa9mLgRYc1HHyr, 1556774815000, 1571531391000, 14756576000, 4099:02:56
3154,  DEJQjJrIR4oD132lGBJh, 1556773937000, 1562688278000, 5914341000, 1642:52:21
3155,  HYuRMuBwRkmorBP6NuCG, 1556772373000, 1574725105000, 17952732000, 4986:52:12
3156,  VJOSSMt4GwIIgq5qDRL6, 1556744022000, 1561125890000, 4381868000, 1217:11:08
3157,  CTuepsR94u74dbt8yC8w, 1556720926000, 1560226511000, 3505585000, 973:46:25
3158,  kkQVjYHce7rAhwvx1QKi, 1556719878000, 1558057923000, 1338045000, 371:40:45
3159,  OVM089pqIqbdbvKCrPM4, 1556719228000, 1558725160000, 2005932000, 557:12:12
3160,  kHU8wvdIV3FIPxXPi2go, 1556709720000, 1570127081000, 13417361000, 3727:02:41
3161,  0tg1fH82Sj7nVOC3KLCD, 1556708570000, 1569258243000, 12549673000, 3486:01:13
3162,  SFNnQFbqfqYt7nkuL4g5, 1556703868000, 1562838919000, 6135051000, 1704:10:51
3163,  SrSGSunPdCjDQuBybBG5, 1556694616000, 1569348312000, 12653696000, 3514:54:56
3164,  107Jvbhdab58pz5JPIS2, 1556686195000, 1560056639000, 3370444000, 936:14:04
3165,  05GqmSAsrnECiVnoI44c, 1556679726000, 1571803359000, 15123633000, 4201:00:33
3166,  Qsu1M4aDaA50GjEhTwkf, 1556665126000, 1557871873000, 1206747000, 335:12:27
3167,  f7ujQ0ym11S1LCRU7f31, 1556664583000, 1562317602000, 5653019000, 1570:16:59
3168,  BBwbCnnuGfxccEM4OZC1, 1556661314000, 1564703828000, 8042514000, 2234:01:54
3169,  N7sdCgQflw3nOypRS72r, 1556650865000, 1560107116000, 3456251000, 960:04:11
3170,  jqnPCAQuPcoSbS9UUr6f, 1556645161000, 1572208037000, 15562876000, 4323:01:16
3171,  do0yvVQ8gemolOq7J5NO, 1556643017000, 1572557674000, 15914657000, 4420:44:17
3172,  QvpBSjUw6b5zhjknHc2U, 1556636475000, 1559963684000, 3327209000, 924:13:29
3173,  nPiX3EI64IKetc1wI2iX, 1556630870000, 1568073376000, 11442506000, 3178:28:26
3174,  ZN2oUwwYhaLtTTk7qwQj, 1556625101000, 1568999410000, 12374309000, 3437:18:29
3175,  sMLi67OyG6scf8KMixD0, 1556624511000, 1560698634000, 4074123000, 1131:42:03
3176,  KEmwVO1WFAJsUwmNR9zi, 1556620691000, 1577064280000, 20443589000, 5678:46:29
3177,  NEJnUqDrFG9hMEyZELzH, 1556612818000, 1561294465000, 4681647000, 1300:27:27
3178,  DhkoDrqOFGTFMBMMJwTc, 1556606686000, 1565650142000, 9043456000, 2512:04:16
3179,  LCTHiuKK65eoZN1m6NJQ, 1556604599000, 1562942342000, 6337743000, 1760:29:03
3180,  L8ltLq0rbcGY00Q5FQN5, 1556603126000, 1562721952000, 6118826000, 1699:40:26
3181,  iWJOtOOTOcdqC0TGiPGz, 1556602895000, 1574213519000, 17610624000, 4891:50:24
3182,  yAqV6yyGoJQChcZet1L2, 1556594435000, 1569304284000, 12709849000, 3530:30:49
3183,  5vvRU9YecW8Ckjxoe3xN, 1556590904000, 1563556247000, 6965343000, 1934:49:03
3184,  03SMYLkyod7E6rptGXPI, 1556585260000, 1575349768000, 18764508000, 5212:21:48
3185,  oQjIjzJYrSVSCBomI0Xz, 1556579754000, 1574299757000, 17720003000, 4922:13:23
3186,  YmNk3CQ6uTXr3JOrc41r, 1556576135000, 1570789523000, 14213388000, 3948:09:48
3187,  XPZOdScRT1TPWRX62FSt, 1556559931000, 1570054767000, 13494836000, 3748:33:56
3188,  dsvhf5nLxgI2awzVbhpM, 1556553751000, 1564112123000, 7558372000, 2099:32:52
3189,  ZBLPOxRS4g8FuMC38nnd, 1556552403000, 1567262568000, 10710165000, 2975:02:45
3190,  jdfhCvrd6ZfMStildpxE, 1556551771000, 1566702535000, 10150764000, 2819:39:24
3191,  0ItRK3mbB8LkALiTUKy3, 1556530742000, 1565506982000, 8976240000, 2493:24:00
3192,  U6uWxRvIVeFimdgCuzph, 1556510812000, 1559892136000, 3381324000, 939:15:24
3193,  yf1J1W7a6MfsHlUREK1p, 1556506268000, 1563790003000, 7283735000, 2023:15:35
3194,  6yYme0o7zfc9FEesTG1Q, 1556493930000, 1570437571000, 13943641000, 3873:14:01
3195,  lxKnNraRvdPffphYzXpL, 1556492737000, 1566458895000, 9966158000, 2768:22:38
3196,  SnyywglGxQL8Lpm2iKut, 1556487590000, 1569950066000, 13462476000, 3739:34:36
3197,  DH7ZNiYP7RVosJKuJ2Zv, 1556487500000, 1557953166000, 1465666000, 407:07:46
3198,  4fa5xCxgvuA2yuvw3bFB, 1556471563000, 1568093707000, 11622144000, 3228:22:24
3199,  81sOR3rYlTSs8EjpLpeF, 1556456816000, 1558234410000, 1777594000, 493:46:34
3200,  iC3W5EFzoq7xt1cYw7bI, 1556452401000, 1562886207000, 6433806000, 1787:10:06
3201,  yZriJYfHBRMgylvf23xJ, 1556444758000, 1557280977000, 836219000, 232:16:59
3202,  87VzxOTFeREfxN7x8TjE, 1556437846000, 1568263751000, 11825905000, 3284:58:25
3203,  p02PU0qxuoCHwz6w104M, 1556437289000, 1565991714000, 9554425000, 2654:00:25
3204,  eOUaUqhyam6VCXkoU0CA, 1556430266000, 1562519602000, 6089336000, 1691:28:56
3205,  quvYUkjBAvLPPxnmEORz, 1556421739000, 1576802342000, 20380603000, 5661:16:43
3206,  OxmdQELCgFzS2atjusV9, 1556420964000, 1574844144000, 18423180000, 5117:33:00
3207,  fjnEXL71KdhxBEpwJ9ds, 1556412573000, 1559723876000, 3311303000, 919:48:23
3208,  4GjSnjzIY9ePiXv8n4Yz, 1556400124000, 1563690243000, 7290119000, 2025:01:59
3209,  7itAlTzJJ9S0BJuQuCgi, 1556400118000, 1575175636000, 18775518000, 5215:25:18
3210,  vL7y6fXiyCHDIt69rtFj, 1556398955000, 1576617985000, 20219030000, 5616:23:50
3211,  3xmRSkpY3wHvpaiFMqpb, 1556379392000, 1573493347000, 17113955000, 4753:52:35
3212,  6nYynyIFCTAM5Pp5jKvK, 1556376462000, 1563571078000, 7194616000, 1998:30:16
3213,  uN20ZDCmCNUL3UvIiL1q, 1556356840000, 1562062030000, 5705190000, 1584:46:30
3214,  ggRvsIkERUUSNiMXoEfa, 1556345621000, 1566744664000, 10399043000, 2888:37:23
3215,  R0A7I89KPr8KHSYRYquv, 1556341199000, 1571971993000, 15630794000, 4341:53:14
3216,  5dd9HUfcBXFU6w5RJlM7, 1556329822000, 1558760889000, 2431067000, 675:17:47
3217,  lyE5UsoMO3BihUzI8Iz2, 1556329379000, 1575494430000, 19165051000, 5323:37:31
3218,  So2YbszmETf8Utf5uM1d, 1556305656000, 1559923072000, 3617416000, 1004:50:16
3219,  gIbjCdpwWWlrjSwTQHDH, 1556296938000, 1568154346000, 11857408000, 3293:43:28
3220,  kPCKdAFIqwOHDYsCsezu, 1556293766000, 1576360555000, 20066789000, 5574:06:29
3221,  VsE8I40RwcpULLmXrHol, 1556288186000, 1563927493000, 7639307000, 2122:01:47
3222,  ACMnjR1ybwiYP8heP3XR, 1556273632000, 1564865304000, 8591672000, 2386:34:32
3223,  spFIlwPcXoNT2JVkPMcw, 1556273119000, 1561153611000, 4880492000, 1355:41:32
3224,  XxMFltqWGBnQ955m8sTw, 1556272443000, 1577553842000, 21281399000, 5911:29:59
3225,  SOhFwcieVsnUCPYcSt8i, 1556255509000, 1565653504000, 9397995000, 2610:33:15
3226,  hsZ8CG0NkxgW2nEt6sWW, 1556246252000, 1569018543000, 12772291000, 3547:51:31
3227,  tXIVcXCqSVEPUsTDGKoL, 1556225415000, 1565896448000, 9671033000, 2686:23:53
3228,  chdhZBWs8IN0XgdOq30j, 1556223398000, 1564710726000, 8487328000, 2357:35:28
3229,  HTyxLvKRR3bHadtOHong, 1556222122000, 1573784325000, 17562203000, 4878:23:23
3230,  QmdgOoC4gWRAo2hFFxae, 1556222035000, 1568838818000, 12616783000, 3504:39:43
3231,  GhvNzKomTxYcZz7Uo3z7, 1556185855000, 1567700472000, 11514617000, 3198:30:17
3232,  43Aou1kdFk75LZd6shpL, 1556182263000, 1559326066000, 3143803000, 873:16:43
3233,  C7BVlzujLt2peDamnPDF, 1556181504000, 1574337186000, 18155682000, 5043:14:42
3234,  dWY8lUB0QAciLxoQAT6z, 1556180315000, 1577724111000, 21543796000, 5984:23:16
3235,  D3CztsgDMHTr2CI6qzCa, 1556175826000, 1574030826000, 17855000000, 4959:43:20
3236,  30rcqZbWKAlsZXOs1SrR, 1556166687000, 1574197059000, 18030372000, 5008:26:12
3237,  Qeng7jlB5s2KE0RL5XAd, 1556160800000, 1563938847000, 7778047000, 2160:34:07
3238,  Ys2brKpR0qOfH16WKktv, 1556156180000, 1568300264000, 12144084000, 3373:21:24
3239,  PnPoJPHA1zmeM5bhrviO, 1556151031000, 1576937929000, 20786898000, 5774:08:18
3240,  S8j2Y0EBTURPF9mEYGaN, 1556140358000, 1574540517000, 18400159000, 5111:09:19
3241,  Ho2N7TepX6RGmznodCjS, 1556117102000, 1565298316000, 9181214000, 2550:20:14
3242,  xr0Yf3B8KyG40DsiHkmk, 1556114998000, 1572998417000, 16883419000, 4689:50:19
3243,  8TGpxBX5c3QvTl39wIot, 1556112909000, 1572652871000, 16539962000, 4594:26:02
3244,  ZjwGHSO3889yGOmCbJkM, 1556103963000, 1564186498000, 8082535000, 2245:08:55
3245,  aLZuRtMqSiogoR0hHUSp, 1556094172000, 1564407682000, 8313510000, 2309:18:30
3246,  AJqBZwI4mqIt918MJA9o, 1556081716000, 1577183431000, 21101715000, 5861:35:15
3247,  SrVnms4vAtfAgz1u9UVa, 1556080386000, 1559716724000, 3636338000, 1010:05:38
3248,  LNHB6FChmfrITVnNwb9g, 1556074649000, 1562598473000, 6523824000, 1812:10:24
3249,  qT53jvk7ZjSpRgPHcjsF, 1556066792000, 1571966051000, 15899259000, 4416:27:39
3250,  OPA4Um6m7Z9VMf5BwqmN, 1556061940000, 1560260957000, 4199017000, 1166:23:37
3251,  xacEE09c6xdHQTlZRxGT, 1556061248000, 1556278087000, 216839000, 60:13:59
3252,  LyqxaNmYRTPg5juqJeR9, 1556060505000, 1574645549000, 18585044000, 5162:30:44
3253,  JkEUy6grt4qvGJehmBmM, 1556058874000, 1563753514000, 7694640000, 2137:24:00
3254,  mozGzfZpZAlGtnNfRMee, 1556055588000, 1564173888000, 8118300000, 2255:05:00
3255,  w6clBJhTP0wbBILfecuo, 1556039036000, 1569702412000, 13663376000, 3795:22:56
3256,  IQ2ulzhOWegNsl8l4DP9, 1556032284000, 1557154749000, 1122465000, 311:47:45
3257,  fyCSBJotWViTYIy0caxy, 1556029741000, 1575917979000, 19888238000, 5524:30:38
3258,  sDYifRXQY67Qjp5TzYai, 1556008556000, 1570889996000, 14881440000, 4133:44:00
3259,  KExqzTcourQIytZct3QN, 1556004567000, 1577332413000, 21327846000, 5924:24:06
3260,  1vY0wfwdRV7ZfZKMsT5s, 1556003467000, 1557048626000, 1045159000, 290:19:19
3261,  Rzz5g4an7lYlYasruNHY, 1555998910000, 1577423667000, 21424757000, 5951:19:17
3262,  SMXykyylSiYNJqK49vHC, 1555998319000, 1570640215000, 14641896000, 4067:11:36
3263,  07XIMLYNlV17UOFkunNb, 1555993220000, 1564463604000, 8470384000, 2352:53:04
3264,  xwYHqmSkbWKMQFx9Vaer, 1555985433000, 1557594576000, 1609143000, 446:59:03
3265,  PfUILTqQrMLwwxVq8yRx, 1555983989000, 1556248026000, 264037000, 73:20:37
3266,  GtOtm0sNmKwaLkXsjSdg, 1555982609000, 1572303056000, 16320447000, 4533:27:27
3267,  ota0ICVqGgie4FbHmubw, 1555970751000, 1568064154000, 12093403000, 3359:16:43
3268,  5NRZRTybupauMGET1CnO, 1555970540000, 1574428632000, 18458092000, 5127:14:52
3269,  v8LXhdfBqbL5DSjhhDBk, 1555968892000, 1576023416000, 20054524000, 5570:42:04
3270,  zpmx4x9hrCS9Yp53TMay, 1555967415000, 1564614137000, 8646722000, 2401:52:02
3271,  4wIVdI446zwamUTdpI6o, 1555966840000, 1561747571000, 5780731000, 1605:45:31
3272,  BSaceoFhE12smL0khoVT, 1555966325000, 1576001972000, 20035647000, 5565:27:27
3273,  zRu7kZpy2thIKs0XAo7Z, 1555965278000, 1562537934000, 6572656000, 1825:44:16
3274,  DgFQFC6oxEFUibfVq2Xh, 1555960293000, 1567871468000, 11911175000, 3308:39:35
3275,  bKesoW7lTWvLIGl5Z3nr, 1555951896000, 1561954939000, 6003043000, 1667:30:43
3276,  nBi3IOpIkSGtDppiZx9U, 1555949218000, 1566505570000, 10556352000, 2932:19:12
3277,  lnRLU9c4s32aBTxQW3YY, 1555942958000, 1576952503000, 21009545000, 5835:59:05
3278,  AVun6WdHk5vQ2a5QHasE, 1555925467000, 1566921036000, 10995569000, 3054:19:29
3279,  29bDhWd3OzK3pf8tgeAE, 1555922733000, 1567472517000, 11549784000, 3208:16:24
3280,  qD7dcYtPspRLOr0eKYpg, 1555921857000, 1574080823000, 18158966000, 5044:09:26
3281,  83iW7D3BfahLoXfBFQie, 1555917648000, 1563814187000, 7896539000, 2193:28:59
3282,  mcx6mMLGeHOGYKD7Drtx, 1555914379000, 1566576773000, 10662394000, 2961:46:34
3283,  YjVpIY9ZYU3L6hGzXHxQ, 1555914123000, 1559543969000, 3629846000, 1008:17:26
3284,  QRYBiPXqqPnK8lQUF897, 1555909647000, 1564421079000, 8511432000, 2364:17:12
3285,  xMVWvUOW97kgW3mQOcpx, 1555907315000, 1562800544000, 6893229000, 1914:47:09
3286,  cfONxJJB3pWXEhkTW2OL, 1555906868000, 1573517717000, 17610849000, 4891:54:09
3287,  zNCAQw81Ljy3mf7GfFvU, 1555874132000, 1559312029000, 3437897000, 954:58:17
3288,  Z0AUxY0NVvdb2wgLoo7Z, 1555872866000, 1563910079000, 8037213000, 2232:33:33
3289,  NvsPI0YTSZOytsMpVNvK, 1555864344000, 1555899573000, 35229000, 09:47:09
3290,  cIDz91zicNy9VagNlOIw, 1555864254000, 1568282515000, 12418261000, 3449:31:01
3291,  UNNE6K6GV3FSlZCqURM5, 1555863964000, 1561076453000, 5212489000, 1447:54:49
3292,  pUiCIPuDmy5s77c01ORv, 1555857606000, 1575608303000, 19750697000, 5486:18:17
3293,  NMNFzjrxl8lUtIgMNEyY, 1555854795000, 1568257549000, 12402754000, 3445:12:34
3294,  vZ61KwuFImYbSNzwCqeP, 1555851468000, 1557474728000, 1623260000, 450:54:20
3295,  NF3WrDckyT0KrjHTidwx, 1555850869000, 1569957390000, 14106521000, 3918:28:41
3296,  ei9QDXjBocV5VQsMs6Mp, 1555846677000, 1572454410000, 16607733000, 4613:15:33
3297,  sppC1EqR5ifh9JgPwPM9, 1555840744000, 1572252448000, 16411704000, 4558:48:24
3298,  TsiqMoDnA48D4hcz2Nds, 1555832499000, 1570230737000, 14398238000, 3999:30:38
3299,  fIw39MshXvlanqnrtPgX, 1555826738000, 1575066322000, 19239584000, 5344:19:44
3300,  PjXSGiQZkndmxZ4BIans, 1555824892000, 1571387272000, 15562380000, 4322:53:00
3301,  4XzsrvfzXyymV94sxnCx, 1555812743000, 1575563746000, 19751003000, 5486:23:23
3302,  C7LgZflymBndvmPU6CwE, 1555807819000, 1566317162000, 10509343000, 2919:15:43
3303,  xtMnmwyt2knfGJaFUVXW, 1555807439000, 1562713595000, 6906156000, 1918:22:36
3304,  eUW52nEOREwS9b5LRuYX, 1555792692000, 1558965343000, 3172651000, 881:17:31
3305,  jVpMueanXBup5CSPPzeL, 1555790201000, 1577094645000, 21304444000, 5917:54:04
3306,  62LZGGMuPjTjvYG3UUss, 1555788530000, 1562560261000, 6771731000, 1881:02:11
3307,  HGxMinQMLQtCBKMug8yA, 1555779164000, 1574996716000, 19217552000, 5338:12:32
3308,  5UUl0PQXR4AKASW4DcuC, 1555775503000, 1568572938000, 12797435000, 3554:50:35
3309,  UxJezCielWFwxXnYahFI, 1555772702000, 1559604154000, 3831452000, 1064:17:32
3310,  podmHLA1EgXEIsOPCdgs, 1555765077000, 1576436514000, 20671437000, 5742:03:57
3311,  GmqKPOYEe2cOrkrGVKv1, 1555750823000, 1567256183000, 11505360000, 3195:56:00
3312,  lDRpS0ZDz3IBExSyE5lT, 1555748593000, 1562635366000, 6886773000, 1912:59:33
3313,  XDQyUZnSSfumAQ2m6iel, 1555745843000, 1574014102000, 18268259000, 5074:30:59
3314,  nAz2TpBMn5bFSXhnpw5c, 1555742942000, 1556467784000, 724842000, 201:20:42
3315,  HByUfipvxnWqeMYp7ZaT, 1555738868000, 1572968019000, 17229151000, 4785:52:31
3316,  UCm8THFhYTop5LFPKc4T, 1555729276000, 1561330024000, 5600748000, 1555:45:48
3317,  M5Jj2b7BMhCKVnzVgdkS, 1555728638000, 1564225104000, 8496466000, 2360:07:46
3318,  j4YevXsjoVh5dAb5L373, 1555717804000, 1556278392000, 560588000, 155:43:08
3319,  xsHC05vG0Ca4YccKSXDX, 1555713605000, 1573039416000, 17325811000, 4812:43:31
3320,  KWnGGKqIJlR0dwFxaJ6S, 1555713272000, 1567937093000, 12223821000, 3395:30:21
3321,  0WBr8Cs3bSB3qxEOkixS, 1555712559000, 1562919819000, 7207260000, 2002:01:00
3322,  EW0l9mv4Pb9h5IwyU3dI, 1555711012000, 1561502510000, 5791498000, 1608:44:58
3323,  Otf3P3SmBQSfDDQXu2Ed, 1555697305000, 1565509652000, 9812347000, 2725:39:07
3324,  ll9uA5HK7I24kNIySVjr, 1555697201000, 1568476476000, 12779275000, 3549:47:55
3325,  IUgZGuD8y8fE0d3J4F3P, 1555682185000, 1572031890000, 16349705000, 4541:35:05
3326,  W356S7PdCrEA9Uy4E4bK, 1555671044000, 1565103929000, 9432885000, 2620:14:45
3327,  aue60UL5OM9ZsX0MzCqa, 1555644381000, 1570242251000, 14597870000, 4054:57:50
3328,  ae97f3JBoLy68CWNQJK1, 1555637520000, 1571071585000, 15434065000, 4287:14:25
3329,  XFVQtw5BNDJq0OtfMZyg, 1555636998000, 1568231388000, 12594390000, 3498:26:30
3330,  e3liAgBITbBJMiQdxAdS, 1555629993000, 1573886176000, 18256183000, 5071:09:43
3331,  VKvUpxOLyTyPvJ3xCI04, 1555622883000, 1565815685000, 10192802000, 2831:20:02
3332,  USGUfW9HwJrOZRaPHPBX, 1555622370000, 1569433826000, 13811456000, 3836:30:56
3333,  OlN2qzwptiGk1EpHGKYH, 1555622052000, 1558410938000, 2788886000, 774:41:26
3334,  cGrWd6hg14w6aQNG4DuM, 1555617313000, 1564229889000, 8612576000, 2392:22:56
3335,  TURbW9N50IPiB70qT7Ci, 1555612565000, 1570702096000, 15089531000, 4191:32:11
3336,  mBOdzT29JNdCcoJEChOu, 1555578467000, 1561588955000, 6010488000, 1669:34:48
3337,  jDWyoretRPO5O5FBPjCQ, 1555574618000, 1558817335000, 3242717000, 900:45:17
3338,  qcBUOGOzHNsqlAL1lXqU, 1555570330000, 1561970320000, 6399990000, 1777:46:30
3339,  unjDzplMwvQcJdHDpaVn, 1555534920000, 1557021034000, 1486114000, 412:48:34
3340,  sCwrwDXA9RB3XZUMjlQs, 1555530719000, 1572580823000, 17050104000, 4736:08:24
3341,  ODSziIgWXGzatHwwP3I3, 1555517505000, 1574131338000, 18613833000, 5170:30:33
3342,  QA2SCsTUkVAOsKuv2nkg, 1555515625000, 1566556945000, 11041320000, 3067:02:00
3343,  sqodV70x2KOazIxRsV9p, 1555514821000, 1555931106000, 416285000, 115:38:05
3344,  j9EEvERyxpNhIhP6CTZS, 1555513930000, 1559430811000, 3916881000, 1088:01:21
3345,  dCaWC6bH64T6tZplEuHJ, 1555512603000, 1568455471000, 12942868000, 3595:14:28
3346,  ub13biZcg88CtttZoRKQ, 1555502855000, 1569549281000, 14046426000, 3901:47:06
3347,  LI3WqpOnJ3ANGapwSzI2, 1555494527000, 1562752891000, 7258364000, 2016:12:44
3348,  jFZzklLOOtdjJgMSRT1Q, 1555494114000, 1572909653000, 17415539000, 4837:38:59
3349,  9ZULxwzDjnDjxS5rJJa2, 1555485576000, 1572973119000, 17487543000, 4857:39:03
3350,  6t8z5pkqYZYhE8HBabOc, 1555480022000, 1569008931000, 13528909000, 3758:01:49
3351,  GtEdQI2IE1WWjShHah1Q, 1555477319000, 1568641969000, 13164650000, 3656:50:50
3352,  BeJjWW5RmVKIZfV5zPgy, 1555473276000, 1571588970000, 16115694000, 4476:34:54
3353,  2S6Ukb1GN7590She0pNU, 1555469979000, 1561762008000, 6292029000, 1747:47:09
3354,  77zg2yYsp1zApDEWLYiB, 1555467351000, 1559261293000, 3793942000, 1053:52:22
3355,  XJQGtx4XFcp3WltTrusk, 1555452484000, 1571206773000, 15754289000, 4376:11:29
3356,  t8ifZMWouDwvFPi1wfpQ, 1555435586000, 1558372333000, 2936747000, 815:45:47
3357,  h5XWHrSi4VSFjHC4HOkc, 1555402186000, 1566310817000, 10908631000, 3030:10:31
3358,  gY83t4ywX0mAhTYOOFsC, 1555393632000, 1558229094000, 2835462000, 787:37:42
3359,  e3AjeOEi7oNno95kCWE0, 1555391801000, 1558530221000, 3138420000, 871:47:00
3360,  1prS5leWM3ONvZgijDls, 1555387001000, 1557841209000, 2454208000, 681:43:28
3361,  8XmbRidPK0vqYZiODgy8, 1555368103000, 1575085905000, 19717802000, 5477:10:02
3362,  3LTuYrJGCSPsWtyoZ5V9, 1555338707000, 1567253807000, 11915100000, 3309:45:00
3363,  t56wofVApGTHSQdj1oZt, 1555325097000, 1560944305000, 5619208000, 1560:53:28
3364,  MU4cu29lj2hwfML62kaX, 1555316797000, 1575436265000, 20119468000, 5588:44:28
3365,  lJRHE5Si9my7hf52jsu3, 1555314910000, 1563985649000, 8670739000, 2408:32:19
3366,  qlbygB6YU9uQESK5mbHZ, 1555313171000, 1566305026000, 10991855000, 3053:17:35
3367,  ozn4zj1h2fomU09KIUgz, 1555309470000, 1576660184000, 21350714000, 5930:45:14
3368,  9PnR72p7LZZYY7MCbE4D, 1555301586000, 1574348050000, 19046464000, 5290:41:04
3369,  7Zkzh5gXeSfmlxuOdICr, 1555294502000, 1569112459000, 13817957000, 3838:19:17
3370,  RIcvWr420lJex3HG1f89, 1555290323000, 1557910865000, 2620542000, 727:55:42
3371,  aADJUe7SI8PQ6YwfK3Xw, 1555286150000, 1558722463000, 3436313000, 954:31:53
3372,  MbgNOEap5BG6W81YQtjX, 1555285054000, 1575379343000, 20094289000, 5581:44:49
3373,  xEnaIWvHOFeQBSFFM8De, 1555276820000, 1560863788000, 5586968000, 1551:56:08
3374,  cXnnGYSEM9G2QanLsiOx, 1555275430000, 1575629967000, 20354537000, 5654:02:17
3375,  wqTtM2qyNaSk8dtajaf1, 1555268392000, 1565556400000, 10288008000, 2857:46:48
3376,  2Ba9UYe5JCpMK3Jdxphi, 1555253730000, 1575090104000, 19836374000, 5510:06:14
3377,  CklUUs28cbxjLtgh1ofV, 1555242073000, 1572151948000, 16909875000, 4697:11:15
3378,  BgkzJSdtWwTNiUdfQvFL, 1555235543000, 1564402259000, 9166716000, 2546:18:36
3379,  ElCiDoR4BCMkfdhjk9cT, 1555235325000, 1555964495000, 729170000, 202:32:50
3380,  bSAMgjNghD5AQ7aIcA6Y, 1555223986000, 1566109290000, 10885304000, 3023:41:44
3381,  DP6NHb9C48UlwzdjrRAj, 1555221034000, 1569089686000, 13868652000, 3852:24:12
3382,  mO94VhPP4dwyiVIAXPLH, 1555206699000, 1562199531000, 6992832000, 1942:27:12
3383,  tqshKsQPFEFEd0q4vubi, 1555193591000, 1557756828000, 2563237000, 712:00:37
3384,  mlpvgAIrN61gh46F53B0, 1555193124000, 1558934587000, 3741463000, 1039:17:43
3385,  Jbz3fejfk0FBEq7fhHNP, 1555182906000, 1571611503000, 16428597000, 4563:29:57
3386,  prexSjWSCGLlik2f1NZm, 1555171159000, 1559073789000, 3902630000, 1084:03:50
3387,  om5J0inAfIUdad4TnBrI, 1555165274000, 1562986802000, 7821528000, 2172:38:48
3388,  31Xx7HaEFnPUgmTjXJBb, 1555150067000, 1576120065000, 20969998000, 5824:59:58
3389,  8dVap9T9zaMt5Ss14mxI, 1555143598000, 1567946907000, 12803309000, 3556:28:29
3390,  p7sa50WwbVacwbtCTHvL, 1555140339000, 1562325430000, 7185091000, 1995:51:31
3391,  Cioxl8Qje8L2THIkCk35, 1555140330000, 1567506239000, 12365909000, 3434:58:29
3392,  B5pHFKKVFEcwMNC3c5Mi, 1555140065000, 1558177770000, 3037705000, 843:48:25
3393,  YFQcD7GzbzeS2jCXwu6f, 1555122902000, 1559776466000, 4653564000, 1292:39:24
3394,  57XGGKNSZrnqeV2BeGXv, 1555122308000, 1558869832000, 3747524000, 1040:58:44
3395,  9xmiaowqScur2lSzHVS7, 1555116033000, 1562304229000, 7188196000, 1996:43:16
3396,  XN91NDC7cqEYKBQ2fuEF, 1555111403000, 1570029853000, 14918450000, 4144:00:50
3397,  eyMfKRNWcUO1rZa83AaG, 1555105733000, 1573458138000, 18352405000, 5097:53:25
3398,  4YVeNB4eHt8DnDUPmfGV, 1555093559000, 1557203118000, 2109559000, 585:59:19
3399,  If6bnpYV4RRjipqQWdu9, 1555092605000, 1556636650000, 1544045000, 428:54:05
3400,  ZSpAoEDrpm9LvJPaFsh4, 1555088991000, 1577347030000, 22258039000, 6182:47:19
3401,  fqzUwtG8PmYqlT2ghcvu, 1555069739000, 1565119712000, 10049973000, 2791:39:33
3402,  y5CelCOlAceXju8TwizN, 1555056471000, 1571344348000, 16287877000, 4524:24:37
3403,  semUvxp0F4oLyM61z5oO, 1555051507000, 1574025112000, 18973605000, 5270:26:45
3404,  gmg6UMF8RGJOdboDjocy, 1555031380000, 1566125206000, 11093826000, 3081:37:06
3405,  AF5wfuqYozZmuYfhrkfi, 1555030823000, 1574683270000, 19652447000, 5459:00:47
3406,  dax3nEP9bNh8jswx1ig2, 1555023029000, 1558980961000, 3957932000, 1099:25:32
3407,  2nxNkHqAtCkdtBqmmplJ, 1555016588000, 1576416559000, 21399971000, 5944:26:11
3408,  dbeLCpK2SO56tQLm24JB, 1555013979000, 1577592117000, 22578138000, 6271:42:18
3409,  61Jnz0e9awPVrttH2KGr, 1555010678000, 1567858649000, 12847971000, 3568:52:51
3410,  L7xdAxkPUNMmwhRKR8Ev, 1555008438000, 1557373537000, 2365099000, 656:58:19
3411,  tLn8rSjk3YtAq0tTH5hx, 1555001426000, 1574123289000, 19121863000, 5311:37:43
3412,  34Os8ni8x6TEFII04zVb, 1554996907000, 1564642974000, 9646067000, 2679:27:47
3413,  USesIJRJc78RD718pCnS, 1554988118000, 1575994872000, 21006754000, 5835:12:34
3414,  CjE0xCxQ6wxcd7G5Ssxm, 1554980314000, 1566622303000, 11641989000, 3233:53:09
3415,  0FATWDkECZhHY35bZfFr, 1554977401000, 1556822605000, 1845204000, 512:33:24
3416,  QRHJHn0zyflVx6F84tav, 1554972765000, 1567513552000, 12540787000, 3483:33:07
3417,  H5ayeswsIE1HcvsmHSuw, 1554967248000, 1560442004000, 5474756000, 1520:45:56
3418,  fEYRVPulLNQegwAQdd86, 1554963207000, 1569298799000, 14335592000, 3982:06:32
3419,  xUrkSEK7xJfn1CkHdhmb, 1554963153000, 1565320852000, 10357699000, 2877:08:19
3420,  w6LnT3GxGS9yNCYyuuFe, 1554956812000, 1573117769000, 18160957000, 5044:42:37
3421,  2dQgdseDph5lecq0SV9r, 1554955731000, 1566647812000, 11692081000, 3247:48:01
3422,  CSZNYVBnXeWdAs6ELArn, 1554954698000, 1560196347000, 5241649000, 1456:00:49
3423,  m58jnkWTZZNuSj2SXMTS, 1554936486000, 1575821966000, 20885480000, 5801:31:20
3424,  m0XMRdjK6T0AKonChG2J, 1554933123000, 1561501074000, 6567951000, 1824:25:51
3425,  PHSuA4cAWW8H6AwKuC0z, 1554927610000, 1558999958000, 4072348000, 1131:12:28
3426,  D53jbc0BSqvWivQmXRR0, 1554919432000, 1565482264000, 10562832000, 2934:07:12
3427,  cGDTGbu7kx0yoB9XpDUP, 1554917762000, 1563840583000, 8922821000, 2478:33:41
3428,  Pp8m8rk9fgYb1zs2gTMt, 1554912234000, 1574339206000, 19426972000, 5396:22:52
3429,  iuJyVqaWqXm1JIgj8zkr, 1554903260000, 1574948943000, 20045683000, 5568:14:43
3430,  Bde9z6IfFH6bSa1dNUaW, 1554898811000, 1576376721000, 21477910000, 5966:05:10
3431,  6elP3LixsLmXimvZa4Vi, 1554884267000, 1563302472000, 8418205000, 2338:23:25
3432,  TZ3vLf6r99XUIXUxi61A, 1554884231000, 1556309511000, 1425280000, 395:54:40
3433,  ERGd9g0XGY9lNJlpSS2G, 1554883220000, 1559306586000, 4423366000, 1228:42:46
3434,  UkxcxQvXfzwNaPK0jiWg, 1554879054000, 1565669128000, 10790074000, 2997:14:34
3435,  th2SlO1kcktdScD20cku, 1554878344000, 1562952979000, 8074635000, 2242:57:15
3436,  6kpQCDJjVr5umbmTspYp, 1554877549000, 1559092608000, 4215059000, 1170:50:59
3437,  Z6NRELthtdzu6EPozekD, 1554875536000, 1557147961000, 2272425000, 631:13:45
3438,  P44KtqNCfE4DYfaEZ23F, 1554864792000, 1559320208000, 4455416000, 1237:36:56
3439,  ZAZmJnmnSQV5vQjJTScI, 1554845293000, 1575634972000, 20789679000, 5774:54:39
3440,  gHwveWCAs9OYj93JkcaL, 1554835098000, 1577686820000, 22851722000, 6347:42:02
3441,  jbORt4qA0hQ2c5V226YB, 1554831481000, 1571285533000, 16454052000, 4570:34:12
3442,  bDViD2URxZ5uoQwrRqdI, 1554829207000, 1574486719000, 19657512000, 5460:25:12
3443,  ePaP6WOzBNSHdxGcrnFR, 1554827009000, 1563223722000, 8396713000, 2332:25:13
3444,  IS2mlADM79K7uwZSaqF4, 1554814736000, 1570548869000, 15734133000, 4370:35:33
3445,  04AY6OrVmzpPUPOJoDhV, 1554797393000, 1576857374000, 22059981000, 6127:46:21
3446,  RECqyjfqmvcLIAWZasIG, 1554784271000, 1575018638000, 20234367000, 5620:39:27
3447,  1OP3cdnUe55kr3V2Q1Mn, 1554764888000, 1572133067000, 17368179000, 4824:29:39
3448,  YrT3QhyrctozAz83v0mC, 1554758038000, 1571866094000, 17108056000, 4752:14:16
3449,  LSUpTp4EGt3For3luS5B, 1554755896000, 1576126644000, 21370748000, 5936:19:08
3450,  4zuoYiy0V9lioug6A4Ul, 1554755514000, 1576627093000, 21871579000, 6075:26:19
3451,  8s4ei5AqNndYJWg7YIXA, 1554739226000, 1572748842000, 18009616000, 5002:40:16
3452,  l01H3yHQ8ixR6iovwHH2, 1554738053000, 1575745902000, 21007849000, 5835:30:49
3453,  CeSMpvP70ZojmvAgEIUE, 1554726792000, 1571761771000, 17034979000, 4731:56:19
3454,  AVdOcLCa4zXqoKUcXMSw, 1554726783000, 1558577462000, 3850679000, 1069:37:59
3455,  AeA9eYOTnu07fMYA3bfK, 1554723195000, 1572226934000, 17503739000, 4862:08:59
3456,  X1aW4TwM4JZ9kpDxoJMV, 1554696461000, 1558806333000, 4109872000, 1141:37:52
3457,  H4XwuSHLFc0Ra5GeyHfY, 1554694700000, 1555127922000, 433222000, 120:20:22
3458,  mwG5YqrnGdChDiezek7H, 1554694128000, 1576005253000, 21311125000, 5919:45:25
3459,  ii1XOlcXsJ4NjGipuHJg, 1554685591000, 1574462091000, 19776500000, 5493:28:20
3460,  hPRUk2aRcMGDYm1uyaZg, 1554679071000, 1556987933000, 2308862000, 641:21:02
3461,  YsKZAVuEqRgscJGl9hPL, 1554675525000, 1561916317000, 7240792000, 2011:19:52
3462,  IOkCE909kZ00lrcY1V5d, 1554660475000, 1560342072000, 5681597000, 1578:13:17
3463,  2SsktOz8D0oRNmnEwBiK, 1554644718000, 1565825709000, 11180991000, 3105:49:51
3464,  BE1f3gjNEtFgspIUA68u, 1554631760000, 1567046802000, 12415042000, 3448:37:22
3465,  Hvo2VpiOpQMRHY45O3FD, 1554618541000, 1567296638000, 12678097000, 3521:41:37
3466,  rKduyqfbpRalcSUAay97, 1554614894000, 1557536059000, 2921165000, 811:26:05
3467,  EBTuAoACPaBaQ53xafu0, 1554604649000, 1573169481000, 18564832000, 5156:53:52
3468,  saAMChq6xJDdAaciCIfI, 1554590813000, 1561372108000, 6781295000, 1883:41:35
3469,  dMB059fjlGRc5wMjYFYT, 1554584327000, 1564017518000, 9433191000, 2620:19:51
3470,  KS50rv2ShecPFKYnDzuI, 1554566957000, 1557976558000, 3409601000, 947:06:41
3471,  6ZNtBXYOP6NcGi3ZaFH0, 1554561003000, 1567035019000, 12474016000, 3465:00:16
3472,  pGUQREHtcmS1xgXy9U42, 1554556292000, 1567235121000, 12678829000, 3521:53:49
3473,  zP5KbPXWBN6NPJPWpnM5, 1554552490000, 1569188421000, 14635931000, 4065:32:11
3474,  jG3wpHyCzynS5JID0a2q, 1554546531000, 1559663203000, 5116672000, 1421:17:52
3475,  T7RLjwHNL6cl6HqDuPWy, 1554509273000, 1567659904000, 13150631000, 3652:57:11
3476,  1Kme4YomvjRyuZa8Aoml, 1554508515000, 1561422295000, 6913780000, 1920:29:40
3477,  ckSdSxur5PY2HCxqNzWU, 1554508072000, 1570811118000, 16303046000, 4528:37:26
3478,  E5Mx5jl2IQ5byGfNS7K1, 1554507097000, 1571370180000, 16863083000, 4684:11:23
3479,  p0KwbWlSFtXcJcL5KMzz, 1554504919000, 1576158516000, 21653597000, 6014:53:17
3480,  cQnTGi9iLiRRf2tsMHuD, 1554502978000, 1563113867000, 8610889000, 2391:54:49
3481,  IyfzZJt6NSolDftqdY47, 1554499819000, 1567839469000, 13339650000, 3705:27:30
3482,  mTI9OZDYmSYsrEmUkNKl, 1554494225000, 1563128748000, 8634523000, 2398:28:43
3483,  908xKUk4W7JSK6YcBtH4, 1554490475000, 1576506750000, 22016275000, 6115:37:55
3484,  g180mkMTeKYSXgd9LMQg, 1554467850000, 1562852177000, 8384327000, 2328:58:47
3485,  2ZXT3uS8ypOVniHQ6VaY, 1554467809000, 1571794870000, 17327061000, 4813:04:21
3486,  rR9zwJ8Piyo471iVRkFo, 1554462817000, 1576722850000, 22260033000, 6183:20:33
3487,  v2YuYiWVfrwZNLZlSes2, 1554457814000, 1569147597000, 14689783000, 4080:29:43
3488,  4xPKi159enVWGsl1Dqjd, 1554457759000, 1560814966000, 6357207000, 1765:53:27
3489,  HQvftzJAO4CbOFUyTF1j, 1554456183000, 1566730230000, 12274047000, 3409:27:27
3490,  lxh10mQD29ZNNgYnxZ09, 1554455348000, 1569717449000, 15262101000, 4239:28:21
3491,  9S7DNecc1mceR6fwLJBu, 1554452313000, 1567533688000, 13081375000, 3633:42:55
3492,  peD6CgX0V0DRgXZ7x42s, 1554452234000, 1576664759000, 22212525000, 6170:08:45
3493,  wzjRHcyLnjd8e1xE8PXB, 1554450217000, 1564275264000, 9825047000, 2729:10:47
3494,  ZxLwHaciCvAL7QudiVrS, 1554447337000, 1558885188000, 4437851000, 1232:44:11
3495,  diawe4sZfECHbiHMPQRF, 1554446362000, 1576369581000, 21923219000, 6089:46:59
3496,  abo7D0F2CErTewBJB3Fk, 1554443783000, 1566963461000, 12519678000, 3477:41:18
3497,  uz9dvA9Iv1cULQVA4aLR, 1554406161000, 1566447843000, 12041682000, 3344:54:42
3498,  mDX0iORoUddR4rRpZKmd, 1554401429000, 1558013589000, 3612160000, 1003:22:40
3499,  Gk9XIvnUliFk5GArWdjr, 1554399360000, 1565493426000, 11094066000, 3081:41:06
3500,  FdKxx7ZGyUdczGZxZQkz, 1554396913000, 1562273383000, 7876470000, 2187:54:30
3501,  QtyBFjkNILsYRwPVEAdO, 1554396685000, 1575746308000, 21349623000, 5930:27:03
3502,  rHkqqkDhZcnL0FIuX4kV, 1554395128000, 1573690347000, 19295219000, 5359:46:59
3503,  FVJHhoD9qgARMAS0ALev, 1554391566000, 1570844319000, 16452753000, 4570:12:33
3504,  wPMvMaQNxN1aJ6iYzmG4, 1554344679000, 1556682319000, 2337640000, 649:20:40
3505,  6dGJDZDPZG933Gd5ixBh, 1554344561000, 1570412686000, 16068125000, 4463:22:05
3506,  b6e4BGK19asIjgWGpkhd, 1554314246000, 1556948828000, 2634582000, 731:49:42
3507,  vGkvRiEZwQmAQJ66Ku4G, 1554296738000, 1557658354000, 3361616000, 933:46:56
3508,  eBW8Vd8zpOoUIhmFKrO8, 1554292951000, 1573405814000, 19112863000, 5309:07:43
3509,  EOWXYr7BJGKIuHwc6ESg, 1554285910000, 1569193243000, 14907333000, 4140:55:33
3510,  6Ue3CZ7xbybEQtZyNOJh, 1554273236000, 1576513052000, 22239816000, 6177:43:36
3511,  i5P3qVWtyiEbWiDBWdTX, 1554268460000, 1554918810000, 650350000, 180:39:10
3512,  5no1LRsWqnHNQ5t9w2Yr, 1554262675000, 1564345161000, 10082486000, 2800:41:26
3513,  hF24eLOE5czNhLzNC2J8, 1554252030000, 1556140825000, 1888795000, 524:39:55
3514,  XsbwNdGdQCOjI0XPXXzL, 1554252022000, 1572705996000, 18453974000, 5126:06:14
3515,  Ga9XQSdfxXcjaeXtGgov, 1554249644000, 1569790708000, 15541064000, 4316:57:44
3516,  R6aelU4Ol8SsvpQPeb4t, 1554247293000, 1556077687000, 1830394000, 508:26:34
3517,  NhnzQX7zz44rrkk2L4AP, 1554242007000, 1559916662000, 5674655000, 1576:17:35
3518,  p2A051XHJuBTnhLnrVCi, 1554241019000, 1569213576000, 14972557000, 4159:02:37
3519,  G1PJzXSzJnBPETX3ItO1, 1554228236000, 1571304191000, 17075955000, 4743:19:15
3520,  eEVoAy8nbTIWA3Zs7nyl, 1554218363000, 1564534852000, 10316489000, 2865:41:29
3521,  zqb4yxMT6NJTw1fnnCPX, 1554212341000, 1557674123000, 3461782000, 961:36:22
3522,  YufZd3BvL159tMKurm5H, 1554206764000, 1572408825000, 18202061000, 5056:07:41
3523,  s6xFjUkTD5vNx9Ae6xEA, 1554193988000, 1573267180000, 19073192000, 5298:06:32
3524,  CWbBWE8G426vzhWh1iVx, 1554193553000, 1554651434000, 457881000, 127:11:21
3525,  23XDGvTeMQjJOATeLovt, 1554192842000, 1559270041000, 5077199000, 1410:19:59
3526,  UhX2nGx0khiN1ganQBD2, 1554180619000, 1565058738000, 10878119000, 3021:41:59
3527,  Ocix8PPB5SWVJIjQihuk, 1554179815000, 1570673879000, 16494064000, 4581:41:04
3528,  bGRV9tm6fPc6XrOWAqbS, 1554178647000, 1562791718000, 8613071000, 2392:31:11
3529,  hkTJWQXaDWQ5Kl1gw9eQ, 1554176568000, 1575320029000, 21143461000, 5873:11:01
3530,  4loT3sPT4Dz3pW2inp1Z, 1554166986000, 1557684526000, 3517540000, 977:05:40
3531,  wyR940XfG4fvZq3uouyH, 1554162556000, 1565813929000, 11651373000, 3236:29:33
3532,  r1TJ5Glgn3ijoNGEx676, 1554161901000, 1573673650000, 19511749000, 5419:55:49
3533,  8MVUV5FfvAUZyEvvbdt0, 1554146461000, 1574478699000, 20332238000, 5647:50:38
3534,  mQt9RfXb9cwRrh374K8Z, 1554131122000, 1563126018000, 8994896000, 2498:34:56
3535,  loFz9rHqmlfCnp3IIo28, 1554111584000, 1565809047000, 11697463000, 3249:17:43
3536,  uokK4aCwhzTZGVn6B90r, 1554109146000, 1566358228000, 12249082000, 3402:31:22
3537,  381C6Kb6i8QAaBwP3kOG, 1554106868000, 1558177521000, 4070653000, 1130:44:13
3538,  dDDclV3dmK6ppaWBO7xY, 1554101215000, 1569705022000, 15603807000, 4334:23:27
3539,  3SN2D5e6GXHGAh0EcB1E, 1554096505000, 1570440510000, 16344005000, 4540:00:05
3540,  kJWLaNpiG7vdtY542XyM, 1554093115000, 1561393336000, 7300221000, 2027:50:21
3541,  xwxXqGU3gCisEWGmyVG1, 1554085689000, 1557405741000, 3320052000, 922:14:12
3542,  mSrKycM8EODZxvzeScqs, 1554085258000, 1573557090000, 19471832000, 5408:50:32
3543,  viqipWb0KOdMIKaN0H6S, 1554082801000, 1575740060000, 21657259000, 6015:54:19
3544,  nf0BPb8dXwR0hUyAklUr, 1554077614000, 1560201615000, 6124001000, 1701:06:41
3545,  mJlOoYFVBkFKDhHlQylv, 1554075525000, 1576426920000, 22351395000, 6208:43:15
3546,  AZPtRIa9xQ0hBBzMJPfx, 1554051036000, 1563595773000, 9544737000, 2651:18:57
3547,  vBTClhxx8SJ6Hkf9qf0u, 1554045277000, 1563226218000, 9180941000, 2550:15:41
3548,  gyplkyIiVhcrPCeTqXxC, 1554037359000, 1573927153000, 19889794000, 5524:56:34
3549,  pq79Q9TXdPFI1jYJbuZe, 1554036704000, 1559361043000, 5324339000, 1478:58:59
3550,  IyMl17pLPonmla5oBGKA, 1554023588000, 1558136785000, 4113197000, 1142:33:17
3551,  lBgpIjHUX1eR0R0xZ3Ih, 1554014326000, 1566065119000, 12050793000, 3347:26:33
3552,  JaIoczqntILP1XjgZ9YR, 1554012664000, 1566141644000, 12128980000, 3369:09:40
3553,  ga5nkvDR58GfHhzdefoY, 1554007377000, 1564569107000, 10561730000, 2933:48:50
3554,  zIbSFafFndvw5kfLmFIX, 1554004610000, 1575550258000, 21545648000, 5984:54:08
3555,  IVkkwcGA3DLtQK4bqyjE, 1554002785000, 1562065028000, 8062243000, 2239:30:43
3556,  pb1i37c7rN8l8MTHni9G, 1554001831000, 1569358224000, 15356393000, 4265:39:53
3557,  GycFr82kk3LM4kBZFR3b, 1553997762000, 1572997611000, 18999849000, 5277:44:09
3558,  4SIHqKAwtydswGtkJVFU, 1553974361000, 1566936970000, 12962609000, 3600:43:29
3559,  alylItYEG4orI9zNG73p, 1553954559000, 1565960083000, 12005524000, 3334:52:04
3560,  VN0qpYjiI3bikmCdzVg4, 1553946317000, 1575484570000, 21538253000, 5982:50:53
3561,  UUiI9iF1dfoehF5I9rGD, 1553937044000, 1569867176000, 15930132000, 4425:02:12
3562,  gfGQD6bFUxnNm4h1iXgW, 1553936105000, 1569337355000, 15401250000, 4278:07:30
3563,  KcHYwdToruvGIuNNUIvW, 1553934132000, 1568689966000, 14755834000, 4098:50:34
3564,  IUVe0xPsERHzyALs16sY, 1553931973000, 1574150400000, 20218427000, 5616:13:47
3565,  1kO09j1w4kMbS7hhFTDl, 1553920444000, 1575716669000, 21796225000, 6054:30:25
3566,  9WnQauVvCTxQkjhkaRtu, 1553913262000, 1564278044000, 10364782000, 2879:06:22
3567,  7WTidWOpBydm2nTdPXck, 1553906104000, 1566589774000, 12683670000, 3523:14:30
3568,  HAaHzGPGlENJBntM81bV, 1553902266000, 1560274587000, 6372321000, 1770:05:21
3569,  qRnMo6sE1CaQVJpgnCpx, 1553900670000, 1564013831000, 10113161000, 2809:12:41
3570,  KRRTusRF5qjbcJqJIUQ4, 1553896558000, 1569399938000, 15503380000, 4306:29:40
3571,  PdLS7MHEIXoTLnCgpp7i, 1553891666000, 1568449985000, 14558319000, 4043:58:39
3572,  CPlppySb4LWtijGCZ9I1, 1553890484000, 1572804176000, 18913692000, 5253:48:12
3573,  T7vygolm667x4GKKt7tx, 1553880941000, 1572955494000, 19074553000, 5298:29:13
3574,  sV09tvCRHsZ8lWylsztN, 1553869442000, 1568670295000, 14800853000, 4111:20:53
3575,  6UXrtrtEPg48YGDUN7u8, 1553861641000, 1570030893000, 16169252000, 4491:27:32
3576,  SGPTeC3ZYCb2ScFrbSNn, 1553859132000, 1576772414000, 22913282000, 6364:48:02
3577,  Xwm1ImaBY1MlxIHpcKEW, 1553851488000, 1555548343000, 1696855000, 471:20:55
3578,  Z4fMpwJ4UOnGiYeIo6WD, 1553842070000, 1570051095000, 16209025000, 4502:30:25
3579,  3VWATr4LEwOZqixNDCd4, 1553835655000, 1568935780000, 15100125000, 4194:28:45
3580,  UKdAP6xYNkHqKyptkUDN, 1553826764000, 1554999290000, 1172526000, 325:42:06
3581,  vtjderSrvqQSqRTR5ECh, 1553822057000, 1556588394000, 2766337000, 768:25:37
3582,  yzHL5bOYKmdGGWS5uRxZ, 1553817791000, 1565746105000, 11928314000, 3313:25:14
3583,  C2ZU0K9iY9V6llAhiSYb, 1553807662000, 1568030694000, 14223032000, 3950:50:32
3584,  0kz6bgEJLDUocgooFPjE, 1553794169000, 1577601805000, 23807636000, 6613:13:56
3585,  88aSXpukL18zR7pMKetp, 1553790331000, 1577509731000, 23719400000, 6588:43:20
3586,  axu8BwTKiTvLBoExe2rv, 1553779594000, 1556943217000, 3163623000, 878:47:03
3587,  mxBfJcpY4GY4kDwJQsnU, 1553772393000, 1576300057000, 22527664000, 6257:41:04
3588,  ChMPyvuhvUpCAa77g8y4, 1553771272000, 1566101054000, 12329782000, 3424:56:22
3589,  n2NaiSzlFQjneeCU0D7T, 1553764195000, 1571870252000, 18106057000, 5029:27:37
3590,  GjkWWZXSE33nIYndwIBT, 1553757891000, 1559523632000, 5765741000, 1601:35:41
3591,  V0AFMKVTlGT5j9ayQV2t, 1553756884000, 1563884226000, 10127342000, 2813:09:02
3592,  f8rUS4IWTREuc0bFePSv, 1553755757000, 1559290762000, 5535005000, 1537:30:05
3593,  ikxznj9DskVNmWr1xg1a, 1553747666000, 1565833622000, 12085956000, 3357:12:36
3594,  WxQgGbdQJqbJ2OOIXCkX, 1553745393000, 1563748569000, 10003176000, 2778:39:36
3595,  IfSWt7PsDKjknzkAPLEs, 1553739347000, 1577299660000, 23560313000, 6544:31:53
3596,  WjXZOxYOjcdVLxfxjbsg, 1553738642000, 1567107720000, 13369078000, 3713:37:58
3597,  FeYb41ltFfog8pGK2nK2, 1553737565000, 1554018904000, 281339000, 78:08:59
3598,  OljeWSex2cNemi9TIkv3, 1553729271000, 1573665101000, 19935830000, 5537:43:50
3599,  NDQA06xyj8trt1Cl0mx5, 1553728733000, 1559282776000, 5554043000, 1542:47:23
3600,  HM7UYZ9a5aXPYbwL9Cx6, 1553727060000, 1554912008000, 1184948000, 329:09:08
3601,  O7vQqUhMQVYKqb6S9dDo, 1553726598000, 1556182456000, 2455858000, 682:10:58
3602,  Tpf0IVufT6acfki9WyPp, 1553721947000, 1555739044000, 2017097000, 560:18:17
3603,  RpwREsPT5CEDd6iAG7Z5, 1553721154000, 1560463382000, 6742228000, 1872:50:28
3604,  XTeMTQM868o6KQ69XHRa, 1553717915000, 1554368137000, 650222000, 180:37:02
3605,  WvkDcEloBxcrqguBlqSL, 1553710976000, 1570210327000, 16499351000, 4583:09:11
3606,  pjkdi61dQcDpaY1GTPpt, 1553710229000, 1556445072000, 2734843000, 759:40:43
3607,  mfyoquVrx98bSfyTdJ7x, 1553708998000, 1572885517000, 19176519000, 5326:48:39
3608,  Xwo6jIxcQoFirBceLcdc, 1553705834000, 1567557872000, 13852038000, 3847:47:18
3609,  dFXt0TWWXhYA9Ub1pkGd, 1553683494000, 1568385296000, 14701802000, 4083:50:02
3610,  1qJegmQDphR3fGJiExch, 1553672598000, 1559319284000, 5646686000, 1568:31:26
3611,  QlwyEAebdjwBTDXnybNf, 1553663635000, 1567410806000, 13747171000, 3818:39:31
3612,  YVpEx2PxFjvPtFIJ7Evu, 1553654623000, 1568390030000, 14735407000, 4093:10:07
3613,  RCxafisQutdt2ZjuI12h, 1553652635000, 1564663052000, 11010417000, 3058:26:57
3614,  NtAoVxgyvpsF5tka0hVc, 1553648189000, 1557118192000, 3470003000, 963:53:23
3615,  sCMOkXZHhXt5RRr3BPfu, 1553645690000, 1576186653000, 22540963000, 6261:22:43
3616,  4lCATDbLmUiN4C4tWHxK, 1553615134000, 1569792283000, 16177149000, 4493:39:09
3617,  6SOB8QqwnxQmmT84Eyys, 1553612715000, 1568122984000, 14510269000, 4030:37:49
3618,  2cEJOLP4N6Qh9yhe1I2L, 1553607578000, 1561914322000, 8306744000, 2307:25:44
3619,  Z5rA9PICsvFBx18WyHsj, 1553605214000, 1563810424000, 10205210000, 2834:46:50
3620,  rDGdUolbqYxpaFXP8WBL, 1553589235000, 1554171973000, 582738000, 161:52:18
3621,  sD1opt3aS2t7DYszmWPM, 1553587312000, 1572962429000, 19375117000, 5381:58:37
3622,  jE1eyfO6hSPfTml3SAPi, 1553587029000, 1564436414000, 10849385000, 3013:43:05
3623,  4DWMrVaLJSzRXShrPns8, 1553585974000, 1566996487000, 13410513000, 3725:08:33
3624,  Cmjbe40qgAVRK6R8PWGH, 1553580980000, 1567558217000, 13977237000, 3882:33:57
3625,  VQcbLXlDeSBKeT1Vg4kL, 1553572328000, 1558032139000, 4459811000, 1238:50:11
3626,  eQCTLEeYnFqYofJXUJZU, 1553558719000, 1569906787000, 16348068000, 4541:07:48
3627,  1zYlgIUj7cHs7yKP7yTB, 1553558050000, 1557622950000, 4064900000, 1129:08:20
3628,  z6JfV4zXXGqrAWS2xEpZ, 1553551336000, 1576917678000, 23366342000, 6490:39:02
3629,  Or6O2oTpy9QxQGFkCBMp, 1553539843000, 1556130259000, 2590416000, 719:33:36
3630,  mMf2QioTBgWa5FlLDCL9, 1553539804000, 1573612622000, 20072818000, 5575:46:58
3631,  l7wMZ8MZmk88ouSNQIsP, 1553534560000, 1567445827000, 13911267000, 3864:14:27
3632,  uGv6whQydjcCJRwFfQZH, 1553525219000, 1555371329000, 1846110000, 512:48:30
3633,  PMT0gTPx9TqeydlkBIOs, 1553521936000, 1564526518000, 11004582000, 3056:49:42
3634,  fYRsmsarHIm0d0iVhUdf, 1553518261000, 1568957811000, 15439550000, 4288:45:50
3635,  ubBzxv34hn3LWLzMjsxc, 1553500807000, 1572606567000, 19105760000, 5307:09:20
3636,  fHwV3YgMn46VOAhikIU8, 1553498957000, 1570611596000, 17112639000, 4753:30:39
3637,  xhgvxd24VPehC8pU6JaG, 1553493538000, 1572292214000, 18798676000, 5221:51:16
3638,  Y30krPOL2T50TWm66v7h, 1553485882000, 1561992365000, 8506483000, 2362:54:43
3639,  pWgk02juhqhRd19CqBGp, 1553478154000, 1565969165000, 12491011000, 3469:43:31
3640,  BKfggDXV0l429t9CIB9J, 1553474047000, 1576357991000, 22883944000, 6356:39:04
3641,  IsfORoVBPEqD8CLFfvyX, 1553470755000, 1568859428000, 15388673000, 4274:37:53
3642,  JNMtMivBB8lCKN2JroMK, 1553460234000, 1562333618000, 8873384000, 2464:49:44
3643,  0BnCeQGWAhn5yU6NvhO6, 1553456124000, 1554587121000, 1130997000, 314:09:57
3644,  edOgV5NGJYWR4BGtReYT, 1553448267000, 1574176249000, 20727982000, 5757:46:22
3645,  xkDaqORtq52nXBO3fdDn, 1553444187000, 1576869181000, 23424994000, 6506:56:34
3646,  WVxjrhUzTqjr0X2VJjHS, 1553439217000, 1561762862000, 8323645000, 2312:07:25
3647,  ojyPos8ACfjQPpK0IvEX, 1553435956000, 1556964104000, 3528148000, 980:02:28
3648,  TOUrNxZ7OHWcZfr4R3mL, 1553428369000, 1564429466000, 11001097000, 3055:51:37
3649,  2MXXolIC6ij6utcaqI0O, 1553405535000, 1567603991000, 14198456000, 3944:00:56
3650,  Ql0KA07RqLLpvuCBJKh4, 1553405469000, 1576916385000, 23510916000, 6530:48:36
3651,  5DYvpsbT2DKsBQMYRsIB, 1553400458000, 1574058267000, 20657809000, 5738:16:49
3652,  AyLqx8cSuqfuHaWK0p2p, 1553383680000, 1563387667000, 10003987000, 2778:53:07
3653,  7o70MC76qCpaOx4e60XZ, 1553375911000, 1563375890000, 9999979000, 2777:46:19
3654,  gAXYIPEdtHVYEtU6GENd, 1553367254000, 1568698669000, 15331415000, 4258:43:35
3655,  zPZHMXPYfdXnp07VDzrO, 1553363756000, 1572012977000, 18649221000, 5180:20:21
3656,  HDd9HLJcL1bFzskSK4kc, 1553359983000, 1561365580000, 8005597000, 2223:46:37
3657,  K15BO4gryP0FaU5gDK5d, 1553359881000, 1562820516000, 9460635000, 2627:57:15
3658,  rvvZUDB00IHX7nO4LRKA, 1553328862000, 1573846587000, 20517725000, 5699:22:05
3659,  aLGxo31BENqacrkhc5u4, 1553324607000, 1560578608000, 7254001000, 2015:00:01
3660,  ObzCV1YdkhBVZt4S3lu6, 1553314990000, 1571506920000, 18191930000, 5053:18:50
3661,  XY3eVYXMki56nmr4xtny, 1553309985000, 1558980273000, 5670288000, 1575:04:48
3662,  lrYwNUefXNW0JySjabsx, 1553309703000, 1564107641000, 10797938000, 2999:25:38
3663,  4578UNBjRA0uAjN7scWc, 1553304986000, 1571754127000, 18449141000, 5124:45:41
3664,  ZPKtEf3Si43OHYNdySiu, 1553300502000, 1574003666000, 20703164000, 5750:52:44
3665,  B78rhrwZycsK3bxuf6Hs, 1553296449000, 1560621657000, 7325208000, 2034:46:48
3666,  Ne8ybVcWx1FNPbQTEg5S, 1553275150000, 1568417715000, 15142565000, 4206:16:05
3667,  rgVHLfT76tJxeQZPJ123, 1553266223000, 1559256362000, 5990139000, 1663:55:39
3668,  R9FNRQdXCIfHYywwsIyJ, 1553263039000, 1566999424000, 13736385000, 3815:39:45
3669,  XxHDiZYqWnnCiTJP37si, 1553261077000, 1576333407000, 23072330000, 6408:58:50
3670,  tXLPafGYFtHDcGzgnVwI, 1553258790000, 1557592800000, 4334010000, 1203:53:30
3671,  iA4jtZq2njhk4DJUofEi, 1553249386000, 1569673553000, 16424167000, 4562:16:07
3672,  rND0ycEWsuwVxNHpn5Pw, 1553248162000, 1564020519000, 10772357000, 2992:19:17
3673,  t3qXEsCXhRphOzww7Aj9, 1553244261000, 1563772018000, 10527757000, 2924:22:37
3674,  clemaPIJ7l7J9B8DsMZV, 1553229891000, 1563248126000, 10018235000, 2782:50:35
3675,  YgLBqXc0FHtywY8FvCf5, 1553221554000, 1561479122000, 8257568000, 2293:46:08
3676,  KZIHfpiwOgDqeIwEWbTH, 1553221387000, 1566412844000, 13191457000, 3664:17:37
3677,  2uOOgwDHKDE1Mc46gFi2, 1553219649000, 1558577138000, 5357489000, 1488:11:29
3678,  buZQrFySAB6RAJV8e8sA, 1553198060000, 1567921070000, 14723010000, 4089:43:30
3679,  aRHnELUf78blPl34ay2k, 1553196791000, 1566475825000, 13279034000, 3688:37:14
3680,  EIV5aW9BhXcjLyPCbey3, 1553194877000, 1557909826000, 4714949000, 1309:42:29
3681,  BUVTEpOVMoxERjfbjEQc, 1553191100000, 1564095984000, 10904884000, 3029:08:04
3682,  qJpFJVxbuxJfUWRqIJqn, 1553180665000, 1568467036000, 15286371000, 4246:12:51
3683,  X6MyL0IXbyKdEYG9LqEM, 1553180354000, 1560011918000, 6831564000, 1897:39:24
3684,  1139tEraao2XZjswuuCO, 1553179003000, 1556589405000, 3410402000, 947:20:02
3685,  YBu65cgQxzsqnWuk5J6k, 1553170102000, 1577425830000, 24255728000, 6737:42:08
3686,  5uDS8XiVVt86lLA4lRsK, 1553168581000, 1556973291000, 3804710000, 1056:51:50
3687,  mw9bVdxZqHoYCNaVMF5y, 1553165222000, 1557512195000, 4346973000, 1207:29:33
3688,  s8EwQ93wObB8qwGMowew, 1553162463000, 1569853529000, 16691066000, 4636:24:26
3689,  hnxZNxMlfqFAV9Vh21sO, 1553154897000, 1567507377000, 14352480000, 3986:48:00
3690,  VT4HEoykpcJIvu3DE19M, 1553154397000, 1563311436000, 10157039000, 2821:23:59
3691,  oqz4ce4v0LSPUchg1IvO, 1553150136000, 1571499690000, 18349554000, 5097:05:54
3692,  1a9Slvsc5hRlrlEAdk7Q, 1553147898000, 1564671798000, 11523900000, 3201:05:00
3693,  gLByQAfcFZaK5TGXC8Tq, 1553142360000, 1570932793000, 17790433000, 4941:47:13
3694,  j7aNYrweLD93kadUeZ4y, 1553142312000, 1560714058000, 7571746000, 2103:15:46
3695,  TRgnqiLOHe31iU705QIS, 1553142302000, 1565613042000, 12470740000, 3464:05:40
3696,  NPWAPLDQsHqt35UT1N6l, 1553134540000, 1563182903000, 10048363000, 2791:12:43
3697,  IpgXolESKEdNv9rNNw7i, 1553128838000, 1570641854000, 17513016000, 4864:43:36
3698,  bYrcORvzyzzp9D1Ktix8, 1553126538000, 1564339475000, 11212937000, 3114:42:17
3699,  iXzj8mk9WdrnRerf7kgI, 1553124892000, 1554485441000, 1360549000, 377:55:49
3700,  jE1yi8KSvzlAyLFpApf4, 1553122713000, 1554882753000, 1760040000, 488:54:00
3701,  0f9pZvNbpw4fySOsAiBy, 1553121483000, 1566321786000, 13200303000, 3666:45:03
3702,  QLyhwn1Z3fzhYBmlsDP1, 1553106079000, 1562524759000, 9418680000, 2616:18:00
3703,  naZCtiVsPFEYj03x2gKb, 1553090622000, 1559991999000, 6901377000, 1917:02:57
3704,  85KdGVvcb7RnDVwq4hAB, 1553088482000, 1561521572000, 8433090000, 2342:31:30
3705,  x5Mr0i4Kmw3T3rFvbQJl, 1553081700000, 1570845918000, 17764218000, 4934:30:18
3706,  DU3BTWMvU4xYILr0xMn8, 1553077808000, 1561041531000, 7963723000, 2212:08:43
3707,  LctKxtJHfk9MgXP0dpHe, 1553053456000, 1562613586000, 9560130000, 2655:35:30
3708,  ktx5lYxQSnAurUWgdx4I, 1553045787000, 1574026799000, 20981012000, 5828:03:32
3709,  3UUwEPOZuWrkcv9csBqE, 1553026604000, 1553496132000, 469528000, 130:25:28
3710,  aP6WaH4LTQUtSKyagVZr, 1553022459000, 1553192441000, 169982000, 47:13:02
3711,  kOIgnBLHVyAavTQiKgpJ, 1553000807000, 1569771845000, 16771038000, 4658:37:18
3712,  a6aUOVBjbyj5atJPTxb7, 1553000483000, 1561956447000, 8955964000, 2487:46:04
3713,  EtRDvsBLRCrwxlNPurHQ, 1553000123000, 1577185921000, 24185798000, 6718:16:38
3714,  vDzcB49vwu9K27DJbRCx, 1552993707000, 1564269574000, 11275867000, 3132:11:07
3715,  wFRcDn5LLZev5mnv0onM, 1552977882000, 1574198473000, 21220591000, 5894:36:31
3716,  ZXNCSgyXVoMUF6ilF9QW, 1552959771000, 1564869615000, 11909844000, 3308:17:24
3717,  KXjFuAK27MZBsUn14qI4, 1552951995000, 1567104126000, 14152131000, 3931:08:51
3718,  CzKNBXxtuzGF0eo9nT24, 1552946680000, 1564296238000, 11349558000, 3152:39:18
3719,  cNI6VWT6vYF0wu1SH6pF, 1552944120000, 1565882292000, 12938172000, 3593:56:12
3720,  u6orHZ3D2LqvHrMB3i6V, 1552940764000, 1558771099000, 5830335000, 1619:32:15
3721,  aims0y6eAcC2o7QJqj33, 1552929462000, 1556799827000, 3870365000, 1075:06:05
3722,  LE2DWAGmaK1wlpSxja8p, 1552922220000, 1562283722000, 9361502000, 2600:25:02
3723,  TK1jR09O2apk7pp5aGCm, 1552921031000, 1563679126000, 10758095000, 2988:21:35
3724,  O1UTV6b5ot2T6WagE0bT, 1552912251000, 1566013532000, 13101281000, 3639:14:41
3725,  2HjqhYMK2RRtQzDmgyfJ, 1552904408000, 1572061241000, 19156833000, 5321:20:33
3726,  s9IdJDPzEsgaGQx5V6ji, 1552903649000, 1559130944000, 6227295000, 1729:48:15
3727,  YB32ZcUlKwlIRXRd4sue, 1552894836000, 1553005431000, 110595000, 30:43:15
3728,  N4VzjahfIa2d8tNS5PJj, 1552894153000, 1571056651000, 18162498000, 5045:08:18
3729,  IMrAk78BB32FvSWpJeLF, 1552870051000, 1567036713000, 14166662000, 3935:11:02
3730,  NIfbfL69XZFseK8Ki0p4, 1552865085000, 1576759009000, 23893924000, 6637:12:04
3731,  ZWW2iVSJY8oVGVgzibsu, 1552855941000, 1563233861000, 10377920000, 2882:45:20
3732,  qFf5kOBEQJ30Y7gU2rdD, 1552852393000, 1560985019000, 8132626000, 2259:03:46
3733,  VsqdTZO20BTsBJPIHjej, 1552846930000, 1555419761000, 2572831000, 714:40:31
3734,  TtUj0iHnr2QecUUef4wy, 1552844875000, 1555176639000, 2331764000, 647:42:44
3735,  mZvV29Wymh74qzONxJZ5, 1552843334000, 1568057256000, 15213922000, 4226:05:22
3736,  XgPVov0J6QYMW7iVNOCT, 1552837909000, 1571883045000, 19045136000, 5290:18:56
3737,  CQ0WIFVKYzq6CWVHQ6vg, 1552831139000, 1568249936000, 15418797000, 4282:59:57
3738,  7VJazINaVs5iUMOwO19X, 1552824222000, 1555972864000, 3148642000, 874:37:22
3739,  82ZyYgZ0edCbwY5EVTFP, 1552824117000, 1570314156000, 17490039000, 4858:20:39
3740,  yP9zNI3Dm8FsTlruABex, 1552821908000, 1554158099000, 1336191000, 371:09:51
3741,  Skv8oPZwo0ARabmmmCHr, 1552821795000, 1566874246000, 14052451000, 3903:27:31
3742,  fmrYxKnSdWBzxsqc8Fh3, 1552820633000, 1572450948000, 19630315000, 5452:51:55
3743,  CnGn8nrVkIlcpTA4XAhJ, 1552814066000, 1574834957000, 22020891000, 6116:54:51
3744,  ZsOSkeLnfOJfnjsCqFGZ, 1552807398000, 1575406145000, 22598747000, 6277:25:47
3745,  fh7a9P8xBPmeP34vqJsP, 1552801358000, 1553443686000, 642328000, 178:25:28
3746,  yyIlV0nodcDWDlDs23Z8, 1552799344000, 1555332597000, 2533253000, 703:40:53
3747,  QsnNeK0R0YGyly8IFQmH, 1552797381000, 1553472724000, 675343000, 187:35:43
3748,  F6WXYegB6ibcrMfKPvqr, 1552786309000, 1559817497000, 7031188000, 1953:06:28
3749,  bcDeJfraPvq1ODknzFU3, 1552784273000, 1567651137000, 14866864000, 4129:41:04
3750,  tzE8ybWKnSWl5jHK4o8R, 1552781097000, 1570772571000, 17991474000, 4997:37:54
3751,  4muZYwMQHCnfKsnv00wf, 1552775145000, 1555771778000, 2996633000, 832:23:53
3752,  wOA4jM7ipH0wbyWLnEW8, 1552774857000, 1566941570000, 14166713000, 3935:11:53
3753,  lN0LWnrbN94AiP6KjG6O, 1552768699000, 1570932684000, 18163985000, 5045:33:05
3754,  aEQFlbENP8FSbM25T9Rc, 1552766030000, 1557570165000, 4804135000, 1334:28:55
3755,  NTfeJXS7QglpIANqAasd, 1552759934000, 1577674112000, 24914178000, 6920:36:18
3756,  EKZkCfcgZiptGUpN6kZX, 1552747850000, 1573052610000, 20304760000, 5640:12:40
3757,  0sOHBoEU6QclUHkPYOYQ, 1552732650000, 1565500080000, 12767430000, 3546:30:30
3758,  DQpbGRQRE2JSdfCcbdiL, 1552732087000, 1563717991000, 10985904000, 3051:38:24
3759,  oZIK9vf9LFQjq8PPDf8M, 1552724682000, 1570869251000, 18144569000, 5040:09:29
3760,  m72J7M6TLEX8j3dCuWiR, 1552722858000, 1554315047000, 1592189000, 442:16:29
3761,  nmGA2o7JSvVOSWxZQ9yS, 1552719852000, 1552889639000, 169787000, 47:09:47
3762,  mkqFuVwy02i4z68JuWRR, 1552717833000, 1557234082000, 4516249000, 1254:30:49
3763,  xp7Zs5UNvLaIq3JkmgHZ, 1552715778000, 1557225204000, 4509426000, 1252:37:06
3764,  PzxtIjSFoxgXTJUPc3iM, 1552715526000, 1553554828000, 839302000, 233:08:22
3765,  aHDPRJitlOD9VR4Us02x, 1552709515000, 1569269247000, 16559732000, 4599:55:32
3766,  ta3Cq4LZTgi3md0YPXwR, 1552709303000, 1556737177000, 4027874000, 1118:51:14
3767,  PrTh7qAH3MHhyN1X6Ijc, 1552687182000, 1555946824000, 3259642000, 905:27:22
3768,  yCgyhTZV9tMOEWrugvqj, 1552680274000, 1559319011000, 6638737000, 1844:05:37
3769,  MtZbPVSeAuGQaULbG4IO, 1552676086000, 1553921175000, 1245089000, 345:51:29
3770,  wBOH2PcgATUPKWhhZFwp, 1552669301000, 1574305470000, 21636169000, 6010:02:49
3771,  b3mzOCK4lYMHCAdv14Sa, 1552668450000, 1553493346000, 824896000, 229:08:16
3772,  6d067PDDiIFkaUgQMNjy, 1552661648000, 1572345521000, 19683873000, 5467:44:33
3773,  ovlpUoaMpRPEEZIaiCd8, 1552650810000, 1573461587000, 20810777000, 5780:46:17
3774,  ryRhaRoP5tGtrrRcdKCT, 1552649085000, 1567369253000, 14720168000, 4088:56:08
3775,  VjTorKE5kyU4N5hGjveN, 1552645171000, 1571546064000, 18900893000, 5250:14:53
3776,  ryPrLWPLqGYpkCGJKaKp, 1552629000000, 1564976184000, 12347184000, 3429:46:24
3777,  IEUFtEaeMXotCNVGHx0E, 1552620309000, 1565798482000, 13178173000, 3660:36:13
3778,  5N7otJaj05aipwWamd6E, 1552618764000, 1572716984000, 20098220000, 5582:50:20
3779,  X4zNjam1V0auAY4NOQBr, 1552614617000, 1572152014000, 19537397000, 5427:03:17
3780,  AU5nuBeZvS9mGPDJo1YL, 1552606229000, 1565810641000, 13204412000, 3667:53:32
3781,  pzGtv1SPyHGaljeiQT56, 1552605889000, 1554298727000, 1692838000, 470:13:58
3782,  ZH0KWvklDWiCrKkm3rAd, 1552604975000, 1556826015000, 4221040000, 1172:30:40
3783,  UhoLUx3HEW3lCt8RgJqi, 1552603286000, 1556329807000, 3726521000, 1035:08:41
3784,  szJV5dbBFgoYedlmdEDQ, 1552601553000, 1558959548000, 6357995000, 1766:06:35
3785,  lkRKHC35R07K1R7J0byE, 1552601002000, 1552934867000, 333865000, 92:44:25
3786,  p85hEHDq4YTQQukv0gY3, 1552589428000, 1572788197000, 20198769000, 5610:46:09
3787,  vva8mr6KcEB9ohsrP7KM, 1552588845000, 1577046807000, 24457962000, 6793:52:42
3788,  FT7K5OdBGn9iafStxQik, 1552587777000, 1554470726000, 1882949000, 523:02:29
3789,  EBKxvH5wynVOkN8nvGHK, 1552571329000, 1569098283000, 16526954000, 4590:49:14
3790,  xh20OXuGDZguZZfIdu7e, 1552565993000, 1575082659000, 22516666000, 6254:37:46
3791,  QZaPNMSNDyGCDPjQ1iHS, 1552544368000, 1571916634000, 19372266000, 5381:11:06
3792,  TeFWTCmEYHhV98RProcf, 1552532861000, 1566976420000, 14443559000, 4012:05:59
3793,  LZfyw0tItA7dcTfcN6PM, 1552523110000, 1577611468000, 25088358000, 6968:59:18
3794,  29LyHknITRE2l3Omsvwl, 1552510961000, 1557302534000, 4791573000, 1330:59:33
3795,  acaqiB5Dy2uc5jQx5ftQ, 1552494817000, 1563427779000, 10932962000, 3036:56:02
3796,  PDuJuGqEImc27FUGiZDz, 1552481135000, 1569713167000, 17232032000, 4786:40:32
3797,  vKg43H4h4d8tPN6RlxmE, 1552465706000, 1558644096000, 6178390000, 1716:13:10
3798,  7fvSlsiMgZQu01cm44Kc, 1552464039000, 1560060247000, 7596208000, 2110:03:28
3799,  QGA5KLzRMNkvuTcdZk2P, 1552450552000, 1553108543000, 657991000, 182:46:31
3800,  AUW2De1N2zpwOdkOQnDA, 1552450333000, 1565078709000, 12628376000, 3507:52:56
3801,  ez2htBv8S99R3cQjGL3F, 1552437585000, 1560959767000, 8522182000, 2367:16:22
3802,  QbuHXsv41oNhuQSXUdGx, 1552435390000, 1567145369000, 14709979000, 4086:06:19
3803,  gSdjtLcdB6NqEn3fjzHJ, 1552430356000, 1572940208000, 20509852000, 5697:10:52
3804,  QsfdxPufdnYCuIvUjj8o, 1552427948000, 1559202405000, 6774457000, 1881:47:37
3805,  RUBb1iYWsywHLMGITCI3, 1552427069000, 1571143419000, 18716350000, 5198:59:10
3806,  unQbO00SF2IWBE9nNwyd, 1552404817000, 1574262985000, 21858168000, 6071:42:48
3807,  BZzhHKHznp8mZxePxpS8, 1552403623000, 1575707067000, 23303444000, 6473:10:44
3808,  79rBrlcQlvC9MtiCcc7j, 1552385332000, 1569075858000, 16690526000, 4636:15:26
3809,  xCF5Jcz2tw8s7U8zc60s, 1552385235000, 1553410346000, 1025111000, 284:45:11
3810,  qPtqYYCzu5To9uso2Xsd, 1552372718000, 1557668266000, 5295548000, 1470:59:08
3811,  hgBJlA0Eqt9Pb61UP2Vl, 1552365852000, 1569448011000, 17082159000, 4745:02:39
3812,  LGuG0ub3IWfDCfzqRytw, 1552351675000, 1557211534000, 4859859000, 1349:57:39
3813,  oq2GdG3YjDCXamQzphWc, 1552349213000, 1564253524000, 11904311000, 3306:45:11
3814,  4onLPDEaNc9qPEUlslKO, 1552321065000, 1556238484000, 3917419000, 1088:10:19
3815,  9ZmhxsmBBCgr89EtFCzX, 1552298338000, 1572361987000, 20063649000, 5573:14:09
3816,  LNgZoWAORYMSEGNHdqf3, 1552291003000, 1563624457000, 11333454000, 3148:10:54
3817,  J9iqGyqw0wc4CmQw3OC1, 1552284776000, 1559863989000, 7579213000, 2105:20:13
3818,  2n8ejCwKxUHXQ0oF3PyR, 1552282611000, 1575443679000, 23161068000, 6433:37:48
3819,  K6mdiP452WMj5mzKsJEv, 1552269741000, 1560682316000, 8412575000, 2336:49:35
3820,  rn4Nt6Z4LQmwWSwi6F3K, 1552269726000, 1568989483000, 16719757000, 4644:22:37
3821,  uVrh3qtmiFziTYXLbL0F, 1552268979000, 1562397415000, 10128436000, 2813:27:16
3822,  jmS1TkuEHx2YbiTO3nl7, 1552263450000, 1553438227000, 1174777000, 326:19:37
3823,  F6HDx0MBq9NP26KHzlAl, 1552256195000, 1573487150000, 21230955000, 5897:29:15
3824,  3NBztUhK1utfMEQjeAbr, 1552252502000, 1575571991000, 23319489000, 6477:38:09
3825,  9rljQlH7qUYpEx7aQbwU, 1552235849000, 1560725583000, 8489734000, 2358:15:34
3826,  F55RdNrbEtQLxVTo2ngN, 1552216663000, 1568574992000, 16358329000, 4543:58:49
3827,  EzIyCKRxqMbYQHm5Bg1d, 1552213722000, 1568362148000, 16148426000, 4485:40:26
3828,  9PJT3G5oQ3abKiscgkjO, 1552209184000, 1558409078000, 6199894000, 1722:11:34
3829,  tcVW7RCNcUU4UJSCQAnw, 1552200954000, 1561571116000, 9370162000, 2602:49:22
3830,  UcJLVLAhzFcfh3VNCyHj, 1552197710000, 1556512917000, 4315207000, 1198:40:07
3831,  oORrXooBbzKyIiIN99as, 1552181750000, 1565409488000, 13227738000, 3674:22:18
3832,  5B0kirdC4bdBNpliaGMs, 1552176198000, 1572222023000, 20045825000, 5568:17:05
3833,  iqZVnzl6vMC5mFzVyt3K, 1552159977000, 1561961507000, 9801530000, 2722:38:50
3834,  oyjlsR7yxuPTs5IXE4OQ, 1552151739000, 1570809066000, 18657327000, 5182:35:27
3835,  5po4LGe6w62am8ggR036, 1552134472000, 1559671315000, 7536843000, 2093:34:03
3836,  xy0q4tjIoTtnZWGigXiz, 1552129974000, 1568869374000, 16739400000, 4649:50:00
3837,  W8J1puGNzdCmzkcJruDO, 1552113563000, 1553806791000, 1693228000, 470:20:28
3838,  pFLZjUQm8BOn3JkvE5wK, 1552107863000, 1559703845000, 7595982000, 2109:59:42
3839,  R4MJ30vSWCl8ZESJSXgm, 1552107674000, 1557304507000, 5196833000, 1443:33:53
3840,  o1lMgnoPA9dRexoWFeNK, 1552106061000, 1565456394000, 13350333000, 3708:25:33
3841,  FvO1k4kQ8fRcegKgprgy, 1552103738000, 1571562077000, 19458339000, 5405:05:39
3842,  KRavxC1PaNX9sUimlVML, 1552102864000, 1558743487000, 6640623000, 1844:37:03
3843,  09DTV1zcuqtDlZxVrdng, 1552098420000, 1553445499000, 1347079000, 374:11:19
3844,  QCUXidbQUTj40nnwpYWe, 1552086997000, 1558450864000, 6363867000, 1767:44:27
3845,  C7Ka6odIQoAQy5duo45r, 1552085790000, 1558697182000, 6611392000, 1836:29:52
3846,  3wZzj7Pj9v1dVzB5hcWL, 1552081038000, 1553768755000, 1687717000, 468:48:37
3847,  wwj1TEGmtJ7npt97b7X7, 1552073457000, 1558071774000, 5998317000, 1666:11:57
3848,  SfnAA6va8vnMEO0BWOB5, 1552058492000, 1565079447000, 13020955000, 3616:55:55
3849,  EPoF88MEIuBnRoeMI5Dx, 1552056906000, 1571776565000, 19719659000, 5477:40:59
3850,  Hu6dJ9NhIbMVbynpSX83, 1552051019000, 1557774500000, 5723481000, 1589:51:21
3851,  c83ETD62TluNGdY1WL35, 1552048729000, 1561297136000, 9248407000, 2569:00:07
3852,  CbHFYs9zELYohQwv8oQm, 1552016034000, 1560927625000, 8911591000, 2475:26:31
3853,  OtrnBXxvDEo2wO3axLhN, 1551999205000, 1559456751000, 7457546000, 2071:32:26
3854,  6N2ycBoEGu4M8aZTrhIU, 1551989819000, 1564487445000, 12497626000, 3471:33:46
3855,  Idp3RJLJJy4vv5dejC2s, 1551979645000, 1566378434000, 14398789000, 3999:39:49
3856,  zYQKSB3YlKyx8VqhR0xS, 1551976235000, 1556471853000, 4495618000, 1248:46:58
3857,  WSGuuMHUOL5HFABjZYZX, 1551973987000, 1562951581000, 10977594000, 3049:19:54
3858,  dpwT3OY6mfPssuyyJXJV, 1551968104000, 1575119713000, 23151609000, 6431:00:09
3859,  WB0gKS3oCw8LiI5j0u41, 1551966223000, 1566519111000, 14552888000, 4042:28:08
3860,  AUsFfdRSNljGQeEcoo48, 1551964438000, 1554990980000, 3026542000, 840:42:22
3861,  nGxGF0OwgFL8mCGqYuD1, 1551960531000, 1568341420000, 16380889000, 4550:14:49
3862,  jmj5jbZX3l508qvsIFv2, 1551958249000, 1553826581000, 1868332000, 518:58:52
3863,  06LYmab9okkYes9jkef2, 1551954127000, 1557133944000, 5179817000, 1438:50:17
3864,  WMOOnTozl0vXKSAMNs5I, 1551949522000, 1552677213000, 727691000, 202:08:11
3865,  3QNcjsTILM7ClPVoMsKE, 1551940300000, 1564304727000, 12364427000, 3434:33:47
3866,  ZgDB7Stlvk6Rcu2DztQ9, 1551935085000, 1559500154000, 7565069000, 2101:24:29
3867,  UFQJmfZSrSlbBOMtmVEq, 1551934899000, 1557648652000, 5713753000, 1587:09:13
3868,  DCRzdmpdijTFisNg1m1W, 1551930421000, 1571477586000, 19547165000, 5429:46:05
3869,  TSRTYd0ygi2YDsHI4R5q, 1551928796000, 1557973140000, 6044344000, 1678:59:04
3870,  0hgeLXZW9DLnGm2lmCy3, 1551923995000, 1563707466000, 11783471000, 3273:11:11
3871,  Qj6bM3aOqOBus6B1XFel, 1551912433000, 1567469300000, 15556867000, 4321:21:07
3872,  FFmKWoJrNCHg6N8kxXHJ, 1551892925000, 1576612380000, 24719455000, 6866:30:55
3873,  05va8jP92uHwi99kY9hg, 1551878503000, 1552056209000, 177706000, 49:21:46
3874,  zYYd2BI80jUIjZPLrFjn, 1551876601000, 1574338727000, 22462126000, 6239:28:46
3875,  eF1mZeHA62X7nqIOl49g, 1551863521000, 1570340965000, 18477444000, 5132:37:24
3876,  MuQWsIR3RFQW4rWJgKo8, 1551860647000, 1554300221000, 2439574000, 677:39:34
3877,  wRzjGkwxN5Sa6yDjnzk7, 1551854201000, 1553881453000, 2027252000, 563:07:32
3878,  LFb8AnaHS3qVhaypiJq3, 1551854059000, 1557716259000, 5862200000, 1628:23:20
3879,  XTlWf5VtHtgSq8e4dpRp, 1551849276000, 1568315425000, 16466149000, 4573:55:49
3880,  ZS6LrIh9os8RflxbTCw3, 1551844617000, 1556118530000, 4273913000, 1187:11:53
3881,  waMLMiwOvwxkyRBYb7sw, 1551841466000, 1564648465000, 12806999000, 3557:29:59
3882,  iC2xrYATzvyaUsRPgBSZ, 1551840282000, 1557908455000, 6068173000, 1685:36:13
3883,  CLumA9PoXvKmVP4fqBh1, 1551834012000, 1576412998000, 24578986000, 6827:29:46
3884,  w17TysdryyNTajpGa72y, 1551829000000, 1558926927000, 7097927000, 1971:38:47
3885,  o2AYhW1lbtcbPAql4Ndc, 1551803173000, 1553610662000, 1807489000, 502:04:49
3886,  g2Kdz86jMhg9LoR4MDGP, 1551802397000, 1555754949000, 3952552000, 1097:55:52
3887,  W6ViuunvyJB6LXVDND50, 1551802092000, 1561115003000, 9312911000, 2586:55:11
3888,  AKi0IfO8DbFICmxV7qG4, 1551802029000, 1561981634000, 10179605000, 2827:40:05
3889,  gbAtO9xJ2K1Woxjy2D8k, 1551800762000, 1567155330000, 15354568000, 4265:09:28
3890,  BXhn650dyeOmplZozMmr, 1551787335000, 1563617823000, 11830488000, 3286:14:48
3891,  K46k8ePDKPXrQ7i9B7Vb, 1551777327000, 1554800368000, 3023041000, 839:44:01
3892,  D3K15E5BBeZ0bzJxUO2j, 1551773673000, 1559867569000, 8093896000, 2248:18:16
3893,  K24PD61txhxKNc24X7R3, 1551772941000, 1573281729000, 21508788000, 5974:39:48
3894,  0NQ1ni55HpHOYzDfS9XM, 1551770400000, 1553126313000, 1355913000, 376:38:33
3895,  P8QMYREvrhU9KeojZsRS, 1551770138000, 1573781236000, 22011098000, 6114:11:38
3896,  WJjDufIp87alsfJwg7xs, 1551757844000, 1563282647000, 11524803000, 3201:20:03
3897,  UvGckueQbckWWKWR0SXD, 1551751820000, 1569406627000, 17654807000, 4904:06:47
3898,  jZebfZcOQhtv8O9fQW2p, 1551746348000, 1567627746000, 15881398000, 4411:29:58
3899,  7PdSzdZiIZ3xt42NMTOF, 1551732897000, 1577103928000, 25371031000, 7047:30:31
3900,  jB3O2ssgY3pJJi1uyVB1, 1551718594000, 1557684942000, 5966348000, 1657:19:08
3901,  5VymWyvSC1FKUAH2dYOd, 1551712982000, 1552361009000, 648027000, 180:00:27
3902,  CemMvgpScSuT009VgU1L, 1551710388000, 1570354140000, 18643752000, 5178:49:12
3903,  hxLmaZkr2PHFKpCvPSSr, 1551705332000, 1557552023000, 5846691000, 1624:04:51
3904,  wNPUVtsZg2P8TN4BNvwg, 1551698425000, 1576070837000, 24372412000, 6770:06:52
3905,  91SVmA5IzKHpeeg08ks3, 1551690113000, 1559554966000, 7864853000, 2184:40:53
3906,  sN2yNPmk69gbJZBUVhsj, 1551684146000, 1558881153000, 7197007000, 1999:10:07
3907,  DbxJEYKqlsgdAtABQdNx, 1551681898000, 1563085950000, 11404052000, 3167:47:32
3908,  yBG1vayAMkChoUgMyGFO, 1551678791000, 1555185874000, 3507083000, 974:11:23
3909,  ZcCrWc7pdJl7LL4FQuXp, 1551672485000, 1555840894000, 4168409000, 1157:53:29
3910,  e011pkOay5Xx5oxNxjsy, 1551652666000, 1561088290000, 9435624000, 2621:00:24
3911,  Ze4lq0wW2D48p8dEC0Yg, 1551632698000, 1570523830000, 18891132000, 5247:32:12
3912,  jmnQKRH2CSTrrtPy1hnj, 1551630966000, 1560538979000, 8908013000, 2474:26:53
3913,  pwSV6vDk71gexAOphJR2, 1551628142000, 1552319218000, 691076000, 191:57:56
3914,  KoQ2nJz4u6vicjqQoomQ, 1551612812000, 1564810703000, 13197891000, 3666:04:51
3915,  HAddWDY96J27vI6aWYo8, 1551608746000, 1553800545000, 2191799000, 608:49:59
3916,  NbCFBMaHYUjWCBoqXMbz, 1551604942000, 1553654935000, 2049993000, 569:26:33
3917,  zA3C6GNotZFIdwFgpJrR, 1551601970000, 1563718121000, 12116151000, 3365:35:51
3918,  4F3KE6zUydvgids7wBes, 1551601970000, 1566441831000, 14839861000, 4122:11:01
3919,  iix8APBy6lv1o1AByLgP, 1551601403000, 1569987623000, 18386220000, 5107:17:00
3920,  P91ACkVBy3pQuLgyCvda, 1551600098000, 1554914356000, 3314258000, 920:37:38
3921,  76Jj4GMYGSXSHYTeXCuZ, 1551598388000, 1562562879000, 10964491000, 3045:41:31
3922,  SO81pcFNRdnbxrtFtHc6, 1551591945000, 1576057201000, 24465256000, 6795:54:16
3923,  NzeSvrpduQam1GMVigC7, 1551572543000, 1577655824000, 26083281000, 7245:21:21
3924,  kQA4zl90V476YPEg5oPm, 1551570760000, 1561745403000, 10174643000, 2826:17:23
3925,  44vO5zdegIUzQO8WHr0e, 1551565213000, 1568682604000, 17117391000, 4754:49:51
3926,  Hk22WE166HxtIJMNwVCv, 1551562056000, 1568600712000, 17038656000, 4732:57:36
3927,  Efj9KZeQfGJPMRbd9ZQs, 1551561215000, 1571245119000, 19683904000, 5467:45:04
3928,  91nNplAe2UYz9dkJcEJZ, 1551558220000, 1553222260000, 1664040000, 462:14:00
3929,  Wci2KP9OKt9nX4ttHHVa, 1551550575000, 1557403844000, 5853269000, 1625:54:29
3930,  gCbBG8ymBiL1qTVgqt1m, 1551550236000, 1562275975000, 10725739000, 2979:22:19
3931,  FL6K3kYeTNRey4a4EYJ6, 1551548141000, 1555962265000, 4414124000, 1226:08:44
3932,  AlEQZehbt2l9jRYoVaY1, 1551538847000, 1573839638000, 22300791000, 6194:39:51
3933,  eG0QWjEn1KUgN7uSIZ0v, 1551536295000, 1577173071000, 25636776000, 7121:19:36
3934,  dqHPe3bUYGBdCwAl6s50, 1551532635000, 1553347534000, 1814899000, 504:08:19
3935,  p1QDWyfnphvSObFcUJAj, 1551531629000, 1569746656000, 18215027000, 5059:43:47
3936,  1tYGIbkPBVEvuskdWDkM, 1551531603000, 1568833845000, 17302242000, 4806:10:42
3937,  hbPhrOuLehIs4Zio9N8w, 1551516164000, 1564770451000, 13254287000, 3681:44:47
3938,  WewSRz3m3dxjZYVY1SAk, 1551511968000, 1572554875000, 21042907000, 5845:15:07
3939,  7BtjKs12d0GpC2h1w3xK, 1551509351000, 1565050088000, 13540737000, 3761:18:57
3940,  ErAHQndafFwgh748qN9u, 1551504820000, 1577111177000, 25606357000, 7112:52:37
3941,  rrE6uxYugItJSK5vZxFP, 1551498827000, 1569913627000, 18414800000, 5115:13:20
3942,  kU98KvDmXpEx5403oY7m, 1551495755000, 1564269736000, 12773981000, 3548:19:41
3943,  xjrTotYszGGKTvmElqFK, 1551484068000, 1572096538000, 20612470000, 5725:41:10
3944,  utQi4JTB6uZ7E6dZU1KP, 1551483947000, 1565615964000, 14132017000, 3925:33:37
3945,  21WeeKaHKFcsfOaBEieg, 1551481286000, 1558409851000, 6928565000, 1924:36:05
3946,  OC6vjoEb7q9ZWL2qhsXE, 1551470921000, 1569675192000, 18204271000, 5056:44:31
3947,  c09N4csw9kFVe1Wvabga, 1551469973000, 1574553272000, 23083299000, 6412:01:39
3948,  Mp1QqlrDsvwFtSokiYOY, 1551466959000, 1562363830000, 10896871000, 3026:54:31
3949,  PwiQvMBHp5Juc7wolXAE, 1551463587000, 1567180320000, 15716733000, 4365:45:33
3950,  Tk7NUFsLOTLjEgYJNPZj, 1551460682000, 1562698439000, 11237757000, 3121:35:57
3951,  KNdyxaMZTxosVPjDRIxm, 1551457386000, 1560947057000, 9489671000, 2636:01:11
3952,  aQtLKJdfS1aRXftA1H2b, 1551456626000, 1577679710000, 26223084000, 7284:11:24
3953,  opVDU0DcufbdUpJ53sMC, 1551454295000, 1570886717000, 19432422000, 5397:53:42
3954,  c2llZxRKAVvckiJgxhr7, 1551449834000, 1570057138000, 18607304000, 5168:41:44
3955,  H358PzZTSVjCZScRAdQE, 1551446180000, 1562143726000, 10697546000, 2971:32:26
3956,  Lr3hF5bmuexXa0KN875l, 1551437601000, 1565115350000, 13677749000, 3799:22:29
3957,  PTbzi7552JbtawwBN3eD, 1551435690000, 1557462906000, 6027216000, 1674:13:36
3958,  JKf1tvmCE4IWr83wiZRi, 1551426954000, 1571431970000, 20005016000, 5556:56:56
3959,  AeddrgQkOjBeY3KyntAy, 1551426249000, 1560741385000, 9315136000, 2587:32:16
3960,  4nvFdviChtRVA9vRWTKX, 1551425988000, 1564648020000, 13222032000, 3672:47:12
3961,  HYWiUuus3b0T5yOkUjXs, 1551419107000, 1567463163000, 16044056000, 4456:40:56
3962,  PMzBMQ63Q1gGzuwofcHE, 1551415648000, 1566466590000, 15050942000, 4180:49:02
3963,  G3OHfwBfirYkQAslreaW, 1551411938000, 1556040023000, 4628085000, 1285:34:45
3964,  J47ZbH97IWjWcfs1lZiI, 1551393637000, 1576865448000, 25471811000, 7075:30:11
3965,  7kbG2BAnz8reZvBMM0Gq, 1551389307000, 1570672601000, 19283294000, 5356:28:14
3966,  PBVALtAnW5wCOyeMpNPS, 1551385589000, 1558132664000, 6747075000, 1874:11:15
3967,  vf7ZnPCh0YEi4fZ7ylor, 1551382391000, 1575141609000, 23759218000, 6599:46:58
3968,  mB7kmSVxTMRETJHOlg62, 1551380766000, 1560259919000, 8879153000, 2466:25:53
3969,  LrIowLdIxmB5vTIllkrZ, 1551373868000, 1576364712000, 24990844000, 6941:54:04
3970,  PpRZWeu6WRXUsiqSeSvC, 1551357535000, 1559838161000, 8480626000, 2355:43:46
3971,  nmMfl5qVejQLCHYBbeTL, 1551356990000, 1571762119000, 20405129000, 5668:05:29
3972,  c7PbguH9YKTH1U0EjBDa, 1551356474000, 1560521529000, 9165055000, 2545:50:55
3973,  eli1wvBkztTDIQ2HoioO, 1551347192000, 1558820270000, 7473078000, 2075:51:18
3974,  mpCnHVlXC1OuXOJGnRO9, 1551343235000, 1567427470000, 16084235000, 4467:50:35
3975,  KM7hVSQSDua7oGd4ntam, 1551342174000, 1551742501000, 400327000, 111:12:07
3976,  VJzJEPBJu3wMjw0DbLOS, 1551342007000, 1565257291000, 13915284000, 3865:21:24
3977,  QzJhRnrT6bOMTnBOBfjA, 1551338788000, 1567670900000, 16332112000, 4536:41:52
3978,  6cLOHzCl8IsNgVf4OSQh, 1551338149000, 1567239176000, 15901027000, 4416:57:07
3979,  fX7opciL90mS874nUUOh, 1551326240000, 1574451428000, 23125188000, 6423:39:48
3980,  dVX6Txx4IkLdz4lCOn3u, 1551322207000, 1570777895000, 19455688000, 5404:21:28
3981,  iXS8qhBSrY9njyvtRvfT, 1551310713000, 1556244120000, 4933407000, 1370:23:27
3982,  vT8VNEPVvntXRDlW4B4X, 1551299524000, 1573437558000, 22138034000, 6149:27:14
3983,  J7sk2DUHBORoIO3M6eu3, 1551295167000, 1572015740000, 20720573000, 5755:42:53
3984,  4SzOTocA1CxDsPK3gfPF, 1551288151000, 1557025115000, 5736964000, 1593:36:04
3985,  BLBMGH6cG8yOtWlYDEEp, 1551279982000, 1565629030000, 14349048000, 3985:50:48
3986,  NuUfydF7NYygf3GNhlbB, 1551264893000, 1565985348000, 14720455000, 4089:00:55
3987,  q3N4pBBh41I3xarl5g2B, 1551262672000, 1567400104000, 16137432000, 4482:37:12
3988,  smoIq1GCel8tO0w6pGh9, 1551248548000, 1553476928000, 2228380000, 618:59:40
3989,  WeDYhafARUFQBa014VGc, 1551238050000, 1568304238000, 17066188000, 4740:36:28
3990,  4827sblUT2m0o8AGp4jX, 1551237393000, 1570528798000, 19291405000, 5358:43:25
3991,  RdaeYEVlONslSpJYzNvr, 1551224918000, 1552811857000, 1586939000, 440:48:59
3992,  bPIy9nCnon5tMv7ydHIP, 1551220162000, 1554805461000, 3585299000, 995:54:59
3993,  8rxYQDkYeWAhbgFJlxsH, 1551208853000, 1569808286000, 18599433000, 5166:30:33
3994,  kj5asVGVZfpwixhr2dYO, 1551198867000, 1563163269000, 11964402000, 3323:26:42
3995,  JgvgaOLcRxQk9r6WwcKm, 1551196852000, 1571913022000, 20716170000, 5754:29:30
3996,  JPhDHl26pM3UmiND7Uw2, 1551192979000, 1568025502000, 16832523000, 4675:42:03
3997,  dJz62heLWquWCaEGAPVW, 1551182810000, 1570237048000, 19054238000, 5292:50:38
3998,  qw2hWpGWxVpiYhkc2a4a, 1551166706000, 1555083542000, 3916836000, 1088:00:36
3999,  cLZZwk0EtSFtWU4LdTo2, 1551150433000, 1572440967000, 21290534000, 5914:02:14
4000,  0BzwkCqd8NwSkjCyIaqQ, 1551149329000, 1575160901000, 24011572000, 6669:52:52
4001,  KOQpBDLVJ8Se0b7cQ6iy, 1551136047000, 1552265072000, 1129025000, 313:37:05
4002,  50vr49h0BXdhttJSBNOX, 1551135649000, 1553093665000, 1958016000, 543:53:36
4003,  VjyR93JQURxV8QoMk45F, 1551131424000, 1567246121000, 16114697000, 4476:18:17
4004,  OJqY9RmfJ0waKw1wfCX1, 1551126871000, 1567683119000, 16556248000, 4598:57:28
4005,  RzJvuUdNYJfB3NV3mnR7, 1551102665000, 1556367839000, 5265174000, 1462:32:54
4006,  v9gFOOdU4ZlIUjtSr7KJ, 1551101406000, 1565139069000, 14037663000, 3899:21:03
4007,  4UyrOkRrDW5ZtH5jI0gC, 1551094003000, 1574566666000, 23472663000, 6520:11:03
4008,  FhFVozjKt1ozJn36eBbW, 1551092160000, 1553697631000, 2605471000, 723:44:31
4009,  TxIHfsSe33lEkUUiFrXB, 1551087880000, 1561658685000, 10570805000, 2936:20:05
4010,  0FDRUI254ehoOtV1VtBw, 1551085833000, 1575215249000, 24129416000, 6702:36:56
4011,  jWWI2z96sHbPEHPEiH4P, 1551073722000, 1565668204000, 14594482000, 4054:01:22
4012,  hSYwBcud4NDet0JPQkFe, 1551059633000, 1566950435000, 15890802000, 4414:06:42
4013,  rtTeiOqQl8SZ1XDvzts3, 1551034691000, 1562365366000, 11330675000, 3147:24:35
4014,  RaKGn9L6O904QvMiZXcG, 1551028563000, 1575303393000, 24274830000, 6743:00:30
4015,  hgx76DsSGWaDZWlG04vo, 1551018192000, 1565954438000, 14936246000, 4148:57:26
4016,  eqFwQiqY9bB7ewQYQ3zL, 1551010820000, 1571037027000, 20026207000, 5562:50:07
4017,  GTy2xLgprLihsrO4nePh, 1551007156000, 1566228191000, 15221035000, 4228:03:55
4018,  MJo2rhF2NVD1Sidh00Y2, 1551000052000, 1576324500000, 25324448000, 7034:34:08
4019,  E2WOMixRPGnXbLH8g3ar, 1550989779000, 1569620022000, 18630243000, 5175:04:03
4020,  Ic4RswAzIVtsyVgDoIl5, 1550971782000, 1559496361000, 8524579000, 2367:56:19
4021,  TQLD1Osg6HU54WiZZBUs, 1550962873000, 1557334060000, 6371187000, 1769:46:27
4022,  TJIdsD48xh6uOTvDetJP, 1550962543000, 1573812889000, 22850346000, 6347:19:06
4023,  Sgdnf8eW5LcmO1B0llEX, 1550958838000, 1572487523000, 21528685000, 5980:11:25
4024,  Alx6Afx0sbjuZo5ieLXc, 1550954082000, 1568254400000, 17300318000, 4805:38:38
4025,  V6QV0ZW8JY4oIqsfCVIM, 1550952664000, 1569954200000, 19001536000, 5278:12:16
4026,  4pulEIXpUeEl1oHgsm4j, 1550951699000, 1559753190000, 8801491000, 2444:51:31
4027,  rhLXmVhs8acOpMcd7j41, 1550939573000, 1563379625000, 12440052000, 3455:34:12
4028,  7yoWiOxnrmxIEzPfvJhw, 1550926082000, 1569377114000, 18451032000, 5125:17:12
4029,  vOi09xZyiDZImuSiET4p, 1550924659000, 1574342824000, 23418165000, 6505:02:45
4030,  rfi6FHgmlTa8c0Zpy2I5, 1550921715000, 1570635096000, 19713381000, 5475:56:21
4031,  GWWDyf1PSLXeuSW3nZbL, 1550921278000, 1566915723000, 15994445000, 4442:54:05
4032,  YWXYl0yXB0I684qodkDa, 1550916021000, 1553414493000, 2498472000, 694:01:12
4033,  XmnAXeJ1aftTosK2ekJC, 1550911836000, 1576015207000, 25103371000, 6973:09:31
4034,  KaQjU0QXHOH6IIafXpaI, 1550910869000, 1559382490000, 8471621000, 2353:13:41
4035,  sXu7n7Apzmhn1JOwoDbp, 1550905245000, 1572645352000, 21740107000, 6038:55:07
4036,  qOF2EGBbzmtZ1jPP7X0V, 1550904378000, 1576187580000, 25283202000, 7023:06:42
4037,  vn5HS1P9XGulkdrQN0fJ, 1550897987000, 1565347561000, 14449574000, 4013:46:14
4038,  O5uIIr0Ei7m6S7w72w5a, 1550895455000, 1570694782000, 19799327000, 5499:48:47
4039,  EMjXay6C2e3AFwrT7I4A, 1550893097000, 1559965788000, 9072691000, 2520:11:31
4040,  b9G0BGPkb0aeqa767VKq, 1550887884000, 1577724713000, 26836829000, 7454:40:29
4041,  piCaTeLgMnllhktbx8Nv, 1550881574000, 1569311975000, 18430401000, 5119:33:21
4042,  ImzUaGlDsuSeAX0Q3OGn, 1550870250000, 1556886414000, 6016164000, 1671:09:24
4043,  H6xoO2FwsniBAKjQrL6A, 1550859852000, 1575569323000, 24709471000, 6863:44:31
4044,  9iHXHDQiUvm4pTsK45LE, 1550856141000, 1571737712000, 20881571000, 5800:26:11
4045,  ZQuJxTZhsr5hnvGIMZzo, 1550855075000, 1576477908000, 25622833000, 7117:27:13
4046,  H9BAXgTYfXiAEk9sjuEs, 1550854883000, 1555638341000, 4783458000, 1328:44:18
4047,  tlLK7HBNlCFuAxHfFuho, 1550848853000, 1558426658000, 7577805000, 2104:56:45
4048,  xOnhyAQqJu5P0NbbFAWv, 1550845680000, 1561079523000, 10233843000, 2842:44:03
4049,  ZIeIjbyJ7ynffCOJoBsQ, 1550844035000, 1558083489000, 7239454000, 2010:57:34
4050,  kafRB6lIV2cmpaFz8lf4, 1550827191000, 1563933732000, 13106541000, 3640:42:21
4051,  69s9sBP4oQnVW3jVJ5lt, 1550820951000, 1563422168000, 12601217000, 3500:20:17
4052,  eyZBjLdhxOUVMPiGbq8w, 1550818520000, 1563973894000, 13155374000, 3654:16:14
4053,  b7nsRmHWXapDEH9EvZM1, 1550818302000, 1573070405000, 22252103000, 6181:08:23
4054,  RQS1kOC74D4sq8NyNCSg, 1550813596000, 1561663648000, 10850052000, 3013:54:12
4055,  C7ncutAzEP8GLFbiQ6VM, 1550811770000, 1559285680000, 8473910000, 2353:51:50
4056,  biC2j4HOFm8ku8HcNDXp, 1550809243000, 1577470991000, 26661748000, 7406:02:28
4057,  7iHUilvHBVk2Rr0N2Yfx, 1550808263000, 1564112204000, 13303941000, 3695:32:21
4058,  cnoWmcmxXPtbtVpN4zwC, 1550806348000, 1575667868000, 24861520000, 6905:58:40
4059,  9PT3Igm9pWtu0SmEYJiN, 1550796473000, 1565417427000, 14620954000, 4061:22:34
4060,  W1tEl9b1Gt58P9wKkFgH, 1550795839000, 1576779988000, 25984149000, 7217:49:09
4061,  AZa7G2VQhGoEzRkPWchv, 1550781179000, 1552467361000, 1686182000, 468:23:02
4062,  hFFSfjj8b65TcZbOldPT, 1550779942000, 1552243260000, 1463318000, 406:28:38
4063,  5HhQ0S5DPaiVpAicmHRG, 1550779285000, 1575659224000, 24879939000, 6911:05:39
4064,  xPLTFxdP6OxfasGmMPqV, 1550778985000, 1551202454000, 423469000, 117:37:49
4065,  loivnD5eqQ4iQbwGpfvd, 1550773976000, 1561140319000, 10366343000, 2879:32:23
4066,  yZOaNqR0WzWTwfLNbatq, 1550773478000, 1553467138000, 2693660000, 748:14:20
4067,  2QFsYlqcK5Q2Gcn883sS, 1550769519000, 1574675501000, 23905982000, 6640:33:02
4068,  63nyXqHflbKFyHnAYKg6, 1550746141000, 1573422395000, 22676254000, 6298:57:34
4069,  aob9PGzD5dZhj358d5hT, 1550745501000, 1570245015000, 19499514000, 5416:31:54
4070,  srfxsE8GlZXLMAvwh6Rd, 1550731457000, 1566962120000, 16230663000, 4508:31:03
4071,  6XnMo9ZqXDG65Dc7oJlD, 1550720149000, 1555434722000, 4714573000, 1309:36:13
4072,  ccgtiXXW0nS7pw5EKZdO, 1550718542000, 1576816473000, 26097931000, 7249:25:31
4073,  vVagV11XNJMJc9pva6lA, 1550708393000, 1571770993000, 21062600000, 5850:43:20
4074,  2vaSq1KmIf5CCLP091W6, 1550701071000, 1553847901000, 3146830000, 874:07:10
4075,  wjmqe9ML4JkvpOgQvO1o, 1550687915000, 1562591709000, 11903794000, 3306:36:34
4076,  n0ZMa5rTtdMCgeBfXSNt, 1550685582000, 1563227911000, 12542329000, 3483:58:49
4077,  HE4PHNeBsKYN9EI7XNka, 1550683207000, 1573461206000, 22777999000, 6327:13:19
4078,  VVnyTUWJq96q1fGXPgjI, 1550661973000, 1573323533000, 22661560000, 6294:52:40
4079,  eyP8d1wstIV6kNJmY10m, 1550656820000, 1551201085000, 544265000, 151:11:05
4080,  RFISUHaHFvl16CrS2gQX, 1550654524000, 1551091019000, 436495000, 121:14:55
4081,  2cVH1CduxguU5rJDTkq8, 1550654442000, 1569242006000, 18587564000, 5163:12:44
4082,  E3GpBuBnqvczFX5oBss1, 1550653383000, 1554338461000, 3685078000, 1023:37:58
4083,  1RYSrm2jAZuVlcO8wng8, 1550650934000, 1559388505000, 8737571000, 2427:06:11
4084,  sn0mU0FW2383iU3dCKkC, 1550629956000, 1552962022000, 2332066000, 647:47:46
4085,  3AqSaFURY5641sguCdoc, 1550611092000, 1576265529000, 25654437000, 7126:13:57
4086,  gGA9I7pCkKUIOrlJsS4g, 1550586138000, 1575336750000, 24750612000, 6875:10:12
4087,  SoZn3qj12VuBKx7O0jpp, 1550574842000, 1558430384000, 7855542000, 2182:05:42
4088,  cw1c2uhorf75j4fxsaxo, 1550571610000, 1555268380000, 4696770000, 1304:39:30
4089,  rp96loCmOUJhxElSpnKp, 1550546030000, 1569787820000, 19241790000, 5344:56:30
4090,  XwMDBZGhGm2KbxdhkuBW, 1550534087000, 1561826605000, 11292518000, 3136:48:38
4091,  9yt5SkFXvTaxBUz68O11, 1550523426000, 1560769891000, 10246465000, 2846:14:25
4092,  HcleQgEXme3lISHQ6EKC, 1550523358000, 1573527007000, 23003649000, 6389:54:09
4093,  x8uJowBU9uyx0YXZ1tbz, 1550517934000, 1562910242000, 12392308000, 3442:18:28
4094,  vnqziy9WmZacsDEJ6Yos, 1550512974000, 1550535244000, 22270000, 06:11:10
4095,  EEciv3LnVLywLB7P7VcN, 1550512742000, 1576299931000, 25787189000, 7163:06:29
4096,  n3KqIjhAbhGYZCTVs83g, 1550511939000, 1555053854000, 4541915000, 1261:38:35
4097,  GcPFbvVah5qU0oLqEW8y, 1550510560000, 1577426437000, 26915877000, 7476:37:57
4098,  y2HDx7u9iGBI5cVI5uGW, 1550510194000, 1573739856000, 23229662000, 6452:41:02
4099,  nV1fTVWvQxu3e7uBoqMT, 1550509766000, 1561438070000, 10928304000, 3035:38:24
4100,  bKs3CZyKtG9yMQ0Wa07N, 1550509490000, 1571816588000, 21307098000, 5918:38:18
4101,  8py5Y1xm7t0rtjzQed6t, 1550501108000, 1576085549000, 25584441000, 7106:47:21
4102,  b8aYXhIjKBH1Vhua8juy, 1550491407000, 1564262541000, 13771134000, 3825:18:54
4103,  Zlp0ykBVgxtz3eWhWNAj, 1550474111000, 1571953712000, 21479601000, 5966:33:21
4104,  3EqdWV6nMoxPEHdB7o3L, 1550471786000, 1560790708000, 10318922000, 2866:22:02
4105,  fMd7xTgmTrDwZArDH7p6, 1550469494000, 1575495199000, 25025705000, 6951:35:05
4106,  Ey7xj5xwUjnvPjvlS1Nh, 1550469245000, 1557838855000, 7369610000, 2047:06:50
4107,  X62IHdgGJAtDr1lysULA, 1550468092000, 1556364427000, 5896335000, 1637:52:15
4108,  8SlDSqYNe4th4XbHUcHM, 1550462190000, 1552921134000, 2458944000, 683:02:24
4109,  MH367ZJtHnNGtOwx9mKc, 1550449295000, 1566967766000, 16518471000, 4588:27:51
4110,  VxLq8RYY5Q26Nordkwj9, 1550424663000, 1571215667000, 20791004000, 5775:16:44
4111,  Ia1ArUaTABX6JSxKk1kn, 1550421506000, 1562950089000, 12528583000, 3480:09:43
4112,  uuLVVOV0jx8B0hVSGMp6, 1550402652000, 1568038953000, 17636301000, 4898:58:21
4113,  7bRN0TtaZsEODkvQBncG, 1550391749000, 1565049960000, 14658211000, 4071:43:31
4114,  Ahj9pYCFHjYFklhxSpcx, 1550380045000, 1567523267000, 17143222000, 4762:00:22
4115,  BvnvxGHscrvhnjJRt5rS, 1550370542000, 1552360425000, 1989883000, 552:44:43
4116,  bhp2acWZwAYOWLRkpIyX, 1550365703000, 1561443934000, 11078231000, 3077:17:11
4117,  gKpWixzPbPcNL1zJeIax, 1550360635000, 1574650496000, 24289861000, 6747:11:01
4118,  hvwzFiPW4pKzLNYDjbSb, 1550359292000, 1569600950000, 19241658000, 5344:54:18
4119,  nKL5RE4bfpYPU4hmhMbQ, 1550359246000, 1576403950000, 26044704000, 7234:38:24
4120,  bSnynrEBGsm5Pz9ZiRiS, 1550356854000, 1571965600000, 21608746000, 6002:25:46
4121,  uPfL7yqs6YWsYupQJee5, 1550350777000, 1553458408000, 3107631000, 863:13:51
4122,  5nKhd2GSpScnOcaRGLZq, 1550350367000, 1576983844000, 26633477000, 7398:11:17
4123,  nl00fFJA4Pq9iqCuReNl, 1550329226000, 1575286777000, 24957551000, 6932:39:11
4124,  7NdvbbZE1ALqAN4UStlB, 1550325074000, 1557646846000, 7321772000, 2033:49:32
4125,  RtlKahMLKGBdTvGQb7SL, 1550320318000, 1556249923000, 5929605000, 1647:06:45
4126,  wdOLEiYGqJL8244lLpLk, 1550315631000, 1553206697000, 2891066000, 803:04:26
4127,  WFgnVQgWjO9dBZ8yhFu3, 1550303312000, 1555954121000, 5650809000, 1569:40:09
4128,  BSMmuZ0OhpfHsNecvEDZ, 1550302379000, 1569682443000, 19380064000, 5383:21:04
4129,  YLEL1mME0kP213jSTNRK, 1550292541000, 1551543125000, 1250584000, 347:23:04
4130,  7ql27nawNydPJFINLm62, 1550292028000, 1576298698000, 26006670000, 7224:04:30
4131,  gWiaHWpgsKHgBjS9Aect, 1550291823000, 1558279365000, 7987542000, 2218:45:42
4132,  OzHbfuCKcQkGb6oK0mlx, 1550278986000, 1575510595000, 25231609000, 7008:46:49
4133,  yCr3UX6yc84JR4eSE06J, 1550278385000, 1577010567000, 26732182000, 7425:36:22
4134,  RUEHkPTIimHGoHPXxmaY, 1550277134000, 1558526787000, 8249653000, 2291:34:13
4135,  dSMT8W9LmrxmKUg4fJTW, 1550272503000, 1560711303000, 10438800000, 2899:40:00
4136,  QAuLVaEHOlXhxou2osL4, 1550270237000, 1551831482000, 1561245000, 433:40:45
4137,  fwioEcKZiruOW17GOhnG, 1550265354000, 1570771055000, 20505701000, 5696:01:41
4138,  WPxypNMXYn0osE1JFmJu, 1550259501000, 1550275776000, 16275000, 04:31:15
4139,  My5ZdYHn2qgYV0JkLFcT, 1550259244000, 1574024721000, 23765477000, 6601:31:17
4140,  4Fpe8VAgCZmhNKWX31MO, 1550258579000, 1561085089000, 10826510000, 3007:21:50
4141,  XFhERzFuvN0vRi9nwldL, 1550238331000, 1561397775000, 11159444000, 3099:50:44
4142,  7tFCIIiutrpp4DHReYWU, 1550225294000, 1568466646000, 18241352000, 5067:02:32
4143,  1ac8qcseidJ4gDRvnHCh, 1550224148000, 1553845576000, 3621428000, 1005:57:08
4144,  HhLUAfXh7tCOvYzj2JY2, 1550223040000, 1567917364000, 17694324000, 4915:05:24
4145,  0UWbdOfwmDI8PQ6d8eAh, 1550217321000, 1576465424000, 26248103000, 7291:08:23
4146,  px6jQIYi79qta0MWJmy5, 1550209255000, 1561061819000, 10852564000, 3014:36:04
4147,  1a2F6BDKollu8ny8OYIW, 1550206500000, 1561485169000, 11278669000, 3132:57:49
4148,  FfRLpyz7C7rBtqSFbWeM, 1550204521000, 1553796229000, 3591708000, 997:41:48
4149,  9whzdtDhuTcOV6Wvei42, 1550202136000, 1566946109000, 16743973000, 4651:06:13
4150,  6iS9m7lq9nSv5ZCslge1, 1550201940000, 1565931933000, 15729993000, 4369:26:33
4151,  q2KAm2zYAo9wyyFVGQLN, 1550197867000, 1558085735000, 7887868000, 2191:04:28
4152,  iX25yOjyd4hwTgl0wiEt, 1550195492000, 1554578130000, 4382638000, 1217:23:58
4153,  OeHIiH0B3Y1zYnPfVjOJ, 1550192314000, 1565623781000, 15431467000, 4286:31:07
4154,  Gdw2qcz4Hflu4EWL55wG, 1550177915000, 1553189539000, 3011624000, 836:33:44
4155,  jZ6PvR65uUyRafqn9RIF, 1550176281000, 1568615327000, 18439046000, 5121:57:26
4156,  tHBIV6VCItTPY3dobUqj, 1550168537000, 1553564313000, 3395776000, 943:16:16
4157,  vQf8jJGlZi37QkUXf87i, 1550152920000, 1557644568000, 7491648000, 2081:00:48
4158,  GqNGwsYZXUt2eqJKZ9cj, 1550148416000, 1552424488000, 2276072000, 632:14:32
4159,  YS45CTKoutDxUDr7WfBs, 1550147698000, 1554805442000, 4657744000, 1293:49:04
4160,  YXvp8H9DGXyftoUWXpup, 1550146493000, 1569166997000, 19020504000, 5283:28:24
4161,  tSGVxvL59OtYH1a8Pwcc, 1550142741000, 1558715685000, 8572944000, 2381:22:24
4162,  GulIIDXFpF1C6D6JMq0k, 1550139925000, 1572397541000, 22257616000, 6182:40:16
4163,  KLfbpb4Ah056iyDk7CLT, 1550132322000, 1554958675000, 4826353000, 1340:39:13
4164,  ljIJPO1XZKKsEGyhKOeU, 1550124630000, 1562246446000, 12121816000, 3367:10:16
4165,  uYcgm7lD0rfT0jYJL58h, 1550123383000, 1575823380000, 25699997000, 7138:53:17
4166,  eTwDCrDihGvEuGIkcxHg, 1550114462000, 1567584496000, 17470034000, 4852:47:14
4167,  IFXb2mBEmkzX6m10UVup, 1550109934000, 1554187441000, 4077507000, 1132:38:27
4168,  qqA0OMOfTCMQSUK9VySp, 1550103537000, 1557231968000, 7128431000, 1980:07:11
4169,  swmFGzK247tr5MQliXyf, 1550099756000, 1566929442000, 16829686000, 4674:54:46
4170,  nsqUGW6rVVk2SeL8OFyO, 1550078432000, 1555554016000, 5475584000, 1520:59:44
4171,  Qwd6q9M3zI3kfvtEb0OR, 1550076764000, 1552746343000, 2669579000, 741:32:59
4172,  4H5VtiSFgKJ4LhQP0g9K, 1550070162000, 1555027005000, 4956843000, 1376:54:03
4173,  YEGmBL0slFsctOJ9bmQT, 1550066468000, 1558153369000, 8086901000, 2246:21:41
4174,  q0iwvKCLd5Z5TTpLYEnR, 1550060353000, 1573897506000, 23837153000, 6621:25:53
4175,  RC0eqMP0D3Wyw7JjXxU6, 1550058441000, 1559800538000, 9742097000, 2706:08:17
4176,  wKRVKj1uIThwRHJCY0Fe, 1550045246000, 1565838769000, 15793523000, 4387:05:23
4177,  Q0tYb1EPic5p8geGq9wQ, 1550043274000, 1551984981000, 1941707000, 539:21:47
4178,  zOSE98m6KKTz15kRPh1F, 1550031333000, 1572362876000, 22331543000, 6203:12:23
4179,  1ONHwKjCfNohvh6TkWe3, 1550022971000, 1551784260000, 1761289000, 489:14:49
4180,  NmemAN3Mvrk6aWCRgaUy, 1550012951000, 1566790754000, 16777803000, 4660:30:03
4181,  qL1MEnimg0DD5nQbCMhj, 1550011163000, 1566313620000, 16302457000, 4528:27:37
4182,  jpzAwlSSOU3E4evHWf1e, 1550008958000, 1562560420000, 12551462000, 3486:31:02
4183,  GsOFI8ulifXGoW8Vfpq9, 1550008292000, 1574150384000, 24142092000, 6706:08:12
4184,  hWQJjFzJKnqJpT5NdzYK, 1549980774000, 1551607290000, 1626516000, 451:48:36
4185,  8looKx4y7rSM7NwwU9nm, 1549972508000, 1568513284000, 18540776000, 5150:12:56
4186,  DgK64uCyWq8dnJGWo43V, 1549968836000, 1556524313000, 6555477000, 1820:57:57
4187,  dmPa52a2XZm05FxsJTh7, 1549968540000, 1557171454000, 7202914000, 2000:48:34
4188,  drcw1n49CuFQFfvMbKPq, 1549965005000, 1573372208000, 23407203000, 6502:00:03
4189,  KMc0Bk0ogNa93B4ZonZZ, 1549937156000, 1577630455000, 27693299000, 7692:34:59
4190,  4oQ4DzSaN1qYzNbYKUsx, 1549937049000, 1559932057000, 9995008000, 2776:23:28
4191,  eG52yuayL2TiOT6giGiT, 1549926873000, 1568163525000, 18236652000, 5065:44:12
4192,  Sm5b9DwKUslOpqpSlbrE, 1549917648000, 1559584156000, 9666508000, 2685:08:28
4193,  Vjoldebtymvgt8Ka0b6c, 1549912495000, 1561304196000, 11391701000, 3164:21:41
4194,  hZh9Vp6fVRjR1yIpzI3X, 1549910416000, 1560225900000, 10315484000, 2865:24:44
4195,  orgamzgh8QmXGBIa5qLO, 1549908541000, 1554118957000, 4210416000, 1169:33:36
4196,  0fN1iAr15X0lC2sww7ps, 1549895950000, 1555024614000, 5128664000, 1424:37:44
4197,  Akqj3vXPIZ4wKKoBtlGN, 1549892325000, 1551912047000, 2019722000, 561:02:02
4198,  Vx3JcLhAc2FC6LivQsn9, 1549872908000, 1562880951000, 13008043000, 3613:20:43
4199,  Tniinnqw3J9kXPQGJzKS, 1549862957000, 1577182119000, 27319162000, 7588:39:22
4200,  87BSlapqvoAjNfClTFMF, 1549860635000, 1560768759000, 10908124000, 3030:02:04
4201,  7mFBBkjLztxevj3RyOUG, 1549856526000, 1553407426000, 3550900000, 986:21:40
4202,  aTEdcqceRpETdgYOcy3n, 1549849635000, 1551313838000, 1464203000, 406:43:23
4203,  hV41tnM9gaKOhoMzRUDu, 1549844687000, 1560079018000, 10234331000, 2842:52:11
4204,  hagPFsSnCAFT2xJNrQbN, 1549816267000, 1573229316000, 23413049000, 6503:37:29
4205,  IrXg7wA4mg2vqdnFr3Vv, 1549809033000, 1555003078000, 5194045000, 1442:47:25
4206,  GFdJeWlSOcc5y7wue3eo, 1549807373000, 1572094561000, 22287188000, 6190:53:08
4207,  UAKqVtZle31Bl5pZSC6h, 1549807359000, 1572997113000, 23189754000, 6441:35:54
4208,  ESXUvSsv34OwqKgXvqGb, 1549790630000, 1551896514000, 2105884000, 584:58:04
4209,  XYSWJdc5wRSmLkdH4Tet, 1549769488000, 1571337974000, 21568486000, 5991:14:46
4210,  b6vp2hIhRfl2B0HRSLmX, 1549767328000, 1555064065000, 5296737000, 1471:18:57
4211,  5idOy1hPg2vfvLb0jdks, 1549765988000, 1575676938000, 25910950000, 7197:29:10
4212,  FhDqtJaw4ud1J5xGSIG1, 1549761884000, 1553713035000, 3951151000, 1097:32:31
4213,  XUFYMCcyxyAcmeVzwopp, 1549756760000, 1575541507000, 25784747000, 7162:25:47
4214,  AloReveKTQvJPq8PLNUl, 1549754382000, 1570435230000, 20680848000, 5744:40:48
4215,  4SulvYouxQsoJuDZo07Y, 1549749565000, 1562321617000, 12572052000, 3492:14:12
4216,  IVEByldPdUfQBMRQ8c6e, 1549746934000, 1575495588000, 25748654000, 7152:24:14
4217,  UDOt4Dq8HpyiQri1EGNb, 1549742484000, 1554495344000, 4752860000, 1320:14:20
4218,  bqJtPjZ7CFVOQm88h097, 1549728796000, 1549762543000, 33747000, 09:22:27
4219,  cksqbSwjIxvb4SMvSfq5, 1549727343000, 1562546044000, 12818701000, 3560:45:01
4220,  qM5bqTQjrbDUt0EdYwWg, 1549726932000, 1562891547000, 13164615000, 3656:50:15
4221,  fskIaGgLxrsm9VjHCJ8D, 1549718503000, 1569150346000, 19431843000, 5397:44:03
4222,  2rX41b8jReLzWUv3uVKY, 1549710462000, 1564776654000, 15066192000, 4185:03:12
4223,  gXMzCv4HOaL0cjWL1P1g, 1549707010000, 1554353216000, 4646206000, 1290:36:46
4224,  OQv0E0RHIbUla4QkW7N4, 1549682220000, 1569321185000, 19638965000, 5455:16:05
4225,  JCjnk81P8PcI8kzhAHOZ, 1549658745000, 1564188811000, 14530066000, 4036:07:46
4226,  AXeuqQGhxVuIGVwHUCV8, 1549657861000, 1551911526000, 2253665000, 626:01:05
4227,  Sd3YL9huH4qOoeCgSX3x, 1549657763000, 1556184197000, 6526434000, 1812:53:54
4228,  8zJylSKxCpHw7jszIJFr, 1549654478000, 1567271176000, 17616698000, 4893:31:38
4229,  IBzCH44pShsoBjs1ZmRe, 1549641347000, 1574315374000, 24674027000, 6853:53:47
4230,  4wgwI9j6ArempKOeghPo, 1549638272000, 1571640788000, 22002516000, 6111:48:36
4231,  322Ee99obWHHg269Qfa7, 1549635928000, 1574482161000, 24846233000, 6901:43:53
4232,  7sPhYANdYeoo6Ust3dgI, 1549634408000, 1571053423000, 21419015000, 5949:43:35
4233,  3pYijKHvcrhIGXllpe6f, 1549629595000, 1560708660000, 11079065000, 3077:31:05
4234,  4u24A8MY46VuUou95q2D, 1549624349000, 1554452618000, 4828269000, 1341:11:09
4235,  sQ0HKvPGH962VOOwvpQ6, 1549614996000, 1570876680000, 21261684000, 5906:01:24
4236,  vJ7g2N9fdk0gkZpkOgjy, 1549610558000, 1557120634000, 7510076000, 2086:07:56
4237,  C0DXgU6xwDMqxTaEiGfI, 1549599252000, 1561335850000, 11736598000, 3260:09:58
4238,  Ik9rndt6fnCAoNwiaxyu, 1549597855000, 1552435292000, 2837437000, 788:10:37
4239,  y8PF2qks7KbQFJbwgMJG, 1549595183000, 1567169701000, 17574518000, 4881:48:38
4240,  M1xMxihhMnyGYyoD7Spi, 1549591589000, 1555806538000, 6214949000, 1726:22:29
4241,  DszaGlNwpz9MlR2vVwP0, 1549589541000, 1569224153000, 19634612000, 5454:03:32
4242,  YAyJOjeJZ0skfsafvV0Q, 1549578969000, 1555829827000, 6250858000, 1736:20:58
4243,  E8bRpvN945XYqTW7vQcC, 1549575985000, 1570397371000, 20821386000, 5783:43:06
4244,  IGoLJqiP3Vro9hInaYKa, 1549568782000, 1563286239000, 13717457000, 3810:24:17
4245,  fFT2ici2SwFOBAQhucfr, 1549558884000, 1551603846000, 2044962000, 568:02:42
4246,  amXg0Ux254INizvJ2eUS, 1549554617000, 1574933778000, 25379161000, 7049:46:01
4247,  YJ927G9e4XReH8J2Kc94, 1549549202000, 1567886839000, 18337637000, 5093:47:17
4248,  vSmxP4b6nkdSBm1tIBUR, 1549546448000, 1558525069000, 8978621000, 2494:03:41
4249,  WsQsCFQyogtlfBfomq01, 1549542748000, 1570533775000, 20991027000, 5830:50:27
4250,  VBeWGLqshUTsXIuryj44, 1549541384000, 1562629852000, 13088468000, 3635:41:08
4251,  Oi9knZJzvM8nmdJ5cPYP, 1549540003000, 1574793949000, 25253946000, 7014:59:06
4252,  qfNCbBIvDLb9fCwhnDYI, 1549537910000, 1549950067000, 412157000, 114:29:17
4253,  IUNUV1oC8VHljrbMUYLh, 1549535906000, 1561632771000, 12096865000, 3360:14:25
4254,  ka7sOF29WVQtIX4udtZg, 1549534997000, 1572647344000, 23112347000, 6420:05:47
4255,  HI2ouEzF7H8amhlEP8ig, 1549530971000, 1557704185000, 8173214000, 2270:20:14
4256,  7uMJfyKDLNU74QDHJiny, 1549522767000, 1577633596000, 28110829000, 7808:33:49
4257,  3CBoOP7zwV4rNcycwR7S, 1549513453000, 1555122959000, 5609506000, 1558:11:46
4258,  U8SVGwiCvFlWtv7v6aZD, 1549506906000, 1566288298000, 16781392000, 4661:29:52
4259,  aS1TmGv43mHEd9fKfX6r, 1549506292000, 1564434196000, 14927904000, 4146:38:24
4260,  lQHUIQpkdhn220JwKAFv, 1549499420000, 1571057094000, 21557674000, 5988:14:34
4261,  uDWNtVmQmF6pKi9V3QWR, 1549463375000, 1568013939000, 18550564000, 5152:56:04
4262,  U0OBsH8Yz38oBpFzjA1h, 1549459833000, 1551303271000, 1843438000, 512:03:58
4263,  Anvb36xGDSacAvu6QWe4, 1549459826000, 1549914049000, 454223000, 126:10:23
4264,  dOGo1sASQl0ko3semmRo, 1549458412000, 1563738992000, 14280580000, 3966:49:40
4265,  LWbcDRERkCiBMH1TcHGi, 1549452371000, 1577434028000, 27981657000, 7772:40:57
4266,  hdldDv9oAMk1IkwFjnCT, 1549444823000, 1551641709000, 2196886000, 610:14:46
4267,  M5jlIz7KIwXdsSoyZxzl, 1549438086000, 1573953957000, 24515871000, 6809:57:51
4268,  8s5gIJvgbhFzf3xMCjsI, 1549437254000, 1572312990000, 22875736000, 6354:22:16
4269,  TBKmN41TPvIPzCSEuDNo, 1549436724000, 1565743428000, 16306704000, 4529:38:24
4270,  1I2xYGoMdys1SfA9sDbo, 1549430900000, 1560044550000, 10613650000, 2948:14:10
4271,  4DMLsjizwWaGo5M2MzO7, 1549429893000, 1553259162000, 3829269000, 1063:41:09
4272,  CfiBrNy017qxYvL85j2x, 1549428090000, 1569334983000, 19906893000, 5529:41:33
4273,  sVRR3GjzK6OdPrEpmwyQ, 1549425419000, 1556021821000, 6596402000, 1832:20:02
4274,  jqTJaoN5QpOS3tiP8FCv, 1549424153000, 1561999924000, 12575771000, 3493:16:11
4275,  Xr4HhuOAwfw5uQm5yV8l, 1549418103000, 1570103396000, 20685293000, 5745:54:53
4276,  gMuyXp2ARdXr8VBkDVz8, 1549415567000, 1551436017000, 2020450000, 561:14:10
4277,  PWFMjtGQtQpJlkfXQYbQ, 1549413146000, 1555307025000, 5893879000, 1637:11:19
4278,  cdMQtd9DLcXMgOJMfuah, 1549410832000, 1571690140000, 22279308000, 6188:41:48
4279,  MBt1cMLinoryUxhypmN9, 1549398352000, 1557090928000, 7692576000, 2136:49:36
4280,  CNqpsn4lSAXzrsJ3N6Zj, 1549393252000, 1574526694000, 25133442000, 6981:30:42
4281,  8rk3BY6LiQwf8nqUEOy4, 1549372620000, 1558641950000, 9269330000, 2574:48:50
4282,  Sy29V9FSikvKxjwNBU88, 1549370797000, 1551579354000, 2208557000, 613:29:17
4283,  MLjH6draIdi0DcrSaauJ, 1549367057000, 1561510598000, 12143541000, 3373:12:21
4284,  jo2PHZDf9lO9KuB4odO9, 1549344603000, 1560260104000, 10915501000, 3032:05:01
4285,  8CbOFeCNX5oElIiPwZJx, 1549337255000, 1573777659000, 24440404000, 6789:00:04
4286,  353lLyJ3ofsjMooLXQtT, 1549330888000, 1551033275000, 1702387000, 472:53:07
4287,  YWRlQ3saBh8oisNwFsCY, 1549325346000, 1573500525000, 24175179000, 6715:19:39
4288,  eoWRI1dlq0ozOQQshj11, 1549313202000, 1576175821000, 26862619000, 7461:50:19
4289,  Pk4Hqghm1JDUKnHlwm5f, 1549307446000, 1560748689000, 11441243000, 3178:07:23
4290,  EwRC59U8cWVqlBXFtsoo, 1549296420000, 1558504190000, 9207770000, 2557:42:50
4291,  dqyjjWVSTBbEueO1hO29, 1549293342000, 1555103648000, 5810306000, 1613:58:26
4292,  aGIcTGoREQFxglxNLHLv, 1549292167000, 1559383423000, 10091256000, 2803:07:36
4293,  g9bYo7v3JGhJ0Im3Vg7c, 1549278343000, 1553798427000, 4520084000, 1255:34:44
4294,  WRs2XtL11NPXTt5dirfE, 1549276548000, 1561638122000, 12361574000, 3433:46:14
4295,  TkZENJHkNRvYZ9RDq8FQ, 1549267923000, 1558777984000, 9510061000, 2641:41:01
4296,  EDdZJgsH2eaTpGwBVUha, 1549252036000, 1559862094000, 10610058000, 2947:14:18
4297,  QBpJsLPeDB8ItHgk0g1u, 1549236037000, 1575496739000, 26260702000, 7294:38:22
4298,  AyXtqXgvPWgdVB75Jkli, 1549229017000, 1552005292000, 2776275000, 771:11:15
4299,  eqXljcMaDv0pLVqTnU6n, 1549217508000, 1575784290000, 26566782000, 7379:39:42
4300,  w8xFlzAUFChJbELDmLGE, 1549203913000, 1576144754000, 26940841000, 7483:34:01
4301,  3eXpg7JTcW1BUjYE63co, 1549203750000, 1550800354000, 1596604000, 443:30:04
4302,  JVL8QTFOZWIF2MlsSGza, 1549195058000, 1561801774000, 12606716000, 3501:51:56
4303,  DiKUq6jCOo7FlZaLg4nb, 1549191490000, 1564026337000, 14834847000, 4120:47:27
4304,  Kcn9QpVnJhihRzPbyBtz, 1549178564000, 1567746669000, 18568105000, 5157:48:25
4305,  eLqRLlEggCHPEFbWwAMa, 1549178234000, 1575398762000, 26220528000, 7283:28:48
4306,  oWSHPp2fqTPWvNKcYF92, 1549173867000, 1552884882000, 3711015000, 1030:50:15
4307,  Jz9DZaT7cbtiDlGagIMX, 1549162003000, 1554436971000, 5274968000, 1465:16:08
4308,  kLN8ghZOe2Xk49qmMljE, 1549148019000, 1560401725000, 11253706000, 3126:01:46
4309,  dx8O11mb9WcuRtWTYK1O, 1549143309000, 1553233644000, 4090335000, 1136:12:15
4310,  RaQ4REXwHBYpDLDSL9r2, 1549140451000, 1557796486000, 8656035000, 2404:27:15
4311,  1iTNtnPQHQMEI5j1g3xc, 1549104471000, 1565676416000, 16571945000, 4603:19:05
4312,  epqpJnEXvZnSnlck5nze, 1549103738000, 1556785977000, 7682239000, 2133:57:19
4313,  IqSTyctMvDFmBQn5B5bA, 1549101823000, 1565291464000, 16189641000, 4497:07:21
4314,  ysioLSlRnfqcO2hCIB3H, 1549071493000, 1568429095000, 19357602000, 5377:06:42
4315,  NnF0OVySFOEwm1hpoY0P, 1549059309000, 1558404169000, 9344860000, 2595:47:40
4316,  VvkMCizyuXSZM1YLoaL5, 1549058979000, 1571302835000, 22243856000, 6178:50:56
4317,  uDKLuS07rJ0i6UnjPgFl, 1549057445000, 1576173226000, 27115781000, 7532:09:41
4318,  br42fo6WvQQNchmzpuQ1, 1549052404000, 1569612781000, 20560377000, 5711:12:57
4319,  xk40DUt9TINJcbDcoGaq, 1549044567000, 1558658495000, 9613928000, 2670:32:08
4320,  yWXLFUternP5J5w1WgK7, 1549029347000, 1562343416000, 13314069000, 3698:21:09
4321,  XR4bUXsjYiIBwLQcatIr, 1549024508000, 1563139059000, 14114551000, 3920:42:31
4322,  UGfdpsJm6zFPBQnM4g1V, 1549012894000, 1575247784000, 26234890000, 7287:28:10
4323,  SkkZZ8u0HFKFRmnbhJxP, 1549001944000, 1549227053000, 225109000, 62:31:49
4324,  c2ra74d1QAwVRa63x88C, 1548999988000, 1555247780000, 6247792000, 1735:29:52
4325,  UWMFBXlxjFAOjUmugtrV, 1548983006000, 1570001688000, 21018682000, 5838:31:22
4326,  2BTp5nZV3O9UbxVpoiKm, 1548976061000, 1562301184000, 13325123000, 3701:25:23
4327,  UQOQKdt5DlG4geyZIErF, 1548971168000, 1575313576000, 26342408000, 7317:20:08
4328,  4m9FUYZfxrUTVZReO2g2, 1548966365000, 1570263520000, 21297155000, 5915:52:35
4329,  zhVvefXv4Qs1rUSlOulY, 1548959213000, 1555115705000, 6156492000, 1710:08:12
4330,  lFNwvVUPUJNpG7Qc7kQS, 1548959197000, 1557455910000, 8496713000, 2360:11:53
4331,  vwxF6pqxzIVEJWbZJ4tW, 1548950821000, 1555267857000, 6317036000, 1754:43:56
4332,  unEpVGns8m2HKLXWhB9K, 1548930888000, 1557447305000, 8516417000, 2365:40:17
4333,  ADqS7GpHLT7nAaLbGZHW, 1548908018000, 1559046757000, 10138739000, 2816:18:59
4334,  2MaTGLoIZDXhRhUlbTUS, 1548891261000, 1572319473000, 23428212000, 6507:50:12
4335,  IWKozx7rMXP1boVq6f6K, 1548880299000, 1572257686000, 23377387000, 6493:43:07
4336,  t2bAZJO2fQ7Ti29ugpUy, 1548880169000, 1565409052000, 16528883000, 4591:21:23
4337,  KJCSKtL9WSgGHdGrMJog, 1548877324000, 1556359918000, 7482594000, 2078:29:54
4338,  B4tuUhWaDuznXUPIM43w, 1548876470000, 1576357096000, 27480626000, 7633:30:26
4339,  g5ej57elWEdsubiFp0IC, 1548842708000, 1570229913000, 21387205000, 5940:53:25
4340,  VV1q6nENRVkj9E0LZoSZ, 1548835630000, 1555840961000, 7005331000, 1945:55:31
4341,  ihTa8ZboM3L68cZ68ByT, 1548827671000, 1577001798000, 28174127000, 7826:08:47
4342,  6anom3zUXV5rNVfcX8M0, 1548823120000, 1550552632000, 1729512000, 480:25:12
4343,  QrNGdF4pw4bXGdRTX9rU, 1548805182000, 1568839206000, 20034024000, 5565:00:24
4344,  248nDoOL0rHUL5MwLqFM, 1548790143000, 1554626417000, 5836274000, 1621:11:14
4345,  IlMUNqPR67QiXk0Xqera, 1548783567000, 1565785471000, 17001904000, 4722:45:04
4346,  YduGcnwCpX68NHMSKOrN, 1548779363000, 1568249400000, 19470037000, 5408:20:37
4347,  ODgCC39RIq38iydxRkWG, 1548728849000, 1564277826000, 15548977000, 4319:09:37
4348,  5kxQJigWF8kFgbztkl60, 1548721585000, 1554407980000, 5686395000, 1579:33:15
4349,  hsSWVVYHfPAYWCaix3qY, 1548714250000, 1553022527000, 4308277000, 1196:44:37
4350,  vpRbWZsMdw4C3CMr1Lju, 1548705584000, 1560867586000, 12162002000, 3378:20:02
4351,  NlW1M1E2HyNPm4byubHX, 1548698440000, 1571026724000, 22328284000, 6202:18:04
4352,  B6Qvy1NuhfHydICW2c4o, 1548693280000, 1574369274000, 25675994000, 7132:13:14
4353,  JInwi2rt32rd3oJ40zVl, 1548691224000, 1555526573000, 6835349000, 1898:42:29
4354,  Y3pqgwgqhwNc0tRDXc3D, 1548686239000, 1550121817000, 1435578000, 398:46:18
4355,  SialkuZ20p4nSZT59dgJ, 1548685419000, 1559520036000, 10834617000, 3009:36:57
4356,  DLAxA7IhupJUT1zlP341, 1548681530000, 1576069191000, 27387661000, 7607:41:01
4357,  6cdcEf82YeWLOE1D5JHF, 1548681113000, 1565432663000, 16751550000, 4653:12:30
4358,  0SgTEXpgtX336mh4OuWM, 1548679230000, 1572489917000, 23810687000, 6614:04:47
4359,  VEFXSpTTIe0B322UGHYM, 1548670809000, 1563834492000, 15163683000, 4212:08:03
4360,  iaybgWR2i8UVKMpFlN8j, 1548662561000, 1566288427000, 17625866000, 4896:04:26
4361,  TS56LFAKj4EdLI7bs4wc, 1548652145000, 1557827381000, 9175236000, 2548:40:36
4362,  3uoBjvDSDmv5tnfcBULV, 1548649417000, 1571331803000, 22682386000, 6300:39:46
4363,  9W1CCcCv7OYvMvpUoeDK, 1548643012000, 1563257886000, 14614874000, 4059:41:14
4364,  hXOjGYVSFC0AqMPY6Dxs, 1548629453000, 1562868269000, 14238816000, 3955:13:36
4365,  LHR8aDtZYbb3AtjRnWqL, 1548628548000, 1565421159000, 16792611000, 4664:36:51
4366,  nP5s3o6nAPSoVwUZwKpL, 1548625514000, 1560465369000, 11839855000, 3288:50:55
4367,  XK60p5eImeCuOvuw1ov7, 1548617235000, 1557641043000, 9023808000, 2506:36:48
4368,  4hN0fy6NskX0ws2pkfjJ, 1548613029000, 1564914927000, 16301898000, 4528:18:18
4369,  1L4j0967xFhngwr7RbGA, 1548610477000, 1560350215000, 11739738000, 3261:02:18
4370,  CLuyhwxgLcAyhAUoorHJ, 1548599820000, 1569852040000, 21252220000, 5903:23:40
4371,  PdNWQGdAvHX1sp4ebvx0, 1548595993000, 1564732775000, 16136782000, 4482:26:22
4372,  RtDoaPWS6d7TPlCXRPa1, 1548594041000, 1564774269000, 16180228000, 4494:30:28
4373,  9Ji233P2V4N422dOLx2f, 1548590897000, 1550020267000, 1429370000, 397:02:50
4374,  3rLKcta0yBvJS2jj9Z6N, 1548590594000, 1571958242000, 23367648000, 6491:00:48
4375,  3acVWhBfQuJQSR8ZOYC5, 1548589590000, 1559598121000, 11008531000, 3057:55:31
4376,  LbwisbUm0kSL4rIEJGCp, 1548589311000, 1550821047000, 2231736000, 619:55:36
4377,  iuryihufwapSBP93XjXe, 1548580701000, 1551611563000, 3030862000, 841:54:22
4378,  xeMKWUd34j3TBtGJFUKw, 1548571649000, 1567433962000, 18862313000, 5239:31:53
4379,  36wA3AQ7gp98KV8sJVMU, 1548565119000, 1572150078000, 23584959000, 6551:22:39
4380,  qG96vL0psrDo4O8tyQoo, 1548562846000, 1549630779000, 1067933000, 296:38:53
4381,  yqZnce7xaKJmepfYKgX4, 1548561318000, 1571817939000, 23256621000, 6460:10:21
4382,  V5MAmDNvnRrulgJuM5b6, 1548552646000, 1554787960000, 6235314000, 1732:01:54
4383,  vSH5KQYcF1Kt83Hsr0a2, 1548548354000, 1558567074000, 10018720000, 2782:58:40
4384,  ylmHbsVhbPR1RcsCNhTA, 1548544652000, 1554864203000, 6319551000, 1755:25:51
4385,  UttxJZ3QVJPuR1EroGIB, 1548516226000, 1553533260000, 5017034000, 1393:37:14
4386,  0YeGrjQQ1UD3CU6nvrbP, 1548515490000, 1553803184000, 5287694000, 1468:48:14
4387,  3K3ODSJtrimnGbEm5IdC, 1548513413000, 1571414993000, 22901580000, 6361:33:00
4388,  ot7IbNoHeDUJcM8FzKcb, 1548507727000, 1570068075000, 21560348000, 5988:59:08
4389,  rOnOIDNkAKEsGUCKdQV3, 1548487359000, 1570516861000, 22029502000, 6119:18:22
4390,  jY5iqtzFkl5bkHaPUp45, 1548487346000, 1550026857000, 1539511000, 427:38:31
4391,  17VWDxIWWdOlPwgSLcFg, 1548485668000, 1575566125000, 27080457000, 7522:20:57
4392,  N1ux0RT6aWpLnRy5n4Ii, 1548482857000, 1575727917000, 27245060000, 7568:04:20
4393,  WZDw4OImL2bEAXTIG0Rj, 1548464081000, 1572806121000, 24342040000, 6761:40:40
4394,  PBjSJYbsfJx2qM2pG5Cu, 1548458627000, 1555246114000, 6787487000, 1885:24:47
4395,  pZA36nZLUBUXM188b3Ey, 1548457201000, 1554814277000, 6357076000, 1765:51:16
4396,  ChPFQa0stdOzLvL9viM2, 1548454177000, 1573262464000, 24808287000, 6891:11:27
4397,  xJ3BIgg5Fqrt7ipQasGv, 1548439151000, 1560374122000, 11934971000, 3315:16:11
4398,  KFRCG1PKzw055B6rbZ7P, 1548438913000, 1552410477000, 3971564000, 1103:12:44
4399,  P6ZvyjR03H17QHp4BuAl, 1548438849000, 1558167917000, 9729068000, 2702:31:08
4400,  JdS6DM7dbQsTGsmoEiNH, 1548425862000, 1568041743000, 19615881000, 5448:51:21
4401,  2YY5QVJQnDbLYtOlE2jV, 1548421188000, 1576643186000, 28221998000, 7839:26:38
4402,  NT7UuuzOV6rFC6V9nFya, 1548419841000, 1571989243000, 23569402000, 6547:03:22
4403,  dNlFYaHY5X9NeP5jMKeI, 1548417239000, 1561189683000, 12772444000, 3547:54:04
4404,  aDtk2ePlLUvoHjmJBRDn, 1548417137000, 1558036867000, 9619730000, 2672:08:50
4405,  NQOeqyjbepwXhbfxxNX9, 1548416436000, 1556708087000, 8291651000, 2303:14:11
4406,  54nD6aPdNIjS4ba7S71P, 1548402052000, 1572834720000, 24432668000, 6786:51:08
4407,  YdNBQNpSAcN7xndcIGDE, 1548399158000, 1573056123000, 24656965000, 6849:09:25
4408,  0QtT22Rh3947hcNvWgsb, 1548392894000, 1554145708000, 5752814000, 1598:00:14
4409,  bIoX5HAXQWCPWKRcVFXS, 1548392273000, 1558304033000, 9911760000, 2753:16:00
4410,  dA2mA7Sm7qsZqdXJS4jW, 1548384756000, 1575222838000, 26838082000, 7455:01:22
4411,  1uYhTykGBOgwywRGSJFs, 1548381407000, 1554553787000, 6172380000, 1714:33:00
4412,  P0sRvZn1qW79BdNle4gP, 1548380593000, 1566528675000, 18148082000, 5041:08:02
4413,  NEHu9icmE5qmXLB3Fsvo, 1548373170000, 1573934652000, 25561482000, 7100:24:42
4414,  ywxAzKC4IEH4nL0LqbqF, 1548356866000, 1570890159000, 22533293000, 6259:14:53
4415,  VGVQgAHw57EA1vg38G7H, 1548348850000, 1573690012000, 25341162000, 7039:12:42
4416,  csO49QNyMVAgnsRe8TtJ, 1548342642000, 1573495909000, 25153267000, 6987:01:07
4417,  qhC0kdgNfqd2Bvvg5Xcg, 1548341609000, 1563565601000, 15223992000, 4228:53:12
4418,  G7IOSDWE3ut9To8D7Ruq, 1548341004000, 1560173512000, 11832508000, 3286:48:28
4419,  CtEDkiNJQ6uB3TtYcK7o, 1548340276000, 1576928097000, 28587821000, 7941:03:41
4420,  IQVSD4qIh0hlfPA4232q, 1548339910000, 1550289487000, 1949577000, 541:32:57
4421,  po7aPz5O4JuoI7pHkeWC, 1548329855000, 1561906438000, 13576583000, 3771:16:23
4422,  zNlOGtVD3W2JmsEVxZ4R, 1548329151000, 1564671970000, 16342819000, 4539:40:19
4423,  vISMWZVpxq7ghO23TdDT, 1548324331000, 1561994020000, 13669689000, 3797:08:09
4424,  RizXZgoQJQj6Ix2rPaal, 1548314696000, 1568401727000, 20087031000, 5579:43:51
4425,  kF5JB3Kpe1YTpvNmKwvE, 1548313604000, 1552851987000, 4538383000, 1260:39:43
4426,  UE5DHUW9hDTMIMUuK1cm, 1548303177000, 1563081533000, 14778356000, 4105:05:56
4427,  aGf2pXuNsXbd58qYPWiM, 1548300021000, 1570982802000, 22682781000, 6300:46:21
4428,  wDrm79i8z0NY6V87gzNe, 1548299173000, 1549505161000, 1205988000, 334:59:48
4429,  dGSp9GxDncWGVKhrbj4L, 1548295832000, 1574617726000, 26321894000, 7311:38:14
4430,  vdlHa4hnSr4052r4pdwi, 1548279702000, 1560458773000, 12179071000, 3383:04:31
4431,  lY4iqkw384yt4sRUVVfP, 1548268273000, 1552944764000, 4676491000, 1299:01:31
4432,  merBg7phoy9ICjoct1nR, 1548258627000, 1569534676000, 21276049000, 5910:00:49
4433,  0WCmAEcXVFK6mg30G6aU, 1548256671000, 1573724530000, 25467859000, 7074:24:19
4434,  JixfOGTC7PThHJT55YBF, 1548251625000, 1566570276000, 18318651000, 5088:30:51
4435,  Le0xp9ilq1ytymhKPZCq, 1548249731000, 1574295251000, 26045520000, 7234:52:00
4436,  UkyQB8kJNPjGwljyVfdi, 1548245334000, 1565248094000, 17002760000, 4722:59:20
4437,  IeIp5hcanPOVUbdkRL2K, 1548245255000, 1564897888000, 16652633000, 4625:43:53
4438,  X4tUsyC3mZFolwDJ8Wx3, 1548244792000, 1565166349000, 16921557000, 4700:25:57
4439,  xG7abj29MJCs2MH3hFTm, 1548236098000, 1577033003000, 28796905000, 7999:08:25
4440,  m4wz0rovvS2mohno6lQI, 1548234391000, 1555896075000, 7661684000, 2128:14:44
4441,  Y1UbXajJu5E6V4sKon2e, 1548233087000, 1549335260000, 1102173000, 306:09:33
4442,  wfGmZPBvGYlwxUEmKcal, 1548227718000, 1557344124000, 9116406000, 2532:20:06
4443,  Jf48qxym5Ru1IO5Y4213, 1548224607000, 1564199908000, 15975301000, 4437:35:01
4444,  j7gbXpk9Bf5lwWvNnnjJ, 1548219834000, 1568454758000, 20234924000, 5620:48:44
4445,  GM4q46jxrKKDS5qinE8W, 1548219782000, 1559432616000, 11212834000, 3114:40:34
4446,  Xlnaj7nrCeawF4jvUNGN, 1548202398000, 1569428792000, 21226394000, 5896:13:14
4447,  BoVLDVofamRTTjMRtPVA, 1548202306000, 1575297500000, 27095194000, 7526:26:34
4448,  JnHVuiIfpsmlggMp4iUG, 1548199567000, 1554260550000, 6060983000, 1683:36:23
4449,  busBL8JZ2nhqhwuG2cYy, 1548192603000, 1570428818000, 22236215000, 6176:43:35
4450,  RAUXlIRIKqo2aijZXNQN, 1548179800000, 1550707879000, 2528079000, 702:14:39
4451,  v0oWQd29vxLA1PJx82aR, 1548172438000, 1574035610000, 25863172000, 7184:12:52
4452,  hRZjNwhX3a128DWIBoHp, 1548165140000, 1559552045000, 11386905000, 3163:01:45
4453,  TeKvK6xjfze4KLNaNH1P, 1548159495000, 1550418075000, 2258580000, 627:23:00
4454,  UizHbPuPWygLJaBI9EDg, 1548156104000, 1552697875000, 4541771000, 1261:36:11
4455,  Wlei6vCxQ79365JNBDu7, 1548151364000, 1568609127000, 20457763000, 5682:42:43
4456,  sfj1kgKW93ewHMx4AACg, 1548150477000, 1550931624000, 2781147000, 772:32:27
4457,  ulThVbH8u5Ltm6pnm6t6, 1548125288000, 1575875258000, 27749970000, 7708:19:30
4458,  kHkXebaTNi7QBsXvLaiY, 1548122476000, 1553200278000, 5077802000, 1410:30:02
4459,  iiAMuTiaMoujeUQxOTQh, 1548103773000, 1557839234000, 9735461000, 2704:17:41
4460,  T0R2aNfhgEE7nU0CdBWh, 1548098422000, 1576748526000, 28650104000, 7958:21:44
4461,  zW75OZAopsgqixXJoeZ2, 1548093267000, 1568118428000, 20025161000, 5562:32:41
4462,  uxqj5WDz8eiEfALPmdMB, 1548081988000, 1551542058000, 3460070000, 961:07:50
4463,  ReltQtRmvfMv5VUy1R2a, 1548057534000, 1562781104000, 14723570000, 4089:52:50
4464,  dUARj45KzadztVEFF9VY, 1548053596000, 1573051142000, 24997546000, 6943:45:46
4465,  JzpwI1CborEGBhuz0sYt, 1548042809000, 1558037461000, 9994652000, 2776:17:32
4466,  31fyzjJShDQZZH3jkAJv, 1548031556000, 1575642207000, 27610651000, 7669:37:31
4467,  wqDTNUSeQCfodsbj3QqV, 1548016771000, 1554326045000, 6309274000, 1752:34:34
4468,  xnp9B6PBi9KyQHY92bap, 1548014081000, 1573415993000, 25401912000, 7056:05:12
4469,  rx8d1YrrPYhEU2SW9lCQ, 1548009310000, 1558941342000, 10932032000, 3036:40:32
4470,  Ey8ffAmrlrsvDlccHXYe, 1548004580000, 1570260181000, 22255601000, 6182:06:41
4471,  0A5nsAbewMRelJHEpsvo, 1547998853000, 1572111446000, 24112593000, 6697:56:33
4472,  SUbHwXW2wsntcFm9hvIx, 1547997951000, 1574310708000, 26312757000, 7309:05:57
4473,  S3dgcF2jap4EJIoBHYWC, 1547991651000, 1576813181000, 28821530000, 8005:58:50
4474,  pcpN9o5lFT3ssy0hWPr8, 1547983740000, 1550332712000, 2348972000, 652:29:32
4475,  iHJ3gNaMYO9ZJyQgHHZI, 1547983528000, 1569529336000, 21545808000, 5984:56:48
4476,  eQYyIFNgyluFucAjLZ10, 1547983285000, 1548995306000, 1012021000, 281:07:01
4477,  YGHTxfwC9UrxzrCeTuGx, 1547983046000, 1564552067000, 16569021000, 4602:30:21
4478,  imTtKZ98Q59aKlRevmjE, 1547977048000, 1565878024000, 17900976000, 4972:29:36
4479,  K8SnTyqzQR6zA6ran4wv, 1547975633000, 1554188535000, 6212902000, 1725:48:22
4480,  NFOmZfoRbZhdiD6QhJNG, 1547975360000, 1551684718000, 3709358000, 1030:22:38
4481,  hY1gr0leVvBR7o8oyE4P, 1547970530000, 1564846319000, 16875789000, 4687:43:09
4482,  cDOYrEGgkjy95eZYsmNL, 1547969686000, 1556463987000, 8494301000, 2359:31:41
4483,  HBHhaofV2aKASNQn96Nr, 1547966566000, 1564542172000, 16575606000, 4604:20:06
4484,  QMwsZlRwUr6pE9e62AmD, 1547961671000, 1554481800000, 6520129000, 1811:08:49
4485,  NMuoPFWkFS8fXnzAEGX5, 1547959261000, 1563367609000, 15408348000, 4280:05:48
4486,  74O55paYVwh4VaJESBQA, 1547957964000, 1573263715000, 25305751000, 7029:22:31
4487,  KLdq0hH2qTTBid6chul4, 1547946852000, 1556868412000, 8921560000, 2478:12:40
4488,  SHJ0FVcg3pkzd1Wv3aoy, 1547941353000, 1551576312000, 3634959000, 1009:42:39
4489,  VJkxUZ7Ozuxb2rHHYM0f, 1547918631000, 1557619381000, 9700750000, 2694:39:10
4490,  rLWYDgcxBLmnEujYV188, 1547910498000, 1574026321000, 26115823000, 7254:23:43
4491,  PgIRrrIw9DQrTtVFhzTM, 1547881992000, 1555365071000, 7483079000, 2078:37:59
4492,  Tb3qBgjQ42RsHdpPvbMQ, 1547881647000, 1567256772000, 19375125000, 5381:58:45
4493,  0K0ZsJaSlfNiZXCYAJ3p, 1547877600000, 1576580138000, 28702538000, 7972:55:38
4494,  X3zUkBNEE2qCCtg3YDm2, 1547877369000, 1567694381000, 19817012000, 5504:43:32
4495,  LuZS0tfcF0eo4fJEMSGQ, 1547861506000, 1576439683000, 28578177000, 7938:22:57
4496,  SSR296RIvrFVcCNkZ2BF, 1547855724000, 1559392837000, 11537113000, 3204:45:13
4497,  288hlkS794sqCLqR2kAw, 1547845034000, 1553355114000, 5510080000, 1530:34:40
4498,  isoS3MgN7TjRFkEsM5gO, 1547836504000, 1566060354000, 18223850000, 5062:10:50
4499,  u6GxhuoXlWM8VzrUXDDu, 1547825569000, 1570670204000, 22844635000, 6345:43:55
4500,  6Hg3tCI46VE7eqyLimEm, 1547808576000, 1554328195000, 6519619000, 1811:00:19
4501,  PTNHqklPohJmvO0z00Nb, 1547800769000, 1556346723000, 8545954000, 2373:52:34
4502,  H2rfca2lyqLADCwVei2G, 1547799751000, 1564402693000, 16602942000, 4611:55:42
4503,  oZ3AdTwpK974tDp63dWn, 1547795283000, 1573824182000, 26028899000, 7230:14:59
4504,  FcSJlXdOHqSf2f66eGAN, 1547794344000, 1566930469000, 19136125000, 5315:35:25
4505,  MERPFT2lHGg8qfFGhsvu, 1547791890000, 1567708128000, 19916238000, 5532:17:18
4506,  TyaBvpstlPc3zcZmDFTt, 1547775744000, 1576077219000, 28301475000, 7861:31:15
4507,  ehw9NX6hEJ2XqQzACnW2, 1547775640000, 1576793861000, 29018221000, 8060:37:01
4508,  66hvm5LDBnPDtUgINXXQ, 1547758342000, 1556405186000, 8646844000, 2401:54:04
4509,  539mhYBhbdT0Eb9l02W3, 1547757105000, 1572335089000, 24577984000, 6827:13:04
4510,  iCMh1tYMoLIE529h9mRF, 1547754446000, 1571707667000, 23953221000, 6653:40:21
4511,  Urk7i6yy4BL1qLY8ZP1H, 1547744913000, 1575671117000, 27926204000, 7757:16:44
4512,  Ge4KANbMYraui7N7zEZo, 1547732402000, 1550786066000, 3053664000, 848:14:24
4513,  B9IxaooFcBHlXFXXAMyC, 1547729874000, 1556807100000, 9077226000, 2521:27:06
4514,  ZbtXmPYzMQUwLmximEG3, 1547726338000, 1549295573000, 1569235000, 435:53:55
4515,  ThkPUGsr5mzsnMeYhxF0, 1547726293000, 1567553216000, 19826923000, 5507:28:43
4516,  o6ljIxCvoQJKYZTcilAW, 1547723797000, 1573888809000, 26165012000, 7268:03:32
4517,  PqRVutBGPgBbeit9vlsx, 1547722699000, 1562548765000, 14826066000, 4118:21:06
4518,  a14K25BapfGKbHBvH1pT, 1547707243000, 1576679533000, 28972290000, 8047:51:30
4519,  mI5Sw2CvdXmemSUsVeij, 1547704232000, 1574263179000, 26558947000, 7377:29:07
4520,  XD3thlCAXhgxSJ9oYNzL, 1547699702000, 1558340511000, 10640809000, 2955:46:49
4521,  mnis1aGXfom4KR3EAK97, 1547686677000, 1574481120000, 26794443000, 7442:54:03
4522,  s0IJRXGkCOTXeWaeTbdY, 1547670314000, 1575877483000, 28207169000, 7835:19:29
4523,  vzTiZ6GObB0vReZv81Mz, 1547655664000, 1563549776000, 15894112000, 4415:01:52
4524,  Um9cIYkn9FY7ot3FQKN2, 1547653381000, 1548915837000, 1262456000, 350:40:56
4525,  o7DuKW2XQrWN92pvhxSQ, 1547648733000, 1556524074000, 8875341000, 2465:22:21
4526,  eBC74NpbUeHVdl7l01mD, 1547646927000, 1577715609000, 30068682000, 8352:24:42
4527,  wOCDy2X1dI9p3nlcSM6d, 1547645649000, 1575614220000, 27968571000, 7769:02:51
4528,  WeyCtOIUiyaI0nkpbwrn, 1547636274000, 1572049824000, 24413550000, 6781:32:30
4529,  IcSGjXqLx6zKQlTW85lV, 1547633240000, 1552276788000, 4643548000, 1289:52:28
4530,  4H35HiRz54r9pjcDpI2m, 1547618260000, 1549643461000, 2025201000, 562:33:21
4531,  Yy5nFFjuoWixaRV5WxAS, 1547617486000, 1568544523000, 20927037000, 5813:03:57
4532,  wyntz2ojLcuiUQhbJrru, 1547612787000, 1554049483000, 6436696000, 1787:58:16
4533,  3evPrM8z6vw895Ed4FZA, 1547606349000, 1555895890000, 8289541000, 2302:39:01
4534,  f0UEzhmyFXkMnjNdaQaU, 1547598802000, 1564776698000, 17177896000, 4771:38:16
4535,  xHgtnBZEHXkr7UMnx2SW, 1547573243000, 1569647096000, 22073853000, 6131:37:33
4536,  G9HcVGI5hSur5OIKRwMl, 1547560181000, 1576051019000, 28490838000, 7914:07:18
4537,  PBLDeC4gD4YiWpNlQKca, 1547553262000, 1552554956000, 5001694000, 1389:21:34
4538,  wW6DWBG5Go3ChZF6ytgL, 1547538905000, 1554582856000, 7043951000, 1956:39:11
4539,  rULd5YV8DvBPPAdggnzb, 1547533234000, 1569400403000, 21867169000, 6074:12:49
4540,  swAfyQDolTaAkfx1PBuA, 1547530266000, 1568936077000, 21405811000, 5946:03:31
4541,  Cc3Rjak85uxNejRBPYGv, 1547529941000, 1567455774000, 19925833000, 5534:57:13
4542,  HBhLhvF4XQJukcSlQEME, 1547522086000, 1565730694000, 18208608000, 5057:56:48
4543,  txJVI1arn23ulG1hYYqb, 1547513880000, 1566702574000, 19188694000, 5330:11:34
4544,  Kg8Ssa50nQi7t9GbUjlr, 1547513732000, 1556816162000, 9302430000, 2584:00:30
4545,  CqvsspZTWOpiZSyz5DVZ, 1547509029000, 1561950614000, 14441585000, 4011:33:05
4546,  8y9vH0F0xAf9E3fQcDwG, 1547503527000, 1564279759000, 16776232000, 4660:03:52
4547,  XxRGBpIxRnAktvAKLvy0, 1547502896000, 1561573309000, 14070413000, 3908:26:53
4548,  5nFCA1LkkIkSokZtOjae, 1547501306000, 1547787744000, 286438000, 79:33:58
4549,  uSith1m0M6Bro3PFPL6Q, 1547491112000, 1558864130000, 11373018000, 3159:10:18
4550,  q0BPiBaRKhlK7cmOKjtE, 1547488921000, 1562815379000, 15326458000, 4257:20:58
4551,  mArQ1RJFnTs36REeS8zR, 1547488546000, 1553243480000, 5754934000, 1598:35:34
4552,  LdxLlYTHR27DlpJb5aY4, 1547482741000, 1552604333000, 5121592000, 1422:39:52
4553,  Iwei7C7vc85bGeyynC2M, 1547481667000, 1558424573000, 10942906000, 3039:41:46
4554,  YeXkfy6IfqIL3xoESmAA, 1547479806000, 1562407461000, 14927655000, 4146:34:15
4555,  vwVxs2SAOaUYaVlwv3vT, 1547478809000, 1558561903000, 11083094000, 3078:38:14
4556,  hwpQumX8MKb1iPZ2JmoO, 1547461367000, 1568634054000, 21172687000, 5881:18:07
4557,  0Yrh8UZ2bgmnWS2iEDlm, 1547456210000, 1565006294000, 17550084000, 4875:01:24
4558,  Pz13QB5wrkzjDUPZqC8Q, 1547454766000, 1554633751000, 7178985000, 1994:09:45
4559,  e07slsgSUboAbAmDzPuC, 1547437383000, 1559769327000, 12331944000, 3425:32:24
4560,  an5c5GeXSm5nRjfGV9lo, 1547435100000, 1557045523000, 9610423000, 2669:33:43
4561,  V959xhrV1ivnzOXZpfPr, 1547415029000, 1553781398000, 6366369000, 1768:26:09
4562,  cRY0rSgQTzJ67gepHbJC, 1547411763000, 1555364769000, 7953006000, 2209:10:06
4563,  3N4yf5Y6v5nQyluOjfWx, 1547409647000, 1577166050000, 29756403000, 8265:40:03
4564,  HrQTM4crNGWSXLbXZcIm, 1547390846000, 1574296146000, 26905300000, 7473:41:40
4565,  sbDzikUu9yiR4TSRz3HE, 1547377263000, 1563349516000, 15972253000, 4436:44:13
4566,  QeHEWU9bS6SBDNR9Jp0o, 1547374962000, 1551195343000, 3820381000, 1061:13:01
4567,  Dq6kpmZmTpeSQZ7mjDPY, 1547368587000, 1563893490000, 16524903000, 4590:15:03
4568,  AkDBiOA9jFxjQrkuz7NE, 1547364861000, 1555940084000, 8575223000, 2382:00:23
4569,  neUq3kFjOJ25JkTfy6Wb, 1547364056000, 1577451617000, 30087561000, 8357:39:21
4570,  roaDmLECfUIupNolmL7a, 1547334975000, 1562305957000, 14970982000, 4158:36:22
4571,  RVNQj9Z9pHJnH8CD0mgX, 1547319336000, 1570700755000, 23381419000, 6494:50:19
4572,  anydCa2US3093HkhhzJ0, 1547309378000, 1577367951000, 30058573000, 8349:36:13
4573,  z4Oy99IZ7YRd44MHyVzP, 1547308147000, 1563963797000, 16655650000, 4626:34:10
4574,  hxI9UETSh5e7BX9MYuG4, 1547307829000, 1563946841000, 16639012000, 4621:56:52
4575,  WKFQDJWyRiOwCHnfym1w, 1547298093000, 1575261498000, 27963405000, 7767:36:45
4576,  a3qaMAwfNInt4Jdpmf4m, 1547294272000, 1552747676000, 5453404000, 1514:50:04
4577,  xtLyveZR3iewnt4EkRpt, 1547285949000, 1548603328000, 1317379000, 365:56:19
4578,  UxuPOYrgmvwcD98wR4os, 1547283965000, 1552290027000, 5006062000, 1390:34:22
4579,  c5BmdEuSU6n57rIjIpcc, 1547275012000, 1556772935000, 9497923000, 2638:18:43
4580,  BB4YLGHl55keaWqppEE1, 1547267677000, 1563749799000, 16482122000, 4578:22:02
4581,  olqmyEhb371TpLox8cPk, 1547265307000, 1559868800000, 12603493000, 3500:58:13
4582,  sH8Pn0JzxeYxs5LDwaRu, 1547263340000, 1574064979000, 26801639000, 7444:53:59
4583,  Z877w8B4FEJ8HwtdEoVC, 1547251600000, 1570196873000, 22945273000, 6373:41:13
4584,  3wRB2r55QRJmmsF0AsAX, 1547249413000, 1571148969000, 23899556000, 6638:45:56
4585,  vzB4T8k0igt4mMDGSPho, 1547245225000, 1562164944000, 14919719000, 4144:21:59
4586,  T1Ogc63J03iNEpDUrbmI, 1547238747000, 1555269574000, 8030827000, 2230:47:07
4587,  nBAscC6XSjaKBWmPYFUS, 1547232184000, 1575034777000, 27802593000, 7722:56:33
4588,  15R9eNxleqUgudKJZeIZ, 1547228954000, 1571869605000, 24640651000, 6844:37:31
4589,  WBaGoYxWwPy4UiObNg5G, 1547220218000, 1575039470000, 27819252000, 7727:34:12
4590,  V5esfi0W659FC9Yol0UR, 1547210783000, 1557402349000, 10191566000, 2830:59:26
4591,  QQIKevRsAxsjBTwvQ5RK, 1547189963000, 1556620148000, 9430185000, 2619:29:45
4592,  Czii0ztTpRUmfxOtOtGT, 1547173404000, 1576191700000, 29018296000, 8060:38:16
4593,  u4iYKx5oWZLnRyIAbGFB, 1547166433000, 1555842715000, 8676282000, 2410:04:42
4594,  RVcAUxnkG8G0pZVo6YNK, 1547158508000, 1552035481000, 4876973000, 1354:42:53
4595,  YNQvNmwPSqrbAyJQCGwb, 1547158483000, 1570946727000, 23788244000, 6607:50:44
4596,  5DEXQGecS1XwUZBVvuOm, 1547154030000, 1558453492000, 11299462000, 3138:44:22
4597,  UHmqrLJwJiU6TeUEInQv, 1547141296000, 1563019982000, 15878686000, 4410:44:46
4598,  dnCeEuxZTVDb4lX1qXAG, 1547129629000, 1573213526000, 26083897000, 7245:31:37
4599,  MHaMyA6sruwvV9EGR44t, 1547121330000, 1560810213000, 13688883000, 3802:28:03
4600,  HkVQeOm69c6sgUxV6mF7, 1547103142000, 1572192681000, 25089539000, 6969:18:59
4601,  ZjKTE1RAn2UV3tJUYRr2, 1547097880000, 1554129045000, 7031165000, 1953:06:05
4602,  TiESv4rh5Tz2LRwlu1r7, 1547097560000, 1559921204000, 12823644000, 3562:07:24
4603,  O9bL3AeA5th4JaTFSfQR, 1547089000000, 1565140202000, 18051202000, 5014:13:22
4604,  XhP2pxehRi7vxrNLOpxA, 1547083381000, 1560141261000, 13057880000, 3627:11:20
4605,  WOYleBap0DMZ8nx4Ly9y, 1547050032000, 1557830451000, 10780419000, 2994:33:39
4606,  ZpP7ZwRU5CZdavN3FnGj, 1547048900000, 1575786495000, 28737595000, 7982:39:55
4607,  TrwA0eEf0mVVnAmIzyIN, 1547042386000, 1550520348000, 3477962000, 966:06:02
4608,  xp92A21TLlOVNOspRpE5, 1547040091000, 1557218165000, 10178074000, 2827:14:34
4609,  s6OPflk6Yjtdw9u1hOcZ, 1547031783000, 1559964155000, 12932372000, 3592:19:32
4610,  LpmIb5caSYPevpGedE8z, 1547019732000, 1571764664000, 24744932000, 6873:35:32
4611,  IKltQuf3cPQkwo8GDsbs, 1547018424000, 1576199570000, 29181146000, 8105:52:26
4612,  rwrx75gTGxFqOsRHpM90, 1547017731000, 1553273368000, 6255637000, 1737:40:37
4613,  u0xHHInh0MwAxUcNWAA4, 1547003361000, 1560700555000, 13697194000, 3804:46:34
4614,  diT5uNqpWANKOMbz6j8t, 1546996604000, 1549372549000, 2375945000, 659:59:05
4615,  35JAvah0AB6ytfNvcokz, 1546990751000, 1553262809000, 6272058000, 1742:14:18
4616,  vUYvaCnjtCYqkOBQ8mdR, 1546976593000, 1564804907000, 17828314000, 4952:18:34
4617,  YrBTrmtumm2W5lZ7Ar9A, 1546973435000, 1564920055000, 17946620000, 4985:10:20
4618,  Sh9zWBY0kxy8rH42bAHK, 1546967729000, 1557276838000, 10309109000, 2863:38:29
4619,  q98hLhvSUSHTF3iRQqeo, 1546962623000, 1564843349000, 17880726000, 4966:52:06
4620,  Tnc8gNF64FI51ZPxiSAf, 1546938266000, 1568374421000, 21436155000, 5954:29:15
4621,  KsoOFgny32aNrnRv98WV, 1546934185000, 1547592646000, 658461000, 182:54:21
4622,  huoOjdth08verddVke24, 1546933979000, 1563863260000, 16929281000, 4702:34:41
4623,  m1rSBf32VCG9WUkjbFsU, 1546924228000, 1549117960000, 2193732000, 609:22:12
4624,  bgW12cCE7QXFNmkNySko, 1546902856000, 1549058120000, 2155264000, 598:41:04
4625,  vFBQYQzAsHnAOpBlx7xO, 1546892684000, 1577580886000, 30688202000, 8524:30:02
4626,  0ySFhwpJDVavawZ6sSnU, 1546878978000, 1556834367000, 9955389000, 2765:23:09
4627,  bpDeI6XVHewhUvx7CCUt, 1546877943000, 1576270922000, 29392979000, 8164:42:59
4628,  PhhYClU6CEqXj2pefG2d, 1546875533000, 1565271145000, 18395612000, 5109:53:32
4629,  V04Bdk3nysDZbgwXsquO, 1546869423000, 1564306311000, 17436888000, 4843:34:48
4630,  k0Mf1rpJL7luKigsAGL1, 1546858332000, 1557001363000, 10143031000, 2817:30:31
4631,  H9Xc5uAs7I9ZrcF80aot, 1546858159000, 1566756033000, 19897874000, 5527:11:14
4632,  qQdS1OT0mZyuDOyCv16B, 1546857533000, 1548792614000, 1935081000, 537:31:21
4633,  AMDMFLCYvdiHanviwb2s, 1546854711000, 1568940296000, 22085585000, 6134:53:05
4634,  hK7TCojUfsC9MOXdsq5g, 1546844020000, 1559717353000, 12873333000, 3575:55:33
4635,  PsQah8yvByvgYV0sa00Z, 1546842629000, 1562818741000, 15976112000, 4437:48:32
4636,  k8i9znzpokdFWuvzcHzl, 1546839410000, 1575364458000, 28525048000, 7923:37:28
4637,  bRfKsHsQoXgAxZAnC8vf, 1546829424000, 1563117747000, 16288323000, 4524:32:03
4638,  Hz1N5NcjvdWIiG4sEjOd, 1546818336000, 1576936082000, 30117746000, 8366:02:26
4639,  97ox0XzcDZm2GdUYCdRu, 1546800251000, 1571745072000, 24944821000, 6929:07:01
4640,  AcwPx4PCYmp7zs0uuzF4, 1546787074000, 1553679492000, 6892418000, 1914:33:38
4641,  csHwcV8RthPwl1wjcfja, 1546780420000, 1576650574000, 29870154000, 8297:15:54
4642,  tEj9NNDe2yUZq79s3NXN, 1546778711000, 1565997098000, 19218387000, 5338:26:27
4643,  LPpxAC6lgC1OannZaPNw, 1546777341000, 1569797588000, 23020247000, 6394:30:47
4644,  XQqOTnP79MrvoE0uTN5X, 1546775098000, 1547718647000, 943549000, 262:05:49
4645,  VHtQr5IQErW7LCTESzlt, 1546766254000, 1562512327000, 15746073000, 4373:54:33
4646,  IHrfuwwXJ072X3YDtq4t, 1546757849000, 1555039510000, 8281661000, 2300:27:41
4647,  VJ3bKNF74MAWeXB2O7Sw, 1546757569000, 1560626218000, 13868649000, 3852:24:09
4648,  5dpabcQ4Uw4lQlt2n067, 1546754043000, 1555611561000, 8857518000, 2460:25:18
4649,  Om3sBzSXrnmnQZ6yQDhG, 1546749752000, 1571514967000, 24765215000, 6879:13:35
4650,  EsBHB4lmSQeJ6N8zRCiS, 1546746996000, 1574853068000, 28106072000, 7807:14:32
4651,  hBtrSLKjoqIg8d9GDoU3, 1546746782000, 1554507777000, 7760995000, 2155:49:55
4652,  HnTNo3G8uggzB8QlmHTM, 1546746661000, 1556104968000, 9358307000, 2599:31:47
4653,  7x73MYd9ohvqlycXwllq, 1546744313000, 1569336217000, 22591904000, 6275:31:44
4654,  uaGAUORFiwe90sC6w7SD, 1546732930000, 1576208353000, 29475423000, 8187:37:03
4655,  q1trr9QOu4J4UcdLDASU, 1546720395000, 1567742851000, 21022456000, 5839:34:16
4656,  58252HH1YxoptiIdCYsA, 1546719193000, 1565788551000, 19069358000, 5297:02:38
4657,  Tzv5kjD1hY7qJxXBzW0R, 1546711694000, 1549828644000, 3116950000, 865:49:10
4658,  OIFRAUmyBJrF03IKVHS3, 1546702363000, 1567119412000, 20417049000, 5671:24:09
4659,  TRAS3AAADv9kcUtDzRcr, 1546699904000, 1559930950000, 13231046000, 3675:17:26
4660,  jTZeMjHnOFr53nNZNgti, 1546696169000, 1565695847000, 18999678000, 5277:41:18
4661,  tSnEqOtxf2Df9zdw851g, 1546694518000, 1568318977000, 21624459000, 6006:47:39
4662,  nMZDfUe2b4JbQwlSATO3, 1546680717000, 1559813002000, 13132285000, 3647:51:25
4663,  9kpqrKFGboTs6vo0PuA1, 1546670076000, 1575616165000, 28946089000, 8040:34:49
4664,  HJ9qzqKLk1EOpMU5wCzf, 1546667815000, 1574683813000, 28015998000, 7782:13:18
4665,  pFRXJjnva33qvAtmLS8N, 1546661269000, 1558940272000, 12279003000, 3410:50:03
4666,  1RiokcrlgnkARqo50lWI, 1546648312000, 1557751966000, 11103654000, 3084:20:54
4667,  NtZyFTY8eG4ZwsHVGmIm, 1546646865000, 1549530376000, 2883511000, 800:58:31
4668,  LPTx7v9AN9j3NEVYwYyM, 1546634036000, 1569499724000, 22865688000, 6351:34:48
4669,  5Uox3n7KzhgAIfEoIqG2, 1546630128000, 1557333418000, 10703290000, 2973:08:10
4670,  M89oTw74r8J9RaUxsytr, 1546629837000, 1558260445000, 11630608000, 3230:43:28
4671,  Lzz5w8TaTh4WGfinffNW, 1546616801000, 1565594242000, 18977441000, 5271:30:41
4672,  b1Fflx9UuS6SVRlNesYN, 1546594461000, 1573663812000, 27069351000, 7519:15:51
4673,  p18JsCrywbYi1tsD6KFa, 1546587501000, 1552650512000, 6063011000, 1684:10:11
4674,  e1BEZPyTP2Oc2fr30whu, 1546586327000, 1569846976000, 23260649000, 6461:17:29
4675,  s4zBHjCAUsSoVPWzarB1, 1546563938000, 1573617383000, 27053445000, 7514:50:45
4676,  ZJFY1CpViEaSZXrdgWQG, 1546563089000, 1566565874000, 20002785000, 5556:19:45
4677,  Tm1PoQ3l3AX4biLzPLc1, 1546557827000, 1549356957000, 2799130000, 777:32:10
4678,  4ta5QWsome43HLw2ZOFK, 1546555991000, 1556992921000, 10436930000, 2899:08:50
4679,  eWBaXAnTAugdyQw7i7Vj, 1546548909000, 1571389280000, 24840371000, 6900:06:11
4680,  0GQ8AFcXATFV6Hvjc7RD, 1546537937000, 1564041366000, 17503429000, 4862:03:49
4681,  Hff3eClZhXuWn6U0fv2B, 1546534027000, 1566872498000, 20338471000, 5649:34:31
4682,  H0XGDrb7YXXvcmj97rMS, 1546530264000, 1551498234000, 4967970000, 1379:59:30
4683,  JM8M4dCjj4GhJuP9A6QZ, 1546527800000, 1554729968000, 8202168000, 2278:22:48
4684,  DspbHiWKF9VfhTJEjG6S, 1546525283000, 1559087661000, 12562378000, 3489:32:58
4685,  OpTAmoPLsSqYEQNvVSe0, 1546522345000, 1566786664000, 20264319000, 5628:58:39
4686,  GhIs34Ehz1bBWjKy0CPR, 1546521223000, 1558013983000, 11492760000, 3192:26:00
4687,  ccmy8ZF07tdLLn2QoGZI, 1546521153000, 1563311565000, 16790412000, 4664:00:12
4688,  APbBW3YlIzSq7p0fVQyk, 1546502542000, 1566803492000, 20300950000, 5639:09:10
4689,  FfBvq9DEzWj1MiJh3xA8, 1546499053000, 1554780979000, 8281926000, 2300:32:06
4690,  26ou0XqpaMnBN5BoPu8x, 1546492503000, 1571918257000, 25425754000, 7062:42:34
4691,  RBVfuKmhoVOurCPCynkc, 1546491007000, 1549755617000, 3264610000, 906:50:10
4692,  nSZcjX9p60fQrYVnrBsB, 1546486245000, 1554142658000, 7656413000, 2126:46:53
4693,  VsUSKXUXNQvylIYuCQ4b, 1546481070000, 1567146142000, 20665072000, 5740:17:52
4694,  hNr46XThLxWvtAsR0ivp, 1546478110000, 1568909654000, 22431544000, 6230:59:04
4695,  PDSdprIUDUVKGAzwXUew, 1546477525000, 1559602500000, 13124975000, 3645:49:35
4696,  fmywmbAOgltAcIo46hlc, 1546472794000, 1548735494000, 2262700000, 628:31:40
4697,  rQuJyiS57Ynwp51FkvyJ, 1546469780000, 1559632102000, 13162322000, 3656:12:02
4698,  PyGHwqsRCgEpZyQDIBbi, 1546466223000, 1553513583000, 7047360000, 1957:36:00
4699,  5SskY2zvSBXH2C7mhqOd, 1546463983000, 1565471985000, 19008002000, 5280:00:02
4700,  JUqSwNzmtTnqWEEjkKrM, 1546461213000, 1565908132000, 19446919000, 5401:55:19
4701,  QOtWW5SeReYAprAbP5vA, 1546458168000, 1562042300000, 15584132000, 4328:55:32
4702,  aLNuXMC2tCKaWF6LbUl0, 1546458078000, 1546994920000, 536842000, 149:07:22
4703,  BY9IcxCyQkkkQdJY2TMC, 1546446993000, 1571179715000, 24732722000, 6870:12:02
4704,  4Fvfk197528KmxhhFHba, 1546445859000, 1565244745000, 18798886000, 5221:54:46
4705,  qqLy3x359XhNncfqnaWT, 1546439810000, 1557888165000, 11448355000, 3180:05:55
4706,  9znO1Lqy6DXUSBzGQ6MO, 1546438100000, 1569000000000, 22561900000, 6267:11:40
4707,  2OSmkeh2gNYixJSxUB0X, 1546434569000, 1574672930000, 28238361000, 7843:59:21
4708,  MWtuohPFbsBeXREP2JKd, 1546432761000, 1568026023000, 21593262000, 5998:07:42
4709,  pZLlR74d39HYM0rWGTud, 1546431320000, 1552722260000, 6290940000, 1747:29:00
4710,  b89J3ZSZIfeyoooAkjGm, 1546426150000, 1549021168000, 2595018000, 720:50:18
4711,  iVqXFGYi2HORAeiupUSy, 1546420918000, 1563709616000, 17288698000, 4802:24:58
4712,  DAWHaK2GQSmIB36pGSSG, 1546418422000, 1554406599000, 7988177000, 2218:56:17
4713,  TBbUiKQdv9hgvN2TJU1H, 1546417624000, 1570388229000, 23970605000, 6658:30:05
4714,  idRQbEAYgvMUUNyBhsgM, 1546413872000, 1563698373000, 17284501000, 4801:15:01
4715,  pf0FyJZB6p2KcWj7GDsH, 1546402786000, 1557819481000, 11416695000, 3171:18:15
4716,  pAkdpvF5SqLA4gkrE4Yg, 1546388532000, 1559928106000, 13539574000, 3760:59:34
4717,  VhcGk7ZE2qMIp6AoWD9y, 1546360947000, 1569593981000, 23233034000, 6453:37:14
4718,  z87KEklu44f0YYntHMEk, 1546346331000, 1562515251000, 16168920000, 4491:22:00
4719,  PVKLHCmmYb5GzmeJ09Us, 1546340224000, 1558214282000, 11874058000, 3298:20:58
4720,  OMuTEzQsXqQhgldzplbR, 1546336637000, 1550794474000, 4457837000, 1238:17:17
4721,  B8LoOnpdgYKV0jJ4VGQb, 1546330904000, 1572419689000, 26088785000, 7246:53:05
4722,  vOPsN1LbM9RUwlFZcKDL, 1546325305000, 1567399402000, 21074097000, 5853:54:57
4723,  HIDCiOUwS3oCBaayS3Im, 1546319351000, 1566290623000, 19971272000, 5547:34:32
4724,  1zBRus0irzYypIUL4gJi, 1546318600000, 1558130195000, 11811595000, 3280:59:55
4725,  2fMSCFWBikn1NNiTqNtV, 1546312617000, 1549510729000, 3198112000, 888:21:52
4726,  jHcvtJmm9WgQwvyH8lYo, 1546309451000, 1570106002000, 23796551000, 6610:09:11
4727,  KUC1ESWFEWAFPWSY9xBv, 1546308342000, 1572559824000, 26251482000, 7292:04:42
4728,  NsRVvca31o18Sku4ESgz, 1546307885000, 1564254565000, 17946680000, 4985:11:20
4729,  rkQ1ak7mDWF9pO9CrDoQ, 1546294040000, 1555481588000, 9187548000, 2552:05:48
4730,  KJx7k7u1Ysu4EBaObfdh, 1546291166000, 1562208201000, 15917035000, 4421:23:55