Log file for data_sample.py
Start time: 2023-08-02 20:17:53.499132
[ID:1| Order KDO7FITFAI created | Generated 8079 items | Pending 75974137 items]
[ID:2| Order W1EVBE4F4U created | Generated 13289 items | Pending 75968927 items]
[ID:3| Order KQ6ITI10FT created | Generated 16649 items | Pending 75965567 items]
[ID:4| Order QJAJPXWHD8 created | Generated 26764 items | Pending 75955452 items]
[ID:5| Order RK640HTPGV created | Generated 65430 items | Pending 75916786 items]
[ID:6| Order DHPGUFBM74 created | Generated 86717 items | Pending 75895499 items]
[ID:7| Order 8NAQ1WJFM5 created | Generated 108473 items | Pending 75873743 items]
[ID:8| Order UHG7NXXBMN created | Generated 127342 items | Pending 75854874 items]
[ID:9| Order 58K0IX746V created | Generated 136168 items | Pending 75846048 items]
[ID:10| Order QBK31A4DRW created | Generated 173675 items | Pending 75808541 items]
[ID:11| Order VGEA5A8G7H created | Generated 210896 items | Pending 75771320 items]
[ID:12| Order PKORS4RVNS created | Generated 227280 items | Pending 75754936 items]
[ID:13| Order IFZU6F1CHF created | Generated 229735 items | Pending 75752481 items]
[ID:14| Order INQBCXP5YR created | Generated 238885 items | Pending 75743331 items]
[ID:15| Order LFZY0AUKJB created | Generated 281140 items | Pending 75701076 items]
[ID:16| Order O097UGK1LE created | Generated 293628 items | Pending 75688588 items]
[ID:17| Order FSCZHOHAKA created | Generated 297136 items | Pending 75685080 items]
[ID:18| Order HHMQ9YA1EX created | Generated 342921 items | Pending 75639295 items]
[ID:19| Order MA9O33Z2DH created | Generated 365998 items | Pending 75616218 items]
[ID:20| Order LTJMZSB3ZN created | Generated 370236 items | Pending 75611980 items]
[ID:21| Order K8LGJIN5M4 created | Generated 378223 items | Pending 75603993 items]
[ID:22| Order EIEHI13RQQ created | Generated 381496 items | Pending 75600720 items]
[ID:23| Order 24C1P5FUPZ created | Generated 388617 items | Pending 75593599 items]
[ID:24| Order 8SLA47CX3Q created | Generated 405458 items | Pending 75576758 items]
[ID:25| Order QGHS9SWGY3 created | Generated 407918 items | Pending 75574298 items]
[ID:26| Order NO667WJ1EK created | Generated 459582 items | Pending 75522634 items]
[ID:27| Order O5L9Y2DD7N created | Generated 464726 items | Pending 75517490 items]
[ID:28| Order VNDG1TP51S created | Generated 517640 items | Pending 75464576 items]
[ID:29| Order 6TC2QQM8QF created | Generated 521680 items | Pending 75460536 items]
[ID:30| Order TBK2LBIU8Y created | Generated 527906 items | Pending 75454310 items]
[ID:31| Order DVWROJ0YYQ created | Generated 569026 items | Pending 75413190 items]
[ID:32| Order U2VLFOTD3R created | Generated 619828 items | Pending 75362388 items]
[ID:33| Order RI10W8N9MP created | Generated 625856 items | Pending 75356360 items]
[ID:34| Order X0XHXUW5CC created | Generated 674132 items | Pending 75308084 items]
[ID:35| Order OMOKUGX64F created | Generated 681317 items | Pending 75300899 items]
[ID:36| Order V4AU5FIXYW created | Generated 715616 items | Pending 75266600 items]
[ID:37| Order R2NHJXDM65 created | Generated 747886 items | Pending 75234330 items]
[ID:38| Order O32SU4F509 created | Generated 782933 items | Pending 75199283 items]
[ID:39| Order MXCANIIDM2 created | Generated 805995 items | Pending 75176221 items]
[ID:40| Order N45SS41SV0 created | Generated 815805 items | Pending 75166411 items]
[ID:41| Order BB9175F0L4 created | Generated 855935 items | Pending 75126281 items]
[ID:42| Order SMKAATMM4M created | Generated 876206 items | Pending 75106010 items]
[ID:43| Order S3X69Z6VJY created | Generated 898904 items | Pending 75083312 items]
[ID:44| Order 2NCV53CDWE created | Generated 936092 items | Pending 75046124 items]
[ID:45| Order MX7Z24C8H2 created | Generated 980979 items | Pending 75001237 items]
[ID:46| Order J5RF5LP2Q4 created | Generated 1002997 items | Pending 74979219 items]
[ID:47| Order 2FRBTAVDNN created | Generated 1003377 items | Pending 74978839 items]
[ID:48| Order ZGPFH7B9PH created | Generated 1041276 items | Pending 74940940 items]
[ID:49| Order 12O2XWNM5Z created | Generated 1063247 items | Pending 74918969 items]
[ID:50| Order 3TBZDGXNB3 created | Generated 1076933 items | Pending 74905283 items]
[ID:51| Order 4R5PCV6WQ8 created | Generated 1095976 items | Pending 74886240 items]
[ID:52| Order 2MDUITTGUJ created | Generated 1100611 items | Pending 74881605 items]
[ID:53| Order RP933UE5CU created | Generated 1122822 items | Pending 74859394 items]
[ID:54| Order EUIYQBD1NO created | Generated 1128140 items | Pending 74854076 items]
[ID:55| Order SWXSJ9W1N7 created | Generated 1141163 items | Pending 74841053 items]
[ID:56| Order GES5SU23BM created | Generated 1155448 items | Pending 74826768 items]
[ID:57| Order MF8QG3F9SL created | Generated 1161875 items | Pending 74820341 items]
[ID:58| Order OKC3QMM0NR created | Generated 1193687 items | Pending 74788529 items]
[ID:59| Order OG0WL0WLWR created | Generated 1218414 items | Pending 74763802 items]
[ID:60| Order WBX7SPHSLD created | Generated 1221304 items | Pending 74760912 items]
[ID:61| Order GKYPF4047M created | Generated 1266423 items | Pending 74715793 items]
[ID:62| Order 1XCZWGZTUV created | Generated 1308736 items | Pending 74673480 items]
[ID:63| Order ZNPT4F2L3G created | Generated 1314239 items | Pending 74667977 items]
[ID:64| Order 4798F8SP2Z created | Generated 1362582 items | Pending 74619634 items]
[ID:65| Order KYE8L2MA6C created | Generated 1393045 items | Pending 74589171 items]
[ID:66| Order 77AUEUGSIC created | Generated 1433915 items | Pending 74548301 items]
[ID:67| Order EVQB02IUU0 created | Generated 1439514 items | Pending 74542702 items]
[ID:68| Order QGE170DD5X created | Generated 1475186 items | Pending 74507030 items]
[ID:69| Order XS1G2PQK01 created | Generated 1522863 items | Pending 74459353 items]
[ID:70| Order K0NIIVJ057 created | Generated 1525188 items | Pending 74457028 items]
[ID:71| Order LT02M3G2R6 created | Generated 1551012 items | Pending 74431204 items]
[ID:72| Order IUDI2U4AEF created | Generated 1588372 items | Pending 74393844 items]
[ID:73| Order F41LWMO0EZ created | Generated 1641557 items | Pending 74340659 items]
[ID:74| Order VOD5PR90RP created | Generated 1675567 items | Pending 74306649 items]
[ID:75| Order 4ISVKMJKGU created | Generated 1695574 items | Pending 74286642 items]
[ID:76| Order J017NEJ9IO created | Generated 1700628 items | Pending 74281588 items]
[ID:77| Order QRWZSPZEMQ created | Generated 1709112 items | Pending 74273104 items]
[ID:78| Order 0I4FX7J1X2 created | Generated 1746396 items | Pending 74235820 items]
[ID:79| Order PP2ZJATMX7 created | Generated 1754776 items | Pending 74227440 items]
[ID:80| Order ZN48NFWAOH created | Generated 1781038 items | Pending 74201178 items]
[ID:81| Order 6KNW95OJ56 created | Generated 1808933 items | Pending 74173283 items]
[ID:82| Order D9U2NWITVA created | Generated 1830787 items | Pending 74151429 items]
[ID:83| Order SQKVFDJFB6 created | Generated 1880997 items | Pending 74101219 items]
[ID:84| Order COU9WV9T2I created | Generated 1889650 items | Pending 74092566 items]
[ID:85| Order EBNS0DVRMJ created | Generated 1912240 items | Pending 74069976 items]
[ID:86| Order DBFGLRFLAH created | Generated 1942334 items | Pending 74039882 items]
[ID:87| Order DPY410PQS6 created | Generated 1976368 items | Pending 74005848 items]
[ID:88| Order DONK9JPEYZ created | Generated 2020193 items | Pending 73962023 items]
[ID:89| Order 0B4107D6JQ created | Generated 2069195 items | Pending 73913021 items]
[ID:90| Order KOYVBE6K66 created | Generated 2093942 items | Pending 73888274 items]
[ID:91| Order RSFIMLFJT9 created | Generated 2137213 items | Pending 73845003 items]
[ID:92| Order 8C7F70XQ4N created | Generated 2160404 items | Pending 73821812 items]
[ID:93| Order EEGK07SLVZ created | Generated 2188341 items | Pending 73793875 items]
[ID:94| Order CRGNDQS8G7 created | Generated 2223747 items | Pending 73758469 items]
[ID:95| Order CQZ5H5YVCA created | Generated 2246680 items | Pending 73735536 items]
[ID:96| Order H4U3I8K1AL created | Generated 2285056 items | Pending 73697160 items]
[ID:97| Order 828UD3Q5H3 created | Generated 2309302 items | Pending 73672914 items]
[ID:98| Order 82V9IW6KAA created | Generated 2354562 items | Pending 73627654 items]
[ID:99| Order 7DSXKTC8XY created | Generated 2366800 items | Pending 73615416 items]
[ID:100| Order H1A4A2QJ5M created | Generated 2367595 items | Pending 73614621 items]
[ID:101| Order IKOJ68X4FL created | Generated 2410700 items | Pending 73571516 items]
[ID:102| Order 181LXQ4FIH created | Generated 2421056 items | Pending 73561160 items]
[ID:103| Order 1JX6E94BQE created | Generated 2438216 items | Pending 73544000 items]
[ID:104| Order O2OEEFHMXM created | Generated 2480302 items | Pending 73501914 items]
[ID:105| Order CCGAC7R898 created | Generated 2513324 items | Pending 73468892 items]
[ID:106| Order 6XJSCQX9CH created | Generated 2560873 items | Pending 73421343 items]
[ID:107| Order ADEEF9WNLE created | Generated 2572328 items | Pending 73409888 items]
[ID:108| Order 0FJE1Z2EMI created | Generated 2588357 items | Pending 73393859 items]
[ID:109| Order GZ6FM2SMRE created | Generated 2607800 items | Pending 73374416 items]
[ID:110| Order S20KDFXB0N created | Generated 2616772 items | Pending 73365444 items]
[ID:111| Order XR5E6E5X07 created | Generated 2647291 items | Pending 73334925 items]
[ID:112| Order YBT1ZQCU99 created | Generated 2688406 items | Pending 73293810 items]
[ID:113| Order RSS8L4CIZF created | Generated 2722424 items | Pending 73259792 items]
[ID:114| Order 3W4RCOOMH6 created | Generated 2732585 items | Pending 73249631 items]
[ID:115| Order ECZZNHDR6D created | Generated 2774203 items | Pending 73208013 items]
[ID:116| Order E03QAPD2YH created | Generated 2793429 items | Pending 73188787 items]
[ID:117| Order PCPQ55RILB created | Generated 2812102 items | Pending 73170114 items]
[ID:118| Order 6YKIEY762N created | Generated 2841645 items | Pending 73140571 items]
[ID:119| Order UCOVMDJAT4 created | Generated 2886837 items | Pending 73095379 items]
[ID:120| Order 40YQ8ONDGV created | Generated 2928101 items | Pending 73054115 items]
[ID:121| Order 7ENC0KKXYR created | Generated 2973401 items | Pending 73008815 items]
[ID:122| Order AQIMPIL6GS created | Generated 2985548 items | Pending 72996668 items]
[ID:123| Order KJH1VWSLCG created | Generated 3002944 items | Pending 72979272 items]
[ID:124| Order XK29RFSK6Y created | Generated 3003442 items | Pending 72978774 items]
[ID:125| Order LZMYSD5YON created | Generated 3030645 items | Pending 72951571 items]
[ID:126| Order EUTXMQ88SW created | Generated 3062757 items | Pending 72919459 items]
[ID:127| Order AA8ZU93PAV created | Generated 3111622 items | Pending 72870594 items]
[ID:128| Order Q4MS0D4K7R created | Generated 3128506 items | Pending 72853710 items]
[ID:129| Order A9IF4TL49G created | Generated 3170110 items | Pending 72812106 items]
[ID:130| Order 67CP8H5TAH created | Generated 3204647 items | Pending 72777569 items]
[ID:131| Order ZKYU274AYK created | Generated 3211444 items | Pending 72770772 items]
[ID:132| Order FI1JWWBM65 created | Generated 3253431 items | Pending 72728785 items]
[ID:133| Order 5WQ7H6GH34 created | Generated 3306572 items | Pending 72675644 items]
[ID:134| Order TXWS2VGF7G created | Generated 3356249 items | Pending 72625967 items]
[ID:135| Order UNJGLP6B1G created | Generated 3359789 items | Pending 72622427 items]
[ID:136| Order SMQD8RHC0A created | Generated 3379833 items | Pending 72602383 items]
[ID:137| Order 8VQ6VMJ37B created | Generated 3399076 items | Pending 72583140 items]
[ID:138| Order QG2X8RB6MN created | Generated 3438583 items | Pending 72543633 items]
[ID:139| Order 0O5GHW84QI created | Generated 3469773 items | Pending 72512443 items]
[ID:140| Order 3L0N6GYRNP created | Generated 3502824 items | Pending 72479392 items]
[ID:141| Order W9KQ27XZVB created | Generated 3503280 items | Pending 72478936 items]
[ID:142| Order 4YP97QC1I9 created | Generated 3540399 items | Pending 72441817 items]
[ID:143| Order DZ8JWP8IJK created | Generated 3572222 items | Pending 72409994 items]
[ID:144| Order DT52SH4WEW created | Generated 3582758 items | Pending 72399458 items]
[ID:145| Order IJO82AU6NL created | Generated 3612815 items | Pending 72369401 items]
[ID:146| Order 4YBF17UX3U created | Generated 3620367 items | Pending 72361849 items]
[ID:147| Order CX4JW6A3YX created | Generated 3627285 items | Pending 72354931 items]
[ID:148| Order T59XRKYSN7 created | Generated 3660763 items | Pending 72321453 items]
[ID:149| Order R1GM8MBW6V created | Generated 3686964 items | Pending 72295252 items]
[ID:150| Order JALIIYROT6 created | Generated 3717511 items | Pending 72264705 items]
[ID:151| Order 026UFPHV43 created | Generated 3722086 items | Pending 72260130 items]
[ID:152| Order Z3KKI52NKW created | Generated 3733797 items | Pending 72248419 items]
[ID:153| Order LEZFUVGIPR created | Generated 3744650 items | Pending 72237566 items]
[ID:154| Order V644SP8M1C created | Generated 3791213 items | Pending 72191003 items]
[ID:155| Order 64668LEMZP created | Generated 3829436 items | Pending 72152780 items]
[ID:156| Order W78DTTBZOS created | Generated 3870519 items | Pending 72111697 items]
[ID:157| Order DNHELC6CYF created | Generated 3880770 items | Pending 72101446 items]
[ID:158| Order 377UWWYXGG created | Generated 3919324 items | Pending 72062892 items]
[ID:159| Order 7T6BM3WMHO created | Generated 3940641 items | Pending 72041575 items]
[ID:160| Order 3EFL6G2K4O created | Generated 3977657 items | Pending 72004559 items]
[ID:161| Order Z56WCI0FKI created | Generated 4004802 items | Pending 71977414 items]
[ID:162| Order QHFQVX6QU8 created | Generated 4045468 items | Pending 71936748 items]
[ID:163| Order VWX3BG0MWA created | Generated 4053100 items | Pending 71929116 items]
[ID:164| Order 70K9VE7PEF created | Generated 4066514 items | Pending 71915702 items]
[ID:165| Order ZNMQ8CR4U5 created | Generated 4082066 items | Pending 71900150 items]
[ID:166| Order 3JNC57NIPG created | Generated 4109794 items | Pending 71872422 items]
[ID:167| Order 7GHKMKCH6A created | Generated 4121551 items | Pending 71860665 items]
[ID:168| Order MFMW0W2M05 created | Generated 4164193 items | Pending 71818023 items]
[ID:169| Order OV7JSUCQ2Z created | Generated 4197234 items | Pending 71784982 items]
[ID:170| Order M2YD4JA1F4 created | Generated 4220390 items | Pending 71761826 items]
[ID:171| Order G6ATOTE1KX created | Generated 4266765 items | Pending 71715451 items]
[ID:172| Order 1MUI1SKO9O created | Generated 4310274 items | Pending 71671942 items]
[ID:173| Order K4SU7665LS created | Generated 4342190 items | Pending 71640026 items]
[ID:174| Order MBQ6Y0ZKCI created | Generated 4373809 items | Pending 71608407 items]
[ID:175| Order 0GT0ZADTN6 created | Generated 4401063 items | Pending 71581153 items]
[ID:176| Order U2DV7WX9FW created | Generated 4404792 items | Pending 71577424 items]
[ID:177| Order 04880R8MYS created | Generated 4451530 items | Pending 71530686 items]
[ID:178| Order WI4OAPPTCT created | Generated 4497847 items | Pending 71484369 items]
[ID:179| Order 3H41DEVI46 created | Generated 4524069 items | Pending 71458147 items]
[ID:180| Order YKAV1IG3YY created | Generated 4555179 items | Pending 71427037 items]
[ID:181| Order JD7G3B2ZFA created | Generated 4566241 items | Pending 71415975 items]
[ID:182| Order 9L8R2RVWWF created | Generated 4582596 items | Pending 71399620 items]
[ID:183| Order D3UB0VZH8X created | Generated 4608271 items | Pending 71373945 items]
[ID:184| Order 796DER4Y9P created | Generated 4629250 items | Pending 71352966 items]
[ID:185| Order UHDZBIKU01 created | Generated 4665238 items | Pending 71316978 items]
[ID:186| Order 6NFDM2THEW created | Generated 4685237 items | Pending 71296979 items]
[ID:187| Order W68BP2QOX2 created | Generated 4726247 items | Pending 71255969 items]
[ID:188| Order 1QH5IA9H4J created | Generated 4761649 items | Pending 71220567 items]
[ID:189| Order O8UAKDQLKI created | Generated 4765305 items | Pending 71216911 items]
[ID:190| Order 7R477AUGD8 created | Generated 4810212 items | Pending 71172004 items]
[ID:191| Order 0Z0D5FDZQF created | Generated 4845264 items | Pending 71136952 items]
[ID:192| Order FXVGBMKATC created | Generated 4881742 items | Pending 71100474 items]
[ID:193| Order 0ARRQ721XK created | Generated 4929102 items | Pending 71053114 items]
[ID:194| Order V5UDBJPAVW created | Generated 4938892 items | Pending 71043324 items]
[ID:195| Order 1XT01ZL8U8 created | Generated 4960438 items | Pending 71021778 items]
[ID:196| Order 327Z7YKIEN created | Generated 4977902 items | Pending 71004314 items]
[ID:197| Order NUQQDOJYDA created | Generated 5011346 items | Pending 70970870 items]
[ID:198| Order 14EF862J0N created | Generated 5056513 items | Pending 70925703 items]
[ID:199| Order KH47JL7UB8 created | Generated 5077089 items | Pending 70905127 items]
[ID:200| Order JZUKR81ASK created | Generated 5090829 items | Pending 70891387 items]
[ID:201| Order GQZ3THJP5D created | Generated 5134973 items | Pending 70847243 items]
[ID:202| Order DGH5BXLY39 created | Generated 5160378 items | Pending 70821838 items]
[ID:203| Order TPWPSPJPC0 created | Generated 5198753 items | Pending 70783463 items]
[ID:204| Order 9U3IEWCD8H created | Generated 5214650 items | Pending 70767566 items]
[ID:205| Order YZC9OX8H5N created | Generated 5230202 items | Pending 70752014 items]
[ID:206| Order YIFQUZHDL0 created | Generated 5243287 items | Pending 70738929 items]
[ID:207| Order O6GWDDKIY6 created | Generated 5281816 items | Pending 70700400 items]
[ID:208| Order LPC3964G6U created | Generated 5308308 items | Pending 70673908 items]
[ID:209| Order W0EDWSOH13 created | Generated 5330130 items | Pending 70652086 items]
[ID:210| Order 3O78ZQJXMH created | Generated 5355317 items | Pending 70626899 items]
[ID:211| Order T9MOUUKX71 created | Generated 5390501 items | Pending 70591715 items]
[ID:212| Order B6AVA134PG created | Generated 5438695 items | Pending 70543521 items]
[ID:213| Order KA904PVZCJ created | Generated 5456760 items | Pending 70525456 items]
[ID:214| Order GC7KWX06IC created | Generated 5504367 items | Pending 70477849 items]
[ID:215| Order 6EY6EOJ8US created | Generated 5537491 items | Pending 70444725 items]
[ID:216| Order BKML674OWK created | Generated 5570828 items | Pending 70411388 items]
[ID:217| Order CJTFP972RY created | Generated 5598629 items | Pending 70383587 items]
[ID:218| Order EWIQ25EO33 created | Generated 5612701 items | Pending 70369515 items]
[ID:219| Order WBJQVMMIB5 created | Generated 5629764 items | Pending 70352452 items]
[ID:220| Order IOA9HGBPR8 created | Generated 5641562 items | Pending 70340654 items]
[ID:221| Order FG6SWBGD64 created | Generated 5684713 items | Pending 70297503 items]
[ID:222| Order AJLJT2FL9L created | Generated 5733730 items | Pending 70248486 items]
[ID:223| Order Z0C95MOZUX created | Generated 5759194 items | Pending 70223022 items]
[ID:224| Order YVOOYZ23LP created | Generated 5771099 items | Pending 70211117 items]
[ID:225| Order OEDV9ORDF3 created | Generated 5816237 items | Pending 70165979 items]
[ID:226| Order HZXQCWP6LM created | Generated 5839335 items | Pending 70142881 items]
[ID:227| Order AIITZSEPI6 created | Generated 5875599 items | Pending 70106617 items]
[ID:228| Order KHH5R0P4PT created | Generated 5899630 items | Pending 70082586 items]
[ID:229| Order EDPAI9NVTW created | Generated 5921179 items | Pending 70061037 items]
[ID:230| Order JC00TQP7HX created | Generated 5965948 items | Pending 70016268 items]
[ID:231| Order RGHBA9VHXD created | Generated 6003146 items | Pending 69979070 items]
[ID:232| Order GU1SFBOUZW created | Generated 6016230 items | Pending 69965986 items]
[ID:233| Order 4LBP7EP7J4 created | Generated 6038251 items | Pending 69943965 items]
[ID:234| Order 19FIZ9V6YU created | Generated 6052682 items | Pending 69929534 items]
[ID:235| Order XPZ9LX6FSH created | Generated 6075790 items | Pending 69906426 items]
[ID:236| Order FE6L6RXYN0 created | Generated 6097570 items | Pending 69884646 items]
[ID:237| Order 2RSU9LR4ZH created | Generated 6124154 items | Pending 69858062 items]
[ID:238| Order WJIOW26IPN created | Generated 6158197 items | Pending 69824019 items]
[ID:239| Order 60VACTUDCV created | Generated 6197117 items | Pending 69785099 items]
[ID:240| Order 3MXLYSAF95 created | Generated 6212627 items | Pending 69769589 items]
[ID:241| Order 5KGBN8MJU3 created | Generated 6232760 items | Pending 69749456 items]
[ID:242| Order X0GHK9KD1P created | Generated 6235733 items | Pending 69746483 items]
[ID:243| Order 45WG5K6JQU created | Generated 6269671 items | Pending 69712545 items]
[ID:244| Order XO75HCYI1B created | Generated 6278053 items | Pending 69704163 items]
[ID:245| Order W31RXIBB8H created | Generated 6302736 items | Pending 69679480 items]
[ID:246| Order 7C732SLW2X created | Generated 6315843 items | Pending 69666373 items]
[ID:247| Order 39BXH7ZUYM created | Generated 6362131 items | Pending 69620085 items]
[ID:248| Order W7XW9QJLTR created | Generated 6378806 items | Pending 69603410 items]
[ID:249| Order 4LKSLPA5HP created | Generated 6407441 items | Pending 69574775 items]
[ID:250| Order F8H6JUE85T created | Generated 6420846 items | Pending 69561370 items]
[ID:251| Order IRL678RIL7 created | Generated 6443684 items | Pending 69538532 items]
[ID:252| Order H2P7AGW9YI created | Generated 6453210 items | Pending 69529006 items]
[ID:253| Order 9N9BW0AI0F created | Generated 6483332 items | Pending 69498884 items]
[ID:254| Order VNYFDQE7QJ created | Generated 6528476 items | Pending 69453740 items]
[ID:255| Order RYHDBTSJTQ created | Generated 6570245 items | Pending 69411971 items]
[ID:256| Order 2E7FPXL5JH created | Generated 6607964 items | Pending 69374252 items]
[ID:257| Order ABFIM953CF created | Generated 6646572 items | Pending 69335644 items]
[ID:258| Order C8VZA8GJU2 created | Generated 6677278 items | Pending 69304938 items]
[ID:259| Order CIL4DLPW4A created | Generated 6723955 items | Pending 69258261 items]
[ID:260| Order BN1GYBACNH created | Generated 6749257 items | Pending 69232959 items]
[ID:261| Order L1AKGB4CBM created | Generated 6758683 items | Pending 69223533 items]
[ID:262| Order 52NPWZPR9R created | Generated 6786876 items | Pending 69195340 items]
[ID:263| Order 0MDYYMLTG1 created | Generated 6834225 items | Pending 69147991 items]
[ID:264| Order O8636UFURB created | Generated 6861985 items | Pending 69120231 items]
[ID:265| Order NT4FFX3V9G created | Generated 6869051 items | Pending 69113165 items]
[ID:266| Order M442LL5N7L created | Generated 6882748 items | Pending 69099468 items]
[ID:267| Order B9PF2S4U3G created | Generated 6906534 items | Pending 69075682 items]
[ID:268| Order OJ3WAKQXG7 created | Generated 6919298 items | Pending 69062918 items]
[ID:269| Order BC3KJI7HJX created | Generated 6950265 items | Pending 69031951 items]
[ID:270| Order MW03OF2DO8 created | Generated 6992265 items | Pending 68989951 items]
[ID:271| Order PL36F02F5N created | Generated 7004587 items | Pending 68977629 items]
[ID:272| Order 8HDHCUCHL9 created | Generated 7040273 items | Pending 68941943 items]
[ID:273| Order LM57MR3E6M created | Generated 7044001 items | Pending 68938215 items]
[ID:274| Order 7D2DEJM2ZY created | Generated 7050191 items | Pending 68932025 items]
[ID:275| Order 92DZ8LTU4O created | Generated 7080839 items | Pending 68901377 items]
[ID:276| Order 1HGBRFNTX7 created | Generated 7093916 items | Pending 68888300 items]
[ID:277| Order N0I64COA1B created | Generated 7116845 items | Pending 68865371 items]
[ID:278| Order HQRM6SO5GM created | Generated 7165896 items | Pending 68816320 items]
[ID:279| Order SUA7TPHHU8 created | Generated 7183839 items | Pending 68798377 items]
[ID:280| Order 95UOY6R964 created | Generated 7215110 items | Pending 68767106 items]
[ID:281| Order 9TKR8PQ0QT created | Generated 7228470 items | Pending 68753746 items]
[ID:282| Order 9INVC2RSD6 created | Generated 7242719 items | Pending 68739497 items]
[ID:283| Order 800UH8IADR created | Generated 7262458 items | Pending 68719758 items]
[ID:284| Order UYG5859HKW created | Generated 7279215 items | Pending 68703001 items]
[ID:285| Order FVS9CN5OLZ created | Generated 7295322 items | Pending 68686894 items]
[ID:286| Order 3S46FTF0VP created | Generated 7328016 items | Pending 68654200 items]
[ID:287| Order 5938J16352 created | Generated 7335739 items | Pending 68646477 items]
[ID:288| Order 0UZT2067TG created | Generated 7340755 items | Pending 68641461 items]
[ID:289| Order W8G5FS15S4 created | Generated 7373268 items | Pending 68608948 items]
[ID:290| Order D5Q502JAAY created | Generated 7419114 items | Pending 68563102 items]
[ID:291| Order KX08L0VN0F created | Generated 7433105 items | Pending 68549111 items]
[ID:292| Order B4VN5UHVZN created | Generated 7436162 items | Pending 68546054 items]
[ID:293| Order G8BHWHJT83 created | Generated 7469012 items | Pending 68513204 items]
[ID:294| Order 1CQMHGHOHC created | Generated 7486881 items | Pending 68495335 items]
[ID:295| Order NTMOGV02WH created | Generated 7514621 items | Pending 68467595 items]
[ID:296| Order SF8HYD1R1Z created | Generated 7534040 items | Pending 68448176 items]
[ID:297| Order Y45VR6XFVT created | Generated 7534585 items | Pending 68447631 items]
[ID:298| Order AKOXRPAPM3 created | Generated 7555897 items | Pending 68426319 items]
[ID:299| Order ZTYHV2341J created | Generated 7565479 items | Pending 68416737 items]
[ID:300| Order Y1D106LB7L created | Generated 7616159 items | Pending 68366057 items]
[ID:301| Order 37ZSOZL3NQ created | Generated 7654461 items | Pending 68327755 items]
[ID:302| Order J0G7YSXVZP created | Generated 7660272 items | Pending 68321944 items]
[ID:303| Order 0R436HDEVN created | Generated 7686458 items | Pending 68295758 items]
[ID:304| Order VU8U248RL8 created | Generated 7690803 items | Pending 68291413 items]
[ID:305| Order 3EMTVQ1K0D created | Generated 7707638 items | Pending 68274578 items]
[ID:306| Order G179GGBL54 created | Generated 7749261 items | Pending 68232955 items]
[ID:307| Order AY7328GYVC created | Generated 7764346 items | Pending 68217870 items]
[ID:308| Order MMWUH2I73G created | Generated 7776660 items | Pending 68205556 items]
[ID:309| Order D2BDKZPPZY created | Generated 7793174 items | Pending 68189042 items]
[ID:310| Order V8KGGRRUZR created | Generated 7816446 items | Pending 68165770 items]
[ID:311| Order 1DPPC83LVZ created | Generated 7849823 items | Pending 68132393 items]
[ID:312| Order LK0NONYD3R created | Generated 7873732 items | Pending 68108484 items]
[ID:313| Order IZXE0YMC8T created | Generated 7918917 items | Pending 68063299 items]
[ID:314| Order 67VUDG6S4U created | Generated 7928060 items | Pending 68054156 items]
[ID:315| Order TV5PXTCYTS created | Generated 7975586 items | Pending 68006630 items]
[ID:316| Order VO4Q9UUZHC created | Generated 7989708 items | Pending 67992508 items]
[ID:317| Order VWNL1T62OV created | Generated 7996190 items | Pending 67986026 items]
[ID:318| Order E3QXQDKPQS created | Generated 8000866 items | Pending 67981350 items]
[ID:319| Order CGBN7C40NH created | Generated 8007494 items | Pending 67974722 items]
[ID:320| Order U8K28Q9ZN2 created | Generated 8025225 items | Pending 67956991 items]
[ID:321| Order CO9RVXH6U7 created | Generated 8049476 items | Pending 67932740 items]
[ID:322| Order CPP9VJASQP created | Generated 8075415 items | Pending 67906801 items]
[ID:323| Order MLKLDSR3MO created | Generated 8107312 items | Pending 67874904 items]
[ID:324| Order RID86HEZZJ created | Generated 8112327 items | Pending 67869889 items]
[ID:325| Order T7EZQW67K0 created | Generated 8123825 items | Pending 67858391 items]
[ID:326| Order 2VDF06KFC5 created | Generated 8155834 items | Pending 67826382 items]
[ID:327| Order XLSRXMJLGK created | Generated 8162395 items | Pending 67819821 items]
[ID:328| Order ALU8QOM1BT created | Generated 8204559 items | Pending 67777657 items]
[ID:329| Order ZP6YGK9MR4 created | Generated 8245891 items | Pending 67736325 items]
[ID:330| Order WC0Y7Z7B11 created | Generated 8272302 items | Pending 67709914 items]
[ID:331| Order 5YJWXSXDPF created | Generated 8318926 items | Pending 67663290 items]
[ID:332| Order 2NBNMLGTTJ created | Generated 8326695 items | Pending 67655521 items]
[ID:333| Order KA9HOEXDKH created | Generated 8354077 items | Pending 67628139 items]
[ID:334| Order 50SYQEFRAF created | Generated 8368903 items | Pending 67613313 items]
[ID:335| Order PL6NJ9RY8Y created | Generated 8382703 items | Pending 67599513 items]
[ID:336| Order 8CNBGWPJ1I created | Generated 8393848 items | Pending 67588368 items]
[ID:337| Order BU4JN60JC9 created | Generated 8406065 items | Pending 67576151 items]
[ID:338| Order XWITP0VT5I created | Generated 8422816 items | Pending 67559400 items]
[ID:339| Order V2262KTIT3 created | Generated 8437721 items | Pending 67544495 items]
[ID:340| Order RV6TIAN9SE created | Generated 8455187 items | Pending 67527029 items]
[ID:341| Order ESV9E8XR0O created | Generated 8485468 items | Pending 67496748 items]
[ID:342| Order PKDX7R21JU created | Generated 8510705 items | Pending 67471511 items]
[ID:343| Order W86UU1FOIX created | Generated 8530539 items | Pending 67451677 items]
[ID:344| Order MRJWBSDXUV created | Generated 8540857 items | Pending 67441359 items]
[ID:345| Order YZK1ZZ0XZA created | Generated 8589845 items | Pending 67392371 items]
[ID:346| Order P3X5XGINEW created | Generated 8612447 items | Pending 67369769 items]
[ID:347| Order GOMVXJ2RQC created | Generated 8633327 items | Pending 67348889 items]
[ID:348| Order 2YYBVCCXWH created | Generated 8654293 items | Pending 67327923 items]
[ID:349| Order N0TX3KAYJX created | Generated 8687598 items | Pending 67294618 items]
[ID:350| Order LTAW7WJ9OD created | Generated 8718588 items | Pending 67263628 items]
[ID:351| Order LBQ66DG5YB created | Generated 8725761 items | Pending 67256455 items]
[ID:352| Order C8TH94SU4F created | Generated 8736194 items | Pending 67246022 items]
[ID:353| Order HEQ4W0AZ7A created | Generated 8741055 items | Pending 67241161 items]
[ID:354| Order HMCJ9ZKN8G created | Generated 8768051 items | Pending 67214165 items]
[ID:355| Order 16AOE4WRFT created | Generated 8777920 items | Pending 67204296 items]
[ID:356| Order UXH52AW8Q8 created | Generated 8809224 items | Pending 67172992 items]
[ID:357| Order 6LOMYF5868 created | Generated 8811068 items | Pending 67171148 items]
[ID:358| Order KBS2X1HXXD created | Generated 8830171 items | Pending 67152045 items]
[ID:359| Order M8I0JDB3MM created | Generated 8875317 items | Pending 67106899 items]
[ID:360| Order QFKO0RC9UG created | Generated 8879326 items | Pending 67102890 items]
[ID:361| Order 9F8WNSMTAF created | Generated 8923597 items | Pending 67058619 items]
[ID:362| Order DBCRTMXAHJ created | Generated 8969823 items | Pending 67012393 items]
[ID:363| Order N2JS8NRFHB created | Generated 9002781 items | Pending 66979435 items]
[ID:364| Order MJVGDZ2NRB created | Generated 9036082 items | Pending 66946134 items]
[ID:365| Order II8TCQ04J6 created | Generated 9036122 items | Pending 66946094 items]
[ID:366| Order NWOYKK1IRO created | Generated 9057993 items | Pending 66924223 items]
[ID:367| Order 50X5VTY397 created | Generated 9059950 items | Pending 66922266 items]
[ID:368| Order 5Q6M65FID9 created | Generated 9071102 items | Pending 66911114 items]
[ID:369| Order L38NSJKPA8 created | Generated 9106832 items | Pending 66875384 items]
[ID:370| Order QLLP0LYEYZ created | Generated 9118420 items | Pending 66863796 items]
[ID:371| Order 07THY3NJ24 created | Generated 9141743 items | Pending 66840473 items]
[ID:372| Order 64VVXVWJTC created | Generated 9170612 items | Pending 66811604 items]
[ID:373| Order 4XMGUPUQGU created | Generated 9173577 items | Pending 66808639 items]
[ID:374| Order J7LG5MLHUM created | Generated 9189079 items | Pending 66793137 items]
[ID:375| Order BGXR4JSHGN created | Generated 9235032 items | Pending 66747184 items]
[ID:376| Order 5TBHMRNR2Y created | Generated 9235377 items | Pending 66746839 items]
[ID:377| Order W0BU690BRL created | Generated 9239494 items | Pending 66742722 items]
[ID:378| Order NHLVQB76OY created | Generated 9278945 items | Pending 66703271 items]
[ID:379| Order GB3VVZG476 created | Generated 9304326 items | Pending 66677890 items]
[ID:380| Order K9HYNTHKNF created | Generated 9342187 items | Pending 66640029 items]
[ID:381| Order D5XG1SYDS1 created | Generated 9351043 items | Pending 66631173 items]
[ID:382| Order QRH1LBQWB5 created | Generated 9355000 items | Pending 66627216 items]
[ID:383| Order SYN4I30MMI created | Generated 9397924 items | Pending 66584292 items]
[ID:384| Order PHDZ4PLSWN created | Generated 9405057 items | Pending 66577159 items]
[ID:385| Order O55XV15BN5 created | Generated 9450764 items | Pending 66531452 items]
[ID:386| Order 6R55KXKOBL created | Generated 9467679 items | Pending 66514537 items]
[ID:387| Order EF9W8QB6QP created | Generated 9514762 items | Pending 66467454 items]
[ID:388| Order COQTEOYJJF created | Generated 9555913 items | Pending 66426303 items]
[ID:389| Order R1XAG8ZY81 created | Generated 9559353 items | Pending 66422863 items]
[ID:390| Order 1QKLKLL5BV created | Generated 9603601 items | Pending 66378615 items]
[ID:391| Order ME4HP4TBQP created | Generated 9640229 items | Pending 66341987 items]
[ID:392| Order ICWC3GI99I created | Generated 9677404 items | Pending 66304812 items]
[ID:393| Order YDPAHFKK9W created | Generated 9705151 items | Pending 66277065 items]
[ID:394| Order AUWH77UOW7 created | Generated 9720181 items | Pending 66262035 items]
[ID:395| Order 3A9SUO6T1X created | Generated 9751584 items | Pending 66230632 items]
[ID:396| Order L8PBJHSOM6 created | Generated 9771363 items | Pending 66210853 items]
[ID:397| Order UUK4BFPKQW created | Generated 9810791 items | Pending 66171425 items]
[ID:398| Order GNMD1KVLG8 created | Generated 9832956 items | Pending 66149260 items]
[ID:399| Order D579DH2C7W created | Generated 9838570 items | Pending 66143646 items]
[ID:400| Order 34UENSEI5W created | Generated 9861115 items | Pending 66121101 items]
[ID:401| Order QNDHQP54JF created | Generated 9864166 items | Pending 66118050 items]
[ID:402| Order T6B8A9546H created | Generated 9908379 items | Pending 66073837 items]
[ID:403| Order GK5EGHILZV created | Generated 9912974 items | Pending 66069242 items]
[ID:404| Order 87RD09QKZZ created | Generated 9921802 items | Pending 66060414 items]
[ID:405| Order WPNSS0TCIY created | Generated 9959157 items | Pending 66023059 items]
[ID:406| Order 5EHH5ZHL7U created | Generated 9967268 items | Pending 66014948 items]
[ID:407| Order N0SSRC2BQN created | Generated 9977470 items | Pending 66004746 items]
[ID:408| Order 4U1RL3T7NW created | Generated 9983091 items | Pending 65999125 items]
[ID:409| Order 7FURL0I11C created | Generated 10013520 items | Pending 65968696 items]
[ID:410| Order DNVE14M3KC created | Generated 10048615 items | Pending 65933601 items]
[ID:411| Order T0PS85DU0C created | Generated 10094174 items | Pending 65888042 items]
[ID:412| Order 7NHGEXWB2J created | Generated 10126920 items | Pending 65855296 items]
[ID:413| Order X3XQ0CEMV2 created | Generated 10140384 items | Pending 65841832 items]
[ID:414| Order FJZZ1R9G6K created | Generated 10150930 items | Pending 65831286 items]
[ID:415| Order RWBY9CB52K created | Generated 10152676 items | Pending 65829540 items]
[ID:416| Order X015TYOL7Q created | Generated 10155871 items | Pending 65826345 items]
[ID:417| Order 48CX031R3Z created | Generated 10165350 items | Pending 65816866 items]
[ID:418| Order 91LQWF545N created | Generated 10180089 items | Pending 65802127 items]
[ID:419| Order DK2XCY83SM created | Generated 10214460 items | Pending 65767756 items]
[ID:420| Order 0LYT9FCJW4 created | Generated 10239659 items | Pending 65742557 items]
[ID:421| Order H820O1T5N8 created | Generated 10260326 items | Pending 65721890 items]
[ID:422| Order W8FMJEIJBQ created | Generated 10307554 items | Pending 65674662 items]
[ID:423| Order KNQGVCPYVV created | Generated 10312779 items | Pending 65669437 items]
[ID:424| Order MH3HGK1D35 created | Generated 10355268 items | Pending 65626948 items]
[ID:425| Order UD8CQF3QMP created | Generated 10383087 items | Pending 65599129 items]
[ID:426| Order 1751BF7GWG created | Generated 10404507 items | Pending 65577709 items]
[ID:427| Order ZKIA7J9X50 created | Generated 10444199 items | Pending 65538017 items]
[ID:428| Order ZBQB62LB46 created | Generated 10481408 items | Pending 65500808 items]
[ID:429| Order QKDLYO6XHX created | Generated 10504445 items | Pending 65477771 items]
[ID:430| Order X642OQJUD6 created | Generated 10520148 items | Pending 65462068 items]
[ID:431| Order ZPNWN0350B created | Generated 10555638 items | Pending 65426578 items]
[ID:432| Order MZLJRMNZKK created | Generated 10567212 items | Pending 65415004 items]
[ID:433| Order BX5B6NJ0MX created | Generated 10603986 items | Pending 65378230 items]
[ID:434| Order KD2ZZAJ2W8 created | Generated 10641254 items | Pending 65340962 items]
[ID:435| Order 6FHRV4CFRA created | Generated 10665888 items | Pending 65316328 items]
[ID:436| Order IAHJK9805M created | Generated 10680948 items | Pending 65301268 items]
[ID:437| Order U1ANS34DCI created | Generated 10700990 items | Pending 65281226 items]
[ID:438| Order IBHDTPCVXZ created | Generated 10747183 items | Pending 65235033 items]
[ID:439| Order D1Y99EONHO created | Generated 10784653 items | Pending 65197563 items]
[ID:440| Order VZIBEVZ72P created | Generated 10798512 items | Pending 65183704 items]
[ID:441| Order ID9303RIY7 created | Generated 10827641 items | Pending 65154575 items]
[ID:442| Order DLOMSJLNG6 created | Generated 10837894 items | Pending 65144322 items]
[ID:443| Order G6DJUIX4N2 created | Generated 10882835 items | Pending 65099381 items]
[ID:444| Order GQIET2HP75 created | Generated 10913394 items | Pending 65068822 items]
[ID:445| Order YIZKRJNEJF created | Generated 10930139 items | Pending 65052077 items]
[ID:446| Order HSQ9WS9PLG created | Generated 10949142 items | Pending 65033074 items]
[ID:447| Order CIR6VQNO7Q created | Generated 10958772 items | Pending 65023444 items]
[ID:448| Order YYX0C07OI6 created | Generated 10975884 items | Pending 65006332 items]
[ID:449| Order 65WWVNA8IM created | Generated 11028465 items | Pending 64953751 items]
[ID:450| Order NDN25EON26 created | Generated 11029563 items | Pending 64952653 items]
[ID:451| Order F3QNX9T5L5 created | Generated 11051148 items | Pending 64931068 items]
[ID:452| Order 3PH36NDCB3 created | Generated 11070097 items | Pending 64912119 items]
[ID:453| Order M6K5CUN3XM created | Generated 11092641 items | Pending 64889575 items]
[ID:454| Order H9LSS4PBT4 created | Generated 11094903 items | Pending 64887313 items]
[ID:455| Order V8M9TCPFN9 created | Generated 11131375 items | Pending 64850841 items]
[ID:456| Order QL0X939DCO created | Generated 11155248 items | Pending 64826968 items]
[ID:457| Order 2YAS2A1FB3 created | Generated 11174894 items | Pending 64807322 items]
[ID:458| Order 5Y1896BJ46 created | Generated 11206834 items | Pending 64775382 items]
[ID:459| Order YT890GNNZA created | Generated 11235004 items | Pending 64747212 items]
[ID:460| Order 0N5TNPWKVT created | Generated 11257783 items | Pending 64724433 items]
[ID:461| Order 7817I5532P created | Generated 11289339 items | Pending 64692877 items]
[ID:462| Order X6WUMU75IO created | Generated 11318102 items | Pending 64664114 items]
[ID:463| Order LA10LG81UX created | Generated 11361552 items | Pending 64620664 items]
[ID:464| Order 760K94C3BB created | Generated 11396259 items | Pending 64585957 items]
[ID:465| Order CP4YOMBWE1 created | Generated 11396303 items | Pending 64585913 items]
[ID:466| Order 7H7MC9AJRQ created | Generated 11435075 items | Pending 64547141 items]
[ID:467| Order 4P6CTU0FMK created | Generated 11470853 items | Pending 64511363 items]
[ID:468| Order ADUF2DZNA7 created | Generated 11471623 items | Pending 64510593 items]
[ID:469| Order H5WN4Y2XVK created | Generated 11488595 items | Pending 64493621 items]
[ID:470| Order ADOO7P71H6 created | Generated 11520376 items | Pending 64461840 items]
[ID:471| Order 64E50V1L2N created | Generated 11542809 items | Pending 64439407 items]
[ID:472| Order LGDJ7S84KG created | Generated 11562485 items | Pending 64419731 items]
[ID:473| Order P4RTEPPZ8O created | Generated 11594775 items | Pending 64387441 items]
[ID:474| Order Z86SGXM3L4 created | Generated 11643029 items | Pending 64339187 items]
[ID:475| Order QN6SAWMLSG created | Generated 11666270 items | Pending 64315946 items]
[ID:476| Order HSYBOSL1ER created | Generated 11706506 items | Pending 64275710 items]
[ID:477| Order UWK0CB96X8 created | Generated 11706546 items | Pending 64275670 items]
[ID:478| Order XRM1OZNEM1 created | Generated 11727239 items | Pending 64254977 items]
[ID:479| Order VYN7D2GB9U created | Generated 11732970 items | Pending 64249246 items]
[ID:480| Order 8KRYXGGC06 created | Generated 11737115 items | Pending 64245101 items]
[ID:481| Order BNRSSZ2KHW created | Generated 11763616 items | Pending 64218600 items]
[ID:482| Order HA1QIKQELD created | Generated 11779908 items | Pending 64202308 items]
[ID:483| Order NTNW6GO1AN created | Generated 11800083 items | Pending 64182133 items]
[ID:484| Order VMCAZ419HJ created | Generated 11830260 items | Pending 64151956 items]
[ID:485| Order KIX2VM3W2F created | Generated 11844668 items | Pending 64137548 items]
[ID:486| Order ZYC5W6BPRL created | Generated 11853049 items | Pending 64129167 items]
[ID:487| Order MM1VTVS6Q3 created | Generated 11871701 items | Pending 64110515 items]
[ID:488| Order ZO0YDE84CD created | Generated 11889677 items | Pending 64092539 items]
[ID:489| Order WQKJV4NJ9H created | Generated 11889777 items | Pending 64092439 items]
[ID:490| Order 0DR2N0UBCW created | Generated 11928474 items | Pending 64053742 items]
[ID:491| Order T3H3VAFBO6 created | Generated 11958432 items | Pending 64023784 items]
[ID:492| Order QK2SOB7I0V created | Generated 11984536 items | Pending 63997680 items]
[ID:493| Order 1J8NKFFLUO created | Generated 12021211 items | Pending 63961005 items]
[ID:494| Order 9IOPKEE18I created | Generated 12035473 items | Pending 63946743 items]
[ID:495| Order QTZX8EQGDN created | Generated 12042677 items | Pending 63939539 items]
[ID:496| Order Q37KZ9UGAA created | Generated 12074480 items | Pending 63907736 items]
[ID:497| Order 5NXKGDYS0O created | Generated 12084500 items | Pending 63897716 items]
[ID:498| Order 9NH07CZJ6J created | Generated 12106415 items | Pending 63875801 items]
[ID:499| Order PJDI6RLWC6 created | Generated 12146685 items | Pending 63835531 items]
[ID:500| Order GSL5TE912N created | Generated 12178183 items | Pending 63804033 items]
[ID:501| Order 2Z72LUJ4DX created | Generated 12178483 items | Pending 63803733 items]
[ID:502| Order WIGFGSY7CM created | Generated 12229794 items | Pending 63752422 items]
[ID:503| Order V4DSRK2PBX created | Generated 12251552 items | Pending 63730664 items]
[ID:504| Order WPG59YYX2X created | Generated 12252028 items | Pending 63730188 items]
[ID:505| Order A7PN54NVSA created | Generated 12286540 items | Pending 63695676 items]
[ID:506| Order 9OIMMBV9CZ created | Generated 12314116 items | Pending 63668100 items]
[ID:507| Order L3944GIB3E created | Generated 12318520 items | Pending 63663696 items]
[ID:508| Order U1VC5R6FXJ created | Generated 12348248 items | Pending 63633968 items]
[ID:509| Order 3MG5JGX91Q created | Generated 12397700 items | Pending 63584516 items]
[ID:510| Order 32IG49554T created | Generated 12446500 items | Pending 63535716 items]
[ID:511| Order Q4KJD3C689 created | Generated 12486273 items | Pending 63495943 items]
[ID:512| Order 80YE41RFVE created | Generated 12490714 items | Pending 63491502 items]
[ID:513| Order ZV2MAP9IBC created | Generated 12508866 items | Pending 63473350 items]
[ID:514| Order S1BAKKZXYM created | Generated 12529585 items | Pending 63452631 items]
[ID:515| Order 883CGSA5Q2 created | Generated 12534209 items | Pending 63448007 items]
[ID:516| Order LNREQVXR8N created | Generated 12549992 items | Pending 63432224 items]
[ID:517| Order ZS3YKB6ZE4 created | Generated 12566023 items | Pending 63416193 items]
[ID:518| Order QWXAQH65UQ created | Generated 12590449 items | Pending 63391767 items]
[ID:519| Order A85WJ3CW8X created | Generated 12637081 items | Pending 63345135 items]
[ID:520| Order FGBTGA67AF created | Generated 12688382 items | Pending 63293834 items]
[ID:521| Order GBWAJ16Y2T created | Generated 12690138 items | Pending 63292078 items]
[ID:522| Order ENYJ0SKYLC created | Generated 12723158 items | Pending 63259058 items]
[ID:523| Order 97J2Z8KUCP created | Generated 12764109 items | Pending 63218107 items]
[ID:524| Order KCJMR7QXE7 created | Generated 12802738 items | Pending 63179478 items]
[ID:525| Order 8HGBI2HDKL created | Generated 12813387 items | Pending 63168829 items]
[ID:526| Order NX7AB5C1AK created | Generated 12844132 items | Pending 63138084 items]
[ID:527| Order EX97ZG0E4C created | Generated 12875363 items | Pending 63106853 items]
[ID:528| Order BCRMSWF584 created | Generated 12901840 items | Pending 63080376 items]
[ID:529| Order 5UD60O8QVL created | Generated 12917602 items | Pending 63064614 items]
[ID:530| Order AM0K8U3OON created | Generated 12962665 items | Pending 63019551 items]
[ID:531| Order D1SH3M0XUK created | Generated 12967027 items | Pending 63015189 items]
[ID:532| Order CN05QK0BFG created | Generated 12990859 items | Pending 62991357 items]
[ID:533| Order F1J9B34D2E created | Generated 13030378 items | Pending 62951838 items]
[ID:534| Order XDT0W7LW4B created | Generated 13060192 items | Pending 62922024 items]
[ID:535| Order TQK32F1Y09 created | Generated 13110037 items | Pending 62872179 items]
[ID:536| Order FY20GC9LI4 created | Generated 13129100 items | Pending 62853116 items]
[ID:537| Order N9X89OPEJT created | Generated 13137367 items | Pending 62844849 items]
[ID:538| Order 4E0AC5TK0X created | Generated 13161029 items | Pending 62821187 items]
[ID:539| Order N5MNUG2G6X created | Generated 13193149 items | Pending 62789067 items]
[ID:540| Order A5CQLV4HEZ created | Generated 13230700 items | Pending 62751516 items]
[ID:541| Order L0U32GT6QY created | Generated 13253776 items | Pending 62728440 items]
[ID:542| Order QC1F9TJNDF created | Generated 13302717 items | Pending 62679499 items]
[ID:543| Order NRXDFHW1LP created | Generated 13328221 items | Pending 62653995 items]
[ID:544| Order F61L2YOWVL created | Generated 13333563 items | Pending 62648653 items]
[ID:545| Order 2EBTZP7ZWH created | Generated 13350600 items | Pending 62631616 items]
[ID:546| Order S5H8XBGYL7 created | Generated 13393481 items | Pending 62588735 items]
[ID:547| Order D86CDYEVQ3 created | Generated 13419337 items | Pending 62562879 items]
[ID:548| Order 15NUO7L7TV created | Generated 13421081 items | Pending 62561135 items]
[ID:549| Order EYPCJE51VE created | Generated 13454931 items | Pending 62527285 items]
[ID:550| Order BXYVXEUK0V created | Generated 13466751 items | Pending 62515465 items]
[ID:551| Order KFEXEHAI63 created | Generated 13496653 items | Pending 62485563 items]
[ID:552| Order XE3QIYPGU0 created | Generated 13533281 items | Pending 62448935 items]
[ID:553| Order A0X04WNBX5 created | Generated 13535963 items | Pending 62446253 items]
[ID:554| Order 130C79TR72 created | Generated 13562184 items | Pending 62420032 items]
[ID:555| Order CH52BGHRBZ created | Generated 13601634 items | Pending 62380582 items]
[ID:556| Order P575VDHV6X created | Generated 13621266 items | Pending 62360950 items]
[ID:557| Order R4VX6DAEF0 created | Generated 13634242 items | Pending 62347974 items]
[ID:558| Order IITZW98PT0 created | Generated 13674946 items | Pending 62307270 items]
[ID:559| Order S86FOR6J36 created | Generated 13723046 items | Pending 62259170 items]
[ID:560| Order 2SL1N43HBY created | Generated 13728847 items | Pending 62253369 items]
[ID:561| Order J68SXXRTQT created | Generated 13744871 items | Pending 62237345 items]
[ID:562| Order XMC1UYKRHM created | Generated 13761339 items | Pending 62220877 items]
[ID:563| Order 18T59NY9WG created | Generated 13778596 items | Pending 62203620 items]
[ID:564| Order 5QXUEP9C0F created | Generated 13825503 items | Pending 62156713 items]
[ID:565| Order 3R79Z8XANU created | Generated 13829149 items | Pending 62153067 items]
[ID:566| Order ZKENSJYSB1 created | Generated 13830558 items | Pending 62151658 items]
[ID:567| Order TM6Q2L5C3Q created | Generated 13838803 items | Pending 62143413 items]
[ID:568| Order MJU5KNDUDR created | Generated 13850682 items | Pending 62131534 items]
[ID:569| Order 3JFR5F0P28 created | Generated 13865749 items | Pending 62116467 items]
[ID:570| Order YX3TF98Y9J created | Generated 13897923 items | Pending 62084293 items]
[ID:571| Order 67NS49PIYG created | Generated 13910754 items | Pending 62071462 items]
[ID:572| Order VE9KG8IWB1 created | Generated 13921646 items | Pending 62060570 items]
[ID:573| Order YFBFFGQFLK created | Generated 13939578 items | Pending 62042638 items]
[ID:574| Order 463QIN34IT created | Generated 13945207 items | Pending 62037009 items]
[ID:575| Order 3NQKRPH9CN created | Generated 13951895 items | Pending 62030321 items]
[ID:576| Order 78QAU7R3UE created | Generated 14004700 items | Pending 61977516 items]
[ID:577| Order CLMG9D779B created | Generated 14010725 items | Pending 61971491 items]
[ID:578| Order BL7YFRJ2ID created | Generated 14054218 items | Pending 61927998 items]
[ID:579| Order LL3Q28S75S created | Generated 14087926 items | Pending 61894290 items]
[ID:580| Order N1JYTVJ1UQ created | Generated 14088823 items | Pending 61893393 items]
[ID:581| Order SBUGM0ROKP created | Generated 14105413 items | Pending 61876803 items]
[ID:582| Order LVXV306XMT created | Generated 14141836 items | Pending 61840380 items]
[ID:583| Order FGZBFO8TFS created | Generated 14151820 items | Pending 61830396 items]
[ID:584| Order DVV2797GWO created | Generated 14172518 items | Pending 61809698 items]
[ID:585| Order DUPLTYL1N2 created | Generated 14220648 items | Pending 61761568 items]
[ID:586| Order MR58PUD2NM created | Generated 14227110 items | Pending 61755106 items]
[ID:587| Order EEDW528HMZ created | Generated 14239248 items | Pending 61742968 items]
[ID:588| Order RDT37JTHUR created | Generated 14249643 items | Pending 61732573 items]
[ID:589| Order 1691MBT0WD created | Generated 14277547 items | Pending 61704669 items]
[ID:590| Order 7Q4K2W4W91 created | Generated 14295344 items | Pending 61686872 items]
[ID:591| Order Y9AXX9ZXEE created | Generated 14313400 items | Pending 61668816 items]
[ID:592| Order AG943FV4DT created | Generated 14330778 items | Pending 61651438 items]
[ID:593| Order 0IOYES6M0E created | Generated 14369792 items | Pending 61612424 items]
[ID:594| Order AWOZD9ZXW5 created | Generated 14411783 items | Pending 61570433 items]
[ID:595| Order ZJ8PD77ORX created | Generated 14420607 items | Pending 61561609 items]
[ID:596| Order XY4JN3FB4G created | Generated 14466130 items | Pending 61516086 items]
[ID:597| Order 7XUVDY16SY created | Generated 14498639 items | Pending 61483577 items]
[ID:598| Order WZFII3J9S1 created | Generated 14524100 items | Pending 61458116 items]
[ID:599| Order NDPLBVM988 created | Generated 14526555 items | Pending 61455661 items]
[ID:600| Order R641UE3EF1 created | Generated 14565495 items | Pending 61416721 items]
[ID:601| Order XKUYJHWXP5 created | Generated 14580277 items | Pending 61401939 items]
[ID:602| Order ZVW7BJ4WJS created | Generated 14622372 items | Pending 61359844 items]
[ID:603| Order IYLJAXJOT0 created | Generated 14647838 items | Pending 61334378 items]
[ID:604| Order ELHY0SDV64 created | Generated 14664305 items | Pending 61317911 items]
[ID:605| Order VXRUXNWQZ0 created | Generated 14702461 items | Pending 61279755 items]
[ID:606| Order THQSMSFWV5 created | Generated 14709121 items | Pending 61273095 items]
[ID:607| Order WO5F7AE0H5 created | Generated 14732310 items | Pending 61249906 items]
[ID:608| Order 9832UKDEX8 created | Generated 14738119 items | Pending 61244097 items]
[ID:609| Order EKXT9LJYJ9 created | Generated 14745815 items | Pending 61236401 items]
[ID:610| Order R32K49MZE3 created | Generated 14786414 items | Pending 61195802 items]
[ID:611| Order 9NQ0D8L2SL created | Generated 14804866 items | Pending 61177350 items]
[ID:612| Order 1EU44GINX8 created | Generated 14825629 items | Pending 61156587 items]
[ID:613| Order GSW899AHL2 created | Generated 14844011 items | Pending 61138205 items]
[ID:614| Order 9HEHJH7Z4U created | Generated 14891571 items | Pending 61090645 items]
[ID:615| Order BRY4B4A4HU created | Generated 14938046 items | Pending 61044170 items]
[ID:616| Order 5S5VDBBLPL created | Generated 14964519 items | Pending 61017697 items]
[ID:617| Order FWXJ5E5DKK created | Generated 15008013 items | Pending 60974203 items]
[ID:618| Order TALIZ8SQBQ created | Generated 15039740 items | Pending 60942476 items]
[ID:619| Order 4MIL8HPV2J created | Generated 15074912 items | Pending 60907304 items]
[ID:620| Order EZX2RDRP2P created | Generated 15098880 items | Pending 60883336 items]
[ID:621| Order R7K0NL7LF3 created | Generated 15120719 items | Pending 60861497 items]
[ID:622| Order D1FUDS3QR5 created | Generated 15123508 items | Pending 60858708 items]
[ID:623| Order 45RP1RSOXS created | Generated 15146215 items | Pending 60836001 items]
[ID:624| Order 3IGG46LP5N created | Generated 15161004 items | Pending 60821212 items]
[ID:625| Order J3LL7VH7J7 created | Generated 15215534 items | Pending 60766682 items]
[ID:626| Order TD5FO93J01 created | Generated 15258587 items | Pending 60723629 items]
[ID:627| Order D3PVAYL5D9 created | Generated 15296774 items | Pending 60685442 items]
[ID:628| Order NQO6WMOR0M created | Generated 15340245 items | Pending 60641971 items]
[ID:629| Order JQOPISBK7I created | Generated 15342762 items | Pending 60639454 items]
[ID:630| Order AD0G9D94LE created | Generated 15372037 items | Pending 60610179 items]
[ID:631| Order ZCFGTQI258 created | Generated 15407730 items | Pending 60574486 items]
[ID:632| Order QDEGC0GRCH created | Generated 15428529 items | Pending 60553687 items]
[ID:633| Order 2DMSFO2WTB created | Generated 15437322 items | Pending 60544894 items]
[ID:634| Order K300AIS0R2 created | Generated 15476613 items | Pending 60505603 items]
[ID:635| Order BK3HZR0P7O created | Generated 15507520 items | Pending 60474696 items]
[ID:636| Order 065H6E1D4L created | Generated 15527331 items | Pending 60454885 items]
[ID:637| Order 9M7B6DS6MY created | Generated 15568118 items | Pending 60414098 items]
[ID:638| Order 99G904Y93G created | Generated 15607631 items | Pending 60374585 items]
[ID:639| Order WG6ECVY6WP created | Generated 15613068 items | Pending 60369148 items]
[ID:640| Order TLLLLY2RMA created | Generated 15656897 items | Pending 60325319 items]
[ID:641| Order W13GF35LVO created | Generated 15696182 items | Pending 60286034 items]
[ID:642| Order U8SA6PNZVC created | Generated 15716431 items | Pending 60265785 items]
[ID:643| Order JZUI0HPHAQ created | Generated 15753667 items | Pending 60228549 items]
[ID:644| Order YE9A7OMXXU created | Generated 15775374 items | Pending 60206842 items]
[ID:645| Order MSB019EVZV created | Generated 15784334 items | Pending 60197882 items]
[ID:646| Order AWU6BPMRTE created | Generated 15801302 items | Pending 60180914 items]
[ID:647| Order R3S3NK2E51 created | Generated 15805713 items | Pending 60176503 items]
[ID:648| Order 4ZN1W6B6M0 created | Generated 15808101 items | Pending 60174115 items]
[ID:649| Order 85Y78SXWMY created | Generated 15857561 items | Pending 60124655 items]
[ID:650| Order RQR5NHWKCA created | Generated 15871506 items | Pending 60110710 items]
[ID:651| Order H6NCJ0K4RH created | Generated 15897335 items | Pending 60084881 items]
[ID:652| Order AJ5YRPKB47 created | Generated 15925898 items | Pending 60056318 items]
[ID:653| Order IGZ2WTVTMU created | Generated 15949777 items | Pending 60032439 items]
[ID:654| Order 5YLUKXJLE3 created | Generated 15964976 items | Pending 60017240 items]
[ID:655| Order 6WNCN19856 created | Generated 16006351 items | Pending 59975865 items]
[ID:656| Order IEU6SI0IUQ created | Generated 16025981 items | Pending 59956235 items]
[ID:657| Order VU5PH8PZTH created | Generated 16034633 items | Pending 59947583 items]
[ID:658| Order QR1GZK8CLC created | Generated 16056955 items | Pending 59925261 items]
[ID:659| Order ZOQCX3IWUI created | Generated 16100092 items | Pending 59882124 items]
[ID:660| Order VHSH2JTACC created | Generated 16118185 items | Pending 59864031 items]
[ID:661| Order GEJ8VZVYQU created | Generated 16118749 items | Pending 59863467 items]
[ID:662| Order FRQUL9G8D6 created | Generated 16151270 items | Pending 59830946 items]
[ID:663| Order SDVDCXD80X created | Generated 16173537 items | Pending 59808679 items]
[ID:664| Order B5J2JEN6R9 created | Generated 16208428 items | Pending 59773788 items]
[ID:665| Order 34KLAS4FKW created | Generated 16250922 items | Pending 59731294 items]
[ID:666| Order PGGD41YZNZ created | Generated 16271277 items | Pending 59710939 items]
[ID:667| Order CLHCI83ZX1 created | Generated 16286347 items | Pending 59695869 items]
[ID:668| Order 883MSUR234 created | Generated 16334755 items | Pending 59647461 items]
[ID:669| Order TG9HDPPUYQ created | Generated 16360541 items | Pending 59621675 items]
[ID:670| Order RW36QQ9HFV created | Generated 16373704 items | Pending 59608512 items]
[ID:671| Order K0J31VVOVG created | Generated 16421024 items | Pending 59561192 items]
[ID:672| Order Z5TBZJE3MQ created | Generated 16427583 items | Pending 59554633 items]
[ID:673| Order XCQEMWBWEA created | Generated 16431701 items | Pending 59550515 items]
[ID:674| Order SYZ1KQ9NKS created | Generated 16483536 items | Pending 59498680 items]
[ID:675| Order L0A3BJ1DZ5 created | Generated 16513755 items | Pending 59468461 items]
[ID:676| Order KRDS5YJ22B created | Generated 16559602 items | Pending 59422614 items]
[ID:677| Order C2CFINV6HR created | Generated 16564390 items | Pending 59417826 items]
[ID:678| Order FFV8Z4OK5Y created | Generated 16606072 items | Pending 59376144 items]
[ID:679| Order TC7INIKZUN created | Generated 16625411 items | Pending 59356805 items]
[ID:680| Order 3DZHB96JQH created | Generated 16643270 items | Pending 59338946 items]
[ID:681| Order UVULERO04H created | Generated 16653974 items | Pending 59328242 items]
[ID:682| Order WVKJ3DV2CJ created | Generated 16669723 items | Pending 59312493 items]
[ID:683| Order TPA48V9YHO created | Generated 16683272 items | Pending 59298944 items]
[ID:684| Order TZZ3FGHXST created | Generated 16696506 items | Pending 59285710 items]
[ID:685| Order TM51W1VT3T created | Generated 16712769 items | Pending 59269447 items]
[ID:686| Order K429W7FAIU created | Generated 16726759 items | Pending 59255457 items]
[ID:687| Order 392A0JKNMO created | Generated 16727614 items | Pending 59254602 items]
[ID:688| Order 7HXN54MHTX created | Generated 16738284 items | Pending 59243932 items]
[ID:689| Order J3XJNMNTT2 created | Generated 16784718 items | Pending 59197498 items]
[ID:690| Order 06O97J0SHQ created | Generated 16829319 items | Pending 59152897 items]
[ID:691| Order RTEBOIQ0YM created | Generated 16877252 items | Pending 59104964 items]
[ID:692| Order JMRKP061N8 created | Generated 16923547 items | Pending 59058669 items]
[ID:693| Order T0WVQL9HAX created | Generated 16966457 items | Pending 59015759 items]
[ID:694| Order RKEPM83F0C created | Generated 16981847 items | Pending 59000369 items]
[ID:695| Order FC6AO0TW8F created | Generated 17000780 items | Pending 58981436 items]
[ID:696| Order BT75ZMRG8B created | Generated 17044287 items | Pending 58937929 items]
[ID:697| Order DBIGE1249S created | Generated 17046411 items | Pending 58935805 items]
[ID:698| Order X7ZXH87GVX created | Generated 17053626 items | Pending 58928590 items]
[ID:699| Order L1LZ6BN90I created | Generated 17060589 items | Pending 58921627 items]
[ID:700| Order Z2N5JBBXFG created | Generated 17060977 items | Pending 58921239 items]
[ID:701| Order 0H0XA4UVAQ created | Generated 17068107 items | Pending 58914109 items]
[ID:702| Order KSQF6SOZGC created | Generated 17119721 items | Pending 58862495 items]
[ID:703| Order Y610S3ZDP0 created | Generated 17157156 items | Pending 58825060 items]
[ID:704| Order YISAQ9E0QS created | Generated 17191059 items | Pending 58791157 items]
[ID:705| Order 0XHK4OY9MM created | Generated 17222531 items | Pending 58759685 items]
[ID:706| Order Y9J8ZJYN0G created | Generated 17228600 items | Pending 58753616 items]
[ID:707| Order M7QEKWGDYV created | Generated 17257194 items | Pending 58725022 items]
[ID:708| Order 9D2ISQV7N5 created | Generated 17267482 items | Pending 58714734 items]
[ID:709| Order A4E1JQJ6O9 created | Generated 17292562 items | Pending 58689654 items]
[ID:710| Order K5JDRP6M6U created | Generated 17315210 items | Pending 58667006 items]
[ID:711| Order 27O2WAVV65 created | Generated 17345584 items | Pending 58636632 items]
[ID:712| Order 4TKX7U7WOL created | Generated 17373018 items | Pending 58609198 items]
[ID:713| Order MD9U0R5SUH created | Generated 17418621 items | Pending 58563595 items]
[ID:714| Order 5OAFFBV2KS created | Generated 17425704 items | Pending 58556512 items]
[ID:715| Order ADXKBFUPC8 created | Generated 17452631 items | Pending 58529585 items]
[ID:716| Order GEY7NM114D created | Generated 17491924 items | Pending 58490292 items]
[ID:717| Order VHACHUBQG0 created | Generated 17506610 items | Pending 58475606 items]
[ID:718| Order RMAG0AHKR6 created | Generated 17532551 items | Pending 58449665 items]
[ID:719| Order G803F3RYCS created | Generated 17545732 items | Pending 58436484 items]
[ID:720| Order YU8IXY7Q19 created | Generated 17560989 items | Pending 58421227 items]
[ID:721| Order 4ZQFT5AXOQ created | Generated 17595866 items | Pending 58386350 items]
[ID:722| Order JWULOKRCWS created | Generated 17608836 items | Pending 58373380 items]
[ID:723| Order CHIDTMGLSR created | Generated 17628202 items | Pending 58354014 items]
[ID:724| Order 566S65DJOQ created | Generated 17670150 items | Pending 58312066 items]
[ID:725| Order UZOBXYGJLL created | Generated 17703580 items | Pending 58278636 items]
[ID:726| Order XX5H8GCHBV created | Generated 17729702 items | Pending 58252514 items]
[ID:727| Order L28OX2FW43 created | Generated 17753734 items | Pending 58228482 items]
[ID:728| Order 7LKKYSROFB created | Generated 17799963 items | Pending 58182253 items]
[ID:729| Order QKY0KD5O0M created | Generated 17828792 items | Pending 58153424 items]
[ID:730| Order QUHUQ4M25D created | Generated 17866373 items | Pending 58115843 items]
[ID:731| Order PEFI0L4RX3 created | Generated 17911674 items | Pending 58070542 items]
[ID:732| Order 0MOH0PUYJH created | Generated 17915246 items | Pending 58066970 items]
[ID:733| Order NTORHL9PFB created | Generated 17962160 items | Pending 58020056 items]
[ID:734| Order NW4DA6E5O5 created | Generated 17970532 items | Pending 58011684 items]
[ID:735| Order 62ISL71AI3 created | Generated 18008092 items | Pending 57974124 items]
[ID:736| Order 2BW9LDT47Y created | Generated 18048504 items | Pending 57933712 items]
[ID:737| Order FP07C6Y2VQ created | Generated 18057124 items | Pending 57925092 items]
[ID:738| Order 0A33PMXO71 created | Generated 18075399 items | Pending 57906817 items]
[ID:739| Order 2ITHZRUM5N created | Generated 18076901 items | Pending 57905315 items]
[ID:740| Order EW9LJC0ORM created | Generated 18080091 items | Pending 57902125 items]
[ID:741| Order EDBIIK6R6S created | Generated 18094068 items | Pending 57888148 items]
[ID:742| Order J2JF84JMQO created | Generated 18137536 items | Pending 57844680 items]
[ID:743| Order 4714JPZAOM created | Generated 18176266 items | Pending 57805950 items]
[ID:744| Order BOQ0JIK0BU created | Generated 18211692 items | Pending 57770524 items]
[ID:745| Order WYD82S13OB created | Generated 18253854 items | Pending 57728362 items]
[ID:746| Order J6GZ1AHP60 created | Generated 18282698 items | Pending 57699518 items]
[ID:747| Order JE13I7Q74Q created | Generated 18289455 items | Pending 57692761 items]
[ID:748| Order Y5PCXWTTPW created | Generated 18294545 items | Pending 57687671 items]
[ID:749| Order 5LRXLFYI90 created | Generated 18318004 items | Pending 57664212 items]
[ID:750| Order PNYKV6BKGS created | Generated 18348237 items | Pending 57633979 items]
[ID:751| Order SQQOMQA2TX created | Generated 18355462 items | Pending 57626754 items]
[ID:752| Order CQK1RG16L8 created | Generated 18396471 items | Pending 57585745 items]
[ID:753| Order 3B87DH0H1O created | Generated 18403137 items | Pending 57579079 items]
[ID:754| Order 451224PJ09 created | Generated 18454616 items | Pending 57527600 items]
[ID:755| Order ARJ1K9YC0D created | Generated 18475245 items | Pending 57506971 items]
[ID:756| Order QYI4M5WFFJ created | Generated 18515214 items | Pending 57467002 items]
[ID:757| Order I8XZU96C4E created | Generated 18543949 items | Pending 57438267 items]
[ID:758| Order LK9X7G2IPW created | Generated 18583542 items | Pending 57398674 items]
[ID:759| Order M7LPOW3LWB created | Generated 18616477 items | Pending 57365739 items]
[ID:760| Order BBPXGEOW7P created | Generated 18634630 items | Pending 57347586 items]
[ID:761| Order 9CO9OQP2TE created | Generated 18661837 items | Pending 57320379 items]
[ID:762| Order 7CI4NWYLNQ created | Generated 18682091 items | Pending 57300125 items]
[ID:763| Order 2IYT7U3JUL created | Generated 18714822 items | Pending 57267394 items]
[ID:764| Order U55SK6LLLI created | Generated 18736375 items | Pending 57245841 items]
[ID:765| Order MHHY3YRJP5 created | Generated 18743462 items | Pending 57238754 items]
[ID:766| Order XENAFXFCEP created | Generated 18783428 items | Pending 57198788 items]
[ID:767| Order XBIBPTGKKT created | Generated 18809752 items | Pending 57172464 items]
[ID:768| Order 1221FDA475 created | Generated 18851053 items | Pending 57131163 items]
[ID:769| Order 2F9Q9MXYRA created | Generated 18855596 items | Pending 57126620 items]
[ID:770| Order W1GGKUER2A created | Generated 18893519 items | Pending 57088697 items]
[ID:771| Order CDLQXUUWK7 created | Generated 18941047 items | Pending 57041169 items]
[ID:772| Order TUHHVZ9GTU created | Generated 18975112 items | Pending 57007104 items]
[ID:773| Order OVIKF00LKV created | Generated 18978139 items | Pending 57004077 items]
[ID:774| Order OVRQYWI5Z8 created | Generated 18983203 items | Pending 56999013 items]
[ID:775| Order H6D2I4TX3Q created | Generated 19010720 items | Pending 56971496 items]
[ID:776| Order O6E9CCQ463 created | Generated 19046266 items | Pending 56935950 items]
[ID:777| Order YOOUIKZ304 created | Generated 19071061 items | Pending 56911155 items]
[ID:778| Order HKU09JKXI8 created | Generated 19085441 items | Pending 56896775 items]
[ID:779| Order EI09EIT27E created | Generated 19108620 items | Pending 56873596 items]
[ID:780| Order ZSO8V8QSMC created | Generated 19149050 items | Pending 56833166 items]
[ID:781| Order G0HZSPVBAH created | Generated 19150276 items | Pending 56831940 items]
[ID:782| Order KIHQ8Y5J0Z created | Generated 19174475 items | Pending 56807741 items]
[ID:783| Order 6HVDMC55RY created | Generated 19179131 items | Pending 56803085 items]
[ID:784| Order VJ9JAJ8ZMB created | Generated 19180595 items | Pending 56801621 items]
[ID:785| Order A6GXUKUFC4 created | Generated 19184399 items | Pending 56797817 items]
[ID:786| Order YVB636HMNM created | Generated 19205815 items | Pending 56776401 items]
[ID:787| Order ZGE3KFFDX2 created | Generated 19233811 items | Pending 56748405 items]
[ID:788| Order CLZO8H5JYC created | Generated 19251248 items | Pending 56730968 items]
[ID:789| Order AYTSE2P5I5 created | Generated 19293930 items | Pending 56688286 items]
[ID:790| Order JN9Q74FSRU created | Generated 19341191 items | Pending 56641025 items]
[ID:791| Order ZPZA244W3L created | Generated 19366261 items | Pending 56615955 items]
[ID:792| Order JDV40YWRX4 created | Generated 19396094 items | Pending 56586122 items]
[ID:793| Order 04XLYHWPK5 created | Generated 19446408 items | Pending 56535808 items]
[ID:794| Order BYT3AGCMGS created | Generated 19485285 items | Pending 56496931 items]
[ID:795| Order JWDN8W4XEV created | Generated 19505732 items | Pending 56476484 items]
[ID:796| Order 95G3LT3ZTN created | Generated 19554955 items | Pending 56427261 items]
[ID:797| Order CQMIQRED41 created | Generated 19562118 items | Pending 56420098 items]
[ID:798| Order EYMUSNPZOU created | Generated 19579216 items | Pending 56403000 items]
[ID:799| Order 41FLMMAV9A created | Generated 19587280 items | Pending 56394936 items]
[ID:800| Order QXDTL0IFDF created | Generated 19593700 items | Pending 56388516 items]
[ID:801| Order GQQSLXXGC5 created | Generated 19632443 items | Pending 56349773 items]
[ID:802| Order 89PHVC7VBO created | Generated 19683930 items | Pending 56298286 items]
[ID:803| Order NZ5FNLBZ9V created | Generated 19689690 items | Pending 56292526 items]
[ID:804| Order Z8XPLVET1L created | Generated 19716349 items | Pending 56265867 items]
[ID:805| Order AWU8GMF7AR created | Generated 19758953 items | Pending 56223263 items]
[ID:806| Order ELXKSD18I8 created | Generated 19791847 items | Pending 56190369 items]
[ID:807| Order T5EP97MFI0 created | Generated 19810563 items | Pending 56171653 items]
[ID:808| Order R6UV7VFB5Y created | Generated 19818851 items | Pending 56163365 items]
[ID:809| Order RFUELC3VLM created | Generated 19856614 items | Pending 56125602 items]
[ID:810| Order GG1FDYRIT3 created | Generated 19903875 items | Pending 56078341 items]
[ID:811| Order 2BIDADGRLC created | Generated 19909704 items | Pending 56072512 items]
[ID:812| Order XNJHN3PTP6 created | Generated 19939186 items | Pending 56043030 items]
[ID:813| Order M1AH1LHFUI created | Generated 19959861 items | Pending 56022355 items]
[ID:814| Order 6LSC7DHYVL created | Generated 19980325 items | Pending 56001891 items]
[ID:815| Order 1RLZ2IVTBG created | Generated 20029774 items | Pending 55952442 items]
[ID:816| Order 5Y4VPVD7UC created | Generated 20058467 items | Pending 55923749 items]
[ID:817| Order AXL63PJ0VM created | Generated 20106585 items | Pending 55875631 items]
[ID:818| Order T8YG2V0II7 created | Generated 20134852 items | Pending 55847364 items]
[ID:819| Order N9JB87SJQP created | Generated 20178334 items | Pending 55803882 items]
[ID:820| Order KSSOR0DU93 created | Generated 20203810 items | Pending 55778406 items]
[ID:821| Order 6EEXE7QMKO created | Generated 20222186 items | Pending 55760030 items]
[ID:822| Order UAOS18QUNY created | Generated 20268425 items | Pending 55713791 items]
[ID:823| Order DAG5O19BS1 created | Generated 20286043 items | Pending 55696173 items]
[ID:824| Order NJNT1TDG9H created | Generated 20321059 items | Pending 55661157 items]
[ID:825| Order A5AHQSWTSH created | Generated 20342622 items | Pending 55639594 items]
[ID:826| Order KSSBKJG631 created | Generated 20358002 items | Pending 55624214 items]
[ID:827| Order 34O3ED0O4K created | Generated 20388680 items | Pending 55593536 items]
[ID:828| Order ABGTBHK77J created | Generated 20395267 items | Pending 55586949 items]
[ID:829| Order CZQ2H97624 created | Generated 20426612 items | Pending 55555604 items]
[ID:830| Order 0328PUC17B created | Generated 20473221 items | Pending 55508995 items]
[ID:831| Order PI5C038DJH created | Generated 20511703 items | Pending 55470513 items]
[ID:832| Order IXS09O46XL created | Generated 20523371 items | Pending 55458845 items]
[ID:833| Order DCF0OR6QCU created | Generated 20524816 items | Pending 55457400 items]
[ID:834| Order 70TVX4PNAB created | Generated 20540544 items | Pending 55441672 items]
[ID:835| Order UNDL2DM8N8 created | Generated 20590407 items | Pending 55391809 items]
[ID:836| Order KL8I3F9UHJ created | Generated 20596388 items | Pending 55385828 items]
[ID:837| Order Q2JE41V5DU created | Generated 20609644 items | Pending 55372572 items]
[ID:838| Order G6JO3ZEN49 created | Generated 20654107 items | Pending 55328109 items]
[ID:839| Order DSC03YHJ4Y created | Generated 20695496 items | Pending 55286720 items]
[ID:840| Order 3WZEXM7CWW created | Generated 20712689 items | Pending 55269527 items]
[ID:841| Order O2HEHHRGPV created | Generated 20749584 items | Pending 55232632 items]
[ID:842| Order 364RFMP7AG created | Generated 20753677 items | Pending 55228539 items]
[ID:843| Order P8T1U3MVRG created | Generated 20764070 items | Pending 55218146 items]
[ID:844| Order JSZL9I0MG7 created | Generated 20791332 items | Pending 55190884 items]
[ID:845| Order GZWC8UGP6B created | Generated 20822650 items | Pending 55159566 items]
[ID:846| Order H8QIC2K9UZ created | Generated 20860475 items | Pending 55121741 items]
[ID:847| Order 3T76TQ2TQ7 created | Generated 20882331 items | Pending 55099885 items]
[ID:848| Order IMPTO475M6 created | Generated 20907876 items | Pending 55074340 items]
[ID:849| Order 0F8SA93EQV created | Generated 20939481 items | Pending 55042735 items]
[ID:850| Order PBQHHDV7I3 created | Generated 20949802 items | Pending 55032414 items]
[ID:851| Order 3198KDXA0H created | Generated 20992241 items | Pending 54989975 items]
[ID:852| Order ARCLU2U96J created | Generated 21010490 items | Pending 54971726 items]
[ID:853| Order VEQYTY8PCW created | Generated 21036180 items | Pending 54946036 items]
[ID:854| Order XLZBRUNLV3 created | Generated 21038336 items | Pending 54943880 items]
[ID:855| Order PX9MLNPCRF created | Generated 21066689 items | Pending 54915527 items]
[ID:856| Order ORGT8FVVXG created | Generated 21075937 items | Pending 54906279 items]
[ID:857| Order O7KE7R5MZE created | Generated 21104836 items | Pending 54877380 items]
[ID:858| Order 7JS4ARNT4K created | Generated 21137911 items | Pending 54844305 items]
[ID:859| Order V0V1VNZ1JC created | Generated 21162921 items | Pending 54819295 items]
[ID:860| Order UD4NOG28VF created | Generated 21174186 items | Pending 54808030 items]
[ID:861| Order 1ZUVIUZWB3 created | Generated 21192131 items | Pending 54790085 items]
[ID:862| Order 4OD6FCYODP created | Generated 21211670 items | Pending 54770546 items]
[ID:863| Order HEQBKKEFI2 created | Generated 21235639 items | Pending 54746577 items]
[ID:864| Order 1KTU43PX30 created | Generated 21273769 items | Pending 54708447 items]
[ID:865| Order F25V1GIP0U created | Generated 21316448 items | Pending 54665768 items]
[ID:866| Order 5E1XNL2H5N created | Generated 21347444 items | Pending 54634772 items]
[ID:867| Order V5YATI20H8 created | Generated 21395488 items | Pending 54586728 items]
[ID:868| Order HR2ENOU0SX created | Generated 21412536 items | Pending 54569680 items]
[ID:869| Order H88QJPEWH0 created | Generated 21428875 items | Pending 54553341 items]
[ID:870| Order RWQ2NW5M4C created | Generated 21458231 items | Pending 54523985 items]
[ID:871| Order NKNSVG0W1I created | Generated 21467187 items | Pending 54515029 items]
[ID:872| Order GV3HSJZHK8 created | Generated 21471373 items | Pending 54510843 items]
[ID:873| Order SC88V04ZZ1 created | Generated 21488757 items | Pending 54493459 items]
[ID:874| Order QZ7NNUSWQ1 created | Generated 21502796 items | Pending 54479420 items]
[ID:875| Order 0E4A2FT4F2 created | Generated 21508922 items | Pending 54473294 items]
[ID:876| Order ELXH0ZATHZ created | Generated 21518350 items | Pending 54463866 items]
[ID:877| Order FA0KCS88IP created | Generated 21539952 items | Pending 54442264 items]
[ID:878| Order QTD8RW56OJ created | Generated 21547677 items | Pending 54434539 items]
[ID:879| Order 4FJKTRYML0 created | Generated 21552039 items | Pending 54430177 items]
[ID:880| Order 45OJYIEQ90 created | Generated 21591247 items | Pending 54390969 items]
[ID:881| Order WMGCPT559G created | Generated 21636985 items | Pending 54345231 items]
[ID:882| Order PZB0Y2WBAV created | Generated 21656307 items | Pending 54325909 items]
[ID:883| Order KGCXAP5FIJ created | Generated 21674124 items | Pending 54308092 items]
[ID:884| Order BE2VH29EOA created | Generated 21683428 items | Pending 54298788 items]
[ID:885| Order 7MDWJ0Y577 created | Generated 21687423 items | Pending 54294793 items]
[ID:886| Order 3CXDB1JGBU created | Generated 21714157 items | Pending 54268059 items]
[ID:887| Order ML2SRA5OEV created | Generated 21755194 items | Pending 54227022 items]
[ID:888| Order 8VRZ7JWZ3X created | Generated 21797422 items | Pending 54184794 items]
[ID:889| Order 1NWZEJ6OB4 created | Generated 21836055 items | Pending 54146161 items]
[ID:890| Order QX0XRWA6HC created | Generated 21874711 items | Pending 54107505 items]
[ID:891| Order BDN82ZU4HI created | Generated 21908652 items | Pending 54073564 items]
[ID:892| Order P82V6LOY6R created | Generated 21914989 items | Pending 54067227 items]
[ID:893| Order HWVG6BR6M9 created | Generated 21943123 items | Pending 54039093 items]
[ID:894| Order X6N5FPK6IB created | Generated 21975437 items | Pending 54006779 items]
[ID:895| Order XFAEH6Y52L created | Generated 22001170 items | Pending 53981046 items]
[ID:896| Order WZ266MU2QS created | Generated 22001686 items | Pending 53980530 items]
[ID:897| Order 7YX49J9Y1N created | Generated 22030228 items | Pending 53951988 items]
[ID:898| Order 6W820A8Z0U created | Generated 22059299 items | Pending 53922917 items]
[ID:899| Order PGVU7LE2ZA created | Generated 22067205 items | Pending 53915011 items]
[ID:900| Order LVGXZSNKHE created | Generated 22097448 items | Pending 53884768 items]
[ID:901| Order ULK2MC4GR1 created | Generated 22135119 items | Pending 53847097 items]
[ID:902| Order PD2WC40PEG created | Generated 22135997 items | Pending 53846219 items]
[ID:903| Order XJVQSV6LWL created | Generated 22153068 items | Pending 53829148 items]
[ID:904| Order UPMT8WF9OT created | Generated 22159639 items | Pending 53822577 items]
[ID:905| Order IM619FXCYK created | Generated 22163856 items | Pending 53818360 items]
[ID:906| Order DRLMJQZVN7 created | Generated 22215426 items | Pending 53766790 items]
[ID:907| Order RO660ER821 created | Generated 22219287 items | Pending 53762929 items]
[ID:908| Order JQDMECQZII created | Generated 22259887 items | Pending 53722329 items]
[ID:909| Order 90AGVJ3CTY created | Generated 22309046 items | Pending 53673170 items]
[ID:910| Order UXQZ0515PJ created | Generated 22329128 items | Pending 53653088 items]
[ID:911| Order UIBY06GEZK created | Generated 22340152 items | Pending 53642064 items]
[ID:912| Order 8Z9KMOU7CU created | Generated 22354404 items | Pending 53627812 items]
[ID:913| Order 1T9I32YQU5 created | Generated 22396010 items | Pending 53586206 items]
[ID:914| Order NIJLJZ26DD created | Generated 22435979 items | Pending 53546237 items]
[ID:915| Order 7KO23WNG5U created | Generated 22452217 items | Pending 53529999 items]
[ID:916| Order AEVFFYZN04 created | Generated 22487243 items | Pending 53494973 items]
[ID:917| Order BYJU9UN054 created | Generated 22522241 items | Pending 53459975 items]
[ID:918| Order UC56NQ5JEK created | Generated 22555173 items | Pending 53427043 items]
[ID:919| Order KCORP4RGNC created | Generated 22574069 items | Pending 53408147 items]
[ID:920| Order P61ZJ5VUUL created | Generated 22586945 items | Pending 53395271 items]
[ID:921| Order 3FB6JJ1XKY created | Generated 22598906 items | Pending 53383310 items]
[ID:922| Order KRE9EZNNAT created | Generated 22639833 items | Pending 53342383 items]
[ID:923| Order PNNSK5ICEA created | Generated 22689796 items | Pending 53292420 items]
[ID:924| Order HD7LGXE5FJ created | Generated 22695047 items | Pending 53287169 items]
[ID:925| Order OI8NVILYON created | Generated 22741061 items | Pending 53241155 items]
[ID:926| Order GZHY1VNHMQ created | Generated 22747556 items | Pending 53234660 items]
[ID:927| Order BMAGNSWU8L created | Generated 22761396 items | Pending 53220820 items]
[ID:928| Order E42N2441FI created | Generated 22799303 items | Pending 53182913 items]
[ID:929| Order DOW2V1T0BK created | Generated 22823979 items | Pending 53158237 items]
[ID:930| Order 4D3HH8P671 created | Generated 22852362 items | Pending 53129854 items]
[ID:931| Order DXAU85TIW0 created | Generated 22894583 items | Pending 53087633 items]
[ID:932| Order ZAPUGA2MDF created | Generated 22928356 items | Pending 53053860 items]
[ID:933| Order 69XWEMS04Y created | Generated 22948416 items | Pending 53033800 items]
[ID:934| Order SVQDEHY7CN created | Generated 22964302 items | Pending 53017914 items]
[ID:935| Order W7NIR5I5Q9 created | Generated 23010502 items | Pending 52971714 items]
[ID:936| Order JQZBW5MQ9F created | Generated 23019685 items | Pending 52962531 items]
[ID:937| Order M8YSSDFS3J created | Generated 23023385 items | Pending 52958831 items]
[ID:938| Order JJDSS0NVX0 created | Generated 23062886 items | Pending 52919330 items]
[ID:939| Order WPLO0ZKTJY created | Generated 23074456 items | Pending 52907760 items]
[ID:940| Order S7XS8NNIFY created | Generated 23124512 items | Pending 52857704 items]
[ID:941| Order WJLJBI0T49 created | Generated 23143102 items | Pending 52839114 items]
[ID:942| Order IMTZPGBQQD created | Generated 23175379 items | Pending 52806837 items]
[ID:943| Order S0QPAJBZZJ created | Generated 23210378 items | Pending 52771838 items]
[ID:944| Order WC4DG5O9RX created | Generated 23214277 items | Pending 52767939 items]
[ID:945| Order VT28PCARRW created | Generated 23236397 items | Pending 52745819 items]
[ID:946| Order PBVPJHBJDM created | Generated 23281999 items | Pending 52700217 items]
[ID:947| Order FSBHV91SQT created | Generated 23318538 items | Pending 52663678 items]
[ID:948| Order 8XHZK0GENU created | Generated 23357982 items | Pending 52624234 items]
[ID:949| Order 7QG8HIKMQ5 created | Generated 23390057 items | Pending 52592159 items]
[ID:950| Order 1E6O2991C5 created | Generated 23405125 items | Pending 52577091 items]
[ID:951| Order JEUKQQTT1D created | Generated 23446611 items | Pending 52535605 items]
[ID:952| Order RPEJL0B8EN created | Generated 23461250 items | Pending 52520966 items]
[ID:953| Order 7BJ7SIX35D created | Generated 23471469 items | Pending 52510747 items]
[ID:954| Order 2EQVNBL3DY created | Generated 23523236 items | Pending 52458980 items]
[ID:955| Order 14HDWKJ8ZK created | Generated 23559135 items | Pending 52423081 items]
[ID:956| Order L6VVARQEHH created | Generated 23562742 items | Pending 52419474 items]
[ID:957| Order AW7ZYPXW8X created | Generated 23578246 items | Pending 52403970 items]
[ID:958| Order Q6UV5S9SVU created | Generated 23612175 items | Pending 52370041 items]
[ID:959| Order XR8M7BJDNU created | Generated 23628446 items | Pending 52353770 items]
[ID:960| Order IE28JH7Y6A created | Generated 23679537 items | Pending 52302679 items]
[ID:961| Order FGPTNDPWLE created | Generated 23713110 items | Pending 52269106 items]
[ID:962| Order 7STYX7BIDP created | Generated 23745013 items | Pending 52237203 items]
[ID:963| Order MM1A075959 created | Generated 23759814 items | Pending 52222402 items]
[ID:964| Order 6S4LIVITQP created | Generated 23783890 items | Pending 52198326 items]
[ID:965| Order NQRQFHDH78 created | Generated 23827809 items | Pending 52154407 items]
[ID:966| Order FEXX87DWOC created | Generated 23838169 items | Pending 52144047 items]
[ID:967| Order KFKQT0CWGZ created | Generated 23843838 items | Pending 52138378 items]
[ID:968| Order ZDOLD83VBY created | Generated 23869745 items | Pending 52112471 items]
[ID:969| Order XFIJHDFX2F created | Generated 23877157 items | Pending 52105059 items]
[ID:970| Order K13Z3CAGPF created | Generated 23902075 items | Pending 52080141 items]
[ID:971| Order HOUU4AHXMT created | Generated 23946577 items | Pending 52035639 items]
[ID:972| Order Z95LQB7DAE created | Generated 23986792 items | Pending 51995424 items]
[ID:973| Order PPCSC8D6IP created | Generated 24024655 items | Pending 51957561 items]
[ID:974| Order 6QJRTBDG9N created | Generated 24026144 items | Pending 51956072 items]
[ID:975| Order J9EOK0QR9L created | Generated 24034277 items | Pending 51947939 items]
[ID:976| Order ONLQPD5GDK created | Generated 24050587 items | Pending 51931629 items]
[ID:977| Order Y4UQJJTE6P created | Generated 24098557 items | Pending 51883659 items]
[ID:978| Order RBQMSWULSJ created | Generated 24123704 items | Pending 51858512 items]
[ID:979| Order 5X9RRINXAY created | Generated 24137956 items | Pending 51844260 items]
[ID:980| Order YU04A4QUND created | Generated 24186100 items | Pending 51796116 items]
[ID:981| Order AZZRZK0DMU created | Generated 24203532 items | Pending 51778684 items]
[ID:982| Order TTF8T1G0QX created | Generated 24226506 items | Pending 51755710 items]
[ID:983| Order YHBYJ4ZAUV created | Generated 24255955 items | Pending 51726261 items]
[ID:984| Order LPTCZ6WO59 created | Generated 24280139 items | Pending 51702077 items]
[ID:985| Order 7P1BUYL3X6 created | Generated 24318270 items | Pending 51663946 items]
[ID:986| Order OIBNWAB8LP created | Generated 24364685 items | Pending 51617531 items]
[ID:987| Order G314NTBYE7 created | Generated 24376352 items | Pending 51605864 items]
[ID:988| Order 3TUWRBTTHK created | Generated 24416445 items | Pending 51565771 items]
[ID:989| Order UEJQQHRCIB created | Generated 24437557 items | Pending 51544659 items]
[ID:990| Order 31GBBA7UG6 created | Generated 24462458 items | Pending 51519758 items]
[ID:991| Order CED4UY0QJA created | Generated 24499281 items | Pending 51482935 items]
[ID:992| Order SXE0WOWEGL created | Generated 24531660 items | Pending 51450556 items]
[ID:993| Order LO6G5EQTKN created | Generated 24559480 items | Pending 51422736 items]
[ID:994| Order AUCOMB7TZO created | Generated 24604811 items | Pending 51377405 items]
[ID:995| Order W7LQ6K8CN3 created | Generated 24605566 items | Pending 51376650 items]
[ID:996| Order 9AN3UHNXU3 created | Generated 24640393 items | Pending 51341823 items]
[ID:997| Order 2805IXTVH4 created | Generated 24651159 items | Pending 51331057 items]
[ID:998| Order UYVOHWS1N0 created | Generated 24685225 items | Pending 51296991 items]
[ID:999| Order OUZUQ5KPIC created | Generated 24734064 items | Pending 51248152 items]
[ID:1000| Order J5R9IEGLFM created | Generated 24767651 items | Pending 51214565 items]
[ID:1001| Order 569LAWJ93Y created | Generated 24798901 items | Pending 51183315 items]
[ID:1002| Order YMD1IZ96HK created | Generated 24829953 items | Pending 51152263 items]
[ID:1003| Order DMRE8OUWBN created | Generated 24873853 items | Pending 51108363 items]
[ID:1004| Order RS5JJ0FYJ1 created | Generated 24912714 items | Pending 51069502 items]
[ID:1005| Order DUFFU9OVG5 created | Generated 24945046 items | Pending 51037170 items]
[ID:1006| Order K8SCFBGJWV created | Generated 24984330 items | Pending 50997886 items]
[ID:1007| Order PQJ1BXJ75O created | Generated 25023699 items | Pending 50958517 items]
[ID:1008| Order KM4U20DL4Y created | Generated 25053756 items | Pending 50928460 items]
[ID:1009| Order 9IA3OBJAES created | Generated 25065020 items | Pending 50917196 items]
[ID:1010| Order QSBSV5ASD8 created | Generated 25077321 items | Pending 50904895 items]
[ID:1011| Order 8PYUDNBEJL created | Generated 25078168 items | Pending 50904048 items]
[ID:1012| Order MGYWY1MSTU created | Generated 25079579 items | Pending 50902637 items]
[ID:1013| Order 7PZEI33EV9 created | Generated 25114277 items | Pending 50867939 items]
[ID:1014| Order XMU27PSB50 created | Generated 25164881 items | Pending 50817335 items]
[ID:1015| Order L7E32H33E9 created | Generated 25187623 items | Pending 50794593 items]
[ID:1016| Order 5DRISXCNB7 created | Generated 25222079 items | Pending 50760137 items]
[ID:1017| Order X15EVKJ4FQ created | Generated 25232768 items | Pending 50749448 items]
[ID:1018| Order ABMKE5IO9F created | Generated 25258447 items | Pending 50723769 items]
[ID:1019| Order VDOSGOSSR1 created | Generated 25295035 items | Pending 50687181 items]
[ID:1020| Order I3L5OINC9O created | Generated 25301434 items | Pending 50680782 items]
[ID:1021| Order DVPDZXZUZ1 created | Generated 25324575 items | Pending 50657641 items]
[ID:1022| Order 3IRWX9X38H created | Generated 25366589 items | Pending 50615627 items]
[ID:1023| Order AO9PGEV622 created | Generated 25406738 items | Pending 50575478 items]
[ID:1024| Order XDLGRDNNEJ created | Generated 25427843 items | Pending 50554373 items]
[ID:1025| Order C5TQ62N7IH created | Generated 25471238 items | Pending 50510978 items]
[ID:1026| Order 1Q44IR6H12 created | Generated 25504472 items | Pending 50477744 items]
[ID:1027| Order GJ4159W4L3 created | Generated 25543095 items | Pending 50439121 items]
[ID:1028| Order HVTX7QLDWQ created | Generated 25554654 items | Pending 50427562 items]
[ID:1029| Order 1ITTF0ZHRW created | Generated 25563943 items | Pending 50418273 items]
[ID:1030| Order KH82HT2NXZ created | Generated 25586981 items | Pending 50395235 items]
[ID:1031| Order 0KY776AFZ3 created | Generated 25609233 items | Pending 50372983 items]
[ID:1032| Order OTEKXOU6V2 created | Generated 25631161 items | Pending 50351055 items]
[ID:1033| Order HRXKJ4R7SB created | Generated 25636793 items | Pending 50345423 items]
[ID:1034| Order Y75EJ0ICF0 created | Generated 25639015 items | Pending 50343201 items]
[ID:1035| Order 366S3B0NJE created | Generated 25649818 items | Pending 50332398 items]
[ID:1036| Order C6WKNEJH39 created | Generated 25703351 items | Pending 50278865 items]
[ID:1037| Order E117K4X1D0 created | Generated 25740072 items | Pending 50242144 items]
[ID:1038| Order HF0AZ9VTE7 created | Generated 25752986 items | Pending 50229230 items]
[ID:1039| Order FDZTS3FYCJ created | Generated 25797177 items | Pending 50185039 items]
[ID:1040| Order XDI6KWT8TP created | Generated 25837212 items | Pending 50145004 items]
[ID:1041| Order 4HQTPBGJOT created | Generated 25857852 items | Pending 50124364 items]
[ID:1042| Order 4KEJR6QLYX created | Generated 25876054 items | Pending 50106162 items]
[ID:1043| Order LIAB340FZ7 created | Generated 25884389 items | Pending 50097827 items]
[ID:1044| Order 49APTOCYFO created | Generated 25917200 items | Pending 50065016 items]
[ID:1045| Order JW8LYTGRWP created | Generated 25952567 items | Pending 50029649 items]
[ID:1046| Order KSLPJXR8Z6 created | Generated 25978795 items | Pending 50003421 items]
[ID:1047| Order H6MTCTEVBO created | Generated 25979783 items | Pending 50002433 items]
[ID:1048| Order YXNAC5ADO5 created | Generated 25983025 items | Pending 49999191 items]
[ID:1049| Order LTNMNF5S1J created | Generated 26001374 items | Pending 49980842 items]
[ID:1050| Order LNYVS0KFTE created | Generated 26039017 items | Pending 49943199 items]
[ID:1051| Order T6J5SB01L5 created | Generated 26048538 items | Pending 49933678 items]
[ID:1052| Order VU3AD3KRL6 created | Generated 26088083 items | Pending 49894133 items]
[ID:1053| Order 7AL5C06GAQ created | Generated 26096453 items | Pending 49885763 items]
[ID:1054| Order X6XWL4W94W created | Generated 26123184 items | Pending 49859032 items]
[ID:1055| Order GEZPI47WI5 created | Generated 26163971 items | Pending 49818245 items]
[ID:1056| Order HCCNIZDOYG created | Generated 26213063 items | Pending 49769153 items]
[ID:1057| Order QFF4NA67UI created | Generated 26219075 items | Pending 49763141 items]
[ID:1058| Order 6OTEYEJ5NZ created | Generated 26252513 items | Pending 49729703 items]
[ID:1059| Order RUJHCYAVH1 created | Generated 26269769 items | Pending 49712447 items]
[ID:1060| Order 9JM80EO561 created | Generated 26313126 items | Pending 49669090 items]
[ID:1061| Order RITLKFKZMK created | Generated 26356067 items | Pending 49626149 items]
[ID:1062| Order 41V3ZAWODY created | Generated 26386817 items | Pending 49595399 items]
[ID:1063| Order WV70N6X8EK created | Generated 26421796 items | Pending 49560420 items]
[ID:1064| Order RCZZ6APYFA created | Generated 26453563 items | Pending 49528653 items]
[ID:1065| Order EZ8JEN0TYS created | Generated 26490445 items | Pending 49491771 items]
[ID:1066| Order 3YOSFND03L created | Generated 26511000 items | Pending 49471216 items]
[ID:1067| Order KIS3KV8FIO created | Generated 26512855 items | Pending 49469361 items]
[ID:1068| Order BPFZ20QYXX created | Generated 26532629 items | Pending 49449587 items]
[ID:1069| Order CH0GDVCLHN created | Generated 26540625 items | Pending 49441591 items]
[ID:1070| Order LPGHI7PVR5 created | Generated 26586067 items | Pending 49396149 items]
[ID:1071| Order XC0MLAP73R created | Generated 26598935 items | Pending 49383281 items]
[ID:1072| Order QX8Y3EZMD2 created | Generated 26639170 items | Pending 49343046 items]
[ID:1073| Order 1Y7LX078B0 created | Generated 26652785 items | Pending 49329431 items]
[ID:1074| Order EDI9FK4F9B created | Generated 26665092 items | Pending 49317124 items]
[ID:1075| Order FGDJ4ENHT3 created | Generated 26700444 items | Pending 49281772 items]
[ID:1076| Order JPGGLS4EH9 created | Generated 26710925 items | Pending 49271291 items]
[ID:1077| Order GT05PBC592 created | Generated 26760416 items | Pending 49221800 items]
[ID:1078| Order OJ4714CRGL created | Generated 26804165 items | Pending 49178051 items]
[ID:1079| Order P0E1NP2GFX created | Generated 26842130 items | Pending 49140086 items]
[ID:1080| Order 3V3DQVKNVT created | Generated 26845818 items | Pending 49136398 items]
[ID:1081| Order 43ID53EX3H created | Generated 26892481 items | Pending 49089735 items]
[ID:1082| Order A87RSVG67D created | Generated 26937433 items | Pending 49044783 items]
[ID:1083| Order QL5JLM7K2E created | Generated 26951950 items | Pending 49030266 items]
[ID:1084| Order W210U7BS5J created | Generated 26982089 items | Pending 49000127 items]
[ID:1085| Order DDACMM53QU created | Generated 27015278 items | Pending 48966938 items]
[ID:1086| Order 7TO01Y4S8Q created | Generated 27019192 items | Pending 48963024 items]
[ID:1087| Order FM3VB5CPY4 created | Generated 27060152 items | Pending 48922064 items]
[ID:1088| Order SKNMYI2WSR created | Generated 27067496 items | Pending 48914720 items]
[ID:1089| Order YJFXIEPEU6 created | Generated 27085542 items | Pending 48896674 items]
[ID:1090| Order ZTR29IRLR1 created | Generated 27122273 items | Pending 48859943 items]
[ID:1091| Order NS6FWK43PA created | Generated 27162007 items | Pending 48820209 items]
[ID:1092| Order ZX8WYI2DTF created | Generated 27209459 items | Pending 48772757 items]
[ID:1093| Order TKSKKKJZJC created | Generated 27217722 items | Pending 48764494 items]
[ID:1094| Order RQWBHCROFE created | Generated 27255144 items | Pending 48727072 items]
[ID:1095| Order 6V12DILU5G created | Generated 27293859 items | Pending 48688357 items]
[ID:1096| Order 6HF0ZKTSLX created | Generated 27316673 items | Pending 48665543 items]
[ID:1097| Order PZ38VFB7WT created | Generated 27322622 items | Pending 48659594 items]
[ID:1098| Order EI26NMPNDM created | Generated 27344556 items | Pending 48637660 items]
[ID:1099| Order OBOSZ54E9I created | Generated 27358275 items | Pending 48623941 items]
[ID:1100| Order M74M52SGX1 created | Generated 27374084 items | Pending 48608132 items]
[ID:1101| Order 9EBNDE39KX created | Generated 27389201 items | Pending 48593015 items]
[ID:1102| Order T1MNXSB1NC created | Generated 27426792 items | Pending 48555424 items]
[ID:1103| Order CK4SP36DQ0 created | Generated 27475535 items | Pending 48506681 items]
[ID:1104| Order XZ3VJMOU2D created | Generated 27508372 items | Pending 48473844 items]
[ID:1105| Order 196AM4TB8Z created | Generated 27516867 items | Pending 48465349 items]
[ID:1106| Order J9BPM1QRNC created | Generated 27546696 items | Pending 48435520 items]
[ID:1107| Order ZYAK30GVOY created | Generated 27551152 items | Pending 48431064 items]
[ID:1108| Order LMLRDQV937 created | Generated 27596154 items | Pending 48386062 items]
[ID:1109| Order EM66N7SIMF created | Generated 27624669 items | Pending 48357547 items]
[ID:1110| Order N1I72NQNMG created | Generated 27659008 items | Pending 48323208 items]
[ID:1111| Order 54E52NJIBV created | Generated 27662240 items | Pending 48319976 items]
[ID:1112| Order 7HB65LB1D6 created | Generated 27709872 items | Pending 48272344 items]
[ID:1113| Order 44BENGX5N0 created | Generated 27744202 items | Pending 48238014 items]
[ID:1114| Order RFEL7YX8PW created | Generated 27768961 items | Pending 48213255 items]
[ID:1115| Order EDLL2ZRXV8 created | Generated 27801951 items | Pending 48180265 items]
[ID:1116| Order 2DSSEODGX2 created | Generated 27844834 items | Pending 48137382 items]
[ID:1117| Order OJ3RPTM5D9 created | Generated 27885670 items | Pending 48096546 items]
[ID:1118| Order EH2S509RU2 created | Generated 27927788 items | Pending 48054428 items]
[ID:1119| Order OAMKVFKJU2 created | Generated 27937776 items | Pending 48044440 items]
[ID:1120| Order BOQZJRGOQJ created | Generated 27975655 items | Pending 48006561 items]
[ID:1121| Order 2K5L1E2ATG created | Generated 27981333 items | Pending 48000883 items]
[ID:1122| Order MOHFVDR7VX created | Generated 27989559 items | Pending 47992657 items]
[ID:1123| Order DRE9QLQ31Z created | Generated 28005108 items | Pending 47977108 items]
[ID:1124| Order JKQWUNX0V7 created | Generated 28028121 items | Pending 47954095 items]
[ID:1125| Order D37RAPDIVM created | Generated 28044953 items | Pending 47937263 items]
[ID:1126| Order DP2TM5KY1R created | Generated 28094282 items | Pending 47887934 items]
[ID:1127| Order 9X7G68Y6GR created | Generated 28096166 items | Pending 47886050 items]
[ID:1128| Order 87583SPW0X created | Generated 28111107 items | Pending 47871109 items]
[ID:1129| Order C8N7QI13JW created | Generated 28142960 items | Pending 47839256 items]
[ID:1130| Order LNTY7Y3QPE created | Generated 28170330 items | Pending 47811886 items]
[ID:1131| Order HGSUC2FRHL created | Generated 28193411 items | Pending 47788805 items]
[ID:1132| Order T0PDWN1KD6 created | Generated 28203550 items | Pending 47778666 items]
[ID:1133| Order B5JCCXZ01Y created | Generated 28250822 items | Pending 47731394 items]
[ID:1134| Order MR7G0XBC2U created | Generated 28278856 items | Pending 47703360 items]
[ID:1135| Order GXKJFGFC03 created | Generated 28317005 items | Pending 47665211 items]
[ID:1136| Order PGQTE107AQ created | Generated 28360878 items | Pending 47621338 items]
[ID:1137| Order 7QY3A4ZCFN created | Generated 28396990 items | Pending 47585226 items]
[ID:1138| Order DQ1D428UNH created | Generated 28403248 items | Pending 47578968 items]
[ID:1139| Order 1Y5QBN89AB created | Generated 28410514 items | Pending 47571702 items]
[ID:1140| Order G6C9B0QDJE created | Generated 28440174 items | Pending 47542042 items]
[ID:1141| Order H6ECT9HRSR created | Generated 28445649 items | Pending 47536567 items]
[ID:1142| Order OCPK093L2T created | Generated 28482844 items | Pending 47499372 items]
[ID:1143| Order WY1B319Q3J created | Generated 28514888 items | Pending 47467328 items]
[ID:1144| Order 4NGHBFQC6B created | Generated 28518876 items | Pending 47463340 items]
[ID:1145| Order MSJBOO2OCO created | Generated 28567790 items | Pending 47414426 items]
[ID:1146| Order HFOM1TFIWJ created | Generated 28587000 items | Pending 47395216 items]
[ID:1147| Order AIR2M1CNK6 created | Generated 28588000 items | Pending 47394216 items]
[ID:1148| Order 9NISN8GLJA created | Generated 28604260 items | Pending 47377956 items]
[ID:1149| Order CEAAZUX29O created | Generated 28647816 items | Pending 47334400 items]
[ID:1150| Order 5T5F11LXPX created | Generated 28652749 items | Pending 47329467 items]
[ID:1151| Order BPBCLIWN96 created | Generated 28657378 items | Pending 47324838 items]
[ID:1152| Order 37KCSBKG2L created | Generated 28686236 items | Pending 47295980 items]
[ID:1153| Order 5NWWLTIY4Z created | Generated 28722311 items | Pending 47259905 items]
[ID:1154| Order XHC8E1F1LI created | Generated 28749856 items | Pending 47232360 items]
[ID:1155| Order BP1Z7FG9SP created | Generated 28753690 items | Pending 47228526 items]
[ID:1156| Order LV9ZB1JBLH created | Generated 28803962 items | Pending 47178254 items]
[ID:1157| Order 8IV41GLT1N created | Generated 28853105 items | Pending 47129111 items]
[ID:1158| Order FZM68FNXEB created | Generated 28882558 items | Pending 47099658 items]
[ID:1159| Order 7BP702S8PJ created | Generated 28918035 items | Pending 47064181 items]
[ID:1160| Order USU99MWVCY created | Generated 28930483 items | Pending 47051733 items]
[ID:1161| Order IOZ5K4HXUQ created | Generated 28958139 items | Pending 47024077 items]
[ID:1162| Order 55MUD3L4KR created | Generated 29002702 items | Pending 46979514 items]
[ID:1163| Order HE650K9GKH created | Generated 29031810 items | Pending 46950406 items]
[ID:1164| Order F7D417554A created | Generated 29058289 items | Pending 46923927 items]
[ID:1165| Order CN11B30EYD created | Generated 29063729 items | Pending 46918487 items]
[ID:1166| Order OA8U5Y8T8T created | Generated 29096836 items | Pending 46885380 items]
[ID:1167| Order M2FNWVXFUY created | Generated 29147485 items | Pending 46834731 items]
[ID:1168| Order WJ4NZRR8CC created | Generated 29167790 items | Pending 46814426 items]
[ID:1169| Order AXNJZFCG2M created | Generated 29202765 items | Pending 46779451 items]
[ID:1170| Order MELOXI5LGW created | Generated 29215341 items | Pending 46766875 items]
[ID:1171| Order ZMYBPVCGSY created | Generated 29239566 items | Pending 46742650 items]
[ID:1172| Order KK5NW15PB2 created | Generated 29282684 items | Pending 46699532 items]
[ID:1173| Order 2703QJLT1U created | Generated 29332640 items | Pending 46649576 items]
[ID:1174| Order OL9ES8T14N created | Generated 29353445 items | Pending 46628771 items]
[ID:1175| Order 3XMDMGZ6H8 created | Generated 29381428 items | Pending 46600788 items]
[ID:1176| Order 1K3BXOYS2L created | Generated 29405677 items | Pending 46576539 items]
[ID:1177| Order QUS1J0L01O created | Generated 29433350 items | Pending 46548866 items]
[ID:1178| Order EWZDDKZDRC created | Generated 29475527 items | Pending 46506689 items]
[ID:1179| Order GELP37TWP8 created | Generated 29490245 items | Pending 46491971 items]
[ID:1180| Order 87V9OHMGD7 created | Generated 29532645 items | Pending 46449571 items]
[ID:1181| Order G2AFMWCLMD created | Generated 29577081 items | Pending 46405135 items]
[ID:1182| Order 3850HAVNLV created | Generated 29618872 items | Pending 46363344 items]
[ID:1183| Order FGP441X7HM created | Generated 29624280 items | Pending 46357936 items]
[ID:1184| Order J3LWIUT1EW created | Generated 29641448 items | Pending 46340768 items]
[ID:1185| Order CWE4DMNJU8 created | Generated 29691500 items | Pending 46290716 items]
[ID:1186| Order EOJBKN8W0F created | Generated 29726297 items | Pending 46255919 items]
[ID:1187| Order 096W97X17B created | Generated 29758580 items | Pending 46223636 items]
[ID:1188| Order XF6SD09WKL created | Generated 29787281 items | Pending 46194935 items]
[ID:1189| Order AHODTJIJKN created | Generated 29806955 items | Pending 46175261 items]
[ID:1190| Order 4VRXMV2VBO created | Generated 29844173 items | Pending 46138043 items]
[ID:1191| Order K9004JFHUM created | Generated 29888977 items | Pending 46093239 items]
[ID:1192| Order C2X44C5NRD created | Generated 29920218 items | Pending 46061998 items]
[ID:1193| Order T2IKXNJH32 created | Generated 29954282 items | Pending 46027934 items]
[ID:1194| Order EIIM9V4DIW created | Generated 29958250 items | Pending 46023966 items]
[ID:1195| Order 6KDYKDNUAX created | Generated 29960575 items | Pending 46021641 items]
[ID:1196| Order H15KD7ZEP5 created | Generated 29976508 items | Pending 46005708 items]
[ID:1197| Order WNIEBG71SB created | Generated 30013748 items | Pending 45968468 items]
[ID:1198| Order VUW37ECUDS created | Generated 30034154 items | Pending 45948062 items]
[ID:1199| Order JX6H2K7LK8 created | Generated 30069625 items | Pending 45912591 items]
[ID:1200| Order CPPRFF4HHP created | Generated 30115672 items | Pending 45866544 items]
[ID:1201| Order Z8Y6MVJ95A created | Generated 30131919 items | Pending 45850297 items]
[ID:1202| Order U9QVZM0SIC created | Generated 30135931 items | Pending 45846285 items]
[ID:1203| Order EXDCLJTMX3 created | Generated 30167472 items | Pending 45814744 items]
[ID:1204| Order A8ADECZN5T created | Generated 30206381 items | Pending 45775835 items]
[ID:1205| Order O9G5BHFF0W created | Generated 30221540 items | Pending 45760676 items]
[ID:1206| Order 3X50V29PIC created | Generated 30273474 items | Pending 45708742 items]
[ID:1207| Order CP9ZCTGTH5 created | Generated 30322905 items | Pending 45659311 items]
[ID:1208| Order T6CMDCTVJ5 created | Generated 30362743 items | Pending 45619473 items]
[ID:1209| Order XIXCKU6S09 created | Generated 30393276 items | Pending 45588940 items]
[ID:1210| Order P0MKKKQKQO created | Generated 30404625 items | Pending 45577591 items]
[ID:1211| Order QLU13TS0BC created | Generated 30414763 items | Pending 45567453 items]
[ID:1212| Order WQFPYMQ1VV created | Generated 30421328 items | Pending 45560888 items]
[ID:1213| Order 8YSNCDMIIK created | Generated 30436091 items | Pending 45546125 items]
[ID:1214| Order UKMAXUSE53 created | Generated 30443540 items | Pending 45538676 items]
[ID:1215| Order A5GFBOYRXI created | Generated 30465742 items | Pending 45516474 items]
[ID:1216| Order 7ZVYI5PRC7 created | Generated 30509996 items | Pending 45472220 items]
[ID:1217| Order 6S7OPJU9LK created | Generated 30521778 items | Pending 45460438 items]
[ID:1218| Order 4GZ1DVI0NP created | Generated 30545436 items | Pending 45436780 items]
[ID:1219| Order DSMY1SZ3HL created | Generated 30567203 items | Pending 45415013 items]
[ID:1220| Order JRO7HJ9JS3 created | Generated 30605504 items | Pending 45376712 items]
[ID:1221| Order KYRKXCUTQU created | Generated 30636960 items | Pending 45345256 items]
[ID:1222| Order J8E8FTBV7C created | Generated 30684016 items | Pending 45298200 items]
[ID:1223| Order 6QK21TFSQ0 created | Generated 30701075 items | Pending 45281141 items]
[ID:1224| Order LO2W4H1WSW created | Generated 30704174 items | Pending 45278042 items]
[ID:1225| Order C3CTAGCA8Q created | Generated 30751433 items | Pending 45230783 items]
[ID:1226| Order 1QAD2FIO9A created | Generated 30763658 items | Pending 45218558 items]
[ID:1227| Order XZ3F43ON2P created | Generated 30795598 items | Pending 45186618 items]
[ID:1228| Order BIH01FLKUI created | Generated 30797250 items | Pending 45184966 items]
[ID:1229| Order LWWRYLOJUG created | Generated 30808324 items | Pending 45173892 items]
[ID:1230| Order XPWFZGZXTS created | Generated 30825802 items | Pending 45156414 items]
[ID:1231| Order XT6Z0KYTIF created | Generated 30871108 items | Pending 45111108 items]
[ID:1232| Order O8V7HARCUU created | Generated 30908764 items | Pending 45073452 items]
[ID:1233| Order 9JXTFOXF19 created | Generated 30915977 items | Pending 45066239 items]
[ID:1234| Order DX5W61PMWI created | Generated 30956634 items | Pending 45025582 items]
[ID:1235| Order AMHIWPY9D1 created | Generated 30971650 items | Pending 45010566 items]
[ID:1236| Order E25UM0BUSS created | Generated 30982059 items | Pending 45000157 items]
[ID:1237| Order RSO7GZ1E9X created | Generated 31017455 items | Pending 44964761 items]
[ID:1238| Order 1ROLYSXOSX created | Generated 31022758 items | Pending 44959458 items]
[ID:1239| Order 4E73IQGNC6 created | Generated 31056072 items | Pending 44926144 items]
[ID:1240| Order P6A88U02IR created | Generated 31077471 items | Pending 44904745 items]
[ID:1241| Order QLXMNUL2BO created | Generated 31126885 items | Pending 44855331 items]
[ID:1242| Order SWTEX0WJYI created | Generated 31133814 items | Pending 44848402 items]
[ID:1243| Order M4XS96LCJB created | Generated 31178484 items | Pending 44803732 items]
[ID:1244| Order 9GTMP200B3 created | Generated 31215372 items | Pending 44766844 items]
[ID:1245| Order 7YT9LTG0SI created | Generated 31221384 items | Pending 44760832 items]
[ID:1246| Order R0LZS9XCRV created | Generated 31251948 items | Pending 44730268 items]
[ID:1247| Order KH84KWNGA1 created | Generated 31257029 items | Pending 44725187 items]
[ID:1248| Order G1YQ3PS2P8 created | Generated 31257849 items | Pending 44724367 items]
[ID:1249| Order 1CNEYHUO6P created | Generated 31259169 items | Pending 44723047 items]
[ID:1250| Order 8XHCCL0X3E created | Generated 31293506 items | Pending 44688710 items]
[ID:1251| Order QEWJBM0G0I created | Generated 31303809 items | Pending 44678407 items]
[ID:1252| Order L5ZUX9GP6Y created | Generated 31331079 items | Pending 44651137 items]
[ID:1253| Order 74CQ3U9WM7 created | Generated 31372252 items | Pending 44609964 items]
[ID:1254| Order RXXBNU62GH created | Generated 31386864 items | Pending 44595352 items]
[ID:1255| Order J2EPFY1BQP created | Generated 31395391 items | Pending 44586825 items]
[ID:1256| Order EVHKTH883I created | Generated 31417698 items | Pending 44564518 items]
[ID:1257| Order ZN6YS1KBSR created | Generated 31466580 items | Pending 44515636 items]
[ID:1258| Order XVSYGXYC50 created | Generated 31472545 items | Pending 44509671 items]
[ID:1259| Order HG9ITDVIYT created | Generated 31513090 items | Pending 44469126 items]
[ID:1260| Order 8GP7IIL1JJ created | Generated 31518848 items | Pending 44463368 items]
[ID:1261| Order 4KD9733H9Q created | Generated 31542510 items | Pending 44439706 items]
[ID:1262| Order LGVC4KO2XS created | Generated 31543985 items | Pending 44438231 items]
[ID:1263| Order 5S8FCINVPC created | Generated 31562017 items | Pending 44420199 items]
[ID:1264| Order GUAGIK308D created | Generated 31584148 items | Pending 44398068 items]
[ID:1265| Order US0RMAU325 created | Generated 31623204 items | Pending 44359012 items]
[ID:1266| Order T67GTJ868I created | Generated 31662085 items | Pending 44320131 items]
[ID:1267| Order XE1PKXR278 created | Generated 31679906 items | Pending 44302310 items]
[ID:1268| Order ZVVIKMVAEJ created | Generated 31687265 items | Pending 44294951 items]
[ID:1269| Order XZBCGDTU4G created | Generated 31688900 items | Pending 44293316 items]
[ID:1270| Order 1WILO7CWZX created | Generated 31696125 items | Pending 44286091 items]
[ID:1271| Order FPPI07F5PX created | Generated 31731536 items | Pending 44250680 items]
[ID:1272| Order JDBUYXASR9 created | Generated 31741059 items | Pending 44241157 items]
[ID:1273| Order LT19HGVYQI created | Generated 31775565 items | Pending 44206651 items]
[ID:1274| Order W3Q2OBXA3D created | Generated 31793777 items | Pending 44188439 items]
[ID:1275| Order 5PHVFV5TVN created | Generated 31830761 items | Pending 44151455 items]
[ID:1276| Order BHVZM7IMA5 created | Generated 31834913 items | Pending 44147303 items]
[ID:1277| Order 366QJUX0PG created | Generated 31879631 items | Pending 44102585 items]
[ID:1278| Order H88J8L6CKX created | Generated 31916816 items | Pending 44065400 items]
[ID:1279| Order YRMKSHVE1A created | Generated 31965094 items | Pending 44017122 items]
[ID:1280| Order 3DRVXK0JTS created | Generated 31981244 items | Pending 44000972 items]
[ID:1281| Order L5K6HQIC2T created | Generated 32016561 items | Pending 43965655 items]
[ID:1282| Order X5RIKZ51DQ created | Generated 32027908 items | Pending 43954308 items]
[ID:1283| Order WO8HWQ8NWA created | Generated 32062854 items | Pending 43919362 items]
[ID:1284| Order 1V0EMMH4PI created | Generated 32075834 items | Pending 43906382 items]
[ID:1285| Order 4XU26Z7RCW created | Generated 32093418 items | Pending 43888798 items]
[ID:1286| Order TCPXI0EM88 created | Generated 32141324 items | Pending 43840892 items]
[ID:1287| Order BGY6SYACIZ created | Generated 32171788 items | Pending 43810428 items]
[ID:1288| Order 9YVVQ7KXUI created | Generated 32223138 items | Pending 43759078 items]
[ID:1289| Order DCD28UEYDM created | Generated 32223165 items | Pending 43759051 items]
[ID:1290| Order AT8TFK3G40 created | Generated 32241206 items | Pending 43741010 items]
[ID:1291| Order ZFS87JY12H created | Generated 32292240 items | Pending 43689976 items]
[ID:1292| Order 4W0DJCYJKY created | Generated 32313124 items | Pending 43669092 items]
[ID:1293| Order GEXL7ROYG3 created | Generated 32350409 items | Pending 43631807 items]
[ID:1294| Order D6I0ZJ82UI created | Generated 32366000 items | Pending 43616216 items]
[ID:1295| Order O8Q17SHPJX created | Generated 32373544 items | Pending 43608672 items]
[ID:1296| Order RJS61TINME created | Generated 32396065 items | Pending 43586151 items]
[ID:1297| Order 2SOOCKZT9O created | Generated 32439154 items | Pending 43543062 items]
[ID:1298| Order SY9BKS8WEK created | Generated 32442774 items | Pending 43539442 items]
[ID:1299| Order 1LZZRNQXHM created | Generated 32468246 items | Pending 43513970 items]
[ID:1300| Order QDA3KDWAOG created | Generated 32491346 items | Pending 43490870 items]
[ID:1301| Order 85QC9X5OJK created | Generated 32529094 items | Pending 43453122 items]
[ID:1302| Order LHJJLPNMTQ created | Generated 32532730 items | Pending 43449486 items]
[ID:1303| Order ESDX9RQQA4 created | Generated 32560097 items | Pending 43422119 items]
[ID:1304| Order 2AEGBKTJM3 created | Generated 32590583 items | Pending 43391633 items]
[ID:1305| Order BE9CVFLOSA created | Generated 32641451 items | Pending 43340765 items]
[ID:1306| Order 19HMFUP3XX created | Generated 32680175 items | Pending 43302041 items]
[ID:1307| Order S2W6C7XFOI created | Generated 32713615 items | Pending 43268601 items]
[ID:1308| Order R3BY8EP2ZM created | Generated 32714937 items | Pending 43267279 items]
[ID:1309| Order HDT733V9MA created | Generated 32739597 items | Pending 43242619 items]
[ID:1310| Order W3EXBZ97UW created | Generated 32739757 items | Pending 43242459 items]
[ID:1311| Order IW3SRDRP1E created | Generated 32762332 items | Pending 43219884 items]
[ID:1312| Order JC65BLQHYF created | Generated 32803186 items | Pending 43179030 items]
[ID:1313| Order R1RKUHFMR7 created | Generated 32809724 items | Pending 43172492 items]
[ID:1314| Order F44JVUXSDB created | Generated 32829851 items | Pending 43152365 items]
[ID:1315| Order IFG6SC1JP6 created | Generated 32863804 items | Pending 43118412 items]
[ID:1316| Order GU0YES4JRC created | Generated 32915025 items | Pending 43067191 items]
[ID:1317| Order JJOAWAKYIW created | Generated 32932712 items | Pending 43049504 items]
[ID:1318| Order 47QX849DD5 created | Generated 32942283 items | Pending 43039933 items]
[ID:1319| Order BWN79OQGNG created | Generated 32981095 items | Pending 43001121 items]
[ID:1320| Order L1PN66GPJZ created | Generated 33001257 items | Pending 42980959 items]
[ID:1321| Order 2HOOFQXEU0 created | Generated 33020405 items | Pending 42961811 items]
[ID:1322| Order Q9OFFGYTRO created | Generated 33068386 items | Pending 42913830 items]
[ID:1323| Order VXTLBLQ8LP created | Generated 33100410 items | Pending 42881806 items]
[ID:1324| Order ZWL893KTZE created | Generated 33144372 items | Pending 42837844 items]
[ID:1325| Order XVYG1GUV7Q created | Generated 33185708 items | Pending 42796508 items]
[ID:1326| Order 6H6UF5R4G9 created | Generated 33203034 items | Pending 42779182 items]
[ID:1327| Order 91CZOEXY52 created | Generated 33211620 items | Pending 42770596 items]
[ID:1328| Order GIG0CF2QSE created | Generated 33255609 items | Pending 42726607 items]
[ID:1329| Order YE636WF1I1 created | Generated 33264629 items | Pending 42717587 items]
[ID:1330| Order TYVMXSWT6G created | Generated 33304678 items | Pending 42677538 items]
[ID:1331| Order H329XW4WVZ created | Generated 33320718 items | Pending 42661498 items]
[ID:1332| Order B2LO90HF7Q created | Generated 33368777 items | Pending 42613439 items]
[ID:1333| Order 7ZM8QQQZJQ created | Generated 33379612 items | Pending 42602604 items]
[ID:1334| Order 16EMQ9FOB7 created | Generated 33430244 items | Pending 42551972 items]
[ID:1335| Order U4UW8DC4U7 created | Generated 33453532 items | Pending 42528684 items]
[ID:1336| Order 8JSKGJ89N7 created | Generated 33477664 items | Pending 42504552 items]
[ID:1337| Order CLONZU7JMU created | Generated 33524902 items | Pending 42457314 items]
[ID:1338| Order 2BR0EKM6AK created | Generated 33563707 items | Pending 42418509 items]
[ID:1339| Order YIUOU2EWED created | Generated 33567047 items | Pending 42415169 items]
[ID:1340| Order BKXVMTGO5N created | Generated 33616102 items | Pending 42366114 items]
[ID:1341| Order COTOQ6H43Z created | Generated 33665444 items | Pending 42316772 items]
[ID:1342| Order 184ZN3ED8L created | Generated 33688391 items | Pending 42293825 items]
[ID:1343| Order I0QBDS3RNC created | Generated 33713538 items | Pending 42268678 items]
[ID:1344| Order JQAWKMH5AF created | Generated 33723265 items | Pending 42258951 items]
[ID:1345| Order WRUZESLAW2 created | Generated 33768831 items | Pending 42213385 items]
[ID:1346| Order G3J9ZKINZZ created | Generated 33805015 items | Pending 42177201 items]
[ID:1347| Order S72W880HQN created | Generated 33832886 items | Pending 42149330 items]
[ID:1348| Order GVZ9YKK1J1 created | Generated 33878134 items | Pending 42104082 items]
[ID:1349| Order 5BAWUGVJMW created | Generated 33921350 items | Pending 42060866 items]
[ID:1350| Order MO41B6P3O6 created | Generated 33929487 items | Pending 42052729 items]
[ID:1351| Order 6OKRJ5H6RP created | Generated 33963050 items | Pending 42019166 items]
[ID:1352| Order L0TEXITL7R created | Generated 34010703 items | Pending 41971513 items]
[ID:1353| Order ONNE839MC3 created | Generated 34033683 items | Pending 41948533 items]
[ID:1354| Order ID8KZ6CLLL created | Generated 34055004 items | Pending 41927212 items]
[ID:1355| Order DWLOCAFYGZ created | Generated 34069879 items | Pending 41912337 items]
[ID:1356| Order QD4HGRVBUC created | Generated 34082570 items | Pending 41899646 items]
[ID:1357| Order CDFOFRJYX1 created | Generated 34092278 items | Pending 41889938 items]
[ID:1358| Order OW38IMW5O1 created | Generated 34111052 items | Pending 41871164 items]
[ID:1359| Order I3D56HPR54 created | Generated 34113784 items | Pending 41868432 items]
[ID:1360| Order CIIDOW9T6U created | Generated 34126049 items | Pending 41856167 items]
[ID:1361| Order NV1RE7LGFF created | Generated 34163429 items | Pending 41818787 items]
[ID:1362| Order QURLNRW4GU created | Generated 34185561 items | Pending 41796655 items]
[ID:1363| Order 445KKG7MJN created | Generated 34208332 items | Pending 41773884 items]
[ID:1364| Order X999P3CZYG created | Generated 34220749 items | Pending 41761467 items]
[ID:1365| Order 1IUHVAQAGY created | Generated 34258428 items | Pending 41723788 items]
[ID:1366| Order AC8VX3DYL2 created | Generated 34291870 items | Pending 41690346 items]
[ID:1367| Order D29G49WYCD created | Generated 34328939 items | Pending 41653277 items]
[ID:1368| Order HBM5156IO1 created | Generated 34352839 items | Pending 41629377 items]
[ID:1369| Order 0FSYFNF2ZP created | Generated 34381093 items | Pending 41601123 items]
[ID:1370| Order PR0ZVZVBHX created | Generated 34382038 items | Pending 41600178 items]
[ID:1371| Order H8Q3AKEC7H created | Generated 34413650 items | Pending 41568566 items]
[ID:1372| Order C7FCKI3QVL created | Generated 34415183 items | Pending 41567033 items]
[ID:1373| Order GOZRV3K4T3 created | Generated 34440464 items | Pending 41541752 items]
[ID:1374| Order FXGAQTC26J created | Generated 34467705 items | Pending 41514511 items]
[ID:1375| Order C0YGUD5WGP created | Generated 34479021 items | Pending 41503195 items]
[ID:1376| Order BLQ21K5CR1 created | Generated 34524163 items | Pending 41458053 items]
[ID:1377| Order 2SD4IW4J94 created | Generated 34531681 items | Pending 41450535 items]
[ID:1378| Order IUUBWI2GI0 created | Generated 34560740 items | Pending 41421476 items]
[ID:1379| Order MATGP3SI2Y created | Generated 34597361 items | Pending 41384855 items]
[ID:1380| Order O6SE8BJNAF created | Generated 34608940 items | Pending 41373276 items]
[ID:1381| Order RDROWVIALA created | Generated 34649947 items | Pending 41332269 items]
[ID:1382| Order 91OY28IDDS created | Generated 34698362 items | Pending 41283854 items]
[ID:1383| Order JJW2K9Y2MQ created | Generated 34728156 items | Pending 41254060 items]
[ID:1384| Order Z50PTZCIP3 created | Generated 34752220 items | Pending 41229996 items]
[ID:1385| Order BZBECR4EDY created | Generated 34762039 items | Pending 41220177 items]
[ID:1386| Order MVH8SMZ6XC created | Generated 34790429 items | Pending 41191787 items]
[ID:1387| Order I8J3KKKIHE created | Generated 34839990 items | Pending 41142226 items]
[ID:1388| Order AAWUY75NJ9 created | Generated 34880444 items | Pending 41101772 items]
[ID:1389| Order OHTYUB6RSO created | Generated 34886784 items | Pending 41095432 items]
[ID:1390| Order 6AI98DUOR5 created | Generated 34915293 items | Pending 41066923 items]
[ID:1391| Order L1N5BLNP52 created | Generated 34959295 items | Pending 41022921 items]
[ID:1392| Order B76D9KU08Q created | Generated 34997033 items | Pending 40985183 items]
[ID:1393| Order MOI8L6LHCK created | Generated 35030057 items | Pending 40952159 items]
[ID:1394| Order 9QW1W08M2C created | Generated 35036799 items | Pending 40945417 items]
[ID:1395| Order UOKQ9O7TRL created | Generated 35038321 items | Pending 40943895 items]
[ID:1396| Order K3DPBUSQ0R created | Generated 35073348 items | Pending 40908868 items]
[ID:1397| Order HFNMFC23WK created | Generated 35095951 items | Pending 40886265 items]
[ID:1398| Order O81G0PEM19 created | Generated 35106102 items | Pending 40876114 items]
[ID:1399| Order IETI80T3S6 created | Generated 35120008 items | Pending 40862208 items]
[ID:1400| Order WBGARHAZAZ created | Generated 35162855 items | Pending 40819361 items]
[ID:1401| Order 2JBNDLLKLN created | Generated 35170437 items | Pending 40811779 items]
[ID:1402| Order QM2C17S790 created | Generated 35175401 items | Pending 40806815 items]
[ID:1403| Order UU2C4WS7Q6 created | Generated 35190962 items | Pending 40791254 items]
[ID:1404| Order 8OQKO0UXXL created | Generated 35201857 items | Pending 40780359 items]
[ID:1405| Order 477PD8Q8Y1 created | Generated 35231211 items | Pending 40751005 items]
[ID:1406| Order S6410RPZWR created | Generated 35259678 items | Pending 40722538 items]
[ID:1407| Order 9PM1KET6QO created | Generated 35259768 items | Pending 40722448 items]
[ID:1408| Order AUGB2NPFQZ created | Generated 35261351 items | Pending 40720865 items]
[ID:1409| Order EPSOC48EI5 created | Generated 35263966 items | Pending 40718250 items]
[ID:1410| Order SD0C225IBT created | Generated 35268989 items | Pending 40713227 items]
[ID:1411| Order KXXUPZ7RUE created | Generated 35276498 items | Pending 40705718 items]
[ID:1412| Order 19HTUF6YCQ created | Generated 35293211 items | Pending 40689005 items]
[ID:1413| Order 5UPOD8BRIV created | Generated 35317172 items | Pending 40665044 items]
[ID:1414| Order 8IWR1H5UYN created | Generated 35336717 items | Pending 40645499 items]
[ID:1415| Order YNYTTOC6KB created | Generated 35385913 items | Pending 40596303 items]
[ID:1416| Order W5NSZGW88O created | Generated 35435095 items | Pending 40547121 items]
[ID:1417| Order YHKFAZP3C7 created | Generated 35465625 items | Pending 40516591 items]
[ID:1418| Order 50VO3S33V1 created | Generated 35486257 items | Pending 40495959 items]
[ID:1419| Order UW7K55SN8G created | Generated 35506024 items | Pending 40476192 items]
[ID:1420| Order J39UM0CGWO created | Generated 35521789 items | Pending 40460427 items]
[ID:1421| Order D5R8WD8DKE created | Generated 35534806 items | Pending 40447410 items]
[ID:1422| Order 3MEG3T0I40 created | Generated 35545437 items | Pending 40436779 items]
[ID:1423| Order I7AI0UMEIG created | Generated 35578687 items | Pending 40403529 items]
[ID:1424| Order RIKFOR7FWE created | Generated 35606040 items | Pending 40376176 items]
[ID:1425| Order MJOTUZSGR4 created | Generated 35634206 items | Pending 40348010 items]
[ID:1426| Order OX7FKMIQY1 created | Generated 35662483 items | Pending 40319733 items]
[ID:1427| Order 5IH6Q51RFJ created | Generated 35664327 items | Pending 40317889 items]
[ID:1428| Order 6C0ALW0FBC created | Generated 35671080 items | Pending 40311136 items]
[ID:1429| Order 38S60HD4ZJ created | Generated 35701337 items | Pending 40280879 items]
[ID:1430| Order GS8XK8R48D created | Generated 35722020 items | Pending 40260196 items]
[ID:1431| Order 5GDE9CNVU4 created | Generated 35730375 items | Pending 40251841 items]
[ID:1432| Order M4MD6JL5V5 created | Generated 35763484 items | Pending 40218732 items]
[ID:1433| Order OLRWD66T1G created | Generated 35798961 items | Pending 40183255 items]
[ID:1434| Order F5XZYGQMEP created | Generated 35829964 items | Pending 40152252 items]
[ID:1435| Order OL6T13O3PN created | Generated 35874944 items | Pending 40107272 items]
[ID:1436| Order SFQEFD536F created | Generated 35900078 items | Pending 40082138 items]
[ID:1437| Order KMZR434FPY created | Generated 35941969 items | Pending 40040247 items]
[ID:1438| Order XB6CL6XF2Z created | Generated 35964919 items | Pending 40017297 items]
[ID:1439| Order UL82RHCJ7C created | Generated 36003502 items | Pending 39978714 items]
[ID:1440| Order CTT9W3RINE created | Generated 36022266 items | Pending 39959950 items]
[ID:1441| Order ZQPZDR2R6M created | Generated 36060410 items | Pending 39921806 items]
[ID:1442| Order XTG7RSJIAX created | Generated 36106088 items | Pending 39876128 items]
[ID:1443| Order S3PSTEHQ2L created | Generated 36141933 items | Pending 39840283 items]
[ID:1444| Order 0W4J7ELT4X created | Generated 36188776 items | Pending 39793440 items]
[ID:1445| Order 6TLUYYZRIE created | Generated 36212241 items | Pending 39769975 items]
[ID:1446| Order 6BFYVDM5R5 created | Generated 36214379 items | Pending 39767837 items]
[ID:1447| Order WI7PAJNOYZ created | Generated 36256155 items | Pending 39726061 items]
[ID:1448| Order 1MU4EC6WS5 created | Generated 36268132 items | Pending 39714084 items]
[ID:1449| Order 59P2OKUCKF created | Generated 36310109 items | Pending 39672107 items]
[ID:1450| Order 9NMXXW39K4 created | Generated 36339965 items | Pending 39642251 items]
[ID:1451| Order UHL17X6B75 created | Generated 36349277 items | Pending 39632939 items]
[ID:1452| Order FSFE652FWO created | Generated 36370405 items | Pending 39611811 items]
[ID:1453| Order MX4YHMXL2I created | Generated 36370561 items | Pending 39611655 items]
[ID:1454| Order 9GOU3BENO8 created | Generated 36403890 items | Pending 39578326 items]
[ID:1455| Order 3N82MHER0G created | Generated 36445135 items | Pending 39537081 items]
[ID:1456| Order BUTTEZGFGQ created | Generated 36459076 items | Pending 39523140 items]
[ID:1457| Order Z7GE3QWI4E created | Generated 36471954 items | Pending 39510262 items]
[ID:1458| Order FU12BDS2OC created | Generated 36502540 items | Pending 39479676 items]
[ID:1459| Order QK127VGM48 created | Generated 36545075 items | Pending 39437141 items]
[ID:1460| Order VER2LSMKT2 created | Generated 36563776 items | Pending 39418440 items]
[ID:1461| Order LNTFVVDYZY created | Generated 36613667 items | Pending 39368549 items]
[ID:1462| Order ITK9LQPTQ4 created | Generated 36621585 items | Pending 39360631 items]
[ID:1463| Order RNIAH5C1WC created | Generated 36663198 items | Pending 39319018 items]
[ID:1464| Order 07BHYA22WF created | Generated 36685552 items | Pending 39296664 items]
[ID:1465| Order C3X7W73XBV created | Generated 36723323 items | Pending 39258893 items]
[ID:1466| Order L5B70I6U95 created | Generated 36754496 items | Pending 39227720 items]
[ID:1467| Order RV1KBGY49A created | Generated 36798029 items | Pending 39184187 items]
[ID:1468| Order RZK3EIJTFO created | Generated 36844744 items | Pending 39137472 items]
[ID:1469| Order 20Z5BAOI73 created | Generated 36880050 items | Pending 39102166 items]
[ID:1470| Order YEP7GAXKVM created | Generated 36896487 items | Pending 39085729 items]
[ID:1471| Order 3YBKFD6SRX created | Generated 36912305 items | Pending 39069911 items]
[ID:1472| Order DHQAN801FS created | Generated 36928841 items | Pending 39053375 items]
[ID:1473| Order FUSH5YGOM8 created | Generated 36936727 items | Pending 39045489 items]
[ID:1474| Order 5MS8SE739K created | Generated 36949964 items | Pending 39032252 items]
[ID:1475| Order M9WR4GKN3U created | Generated 36958694 items | Pending 39023522 items]
[ID:1476| Order TKSUFS4WUS created | Generated 36966642 items | Pending 39015574 items]
[ID:1477| Order 5KFS9XJ8SX created | Generated 37008410 items | Pending 38973806 items]
[ID:1478| Order 62F9A2464F created | Generated 37055807 items | Pending 38926409 items]
[ID:1479| Order MMKKKTKVF0 created | Generated 37093568 items | Pending 38888648 items]
[ID:1480| Order V1H6J7T9N9 created | Generated 37135846 items | Pending 38846370 items]
[ID:1481| Order EPXEBMXV95 created | Generated 37145690 items | Pending 38836526 items]
[ID:1482| Order QFM21J816E created | Generated 37167281 items | Pending 38814935 items]
[ID:1483| Order QXNSLC5YIT created | Generated 37181198 items | Pending 38801018 items]
[ID:1484| Order IJOGCOEX2W created | Generated 37212398 items | Pending 38769818 items]
[ID:1485| Order HW837R5BW2 created | Generated 37226829 items | Pending 38755387 items]
[ID:1486| Order X0O4B00DWE created | Generated 37260712 items | Pending 38721504 items]
[ID:1487| Order OHHNMO29D9 created | Generated 37286136 items | Pending 38696080 items]
[ID:1488| Order 8GJ5EPSHCD created | Generated 37315114 items | Pending 38667102 items]
[ID:1489| Order L32PLS5YVB created | Generated 37323635 items | Pending 38658581 items]
[ID:1490| Order 9BCLSVS47E created | Generated 37346653 items | Pending 38635563 items]
[ID:1491| Order GJNBPPFVNM created | Generated 37371608 items | Pending 38610608 items]
[ID:1492| Order QZMZK29H23 created | Generated 37392968 items | Pending 38589248 items]
[ID:1493| Order Y9WMTYIN09 created | Generated 37444715 items | Pending 38537501 items]
[ID:1494| Order 0DW9RJ4QAC created | Generated 37495410 items | Pending 38486806 items]
[ID:1495| Order ZCG73L5878 created | Generated 37541099 items | Pending 38441117 items]
[ID:1496| Order ZZ70ORFZW0 created | Generated 37582665 items | Pending 38399551 items]
[ID:1497| Order 0FCJZ96H5Q created | Generated 37634378 items | Pending 38347838 items]
[ID:1498| Order 6M705PFFRP created | Generated 37676519 items | Pending 38305697 items]
[ID:1499| Order VP8QL2G0JU created | Generated 37711253 items | Pending 38270963 items]
[ID:1500| Order LRNF82XTIW created | Generated 37753645 items | Pending 38228571 items]
[ID:1501| Order GBK6KOBJBC created | Generated 37786237 items | Pending 38195979 items]
[ID:1502| Order M4T7OSPILD created | Generated 37803079 items | Pending 38179137 items]
[ID:1503| Order LLGL0FLJOP created | Generated 37805911 items | Pending 38176305 items]
[ID:1504| Order CVIAW8QBAN created | Generated 37847662 items | Pending 38134554 items]
[ID:1505| Order U0F93QKVRW created | Generated 37885545 items | Pending 38096671 items]
[ID:1506| Order W8KIDQOTIJ created | Generated 37935400 items | Pending 38046816 items]
[ID:1507| Order ZUJY1ROFKY created | Generated 37952180 items | Pending 38030036 items]
[ID:1508| Order Z4UG1PF8Y8 created | Generated 37955044 items | Pending 38027172 items]
[ID:1509| Order 75Y8KF5SNR created | Generated 37992554 items | Pending 37989662 items]
[ID:1510| Order JT9IUM952M created | Generated 38002241 items | Pending 37979975 items]
[ID:1511| Order 866T9ESG93 created | Generated 38011966 items | Pending 37970250 items]
[ID:1512| Order 33Q4SWYE90 created | Generated 38052867 items | Pending 37929349 items]
[ID:1513| Order 3NL8CHXFN3 created | Generated 38072227 items | Pending 37909989 items]
[ID:1514| Order 1FRVHIHNAJ created | Generated 38085723 items | Pending 37896493 items]
[ID:1515| Order OWMIGM3WBA created | Generated 38127303 items | Pending 37854913 items]
[ID:1516| Order EKX6G9QNXU created | Generated 38163647 items | Pending 37818569 items]
[ID:1517| Order YDHKUYYVP5 created | Generated 38172158 items | Pending 37810058 items]
[ID:1518| Order 82AKE7H6JV created | Generated 38203145 items | Pending 37779071 items]
[ID:1519| Order 3NIJCGFP2J created | Generated 38209610 items | Pending 37772606 items]
[ID:1520| Order ZFWZDZ753H created | Generated 38255418 items | Pending 37726798 items]
[ID:1521| Order OSCMF2W9CY created | Generated 38270065 items | Pending 37712151 items]
[ID:1522| Order 6B8J830MPT created | Generated 38302249 items | Pending 37679967 items]
[ID:1523| Order YPUFZP65CR created | Generated 38323326 items | Pending 37658890 items]
[ID:1524| Order RKAV5UZGSB created | Generated 38371888 items | Pending 37610328 items]
[ID:1525| Order XMYPM6VJPN created | Generated 38376030 items | Pending 37606186 items]
[ID:1526| Order G7353HSCXZ created | Generated 38406173 items | Pending 37576043 items]
[ID:1527| Order XOCQVQDCVK created | Generated 38417830 items | Pending 37564386 items]
[ID:1528| Order JGBQEJ25EN created | Generated 38431439 items | Pending 37550777 items]
[ID:1529| Order B0S7ZNE42W created | Generated 38475087 items | Pending 37507129 items]
[ID:1530| Order 5UV0BLS1FW created | Generated 38489707 items | Pending 37492509 items]
[ID:1531| Order B6ZLTO5UKW created | Generated 38494269 items | Pending 37487947 items]
[ID:1532| Order YMHTTABKM6 created | Generated 38501550 items | Pending 37480666 items]
[ID:1533| Order CMN4LMA4WG created | Generated 38543980 items | Pending 37438236 items]
[ID:1534| Order 0WBZQB15RA created | Generated 38558389 items | Pending 37423827 items]
[ID:1535| Order WCH7K2FQOH created | Generated 38587381 items | Pending 37394835 items]
[ID:1536| Order SDRJJ26DGM created | Generated 38590258 items | Pending 37391958 items]
[ID:1537| Order UEZV6TUHR5 created | Generated 38596218 items | Pending 37385998 items]
[ID:1538| Order 0OQG3H4FD8 created | Generated 38639925 items | Pending 37342291 items]
[ID:1539| Order OXF7X71KKA created | Generated 38680163 items | Pending 37302053 items]
[ID:1540| Order EMZXQ7YAMV created | Generated 38688809 items | Pending 37293407 items]
[ID:1541| Order FGBIO9UODL created | Generated 38720411 items | Pending 37261805 items]
[ID:1542| Order GC7V84B28T created | Generated 38722098 items | Pending 37260118 items]
[ID:1543| Order M4E2JRMYZQ created | Generated 38738296 items | Pending 37243920 items]
[ID:1544| Order 3J2BZ9L1CW created | Generated 38747892 items | Pending 37234324 items]
[ID:1545| Order ERI3RLGDIL created | Generated 38766870 items | Pending 37215346 items]
[ID:1546| Order 6PDU5W3VXS created | Generated 38804213 items | Pending 37178003 items]
[ID:1547| Order W6PQA92HKD created | Generated 38836141 items | Pending 37146075 items]
[ID:1548| Order NNGM2BVLCI created | Generated 38857012 items | Pending 37125204 items]
[ID:1549| Order 1UYCJ2U1JF created | Generated 38906615 items | Pending 37075601 items]
[ID:1550| Order ND07KV4IN2 created | Generated 38910510 items | Pending 37071706 items]
[ID:1551| Order U8MYEQDB50 created | Generated 38957290 items | Pending 37024926 items]
[ID:1552| Order TMI1ZZ93TO created | Generated 38980196 items | Pending 37002020 items]
[ID:1553| Order 5GC6RE5C9N created | Generated 39004526 items | Pending 36977690 items]
[ID:1554| Order 18MTW4V5O4 created | Generated 39040402 items | Pending 36941814 items]
[ID:1555| Order 0249DTQC6A created | Generated 39059346 items | Pending 36922870 items]
[ID:1556| Order BZG8EU17BD created | Generated 39086775 items | Pending 36895441 items]
[ID:1557| Order 9IM34B5Y8R created | Generated 39125967 items | Pending 36856249 items]
[ID:1558| Order 0W439V57EF created | Generated 39145822 items | Pending 36836394 items]
[ID:1559| Order YGLBCAHHIX created | Generated 39151958 items | Pending 36830258 items]
[ID:1560| Order QVCDNHQ5OM created | Generated 39166759 items | Pending 36815457 items]
[ID:1561| Order OLGEF60311 created | Generated 39169253 items | Pending 36812963 items]
[ID:1562| Order 2EG5OOED3W created | Generated 39219936 items | Pending 36762280 items]
[ID:1563| Order OIDQX8Z767 created | Generated 39243203 items | Pending 36739013 items]
[ID:1564| Order JRJ5IXJW2L created | Generated 39278455 items | Pending 36703761 items]
[ID:1565| Order 6PW1F6H8YM created | Generated 39320194 items | Pending 36662022 items]
[ID:1566| Order CR3UP8768G created | Generated 39341340 items | Pending 36640876 items]
[ID:1567| Order J56I1UOA4S created | Generated 39347926 items | Pending 36634290 items]
[ID:1568| Order VFZ1FJHS9K created | Generated 39350670 items | Pending 36631546 items]
[ID:1569| Order FMILE6WG3E created | Generated 39391338 items | Pending 36590878 items]
[ID:1570| Order ZH8HL4FMQM created | Generated 39415302 items | Pending 36566914 items]
[ID:1571| Order PKJYGTGMGO created | Generated 39448038 items | Pending 36534178 items]
[ID:1572| Order MLWETFL9NO created | Generated 39490722 items | Pending 36491494 items]
[ID:1573| Order 0O05A84LF8 created | Generated 39499420 items | Pending 36482796 items]
[ID:1574| Order 4BUI607T7Z created | Generated 39525127 items | Pending 36457089 items]
[ID:1575| Order 93419MNH9T created | Generated 39555263 items | Pending 36426953 items]
[ID:1576| Order WHIHTJ0715 created | Generated 39562370 items | Pending 36419846 items]
[ID:1577| Order 858QZOPW20 created | Generated 39565040 items | Pending 36417176 items]
[ID:1578| Order PASJE5JBS2 created | Generated 39584184 items | Pending 36398032 items]
[ID:1579| Order LFY9T1L5N6 created | Generated 39599567 items | Pending 36382649 items]
[ID:1580| Order QT62L1Y39T created | Generated 39614696 items | Pending 36367520 items]
[ID:1581| Order AJ2VNHVDJT created | Generated 39615726 items | Pending 36366490 items]
[ID:1582| Order WXK93MKXEY created | Generated 39630728 items | Pending 36351488 items]
[ID:1583| Order Q0OPU8OWM3 created | Generated 39651939 items | Pending 36330277 items]
[ID:1584| Order RZL5THZWGG created | Generated 39703371 items | Pending 36278845 items]
[ID:1585| Order C2D69DUZ18 created | Generated 39721480 items | Pending 36260736 items]
[ID:1586| Order NZ6B2RBTUN created | Generated 39766905 items | Pending 36215311 items]
[ID:1587| Order 53Z95BL8XC created | Generated 39769165 items | Pending 36213051 items]
[ID:1588| Order IJ70BSNR20 created | Generated 39781529 items | Pending 36200687 items]
[ID:1589| Order 5TFJZ4RU8Q created | Generated 39821217 items | Pending 36160999 items]
[ID:1590| Order QMCCDWKLCA created | Generated 39823377 items | Pending 36158839 items]
[ID:1591| Order USX5ME42O1 created | Generated 39867753 items | Pending 36114463 items]
[ID:1592| Order 46OBDG79H0 created | Generated 39884506 items | Pending 36097710 items]
[ID:1593| Order WC4TCLQ8IR created | Generated 39896553 items | Pending 36085663 items]
[ID:1594| Order ZMKH88EAO6 created | Generated 39923918 items | Pending 36058298 items]
[ID:1595| Order WLQPOICK80 created | Generated 39924636 items | Pending 36057580 items]
[ID:1596| Order BDWKXT0DPS created | Generated 39925246 items | Pending 36056970 items]
[ID:1597| Order Q0YBZV1IHS created | Generated 39954378 items | Pending 36027838 items]
[ID:1598| Order 74WTWOG21C created | Generated 39970207 items | Pending 36012009 items]
[ID:1599| Order G68QG9V4N2 created | Generated 40004166 items | Pending 35978050 items]
[ID:1600| Order D1KK9D2ZJ6 created | Generated 40048713 items | Pending 35933503 items]
[ID:1601| Order 0WY2EFWXXX created | Generated 40056615 items | Pending 35925601 items]
[ID:1602| Order UGMWDI06SC created | Generated 40080554 items | Pending 35901662 items]
[ID:1603| Order IJF3Z97MPE created | Generated 40128800 items | Pending 35853416 items]
[ID:1604| Order 484QGH39O1 created | Generated 40149827 items | Pending 35832389 items]
[ID:1605| Order 11VS0XJRWZ created | Generated 40177055 items | Pending 35805161 items]
[ID:1606| Order FFCE57H1SN created | Generated 40186712 items | Pending 35795504 items]
[ID:1607| Order 0M21I0XV0R created | Generated 40216979 items | Pending 35765237 items]
[ID:1608| Order UE4QDSQA1E created | Generated 40230112 items | Pending 35752104 items]
[ID:1609| Order X9788OIWJ4 created | Generated 40235687 items | Pending 35746529 items]
[ID:1610| Order 56LV72WWIW created | Generated 40287030 items | Pending 35695186 items]
[ID:1611| Order OKXYFUSVSI created | Generated 40332653 items | Pending 35649563 items]
[ID:1612| Order OBCTFR69W7 created | Generated 40360845 items | Pending 35621371 items]
[ID:1613| Order MKIF99JMVZ created | Generated 40366999 items | Pending 35615217 items]
[ID:1614| Order 9MN8W13XD9 created | Generated 40377963 items | Pending 35604253 items]
[ID:1615| Order 826TSFH868 created | Generated 40422852 items | Pending 35559364 items]
[ID:1616| Order AGE60SVYD4 created | Generated 40435481 items | Pending 35546735 items]
[ID:1617| Order 3MMWW2I5NO created | Generated 40482591 items | Pending 35499625 items]
[ID:1618| Order XSXK5II2US created | Generated 40531141 items | Pending 35451075 items]
[ID:1619| Order Y49S101F1P created | Generated 40544458 items | Pending 35437758 items]
[ID:1620| Order NGSOQ3L4QT created | Generated 40566364 items | Pending 35415852 items]
[ID:1621| Order KT5WK06DR7 created | Generated 40609818 items | Pending 35372398 items]
[ID:1622| Order COJ7ALOK18 created | Generated 40625936 items | Pending 35356280 items]
[ID:1623| Order YFAHG4USG3 created | Generated 40645201 items | Pending 35337015 items]
[ID:1624| Order IX98T40OMN created | Generated 40671174 items | Pending 35311042 items]
[ID:1625| Order 72RR07YYZX created | Generated 40722422 items | Pending 35259794 items]
[ID:1626| Order AJXRPD9BCL created | Generated 40737764 items | Pending 35244452 items]
[ID:1627| Order PME1ENKMDS created | Generated 40740891 items | Pending 35241325 items]
[ID:1628| Order 8I3OV3M0VB created | Generated 40787103 items | Pending 35195113 items]
[ID:1629| Order J4PDZNPUQT created | Generated 40801151 items | Pending 35181065 items]
[ID:1630| Order 45L5PUJC9O created | Generated 40822356 items | Pending 35159860 items]
[ID:1631| Order 4NO461Y549 created | Generated 40838677 items | Pending 35143539 items]
[ID:1632| Order HVBCD7SWQ1 created | Generated 40885550 items | Pending 35096666 items]
[ID:1633| Order SAUWY42XV2 created | Generated 40892116 items | Pending 35090100 items]
[ID:1634| Order NTHHTQ0PSV created | Generated 40908553 items | Pending 35073663 items]
[ID:1635| Order MW7MS9T4GH created | Generated 40923542 items | Pending 35058674 items]
[ID:1636| Order 9UHXIVCO4B created | Generated 40945312 items | Pending 35036904 items]
[ID:1637| Order 3EH23AYH1X created | Generated 40987068 items | Pending 34995148 items]
[ID:1638| Order EVCB4WVOSX created | Generated 41001200 items | Pending 34981016 items]
[ID:1639| Order EO5TFKF0KC created | Generated 41041341 items | Pending 34940875 items]
[ID:1640| Order 4BD4X3ZWA9 created | Generated 41086110 items | Pending 34896106 items]
[ID:1641| Order WDGNS0GGOC created | Generated 41119894 items | Pending 34862322 items]
[ID:1642| Order QPG9CSLCKQ created | Generated 41165949 items | Pending 34816267 items]
[ID:1643| Order 5B1VP54P1K created | Generated 41209634 items | Pending 34772582 items]
[ID:1644| Order DV4AZWJIX8 created | Generated 41248855 items | Pending 34733361 items]
[ID:1645| Order ML1EV9TPKI created | Generated 41272856 items | Pending 34709360 items]
[ID:1646| Order ISYG20I77F created | Generated 41310873 items | Pending 34671343 items]
[ID:1647| Order 7ATXAPAG3N created | Generated 41338841 items | Pending 34643375 items]
[ID:1648| Order KOY6R1TA8L created | Generated 41339477 items | Pending 34642739 items]
[ID:1649| Order IYAG263350 created | Generated 41350896 items | Pending 34631320 items]
[ID:1650| Order ZKX2CR4ADH created | Generated 41382129 items | Pending 34600087 items]
[ID:1651| Order C4KUKGUZUF created | Generated 41387630 items | Pending 34594586 items]
[ID:1652| Order Z9TP4UEA1S created | Generated 41422022 items | Pending 34560194 items]
[ID:1653| Order MSI7Z2P8KE created | Generated 41450222 items | Pending 34531994 items]
[ID:1654| Order RJDP7XIP8N created | Generated 41471797 items | Pending 34510419 items]
[ID:1655| Order U1XCC50DH2 created | Generated 41502130 items | Pending 34480086 items]
[ID:1656| Order 6HEXVSJUYY created | Generated 41540830 items | Pending 34441386 items]
[ID:1657| Order 3K86GMR0H0 created | Generated 41583037 items | Pending 34399179 items]
[ID:1658| Order AG7WBTMI2O created | Generated 41632071 items | Pending 34350145 items]
[ID:1659| Order 42RLX13KAQ created | Generated 41650911 items | Pending 34331305 items]
[ID:1660| Order 8U4ZV6285U created | Generated 41691914 items | Pending 34290302 items]
[ID:1661| Order QABNXSLN10 created | Generated 41717116 items | Pending 34265100 items]
[ID:1662| Order NTVRYPHL4U created | Generated 41745960 items | Pending 34236256 items]
[ID:1663| Order QFNFU71MFV created | Generated 41762494 items | Pending 34219722 items]
[ID:1664| Order UFKJIGN3I6 created | Generated 41791988 items | Pending 34190228 items]
[ID:1665| Order C5IQYA7IBH created | Generated 41804028 items | Pending 34178188 items]
[ID:1666| Order X3OTGUR0KO created | Generated 41824921 items | Pending 34157295 items]
[ID:1667| Order B297ETJDWG created | Generated 41829295 items | Pending 34152921 items]
[ID:1668| Order 9RD1U78IHI created | Generated 41857802 items | Pending 34124414 items]
[ID:1669| Order MEJ3XSOF78 created | Generated 41895675 items | Pending 34086541 items]
[ID:1670| Order CO537YU31T created | Generated 41903980 items | Pending 34078236 items]
[ID:1671| Order 52KSTOXEKF created | Generated 41943381 items | Pending 34038835 items]
[ID:1672| Order S9Z5ODMSIG created | Generated 41954566 items | Pending 34027650 items]
[ID:1673| Order FVNG10BKJ6 created | Generated 41992640 items | Pending 33989576 items]
[ID:1674| Order 1HGLZDVK5H created | Generated 42008420 items | Pending 33973796 items]
[ID:1675| Order E7C15NJFZY created | Generated 42016349 items | Pending 33965867 items]
[ID:1676| Order PAQIWBDNUO created | Generated 42061845 items | Pending 33920371 items]
[ID:1677| Order LDF8VI0SAF created | Generated 42083085 items | Pending 33899131 items]
[ID:1678| Order 5AGR579D15 created | Generated 42132464 items | Pending 33849752 items]
[ID:1679| Order UA0WWC64HU created | Generated 42146995 items | Pending 33835221 items]
[ID:1680| Order E8QKI1VW6V created | Generated 42191834 items | Pending 33790382 items]
[ID:1681| Order YRMY4A3LON created | Generated 42237326 items | Pending 33744890 items]
[ID:1682| Order H207XBW44M created | Generated 42240075 items | Pending 33742141 items]
[ID:1683| Order 309IR3ZOS6 created | Generated 42276832 items | Pending 33705384 items]
[ID:1684| Order P3JVKSK5M6 created | Generated 42277967 items | Pending 33704249 items]
[ID:1685| Order 2INN3YGC5Z created | Generated 42291421 items | Pending 33690795 items]
[ID:1686| Order O2SYKAL6RT created | Generated 42293295 items | Pending 33688921 items]
[ID:1687| Order D8LW60NXR8 created | Generated 42294793 items | Pending 33687423 items]
[ID:1688| Order R6BZ4KZFBQ created | Generated 42304286 items | Pending 33677930 items]
[ID:1689| Order UTSW5GQKPX created | Generated 42352157 items | Pending 33630059 items]
[ID:1690| Order ZQXTKO8QQK created | Generated 42386472 items | Pending 33595744 items]
[ID:1691| Order SUGBHBTKTV created | Generated 42410744 items | Pending 33571472 items]
[ID:1692| Order 1KSZVWXOXO created | Generated 42435281 items | Pending 33546935 items]
[ID:1693| Order RMP2UQL3ZB created | Generated 42459768 items | Pending 33522448 items]
[ID:1694| Order ATH4GMYX6F created | Generated 42481260 items | Pending 33500956 items]
[ID:1695| Order 1WTZUWMYBF created | Generated 42530203 items | Pending 33452013 items]
[ID:1696| Order 3QBU4P6L79 created | Generated 42557261 items | Pending 33424955 items]
[ID:1697| Order VA6XVKNSFD created | Generated 42607193 items | Pending 33375023 items]
[ID:1698| Order 2G53H9WCU8 created | Generated 42631937 items | Pending 33350279 items]
[ID:1699| Order U2NV1FNX8I created | Generated 42661694 items | Pending 33320522 items]
[ID:1700| Order 83X0A9CKL7 created | Generated 42692132 items | Pending 33290084 items]
[ID:1701| Order 485JZ118RW created | Generated 42707274 items | Pending 33274942 items]
[ID:1702| Order DR1Z9MSSNO created | Generated 42745557 items | Pending 33236659 items]
[ID:1703| Order OKDOMYY2FQ created | Generated 42775367 items | Pending 33206849 items]
[ID:1704| Order LWD94IR4WP created | Generated 42813479 items | Pending 33168737 items]
[ID:1705| Order L818SBRMHA created | Generated 42825863 items | Pending 33156353 items]
[ID:1706| Order XTUR51IBHC created | Generated 42827379 items | Pending 33154837 items]
[ID:1707| Order OX2A1BZ8E5 created | Generated 42875090 items | Pending 33107126 items]
[ID:1708| Order 9Z71R0MTWG created | Generated 42875716 items | Pending 33106500 items]
[ID:1709| Order RVJ6A7KANY created | Generated 42918021 items | Pending 33064195 items]
[ID:1710| Order QA027WOPQD created | Generated 42954842 items | Pending 33027374 items]
[ID:1711| Order ZSJNS8VRBE created | Generated 42958278 items | Pending 33023938 items]
[ID:1712| Order E9HOMK8Q4V created | Generated 42968239 items | Pending 33013977 items]
[ID:1713| Order 7WMA76XTC8 created | Generated 43007396 items | Pending 32974820 items]
[ID:1714| Order 2G2NFF0GS1 created | Generated 43041811 items | Pending 32940405 items]
[ID:1715| Order DZUXH9T3C6 created | Generated 43079149 items | Pending 32903067 items]
[ID:1716| Order KBI737ELQY created | Generated 43120831 items | Pending 32861385 items]
[ID:1717| Order WN18YFVL72 created | Generated 43122475 items | Pending 32859741 items]
[ID:1718| Order XFJZAIOTZR created | Generated 43163936 items | Pending 32818280 items]
[ID:1719| Order 2SNVR67404 created | Generated 43164616 items | Pending 32817600 items]
[ID:1720| Order LN8Q1C3B4J created | Generated 43207544 items | Pending 32774672 items]
[ID:1721| Order ETU51RZ5KW created | Generated 43219538 items | Pending 32762678 items]
[ID:1722| Order ZK9ISJBV8W created | Generated 43262271 items | Pending 32719945 items]
[ID:1723| Order GRR3DPR89F created | Generated 43267937 items | Pending 32714279 items]
[ID:1724| Order 9092XW6S00 created | Generated 43280655 items | Pending 32701561 items]
[ID:1725| Order 8GEGFQBNYQ created | Generated 43331634 items | Pending 32650582 items]
[ID:1726| Order OYM23XTDQ2 created | Generated 43376218 items | Pending 32605998 items]
[ID:1727| Order C7B7BWOY1X created | Generated 43379442 items | Pending 32602774 items]
[ID:1728| Order CE17GCIWXU created | Generated 43393716 items | Pending 32588500 items]
[ID:1729| Order 2C8P767L0W created | Generated 43425416 items | Pending 32556800 items]
[ID:1730| Order 7A5F0ZD1W2 created | Generated 43464547 items | Pending 32517669 items]
[ID:1731| Order SDM5CRMUZ2 created | Generated 43472840 items | Pending 32509376 items]
[ID:1732| Order 5K68W7ODWI created | Generated 43490053 items | Pending 32492163 items]
[ID:1733| Order F0CGWGLWHH created | Generated 43528242 items | Pending 32453974 items]
[ID:1734| Order DVD6A0RB50 created | Generated 43561606 items | Pending 32420610 items]
[ID:1735| Order NKBC18ZCJT created | Generated 43611528 items | Pending 32370688 items]
[ID:1736| Order UOJT1C96LF created | Generated 43630787 items | Pending 32351429 items]
[ID:1737| Order 2QJVSFZFA9 created | Generated 43672956 items | Pending 32309260 items]
[ID:1738| Order 2IPD85MYIF created | Generated 43719832 items | Pending 32262384 items]
[ID:1739| Order CXZH9O55U9 created | Generated 43757267 items | Pending 32224949 items]
[ID:1740| Order 1WNL2DA922 created | Generated 43793398 items | Pending 32188818 items]
[ID:1741| Order 4QSGXOFBZH created | Generated 43818556 items | Pending 32163660 items]
[ID:1742| Order SNSS6EP47W created | Generated 43819259 items | Pending 32162957 items]
[ID:1743| Order 9AISHW6M05 created | Generated 43867840 items | Pending 32114376 items]
[ID:1744| Order TT32B1KJZ0 created | Generated 43895467 items | Pending 32086749 items]
[ID:1745| Order UASI2EUEDA created | Generated 43916481 items | Pending 32065735 items]
[ID:1746| Order T7MA5JQAXV created | Generated 43953665 items | Pending 32028551 items]
[ID:1747| Order 2I3ZKJB8ZG created | Generated 43973664 items | Pending 32008552 items]
[ID:1748| Order IDLLFO4VE2 created | Generated 43982160 items | Pending 32000056 items]
[ID:1749| Order IAG82X54ZO created | Generated 43996167 items | Pending 31986049 items]
[ID:1750| Order 62I5IR39S2 created | Generated 44044331 items | Pending 31937885 items]
[ID:1751| Order XZK8Q6LAYB created | Generated 44081824 items | Pending 31900392 items]
[ID:1752| Order 7PW3ZQJJZ4 created | Generated 44103941 items | Pending 31878275 items]
[ID:1753| Order X8KXK2BQF3 created | Generated 44138997 items | Pending 31843219 items]
[ID:1754| Order NKFN5WN0Y7 created | Generated 44149184 items | Pending 31833032 items]
[ID:1755| Order OOSCK3OVSF created | Generated 44164732 items | Pending 31817484 items]
[ID:1756| Order V2GV9LZE5V created | Generated 44183106 items | Pending 31799110 items]
[ID:1757| Order T1WN5IG9TF created | Generated 44234374 items | Pending 31747842 items]
[ID:1758| Order PZZ0QUWRR2 created | Generated 44250661 items | Pending 31731555 items]
[ID:1759| Order CF96WSG0N1 created | Generated 44290877 items | Pending 31691339 items]
[ID:1760| Order HYHAL2QVFR created | Generated 44297385 items | Pending 31684831 items]
[ID:1761| Order VE8P6QJ6B8 created | Generated 44332487 items | Pending 31649729 items]
[ID:1762| Order HNZIXE21L8 created | Generated 44360153 items | Pending 31622063 items]
[ID:1763| Order 0OCBEPI02U created | Generated 44407076 items | Pending 31575140 items]
[ID:1764| Order DNJK9O598N created | Generated 44438392 items | Pending 31543824 items]
[ID:1765| Order VDE3FV29FY created | Generated 44486453 items | Pending 31495763 items]
[ID:1766| Order 78PQD33LQ0 created | Generated 44503512 items | Pending 31478704 items]
[ID:1767| Order I9038TGPGO created | Generated 44542607 items | Pending 31439609 items]
[ID:1768| Order X9LSA7CZPF created | Generated 44581661 items | Pending 31400555 items]
[ID:1769| Order WMTEDCI7JS created | Generated 44609611 items | Pending 31372605 items]
[ID:1770| Order BK13207I8M created | Generated 44632967 items | Pending 31349249 items]
[ID:1771| Order QP7JZT4T9F created | Generated 44647018 items | Pending 31335198 items]
[ID:1772| Order 9BSAU4N373 created | Generated 44653910 items | Pending 31328306 items]
[ID:1773| Order 5HMSIXA4B6 created | Generated 44702171 items | Pending 31280045 items]
[ID:1774| Order R959AGXVVV created | Generated 44703181 items | Pending 31279035 items]
[ID:1775| Order R0GMB40K49 created | Generated 44724498 items | Pending 31257718 items]
[ID:1776| Order XU1VO2K71A created | Generated 44754081 items | Pending 31228135 items]
[ID:1777| Order DKSOJ19WSO created | Generated 44782696 items | Pending 31199520 items]
[ID:1778| Order 3NP1N4T968 created | Generated 44827725 items | Pending 31154491 items]
[ID:1779| Order J3AXLXKEFN created | Generated 44868494 items | Pending 31113722 items]
[ID:1780| Order DX2ND3A915 created | Generated 44874063 items | Pending 31108153 items]
[ID:1781| Order QCZPFPJ9EQ created | Generated 44916080 items | Pending 31066136 items]
[ID:1782| Order OXE4BQ17CS created | Generated 44962557 items | Pending 31019659 items]
[ID:1783| Order YLOS8LZWWN created | Generated 44981934 items | Pending 31000282 items]
[ID:1784| Order NTS5XL87JJ created | Generated 45006736 items | Pending 30975480 items]
[ID:1785| Order U2F2T5LME5 created | Generated 45020708 items | Pending 30961508 items]
[ID:1786| Order 3G4DNC31YH created | Generated 45056189 items | Pending 30926027 items]
[ID:1787| Order 0PQ7KQZRJ8 created | Generated 45092376 items | Pending 30889840 items]
[ID:1788| Order V3OCZ8OR1S created | Generated 45139012 items | Pending 30843204 items]
[ID:1789| Order GJ05AWPCWW created | Generated 45163893 items | Pending 30818323 items]
[ID:1790| Order 4F8K5PJXRT created | Generated 45191782 items | Pending 30790434 items]
[ID:1791| Order WCC7KA4K6U created | Generated 45240846 items | Pending 30741370 items]
[ID:1792| Order WS4E8VCF9F created | Generated 45242725 items | Pending 30739491 items]
[ID:1793| Order KHNZGD2F0I created | Generated 45250735 items | Pending 30731481 items]
[ID:1794| Order I6KB1NM7JD created | Generated 45297368 items | Pending 30684848 items]
[ID:1795| Order H217NF6WJK created | Generated 45340186 items | Pending 30642030 items]
[ID:1796| Order 5EP6KRGO01 created | Generated 45383338 items | Pending 30598878 items]
[ID:1797| Order QHW3LDL9IW created | Generated 45422153 items | Pending 30560063 items]
[ID:1798| Order MLU0GAJLRZ created | Generated 45467296 items | Pending 30514920 items]
[ID:1799| Order R4WNHESE66 created | Generated 45477124 items | Pending 30505092 items]
[ID:1800| Order 4TEWVSW8T4 created | Generated 45478993 items | Pending 30503223 items]
[ID:1801| Order K4YCGW5CNN created | Generated 45521801 items | Pending 30460415 items]
[ID:1802| Order E746OFWVLE created | Generated 45544174 items | Pending 30438042 items]
[ID:1803| Order VO624O5K1L created | Generated 45569042 items | Pending 30413174 items]
[ID:1804| Order WNQNSJWZRN created | Generated 45582442 items | Pending 30399774 items]
[ID:1805| Order RNOH48MJ7G created | Generated 45612268 items | Pending 30369948 items]
[ID:1806| Order Y8KCZMW5LC created | Generated 45652410 items | Pending 30329806 items]
[ID:1807| Order QJ9ZY1Z3AX created | Generated 45661926 items | Pending 30320290 items]
[ID:1808| Order 5X8MYQUM0X created | Generated 45686587 items | Pending 30295629 items]
[ID:1809| Order 07SQQZ4H2K created | Generated 45712856 items | Pending 30269360 items]
[ID:1810| Order KWOSQM7ONF created | Generated 45760680 items | Pending 30221536 items]
[ID:1811| Order Z6KEHM7ZGX created | Generated 45775908 items | Pending 30206308 items]
[ID:1812| Order 82RK3NX3E7 created | Generated 45777673 items | Pending 30204543 items]
[ID:1813| Order 5SEC4BIYND created | Generated 45825456 items | Pending 30156760 items]
[ID:1814| Order 5QOVFFH594 created | Generated 45828579 items | Pending 30153637 items]
[ID:1815| Order U7NK6SJHF6 created | Generated 45834960 items | Pending 30147256 items]
[ID:1816| Order DKINSSTPCU created | Generated 45846029 items | Pending 30136187 items]
[ID:1817| Order CSSYL6Z173 created | Generated 45893542 items | Pending 30088674 items]
[ID:1818| Order W3NKKVHGX2 created | Generated 45916143 items | Pending 30066073 items]
[ID:1819| Order FNXNWKKHOQ created | Generated 45938893 items | Pending 30043323 items]
[ID:1820| Order O969XR3UTZ created | Generated 45971563 items | Pending 30010653 items]
[ID:1821| Order XC2U9OEDDC created | Generated 45977995 items | Pending 30004221 items]
[ID:1822| Order 2DUPIXKD21 created | Generated 46009815 items | Pending 29972401 items]
[ID:1823| Order UJU9NOFJ7F created | Generated 46017876 items | Pending 29964340 items]
[ID:1824| Order NRU325HC2O created | Generated 46037375 items | Pending 29944841 items]
[ID:1825| Order 7Q5WVAC1WY created | Generated 46078607 items | Pending 29903609 items]
[ID:1826| Order 6IVKMHLEXC created | Generated 46100011 items | Pending 29882205 items]
[ID:1827| Order BA6PP2JYGM created | Generated 46117865 items | Pending 29864351 items]
[ID:1828| Order PECQRMNTFN created | Generated 46148455 items | Pending 29833761 items]
[ID:1829| Order KOAQS3KP96 created | Generated 46173920 items | Pending 29808296 items]
[ID:1830| Order 1S118XZTKK created | Generated 46181392 items | Pending 29800824 items]
[ID:1831| Order 494JFEI43X created | Generated 46185335 items | Pending 29796881 items]
[ID:1832| Order R1AR1XVMGJ created | Generated 46199959 items | Pending 29782257 items]
[ID:1833| Order MD3FK9K7VL created | Generated 46233029 items | Pending 29749187 items]
[ID:1834| Order H0WYNG6FYI created | Generated 46246741 items | Pending 29735475 items]
[ID:1835| Order 6XLBW9HTVJ created | Generated 46281761 items | Pending 29700455 items]
[ID:1836| Order 7PYG60V22G created | Generated 46293899 items | Pending 29688317 items]
[ID:1837| Order NNHFEM6X9D created | Generated 46306983 items | Pending 29675233 items]
[ID:1838| Order CVHU3M327Y created | Generated 46318882 items | Pending 29663334 items]
[ID:1839| Order GVFZIKTGX7 created | Generated 46349843 items | Pending 29632373 items]
[ID:1840| Order LN97G4XZZQ created | Generated 46374685 items | Pending 29607531 items]
[ID:1841| Order R3GANFKFH4 created | Generated 46424844 items | Pending 29557372 items]
[ID:1842| Order NHTWO8IXVI created | Generated 46435441 items | Pending 29546775 items]
[ID:1843| Order FOBXGXA5E8 created | Generated 46466287 items | Pending 29515929 items]
[ID:1844| Order 2UQGVOE7L5 created | Generated 46501746 items | Pending 29480470 items]
[ID:1845| Order GM7ERI14J1 created | Generated 46542787 items | Pending 29439429 items]
[ID:1846| Order RGPXDXKTU5 created | Generated 46546693 items | Pending 29435523 items]
[ID:1847| Order D1VIKSDROR created | Generated 46549779 items | Pending 29432437 items]
[ID:1848| Order ZIIOB0IAMC created | Generated 46567506 items | Pending 29414710 items]
[ID:1849| Order 9GW6CPCJ34 created | Generated 46592376 items | Pending 29389840 items]
[ID:1850| Order BI11CKOLQY created | Generated 46624585 items | Pending 29357631 items]
[ID:1851| Order VZAPN7MVMG created | Generated 46631953 items | Pending 29350263 items]
[ID:1852| Order 0HMUBET7IT created | Generated 46661341 items | Pending 29320875 items]
[ID:1853| Order AMP9D3XQYO created | Generated 46707779 items | Pending 29274437 items]
[ID:1854| Order B4BGZN4U2P created | Generated 46723340 items | Pending 29258876 items]
[ID:1855| Order 5R1XY59N0O created | Generated 46767215 items | Pending 29215001 items]
[ID:1856| Order FGAGPPG612 created | Generated 46801627 items | Pending 29180589 items]
[ID:1857| Order KN0V235O4O created | Generated 46844882 items | Pending 29137334 items]
[ID:1858| Order GS2N4IS8BE created | Generated 46855334 items | Pending 29126882 items]
[ID:1859| Order 5R9GXSFOSX created | Generated 46901237 items | Pending 29080979 items]
[ID:1860| Order BRKBR7G9T9 created | Generated 46901497 items | Pending 29080719 items]
[ID:1861| Order 7SOTT9I9IF created | Generated 46946029 items | Pending 29036187 items]
[ID:1862| Order IIZSFI2BAR created | Generated 46949904 items | Pending 29032312 items]
[ID:1863| Order 3SPC01EQG0 created | Generated 47001071 items | Pending 28981145 items]
[ID:1864| Order 0MPJZZCVUJ created | Generated 47034041 items | Pending 28948175 items]
[ID:1865| Order HHLR13IZM8 created | Generated 47075834 items | Pending 28906382 items]
[ID:1866| Order 3KLN117F9S created | Generated 47101502 items | Pending 28880714 items]
[ID:1867| Order XRDYRJMLDM created | Generated 47119017 items | Pending 28863199 items]
[ID:1868| Order TFJ97QTLJT created | Generated 47158583 items | Pending 28823633 items]
[ID:1869| Order 5N5COMLARO created | Generated 47186247 items | Pending 28795969 items]
[ID:1870| Order I5K5IF1ELU created | Generated 47232762 items | Pending 28749454 items]
[ID:1871| Order KX92DTE5CM created | Generated 47237460 items | Pending 28744756 items]
[ID:1872| Order J8L33K27OH created | Generated 47280733 items | Pending 28701483 items]
[ID:1873| Order O0FTFA11N3 created | Generated 47303047 items | Pending 28679169 items]
[ID:1874| Order TOIUL8PMR0 created | Generated 47340869 items | Pending 28641347 items]
[ID:1875| Order B7P7RAVSI2 created | Generated 47389481 items | Pending 28592735 items]
[ID:1876| Order 32KT7Q8V0N created | Generated 47399275 items | Pending 28582941 items]
[ID:1877| Order S13LDXYWK3 created | Generated 47426815 items | Pending 28555401 items]
[ID:1878| Order INLJ62HHDU created | Generated 47433235 items | Pending 28548981 items]
[ID:1879| Order D48OZWTZ9S created | Generated 47468350 items | Pending 28513866 items]
[ID:1880| Order IHRNNPGRDS created | Generated 47492476 items | Pending 28489740 items]
[ID:1881| Order IE4EXYKOEP created | Generated 47509269 items | Pending 28472947 items]
[ID:1882| Order B0MLV0HMKM created | Generated 47525489 items | Pending 28456727 items]
[ID:1883| Order F7Q149V6LK created | Generated 47532526 items | Pending 28449690 items]
[ID:1884| Order RAX5FLICQP created | Generated 47560418 items | Pending 28421798 items]
[ID:1885| Order 6G83O5DYZO created | Generated 47613041 items | Pending 28369175 items]
[ID:1886| Order XHPRFNCFJV created | Generated 47633106 items | Pending 28349110 items]
[ID:1887| Order 96QFAL939E created | Generated 47670205 items | Pending 28312011 items]
[ID:1888| Order 58IQE5OS8N created | Generated 47680649 items | Pending 28301567 items]
[ID:1889| Order WWCA0IDNJ3 created | Generated 47698917 items | Pending 28283299 items]
[ID:1890| Order 41RQCTA27N created | Generated 47743735 items | Pending 28238481 items]
[ID:1891| Order UD4V1NTBIZ created | Generated 47768486 items | Pending 28213730 items]
[ID:1892| Order KMKQX085OQ created | Generated 47775913 items | Pending 28206303 items]
[ID:1893| Order QGUX99WG1R created | Generated 47778695 items | Pending 28203521 items]
[ID:1894| Order 9XN1TIQ6OQ created | Generated 47786334 items | Pending 28195882 items]
[ID:1895| Order MKT5WH6G2L created | Generated 47815353 items | Pending 28166863 items]
[ID:1896| Order OANJJYM6UN created | Generated 47854187 items | Pending 28128029 items]
[ID:1897| Order A6E3X9SNJQ created | Generated 47854736 items | Pending 28127480 items]
[ID:1898| Order ABU69NG44M created | Generated 47896008 items | Pending 28086208 items]
[ID:1899| Order IFY9TSQDHZ created | Generated 47935048 items | Pending 28047168 items]
[ID:1900| Order U0OB8PEP3D created | Generated 47957431 items | Pending 28024785 items]
[ID:1901| Order NLCIEAVX2N created | Generated 47976325 items | Pending 28005891 items]
[ID:1902| Order CQU1EAIEOT created | Generated 47988105 items | Pending 27994111 items]
[ID:1903| Order 3SA39HKNIN created | Generated 48021156 items | Pending 27961060 items]
[ID:1904| Order TQ8167VUX8 created | Generated 48047263 items | Pending 27934953 items]
[ID:1905| Order U7ZL8QQLY5 created | Generated 48069584 items | Pending 27912632 items]
[ID:1906| Order 6L1AWGSS22 created | Generated 48097509 items | Pending 27884707 items]
[ID:1907| Order L4YFUP0XHE created | Generated 48097569 items | Pending 27884647 items]
[ID:1908| Order 5QL1E9IXTR created | Generated 48149079 items | Pending 27833137 items]
[ID:1909| Order 2AC1JXGAUQ created | Generated 48196675 items | Pending 27785541 items]
[ID:1910| Order Q94NBL27BW created | Generated 48234847 items | Pending 27747369 items]
[ID:1911| Order SHKG3LFB8F created | Generated 48283813 items | Pending 27698403 items]
[ID:1912| Order ZUMMOHGUWC created | Generated 48290331 items | Pending 27691885 items]
[ID:1913| Order ZZDJWMBTVJ created | Generated 48324744 items | Pending 27657472 items]
[ID:1914| Order TRPP50M844 created | Generated 48326991 items | Pending 27655225 items]
[ID:1915| Order 5O63L6QDEO created | Generated 48335527 items | Pending 27646689 items]
[ID:1916| Order 1C6SW20YDI created | Generated 48374292 items | Pending 27607924 items]
[ID:1917| Order YWI4U1C3WV created | Generated 48386925 items | Pending 27595291 items]
[ID:1918| Order PHK2FZYBZH created | Generated 48433946 items | Pending 27548270 items]
[ID:1919| Order C3M2K0WBV6 created | Generated 48468118 items | Pending 27514098 items]
[ID:1920| Order VN2BN1NE35 created | Generated 48485102 items | Pending 27497114 items]
[ID:1921| Order C6EL954XLS created | Generated 48514802 items | Pending 27467414 items]
[ID:1922| Order D0RUTDZS2V created | Generated 48565297 items | Pending 27416919 items]
[ID:1923| Order 086APR5L34 created | Generated 48602471 items | Pending 27379745 items]
[ID:1924| Order W59D02PJKR created | Generated 48633740 items | Pending 27348476 items]
[ID:1925| Order CVM89R0XKQ created | Generated 48685381 items | Pending 27296835 items]
[ID:1926| Order LXKRRYX81R created | Generated 48727436 items | Pending 27254780 items]
[ID:1927| Order 9DIBA9KH2E created | Generated 48758051 items | Pending 27224165 items]
[ID:1928| Order DM6JCZESEF created | Generated 48787835 items | Pending 27194381 items]
[ID:1929| Order A8WO59958C created | Generated 48829217 items | Pending 27152999 items]
[ID:1930| Order ME3C6PK8U2 created | Generated 48846545 items | Pending 27135671 items]
[ID:1931| Order 1KIEZWM2N4 created | Generated 48891230 items | Pending 27090986 items]
[ID:1932| Order WJPNGMI5FZ created | Generated 48906223 items | Pending 27075993 items]
[ID:1933| Order X16UGS66LI created | Generated 48907788 items | Pending 27074428 items]
[ID:1934| Order 4PQ410RCBH created | Generated 48917752 items | Pending 27064464 items]
[ID:1935| Order 8924WB8VOZ created | Generated 48946543 items | Pending 27035673 items]
[ID:1936| Order IQSHODFULH created | Generated 48983895 items | Pending 26998321 items]
[ID:1937| Order T0WMO1BQ7U created | Generated 49010659 items | Pending 26971557 items]
[ID:1938| Order AUG85708G1 created | Generated 49044384 items | Pending 26937832 items]
[ID:1939| Order UVN93ERVA3 created | Generated 49060103 items | Pending 26922113 items]
[ID:1940| Order XPOQZYVI4U created | Generated 49111135 items | Pending 26871081 items]
[ID:1941| Order H79HUVU1JL created | Generated 49114777 items | Pending 26867439 items]
[ID:1942| Order X1S6S3487C created | Generated 49137957 items | Pending 26844259 items]
[ID:1943| Order XMG5ST4Y9N created | Generated 49178784 items | Pending 26803432 items]
[ID:1944| Order G0IDT2OC63 created | Generated 49220457 items | Pending 26761759 items]
[ID:1945| Order T7VTJZGHAK created | Generated 49266665 items | Pending 26715551 items]
[ID:1946| Order GY3G5AJV0W created | Generated 49272709 items | Pending 26709507 items]
[ID:1947| Order 66UBBW8LJB created | Generated 49293561 items | Pending 26688655 items]
[ID:1948| Order SG1W832MQC created | Generated 49314662 items | Pending 26667554 items]
[ID:1949| Order 9O6413S6JH created | Generated 49320585 items | Pending 26661631 items]
[ID:1950| Order G6ASB0VJB0 created | Generated 49361688 items | Pending 26620528 items]
[ID:1951| Order R3DI0BNQ97 created | Generated 49380440 items | Pending 26601776 items]
[ID:1952| Order WFJ9BFYW3L created | Generated 49427889 items | Pending 26554327 items]
[ID:1953| Order UFA910QVWN created | Generated 49443570 items | Pending 26538646 items]
[ID:1954| Order MI3SCLJJ8P created | Generated 49476297 items | Pending 26505919 items]
[ID:1955| Order PEEOTCP64L created | Generated 49485462 items | Pending 26496754 items]
[ID:1956| Order 8DFE76TZ3T created | Generated 49524322 items | Pending 26457894 items]
[ID:1957| Order D45SYPBPD9 created | Generated 49571712 items | Pending 26410504 items]
[ID:1958| Order OH8RH33KLE created | Generated 49575292 items | Pending 26406924 items]
[ID:1959| Order L9E795999W created | Generated 49579804 items | Pending 26402412 items]
[ID:1960| Order JSDADLZ008 created | Generated 49623359 items | Pending 26358857 items]
[ID:1961| Order WYADAQ34V3 created | Generated 49661251 items | Pending 26320965 items]
[ID:1962| Order B2USBM33SL created | Generated 49670034 items | Pending 26312182 items]
[ID:1963| Order 6K8HJJWPCT created | Generated 49695382 items | Pending 26286834 items]
[ID:1964| Order OIYJ6RO9BB created | Generated 49737213 items | Pending 26245003 items]
[ID:1965| Order SIQEJ1WC1V created | Generated 49753911 items | Pending 26228305 items]
[ID:1966| Order 1ALAECNNGL created | Generated 49790849 items | Pending 26191367 items]
[ID:1967| Order RJXFNRMJ3K created | Generated 49806962 items | Pending 26175254 items]
[ID:1968| Order WU6664AAV4 created | Generated 49832629 items | Pending 26149587 items]
[ID:1969| Order EEWFEDT0H8 created | Generated 49854224 items | Pending 26127992 items]
[ID:1970| Order 9LMD4RGWHN created | Generated 49905834 items | Pending 26076382 items]
[ID:1971| Order HJZUFSHEB5 created | Generated 49921647 items | Pending 26060569 items]
[ID:1972| Order K1AAEK0LUQ created | Generated 49928712 items | Pending 26053504 items]
[ID:1973| Order IAEJSS07AT created | Generated 49956526 items | Pending 26025690 items]
[ID:1974| Order JSSCOE2GWK created | Generated 49986030 items | Pending 25996186 items]
[ID:1975| Order S9G7GSJKOL created | Generated 50015579 items | Pending 25966637 items]
[ID:1976| Order DEO1ZS5E6T created | Generated 50015619 items | Pending 25966597 items]
[ID:1977| Order 4LCG161UKM created | Generated 50025886 items | Pending 25956330 items]
[ID:1978| Order Z96W8V0OM6 created | Generated 50044383 items | Pending 25937833 items]
[ID:1979| Order 7D58BJ0D3M created | Generated 50071453 items | Pending 25910763 items]
[ID:1980| Order L1XEVK5KDV created | Generated 50106571 items | Pending 25875645 items]
[ID:1981| Order VKHTDTTIOH created | Generated 50130605 items | Pending 25851611 items]
[ID:1982| Order MZXGMNBXTK created | Generated 50171048 items | Pending 25811168 items]
[ID:1983| Order N6JI5J9YQQ created | Generated 50180457 items | Pending 25801759 items]
[ID:1984| Order NK8IVLET2C created | Generated 50188408 items | Pending 25793808 items]
[ID:1985| Order JNAX511JLX created | Generated 50200108 items | Pending 25782108 items]
[ID:1986| Order VWACGRBH7W created | Generated 50221095 items | Pending 25761121 items]
[ID:1987| Order YCMPH2PKHW created | Generated 50223622 items | Pending 25758594 items]
[ID:1988| Order WKAHAAGW2H created | Generated 50241195 items | Pending 25741021 items]
[ID:1989| Order OMJFW9BEQO created | Generated 50276245 items | Pending 25705971 items]
[ID:1990| Order OU7QV055Y8 created | Generated 50293278 items | Pending 25688938 items]
[ID:1991| Order V54TNX5939 created | Generated 50327954 items | Pending 25654262 items]
[ID:1992| Order LP179DOVA0 created | Generated 50347720 items | Pending 25634496 items]
[ID:1993| Order 9XSRRREP01 created | Generated 50362806 items | Pending 25619410 items]
[ID:1994| Order YUR85C4YKL created | Generated 50395233 items | Pending 25586983 items]
[ID:1995| Order UK6490TCAC created | Generated 50432402 items | Pending 25549814 items]
[ID:1996| Order ZKQJF48BCY created | Generated 50441015 items | Pending 25541201 items]
[ID:1997| Order 6JLJEQTY8V created | Generated 50489306 items | Pending 25492910 items]
[ID:1998| Order OQOMH5HRW3 created | Generated 50526862 items | Pending 25455354 items]
[ID:1999| Order WLYIXC678Y created | Generated 50550935 items | Pending 25431281 items]
[ID:2000| Order VLSSUVC09H created | Generated 50565769 items | Pending 25416447 items]
[ID:2001| Order B24SV1JKTW created | Generated 50606625 items | Pending 25375591 items]
[ID:2002| Order EUX5HX1TFH created | Generated 50645551 items | Pending 25336665 items]
[ID:2003| Order OA978NBT9X created | Generated 50683471 items | Pending 25298745 items]
[ID:2004| Order 0RHOJQ2WLR created | Generated 50685905 items | Pending 25296311 items]
[ID:2005| Order EZ1IW4CQKK created | Generated 50707321 items | Pending 25274895 items]
[ID:2006| Order QWP0WUYMS7 created | Generated 50733750 items | Pending 25248466 items]
[ID:2007| Order DDFOOBUNIA created | Generated 50764790 items | Pending 25217426 items]
[ID:2008| Order 1B3NUNYW99 created | Generated 50801226 items | Pending 25180990 items]
[ID:2009| Order LTOCMJR7AU created | Generated 50851699 items | Pending 25130517 items]
[ID:2010| Order UL42EU5ZRV created | Generated 50901021 items | Pending 25081195 items]
[ID:2011| Order UUM3KRQHMG created | Generated 50912889 items | Pending 25069327 items]
[ID:2012| Order JBYFBOXP9M created | Generated 50943905 items | Pending 25038311 items]
[ID:2013| Order 7WROYK6NTY created | Generated 50979895 items | Pending 25002321 items]
[ID:2014| Order EP80BXRV58 created | Generated 51005347 items | Pending 24976869 items]
[ID:2015| Order NL1BY0QMLZ created | Generated 51023386 items | Pending 24958830 items]
[ID:2016| Order IIQSSMDJG7 created | Generated 51044016 items | Pending 24938200 items]
[ID:2017| Order DD6PNKZF7T created | Generated 51058327 items | Pending 24923889 items]
[ID:2018| Order 9F6I7J417G created | Generated 51083038 items | Pending 24899178 items]
[ID:2019| Order 3FMFMM7953 created | Generated 51119059 items | Pending 24863157 items]
[ID:2020| Order 90P5Z0HP1E created | Generated 51161884 items | Pending 24820332 items]
[ID:2021| Order E8J4MHPOAW created | Generated 51169499 items | Pending 24812717 items]
[ID:2022| Order C835QDBDK4 created | Generated 51172327 items | Pending 24809889 items]
[ID:2023| Order ZAW5GPWWV4 created | Generated 51180765 items | Pending 24801451 items]
[ID:2024| Order S4QSG6QRXP created | Generated 51214588 items | Pending 24767628 items]
[ID:2025| Order TUUKGXVXS9 created | Generated 51243770 items | Pending 24738446 items]
[ID:2026| Order LC98PMY23T created | Generated 51290992 items | Pending 24691224 items]
[ID:2027| Order NQ3SUOJ7YZ created | Generated 51320308 items | Pending 24661908 items]
[ID:2028| Order TOM7N0QJ1G created | Generated 51333601 items | Pending 24648615 items]
[ID:2029| Order JH45UPSQGO created | Generated 51371956 items | Pending 24610260 items]
[ID:2030| Order AXN3ROLII8 created | Generated 51412390 items | Pending 24569826 items]
[ID:2031| Order ECD70BQG3C created | Generated 51447004 items | Pending 24535212 items]
[ID:2032| Order 5JYQ63ZKJC created | Generated 51472557 items | Pending 24509659 items]
[ID:2033| Order TOTCURFKMA created | Generated 51497556 items | Pending 24484660 items]
[ID:2034| Order RSN6D8EVJB created | Generated 51528401 items | Pending 24453815 items]
[ID:2035| Order VVBNQ3IWAN created | Generated 51553402 items | Pending 24428814 items]
[ID:2036| Order R29AUWZUHK created | Generated 51592342 items | Pending 24389874 items]
[ID:2037| Order G9RV6JAYP5 created | Generated 51602947 items | Pending 24379269 items]
[ID:2038| Order 71KKKEC8OG created | Generated 51647938 items | Pending 24334278 items]
[ID:2039| Order BBIBA5E2BJ created | Generated 51666829 items | Pending 24315387 items]
[ID:2040| Order 2TXUBM3B6T created | Generated 51682202 items | Pending 24300014 items]
[ID:2041| Order O4M4NDA2EK created | Generated 51731366 items | Pending 24250850 items]
[ID:2042| Order 1CV97QIF4F created | Generated 51745906 items | Pending 24236310 items]
[ID:2043| Order K676UYT5TJ created | Generated 51772132 items | Pending 24210084 items]
[ID:2044| Order L0BLYVZC4X created | Generated 51809130 items | Pending 24173086 items]
[ID:2045| Order 0Q0HGDTEM7 created | Generated 51816165 items | Pending 24166051 items]
[ID:2046| Order 6D2F24E8NS created | Generated 51847130 items | Pending 24135086 items]
[ID:2047| Order 2VBSEYEJ52 created | Generated 51849399 items | Pending 24132817 items]
[ID:2048| Order O73ZAPURMK created | Generated 51871003 items | Pending 24111213 items]
[ID:2049| Order O9DAB7NVRX created | Generated 51889609 items | Pending 24092607 items]
[ID:2050| Order 4K0DJ33Z9G created | Generated 51897685 items | Pending 24084531 items]
[ID:2051| Order V3LWEJT7IA created | Generated 51923303 items | Pending 24058913 items]
[ID:2052| Order N9XANE0TBK created | Generated 51954304 items | Pending 24027912 items]
[ID:2053| Order 9EE2EC0OY4 created | Generated 51955977 items | Pending 24026239 items]
[ID:2054| Order JMG27LZFDQ created | Generated 51987023 items | Pending 23995193 items]
[ID:2055| Order ZM6JIZRFCV created | Generated 52033889 items | Pending 23948327 items]
[ID:2056| Order D3SKIYVDZM created | Generated 52044029 items | Pending 23938187 items]
[ID:2057| Order V5R0I9IIUL created | Generated 52059381 items | Pending 23922835 items]
[ID:2058| Order 3EYH4KR5PS created | Generated 52104333 items | Pending 23877883 items]
[ID:2059| Order DY69XLRI4L created | Generated 52146859 items | Pending 23835357 items]
[ID:2060| Order O31QN0SFEA created | Generated 52147734 items | Pending 23834482 items]
[ID:2061| Order JP26SXIWDX created | Generated 52163169 items | Pending 23819047 items]
[ID:2062| Order OEUQ4XIJEY created | Generated 52203377 items | Pending 23778839 items]
[ID:2063| Order 1VH6NHUCFC created | Generated 52210283 items | Pending 23771933 items]
[ID:2064| Order G7VNHKI1OT created | Generated 52240340 items | Pending 23741876 items]
[ID:2065| Order 2Z6C1MVKQ0 created | Generated 52240970 items | Pending 23741246 items]
[ID:2066| Order LWD3NNODFD created | Generated 52275234 items | Pending 23706982 items]
[ID:2067| Order 68IN7VNXV2 created | Generated 52308969 items | Pending 23673247 items]
[ID:2068| Order GA6ULGAAEL created | Generated 52313387 items | Pending 23668829 items]
[ID:2069| Order OMG8PL46M0 created | Generated 52337026 items | Pending 23645190 items]
[ID:2070| Order SSHOUAUSHP created | Generated 52378614 items | Pending 23603602 items]
[ID:2071| Order BSMD17FSKQ created | Generated 52388664 items | Pending 23593552 items]
[ID:2072| Order DVNKV06Q5E created | Generated 52433711 items | Pending 23548505 items]
[ID:2073| Order 7WXJKCAK7W created | Generated 52450218 items | Pending 23531998 items]
[ID:2074| Order KJRMYWZV2Z created | Generated 52457249 items | Pending 23524967 items]
[ID:2075| Order IL8NLIYYEI created | Generated 52479846 items | Pending 23502370 items]
[ID:2076| Order 1B1Q6GJCZQ created | Generated 52490131 items | Pending 23492085 items]
[ID:2077| Order N8LM9YHRM2 created | Generated 52532974 items | Pending 23449242 items]
[ID:2078| Order WASB95FUZU created | Generated 52576658 items | Pending 23405558 items]
[ID:2079| Order FHCFR0Q40Y created | Generated 52624221 items | Pending 23357995 items]
[ID:2080| Order 2KTMSSPXH3 created | Generated 52629930 items | Pending 23352286 items]
[ID:2081| Order Z60H8RC5JH created | Generated 52663362 items | Pending 23318854 items]
[ID:2082| Order VAKM3831JW created | Generated 52683263 items | Pending 23298953 items]
[ID:2083| Order O0GUR2X303 created | Generated 52705996 items | Pending 23276220 items]
[ID:2084| Order NB358DN4OD created | Generated 52752130 items | Pending 23230086 items]
[ID:2085| Order J9379UIILC created | Generated 52756850 items | Pending 23225366 items]
[ID:2086| Order 0IKGKO41XW created | Generated 52761549 items | Pending 23220667 items]
[ID:2087| Order HIPY2C6MWW created | Generated 52804245 items | Pending 23177971 items]
[ID:2088| Order R2G6ZCMFUH created | Generated 52841899 items | Pending 23140317 items]
[ID:2089| Order E7YA6QZ1A1 created | Generated 52873637 items | Pending 23108579 items]
[ID:2090| Order XOPNDOS46Q created | Generated 52883252 items | Pending 23098964 items]
[ID:2091| Order FLECONIXXY created | Generated 52913278 items | Pending 23068938 items]
[ID:2092| Order 1SKZPSERB5 created | Generated 52958118 items | Pending 23024098 items]
[ID:2093| Order MC688AMQ5O created | Generated 53004644 items | Pending 22977572 items]
[ID:2094| Order G07LXVWZRB created | Generated 53013559 items | Pending 22968657 items]
[ID:2095| Order LII4BI2W76 created | Generated 53037744 items | Pending 22944472 items]
[ID:2096| Order Q5CU4GP61D created | Generated 53051980 items | Pending 22930236 items]
[ID:2097| Order F45XGDJO0N created | Generated 53075931 items | Pending 22906285 items]
[ID:2098| Order IHSC17GVD9 created | Generated 53113849 items | Pending 22868367 items]
[ID:2099| Order 0PA4FIGHLR created | Generated 53150494 items | Pending 22831722 items]
[ID:2100| Order 3JI6E7N0TH created | Generated 53167093 items | Pending 22815123 items]
[ID:2101| Order FV12UH4QWF created | Generated 53211779 items | Pending 22770437 items]
[ID:2102| Order GT26UU9EKV created | Generated 53227632 items | Pending 22754584 items]
[ID:2103| Order YZZLNIF46M created | Generated 53257701 items | Pending 22724515 items]
[ID:2104| Order Z4H15A07AE created | Generated 53294711 items | Pending 22687505 items]
[ID:2105| Order 3LYQRQSJMW created | Generated 53337535 items | Pending 22644681 items]
[ID:2106| Order ACNMFQUAY7 created | Generated 53353870 items | Pending 22628346 items]
[ID:2107| Order JLYBME4SW2 created | Generated 53361980 items | Pending 22620236 items]
[ID:2108| Order 2OA80YKLBF created | Generated 53380421 items | Pending 22601795 items]
[ID:2109| Order LZO4X54LHZ created | Generated 53385094 items | Pending 22597122 items]
[ID:2110| Order SN5ENJNPTY created | Generated 53414188 items | Pending 22568028 items]
[ID:2111| Order 0JE6MUZ6VT created | Generated 53458934 items | Pending 22523282 items]
[ID:2112| Order 9WJZNRABYD created | Generated 53494249 items | Pending 22487967 items]
[ID:2113| Order GOXESEAJ9C created | Generated 53540710 items | Pending 22441506 items]
[ID:2114| Order VBH0XNA605 created | Generated 53558927 items | Pending 22423289 items]
[ID:2115| Order 4I3TXFHMFJ created | Generated 53606521 items | Pending 22375695 items]
[ID:2116| Order XLV7WWBCLR created | Generated 53643098 items | Pending 22339118 items]
[ID:2117| Order O0FUIAXL5V created | Generated 53683869 items | Pending 22298347 items]
[ID:2118| Order 8RWZ3B2WAN created | Generated 53704309 items | Pending 22277907 items]
[ID:2119| Order K11I8FDNX3 created | Generated 53711565 items | Pending 22270651 items]
[ID:2120| Order Y4UPRSCAP6 created | Generated 53736473 items | Pending 22245743 items]
[ID:2121| Order U848KTJKJV created | Generated 53769400 items | Pending 22212816 items]
[ID:2122| Order RWNCMQQLUH created | Generated 53771066 items | Pending 22211150 items]
[ID:2123| Order DOX64R6U2T created | Generated 53814183 items | Pending 22168033 items]
[ID:2124| Order 2TKAGPYGJM created | Generated 53848281 items | Pending 22133935 items]
[ID:2125| Order XOOM9TKA2R created | Generated 53895213 items | Pending 22087003 items]
[ID:2126| Order UE5AJHJTAQ created | Generated 53912164 items | Pending 22070052 items]
[ID:2127| Order W0QOK54G2A created | Generated 53931348 items | Pending 22050868 items]
[ID:2128| Order MSXYFJ07WO created | Generated 53972223 items | Pending 22009993 items]
[ID:2129| Order SFWKS4E7CE created | Generated 53999988 items | Pending 21982228 items]
[ID:2130| Order 175LBBXEJ5 created | Generated 54048690 items | Pending 21933526 items]
[ID:2131| Order DNZZ4HEMS8 created | Generated 54084265 items | Pending 21897951 items]
[ID:2132| Order FUPQW7HPHJ created | Generated 54120978 items | Pending 21861238 items]
[ID:2133| Order DD86L5JACW created | Generated 54135727 items | Pending 21846489 items]
[ID:2134| Order MAHEH60C2O created | Generated 54152277 items | Pending 21829939 items]
[ID:2135| Order 13FMD8S4PF created | Generated 54173634 items | Pending 21808582 items]
[ID:2136| Order ANGD7Q0X3F created | Generated 54204745 items | Pending 21777471 items]
[ID:2137| Order U0017CPNF3 created | Generated 54206527 items | Pending 21775689 items]
[ID:2138| Order 0RC0782J1T created | Generated 54211275 items | Pending 21770941 items]
[ID:2139| Order ZYHCQHVJWK created | Generated 54227464 items | Pending 21754752 items]
[ID:2140| Order 6QTQ48VK6A created | Generated 54246597 items | Pending 21735619 items]
[ID:2141| Order KK4548DBZF created | Generated 54292960 items | Pending 21689256 items]
[ID:2142| Order MI954KYK9G created | Generated 54303685 items | Pending 21678531 items]
[ID:2143| Order R1IIT4192D created | Generated 54330403 items | Pending 21651813 items]
[ID:2144| Order DKAWGR7UGY created | Generated 54360190 items | Pending 21622026 items]
[ID:2145| Order PAPEJ0T6HQ created | Generated 54371511 items | Pending 21610705 items]
[ID:2146| Order 9I6G30F45K created | Generated 54389468 items | Pending 21592748 items]
[ID:2147| Order X6DXZFYQMC created | Generated 54416719 items | Pending 21565497 items]
[ID:2148| Order RX9I7GDG2E created | Generated 54420562 items | Pending 21561654 items]
[ID:2149| Order WK2SHS1MZV created | Generated 54423027 items | Pending 21559189 items]
[ID:2150| Order YPT5PP0WTD created | Generated 54437504 items | Pending 21544712 items]
[ID:2151| Order UR597EHITD created | Generated 54456377 items | Pending 21525839 items]
[ID:2152| Order ZDRP4W1T4V created | Generated 54457659 items | Pending 21524557 items]
[ID:2153| Order BI4K94H07I created | Generated 54475190 items | Pending 21507026 items]
[ID:2154| Order W34XST1ONS created | Generated 54493360 items | Pending 21488856 items]
[ID:2155| Order C1V72Q4D9G created | Generated 54524846 items | Pending 21457370 items]
[ID:2156| Order AP28OB30DA created | Generated 54538948 items | Pending 21443268 items]
[ID:2157| Order C9QQ0W81Q9 created | Generated 54582435 items | Pending 21399781 items]
[ID:2158| Order BWCVQ62I7I created | Generated 54621825 items | Pending 21360391 items]
[ID:2159| Order T865TBFFLM created | Generated 54645721 items | Pending 21336495 items]
[ID:2160| Order 6VPXQWTLI0 created | Generated 54684216 items | Pending 21298000 items]
[ID:2161| Order SAS7KJDSN8 created | Generated 54728899 items | Pending 21253317 items]
[ID:2162| Order I8M0OBO3B9 created | Generated 54768855 items | Pending 21213361 items]
[ID:2163| Order K8Q84EPEMD created | Generated 54772090 items | Pending 21210126 items]
[ID:2164| Order C0BB0015M2 created | Generated 54813580 items | Pending 21168636 items]
[ID:2165| Order PHK64O3NPL created | Generated 54827481 items | Pending 21154735 items]
[ID:2166| Order S2LR67VRVP created | Generated 54874752 items | Pending 21107464 items]
[ID:2167| Order 6K9XENV0CT created | Generated 54912427 items | Pending 21069789 items]
[ID:2168| Order FJ8HT9R1W7 created | Generated 54947675 items | Pending 21034541 items]
[ID:2169| Order FW4HMACMJN created | Generated 54983417 items | Pending 20998799 items]
[ID:2170| Order ADG5TAF2Q0 created | Generated 55018796 items | Pending 20963420 items]
[ID:2171| Order RDF38MG7DD created | Generated 55028657 items | Pending 20953559 items]
[ID:2172| Order FGD1Z7VYSW created | Generated 55068015 items | Pending 20914201 items]
[ID:2173| Order HVLCZZP85T created | Generated 55081586 items | Pending 20900630 items]
[ID:2174| Order X10LDHA5X0 created | Generated 55087488 items | Pending 20894728 items]
[ID:2175| Order 6SG7KWLXGO created | Generated 55088064 items | Pending 20894152 items]
[ID:2176| Order RA9A65CVFE created | Generated 55134006 items | Pending 20848210 items]
[ID:2177| Order DGOH7XAWF2 created | Generated 55140184 items | Pending 20842032 items]
[ID:2178| Order RG8JWUK59P created | Generated 55148919 items | Pending 20833297 items]
[ID:2179| Order ASJYYWDTUB created | Generated 55166137 items | Pending 20816079 items]
[ID:2180| Order FU5K5OKZ20 created | Generated 55207834 items | Pending 20774382 items]
[ID:2181| Order ZMECAV31NN created | Generated 55257949 items | Pending 20724267 items]
[ID:2182| Order 3K4HCZYK2L created | Generated 55269243 items | Pending 20712973 items]
[ID:2183| Order BMHIDFCEP1 created | Generated 55303114 items | Pending 20679102 items]
[ID:2184| Order 2TA3N4FGEY created | Generated 55348317 items | Pending 20633899 items]
[ID:2185| Order EBDMYQAJCM created | Generated 55364330 items | Pending 20617886 items]
[ID:2186| Order Y8L7NYFI51 created | Generated 55408815 items | Pending 20573401 items]
[ID:2187| Order IS3SLE0SMZ created | Generated 55419063 items | Pending 20563153 items]
[ID:2188| Order 55J8Y5CZZM created | Generated 55439588 items | Pending 20542628 items]
[ID:2189| Order 072LZB411H created | Generated 55457890 items | Pending 20524326 items]
[ID:2190| Order WGRO3Y8QIF created | Generated 55479406 items | Pending 20502810 items]
[ID:2191| Order KJFV0SC9RU created | Generated 55501148 items | Pending 20481068 items]
[ID:2192| Order IDYVDW3BUN created | Generated 55503823 items | Pending 20478393 items]
[ID:2193| Order 9JCCNI3HOO created | Generated 55532140 items | Pending 20450076 items]
[ID:2194| Order 3S5MFMX0ZO created | Generated 55553648 items | Pending 20428568 items]
[ID:2195| Order NDNCD19LX5 created | Generated 55577405 items | Pending 20404811 items]
[ID:2196| Order KQJYG4J86W created | Generated 55613012 items | Pending 20369204 items]
[ID:2197| Order UZPZ675EF2 created | Generated 55630394 items | Pending 20351822 items]
[ID:2198| Order WYM8AC4NR2 created | Generated 55658357 items | Pending 20323859 items]
[ID:2199| Order 98J47WOZFA created | Generated 55665683 items | Pending 20316533 items]
[ID:2200| Order ZOFU74S8T7 created | Generated 55678736 items | Pending 20303480 items]
[ID:2201| Order MIHWYIX4YA created | Generated 55719713 items | Pending 20262503 items]
[ID:2202| Order S9I0YI3UTK created | Generated 55746780 items | Pending 20235436 items]
[ID:2203| Order LH8ICRNT7D created | Generated 55784680 items | Pending 20197536 items]
[ID:2204| Order SRZHAIRJB3 created | Generated 55836521 items | Pending 20145695 items]
[ID:2205| Order 58TPH1FB55 created | Generated 55881567 items | Pending 20100649 items]
[ID:2206| Order XF7A2DZZS0 created | Generated 55919156 items | Pending 20063060 items]
[ID:2207| Order KDMBYM5AG5 created | Generated 55937038 items | Pending 20045178 items]
[ID:2208| Order B3ORN6I7E5 created | Generated 55965254 items | Pending 20016962 items]
[ID:2209| Order IIWKK52F3Z created | Generated 55971738 items | Pending 20010478 items]
[ID:2210| Order 796EBM5TDF created | Generated 56008460 items | Pending 19973756 items]
[ID:2211| Order S207GGPI5X created | Generated 56034118 items | Pending 19948098 items]
[ID:2212| Order R86QJ8QWM4 created | Generated 56084590 items | Pending 19897626 items]
[ID:2213| Order WTNMUSSO0T created | Generated 56123389 items | Pending 19858827 items]
[ID:2214| Order WD4V6OHIP7 created | Generated 56125854 items | Pending 19856362 items]
[ID:2215| Order V3DS9EU6FY created | Generated 56167601 items | Pending 19814615 items]
[ID:2216| Order W8V3JTZWRU created | Generated 56179469 items | Pending 19802747 items]
[ID:2217| Order 3PMBCKLY4W created | Generated 56197053 items | Pending 19785163 items]
[ID:2218| Order 7L1KD76G5G created | Generated 56219313 items | Pending 19762903 items]
[ID:2219| Order WR20XPAWBG created | Generated 56237297 items | Pending 19744919 items]
[ID:2220| Order GT5YON17C4 created | Generated 56237405 items | Pending 19744811 items]
[ID:2221| Order VMBXTXST4L created | Generated 56250460 items | Pending 19731756 items]
[ID:2222| Order STIZ5FWWNH created | Generated 56257732 items | Pending 19724484 items]
[ID:2223| Order PD9C0R7LKD created | Generated 56269201 items | Pending 19713015 items]
[ID:2224| Order YVPC1U0CCD created | Generated 56295665 items | Pending 19686551 items]
[ID:2225| Order 4SCSZGMG8U created | Generated 56323425 items | Pending 19658791 items]
[ID:2226| Order 6WE6ZZFQ4B created | Generated 56338748 items | Pending 19643468 items]
[ID:2227| Order 9VW31TJDSI created | Generated 56364355 items | Pending 19617861 items]
[ID:2228| Order SSHC2SZ1QJ created | Generated 56370065 items | Pending 19612151 items]
[ID:2229| Order JFIB2GL5S7 created | Generated 56377600 items | Pending 19604616 items]
[ID:2230| Order BMAG7J529E created | Generated 56407408 items | Pending 19574808 items]
[ID:2231| Order BAL2Q2TZFE created | Generated 56452836 items | Pending 19529380 items]
[ID:2232| Order RD67B20ANM created | Generated 56474900 items | Pending 19507316 items]
[ID:2233| Order Z9A60NNHQ9 created | Generated 56484359 items | Pending 19497857 items]
[ID:2234| Order H38NXH69BL created | Generated 56509032 items | Pending 19473184 items]
[ID:2235| Order 4YO3Z3MSLR created | Generated 56553056 items | Pending 19429160 items]
[ID:2236| Order M2K0CJ5V6D created | Generated 56596455 items | Pending 19385761 items]
[ID:2237| Order L2LI4JZ9PR created | Generated 56631130 items | Pending 19351086 items]
[ID:2238| Order 9CR0RY7E6X created | Generated 56648251 items | Pending 19333965 items]
[ID:2239| Order H9GLH9X51X created | Generated 56669119 items | Pending 19313097 items]
[ID:2240| Order 0Y68PC7QUQ created | Generated 56697768 items | Pending 19284448 items]
[ID:2241| Order JR7WFUQHI9 created | Generated 56734792 items | Pending 19247424 items]
[ID:2242| Order SDGKSMQMNM created | Generated 56739461 items | Pending 19242755 items]
[ID:2243| Order 37UX6BI9HG created | Generated 56781432 items | Pending 19200784 items]
[ID:2244| Order K3A9UT5T5G created | Generated 56797464 items | Pending 19184752 items]
[ID:2245| Order SQ8RNKQV2G created | Generated 56837922 items | Pending 19144294 items]
[ID:2246| Order DUJ8N717EO created | Generated 56874172 items | Pending 19108044 items]
[ID:2247| Order 3D9URQ4WUG created | Generated 56887257 items | Pending 19094959 items]
[ID:2248| Order D38X4DC1TY created | Generated 56895655 items | Pending 19086561 items]
[ID:2249| Order W5BU4UOM96 created | Generated 56902897 items | Pending 19079319 items]
[ID:2250| Order CIPKEWK7TV created | Generated 56922068 items | Pending 19060148 items]
[ID:2251| Order 1EKHKNAI47 created | Generated 56957342 items | Pending 19024874 items]
[ID:2252| Order 3RTGAWJLK2 created | Generated 56985595 items | Pending 18996621 items]
[ID:2253| Order DJ2GJ1NSEJ created | Generated 57030949 items | Pending 18951267 items]
[ID:2254| Order RTR4NSTS6E created | Generated 57083346 items | Pending 18898870 items]
[ID:2255| Order NFIIXPZ937 created | Generated 57118650 items | Pending 18863566 items]
[ID:2256| Order DAOD31DB6L created | Generated 57137086 items | Pending 18845130 items]
[ID:2257| Order 97T2E8H0U3 created | Generated 57160945 items | Pending 18821271 items]
[ID:2258| Order QZ32GRXQ4P created | Generated 57184722 items | Pending 18797494 items]
[ID:2259| Order NK6QVSXQFR created | Generated 57226299 items | Pending 18755917 items]
[ID:2260| Order Z8V3IHLEI9 created | Generated 57276445 items | Pending 18705771 items]
[ID:2261| Order 0XZCMK4M9H created | Generated 57283661 items | Pending 18698555 items]
[ID:2262| Order TWPEG0TXH3 created | Generated 57298688 items | Pending 18683528 items]
[ID:2263| Order YN9CNKNHF1 created | Generated 57347493 items | Pending 18634723 items]
[ID:2264| Order RFKYUH65TD created | Generated 57392728 items | Pending 18589488 items]
[ID:2265| Order GDW9V39OZE created | Generated 57412534 items | Pending 18569682 items]
[ID:2266| Order WOPCWA5PV1 created | Generated 57437616 items | Pending 18544600 items]
[ID:2267| Order 9IGLHH9FPF created | Generated 57439691 items | Pending 18542525 items]
[ID:2268| Order L96PU7M0F9 created | Generated 57448260 items | Pending 18533956 items]
[ID:2269| Order M75PY0SWIJ created | Generated 57455827 items | Pending 18526389 items]
[ID:2270| Order Z259E8LV9U created | Generated 57498008 items | Pending 18484208 items]
[ID:2271| Order 7Z1B9HD6SA created | Generated 57543959 items | Pending 18438257 items]
[ID:2272| Order SD0HBDKKW6 created | Generated 57584472 items | Pending 18397744 items]
[ID:2273| Order 5Y5GNIGQ2T created | Generated 57621807 items | Pending 18360409 items]
[ID:2274| Order FCQKUSTTRW created | Generated 57665218 items | Pending 18316998 items]
[ID:2275| Order 5UU9K51ZX3 created | Generated 57698621 items | Pending 18283595 items]
[ID:2276| Order 99F9UQ5LA4 created | Generated 57719567 items | Pending 18262649 items]
[ID:2277| Order ZY0KJEVO50 created | Generated 57746585 items | Pending 18235631 items]
[ID:2278| Order Z56XOYE4ZM created | Generated 57788229 items | Pending 18193987 items]
[ID:2279| Order ZF03QS0GUC created | Generated 57823438 items | Pending 18158778 items]
[ID:2280| Order OPH1HLMQOH created | Generated 57864023 items | Pending 18118193 items]
[ID:2281| Order DJ7V2BHUM4 created | Generated 57884528 items | Pending 18097688 items]
[ID:2282| Order RSMFUM34KT created | Generated 57925384 items | Pending 18056832 items]
[ID:2283| Order 82JG9AMBLN created | Generated 57974743 items | Pending 18007473 items]
[ID:2284| Order EO6YV5VT7U created | Generated 58006099 items | Pending 17976117 items]
[ID:2285| Order P2S8AACC80 created | Generated 58056289 items | Pending 17925927 items]
[ID:2286| Order W5Y354LI2K created | Generated 58068782 items | Pending 17913434 items]
[ID:2287| Order P8ASKGGV5B created | Generated 58105606 items | Pending 17876610 items]
[ID:2288| Order EBYC5QQSR4 created | Generated 58107804 items | Pending 17874412 items]
[ID:2289| Order D76GV3R0H0 created | Generated 58108569 items | Pending 17873647 items]
[ID:2290| Order KQ1MY3SWVU created | Generated 58126068 items | Pending 17856148 items]
[ID:2291| Order TLJ9I3VRAF created | Generated 58144071 items | Pending 17838145 items]
[ID:2292| Order 2SNVNQYUYR created | Generated 58144481 items | Pending 17837735 items]
[ID:2293| Order EHSOH24KV8 created | Generated 58169097 items | Pending 17813119 items]
[ID:2294| Order IJLJ5CKSLM created | Generated 58185256 items | Pending 17796960 items]
[ID:2295| Order AGQ5VYEOV2 created | Generated 58233420 items | Pending 17748796 items]
[ID:2296| Order PF7CAE1S3K created | Generated 58266957 items | Pending 17715259 items]
[ID:2297| Order 0USWAHEBZ6 created | Generated 58271752 items | Pending 17710464 items]
[ID:2298| Order EJJEZOYNC9 created | Generated 58320319 items | Pending 17661897 items]
[ID:2299| Order Z1M8A5XYYD created | Generated 58356372 items | Pending 17625844 items]
[ID:2300| Order RN9V3LAZBR created | Generated 58360123 items | Pending 17622093 items]
[ID:2301| Order JTP9YGMGYN created | Generated 58393325 items | Pending 17588891 items]
[ID:2302| Order HDRJ0T9A7D created | Generated 58396268 items | Pending 17585948 items]
[ID:2303| Order QHJ9SY591R created | Generated 58408650 items | Pending 17573566 items]
[ID:2304| Order 67O98RU8PN created | Generated 58426395 items | Pending 17555821 items]
[ID:2305| Order L5QNPYYX7V created | Generated 58474846 items | Pending 17507370 items]
[ID:2306| Order E22JX9R185 created | Generated 58484420 items | Pending 17497796 items]
[ID:2307| Order SYBCU7LPJ2 created | Generated 58504038 items | Pending 17478178 items]
[ID:2308| Order HTSLAZIHTI created | Generated 58545709 items | Pending 17436507 items]
[ID:2309| Order OT2PG3QJST created | Generated 58546449 items | Pending 17435767 items]
[ID:2310| Order O981GXS6RJ created | Generated 58546609 items | Pending 17435607 items]
[ID:2311| Order 5IRLIOQKLA created | Generated 58576412 items | Pending 17405804 items]
[ID:2312| Order KXPXK7P80T created | Generated 58587912 items | Pending 17394304 items]
[ID:2313| Order WFBDT5NJEP created | Generated 58617364 items | Pending 17364852 items]
[ID:2314| Order 2627OF069E created | Generated 58648881 items | Pending 17333335 items]
[ID:2315| Order WDCAL8RUGF created | Generated 58695083 items | Pending 17287133 items]
[ID:2316| Order 1YWDLH9TOF created | Generated 58711189 items | Pending 17271027 items]
[ID:2317| Order DKZD48B8HW created | Generated 58716306 items | Pending 17265910 items]
[ID:2318| Order 7O92WVJAHB created | Generated 58751931 items | Pending 17230285 items]
[ID:2319| Order RKFY9O5WPK created | Generated 58785327 items | Pending 17196889 items]
[ID:2320| Order N7R6OFPWYC created | Generated 58798000 items | Pending 17184216 items]
[ID:2321| Order 0AT1EBU0T2 created | Generated 58839752 items | Pending 17142464 items]
[ID:2322| Order 9730DSMDH1 created | Generated 58857738 items | Pending 17124478 items]
[ID:2323| Order MTQG85Q8Y4 created | Generated 58886255 items | Pending 17095961 items]
[ID:2324| Order 2RDF0AB964 created | Generated 58933841 items | Pending 17048375 items]
[ID:2325| Order 9PX32V5EFO created | Generated 58951013 items | Pending 17031203 items]
[ID:2326| Order Y8JT1X5P4E created | Generated 58995062 items | Pending 16987154 items]
[ID:2327| Order UNO9052RZW created | Generated 59006078 items | Pending 16976138 items]
[ID:2328| Order 4EDJKB6XTX created | Generated 59048236 items | Pending 16933980 items]
[ID:2329| Order 2DGGHEYHO8 created | Generated 59094594 items | Pending 16887622 items]
[ID:2330| Order 7TL8D2UC97 created | Generated 59113280 items | Pending 16868936 items]
[ID:2331| Order DDMW9I2E74 created | Generated 59145499 items | Pending 16836717 items]
[ID:2332| Order ENNLWRX851 created | Generated 59152206 items | Pending 16830010 items]
[ID:2333| Order ERNJXBWH6K created | Generated 59194710 items | Pending 16787506 items]
[ID:2334| Order 5BH3EIBMXD created | Generated 59216546 items | Pending 16765670 items]
[ID:2335| Order F6PKC1GYV7 created | Generated 59231707 items | Pending 16750509 items]
[ID:2336| Order 6NVZNRHK7I created | Generated 59244626 items | Pending 16737590 items]
[ID:2337| Order 8N252MUJJT created | Generated 59261089 items | Pending 16721127 items]
[ID:2338| Order QW9KHRPXWQ created | Generated 59305062 items | Pending 16677154 items]
[ID:2339| Order 7DGM4VKP3C created | Generated 59343810 items | Pending 16638406 items]
[ID:2340| Order 1B9X3H0Q9E created | Generated 59360634 items | Pending 16621582 items]
[ID:2341| Order 9LNFL09L6K created | Generated 59379884 items | Pending 16602332 items]
[ID:2342| Order 0TOFHID05A created | Generated 59386706 items | Pending 16595510 items]
[ID:2343| Order 6QZ67RQ2ZB created | Generated 59397769 items | Pending 16584447 items]
[ID:2344| Order P3XOC8U0RX created | Generated 59415290 items | Pending 16566926 items]
[ID:2345| Order 8K4MFUZ1B4 created | Generated 59463966 items | Pending 16518250 items]
[ID:2346| Order MLBX7GV05S created | Generated 59469240 items | Pending 16512976 items]
[ID:2347| Order OYD2Y02LLE created | Generated 59481502 items | Pending 16500714 items]
[ID:2348| Order XOTOIWEEOX created | Generated 59507693 items | Pending 16474523 items]
[ID:2349| Order MS4B0ZV8WB created | Generated 59508979 items | Pending 16473237 items]
[ID:2350| Order QYD4Y74GZH created | Generated 59510055 items | Pending 16472161 items]
[ID:2351| Order N41LB9XQBT created | Generated 59527206 items | Pending 16455010 items]
[ID:2352| Order NW6LMME8ZI created | Generated 59529446 items | Pending 16452770 items]
[ID:2353| Order LCU6MFHUYJ created | Generated 59562979 items | Pending 16419237 items]
[ID:2354| Order RD0GZ1JFG0 created | Generated 59612949 items | Pending 16369267 items]
[ID:2355| Order TZZX8P1BE2 created | Generated 59625362 items | Pending 16356854 items]
[ID:2356| Order 8D01AXW0B3 created | Generated 59675464 items | Pending 16306752 items]
[ID:2357| Order CPDAVMAU1Z created | Generated 59690229 items | Pending 16291987 items]
[ID:2358| Order 71X4W4IJV2 created | Generated 59732570 items | Pending 16249646 items]
[ID:2359| Order HN0JGS7I4L created | Generated 59783676 items | Pending 16198540 items]
[ID:2360| Order V1M7UQOJDG created | Generated 59791477 items | Pending 16190739 items]
[ID:2361| Order 0AWLPZ3LOF created | Generated 59840692 items | Pending 16141524 items]
[ID:2362| Order UWA764WLUL created | Generated 59882921 items | Pending 16099295 items]
[ID:2363| Order YKPE5B0KAT created | Generated 59899753 items | Pending 16082463 items]
[ID:2364| Order QQDSCJF21X created | Generated 59923012 items | Pending 16059204 items]
[ID:2365| Order 8AZX8KEVDK created | Generated 59944282 items | Pending 16037934 items]
[ID:2366| Order 5IBRDQGECC created | Generated 59947714 items | Pending 16034502 items]
[ID:2367| Order AO2LBDL5U6 created | Generated 59998686 items | Pending 15983530 items]
[ID:2368| Order 3TYMTZG95Y created | Generated 60003136 items | Pending 15979080 items]
[ID:2369| Order KKC1G3DXT2 created | Generated 60037137 items | Pending 15945079 items]
[ID:2370| Order 3RJO9W3R29 created | Generated 60086511 items | Pending 15895705 items]
[ID:2371| Order PYRHLETR7U created | Generated 60126054 items | Pending 15856162 items]
[ID:2372| Order 6X4GY3EGY3 created | Generated 60127764 items | Pending 15854452 items]
[ID:2373| Order X6MK37YA31 created | Generated 60164013 items | Pending 15818203 items]
[ID:2374| Order 82AF6EMB2T created | Generated 60203536 items | Pending 15778680 items]
[ID:2375| Order GQIHJYWA0R created | Generated 60232196 items | Pending 15750020 items]
[ID:2376| Order R7BA58AH9F created | Generated 60243239 items | Pending 15738977 items]
[ID:2377| Order LB9E8O0OUC created | Generated 60249880 items | Pending 15732336 items]
[ID:2378| Order CJNZ5CYSX8 created | Generated 60297967 items | Pending 15684249 items]
[ID:2379| Order NUFT3L4YWG created | Generated 60327786 items | Pending 15654430 items]
[ID:2380| Order LI621S6458 created | Generated 60346071 items | Pending 15636145 items]
[ID:2381| Order J71QYWKMZM created | Generated 60352234 items | Pending 15629982 items]
[ID:2382| Order G56NSZLLW3 created | Generated 60380357 items | Pending 15601859 items]
[ID:2383| Order SG2BWGDJ4X created | Generated 60392525 items | Pending 15589691 items]
[ID:2384| Order 8HRW0X5Y6N created | Generated 60408448 items | Pending 15573768 items]
[ID:2385| Order RWYO1PFRT3 created | Generated 60452119 items | Pending 15530097 items]
[ID:2386| Order MH4V9UGFT1 created | Generated 60496718 items | Pending 15485498 items]
[ID:2387| Order G88P7L6TW5 created | Generated 60514570 items | Pending 15467646 items]
[ID:2388| Order QHY7W8H676 created | Generated 60545759 items | Pending 15436457 items]
[ID:2389| Order IJ4ZQ6ICL5 created | Generated 60572265 items | Pending 15409951 items]
[ID:2390| Order ZSV2GULN22 created | Generated 60607652 items | Pending 15374564 items]
[ID:2391| Order 1A2NT5LMNN created | Generated 60629987 items | Pending 15352229 items]
[ID:2392| Order WCTHOX6BYT created | Generated 60664686 items | Pending 15317530 items]
[ID:2393| Order B0QZRVQKLB created | Generated 60669095 items | Pending 15313121 items]
[ID:2394| Order XAV8LDYW7F created | Generated 60671060 items | Pending 15311156 items]
[ID:2395| Order XWUCZGY4H7 created | Generated 60698163 items | Pending 15284053 items]
[ID:2396| Order VF9KY90F56 created | Generated 60731876 items | Pending 15250340 items]
[ID:2397| Order IEE9T38GSX created | Generated 60774358 items | Pending 15207858 items]
[ID:2398| Order L5TIAVJRT1 created | Generated 60780595 items | Pending 15201621 items]
[ID:2399| Order GDCKPG499I created | Generated 60796260 items | Pending 15185956 items]
[ID:2400| Order 1B5Y79ZRKU created | Generated 60838922 items | Pending 15143294 items]
[ID:2401| Order 648WYJ546U created | Generated 60857150 items | Pending 15125066 items]
[ID:2402| Order 9Z4VZHHLU1 created | Generated 60858210 items | Pending 15124006 items]
[ID:2403| Order 0M1U9ARTTH created | Generated 60884179 items | Pending 15098037 items]
[ID:2404| Order 7KU4SF2D1J created | Generated 60887121 items | Pending 15095095 items]
[ID:2405| Order ZBF1MIWGJ5 created | Generated 60915623 items | Pending 15066593 items]
[ID:2406| Order KG77Z0XVZJ created | Generated 60963071 items | Pending 15019145 items]
[ID:2407| Order V86KDNWBQD created | Generated 60995565 items | Pending 14986651 items]
[ID:2408| Order JC97PMLULW created | Generated 61023492 items | Pending 14958724 items]
[ID:2409| Order 9BPV7H6B5W created | Generated 61057276 items | Pending 14924940 items]
[ID:2410| Order PAI350N64I created | Generated 61080760 items | Pending 14901456 items]
[ID:2411| Order 6Z2U9P0AC9 created | Generated 61089745 items | Pending 14892471 items]
[ID:2412| Order M933MHZFM8 created | Generated 61094954 items | Pending 14887262 items]
[ID:2413| Order N1TW0A9VPD created | Generated 61143405 items | Pending 14838811 items]
[ID:2414| Order RUUPSABZ46 created | Generated 61193399 items | Pending 14788817 items]
[ID:2415| Order 06SP5SAHSB created | Generated 61219052 items | Pending 14763164 items]
[ID:2416| Order 8BLGXCF6Z7 created | Generated 61253632 items | Pending 14728584 items]
[ID:2417| Order 5NOWLUHWEZ created | Generated 61273732 items | Pending 14708484 items]
[ID:2418| Order OL5LSWIOMX created | Generated 61302873 items | Pending 14679343 items]
[ID:2419| Order YDJ3BZQ96I created | Generated 61350879 items | Pending 14631337 items]
[ID:2420| Order 0MH1FN3B9F created | Generated 61374426 items | Pending 14607790 items]
[ID:2421| Order 7J8SELE3SM created | Generated 61376572 items | Pending 14605644 items]
[ID:2422| Order RLJ9TPMCKJ created | Generated 61389056 items | Pending 14593160 items]
[ID:2423| Order KPV9F5KMXR created | Generated 61402017 items | Pending 14580199 items]
[ID:2424| Order 4RCDRJOV0E created | Generated 61428236 items | Pending 14553980 items]
[ID:2425| Order DSX8V9YVJC created | Generated 61462991 items | Pending 14519225 items]
[ID:2426| Order XFLEUXHJLW created | Generated 61493168 items | Pending 14489048 items]
[ID:2427| Order EWKUQPI6CG created | Generated 61513548 items | Pending 14468668 items]
[ID:2428| Order LM8Q4N1CQ5 created | Generated 61541877 items | Pending 14440339 items]
[ID:2429| Order 5OLVJU9BSG created | Generated 61554920 items | Pending 14427296 items]
[ID:2430| Order D4B2MY6YY7 created | Generated 61593759 items | Pending 14388457 items]
[ID:2431| Order P0LRMLRCT2 created | Generated 61635586 items | Pending 14346630 items]
[ID:2432| Order 36MHTAVUF8 created | Generated 61654823 items | Pending 14327393 items]
[ID:2433| Order ABJQ0C4OI8 created | Generated 61670127 items | Pending 14312089 items]
[ID:2434| Order 8TZ2BWCTA7 created | Generated 61709752 items | Pending 14272464 items]
[ID:2435| Order YURP2L0BQ5 created | Generated 61749973 items | Pending 14232243 items]
[ID:2436| Order SCLL7UK5VE created | Generated 61775985 items | Pending 14206231 items]
[ID:2437| Order 8YVTM8PVDF created | Generated 61804773 items | Pending 14177443 items]
[ID:2438| Order 8S0S6VTQ5D created | Generated 61845187 items | Pending 14137029 items]
[ID:2439| Order AOKY5BA2MV created | Generated 61877644 items | Pending 14104572 items]
[ID:2440| Order 87RPDQKQP2 created | Generated 61910813 items | Pending 14071403 items]
[ID:2441| Order AZ3QY7F5KV created | Generated 61931298 items | Pending 14050918 items]
[ID:2442| Order UK1FELKP1W created | Generated 61975246 items | Pending 14006970 items]
[ID:2443| Order R1TPY2732L created | Generated 61979630 items | Pending 14002586 items]
[ID:2444| Order F5R0EX08Q1 created | Generated 62011830 items | Pending 13970386 items]
[ID:2445| Order AWLMUFFI1X created | Generated 62026672 items | Pending 13955544 items]
[ID:2446| Order TMZDWEPHWG created | Generated 62030598 items | Pending 13951618 items]
[ID:2447| Order EOPWVL5DDK created | Generated 62059551 items | Pending 13922665 items]
[ID:2448| Order HM0IQ11SUA created | Generated 62099228 items | Pending 13882988 items]
[ID:2449| Order H2EF5K7JS5 created | Generated 62146410 items | Pending 13835806 items]
[ID:2450| Order WF3FF74DU3 created | Generated 62198983 items | Pending 13783233 items]
[ID:2451| Order 925GF84EBD created | Generated 62216646 items | Pending 13765570 items]
[ID:2452| Order 21A1WVSDO3 created | Generated 62256438 items | Pending 13725778 items]
[ID:2453| Order ATFABCFSA8 created | Generated 62269252 items | Pending 13712964 items]
[ID:2454| Order AI4X47X8VY created | Generated 62271412 items | Pending 13710804 items]
[ID:2455| Order 1UAWEAZLRY created | Generated 62317331 items | Pending 13664885 items]
[ID:2456| Order YOD5VSEWDP created | Generated 62350442 items | Pending 13631774 items]
[ID:2457| Order QJ3XJ092DA created | Generated 62354540 items | Pending 13627676 items]
[ID:2458| Order SNJNCVLJVM created | Generated 62370881 items | Pending 13611335 items]
[ID:2459| Order RKY5VL2QP7 created | Generated 62402743 items | Pending 13579473 items]
[ID:2460| Order XJFWB4VNJR created | Generated 62447063 items | Pending 13535153 items]
[ID:2461| Order RYC774RHOI created | Generated 62470773 items | Pending 13511443 items]
[ID:2462| Order 0FGA4VT7M5 created | Generated 62508644 items | Pending 13473572 items]
[ID:2463| Order LJGZ2D1HOE created | Generated 62532401 items | Pending 13449815 items]
[ID:2464| Order 1OKRB66RQT created | Generated 62546741 items | Pending 13435475 items]
[ID:2465| Order E55JG38DQB created | Generated 62564514 items | Pending 13417702 items]
[ID:2466| Order TOGGXU47Q0 created | Generated 62580928 items | Pending 13401288 items]
[ID:2467| Order 39N0ZYC1X8 created | Generated 62589953 items | Pending 13392263 items]
[ID:2468| Order 6720S3IKWZ created | Generated 62618791 items | Pending 13363425 items]
[ID:2469| Order HS9UH702KS created | Generated 62660726 items | Pending 13321490 items]
[ID:2470| Order BTD8GCKWEM created | Generated 62679430 items | Pending 13302786 items]
[ID:2471| Order LI66BLSMFQ created | Generated 62696992 items | Pending 13285224 items]
[ID:2472| Order B2LX6G0MGF created | Generated 62745619 items | Pending 13236597 items]
[ID:2473| Order 7RQVTA3MNQ created | Generated 62778304 items | Pending 13203912 items]
[ID:2474| Order OUC5Y3FDYT created | Generated 62793657 items | Pending 13188559 items]
[ID:2475| Order O2PCQFHXWN created | Generated 62799229 items | Pending 13182987 items]
[ID:2476| Order WXVD5T72KZ created | Generated 62812167 items | Pending 13170049 items]
[ID:2477| Order Y7XTLRV47F created | Generated 62859775 items | Pending 13122441 items]
[ID:2478| Order 5SZ2KYNWRO created | Generated 62884166 items | Pending 13098050 items]
[ID:2479| Order VM3ZR2X2L3 created | Generated 62901823 items | Pending 13080393 items]
[ID:2480| Order U1XXXID2CE created | Generated 62923136 items | Pending 13059080 items]
[ID:2481| Order OWUT4PNIZZ created | Generated 62958778 items | Pending 13023438 items]
[ID:2482| Order J379274EV6 created | Generated 62975626 items | Pending 13006590 items]
[ID:2483| Order SRC1M6UVGE created | Generated 63002228 items | Pending 12979988 items]
[ID:2484| Order 3APQOX3KQ4 created | Generated 63046126 items | Pending 12936090 items]
[ID:2485| Order LTEUQXB26L created | Generated 63102184 items | Pending 12880032 items]
[ID:2486| Order 5O0RGJQ2OA created | Generated 63139518 items | Pending 12842698 items]
[ID:2487| Order TYSLPOMXOH created | Generated 63172044 items | Pending 12810172 items]
[ID:2488| Order GMMBSDDG5Y created | Generated 63205481 items | Pending 12776735 items]
[ID:2489| Order V22JSIW28X created | Generated 63244575 items | Pending 12737641 items]
[ID:2490| Order 9JH38G6JQE created | Generated 63258315 items | Pending 12723901 items]
[ID:2491| Order 9T6ZAD5VS1 created | Generated 63263461 items | Pending 12718755 items]
[ID:2492| Order QXY6U3H9PY created | Generated 63289825 items | Pending 12692391 items]
[ID:2493| Order SGIHUK39AF created | Generated 63334412 items | Pending 12647804 items]
[ID:2494| Order VFZEU8URF1 created | Generated 63378021 items | Pending 12604195 items]
[ID:2495| Order F20MPKWW8O created | Generated 63402742 items | Pending 12579474 items]
[ID:2496| Order 8MIY0SIFRF created | Generated 63404074 items | Pending 12578142 items]
[ID:2497| Order K722OPANDL created | Generated 63404089 items | Pending 12578127 items]
[ID:2498| Order RWLNUTLQ0G created | Generated 63435801 items | Pending 12546415 items]
[ID:2499| Order Z8MK15YHZB created | Generated 63449480 items | Pending 12532736 items]
[ID:2500| Order C621TNV8NC created | Generated 63484001 items | Pending 12498215 items]
[ID:2501| Order LK8EWFPN6Z created | Generated 63507918 items | Pending 12474298 items]
[ID:2502| Order ND98QDRGHD created | Generated 63520350 items | Pending 12461866 items]
[ID:2503| Order QV3FF8751T created | Generated 63534071 items | Pending 12448145 items]
[ID:2504| Order 9RFLIJWQ70 created | Generated 63577837 items | Pending 12404379 items]
[ID:2505| Order 0HO4RLF8LX created | Generated 63604888 items | Pending 12377328 items]
[ID:2506| Order YOYLA8FZM2 created | Generated 63606108 items | Pending 12376108 items]
[ID:2507| Order CT1OVQ74NK created | Generated 63607822 items | Pending 12374394 items]
[ID:2508| Order 86X3LKFSWX created | Generated 63610163 items | Pending 12372053 items]
[ID:2509| Order P8KMGHRGMU created | Generated 63656579 items | Pending 12325637 items]
[ID:2510| Order KU2R5P2GCU created | Generated 63656879 items | Pending 12325337 items]
[ID:2511| Order UIEEVL4XNU created | Generated 63675444 items | Pending 12306772 items]
[ID:2512| Order YBOII4PQPW created | Generated 63720334 items | Pending 12261882 items]
[ID:2513| Order 4UKN2KDHOA created | Generated 63731471 items | Pending 12250745 items]
[ID:2514| Order 4AZ7QPQNAI created | Generated 63735857 items | Pending 12246359 items]
[ID:2515| Order RYVXP2GO1F created | Generated 63750133 items | Pending 12232083 items]
[ID:2516| Order JX4CEYGMML created | Generated 63764603 items | Pending 12217613 items]
[ID:2517| Order 5JZQNPVVSJ created | Generated 63789694 items | Pending 12192522 items]
[ID:2518| Order ZKOV8ORZDH created | Generated 63794489 items | Pending 12187727 items]
[ID:2519| Order JB93G7BCR1 created | Generated 63819417 items | Pending 12162799 items]
[ID:2520| Order DGIXUO4JGD created | Generated 63844239 items | Pending 12137977 items]
[ID:2521| Order XGOL73I4KN created | Generated 63897582 items | Pending 12084634 items]
[ID:2522| Order K5EEC1YGEF created | Generated 63945385 items | Pending 12036831 items]
[ID:2523| Order R7GUTZ1QMI created | Generated 63987873 items | Pending 11994343 items]
[ID:2524| Order JGZ0KSENUI created | Generated 63995488 items | Pending 11986728 items]
[ID:2525| Order PYBNG8ODI0 created | Generated 64003125 items | Pending 11979091 items]
[ID:2526| Order 9BVJLOUTGE created | Generated 64027127 items | Pending 11955089 items]
[ID:2527| Order E2HSWVN7SA created | Generated 64058215 items | Pending 11924001 items]
[ID:2528| Order AFP8MJN0UG created | Generated 64080907 items | Pending 11901309 items]
[ID:2529| Order 8W40KF84EI created | Generated 64121560 items | Pending 11860656 items]
[ID:2530| Order LLL4EW4PJP created | Generated 64149548 items | Pending 11832668 items]
[ID:2531| Order 911HSAOQZ8 created | Generated 64186811 items | Pending 11795405 items]
[ID:2532| Order MECHRJIJM5 created | Generated 64223389 items | Pending 11758827 items]
[ID:2533| Order HJWG891PVE created | Generated 64245548 items | Pending 11736668 items]
[ID:2534| Order Z8P1ZBW7CB created | Generated 64280518 items | Pending 11701698 items]
[ID:2535| Order JTBIYXID0P created | Generated 64301033 items | Pending 11681183 items]
[ID:2536| Order ZYJ68K1210 created | Generated 64332454 items | Pending 11649762 items]
[ID:2537| Order 18OZDR4PIH created | Generated 64384842 items | Pending 11597374 items]
[ID:2538| Order 1GAY8N870G created | Generated 64395857 items | Pending 11586359 items]
[ID:2539| Order AXYET1K837 created | Generated 64427306 items | Pending 11554910 items]
[ID:2540| Order T60999DT5B created | Generated 64431240 items | Pending 11550976 items]
[ID:2541| Order 6G11AJQVIF created | Generated 64453350 items | Pending 11528866 items]
[ID:2542| Order MTA1GA27MS created | Generated 64496988 items | Pending 11485228 items]
[ID:2543| Order 4LHNJPSS8P created | Generated 64536907 items | Pending 11445309 items]
[ID:2544| Order JROVAUSENI created | Generated 64552157 items | Pending 11430059 items]
[ID:2545| Order 0HZGTXQJJI created | Generated 64569311 items | Pending 11412905 items]
[ID:2546| Order CA8PANR2KI created | Generated 64620301 items | Pending 11361915 items]
[ID:2547| Order VR87FULLNR created | Generated 64664365 items | Pending 11317851 items]
[ID:2548| Order ZI5VCFU2OG created | Generated 64685312 items | Pending 11296904 items]
[ID:2549| Order L0L77YFF4A created | Generated 64689903 items | Pending 11292313 items]
[ID:2550| Order RACBH6BJIT created | Generated 64716041 items | Pending 11266175 items]
[ID:2551| Order 8NAVF6285Q created | Generated 64744628 items | Pending 11237588 items]
[ID:2552| Order TXSYF89X2R created | Generated 64796641 items | Pending 11185575 items]
[ID:2553| Order 2ME8N8C5EL created | Generated 64810621 items | Pending 11171595 items]
[ID:2554| Order UH82UXVUGO created | Generated 64824357 items | Pending 11157859 items]
[ID:2555| Order 6LWVK6OB70 created | Generated 64847605 items | Pending 11134611 items]
[ID:2556| Order HNCGVKZYBI created | Generated 64894992 items | Pending 11087224 items]
[ID:2557| Order I4ZA3W9A3X created | Generated 64925570 items | Pending 11056646 items]
[ID:2558| Order M4FHP0TFTV created | Generated 64932717 items | Pending 11049499 items]
[ID:2559| Order 4ZGNCTDTY1 created | Generated 64950296 items | Pending 11031920 items]
[ID:2560| Order H78XCBACJA created | Generated 64962708 items | Pending 11019508 items]
[ID:2561| Order 0HTRLUJSSP created | Generated 65001157 items | Pending 10981059 items]
[ID:2562| Order 8LTZ2NUZK8 created | Generated 65034137 items | Pending 10948079 items]
[ID:2563| Order SWEHFSOLQV created | Generated 65073385 items | Pending 10908831 items]
[ID:2564| Order WR0P2HO00H created | Generated 65107086 items | Pending 10875130 items]
[ID:2565| Order UI5NHSKMWJ created | Generated 65113828 items | Pending 10868388 items]
[ID:2566| Order HA45HNZWH8 created | Generated 65131339 items | Pending 10850877 items]
[ID:2567| Order BJSNXCG6O5 created | Generated 65161922 items | Pending 10820294 items]
[ID:2568| Order 6CMNCJCKNM created | Generated 65166317 items | Pending 10815899 items]
[ID:2569| Order O05P94CELX created | Generated 65174920 items | Pending 10807296 items]
[ID:2570| Order EOXJLVDAYN created | Generated 65180616 items | Pending 10801600 items]
[ID:2571| Order 2NXOHPNNUY created | Generated 65183509 items | Pending 10798707 items]
[ID:2572| Order Z1HYYNN3IE created | Generated 65232264 items | Pending 10749952 items]
[ID:2573| Order RPCZ0MU98F created | Generated 65248328 items | Pending 10733888 items]
[ID:2574| Order QWHCJRFRYA created | Generated 65261792 items | Pending 10720424 items]
[ID:2575| Order I06DHMMCQO created | Generated 65289228 items | Pending 10692988 items]
[ID:2576| Order VHOCX5R4W5 created | Generated 65317352 items | Pending 10664864 items]
[ID:2577| Order LKIUFJ74FB created | Generated 65358799 items | Pending 10623417 items]
[ID:2578| Order L4Q14MXR7O created | Generated 65368898 items | Pending 10613318 items]
[ID:2579| Order OT3IOL336I created | Generated 65386756 items | Pending 10595460 items]
[ID:2580| Order P9O2ZTQ19U created | Generated 65393646 items | Pending 10588570 items]
[ID:2581| Order V01VF55728 created | Generated 65402556 items | Pending 10579660 items]
[ID:2582| Order 0KBYJ7JF7D created | Generated 65446071 items | Pending 10536145 items]
[ID:2583| Order UCZEYMM0IK created | Generated 65469984 items | Pending 10512232 items]
[ID:2584| Order QZE7CKCYWC created | Generated 65499061 items | Pending 10483155 items]
[ID:2585| Order YWHKTEKTV1 created | Generated 65516716 items | Pending 10465500 items]
[ID:2586| Order 9P95G6YMXY created | Generated 65543979 items | Pending 10438237 items]
[ID:2587| Order 66ATG8B4LR created | Generated 65552121 items | Pending 10430095 items]
[ID:2588| Order 4E44YU3TOO created | Generated 65583427 items | Pending 10398789 items]
[ID:2589| Order UZXNP2SP52 created | Generated 65586943 items | Pending 10395273 items]
[ID:2590| Order A5EGRQRDUQ created | Generated 65614158 items | Pending 10368058 items]
[ID:2591| Order 1QJ3PE63SR created | Generated 65633812 items | Pending 10348404 items]
[ID:2592| Order OT5HU8JMI0 created | Generated 65646090 items | Pending 10336126 items]
[ID:2593| Order PQT8L0U5UK created | Generated 65668126 items | Pending 10314090 items]
[ID:2594| Order TUC3C6USNN created | Generated 65691748 items | Pending 10290468 items]
[ID:2595| Order TKGFK7R6EF created | Generated 65715465 items | Pending 10266751 items]
[ID:2596| Order T3F2YUMTAG created | Generated 65761583 items | Pending 10220633 items]
[ID:2597| Order G9M82D6EVM created | Generated 65785716 items | Pending 10196500 items]
[ID:2598| Order LRBY9XHO6N created | Generated 65811220 items | Pending 10170996 items]
[ID:2599| Order ABP2GM907Z created | Generated 65825288 items | Pending 10156928 items]
[ID:2600| Order PG3MT31J44 created | Generated 65854245 items | Pending 10127971 items]
[ID:2601| Order HN1SCSGLRE created | Generated 65901444 items | Pending 10080772 items]
[ID:2602| Order C3IA4G6ZQ1 created | Generated 65902184 items | Pending 10080032 items]
[ID:2603| Order CF7JHWP1KM created | Generated 65922947 items | Pending 10059269 items]
[ID:2604| Order 48Y3DU2S30 created | Generated 65959855 items | Pending 10022361 items]
[ID:2605| Order TAUXRNA0CS created | Generated 65965452 items | Pending 10016764 items]
[ID:2606| Order 04JBKO1MP2 created | Generated 65965612 items | Pending 10016604 items]
[ID:2607| Order KFF5P1DTFK created | Generated 65976747 items | Pending 10005469 items]
[ID:2608| Order NDQ7T3J3WX created | Generated 66002449 items | Pending 9979767 items]
[ID:2609| Order ZQ3J3QDHEX created | Generated 66015271 items | Pending 9966945 items]
[ID:2610| Order GGMH03DOWQ created | Generated 66061235 items | Pending 9920981 items]
[ID:2611| Order DJVBQUSERO created | Generated 66110719 items | Pending 9871497 items]
[ID:2612| Order N53YUHTAJP created | Generated 66143412 items | Pending 9838804 items]
[ID:2613| Order D114A569U8 created | Generated 66183288 items | Pending 9798928 items]
[ID:2614| Order AJV1CTD01N created | Generated 66216554 items | Pending 9765662 items]
[ID:2615| Order R4CQML93H7 created | Generated 66265053 items | Pending 9717163 items]
[ID:2616| Order U7O6AJ1IEW created | Generated 66311766 items | Pending 9670450 items]
[ID:2617| Order VVYRT61D4H created | Generated 66350192 items | Pending 9632024 items]
[ID:2618| Order HAWNKGGHJK created | Generated 66382928 items | Pending 9599288 items]
[ID:2619| Order NB7YNBAFF0 created | Generated 66410391 items | Pending 9571825 items]
[ID:2620| Order FHVB0Q0S3S created | Generated 66443185 items | Pending 9539031 items]
[ID:2621| Order HHB5B0WI9J created | Generated 66474382 items | Pending 9507834 items]
[ID:2622| Order WXAIA4D9HK created | Generated 66513627 items | Pending 9468589 items]
[ID:2623| Order ZXJLHS3V2U created | Generated 66549945 items | Pending 9432271 items]
[ID:2624| Order K4SDN3N8NE created | Generated 66578291 items | Pending 9403925 items]
[ID:2625| Order J4KON25S7B created | Generated 66585432 items | Pending 9396784 items]
[ID:2626| Order 955A3X4FJF created | Generated 66595405 items | Pending 9386811 items]
[ID:2627| Order EDYQANVPML created | Generated 66599564 items | Pending 9382652 items]
[ID:2628| Order SMJQVZDQJA created | Generated 66626472 items | Pending 9355744 items]
[ID:2629| Order OOBURRVCK9 created | Generated 66655856 items | Pending 9326360 items]
[ID:2630| Order Z5M1E57M4G created | Generated 66680689 items | Pending 9301527 items]
[ID:2631| Order VZ137C9CPP created | Generated 66710944 items | Pending 9271272 items]
[ID:2632| Order K3GXYGRAFR created | Generated 66743506 items | Pending 9238710 items]
[ID:2633| Order RXWYF9KUH2 created | Generated 66745256 items | Pending 9236960 items]
[ID:2634| Order ZSDJRGKTGL created | Generated 66780124 items | Pending 9202092 items]
[ID:2635| Order 4N3F295SZR created | Generated 66817916 items | Pending 9164300 items]
[ID:2636| Order 6WA32OZGT3 created | Generated 66844368 items | Pending 9137848 items]
[ID:2637| Order 1Q7AOZCDMF created | Generated 66872603 items | Pending 9109613 items]
[ID:2638| Order IGERL39EY1 created | Generated 66908996 items | Pending 9073220 items]
[ID:2639| Order ABXCY3O7Z3 created | Generated 66915918 items | Pending 9066298 items]
[ID:2640| Order CJ1EUAWYAY created | Generated 66962506 items | Pending 9019710 items]
[ID:2641| Order SZZG6P3LCR created | Generated 66976386 items | Pending 9005830 items]
[ID:2642| Order IK6Q0508G3 created | Generated 67019693 items | Pending 8962523 items]
[ID:2643| Order DQPX6Z8JB8 created | Generated 67051784 items | Pending 8930432 items]
[ID:2644| Order VRBYXPJNFO created | Generated 67096347 items | Pending 8885869 items]
[ID:2645| Order PHI7YR874L created | Generated 67106705 items | Pending 8875511 items]
[ID:2646| Order AAGKI98JHC created | Generated 67118585 items | Pending 8863631 items]
[ID:2647| Order 0UJJ84DF4F created | Generated 67137088 items | Pending 8845128 items]
[ID:2648| Order 71O0AGY9ZX created | Generated 67137768 items | Pending 8844448 items]
[ID:2649| Order UCDAFDMJTG created | Generated 67159247 items | Pending 8822969 items]
[ID:2650| Order O244IH1E56 created | Generated 67169136 items | Pending 8813080 items]
[ID:2651| Order CHDBTD29FI created | Generated 67205978 items | Pending 8776238 items]
[ID:2652| Order FK6PQT86EW created | Generated 67250870 items | Pending 8731346 items]
[ID:2653| Order XDFS4WXKQH created | Generated 67272886 items | Pending 8709330 items]
[ID:2654| Order 4O0RYNRZ5Z created | Generated 67309842 items | Pending 8672374 items]
[ID:2655| Order YICM0WOPEO created | Generated 67350516 items | Pending 8631700 items]
[ID:2656| Order 9O8M4AFJ3U created | Generated 67370338 items | Pending 8611878 items]
[ID:2657| Order LVFT16XVIK created | Generated 67416544 items | Pending 8565672 items]
[ID:2658| Order UK5MLRGW9Y created | Generated 67431715 items | Pending 8550501 items]
[ID:2659| Order 4608TW5URP created | Generated 67452350 items | Pending 8529866 items]
[ID:2660| Order DQDCV3K1MM created | Generated 67474424 items | Pending 8507792 items]
[ID:2661| Order 7MM37Y7PK2 created | Generated 67476842 items | Pending 8505374 items]
[ID:2662| Order OWUD9T00FS created | Generated 67516583 items | Pending 8465633 items]
[ID:2663| Order OVSMA2PEFN created | Generated 67555177 items | Pending 8427039 items]
[ID:2664| Order 75M4Y479IW created | Generated 67555812 items | Pending 8426404 items]
[ID:2665| Order HI7FRI4JJI created | Generated 67591644 items | Pending 8390572 items]
[ID:2666| Order JLTB98F1T1 created | Generated 67596682 items | Pending 8385534 items]
[ID:2667| Order GSA3NYRZA2 created | Generated 67600243 items | Pending 8381973 items]
[ID:2668| Order SO8ZDPCI5I created | Generated 67607862 items | Pending 8374354 items]
[ID:2669| Order WJ8KJ1DF3C created | Generated 67610479 items | Pending 8371737 items]
[ID:2670| Order 1YQ13N4S4D created | Generated 67617058 items | Pending 8365158 items]
[ID:2671| Order SQBILH0CP9 created | Generated 67642347 items | Pending 8339869 items]
[ID:2672| Order PUX6YC2BKJ created | Generated 67670790 items | Pending 8311426 items]
[ID:2673| Order YS77QJI0SM created | Generated 67696539 items | Pending 8285677 items]
[ID:2674| Order KA9HLX2HDO created | Generated 67718687 items | Pending 8263529 items]
[ID:2675| Order 22X9I6NUNE created | Generated 67757391 items | Pending 8224825 items]
[ID:2676| Order WCOC60WESO created | Generated 67773675 items | Pending 8208541 items]
[ID:2677| Order IVPY57G8HU created | Generated 67788391 items | Pending 8193825 items]
[ID:2678| Order ICMACOEHXQ created | Generated 67800006 items | Pending 8182210 items]
[ID:2679| Order PRDY4QWVFQ created | Generated 67850732 items | Pending 8131484 items]
[ID:2680| Order 66O7G4L77I created | Generated 67859658 items | Pending 8122558 items]
[ID:2681| Order 8W74FFERT7 created | Generated 67861565 items | Pending 8120651 items]
[ID:2682| Order HSEB71IFEP created | Generated 67880864 items | Pending 8101352 items]
[ID:2683| Order I2BFR5IC2R created | Generated 67907062 items | Pending 8075154 items]
[ID:2684| Order 9C0L87Q40A created | Generated 67923774 items | Pending 8058442 items]
[ID:2685| Order FFUQ172J2S created | Generated 67966174 items | Pending 8016042 items]
[ID:2686| Order J0AIFGILEH created | Generated 67975328 items | Pending 8006888 items]
[ID:2687| Order RNMHCY6CJV created | Generated 68005009 items | Pending 7977207 items]
[ID:2688| Order 6FXK3KMW1E created | Generated 68036087 items | Pending 7946129 items]
[ID:2689| Order 0MBUH5BMT6 created | Generated 68061395 items | Pending 7920821 items]
[ID:2690| Order 1GFYP1AI57 created | Generated 68104094 items | Pending 7878122 items]
[ID:2691| Order 6LLZYZEF87 created | Generated 68149759 items | Pending 7832457 items]
[ID:2692| Order JMRZ59FQMH created | Generated 68174422 items | Pending 7807794 items]
[ID:2693| Order Z8H0N4963U created | Generated 68176572 items | Pending 7805644 items]
[ID:2694| Order FB8RO9WK5A created | Generated 68192230 items | Pending 7789986 items]
[ID:2695| Order 9A6UXVLDNI created | Generated 68195578 items | Pending 7786638 items]
[ID:2696| Order N5BKAH8ME0 created | Generated 68202052 items | Pending 7780164 items]
[ID:2697| Order R2PH09BGLU created | Generated 68237187 items | Pending 7745029 items]
[ID:2698| Order JR2VMOM19G created | Generated 68287381 items | Pending 7694835 items]
[ID:2699| Order N4MRON0AQ0 created | Generated 68334476 items | Pending 7647740 items]
[ID:2700| Order 3HMTAYXTI7 created | Generated 68378957 items | Pending 7603259 items]
[ID:2701| Order UDA7U4I466 created | Generated 68410784 items | Pending 7571432 items]
[ID:2702| Order C542JT7HE7 created | Generated 68443161 items | Pending 7539055 items]
[ID:2703| Order R7YYVRU56L created | Generated 68449810 items | Pending 7532406 items]
[ID:2704| Order I1CEX6NB2U created | Generated 68486101 items | Pending 7496115 items]
[ID:2705| Order KG29C3HJKE created | Generated 68526651 items | Pending 7455565 items]
[ID:2706| Order 4L2I1MAXJD created | Generated 68576517 items | Pending 7405699 items]
[ID:2707| Order PYUBRE8Z01 created | Generated 68596409 items | Pending 7385807 items]
[ID:2708| Order 5VJKDVSHGY created | Generated 68634951 items | Pending 7347265 items]
[ID:2709| Order LSK6MHOUWM created | Generated 68639987 items | Pending 7342229 items]
[ID:2710| Order B5PGKJMZKC created | Generated 68689841 items | Pending 7292375 items]
[ID:2711| Order 46B71PZLKN created | Generated 68705242 items | Pending 7276974 items]
[ID:2712| Order 5I237SRFLO created | Generated 68756440 items | Pending 7225776 items]
[ID:2713| Order GZC7PUQ24R created | Generated 68793045 items | Pending 7189171 items]
[ID:2714| Order 3OM3U7M3C5 created | Generated 68810033 items | Pending 7172183 items]
[ID:2715| Order VZWABY95NS created | Generated 68819182 items | Pending 7163034 items]
[ID:2716| Order WR5EYJ7P23 created | Generated 68830165 items | Pending 7152051 items]
[ID:2717| Order TP4FRTDNVK created | Generated 68831148 items | Pending 7151068 items]
[ID:2718| Order X21Y99ACS6 created | Generated 68836302 items | Pending 7145914 items]
[ID:2719| Order O8NG3YDM3U created | Generated 68852324 items | Pending 7129892 items]
[ID:2720| Order J1YODE1O80 created | Generated 68872624 items | Pending 7109592 items]
[ID:2721| Order 8RN7H2O16U created | Generated 68902263 items | Pending 7079953 items]
[ID:2722| Order D68QNYUNUA created | Generated 68916434 items | Pending 7065782 items]
[ID:2723| Order P8C2FUMV35 created | Generated 68937489 items | Pending 7044727 items]
[ID:2724| Order AKS4KLW5XB created | Generated 68953708 items | Pending 7028508 items]
[ID:2725| Order PPI21JHJL7 created | Generated 69003999 items | Pending 6978217 items]
[ID:2726| Order 39C3IF792L created | Generated 69014311 items | Pending 6967905 items]
[ID:2727| Order AG6DHL8DC6 created | Generated 69032531 items | Pending 6949685 items]
[ID:2728| Order XO06ESRR6J created | Generated 69040139 items | Pending 6942077 items]
[ID:2729| Order 9UW6XENVK9 created | Generated 69087726 items | Pending 6894490 items]
[ID:2730| Order T4XL0HSDCP created | Generated 69132964 items | Pending 6849252 items]
[ID:2731| Order O43Z2O45RK created | Generated 69149122 items | Pending 6833094 items]
[ID:2732| Order 5EJM60QSSG created | Generated 69171501 items | Pending 6810715 items]
[ID:2733| Order 5H9Q6Y7ANV created | Generated 69199337 items | Pending 6782879 items]
[ID:2734| Order 0D34TUMY03 created | Generated 69217186 items | Pending 6765030 items]
[ID:2735| Order YHEOSVLI59 created | Generated 69237858 items | Pending 6744358 items]
[ID:2736| Order 2L3VDGX3FW created | Generated 69283709 items | Pending 6698507 items]
[ID:2737| Order DOVBKEJRGY created | Generated 69301447 items | Pending 6680769 items]
[ID:2738| Order 6YH0OLMAED created | Generated 69302252 items | Pending 6679964 items]
[ID:2739| Order NKT3ZAZVYJ created | Generated 69343633 items | Pending 6638583 items]
[ID:2740| Order 49A1S5ZOVA created | Generated 69349528 items | Pending 6632688 items]
[ID:2741| Order 6NM6URRVLN created | Generated 69355830 items | Pending 6626386 items]
[ID:2742| Order W6EIBSJT74 created | Generated 69356903 items | Pending 6625313 items]
[ID:2743| Order QOLLG73DHA created | Generated 69361680 items | Pending 6620536 items]
[ID:2744| Order CXWIPZ8P4L created | Generated 69390951 items | Pending 6591265 items]
[ID:2745| Order PD0UYRF0BF created | Generated 69421365 items | Pending 6560851 items]
[ID:2746| Order WEX4ND8CZ7 created | Generated 69455675 items | Pending 6526541 items]
[ID:2747| Order 6G36HEYIFP created | Generated 69500911 items | Pending 6481305 items]
[ID:2748| Order G932IHEZWO created | Generated 69524685 items | Pending 6457531 items]
[ID:2749| Order 37J7SD77U2 created | Generated 69572678 items | Pending 6409538 items]
[ID:2750| Order A405QJFLHR created | Generated 69586271 items | Pending 6395945 items]
[ID:2751| Order KFBEINI3GJ created | Generated 69596257 items | Pending 6385959 items]
[ID:2752| Order VLMTWZPGAC created | Generated 69605572 items | Pending 6376644 items]
[ID:2753| Order 91505J3MD0 created | Generated 69643419 items | Pending 6338797 items]
[ID:2754| Order EN1SOXXS3U created | Generated 69662997 items | Pending 6319219 items]
[ID:2755| Order BSGJ531KMZ created | Generated 69688644 items | Pending 6293572 items]
[ID:2756| Order 32US4M141R created | Generated 69704514 items | Pending 6277702 items]
[ID:2757| Order LDYPFGEHRL created | Generated 69704574 items | Pending 6277642 items]
[ID:2758| Order MY4TQF1MB6 created | Generated 69730378 items | Pending 6251838 items]
[ID:2759| Order 6JFWF8AHSF created | Generated 69734782 items | Pending 6247434 items]
[ID:2760| Order EU6ADUKJRT created | Generated 69772797 items | Pending 6209419 items]
[ID:2761| Order VP55WEXQBC created | Generated 69800387 items | Pending 6181829 items]
[ID:2762| Order R77JRCQA92 created | Generated 69806249 items | Pending 6175967 items]
[ID:2763| Order OBWRGCDF79 created | Generated 69817123 items | Pending 6165093 items]
[ID:2764| Order JNJQQXGTC3 created | Generated 69850559 items | Pending 6131657 items]
[ID:2765| Order 7RIOMZ2PU8 created | Generated 69889566 items | Pending 6092650 items]
[ID:2766| Order 9DGZHIODO7 created | Generated 69931170 items | Pending 6051046 items]
[ID:2767| Order YNYQZTORIO created | Generated 69974157 items | Pending 6008059 items]
[ID:2768| Order MXD03EQX14 created | Generated 70015391 items | Pending 5966825 items]
[ID:2769| Order GTB3S1ND29 created | Generated 70040626 items | Pending 5941590 items]
[ID:2770| Order WCX1YOVVCQ created | Generated 70086901 items | Pending 5895315 items]
[ID:2771| Order NB3PHNGC17 created | Generated 70111732 items | Pending 5870484 items]
[ID:2772| Order ZO3KT0G4PY created | Generated 70113524 items | Pending 5868692 items]
[ID:2773| Order 2CLAYWSS9C created | Generated 70134261 items | Pending 5847955 items]
[ID:2774| Order DY8C84WVBC created | Generated 70163124 items | Pending 5819092 items]
[ID:2775| Order AJSYSOF0O3 created | Generated 70164450 items | Pending 5817766 items]
[ID:2776| Order 86MPSN7NE2 created | Generated 70167689 items | Pending 5814527 items]
[ID:2777| Order A2GP7378VQ created | Generated 70177070 items | Pending 5805146 items]
[ID:2778| Order 0LZWTX6XNG created | Generated 70188425 items | Pending 5793791 items]
[ID:2779| Order PGTRSD9I5S created | Generated 70217193 items | Pending 5765023 items]
[ID:2780| Order Z84W9LR2MH created | Generated 70234856 items | Pending 5747360 items]
[ID:2781| Order 9RJEH6CR1K created | Generated 70261102 items | Pending 5721114 items]
[ID:2782| Order MMK322L6S8 created | Generated 70303104 items | Pending 5679112 items]
[ID:2783| Order 6M6DP0HDQ5 created | Generated 70338982 items | Pending 5643234 items]
[ID:2784| Order YRPJ745CEV created | Generated 70383917 items | Pending 5598299 items]
[ID:2785| Order O07YALY3XJ created | Generated 70411032 items | Pending 5571184 items]
[ID:2786| Order ZXNATNMU39 created | Generated 70445799 items | Pending 5536417 items]
[ID:2787| Order QG82NU7S0E created | Generated 70491778 items | Pending 5490438 items]
[ID:2788| Order UJBYBKQJEM created | Generated 70526223 items | Pending 5455993 items]
[ID:2789| Order QKE0G8HT94 created | Generated 70551046 items | Pending 5431170 items]
[ID:2790| Order G1IAJZ21G2 created | Generated 70583542 items | Pending 5398674 items]
[ID:2791| Order 65L0GHL9V3 created | Generated 70591180 items | Pending 5391036 items]
[ID:2792| Order 22FJU8XLBR created | Generated 70598789 items | Pending 5383427 items]
[ID:2793| Order IEWILJFCH6 created | Generated 70620807 items | Pending 5361409 items]
[ID:2794| Order W9CE17PC9S created | Generated 70657301 items | Pending 5324915 items]
[ID:2795| Order BF1WAZ82KY created | Generated 70669956 items | Pending 5312260 items]
[ID:2796| Order RKK3JB8885 created | Generated 70719272 items | Pending 5262944 items]
[ID:2797| Order RKD6E3G1OB created | Generated 70766625 items | Pending 5215591 items]
[ID:2798| Order S3DZK8Z0O3 created | Generated 70798471 items | Pending 5183745 items]
[ID:2799| Order LUF1ORF9ML created | Generated 70845686 items | Pending 5136530 items]
[ID:2800| Order ZG9U8IBZWD created | Generated 70877628 items | Pending 5104588 items]
[ID:2801| Order HJ0233I8M6 created | Generated 70889960 items | Pending 5092256 items]
[ID:2802| Order LC05GC7CXE created | Generated 70912385 items | Pending 5069831 items]
[ID:2803| Order VWWV6IVE0G created | Generated 70953328 items | Pending 5028888 items]
[ID:2804| Order 28TB34VHDU created | Generated 70983508 items | Pending 4998708 items]
[ID:2805| Order UN5WM787OS created | Generated 71015376 items | Pending 4966840 items]
[ID:2806| Order RK2LUC2F5F created | Generated 71051922 items | Pending 4930294 items]
[ID:2807| Order EPI7IEZ1X9 created | Generated 71058572 items | Pending 4923644 items]
[ID:2808| Order CV0IOLOBHP created | Generated 71085636 items | Pending 4896580 items]
[ID:2809| Order JBLW5KXKMZ created | Generated 71131534 items | Pending 4850682 items]
[ID:2810| Order TKL2U2XAL5 created | Generated 71173172 items | Pending 4809044 items]
[ID:2811| Order I3I7T4VKMA created | Generated 71217325 items | Pending 4764891 items]
[ID:2812| Order TM9JY32TUX created | Generated 71220605 items | Pending 4761611 items]
[ID:2813| Order T8GL72MYEJ created | Generated 71263083 items | Pending 4719133 items]
[ID:2814| Order 6MK1CSBY2L created | Generated 71272796 items | Pending 4709420 items]
[ID:2815| Order 9BVA201J5O created | Generated 71316640 items | Pending 4665576 items]
[ID:2816| Order E0S8BM751K created | Generated 71358435 items | Pending 4623781 items]
[ID:2817| Order JDUXU5RULQ created | Generated 71407338 items | Pending 4574878 items]
[ID:2818| Order M62S8IJ0J9 created | Generated 71443406 items | Pending 4538810 items]
[ID:2819| Order E7JROSEXIL created | Generated 71474467 items | Pending 4507749 items]
[ID:2820| Order J22AF81RUQ created | Generated 71521381 items | Pending 4460835 items]
[ID:2821| Order ZR9SNBYQ2X created | Generated 71541763 items | Pending 4440453 items]
[ID:2822| Order KTJ1TDTJ6N created | Generated 71561775 items | Pending 4420441 items]
[ID:2823| Order 9K0L1NRJS5 created | Generated 71565822 items | Pending 4416394 items]
[ID:2824| Order VCTBIC0KER created | Generated 71566640 items | Pending 4415576 items]
[ID:2825| Order IN8C3S8M14 created | Generated 71587518 items | Pending 4394698 items]
[ID:2826| Order VW9FXPG5SA created | Generated 71624020 items | Pending 4358196 items]
[ID:2827| Order 3XKMSPX6NH created | Generated 71624626 items | Pending 4357590 items]
[ID:2828| Order CNWP5OC2RO created | Generated 71642076 items | Pending 4340140 items]
[ID:2829| Order 76NTL5TLW9 created | Generated 71665875 items | Pending 4316341 items]
[ID:2830| Order 76B1EDPQKE created | Generated 71686584 items | Pending 4295632 items]
[ID:2831| Order A6WFGT60HC created | Generated 71689793 items | Pending 4292423 items]
[ID:2832| Order CFCBXGBZEZ created | Generated 71728928 items | Pending 4253288 items]
[ID:2833| Order YXS7WIQFL4 created | Generated 71775876 items | Pending 4206340 items]
[ID:2834| Order FV8I8UZUE8 created | Generated 71792458 items | Pending 4189758 items]
[ID:2835| Order 46YT44DTH9 created | Generated 71833328 items | Pending 4148888 items]
[ID:2836| Order 8VJ6CNRHIL created | Generated 71855272 items | Pending 4126944 items]
[ID:2837| Order KFX4RU723X created | Generated 71900371 items | Pending 4081845 items]
[ID:2838| Order R45QB7A8N4 created | Generated 71907917 items | Pending 4074299 items]
[ID:2839| Order QVGOU4GH4H created | Generated 71914752 items | Pending 4067464 items]
[ID:2840| Order HDCNU9755V created | Generated 71952052 items | Pending 4030164 items]
[ID:2841| Order 7I2N10AWIK created | Generated 72007490 items | Pending 3974726 items]
[ID:2842| Order FMAOKSWBO2 created | Generated 72030032 items | Pending 3952184 items]
[ID:2843| Order EEV3TPWZEU created | Generated 72064843 items | Pending 3917373 items]
[ID:2844| Order PJR1HP5ZYE created | Generated 72082724 items | Pending 3899492 items]
[ID:2845| Order K02X0NSMMX created | Generated 72123717 items | Pending 3858499 items]
[ID:2846| Order R4T8R4R3PW created | Generated 72151885 items | Pending 3830331 items]
[ID:2847| Order 3ZET846SYR created | Generated 72175808 items | Pending 3806408 items]
[ID:2848| Order YI7XXEQBFL created | Generated 72226123 items | Pending 3756093 items]
[ID:2849| Order I3OH2J1TTG created | Generated 72239652 items | Pending 3742564 items]
[ID:2850| Order VKAJ555SJ0 created | Generated 72276514 items | Pending 3705702 items]
[ID:2851| Order YARTEM4064 created | Generated 72292756 items | Pending 3689460 items]
[ID:2852| Order ZL93D8SFOZ created | Generated 72294704 items | Pending 3687512 items]
[ID:2853| Order XZB1IDCMRR created | Generated 72321962 items | Pending 3660254 items]
[ID:2854| Order GRGRP2WY6H created | Generated 72333726 items | Pending 3648490 items]
[ID:2855| Order VATAF78ATR created | Generated 72382351 items | Pending 3599865 items]
[ID:2856| Order XH6OT3C4F4 created | Generated 72414093 items | Pending 3568123 items]
[ID:2857| Order 4I3BIVGA1U created | Generated 72434379 items | Pending 3547837 items]
[ID:2858| Order HRYY7F1V1R created | Generated 72444377 items | Pending 3537839 items]
[ID:2859| Order 3A1CT9JDE6 created | Generated 72458477 items | Pending 3523739 items]
[ID:2860| Order 6LG165QKWM created | Generated 72477478 items | Pending 3504738 items]
[ID:2861| Order GCP9Q39XUS created | Generated 72477738 items | Pending 3504478 items]
[ID:2862| Order EUAH9Z4WHF created | Generated 72482093 items | Pending 3500123 items]
[ID:2863| Order 0WUGYYSZAT created | Generated 72520101 items | Pending 3462115 items]
[ID:2864| Order UXLHT45S2P created | Generated 72546542 items | Pending 3435674 items]
[ID:2865| Order IJ1WNWWMNJ created | Generated 72546922 items | Pending 3435294 items]
[ID:2866| Order MT2C7RGXMI created | Generated 72583911 items | Pending 3398305 items]
[ID:2867| Order F54E2KZVWY created | Generated 72594652 items | Pending 3387564 items]
[ID:2868| Order VI9N3APLMM created | Generated 72622423 items | Pending 3359793 items]
[ID:2869| Order 7X2EV06LV5 created | Generated 72624137 items | Pending 3358079 items]
[ID:2870| Order YQK5DNPF7Q created | Generated 72628545 items | Pending 3353671 items]
[ID:2871| Order J1LO27DD91 created | Generated 72641983 items | Pending 3340233 items]
[ID:2872| Order TMC19RWPVN created | Generated 72655378 items | Pending 3326838 items]
[ID:2873| Order 67VXTJ2NLR created | Generated 72680473 items | Pending 3301743 items]
[ID:2874| Order FE7W5KOF8N created | Generated 72727036 items | Pending 3255180 items]
[ID:2875| Order LAKM77UV3L created | Generated 72751838 items | Pending 3230378 items]
[ID:2876| Order PAXID4GKYD created | Generated 72787817 items | Pending 3194399 items]
[ID:2877| Order HRR9XOV9L6 created | Generated 72791847 items | Pending 3190369 items]
[ID:2878| Order RURRCPYZWU created | Generated 72821404 items | Pending 3160812 items]
[ID:2879| Order 7W9OD576US created | Generated 72858299 items | Pending 3123917 items]
[ID:2880| Order U9UVN6X4DJ created | Generated 72880609 items | Pending 3101607 items]
[ID:2881| Order UMH22GGKDQ created | Generated 72926722 items | Pending 3055494 items]
[ID:2882| Order HWGMMDZHTG created | Generated 72960053 items | Pending 3022163 items]
[ID:2883| Order AC0OZRQK9W created | Generated 72981160 items | Pending 3001056 items]
[ID:2884| Order 9039BVL1J1 created | Generated 72984622 items | Pending 2997594 items]
[ID:2885| Order UYX9P1IW0V created | Generated 73030309 items | Pending 2951907 items]
[ID:2886| Order O4GTJRJPO2 created | Generated 73072542 items | Pending 2909674 items]
[ID:2887| Order UTLJVF0B79 created | Generated 73112123 items | Pending 2870093 items]
[ID:2888| Order KF0BL9WJZK created | Generated 73117738 items | Pending 2864478 items]
[ID:2889| Order UWN6AVZOUE created | Generated 73165059 items | Pending 2817157 items]
[ID:2890| Order 3SC7UFW31D created | Generated 73203929 items | Pending 2778287 items]
[ID:2891| Order G3NWR4XJI3 created | Generated 73215085 items | Pending 2767131 items]
[ID:2892| Order YCEJM3X6WT created | Generated 73259385 items | Pending 2722831 items]
[ID:2893| Order ZLQ2HRIC93 created | Generated 73275393 items | Pending 2706823 items]
[ID:2894| Order NI3AUECUVO created | Generated 73300564 items | Pending 2681652 items]
[ID:2895| Order SNUGWD5LBY created | Generated 73326158 items | Pending 2656058 items]
[ID:2896| Order O4CFQIXSL2 created | Generated 73346600 items | Pending 2635616 items]
[ID:2897| Order ZS18OVEL4N created | Generated 73348866 items | Pending 2633350 items]
[ID:2898| Order 2KG2E8B4JY created | Generated 73366418 items | Pending 2615798 items]
[ID:2899| Order 4N4FRHYD4F created | Generated 73402333 items | Pending 2579883 items]
[ID:2900| Order M5SEM5TQJ9 created | Generated 73427603 items | Pending 2554613 items]
[ID:2901| Order N5SGRTOOM2 created | Generated 73433398 items | Pending 2548818 items]
[ID:2902| Order UZBO428LMW created | Generated 73458234 items | Pending 2523982 items]
[ID:2903| Order NQN48GP3MM created | Generated 73489324 items | Pending 2492892 items]
[ID:2904| Order D89A1TOFKY created | Generated 73499933 items | Pending 2482283 items]
[ID:2905| Order 8KSDWOKTRP created | Generated 73527761 items | Pending 2454455 items]
[ID:2906| Order 4EAYK0K6MV created | Generated 73562409 items | Pending 2419807 items]
[ID:2907| Order UHG1UGA3GT created | Generated 73606590 items | Pending 2375626 items]
[ID:2908| Order 9OAD973VE6 created | Generated 73648609 items | Pending 2333607 items]
[ID:2909| Order MMOQTOO9ST created | Generated 73655997 items | Pending 2326219 items]
[ID:2910| Order W9MDEWIZLZ created | Generated 73685548 items | Pending 2296668 items]
[ID:2911| Order FECN6R3QPY created | Generated 73694685 items | Pending 2287531 items]
[ID:2912| Order N4WPNF6MYV created | Generated 73736689 items | Pending 2245527 items]
[ID:2913| Order WQZD5G8Z7C created | Generated 73765650 items | Pending 2216566 items]
[ID:2914| Order TEGJJWIK4T created | Generated 73804493 items | Pending 2177723 items]
[ID:2915| Order IQSWVUXV2X created | Generated 73822520 items | Pending 2159696 items]
[ID:2916| Order ABA1M3QKW3 created | Generated 73840705 items | Pending 2141511 items]
[ID:2917| Order VB81J57J3Q created | Generated 73844098 items | Pending 2138118 items]
[ID:2918| Order LD1V2L8B6C created | Generated 73847710 items | Pending 2134506 items]
[ID:2919| Order F9228WXXM6 created | Generated 73896632 items | Pending 2085584 items]
[ID:2920| Order 747EPDHIGW created | Generated 73922060 items | Pending 2060156 items]
[ID:2921| Order ER0GY8TXS9 created | Generated 73926275 items | Pending 2055941 items]
[ID:2922| Order 48YJW6ZK9O created | Generated 73927077 items | Pending 2055139 items]
[ID:2923| Order Y933H5LQC4 created | Generated 73945628 items | Pending 2036588 items]
[ID:2924| Order RNXKHETXJP created | Generated 73949528 items | Pending 2032688 items]
[ID:2925| Order XHK27XO11Q created | Generated 73994068 items | Pending 1988148 items]
[ID:2926| Order 2ECEAAW6AN created | Generated 74042601 items | Pending 1939615 items]
[ID:2927| Order EPT27T25JK created | Generated 74059094 items | Pending 1923122 items]
[ID:2928| Order GSSZHYFOT8 created | Generated 74094950 items | Pending 1887266 items]
[ID:2929| Order YVT0S6U5C3 created | Generated 74142600 items | Pending 1839616 items]
[ID:2930| Order QGEPK2A94P created | Generated 74169845 items | Pending 1812371 items]
[ID:2931| Order 97Z8FJKRQ6 created | Generated 74210932 items | Pending 1771284 items]
[ID:2932| Order ZQ96LB0WLK created | Generated 74241470 items | Pending 1740746 items]
[ID:2933| Order PW8YVV9PQP created | Generated 74290384 items | Pending 1691832 items]
[ID:2934| Order ZW8KOU4S2N created | Generated 74296928 items | Pending 1685288 items]
[ID:2935| Order RESFIDU27I created | Generated 74321026 items | Pending 1661190 items]
[ID:2936| Order TM50C2UPAL created | Generated 74337443 items | Pending 1644773 items]
[ID:2937| Order 5Z24CLA2BJ created | Generated 74341370 items | Pending 1640846 items]
[ID:2938| Order QNUB6R8P4J created | Generated 74349148 items | Pending 1633068 items]
[ID:2939| Order K8E00VYAXW created | Generated 74353115 items | Pending 1629101 items]
[ID:2940| Order YE720L9DJN created | Generated 74378510 items | Pending 1603706 items]
[ID:2941| Order AKPXC7KSIT created | Generated 74394838 items | Pending 1587378 items]
[ID:2942| Order 16R6UL1PFR created | Generated 74397063 items | Pending 1585153 items]
[ID:2943| Order 9X87SWGDGD created | Generated 74439130 items | Pending 1543086 items]
[ID:2944| Order O2GKMSF5E3 created | Generated 74449902 items | Pending 1532314 items]
[ID:2945| Order NSW7MTG7ES created | Generated 74487328 items | Pending 1494888 items]
[ID:2946| Order 5K5ONSDMJI created | Generated 74525398 items | Pending 1456818 items]
[ID:2947| Order AM5RIX598A created | Generated 74565064 items | Pending 1417152 items]
[ID:2948| Order 4UM4GRDLOC created | Generated 74599145 items | Pending 1383071 items]
[ID:2949| Order 1QIIWXQMNT created | Generated 74638588 items | Pending 1343628 items]
[ID:2950| Order WIWKRKAY9A created | Generated 74679736 items | Pending 1302480 items]
[ID:2951| Order L3PEOTWHL9 created | Generated 74706096 items | Pending 1276120 items]
[ID:2952| Order 64OYN04OXR created | Generated 74723691 items | Pending 1258525 items]
[ID:2953| Order X2PLP4OP16 created | Generated 74730345 items | Pending 1251871 items]
[ID:2954| Order XVHS7GZF0I created | Generated 74772209 items | Pending 1210007 items]
[ID:2955| Order N9MUUZ9UN1 created | Generated 74774828 items | Pending 1207388 items]
[ID:2956| Order 35X8LTYZRI created | Generated 74823543 items | Pending 1158673 items]
[ID:2957| Order K3XKIL76YV created | Generated 74848265 items | Pending 1133951 items]
[ID:2958| Order LJJ5HTZ5W2 created | Generated 74878735 items | Pending 1103481 items]
[ID:2959| Order 1AEF10PWNT created | Generated 74896024 items | Pending 1086192 items]
[ID:2960| Order DFAWN3QYN0 created | Generated 74927042 items | Pending 1055174 items]
[ID:2961| Order H0EXZ9KFDS created | Generated 74939827 items | Pending 1042389 items]
[ID:2962| Order JUJRRMTJOB created | Generated 74959750 items | Pending 1022466 items]
[ID:2963| Order DSGLI9BF8B created | Generated 74988838 items | Pending 993378 items]
[ID:2964| Order KRJRHDNPEJ created | Generated 75012408 items | Pending 969808 items]
[ID:2965| Order OU4Y97KMPQ created | Generated 75032540 items | Pending 949676 items]
[ID:2966| Order BIXNTL1CFF created | Generated 75075917 items | Pending 906299 items]
[ID:2967| Order OGC7FE1301 created | Generated 75119984 items | Pending 862232 items]
[ID:2968| Order BCK31MUK29 created | Generated 75144947 items | Pending 837269 items]
[ID:2969| Order 4Q2OGT57R4 created | Generated 75192880 items | Pending 789336 items]
[ID:2970| Order HCR436JTJ9 created | Generated 75234102 items | Pending 748114 items]
[ID:2971| Order GRV694YWTU created | Generated 75274931 items | Pending 707285 items]
[ID:2972| Order 6RV6HI7MB0 created | Generated 75319624 items | Pending 662592 items]
[ID:2973| Order D9Y9K4SW7N created | Generated 75327183 items | Pending 655033 items]
[ID:2974| Order HDORDBEZQW created | Generated 75369154 items | Pending 613062 items]
[ID:2975| Order T9D96PM0IT created | Generated 75376136 items | Pending 606080 items]
[ID:2976| Order 5YI2XZCFD8 created | Generated 75416737 items | Pending 565479 items]
[ID:2977| Order CZBH9RYZ2A created | Generated 75448305 items | Pending 533911 items]
[ID:2978| Order QMXK6JCLPE created | Generated 75475128 items | Pending 507088 items]
[ID:2979| Order DMZQD3MG5M created | Generated 75482897 items | Pending 499319 items]
[ID:2980| Order 8H451EMDZ4 created | Generated 75513509 items | Pending 468707 items]
[ID:2981| Order C4S3FELIVW created | Generated 75542689 items | Pending 439527 items]
[ID:2982| Order 4K7PGD2I08 created | Generated 75579777 items | Pending 402439 items]
[ID:2983| Order GOQAO35BBJ created | Generated 75611968 items | Pending 370248 items]
[ID:2984| Order KCY4MND5YG created | Generated 75653164 items | Pending 329052 items]
[ID:2985| Order OYLAUN9SR9 created | Generated 75678312 items | Pending 303904 items]
[ID:2986| Order MO2XCE98DJ created | Generated 75699971 items | Pending 282245 items]
[ID:2987| Order 3KQTCBW7X6 created | Generated 75706309 items | Pending 275907 items]
[ID:2988| Order DXIXF5PXW4 created | Generated 75709990 items | Pending 272226 items]
[ID:2989| Order L4R9GNLVNM created | Generated 75717853 items | Pending 264363 items]
[ID:2990| Order I0WGMV1GIB created | Generated 75759374 items | Pending 222842 items]
[ID:2991| Order V7H9IFWQRI created | Generated 75789630 items | Pending 192586 items]
[ID:2992| Order 2688OPHV76 created | Generated 75801384 items | Pending 180832 items]
[ID:2993| Order 68IHY1NUK6 created | Generated 75812843 items | Pending 169373 items]
[ID:2994| Order KER6IWDMSP created | Generated 75825898 items | Pending 156318 items]
[ID:2995| Order D1F3EPAK2E created | Generated 75849393 items | Pending 132823 items]
[ID:2996| Order WOA65ODNHE created | Generated 75886103 items | Pending 96113 items]
[ID:2997| Order S1SZLE0J1F created | Generated 75905357 items | Pending 76859 items]
[ID:2998| Order 0UWC950TUJ created | Generated 75910999 items | Pending 71217 items]
[ID:2999| Order 6BFTRBNKLP created | Generated 75954294 items | Pending 27922 items]
[ID:3000| Order USWKFFCL6Q created | Generated 75966990 items | Pending 15226 items]
[ID:3001| Order 1Z0S3Z8145 created | Generated 75992534 items | Pending -10318 items]
Process time: 2023-08-02 20:22:41.003955
Process generated 3001 orders, 648727 carriers and 75992534 items.
Process elapsed in: 287.50482273101807 seconds
