id,order_code,number_of_different_product,received_timestamp,despatch_timestamp,order_time
1,KDO7FITFAI,71,2019-12-11,2019-12-17,6
2,W1EVBE4F4U,40,2019-02-01,2019-02-06,5
3,KQ6ITI10FT,28,2019-10-16,2019-10-19,3
4,QJAJPXWHD8,79,2019-03-27,2019-03-29,2
5,RK640HTPGV,311,2019-01-22,2019-01-29,7
6,DHPGUFBM74,170,2019-01-22,2019-01-22,0
7,8NAQ1WJFM5,194,2019-08-21,2019-08-23,2
8,UHG7NXXBMN,142,2019-10-14,2019-10-19,5
9,58K0IX746V,83,2019-07-02,2019-07-05,3
10,QBK31A4DRW,325,2019-03-12,2019-03-18,6
11,VGEA5A8G7H,320,2019-01-04,2019-01-10,6
12,PKORS4RVNS,146,2019-07-03,2019-07-10,7
13,IFZU6F1CHF,30,2019-01-15,2019-01-17,2
14,INQBCXP5YR,78,2019-09-16,2019-09-17,1
15,LFZY0AUKJB,383,2019-08-09,2019-08-12,3
16,O097UGK1LE,116,2019-05-13,2019-05-20,7
17,FSCZHOHAKA,31,2019-01-20,2019-01-25,5
18,HHMQ9YA1EX,401,2019-12-28,2019-12-29,1
19,MA9O33Z2DH,189,2019-08-14,2019-08-17,3
20,LTJMZSB3ZN,35,2019-10-19,2019-10-23,4
21,K8LGJIN5M4,55,2019-01-18,2019-01-22,4
22,EIEHI13RQQ,25,2019-01-04,2019-01-10,6
23,24C1P5FUPZ,71,2019-10-18,2019-10-21,3
24,8SLA47CX3Q,154,2019-09-12,2019-09-16,4
25,QGHS9SWGY3,21,2019-03-29,2019-04-04,6
26,NO667WJ1EK,407,2019-11-19,2019-11-25,6
27,O5L9Y2DD7N,36,2019-01-02,2019-01-05,3
28,VNDG1TP51S,407,2019-10-23,2019-10-29,6
29,6TC2QQM8QF,34,2019-03-11,2019-03-13,2
30,TBK2LBIU8Y,77,2019-11-03,2019-11-05,2
31,DVWROJ0YYQ,384,2019-08-12,2019-08-12,0
32,U2VLFOTD3R,415,2019-04-03,2019-04-05,2
33,RI10W8N9MP,53,2019-12-14,2019-12-21,7
34,X0XHXUW5CC,407,2019-12-27,2019-12-31,4
35,OMOKUGX64F,60,2019-04-01,2019-04-04,3
36,V4AU5FIXYW,292,2019-04-08,2019-04-13,5
37,R2NHJXDM65,303,2019-10-04,2019-10-09,5
38,O32SU4F509,304,2019-08-07,2019-08-13,6
39,MXCANIIDM2,188,2019-06-27,2019-07-04,7
40,N45SS41SV0,77,2019-06-13,2019-06-20,7
41,BB9175F0L4,349,2019-02-07,2019-02-09,2
42,SMKAATMM4M,172,2019-11-04,2019-11-09,5
43,S3X69Z6VJY,193,2019-01-22,2019-01-23,1
44,2NCV53CDWE,280,2019-08-25,2019-08-30,5
45,MX7Z24C8H2,392,2019-05-09,2019-05-14,5
46,J5RF5LP2Q4,180,2019-04-07,2019-04-10,3
47,2FRBTAVDNN,4,2019-01-09,2019-01-15,6
48,ZGPFH7B9PH,315,2019-01-23,2019-01-28,5
49,12O2XWNM5Z,165,2019-04-30,2019-05-06,6
50,3TBZDGXNB3,86,2019-11-02,2019-11-06,4
51,4R5PCV6WQ8,162,2019-04-02,2019-04-07,5
52,2MDUITTGUJ,39,2019-09-02,2019-09-03,1
53,RP933UE5CU,210,2019-02-11,2019-02-16,5
54,EUIYQBD1NO,49,2019-08-17,2019-08-18,1
55,SWXSJ9W1N7,114,2019-07-01,2019-07-03,2
56,GES5SU23BM,123,2019-06-26,2019-07-01,5
57,MF8QG3F9SL,52,2019-04-10,2019-04-14,4
58,OKC3QMM0NR,294,2019-01-16,2019-01-19,3
59,OG0WL0WLWR,230,2019-09-11,2019-09-17,6
60,WBX7SPHSLD,23,2019-08-28,2019-09-01,4
61,GKYPF4047M,367,2019-06-09,2019-06-11,2
62,1XCZWGZTUV,357,2019-11-30,2019-12-07,7
63,ZNPT4F2L3G,52,2019-10-16,2019-10-20,4
64,4798F8SP2Z,391,2019-12-08,2019-12-12,4
65,KYE8L2MA6C,257,2019-04-10,2019-04-17,7
66,77AUEUGSIC,331,2019-02-07,2019-02-13,6
67,EVQB02IUU0,52,2019-08-30,2019-09-05,6
68,QGE170DD5X,355,2019-04-30,2019-05-03,3
69,XS1G2PQK01,375,2019-08-19,2019-08-25,6
70,K0NIIVJ057,20,2019-02-27,2019-03-05,6
71,LT02M3G2R6,261,2019-07-16,2019-07-20,4
72,IUDI2U4AEF,297,2019-09-10,2019-09-13,3
73,F41LWMO0EZ,430,2019-08-21,2019-08-27,6
74,VOD5PR90RP,307,2019-06-28,2019-07-02,4
75,4ISVKMJKGU,184,2019-08-01,2019-08-07,6
76,J017NEJ9IO,51,2019-09-21,2019-09-22,1
77,QRWZSPZEMQ,78,2019-08-01,2019-08-04,3
78,0I4FX7J1X2,310,2019-10-13,2019-10-20,7
79,PP2ZJATMX7,71,2019-01-09,2019-01-14,5
80,ZN48NFWAOH,210,2019-03-23,2019-03-30,7
81,6KNW95OJ56,232,2019-07-19,2019-07-24,5
82,D9U2NWITVA,173,2019-08-16,2019-08-21,5
83,SQKVFDJFB6,404,2019-12-21,2019-12-21,0
84,COU9WV9T2I,65,2019-09-17,2019-09-21,4
85,EBNS0DVRMJ,182,2019-06-27,2019-06-27,0
86,DBFGLRFLAH,268,2019-03-15,2019-03-22,7
87,DPY410PQS6,294,2019-06-18,2019-06-20,2
88,DONK9JPEYZ,361,2019-06-30,2019-07-07,7
89,0B4107D6JQ,424,2019-04-09,2019-04-09,0
90,KOYVBE6K66,203,2019-08-28,2019-08-30,2
91,RSFIMLFJT9,353,2019-11-09,2019-11-15,6
92,8C7F70XQ4N,199,2019-03-02,2019-03-07,5
93,EEGK07SLVZ,240,2019-07-12,2019-07-12,0
94,CRGNDQS8G7,299,2019-06-06,2019-06-12,6
95,CQZ5H5YVCA,200,2019-07-23,2019-07-29,6
96,H4U3I8K1AL,351,2019-11-12,2019-11-13,1
97,828UD3Q5H3,192,2019-10-07,2019-10-14,7
98,82V9IW6KAA,408,2019-11-11,2019-11-17,6
99,7DSXKTC8XY,105,2019-11-30,2019-12-01,1
100,H1A4A2QJ5M,7,2019-08-04,2019-08-11,7
101,IKOJ68X4FL,380,2019-09-14,2019-09-21,7
102,181LXQ4FIH,87,2019-05-30,2019-06-02,3
103,1JX6E94BQE,154,2019-11-22,2019-11-24,2
104,O2OEEFHMXM,339,2019-05-05,2019-05-07,2
105,CCGAC7R898,272,2019-06-30,2019-07-01,1
106,6XJSCQX9CH,389,2019-01-27,2019-02-02,6
107,ADEEF9WNLE,86,2019-11-17,2019-11-21,4
108,0FJE1Z2EMI,127,2019-04-12,2019-04-14,2
109,GZ6FM2SMRE,160,2019-02-08,2019-02-09,1
110,S20KDFXB0N,87,2019-08-29,2019-09-02,4
111,XR5E6E5X07,269,2019-09-23,2019-09-29,6
112,YBT1ZQCU99,365,2019-09-17,2019-09-24,7
113,RSS8L4CIZF,301,2019-10-29,2019-11-02,4
114,3W4RCOOMH6,85,2019-10-10,2019-10-10,0
115,ECZZNHDR6D,377,2019-11-20,2019-11-26,6
116,E03QAPD2YH,192,2019-07-12,2019-07-17,5
117,PCPQ55RILB,171,2019-06-04,2019-06-09,5
118,6YKIEY762N,244,2019-11-16,2019-11-16,0
119,UCOVMDJAT4,420,2019-11-18,2019-11-24,6
120,40YQ8ONDGV,336,2019-07-07,2019-07-14,7
121,7ENC0KKXYR,387,2019-10-26,2019-10-28,2
122,AQIMPIL6GS,118,2019-06-08,2019-06-08,0
123,KJH1VWSLCG,152,2019-03-09,2019-03-13,4
124,XK29RFSK6Y,3,2019-06-15,2019-06-20,5
125,LZMYSD5YON,238,2019-01-13,2019-01-18,5
126,EUTXMQ88SW,260,2019-10-29,2019-11-03,5
127,AA8ZU93PAV,405,2019-11-24,2019-11-24,0
128,Q4MS0D4K7R,156,2019-11-22,2019-11-22,0
129,A9IF4TL49G,331,2019-02-19,2019-02-20,1
130,67CP8H5TAH,298,2019-03-14,2019-03-20,6
131,ZKYU274AYK,53,2019-03-14,2019-03-14,0
132,FI1JWWBM65,362,2019-09-06,2019-09-13,7
133,5WQ7H6GH34,410,2019-05-27,2019-05-30,3
134,TXWS2VGF7G,380,2019-03-07,2019-03-11,4
135,UNJGLP6B1G,24,2019-03-21,2019-03-23,2
136,SMQD8RHC0A,171,2019-09-07,2019-09-09,2
137,8VQ6VMJ37B,164,2019-08-08,2019-08-11,3
138,QG2X8RB6MN,386,2019-11-16,2019-11-20,4
139,0O5GHW84QI,261,2019-09-05,2019-09-06,1
140,3L0N6GYRNP,289,2019-06-26,2019-06-30,4
141,W9KQ27XZVB,6,2019-04-29,2019-04-29,0
142,4YP97QC1I9,294,2019-06-21,2019-06-23,2
143,DZ8JWP8IJK,258,2019-04-11,2019-04-18,7
144,DT52SH4WEW,95,2019-05-04,2019-05-08,4
145,IJO82AU6NL,248,2019-07-29,2019-07-29,0
146,4YBF17UX3U,77,2019-05-15,2019-05-17,2
147,CX4JW6A3YX,59,2019-08-19,2019-08-24,5
148,T59XRKYSN7,299,2019-09-24,2019-10-01,7
149,R1GM8MBW6V,219,2019-05-19,2019-05-22,3
150,JALIIYROT6,279,2019-09-05,2019-09-06,1
151,026UFPHV43,49,2019-01-07,2019-01-13,6
152,Z3KKI52NKW,94,2019-07-07,2019-07-13,6
153,LEZFUVGIPR,95,2019-12-28,2019-12-31,3
154,V644SP8M1C,396,2019-11-05,2019-11-11,6
155,64668LEMZP,305,2019-08-25,2019-08-31,6
156,W78DTTBZOS,362,2019-08-14,2019-08-16,2
157,DNHELC6CYF,104,2019-08-21,2019-08-22,1
158,377UWWYXGG,325,2019-05-29,2019-05-29,0
159,7T6BM3WMHO,191,2019-11-19,2019-11-26,7
160,3EFL6G2K4O,322,2019-10-23,2019-10-28,5
161,Z56WCI0FKI,228,2019-12-30,2020-01-03,4
162,QHFQVX6QU8,333,2019-07-30,2019-08-06,7
163,VWX3BG0MWA,68,2019-03-31,2019-04-01,1
164,70K9VE7PEF,122,2019-03-22,2019-03-27,5
165,ZNMQ8CR4U5,125,2019-08-30,2019-08-31,1
166,3JNC57NIPG,234,2019-12-21,2019-12-21,0
167,7GHKMKCH6A,97,2019-02-13,2019-02-13,0
168,MFMW0W2M05,330,2019-06-19,2019-06-21,2
169,OV7JSUCQ2Z,268,2019-05-30,2019-06-06,7
170,M2YD4JA1F4,199,2019-08-31,2019-09-01,1
171,G6ATOTE1KX,402,2019-03-13,2019-03-14,1
172,1MUI1SKO9O,339,2019-06-01,2019-06-08,7
173,K4SU7665LS,290,2019-07-15,2019-07-16,1
174,MBQ6Y0ZKCI,261,2019-12-29,2020-01-04,6
175,0GT0ZADTN6,247,2019-12-22,2019-12-28,6
176,U2DV7WX9FW,34,2019-06-24,2019-06-27,3
177,04880R8MYS,408,2019-05-22,2019-05-26,4
178,WI4OAPPTCT,426,2019-12-11,2019-12-18,7
179,3H41DEVI46,238,2019-09-05,2019-09-07,2
180,YKAV1IG3YY,269,2019-12-06,2019-12-09,3
181,JD7G3B2ZFA,118,2019-07-18,2019-07-25,7
182,9L8R2RVWWF,161,2019-05-24,2019-05-30,6
183,D3UB0VZH8X,219,2019-01-27,2019-01-27,0
184,796DER4Y9P,199,2019-03-22,2019-03-25,3
185,UHDZBIKU01,312,2019-06-25,2019-07-02,7
186,6NFDM2THEW,163,2019-09-13,2019-09-20,7
187,W68BP2QOX2,356,2019-10-01,2019-10-04,3
188,1QH5IA9H4J,323,2019-11-13,2019-11-14,1
189,O8UAKDQLKI,25,2019-07-07,2019-07-08,1
190,7R477AUGD8,433,2019-10-14,2019-10-19,5
191,0Z0D5FDZQF,298,2019-10-28,2019-10-30,2
192,FXVGBMKATC,313,2019-05-15,2019-05-17,2
193,0ARRQ721XK,412,2019-03-03,2019-03-09,6
194,V5UDBJPAVW,74,2019-03-31,2019-04-06,6
195,1XT01ZL8U8,176,2019-06-11,2019-06-18,7
196,327Z7YKIEN,153,2019-06-24,2019-07-01,7
197,NUQQDOJYDA,321,2019-06-02,2019-06-05,3
198,14EF862J0N,363,2019-05-22,2019-05-29,7
199,KH47JL7UB8,198,2019-08-28,2019-08-31,3
200,JZUKR81ASK,123,2019-01-18,2019-01-23,5
201,GQZ3THJP5D,362,2019-09-20,2019-09-21,1
202,DGH5BXLY39,221,2019-07-27,2019-07-27,0
203,TPWPSPJPC0,355,2019-05-17,2019-05-17,0
204,9U3IEWCD8H,134,2019-09-11,2019-09-13,2
205,YZC9OX8H5N,124,2019-09-20,2019-09-26,6
206,YIFQUZHDL0,133,2019-11-09,2019-11-15,6
207,O6GWDDKIY6,358,2019-09-19,2019-09-20,1
208,LPC3964G6U,247,2019-10-10,2019-10-14,4
209,W0EDWSOH13,205,2019-11-22,2019-11-24,2
210,3O78ZQJXMH,235,2019-12-12,2019-12-13,1
211,T9MOUUKX71,290,2019-05-29,2019-06-03,5
212,B6AVA134PG,385,2019-12-14,2019-12-19,5
213,KA904PVZCJ,167,2019-11-08,2019-11-11,3
214,GC7KWX06IC,396,2019-11-12,2019-11-15,3
215,6EY6EOJ8US,253,2019-03-30,2019-04-04,5
216,BKML674OWK,289,2019-09-21,2019-09-24,3
217,CJTFP972RY,201,2019-07-08,2019-07-08,0
218,EWIQ25EO33,110,2019-08-23,2019-08-26,3
219,WBJQVMMIB5,142,2019-03-20,2019-03-20,0
220,IOA9HGBPR8,104,2019-01-29,2019-01-29,0
221,FG6SWBGD64,330,2019-08-10,2019-08-16,6
222,AJLJT2FL9L,390,2019-03-05,2019-03-07,2
223,Z0C95MOZUX,241,2019-07-08,2019-07-10,2
224,YVOOYZ23LP,120,2019-03-02,2019-03-03,1
225,OEDV9ORDF3,397,2019-09-07,2019-09-14,7
226,HZXQCWP6LM,216,2019-09-11,2019-09-17,6
227,AIITZSEPI6,321,2019-03-26,2019-03-28,2
228,KHH5R0P4PT,219,2019-02-02,2019-02-06,4
229,EDPAI9NVTW,203,2019-08-01,2019-08-02,1
230,JC00TQP7HX,389,2019-02-26,2019-03-03,5
231,RGHBA9VHXD,322,2019-08-31,2019-09-06,6
232,GU1SFBOUZW,108,2019-11-13,2019-11-16,3
233,4LBP7EP7J4,201,2019-09-21,2019-09-27,6
234,19FIZ9V6YU,131,2019-09-18,2019-09-22,4
235,XPZ9LX6FSH,183,2019-08-12,2019-08-16,4
236,FE6L6RXYN0,177,2019-02-19,2019-02-24,5
237,2RSU9LR4ZH,229,2019-05-31,2019-06-01,1
238,WJIOW26IPN,305,2019-11-29,2019-12-04,5
239,60VACTUDCV,349,2019-04-29,2019-05-06,7
240,3MXLYSAF95,136,2019-02-26,2019-03-05,7
241,5KGBN8MJU3,181,2019-03-26,2019-03-26,0
242,X0GHK9KD1P,27,2019-11-02,2019-11-05,3
243,45WG5K6JQU,263,2019-06-12,2019-06-13,1
244,XO75HCYI1B,87,2019-09-21,2019-09-22,1
245,W31RXIBB8H,205,2019-04-06,2019-04-11,5
246,7C732SLW2X,120,2019-01-01,2019-01-08,7
247,39BXH7ZUYM,372,2019-12-21,2019-12-23,2
248,W7XW9QJLTR,147,2019-06-08,2019-06-13,5
249,4LKSLPA5HP,246,2019-12-14,2019-12-16,2
250,F8H6JUE85T,93,2019-04-01,2019-04-03,2
251,IRL678RIL7,189,2019-10-06,2019-10-11,5
252,H2P7AGW9YI,98,2019-01-25,2019-02-01,7
253,9N9BW0AI0F,242,2019-07-01,2019-07-07,6
254,VNYFDQE7QJ,369,2019-02-19,2019-02-26,7
255,RYHDBTSJTQ,331,2019-06-29,2019-07-04,5
256,2E7FPXL5JH,313,2019-09-14,2019-09-20,6
257,ABFIM953CF,345,2019-02-25,2019-02-28,3
258,C8VZA8GJU2,249,2019-09-11,2019-09-17,6
259,CIL4DLPW4A,398,2019-09-08,2019-09-15,7
260,BN1GYBACNH,217,2019-03-23,2019-03-30,7
261,L1AKGB4CBM,82,2019-03-21,2019-03-26,5
262,52NPWZPR9R,274,2019-09-15,2019-09-17,2
263,0MDYYMLTG1,418,2019-11-29,2019-12-04,5
264,O8636UFURB,253,2019-08-15,2019-08-19,4
265,NT4FFX3V9G,48,2019-07-07,2019-07-08,1
266,M442LL5N7L,118,2019-10-28,2019-11-03,6
267,B9PF2S4U3G,204,2019-05-15,2019-05-19,4
268,OJ3WAKQXG7,112,2019-05-11,2019-05-17,6
269,BC3KJI7HJX,254,2019-07-27,2019-08-02,6
270,MW03OF2DO8,391,2019-06-18,2019-06-25,7
271,PL36F02F5N,94,2019-05-05,2019-05-11,6
272,8HDHCUCHL9,264,2019-10-09,2019-10-10,1
273,LM57MR3E6M,33,2019-05-23,2019-05-28,5
274,7D2DEJM2ZY,53,2019-10-25,2019-10-25,0
275,92DZ8LTU4O,247,2019-01-25,2019-01-29,4
276,1HGBRFNTX7,108,2019-09-12,2019-09-18,6
277,N0I64COA1B,193,2019-07-20,2019-07-21,1
278,HQRM6SO5GM,425,2019-10-12,2019-10-13,1
279,SUA7TPHHU8,176,2019-10-20,2019-10-22,2
280,95UOY6R964,290,2019-04-22,2019-04-25,3
281,9TKR8PQ0QT,105,2019-06-21,2019-06-27,6
282,9INVC2RSD6,130,2019-08-06,2019-08-09,3
283,800UH8IADR,175,2019-04-13,2019-04-13,0
284,UYG5859HKW,152,2019-11-27,2019-11-28,1
285,FVS9CN5OLZ,147,2019-11-27,2019-11-27,0
286,3S46FTF0VP,278,2019-08-31,2019-09-05,5
287,5938J16352,50,2019-04-03,2019-04-09,6
288,0UZT2067TG,45,2019-10-15,2019-10-19,4
289,W8G5FS15S4,320,2019-11-21,2019-11-21,0
290,D5Q502JAAY,396,2019-02-25,2019-03-03,6
291,KX08L0VN0F,105,2019-02-07,2019-02-14,7
292,B4VN5UHVZN,24,2019-03-01,2019-03-08,7
293,G8BHWHJT83,290,2019-09-11,2019-09-12,1
294,1CQMHGHOHC,135,2019-07-21,2019-07-27,6
295,NTMOGV02WH,260,2019-04-10,2019-04-10,0
296,SF8HYD1R1Z,185,2019-08-31,2019-09-04,4
297,Y45VR6XFVT,4,2019-07-01,2019-07-02,1
298,AKOXRPAPM3,190,2019-08-20,2019-08-24,4
299,ZTYHV2341J,94,2019-06-29,2019-07-02,3
300,Y1D106LB7L,411,2019-09-13,2019-09-13,0
301,37ZSOZL3NQ,355,2019-05-19,2019-05-25,6
302,J0G7YSXVZP,54,2019-06-19,2019-06-24,5
303,0R436HDEVN,225,2019-06-12,2019-06-12,0
304,VU8U248RL8,36,2019-07-18,2019-07-19,1
305,3EMTVQ1K0D,146,2019-06-08,2019-06-09,1
306,G179GGBL54,352,2019-06-15,2019-06-22,7
307,AY7328GYVC,122,2019-10-20,2019-10-22,2
308,MMWUH2I73G,100,2019-12-28,2019-12-30,2
309,D2BDKZPPZY,144,2019-04-22,2019-04-22,0
310,V8KGGRRUZR,199,2019-02-05,2019-02-10,5
311,1DPPC83LVZ,277,2019-06-12,2019-06-18,6
312,LK0NONYD3R,217,2019-09-21,2019-09-28,7
313,IZXE0YMC8T,369,2019-06-20,2019-06-22,2
314,67VUDG6S4U,78,2019-03-09,2019-03-15,6
315,TV5PXTCYTS,417,2019-09-28,2019-10-04,6
316,VO4Q9UUZHC,116,2019-03-16,2019-03-18,2
317,VWNL1T62OV,58,2019-07-29,2019-08-01,3
318,E3QXQDKPQS,54,2019-07-06,2019-07-07,1
319,CGBN7C40NH,66,2019-02-03,2019-02-04,1
320,U8K28Q9ZN2,155,2019-08-31,2019-09-03,3
321,CO9RVXH6U7,217,2019-07-21,2019-07-27,6
322,CPP9VJASQP,224,2019-11-01,2019-11-08,7
323,MLKLDSR3MO,267,2019-07-25,2019-07-29,4
324,RID86HEZZJ,52,2019-01-09,2019-01-09,0
325,T7EZQW67K0,107,2019-07-04,2019-07-11,7
326,2VDF06KFC5,268,2019-06-23,2019-06-25,2
327,XLSRXMJLGK,73,2019-03-29,2019-03-31,2
328,ALU8QOM1BT,375,2019-04-04,2019-04-09,5
329,ZP6YGK9MR4,339,2019-05-10,2019-05-16,6
330,WC0Y7Z7B11,219,2019-04-21,2019-04-21,0
331,5YJWXSXDPF,421,2019-03-19,2019-03-24,5
332,2NBNMLGTTJ,54,2019-05-28,2019-06-02,5
333,KA9HOEXDKH,236,2019-10-17,2019-10-23,6
334,50SYQEFRAF,122,2019-04-18,2019-04-21,3
335,PL6NJ9RY8Y,135,2019-09-11,2019-09-15,4
336,8CNBGWPJ1I,103,2019-01-17,2019-01-17,0
337,BU4JN60JC9,95,2019-01-22,2019-01-25,3
338,XWITP0VT5I,165,2019-05-14,2019-05-17,3
339,V2262KTIT3,127,2019-05-15,2019-05-20,5
340,RV6TIAN9SE,161,2019-09-24,2019-09-30,6
341,ESV9E8XR0O,262,2019-06-13,2019-06-19,6
342,PKDX7R21JU,211,2019-09-15,2019-09-16,1
343,W86UU1FOIX,161,2019-08-13,2019-08-16,3
344,MRJWBSDXUV,94,2019-07-04,2019-07-10,6
345,YZK1ZZ0XZA,380,2019-11-24,2019-11-26,2
346,P3X5XGINEW,202,2019-05-24,2019-05-30,6
347,GOMVXJ2RQC,200,2019-09-05,2019-09-07,2
348,2YYBVCCXWH,189,2019-12-12,2019-12-14,2
349,N0TX3KAYJX,286,2019-04-19,2019-04-20,1
350,LTAW7WJ9OD,258,2019-05-10,2019-05-16,6
351,LBQ66DG5YB,64,2019-09-04,2019-09-04,0
352,C8TH94SU4F,97,2019-04-14,2019-04-17,3
353,HEQ4W0AZ7A,41,2019-11-23,2019-11-29,6
354,HMCJ9ZKN8G,234,2019-12-08,2019-12-11,3
355,16AOE4WRFT,84,2019-11-18,2019-11-23,5
356,UXH52AW8Q8,276,2019-11-30,2019-12-02,2
357,6LOMYF5868,12,2019-10-31,2019-11-04,4
358,KBS2X1HXXD,173,2019-02-05,2019-02-08,3
359,M8I0JDB3MM,431,2019-07-13,2019-07-18,5
360,QFKO0RC9UG,36,2019-02-07,2019-02-11,4
361,9F8WNSMTAF,383,2019-09-09,2019-09-12,3
362,DBCRTMXAHJ,379,2019-09-13,2019-09-15,2
363,N2JS8NRFHB,277,2019-01-06,2019-01-10,4
364,MJVGDZ2NRB,301,2019-01-20,2019-01-24,4
365,II8TCQ04J6,1,2019-03-03,2019-03-09,6
366,NWOYKK1IRO,176,2019-10-23,2019-10-28,5
367,50X5VTY397,14,2019-01-03,2019-01-08,5
368,5Q6M65FID9,99,2019-02-11,2019-02-13,2
369,L38NSJKPA8,310,2019-12-18,2019-12-25,7
370,QLLP0LYEYZ,100,2019-01-30,2019-02-04,5
371,07THY3NJ24,207,2019-06-05,2019-06-10,5
372,64VVXVWJTC,240,2019-03-07,2019-03-07,0
373,4XMGUPUQGU,19,2019-06-21,2019-06-25,4
374,J7LG5MLHUM,119,2019-03-14,2019-03-14,0
375,BGXR4JSHGN,397,2019-11-16,2019-11-16,0
376,5TBHMRNR2Y,2,2019-08-23,2019-08-24,1
377,W0BU690BRL,37,2019-02-14,2019-02-16,2
378,NHLVQB76OY,294,2019-01-20,2019-01-27,7
379,GB3VVZG476,207,2019-02-04,2019-02-08,4
380,K9HYNTHKNF,312,2019-05-02,2019-05-05,3
381,D5XG1SYDS1,78,2019-03-27,2019-04-02,6
382,QRH1LBQWB5,25,2019-11-14,2019-11-19,5
383,SYN4I30MMI,351,2019-01-01,2019-01-05,4
384,PHDZ4PLSWN,58,2019-03-12,2019-03-15,3
385,O55XV15BN5,419,2019-08-11,2019-08-18,7
386,6R55KXKOBL,119,2019-08-24,2019-08-25,1
387,EF9W8QB6QP,373,2019-05-29,2019-05-29,0
388,COQTEOYJJF,366,2019-06-10,2019-06-12,2
389,R1XAG8ZY81,31,2019-09-03,2019-09-09,6
390,1QKLKLL5BV,376,2019-05-18,2019-05-19,1
391,ME4HP4TBQP,314,2019-03-06,2019-03-11,5
392,ICWC3GI99I,330,2019-02-09,2019-02-14,5
393,YDPAHFKK9W,227,2019-03-21,2019-03-26,5
394,AUWH77UOW7,134,2019-12-07,2019-12-12,5
395,3A9SUO6T1X,269,2019-10-07,2019-10-10,3
396,L8PBJHSOM6,171,2019-03-17,2019-03-18,1
397,UUK4BFPKQW,335,2019-11-05,2019-11-05,0
398,GNMD1KVLG8,170,2019-08-04,2019-08-08,4
399,D579DH2C7W,47,2019-12-10,2019-12-13,3
400,34UENSEI5W,195,2019-04-08,2019-04-13,5
401,QNDHQP54JF,26,2019-09-14,2019-09-16,2
402,T6B8A9546H,369,2019-06-13,2019-06-13,0
403,GK5EGHILZV,40,2019-07-26,2019-07-28,2
404,87RD09QKZZ,64,2019-04-14,2019-04-18,4
405,WPNSS0TCIY,308,2019-06-09,2019-06-11,2
406,5EHH5ZHL7U,58,2019-05-29,2019-06-05,7
407,N0SSRC2BQN,96,2019-06-08,2019-06-15,7
408,4U1RL3T7NW,46,2019-01-10,2019-01-10,0
409,7FURL0I11C,265,2019-12-02,2019-12-02,0
410,DNVE14M3KC,281,2019-03-20,2019-03-22,2
411,T0PS85DU0C,381,2019-04-29,2019-05-06,7
412,7NHGEXWB2J,285,2019-04-12,2019-04-19,7
413,X3XQ0CEMV2,114,2019-05-03,2019-05-04,1
414,FJZZ1R9G6K,89,2019-05-03,2019-05-03,0
415,RWBY9CB52K,20,2019-10-05,2019-10-08,3
416,X015TYOL7Q,30,2019-03-30,2019-04-02,3
417,48CX031R3Z,74,2019-12-22,2019-12-24,2
418,91LQWF545N,117,2019-04-09,2019-04-15,6
419,DK2XCY83SM,296,2019-01-13,2019-01-14,1
420,0LYT9FCJW4,220,2019-07-03,2019-07-04,1
421,H820O1T5N8,203,2019-03-30,2019-04-06,7
422,W8FMJEIJBQ,398,2019-11-08,2019-11-15,7
423,KNQGVCPYVV,40,2019-04-26,2019-04-29,3
424,MH3HGK1D35,399,2019-10-11,2019-10-11,0
425,UD8CQF3QMP,258,2019-05-15,2019-05-22,7
426,1751BF7GWG,193,2019-04-17,2019-04-24,7
427,ZKIA7J9X50,340,2019-09-22,2019-09-22,0
428,ZBQB62LB46,294,2019-09-05,2019-09-05,0
429,QKDLYO6XHX,207,2019-02-21,2019-02-28,7
430,X642OQJUD6,137,2019-09-24,2019-09-24,0
431,ZPNWN0350B,341,2019-02-20,2019-02-20,0
432,MZLJRMNZKK,93,2019-09-14,2019-09-16,2
433,BX5B6NJ0MX,336,2019-08-17,2019-08-20,3
434,KD2ZZAJ2W8,302,2019-02-15,2019-02-22,7
435,6FHRV4CFRA,229,2019-04-15,2019-04-21,6
436,IAHJK9805M,140,2019-04-04,2019-04-10,6
437,U1ANS34DCI,154,2019-01-01,2019-01-08,7
438,IBHDTPCVXZ,400,2019-04-14,2019-04-17,3
439,D1Y99EONHO,326,2019-04-05,2019-04-05,0
440,VZIBEVZ72P,121,2019-02-16,2019-02-19,3
441,ID9303RIY7,272,2019-05-24,2019-05-27,3
442,DLOMSJLNG6,104,2019-10-06,2019-10-07,1
443,G6DJUIX4N2,385,2019-03-18,2019-03-25,7
444,GQIET2HP75,267,2019-08-04,2019-08-10,6
445,YIZKRJNEJF,146,2019-02-01,2019-02-06,5
446,HSQ9WS9PLG,171,2019-06-19,2019-06-24,5
447,CIR6VQNO7Q,84,2019-08-20,2019-08-21,1
448,YYX0C07OI6,174,2019-08-05,2019-08-11,6
449,65WWVNA8IM,404,2019-01-07,2019-01-11,4
450,NDN25EON26,18,2019-06-06,2019-06-08,2
451,F3QNX9T5L5,182,2019-03-08,2019-03-14,6
452,3PH36NDCB3,167,2019-06-06,2019-06-08,2
453,M6K5CUN3XM,211,2019-01-16,2019-01-20,4
454,H9LSS4PBT4,20,2019-06-14,2019-06-19,5
455,V8M9TCPFN9,302,2019-07-07,2019-07-13,6
456,QL0X939DCO,218,2019-03-23,2019-03-26,3
457,2YAS2A1FB3,191,2019-10-06,2019-10-12,6
458,5Y1896BJ46,294,2019-12-15,2019-12-15,0
459,YT890GNNZA,235,2019-01-13,2019-01-19,6
460,0N5TNPWKVT,182,2019-01-08,2019-01-12,4
461,7817I5532P,246,2019-01-05,2019-01-07,2
462,X6WUMU75IO,238,2019-12-13,2019-12-16,3
463,LA10LG81UX,356,2019-04-28,2019-05-05,7
464,760K94C3BB,297,2019-05-31,2019-06-04,4
465,CP4YOMBWE1,3,2019-03-24,2019-03-30,6
466,7H7MC9AJRQ,318,2019-11-19,2019-11-26,7
467,4P6CTU0FMK,330,2019-09-10,2019-09-12,2
468,ADUF2DZNA7,9,2019-03-17,2019-03-22,5
469,H5WN4Y2XVK,132,2019-04-25,2019-04-27,2
470,ADOO7P71H6,281,2019-05-09,2019-05-13,4
471,64E50V1L2N,165,2019-12-21,2019-12-27,6
472,LGDJ7S84KG,176,2019-10-01,2019-10-02,1
473,P4RTEPPZ8O,274,2019-12-24,2019-12-25,1
474,Z86SGXM3L4,416,2019-04-20,2019-04-24,4
475,QN6SAWMLSG,178,2019-11-29,2019-12-03,4
476,HSYBOSL1ER,350,2019-06-24,2019-06-26,2
477,UWK0CB96X8,1,2019-05-13,2019-05-20,7
478,XRM1OZNEM1,156,2019-04-18,2019-04-20,2
479,VYN7D2GB9U,41,2019-08-08,2019-08-10,2
480,8KRYXGGC06,41,2019-09-04,2019-09-06,2
481,BNRSSZ2KHW,212,2019-09-01,2019-09-04,3
482,HA1QIKQELD,156,2019-08-17,2019-08-23,6
483,NTNW6GO1AN,171,2019-05-01,2019-05-07,6
484,VMCAZ419HJ,263,2019-07-08,2019-07-08,0
485,KIX2VM3W2F,125,2019-08-29,2019-09-01,3
486,ZYC5W6BPRL,83,2019-03-15,2019-03-19,4
487,MM1VTVS6Q3,175,2019-10-20,2019-10-25,5
488,ZO0YDE84CD,167,2019-07-28,2019-08-04,7
489,WQKJV4NJ9H,2,2019-10-12,2019-10-12,0
490,0DR2N0UBCW,299,2019-12-17,2019-12-20,3
491,T3H3VAFBO6,266,2019-12-17,2019-12-18,1
492,QK2SOB7I0V,245,2019-09-16,2019-09-23,7
493,1J8NKFFLUO,293,2019-06-18,2019-06-24,6
494,9IOPKEE18I,126,2019-10-20,2019-10-21,1
495,QTZX8EQGDN,72,2019-12-13,2019-12-13,0
496,Q37KZ9UGAA,287,2019-12-31,2020-01-05,5
497,5NXKGDYS0O,83,2019-12-18,2019-12-24,6
498,9NH07CZJ6J,182,2019-12-11,2019-12-11,0
499,PJDI6RLWC6,362,2019-06-17,2019-06-17,0
500,GSL5TE912N,273,2019-10-05,2019-10-12,7
501,2Z72LUJ4DX,1,2019-09-05,2019-09-11,6
502,WIGFGSY7CM,431,2019-02-27,2019-03-04,5
503,V4DSRK2PBX,165,2019-01-24,2019-01-27,3
504,WPG59YYX2X,4,2019-06-18,2019-06-19,1
505,A7PN54NVSA,311,2019-02-09,2019-02-09,0
506,9OIMMBV9CZ,231,2019-05-06,2019-05-07,1
507,L3944GIB3E,40,2019-05-01,2019-05-05,4
508,U1VC5R6FXJ,279,2019-04-15,2019-04-18,3
509,3MG5JGX91Q,424,2019-11-02,2019-11-04,2
510,32IG49554T,413,2019-08-08,2019-08-11,3
511,Q4KJD3C689,310,2019-03-22,2019-03-28,6
512,80YE41RFVE,27,2019-05-16,2019-05-22,6
513,ZV2MAP9IBC,156,2019-02-27,2019-03-06,7
514,S1BAKKZXYM,175,2019-10-16,2019-10-17,1
515,883CGSA5Q2,42,2019-09-22,2019-09-28,6
516,LNREQVXR8N,153,2019-05-19,2019-05-19,0
517,ZS3YKB6ZE4,121,2019-01-03,2019-01-03,0
518,QWXAQH65UQ,194,2019-03-18,2019-03-23,5
519,A85WJ3CW8X,383,2019-09-26,2019-10-02,6
520,FGBTGA67AF,427,2019-02-09,2019-02-14,5
521,GBWAJ16Y2T,22,2019-07-05,2019-07-05,0
522,ENYJ0SKYLC,245,2019-03-03,2019-03-08,5
523,97J2Z8KUCP,341,2019-05-22,2019-05-22,0
524,KCJMR7QXE7,320,2019-11-12,2019-11-17,5
525,8HGBI2HDKL,85,2019-11-01,2019-11-02,1
526,NX7AB5C1AK,245,2019-12-01,2019-12-06,5
527,EX97ZG0E4C,287,2019-06-19,2019-06-21,2
528,BCRMSWF584,237,2019-07-14,2019-07-15,1
529,5UD60O8QVL,122,2019-08-15,2019-08-15,0
530,AM0K8U3OON,372,2019-04-28,2019-05-02,4
531,D1SH3M0XUK,35,2019-10-04,2019-10-05,1
532,CN05QK0BFG,218,2019-08-10,2019-08-14,4
533,F1J9B34D2E,352,2019-01-20,2019-01-25,5
534,XDT0W7LW4B,278,2019-12-30,2020-01-02,3
535,TQK32F1Y09,422,2019-05-13,2019-05-17,4
536,FY20GC9LI4,136,2019-05-13,2019-05-13,0
537,N9X89OPEJT,72,2019-10-23,2019-10-23,0
538,4E0AC5TK0X,218,2019-07-31,2019-08-03,3
539,N5MNUG2G6X,274,2019-01-12,2019-01-12,0
540,A5CQLV4HEZ,314,2019-04-26,2019-05-01,5
541,L0U32GT6QY,221,2019-04-22,2019-04-24,2
542,QC1F9TJNDF,414,2019-03-10,2019-03-14,4
543,NRXDFHW1LP,216,2019-02-24,2019-02-25,1
544,F61L2YOWVL,51,2019-08-17,2019-08-18,1
545,2EBTZP7ZWH,136,2019-05-10,2019-05-10,0
546,S5H8XBGYL7,379,2019-07-11,2019-07-16,5
547,D86CDYEVQ3,217,2019-05-30,2019-06-01,2
548,15NUO7L7TV,19,2019-06-01,2019-06-01,0
549,EYPCJE51VE,292,2019-09-11,2019-09-17,6
550,BXYVXEUK0V,111,2019-11-04,2019-11-07,3
551,KFEXEHAI63,230,2019-12-09,2019-12-13,4
552,XE3QIYPGU0,331,2019-10-23,2019-10-30,7
553,A0X04WNBX5,19,2019-07-09,2019-07-16,7
554,130C79TR72,207,2019-01-26,2019-01-31,5
555,CH52BGHRBZ,313,2019-04-14,2019-04-17,3
556,P575VDHV6X,188,2019-04-15,2019-04-22,7
557,R4VX6DAEF0,132,2019-05-28,2019-06-03,6
558,IITZW98PT0,317,2019-07-01,2019-07-02,1
559,S86FOR6J36,415,2019-12-07,2019-12-11,4
560,2SL1N43HBY,56,2019-10-29,2019-11-04,6
561,J68SXXRTQT,141,2019-11-05,2019-11-12,7
562,XMC1UYKRHM,164,2019-07-19,2019-07-20,1
563,18T59NY9WG,159,2019-10-17,2019-10-24,7
564,5QXUEP9C0F,398,2019-04-16,2019-04-18,2
565,3R79Z8XANU,37,2019-05-28,2019-06-03,6
566,ZKENSJYSB1,9,2019-10-05,2019-10-07,2
567,TM6Q2L5C3Q,70,2019-05-13,2019-05-14,1
568,MJU5KNDUDR,99,2019-01-28,2019-02-03,6
569,3JFR5F0P28,150,2019-01-21,2019-01-23,2
570,YX3TF98Y9J,254,2019-07-28,2019-08-01,4
571,67NS49PIYG,108,2019-03-04,2019-03-05,1
572,VE9KG8IWB1,86,2019-08-20,2019-08-24,4
573,YFBFFGQFLK,150,2019-04-06,2019-04-07,1
574,463QIN34IT,40,2019-02-28,2019-03-07,7
575,3NQKRPH9CN,56,2019-11-29,2019-12-05,6
576,78QAU7R3UE,402,2019-02-25,2019-02-26,1
577,CLMG9D779B,44,2019-09-25,2019-09-30,5
578,BL7YFRJ2ID,365,2019-09-26,2019-09-26,0
579,LL3Q28S75S,314,2019-10-13,2019-10-16,3
580,N1JYTVJ1UQ,8,2019-10-14,2019-10-16,2
581,SBUGM0ROKP,131,2019-09-30,2019-10-02,2
582,LVXV306XMT,312,2019-03-01,2019-03-04,3
583,FGZBFO8TFS,82,2019-06-04,2019-06-06,2
584,DVV2797GWO,178,2019-01-01,2019-01-07,6
585,DUPLTYL1N2,419,2019-04-03,2019-04-04,1
586,MR58PUD2NM,70,2019-12-09,2019-12-11,2
587,EEDW528HMZ,120,2019-04-17,2019-04-19,2
588,RDT37JTHUR,86,2019-06-11,2019-06-14,3
589,1691MBT0WD,212,2019-02-03,2019-02-09,6
590,7Q4K2W4W91,134,2019-08-02,2019-08-02,0
591,Y9AXX9ZXEE,152,2019-07-24,2019-07-24,0
592,AG943FV4DT,151,2019-08-26,2019-08-27,1
593,0IOYES6M0E,344,2019-08-06,2019-08-11,5
594,AWOZD9ZXW5,354,2019-11-09,2019-11-15,6
595,ZJ8PD77ORX,79,2019-08-01,2019-08-06,5
596,XY4JN3FB4G,388,2019-01-11,2019-01-13,2
597,7XUVDY16SY,309,2019-10-07,2019-10-14,7
598,WZFII3J9S1,179,2019-12-21,2019-12-22,1
599,NDPLBVM988,19,2019-10-30,2019-11-01,2
600,R641UE3EF1,300,2019-08-06,2019-08-09,3
601,XKUYJHWXP5,126,2019-08-14,2019-08-18,4
602,ZVW7BJ4WJS,364,2019-08-10,2019-08-16,6
603,IYLJAXJOT0,240,2019-12-27,2019-12-27,0
604,ELHY0SDV64,150,2019-09-06,2019-09-13,7
605,VXRUXNWQZ0,308,2019-09-17,2019-09-18,1
606,THQSMSFWV5,61,2019-01-26,2019-01-26,0
607,WO5F7AE0H5,199,2019-04-16,2019-04-20,4
608,9832UKDEX8,61,2019-01-09,2019-01-15,6
609,EKXT9LJYJ9,56,2019-03-03,2019-03-07,4
610,R32K49MZE3,353,2019-03-08,2019-03-09,1
611,9NQ0D8L2SL,153,2019-04-18,2019-04-20,2
612,1EU44GINX8,177,2019-04-21,2019-04-22,1
613,GSW899AHL2,157,2019-04-28,2019-04-28,0
614,9HEHJH7Z4U,407,2019-12-22,2019-12-24,2
615,BRY4B4A4HU,412,2019-03-30,2019-04-02,3
616,5S5VDBBLPL,227,2019-04-23,2019-04-28,5
617,FWXJ5E5DKK,394,2019-10-07,2019-10-10,3
618,TALIZ8SQBQ,271,2019-06-17,2019-06-17,0
619,4MIL8HPV2J,292,2019-02-13,2019-02-17,4
620,EZX2RDRP2P,193,2019-08-28,2019-08-28,0
621,R7K0NL7LF3,191,2019-05-06,2019-05-13,7
622,D1FUDS3QR5,30,2019-11-18,2019-11-20,2
623,45RP1RSOXS,184,2019-11-12,2019-11-13,1
624,3IGG46LP5N,134,2019-02-27,2019-03-04,5
625,J3LL7VH7J7,421,2019-03-16,2019-03-20,4
626,TD5FO93J01,370,2019-04-11,2019-04-12,1
627,D3PVAYL5D9,329,2019-04-19,2019-04-21,2
628,NQO6WMOR0M,387,2019-06-30,2019-07-04,4
629,JQOPISBK7I,20,2019-05-31,2019-06-05,5
630,AD0G9D94LE,242,2019-02-09,2019-02-14,5
631,ZCFGTQI258,325,2019-06-11,2019-06-16,5
632,QDEGC0GRCH,182,2019-07-30,2019-08-06,7
633,2DMSFO2WTB,92,2019-11-27,2019-11-30,3
634,K300AIS0R2,333,2019-09-16,2019-09-19,3
635,BK3HZR0P7O,282,2019-03-09,2019-03-12,3
636,065H6E1D4L,187,2019-06-24,2019-06-27,3
637,9M7B6DS6MY,346,2019-08-02,2019-08-07,5
638,99G904Y93G,336,2019-12-17,2019-12-17,0
639,WG6ECVY6WP,49,2019-10-18,2019-10-25,7
640,TLLLLY2RMA,364,2019-08-10,2019-08-13,3
641,W13GF35LVO,321,2019-03-27,2019-03-28,1
642,U8SA6PNZVC,203,2019-03-02,2019-03-03,1
643,JZUI0HPHAQ,306,2019-02-11,2019-02-13,2
644,YE9A7OMXXU,192,2019-03-08,2019-03-08,0
645,MSB019EVZV,87,2019-12-30,2020-01-06,7
646,AWU6BPMRTE,129,2019-01-09,2019-01-12,3
647,R3S3NK2E51,30,2019-11-09,2019-11-13,4
648,4ZN1W6B6M0,24,2019-08-06,2019-08-13,7
649,85Y78SXWMY,403,2019-02-17,2019-02-17,0
650,RQR5NHWKCA,135,2019-05-27,2019-05-31,4
651,H6NCJ0K4RH,226,2019-08-25,2019-08-31,6
652,AJ5YRPKB47,234,2019-01-05,2019-01-09,4
653,IGZ2WTVTMU,179,2019-06-01,2019-06-06,5
654,5YLUKXJLE3,137,2019-12-11,2019-12-13,2
655,6WNCN19856,353,2019-03-03,2019-03-06,3
656,IEU6SI0IUQ,158,2019-07-22,2019-07-29,7
657,VU5PH8PZTH,82,2019-07-31,2019-08-04,4
658,QR1GZK8CLC,175,2019-07-01,2019-07-01,0
659,ZOQCX3IWUI,366,2019-01-28,2019-01-29,1
660,VHSH2JTACC,153,2019-05-04,2019-05-05,1
661,GEJ8VZVYQU,5,2019-05-26,2019-06-02,7
662,FRQUL9G8D6,265,2019-05-16,2019-05-23,7
663,SDVDCXD80X,170,2019-04-05,2019-04-11,6
664,B5J2JEN6R9,298,2019-05-07,2019-05-09,2
665,34KLAS4FKW,369,2019-05-13,2019-05-17,4
666,PGGD41YZNZ,168,2019-11-25,2019-11-30,5
667,CLHCI83ZX1,149,2019-08-07,2019-08-14,7
668,883MSUR234,404,2019-06-13,2019-06-16,3
669,TG9HDPPUYQ,223,2019-03-05,2019-03-08,3
670,RW36QQ9HFV,120,2019-07-31,2019-08-05,5
671,K0J31VVOVG,361,2019-02-24,2019-02-28,4
672,Z5TBZJE3MQ,49,2019-03-27,2019-03-30,3
673,XCQEMWBWEA,33,2019-07-14,2019-07-17,3
674,SYZ1KQ9NKS,388,2019-03-22,2019-03-29,7
675,L0A3BJ1DZ5,254,2019-02-25,2019-03-03,6
676,KRDS5YJ22B,394,2019-10-09,2019-10-13,4
677,C2CFINV6HR,38,2019-09-05,2019-09-12,7
678,FFV8Z4OK5Y,359,2019-05-22,2019-05-26,4
679,TC7INIKZUN,161,2019-05-01,2019-05-03,2
680,3DZHB96JQH,153,2019-10-25,2019-10-28,3
681,UVULERO04H,94,2019-05-24,2019-05-28,4
682,WVKJ3DV2CJ,124,2019-03-22,2019-03-25,3
683,TPA48V9YHO,114,2019-09-17,2019-09-23,6
684,TZZ3FGHXST,128,2019-07-28,2019-08-02,5
685,TM51W1VT3T,158,2019-10-16,2019-10-23,7
686,K429W7FAIU,131,2019-04-10,2019-04-16,6
687,392A0JKNMO,6,2019-09-10,2019-09-16,6
688,7HXN54MHTX,103,2019-02-16,2019-02-19,3
689,J3XJNMNTT2,382,2019-03-14,2019-03-17,3
690,06O97J0SHQ,373,2019-06-18,2019-06-20,2
691,RTEBOIQ0YM,404,2019-11-20,2019-11-25,5
692,JMRKP061N8,398,2019-01-17,2019-01-17,0
693,T0WVQL9HAX,374,2019-03-31,2019-04-04,4
694,RKEPM83F0C,135,2019-02-10,2019-02-16,6
695,FC6AO0TW8F,173,2019-09-22,2019-09-24,2
696,BT75ZMRG8B,378,2019-07-23,2019-07-28,5
697,DBIGE1249S,18,2019-07-30,2019-08-01,2
698,X7ZXH87GVX,81,2019-04-11,2019-04-11,0
699,L1LZ6BN90I,43,2019-08-25,2019-08-29,4
700,Z2N5JBBXFG,6,2019-07-10,2019-07-12,2
701,0H0XA4UVAQ,65,2019-05-01,2019-05-03,2
702,KSQF6SOZGC,422,2019-01-16,2019-01-22,6
703,Y610S3ZDP0,314,2019-04-04,2019-04-09,5
704,YISAQ9E0QS,315,2019-02-27,2019-03-06,7
705,0XHK4OY9MM,256,2019-01-23,2019-01-24,1
706,Y9J8ZJYN0G,49,2019-02-05,2019-02-11,6
707,M7QEKWGDYV,237,2019-08-18,2019-08-21,3
708,9D2ISQV7N5,88,2019-05-05,2019-05-08,3
709,A4E1JQJ6O9,211,2019-12-21,2019-12-27,6
710,K5JDRP6M6U,190,2019-05-01,2019-05-01,0
711,27O2WAVV65,298,2019-04-20,2019-04-26,6
712,4TKX7U7WOL,266,2019-08-06,2019-08-11,5
713,MD9U0R5SUH,406,2019-05-16,2019-05-16,0
714,5OAFFBV2KS,63,2019-09-16,2019-09-18,2
715,ADXKBFUPC8,253,2019-03-25,2019-03-29,4
716,GEY7NM114D,343,2019-08-05,2019-08-06,1
717,VHACHUBQG0,136,2019-03-29,2019-04-03,5
718,RMAG0AHKR6,198,2019-02-06,2019-02-11,5
719,G803F3RYCS,122,2019-07-04,2019-07-07,3
720,YU8IXY7Q19,121,2019-07-04,2019-07-10,6
721,4ZQFT5AXOQ,289,2019-10-28,2019-11-02,5
722,JWULOKRCWS,103,2019-02-27,2019-02-27,0
723,CHIDTMGLSR,170,2019-09-16,2019-09-18,2
724,566S65DJOQ,353,2019-09-07,2019-09-14,7
725,UZOBXYGJLL,308,2019-05-07,2019-05-08,1
726,XX5H8GCHBV,235,2019-05-16,2019-05-20,4
727,L28OX2FW43,209,2019-01-27,2019-01-31,4
728,7LKKYSROFB,402,2019-07-19,2019-07-21,2
729,QKY0KD5O0M,267,2019-07-28,2019-07-31,3
730,QUHUQ4M25D,320,2019-11-29,2019-11-30,1
731,PEFI0L4RX3,397,2019-08-11,2019-08-14,3
732,0MOH0PUYJH,36,2019-04-17,2019-04-20,3
733,NTORHL9PFB,408,2019-07-09,2019-07-11,2
734,NW4DA6E5O5,83,2019-12-22,2019-12-27,5
735,62ISL71AI3,316,2019-10-13,2019-10-18,5
736,2BW9LDT47Y,403,2019-03-22,2019-03-28,6
737,FP07C6Y2VQ,77,2019-06-05,2019-06-05,0
738,0A33PMXO71,174,2019-05-02,2019-05-03,1
739,2ITHZRUM5N,16,2019-10-14,2019-10-16,2
740,EW9LJC0ORM,24,2019-05-06,2019-05-13,7
741,EDBIIK6R6S,107,2019-08-03,2019-08-10,7
742,J2JF84JMQO,403,2019-08-19,2019-08-21,2
743,4714JPZAOM,350,2019-11-09,2019-11-09,0
744,BOQ0JIK0BU,304,2019-10-15,2019-10-19,4
745,WYD82S13OB,346,2019-10-23,2019-10-30,7
746,J6GZ1AHP60,252,2019-11-05,2019-11-07,2
747,JE13I7Q74Q,62,2019-03-25,2019-04-01,7
748,Y5PCXWTTPW,38,2019-06-06,2019-06-13,7
749,5LRXLFYI90,193,2019-09-04,2019-09-09,5
750,PNYKV6BKGS,258,2019-01-25,2019-01-31,6
751,SQQOMQA2TX,73,2019-12-14,2019-12-14,0
752,CQK1RG16L8,371,2019-08-29,2019-09-01,3
753,3B87DH0H1O,54,2019-07-14,2019-07-20,6
754,451224PJ09,426,2019-07-01,2019-07-03,2
755,ARJ1K9YC0D,193,2019-11-05,2019-11-06,1
756,QYI4M5WFFJ,327,2019-02-19,2019-02-24,5
757,I8XZU96C4E,244,2019-06-16,2019-06-21,5
758,LK9X7G2IPW,321,2019-05-11,2019-05-12,1
759,M7LPOW3LWB,289,2019-01-11,2019-01-12,1
760,BBPXGEOW7P,158,2019-06-12,2019-06-15,3
761,9CO9OQP2TE,236,2019-08-25,2019-08-30,5
762,7CI4NWYLNQ,158,2019-02-18,2019-02-21,3
763,2IYT7U3JUL,302,2019-07-16,2019-07-16,0
764,U55SK6LLLI,167,2019-02-10,2019-02-12,2
765,MHHY3YRJP5,62,2019-12-17,2019-12-20,3
766,XENAFXFCEP,325,2019-05-24,2019-05-28,4
767,XBIBPTGKKT,242,2019-01-26,2019-01-26,0
768,1221FDA475,355,2019-08-24,2019-08-28,4
769,2F9Q9MXYRA,50,2019-05-19,2019-05-22,3
770,W1GGKUER2A,328,2019-02-20,2019-02-27,7
771,CDLQXUUWK7,414,2019-10-20,2019-10-21,1
772,TUHHVZ9GTU,297,2019-06-18,2019-06-24,6
773,OVIKF00LKV,23,2019-08-10,2019-08-15,5
774,OVRQYWI5Z8,52,2019-10-25,2019-10-31,6
775,H6D2I4TX3Q,222,2019-03-31,2019-04-06,6
776,O6E9CCQ463,307,2019-01-25,2019-01-29,4
777,YOOUIKZ304,229,2019-04-13,2019-04-15,2
778,HKU09JKXI8,112,2019-06-06,2019-06-06,0
779,EI09EIT27E,208,2019-01-15,2019-01-21,6
780,ZSO8V8QSMC,321,2019-02-05,2019-02-09,4
781,G0HZSPVBAH,11,2019-07-19,2019-07-23,4
782,KIHQ8Y5J0Z,226,2019-09-14,2019-09-18,4
783,6HVDMC55RY,34,2019-01-05,2019-01-08,3
784,VJ9JAJ8ZMB,11,2019-06-26,2019-06-26,0
785,A6GXUKUFC4,34,2019-02-24,2019-03-02,6
786,YVB636HMNM,186,2019-07-04,2019-07-04,0
787,ZGE3KFFDX2,249,2019-07-04,2019-07-06,2
788,CLZO8H5JYC,159,2019-08-25,2019-08-27,2
789,AYTSE2P5I5,340,2019-06-19,2019-06-26,7
790,JN9Q74FSRU,410,2019-10-04,2019-10-09,5
791,ZPZA244W3L,203,2019-12-14,2019-12-18,4
792,JDV40YWRX4,257,2019-05-07,2019-05-11,4
793,04XLYHWPK5,415,2019-03-27,2019-04-02,6
794,BYT3AGCMGS,349,2019-01-13,2019-01-15,2
795,JWDN8W4XEV,170,2019-11-08,2019-11-12,4
796,95G3LT3ZTN,414,2019-09-13,2019-09-17,4
797,CQMIQRED41,53,2019-12-06,2019-12-12,6
798,EYMUSNPZOU,130,2019-01-24,2019-01-25,1
799,41FLMMAV9A,60,2019-09-20,2019-09-26,6
800,QXDTL0IFDF,55,2019-08-09,2019-08-14,5
801,GQQSLXXGC5,340,2019-06-17,2019-06-20,3
802,89PHVC7VBO,393,2019-07-06,2019-07-11,5
803,NZ5FNLBZ9V,46,2019-01-27,2019-02-03,7
804,Z8XPLVET1L,215,2019-06-28,2019-07-01,3
805,AWU8GMF7AR,356,2019-12-12,2019-12-15,3
806,ELXKSD18I8,261,2019-11-08,2019-11-15,7
807,T5EP97MFI0,147,2019-06-15,2019-06-18,3
808,R6UV7VFB5Y,72,2019-10-20,2019-10-27,7
809,RFUELC3VLM,316,2019-09-15,2019-09-15,0
810,GG1FDYRIT3,426,2019-03-30,2019-04-05,6
811,2BIDADGRLC,52,2019-06-15,2019-06-16,1
812,XNJHN3PTP6,257,2019-03-21,2019-03-25,4
813,M1AH1LHFUI,194,2019-09-26,2019-09-30,4
814,6LSC7DHYVL,152,2019-03-30,2019-04-05,6
815,1RLZ2IVTBG,430,2019-07-23,2019-07-23,0
816,5Y4VPVD7UC,245,2019-10-06,2019-10-13,7
817,AXL63PJ0VM,414,2019-05-22,2019-05-27,5
818,T8YG2V0II7,226,2019-02-11,2019-02-14,3
819,N9JB87SJQP,350,2019-06-20,2019-06-27,7
820,KSSOR0DU93,193,2019-01-27,2019-01-28,1
821,6EEXE7QMKO,159,2019-07-03,2019-07-09,6
822,UAOS18QUNY,397,2019-01-19,2019-01-21,2
823,DAG5O19BS1,180,2019-05-21,2019-05-28,7
824,NJNT1TDG9H,307,2019-06-20,2019-06-22,2
825,A5AHQSWTSH,179,2019-06-19,2019-06-24,5
826,KSSBKJG631,140,2019-10-24,2019-10-29,5
827,34O3ED0O4K,282,2019-02-08,2019-02-09,1
828,ABGTBHK77J,61,2019-11-06,2019-11-07,1
829,CZQ2H97624,254,2019-05-02,2019-05-03,1
830,0328PUC17B,405,2019-12-12,2019-12-18,6
831,PI5C038DJH,308,2019-06-09,2019-06-09,0
832,IXS09O46XL,95,2019-02-19,2019-02-25,6
833,DCF0OR6QCU,17,2019-10-08,2019-10-14,6
834,70TVX4PNAB,117,2019-08-21,2019-08-23,2
835,UNDL2DM8N8,395,2019-03-06,2019-03-10,4
836,KL8I3F9UHJ,52,2019-08-11,2019-08-16,5
837,Q2JE41V5DU,105,2019-02-19,2019-02-20,1
838,G6JO3ZEN49,389,2019-09-04,2019-09-09,5
839,DSC03YHJ4Y,354,2019-03-12,2019-03-15,3
840,3WZEXM7CWW,132,2019-04-22,2019-04-28,6
841,O2HEHHRGPV,310,2019-03-09,2019-03-12,3
842,364RFMP7AG,35,2019-06-27,2019-07-03,6
843,P8T1U3MVRG,91,2019-04-13,2019-04-14,1
844,JSZL9I0MG7,227,2019-01-25,2019-01-30,5
845,GZWC8UGP6B,268,2019-08-25,2019-08-31,6
846,H8QIC2K9UZ,329,2019-01-13,2019-01-13,0
847,3T76TQ2TQ7,184,2019-01-01,2019-01-05,4
848,IMPTO475M6,240,2019-09-05,2019-09-07,2
849,0F8SA93EQV,249,2019-06-02,2019-06-09,7
850,PBQHHDV7I3,76,2019-05-22,2019-05-29,7
851,3198KDXA0H,389,2019-04-01,2019-04-03,2
852,ARCLU2U96J,165,2019-05-15,2019-05-15,0
853,VEQYTY8PCW,215,2019-08-16,2019-08-19,3
854,XLZBRUNLV3,28,2019-11-18,2019-11-23,5
855,PX9MLNPCRF,243,2019-11-19,2019-11-25,6
856,ORGT8FVVXG,65,2019-02-18,2019-02-20,2
857,O7KE7R5MZE,238,2019-07-17,2019-07-20,3
858,7JS4ARNT4K,283,2019-08-01,2019-08-02,1
859,V0V1VNZ1JC,208,2019-01-01,2019-01-01,0
860,UD4NOG28VF,116,2019-03-13,2019-03-14,1
861,1ZUVIUZWB3,147,2019-03-27,2019-04-02,6
862,4OD6FCYODP,169,2019-06-25,2019-06-27,2
863,HEQBKKEFI2,212,2019-02-18,2019-02-18,0
864,1KTU43PX30,311,2019-04-24,2019-04-24,0
865,F25V1GIP0U,370,2019-01-04,2019-01-11,7
866,5E1XNL2H5N,271,2019-11-29,2019-12-03,4
867,V5YATI20H8,388,2019-05-25,2019-05-30,5
868,HR2ENOU0SX,157,2019-06-23,2019-06-24,1
869,H88QJPEWH0,137,2019-06-13,2019-06-17,4
870,RWQ2NW5M4C,264,2019-11-16,2019-11-21,5
871,NKNSVG0W1I,82,2019-11-06,2019-11-10,4
872,GV3HSJZHK8,40,2019-06-24,2019-06-24,0
873,SC88V04ZZ1,134,2019-04-13,2019-04-19,6
874,QZ7NNUSWQ1,122,2019-04-16,2019-04-23,7
875,0E4A2FT4F2,59,2019-04-25,2019-04-29,4
876,ELXH0ZATHZ,72,2019-06-25,2019-06-25,0
877,FA0KCS88IP,183,2019-10-25,2019-10-30,5
878,QTD8RW56OJ,53,2019-03-24,2019-03-26,2
879,4FJKTRYML0,37,2019-03-23,2019-03-26,3
880,45OJYIEQ90,306,2019-11-21,2019-11-21,0
881,WMGCPT559G,431,2019-10-08,2019-10-15,7
882,PZB0Y2WBAV,170,2019-01-30,2019-02-06,7
883,KGCXAP5FIJ,148,2019-12-18,2019-12-21,3
884,BE2VH29EOA,72,2019-05-19,2019-05-23,4
885,7MDWJ0Y577,50,2019-02-21,2019-02-28,7
886,3CXDB1JGBU,219,2019-08-07,2019-08-13,6
887,ML2SRA5OEV,350,2019-08-04,2019-08-07,3
888,8VRZ7JWZ3X,385,2019-06-29,2019-07-01,2
889,1NWZEJ6OB4,325,2019-10-28,2019-11-02,5
890,QX0XRWA6HC,274,2019-11-12,2019-11-12,0
891,BDN82ZU4HI,309,2019-12-12,2019-12-15,3
892,P82V6LOY6R,64,2019-12-29,2019-12-30,1
893,HWVG6BR6M9,231,2019-02-08,2019-02-11,3
894,X6N5FPK6IB,297,2019-09-02,2019-09-04,2
895,XFAEH6Y52L,225,2019-12-24,2019-12-30,6
896,WZ266MU2QS,6,2019-09-26,2019-10-02,6
897,7YX49J9Y1N,277,2019-10-02,2019-10-02,0
898,6W820A8Z0U,250,2019-02-23,2019-02-27,4
899,PGVU7LE2ZA,63,2019-10-26,2019-10-29,3
900,LVGXZSNKHE,266,2019-05-13,2019-05-17,4
901,ULK2MC4GR1,319,2019-12-03,2019-12-05,2
902,PD2WC40PEG,7,2019-06-29,2019-07-03,4
903,XJVQSV6LWL,161,2019-10-10,2019-10-13,3
904,UPMT8WF9OT,69,2019-07-29,2019-08-03,5
905,IM619FXCYK,39,2019-05-02,2019-05-07,5
906,DRLMJQZVN7,423,2019-01-26,2019-01-27,1
907,RO660ER821,37,2019-11-15,2019-11-16,1
908,JQDMECQZII,355,2019-04-26,2019-05-01,5
909,90AGVJ3CTY,427,2019-12-09,2019-12-12,3
910,UXQZ0515PJ,175,2019-12-15,2019-12-16,1
911,UIBY06GEZK,78,2019-10-04,2019-10-07,3
912,8Z9KMOU7CU,127,2019-12-11,2019-12-17,6
913,1T9I32YQU5,340,2019-10-08,2019-10-13,5
914,NIJLJZ26DD,329,2019-12-19,2019-12-22,3
915,7KO23WNG5U,127,2019-09-12,2019-09-14,2
916,AEVFFYZN04,312,2019-07-19,2019-07-26,7
917,BYJU9UN054,273,2019-09-11,2019-09-17,6
918,UC56NQ5JEK,254,2019-10-21,2019-10-28,7
919,KCORP4RGNC,156,2019-03-15,2019-03-19,4
920,P61ZJ5VUUL,113,2019-08-21,2019-08-23,2
921,3FB6JJ1XKY,104,2019-10-15,2019-10-17,2
922,KRE9EZNNAT,356,2019-02-15,2019-02-18,3
923,PNNSK5ICEA,419,2019-04-29,2019-04-30,1
924,HD7LGXE5FJ,48,2019-09-25,2019-09-25,0
925,OI8NVILYON,418,2019-10-13,2019-10-17,4
926,GZHY1VNHMQ,60,2019-01-05,2019-01-05,0
927,BMAGNSWU8L,119,2019-09-10,2019-09-15,5
928,E42N2441FI,318,2019-09-15,2019-09-18,3
929,DOW2V1T0BK,222,2019-01-09,2019-01-10,1
930,4D3HH8P671,251,2019-06-05,2019-06-11,6
931,DXAU85TIW0,371,2019-01-31,2019-02-03,3
932,ZAPUGA2MDF,248,2019-08-09,2019-08-14,5
933,69XWEMS04Y,157,2019-08-06,2019-08-06,0
934,SVQDEHY7CN,134,2019-04-20,2019-04-25,5
935,W7NIR5I5Q9,358,2019-01-14,2019-01-15,1
936,JQZBW5MQ9F,60,2019-01-25,2019-01-31,6
937,M8YSSDFS3J,38,2019-03-16,2019-03-19,3
938,JJDSS0NVX0,366,2019-01-21,2019-01-23,2
939,WPLO0ZKTJY,88,2019-07-14,2019-07-20,6
940,S7XS8NNIFY,417,2019-03-28,2019-04-01,4
941,WJLJBI0T49,150,2019-01-17,2019-01-24,7
942,IMTZPGBQQD,261,2019-08-04,2019-08-06,2
943,S0QPAJBZZJ,306,2019-08-21,2019-08-21,0
944,WC4DG5O9RX,24,2019-07-03,2019-07-08,5
945,VT28PCARRW,188,2019-10-17,2019-10-22,5
946,PBVPJHBJDM,370,2019-12-08,2019-12-11,3
947,FSBHV91SQT,297,2019-05-10,2019-05-13,3
948,8XHZK0GENU,353,2019-09-19,2019-09-21,2
949,7QG8HIKMQ5,247,2019-10-19,2019-10-20,1
950,1E6O2991C5,131,2019-03-13,2019-03-16,3
951,JEUKQQTT1D,366,2019-09-25,2019-09-27,2
952,RPEJL0B8EN,115,2019-05-15,2019-05-15,0
953,7BJ7SIX35D,90,2019-10-09,2019-10-09,0
954,2EQVNBL3DY,430,2019-11-26,2019-11-26,0
955,14HDWKJ8ZK,307,2019-06-27,2019-07-02,5
956,L6VVARQEHH,24,2019-04-23,2019-04-24,1
957,AW7ZYPXW8X,132,2019-04-28,2019-05-05,7
958,Q6UV5S9SVU,284,2019-04-25,2019-04-27,2
959,XR8M7BJDNU,136,2019-05-15,2019-05-18,3
960,IE28JH7Y6A,420,2019-12-13,2019-12-13,0
961,FGPTNDPWLE,297,2019-12-11,2019-12-16,5
962,7STYX7BIDP,278,2019-08-24,2019-08-30,6
963,MM1A075959,136,2019-06-02,2019-06-04,2
964,6S4LIVITQP,201,2019-01-15,2019-01-19,4
965,NQRQFHDH78,376,2019-11-13,2019-11-13,0
966,FEXX87DWOC,77,2019-09-18,2019-09-19,1
967,KFKQT0CWGZ,43,2019-06-23,2019-06-28,5
968,ZDOLD83VBY,215,2019-04-11,2019-04-18,7
969,XFIJHDFX2F,67,2019-01-06,2019-01-08,2
970,K13Z3CAGPF,215,2019-06-25,2019-06-27,2
971,HOUU4AHXMT,371,2019-09-20,2019-09-24,4
972,Z95LQB7DAE,362,2019-08-07,2019-08-11,4
973,PPCSC8D6IP,367,2019-04-17,2019-04-19,2
974,6QJRTBDG9N,15,2019-04-22,2019-04-24,2
975,J9EOK0QR9L,59,2019-05-01,2019-05-02,1
976,ONLQPD5GDK,142,2019-11-25,2019-11-26,1
977,Y4UQJJTE6P,408,2019-05-09,2019-05-14,5
978,RBQMSWULSJ,219,2019-08-29,2019-09-03,5
979,5X9RRINXAY,131,2019-04-01,2019-04-06,5
980,YU04A4QUND,394,2019-04-03,2019-04-07,4
981,AZZRZK0DMU,153,2019-08-12,2019-08-15,3
982,TTF8T1G0QX,206,2019-05-16,2019-05-20,4
983,YHBYJ4ZAUV,243,2019-02-08,2019-02-08,0
984,LPTCZ6WO59,201,2019-05-21,2019-05-27,6
985,7P1BUYL3X6,326,2019-02-06,2019-02-06,0
986,OIBNWAB8LP,393,2019-11-28,2019-11-28,0
987,G314NTBYE7,102,2019-04-28,2019-05-04,6
988,3TUWRBTTHK,384,2019-02-19,2019-02-24,5
989,UEJQQHRCIB,190,2019-05-30,2019-06-04,5
990,31GBBA7UG6,213,2019-09-10,2019-09-17,7
991,CED4UY0QJA,326,2019-09-20,2019-09-25,5
992,SXE0WOWEGL,246,2019-07-22,2019-07-28,6
993,LO6G5EQTKN,235,2019-06-19,2019-06-25,6
994,AUCOMB7TZO,369,2019-01-01,2019-01-06,5
995,W7LQ6K8CN3,4,2019-08-26,2019-08-27,1
996,9AN3UHNXU3,299,2019-01-11,2019-01-12,1
997,2805IXTVH4,103,2019-06-24,2019-06-24,0
998,UYVOHWS1N0,280,2019-03-01,2019-03-08,7
999,OUZUQ5KPIC,415,2019-02-09,2019-02-09,0
1000,J5R9IEGLFM,274,2019-09-27,2019-09-29,2
1001,569LAWJ93Y,267,2019-05-29,2019-06-02,4
1002,YMD1IZ96HK,246,2019-10-23,2019-10-23,0
1003,DMRE8OUWBN,397,2019-02-28,2019-03-02,2
1004,RS5JJ0FYJ1,296,2019-08-29,2019-09-03,5
1005,DUFFU9OVG5,292,2019-10-04,2019-10-04,0
1006,K8SCFBGJWV,324,2019-01-09,2019-01-16,7
1007,PQJ1BXJ75O,318,2019-03-13,2019-03-17,4
1008,KM4U20DL4Y,229,2019-11-29,2019-12-05,6
1009,9IA3OBJAES,99,2019-04-20,2019-04-22,2
1010,QSBSV5ASD8,96,2019-05-30,2019-06-01,2
1011,8PYUDNBEJL,4,2019-01-18,2019-01-24,6
1012,MGYWY1MSTU,11,2019-04-25,2019-04-28,3
1013,7PZEI33EV9,306,2019-03-05,2019-03-08,3
1014,XMU27PSB50,424,2019-04-17,2019-04-19,2
1015,L7E32H33E9,226,2019-02-14,2019-02-17,3
1016,5DRISXCNB7,312,2019-08-17,2019-08-23,6
1017,X15EVKJ4FQ,105,2019-02-07,2019-02-12,5
1018,ABMKE5IO9F,221,2019-01-22,2019-01-25,3
1019,VDOSGOSSR1,313,2019-12-07,2019-12-14,7
1020,I3L5OINC9O,51,2019-01-17,2019-01-23,6
1021,DVPDZXZUZ1,223,2019-07-04,2019-07-11,7
1022,3IRWX9X38H,353,2019-11-01,2019-11-06,5
1023,AO9PGEV622,337,2019-02-16,2019-02-17,1
1024,XDLGRDNNEJ,171,2019-04-20,2019-04-25,5
1025,C5TQ62N7IH,371,2019-01-06,2019-01-09,3
1026,1Q44IR6H12,285,2019-03-04,2019-03-08,4
1027,GJ4159W4L3,341,2019-06-19,2019-06-24,5
1028,HVTX7QLDWQ,98,2019-11-14,2019-11-16,2
1029,1ITTF0ZHRW,85,2019-03-19,2019-03-19,0
1030,KH82HT2NXZ,191,2019-06-04,2019-06-06,2
1031,0KY776AFZ3,200,2019-10-31,2019-11-02,2
1032,OTEKXOU6V2,183,2019-10-17,2019-10-21,4
1033,HRXKJ4R7SB,49,2019-09-10,2019-09-11,1
1034,Y75EJ0ICF0,18,2019-11-18,2019-11-22,4
1035,366S3B0NJE,86,2019-07-01,2019-07-01,0
1036,C6WKNEJH39,404,2019-04-27,2019-04-29,2
1037,E117K4X1D0,332,2019-06-09,2019-06-14,5
1038,HF0AZ9VTE7,129,2019-01-24,2019-01-27,3
1039,FDZTS3FYCJ,389,2019-04-27,2019-04-30,3
1040,XDI6KWT8TP,303,2019-08-28,2019-08-31,3
1041,4HQTPBGJOT,164,2019-09-14,2019-09-14,0
1042,4KEJR6QLYX,154,2019-07-09,2019-07-13,4
1043,LIAB340FZ7,80,2019-10-17,2019-10-19,2
1044,49APTOCYFO,285,2019-03-21,2019-03-24,3
1045,JW8LYTGRWP,326,2019-10-23,2019-10-29,6
1046,KSLPJXR8Z6,237,2019-11-16,2019-11-21,5
1047,H6MTCTEVBO,10,2019-08-14,2019-08-17,3
1048,YXNAC5ADO5,23,2019-05-19,2019-05-19,0
1049,LTNMNF5S1J,182,2019-09-14,2019-09-19,5
1050,LNYVS0KFTE,344,2019-07-19,2019-07-24,5
1051,T6J5SB01L5,86,2019-06-19,2019-06-21,2
1052,VU3AD3KRL6,311,2019-07-08,2019-07-12,4
1053,7AL5C06GAQ,75,2019-03-03,2019-03-09,6
1054,X6XWL4W94W,212,2019-04-29,2019-05-03,4
1055,GEZPI47WI5,309,2019-03-08,2019-03-13,5
1056,HCCNIZDOYG,403,2019-08-09,2019-08-16,7
1057,QFF4NA67UI,54,2019-12-06,2019-12-13,7
1058,6OTEYEJ5NZ,280,2019-10-14,2019-10-15,1
1059,RUJHCYAVH1,134,2019-05-13,2019-05-16,3
1060,9JM80EO561,373,2019-09-14,2019-09-18,4
1061,RITLKFKZMK,355,2019-07-21,2019-07-27,6
1062,41V3ZAWODY,269,2019-11-08,2019-11-13,5
1063,WV70N6X8EK,302,2019-12-07,2019-12-07,0
1064,RCZZ6APYFA,261,2019-07-28,2019-07-28,0
1065,EZ8JEN0TYS,334,2019-06-11,2019-06-17,6
1066,3YOSFND03L,188,2019-08-08,2019-08-10,2
1067,KIS3KV8FIO,17,2019-08-08,2019-08-13,5
1068,BPFZ20QYXX,152,2019-03-15,2019-03-17,2
1069,CH0GDVCLHN,71,2019-12-13,2019-12-17,4
1070,LPGHI7PVR5,381,2019-02-16,2019-02-16,0
1071,XC0MLAP73R,109,2019-08-13,2019-08-13,0
1072,QX8Y3EZMD2,342,2019-10-26,2019-10-30,4
1073,1Y7LX078B0,100,2019-10-27,2019-10-31,4
1074,EDI9FK4F9B,102,2019-04-02,2019-04-06,4
1075,FGDJ4ENHT3,280,2019-07-12,2019-07-16,4
1076,JPGGLS4EH9,89,2019-05-14,2019-05-16,2
1077,GT05PBC592,412,2019-02-08,2019-02-08,0
1078,OJ4714CRGL,357,2019-06-02,2019-06-09,7
1079,P0E1NP2GFX,311,2019-02-04,2019-02-08,4
1080,3V3DQVKNVT,26,2019-02-05,2019-02-06,1
1081,43ID53EX3H,408,2019-07-31,2019-08-05,5
1082,A87RSVG67D,373,2019-12-14,2019-12-19,5
1083,QL5JLM7K2E,134,2019-08-17,2019-08-19,2
1084,W210U7BS5J,241,2019-08-12,2019-08-17,5
1085,DDACMM53QU,272,2019-11-28,2019-12-03,5
1086,7TO01Y4S8Q,33,2019-07-17,2019-07-23,6
1087,FM3VB5CPY4,341,2019-10-29,2019-10-29,0
1088,SKNMYI2WSR,72,2019-06-11,2019-06-18,7
1089,YJFXIEPEU6,152,2019-11-24,2019-11-30,6
1090,ZTR29IRLR1,315,2019-04-01,2019-04-01,0
1091,NS6FWK43PA,355,2019-02-17,2019-02-24,7
1092,ZX8WYI2DTF,409,2019-11-18,2019-11-18,0
1093,TKSKKKJZJC,76,2019-01-04,2019-01-08,4
1094,RQWBHCROFE,291,2019-01-19,2019-01-19,0
1095,6V12DILU5G,339,2019-11-20,2019-11-26,6
1096,6HF0ZKTSLX,194,2019-05-09,2019-05-16,7
1097,PZ38VFB7WT,54,2019-10-11,2019-10-14,3
1098,EI26NMPNDM,198,2019-04-18,2019-04-24,6
1099,OBOSZ54E9I,98,2019-02-10,2019-02-12,2
1100,M74M52SGX1,125,2019-02-05,2019-02-07,2
1101,9EBNDE39KX,153,2019-04-11,2019-04-11,0
1102,T1MNXSB1NC,354,2019-01-04,2019-01-07,3
1103,CK4SP36DQ0,433,2019-05-13,2019-05-15,2
1104,XZ3VJMOU2D,288,2019-05-21,2019-05-24,3
1105,196AM4TB8Z,72,2019-12-05,2019-12-09,4
1106,J9BPM1QRNC,248,2019-10-21,2019-10-26,5
1107,ZYAK30GVOY,33,2019-10-15,2019-10-15,0
1108,LMLRDQV937,380,2019-01-09,2019-01-13,4
1109,EM66N7SIMF,255,2019-05-22,2019-05-27,5
1110,N1I72NQNMG,321,2019-10-24,2019-10-30,6
1111,54E52NJIBV,23,2019-09-10,2019-09-10,0
1112,7HB65LB1D6,408,2019-11-28,2019-12-02,4
1113,44BENGX5N0,319,2019-05-13,2019-05-18,5
1114,RFEL7YX8PW,203,2019-04-08,2019-04-14,6
1115,EDLL2ZRXV8,267,2019-02-20,2019-02-20,0
1116,2DSSEODGX2,354,2019-08-12,2019-08-19,7
1117,OJ3RPTM5D9,352,2019-11-29,2019-12-01,2
1118,EH2S509RU2,397,2019-11-28,2019-12-03,5
1119,OAMKVFKJU2,90,2019-06-23,2019-06-25,2
1120,BOQZJRGOQJ,316,2019-12-11,2019-12-12,1
1121,2K5L1E2ATG,51,2019-01-03,2019-01-10,7
1122,MOHFVDR7VX,76,2019-11-15,2019-11-15,0
1123,DRE9QLQ31Z,119,2019-05-13,2019-05-16,3
1124,JKQWUNX0V7,207,2019-06-19,2019-06-23,4
1125,D37RAPDIVM,165,2019-11-04,2019-11-11,7
1126,DP2TM5KY1R,407,2019-02-07,2019-02-13,6
1127,9X7G68Y6GR,17,2019-06-04,2019-06-09,5
1128,87583SPW0X,133,2019-04-04,2019-04-05,1
1129,C8N7QI13JW,254,2019-10-20,2019-10-27,7
1130,LNTY7Y3QPE,230,2019-01-04,2019-01-09,5
1131,HGSUC2FRHL,201,2019-12-14,2019-12-17,3
1132,T0PDWN1KD6,84,2019-04-10,2019-04-13,3
1133,B5JCCXZ01Y,397,2019-02-02,2019-02-05,3
1134,MR7G0XBC2U,250,2019-09-27,2019-10-01,4
1135,GXKJFGFC03,333,2019-08-03,2019-08-04,1
1136,PGQTE107AQ,395,2019-12-25,2019-12-29,4
1137,7QY3A4ZCFN,311,2019-05-08,2019-05-14,6
1138,DQ1D428UNH,49,2019-03-13,2019-03-18,5
1139,1Y5QBN89AB,67,2019-10-02,2019-10-09,7
1140,G6C9B0QDJE,242,2019-10-02,2019-10-06,4
1141,H6ECT9HRSR,39,2019-10-06,2019-10-09,3
1142,OCPK093L2T,331,2019-03-07,2019-03-13,6
1143,WY1B319Q3J,305,2019-02-20,2019-02-20,0
1144,4NGHBFQC6B,36,2019-08-16,2019-08-23,7
1145,MSJBOO2OCO,390,2019-08-20,2019-08-26,6
1146,HFOM1TFIWJ,157,2019-06-18,2019-06-23,5
1147,AIR2M1CNK6,10,2019-04-01,2019-04-02,1
1148,9NISN8GLJA,148,2019-06-20,2019-06-23,3
1149,CEAAZUX29O,338,2019-03-06,2019-03-10,4
1150,5T5F11LXPX,48,2019-04-15,2019-04-15,0
1151,BPBCLIWN96,40,2019-11-29,2019-12-01,2
1152,37KCSBKG2L,228,2019-08-05,2019-08-12,7
1153,5NWWLTIY4Z,314,2019-11-22,2019-11-22,0
1154,XHC8E1F1LI,218,2019-04-26,2019-04-28,2
1155,BP1Z7FG9SP,43,2019-07-02,2019-07-02,0
1156,LV9ZB1JBLH,430,2019-06-07,2019-06-12,5
1157,8IV41GLT1N,407,2019-11-26,2019-11-30,4
1158,FZM68FNXEB,276,2019-04-12,2019-04-14,2
1159,7BP702S8PJ,294,2019-10-03,2019-10-08,5
1160,USU99MWVCY,112,2019-09-13,2019-09-18,5
1161,IOZ5K4HXUQ,203,2019-07-20,2019-07-27,7
1162,55MUD3L4KR,361,2019-05-09,2019-05-16,7
1163,HE650K9GKH,238,2019-04-07,2019-04-07,0
1164,F7D417554A,186,2019-06-13,2019-06-19,6
1165,CN11B30EYD,53,2019-03-17,2019-03-19,2
1166,OA8U5Y8T8T,301,2019-03-18,2019-03-24,6
1167,M2FNWVXFUY,423,2019-01-22,2019-01-26,4
1168,WJ4NZRR8CC,184,2019-05-23,2019-05-29,6
1169,AXNJZFCG2M,289,2019-11-29,2019-12-03,4
1170,MELOXI5LGW,116,2019-02-18,2019-02-21,3
1171,ZMYBPVCGSY,223,2019-02-09,2019-02-10,1
1172,KK5NW15PB2,399,2019-12-21,2019-12-27,6
1173,2703QJLT1U,426,2019-06-09,2019-06-15,6
1174,OL9ES8T14N,174,2019-10-14,2019-10-21,7
1175,3XMDMGZ6H8,246,2019-03-25,2019-03-30,5
1176,1K3BXOYS2L,191,2019-05-24,2019-05-25,1
1177,QUS1J0L01O,257,2019-09-27,2019-09-30,3
1178,EWZDDKZDRC,346,2019-03-07,2019-03-14,7
1179,GELP37TWP8,111,2019-06-09,2019-06-15,6
1180,87V9OHMGD7,371,2019-09-08,2019-09-11,3
1181,G2AFMWCLMD,390,2019-06-07,2019-06-07,0
1182,3850HAVNLV,367,2019-11-17,2019-11-21,4
1183,FGP441X7HM,41,2019-10-19,2019-10-19,0
1184,J3LWIUT1EW,155,2019-12-25,2020-01-01,7
1185,CWE4DMNJU8,425,2019-01-10,2019-01-12,2
1186,EOJBKN8W0F,295,2019-05-13,2019-05-16,3
1187,096W97X17B,254,2019-04-16,2019-04-16,0
1188,XF6SD09WKL,282,2019-10-05,2019-10-09,4
1189,AHODTJIJKN,192,2019-01-14,2019-01-17,3
1190,4VRXMV2VBO,336,2019-01-22,2019-01-29,7
1191,K9004JFHUM,371,2019-10-26,2019-10-30,4
1192,C2X44C5NRD,256,2019-05-01,2019-05-06,5
1193,T2IKXNJH32,267,2019-12-21,2019-12-28,7
1194,EIIM9V4DIW,31,2019-11-03,2019-11-09,6
1195,6KDYKDNUAX,23,2019-02-09,2019-02-11,2
1196,H15KD7ZEP5,139,2019-08-07,2019-08-12,5
1197,WNIEBG71SB,322,2019-07-10,2019-07-16,6
1198,VUW37ECUDS,175,2019-05-29,2019-05-31,2
1199,JX6H2K7LK8,307,2019-01-02,2019-01-06,4
1200,CPPRFF4HHP,372,2019-08-04,2019-08-07,3
1201,Z8Y6MVJ95A,139,2019-03-07,2019-03-13,6
1202,U9QVZM0SIC,37,2019-10-22,2019-10-28,6
1203,EXDCLJTMX3,280,2019-12-03,2019-12-04,1
1204,A8ADECZN5T,354,2019-08-26,2019-09-02,7
1205,O9G5BHFF0W,120,2019-04-29,2019-05-05,6
1206,3X50V29PIC,423,2019-01-13,2019-01-13,0
1207,CP9ZCTGTH5,419,2019-12-25,2019-12-28,3
1208,T6CMDCTVJ5,345,2019-01-17,2019-01-23,6
1209,XIXCKU6S09,270,2019-03-28,2019-03-30,2
1210,P0MKKKQKQO,95,2019-07-10,2019-07-17,7
1211,QLU13TS0BC,102,2019-02-03,2019-02-10,7
1212,WQFPYMQ1VV,56,2019-09-12,2019-09-16,4
1213,8YSNCDMIIK,113,2019-12-07,2019-12-09,2
1214,UKMAXUSE53,55,2019-09-16,2019-09-19,3
1215,A5GFBOYRXI,196,2019-09-06,2019-09-07,1
1216,7ZVYI5PRC7,372,2019-12-01,2019-12-07,6
1217,6S7OPJU9LK,95,2019-01-27,2019-01-30,3
1218,4GZ1DVI0NP,217,2019-03-15,2019-03-16,1
1219,DSMY1SZ3HL,184,2019-09-22,2019-09-29,7
1220,JRO7HJ9JS3,348,2019-06-23,2019-06-26,3
1221,KYRKXCUTQU,283,2019-08-01,2019-08-06,5
1222,J8E8FTBV7C,394,2019-08-12,2019-08-13,1
1223,6QK21TFSQ0,166,2019-01-21,2019-01-25,4
1224,LO2W4H1WSW,28,2019-10-04,2019-10-09,5
1225,C3CTAGCA8Q,417,2019-01-31,2019-02-07,7
1226,1QAD2FIO9A,112,2019-07-27,2019-07-30,3
1227,XZ3F43ON2P,264,2019-09-19,2019-09-22,3
1228,BIH01FLKUI,23,2019-09-18,2019-09-21,3
1229,LWWRYLOJUG,69,2019-05-06,2019-05-12,6
1230,XPWFZGZXTS,152,2019-01-05,2019-01-11,6
1231,XT6Z0KYTIF,381,2019-01-09,2019-01-15,6
1232,O8V7HARCUU,279,2019-09-10,2019-09-16,6
1233,9JXTFOXF19,68,2019-07-14,2019-07-14,0
1234,DX5W61PMWI,388,2019-04-09,2019-04-13,4
1235,AMHIWPY9D1,134,2019-12-12,2019-12-16,4
1236,E25UM0BUSS,98,2019-12-09,2019-12-16,7
1237,RSO7GZ1E9X,310,2019-09-30,2019-10-07,7
1238,1ROLYSXOSX,38,2019-09-30,2019-10-01,1
1239,4E73IQGNC6,293,2019-12-22,2019-12-29,7
1240,P6A88U02IR,181,2019-09-09,2019-09-13,4
1241,QLXMNUL2BO,397,2019-07-09,2019-07-11,2
1242,SWTEX0WJYI,67,2019-02-12,2019-02-14,2
1243,M4XS96LCJB,407,2019-05-28,2019-05-31,3
1244,9GTMP200B3,333,2019-05-21,2019-05-26,5
1245,7YT9LTG0SI,45,2019-08-16,2019-08-21,5
1246,R0LZS9XCRV,235,2019-03-22,2019-03-27,5
1247,KH84KWNGA1,53,2019-03-19,2019-03-24,5
1248,G1YQ3PS2P8,4,2019-05-15,2019-05-20,5
1249,1CNEYHUO6P,14,2019-10-30,2019-10-31,1
1250,8XHCCL0X3E,279,2019-05-25,2019-05-30,5
1251,QEWJBM0G0I,85,2019-06-23,2019-06-24,1
1252,L5ZUX9GP6Y,211,2019-08-30,2019-09-02,3
1253,74CQ3U9WM7,345,2019-03-25,2019-03-25,0
1254,RXXBNU62GH,155,2019-05-04,2019-05-11,7
1255,J2EPFY1BQP,69,2019-11-28,2019-11-29,1
1256,EVHKTH883I,176,2019-02-06,2019-02-09,3
1257,ZN6YS1KBSR,412,2019-09-17,2019-09-21,4
1258,XVSYGXYC50,59,2019-05-01,2019-05-07,6
1259,HG9ITDVIYT,337,2019-07-19,2019-07-20,1
1260,8GP7IIL1JJ,63,2019-10-28,2019-10-29,1
1261,4KD9733H9Q,210,2019-03-14,2019-03-14,0
1262,LGVC4KO2XS,13,2019-05-31,2019-06-05,5
1263,5S8FCINVPC,136,2019-12-14,2019-12-14,0
1264,GUAGIK308D,166,2019-12-09,2019-12-09,0
1265,US0RMAU325,308,2019-07-10,2019-07-13,3
1266,T67GTJ868I,350,2019-10-16,2019-10-21,5
1267,XE1PKXR278,135,2019-11-25,2019-11-27,2
1268,ZVVIKMVAEJ,52,2019-07-13,2019-07-16,3
1269,XZBCGDTU4G,13,2019-07-02,2019-07-04,2
1270,1WILO7CWZX,53,2019-05-08,2019-05-13,5
1271,FPPI07F5PX,285,2019-03-26,2019-03-31,5
1272,JDBUYXASR9,88,2019-01-12,2019-01-18,6
1273,LT19HGVYQI,290,2019-10-08,2019-10-11,3
1274,W3Q2OBXA3D,161,2019-07-05,2019-07-08,3
1275,5PHVFV5TVN,298,2019-02-19,2019-02-25,6
1276,BHVZM7IMA5,33,2019-01-18,2019-01-25,7
1277,366QJUX0PG,385,2019-07-20,2019-07-25,5
1278,H88J8L6CKX,288,2019-12-15,2019-12-20,5
1279,YRMKSHVE1A,425,2019-03-15,2019-03-17,2
1280,3DRVXK0JTS,122,2019-09-27,2019-09-27,0
1281,L5K6HQIC2T,302,2019-08-03,2019-08-03,0
1282,X5RIKZ51DQ,95,2019-05-06,2019-05-06,0
1283,WO8HWQ8NWA,307,2019-09-11,2019-09-17,6
1284,1V0EMMH4PI,112,2019-06-05,2019-06-09,4
1285,4XU26Z7RCW,152,2019-04-30,2019-05-06,6
1286,TCPXI0EM88,396,2019-06-20,2019-06-24,4
1287,BGY6SYACIZ,264,2019-04-22,2019-04-26,4
1288,9YVVQ7KXUI,408,2019-01-28,2019-01-29,1
1289,DCD28UEYDM,2,2019-04-10,2019-04-14,4
1290,AT8TFK3G40,143,2019-09-04,2019-09-06,2
1291,ZFS87JY12H,395,2019-08-21,2019-08-22,1
1292,4W0DJCYJKY,179,2019-05-13,2019-05-19,6
1293,GEXL7ROYG3,339,2019-09-24,2019-10-01,7
1294,D6I0ZJ82UI,147,2019-01-23,2019-01-30,7
1295,O8Q17SHPJX,69,2019-07-20,2019-07-26,6
1296,RJS61TINME,180,2019-10-06,2019-10-07,1
1297,2SOOCKZT9O,334,2019-08-22,2019-08-26,4
1298,SY9BKS8WEK,32,2019-07-26,2019-08-02,7
1299,1LZZRNQXHM,201,2019-11-26,2019-11-28,2
1300,QDA3KDWAOG,196,2019-02-11,2019-02-15,4
1301,85QC9X5OJK,315,2019-12-14,2019-12-14,0
1302,LHJJLPNMTQ,29,2019-06-01,2019-06-03,2
1303,ESDX9RQQA4,240,2019-07-27,2019-07-29,2
1304,2AEGBKTJM3,268,2019-10-23,2019-10-28,5
1305,BE9CVFLOSA,433,2019-12-04,2019-12-05,1
1306,19HMFUP3XX,349,2019-04-21,2019-04-21,0
1307,S2W6C7XFOI,266,2019-02-04,2019-02-08,4
1308,R3BY8EP2ZM,13,2019-12-06,2019-12-12,6
1309,HDT733V9MA,212,2019-07-26,2019-07-29,3
1310,W3EXBZ97UW,2,2019-10-02,2019-10-06,4
1311,IW3SRDRP1E,189,2019-06-21,2019-06-25,4
1312,JC65BLQHYF,355,2019-08-30,2019-08-30,0
1313,R1RKUHFMR7,58,2019-09-28,2019-10-02,4
1314,F44JVUXSDB,189,2019-01-25,2019-01-25,0
1315,IFG6SC1JP6,285,2019-02-21,2019-02-28,7
1316,GU0YES4JRC,385,2019-06-17,2019-06-17,0
1317,JJOAWAKYIW,155,2019-06-26,2019-06-29,3
1318,47QX849DD5,71,2019-08-09,2019-08-09,0
1319,BWN79OQGNG,358,2019-07-15,2019-07-20,5
1320,L1PN66GPJZ,150,2019-08-24,2019-08-29,5
1321,2HOOFQXEU0,167,2019-06-16,2019-06-16,0
1322,Q9OFFGYTRO,399,2019-01-19,2019-01-25,6
1323,VXTLBLQ8LP,282,2019-10-21,2019-10-28,7
1324,ZWL893KTZE,369,2019-03-13,2019-03-15,2
1325,XVYG1GUV7Q,324,2019-12-13,2019-12-16,3
1326,6H6UF5R4G9,141,2019-08-01,2019-08-01,0
1327,91CZOEXY52,80,2019-07-12,2019-07-19,7
1328,GIG0CF2QSE,382,2019-04-17,2019-04-20,3
1329,YE636WF1I1,82,2019-04-25,2019-05-01,6
1330,TYVMXSWT6G,361,2019-12-29,2019-12-30,1
1331,H329XW4WVZ,131,2019-09-02,2019-09-09,7
1332,B2LO90HF7Q,400,2019-08-18,2019-08-25,7
1333,7ZM8QQQZJQ,90,2019-04-18,2019-04-20,2
1334,16EMQ9FOB7,433,2019-01-20,2019-01-23,3
1335,U4UW8DC4U7,192,2019-02-11,2019-02-11,0
1336,8JSKGJ89N7,216,2019-08-10,2019-08-14,4
1337,CLONZU7JMU,396,2019-01-17,2019-01-18,1
1338,2BR0EKM6AK,320,2019-07-20,2019-07-20,0
1339,YIUOU2EWED,31,2019-09-28,2019-09-30,2
1340,BKXVMTGO5N,406,2019-12-04,2019-12-04,0
1341,COTOQ6H43Z,432,2019-10-06,2019-10-13,7
1342,184ZN3ED8L,226,2019-03-06,2019-03-09,3
1343,I0QBDS3RNC,201,2019-06-21,2019-06-21,0
1344,JQAWKMH5AF,73,2019-04-27,2019-04-28,1
1345,WRUZESLAW2,357,2019-04-01,2019-04-07,6
1346,G3J9ZKINZZ,317,2019-12-26,2019-12-27,1
1347,S72W880HQN,231,2019-03-18,2019-03-19,1
1348,GVZ9YKK1J1,382,2019-12-24,2019-12-24,0
1349,5BAWUGVJMW,354,2019-09-10,2019-09-15,5
1350,MO41B6P3O6,84,2019-05-27,2019-05-29,2
1351,6OKRJ5H6RP,293,2019-06-01,2019-06-03,2
1352,L0TEXITL7R,398,2019-04-02,2019-04-02,0
1353,ONNE839MC3,187,2019-06-07,2019-06-12,5
1354,ID8KZ6CLLL,188,2019-12-04,2019-12-09,5
1355,DWLOCAFYGZ,119,2019-11-23,2019-11-27,4
1356,QD4HGRVBUC,100,2019-03-30,2019-04-05,6
1357,CDFOFRJYX1,88,2019-05-08,2019-05-10,2
1358,OW38IMW5O1,157,2019-02-21,2019-02-22,1
1359,I3D56HPR54,23,2019-10-11,2019-10-17,6
1360,CIIDOW9T6U,113,2019-10-23,2019-10-26,3
1361,NV1RE7LGFF,364,2019-04-05,2019-04-07,2
1362,QURLNRW4GU,191,2019-01-21,2019-01-24,3
1363,445KKG7MJN,205,2019-02-24,2019-03-03,7
1364,X999P3CZYG,108,2019-08-06,2019-08-09,3
1365,1IUHVAQAGY,328,2019-07-26,2019-08-02,7
1366,AC8VX3DYL2,286,2019-11-12,2019-11-14,2
1367,D29G49WYCD,310,2019-12-23,2019-12-28,5
1368,HBM5156IO1,177,2019-03-06,2019-03-11,5
1369,0FSYFNF2ZP,226,2019-02-12,2019-02-14,2
1370,PR0ZVZVBHX,15,2019-09-18,2019-09-23,5
1371,H8Q3AKEC7H,293,2019-11-10,2019-11-13,3
1372,C7FCKI3QVL,13,2019-04-21,2019-04-25,4
1373,GOZRV3K4T3,206,2019-12-03,2019-12-10,7
1374,FXGAQTC26J,238,2019-06-02,2019-06-07,5
1375,C0YGUD5WGP,97,2019-10-27,2019-11-02,6
1376,BLQ21K5CR1,384,2019-05-20,2019-05-23,3
1377,2SD4IW4J94,71,2019-02-26,2019-02-28,2
1378,IUUBWI2GI0,250,2019-02-13,2019-02-19,6
1379,MATGP3SI2Y,308,2019-02-21,2019-02-25,4
1380,O6SE8BJNAF,103,2019-05-21,2019-05-24,3
1381,RDROWVIALA,356,2019-03-30,2019-04-03,4
1382,91OY28IDDS,423,2019-10-12,2019-10-15,3
1383,JJW2K9Y2MQ,256,2019-05-31,2019-06-07,7
1384,Z50PTZCIP3,186,2019-01-27,2019-02-01,5
1385,BZBECR4EDY,76,2019-07-06,2019-07-07,1
1386,MVH8SMZ6XC,207,2019-10-10,2019-10-16,6
1387,I8J3KKKIHE,416,2019-03-18,2019-03-22,4
1388,AAWUY75NJ9,321,2019-03-22,2019-03-23,1
1389,OHTYUB6RSO,54,2019-01-04,2019-01-08,4
1390,6AI98DUOR5,257,2019-02-10,2019-02-12,2
1391,L1N5BLNP52,396,2019-02-16,2019-02-17,1
1392,B76D9KU08Q,339,2019-10-10,2019-10-11,1
1393,MOI8L6LHCK,269,2019-09-16,2019-09-21,5
1394,9QW1W08M2C,59,2019-05-18,2019-05-21,3
1395,UOKQ9O7TRL,7,2019-08-28,2019-09-03,6
1396,K3DPBUSQ0R,298,2019-04-27,2019-05-02,5
1397,HFNMFC23WK,176,2019-05-24,2019-05-31,7
1398,O81G0PEM19,81,2019-09-24,2019-09-27,3
1399,IETI80T3S6,121,2019-08-05,2019-08-12,7
1400,WBGARHAZAZ,366,2019-04-26,2019-04-30,4
1401,2JBNDLLKLN,65,2019-08-02,2019-08-07,5
1402,QM2C17S790,35,2019-11-21,2019-11-22,1
1403,UU2C4WS7Q6,158,2019-03-18,2019-03-20,2
1404,8OQKO0UXXL,82,2019-12-14,2019-12-14,0
1405,477PD8Q8Y1,258,2019-10-27,2019-10-28,1
1406,S6410RPZWR,225,2019-05-04,2019-05-08,4
1407,9PM1KET6QO,2,2019-02-02,2019-02-04,2
1408,AUGB2NPFQZ,18,2019-09-20,2019-09-26,6
1409,EPSOC48EI5,19,2019-07-02,2019-07-08,6
1410,SD0C225IBT,55,2019-05-25,2019-05-31,6
1411,KXXUPZ7RUE,66,2019-02-26,2019-02-26,0
1412,19HTUF6YCQ,143,2019-05-26,2019-05-26,0
1413,5UPOD8BRIV,215,2019-10-19,2019-10-22,3
1414,8IWR1H5UYN,177,2019-07-16,2019-07-18,2
1415,YNYTTOC6KB,426,2019-10-07,2019-10-09,2
1416,W5NSZGW88O,401,2019-04-27,2019-05-04,7
1417,YHKFAZP3C7,282,2019-02-20,2019-02-22,2
1418,50VO3S33V1,159,2019-07-20,2019-07-26,6
1419,UW7K55SN8G,169,2019-08-02,2019-08-05,3
1420,J39UM0CGWO,121,2019-02-07,2019-02-12,5
1421,D5R8WD8DKE,118,2019-01-18,2019-01-19,1
1422,3MEG3T0I40,102,2019-12-15,2019-12-22,7
1423,I7AI0UMEIG,285,2019-12-01,2019-12-03,2
1424,RIKFOR7FWE,226,2019-05-20,2019-05-20,0
1425,MJOTUZSGR4,230,2019-02-15,2019-02-20,5
1426,OX7FKMIQY1,237,2019-02-13,2019-02-15,2
1427,5IH6Q51RFJ,20,2019-01-02,2019-01-07,5
1428,6C0ALW0FBC,54,2019-05-05,2019-05-11,6
1429,38S60HD4ZJ,234,2019-04-07,2019-04-10,3
1430,GS8XK8R48D,171,2019-10-22,2019-10-28,6
1431,5GDE9CNVU4,61,2019-07-02,2019-07-03,1
1432,M4MD6JL5V5,277,2019-01-31,2019-02-07,7
1433,OLRWD66T1G,345,2019-11-03,2019-11-03,0
1434,F5XZYGQMEP,264,2019-09-14,2019-09-15,1
1435,OL6T13O3PN,389,2019-12-11,2019-12-17,6
1436,SFQEFD536F,192,2019-12-18,2019-12-21,3
1437,KMZR434FPY,345,2019-05-14,2019-05-15,1
1438,XB6CL6XF2Z,206,2019-03-08,2019-03-10,2
1439,UL82RHCJ7C,303,2019-03-29,2019-03-29,0
1440,CTT9W3RINE,179,2019-07-19,2019-07-21,2
1441,ZQPZDR2R6M,316,2019-10-28,2019-10-29,1
1442,XTG7RSJIAX,389,2019-02-04,2019-02-09,5
1443,S3PSTEHQ2L,308,2019-03-07,2019-03-12,5
1444,0W4J7ELT4X,403,2019-11-16,2019-11-16,0
1445,6TLUYYZRIE,191,2019-09-22,2019-09-28,6
1446,6BFYVDM5R5,22,2019-03-29,2019-04-03,5
1447,WI7PAJNOYZ,340,2019-12-01,2019-12-02,1
1448,1MU4EC6WS5,91,2019-10-28,2019-11-02,5
1449,59P2OKUCKF,362,2019-08-26,2019-09-01,6
1450,9NMXXW39K4,300,2019-09-18,2019-09-24,6
1451,UHL17X6B75,72,2019-07-31,2019-08-01,1
1452,FSFE652FWO,173,2019-01-27,2019-01-28,1
1453,MX4YHMXL2I,3,2019-01-13,2019-01-20,7
1454,9GOU3BENO8,280,2019-08-25,2019-08-27,2
1455,3N82MHER0G,345,2019-03-25,2019-03-31,6
1456,BUTTEZGFGQ,110,2019-11-19,2019-11-22,3
1457,Z7GE3QWI4E,97,2019-12-02,2019-12-05,3
1458,FU12BDS2OC,272,2019-12-28,2019-12-31,3
1459,QK127VGM48,385,2019-01-03,2019-01-04,1
1460,VER2LSMKT2,156,2019-04-03,2019-04-10,7
1461,LNTFVVDYZY,433,2019-09-06,2019-09-13,7
1462,ITK9LQPTQ4,71,2019-03-31,2019-04-03,3
1463,RNIAH5C1WC,377,2019-01-01,2019-01-04,3
1464,07BHYA22WF,213,2019-03-23,2019-03-30,7
1465,C3X7W73XBV,287,2019-03-16,2019-03-21,5
1466,L5B70I6U95,268,2019-06-04,2019-06-04,0
1467,RV1KBGY49A,369,2019-10-28,2019-10-29,1
1468,RZK3EIJTFO,350,2019-12-11,2019-12-15,4
1469,20Z5BAOI73,275,2019-11-29,2019-12-04,5
1470,YEP7GAXKVM,139,2019-05-24,2019-05-28,4
1471,3YBKFD6SRX,135,2019-01-11,2019-01-14,3
1472,DHQAN801FS,138,2019-08-30,2019-09-01,2
1473,FUSH5YGOM8,69,2019-11-05,2019-11-05,0
1474,5MS8SE739K,140,2019-04-09,2019-04-14,5
1475,M9WR4GKN3U,70,2019-06-28,2019-06-28,0
1476,TKSUFS4WUS,61,2019-10-08,2019-10-09,1
1477,5KFS9XJ8SX,369,2019-08-23,2019-08-30,7
1478,62F9A2464F,381,2019-12-21,2019-12-26,5
1479,MMKKKTKVF0,323,2019-05-15,2019-05-21,6
1480,V1H6J7T9N9,361,2019-12-05,2019-12-08,3
1481,EPXEBMXV95,117,2019-08-17,2019-08-18,1
1482,QFM21J816E,195,2019-02-15,2019-02-20,5
1483,QXNSLC5YIT,132,2019-01-11,2019-01-17,6
1484,IJOGCOEX2W,263,2019-12-17,2019-12-22,5
1485,HW837R5BW2,107,2019-01-04,2019-01-06,2
1486,X0O4B00DWE,311,2019-08-25,2019-08-30,5
1487,OHHNMO29D9,233,2019-07-27,2019-08-01,5
1488,8GJ5EPSHCD,245,2019-05-06,2019-05-06,0
1489,L32PLS5YVB,73,2019-05-19,2019-05-23,4
1490,9BCLSVS47E,201,2019-04-03,2019-04-08,5
1491,GJNBPPFVNM,212,2019-10-22,2019-10-24,2
1492,QZMZK29H23,182,2019-05-12,2019-05-13,1
1493,Y9WMTYIN09,428,2019-03-23,2019-03-23,0
1494,0DW9RJ4QAC,415,2019-01-24,2019-01-28,4
1495,ZCG73L5878,390,2019-07-09,2019-07-15,6
1496,ZZ70ORFZW0,339,2019-04-13,2019-04-13,0
1497,0FCJZ96H5Q,399,2019-09-30,2019-10-05,5
1498,6M705PFFRP,343,2019-08-12,2019-08-16,4
1499,VP8QL2G0JU,304,2019-10-22,2019-10-28,6
1500,LRNF82XTIW,367,2019-09-30,2019-10-05,5
1501,GBK6KOBJBC,269,2019-11-03,2019-11-04,1
1502,M4T7OSPILD,143,2019-03-08,2019-03-15,7
1503,LLGL0FLJOP,27,2019-10-26,2019-10-26,0
1504,CVIAW8QBAN,354,2019-02-16,2019-02-17,1
1505,U0F93QKVRW,328,2019-10-30,2019-11-01,2
1506,W8KIDQOTIJ,431,2019-11-17,2019-11-17,0
1507,ZUJY1ROFKY,153,2019-09-28,2019-10-03,5
1508,Z4UG1PF8Y8,29,2019-01-12,2019-01-12,0
1509,75Y8KF5SNR,307,2019-10-01,2019-10-08,7
1510,JT9IUM952M,73,2019-12-11,2019-12-17,6
1511,866T9ESG93,84,2019-10-25,2019-10-25,0
1512,33Q4SWYE90,354,2019-05-10,2019-05-11,1
1513,3NL8CHXFN3,161,2019-06-16,2019-06-18,2
1514,1FRVHIHNAJ,114,2019-04-21,2019-04-22,1
1515,OWMIGM3WBA,364,2019-09-29,2019-10-06,7
1516,EKX6G9QNXU,291,2019-07-12,2019-07-17,5
1517,YDHKUYYVP5,78,2019-01-24,2019-01-29,5
1518,82AKE7H6JV,268,2019-10-18,2019-10-19,1
1519,3NIJCGFP2J,46,2019-10-18,2019-10-22,4
1520,ZFWZDZ753H,398,2019-10-24,2019-10-25,1
1521,OSCMF2W9CY,114,2019-01-08,2019-01-12,4
1522,6B8J830MPT,258,2019-11-20,2019-11-24,4
1523,YPUFZP65CR,185,2019-03-07,2019-03-08,1
1524,RKAV5UZGSB,427,2019-02-01,2019-02-04,3
1525,XMYPM6VJPN,34,2019-01-08,2019-01-15,7
1526,G7353HSCXZ,242,2019-11-30,2019-12-01,1
1527,XOCQVQDCVK,110,2019-07-12,2019-07-18,6
1528,JGBQEJ25EN,134,2019-04-26,2019-05-02,6
1529,B0S7ZNE42W,422,2019-06-18,2019-06-20,2
1530,5UV0BLS1FW,134,2019-04-14,2019-04-20,6
1531,B6ZLTO5UKW,41,2019-07-15,2019-07-17,2
1532,YMHTTABKM6,55,2019-11-07,2019-11-12,5
1533,CMN4LMA4WG,364,2019-04-20,2019-04-23,3
1534,0WBZQB15RA,118,2019-12-26,2019-12-28,2
1535,WCH7K2FQOH,246,2019-09-19,2019-09-26,7
1536,SDRJJ26DGM,23,2019-08-02,2019-08-09,7
1537,UEZV6TUHR5,54,2019-01-15,2019-01-17,2
1538,0OQG3H4FD8,376,2019-08-22,2019-08-27,5
1539,OXF7X71KKA,375,2019-05-02,2019-05-04,2
1540,EMZXQ7YAMV,83,2019-06-16,2019-06-19,3
1541,FGBIO9UODL,269,2019-08-08,2019-08-12,4
1542,GC7V84B28T,22,2019-06-02,2019-06-04,2
1543,M4E2JRMYZQ,135,2019-01-19,2019-01-22,3
1544,3J2BZ9L1CW,79,2019-04-14,2019-04-15,1
1545,ERI3RLGDIL,187,2019-01-11,2019-01-15,4
1546,6PDU5W3VXS,318,2019-04-20,2019-04-25,5
1547,W6PQA92HKD,279,2019-09-09,2019-09-12,3
1548,NNGM2BVLCI,183,2019-06-04,2019-06-06,2
1549,1UYCJ2U1JF,408,2019-05-04,2019-05-11,7
1550,ND07KV4IN2,25,2019-07-01,2019-07-07,6
1551,U8MYEQDB50,419,2019-02-19,2019-02-19,0
1552,TMI1ZZ93TO,202,2019-05-29,2019-06-04,6
1553,5GC6RE5C9N,196,2019-08-17,2019-08-17,0
1554,18MTW4V5O4,318,2019-04-09,2019-04-15,6
1555,0249DTQC6A,152,2019-07-28,2019-07-28,0
1556,BZG8EU17BD,248,2019-01-03,2019-01-06,3
1557,9IM34B5Y8R,357,2019-03-25,2019-03-28,3
1558,0W439V57EF,149,2019-08-04,2019-08-07,3
1559,YGLBCAHHIX,64,2019-04-13,2019-04-15,2
1560,QVCDNHQ5OM,122,2019-08-13,2019-08-17,4
1561,OLGEF60311,18,2019-04-04,2019-04-11,7
1562,2EG5OOED3W,418,2019-11-28,2019-12-05,7
1563,OIDQX8Z767,201,2019-10-08,2019-10-11,3
1564,JRJ5IXJW2L,314,2019-02-07,2019-02-14,7
1565,6PW1F6H8YM,377,2019-05-10,2019-05-11,1
1566,CR3UP8768G,187,2019-02-08,2019-02-13,5
1567,J56I1UOA4S,50,2019-02-15,2019-02-21,6
1568,VFZ1FJHS9K,23,2019-03-09,2019-03-11,2
1569,FMILE6WG3E,337,2019-04-28,2019-04-29,1
1570,ZH8HL4FMQM,211,2019-10-16,2019-10-19,3
1571,PKJYGTGMGO,271,2019-08-28,2019-09-03,6
1572,MLWETFL9NO,389,2019-12-28,2019-12-31,3
1573,0O05A84LF8,69,2019-02-19,2019-02-20,1
1574,4BUI607T7Z,211,2019-01-12,2019-01-18,6
1575,93419MNH9T,245,2019-09-05,2019-09-12,7
1576,WHIHTJ0715,62,2019-05-13,2019-05-20,7
1577,858QZOPW20,24,2019-06-01,2019-06-01,0
1578,PASJE5JBS2,180,2019-07-10,2019-07-12,2
1579,LFY9T1L5N6,133,2019-07-29,2019-07-31,2
1580,QT62L1Y39T,134,2019-10-05,2019-10-06,1
1581,AJ2VNHVDJT,6,2019-04-20,2019-04-24,4
1582,WXK93MKXEY,137,2019-01-15,2019-01-19,4
1583,Q0OPU8OWM3,167,2019-06-16,2019-06-19,3
1584,RZL5THZWGG,419,2019-07-02,2019-07-07,5
1585,C2D69DUZ18,157,2019-03-04,2019-03-04,0
1586,NZ6B2RBTUN,376,2019-11-12,2019-11-17,5
1587,53Z95BL8XC,17,2019-02-04,2019-02-07,3
1588,IJ70BSNR20,99,2019-09-02,2019-09-05,3
1589,5TFJZ4RU8Q,330,2019-01-31,2019-02-06,6
1590,QMCCDWKLCA,17,2019-12-15,2019-12-20,5
1591,USX5ME42O1,411,2019-09-25,2019-09-25,0
1592,46OBDG79H0,151,2019-01-15,2019-01-15,0
1593,WC4TCLQ8IR,102,2019-10-19,2019-10-19,0
1594,ZMKH88EAO6,241,2019-03-20,2019-03-25,5
1595,WLQPOICK80,8,2019-12-17,2019-12-20,3
1596,BDWKXT0DPS,6,2019-07-08,2019-07-11,3
1597,Q0YBZV1IHS,261,2019-07-16,2019-07-20,4
1598,74WTWOG21C,150,2019-05-02,2019-05-03,1
1599,G68QG9V4N2,302,2019-02-25,2019-02-26,1
1600,D1KK9D2ZJ6,363,2019-10-29,2019-10-31,2
1601,0WY2EFWXXX,62,2019-07-12,2019-07-19,7
1602,UGMWDI06SC,202,2019-06-17,2019-06-23,6
1603,IJF3Z97MPE,386,2019-05-31,2019-06-01,1
1604,484QGH39O1,176,2019-02-09,2019-02-14,5
1605,11VS0XJRWZ,227,2019-03-11,2019-03-15,4
1606,FFCE57H1SN,77,2019-03-27,2019-04-02,6
1607,0M21I0XV0R,250,2019-09-29,2019-10-01,2
1608,UE4QDSQA1E,106,2019-03-18,2019-03-22,4
1609,X9788OIWJ4,41,2019-06-05,2019-06-10,5
1610,56LV72WWIW,419,2019-09-18,2019-09-21,3
1611,OKXYFUSVSI,384,2019-11-08,2019-11-14,6
1612,OBCTFR69W7,227,2019-06-03,2019-06-06,3
1613,MKIF99JMVZ,51,2019-03-16,2019-03-18,2
1614,9MN8W13XD9,85,2019-09-05,2019-09-11,6
1615,826TSFH868,406,2019-01-27,2019-01-29,2
1616,AGE60SVYD4,107,2019-03-22,2019-03-22,0
1617,3MMWW2I5NO,388,2019-01-18,2019-01-24,6
1618,XSXK5II2US,421,2019-04-26,2019-05-01,5
1619,Y49S101F1P,102,2019-06-06,2019-06-12,6
1620,NGSOQ3L4QT,205,2019-04-22,2019-04-25,3
1621,KT5WK06DR7,362,2019-07-04,2019-07-08,4
1622,COJ7ALOK18,137,2019-09-25,2019-10-01,6
1623,YFAHG4USG3,141,2019-08-15,2019-08-18,3
1624,IX98T40OMN,183,2019-06-13,2019-06-14,1
1625,72RR07YYZX,428,2019-10-02,2019-10-08,6
1626,AJXRPD9BCL,112,2019-01-15,2019-01-15,0
1627,PME1ENKMDS,22,2019-03-18,2019-03-23,5
1628,8I3OV3M0VB,406,2019-05-05,2019-05-11,6
1629,J4PDZNPUQT,122,2019-10-05,2019-10-11,6
1630,45L5PUJC9O,163,2019-03-03,2019-03-10,7
1631,4NO461Y549,131,2019-07-08,2019-07-15,7
1632,HVBCD7SWQ1,403,2019-09-14,2019-09-14,0
1633,SAUWY42XV2,59,2019-06-14,2019-06-19,5
1634,NTHHTQ0PSV,163,2019-07-30,2019-08-03,4
1635,MW7MS9T4GH,124,2019-01-07,2019-01-12,5
1636,9UHXIVCO4B,197,2019-04-22,2019-04-28,6
1637,3EH23AYH1X,380,2019-12-10,2019-12-14,4
1638,EVCB4WVOSX,111,2019-03-02,2019-03-09,7
1639,EO5TFKF0KC,312,2019-12-31,2020-01-07,7
1640,4BD4X3ZWA9,381,2019-07-08,2019-07-12,4
1641,WDGNS0GGOC,294,2019-10-20,2019-10-26,6
1642,QPG9CSLCKQ,400,2019-07-08,2019-07-14,6
1643,5B1VP54P1K,377,2019-05-24,2019-05-31,7
1644,DV4AZWJIX8,339,2019-06-24,2019-07-01,7
1645,ML1EV9TPKI,181,2019-01-12,2019-01-12,0
1646,ISYG20I77F,330,2019-02-09,2019-02-14,5
1647,7ATXAPAG3N,256,2019-01-09,2019-01-14,5
1648,KOY6R1TA8L,7,2019-12-08,2019-12-14,6
1649,IYAG263350,103,2019-10-21,2019-10-26,5
1650,ZKX2CR4ADH,237,2019-03-21,2019-03-22,1
1651,C4KUKGUZUF,45,2019-01-27,2019-01-29,2
1652,Z9TP4UEA1S,266,2019-08-20,2019-08-22,2
1653,MSI7Z2P8KE,225,2019-06-23,2019-06-29,6
1654,RJDP7XIP8N,184,2019-09-17,2019-09-17,0
1655,U1XCC50DH2,244,2019-04-02,2019-04-06,4
1656,6HEXVSJUYY,350,2019-03-03,2019-03-05,2
1657,3K86GMR0H0,381,2019-01-15,2019-01-19,4
1658,AG7WBTMI2O,372,2019-12-05,2019-12-10,5
1659,42RLX13KAQ,178,2019-11-13,2019-11-18,5
1660,8U4ZV6285U,332,2019-09-25,2019-09-27,2
1661,QABNXSLN10,202,2019-03-01,2019-03-03,2
1662,NTVRYPHL4U,236,2019-11-02,2019-11-09,7
1663,QFNFU71MFV,137,2019-03-16,2019-03-19,3
1664,UFKJIGN3I6,248,2019-12-12,2019-12-14,2
1665,C5IQYA7IBH,104,2019-11-06,2019-11-07,1
1666,X3OTGUR0KO,193,2019-05-11,2019-05-11,0
1667,B297ETJDWG,38,2019-12-16,2019-12-22,6
1668,9RD1U78IHI,247,2019-08-08,2019-08-11,3
1669,MEJ3XSOF78,341,2019-07-22,2019-07-23,1
1670,CO537YU31T,71,2019-10-07,2019-10-11,4
1671,52KSTOXEKF,313,2019-11-03,2019-11-04,1
1672,S9Z5ODMSIG,70,2019-03-13,2019-03-15,2
1673,FVNG10BKJ6,312,2019-11-08,2019-11-12,4
1674,1HGLZDVK5H,129,2019-05-01,2019-05-02,1
1675,E7C15NJFZY,72,2019-11-28,2019-12-03,5
1676,PAQIWBDNUO,386,2019-12-12,2019-12-16,4
1677,LDF8VI0SAF,171,2019-04-25,2019-04-25,0
1678,5AGR579D15,411,2019-10-09,2019-10-12,3
1679,UA0WWC64HU,127,2019-04-18,2019-04-20,2
1680,E8QKI1VW6V,409,2019-01-12,2019-01-12,0
1681,YRMY4A3LON,366,2019-09-18,2019-09-21,3
1682,H207XBW44M,21,2019-11-02,2019-11-08,6
1683,309IR3ZOS6,336,2019-04-30,2019-05-07,7
1684,P3JVKSK5M6,7,2019-09-22,2019-09-25,3
1685,2INN3YGC5Z,123,2019-03-27,2019-04-02,6
1686,O2SYKAL6RT,21,2019-11-14,2019-11-16,2
1687,D8LW60NXR8,15,2019-07-23,2019-07-29,6
1688,R6BZ4KZFBQ,84,2019-09-24,2019-09-26,2
1689,UTSW5GQKPX,410,2019-09-21,2019-09-26,5
1690,ZQXTKO8QQK,307,2019-04-26,2019-05-03,7
1691,SUGBHBTKTV,246,2019-06-01,2019-06-07,6
1692,1KSZVWXOXO,217,2019-10-10,2019-10-16,6
1693,RMP2UQL3ZB,206,2019-12-08,2019-12-08,0
1694,ATH4GMYX6F,208,2019-12-12,2019-12-16,4
1695,1WTZUWMYBF,395,2019-11-09,2019-11-12,3
1696,3QBU4P6L79,215,2019-12-12,2019-12-16,4
1697,VA6XVKNSFD,415,2019-08-05,2019-08-11,6
1698,2G53H9WCU8,215,2019-09-05,2019-09-11,6
1699,U2NV1FNX8I,287,2019-07-25,2019-07-26,1
1700,83X0A9CKL7,265,2019-11-13,2019-11-19,6
1701,485JZ118RW,137,2019-12-02,2019-12-04,2
1702,DR1Z9MSSNO,365,2019-01-30,2019-02-05,6
1703,OKDOMYY2FQ,236,2019-10-16,2019-10-18,2
1704,LWD94IR4WP,319,2019-08-10,2019-08-14,4
1705,L818SBRMHA,100,2019-09-07,2019-09-12,5
1706,XTUR51IBHC,14,2019-01-20,2019-01-23,3
1707,OX2A1BZ8E5,403,2019-10-22,2019-10-24,2
1708,9Z71R0MTWG,11,2019-06-02,2019-06-02,0
1709,RVJ6A7KANY,363,2019-09-22,2019-09-26,4
1710,QA027WOPQD,331,2019-09-28,2019-10-01,3
1711,ZSJNS8VRBE,31,2019-01-21,2019-01-22,1
1712,E9HOMK8Q4V,69,2019-10-23,2019-10-27,4
1713,7WMA76XTC8,322,2019-11-05,2019-11-09,4
1714,2G2NFF0GS1,322,2019-10-03,2019-10-08,5
1715,DZUXH9T3C6,309,2019-08-25,2019-09-01,7
1716,KBI737ELQY,362,2019-03-03,2019-03-09,6
1717,WN18YFVL72,13,2019-03-06,2019-03-08,2
1718,XFJZAIOTZR,342,2019-10-23,2019-10-23,0
1719,2SNVR67404,7,2019-06-06,2019-06-08,2
1720,LN8Q1C3B4J,365,2019-09-10,2019-09-11,1
1721,ETU51RZ5KW,118,2019-11-20,2019-11-23,3
1722,ZK9ISJBV8W,357,2019-07-22,2019-07-24,2
1723,GRR3DPR89F,49,2019-10-31,2019-11-03,3
1724,9092XW6S00,86,2019-03-14,2019-03-21,7
1725,8GEGFQBNYQ,418,2019-08-16,2019-08-23,7
1726,OYM23XTDQ2,370,2019-03-26,2019-03-29,3
1727,C7B7BWOY1X,46,2019-11-07,2019-11-14,7
1728,CE17GCIWXU,94,2019-07-23,2019-07-23,0
1729,2C8P767L0W,313,2019-01-14,2019-01-16,2
1730,7A5F0ZD1W2,336,2019-12-11,2019-12-18,7
1731,SDM5CRMUZ2,71,2019-10-21,2019-10-27,6
1732,5K68W7ODWI,161,2019-10-24,2019-10-29,5
1733,F0CGWGLWHH,360,2019-09-18,2019-09-22,4
1734,DVD6A0RB50,292,2019-12-23,2019-12-28,5
1735,NKBC18ZCJT,399,2019-02-09,2019-02-09,0
1736,UOJT1C96LF,162,2019-12-01,2019-12-08,7
1737,2QJVSFZFA9,406,2019-12-22,2019-12-29,7
1738,2IPD85MYIF,407,2019-04-25,2019-04-28,3
1739,CXZH9O55U9,336,2019-06-16,2019-06-23,7
1740,1WNL2DA922,308,2019-01-13,2019-01-17,4
1741,4QSGXOFBZH,208,2019-10-01,2019-10-06,5
1742,SNSS6EP47W,10,2019-05-01,2019-05-04,3
1743,9AISHW6M05,392,2019-03-09,2019-03-09,0
1744,TT32B1KJZ0,242,2019-10-12,2019-10-18,6
1745,UASI2EUEDA,178,2019-11-27,2019-12-02,5
1746,T7MA5JQAXV,309,2019-11-15,2019-11-21,6
1747,2I3ZKJB8ZG,173,2019-04-14,2019-04-20,6
1748,IDLLFO4VE2,75,2019-11-29,2019-12-01,2
1749,IAG82X54ZO,116,2019-03-25,2019-03-31,6
1750,62I5IR39S2,426,2019-02-05,2019-02-10,5
1751,XZK8Q6LAYB,322,2019-08-16,2019-08-23,7
1752,7PW3ZQJJZ4,187,2019-07-25,2019-07-29,4
1753,X8KXK2BQF3,283,2019-03-16,2019-03-19,3
1754,NKFN5WN0Y7,78,2019-08-27,2019-08-30,3
1755,OOSCK3OVSF,136,2019-01-10,2019-01-11,1
1756,V2GV9LZE5V,181,2019-09-05,2019-09-07,2
1757,T1WN5IG9TF,418,2019-02-25,2019-03-01,4
1758,PZZ0QUWRR2,142,2019-12-21,2019-12-26,5
1759,CF96WSG0N1,328,2019-04-28,2019-05-04,6
1760,HYHAL2QVFR,43,2019-07-02,2019-07-02,0
1761,VE8P6QJ6B8,305,2019-05-21,2019-05-21,0
1762,HNZIXE21L8,242,2019-10-13,2019-10-14,1
1763,0OCBEPI02U,393,2019-11-02,2019-11-09,7
1764,DNJK9O598N,249,2019-07-01,2019-07-06,5
1765,VDE3FV29FY,392,2019-04-07,2019-04-07,0
1766,78PQD33LQ0,149,2019-04-07,2019-04-11,4
1767,I9038TGPGO,336,2019-05-30,2019-06-05,6
1768,X9LSA7CZPF,326,2019-05-27,2019-06-02,6
1769,WMTEDCI7JS,230,2019-08-05,2019-08-10,5
1770,BK13207I8M,207,2019-01-28,2019-01-29,1
1771,QP7JZT4T9F,111,2019-10-17,2019-10-21,4
1772,9BSAU4N373,52,2019-07-30,2019-08-05,6
1773,5HMSIXA4B6,385,2019-12-01,2019-12-03,2
1774,R959AGXVVV,7,2019-09-08,2019-09-14,6
1775,R0GMB40K49,163,2019-12-23,2019-12-27,4
1776,XU1VO2K71A,224,2019-10-12,2019-10-19,7
1777,DKSOJ19WSO,247,2019-06-21,2019-06-28,7
1778,3NP1N4T968,415,2019-10-14,2019-10-18,4
1779,J3AXLXKEFN,367,2019-08-23,2019-08-24,1
1780,DX2ND3A915,63,2019-09-03,2019-09-09,6
1781,QCZPFPJ9EQ,369,2019-02-22,2019-02-23,1
1782,OXE4BQ17CS,395,2019-10-23,2019-10-23,0
1783,YLOS8LZWWN,168,2019-05-13,2019-05-14,1
1784,NTS5XL87JJ,205,2019-10-27,2019-11-03,7
1785,U2F2T5LME5,120,2019-01-07,2019-01-11,4
1786,3G4DNC31YH,341,2019-01-16,2019-01-22,6
1787,0PQ7KQZRJ8,300,2019-07-17,2019-07-18,1
1788,V3OCZ8OR1S,359,2019-05-27,2019-05-31,4
1789,GJ05AWPCWW,201,2019-04-27,2019-04-28,1
1790,4F8K5PJXRT,210,2019-12-25,2019-12-28,3
1791,WCC7KA4K6U,434,2019-09-05,2019-09-05,0
1792,WS4E8VCF9F,16,2019-05-10,2019-05-17,7
1793,KHNZGD2F0I,68,2019-08-15,2019-08-19,4
1794,I6KB1NM7JD,391,2019-10-10,2019-10-17,7
1795,H217NF6WJK,353,2019-08-13,2019-08-15,2
1796,5EP6KRGO01,347,2019-04-16,2019-04-16,0
1797,QHW3LDL9IW,351,2019-02-19,2019-02-19,0
1798,MLU0GAJLRZ,375,2019-02-04,2019-02-11,7
1799,R4WNHESE66,81,2019-05-08,2019-05-09,1
1800,4TEWVSW8T4,14,2019-04-02,2019-04-06,4
1801,K4YCGW5CNN,341,2019-06-11,2019-06-16,5
1802,E746OFWVLE,172,2019-02-05,2019-02-11,6
1803,VO624O5K1L,225,2019-06-15,2019-06-17,2
1804,WNQNSJWZRN,119,2019-07-24,2019-07-26,2
1805,RNOH48MJ7G,236,2019-09-07,2019-09-08,1
1806,Y8KCZMW5LC,344,2019-08-23,2019-08-23,0
1807,QJ9ZY1Z3AX,83,2019-01-18,2019-01-18,0
1808,5X8MYQUM0X,225,2019-02-09,2019-02-10,1
1809,07SQQZ4H2K,210,2019-10-16,2019-10-18,2
1810,KWOSQM7ONF,430,2019-03-10,2019-03-14,4
1811,Z6KEHM7ZGX,117,2019-03-20,2019-03-26,6
1812,82RK3NX3E7,16,2019-02-06,2019-02-08,2
1813,5SEC4BIYND,409,2019-04-22,2019-04-25,3
1814,5QOVFFH594,21,2019-07-25,2019-07-31,6
1815,U7NK6SJHF6,36,2019-08-02,2019-08-07,5
1816,DKINSSTPCU,100,2019-04-13,2019-04-13,0
1817,CSSYL6Z173,380,2019-11-17,2019-11-21,4
1818,W3NKKVHGX2,190,2019-01-09,2019-01-16,7
1819,FNXNWKKHOQ,197,2019-12-16,2019-12-16,0
1820,O969XR3UTZ,280,2019-10-17,2019-10-23,6
1821,XC2U9OEDDC,42,2019-03-07,2019-03-13,6
1822,2DUPIXKD21,296,2019-01-01,2019-01-08,7
1823,UJU9NOFJ7F,75,2019-10-10,2019-10-11,1
1824,NRU325HC2O,164,2019-10-02,2019-10-05,3
1825,7Q5WVAC1WY,344,2019-05-11,2019-05-15,4
1826,6IVKMHLEXC,185,2019-12-01,2019-12-03,2
1827,BA6PP2JYGM,146,2019-08-05,2019-08-11,6
1828,PECQRMNTFN,251,2019-01-26,2019-01-28,2
1829,KOAQS3KP96,241,2019-11-16,2019-11-17,1
1830,1S118XZTKK,73,2019-12-14,2019-12-20,6
1831,494JFEI43X,37,2019-08-30,2019-09-02,3
1832,R1AR1XVMGJ,122,2019-04-23,2019-04-23,0
1833,MD3FK9K7VL,278,2019-06-14,2019-06-15,1
1834,H0WYNG6FYI,112,2019-06-29,2019-06-30,1
1835,6XLBW9HTVJ,294,2019-07-12,2019-07-18,6
1836,7PYG60V22G,103,2019-06-03,2019-06-08,5
1837,NNHFEM6X9D,129,2019-03-14,2019-03-16,2
1838,CVHU3M327Y,101,2019-06-28,2019-06-28,0
1839,GVFZIKTGX7,301,2019-07-17,2019-07-20,3
1840,LN97G4XZZQ,218,2019-09-02,2019-09-03,1
1841,R3GANFKFH4,426,2019-04-24,2019-04-26,2
1842,NHTWO8IXVI,99,2019-11-14,2019-11-20,6
1843,FOBXGXA5E8,259,2019-07-31,2019-08-03,3
1844,2UQGVOE7L5,311,2019-05-13,2019-05-17,4
1845,GM7ERI14J1,335,2019-02-14,2019-02-17,3
1846,RGPXDXKTU5,37,2019-12-31,2020-01-03,3
1847,D1VIKSDROR,24,2019-11-14,2019-11-16,2
1848,ZIIOB0IAMC,141,2019-11-27,2019-11-27,0
1849,9GW6CPCJ34,196,2019-03-02,2019-03-04,2
1850,BI11CKOLQY,277,2019-12-24,2019-12-30,6
1851,VZAPN7MVMG,76,2019-11-20,2019-11-20,0
1852,0HMUBET7IT,253,2019-09-03,2019-09-10,7
1853,AMP9D3XQYO,354,2019-09-04,2019-09-07,3
1854,B4BGZN4U2P,115,2019-08-08,2019-08-08,0
1855,5R1XY59N0O,364,2019-12-24,2019-12-27,3
1856,FGAGPPG612,328,2019-05-20,2019-05-20,0
1857,KN0V235O4O,365,2019-07-30,2019-07-30,0
1858,GS2N4IS8BE,86,2019-08-03,2019-08-05,2
1859,5R9GXSFOSX,421,2019-01-19,2019-01-25,6
1860,BRKBR7G9T9,4,2019-12-26,2019-12-28,2
1861,7SOTT9I9IF,406,2019-01-10,2019-01-11,1
1862,IIZSFI2BAR,32,2019-11-02,2019-11-07,5
1863,3SPC01EQG0,425,2019-07-20,2019-07-22,2
1864,0MPJZZCVUJ,262,2019-11-21,2019-11-24,3
1865,HHLR13IZM8,367,2019-07-26,2019-07-31,5
1866,3KLN117F9S,227,2019-01-11,2019-01-17,6
1867,XRDYRJMLDM,164,2019-06-16,2019-06-19,3
1868,TFJ97QTLJT,351,2019-06-25,2019-06-25,0
1869,5N5COMLARO,220,2019-12-06,2019-12-13,7
1870,I5K5IF1ELU,387,2019-03-02,2019-03-08,6
1871,KX92DTE5CM,42,2019-08-20,2019-08-25,5
1872,J8L33K27OH,395,2019-06-30,2019-07-02,2
1873,O0FTFA11N3,169,2019-02-12,2019-02-19,7
1874,TOIUL8PMR0,348,2019-11-22,2019-11-23,1
1875,B7P7RAVSI2,410,2019-06-21,2019-06-26,5
1876,32KT7Q8V0N,89,2019-10-05,2019-10-10,5
1877,S13LDXYWK3,232,2019-05-26,2019-05-27,1
1878,INLJ62HHDU,61,2019-05-03,2019-05-05,2
1879,D48OZWTZ9S,317,2019-01-16,2019-01-22,6
1880,IHRNNPGRDS,220,2019-07-07,2019-07-07,0
1881,IE4EXYKOEP,137,2019-02-25,2019-03-02,5
1882,B0MLV0HMKM,149,2019-08-25,2019-08-26,1
1883,F7Q149V6LK,59,2019-02-15,2019-02-15,0
1884,RAX5FLICQP,244,2019-12-09,2019-12-11,2
1885,6G83O5DYZO,431,2019-02-01,2019-02-07,6
1886,XHPRFNCFJV,182,2019-09-19,2019-09-22,3
1887,96QFAL939E,304,2019-01-20,2019-01-20,0
1888,58IQE5OS8N,81,2019-04-30,2019-05-06,6
1889,WWCA0IDNJ3,149,2019-08-24,2019-08-29,5
1890,41RQCTA27N,357,2019-10-11,2019-10-12,1
1891,UD4V1NTBIZ,227,2019-03-04,2019-03-08,4
1892,KMKQX085OQ,58,2019-11-10,2019-11-13,3
1893,QGUX99WG1R,29,2019-01-29,2019-01-31,2
1894,9XN1TIQ6OQ,53,2019-08-10,2019-08-13,3
1895,MKT5WH6G2L,253,2019-03-27,2019-04-01,5
1896,OANJJYM6UN,341,2019-05-11,2019-05-14,3
1897,A6E3X9SNJQ,5,2019-08-09,2019-08-12,3
1898,ABU69NG44M,306,2019-03-11,2019-03-14,3
1899,IFY9TSQDHZ,364,2019-02-19,2019-02-21,2
1900,U0OB8PEP3D,167,2019-05-31,2019-06-07,7
1901,NLCIEAVX2N,164,2019-06-20,2019-06-20,0
1902,CQU1EAIEOT,101,2019-07-07,2019-07-07,0
1903,3SA39HKNIN,304,2019-10-08,2019-10-13,5
1904,TQ8167VUX8,213,2019-10-10,2019-10-14,4
1905,U7ZL8QQLY5,173,2019-08-24,2019-08-24,0
1906,6L1AWGSS22,233,2019-07-06,2019-07-06,0
1907,L4YFUP0XHE,1,2019-03-25,2019-03-25,0
1908,5QL1E9IXTR,422,2019-07-01,2019-07-03,2
1909,2AC1JXGAUQ,420,2019-03-19,2019-03-21,2
1910,Q94NBL27BW,353,2019-03-26,2019-03-28,2
1911,SHKG3LFB8F,407,2019-01-13,2019-01-19,6
1912,ZUMMOHGUWC,53,2019-04-19,2019-04-21,2
1913,ZZDJWMBTVJ,307,2019-04-14,2019-04-16,2
1914,TRPP50M844,23,2019-12-28,2020-01-01,4
1915,5O63L6QDEO,84,2019-06-28,2019-06-30,2
1916,1C6SW20YDI,328,2019-07-26,2019-07-28,2
1917,YWI4U1C3WV,109,2019-05-21,2019-05-25,4
1918,PHK2FZYBZH,423,2019-02-06,2019-02-11,5
1919,C3M2K0WBV6,280,2019-10-29,2019-11-04,6
1920,VN2BN1NE35,130,2019-05-15,2019-05-18,3
1921,C6EL954XLS,258,2019-07-04,2019-07-07,3
1922,D0RUTDZS2V,417,2019-02-04,2019-02-11,7
1923,086APR5L34,317,2019-02-02,2019-02-03,1
1924,W59D02PJKR,262,2019-12-04,2019-12-06,2
1925,CVM89R0XKQ,421,2019-03-15,2019-03-15,0
1926,LXKRRYX81R,360,2019-04-30,2019-05-07,7
1927,9DIBA9KH2E,251,2019-03-01,2019-03-07,6
1928,DM6JCZESEF,255,2019-04-24,2019-04-27,3
1929,A8WO59958C,350,2019-02-20,2019-02-23,3
1930,ME3C6PK8U2,132,2019-02-10,2019-02-11,1
1931,1KIEZWM2N4,360,2019-06-10,2019-06-15,5
1932,WJPNGMI5FZ,116,2019-01-05,2019-01-05,0
1933,X16UGS66LI,12,2019-02-01,2019-02-01,0
1934,4PQ410RCBH,77,2019-04-03,2019-04-04,1
1935,8924WB8VOZ,256,2019-11-07,2019-11-13,6
1936,IQSHODFULH,333,2019-10-27,2019-10-28,1
1937,T0WMO1BQ7U,226,2019-05-22,2019-05-25,3
1938,AUG85708G1,283,2019-03-08,2019-03-09,1
1939,UVN93ERVA3,145,2019-04-25,2019-05-01,6
1940,XPOQZYVI4U,423,2019-04-20,2019-04-21,1
1941,H79HUVU1JL,35,2019-07-24,2019-07-24,0
1942,X1S6S3487C,196,2019-04-24,2019-04-27,3
1943,XMG5ST4Y9N,357,2019-08-31,2019-09-03,3
1944,G0IDT2OC63,343,2019-08-18,2019-08-21,3
1945,T7VTJZGHAK,384,2019-09-21,2019-09-27,6
1946,GY3G5AJV0W,62,2019-08-29,2019-09-05,7
1947,66UBBW8LJB,155,2019-03-02,2019-03-07,5
1948,SG1W832MQC,166,2019-03-21,2019-03-28,7
1949,9O6413S6JH,40,2019-02-01,2019-02-06,5
1950,G6ASB0VJB0,347,2019-09-24,2019-09-27,3
1951,R3DI0BNQ97,157,2019-11-21,2019-11-27,6
1952,WFJ9BFYW3L,433,2019-11-13,2019-11-20,7
1953,UFA910QVWN,145,2019-08-31,2019-09-04,4
1954,MI3SCLJJ8P,277,2019-03-24,2019-03-30,6
1955,PEEOTCP64L,75,2019-04-09,2019-04-14,5
1956,8DFE76TZ3T,326,2019-12-30,2020-01-03,4
1957,D45SYPBPD9,399,2019-08-21,2019-08-24,3
1958,OH8RH33KLE,33,2019-03-17,2019-03-22,5
1959,L9E795999W,36,2019-10-26,2019-10-31,5
1960,JSDADLZ008,423,2019-03-04,2019-03-11,7
1961,WYADAQ34V3,329,2019-08-09,2019-08-14,5
1962,B2USBM33SL,67,2019-10-23,2019-10-30,7
1963,6K8HJJWPCT,241,2019-03-16,2019-03-19,3
1964,OIYJ6RO9BB,368,2019-05-12,2019-05-19,7
1965,SIQEJ1WC1V,151,2019-02-06,2019-02-12,6
1966,1ALAECNNGL,328,2019-03-07,2019-03-11,4
1967,RJXFNRMJ3K,129,2019-08-02,2019-08-09,7
1968,WU6664AAV4,228,2019-05-19,2019-05-25,6
1969,EEWFEDT0H8,160,2019-05-17,2019-05-23,6
1970,9LMD4RGWHN,422,2019-05-06,2019-05-07,1
1971,HJZUFSHEB5,149,2019-03-19,2019-03-22,3
1972,K1AAEK0LUQ,47,2019-11-30,2019-12-03,3
1973,IAEJSS07AT,224,2019-02-12,2019-02-17,5
1974,JSSCOE2GWK,239,2019-01-13,2019-01-19,6
1975,S9G7GSJKOL,249,2019-03-24,2019-03-24,0
1976,DEO1ZS5E6T,1,2019-09-26,2019-09-29,3
1977,4LCG161UKM,86,2019-02-01,2019-02-04,3
1978,Z96W8V0OM6,171,2019-10-30,2019-10-30,0
1979,7D58BJ0D3M,205,2019-04-07,2019-04-07,0
1980,L1XEVK5KDV,305,2019-06-09,2019-06-10,1
1981,VKHTDTTIOH,210,2019-07-11,2019-07-14,3
1982,MZXGMNBXTK,315,2019-06-26,2019-07-02,6
1983,N6JI5J9YQQ,66,2019-03-31,2019-04-02,2
1984,NK8IVLET2C,75,2019-05-07,2019-05-09,2
1985,JNAX511JLX,98,2019-01-05,2019-01-10,5
1986,VWACGRBH7W,183,2019-11-05,2019-11-05,0
1987,YCMPH2PKHW,26,2019-06-23,2019-06-23,0
1988,WKAHAAGW2H,117,2019-11-30,2019-12-06,6
1989,OMJFW9BEQO,302,2019-02-25,2019-03-03,6
1990,OU7QV055Y8,140,2019-11-18,2019-11-19,1
1991,V54TNX5939,273,2019-03-03,2019-03-09,6
1992,LP179DOVA0,169,2019-07-22,2019-07-28,6
1993,9XSRRREP01,124,2019-03-14,2019-03-18,4
1994,YUR85C4YKL,269,2019-02-04,2019-02-07,3
1995,UK6490TCAC,328,2019-03-16,2019-03-20,4
1996,ZKQJF48BCY,79,2019-02-23,2019-02-25,2
1997,6JLJEQTY8V,427,2019-07-10,2019-07-16,6
1998,OQOMH5HRW3,334,2019-06-05,2019-06-08,3
1999,WLYIXC678Y,217,2019-08-22,2019-08-26,4
2000,VLSSUVC09H,123,2019-01-13,2019-01-18,5
2001,B24SV1JKTW,347,2019-07-16,2019-07-23,7
2002,EUX5HX1TFH,322,2019-12-04,2019-12-10,6
2003,OA978NBT9X,307,2019-04-18,2019-04-18,0
2004,0RHOJQ2WLR,27,2019-07-27,2019-07-30,3
2005,EZ1IW4CQKK,179,2019-09-07,2019-09-10,3
2006,QWP0WUYMS7,217,2019-07-29,2019-08-03,5
2007,DDFOOBUNIA,262,2019-09-22,2019-09-22,0
2008,1B3NUNYW99,320,2019-11-20,2019-11-26,6
2009,LTOCMJR7AU,410,2019-08-26,2019-08-31,5
2010,UL42EU5ZRV,392,2019-05-14,2019-05-16,2
2011,UUM3KRQHMG,106,2019-09-01,2019-09-06,5
2012,JBYFBOXP9M,269,2019-12-07,2019-12-14,7
2013,7WROYK6NTY,295,2019-05-14,2019-05-20,6
2014,EP80BXRV58,219,2019-05-23,2019-05-27,4
2015,NL1BY0QMLZ,147,2019-10-03,2019-10-04,1
2016,IIQSSMDJG7,134,2019-02-01,2019-02-01,0
2017,DD6PNKZF7T,121,2019-11-06,2019-11-07,1
2018,9F6I7J417G,193,2019-01-12,2019-01-17,5
2019,3FMFMM7953,320,2019-05-12,2019-05-19,7
2020,90P5Z0HP1E,377,2019-01-30,2019-01-30,0
2021,E8J4MHPOAW,59,2019-02-22,2019-03-01,7
2022,C835QDBDK4,22,2019-11-04,2019-11-06,2
2023,ZAW5GPWWV4,65,2019-03-26,2019-03-26,0
2024,S4QSG6QRXP,286,2019-08-23,2019-08-26,3
2025,TUUKGXVXS9,232,2019-02-16,2019-02-16,0
2026,LC98PMY23T,369,2019-07-03,2019-07-09,6
2027,NQ3SUOJ7YZ,284,2019-09-15,2019-09-16,1
2028,TOM7N0QJ1G,97,2019-01-25,2019-01-29,4
2029,JH45UPSQGO,317,2019-02-28,2019-03-05,5
2030,AXN3ROLII8,332,2019-11-07,2019-11-10,3
2031,ECD70BQG3C,286,2019-03-09,2019-03-10,1
2032,5JYQ63ZKJC,195,2019-02-03,2019-02-09,6
2033,TOTCURFKMA,198,2019-05-05,2019-05-08,3
2034,RSN6D8EVJB,284,2019-12-24,2019-12-31,7
2035,VVBNQ3IWAN,207,2019-08-13,2019-08-19,6
2036,R29AUWZUHK,324,2019-05-08,2019-05-08,0
2037,G9RV6JAYP5,104,2019-02-14,2019-02-14,0
2038,71KKKEC8OG,385,2019-04-19,2019-04-26,7
2039,BBIBA5E2BJ,160,2019-02-14,2019-02-21,7
2040,2TXUBM3B6T,117,2019-06-30,2019-07-05,5
2041,O4M4NDA2EK,427,2019-03-30,2019-04-01,2
2042,1CV97QIF4F,123,2019-05-12,2019-05-19,7
2043,K676UYT5TJ,219,2019-01-24,2019-01-24,0
2044,L0BLYVZC4X,323,2019-08-07,2019-08-10,3
2045,0Q0HGDTEM7,64,2019-06-15,2019-06-19,4
2046,6D2F24E8NS,250,2019-09-22,2019-09-25,3
2047,2VBSEYEJ52,17,2019-07-14,2019-07-20,6
2048,O73ZAPURMK,172,2019-09-10,2019-09-16,6
2049,O9DAB7NVRX,156,2019-01-24,2019-01-28,4
2050,4K0DJ33Z9G,45,2019-03-09,2019-03-09,0
2051,V3LWEJT7IA,190,2019-07-24,2019-07-29,5
2052,N9XANE0TBK,247,2019-03-09,2019-03-13,4
2053,9EE2EC0OY4,14,2019-01-16,2019-01-21,5
2054,JMG27LZFDQ,236,2019-08-25,2019-08-28,3
2055,ZM6JIZRFCV,421,2019-07-30,2019-08-06,7
2056,D3SKIYVDZM,88,2019-09-11,2019-09-12,1
2057,V5R0I9IIUL,133,2019-05-20,2019-05-20,0
2058,3EYH4KR5PS,370,2019-12-17,2019-12-20,3
2059,DY69XLRI4L,366,2019-11-13,2019-11-18,5
2060,O31QN0SFEA,10,2019-03-26,2019-04-01,6
2061,JP26SXIWDX,142,2019-09-30,2019-10-01,1
2062,OEUQ4XIJEY,342,2019-06-29,2019-07-03,4
2063,1VH6NHUCFC,66,2019-11-27,2019-12-03,6
2064,G7VNHKI1OT,246,2019-11-25,2019-11-28,3
2065,2Z6C1MVKQ0,3,2019-07-12,2019-07-16,4
2066,LWD3NNODFD,313,2019-11-06,2019-11-10,4
2067,68IN7VNXV2,325,2019-08-27,2019-09-01,5
2068,GA6ULGAAEL,32,2019-12-23,2019-12-25,2
2069,OMG8PL46M0,197,2019-02-16,2019-02-22,6
2070,SSHOUAUSHP,353,2019-09-28,2019-09-28,0
2071,BSMD17FSKQ,84,2019-01-21,2019-01-28,7
2072,DVNKV06Q5E,379,2019-02-22,2019-02-27,5
2073,7WXJKCAK7W,134,2019-02-18,2019-02-23,5
2074,KJRMYWZV2Z,65,2019-10-25,2019-10-25,0
2075,IL8NLIYYEI,193,2019-02-04,2019-02-04,0
2076,1B1Q6GJCZQ,101,2019-09-14,2019-09-14,0
2077,N8LM9YHRM2,361,2019-06-09,2019-06-12,3
2078,WASB95FUZU,366,2019-12-11,2019-12-15,4
2079,FHCFR0Q40Y,430,2019-11-06,2019-11-09,3
2080,2KTMSSPXH3,49,2019-11-07,2019-11-12,5
2081,Z60H8RC5JH,307,2019-12-06,2019-12-10,4
2082,VAKM3831JW,169,2019-10-29,2019-11-03,5
2083,O0GUR2X303,193,2019-05-08,2019-05-15,7
2084,NB358DN4OD,391,2019-05-02,2019-05-09,7
2085,J9379UIILC,38,2019-11-07,2019-11-11,4
2086,0IKGKO41XW,38,2019-11-25,2019-11-29,4
2087,HIPY2C6MWW,357,2019-07-18,2019-07-23,5
2088,R2G6ZCMFUH,344,2019-06-20,2019-06-23,3
2089,E7YA6QZ1A1,291,2019-07-06,2019-07-10,4
2090,XOPNDOS46Q,88,2019-01-06,2019-01-12,6
2091,FLECONIXXY,266,2019-08-07,2019-08-07,0
2092,1SKZPSERB5,395,2019-12-01,2019-12-07,6
2093,MC688AMQ5O,397,2019-01-25,2019-01-26,1
2094,G07LXVWZRB,85,2019-06-07,2019-06-12,5
2095,LII4BI2W76,202,2019-11-06,2019-11-08,2
2096,Q5CU4GP61D,123,2019-07-20,2019-07-20,0
2097,F45XGDJO0N,183,2019-06-03,2019-06-06,3
2098,IHSC17GVD9,325,2019-04-26,2019-05-02,6
2099,0PA4FIGHLR,333,2019-10-29,2019-11-04,6
2100,3JI6E7N0TH,127,2019-11-05,2019-11-06,1
2101,FV12UH4QWF,362,2019-03-09,2019-03-15,6
2102,GT26UU9EKV,132,2019-01-07,2019-01-14,7
2103,YZZLNIF46M,255,2019-04-26,2019-04-26,0
2104,Z4H15A07AE,306,2019-02-16,2019-02-20,4
2105,3LYQRQSJMW,377,2019-02-15,2019-02-15,0
2106,ACNMFQUAY7,145,2019-08-18,2019-08-24,6
2107,JLYBME4SW2,58,2019-04-29,2019-05-03,4
2108,2OA80YKLBF,181,2019-02-01,2019-02-07,6
2109,LZO4X54LHZ,51,2019-06-14,2019-06-20,6
2110,SN5ENJNPTY,233,2019-08-25,2019-08-29,4
2111,0JE6MUZ6VT,370,2019-10-31,2019-11-06,6
2112,9WJZNRABYD,325,2019-06-27,2019-06-28,1
2113,GOXESEAJ9C,424,2019-10-21,2019-10-25,4
2114,VBH0XNA605,143,2019-04-10,2019-04-13,3
2115,4I3TXFHMFJ,380,2019-06-29,2019-07-01,2
2116,XLV7WWBCLR,332,2019-07-07,2019-07-11,4
2117,O0FUIAXL5V,324,2019-02-09,2019-02-10,1
2118,8RWZ3B2WAN,192,2019-05-13,2019-05-13,0
2119,K11I8FDNX3,59,2019-04-02,2019-04-04,2
2120,Y4UPRSCAP6,212,2019-03-02,2019-03-03,1
2121,U848KTJKJV,272,2019-10-26,2019-11-01,6
2122,RWNCMQQLUH,19,2019-11-28,2019-12-04,6
2123,DOX64R6U2T,382,2019-10-09,2019-10-11,2
2124,2TKAGPYGJM,304,2019-03-23,2019-03-25,2
2125,XOOM9TKA2R,433,2019-08-25,2019-08-27,2
2126,UE5AJHJTAQ,137,2019-01-11,2019-01-16,5
2127,W0QOK54G2A,179,2019-08-25,2019-08-25,0
2128,MSXYFJ07WO,340,2019-07-21,2019-07-28,7
2129,SFWKS4E7CE,272,2019-02-03,2019-02-04,1
2130,175LBBXEJ5,402,2019-03-26,2019-03-31,5
2131,DNZZ4HEMS8,307,2019-04-28,2019-04-29,1
2132,FUPQW7HPHJ,329,2019-03-02,2019-03-03,1
2133,DD86L5JACW,120,2019-02-23,2019-02-28,5
2134,MAHEH60C2O,141,2019-10-31,2019-11-01,1
2135,13FMD8S4PF,192,2019-06-01,2019-06-03,2
2136,ANGD7Q0X3F,247,2019-06-07,2019-06-09,2
2137,U0017CPNF3,18,2019-07-03,2019-07-03,0
2138,0RC0782J1T,52,2019-04-28,2019-05-03,5
2139,ZYHCQHVJWK,150,2019-05-30,2019-05-31,1
2140,6QTQ48VK6A,135,2019-02-15,2019-02-16,1
2141,KK4548DBZF,380,2019-04-04,2019-04-08,4
2142,MI954KYK9G,81,2019-01-11,2019-01-17,6
2143,R1IIT4192D,216,2019-08-04,2019-08-05,1
2144,DKAWGR7UGY,261,2019-12-02,2019-12-02,0
2145,PAPEJ0T6HQ,95,2019-01-12,2019-01-16,4
2146,9I6G30F45K,166,2019-09-04,2019-09-07,3
2147,X6DXZFYQMC,216,2019-11-03,2019-11-03,0
2148,RX9I7GDG2E,26,2019-08-07,2019-08-08,1
2149,WK2SHS1MZV,24,2019-05-26,2019-05-29,3
2150,YPT5PP0WTD,136,2019-05-06,2019-05-11,5
2151,UR597EHITD,170,2019-11-04,2019-11-06,2
2152,ZDRP4W1T4V,15,2019-07-28,2019-08-02,5
2153,BI4K94H07I,149,2019-02-20,2019-02-22,2
2154,W34XST1ONS,167,2019-03-28,2019-04-03,6
2155,C1V72Q4D9G,240,2019-09-07,2019-09-13,6
2156,AP28OB30DA,115,2019-04-06,2019-04-13,7
2157,C9QQ0W81Q9,333,2019-10-03,2019-10-10,7
2158,BWCVQ62I7I,336,2019-12-16,2019-12-16,0
2159,T865TBFFLM,198,2019-05-08,2019-05-14,6
2160,6VPXQWTLI0,338,2019-05-21,2019-05-25,4
2161,SAS7KJDSN8,380,2019-08-29,2019-09-05,7
2162,I8M0OBO3B9,351,2019-11-08,2019-11-14,6
2163,K8Q84EPEMD,33,2019-06-20,2019-06-21,1
2164,C0BB0015M2,396,2019-08-14,2019-08-19,5
2165,PHK64O3NPL,115,2019-11-11,2019-11-12,1
2166,S2LR67VRVP,389,2019-04-06,2019-04-12,6
2167,6K9XENV0CT,337,2019-09-16,2019-09-20,4
2168,FJ8HT9R1W7,293,2019-04-20,2019-04-27,7
2169,FW4HMACMJN,308,2019-10-14,2019-10-19,5
2170,ADG5TAF2Q0,301,2019-11-23,2019-11-24,1
2171,RDF38MG7DD,95,2019-05-09,2019-05-11,2
2172,FGD1Z7VYSW,332,2019-02-27,2019-02-27,0
2173,HVLCZZP85T,103,2019-11-20,2019-11-21,1
2174,X10LDHA5X0,60,2019-04-25,2019-04-28,3
2175,6SG7KWLXGO,7,2019-05-20,2019-05-22,2
2176,RA9A65CVFE,381,2019-11-29,2019-12-04,5
2177,DGOH7XAWF2,50,2019-12-31,2020-01-05,5
2178,RG8JWUK59P,66,2019-01-16,2019-01-21,5
2179,ASJYYWDTUB,136,2019-02-24,2019-02-28,4
2180,FU5K5OKZ20,330,2019-10-31,2019-11-02,2
2181,ZMECAV31NN,376,2019-10-13,2019-10-15,2
2182,3K4HCZYK2L,118,2019-05-30,2019-05-30,0
2183,BMHIDFCEP1,317,2019-02-10,2019-02-15,5
2184,2TA3N4FGEY,370,2019-03-18,2019-03-24,6
2185,EBDMYQAJCM,132,2019-04-29,2019-04-29,0
2186,Y8L7NYFI51,402,2019-08-23,2019-08-30,7
2187,IS3SLE0SMZ,85,2019-07-27,2019-07-31,4
2188,55J8Y5CZZM,176,2019-12-16,2019-12-20,4
2189,072LZB411H,157,2019-07-27,2019-07-29,2
2190,WGRO3Y8QIF,182,2019-12-07,2019-12-10,3
2191,KJFV0SC9RU,181,2019-03-04,2019-03-04,0
2192,IDYVDW3BUN,26,2019-12-03,2019-12-08,5
2193,9JCCNI3HOO,221,2019-05-07,2019-05-08,1
2194,3S5MFMX0ZO,183,2019-12-11,2019-12-16,5
2195,NDNCD19LX5,192,2019-08-16,2019-08-21,5
2196,KQJYG4J86W,296,2019-06-13,2019-06-19,6
2197,UZPZ675EF2,145,2019-11-02,2019-11-07,5
2198,WYM8AC4NR2,272,2019-01-03,2019-01-03,0
2199,98J47WOZFA,66,2019-04-15,2019-04-16,1
2200,ZOFU74S8T7,129,2019-03-30,2019-04-02,3
2201,MIHWYIX4YA,379,2019-08-12,2019-08-12,0
2202,S9I0YI3UTK,205,2019-02-24,2019-02-25,1
2203,LH8ICRNT7D,340,2019-06-26,2019-06-26,0
2204,SRZHAIRJB3,431,2019-10-28,2019-11-02,5
2205,58TPH1FB55,402,2019-03-21,2019-03-25,4
2206,XF7A2DZZS0,341,2019-11-01,2019-11-05,4
2207,KDMBYM5AG5,145,2019-12-30,2019-12-30,0
2208,B3ORN6I7E5,240,2019-01-06,2019-01-10,4
2209,IIWKK52F3Z,61,2019-11-07,2019-11-11,4
2210,796EBM5TDF,322,2019-01-24,2019-01-31,7
2211,S207GGPI5X,239,2019-04-13,2019-04-15,2
2212,R86QJ8QWM4,426,2019-12-28,2020-01-03,6
2213,WTNMUSSO0T,350,2019-08-26,2019-08-29,3
2214,WD4V6OHIP7,25,2019-09-16,2019-09-16,0
2215,V3DS9EU6FY,362,2019-06-26,2019-06-29,3
2216,W8V3JTZWRU,95,2019-04-22,2019-04-22,0
2217,3PMBCKLY4W,148,2019-09-03,2019-09-08,5
2218,7L1KD76G5G,173,2019-03-27,2019-04-01,5
2219,WR20XPAWBG,142,2019-04-20,2019-04-23,3
2220,GT5YON17C4,3,2019-04-14,2019-04-18,4
2221,VMBXTXST4L,110,2019-01-10,2019-01-17,7
2222,STIZ5FWWNH,72,2019-05-05,2019-05-06,1
2223,PD9C0R7LKD,89,2019-04-04,2019-04-11,7
2224,YVPC1U0CCD,213,2019-08-07,2019-08-10,3
2225,4SCSZGMG8U,210,2019-04-22,2019-04-25,3
2226,6WE6ZZFQ4B,138,2019-09-27,2019-09-28,1
2227,9VW31TJDSI,213,2019-01-25,2019-01-28,3
2228,SSHC2SZ1QJ,44,2019-01-28,2019-02-03,6
2229,JFIB2GL5S7,50,2019-02-18,2019-02-24,6
2230,BMAG7J529E,274,2019-02-16,2019-02-18,2
2231,BAL2Q2TZFE,392,2019-03-02,2019-03-07,5
2232,RD67B20ANM,186,2019-12-22,2019-12-25,3
2233,Z9A60NNHQ9,104,2019-02-20,2019-02-23,3
2234,H38NXH69BL,188,2019-11-06,2019-11-11,5
2235,4YO3Z3MSLR,344,2019-11-17,2019-11-18,1
2236,M2K0CJ5V6D,378,2019-12-24,2019-12-30,6
2237,L2LI4JZ9PR,283,2019-04-11,2019-04-14,3
2238,9CR0RY7E6X,142,2019-01-01,2019-01-04,3
2239,H9GLH9X51X,164,2019-08-31,2019-09-05,5
2240,0Y68PC7QUQ,249,2019-01-19,2019-01-23,4
2241,JR7WFUQHI9,324,2019-02-15,2019-02-21,6
2242,SDGKSMQMNM,45,2019-12-28,2019-12-31,3
2243,37UX6BI9HG,369,2019-05-09,2019-05-15,6
2244,K3A9UT5T5G,115,2019-06-09,2019-06-12,3
2245,SQ8RNKQV2G,361,2019-08-01,2019-08-08,7
2246,DUJ8N717EO,329,2019-06-07,2019-06-08,1
2247,3D9URQ4WUG,100,2019-04-21,2019-04-25,4
2248,D38X4DC1TY,76,2019-12-26,2020-01-01,6
2249,W5BU4UOM96,50,2019-01-03,2019-01-09,6
2250,CIPKEWK7TV,182,2019-06-03,2019-06-08,5
2251,1EKHKNAI47,304,2019-01-02,2019-01-09,7
2252,3RTGAWJLK2,256,2019-12-27,2019-12-29,2
2253,DJ2GJ1NSEJ,372,2019-03-20,2019-03-22,2
2254,RTR4NSTS6E,424,2019-07-23,2019-07-23,0
2255,NFIIXPZ937,303,2019-03-16,2019-03-22,6
2256,DAOD31DB6L,168,2019-03-19,2019-03-25,6
2257,97T2E8H0U3,198,2019-09-17,2019-09-18,1
2258,QZ32GRXQ4P,209,2019-05-15,2019-05-20,5
2259,NK6QVSXQFR,343,2019-04-30,2019-05-02,2
2260,Z8V3IHLEI9,404,2019-06-24,2019-06-28,4
2261,0XZCMK4M9H,61,2019-03-19,2019-03-25,6
2262,TWPEG0TXH3,162,2019-06-24,2019-06-25,1
2263,YN9CNKNHF1,426,2019-09-29,2019-10-02,3
2264,RFKYUH65TD,408,2019-05-17,2019-05-24,7
2265,GDW9V39OZE,172,2019-02-08,2019-02-11,3
2266,WOPCWA5PV1,211,2019-02-05,2019-02-12,7
2267,9IGLHH9FPF,13,2019-06-07,2019-06-07,0
2268,L96PU7M0F9,73,2019-11-29,2019-12-01,2
2269,M75PY0SWIJ,70,2019-12-06,2019-12-08,2
2270,Z259E8LV9U,339,2019-01-07,2019-01-07,0
2271,7Z1B9HD6SA,389,2019-11-03,2019-11-08,5
2272,SD0HBDKKW6,359,2019-06-02,2019-06-05,3
2273,5Y5GNIGQ2T,344,2019-01-02,2019-01-02,0
2274,FCQKUSTTRW,388,2019-11-28,2019-12-01,3
2275,5UU9K51ZX3,281,2019-02-01,2019-02-03,2
2276,99F9UQ5LA4,179,2019-03-15,2019-03-17,2
2277,ZY0KJEVO50,219,2019-06-22,2019-06-22,0
2278,Z56XOYE4ZM,353,2019-07-30,2019-08-04,5
2279,ZF03QS0GUC,344,2019-09-29,2019-10-03,4
2280,OPH1HLMQOH,351,2019-11-02,2019-11-02,0
2281,DJ7V2BHUM4,169,2019-04-18,2019-04-23,5
2282,RSMFUM34KT,345,2019-10-29,2019-11-03,5
2283,82JG9AMBLN,415,2019-12-06,2019-12-06,0
2284,EO6YV5VT7U,264,2019-09-30,2019-10-05,5
2285,P2S8AACC80,428,2019-06-19,2019-06-26,7
2286,W5Y354LI2K,113,2019-08-07,2019-08-10,3
2287,P8ASKGGV5B,311,2019-05-17,2019-05-21,4
2288,EBYC5QQSR4,19,2019-08-24,2019-08-30,6
2289,D76GV3R0H0,15,2019-05-23,2019-05-24,1
2290,KQ1MY3SWVU,141,2019-07-15,2019-07-20,5
2291,TLJ9I3VRAF,151,2019-01-26,2019-01-31,5
2292,2SNVNQYUYR,2,2019-05-21,2019-05-25,4
2293,EHSOH24KV8,213,2019-04-28,2019-05-05,7
2294,IJLJ5CKSLM,152,2019-05-31,2019-06-03,3
2295,AGQ5VYEOV2,371,2019-06-15,2019-06-20,5
2296,PF7CAE1S3K,292,2019-02-06,2019-02-13,7
2297,0USWAHEBZ6,37,2019-04-10,2019-04-11,1
2298,EJJEZOYNC9,415,2019-10-01,2019-10-05,4
2299,Z1M8A5XYYD,306,2019-06-27,2019-06-29,2
2300,RN9V3LAZBR,35,2019-03-30,2019-04-05,6
2301,JTP9YGMGYN,288,2019-12-14,2019-12-19,5
2302,HDRJ0T9A7D,37,2019-04-20,2019-04-22,2
2303,QHJ9SY591R,93,2019-05-19,2019-05-21,2
2304,67O98RU8PN,160,2019-09-15,2019-09-20,5
2305,L5QNPYYX7V,364,2019-02-13,2019-02-19,6
2306,E22JX9R185,83,2019-08-09,2019-08-15,6
2307,SYBCU7LPJ2,180,2019-10-26,2019-11-01,6
2308,HTSLAZIHTI,312,2019-12-04,2019-12-08,4
2309,OT2PG3QJST,6,2019-01-18,2019-01-19,1
2310,O981GXS6RJ,2,2019-02-26,2019-02-27,1
2311,5IRLIOQKLA,228,2019-12-13,2019-12-14,1
2312,KXPXK7P80T,86,2019-08-02,2019-08-07,5
2313,WFBDT5NJEP,236,2019-11-20,2019-11-24,4
2314,2627OF069E,242,2019-04-08,2019-04-14,6
2315,WDCAL8RUGF,387,2019-07-06,2019-07-09,3
2316,1YWDLH9TOF,147,2019-06-02,2019-06-03,1
2317,DKZD48B8HW,39,2019-05-23,2019-05-30,7
2318,7O92WVJAHB,311,2019-12-10,2019-12-14,4
2319,RKFY9O5WPK,259,2019-01-21,2019-01-23,2
2320,N7R6OFPWYC,108,2019-05-15,2019-05-21,6
2321,0AT1EBU0T2,371,2019-02-27,2019-03-06,7
2322,9730DSMDH1,157,2019-11-05,2019-11-12,7
2323,MTQG85Q8Y4,259,2019-01-17,2019-01-19,2
2324,2RDF0AB964,407,2019-07-16,2019-07-22,6
2325,9PX32V5EFO,155,2019-12-29,2020-01-05,7
2326,Y8JT1X5P4E,397,2019-06-02,2019-06-09,7
2327,UNO9052RZW,102,2019-09-08,2019-09-11,3
2328,4EDJKB6XTX,357,2019-03-02,2019-03-04,2
2329,2DGGHEYHO8,353,2019-07-10,2019-07-10,0
2330,7TL8D2UC97,151,2019-07-14,2019-07-15,1
2331,DDMW9I2E74,279,2019-04-18,2019-04-18,0
2332,ENNLWRX851,75,2019-07-10,2019-07-11,1
2333,ERNJXBWH6K,369,2019-05-04,2019-05-11,7
2334,5BH3EIBMXD,183,2019-03-24,2019-03-25,1
2335,F6PKC1GYV7,132,2019-09-02,2019-09-05,3
2336,6NVZNRHK7I,106,2019-05-25,2019-05-30,5
2337,8N252MUJJT,151,2019-07-11,2019-07-14,3
2338,QW9KHRPXWQ,417,2019-06-18,2019-06-22,4
2339,7DGM4VKP3C,358,2019-05-15,2019-05-20,5
2340,1B9X3H0Q9E,182,2019-10-08,2019-10-11,3
2341,9LNFL09L6K,138,2019-09-19,2019-09-25,6
2342,0TOFHID05A,71,2019-02-12,2019-02-12,0
2343,6QZ67RQ2ZB,102,2019-02-18,2019-02-24,6
2344,P3XOC8U0RX,160,2019-08-19,2019-08-20,1
2345,8K4MFUZ1B4,408,2019-08-06,2019-08-11,5
2346,MLBX7GV05S,43,2019-01-26,2019-01-29,3
2347,OYD2Y02LLE,99,2019-08-22,2019-08-25,3
2348,XOTOIWEEOX,236,2019-08-24,2019-08-30,6
2349,MS4B0ZV8WB,12,2019-04-12,2019-04-12,0
2350,QYD4Y74GZH,12,2019-07-24,2019-07-24,0
2351,N41LB9XQBT,151,2019-05-19,2019-05-22,3
2352,NW6LMME8ZI,19,2019-04-05,2019-04-12,7
2353,LCU6MFHUYJ,256,2019-08-24,2019-08-29,5
2354,RD0GZ1JFG0,389,2019-10-13,2019-10-19,6
2355,TZZX8P1BE2,112,2019-07-26,2019-08-02,7
2356,8D01AXW0B3,422,2019-12-23,2019-12-28,5
2357,CPDAVMAU1Z,141,2019-10-13,2019-10-13,0
2358,71X4W4IJV2,356,2019-01-07,2019-01-10,3
2359,HN0JGS7I4L,430,2019-04-01,2019-04-06,5
2360,V1M7UQOJDG,58,2019-03-17,2019-03-21,4
2361,0AWLPZ3LOF,406,2019-09-06,2019-09-09,3
2362,UWA764WLUL,350,2019-04-20,2019-04-20,0
2363,YKPE5B0KAT,170,2019-07-24,2019-07-28,4
2364,QQDSCJF21X,189,2019-07-04,2019-07-07,3
2365,8AZX8KEVDK,160,2019-03-25,2019-03-27,2
2366,5IBRDQGECC,21,2019-11-21,2019-11-23,2
2367,AO2LBDL5U6,422,2019-04-20,2019-04-25,5
2368,3TYMTZG95Y,39,2019-03-02,2019-03-09,7
2369,KKC1G3DXT2,293,2019-12-01,2019-12-08,7
2370,3RJO9W3R29,433,2019-03-09,2019-03-16,7
2371,PYRHLETR7U,319,2019-01-23,2019-01-29,6
2372,6X4GY3EGY3,19,2019-11-24,2019-11-27,3
2373,X6MK37YA31,323,2019-10-01,2019-10-02,1
2374,82AF6EMB2T,336,2019-09-16,2019-09-18,2
2375,GQIHJYWA0R,272,2019-12-14,2019-12-18,4
2376,R7BA58AH9F,96,2019-07-04,2019-07-07,3
2377,LB9E8O0OUC,68,2019-09-25,2019-10-01,6
2378,CJNZ5CYSX8,376,2019-11-11,2019-11-16,5
2379,NUFT3L4YWG,280,2019-11-25,2019-11-28,3
2380,LI621S6458,152,2019-07-09,2019-07-09,0
2381,J71QYWKMZM,44,2019-08-09,2019-08-13,4
2382,G56NSZLLW3,234,2019-04-30,2019-05-01,1
2383,SG2BWGDJ4X,102,2019-05-05,2019-05-11,6
2384,8HRW0X5Y6N,151,2019-12-30,2019-12-30,0
2385,RWYO1PFRT3,351,2019-03-07,2019-03-09,2
2386,MH4V9UGFT1,386,2019-06-25,2019-07-01,6
2387,G88P7L6TW5,161,2019-08-14,2019-08-20,6
2388,QHY7W8H676,274,2019-07-16,2019-07-18,2
2389,IJ4ZQ6ICL5,252,2019-09-19,2019-09-24,5
2390,ZSV2GULN22,312,2019-12-30,2020-01-03,4
2391,1A2NT5LMNN,190,2019-10-29,2019-11-02,4
2392,WCTHOX6BYT,286,2019-07-12,2019-07-16,4
2393,B0QZRVQKLB,43,2019-04-30,2019-04-30,0
2394,XAV8LDYW7F,17,2019-11-25,2019-12-02,7
2395,XWUCZGY4H7,221,2019-01-02,2019-01-06,4
2396,VF9KY90F56,304,2019-01-17,2019-01-23,6
2397,IEE9T38GSX,348,2019-08-16,2019-08-17,1
2398,L5TIAVJRT1,58,2019-12-05,2019-12-10,5
2399,GDCKPG499I,135,2019-01-17,2019-01-22,5
2400,1B5Y79ZRKU,362,2019-10-01,2019-10-02,1
2401,648WYJ546U,139,2019-05-25,2019-05-26,1
2402,9Z4VZHHLU1,5,2019-07-01,2019-07-01,0
2403,0M1U9ARTTH,203,2019-02-03,2019-02-03,0
2404,7KU4SF2D1J,36,2019-12-24,2019-12-24,0
2405,ZBF1MIWGJ5,283,2019-12-06,2019-12-09,3
2406,KG77Z0XVZJ,412,2019-06-07,2019-06-08,1
2407,V86KDNWBQD,291,2019-08-17,2019-08-18,1
2408,JC97PMLULW,230,2019-08-11,2019-08-16,5
2409,9BPV7H6B5W,277,2019-01-24,2019-01-31,7
2410,PAI350N64I,186,2019-12-12,2019-12-18,6
2411,6Z2U9P0AC9,79,2019-05-15,2019-05-16,1
2412,M933MHZFM8,43,2019-03-14,2019-03-21,7
2413,N1TW0A9VPD,405,2019-08-07,2019-08-12,5
2414,RUUPSABZ46,408,2019-02-01,2019-02-07,6
2415,06SP5SAHSB,185,2019-11-29,2019-12-06,7
2416,8BLGXCF6Z7,284,2019-12-20,2019-12-22,2
2417,5NOWLUHWEZ,156,2019-03-11,2019-03-13,2
2418,OL5LSWIOMX,220,2019-07-23,2019-07-27,4
2419,YDJ3BZQ96I,392,2019-01-29,2019-02-03,5
2420,0MH1FN3B9F,179,2019-07-24,2019-07-31,7
2421,7J8SELE3SM,16,2019-09-05,2019-09-05,0
2422,RLJ9TPMCKJ,127,2019-06-05,2019-06-05,0
2423,KPV9F5KMXR,115,2019-11-18,2019-11-24,6
2424,4RCDRJOV0E,209,2019-09-07,2019-09-11,4
2425,DSX8V9YVJC,319,2019-08-31,2019-09-07,7
2426,XFLEUXHJLW,246,2019-03-25,2019-03-26,1
2427,EWKUQPI6CG,182,2019-11-27,2019-11-28,1
2428,LM8Q4N1CQ5,267,2019-04-18,2019-04-24,6
2429,5OLVJU9BSG,123,2019-05-27,2019-05-31,4
2430,D4B2MY6YY7,353,2019-03-28,2019-04-02,5
2431,P0LRMLRCT2,350,2019-08-02,2019-08-03,1
2432,36MHTAVUF8,162,2019-09-15,2019-09-19,4
2433,ABJQ0C4OI8,122,2019-08-05,2019-08-07,2
2434,8TZ2BWCTA7,338,2019-01-21,2019-01-26,5
2435,YURP2L0BQ5,356,2019-10-21,2019-10-22,1
2436,SCLL7UK5VE,209,2019-04-23,2019-04-24,1
2437,8YVTM8PVDF,234,2019-07-14,2019-07-17,3
2438,8S0S6VTQ5D,344,2019-11-04,2019-11-10,6
2439,AOKY5BA2MV,270,2019-04-30,2019-04-30,0
2440,87RPDQKQP2,308,2019-05-29,2019-06-05,7
2441,AZ3QY7F5KV,183,2019-04-25,2019-05-02,7
2442,UK1FELKP1W,380,2019-07-22,2019-07-22,0
2443,R1TPY2732L,33,2019-12-24,2019-12-31,7
2444,F5R0EX08Q1,248,2019-04-02,2019-04-03,1
2445,AWLMUFFI1X,131,2019-10-14,2019-10-21,7
2446,TMZDWEPHWG,40,2019-09-06,2019-09-08,2
2447,EOPWVL5DDK,244,2019-04-19,2019-04-24,5
2448,HM0IQ11SUA,338,2019-01-31,2019-02-02,2
2449,H2EF5K7JS5,392,2019-11-26,2019-12-02,6
2450,WF3FF74DU3,430,2019-01-17,2019-01-21,4
2451,925GF84EBD,150,2019-03-23,2019-03-29,6
2452,21A1WVSDO3,349,2019-02-03,2019-02-05,2
2453,ATFABCFSA8,116,2019-10-15,2019-10-22,7
2454,AI4X47X8VY,21,2019-01-11,2019-01-16,5
2455,1UAWEAZLRY,385,2019-10-31,2019-11-01,1
2456,YOD5VSEWDP,289,2019-04-23,2019-04-27,4
2457,QJ3XJ092DA,35,2019-06-14,2019-06-15,1
2458,SNJNCVLJVM,158,2019-04-09,2019-04-11,2
2459,RKY5VL2QP7,297,2019-02-19,2019-02-26,7
2460,XJFWB4VNJR,390,2019-05-16,2019-05-20,4
2461,RYC774RHOI,172,2019-02-08,2019-02-08,0
2462,0FGA4VT7M5,361,2019-10-03,2019-10-09,6
2463,LJGZ2D1HOE,200,2019-07-26,2019-07-28,2
2464,1OKRB66RQT,130,2019-03-05,2019-03-12,7
2465,E55JG38DQB,139,2019-05-04,2019-05-08,4
2466,TOGGXU47Q0,141,2019-10-27,2019-11-03,7
2467,39N0ZYC1X8,78,2019-08-31,2019-09-04,4
2468,6720S3IKWZ,239,2019-05-23,2019-05-23,0
2469,HS9UH702KS,358,2019-03-12,2019-03-15,3
2470,BTD8GCKWEM,141,2019-09-23,2019-09-28,5
2471,LI66BLSMFQ,132,2019-07-14,2019-07-17,3
2472,B2LX6G0MGF,396,2019-03-29,2019-04-03,5
2473,7RQVTA3MNQ,266,2019-04-05,2019-04-09,4
2474,OUC5Y3FDYT,124,2019-04-07,2019-04-14,7
2475,O2PCQFHXWN,43,2019-05-22,2019-05-26,4
2476,WXVD5T72KZ,117,2019-01-10,2019-01-13,3
2477,Y7XTLRV47F,402,2019-12-05,2019-12-07,2
2478,5SZ2KYNWRO,226,2019-04-20,2019-04-26,6
2479,VM3ZR2X2L3,161,2019-07-04,2019-07-04,0
2480,U1XXXID2CE,174,2019-06-15,2019-06-21,6
2481,OWUT4PNIZZ,341,2019-12-13,2019-12-13,0
2482,J379274EV6,137,2019-01-30,2019-01-30,0
2483,SRC1M6UVGE,247,2019-06-11,2019-06-18,7
2484,3APQOX3KQ4,386,2019-05-16,2019-05-20,4
2485,LTEUQXB26L,424,2019-03-25,2019-03-31,6
2486,5O0RGJQ2OA,316,2019-03-05,2019-03-05,0
2487,TYSLPOMXOH,268,2019-06-18,2019-06-19,1
2488,GMMBSDDG5Y,296,2019-10-14,2019-10-15,1
2489,V22JSIW28X,361,2019-05-14,2019-05-18,4
2490,9JH38G6JQE,114,2019-12-05,2019-12-12,7
2491,9T6ZAD5VS1,49,2019-02-01,2019-02-04,3
2492,QXY6U3H9PY,230,2019-12-09,2019-12-10,1
2493,SGIHUK39AF,402,2019-12-20,2019-12-26,6
2494,VFZEU8URF1,342,2019-07-21,2019-07-25,4
2495,F20MPKWW8O,201,2019-04-21,2019-04-27,6
2496,8MIY0SIFRF,13,2019-04-10,2019-04-13,3
2497,K722OPANDL,1,2019-04-07,2019-04-09,2
2498,RWLNUTLQ0G,282,2019-02-27,2019-03-02,3
2499,Z8MK15YHZB,120,2019-05-10,2019-05-14,4
2500,C621TNV8NC,298,2019-10-14,2019-10-19,5
2501,LK8EWFPN6Z,219,2019-09-15,2019-09-21,6
2502,ND98QDRGHD,96,2019-12-02,2019-12-03,1
2503,QV3FF8751T,114,2019-10-22,2019-10-28,6
2504,9RFLIJWQ70,378,2019-11-14,2019-11-16,2
2505,0HO4RLF8LX,223,2019-06-18,2019-06-18,0
2506,YOYLA8FZM2,11,2019-08-07,2019-08-13,6
2507,CT1OVQ74NK,16,2019-08-21,2019-08-26,5
2508,86X3LKFSWX,21,2019-11-30,2019-12-02,2
2509,P8KMGHRGMU,399,2019-06-15,2019-06-17,2
2510,KU2R5P2GCU,1,2019-05-27,2019-05-29,2
2511,UIEEVL4XNU,180,2019-06-16,2019-06-19,3
2512,YBOII4PQPW,396,2019-01-25,2019-01-26,1
2513,4UKN2KDHOA,91,2019-10-29,2019-11-01,3
2514,4AZ7QPQNAI,37,2019-12-22,2019-12-27,5
2515,RYVXP2GO1F,140,2019-06-30,2019-07-07,7
2516,JX4CEYGMML,111,2019-10-03,2019-10-07,4
2517,5JZQNPVVSJ,206,2019-02-01,2019-02-03,2
2518,ZKOV8ORZDH,47,2019-06-01,2019-06-01,0
2519,JB93G7BCR1,233,2019-09-05,2019-09-12,7
2520,DGIXUO4JGD,173,2019-03-03,2019-03-05,2
2521,XGOL73I4KN,416,2019-01-20,2019-01-26,6
2522,K5EEC1YGEF,385,2019-11-03,2019-11-04,1
2523,R7GUTZ1QMI,357,2019-09-19,2019-09-24,5
2524,JGZ0KSENUI,57,2019-04-30,2019-05-01,1
2525,PYBNG8ODI0,65,2019-06-07,2019-06-09,2
2526,9BVJLOUTGE,177,2019-10-16,2019-10-16,0
2527,E2HSWVN7SA,246,2019-05-31,2019-06-03,3
2528,AFP8MJN0UG,175,2019-10-19,2019-10-24,5
2529,8W40KF84EI,318,2019-09-18,2019-09-25,7
2530,LLL4EW4PJP,248,2019-07-01,2019-07-01,0
2531,911HSAOQZ8,338,2019-02-21,2019-02-22,1
2532,MECHRJIJM5,296,2019-06-15,2019-06-21,6
2533,HJWG891PVE,174,2019-10-19,2019-10-22,3
2534,Z8P1ZBW7CB,281,2019-07-24,2019-07-24,0
2535,JTBIYXID0P,194,2019-12-06,2019-12-13,7
2536,ZYJ68K1210,233,2019-05-26,2019-05-30,4
2537,18OZDR4PIH,433,2019-11-05,2019-11-10,5
2538,1GAY8N870G,98,2019-01-15,2019-01-18,3
2539,AXYET1K837,269,2019-07-20,2019-07-26,6
2540,T60999DT5B,26,2019-12-05,2019-12-11,6
2541,6G11AJQVIF,166,2019-11-17,2019-11-19,2
2542,MTA1GA27MS,394,2019-09-21,2019-09-28,7
2543,4LHNJPSS8P,298,2019-09-04,2019-09-11,7
2544,JROVAUSENI,141,2019-03-18,2019-03-24,6
2545,0HZGTXQJJI,129,2019-01-19,2019-01-24,5
2546,CA8PANR2KI,421,2019-09-03,2019-09-10,7
2547,VR87FULLNR,361,2019-07-25,2019-08-01,7
2548,ZI5VCFU2OG,183,2019-08-14,2019-08-17,3
2549,L0L77YFF4A,44,2019-03-19,2019-03-26,7
2550,RACBH6BJIT,248,2019-09-06,2019-09-10,4
2551,8NAVF6285Q,266,2019-05-02,2019-05-04,2
2552,TXSYF89X2R,413,2019-09-04,2019-09-05,1
2553,2ME8N8C5EL,128,2019-01-29,2019-02-02,4
2554,UH82UXVUGO,134,2019-03-11,2019-03-18,7
2555,6LWVK6OB70,197,2019-07-21,2019-07-21,0
2556,HNCGVKZYBI,418,2019-10-11,2019-10-12,1
2557,I4ZA3W9A3X,278,2019-11-05,2019-11-06,1
2558,M4FHP0TFTV,67,2019-12-20,2019-12-21,1
2559,4ZGNCTDTY1,153,2019-03-04,2019-03-05,1
2560,H78XCBACJA,124,2019-06-28,2019-07-02,4
2561,0HTRLUJSSP,329,2019-08-15,2019-08-16,1
2562,8LTZ2NUZK8,262,2019-09-09,2019-09-12,3
2563,SWEHFSOLQV,357,2019-08-24,2019-08-30,6
2564,WR0P2HO00H,285,2019-10-08,2019-10-08,0
2565,UI5NHSKMWJ,62,2019-11-24,2019-11-29,5
2566,HA45HNZWH8,166,2019-03-30,2019-04-02,3
2567,BJSNXCG6O5,254,2019-03-22,2019-03-29,7
2568,6CMNCJCKNM,39,2019-05-17,2019-05-17,0
2569,O05P94CELX,87,2019-01-05,2019-01-12,7
2570,EOXJLVDAYN,42,2019-06-03,2019-06-04,1
2571,2NXOHPNNUY,25,2019-09-11,2019-09-15,4
2572,Z1HYYNN3IE,421,2019-12-13,2019-12-20,7
2573,RPCZ0MU98F,125,2019-02-24,2019-02-25,1
2574,QWHCJRFRYA,100,2019-05-04,2019-05-05,1
2575,I06DHMMCQO,221,2019-06-17,2019-06-22,5
2576,VHOCX5R4W5,238,2019-08-31,2019-09-04,4
2577,LKIUFJ74FB,306,2019-10-19,2019-10-22,3
2578,L4Q14MXR7O,85,2019-05-09,2019-05-15,6
2579,OT3IOL336I,177,2019-04-18,2019-04-24,6
2580,P9O2ZTQ19U,54,2019-02-01,2019-02-07,6
2581,V01VF55728,76,2019-03-10,2019-03-14,4
2582,0KBYJ7JF7D,357,2019-11-28,2019-12-02,4
2583,UCZEYMM0IK,174,2019-07-22,2019-07-27,5
2584,QZE7CKCYWC,250,2019-12-17,2019-12-19,2
2585,YWHKTEKTV1,124,2019-08-31,2019-09-06,6
2586,9P95G6YMXY,228,2019-01-16,2019-01-17,1
2587,66ATG8B4LR,87,2019-07-09,2019-07-16,7
2588,4E44YU3TOO,249,2019-08-26,2019-08-31,5
2589,UZXNP2SP52,35,2019-02-06,2019-02-06,0
2590,A5EGRQRDUQ,248,2019-11-10,2019-11-17,7
2591,1QJ3PE63SR,159,2019-10-01,2019-10-03,2
2592,OT5HU8JMI0,101,2019-04-03,2019-04-07,4
2593,PQT8L0U5UK,182,2019-05-31,2019-06-05,5
2594,TUC3C6USNN,213,2019-01-10,2019-01-11,1
2595,TKGFK7R6EF,211,2019-02-12,2019-02-16,4
2596,T3F2YUMTAG,380,2019-11-12,2019-11-18,6
2597,G9M82D6EVM,217,2019-10-23,2019-10-23,0
2598,LRBY9XHO6N,223,2019-12-05,2019-12-10,5
2599,ABP2GM907Z,131,2019-05-18,2019-05-18,0
2600,PG3MT31J44,246,2019-11-28,2019-12-05,7
2601,HN1SCSGLRE,423,2019-02-23,2019-02-27,4
2602,C3IA4G6ZQ1,4,2019-08-15,2019-08-17,2
2603,CF7JHWP1KM,173,2019-07-29,2019-07-30,1
2604,48Y3DU2S30,378,2019-04-21,2019-04-24,3
2605,TAUXRNA0CS,59,2019-02-02,2019-02-04,2
2606,04JBKO1MP2,2,2019-03-22,2019-03-28,6
2607,KFF5P1DTFK,96,2019-11-10,2019-11-17,7
2608,NDQ7T3J3WX,202,2019-03-05,2019-03-10,5
2609,ZQ3J3QDHEX,104,2019-04-02,2019-04-02,0
2610,GGMH03DOWQ,368,2019-06-07,2019-06-12,5
2611,DJVBQUSERO,414,2019-10-24,2019-10-31,7
2612,N53YUHTAJP,282,2019-02-27,2019-02-28,1
2613,D114A569U8,352,2019-05-27,2019-05-29,2
2614,AJV1CTD01N,297,2019-01-11,2019-01-11,0
2615,R4CQML93H7,412,2019-06-16,2019-06-20,4
2616,U7O6AJ1IEW,410,2019-09-01,2019-09-03,2
2617,VVYRT61D4H,325,2019-09-11,2019-09-12,1
2618,HAWNKGGHJK,273,2019-10-20,2019-10-20,0
2619,NB7YNBAFF0,252,2019-07-25,2019-08-01,7
2620,FHVB0Q0S3S,278,2019-01-28,2019-02-02,5
2621,HHB5B0WI9J,261,2019-07-10,2019-07-10,0
2622,WXAIA4D9HK,342,2019-05-02,2019-05-08,6
2623,ZXJLHS3V2U,302,2019-02-14,2019-02-16,2
2624,K4SDN3N8NE,266,2019-12-20,2019-12-25,5
2625,J4KON25S7B,76,2019-04-14,2019-04-17,3
2626,955A3X4FJF,84,2019-10-10,2019-10-11,1
2627,EDYQANVPML,33,2019-02-24,2019-02-25,1
2628,SMJQVZDQJA,228,2019-01-22,2019-01-23,1
2629,OOBURRVCK9,293,2019-10-08,2019-10-12,4
2630,Z5M1E57M4G,257,2019-03-02,2019-03-09,7
2631,VZ137C9CPP,271,2019-07-24,2019-07-28,4
2632,K3GXYGRAFR,282,2019-06-07,2019-06-08,1
2633,RXWYF9KUH2,18,2019-11-20,2019-11-22,2
2634,ZSDJRGKTGL,300,2019-06-23,2019-06-30,7
2635,4N3F295SZR,345,2019-04-01,2019-04-03,2
2636,6WA32OZGT3,244,2019-10-17,2019-10-20,3
2637,1Q7AOZCDMF,245,2019-04-22,2019-04-26,4
2638,IGERL39EY1,295,2019-03-13,2019-03-17,4
2639,ABXCY3O7Z3,54,2019-12-01,2019-12-04,3
2640,CJ1EUAWYAY,407,2019-06-29,2019-07-02,3
2641,SZZG6P3LCR,104,2019-04-02,2019-04-04,2
2642,IK6Q0508G3,374,2019-01-30,2019-02-03,4
2643,DQPX6Z8JB8,277,2019-03-14,2019-03-16,2
2644,VRBYXPJNFO,407,2019-08-24,2019-08-29,5
2645,PHI7YR874L,99,2019-11-06,2019-11-11,5
2646,AAGKI98JHC,102,2019-05-09,2019-05-09,0
2647,0UJJ84DF4F,148,2019-05-10,2019-05-14,4
2648,71O0AGY9ZX,5,2019-06-07,2019-06-13,6
2649,UCDAFDMJTG,173,2019-07-23,2019-07-26,3
2650,O244IH1E56,85,2019-12-05,2019-12-06,1
2651,CHDBTD29FI,315,2019-09-20,2019-09-26,6
2652,FK6PQT86EW,380,2019-10-08,2019-10-08,0
2653,XDFS4WXKQH,185,2019-12-20,2019-12-26,6
2654,4O0RYNRZ5Z,319,2019-07-22,2019-07-27,5
2655,YICM0WOPEO,366,2019-08-10,2019-08-13,3
2656,9O8M4AFJ3U,167,2019-10-28,2019-11-01,4
2657,LVFT16XVIK,392,2019-08-01,2019-08-03,2
2658,UK5MLRGW9Y,138,2019-11-18,2019-11-24,6
2659,4608TW5URP,172,2019-07-01,2019-07-04,3
2660,DQDCV3K1MM,189,2019-03-02,2019-03-08,6
2661,7MM37Y7PK2,25,2019-01-28,2019-02-01,4
2662,OWUD9T00FS,327,2019-02-08,2019-02-13,5
2663,OVSMA2PEFN,370,2019-12-15,2019-12-21,6
2664,75M4Y479IW,5,2019-03-30,2019-04-06,7
2665,HI7FRI4JJI,296,2019-03-07,2019-03-07,0
2666,JLTB98F1T1,53,2019-12-13,2019-12-19,6
2667,GSA3NYRZA2,34,2019-02-21,2019-02-26,5
2668,SO8ZDPCI5I,77,2019-09-28,2019-10-04,6
2669,WJ8KJ1DF3C,24,2019-10-30,2019-10-30,0
2670,1YQ13N4S4D,52,2019-10-16,2019-10-18,2
2671,SQBILH0CP9,237,2019-02-07,2019-02-07,0
2672,PUX6YC2BKJ,260,2019-10-19,2019-10-23,4
2673,YS77QJI0SM,238,2019-08-13,2019-08-18,5
2674,KA9HLX2HDO,187,2019-05-22,2019-05-23,1
2675,22X9I6NUNE,334,2019-09-30,2019-09-30,0
2676,WCOC60WESO,121,2019-08-02,2019-08-02,0
2677,IVPY57G8HU,127,2019-07-27,2019-07-29,2
2678,ICMACOEHXQ,100,2019-06-06,2019-06-10,4
2679,PRDY4QWVFQ,407,2019-08-09,2019-08-13,4
2680,66O7G4L77I,67,2019-03-22,2019-03-29,7
2681,8W74FFERT7,15,2019-02-18,2019-02-20,2
2682,HSEB71IFEP,170,2019-09-29,2019-09-29,0
2683,I2BFR5IC2R,201,2019-08-27,2019-08-29,2
2684,9C0L87Q40A,147,2019-09-01,2019-09-02,1
2685,FFUQ172J2S,362,2019-02-02,2019-02-07,5
2686,J0AIFGILEH,89,2019-06-24,2019-06-24,0
2687,RNMHCY6CJV,267,2019-11-17,2019-11-18,1
2688,6FXK3KMW1E,248,2019-02-12,2019-02-12,0
2689,0MBUH5BMT6,197,2019-02-04,2019-02-05,1
2690,1GFYP1AI57,367,2019-10-19,2019-10-25,6
2691,6LLZYZEF87,373,2019-07-24,2019-07-26,2
2692,JMRZ59FQMH,208,2019-11-04,2019-11-08,4
2693,Z8H0N4963U,22,2019-12-23,2019-12-24,1
2694,FB8RO9WK5A,127,2019-07-28,2019-07-30,2
2695,9A6UXVLDNI,24,2019-04-17,2019-04-19,2
2696,N5BKAH8ME0,55,2019-08-03,2019-08-05,2
2697,R2PH09BGLU,327,2019-04-28,2019-04-29,1
2698,JR2VMOM19G,410,2019-02-09,2019-02-11,2
2699,N4MRON0AQ0,376,2019-03-12,2019-03-14,2
2700,3HMTAYXTI7,410,2019-05-09,2019-05-10,1
2701,UDA7U4I466,297,2019-03-26,2019-03-29,3
2702,C542JT7HE7,265,2019-01-24,2019-01-24,0
2703,R7YYVRU56L,70,2019-02-18,2019-02-20,2
2704,I1CEX6NB2U,284,2019-07-30,2019-08-05,6
2705,KG29C3HJKE,363,2019-01-12,2019-01-15,3
2706,4L2I1MAXJD,404,2019-02-05,2019-02-08,3
2707,PYUBRE8Z01,155,2019-03-19,2019-03-24,5
2708,5VJKDVSHGY,353,2019-07-03,2019-07-04,1
2709,LSK6MHOUWM,42,2019-05-27,2019-06-03,7
2710,B5PGKJMZKC,407,2019-10-11,2019-10-15,4
2711,46B71PZLKN,138,2019-01-30,2019-01-31,1
2712,5I237SRFLO,407,2019-02-12,2019-02-19,7
2713,GZC7PUQ24R,316,2019-12-11,2019-12-13,2
2714,3OM3U7M3C5,146,2019-09-04,2019-09-09,5
2715,VZWABY95NS,88,2019-05-18,2019-05-23,5
2716,WR5EYJ7P23,102,2019-09-18,2019-09-18,0
2717,TP4FRTDNVK,10,2019-08-24,2019-08-30,6
2718,X21Y99ACS6,50,2019-01-19,2019-01-26,7
2719,O8NG3YDM3U,132,2019-06-14,2019-06-20,6
2720,J1YODE1O80,184,2019-11-04,2019-11-07,3
2721,8RN7H2O16U,250,2019-12-16,2019-12-20,4
2722,D68QNYUNUA,145,2019-08-24,2019-08-30,6
2723,P8C2FUMV35,169,2019-09-10,2019-09-15,5
2724,AKS4KLW5XB,143,2019-03-23,2019-03-25,2
2725,PPI21JHJL7,414,2019-01-17,2019-01-19,2
2726,39C3IF792L,95,2019-08-02,2019-08-04,2
2727,AG6DHL8DC6,149,2019-08-31,2019-09-05,5
2728,XO06ESRR6J,59,2019-02-10,2019-02-10,0
2729,9UW6XENVK9,376,2019-05-24,2019-05-25,1
2730,T4XL0HSDCP,403,2019-03-08,2019-03-09,1
2731,O43Z2O45RK,131,2019-12-24,2019-12-26,2
2732,5EJM60QSSG,175,2019-06-10,2019-06-14,4
2733,5H9Q6Y7ANV,201,2019-06-21,2019-06-25,4
2734,0D34TUMY03,158,2019-08-06,2019-08-12,6
2735,YHEOSVLI59,173,2019-04-16,2019-04-20,4
2736,2L3VDGX3FW,407,2019-11-15,2019-11-17,2
2737,DOVBKEJRGY,142,2019-11-29,2019-12-06,7
2738,6YH0OLMAED,11,2019-04-29,2019-05-01,2
2739,NKT3ZAZVYJ,366,2019-06-10,2019-06-12,2
2740,49A1S5ZOVA,48,2019-09-08,2019-09-08,0
2741,6NM6URRVLN,55,2019-03-10,2019-03-10,0
2742,W6EIBSJT74,10,2019-07-06,2019-07-06,0
2743,QOLLG73DHA,46,2019-12-09,2019-12-15,6
2744,CXWIPZ8P4L,233,2019-03-23,2019-03-26,3
2745,PD0UYRF0BF,292,2019-01-30,2019-02-06,7
2746,WEX4ND8CZ7,281,2019-07-11,2019-07-14,3
2747,6G36HEYIFP,382,2019-11-02,2019-11-04,2
2748,G932IHEZWO,198,2019-04-20,2019-04-20,0
2749,37J7SD77U2,367,2019-11-12,2019-11-15,3
2750,A405QJFLHR,125,2019-04-21,2019-04-28,7
2751,KFBEINI3GJ,82,2019-05-13,2019-05-17,4
2752,VLMTWZPGAC,91,2019-12-08,2019-12-08,0
2753,91505J3MD0,354,2019-01-16,2019-01-23,7
2754,EN1SOXXS3U,167,2019-11-02,2019-11-09,7
2755,BSGJ531KMZ,231,2019-12-23,2019-12-28,5
2756,32US4M141R,147,2019-11-10,2019-11-17,7
2757,LDYPFGEHRL,1,2019-09-11,2019-09-16,5
2758,MY4TQF1MB6,222,2019-01-21,2019-01-21,0
2759,6JFWF8AHSF,43,2019-04-21,2019-04-23,2
2760,EU6ADUKJRT,333,2019-08-17,2019-08-17,0
2761,VP55WEXQBC,262,2019-02-27,2019-03-02,3
2762,R77JRCQA92,48,2019-01-26,2019-01-31,5
2763,OBWRGCDF79,91,2019-08-19,2019-08-26,7
2764,JNJQQXGTC3,279,2019-06-07,2019-06-07,0
2765,7RIOMZ2PU8,375,2019-10-23,2019-10-29,6
2766,9DGZHIODO7,369,2019-10-16,2019-10-18,2
2767,YNYQZTORIO,370,2019-09-07,2019-09-13,6
2768,MXD03EQX14,358,2019-05-03,2019-05-08,5
2769,GTB3S1ND29,210,2019-05-20,2019-05-25,5
2770,WCX1YOVVCQ,358,2019-09-09,2019-09-09,0
2771,NB3PHNGC17,200,2019-09-28,2019-10-04,6
2772,ZO3KT0G4PY,19,2019-02-01,2019-02-08,7
2773,2CLAYWSS9C,150,2019-03-20,2019-03-25,5
2774,DY8C84WVBC,284,2019-01-29,2019-02-05,7
2775,AJSYSOF0O3,12,2019-07-19,2019-07-19,0
2776,86MPSN7NE2,27,2019-08-04,2019-08-09,5
2777,A2GP7378VQ,77,2019-01-29,2019-02-03,5
2778,0LZWTX6XNG,95,2019-04-06,2019-04-08,2
2779,PGTRSD9I5S,256,2019-06-15,2019-06-20,5
2780,Z84W9LR2MH,151,2019-11-27,2019-12-03,6
2781,9RJEH6CR1K,222,2019-04-26,2019-05-02,6
2782,MMK322L6S8,378,2019-02-27,2019-02-28,1
2783,6M6DP0HDQ5,326,2019-03-23,2019-03-24,1
2784,YRPJ745CEV,422,2019-02-10,2019-02-10,0
2785,O07YALY3XJ,224,2019-12-24,2019-12-30,6
2786,ZXNATNMU39,292,2019-03-22,2019-03-26,4
2787,QG82NU7S0E,380,2019-11-22,2019-11-22,0
2788,UJBYBKQJEM,288,2019-06-27,2019-06-28,1
2789,QKE0G8HT94,207,2019-08-09,2019-08-15,6
2790,G1IAJZ21G2,258,2019-10-04,2019-10-06,2
2791,65L0GHL9V3,65,2019-08-25,2019-08-26,1
2792,22FJU8XLBR,68,2019-06-07,2019-06-09,2
2793,IEWILJFCH6,154,2019-03-07,2019-03-13,6
2794,W9CE17PC9S,294,2019-07-24,2019-07-27,3
2795,BF1WAZ82KY,101,2019-05-14,2019-05-17,3
2796,RKK3JB8885,411,2019-12-21,2019-12-23,2
2797,RKD6E3G1OB,421,2019-10-08,2019-10-12,4
2798,S3DZK8Z0O3,274,2019-03-28,2019-03-30,2
2799,LUF1ORF9ML,401,2019-01-06,2019-01-12,6
2800,ZG9U8IBZWD,278,2019-12-06,2019-12-06,0
2801,HJ0233I8M6,110,2019-05-10,2019-05-12,2
2802,LC05GC7CXE,188,2019-04-05,2019-04-06,1
2803,VWWV6IVE0G,357,2019-06-10,2019-06-15,5
2804,28TB34VHDU,265,2019-09-21,2019-09-23,2
2805,UN5WM787OS,254,2019-09-15,2019-09-16,1
2806,RK2LUC2F5F,291,2019-10-05,2019-10-11,6
2807,EPI7IEZ1X9,54,2019-10-14,2019-10-16,2
2808,CV0IOLOBHP,202,2019-09-13,2019-09-17,4
2809,JBLW5KXKMZ,397,2019-12-24,2019-12-27,3
2810,TKL2U2XAL5,370,2019-05-23,2019-05-26,3
2811,I3I7T4VKMA,387,2019-02-15,2019-02-18,3
2812,TM9JY32TUX,25,2019-12-15,2019-12-16,1
2813,T8GL72MYEJ,362,2019-09-12,2019-09-17,5
2814,6MK1CSBY2L,85,2019-12-06,2019-12-09,3
2815,9BVA201J5O,391,2019-10-11,2019-10-13,2
2816,E0S8BM751K,396,2019-08-27,2019-09-02,6
2817,JDUXU5RULQ,424,2019-07-05,2019-07-05,0
2818,M62S8IJ0J9,286,2019-05-15,2019-05-15,0
2819,E7JROSEXIL,269,2019-11-07,2019-11-10,3
2820,J22AF81RUQ,413,2019-03-23,2019-03-28,5
2821,ZR9SNBYQ2X,189,2019-08-26,2019-08-26,0
2822,KTJ1TDTJ6N,163,2019-10-13,2019-10-18,5
2823,9K0L1NRJS5,32,2019-12-02,2019-12-09,7
2824,VCTBIC0KER,6,2019-03-31,2019-04-07,7
2825,IN8C3S8M14,162,2019-03-04,2019-03-10,6
2826,VW9FXPG5SA,309,2019-10-03,2019-10-09,6
2827,3XKMSPX6NH,6,2019-10-22,2019-10-26,4
2828,CNWP5OC2RO,171,2019-12-03,2019-12-04,1
2829,76NTL5TLW9,188,2019-10-28,2019-11-02,5
2830,76B1EDPQKE,179,2019-10-14,2019-10-18,4
2831,A6WFGT60HC,23,2019-05-21,2019-05-21,0
2832,CFCBXGBZEZ,371,2019-01-19,2019-01-20,1
2833,YXS7WIQFL4,376,2019-11-04,2019-11-08,4
2834,FV8I8UZUE8,148,2019-12-05,2019-12-09,4
2835,46YT44DTH9,363,2019-09-15,2019-09-15,0
2836,8VJ6CNRHIL,171,2019-01-22,2019-01-29,7
2837,KFX4RU723X,411,2019-09-28,2019-10-02,4
2838,R45QB7A8N4,55,2019-04-27,2019-05-04,7
2839,QVGOU4GH4H,75,2019-04-04,2019-04-09,5
2840,HDCNU9755V,344,2019-11-22,2019-11-23,1
2841,7I2N10AWIK,426,2019-11-18,2019-11-21,3
2842,FMAOKSWBO2,206,2019-06-04,2019-06-11,7
2843,EEV3TPWZEU,285,2019-11-26,2019-11-29,3
2844,PJR1HP5ZYE,157,2019-04-12,2019-04-14,2
2845,K02X0NSMMX,343,2019-09-05,2019-09-09,4
2846,R4T8R4R3PW,244,2019-09-17,2019-09-22,5
2847,3ZET846SYR,213,2019-01-12,2019-01-19,7
2848,YI7XXEQBFL,428,2019-01-06,2019-01-11,5
2849,I3OH2J1TTG,141,2019-02-05,2019-02-07,2
2850,VKAJ555SJ0,320,2019-05-26,2019-06-01,6
2851,YARTEM4064,159,2019-05-08,2019-05-09,1
2852,ZL93D8SFOZ,10,2019-06-22,2019-06-22,0
2853,XZB1IDCMRR,249,2019-10-16,2019-10-21,5
2854,GRGRP2WY6H,102,2019-05-18,2019-05-18,0
2855,VATAF78ATR,403,2019-10-19,2019-10-19,0
2856,XH6OT3C4F4,277,2019-04-27,2019-04-30,3
2857,4I3BIVGA1U,176,2019-06-12,2019-06-16,4
2858,HRYY7F1V1R,81,2019-05-15,2019-05-18,3
2859,3A1CT9JDE6,118,2019-03-09,2019-03-12,3
2860,6LG165QKWM,191,2019-10-12,2019-10-13,1
2861,GCP9Q39XUS,4,2019-05-02,2019-05-04,2
2862,EUAH9Z4WHF,39,2019-09-29,2019-10-03,4
2863,0WUGYYSZAT,324,2019-08-08,2019-08-15,7
2864,UXLHT45S2P,218,2019-04-22,2019-04-23,1
2865,IJ1WNWWMNJ,2,2019-07-27,2019-07-31,4
2866,MT2C7RGXMI,303,2019-04-19,2019-04-25,6
2867,F54E2KZVWY,99,2019-03-21,2019-03-27,6
2868,VI9N3APLMM,251,2019-12-03,2019-12-07,4
2869,7X2EV06LV5,17,2019-03-09,2019-03-13,4
2870,YQK5DNPF7Q,38,2019-01-03,2019-01-03,0
2871,J1LO27DD91,119,2019-09-26,2019-10-01,5
2872,TMC19RWPVN,127,2019-12-02,2019-12-07,5
2873,67VXTJ2NLR,222,2019-10-12,2019-10-18,6
2874,FE7W5KOF8N,390,2019-09-12,2019-09-17,5
2875,LAKM77UV3L,221,2019-04-26,2019-04-27,1
2876,PAXID4GKYD,295,2019-09-29,2019-10-03,4
2877,HRR9XOV9L6,32,2019-09-24,2019-09-26,2
2878,RURRCPYZWU,285,2019-10-20,2019-10-20,0
2879,7W9OD576US,318,2019-05-13,2019-05-20,7
2880,U9UVN6X4DJ,195,2019-04-17,2019-04-18,1
2881,UMH22GGKDQ,414,2019-04-10,2019-04-13,3
2882,HWGMMDZHTG,261,2019-10-15,2019-10-15,0
2883,AC0OZRQK9W,202,2019-04-10,2019-04-11,1
2884,9039BVL1J1,27,2019-06-15,2019-06-18,3
2885,UYX9P1IW0V,397,2019-12-23,2019-12-26,3
2886,O4GTJRJPO2,324,2019-04-21,2019-04-27,6
2887,UTLJVF0B79,386,2019-02-24,2019-02-25,1
2888,KF0BL9WJZK,52,2019-05-09,2019-05-15,6
2889,UWN6AVZOUE,403,2019-01-22,2019-01-26,4
2890,3SC7UFW31D,370,2019-11-08,2019-11-14,6
2891,G3NWR4XJI3,87,2019-11-26,2019-11-26,0
2892,YCEJM3X6WT,374,2019-03-07,2019-03-13,6
2893,ZLQ2HRIC93,136,2019-05-19,2019-05-24,5
2894,NI3AUECUVO,203,2019-12-30,2020-01-01,2
2895,SNUGWD5LBY,220,2019-01-01,2019-01-08,7
2896,O4CFQIXSL2,203,2019-07-12,2019-07-12,0
2897,ZS18OVEL4N,28,2019-08-24,2019-08-31,7
2898,2KG2E8B4JY,133,2019-12-13,2019-12-20,7
2899,4N4FRHYD4F,311,2019-03-26,2019-03-28,2
2900,M5SEM5TQJ9,221,2019-12-09,2019-12-14,5
2901,N5SGRTOOM2,44,2019-08-08,2019-08-11,3
2902,UZBO428LMW,203,2019-02-22,2019-02-25,3
2903,NQN48GP3MM,256,2019-06-16,2019-06-23,7
2904,D89A1TOFKY,111,2019-05-29,2019-06-02,4
2905,8KSDWOKTRP,248,2019-10-28,2019-11-01,4
2906,4EAYK0K6MV,296,2019-08-06,2019-08-10,4
2907,UHG1UGA3GT,409,2019-03-27,2019-03-27,0
2908,9OAD973VE6,374,2019-07-31,2019-08-02,2
2909,MMOQTOO9ST,81,2019-08-29,2019-09-05,7
2910,W9MDEWIZLZ,255,2019-08-13,2019-08-14,1
2911,FECN6R3QPY,79,2019-01-23,2019-01-28,5
2912,N4WPNF6MYV,374,2019-07-29,2019-08-02,4
2913,WQZD5G8Z7C,262,2019-09-09,2019-09-11,2
2914,TEGJJWIK4T,338,2019-10-17,2019-10-20,3
2915,IQSWVUXV2X,162,2019-11-15,2019-11-19,4
2916,ABA1M3QKW3,157,2019-10-20,2019-10-24,4
2917,VB81J57J3Q,25,2019-03-18,2019-03-22,4
2918,LD1V2L8B6C,26,2019-07-09,2019-07-10,1
2919,F9228WXXM6,412,2019-02-13,2019-02-13,0
2920,747EPDHIGW,233,2019-09-14,2019-09-15,1
2921,ER0GY8TXS9,32,2019-04-10,2019-04-17,7
2922,48YJW6ZK9O,8,2019-05-21,2019-05-24,3
2923,Y933H5LQC4,162,2019-03-22,2019-03-29,7
2924,RNXKHETXJP,26,2019-04-09,2019-04-11,2
2925,XHK27XO11Q,359,2019-09-30,2019-10-03,3
2926,2ECEAAW6AN,427,2019-05-06,2019-05-06,0
2927,EPT27T25JK,132,2019-11-01,2019-11-06,5
2928,GSSZHYFOT8,304,2019-12-07,2019-12-13,6
2929,YVT0S6U5C3,420,2019-05-03,2019-05-05,2
2930,QGEPK2A94P,230,2019-07-05,2019-07-11,6
2931,97Z8FJKRQ6,356,2019-01-06,2019-01-13,7
2932,ZQ96LB0WLK,282,2019-01-22,2019-01-25,3
2933,PW8YVV9PQP,432,2019-03-04,2019-03-04,0
2934,ZW8KOU4S2N,51,2019-08-22,2019-08-26,4
2935,RESFIDU27I,226,2019-10-25,2019-10-26,1
2936,TM50C2UPAL,155,2019-11-22,2019-11-29,7
2937,5Z24CLA2BJ,29,2019-12-04,2019-12-05,1
2938,QNUB6R8P4J,68,2019-08-31,2019-09-01,1
2939,K8E00VYAXW,45,2019-12-01,2019-12-02,1
2940,YE720L9DJN,239,2019-11-05,2019-11-05,0
2941,AKPXC7KSIT,144,2019-07-13,2019-07-14,1
2942,16R6UL1PFR,18,2019-04-02,2019-04-05,3
2943,9X87SWGDGD,378,2019-11-02,2019-11-02,0
2944,O2GKMSF5E3,92,2019-11-30,2019-12-06,6
2945,NSW7MTG7ES,309,2019-12-14,2019-12-20,6
2946,5K5ONSDMJI,361,2019-08-28,2019-09-03,6
2947,AM5RIX598A,340,2019-09-01,2019-09-03,2
2948,4UM4GRDLOC,331,2019-07-19,2019-07-19,0
2949,1QIIWXQMNT,333,2019-09-13,2019-09-13,0
2950,WIWKRKAY9A,404,2019-12-27,2019-12-29,2
2951,L3PEOTWHL9,200,2019-03-30,2019-04-04,5
2952,64OYN04OXR,148,2019-12-21,2019-12-28,7
2953,X2PLP4OP16,51,2019-02-17,2019-02-22,5
2954,XVHS7GZF0I,353,2019-06-08,2019-06-15,7
2955,N9MUUZ9UN1,17,2019-03-26,2019-03-27,1
2956,35X8LTYZRI,426,2019-09-27,2019-09-29,2
2957,K3XKIL76YV,207,2019-07-11,2019-07-14,3
2958,LJJ5HTZ5W2,245,2019-02-28,2019-03-07,7
2959,1AEF10PWNT,157,2019-02-03,2019-02-05,2
2960,DFAWN3QYN0,257,2019-12-04,2019-12-04,0
2961,H0EXZ9KFDS,90,2019-05-27,2019-05-29,2
2962,JUJRRMTJOB,200,2019-03-27,2019-04-01,5
2963,DSGLI9BF8B,265,2019-02-24,2019-02-25,1
2964,KRJRHDNPEJ,187,2019-06-27,2019-07-04,7
2965,OU4Y97KMPQ,168,2019-09-03,2019-09-07,4
2966,BIXNTL1CFF,378,2019-08-05,2019-08-07,2
2967,OGC7FE1301,423,2019-10-01,2019-10-04,3
2968,BCK31MUK29,166,2019-04-17,2019-04-23,6
2969,4Q2OGT57R4,422,2019-06-13,2019-06-15,2
2970,HCR436JTJ9,364,2019-03-20,2019-03-25,5
2971,GRV694YWTU,346,2019-08-31,2019-09-07,7
2972,6RV6HI7MB0,375,2019-11-13,2019-11-19,6
2973,D9Y9K4SW7N,76,2019-11-15,2019-11-21,6
2974,HDORDBEZQW,397,2019-05-16,2019-05-19,3
2975,T9D96PM0IT,62,2019-05-25,2019-05-26,1
2976,5YI2XZCFD8,316,2019-08-14,2019-08-20,6
2977,CZBH9RYZ2A,251,2019-01-27,2019-02-03,7
2978,QMXK6JCLPE,237,2019-11-07,2019-11-08,1
2979,DMZQD3MG5M,67,2019-02-07,2019-02-07,0
2980,8H451EMDZ4,242,2019-05-30,2019-06-03,4
2981,C4S3FELIVW,257,2019-07-09,2019-07-12,3
2982,4K7PGD2I08,329,2019-02-06,2019-02-08,2
2983,GOQAO35BBJ,262,2019-01-27,2019-01-28,1
2984,KCY4MND5YG,355,2019-02-20,2019-02-24,4
2985,OYLAUN9SR9,202,2019-10-25,2019-10-31,6
2986,MO2XCE98DJ,191,2019-09-02,2019-09-02,0
2987,3KQTCBW7X6,62,2019-11-22,2019-11-25,3
2988,DXIXF5PXW4,27,2019-09-21,2019-09-27,6
2989,L4R9GNLVNM,85,2019-09-03,2019-09-04,1
2990,I0WGMV1GIB,352,2019-10-09,2019-10-09,0
2991,V7H9IFWQRI,264,2019-12-29,2020-01-02,4
2992,2688OPHV76,90,2019-05-28,2019-06-01,4
2993,68IHY1NUK6,82,2019-12-21,2019-12-26,5
2994,KER6IWDMSP,123,2019-08-17,2019-08-17,0
2995,D1F3EPAK2E,207,2019-12-08,2019-12-12,4
2996,WOA65ODNHE,305,2019-02-05,2019-02-09,4
2997,S1SZLE0J1F,193,2019-12-22,2019-12-26,4
2998,0UWC950TUJ,65,2019-11-28,2019-12-05,7
2999,6BFTRBNKLP,381,2019-02-15,2019-02-19,4
3000,USWKFFCL6Q,110,2019-12-27,2020-01-02,6
3001,1Z0S3Z8145,227,2019-09-10,2019-09-10,0
