id, identification, timestamp, despatch
1, YjLu0asVxyAfJWhmF4ZK, 2019-10-05 11:17:27, 2019-10-19 06:19:55
2, KaE1Avx1emTK4L0PquHe, 2019-10-05 11:17:27, 2019-10-19 06:19:55
3, vZq0YHtj0hGSKDvsTiys, 2019-10-05 11:17:27, 2019-10-19 06:19:55
4, lKhfAbU4elfpq8X0IUK6, 2019-10-05 11:17:27, 2019-10-19 06:19:55
5, PgYchkZSJmzkayOBPR8p, 2019-10-05 11:17:27, 2019-10-19 06:19:55
6, dZMO9n6U9Xpjc7q77lnR, 2019-10-05 11:17:27, 2019-10-19 06:19:55
7, FC4tLLUpqvNnRJHUC8KS, 2019-10-05 11:17:27, 2019-10-19 06:19:55
8, hXCsSjKLzxlb8B3LVlYV, 2019-10-05 11:17:27, 2019-10-19 06:19:55
9, QqQM4l8CxSADPOS81jYa, 2019-10-05 11:17:27, 2019-10-19 06:19:55
10, hqTlRzfu1vPsCnxttLzM, 2019-10-05 11:17:27, 2019-10-19 06:19:55
11, C4Do1gSfEgoIdXuIon5p, 2019-10-05 11:17:27, 2019-10-19 06:19:55
12, 3XN5cCC9PISIsFRLHMAZ, 2019-10-05 11:17:27, 2019-10-19 06:19:55
13, bqclUDyL3yPJXLNDJhPr, 2019-10-05 11:17:27, 2019-10-19 06:19:55
14, QSdSBZjM50Y6hDjrpyAY, 2019-10-05 11:17:27, 2019-10-19 06:19:55
15, sLxykgVBYFrO3iOjVe2l, 2019-10-05 11:17:27, 2019-10-19 06:19:55
16, 4LPz7scXs2me1JjlJ9B8, 2019-10-05 11:17:27, 2019-10-19 06:19:55
17, 7zKMAUFxN2R7KUpKlpTh, 2019-10-05 11:17:27, 2019-10-19 06:19:55
18, dTeLjgoX0AISCmwKEehu, 2019-10-05 11:17:27, 2019-10-19 06:19:55
19, eCzSaPm8QyM30bidYGwZ, 2019-10-05 11:17:27, 2019-10-19 06:19:55
20, SKLWyHJNbsBAoJ96qmOM, 2019-10-05 11:17:27, 2019-10-19 06:19:55
21, wHrSKIl4SIkJ1TDQKWzi, 2019-10-05 11:17:27, 2019-10-19 06:19:55
22, 7s4XLHWo0nIzMIBg6uda, 2019-10-05 11:17:27, 2019-10-19 06:19:55
23, ydh3qx11p1VXCko2Wwkt, 2019-10-05 11:17:27, 2019-10-19 06:19:55
24, YGtQ5wBLovewaMigsSZK, 2019-10-05 11:17:27, 2019-10-19 06:19:55
25, A5Q8LuZVvfaJtUmfcF7l, 2019-10-05 11:17:27, 2019-10-19 06:19:55
26, B8I1ob0qU78Cs9Rh4dOa, 2019-10-05 11:17:27, 2019-10-19 06:19:55
27, 2GKIc0HaYlzeVEGcfXSa, 2019-10-05 11:17:27, 2019-10-19 06:19:55
28, YHDSPTnsWjtNBVaNv36r, 2019-10-05 11:17:27, 2019-10-19 06:19:55
29, eA5Zc773RjypWQzzfupV, 2019-10-05 11:17:27, 2019-10-19 06:19:55
30, 97bk8kSNsxL3w5kgM9jV, 2019-10-05 11:17:27, 2019-10-19 06:19:55
31, Zhi0KYF5E69wf00zup3D, 2019-10-05 11:17:27, 2019-10-19 06:19:55
32, A39I9PaI8geGobUCBe1E, 2019-10-05 11:17:27, 2019-10-19 06:19:55
33, H9zA3U8sXDsC1C5f3aXQ, 2019-10-05 11:17:27, 2019-10-19 06:19:55
34, jFsewECoaPLAJ3H2Iuzg, 2019-10-05 11:17:27, 2019-10-19 06:19:55
35, 8BGv4j3I441JpDAZuP7V, 2019-10-05 11:17:27, 2019-10-19 06:19:55
36, CLQY0SOOl0FnYsuFgvIB, 2019-10-05 11:17:27, 2019-10-19 06:19:55
37, 0x98Hjwsx8o9yWAcOcPp, 2019-10-05 11:17:27, 2019-10-19 06:19:55
38, ee0UiOB1bwOs0ArTw9ve, 2019-10-05 11:17:27, 2019-10-19 06:19:55
39, EkctcIoADY6UB1rrZOGT, 2019-10-05 11:17:27, 2019-10-19 06:19:55
40, gkrFJo25Jz6yLT7sYZbS, 2019-10-05 11:17:27, 2019-10-19 06:19:55
41, QqVHGVGc2xx8nNbqHWqz, 2019-10-05 11:17:27, 2019-10-19 06:19:55
42, ckYm1lPYuJGhNENa1WAN, 2019-10-05 11:17:27, 2019-10-19 06:19:55
43, 7TPtqNGolkpPVMVhytNh, 2019-10-05 11:17:27, 2019-10-19 06:19:55
44, CjdFtCYbRHXHeka69p5Q, 2019-10-05 11:17:27, 2019-10-19 06:19:55
45, G8PpejdFG9cD5k1GTLmC, 2019-10-05 11:17:27, 2019-10-19 06:19:55
46, iD7ZNV19UFjzM00Fauvr, 2019-10-05 11:17:27, 2019-10-19 06:19:55
47, qzrj28vzzVKTtQ59TwaG, 2019-10-05 11:17:27, 2019-10-19 06:19:55
48, bb74SHgKIQPiDgzfE4yh, 2019-10-05 11:17:27, 2019-10-19 06:19:55
49, bqh20XpUghpCDdexW5Yh, 2019-10-05 11:17:27, 2019-10-19 06:19:55
50, jKMNsdmBPUoclhDdMlGN, 2019-10-05 11:17:27, 2019-10-19 06:19:55
51, N6DobGTfrJH5CBddbKpo, 2019-10-05 11:17:27, 2019-10-19 06:19:55
52, LzuR6EtsoLHhPryG40tZ, 2019-10-05 11:17:27, 2019-10-19 06:19:55
53, dEX8KfBtnnVorkpsEyaA, 2019-10-05 11:17:27, 2019-10-19 06:19:55
54, EBRKBV4fX0Gpl62MVxZC, 2019-10-05 11:17:27, 2019-10-19 06:19:55
55, GZ6aK5xmUHSE5UWPs4iQ, 2019-10-05 11:17:27, 2019-10-19 06:19:55
56, RFOMVsKx57meqhRoNibB, 2019-10-05 11:17:27, 2019-10-19 06:19:55
57, g2QGTNTxCtTkOyTlYaAy, 2019-10-05 11:17:27, 2019-10-19 06:19:55
58, gjDLNfvdVzf1QtkYT7d6, 2019-10-05 11:17:27, 2019-10-19 06:19:55
59, 2TnoVxzSIZqPbxayhWle, 2019-10-05 11:17:27, 2019-10-19 06:19:55
60, jfbJnxsMd8Y9swe0z6g8, 2019-10-05 11:17:27, 2019-10-19 06:19:55
61, vSbxGegKq6O49fsH3Iw8, 2019-10-05 11:17:27, 2019-10-19 06:19:55
62, awb4YcB7gYUwt80qjMiA, 2019-10-05 11:17:27, 2019-10-19 06:19:55
63, JrxlyHhSsDyLGdBBNGEJ, 2019-10-05 11:17:27, 2019-10-19 06:19:55
64, w6euYQZML3UKkbGBhxXo, 2019-10-05 11:17:27, 2019-10-19 06:19:55
65, J8Gre104DbC3WEP3c5ga, 2019-10-05 11:17:27, 2019-10-19 06:19:55
66, eRwsXCTeEM9yE4IhRTmp, 2019-10-05 11:17:27, 2019-10-19 06:19:55
67, tffoKs199eRt0eSQMWOd, 2019-10-05 11:17:27, 2019-10-19 06:19:55
68, XyEa7SIKiaOZmr9VAalt, 2019-10-05 11:17:27, 2019-10-19 06:19:55
69, 2ecJ6NmPWIN3agxouKRX, 2019-10-05 11:17:27, 2019-10-19 06:19:55
70, ch7T8ubAYSwAoFw51Rr2, 2019-10-05 11:17:27, 2019-10-19 06:19:55
71, NBhOEmYGGxgqjSN4romF, 2019-10-05 11:17:27, 2019-10-19 06:19:55
72, 1LWUqbxNRzL4GG10YTDB, 2019-10-05 11:17:27, 2019-10-19 06:19:55
73, u1TssDBO1iq0NIP62t4x, 2019-10-05 11:17:27, 2019-10-19 06:19:55
74, H6yOieYjpA6SDnF4AlvF, 2019-10-05 11:17:27, 2019-10-19 06:19:55
75, IQjQQD6FPbJmS8p0fhdU, 2019-10-05 11:17:27, 2019-10-19 06:19:55
76, eImBXzTI8SVdmVbGhuPO, 2019-10-05 11:17:27, 2019-10-19 06:19:55
77, GGw7evh3RzBa6sbXxbzd, 2019-10-05 11:17:27, 2019-10-19 06:19:55
78, 46bO1GFgacGCF1Y3NaMp, 2019-10-05 11:17:27, 2019-10-19 06:19:55
79, rOBMacor9wi5YhAzslKu, 2019-10-05 11:17:27, 2019-10-19 06:19:55
80, fSzpDftvss5lyt40WhyD, 2019-10-05 11:17:27, 2019-10-19 06:19:55
81, aGUfE9RerEBlbl6pmiDb, 2019-10-05 11:17:27, 2019-10-19 06:19:55
82, GKa8A7K4fXyKKQjWeOV0, 2019-10-05 11:17:27, 2019-10-19 06:19:55
83, LNvufxPPVNJN7pFlq03t, 2019-10-05 11:17:27, 2019-10-19 06:19:55
84, cb6G2FVlWkouVNxn54Nd, 2019-10-05 11:17:27, 2019-10-19 06:19:55
85, YpwRmQXBi2hUawtuF0p4, 2019-10-05 11:17:27, 2019-10-19 06:19:55
86, 9tCPlBMRatjj1LpYqXQC, 2019-10-05 11:17:27, 2019-10-19 06:19:55
87, oJiP7lIvSbV8apDacI6H, 2019-10-05 11:17:27, 2019-10-19 06:19:55
88, FSsWs2aMEOzKfH0Am65t, 2019-10-05 11:17:27, 2019-10-19 06:19:55
89, v5YI7RvLY7yZmrpJ6NzI, 2019-10-05 11:17:27, 2019-10-19 06:19:55
90, 8QaYVCEOZFOmwbUIJyDe, 2019-10-05 11:17:27, 2019-10-19 06:19:55
91, COBYYIsATGh12Rvq9Oh2, 2019-10-05 11:17:27, 2019-10-19 06:19:55
92, 1E4azwDHyxo5A2jO6zWa, 2019-10-05 11:17:27, 2019-10-19 06:19:55
93, 6iVBEgj5LwaT5DIu5znA, 2019-10-05 11:17:27, 2019-10-19 06:19:55
94, UCMOakz3BZAaQAHyeKKT, 2019-10-05 11:17:27, 2019-10-19 06:19:55
95, 5IuyrfbjXl0d0BWo0Nfv, 2019-10-05 11:17:27, 2019-10-19 06:19:55
96, NYF9IlHMmgSXCJAJDmXZ, 2019-10-05 11:17:27, 2019-10-19 06:19:55
97, tVgDjBoWlaFh1Dgj8vxZ, 2019-10-05 11:17:27, 2019-10-19 06:19:55
98, cbv7iUVgjk29SN6vKqFj, 2019-10-05 11:17:27, 2019-10-19 06:19:55
99, RrpIOqJY3uekCJ3Hf8my, 2019-10-05 11:17:27, 2019-10-19 06:19:55
100, Wf7hV9Y76TCnpLG0MEsy, 2019-10-05 11:17:27, 2019-10-19 06:19:55
101, TJbl5jpEHzP6Ne5bH97a, 2019-10-05 11:17:27, 2019-10-19 06:19:55
102, YKGjVLpBOAFrql9H2Gnr, 2019-10-05 11:17:27, 2019-10-19 06:19:55
103, qHQ2Byu1mobSmjkReT1H, 2019-10-05 11:17:27, 2019-10-19 06:19:55
104, FvHOZnaYwAiPEXQIPHpW, 2019-10-05 11:17:27, 2019-10-19 06:19:55
105, 8h4guxGvaL9oKLjPJpyJ, 2019-10-05 11:17:27, 2019-10-19 06:19:55
106, 7dcisVZYLBmGqln1py74, 2019-10-05 11:17:27, 2019-10-19 06:19:55
107, aBhNuqM7M6eeFDrpM8dD, 2019-10-05 11:17:27, 2019-10-19 06:19:55
108, r0EpabdswNtTBTKDBDJC, 2019-10-05 11:17:27, 2019-10-19 06:19:55
109, VAvW8IaW5FOflZdsTqhT, 2019-10-05 11:17:27, 2019-10-19 06:19:55
110, 0oRrb3ZYHehRegIfEMe1, 2019-10-05 11:17:27, 2019-10-19 06:19:55
111, YAR3l0lQ9Cm6OTEsCRkE, 2019-10-05 11:17:27, 2019-10-19 06:19:55
112, JAgVH9dZ2Wr2FsPHZyGT, 2019-10-05 11:17:27, 2019-10-19 06:19:55
113, hfWGdS7TCAHLxYxK6dK1, 2019-10-05 11:17:27, 2019-10-19 06:19:55
114, AVu4F9Bdw1ZFiElvuw6J, 2019-10-05 11:17:27, 2019-10-19 06:19:55
115, XjA5uxflcMWaj8uGa5Rn, 2019-10-05 11:17:27, 2019-10-19 06:19:55
116, 9npgWfvjVgaKFWjdB4UK, 2019-10-05 11:17:27, 2019-10-19 06:19:55
117, uGeahqbYot0syJshnTPN, 2019-10-05 11:17:27, 2019-10-19 06:19:55
118, 4fFwpQvLIMW2qL5C8MTP, 2019-10-05 11:17:27, 2019-10-19 06:19:55
119, nr3LRC1V5UeG8A4mWYgU, 2019-10-05 11:17:27, 2019-10-19 06:19:55
120, Nc05vsK6S5gh5VOMgLoV, 2019-10-05 11:17:27, 2019-10-19 06:19:55
121, 2OA7qkoJvdwquVGUCmeo, 2019-10-05 11:17:27, 2019-10-19 06:19:55
122, GXwSfQHq7N4Diqy7qJJe, 2019-10-05 11:17:27, 2019-10-19 06:19:55
123, fYk005WDsMuobXtvriTz, 2019-10-05 11:17:27, 2019-10-19 06:19:55
124, yDJAfHDaR2vGDQATcEUL, 2019-10-05 11:17:27, 2019-10-19 06:19:55
125, Hhv1Rrd5RFGHhAHqSEJx, 2019-10-05 11:17:27, 2019-10-19 06:19:55
126, 4TyPesbQDcyZXJJkGRS8, 2019-10-05 11:17:27, 2019-10-19 06:19:55
127, 0WvmAqHSyPb8OG6cVsqC, 2019-10-05 11:17:27, 2019-10-19 06:19:55
128, JWUXdqDux9pa0AFGr2rL, 2019-10-05 11:17:27, 2019-10-19 06:19:55
129, ydK4lc8lnFYNm5ZPI1SC, 2019-10-05 11:17:27, 2019-10-19 06:19:55
130, j1Ef6FhulwZQbDurdDIF, 2019-10-05 11:17:27, 2019-10-19 06:19:55
131, aZRsZ0MOQnWxXplDCoM0, 2019-10-05 11:17:27, 2019-10-19 06:19:55
132, Zd1946klZEWMuAfFdjT0, 2019-10-05 11:17:27, 2019-10-19 06:19:55
133, snyCJtHRdkCSxlXCozOT, 2019-10-05 11:17:27, 2019-10-19 06:19:55
134, qZMrlYO93UixrOaUfh5a, 2019-10-05 11:17:27, 2019-10-19 06:19:55
135, Enn8CYD6antg24gchfX1, 2019-10-05 11:17:27, 2019-10-19 06:19:55
136, kZOWr5rMNRr4633I9khn, 2019-10-05 11:17:27, 2019-10-19 06:19:55
137, jEsI0Z5503Xj1pXtqb4Y, 2019-10-05 11:17:27, 2019-10-19 06:19:55
138, a30Q9BRLJQi9yiUd9Pzd, 2019-10-05 11:17:27, 2019-10-19 06:19:55
139, nQapZoyDyMXZbSjmG6Xm, 2019-10-05 11:17:27, 2019-10-19 06:19:55
140, V7c8SU4JLnjzBcVetsBz, 2019-10-05 11:17:27, 2019-10-19 06:19:55
141, M8KIbx5cPCOg0xzH0Sjo, 2019-10-05 11:17:27, 2019-10-19 06:19:55
142, YJPsKZgwJVDOjLTdmWna, 2019-10-05 11:17:27, 2019-10-19 06:19:55
143, l7MZVdjfEXSaUwII9799, 2019-10-05 11:17:27, 2019-10-19 06:19:55
144, 35nJHpV60LCTin8b14ew, 2019-10-05 11:17:27, 2019-10-19 06:19:55
145, aU2KVTKr0uWocq4bbyEt, 2019-10-05 11:17:27, 2019-10-19 06:19:55
146, 695vN91OUF6oO1OeRxct, 2019-10-05 11:17:27, 2019-10-19 06:19:55
147, q3saslaIYZ8pc0B7JFpv, 2019-10-05 11:17:27, 2019-10-19 06:19:55
148, b9yyqOOVRKq30sW70Rlw, 2019-10-05 11:17:27, 2019-10-19 06:19:55
149, bl3BNKMACKjfiIGXmnxb, 2019-10-05 11:17:27, 2019-10-19 06:19:55
150, JleX5M1qaN4XUPjljTT6, 2019-10-05 11:17:27, 2019-10-19 06:19:55
151, p2cYPhUAU3MnNRkchpeM, 2019-10-05 11:17:27, 2019-10-19 06:19:55
152, IEbNKkz413jje1iJdLpu, 2019-10-05 11:17:27, 2019-10-19 06:19:55
153, WxNEdU4x5GvCD652VSdy, 2019-10-05 11:17:27, 2019-10-19 06:19:55
154, lsdDLo1FQ0Gf4N2JTih1, 2019-10-05 11:17:27, 2019-10-19 06:19:55
155, FBX7E9C497BOidTeSwuP, 2019-10-05 11:17:27, 2019-10-19 06:19:55
156, OG8WTxgsVKYlqndUJ5Ct, 2019-10-05 11:17:27, 2019-10-19 06:19:55
157, cT7LNPFUeGBjwwiY9OKM, 2019-10-05 11:17:27, 2019-10-19 06:19:55
158, DTKeFwmmqvSQhmDg1UBA, 2019-10-05 11:17:27, 2019-10-19 06:19:55
159, 11r8TTRCTHtiyww8csGM, 2019-10-05 11:17:27, 2019-10-19 06:19:56
160, 7RcKHdJu1sjn1vPKurzt, 2019-10-05 11:17:27, 2019-10-19 06:19:56
161, AQJ8NZR2u5994xfupWfL, 2019-10-05 11:17:27, 2019-10-19 06:19:56
162, KaKnQplwoMzlMHDvSVoN, 2019-10-05 11:17:27, 2019-10-19 06:19:56
163, lPQWAczau4L9BwQ1hLtd, 2019-10-05 11:17:27, 2019-10-19 06:19:56
164, 2G3jwutziBAKkY5rv0N0, 2019-10-05 11:17:27, 2019-10-19 06:19:56
165, Zv9eycYfyaBqzyh7wrGZ, 2019-10-05 11:17:27, 2019-10-19 06:19:56
166, RjxMF9Qw44zOTVXlJlfw, 2019-10-05 11:17:27, 2019-10-19 06:19:56
167, fnlJoYhoGoZ5sW4rGT35, 2019-10-05 11:17:27, 2019-10-19 06:19:56
168, Z4e1DMLKo2a8GcBPnBVn, 2019-10-05 11:17:27, 2019-10-19 06:19:56
169, gvdkfeDPn1tpN9glgQ6M, 2019-10-05 11:17:27, 2019-10-19 06:19:56
170, qT9fvRN9dG10STtYFD8c, 2019-10-05 11:17:27, 2019-10-19 06:19:56
171, I51k9sozUqaIlHkBQPK3, 2019-10-05 11:17:27, 2019-10-19 06:19:56
172, 3D6FMPzs8Mu3n32PCZZG, 2019-10-05 11:17:27, 2019-10-19 06:19:56
173, ZJbCCwBUnE96doeZlB5T, 2019-10-05 11:17:27, 2019-10-19 06:19:56
174, lC5FhMd1sEmM7xqDaWxf, 2019-10-05 11:17:27, 2019-10-19 06:19:56
175, MsovHoguWj3xW9J2OsZx, 2019-10-05 11:17:27, 2019-10-19 06:19:56
176, yBE4dlVdpwoEPXbMPHyU, 2019-10-05 11:17:27, 2019-10-19 06:19:56
177, 1s8bRgRQ86g6vWpFLypI, 2019-10-05 11:17:27, 2019-10-19 06:19:56
178, QpdnrHQ9vWhJGw15jfst, 2019-10-05 11:17:27, 2019-10-19 06:19:56
179, 7PooCPV46dRTb44PUXLM, 2019-10-05 11:17:27, 2019-10-19 06:19:56
180, L0SNxmxleaS4mspZt9fy, 2019-10-05 11:17:27, 2019-10-19 06:19:56
181, PtyqgBTzJkTXA0oDmaQ5, 2019-10-05 11:17:27, 2019-10-19 06:19:56
182, b1kIbhVMpqakWrg2h6uq, 2019-10-05 11:17:27, 2019-10-19 06:19:56
183, 5Hfnk9TTbVgmAvwQkpKi, 2019-10-05 11:17:27, 2019-10-19 06:19:56
184, fzOBqbHqfnSlhPoZV2s2, 2019-10-05 11:17:27, 2019-10-19 06:19:56
185, G6IgVqUbHtPmCqg4PRuw, 2019-10-05 11:17:27, 2019-10-19 06:19:56
186, wxqkcztYzzidK1Vvu2I8, 2019-10-05 11:17:27, 2019-10-19 06:19:56
187, 13EDBjGGEE1EGvL4eNbE, 2019-10-05 11:17:27, 2019-10-19 06:19:56
188, An0svsJDTuukaFoAswyy, 2019-10-05 11:17:27, 2019-10-19 06:19:56
189, YQWACwid7obToQDH7igC, 2019-10-05 11:17:27, 2019-10-19 06:19:56
190, V2xlRvlOYnhnbBSDDf6X, 2019-10-05 11:17:27, 2019-10-19 06:19:56
191, 6cJ49MSTHaKvffI55y5V, 2019-10-05 11:17:27, 2019-10-19 06:19:56
192, UjXaxkPhGDgOJVjrbDhp, 2019-10-05 11:17:27, 2019-10-19 06:19:56
193, r7wE03dWT39IDPBRakoi, 2019-10-05 11:17:27, 2019-10-19 06:19:56
194, Vk50FP7EwhIqGUddZ0LO, 2019-10-05 11:17:27, 2019-10-19 06:19:56
195, 0hHsgMxUXaeXhVvqGvEV, 2019-10-05 11:17:27, 2019-10-19 06:19:56
196, 4iOrDqyfAfFtMwccrh40, 2019-10-05 11:17:27, 2019-10-19 06:19:56
197, KRDFCLhr6ZauW6BbtQyE, 2019-10-05 11:17:27, 2019-10-19 06:19:56
198, yYHyD0ovO5NEu9CGhPl2, 2019-10-05 11:17:27, 2019-10-19 06:19:56
199, UGZpZGBrcb994DivimLO, 2019-10-05 11:17:27, 2019-10-19 06:19:56
200, V9NaxCVVf9EwRYDw5MMY, 2019-10-05 11:17:27, 2019-10-19 06:19:56
201, i2Wdh9HW6ih8VFadh0B9, 2019-10-05 11:17:27, 2019-10-19 06:19:56
202, pJqfVrJFzLopTAeinKwY, 2019-10-05 11:17:27, 2019-10-19 06:19:56
203, 007JsrJmOWaXRICkDU9H, 2019-10-05 11:17:27, 2019-10-19 06:19:56
204, Sqsta8gi4Q50zjwSX0zY, 2019-10-05 11:17:27, 2019-10-19 06:19:56
205, bdVHZaOvIO0WL9W0ad1j, 2019-10-05 11:17:27, 2019-10-19 06:19:56
206, AIXEJvkWKwHJVtmgoFss, 2019-10-05 11:17:27, 2019-10-19 06:19:56
207, 3XsPupnKOxXbiJI2mT8j, 2019-10-05 11:17:27, 2019-10-19 06:19:56
208, 0I8qWrCiMjIP3smQ1TjC, 2019-10-05 11:17:27, 2019-10-19 06:19:56
209, kFEn1lu4J18Lm6XPSOzL, 2019-10-05 11:17:27, 2019-10-19 06:19:56
210, 40KKPshNGsLPqJvR77Oi, 2019-10-05 11:17:27, 2019-10-19 06:19:56
211, BmeNDj66dKFA4lQwSypN, 2019-10-05 11:17:27, 2019-10-19 06:19:56
212, TgQY0Fn9xVJywueYD3YG, 2019-10-05 11:17:27, 2019-10-19 06:19:56
213, JuiqNaEhYgITdm5a1OU6, 2019-10-05 11:17:27, 2019-10-19 06:19:56
214, dQ8PDgxsUHfqAOEYI1MU, 2019-10-05 11:17:27, 2019-10-19 06:19:56
215, 9zRvjn0bUS5oO3tf7XoO, 2019-10-05 11:17:27, 2019-10-19 06:19:56
216, 3lgkoKmOdzQcljjyaIMx, 2019-10-05 11:17:27, 2019-10-19 06:19:56
217, Jkhj6I67PFhEsPCB4kYZ, 2019-10-05 11:17:27, 2019-10-19 06:19:56
218, rAYdxLgXPKIS3bGb251J, 2019-10-05 11:17:27, 2019-10-19 06:19:56
219, ICjdYzyid0yXoFkMIflM, 2019-10-05 11:17:27, 2019-10-19 06:19:56
220, D4DJRiSNN2nxPgans58Y, 2019-10-05 11:17:27, 2019-10-19 06:19:56
221, m6kbD4l3xd3BDr3zZtah, 2019-10-05 11:17:27, 2019-10-19 06:19:56
222, MNzBOdIDCaXuAeGBZ1zc, 2019-10-05 11:17:27, 2019-10-19 06:19:56
223, X4eY5lp3Yv25Wvkxjgpi, 2019-10-05 11:17:27, 2019-10-19 06:19:56
224, 7sXMUHUl4vvYXZrmBC5w, 2019-10-05 11:17:27, 2019-10-19 06:19:56
225, Se3jnaJUcbqVsVtLxitz, 2019-10-05 11:17:27, 2019-10-19 06:19:56
226, qJVYb0spkKtBjsFWO9fd, 2019-10-05 11:17:27, 2019-10-19 06:19:56
227, cwhV53tiWySxMGV6LGL6, 2019-10-05 11:17:27, 2019-10-19 06:19:56
228, pRGXYXj83xXKxO6RVVYH, 2019-10-05 11:17:27, 2019-10-19 06:19:56
229, BhsG59OmgzksZSwBSher, 2019-10-05 11:17:27, 2019-10-19 06:19:56
230, nwR6AwITtJdXvsKnesxs, 2019-10-05 11:17:27, 2019-10-19 06:19:56
231, hEp0mVUsSRgoECRY7c9r, 2019-10-05 11:17:27, 2019-10-19 06:19:56
232, 78fQB111PStCoRDa0F83, 2019-10-05 11:17:27, 2019-10-19 06:19:56
233, xWfnf9qyfWLnfBc87tlF, 2019-10-05 11:17:27, 2019-10-19 06:19:56
234, Rg2oCv5MYGGoCRhIjOF8, 2019-10-05 11:17:27, 2019-10-19 06:19:56
235, 3NeqwUCuBLqZtsgdpSBs, 2019-10-05 11:17:27, 2019-10-19 06:19:56
236, N9BhynDZVzrZf024RsEw, 2019-10-05 11:17:27, 2019-10-19 06:19:56
237, 9tYhX5ywPI90ufCAI1PZ, 2019-10-05 11:17:27, 2019-10-19 06:19:56
238, 4uR8SysSMLLmPzQnr1LB, 2019-10-05 11:17:27, 2019-10-19 06:19:56
239, a3sfCXXS89tsIqmTv9qL, 2019-10-05 11:17:27, 2019-10-19 06:19:56
240, lRXrC1j4LGdjpX93bdr2, 2019-10-05 11:17:27, 2019-10-19 06:19:56
241, AyKlCur0kg298Hqt8TU6, 2019-10-05 11:17:27, 2019-10-19 06:19:56
242, 0DPePFRoRjZau34un7kb, 2019-10-05 11:17:27, 2019-10-19 06:19:56
243, 5CpMfXb4Ht45TMaarlVG, 2019-10-05 11:17:27, 2019-10-19 06:19:56
244, CCCuL4eFAvKcsVMdJNUg, 2019-10-05 11:17:27, 2019-10-19 06:19:56
245, 3Rjg25ThTQyTrh1wGkci, 2019-10-05 11:17:27, 2019-10-19 06:19:56
246, rtCTZEktrhMaTZE1jKmO, 2019-10-05 11:17:27, 2019-10-19 06:19:56
247, 3C4r5iHPGpRsoCztihiP, 2019-10-05 11:17:27, 2019-10-19 06:19:56
248, gu02ncQjFMPzsmNwdZJ9, 2019-10-05 11:17:27, 2019-10-19 06:19:56
249, SYN9qcRyKDC3Zs0b291c, 2019-10-05 11:17:27, 2019-10-19 06:19:56
250, Zlq5kW7y5tA7LNiT6wFb, 2019-10-05 11:17:27, 2019-10-19 06:19:56
251, mMMrzRZRwtCoouuimO4D, 2019-10-05 11:17:27, 2019-10-19 06:19:56
252, qc9sG7lvFLrCFzeUxIlt, 2019-10-05 11:17:27, 2019-10-19 06:19:56
253, s9Wu05bVIVYfUu4n4oVt, 2019-10-05 11:17:27, 2019-10-19 06:19:56
254, CoPZ9ZEWM03tAyvDLywc, 2019-10-05 11:17:27, 2019-10-19 06:19:56
255, 3KcqpEwvEgZsjAWWFzHo, 2019-10-05 11:17:27, 2019-10-19 06:19:56
256, AF1mrmUJZMYN6xJrEI53, 2019-10-05 11:17:27, 2019-10-19 06:19:56
257, 32WECnoVHdgWZlkUGzH9, 2019-10-05 11:17:27, 2019-10-19 06:19:56
258, lwRJfpA8GOd4r1nXNk7F, 2019-10-05 11:17:27, 2019-10-19 06:19:56
259, c61nQeXomzZmiMbXX5uN, 2019-10-05 11:17:27, 2019-10-19 06:19:56
260, 6wXUQk8ItyBhA4JlJUk3, 2019-10-05 11:17:27, 2019-10-19 06:19:56
261, FWBXwQHTLLURWyUPnTMJ, 2019-10-05 11:17:27, 2019-10-19 06:19:56
262, 9aQ7FmMwFNCXw9LOOsXl, 2019-10-05 11:17:27, 2019-10-19 06:19:56
263, P1SnP1vSZOW7ma1Zqhmh, 2019-10-05 11:17:27, 2019-10-19 06:19:56
264, XUVmClwwK6ePziS5uikl, 2019-10-05 11:17:27, 2019-10-19 06:19:56
265, MX5FtVbg7Xj5Vr5qtBWy, 2019-10-05 11:17:27, 2019-10-19 06:19:56
266, DWoIHLfAVb2o9TUD9zZE, 2019-10-05 11:17:27, 2019-10-19 06:19:56
267, oBnwcyDuZhjwICn45coT, 2019-10-05 11:17:27, 2019-10-19 06:19:56
268, yZj2yxA2Ftf89kEpcUXz, 2019-10-05 11:17:27, 2019-10-19 06:19:56
269, rp3nCB7iyYD0SkmO0cJP, 2019-10-05 11:17:27, 2019-10-19 06:19:56
270, 0cFTQeElxFxlY3n4j83Y, 2019-10-05 11:17:27, 2019-10-19 06:19:56
271, eD5KiPqePRN1xxeCcSyH, 2019-10-05 11:17:27, 2019-10-19 06:19:56
272, DsBqbS5qjeTdANUKjuxM, 2019-10-05 11:17:27, 2019-10-19 06:19:56
273, 9HkqxKn1PfhyY2BwTh4f, 2019-10-05 11:17:27, 2019-10-19 06:19:56
274, OCg3OtUuIOADfa3kRe1O, 2019-10-05 11:17:27, 2019-10-19 06:19:56
275, BfBfBYXeffNjKIIrhYAq, 2019-10-05 11:17:27, 2019-10-19 06:19:56
276, hZy4O1XwCFd48QvflTq0, 2019-10-05 11:17:27, 2019-10-19 06:19:56
277, UTB2jrdrLt2t16TdwERD, 2019-10-05 11:17:27, 2019-10-19 06:19:56
278, 6ac2kI5T15Sx8TdZnKSf, 2019-10-05 11:17:27, 2019-10-19 06:19:56
279, JpP5xxRFPUDRWiVh6c5n, 2019-10-05 11:17:27, 2019-10-19 06:19:56
280, IGIwu5AojiP1sB6SryRX, 2019-10-05 11:17:27, 2019-10-19 06:19:56
281, fk1YFZzsgdvNxhvyku5b, 2019-10-05 11:17:27, 2019-10-19 06:19:56
282, 6XxHtQUxfkm181o9bm2V, 2019-10-05 11:17:27, 2019-10-19 06:19:56
283, yzpujGFJ7c90FZLXCjB5, 2019-10-05 11:17:27, 2019-10-19 06:19:56
284, N0d0bebTcrwfyqSS1lk5, 2019-10-05 11:17:27, 2019-10-19 06:19:56
285, KubRP8roeMADzRII2leN, 2019-10-05 11:17:27, 2019-10-19 06:19:56
286, x6fc8XtKZQPJIcITVBMh, 2019-10-05 11:17:27, 2019-10-19 06:19:56
287, keoy4lvOXWK4y2Xe5xmd, 2019-10-05 11:17:27, 2019-10-19 06:19:56
288, DXeGxCj8Z534SpSrR5Rv, 2019-10-05 11:17:27, 2019-10-19 06:19:56
289, OpoLAjFSlOvZxE2skdJy, 2019-10-05 11:17:27, 2019-10-19 06:19:56
290, pnszsRTjOAyZe2s0XTxn, 2019-10-05 11:17:27, 2019-10-19 06:19:56
291, UsmKSfYWh4S3BDSXCkHS, 2019-10-05 11:17:27, 2019-10-19 06:19:56
292, u0568gLMDgQfXyOfDFFI, 2019-10-05 11:17:27, 2019-10-19 06:19:56
293, Mm7CJ4BAyvkpPhVa52Ws, 2019-10-05 11:17:27, 2019-10-19 06:19:56
294, 0LIZUECgehxsm2FPq3Jt, 2019-10-05 11:17:27, 2019-10-19 06:19:56
295, GufjoAf5PpZmUtfV84BZ, 2019-10-05 11:17:27, 2019-10-19 06:19:56
296, PEa9rikKdsR2XHsrZRyd, 2019-10-05 11:17:27, 2019-10-19 06:19:56
297, w0F6WPD2c6t8cZktVnKm, 2019-10-05 11:17:27, 2019-10-19 06:19:56
298, Ge0OTsCTw43Bj3z4qExw, 2019-10-05 11:17:27, 2019-10-19 06:19:56
299, FDLQMEID59FrHYJ1MiYI, 2019-10-05 11:17:27, 2019-10-19 06:19:56
300, ncxldO7PFpPutFGbWOml, 2019-10-05 11:17:27, 2019-10-19 06:19:56
301, uF06fGE1JOg2jspq85FF, 2019-10-05 11:17:27, 2019-10-19 06:19:56
302, PIYcx1UMVmfoOY3FqSG7, 2019-10-05 11:17:27, 2019-10-19 06:19:56
303, wxXruj2fRxUG1t1jzuzt, 2019-10-05 11:17:27, 2019-10-19 06:19:56
304, AdBqA9ucBG1hx9QacD7K, 2019-10-05 11:17:27, 2019-10-19 06:19:56
305, kvybN0HrYWMky13fJ6lc, 2019-10-05 11:17:27, 2019-10-19 06:19:56
306, QEmFYUv19ikRgqnuQnUG, 2019-10-05 11:17:27, 2019-10-19 06:19:56
307, CFY2qXXNlaXTZ42WzWu7, 2019-10-05 11:17:27, 2019-10-19 06:19:56
308, 6wnPsjnd6EHNHOvq46OS, 2019-10-05 11:17:27, 2019-10-19 06:19:56
309, 3ZEtJGquW5amSqxZEKAi, 2019-10-05 11:17:27, 2019-10-19 06:19:56
310, OWAwE43TkUDEZPrDiZot, 2019-10-05 11:17:27, 2019-10-19 06:19:56
311, 4dpHxlNxl3buBI90irea, 2019-10-05 11:17:27, 2019-10-19 06:19:56
312, P4xacAZ9MYwKv3yIdVIs, 2019-10-05 11:17:27, 2019-10-19 06:19:56
313, 3v9zzldVnns7Ryo65LwJ, 2019-10-05 11:17:27, 2019-10-19 06:19:56
314, qObHvl5EB489sGEK8lFx, 2019-10-05 11:17:27, 2019-10-19 06:19:56
315, wHVuRhqH32kcQoGsMy6O, 2019-10-05 11:17:27, 2019-10-19 06:19:56
316, N3Ogc2TdY7Uu2JLwa4oa, 2019-10-05 11:17:27, 2019-10-19 06:19:56
317, 4aznW71F8DFkFLQeJXsT, 2019-10-05 11:17:27, 2019-10-19 06:19:56
318, bLg78yy923Ec5bDXFOrC, 2019-10-05 11:17:27, 2019-10-19 06:19:56
319, JXIVgnWJAYaGvv9uRcbD, 2019-10-05 11:17:27, 2019-10-19 06:19:56
320, SlaktWWr2OoDQRX1hQDB, 2019-10-05 11:17:27, 2019-10-19 06:19:56
321, 56EYLNTEjIFBnee5h6pb, 2019-10-05 11:17:27, 2019-10-19 06:19:56
322, j6IY0dvSzeIv0cOkMzdk, 2019-10-05 11:17:27, 2019-10-19 06:19:56
323, 70xd7WrRWcpl9uvQVoDn, 2019-10-05 11:17:27, 2019-10-19 06:19:56
324, aKqc72cvqVBDWn0BwZoi, 2019-10-05 11:17:27, 2019-10-19 06:19:56
325, zIMggd1EEdRJok7nRGey, 2019-10-05 11:17:27, 2019-10-19 06:19:56
326, ERgl602DbOy5jgutrZxN, 2019-10-05 11:17:27, 2019-10-19 06:19:56
327, 7Bdk8TI3sZIHeYgbtAqM, 2019-10-05 11:17:27, 2019-10-19 06:19:56
328, KP2riVHszNs54stYxUag, 2019-10-05 11:17:27, 2019-10-19 06:19:56
329, W9KQ3QZZhngwPTWfXTwi, 2019-10-05 11:17:27, 2019-10-19 06:19:56
330, dBGWgos78oYCtIEjaW33, 2019-10-05 11:17:27, 2019-10-19 06:19:56
331, MtBYs6oFxxkw2mosWhkV, 2019-10-05 11:17:27, 2019-10-19 06:19:56
332, zNPmLEUBJCUpnVcAF1js, 2019-10-05 11:17:27, 2019-10-19 06:19:56
333, Azio3vsttUGRcLqsm09q, 2019-10-05 11:17:27, 2019-10-19 06:19:56
334, MQ4PfZClNORUby5vl8js, 2019-10-05 11:17:27, 2019-10-19 06:19:56
335, goLvxehs9MbXDe3zd2FB, 2019-10-05 11:17:27, 2019-10-19 06:19:56
336, QkgDqpcrjYAgyQIFvrhq, 2019-10-05 11:17:27, 2019-10-19 06:19:56
337, UshmjEBol0OroCzII7K1, 2019-10-05 11:17:27, 2019-10-19 06:19:56
338, D3kIJl8iezqK0mds9Zkk, 2019-10-05 11:17:27, 2019-10-19 06:19:56
339, BwmsTpVc9KlMqGi7u1hd, 2019-10-05 11:17:27, 2019-10-19 06:19:56
340, 6tDDdGBTov26pJGverfI, 2019-10-05 11:17:27, 2019-10-19 06:19:56
341, BsovjPbCEtEDbmxtjhGK, 2019-10-05 11:17:27, 2019-10-19 06:19:56
342, Eq1l6IqJiDY47dBuWGeE, 2019-10-05 11:17:27, 2019-10-19 06:19:56
343, IpnPZDdvwFQXhKMspYQo, 2019-10-05 11:17:27, 2019-10-19 06:19:56
344, hDa8k7LHWVOcclhOMnCC, 2019-10-05 11:17:27, 2019-10-19 06:19:56
345, PWlnc5U6KVqd0YpGrK8y, 2019-10-05 11:17:27, 2019-10-19 06:19:56
346, XuJ1Nepf4bM6vlL99Dib, 2019-10-05 11:17:27, 2019-10-19 06:19:56
347, Ay74xibnhJgk6bocWHD4, 2019-10-05 11:17:27, 2019-10-19 06:19:56
348, ulhBgCiDDqNVIRfpHy6f, 2019-10-05 11:17:27, 2019-10-19 06:19:56
349, ELkihg5dKLBvwPDKIb7f, 2019-10-05 11:17:27, 2019-10-19 06:19:56
350, C7YrdlKSsiO6bbc5N9ht, 2019-10-05 11:17:27, 2019-10-19 06:19:56
351, xtJrrNiG1LOwPPcffuXV, 2019-10-05 11:17:27, 2019-10-19 06:19:56
352, RrY3qizjNfDCyTjCBtJC, 2019-10-05 11:17:27, 2019-10-19 06:19:56
353, cQmb00f00sryB2ruysEo, 2019-10-05 11:17:27, 2019-10-19 06:19:56
354, nPkDCBHKR4WskqDR4UbM, 2019-10-05 11:17:27, 2019-10-19 06:19:56
355, e6rojMRIRRgpuhi1AN8p, 2019-10-05 11:17:27, 2019-10-19 06:19:56
356, cImJPiAxaW6yvY0K3skX, 2019-10-05 11:17:27, 2019-10-19 06:19:56
357, 9iGx3ZiWRbPDqnJIjkTP, 2019-10-05 11:17:27, 2019-10-19 06:19:56
358, GucZP8qhYKjlkKLeUB4V, 2019-10-05 11:17:27, 2019-10-19 06:19:56
359, BlJbaxVUTaHxo5bN0Coo, 2019-10-05 11:17:27, 2019-10-19 06:19:56
360, N0riY9UuW93iu8Q3BTPK, 2019-10-05 11:17:27, 2019-10-19 06:19:56
361, MRc5D20FpZ8YipFTcRvI, 2019-10-05 11:17:27, 2019-10-19 06:19:56
362, UTip1wuJTj2SDf27YocH, 2019-10-05 11:17:27, 2019-10-19 06:19:56
363, MoQun9XEu1BuwYqo3Yk3, 2019-10-05 11:17:27, 2019-10-19 06:19:56
364, R0W5B6o9yJ8tmFEwJ4EE, 2019-10-05 11:17:27, 2019-10-19 06:19:56
365, UAVK2cbBUVssHdfJ5Vqr, 2019-10-05 11:17:27, 2019-10-19 06:19:56
366, kUxhvpWqHwdGb5unqItv, 2019-10-05 11:17:27, 2019-10-19 06:19:56
367, TgKFvSU6MyidyrL39xD3, 2019-10-05 11:17:27, 2019-10-19 06:19:56
368, H7aN1ufyVtvQxKFhi4Fu, 2019-10-05 11:17:27, 2019-10-19 06:19:56
369, R2KlOWBvUNKP9ks4YN9T, 2019-10-05 11:17:27, 2019-10-19 06:19:56
370, bioRwedK1kc1CBKjrcxu, 2019-10-05 11:17:27, 2019-10-19 06:19:56
371, iydA1nx6gc4edBQmgge3, 2019-10-05 11:17:27, 2019-10-19 06:19:56
372, 5ktdZQbVOyr7DcLD3fth, 2019-10-05 11:17:27, 2019-10-19 06:19:56
373, 6r0Dk1VruGSgPcnkHMM0, 2019-10-05 11:17:27, 2019-10-19 06:19:56
374, 5lpsxVMdDW0Buzn2SgUZ, 2019-10-05 11:17:27, 2019-10-19 06:19:56
375, PSHUc5nJUjGC7lo6jhlR, 2019-10-05 11:17:27, 2019-10-19 06:19:56
376, TDw5EEYiAhliT3hBjvIf, 2019-10-05 11:17:27, 2019-10-19 06:19:56
377, 3UiYS4C6b6x8oJopNJVw, 2019-10-05 11:17:27, 2019-10-19 06:19:56
378, m8YiVyzCboSsM5FqErXD, 2019-10-05 11:17:27, 2019-10-19 06:19:56
379, Kze82FvhFFGAQRKjcImj, 2019-10-05 11:17:27, 2019-10-19 06:19:56
380, laiCHahVkiVso0XIZVeT, 2019-10-05 11:17:27, 2019-10-19 06:19:56
381, Ke96jRJe5YjHjbP7T2P8, 2019-10-05 11:17:27, 2019-10-19 06:19:56
382, mzkE1NL0eNybQADJRZKg, 2019-10-05 11:17:27, 2019-10-19 06:19:56
383, ahxdMZlqu7m8217KrzPN, 2019-10-05 11:17:27, 2019-10-19 06:19:56
384, kPZwJfWKQKRTxNelD9wc, 2019-10-05 11:17:27, 2019-10-19 06:19:56
385, lIAY12LHOemi8GtiBluI, 2019-10-05 11:17:27, 2019-10-19 06:19:56
386, a1KMkJivwv3MWPt9Yjp5, 2019-10-05 11:17:27, 2019-10-19 06:19:56
387, uM3tWB5pnXPrDrqOTizO, 2019-10-05 11:17:27, 2019-10-19 06:19:56
388, 3fnxJF3hGloMaP2aQPYB, 2019-10-05 11:17:27, 2019-10-19 06:19:56
389, 0wAW1xAbXVjhsJaNedto, 2019-10-05 11:17:27, 2019-10-19 06:19:56
390, RLEABwzcFydaMb3q3ilX, 2019-10-05 11:17:27, 2019-10-19 06:19:56
391, 3BO6QeYcNarInYBH2JfC, 2019-10-05 11:17:27, 2019-10-19 06:19:56
392, S3ZZ2kE3BOM38uNPM0KS, 2019-10-05 11:17:27, 2019-10-19 06:19:56
393, 2INjuSZEBHLR6x4TwSVJ, 2019-10-05 11:17:27, 2019-10-19 06:19:56
394, IiRRFUeJ5XqPzyZR1PaS, 2019-10-05 11:17:27, 2019-10-19 06:19:56
395, kYTPJ63ssWiAra3mHYPD, 2019-10-05 11:17:27, 2019-10-19 06:19:56
396, rRylu63kDQLWsWFvDCOd, 2019-10-05 11:17:27, 2019-10-19 06:19:56
397, MOPd65sU3Y5VZq6GKYQM, 2019-10-05 11:17:27, 2019-10-19 06:19:56
398, Mbf5pvOjuMVcyVB0NJfw, 2019-10-05 11:17:27, 2019-10-19 06:19:56
399, Tpj8LI8Sd2WAhsyszEMV, 2019-10-05 11:17:27, 2019-10-19 06:19:56
400, ELp223wIwJQW1cCCcZuE, 2019-10-05 11:17:27, 2019-10-19 06:19:56
401, Us7zwCpLItXWIsv5HojP, 2019-10-05 11:17:27, 2019-10-19 06:19:56
402, 0jmkIkUi2yH8cPPwHcyy, 2019-10-05 11:17:27, 2019-10-19 06:19:56
403, p2RDStoloyL8NvBIZorN, 2019-10-05 11:17:27, 2019-10-19 06:19:56
404, r22UalV8F01KVkR6XIXD, 2019-10-05 11:17:27, 2019-10-19 06:19:56
405, nPRmkW52z3VTifi6bJnD, 2019-10-05 11:17:27, 2019-10-19 06:19:56
406, n113Gr0A7of8F3HyMgc0, 2019-10-05 11:17:27, 2019-10-19 06:19:56
407, LHWayqKVjrnI3x1etmJP, 2019-10-05 11:17:27, 2019-10-19 06:19:56
408, PmIdVf9fmzIpbBs1u2yS, 2019-10-05 11:17:27, 2019-10-19 06:19:56
409, iwjNp6GcUkopaEExsL0u, 2019-10-05 11:17:27, 2019-10-19 06:19:56
410, BJM00CG7SwamRijAA1Em, 2019-10-05 11:17:27, 2019-10-19 06:19:56
411, rF0cd2Qo4Nz5CzGuYIMu, 2019-10-05 11:17:27, 2019-10-19 06:19:56
412, xmCvIUMzaXV2I8wGuMo0, 2019-10-05 11:17:27, 2019-10-19 06:19:56
413, QbT3BrqEWjn9ra38BZpc, 2019-10-05 11:17:27, 2019-10-19 06:19:56
414, XPme4beKc43HK30GXaDk, 2019-10-05 11:17:27, 2019-10-19 06:19:56
415, L6wypq7BEGJCvw1UMjHy, 2019-10-05 11:17:27, 2019-10-19 06:19:56
416, FJq16SHRGW2896oC33Yl, 2019-10-05 11:17:27, 2019-10-19 06:19:56
417, MPnq2wR6QuHzLnXKhR2N, 2019-10-05 11:17:27, 2019-10-19 06:19:56
418, QaxnbbHxergtb3DFNJMd, 2019-10-05 11:17:27, 2019-10-19 06:19:56
419, 6sUwl6MEu0u8MYofBXwX, 2019-10-05 11:17:27, 2019-10-19 06:19:56
420, 7ZnGZFY1VM3TBT09N0bP, 2019-10-05 11:17:27, 2019-10-19 06:19:56
421, 1OSwBaKV7yzoEZuX6sGV, 2019-10-05 11:17:27, 2019-10-19 06:19:56
422, SzNae7YN1F2dH6TFfWP4, 2019-10-05 11:17:27, 2019-10-19 06:19:56
423, gg9VC7viiA9Libb0yzu5, 2019-10-05 11:17:27, 2019-10-19 06:19:56
424, 2htxISFbT3WVBcUc4cfk, 2019-10-05 11:17:27, 2019-10-19 06:19:56
425, FsrhvmSlWFPkp4MrYoSH, 2019-10-05 11:17:27, 2019-10-19 06:19:56
426, F5mZBr7m2f2OG4WAa6GR, 2019-10-05 11:17:27, 2019-10-19 06:19:56
427, LVqOY2OlHtgb8yoqMmA0, 2019-10-05 11:17:27, 2019-10-19 06:19:56
428, H7D4xGEgu4jT1aJI71gu, 2019-10-05 11:17:27, 2019-10-19 06:19:56
429, tM5ieq38C9IKwOz3g7eX, 2019-10-05 11:17:27, 2019-10-19 06:19:56
430, FI2z4BZiB6n94k7tR61Z, 2019-10-05 11:17:27, 2019-10-19 06:19:56
431, OrCvZNkOqHGdnniiscpN, 2019-10-05 11:17:27, 2019-10-19 06:19:56
432, RrezMgz5ZEnOOLMCkp1P, 2019-10-05 11:17:27, 2019-10-19 06:19:56
433, r0LN33ZFjdfocutp7UNt, 2019-10-05 11:17:27, 2019-10-19 06:19:56
434, 4Cb4M9Y2mSkoUglSrtsD, 2019-10-05 11:17:27, 2019-10-19 06:19:56
435, ILHx3wVLBxTVDR7eod8E, 2019-10-05 11:17:27, 2019-10-19 06:19:56
436, pUBPC2nOlh1Z5D4kJYYo, 2019-10-05 11:17:27, 2019-10-19 06:19:56
437, 9JDs24XWFKZcD5VM9hdk, 2019-10-05 11:17:27, 2019-10-19 06:19:56
438, cDwlf4p31OKJXB328tfX, 2019-10-05 11:17:27, 2019-10-19 06:19:56
439, VZj1wSmFI7kIMVa2Tcqe, 2019-10-05 11:17:27, 2019-10-19 06:19:56
440, zKoZog8Ylf5rM8NjEwiA, 2019-10-05 11:17:27, 2019-10-19 06:19:56
441, QxvzqggwMbdXaGqARDAB, 2019-10-05 11:17:27, 2019-10-19 06:19:56
442, f0jfnWJO71UGnrwQmnj8, 2019-10-05 11:17:27, 2019-10-19 06:19:56
443, mQXN6MeNXoihP4tL7Yrt, 2019-10-05 11:17:27, 2019-10-19 06:19:56
444, O6saLFtX3kcarECqFbxU, 2019-10-05 11:17:27, 2019-10-19 06:19:56
445, TxnHlG5ky6OoEu7maeFZ, 2019-10-05 11:17:27, 2019-10-19 06:19:56
446, yw19WM2fTkzoATf0uHK5, 2019-10-05 11:17:27, 2019-10-19 06:19:57
447, k3gg88WEMdgeDbdyj2yf, 2019-10-05 11:17:27, 2019-10-19 06:19:57
448, FX7WlLf4HcqHujX4mKLg, 2019-10-05 11:17:27, 2019-10-19 06:19:57
449, eEs5x8ZQ3eZh8wFqlcvp, 2019-10-05 11:17:27, 2019-10-19 06:19:57
450, 0GkK0YCBuQEyumESjr64, 2019-10-05 11:17:27, 2019-10-19 06:19:57
451, pJQ03PcWenDC1LkmeuIm, 2019-10-05 11:17:27, 2019-10-19 06:19:57
452, RY2vhngyvCfO66ORZdd0, 2019-10-05 11:17:27, 2019-10-19 06:19:57
453, sZZEVueeJGetDsPGDuf3, 2019-10-05 11:17:27, 2019-10-19 06:19:57
454, Qp24YuwhdyXTl9FdSYcL, 2019-10-05 11:17:27, 2019-10-19 06:19:57
455, twmLBoTS4jNAXhRUCJNt, 2019-10-05 11:17:27, 2019-10-19 06:19:57
456, sd0Keue34wqfw6c5YwyX, 2019-10-05 11:17:27, 2019-10-19 06:19:57
457, Cwlgm18VMXqso5NT57XA, 2019-10-05 11:17:27, 2019-10-19 06:19:57
458, ZI41D6JRGHrSIIvMcdaq, 2019-10-05 11:17:27, 2019-10-19 06:19:57
459, wKkjjSH3GOrpQcAKt5yP, 2019-10-05 11:17:27, 2019-10-19 06:19:57
460, c5QrzSTAkUhiFUPbRYry, 2019-10-05 11:17:27, 2019-10-19 06:19:57
461, RKNHBBz4DRe2X7Ur3JRG, 2019-10-05 11:17:27, 2019-10-19 06:19:57
462, s9BcRrmLNbU90bmrhBvM, 2019-10-05 11:17:27, 2019-10-19 06:19:57
463, AzOWUQygM48UgwTtSUz5, 2019-10-05 11:17:27, 2019-10-19 06:19:57
464, mCK9E9dbm4QCC0KSb9Pp, 2019-10-05 11:17:27, 2019-10-19 06:19:57
465, jkaLx4ZSNEvJJR1Mc1FQ, 2019-10-05 11:17:27, 2019-10-19 06:19:57
466, 2tNA4EVFTcayTFuV1MiH, 2019-10-05 11:17:27, 2019-10-19 06:19:57
467, a0lK6i5pa3ElObEnUCYI, 2019-10-05 11:17:27, 2019-10-19 06:19:57
468, tivnaINn8FGXnYooFiaS, 2019-10-05 11:17:27, 2019-10-19 06:19:57
469, JlZUDUdrBqfLujDf4oLA, 2019-10-05 11:17:27, 2019-10-19 06:19:57
470, X3h0yBeN6PShCEVtJARs, 2019-10-05 11:17:27, 2019-10-19 06:19:57
471, 5creboxFvzBYceCU0Xim, 2019-10-05 11:17:27, 2019-10-19 06:19:57
472, dMnJBF7yuZfVWI8lPxo4, 2019-10-05 11:17:27, 2019-10-19 06:19:57
473, UXdvHkN7c0aDkDpxmHk8, 2019-10-05 11:17:27, 2019-10-19 06:19:57
474, BuDmXzvotQhaU78lH6Ch, 2019-10-05 11:17:27, 2019-10-19 06:19:57
475, PLjXqgy5vc799dKgeHhj, 2019-10-05 11:17:27, 2019-10-19 06:19:57
476, 8U8ngsKIqfvMoAtOBfNj, 2019-10-05 11:17:27, 2019-10-19 06:19:57
477, MukrSgo1XEc84xG8NhSh, 2019-10-05 11:17:27, 2019-10-19 06:19:57
478, xamIOwhZXjfZYcpQb9ce, 2019-10-05 11:17:27, 2019-10-19 06:19:57
479, 0zHAEpqNmKdj83ptQDVE, 2019-10-05 11:17:27, 2019-10-19 06:19:57
480, w5OQFMWiPQm5VV5flNaL, 2019-10-05 11:17:27, 2019-10-19 06:19:57
481, 4GSwRpmlWBDo1CRJws8m, 2019-10-05 11:17:27, 2019-10-19 06:19:57
482, CAaBkO5BUBVCb0WWlW6z, 2019-10-05 11:17:27, 2019-10-19 06:19:57
483, gsC2Uozlr89DEUnt3hnV, 2019-10-05 11:17:27, 2019-10-19 06:19:57
484, 8C71AC8yILzY9CXfaMOy, 2019-10-05 11:17:27, 2019-10-19 06:19:57
485, seyR3PqIqtkp9M8EhV6m, 2019-10-05 11:17:27, 2019-10-19 06:19:58
486, M5LddlQXM6lWZ1qt5gwG, 2019-10-05 11:17:27, 2019-10-19 06:19:58
487, kIwob5ccLmmAbjqmZH3l, 2019-10-05 11:17:27, 2019-10-19 06:19:58
488, Rx0dqFWD2GV9ug7fAlgs, 2019-10-05 11:17:27, 2019-10-19 06:19:58
489, FVgLW6rulFjfa3osy681, 2019-10-05 11:17:27, 2019-10-19 06:19:58
490, nk753mExIa05qi2zP4a6, 2019-10-05 11:17:27, 2019-10-19 06:19:58
491, nXHgLe1QUqB1zaXqbWob, 2019-10-05 11:17:27, 2019-10-19 06:19:58
492, 9AFv1dCQc8H6QBwBoZtP, 2019-10-05 11:17:27, 2019-10-19 06:19:58
493, WtWaOcPtQxyXVVG8AIWv, 2019-10-05 11:17:27, 2019-10-19 06:19:58
494, 7ioqzLTwGAN0x8zRTXzt, 2019-10-05 11:17:27, 2019-10-19 06:19:58
495, GGptYn4jIxi4vq3myde9, 2019-10-05 11:17:27, 2019-10-19 06:19:58
496, dJdpNVGD5IL6ZdL9Lt0x, 2019-10-05 11:17:27, 2019-10-19 06:19:58
497, 9ddiiyiRB5DyrUgxwypr, 2019-10-05 11:17:27, 2019-10-19 06:19:58
498, pUz0mJgk3nLulEU0bue1, 2019-10-05 11:17:27, 2019-10-19 06:19:58
499, 8sJlu5lAN9j3vfmZH5y4, 2019-10-05 11:17:27, 2019-10-19 06:19:58
500, SkOGVz5Pch2pNhfdB2Cu, 2019-10-05 11:17:27, 2019-10-19 06:19:58
501, xzawLntKeV1fJqCqtRWq, 2019-10-05 11:17:27, 2019-10-19 06:19:58
502, BzGdjNEtnb0yl0vhH4Uh, 2019-10-05 11:17:27, 2019-10-19 06:19:58
503, RfKL5jBYTSXhyOp2bfjQ, 2019-10-05 11:17:27, 2019-10-19 06:19:58
504, j07WVqKza22WYQE1nDUj, 2019-10-05 11:17:27, 2019-10-19 06:19:58
505, 2wmF0gmGA753QmCcGASG, 2019-10-05 11:17:27, 2019-10-19 06:19:58
506, B5dBREWkF0caSaLFLzIj, 2019-10-05 11:17:27, 2019-10-19 06:19:58
507, hdF3v1h7rxdgiBo1UPWB, 2019-10-05 11:17:27, 2019-10-19 06:19:58
508, SbtZnHRJmzYqnVo7uwcw, 2019-10-05 11:17:27, 2019-10-19 06:19:58
509, 7XLEtWPzcc6xF9ogQRy2, 2019-10-05 11:17:27, 2019-10-19 06:19:58
510, Ipf3jtvbk6jUz0mdDFiM, 2019-10-05 11:17:27, 2019-10-19 06:19:59
511, nhXVz7Pl3kHseNekJiU7, 2019-10-05 11:17:27, 2019-10-19 06:19:59
512, 74fD80o7oyu1TzMTWHJ2, 2019-10-05 11:17:27, 2019-10-19 06:19:59
513, 06PojOQTOAuCYZq3Z9L1, 2019-10-05 11:17:27, 2019-10-19 06:19:59
514, JbHshIFojmlpemGSijrL, 2019-10-05 11:17:27, 2019-10-19 06:19:59
515, iKOrVgOb38nRWcFivms2, 2019-10-05 11:17:27, 2019-10-19 06:19:59
516, sMiHitOtwUUorX3glzYE, 2019-10-05 11:17:27, 2019-10-19 06:19:59
517, 9i3raUNfbUmacXcun4b0, 2019-10-05 11:17:27, 2019-10-19 06:19:59
518, xLRPm6HygNj1w9omvFP2, 2019-10-05 11:17:27, 2019-10-19 06:19:59
519, ljzONyUH3U8JadCpA1RH, 2019-10-05 11:17:27, 2019-10-19 06:19:59
520, UCNXirXUu89TscOMG6fr, 2019-10-05 11:17:27, 2019-10-19 06:19:59
521, sMaWgWAILCSl38BBS1rw, 2019-10-05 11:17:27, 2019-10-19 06:19:59
522, gA3dMLQLu3s2V8cj7vUJ, 2019-10-05 11:17:27, 2019-10-19 06:19:59
523, ZtxeCsTC363CWqqQnJE5, 2019-10-05 11:17:27, 2019-10-19 06:19:59
524, HhsBbQUMWLyRsoNzOLyd, 2019-10-05 11:17:27, 2019-10-19 06:19:59
525, 7gT9bwZES73CsEm4LIpm, 2019-10-05 11:17:27, 2019-10-19 06:19:59
526, VtgzT0Sa2rvOn46TcRZu, 2019-10-05 11:17:27, 2019-10-19 06:19:59
527, JUsv8quYCuPNkB4xnmmw, 2019-10-05 11:17:27, 2019-10-19 06:19:59
528, vN6fsYfuxMyNpmKUoX0t, 2019-10-05 11:17:27, 2019-10-19 06:19:59
529, XYkIcijpsLn4FFHOcFpW, 2019-10-05 11:17:27, 2019-10-19 06:19:59
530, LcpFyuH6TA0x9QES0yIu, 2019-10-05 11:17:27, 2019-10-19 06:19:59
531, BdUSOTwTRllSyy7pINhk, 2019-10-05 11:17:27, 2019-10-19 06:19:59
532, xZvyQfTIovbJz1XLlBoa, 2019-10-05 11:17:27, 2019-10-19 06:19:59
533, 3qavInyO4NiwOqJztIoU, 2019-10-05 11:17:27, 2019-10-19 06:19:59
534, 3EF93h3bYqfJ13vt4bw2, 2019-10-05 11:17:27, 2019-10-19 06:19:59
535, STckQv7D6UXaGpak3B8l, 2019-10-05 11:17:27, 2019-10-19 06:19:59
536, zGCexWhclfyQhlA5Fhia, 2019-10-05 11:17:27, 2019-10-19 06:19:59
537, sdr7ZoasOQQDatUjHNVb, 2019-10-05 11:17:27, 2019-10-19 06:19:59
538, VyuVWzFipNQfuR2CCs7z, 2019-10-05 11:17:27, 2019-10-19 06:19:59
539, AjUU9iVuRrJgJAZWhMYG, 2019-10-05 11:17:27, 2019-10-19 06:19:59
540, skccoySeGOWP4finMkET, 2019-10-05 11:17:27, 2019-10-19 06:19:59
541, uTEox7v9twpfkLMu1jqA, 2019-10-05 11:17:27, 2019-10-19 06:19:59
542, EF47LNReBpHxtQDypzEJ, 2019-10-05 11:17:27, 2019-10-19 06:19:59
543, RLPA9TMPg4BqFp9yUTCx, 2019-10-05 11:17:27, 2019-10-19 06:19:59
544, SH0u3vVr1IZZGvrdAhtZ, 2019-10-05 11:17:27, 2019-10-19 06:19:59
545, j2C8lbYjH6Eoa4bJSAPn, 2019-10-05 11:17:27, 2019-10-19 06:19:59
546, FpQFu7YOIz4JTZeZK61R, 2019-10-05 11:17:27, 2019-10-19 06:19:59
547, rSqVzIAyf9cmhPS5BvsN, 2019-10-05 11:17:27, 2019-10-19 06:19:59
548, d1KkVn85jwS9Ulxw8kkr, 2019-10-05 11:17:27, 2019-10-19 06:19:59
549, 8CGCl3j1Ppt02JxT0nvP, 2019-10-05 11:17:27, 2019-10-19 06:19:59
550, gBs4ta9mWa1OPQY1Mub3, 2019-10-05 11:17:27, 2019-10-19 06:19:59
551, aD2ELRw6tWgYmzKjT8lB, 2019-10-05 11:17:27, 2019-10-19 06:19:59
552, 6jrB6mQXL0d6wPRzkOS6, 2019-10-05 11:17:27, 2019-10-19 06:19:59
553, naie1X2WUz8jdINHKA58, 2019-10-05 11:17:27, 2019-10-19 06:19:59
554, lnGn6bMXptSINMMaKjXd, 2019-10-05 11:17:27, 2019-10-19 06:19:59
555, h8EoGURhSbZfj3ItbpoF, 2019-10-05 11:17:27, 2019-10-19 06:19:59
556, 7tleifGTgUfTqh9vpQpa, 2019-10-05 11:17:27, 2019-10-19 06:19:59
557, bXx7YEZD3F8EeQDrkjhU, 2019-10-05 11:17:27, 2019-10-19 06:19:59
558, qvtPcbJ1sQPwKDnpmFdh, 2019-10-05 11:17:27, 2019-10-19 06:19:59
559, bppvFLTrblxWDinBSFlC, 2019-10-05 11:17:27, 2019-10-19 06:19:59
560, Q3ECt5jOHSvo03pbi169, 2019-10-05 11:17:27, 2019-10-19 06:19:59
561, 4ngfGWbXZUSpz9Ldmxwj, 2019-10-05 11:17:27, 2019-10-19 06:19:59
562, TtRmFKQbkSOmltRPSno3, 2019-10-05 11:17:27, 2019-10-19 06:19:59
563, QcePw1vBQcPEKyuDi7Nq, 2019-10-05 11:17:27, 2019-10-19 06:19:59
564, CmJFz68izS31jI46WKYy, 2019-10-05 11:17:27, 2019-10-19 06:19:59
565, nV5BvePkZQcLshzk2WXi, 2019-10-05 11:17:27, 2019-10-19 06:19:59
566, 05lKYaFkWToKbESuMZ9M, 2019-10-05 11:17:27, 2019-10-19 06:19:59
567, NPycZs24XpFuCFgeBNkZ, 2019-10-05 11:17:27, 2019-10-19 06:19:59
568, jVWP7dRhjlAJfkN2jSos, 2019-10-05 11:17:27, 2019-10-19 06:19:59
569, p5bfkibg4mrXjCv6JVPT, 2019-10-05 11:17:27, 2019-10-19 06:19:59
570, UEiZXgeF9bhpzNgRDHWo, 2019-10-05 11:17:27, 2019-10-19 06:19:59
571, KVE7OyZyPDhYoTdRfo9P, 2019-10-05 11:17:27, 2019-10-19 06:19:59
572, S6EjHwxVUhe77M262nbi, 2019-10-05 11:17:27, 2019-10-19 06:19:59
573, bOXJVe0IMTD3RTQAmdxH, 2019-10-05 11:17:27, 2019-10-19 06:19:59
574, bKY1iGuYkbdy48hzAstj, 2019-10-05 11:17:27, 2019-10-19 06:19:59
575, NwPkXgxwW77Eoyao0U3j, 2019-10-05 11:17:27, 2019-10-19 06:19:59
576, 20rfd076uNjmfgaT3Uie, 2019-10-05 11:17:27, 2019-10-19 06:19:59
577, hQQ89IBJ8uARP7mQriJk, 2019-10-05 11:17:27, 2019-10-19 06:19:59
578, aRgCKK6Zh8wtPQ06EuRV, 2019-10-05 11:17:27, 2019-10-19 06:19:59
579, 2vLmAoqktS09oBfTKEGg, 2019-10-05 11:17:27, 2019-10-19 06:19:59
580, xNEte9XCHfhJRdttbG6Y, 2019-10-05 11:17:27, 2019-10-19 06:19:59
581, Ms3emfIxaJYTGJfm4gO8, 2019-10-05 11:17:27, 2019-10-19 06:19:59
582, fkfrMEgen9dgQWSzCthn, 2019-10-05 11:17:27, 2019-10-19 06:19:59
583, j4ZPGfwbjXFqrUGXf3CS, 2019-10-05 11:17:27, 2019-10-19 06:19:59
584, N7TWWKaKgGd6MBvzeATW, 2019-10-05 11:17:27, 2019-10-19 06:19:59
585, 15gpn5j0Mqr81XT3IUfC, 2019-10-05 11:17:27, 2019-10-19 06:19:59
586, 0RoQl3pRZFQ2lUfrZzaZ, 2019-10-05 11:17:27, 2019-10-19 06:19:59
587, vguiAL3MOADjsyZi266b, 2019-10-05 11:17:27, 2019-10-19 06:19:59
588, cSPK9qtSYyJQFEcfC0kF, 2019-10-05 11:17:27, 2019-10-19 06:19:59
589, kGLGrL3xkB7LkFGWBrBq, 2019-10-05 11:17:27, 2019-10-19 06:19:59
590, fLabmFKpRwsZESCS2m4x, 2019-10-05 11:17:27, 2019-10-19 06:19:59
591, oI1K8Ze8vjBQCyW27CHZ, 2019-10-05 11:17:27, 2019-10-19 06:19:59
592, WAjPBGvaWXBHEkVUh3XA, 2019-10-05 11:17:27, 2019-10-19 06:19:59
593, uv50KsHcxNV3zsDsmCDN, 2019-10-05 11:17:27, 2019-10-19 06:19:59
594, jp67RFlfDXdAZlEtCRoD, 2019-10-05 11:17:27, 2019-10-19 06:19:59
595, M1KnZMXmOhZhagRIcofC, 2019-10-05 11:17:27, 2019-10-19 06:19:59
596, eAstDxIJNAMT3KF7gFRe, 2019-10-05 11:17:27, 2019-10-19 06:19:59
597, At3LMb0WxPneCLSMGWtQ, 2019-10-05 11:17:27, 2019-10-19 06:19:59
598, MfN97a4tefa0xbOPdTxs, 2019-10-05 11:17:27, 2019-10-19 06:19:59
599, ON8A5upnklh3Ier2P4VA, 2019-10-05 11:17:27, 2019-10-19 06:19:59
600, deu9wBz2KaMkf4wkeaKE, 2019-10-05 11:17:27, 2019-10-19 06:19:59
601, kI8TJDNbXLxpof9XNCXd, 2019-10-05 11:17:27, 2019-10-19 06:19:59
602, uLmuCBsWoPYD170CZWKv, 2019-10-05 11:17:27, 2019-10-19 06:19:59
603, oBxHLwmytlh6teWQ5hiN, 2019-10-05 11:17:27, 2019-10-19 06:19:59
604, BmCt0hJRHutz6YLw4H9N, 2019-10-05 11:17:27, 2019-10-19 06:19:59
605, S01JJIzyNVdDmfyHHwgh, 2019-10-05 11:17:27, 2019-10-19 06:19:59
606, 2H8KXsZj4LY8BijPZoQh, 2019-10-05 11:17:27, 2019-10-19 06:19:59
607, J9WmUfFe763afNbUyaxk, 2019-10-05 11:17:27, 2019-10-19 06:19:59
608, LG1w02GAb5MZThJjtZen, 2019-10-05 11:17:27, 2019-10-19 06:19:59
609, nxrKJVfCzEb4Fk2JQmTc, 2019-10-05 11:17:27, 2019-10-19 06:19:59
610, fpbz8vl513RGzytX0Js7, 2019-10-05 11:17:27, 2019-10-19 06:19:59
611, 6loDGzAqSvmIqgLgDghB, 2019-10-05 11:17:27, 2019-10-19 06:19:59
612, Y6ChFIWmLwIZbnbiq8Rx, 2019-10-05 11:17:27, 2019-10-19 06:19:59
613, nDAT1zy4DfI4FzFIbhVn, 2019-10-05 11:17:27, 2019-10-19 06:19:59
614, tMfj7bABvT1rBEIRuZSP, 2019-10-05 11:17:27, 2019-10-19 06:19:59
615, Wnuv41Weg5LS4VfnJLx4, 2019-10-05 11:17:27, 2019-10-19 06:19:59
616, hxsm8fRJxk0CSSmxc51M, 2019-10-05 11:17:27, 2019-10-19 06:19:59
617, OTRHh38G9MSin43gJGut, 2019-10-05 11:17:27, 2019-10-19 06:19:59
618, jxEKvfpCLmgW5JPDkCci, 2019-10-05 11:17:27, 2019-10-19 06:19:59
619, kUaOl9R93WKqYJlmFjYV, 2019-10-05 11:17:27, 2019-10-19 06:19:59
620, 93umpY6zKpy8oh7e7NiV, 2019-10-05 11:17:27, 2019-10-19 06:19:59
621, MkxyZzJ5wm0GScRv7967, 2019-10-05 11:17:27, 2019-10-19 06:19:59
622, 5OVVEtR9wLwDjmEgY6jQ, 2019-10-05 11:17:27, 2019-10-19 06:19:59
623, OcfHg1vboGmkGx3ctDZn, 2019-10-05 11:17:27, 2019-10-19 06:19:59
624, Op06I78K0IDctWhVGqRx, 2019-10-05 11:17:27, 2019-10-19 06:19:59
625, z1mBijytaALtu1q6HN4Y, 2019-10-05 11:17:27, 2019-10-19 06:19:59
626, JCsNXihgFII4XJjofmjV, 2019-10-05 11:17:27, 2019-10-19 06:19:59
627, 43o6bxBQxpWCD9IOBlbG, 2019-10-05 11:17:27, 2019-10-19 06:19:59
628, XuB2AGjFXRlr1V74FHmz, 2019-10-05 11:17:27, 2019-10-19 06:19:59
629, 25z5wz3I6ikMhq7EyPik, 2019-10-05 11:17:27, 2019-10-19 06:19:59
630, R13d6bnwTWhcEtipTHMR, 2019-10-05 11:17:27, 2019-10-19 06:19:59
631, fet4gLxTyJBbB60W7Qmu, 2019-10-05 11:17:27, 2019-10-19 06:19:59
632, EAJWgzqTP5jsEREGM04W, 2019-10-05 11:17:27, 2019-10-19 06:19:59
633, XuatgH0uOh4nEqeJrFev, 2019-10-05 11:17:27, 2019-10-19 06:19:59
634, D7xrKTvHG10c1a3s5TZH, 2019-10-05 11:17:27, 2019-10-19 06:19:59
635, MwJ6iCAyPu7qemZz5nXD, 2019-10-05 11:17:27, 2019-10-19 06:19:59
636, 0mzlD8NVnKD6Rgzou3yZ, 2019-10-05 11:17:27, 2019-10-19 06:19:59
637, QRTaAib3tcnr4E8TI7GL, 2019-10-05 11:17:27, 2019-10-19 06:19:59
638, C6Zj5TyTwEfX3RZeCUBN, 2019-10-05 11:17:27, 2019-10-19 06:20:00
639, 443r7lzCThj8PnyjrBJp, 2019-10-05 11:17:27, 2019-10-19 06:20:00
640, dSqs0CghlJCAtCmAdkDZ, 2019-10-05 11:17:27, 2019-10-19 06:20:00
641, 4DxnoYb4X8XRSjm0n8Uy, 2019-10-05 11:17:27, 2019-10-19 06:20:00
642, gtzCwLBA9Up7ntYVPNKd, 2019-10-05 11:17:27, 2019-10-19 06:20:00
643, dRIkAQDOAITUYcC0pTRK, 2019-10-05 11:17:27, 2019-10-19 06:20:00
644, VK1LKqSfOYaz4wfYawy6, 2019-10-05 11:17:27, 2019-10-19 06:20:00
645, 1sXScrKQ3tUSZ8po8jaC, 2019-10-05 11:17:27, 2019-10-19 06:20:00
646, rTY1wSJUyBPX59GRLcQX, 2019-10-05 11:17:27, 2019-10-19 06:20:00
647, U0yqmXCs4NPk9PFd0YKi, 2019-10-05 11:17:27, 2019-10-19 06:20:00
648, PA9s6noYXYQPNERgkYwX, 2019-10-05 11:17:27, 2019-10-19 06:20:00
649, Fe29A2YSCmRIGbIdeQCU, 2019-10-05 11:17:27, 2019-10-19 06:20:00
650, zBNR93fQtc0TrAvKLg8B, 2019-10-05 11:17:27, 2019-10-19 06:20:00
651, f3gLyYQpaYs3m9aJCvN6, 2019-10-05 11:17:27, 2019-10-19 06:20:00
652, zofURLPIch6heUX67ECJ, 2019-10-05 11:17:27, 2019-10-19 06:20:00
653, Qkh0aCXq0b4TSKJxLnhv, 2019-10-05 11:17:27, 2019-10-19 06:20:00
654, wcaZ67rsAiBa8vgTuEzq, 2019-10-05 11:17:27, 2019-10-19 06:20:00
655, scJoZZzHOBtg7RFwBFzG, 2019-10-05 11:17:27, 2019-10-19 06:20:00
656, 2nrtgczC2CuRuK640PvE, 2019-10-05 11:17:27, 2019-10-19 06:20:00
657, rJSuKMJAdowTBhcvfAro, 2019-10-05 11:17:27, 2019-10-19 06:20:00
658, zuVnLnsZbFTQxPNtmUJX, 2019-10-05 11:17:27, 2019-10-19 06:20:00
659, IAlAQyvW9BMy6FRfgayG, 2019-10-05 11:17:27, 2019-10-19 06:20:00
660, dhUbejpmvT0M9AIbvqTY, 2019-10-05 11:17:27, 2019-10-19 06:20:00
661, 0IpkfDSXQwBvMyhVRtPk, 2019-10-05 11:17:27, 2019-10-19 06:20:00
662, bDSrVws0JSEMiUEaIixd, 2019-10-05 11:17:27, 2019-10-19 06:20:00
663, SHNAK4M2p4BNJRM6H9Es, 2019-10-05 11:17:27, 2019-10-19 06:20:00
664, YIYqYATnDKKcX2opIA1t, 2019-10-05 11:17:27, 2019-10-19 06:20:00
665, zgmeUjaN2vB89E2W1sfK, 2019-10-05 11:17:27, 2019-10-19 06:20:00
666, YpfyagIRGU7NPm48U41P, 2019-10-05 11:17:27, 2019-10-19 06:20:00
667, Wr9NQqBIvZO89092SeWB, 2019-10-05 11:17:27, 2019-10-19 06:20:00
668, FWmnlQtVr2AxxijDdEp9, 2019-10-05 11:17:27, 2019-10-19 06:20:00
669, LXhGnVwAvW0gv7i7YcYW, 2019-10-05 11:17:27, 2019-10-19 06:20:00
670, mB7u4CvEQfw3mDUqAjOB, 2019-10-05 11:17:27, 2019-10-19 06:20:00
671, fzgsdM4k7joE1BbqLdG4, 2019-10-05 11:17:27, 2019-10-19 06:20:00
672, aS2F8vJYfoAfzpm1aB4R, 2019-10-05 11:17:27, 2019-10-19 06:20:00
673, q9az5ZXt2GT7nIBLuk8b, 2019-10-05 11:17:27, 2019-10-19 06:20:00
674, V5dLOpDt7fC7LhH5v6p1, 2019-10-05 11:17:27, 2019-10-19 06:20:00
675, jPToCxEijUolfm9mY1IV, 2019-10-05 11:17:27, 2019-10-19 06:20:00
676, 9ocSVrDJymxBCb3neuho, 2019-10-05 11:17:27, 2019-10-19 06:20:00
677, 6VUyRVKOAFEMzdawV5pw, 2019-10-05 11:17:27, 2019-10-19 06:20:00
678, fKFq35PUzrtcrqQBrDNG, 2019-10-05 11:17:27, 2019-10-19 06:20:00
679, dp8xAVLNho4xl1AJK02P, 2019-10-05 11:17:27, 2019-10-19 06:20:00
680, 3oXlH760ZtE3Sr2T96QZ, 2019-10-05 11:17:27, 2019-10-19 06:20:00
681, lHrC02RrWDnytSFchuwT, 2019-10-05 11:17:27, 2019-10-19 06:20:00
682, 1LzLjBLxPGxcWEkuHhLd, 2019-10-05 11:17:27, 2019-10-19 06:20:00
683, l6vNBm5V4JSsH4nACJ3R, 2019-10-05 11:17:27, 2019-10-19 06:20:00
684, E2ONg4xgfyN5GHVSUK1F, 2019-10-05 11:17:27, 2019-10-19 06:20:00
685, ZQciuPkGLvoHUXA1n7px, 2019-10-05 11:17:27, 2019-10-19 06:20:00
686, BdLPItyCgTHG4ZDEho6t, 2019-10-05 11:17:27, 2019-10-19 06:20:00
687, O6Cz2AU6ZokCFTan88Q0, 2019-10-05 11:17:27, 2019-10-19 06:20:00
688, OBfs5vqbS7ePb405FfzW, 2019-10-05 11:17:27, 2019-10-19 06:20:00
689, bt0uUK7KWnWuJtu4V0C9, 2019-10-05 11:17:27, 2019-10-19 06:20:00
690, k72Gm6CCYVXCEOUumOBq, 2019-10-05 11:17:27, 2019-10-19 06:20:00
691, c9ikX2irOD7xElkXKmBZ, 2019-10-05 11:17:27, 2019-10-19 06:20:00
692, vKZ7PSjcrwhbnJEJOE5w, 2019-10-05 11:17:27, 2019-10-19 06:20:00
693, 8GqWirKw2CBMIt0wLIpf, 2019-10-05 11:17:27, 2019-10-19 06:20:00
694, OR3klAmtk2O7sSnMKdYk, 2019-10-05 11:17:27, 2019-10-19 06:20:00
695, NQpXsVlwLhYKSQkOiYUs, 2019-10-05 11:17:27, 2019-10-19 06:20:00
696, HLlpXtzpdZWyMUW8KQKw, 2019-10-05 11:17:27, 2019-10-19 06:20:00
697, 1ElLl1pAdII6n8R6To92, 2019-10-05 11:17:27, 2019-10-19 06:20:00
698, BSYPugFtqbMNWXcSyC2j, 2019-10-05 11:17:27, 2019-10-19 06:20:00
699, u4xM0u64pRPMSVDEKSsn, 2019-10-05 11:17:27, 2019-10-19 06:20:00
700, zqPW0493lH9BvVfwM1ua, 2019-10-05 11:17:27, 2019-10-19 06:20:00
701, Kv1BWAyLMbwDUhoBD4TT, 2019-10-05 11:17:27, 2019-10-19 06:20:00
702, jBfkhKjcvds9MEYDWagg, 2019-10-05 11:17:27, 2019-10-19 06:20:00
703, FOtRVz98O0mw0xLQHs4f, 2019-10-05 11:17:27, 2019-10-19 06:20:00
704, 1LwcliMnDpSKlgeNmERJ, 2019-10-05 11:17:27, 2019-10-19 06:20:00
705, oSqm64WG5OLodzcK9lKk, 2019-10-05 11:17:27, 2019-10-19 06:20:00
706, CjNcTww5iW10PpFqdowX, 2019-10-05 11:17:27, 2019-10-19 06:20:00
707, S50aIsDTbrZOqEsQKYEm, 2019-10-05 11:17:27, 2019-10-19 06:20:00
708, 1zhyg1vHUz14xUuoAH5a, 2019-10-05 11:17:27, 2019-10-19 06:20:00
709, G9RakaJL0AMoiVMBnjIR, 2019-10-05 11:17:27, 2019-10-19 06:20:00
710, RJ6rnoVfRjOFNFUNaZZJ, 2019-10-05 11:17:27, 2019-10-19 06:20:00
711, sYVuI753a0OHQR9xIA55, 2019-10-05 11:17:27, 2019-10-19 06:20:00
712, pIDBL3jLvH9Tq7YsOScL, 2019-10-05 11:17:27, 2019-10-19 06:20:00
713, oLGlCPxwVYpTU4SB9qbl, 2019-10-05 11:17:27, 2019-10-19 06:20:00
714, vHJfyjwFFTl7ekroJ2cc, 2019-10-05 11:17:27, 2019-10-19 06:20:00
715, FXPZLdYevopQ1YsT97kE, 2019-10-05 11:17:27, 2019-10-19 06:20:00
716, I6qbMDjYvqGzkS45yx2D, 2019-10-05 11:17:27, 2019-10-19 06:20:00
717, GUa9m4TYipbIWS3LF7Wt, 2019-10-05 11:17:27, 2019-10-19 06:20:00
718, ZEGyZU1sHaOJzioax3UP, 2019-10-05 11:17:27, 2019-10-19 06:20:00
719, AIgLlyzvRI7erxPR99tA, 2019-10-05 11:17:27, 2019-10-19 06:20:00
720, aCWRXwnbn1a9fosOXAwd, 2019-10-05 11:17:27, 2019-10-19 06:20:00
721, dI3qDD44dIMURRZmiu2C, 2019-10-05 11:17:27, 2019-10-19 06:20:00
722, WFwNZ9DJNPDdh5UEDMOl, 2019-10-05 11:17:27, 2019-10-19 06:20:00
723, VVo8qSxHEzclPjEURpJj, 2019-10-05 11:17:27, 2019-10-19 06:20:00
724, CO1SY6vwJS48sbvyJZKi, 2019-10-05 11:17:27, 2019-10-19 06:20:00
725, 07KuxpNYYBhxtu5ncrz0, 2019-10-05 11:17:27, 2019-10-19 06:20:00
726, taBA7yN1tojHFtzSNgW8, 2019-10-05 11:17:27, 2019-10-19 06:20:00
727, LCkT1OybiBu6LKeOrX4n, 2019-10-05 11:17:27, 2019-10-19 06:20:00
728, GN4Axf5U7r8dhr7anM3s, 2019-10-05 11:17:27, 2019-10-19 06:20:00
729, 5FxdFe4utESHlhniTQTA, 2019-10-05 11:17:27, 2019-10-19 06:20:00
730, jKFJYTit0bJyfRX7aG7d, 2019-10-05 11:17:27, 2019-10-19 06:20:00
731, ZvjgIYBWm4mn7lKoMeCC, 2019-10-05 11:17:27, 2019-10-19 06:20:00
732, rey7m0CUAJdps8RAIcs6, 2019-10-05 11:17:27, 2019-10-19 06:20:00
733, vJYLalwPeWpgk6GXUmf7, 2019-10-05 11:17:27, 2019-10-19 06:20:00
734, lcVAqimeZTdhKE25VA3r, 2019-10-05 11:17:27, 2019-10-19 06:20:00
735, to9ZzUwz9iMiOR6aqkfx, 2019-10-05 11:17:27, 2019-10-19 06:20:00
736, 1lHQXCanG2w9xP4iMZCe, 2019-10-05 11:17:27, 2019-10-19 06:20:00
737, ne2xafLYW6uLpeR841Sq, 2019-10-05 11:17:27, 2019-10-19 06:20:00
738, ypCwFHmbbuhXUlhJ1o5T, 2019-10-05 11:17:27, 2019-10-19 06:20:00
739, 02YGeRrctGPzpB0xO9i2, 2019-10-05 11:17:27, 2019-10-19 06:20:00
740, FLbKbHCZ3x6aZn7ippOP, 2019-10-05 11:17:27, 2019-10-19 06:20:00
741, AQY3LkGOuJneme1VTm6j, 2019-10-05 11:17:27, 2019-10-19 06:20:00
742, rkEzs1GF5N4zAaFSVNwj, 2019-10-05 11:17:27, 2019-10-19 06:20:00
743, 3QJpR9btglBjrkNBAKa0, 2019-10-05 11:17:27, 2019-10-19 06:20:00
744, npoqaYpGgFarPh7GroqI, 2019-10-05 11:17:27, 2019-10-19 06:20:00
745, TlXPgx94PhLJGXvXDcwj, 2019-10-05 11:17:27, 2019-10-19 06:20:01
746, 1jWCbF1EueJP7r3lg1Qw, 2019-10-05 11:17:27, 2019-10-19 06:20:01
747, 1j3Mm98YTyBEShYA4VZF, 2019-10-05 11:17:27, 2019-10-19 06:20:01
748, sNNi2RPinvObD9zXN0yK, 2019-10-05 11:17:27, 2019-10-19 06:20:01
749, KhlVjyWO857gjmpYKUnf, 2019-10-05 11:17:27, 2019-10-19 06:20:01
750, Xms1k41UjBrhDfmYuOlV, 2019-10-05 11:17:27, 2019-10-19 06:20:01
751, noRpgCvtXZdNfsCUbY2A, 2019-10-05 11:17:27, 2019-10-19 06:20:01
752, CWeMEXr3vWHkFV4UOtb4, 2019-10-05 11:17:27, 2019-10-19 06:20:01
753, ZBuwcM0VLOrOB0HVXkW9, 2019-10-05 11:17:27, 2019-10-19 06:20:01
754, 4dOMO5koRoT2t5HWXjfq, 2019-10-05 11:17:27, 2019-10-19 06:20:01
755, X7YjpMEs6rpokEYqWqUa, 2019-10-05 11:17:27, 2019-10-19 06:20:01
756, q0Ye9Bs4hiR2PWa1eRUd, 2019-10-05 11:17:27, 2019-10-19 06:20:01
757, pubagrQGnz3miO2adjVB, 2019-10-05 11:17:27, 2019-10-19 06:20:01
758, VW5jJTJzmgP2K0VBX1oa, 2019-10-05 11:17:27, 2019-10-19 06:20:01
759, vPrC6LN0lnqsOzlhww8T, 2019-10-05 11:17:27, 2019-10-19 06:20:01
760, iNPf1LTJpiWt1XG7Takl, 2019-10-05 11:17:27, 2019-10-19 06:20:01
761, P2SV2iLIqOkyJd2AhSaI, 2019-10-05 11:17:27, 2019-10-19 06:20:01
762, Jlw4E94FSd4ltkHKOLlw, 2019-10-05 11:17:27, 2019-10-19 06:20:01
763, lf8yTjagyCDbMTvRzrsa, 2019-10-05 11:17:27, 2019-10-19 06:20:01
764, Ray1JFww5o66fxxz1gwT, 2019-10-05 11:17:27, 2019-10-19 06:20:01
765, oRhdCIeQ7hDW6uY9Y94Z, 2019-10-05 11:17:27, 2019-10-19 06:20:01
766, fVQKIkNnpyvMPpD9pSgV, 2019-10-05 11:17:27, 2019-10-19 06:20:01
767, tRiKEx8zECJ4WjUJu7ev, 2019-10-05 11:17:27, 2019-10-19 06:20:01
768, Euli2Wl6Whdn3Reb0ht7, 2019-10-05 11:17:27, 2019-10-19 06:20:01
769, HJyWrbjw6gwD0PKPlMgF, 2019-10-05 11:17:27, 2019-10-19 06:20:01
770, 0eUJtaLuxkxqiIRrIJTC, 2019-10-05 11:17:27, 2019-10-19 06:20:01
771, NU7hpwPUAeRfphQVUgoc, 2019-10-05 11:17:27, 2019-10-19 06:20:01
772, TlHXbzZNjMEblK9WcsqS, 2019-10-05 11:17:27, 2019-10-19 06:20:01
773, caABeSil7uuIi5OtBG0u, 2019-10-05 11:17:27, 2019-10-19 06:20:01
774, 4ZOURoHynj3d5h5kG9ut, 2019-10-05 11:17:27, 2019-10-19 06:20:01
775, BiTm24em8DuB2Sq6Oupc, 2019-10-05 11:17:27, 2019-10-19 06:20:01
776, ezh0JcTbIPQUwWdW6M8H, 2019-10-05 11:17:27, 2019-10-19 06:20:01
777, W6wWWLEh176MfKqQHdwm, 2019-10-05 11:17:27, 2019-10-19 06:20:01
778, oUCYSoG5DgaQt5XEHxBy, 2019-10-05 11:17:27, 2019-10-19 06:20:01
779, pM4IQoDzs4Zjc5lYTvbN, 2019-10-05 11:17:27, 2019-10-19 06:20:01
780, 1BPAqdz1SwbP5UBnLQLx, 2019-10-05 11:17:27, 2019-10-19 06:20:01
781, Tou5asLOj4rYb9kbFfEe, 2019-10-05 11:17:27, 2019-10-19 06:20:01
782, wIpRTQjGwy9IJnCMjgXE, 2019-10-05 11:17:27, 2019-10-19 06:20:01
783, VplsLTgoMJaxXvOrXuOs, 2019-10-05 11:17:27, 2019-10-19 06:20:01
784, ZIMK7H6dpG4jmBblTQpH, 2019-10-05 11:17:27, 2019-10-19 06:20:01
785, xSJrLW8swlFyABuybryj, 2019-10-05 11:17:27, 2019-10-19 06:20:01
786, HcFGNbPlaREk3qV9B7dc, 2019-10-05 11:17:27, 2019-10-19 06:20:01
787, RhWUsDM1YwMnw4zkL5Kg, 2019-10-05 11:17:27, 2019-10-19 06:20:01
788, clFzinKW1Diq7DvcMo0y, 2019-10-05 11:17:27, 2019-10-19 06:20:01
789, Ho2anYkTMc6I52hecaTD, 2019-10-05 11:17:27, 2019-10-19 06:20:01
790, R7cigpcO0WNb3hIDBjAn, 2019-10-05 11:17:27, 2019-10-19 06:20:01
791, xiSBzEnBll4jz5zVIe1U, 2019-10-05 11:17:27, 2019-10-19 06:20:01
792, 0YqBtY3NuEN5MWS12u85, 2019-10-05 11:17:27, 2019-10-19 06:20:01
793, QZ7EG4zpNwdcJ4TyeNXH, 2019-10-05 11:17:27, 2019-10-19 06:20:01
794, 4D7f5BZfWUQF5mj6EO4j, 2019-10-05 11:17:27, 2019-10-19 06:20:01
795, mqONYVRe8lVyIHn1JpcY, 2019-10-05 11:17:27, 2019-10-19 06:20:01
796, DSSfWsgGS0niSETP0wjS, 2019-10-05 11:17:27, 2019-10-19 06:20:01
797, bAYFXPCBU9hWl2sC8FOQ, 2019-10-05 11:17:27, 2019-10-19 06:20:01
798, zNAkd3ZdhgnB3rzeysGu, 2019-10-05 11:17:27, 2019-10-19 06:20:01
799, rig4nTmuAB8CXUScy4eO, 2019-10-05 11:17:27, 2019-10-19 06:20:01
800, MI2p7OQQL9SRhJSCyPxk, 2019-10-05 11:17:27, 2019-10-19 06:20:01
801, rIGrm9MywjrBbgJEfuBw, 2019-10-05 11:17:27, 2019-10-19 06:20:01
802, 5KvPdM93LsL0HqB5L8dm, 2019-10-05 11:17:27, 2019-10-19 06:20:01
803, vyPHOE5mHx5IAyPiLtT9, 2019-10-05 11:17:27, 2019-10-19 06:20:01
804, UtqFZFkFtB7qUjA6rgWP, 2019-10-05 11:17:27, 2019-10-19 06:20:01
805, f2g2GPMmDiGndWEYKxU1, 2019-10-05 11:17:27, 2019-10-19 06:20:01
806, zrA8YM7eVxDPVmgjYVDF, 2019-10-05 11:17:27, 2019-10-19 06:20:01
807, okCPv0Br1jhlaIqrUFg5, 2019-10-05 11:17:27, 2019-10-19 06:20:01
808, n5hO72jV2GBRnBSU8Q2Q, 2019-10-05 11:17:27, 2019-10-19 06:20:01
809, ko0t7z92pS5AaW3M6wpb, 2019-10-05 11:17:27, 2019-10-19 06:20:01
810, tP8RENAFEqOzrUCK3mcV, 2019-10-05 11:17:27, 2019-10-19 06:20:01
811, hZsCT7Zf3X2pUSNvByBZ, 2019-10-05 11:17:27, 2019-10-19 06:20:01
812, X1oSKMjsiyehh5biRnXB, 2019-10-05 11:17:27, 2019-10-19 06:20:01
813, ETogJZJ5GNBpvtoyGsoW, 2019-10-05 11:17:27, 2019-10-19 06:20:02
814, FTw4yzTewRlBMWDrMmhM, 2019-10-05 11:17:27, 2019-10-19 06:20:02
815, IqhVeZ69ik20UnSOtxYu, 2019-10-05 11:17:27, 2019-10-19 06:20:02
816, mqlDU4IUJgQNQBXmcdKh, 2019-10-05 11:17:27, 2019-10-19 06:20:02
817, JJcj5yIm24INOjx69HeT, 2019-10-05 11:17:27, 2019-10-19 06:20:02
818, z5ldQRKPmLZ0cy1pXsAc, 2019-10-05 11:17:27, 2019-10-19 06:20:02
819, q8Yc9nZ28HPLMlgzhiRn, 2019-10-05 11:17:27, 2019-10-19 06:20:02
820, dplvhBPgKt6h9tH3WcKN, 2019-10-05 11:17:27, 2019-10-19 06:20:02
821, wYa2sq4OcagqXkTO0G1y, 2019-10-05 11:17:27, 2019-10-19 06:20:02
822, EvR8Ayr55b2M6KLhBIxp, 2019-10-05 11:17:27, 2019-10-19 06:20:02
823, w2fUkazZL7G39nw7jzwU, 2019-10-05 11:17:27, 2019-10-19 06:20:02
824, QGTNkP3a2u49mbzKDgI6, 2019-10-05 11:17:27, 2019-10-19 06:20:02
825, eYxMPnh8rnaptmYMuhaZ, 2019-10-05 11:17:27, 2019-10-19 06:20:02
826, LC51aX6Rqxoc64QKpG1Z, 2019-10-05 11:17:27, 2019-10-19 06:20:02
827, qrz81POuRKHuDoS4jukF, 2019-10-05 11:17:27, 2019-10-19 06:20:02
828, 2uQVzIdPUghrN79GhMab, 2019-10-05 11:17:27, 2019-10-19 06:20:02
829, JeAvCbo4NFpyj4aZ2xPv, 2019-10-05 11:17:27, 2019-10-19 06:20:02
830, P3N6lcaomzK8M6vop4xX, 2019-10-05 11:17:27, 2019-10-19 06:20:02
831, gx4PmgY1SCO7pey9rTps, 2019-10-05 11:17:27, 2019-10-19 06:20:02
832, Chi4x5wS3n3TwKJsKWww, 2019-10-05 11:17:27, 2019-10-19 06:20:02
833, YuNgSzYY2A7KvVzLdyEt, 2019-10-05 11:17:27, 2019-10-19 06:20:02
834, 6EXByCPo91MSCwSosM7D, 2019-10-05 11:17:27, 2019-10-19 06:20:02
835, 9NonioQStt2sYmQTMUfA, 2019-10-05 11:17:27, 2019-10-19 06:20:02
836, NIkWZh7i8uVKmCNeoqA5, 2019-10-05 11:17:27, 2019-10-19 06:20:02
837, UrjuAqeu6l2V9aupQskz, 2019-10-05 11:17:27, 2019-10-19 06:20:02
838, 1c8S2qaGc3zKmZbp2LBe, 2019-10-05 11:17:27, 2019-10-19 06:20:02
839, n1BiFjivth2lkjNgwsq3, 2019-10-05 11:17:27, 2019-10-19 06:20:02
840, aks9OyUbXAOnkVdWNKYE, 2019-10-05 11:17:27, 2019-10-19 06:20:02
841, w1NjBNn73OGwq4hgoh7j, 2019-10-05 11:17:27, 2019-10-19 06:20:02
842, 9gqCkKLkKPB1tM5tejgc, 2019-10-05 11:17:27, 2019-10-19 06:20:02
843, 7jFmrfjyWOih77jTKw88, 2019-10-05 11:17:27, 2019-10-19 06:20:02
844, 5faVHa5QKlKI3rMfsJZH, 2019-10-05 11:17:27, 2019-10-19 06:20:02
845, Bcbkp9JL4k0cPYR3B88h, 2019-10-05 11:17:27, 2019-10-19 06:20:02
846, y2zrHrn3VgUqDflUJ8Zk, 2019-10-05 11:17:27, 2019-10-19 06:20:02
847, sB2hI44P1lGO0ZmH3sCl, 2019-10-05 11:17:27, 2019-10-19 06:20:02
848, LOfFM301PhtnFcw39G6b, 2019-10-05 11:17:27, 2019-10-19 06:20:02
849, SVNhpP2Jdbg7FL8W7aCj, 2019-10-05 11:17:27, 2019-10-19 06:20:02
850, RBbxdUiBJxfmC0iJGpUU, 2019-10-05 11:17:27, 2019-10-19 06:20:02
851, LZtTRrwHsxjIQwGsKdnU, 2019-10-05 11:17:27, 2019-10-19 06:20:02
852, l2KER3BylsaFOSeMTcuw, 2019-10-05 11:17:27, 2019-10-19 06:20:02
853, OoCZJyclSdrrNzDWL7E8, 2019-10-05 11:17:27, 2019-10-19 06:20:02
854, I3yjbznEMzhFPbvxcCrR, 2019-10-05 11:17:27, 2019-10-19 06:20:02
855, gGjgiFjEl5UJNI6iWPxL, 2019-10-05 11:17:27, 2019-10-19 06:20:02
856, ERP4if1Lo4YDw2d6jte5, 2019-10-05 11:17:27, 2019-10-19 06:20:02
857, DDFTOOfxAxrKvtazBmBx, 2019-10-05 11:17:27, 2019-10-19 06:20:02
858, L6wT4uOCpZ3Hwn59VSnT, 2019-10-05 11:17:27, 2019-10-19 06:20:02
859, fY8c7fshKqiX02NBUKvh, 2019-10-05 11:17:27, 2019-10-19 06:20:02
860, vwGbt34zRtnGfit8qZ5S, 2019-10-05 11:17:27, 2019-10-19 06:20:02
861, TgHCvWDp43RuvUjzoOPX, 2019-10-05 11:17:27, 2019-10-19 06:20:02
862, h7ybDk858Nl79OvJoxPZ, 2019-10-05 11:17:27, 2019-10-19 06:20:02
863, 6TncBGeVAtAj41WNtkRv, 2019-10-05 11:17:27, 2019-10-19 06:20:02
864, MyKVyXNomj03ZvJ0h7Fd, 2019-10-05 11:17:27, 2019-10-19 06:20:02
865, 63XfrctZdHSFci8yjEXO, 2019-10-05 11:17:27, 2019-10-19 06:20:02
866, HvZrrpH4kZH5ieP382nv, 2019-10-05 11:17:27, 2019-10-19 06:20:02
867, JX3CoLhW8ILSTrqm6zKW, 2019-10-05 11:17:27, 2019-10-19 06:20:02
868, lrMrkCGjCzQ0nZ2yAYj6, 2019-10-05 11:17:27, 2019-10-19 06:20:02
869, Tdr6SuJFtmncfn70XnEN, 2019-10-05 11:17:27, 2019-10-19 06:20:02
870, mjvzhczMd7axwJRRlaxg, 2019-10-05 11:17:27, 2019-10-19 06:20:02
871, BvsKUxTgeUv2K0hEAHKq, 2019-10-05 11:17:27, 2019-10-19 06:20:02
872, okxM6XPpfK7oso6uQSM9, 2019-10-05 11:17:27, 2019-10-19 06:20:02
873, CTzkeyeZFlJUmtUfEF2M, 2019-10-05 11:17:27, 2019-10-19 06:20:02
874, pXmlHYDgpsDK44b4ziML, 2019-10-05 11:17:27, 2019-10-19 06:20:02
875, r9SnILXgFEgzTTxH9qAj, 2019-10-05 11:17:27, 2019-10-19 06:20:02
876, 7Wjfs2aC1clv5i9yzDkz, 2019-10-05 11:17:27, 2019-10-19 06:20:02
877, nUR0PtYdJqg896XJ9Q9n, 2019-10-05 11:17:27, 2019-10-19 06:20:02
878, dIGUbKIYwwpkINOMyoUi, 2019-10-05 11:17:27, 2019-10-19 06:20:02
879, oSsfgWkKf4dlYXWvtbwU, 2019-10-05 11:17:27, 2019-10-19 06:20:02
880, nMuMgAhRwBUZRLsYYuRW, 2019-10-05 11:17:27, 2019-10-19 06:20:02
881, B6Rn8oOoX8Rw5s3X2VqU, 2019-10-05 11:17:27, 2019-10-19 06:20:02
882, Oc7zdPfmeUxB9gsgsMLj, 2019-10-05 11:17:27, 2019-10-19 06:20:02
883, Jqd9DHeJDFyS1pgIofUl, 2019-10-05 11:17:27, 2019-10-19 06:20:02
884, ZLeitNVfcdmBc2yLEcPe, 2019-10-05 11:17:27, 2019-10-19 06:20:02
885, H2lTZ9HFqrr0YEjhmoOl, 2019-10-05 11:17:27, 2019-10-19 06:20:02
886, QZADJP8sYN9MKthW6kYi, 2019-10-05 11:17:27, 2019-10-19 06:20:02
887, KQC07fDtDtgqzfZKf2jn, 2019-10-05 11:17:27, 2019-10-19 06:20:02
888, bsi3Sbl5Gnhdzq8nMFwR, 2019-10-05 11:17:27, 2019-10-19 06:20:02
889, ylPoiPSu35MLZ6ee2bDi, 2019-10-05 11:17:27, 2019-10-19 06:20:02
890, RInDX1AfPYEVcYjIhno0, 2019-10-05 11:17:27, 2019-10-19 06:20:02
891, FJxlvFl7gn9t1pv37MUj, 2019-10-05 11:17:27, 2019-10-19 06:20:02
892, cqFGFKNQswYwndZiybG4, 2019-10-05 11:17:27, 2019-10-19 06:20:02
893, 6Nl5yATZsDBukF0ZXEGo, 2019-10-05 11:17:27, 2019-10-19 06:20:02
894, LSvkkA1soTo4bth9oerS, 2019-10-05 11:17:27, 2019-10-19 06:20:02
895, c0v5Rhmrporby4R6FVoG, 2019-10-05 11:17:27, 2019-10-19 06:20:02
896, HbsrAJR0G7rm8yIzbpFJ, 2019-10-05 11:17:27, 2019-10-19 06:20:02
897, FN8tV01FwFOpuC1aORwH, 2019-10-05 11:17:27, 2019-10-19 06:20:03
898, 8i2gYr2nPAaFHnq9e9xW, 2019-10-05 11:17:27, 2019-10-19 06:20:03
899, GRwY7zDGfnSUe1UCiZUJ, 2019-10-05 11:17:27, 2019-10-19 06:20:03
900, wPtgCbIWfFoTsXHKpr3c, 2019-10-05 11:17:27, 2019-10-19 06:20:03
901, tNX8YvmuJekFSiidwDbZ, 2019-10-05 11:17:27, 2019-10-19 06:20:03
902, FU8VSdNjNMOfuk7dzo7s, 2019-10-05 11:17:27, 2019-10-19 06:20:03
903, dc00imD3NAIZBZZFlWm6, 2019-10-05 11:17:27, 2019-10-19 06:20:03
904, Lc8TohfiAgzBP3yfhqks, 2019-10-05 11:17:27, 2019-10-19 06:20:03
905, bzEgU8SZK3TgDR4JU8NZ, 2019-10-05 11:17:27, 2019-10-19 06:20:03
906, pnewOy7rblNpMRqAuqlP, 2019-10-05 11:17:27, 2019-10-19 06:20:03
907, IilqFXVxOK9GYwQUaoPZ, 2019-10-05 11:17:27, 2019-10-19 06:20:03
908, kBeJ9wZ4wnwId4RLgLO2, 2019-10-05 11:17:27, 2019-10-19 06:20:03
909, vL37v13vpiPS0SYI6sJf, 2019-10-05 11:17:27, 2019-10-19 06:20:03
910, xyVgVatymyVb5aZjYoKF, 2019-10-05 11:17:27, 2019-10-19 06:20:03
911, drEBmNCJd9jJ64ZEZYft, 2019-10-05 11:17:27, 2019-10-19 06:20:03
912, IValAWTiK40I4lCDLyNq, 2019-10-05 11:17:27, 2019-10-19 06:20:03
913, FDITB6x4aa1gurANHqV7, 2019-10-05 11:17:27, 2019-10-19 06:20:03
914, TrBtxzyKXuYkQzuybxra, 2019-10-05 11:17:27, 2019-10-19 06:20:03
915, BL29bElc5w1EsJ2SwcLe, 2019-10-05 11:17:27, 2019-10-19 06:20:03
916, 8Rdw5xdRMMd43bsKo7EU, 2019-10-05 11:17:27, 2019-10-19 06:20:03
917, hqm3u5Mtxfx3ViihDbnc, 2019-10-05 11:17:27, 2019-10-19 06:20:03
918, 4cn7gqpVTZoPYlfGp8oC, 2019-10-05 11:17:27, 2019-10-19 06:20:03
919, N0CxuZIf0L23zF8W0Ef6, 2019-10-05 11:17:27, 2019-10-19 06:20:03
920, xzWqyZEiy2CC1D50Xoez, 2019-10-05 11:17:27, 2019-10-19 06:20:03
921, M9w4JxxUjAEiKIVuixQM, 2019-10-05 11:17:27, 2019-10-19 06:20:03
922, ongmnvV14C4FeSRQSW3s, 2019-10-05 11:17:27, 2019-10-19 06:20:03
923, Arxy4NrQQrQv6r0Ypqbw, 2019-10-05 11:17:27, 2019-10-19 06:20:03
924, k4dMQcwqOZKCdkzNTcmc, 2019-10-05 11:17:27, 2019-10-19 06:20:03
925, lKDNGTDOulf1Masa5q4j, 2019-10-05 11:17:27, 2019-10-19 06:20:03
926, kYq35P9i7IQgV901BqHd, 2019-10-05 11:17:27, 2019-10-19 06:20:03
927, Ba087nnPtXV2wiuYPtca, 2019-10-05 11:17:27, 2019-10-19 06:20:03
928, rov4mdgVHBk5jsxLamhu, 2019-10-05 11:17:27, 2019-10-19 06:20:03
929, p7MavLNALUB2BYLCLBeG, 2019-10-05 11:17:27, 2019-10-19 06:20:03
930, ejgmVhjcUsD7FqUGtLsN, 2019-10-05 11:17:27, 2019-10-19 06:20:03
931, DFudaYYwy5PNomrgHhRT, 2019-10-05 11:17:27, 2019-10-19 06:20:03
932, BFR1sfF2RzMLULdZMVOV, 2019-10-05 11:17:27, 2019-10-19 06:20:03
933, LRgmNSzdmmwCrQnILmYa, 2019-10-05 11:17:27, 2019-10-19 06:20:03
934, gfyFbLKeuGKGDvRyroYZ, 2019-10-05 11:17:27, 2019-10-19 06:20:03
935, uOF8orurz7OOmPbkqvVL, 2019-10-05 11:17:27, 2019-10-19 06:20:03
936, 8pkN78Fz3ZKHmn0hPTGp, 2019-10-05 11:17:27, 2019-10-19 06:20:03
937, YdSKerOmnpF4Uf2MukFb, 2019-10-05 11:17:27, 2019-10-19 06:20:03
938, 6UA9TVhxuVv3726K2aJE, 2019-10-05 11:17:27, 2019-10-19 06:20:03
939, ZSZkIsY09ZLdflrVpPoH, 2019-10-05 11:17:27, 2019-10-19 06:20:03
940, cfcRkYiBgxZdDOwpyqsk, 2019-10-05 11:17:27, 2019-10-19 06:20:03
941, zHYeMGdwpi5g3jjtkADx, 2019-10-05 11:17:27, 2019-10-19 06:20:03
942, bHFslsEhoCeWFRYfbkx0, 2019-10-05 11:17:27, 2019-10-19 06:20:03
943, oicpKPjN2jKGDPN9DZY5, 2019-10-05 11:17:27, 2019-10-19 06:20:03
944, m0Ykjt8r5JQ6PsuBaekE, 2019-10-05 11:17:27, 2019-10-19 06:20:03
945, 9IrzXt9WEVyXh6e2uo59, 2019-10-05 11:17:27, 2019-10-19 06:20:03
946, YlSoxcMwldTY78QQ4Hoi, 2019-10-05 11:17:27, 2019-10-19 06:20:03
947, oPUG5Gt9qythKUKKjwoj, 2019-10-05 11:17:27, 2019-10-19 06:20:03
948, oCtoBB6tCOnHzD4bemqo, 2019-10-05 11:17:27, 2019-10-19 06:20:03
949, pAEtfdDXcjsfKnfTZKru, 2019-10-05 11:17:27, 2019-10-19 06:20:03
950, QSMoLnXuzN7BWinJRXkT, 2019-10-05 11:17:27, 2019-10-19 06:20:03
951, 8vShRWkTEcP9H1O5muPx, 2019-10-05 11:17:27, 2019-10-19 06:20:03
952, 8ZSk1PKC575XxpZ4lkIk, 2019-10-05 11:17:27, 2019-10-19 06:20:03
953, OyKf6v3hz2RMRuX81rXb, 2019-10-05 11:17:27, 2019-10-19 06:20:03
954, GEHMvIBdjy5RlJEXcDTi, 2019-10-05 11:17:27, 2019-10-19 06:20:03
955, z4UAeSi93fuAW1CeMbJS, 2019-10-05 11:17:27, 2019-10-19 06:20:03
956, fDYI9ZWfYU9n20IQzuw1, 2019-10-05 11:17:27, 2019-10-19 06:20:03
957, o46yEVwZnrPPU0bwPmny, 2019-10-05 11:17:27, 2019-10-19 06:20:03
958, 32t6FLKCHyLUz8xihzbY, 2019-10-05 11:17:27, 2019-10-19 06:20:03
959, dfFXi3F3aBnO6VifFG2L, 2019-10-05 11:17:27, 2019-10-19 06:20:03
960, 0KB6S6Gc0k8ynVs4gHt8, 2019-10-05 11:17:27, 2019-10-19 06:20:03
961, kGz4jYlYJRTFrs0KoaVB, 2019-10-05 11:17:27, 2019-10-19 06:20:03
962, LKmKCn3oWOq6i3t7MUW0, 2019-10-05 11:17:27, 2019-10-19 06:20:04
963, qJV9LEnSQ8DUJmygAW6M, 2019-10-05 11:17:27, 2019-10-19 06:20:04
964, j1DH7uerkGbPDUEKd7eE, 2019-10-05 11:17:27, 2019-10-19 06:20:04
965, S24H0o763tL1PuRRAEaW, 2019-10-05 11:17:27, 2019-10-19 06:20:04
966, 07DRuNlupVgyVxLuLuIG, 2019-10-05 11:17:27, 2019-10-19 06:20:04
967, 5B2FyRHMUOBC8CHk3bKN, 2019-10-05 11:17:27, 2019-10-19 06:20:04
968, p3mqPXJjm1ZAggdyhEdH, 2019-10-05 11:17:27, 2019-10-19 06:20:04
969, e79aoRAL275beznwSzmC, 2019-10-05 11:17:27, 2019-10-19 06:20:04
970, ei9cCnrvWG6nsptYh4G9, 2019-10-05 11:17:27, 2019-10-19 06:20:04
971, JY6ffULXFCkBvLWnZ56a, 2019-10-05 11:17:27, 2019-10-19 06:20:04
972, ykXdNrKJncNP5GLKaaZJ, 2019-10-05 11:17:27, 2019-10-19 06:20:04
973, dkPgDCLtohyRTXpin0lz, 2019-10-05 11:17:27, 2019-10-19 06:20:04
974, rYI5ypGIcpbFIcvtQ2Pf, 2019-10-05 11:17:27, 2019-10-19 06:20:04
975, Uq4obqCBHkErGNUvgS6a, 2019-10-05 11:17:27, 2019-10-19 06:20:04
976, mjGShnQeZ20ow09eq37X, 2019-10-05 11:17:27, 2019-10-19 06:20:04
977, KWuQoqCpwiS8w9toSHkf, 2019-10-05 11:17:27, 2019-10-19 06:20:04
978, yJTOf1tAn0YlzOHs1M7n, 2019-10-05 11:17:27, 2019-10-19 06:20:04
979, tdtnaAHRme5HwdjbItwF, 2019-10-05 11:17:27, 2019-10-19 06:20:04
980, XUkm7gQvYJJDkKPoswOL, 2019-10-05 11:17:27, 2019-10-19 06:20:04
981, jQ2rECyd2Z75bq5RKJzG, 2019-10-05 11:17:27, 2019-10-19 06:20:04
982, zJ2dsq3xEXxtqj4sKIsM, 2019-10-05 11:17:27, 2019-10-19 06:20:04
983, vsaYuiO7JTic6bGNoSN2, 2019-10-05 11:17:27, 2019-10-19 06:20:04
984, OITRS8n2AUWqgjL8DWyb, 2019-10-05 11:17:27, 2019-10-19 06:20:04
985, 6Midbvz1IlQPl8HuFMBX, 2019-10-05 11:17:27, 2019-10-19 06:20:04
986, TeZ55vB7xeP38EJSXq6W, 2019-10-05 11:17:27, 2019-10-19 06:20:04
987, oLWPO6pkToHPBmfWRwZj, 2019-10-05 11:17:27, 2019-10-19 06:20:04
988, GuZqbAKucYkT0wHtcSb5, 2019-10-05 11:17:27, 2019-10-19 06:20:05
989, N6tN8JzsyeAc9ymrbq9H, 2019-10-05 11:17:27, 2019-10-19 06:20:05
990, ybAcTlO4drvS96UU3ISz, 2019-10-05 11:17:27, 2019-10-19 06:20:05
991, 0cnYVKIjGnB3Z94JlA0O, 2019-10-05 11:17:27, 2019-10-19 06:20:05
992, bzl5JKlOdsspVu6YsT5s, 2019-10-05 11:17:27, 2019-10-19 06:20:05
993, VjYkqYj1Vzkop1awpk7B, 2019-10-05 11:17:27, 2019-10-19 06:20:05
994, VFbKtuKZwO41ILhTQAek, 2019-10-05 11:17:27, 2019-10-19 06:20:05
995, vJHw3tS3g16SHXdxnfrr, 2019-10-05 11:17:27, 2019-10-19 06:20:05
996, YTOTgGskAXXx0v0xrIK9, 2019-10-05 11:17:27, 2019-10-19 06:20:05
997, d1aKgim5u8SfnzzAi35J, 2019-10-05 11:17:27, 2019-10-19 06:20:05
998, MyiYJwdmwcphu0fiV1E8, 2019-10-05 11:17:27, 2019-10-19 06:20:05
999, 2ry342HDYwmNuHROEvQ5, 2019-10-05 11:17:27, 2019-10-19 06:20:05
1000, BxKhDwzZ4sNLmpfFyPnZ, 2019-10-05 11:17:27, 2019-10-19 06:20:05
1001, Vaw3joIKvud7p7SnrJ7U, 2019-10-05 11:17:27, 2019-10-19 06:20:05
1002, ynj85NXm2uQa5eqyup8W, 2019-10-05 11:17:27, 2019-10-19 06:20:05
1003, AniGrFTW3IuwsKCYmyEZ, 2019-10-05 11:17:27, 2019-10-19 06:20:05
1004, Jj3lbFxqXJ1VbnGEYZGf, 2019-10-05 11:17:27, 2019-10-19 06:20:05
1005, GJzuqglYiIkO0OmUzrq3, 2019-10-05 11:17:27, 2019-10-19 06:20:05
1006, Q6xIdLyj57Q0keK3zCF5, 2019-10-05 11:17:27, 2019-10-19 06:20:05
1007, eZi2jrTwGEJWzaYKCNRe, 2019-10-05 11:17:27, 2019-10-19 06:20:05
1008, 2t0nqrSIWZrG48fevdxm, 2019-10-05 11:17:27, 2019-10-19 06:20:05
1009, XLk242ydh5BXSpWZwoJ3, 2019-10-05 11:17:27, 2019-10-19 06:20:05
1010, VVSaISL0yyLL9zGDiTW9, 2019-10-05 11:17:27, 2019-10-19 06:20:05
1011, SlALFY54To6sJCTUJGkH, 2019-10-05 11:17:27, 2019-10-19 06:20:05
1012, OFgm0W64y0Y2NZ1Ja6V9, 2019-10-05 11:17:27, 2019-10-19 06:20:05
1013, DaOnS0iFWUxByvaXWT8j, 2019-10-05 11:17:27, 2019-10-19 06:20:05
1014, 8mtMIPsbEjV6OeOg9owP, 2019-10-05 11:17:27, 2019-10-19 06:20:05
1015, CQ7EluRBYWhsnfkY4yec, 2019-10-05 11:17:27, 2019-10-19 06:20:06
1016, 9DR1XzniJIdkCA3TbiY2, 2019-10-05 11:17:27, 2019-10-19 06:20:06
1017, NWSsfqKbSBP2PS6qoEmn, 2019-10-05 11:17:27, 2019-10-19 06:20:06
1018, gMYwRVjyb2EQvmEM07As, 2019-10-05 11:17:27, 2019-10-19 06:20:06
1019, QYwdy0naJ8vh8LG9PHnU, 2019-10-05 11:17:27, 2019-10-19 06:20:06
1020, Iby4BBnbx7lofckrW4US, 2019-10-05 11:17:27, 2019-10-19 06:20:06
1021, MI2mFBOHGeQbSHdvtcAy, 2019-10-05 11:17:27, 2019-10-19 06:20:06
1022, ykXYYcY0UVe3OLyZ3eON, 2019-10-05 11:17:27, 2019-10-19 06:20:06
1023, Oi1hOyFw6AH8vTiSszsL, 2019-10-05 11:17:27, 2019-10-19 06:20:06
1024, o3b9ezMHHFYptVM9jrYT, 2019-10-05 11:17:27, 2019-10-19 06:20:06
1025, g16Je4lMa1ZG5kjqkUyb, 2019-10-05 11:17:27, 2019-10-19 06:20:06
1026, t7hbSl6haECFB5CElryn, 2019-10-05 11:17:27, 2019-10-19 06:20:06
1027, Y4pmnoRaILxfjB8QC5Wu, 2019-10-05 11:17:27, 2019-10-19 06:20:06
1028, bt9A7U3koEh3u9R8C2dT, 2019-10-05 11:17:27, 2019-10-19 06:20:06
1029, jPnnuGfusbyOP6f9jpCZ, 2019-10-05 11:17:27, 2019-10-19 06:20:06
1030, SZDiKda1CnD9rBZjiivT, 2019-10-05 11:17:27, 2019-10-19 06:20:06
1031, 8CmC8IIICkITJgpMwU77, 2019-10-05 11:17:27, 2019-10-19 06:20:06
1032, 7pykF9pptLkr1Tj7ue5p, 2019-10-05 11:17:27, 2019-10-19 06:20:06
1033, wkRcqqwJUtcJ5n2qzLF0, 2019-10-05 11:17:27, 2019-10-19 06:20:06
1034, ZYZDAC2Z9O17zCQtsR4B, 2019-10-05 11:17:27, 2019-10-19 06:20:06
1035, US4MgVImk9weCSUdRx86, 2019-10-05 11:17:27, 2019-10-19 06:20:06
1036, ZLSy6UcqEJZe2eSEbLGP, 2019-10-05 11:17:27, 2019-10-19 06:20:06
1037, m3ogxP6C63hi8uTpfi4E, 2019-10-05 11:17:27, 2019-10-19 06:20:06
1038, dgQpcXtypBdyvqpBqrhW, 2019-10-05 11:17:27, 2019-10-19 06:20:06
1039, dFh1z06lGyJmE7EcF59n, 2019-10-05 11:17:27, 2019-10-19 06:20:06
1040, vapmKuN9JlryQE55lV8g, 2019-10-05 11:17:27, 2019-10-19 06:20:06
1041, Rzt52CbeNLFnoFezEovX, 2019-10-05 11:17:27, 2019-10-19 06:20:06
1042, L5nCuIMkr5qu3f3KOQSq, 2019-10-05 11:17:27, 2019-10-19 06:20:06
1043, QLppLCqBe3LUIvnNEqLE, 2019-10-05 11:17:27, 2019-10-19 06:20:06
1044, 8bpdx08vyHdMKXJMGcYx, 2019-10-05 11:17:27, 2019-10-19 06:20:06
1045, 41epeqYUufpepOFUsOiN, 2019-10-05 11:17:27, 2019-10-19 06:20:06
1046, DFF5GUHMrw3UDX4dYjSH, 2019-10-05 11:17:27, 2019-10-19 06:20:06
1047, pQl9Ut34MZ5MFPE8aGx7, 2019-10-05 11:17:27, 2019-10-19 06:20:06
1048, QGS4k2tTGsVCHgkB6bbM, 2019-10-05 11:17:27, 2019-10-19 06:20:06
1049, 6xfNWxY60ohPjMeZEf1y, 2019-10-05 11:17:27, 2019-10-19 06:20:06
1050, EsZfWbmsMH6bJFpDxJ0d, 2019-10-05 11:17:27, 2019-10-19 06:20:06
1051, P2gZQEZWljj8Y2sGUJuh, 2019-10-05 11:17:27, 2019-10-19 06:20:06
1052, yDC6EfTV551RJ86Dbaqu, 2019-10-05 11:17:27, 2019-10-19 06:20:06
1053, PGQBoxwAJHafXas1nTFr, 2019-10-05 11:17:27, 2019-10-19 06:20:06
1054, aAymnWLO1XzxPymP2ZtF, 2019-10-05 11:17:27, 2019-10-19 06:20:06
1055, glPTyXq2w1AqJRqaF2an, 2019-10-05 11:17:27, 2019-10-19 06:20:06
1056, CdUCsqOCZbo10dlcMrCS, 2019-10-05 11:17:27, 2019-10-19 06:20:06
1057, fcfqaLNhXgWucVis3FLb, 2019-10-05 11:17:27, 2019-10-19 06:20:06
1058, 13l1tmLZwi3K8BcvJ7CI, 2019-10-05 11:17:27, 2019-10-19 06:20:06
1059, IEE9I7DEAVcRWs8hzdfw, 2019-10-05 11:17:27, 2019-10-19 06:20:06
1060, kuaMDmqxFUSVxuZZ1Qy4, 2019-10-05 11:17:27, 2019-10-19 06:20:06
1061, C0ghRZw9ziQvZXzpuhGs, 2019-10-05 11:17:27, 2019-10-19 06:20:06
1062, pXX7MzaPAUd3fW4Uuq3F, 2019-10-05 11:17:27, 2019-10-19 06:20:06
1063, rzQjGI6e06NHJAR5ZC6A, 2019-10-05 11:17:27, 2019-10-19 06:20:06
1064, baOssuPd3NFdchyL39uQ, 2019-10-05 11:17:27, 2019-10-19 06:20:06
1065, mfFssWFnKuGo14UQUTX6, 2019-10-05 11:17:27, 2019-10-19 06:20:06
1066, 1R8r4eIRP4JXjnzIp51r, 2019-10-05 11:17:27, 2019-10-19 06:20:06
1067, oe0Pk6UocwJEiWRL8Vyr, 2019-10-05 11:17:27, 2019-10-19 06:20:06
1068, CnzM2RifbzNSUlwAjUAS, 2019-10-05 11:17:27, 2019-10-19 06:20:06
1069, cCD6hS4jV0RZtSuCNb0z, 2019-10-05 11:17:27, 2019-10-19 06:20:06
1070, ZvOy5CCuAw1tjQL1V4E6, 2019-10-05 11:17:27, 2019-10-19 06:20:06
1071, U58qgsGcLfqF8xUgPsOS, 2019-10-05 11:17:27, 2019-10-19 06:20:06
1072, lzSIkEYfQ7OVgVoCGvUm, 2019-10-05 11:17:27, 2019-10-19 06:20:06
1073, wxe2zhCC664LHmaljvzY, 2019-10-05 11:17:27, 2019-10-19 06:20:06
1074, y2tBtKRUluODjcIbrOwn, 2019-10-05 11:17:27, 2019-10-19 06:20:06
1075, ZlQXCbvlhfa2SSv99Mjk, 2019-10-05 11:17:27, 2019-10-19 06:20:06
1076, tNl2adwJAqEAGOOldVNc, 2019-10-05 11:17:27, 2019-10-19 06:20:06
1077, jv8AOGiQZVsn5aKx55o0, 2019-10-05 11:17:27, 2019-10-19 06:20:06
1078, mXa2zUxEsjHHoImN0TJj, 2019-10-05 11:17:27, 2019-10-19 06:20:06
1079, MsAkw83UFCTJZpTLzWHt, 2019-10-05 11:17:27, 2019-10-19 06:20:06
1080, zEVbLMhpzgYnk0Byw2wQ, 2019-10-05 11:17:27, 2019-10-19 06:20:06
1081, C5r3h8yPk0PIZ43kxonY, 2019-10-05 11:17:27, 2019-10-19 06:20:06
1082, v2TcdDNu1GW8hsvobmfL, 2019-10-05 11:17:27, 2019-10-19 06:20:06
1083, fhtCGBq6JLepSC2y9vI1, 2019-10-05 11:17:27, 2019-10-19 06:20:06
1084, 5wl2na97U9FfCdutQZ47, 2019-10-05 11:17:27, 2019-10-19 06:20:06
1085, 02csFhDrCBS28TQDJ7F1, 2019-10-05 11:17:27, 2019-10-19 06:20:06
1086, dUaa2xVZfn4Z2UtdFaaW, 2019-10-05 11:17:27, 2019-10-19 06:20:06
1087, C15YBi5rQkIieVur5JOn, 2019-10-05 11:17:27, 2019-10-19 06:20:06
1088, AwszaK1B76OGg79jxRJ1, 2019-10-05 11:17:27, 2019-10-19 06:20:06
1089, t5PfTso48jAxOrOE9SPk, 2019-10-05 11:17:27, 2019-10-19 06:20:06
1090, BrNdWoyV2q5OQHz74UDI, 2019-10-05 11:17:27, 2019-10-19 06:20:06
1091, 4EqoM0Ow1ALgMCTkOVK0, 2019-10-05 11:17:27, 2019-10-19 06:20:06
1092, g4kIPd7Jlwi25gY0TrIb, 2019-10-05 11:17:27, 2019-10-19 06:20:06
1093, moLOVD1J4ATFDlkHlLGG, 2019-10-05 11:17:27, 2019-10-19 06:20:06
1094, 938moCAMoA85IwCe2yA9, 2019-10-05 11:17:27, 2019-10-19 06:20:06
1095, AEZcH0jPvAX4uC6RlGKz, 2019-10-05 11:17:27, 2019-10-19 06:20:06
1096, 8crYb5Z0bdYzGeQ92dRf, 2019-10-05 11:17:27, 2019-10-19 06:20:06
1097, Ge9Ti67nYVaA6hJhQccf, 2019-10-05 11:17:27, 2019-10-19 06:20:06
1098, eVPoM4oXpZlBN6mb5Ej1, 2019-10-05 11:17:27, 2019-10-19 06:20:06
1099, iQAM0DVcx4pRCIgX6OkR, 2019-10-05 11:17:27, 2019-10-19 06:20:06
1100, 99lQZ4pcpVXJuEG4ybFz, 2019-10-05 11:17:27, 2019-10-19 06:20:06
1101, KA21v36GudlCN4c3djtQ, 2019-10-05 11:17:27, 2019-10-19 06:20:06
1102, BRx4F5BRVfOHn57N9SH4, 2019-10-05 11:17:27, 2019-10-19 06:20:06
1103, bkpMd41Ri3wgilUD4Xll, 2019-10-05 11:17:27, 2019-10-19 06:20:06
1104, QhTG6R0VdoTyq61tDR6e, 2019-10-05 11:17:27, 2019-10-19 06:20:06
1105, FrRfHVc2fJnB9MQMphNH, 2019-10-05 11:17:27, 2019-10-19 06:20:06
1106, eWKcBgTwY8LEwXPrG5y6, 2019-10-05 11:17:27, 2019-10-19 06:20:06
1107, jna2kWDHmIw3cdPgTEXu, 2019-10-05 11:17:27, 2019-10-19 06:20:06
1108, XKBP4EM7DvjjpL9Pk331, 2019-10-05 11:17:27, 2019-10-19 06:20:06
1109, zlIiti0Qq5EiaGw0fn87, 2019-10-05 11:17:27, 2019-10-19 06:20:06
1110, tvYPRHNaZhHl7A8qjHkN, 2019-10-05 11:17:27, 2019-10-19 06:20:06
1111, Gefto8iB5B1ytestY0yS, 2019-10-05 11:17:27, 2019-10-19 06:20:06
1112, gmtCtiDv9pGURuUN7Ky9, 2019-10-05 11:17:27, 2019-10-19 06:20:06
1113, INl7rFGgSAU4yWrxxv1M, 2019-10-05 11:17:27, 2019-10-19 06:20:06
1114, bNGz5aYK6boFCbZbwRJX, 2019-10-05 11:17:27, 2019-10-19 06:20:06
1115, Sw7itv1eOf53ZJ7kvzkk, 2019-10-05 11:17:27, 2019-10-19 06:20:06
1116, Drzz9vdKmJ3z6uXKkZON, 2019-10-05 11:17:27, 2019-10-19 06:20:06
1117, vrhQKdT2EVO0dXAHJ4Em, 2019-10-05 11:17:27, 2019-10-19 06:20:06
1118, JvvV0GOG9TyzdxFpdA9t, 2019-10-05 11:17:27, 2019-10-19 06:20:06
1119, mxV1XaAXQwN0CvlC9wOO, 2019-10-05 11:17:27, 2019-10-19 06:20:06
1120, QBtyrFZVqU3GyvO7Iycb, 2019-10-05 11:17:27, 2019-10-19 06:20:06
1121, x08liMH6aqhoOFFdqkhi, 2019-10-05 11:17:27, 2019-10-19 06:20:06
1122, pUbwQYLj3aR0tXBTJD06, 2019-10-05 11:17:27, 2019-10-19 06:20:07
1123, 0VJ6lBe1rr126XfxgGVy, 2019-10-05 11:17:27, 2019-10-19 06:20:07
1124, eLYt5n2N0BLZrEpYPPbt, 2019-10-05 11:17:27, 2019-10-19 06:20:07
1125, Tkas6U6VLWsMGwvm2OSb, 2019-10-05 11:17:27, 2019-10-19 06:20:07
1126, fG2FzzdnVfZ3QnayQFZF, 2019-10-05 11:17:27, 2019-10-19 06:20:07
1127, 63EFIh03RyMOZzlq7Zcy, 2019-10-05 11:17:27, 2019-10-19 06:20:07
1128, ze73YiFAPh8RSAlPtQO0, 2019-10-05 11:17:27, 2019-10-19 06:20:07
1129, 4O171AVE7UgIyeJ2VltV, 2019-10-05 11:17:27, 2019-10-19 06:20:07
1130, RcNKq75knJXiitREecpJ, 2019-10-05 11:17:27, 2019-10-19 06:20:07
1131, ky1dwIUmWtScMiSlNvcy, 2019-10-05 11:17:27, 2019-10-19 06:20:07
1132, MODmsppvpwunqm2edv3q, 2019-10-05 11:17:27, 2019-10-19 06:20:07
1133, kueEE7HBdjUleDnfLOlT, 2019-10-05 11:17:27, 2019-10-19 06:20:07
1134, CAxElLPtztea5b5fAtz4, 2019-10-05 11:17:27, 2019-10-19 06:20:07
1135, rZ1fnFDbdWDjbxGMAIxF, 2019-10-05 11:17:27, 2019-10-19 06:20:07
1136, YQa1AUS0Rkxs6t3UrQw2, 2019-10-05 11:17:27, 2019-10-19 06:20:07
1137, S28vohAbvz1LTIGH4XEt, 2019-10-05 11:17:27, 2019-10-19 06:20:07
1138, JmFwif4SCFPfVn3alJci, 2019-10-05 11:17:27, 2019-10-19 06:20:07
1139, obGwEsYx105anRqpepwC, 2019-10-05 11:17:27, 2019-10-19 06:20:07
1140, UfkBc0qlNoz6fCWmjgDk, 2019-10-05 11:17:27, 2019-10-19 06:20:07
1141, 9PfRsLa3pNaCz91AZ8E4, 2019-10-05 11:17:27, 2019-10-19 06:20:07
1142, 0pjIxQ57JW1nkVBHPyhl, 2019-10-05 11:17:27, 2019-10-19 06:20:07
1143, T6Et60KFTe3oXa6dmkzP, 2019-10-05 11:17:27, 2019-10-19 06:20:07
1144, Ey6G41x5m7SnRIEVe4bI, 2019-10-05 11:17:27, 2019-10-19 06:20:07
1145, uEErOMRUUUVbAQepcnJ8, 2019-10-05 11:17:27, 2019-10-19 06:20:07
1146, eoZpIsPy1a6AwMWXkw5t, 2019-10-05 11:17:27, 2019-10-19 06:20:07
1147, S6gvndCLuLmpqm34twht, 2019-10-05 11:17:27, 2019-10-19 06:20:07
1148, 7JA72zw474ngyBy3CZDK, 2019-10-05 11:17:27, 2019-10-19 06:20:07
1149, foHOvGQ2mYf6QPqixeKu, 2019-10-05 11:17:27, 2019-10-19 06:20:07
1150, EW224lMYwRk6cXs1dqUz, 2019-10-05 11:17:27, 2019-10-19 06:20:07
1151, 9GxDzN9Uk256wOYQpVFQ, 2019-10-05 11:17:27, 2019-10-19 06:20:07
1152, 9JTlWX4bAnPWS2c5F30z, 2019-10-05 11:17:27, 2019-10-19 06:20:07
1153, yyIGXQW9UZKJ1WJHFFFx, 2019-10-05 11:17:27, 2019-10-19 06:20:07
1154, 4atdl3QjbK5LEYUNyyNb, 2019-10-05 11:17:27, 2019-10-19 06:20:07
1155, DbxVZGJXVHLXaNlErPSA, 2019-10-05 11:17:27, 2019-10-19 06:20:07
1156, et2gB16YRlUE7Oalsuf3, 2019-10-05 11:17:27, 2019-10-19 06:20:07
1157, mzjucfth85HWM7qQURCi, 2019-10-05 11:17:27, 2019-10-19 06:20:07
1158, NV3ZWzR647VvVKQZ2hIn, 2019-10-05 11:17:27, 2019-10-19 06:20:07
1159, yurWKzPCwjrpjVbPtePY, 2019-10-05 11:17:27, 2019-10-19 06:20:07
1160, GIyyS6nzZ9T6hn2ywNBo, 2019-10-05 11:17:27, 2019-10-19 06:20:07
1161, D7CsMYssjLx6C0G8zEQE, 2019-10-05 11:17:27, 2019-10-19 06:20:07
1162, A0SlsF6nT0llKxMI33eQ, 2019-10-05 11:17:27, 2019-10-19 06:20:07
1163, ColXW70EzKbKoJmw9adi, 2019-10-05 11:17:27, 2019-10-19 06:20:07
1164, 3HZRpsanP9sbXz9sk9oq, 2019-10-05 11:17:27, 2019-10-19 06:20:07
1165, ns2kFygPKExJFEmVlzBG, 2019-10-05 11:17:27, 2019-10-19 06:20:07
1166, ncXIT1pKJPx3Mxi8j8Du, 2019-10-05 11:17:27, 2019-10-19 06:20:07
1167, BonBEVt3h4BvKFV0Xwxg, 2019-10-05 11:17:27, 2019-10-19 06:20:07
1168, inhx43M4GVLn4vtpykpD, 2019-10-05 11:17:27, 2019-10-19 06:20:07
1169, sYGjU8lut8ICzsFG77XD, 2019-10-05 11:17:27, 2019-10-19 06:20:07
1170, 1HaZjbcPzOJzN4hBZn3q, 2019-10-05 11:17:27, 2019-10-19 06:20:07
1171, eUetK4xq8aIYYfSEYG3A, 2019-10-05 11:17:27, 2019-10-19 06:20:07
1172, rKoJ2MyqKy7FLcb95Y0P, 2019-10-05 11:17:27, 2019-10-19 06:20:07
1173, Swo9yqc6pSAa1vmx5qQW, 2019-10-05 11:17:27, 2019-10-19 06:20:07
1174, WvnEh0uErEWL8RCibvuh, 2019-10-05 11:17:27, 2019-10-19 06:20:07
1175, EZqwaSEVGiIvwrbMWpxQ, 2019-10-05 11:17:27, 2019-10-19 06:20:07
1176, 9A6E7N9cGXU93G6dnNir, 2019-10-05 11:17:27, 2019-10-19 06:20:07
1177, MHTnLndmF1RAcpF6c7zl, 2019-10-05 11:17:27, 2019-10-19 06:20:07
1178, EGvmnT7Tnm4wkQXgqj7S, 2019-10-05 11:17:27, 2019-10-19 06:20:07
1179, Xe5llasJ7XHaNGt8Y7F3, 2019-10-05 11:17:27, 2019-10-19 06:20:07
1180, 9KjjwedLLrXzxf7lDqVZ, 2019-10-05 11:17:27, 2019-10-19 06:20:07
1181, nsLMTuer8EjewHHp8RF6, 2019-10-05 11:17:27, 2019-10-19 06:20:07
1182, iD633wnyUwh1Gj2zPJx3, 2019-10-05 11:17:27, 2019-10-19 06:20:07
1183, 6FmHyHcWS5cXaGnxIVFG, 2019-10-05 11:17:27, 2019-10-19 06:20:07
1184, 58ltSVqaYV6C37kE082u, 2019-10-05 11:17:27, 2019-10-19 06:20:07
1185, VBJIWdQUVd4PAa0ubDZn, 2019-10-05 11:17:27, 2019-10-19 06:20:07
1186, 08pyp07MNsFypDH8f3UT, 2019-10-05 11:17:27, 2019-10-19 06:20:07
1187, gPlBTXpxGrO8kefSiIgt, 2019-10-05 11:17:27, 2019-10-19 06:20:07
1188, kMCg7a4IzjpTRIJR8zQS, 2019-10-05 11:17:27, 2019-10-19 06:20:07
1189, bWTSckiE4ZnCfREowTxK, 2019-10-05 11:17:27, 2019-10-19 06:20:07
1190, BrJkyxyZJwtHEvd8GOs0, 2019-10-05 11:17:27, 2019-10-19 06:20:07
1191, cXnO5w1GGipGej75MbD5, 2019-10-05 11:17:27, 2019-10-19 06:20:07
1192, gLycXAJX52qnBe3WpwTt, 2019-10-05 11:17:27, 2019-10-19 06:20:07
1193, snmWyzcGiszGltcVXawP, 2019-10-05 11:17:27, 2019-10-19 06:20:07
1194, Gaklj8YVWM5iJsWejARi, 2019-10-05 11:17:27, 2019-10-19 06:20:07
1195, B77nWaciXCH3jSADSMb1, 2019-10-05 11:17:27, 2019-10-19 06:20:07
1196, CBvvDgti3J378rYpXkrL, 2019-10-05 11:17:27, 2019-10-19 06:20:07
1197, zVdszrh3W2xVyQiyMANz, 2019-10-05 11:17:27, 2019-10-19 06:20:07
1198, 9O2URa5Fd6AUlOY09ANI, 2019-10-05 11:17:27, 2019-10-19 06:20:07
1199, AmmmCYmnqcoSk6Wo49lI, 2019-10-05 11:17:27, 2019-10-19 06:20:07
1200, loLV24PlLHavIaXN0Pg5, 2019-10-05 11:17:27, 2019-10-19 06:20:07
1201, yrGXxzpGxwCOusI3pyEN, 2019-10-05 11:17:27, 2019-10-19 06:20:07
1202, otedpbVUTZFpHrAuIMnB, 2019-10-05 11:17:27, 2019-10-19 06:20:07
1203, iaW8QGfVkrNp8vky74Dc, 2019-10-05 11:17:27, 2019-10-19 06:20:07
1204, b0pAPDi3WYZJHgucRfPV, 2019-10-05 11:17:27, 2019-10-19 06:20:07
1205, PFDz1nEf22QJvFvwVUtO, 2019-10-05 11:17:27, 2019-10-19 06:20:07
1206, rEG7xot4SEMTYYZVUfPs, 2019-10-05 11:17:27, 2019-10-19 06:20:07
1207, C7H1A2PO7UCnFSce3njY, 2019-10-05 11:17:27, 2019-10-19 06:20:07
1208, KleXwrMKpn4k9Hk06iOi, 2019-10-05 11:17:27, 2019-10-19 06:20:07
1209, 7V2MCp7SLTFQDk5TS2Yz, 2019-10-05 11:17:27, 2019-10-19 06:20:07
1210, nTNngAJY4txbqbsGttQu, 2019-10-05 11:17:27, 2019-10-19 06:20:07
1211, XPljY1r8vCmixMwKFQzA, 2019-10-05 11:17:27, 2019-10-19 06:20:07
1212, 3awnGo1lhesFDtcvuT9C, 2019-10-05 11:17:27, 2019-10-19 06:20:07
1213, WbIh3SrGPZbDuYef8uVj, 2019-10-05 11:17:27, 2019-10-19 06:20:07
1214, pNENi6Jv8rplbIVfpNsQ, 2019-10-05 11:17:27, 2019-10-19 06:20:07
1215, XStQIQXcVVHBt8aAn0oT, 2019-10-05 11:17:27, 2019-10-19 06:20:07
1216, qnCax4djnCgRiqmAc6di, 2019-10-05 11:17:27, 2019-10-19 06:20:07
1217, PIPQwFkJjTSN7Yoh8Ipn, 2019-10-05 11:17:27, 2019-10-19 06:20:07
1218, BJhWuDJn7mznZEnGSo2u, 2019-10-05 11:17:27, 2019-10-19 06:20:07
1219, UNfZMF20HESyzLzwQfYj, 2019-10-05 11:17:27, 2019-10-19 06:20:07
1220, OPD2c5jEgFULAhr3WGcJ, 2019-10-05 11:17:27, 2019-10-19 06:20:07
1221, Tr9ikdtfZ5KqL47crxlp, 2019-10-05 11:17:27, 2019-10-19 06:20:07
1222, GOKE9tucKCXJDHQbCA3X, 2019-10-05 11:17:27, 2019-10-19 06:20:07
1223, JkmbwH8O5V045BYN7TcE, 2019-10-05 11:17:27, 2019-10-19 06:20:07
1224, v2ZSpwlfggZwckrVM8bg, 2019-10-05 11:17:27, 2019-10-19 06:20:07
1225, 2zQzXpPvtXP0D6FyqUsb, 2019-10-05 11:17:27, 2019-10-19 06:20:07
1226, Cj1E2FmWugPdYNtvuXV9, 2019-10-05 11:17:27, 2019-10-19 06:20:07
1227, jkrNa8MkpUJINmO8HHQG, 2019-10-05 11:17:27, 2019-10-19 06:20:07
1228, bDju6VR7iKIbu1VEzLaW, 2019-10-05 11:17:27, 2019-10-19 06:20:07
1229, POGELdvzysQHLhkUCdiU, 2019-10-05 11:17:27, 2019-10-19 06:20:07
1230, KmeMXSnKPsHAj4s9bOdK, 2019-10-05 11:17:27, 2019-10-19 06:20:07
1231, EXoa0S13r0KgA4QoJSVT, 2019-10-05 11:17:27, 2019-10-19 06:20:07
1232, afeqiFjzPDopKouiIao0, 2019-10-05 11:17:27, 2019-10-19 06:20:07
1233, RcUnZBsEjy5FNwiByISH, 2019-10-05 11:17:27, 2019-10-19 06:20:07
1234, fRq67v8yH5yynBmgE2qS, 2019-10-05 11:17:27, 2019-10-19 06:20:07
1235, ffUFl40OT42F7Cpx4WAV, 2019-10-05 11:17:27, 2019-10-19 06:20:07
1236, 3INsuMdKvvB0ehjDUdBy, 2019-10-05 11:17:27, 2019-10-19 06:20:07
1237, WWp9MzawYJLtkXDSEMaW, 2019-10-05 11:17:27, 2019-10-19 06:20:07
1238, 0IVHp8MeJfGfmW6JY1X0, 2019-10-05 11:17:27, 2019-10-19 06:20:07
1239, oKauUOW9NSzrVjoEa9Ro, 2019-10-05 11:17:27, 2019-10-19 06:20:07
1240, DUL09pFQrHImul7kQQUl, 2019-10-05 11:17:27, 2019-10-19 06:20:07
1241, UR2vt9WItCKYXeZuPvSR, 2019-10-05 11:17:27, 2019-10-19 06:20:07
1242, DgPQfYgGwR1BGYWnajbo, 2019-10-05 11:17:27, 2019-10-19 06:20:07
1243, t1Ur0TJrt82aJVgMF44q, 2019-10-05 11:17:27, 2019-10-19 06:20:07
1244, KFZkPGZcxlEJuZcy93F6, 2019-10-05 11:17:27, 2019-10-19 06:20:07
1245, KElHQ731E1AkIrBpEKBX, 2019-10-05 11:17:27, 2019-10-19 06:20:07
1246, F3LLcfyr6y8lgRhQ9CHU, 2019-10-05 11:17:27, 2019-10-19 06:20:07
1247, P4IN4SQVAM0uXlaKhrvC, 2019-10-05 11:17:27, 2019-10-19 06:20:07
1248, WIkySE44FWLBlwS5nnpa, 2019-10-05 11:17:27, 2019-10-19 06:20:07
1249, ounf6YmsSpf4x6pt4BC1, 2019-10-05 11:17:27, 2019-10-19 06:20:07
1250, 7ZAF2kKAO8q6klmuj462, 2019-10-05 11:17:27, 2019-10-19 06:20:07
1251, NT0SX9BalQKg8r9J1TVn, 2019-10-05 11:17:27, 2019-10-19 06:20:07
1252, EXlYVUKilmX1ddhRt33E, 2019-10-05 11:17:27, 2019-10-19 06:20:08
1253, QBqdnbLUMtbAnFdONXzV, 2019-10-05 11:17:27, 2019-10-19 06:20:08
1254, QVoy417chUXLb1Pq9s1L, 2019-10-05 11:17:27, 2019-10-19 06:20:08
1255, LK8iKZOyjpMlRLBHKL7c, 2019-10-05 11:17:27, 2019-10-19 06:20:08
1256, U56Q9myKF8Mf3bZljKhD, 2019-10-05 11:17:27, 2019-10-19 06:20:08
1257, mc8sEHFTz1kV324a0eTI, 2019-10-05 11:17:27, 2019-10-19 06:20:08
1258, RHQSPZAY87YaVwlHDX8z, 2019-10-05 11:17:27, 2019-10-19 06:20:08
1259, BN0DdpwBWeCdt0GisKRi, 2019-10-05 11:17:27, 2019-10-19 06:20:08
1260, 3vVDSOrYZmndbELdqZdn, 2019-10-05 11:17:27, 2019-10-19 06:20:08
1261, C8zhu4so9YZLw5tGbOgZ, 2019-10-05 11:17:27, 2019-10-19 06:20:08
1262, BMQU6fiEZSYmoRMmsng6, 2019-10-05 11:17:27, 2019-10-19 06:20:08
1263, ccEHs88FnRFT13G1gjhO, 2019-10-05 11:17:27, 2019-10-19 06:20:08
1264, SohhJtkdIuIKYszhhXaT, 2019-10-05 11:17:27, 2019-10-19 06:20:08
1265, NmhmVzZGUSQnFAGxVZXr, 2019-10-05 11:17:27, 2019-10-19 06:20:08
1266, nTSNeXYpLB0CuICkQZ1l, 2019-10-05 11:17:27, 2019-10-19 06:20:08
1267, Odf5Q3AWhQJyoejzgzeB, 2019-10-05 11:17:27, 2019-10-19 06:20:08
1268, 7rAuXoX4lnsvZ0ktHahR, 2019-10-05 11:17:27, 2019-10-19 06:20:08
1269, 4nUOACaT8elgM5LKVzs6, 2019-10-05 11:17:27, 2019-10-19 06:20:08
1270, uvnttjC5InrfKp8JMNjq, 2019-10-05 11:17:27, 2019-10-19 06:20:08
1271, 6rCRPGfij1Xf6C3H0iNX, 2019-10-05 11:17:27, 2019-10-19 06:20:08
1272, Shc6LXvLcEhnQNIEWXUX, 2019-10-05 11:17:27, 2019-10-19 06:20:08
1273, N33rhjEtSBVTetcxjCdE, 2019-10-05 11:17:27, 2019-10-19 06:20:08
1274, DBSCyftVJMouTXudBy1O, 2019-10-05 11:17:27, 2019-10-19 06:20:08
1275, Dz5BRLVaw7Wbo2LpFjUS, 2019-10-05 11:17:27, 2019-10-19 06:20:08
1276, egTsFFqsrJazaoOJwfq0, 2019-10-05 11:17:27, 2019-10-19 06:20:08
1277, EPtJvS4Smk3fUWmcpzVj, 2019-10-05 11:17:27, 2019-10-19 06:20:08
1278, XP3j0qrvkS684Xg4B0lt, 2019-10-05 11:17:27, 2019-10-19 06:20:08
1279, xnCkwv1RHk7EqyFCWzX2, 2019-10-05 11:17:27, 2019-10-19 06:20:08
1280, RB8mLkex1b5oyGuvm7ma, 2019-10-05 11:17:27, 2019-10-19 06:20:08
1281, 5rHnxLXIH94NBEN0Lldm, 2019-10-05 11:17:27, 2019-10-19 06:20:08
1282, cErEpOf9Lly21k13r9Hg, 2019-10-05 11:17:27, 2019-10-19 06:20:08
1283, KeiewndYoVnSlYYJJLqI, 2019-10-05 11:17:27, 2019-10-19 06:20:08
1284, DfYc18Cu6LaqIRH6kgFJ, 2019-10-05 11:17:27, 2019-10-19 06:20:08
1285, nlLL1xawRGqFB3UPLC5q, 2019-10-05 11:17:27, 2019-10-19 06:20:08
1286, RWLWeq1Twe4ouLN0SntT, 2019-10-05 11:17:27, 2019-10-19 06:20:08
1287, QILJmXdpGUKk5Xce1scj, 2019-10-05 11:17:27, 2019-10-19 06:20:08
1288, utsPSXEfS4okGd7kWEsy, 2019-10-05 11:17:27, 2019-10-19 06:20:08
1289, TV3ajIhvpItBSI0Kfss0, 2019-10-05 11:17:27, 2019-10-19 06:20:08
1290, JIBPkFaF9eztBOTwrekz, 2019-10-05 11:17:27, 2019-10-19 06:20:08
1291, uRGLVZG2WGUuftLFsSpU, 2019-10-05 11:17:27, 2019-10-19 06:20:08
1292, YwqLKBr0DycLFYIDJ2MT, 2019-10-05 11:17:27, 2019-10-19 06:20:08
1293, lxpuCM0sRHMqlw1etolQ, 2019-10-05 11:17:27, 2019-10-19 06:20:08
1294, MPgUX9z14J3tdt7OAmZW, 2019-10-05 11:17:27, 2019-10-19 06:20:08
1295, MzMazvAI9PZ9pEY9VhW5, 2019-10-05 11:17:27, 2019-10-19 06:20:08
1296, TxEPhaXs5cLKFRE1OpLU, 2019-10-05 11:17:27, 2019-10-19 06:20:08
1297, viIsZE5znhO5wYAIRHEA, 2019-10-05 11:17:27, 2019-10-19 06:20:08
1298, J4K12ZfYLq5iBVvnznUq, 2019-10-05 11:17:27, 2019-10-19 06:20:08
1299, WyrLP0RJNGpnqUYLJQfS, 2019-10-05 11:17:27, 2019-10-19 06:20:08
1300, y4bTiVb61DLgMLCKcgZm, 2019-10-05 11:17:27, 2019-10-19 06:20:09
1301, 00PWCdHWtRdbRWKKuoUP, 2019-10-05 11:17:27, 2019-10-19 06:20:09
1302, 4dEb1qngMwWHmPAVFXcO, 2019-10-05 11:17:27, 2019-10-19 06:20:09
1303, Bk3rf5da9ctAa1grDW12, 2019-10-05 11:17:27, 2019-10-19 06:20:09
1304, 75DfBxy7ON8II9NGcnxf, 2019-10-05 11:17:27, 2019-10-19 06:20:09
1305, 7xHM7oEEZVDUOh2TYwBn, 2019-10-05 11:17:27, 2019-10-19 06:20:09
1306, xzaVXHsfIpGtf4xXH30x, 2019-10-05 11:17:27, 2019-10-19 06:20:09
1307, GORuDX7oZJqxvRse1SFg, 2019-10-05 11:17:27, 2019-10-19 06:20:09
1308, puQTPP1B2IECgDTXh9X8, 2019-10-05 11:17:27, 2019-10-19 06:20:09
1309, xYHW6deeFxACJNO4z4h0, 2019-10-05 11:17:27, 2019-10-19 06:20:09
1310, tyLE7rHOgq0kCTZxrnJe, 2019-10-05 11:17:27, 2019-10-19 06:20:09
1311, rEruNlBVRk25Vw1GD3J9, 2019-10-05 11:17:27, 2019-10-19 06:20:09
1312, fUYVV6KCKRVJPNT3y9PJ, 2019-10-05 11:17:27, 2019-10-19 06:20:09
1313, pOyFjig2kHrZewbE0EvO, 2019-10-05 11:17:27, 2019-10-19 06:20:09
1314, oQ3nXjobw0zzFUb4W9Bn, 2019-10-05 11:17:27, 2019-10-19 06:20:09
1315, DqNAPMOrPpls0l6oNrgf, 2019-10-05 11:17:27, 2019-10-19 06:20:09
1316, JEe2K9GELAD5H0fEszmn, 2019-10-05 11:17:27, 2019-10-19 06:20:09
1317, WqjMyCUFiRZKoYuWQdu9, 2019-10-05 11:17:27, 2019-10-19 06:20:09
1318, mmiyBQX6fiHN0wdKN589, 2019-10-05 11:17:27, 2019-10-19 06:20:09
1319, kp2G6epLgjsa34hnjqUR, 2019-10-05 11:17:27, 2019-10-19 06:20:09
1320, M498WAcKQyja2aVCVzoJ, 2019-10-05 11:17:27, 2019-10-19 06:20:09
1321, QfmLpq5qIUVbc5T45gs6, 2019-10-05 11:17:27, 2019-10-19 06:20:09
1322, B7WerdApxJKNgRETn2wo, 2019-10-05 11:17:27, 2019-10-19 06:20:09
1323, Bs554kJMkxXIHReOxHrm, 2019-10-05 11:17:27, 2019-10-19 06:20:09
1324, v0tMtSpwRVF7lRPHuyTa, 2019-10-05 11:17:27, 2019-10-19 06:20:09
1325, RhQefOCTUa8apU55kVNW, 2019-10-05 11:17:27, 2019-10-19 06:20:09
1326, KHp3HqwQ8PysuXHTlujw, 2019-10-05 11:17:27, 2019-10-19 06:20:09
1327, LjS2qYSJJVRAR4NagzJ9, 2019-10-05 11:17:27, 2019-10-19 06:20:09
1328, S2wGVw1JiLieseZv1vqS, 2019-10-05 11:17:27, 2019-10-19 06:20:09
1329, muIsNh1ApkBFZKwhTzHO, 2019-10-05 11:17:27, 2019-10-19 06:20:09
1330, VIHqffQeBn2z9PmMzQnl, 2019-10-05 11:17:27, 2019-10-19 06:20:09
1331, i2SZvNU2S6ZQfoINGBCa, 2019-10-05 11:17:27, 2019-10-19 06:20:09
1332, du8lEpLYPww5VyeXAxTO, 2019-10-05 11:17:27, 2019-10-19 06:20:09
1333, 0muENxSMGG8P00Xo1Sr1, 2019-10-05 11:17:27, 2019-10-19 06:20:09
1334, Ywk8x2uTbRYtnx7gyVIM, 2019-10-05 11:17:27, 2019-10-19 06:20:09
1335, OUALOysKOfCB1JoEc7zA, 2019-10-05 11:17:27, 2019-10-19 06:20:09
1336, 11arMs6pfolnbC961OfB, 2019-10-05 11:17:27, 2019-10-19 06:20:09
1337, mIiKTQulbX2n0wlwkMYu, 2019-10-05 11:17:27, 2019-10-19 06:20:09
1338, 9H1VFdPuSZPCYCDXwnGz, 2019-10-05 11:17:27, 2019-10-19 06:20:09
1339, HMKNIfh6RzGNsJKjg64z, 2019-10-05 11:17:27, 2019-10-19 06:20:09
1340, Fshxc1Q1hHd4DN01Safp, 2019-10-05 11:17:27, 2019-10-19 06:20:09
1341, WgJ255QcdW06aItdiHxn, 2019-10-05 11:17:27, 2019-10-19 06:20:09
1342, M9VyRuae0u1T97XjUpmP, 2019-10-05 11:17:27, 2019-10-19 06:20:09
1343, Dl7tS56t4UoWv6GB1xMX, 2019-10-05 11:17:27, 2019-10-19 06:20:09
1344, b9liiPkEwz2osXoIEY12, 2019-10-05 11:17:27, 2019-10-19 06:20:09
1345, G0quvgZNtAWVhAwo2FXd, 2019-10-05 11:17:27, 2019-10-19 06:20:09
1346, zhHhiUkh6shPRAZUrhq7, 2019-10-05 11:17:27, 2019-10-19 06:20:09
1347, 6Gh2ezbn48QXjwYAPZzX, 2019-10-05 11:17:27, 2019-10-19 06:20:09
1348, l6CQRyGJ7W828Dw2uAiL, 2019-10-05 11:17:27, 2019-10-19 06:20:09
1349, hwc39GsHuAsBErBNwpk7, 2019-10-05 11:17:27, 2019-10-19 06:20:09
1350, 8nA7njEbrN6TPSJXMjQV, 2019-10-05 11:17:27, 2019-10-19 06:20:09
1351, NKyHpwBku7QhKuvI1xrX, 2019-10-05 11:17:27, 2019-10-19 06:20:09
1352, kHDYGTKPWt9gACxmxkgy, 2019-10-05 11:17:27, 2019-10-19 06:20:09
1353, 5kXU8G1SaE4RP2fNBtPh, 2019-10-05 11:17:27, 2019-10-19 06:20:09
1354, 9sDksPddpDTCw9lnc66K, 2019-10-05 11:17:27, 2019-10-19 06:20:09
1355, 2A5R2tr5ZY21buwDfIEz, 2019-10-05 11:17:27, 2019-10-19 06:20:10
1356, DoBvuBK2WQMNAzLpXMqV, 2019-10-05 11:17:27, 2019-10-19 06:20:10
1357, WskrOhEmHFHcWFskP1jZ, 2019-10-05 11:17:27, 2019-10-19 06:20:10
1358, CEr0pUgsL4Ah6bQN8j1I, 2019-10-05 11:17:27, 2019-10-19 06:20:10
1359, u8kIsVLvjdEEhWetrEX9, 2019-10-05 11:17:27, 2019-10-19 06:20:10
1360, zohdyZYYfYUKx8plsp5t, 2019-10-05 11:17:27, 2019-10-19 06:20:10
1361, tqFnN5fsgR4HLQzKMSRO, 2019-10-05 11:17:27, 2019-10-19 06:20:10
1362, JurQDDG9jIdZXcdG04ox, 2019-10-05 11:17:27, 2019-10-19 06:20:10
1363, DpIjZ3nrEJEkQPau3P0V, 2019-10-05 11:17:27, 2019-10-19 06:20:10
1364, 9HOFyuP2pIbHbv6kFdYs, 2019-10-05 11:17:27, 2019-10-19 06:20:10
1365, VuC1ZSSSUR2X6us3Ygvy, 2019-10-05 11:17:27, 2019-10-19 06:20:10
1366, kIBDkwHteKly8Gawz1p7, 2019-10-05 11:17:27, 2019-10-19 06:20:10
1367, iXvufVu9U3Q7Yrpw8iKA, 2019-10-05 11:17:27, 2019-10-19 06:20:10
1368, 8i8gwrN51cA4e1vzD1zk, 2019-10-05 11:17:27, 2019-10-19 06:20:10
1369, KecagQ96vmQHuc5VzwDX, 2019-10-05 11:17:27, 2019-10-19 06:20:10
1370, rslvFxYrWL8CayzhHlLt, 2019-10-05 11:17:27, 2019-10-19 06:20:10
1371, 3hSYafJKU8lRb8PYZvPc, 2019-10-05 11:17:27, 2019-10-19 06:20:10
1372, tFympH33lIBxMlSTlIll, 2019-10-05 11:17:27, 2019-10-19 06:20:10
1373, 6J2eSynwMMsygPmoBXA2, 2019-10-05 11:17:27, 2019-10-19 06:20:10
1374, T9mOmCVHoLzr1qp8YCNK, 2019-10-05 11:17:27, 2019-10-19 06:20:10
1375, c0y1roGFWlRRDNyYxu9S, 2019-10-05 11:17:27, 2019-10-19 06:20:10
1376, FB2KH1jfq6gQF46EmUz6, 2019-10-05 11:17:27, 2019-10-19 06:20:10
1377, qE9MAMwgqdJmyI0w8i06, 2019-10-05 11:17:27, 2019-10-19 06:20:10
1378, 3ywz9Iqc9XyOI3wup2ob, 2019-10-05 11:17:27, 2019-10-19 06:20:10
1379, qUEvUUEmYQGft3JVL6ds, 2019-10-05 11:17:27, 2019-10-19 06:20:10
1380, 4m7abaJntWVY7oUUQnno, 2019-10-05 11:17:27, 2019-10-19 06:20:10
1381, p0c4Nt82HftCDZefsuzc, 2019-10-05 11:17:27, 2019-10-19 06:20:10
1382, RpJukFgLBwyhhhoWJ7ox, 2019-10-05 11:17:27, 2019-10-19 06:20:10
1383, mAjE4dP5ZB736MZHXCZD, 2019-10-05 11:17:27, 2019-10-19 06:20:10
1384, mkmaMvpChIdxUtVSrjyA, 2019-10-05 11:17:27, 2019-10-19 06:20:10
1385, gDsbEhjiCdsRW7sjSGOL, 2019-10-05 11:17:27, 2019-10-19 06:20:10
1386, CNADcm1zX6aqEKh9P08U, 2019-10-05 11:17:27, 2019-10-19 06:20:10
1387, 4pJSrRuhXL7TuU7xDrT6, 2019-10-05 11:17:27, 2019-10-19 06:20:10
1388, a1ehs0TMSbP2yoksz7nD, 2019-10-05 11:17:27, 2019-10-19 06:20:10
1389, MHRegEsRSietQxscHcPY, 2019-10-05 11:17:27, 2019-10-19 06:20:10
1390, Te5523mvEQF3d1Wj4Ciq, 2019-10-05 11:17:27, 2019-10-19 06:20:10
1391, AlnlkJjc9OLykavO5vTJ, 2019-10-05 11:17:27, 2019-10-19 06:20:10
1392, xdxVTGA5CgfjXjPdwUVI, 2019-10-05 11:17:27, 2019-10-19 06:20:10
1393, vejIyOupB1mql7gBMHRd, 2019-10-05 11:17:27, 2019-10-19 06:20:10
1394, YugPNz1duqUnoYyNsj93, 2019-10-05 11:17:27, 2019-10-19 06:20:10
1395, IMTTnn3UtPCRPbfFxx4C, 2019-10-05 11:17:27, 2019-10-19 06:20:10
1396, EfF8XUXxwp4AmSGJJyA3, 2019-10-05 11:17:27, 2019-10-19 06:20:10
1397, Kb8gvWUlZXkyolDoIKz5, 2019-10-05 11:17:27, 2019-10-19 06:20:10
1398, WoTi78UWnawTV8752Sin, 2019-10-05 11:17:27, 2019-10-19 06:20:10
1399, CghU2PJL5NGGzJpVp3y2, 2019-10-05 11:17:27, 2019-10-19 06:20:10
1400, ymnOLjL9wCplIEpBc4Cn, 2019-10-05 11:17:27, 2019-10-19 06:20:10
1401, yNrrTzj46Y5eLiX44cVn, 2019-10-05 11:17:27, 2019-10-19 06:20:10
1402, sozte1wLW3peP1TawYVA, 2019-10-05 11:17:27, 2019-10-19 06:20:10
1403, Ap8OSFzf8JJFC0phajXc, 2019-10-05 11:17:27, 2019-10-19 06:20:10
1404, LEVGoE9USYThMUYSW6VA, 2019-10-05 11:17:27, 2019-10-19 06:20:10
1405, Q2ZladwMoUVZjRHZI0ia, 2019-10-05 11:17:27, 2019-10-19 06:20:10
1406, zHjGL7pNEjD4NFMSfLf8, 2019-10-05 11:17:27, 2019-10-19 06:20:10
1407, KwPEVl87f99MzOhKVR7F, 2019-10-05 11:17:27, 2019-10-19 06:20:10
1408, LliOsojwmMHPejlJdEsy, 2019-10-05 11:17:27, 2019-10-19 06:20:10
1409, iJoMK3YutAXSgp6qt9Gt, 2019-10-05 11:17:27, 2019-10-19 06:20:10
1410, OhNJIbNrwDMfaV4CERoX, 2019-10-05 11:17:27, 2019-10-19 06:20:10
1411, wRaOUlZjSJg5nVHgYW32, 2019-10-05 11:17:27, 2019-10-19 06:20:10
1412, Vl6VynMBTbzLclQKE1lZ, 2019-10-05 11:17:27, 2019-10-19 06:20:10
1413, lLgfKiYdjSZ1FRlCDUik, 2019-10-05 11:17:27, 2019-10-19 06:20:10
1414, FBu6JCQobgbdya3B3vxW, 2019-10-05 11:17:27, 2019-10-19 06:20:10
1415, Bt2a2lbY9lgOQ9nyKww2, 2019-10-05 11:17:27, 2019-10-19 06:20:10
1416, RkEozLq8IOYnTtNTEpA2, 2019-10-05 11:17:27, 2019-10-19 06:20:10
1417, FMV9wFQPm8Ursj5dMgQp, 2019-10-05 11:17:27, 2019-10-19 06:20:10
1418, jv6HodU7GE5fX0Gduo7j, 2019-10-05 11:17:27, 2019-10-19 06:20:10
1419, HadO4oY2QtWcMZu46qeV, 2019-10-05 11:17:27, 2019-10-19 06:20:10
1420, qKh5FLPPzUh7626gxwNb, 2019-10-05 11:17:27, 2019-10-19 06:20:10
1421, 91moglBAZ7bGHovI3P93, 2019-10-05 11:17:27, 2019-10-19 06:20:10
1422, Y5iPOSkHAFR7s6HVnq5I, 2019-10-05 11:17:27, 2019-10-19 06:20:10
1423, EOxuFVyIo8VScFJg9zgH, 2019-10-05 11:17:27, 2019-10-19 06:20:10
1424, oX4rWMM0C6nDsOFtmnzq, 2019-10-05 11:17:27, 2019-10-19 06:20:10
1425, VsqMWUalAUcEOY5Umb5z, 2019-10-05 11:17:27, 2019-10-19 06:20:10
1426, vl2cq0TIJHUSP03MYgw1, 2019-10-05 11:17:27, 2019-10-19 06:20:10
1427, eOPu033nwxudq8U65A7X, 2019-10-05 11:17:27, 2019-10-19 06:20:10
1428, pv3n9F14r2iZU2BaTd0X, 2019-10-05 11:17:27, 2019-10-19 06:20:10
1429, 0O5FRvWT3b6KrLj2KBbp, 2019-10-05 11:17:27, 2019-10-19 06:20:10
1430, ZHCLxc7RU1R3BGHgZhld, 2019-10-05 11:17:27, 2019-10-19 06:20:10
1431, TxaurQYypDXwVpxOEtUl, 2019-10-05 11:17:27, 2019-10-19 06:20:10
1432, wZcNK3ZK2UVO7pvz7pVW, 2019-10-05 11:17:27, 2019-10-19 06:20:10
1433, VKtFlBGs9NZrtRWhVfqa, 2019-10-05 11:17:27, 2019-10-19 06:20:10
1434, whMKzRhvL0eMZvK0xkNe, 2019-10-05 11:17:27, 2019-10-19 06:20:10
1435, SlUuPyDj9pj1LC27VXW5, 2019-10-05 11:17:27, 2019-10-19 06:20:10
1436, bbe1GTdFF4Tl8tVpw8UX, 2019-10-05 11:17:27, 2019-10-19 06:20:10
1437, gkM0L0VyLthTrmY7Pczq, 2019-10-05 11:17:27, 2019-10-19 06:20:10
1438, NXNX9u0Jc6QBTzaKuAdJ, 2019-10-05 11:17:27, 2019-10-19 06:20:10
1439, 0l7w7SH9RHpSiAM1qH0K, 2019-10-05 11:17:27, 2019-10-19 06:20:10
1440, qAoIRML0zVYvo60Lkjiy, 2019-10-05 11:17:27, 2019-10-19 06:20:10
1441, ETfPlXdmyFom2xYBQKsG, 2019-10-05 11:17:27, 2019-10-19 06:20:10
1442, oDCLsykmf8DhiEjbbGvu, 2019-10-05 11:17:27, 2019-10-19 06:20:10
1443, RdYaZUjvFBkWGBKr5VqP, 2019-10-05 11:17:27, 2019-10-19 06:20:10
1444, UVNeTWcU2Dc8FxRNxK0w, 2019-10-05 11:17:27, 2019-10-19 06:20:10
1445, OsZ7tsMPnbpGLNvxnGTw, 2019-10-05 11:17:27, 2019-10-19 06:20:10
1446, MvldBhnPCgV8XAXQN1xp, 2019-10-05 11:17:27, 2019-10-19 06:20:10
1447, 4qsJ7KmCVxxJ1tVzs3og, 2019-10-05 11:17:27, 2019-10-19 06:20:11
1448, e7aWruhPSMUzaSglLuSE, 2019-10-05 11:17:27, 2019-10-19 06:20:11
1449, exp8YM9WRJtMaRIxx77Z, 2019-10-05 11:17:27, 2019-10-19 06:20:11
1450, GamAMW9oDLwbkZyyatKT, 2019-10-05 11:17:27, 2019-10-19 06:20:11
1451, GqcErLEEUa1BLoBdrxC5, 2019-10-05 11:17:27, 2019-10-19 06:20:11
1452, VZI3LNWnMKQ8fdILMtCx, 2019-10-05 11:17:27, 2019-10-19 06:20:11
1453, qiv12sgjjMPVDNuzM5XC, 2019-10-05 11:17:27, 2019-10-19 06:20:11
1454, 6HyVE3XVWZp4ffvp4Zr6, 2019-10-05 11:17:27, 2019-10-19 06:20:11
1455, vd54NsHX6IoqfUkjqtRh, 2019-10-05 11:17:27, 2019-10-19 06:20:11
1456, EpDD2L6ZDQbfLm2Tzy44, 2019-10-05 11:17:27, 2019-10-19 06:20:11
1457, eTnYyQLWoFsBMI7JQ9QA, 2019-10-05 11:17:27, 2019-10-19 06:20:11
1458, W379NzrtDXSCQkcVLTtv, 2019-10-05 11:17:27, 2019-10-19 06:20:11
1459, 4vvGBgUiEdolg31y7CWQ, 2019-10-05 11:17:27, 2019-10-19 06:20:11
1460, oWLQNhLzPxtNyLPObPrO, 2019-10-05 11:17:27, 2019-10-19 06:20:11
1461, e2CBiAAJpEobRIj9Bsaj, 2019-10-05 11:17:27, 2019-10-19 06:20:11
1462, C3lRQkDzmOqStn3s5EWa, 2019-10-05 11:17:27, 2019-10-19 06:20:11
1463, Zn3xtlJiGKFD01IrinLO, 2019-10-05 11:17:27, 2019-10-19 06:20:11
1464, Vpn4MlzH0zRASUm2kmLs, 2019-10-05 11:17:27, 2019-10-19 06:20:11
1465, NTPVCN1BOza9fwb9iTWD, 2019-10-05 11:17:27, 2019-10-19 06:20:11
1466, oNgejT1FdS0BK9nTEMJB, 2019-10-05 11:17:27, 2019-10-19 06:20:11
1467, JFEr3AqRUwn3l3aGqbiT, 2019-10-05 11:17:27, 2019-10-19 06:20:11
1468, DsAXcH2AROoxcoUx6evC, 2019-10-05 11:17:27, 2019-10-19 06:20:11
1469, hcIpwNh5xxf86enF15s7, 2019-10-05 11:17:27, 2019-10-19 06:20:11
1470, okS1dm32o7ySBa9920y1, 2019-10-05 11:17:27, 2019-10-19 06:20:11
1471, 3YcC9jdGi8mgLQgJLahU, 2019-10-05 11:17:27, 2019-10-19 06:20:11
1472, XrBQftS7ndZJdheOA4tx, 2019-10-05 11:17:27, 2019-10-19 06:20:11
1473, KvssKh2icksz2Ou3mRkY, 2019-10-05 11:17:27, 2019-10-19 06:20:11
1474, dU0BimpKxCLkjVwgTisY, 2019-10-05 11:17:27, 2019-10-19 06:20:11
1475, FPBEIPoGxYIk6QuNUgML, 2019-10-05 11:17:27, 2019-10-19 06:20:11
1476, nT4F3ZZt19csW5fiYAEZ, 2019-10-05 11:17:27, 2019-10-19 06:20:11
1477, FQ9J6LP2vOIWzBGzJBcf, 2019-10-05 11:17:27, 2019-10-19 06:20:11
1478, e5kMHQQuCHW5al664P0r, 2019-10-05 11:17:27, 2019-10-19 06:20:11
1479, Qi6hLiMs3fQtJhMMZRyg, 2019-10-05 11:17:27, 2019-10-19 06:20:11
1480, 1iwDE3qXosVzCVaQm94Z, 2019-10-05 11:17:27, 2019-10-19 06:20:11
1481, r46c7mht2XyRIgDzTwXX, 2019-10-05 11:17:27, 2019-10-19 06:20:11
1482, pr4hnZ7qlNppjB0Q1i3F, 2019-10-05 11:17:27, 2019-10-19 06:20:11
1483, o0cMsirT5QVSIVOjXcnu, 2019-10-05 11:17:27, 2019-10-19 06:20:11
1484, WYpwGPNp0O2JCbKVcbuR, 2019-10-05 11:17:27, 2019-10-19 06:20:11
1485, 5XL7cBvMEwYVUo0mjGgE, 2019-10-05 11:17:27, 2019-10-19 06:20:11
1486, 5FG2qk2zdRibqC0hhIXn, 2019-10-05 11:17:27, 2019-10-19 06:20:11
1487, VyygFaf7KJ18eqBiM6Ea, 2019-10-05 11:17:27, 2019-10-19 06:20:11
1488, InuOYIOxSIqBTlMHuzji, 2019-10-05 11:17:27, 2019-10-19 06:20:11
1489, my12bDTxmwXnvgkTh54A, 2019-10-05 11:17:27, 2019-10-19 06:20:11
1490, hDELm4NnpeOXgh6qFQyr, 2019-10-05 11:17:27, 2019-10-19 06:20:11
1491, xfF4C4CYPHozOjMpdD1X, 2019-10-05 11:17:27, 2019-10-19 06:20:11
1492, 2iGwQqTXGzYbl31sRHk0, 2019-10-05 11:17:27, 2019-10-19 06:20:11
1493, T8nH0iS6NL08SkZCo0GY, 2019-10-05 11:17:27, 2019-10-19 06:20:11
1494, joAmgdaFWQZM4W2kSKby, 2019-10-05 11:17:27, 2019-10-19 06:20:11
1495, 6uhrM2qAJqzooqugnpbj, 2019-10-05 11:17:27, 2019-10-19 06:20:11
1496, B3RWJUg4skKwlnIFqyJ5, 2019-10-05 11:17:27, 2019-10-19 06:20:11
1497, tC9waQUcAa6NZHAJ0u58, 2019-10-05 11:17:27, 2019-10-19 06:20:11
1498, FZAlpHcRGuQdZdWFDilE, 2019-10-05 11:17:27, 2019-10-19 06:20:11
1499, Tt5Lk0cRCeXydgVs6GSV, 2019-10-05 11:17:27, 2019-10-19 06:20:11
1500, oFU7UH4zstRScJaVj2Pk, 2019-10-05 11:17:27, 2019-10-19 06:20:11
1501, Rqopb9yYNuUDYx3kFlwI, 2019-10-05 11:17:27, 2019-10-19 06:20:11
1502, WR2Ua0R5bYlhnIkoWUma, 2019-10-05 11:17:27, 2019-10-19 06:20:11
1503, 2B6a4lP3ZZM7U6XVjGYA, 2019-10-05 11:17:27, 2019-10-19 06:20:11
1504, 7vHhTombnoS3lSCHVkLi, 2019-10-05 11:17:27, 2019-10-19 06:20:11
1505, 6SEiF3CN62sK6144WkJc, 2019-10-05 11:17:27, 2019-10-19 06:20:11
1506, 945M620S2aWyldlANdTH, 2019-10-05 11:17:27, 2019-10-19 06:20:11
1507, LUIF2a2yRINPyGvuckfB, 2019-10-05 11:17:27, 2019-10-19 06:20:11
1508, 66a9NrpdilxsO9VLxaHU, 2019-10-05 11:17:27, 2019-10-19 06:20:11
1509, oUCVOB2VmgrhLOVg9AaF, 2019-10-05 11:17:27, 2019-10-19 06:20:11
1510, xYiSJGJJCW3uLbU7T8DP, 2019-10-05 11:17:27, 2019-10-19 06:20:11
1511, AzrJVQbwEvLVNfREGRdn, 2019-10-05 11:17:27, 2019-10-19 06:20:11
1512, nIGnOjyQizo4CKnj1rBr, 2019-10-05 11:17:27, 2019-10-19 06:20:11
1513, MHr7Ps4O1duJ80cdWhZz, 2019-10-05 11:17:27, 2019-10-19 06:20:11
1514, AgaIi0cj9lMgA22QWRtV, 2019-10-05 11:17:27, 2019-10-19 06:20:11
1515, dlFjxj7M06xmhMuxMfyt, 2019-10-05 11:17:27, 2019-10-19 06:20:11
1516, XxudFocQlwIGUXRIXJw8, 2019-10-05 11:17:27, 2019-10-19 06:20:11
1517, i7LwqmexOrT25TdbCdMP, 2019-10-05 11:17:27, 2019-10-19 06:20:11
1518, RGOPNZSgSvWvvcNWkLjO, 2019-10-05 11:17:27, 2019-10-19 06:20:11
1519, I2V2vbAWgLuwvJCA0CEl, 2019-10-05 11:17:27, 2019-10-19 06:20:11
1520, Fs5Sl4m7PAsvk7NuUP0R, 2019-10-05 11:17:27, 2019-10-19 06:20:11
1521, Evz7uxBs4sm5aMgC2nRK, 2019-10-05 11:17:27, 2019-10-19 06:20:11
1522, K04lE76GcaMxeCYUe69l, 2019-10-05 11:17:27, 2019-10-19 06:20:11
1523, e9EWMLgXjgBVXj2UtQ9A, 2019-10-05 11:17:27, 2019-10-19 06:20:11
1524, 1bqHuA6JDKI9a9DlxXoP, 2019-10-05 11:17:27, 2019-10-19 06:20:11
1525, chBm0ffN9MUkDuq83xTp, 2019-10-05 11:17:27, 2019-10-19 06:20:11
1526, HKS8wqyFBCTdwylaMj9K, 2019-10-05 11:17:27, 2019-10-19 06:20:11
1527, BwjvyFMFJIUnqXE276C6, 2019-10-05 11:17:27, 2019-10-19 06:20:11
1528, SpfKsm1oVf0bAxFC1KKp, 2019-10-05 11:17:27, 2019-10-19 06:20:11
1529, 4QCESCcwItePZNJfckM0, 2019-10-05 11:17:27, 2019-10-19 06:20:11
1530, 0H2FL32Yh8oPQFPgbyO9, 2019-10-05 11:17:27, 2019-10-19 06:20:11
1531, fzSsiZcbHUW7h58I4FWM, 2019-10-05 11:17:27, 2019-10-19 06:20:11
1532, t52blp1uc6OV80Izp0rd, 2019-10-05 11:17:27, 2019-10-19 06:20:11
1533, 4iKoIDQhSXNUX1IHspG5, 2019-10-05 11:17:27, 2019-10-19 06:20:11
1534, XzQ3BDQcoHZAUEZYInF4, 2019-10-05 11:17:27, 2019-10-19 06:20:11
1535, un7cCgrqwPep5mJDLeAE, 2019-10-05 11:17:27, 2019-10-19 06:20:11
1536, oNm9Q1wTxaGv2TsYnACS, 2019-10-05 11:17:27, 2019-10-19 06:20:11
1537, 0T82ib0ZjTwhh77KCc2D, 2019-10-05 11:17:27, 2019-10-19 06:20:11
1538, vKlA3I1s0243dWRahJSU, 2019-10-05 11:17:27, 2019-10-19 06:20:11
1539, gZiePnnHU5h0K2dFvNPW, 2019-10-05 11:17:27, 2019-10-19 06:20:11
1540, 8oeoroF3IEychVDQquuA, 2019-10-05 11:17:27, 2019-10-19 06:20:11
1541, dNuxyW3DcEavKEM1dTql, 2019-10-05 11:17:27, 2019-10-19 06:20:11
1542, VNA8X6sYbDmeA8xmnMw4, 2019-10-05 11:17:27, 2019-10-19 06:20:11
1543, JQlpHRDX3PCYhs8xDuBE, 2019-10-05 11:17:27, 2019-10-19 06:20:11
1544, G4Seg6aI4jc5yAHmlUqe, 2019-10-05 11:17:27, 2019-10-19 06:20:11
1545, xyqIkiaiPqZgzZLKBRDs, 2019-10-05 11:17:27, 2019-10-19 06:20:11
1546, LnXtv5cM7kFkO2kD4Auq, 2019-10-05 11:17:27, 2019-10-19 06:20:11
1547, LlDfxFAXEHBKGw2ioYqQ, 2019-10-05 11:17:27, 2019-10-19 06:20:11
1548, 0u3ufhswJKRu9CBbwYem, 2019-10-05 11:17:27, 2019-10-19 06:20:11
1549, 0wtgqi7UOwYFxYzR4XLO, 2019-10-05 11:17:27, 2019-10-19 06:20:11
1550, 2dpGyfjg3eznjUKEs309, 2019-10-05 11:17:27, 2019-10-19 06:20:11
1551, UzBrGXZB8TNkirpsmJeW, 2019-10-05 11:17:27, 2019-10-19 06:20:11
1552, PN6h7N7PHU95gw9JAuWP, 2019-10-05 11:17:27, 2019-10-19 06:20:11
1553, b8JfYqOz7pOPJxhGW7Ql, 2019-10-05 11:17:27, 2019-10-19 06:20:11
1554, oO6teiIVzxyb6Dq20si8, 2019-10-05 11:17:27, 2019-10-19 06:20:11
1555, 5oun2n76EkfApB3ZDlIK, 2019-10-05 11:17:27, 2019-10-19 06:20:11
1556, QTcpFA0nKA7jHODYHqEx, 2019-10-05 11:17:27, 2019-10-19 06:20:11
1557, n10QISuJNRbxGcZmP88u, 2019-10-05 11:17:27, 2019-10-19 06:20:11
1558, 0C9dDVdLGanWbIUA9DII, 2019-10-05 11:17:27, 2019-10-19 06:20:11
1559, 4ca13xF1EqBgyO4TonwF, 2019-10-05 11:17:27, 2019-10-19 06:20:11
1560, 7ZDT44VWVTeVhoaDQh0F, 2019-10-05 11:17:27, 2019-10-19 06:20:11
1561, aiaCV1zsE27Hv8KyK1sh, 2019-10-05 11:17:27, 2019-10-19 06:20:11
1562, oq0onDkfADpjvUgvMVMc, 2019-10-05 11:17:27, 2019-10-19 06:20:11
1563, wJ7hdMd6Gv94uYNiSyAZ, 2019-10-05 11:17:27, 2019-10-19 06:20:11
1564, BOupXq8xbgGWjUMcd3M7, 2019-10-05 11:17:27, 2019-10-19 06:20:11
1565, weN0rMVj9usVRsGYK7fx, 2019-10-05 11:17:27, 2019-10-19 06:20:11
1566, kgBYe6ridXIoUho1nRj0, 2019-10-05 11:17:27, 2019-10-19 06:20:11
1567, LjOfjKzQg6tSNwTfZXLU, 2019-10-05 11:17:27, 2019-10-19 06:20:11
1568, UeFTogQz3PNsrT0a9aeJ, 2019-10-05 11:17:27, 2019-10-19 06:20:11
1569, Ruy9BPy0Iu91QAI7ic5E, 2019-10-05 11:17:27, 2019-10-19 06:20:11
1570, 0um9Vm0VbIK4PJPOF1ui, 2019-10-05 11:17:27, 2019-10-19 06:20:11
1571, XQ6QfU5jaj5nD5s8iMi7, 2019-10-05 11:17:27, 2019-10-19 06:20:11
1572, XWGwaOB0nvVwJQSLg93S, 2019-10-05 11:17:27, 2019-10-19 06:20:11
1573, iugJBPyuQnBtnhtBNNAe, 2019-10-05 11:17:27, 2019-10-19 06:20:11
1574, USNxkKTQ6WtaFHEyDrKQ, 2019-10-05 11:17:27, 2019-10-19 06:20:11
1575, ehPNj70gwj7WAGvXrbAJ, 2019-10-05 11:17:27, 2019-10-19 06:20:11
1576, KDVa1MGPui89Oi13Wcnt, 2019-10-05 11:17:27, 2019-10-19 06:20:11
1577, eG1LixwIaAyTIaJKtMie, 2019-10-05 11:17:27, 2019-10-19 06:20:11
1578, 5CNs5v5KtuNfZtF6ESNJ, 2019-10-05 11:17:27, 2019-10-19 06:20:11
1579, ILXLAy7ICMeEdCrAgewX, 2019-10-05 11:17:27, 2019-10-19 06:20:11
1580, 2t3UnBEv3sdFGC9WUpXR, 2019-10-05 11:17:27, 2019-10-19 06:20:11
1581, RdSWpOWj8wvRD9l0dfoh, 2019-10-05 11:17:27, 2019-10-19 06:20:11
1582, Zzrm7uvKdo2jAQjdyVFj, 2019-10-05 11:17:27, 2019-10-19 06:20:11
1583, TEYkxlq9KLsNZfxCgcj0, 2019-10-05 11:17:27, 2019-10-19 06:20:11
1584, FeNY0eHXJJyMbxk8S84Z, 2019-10-05 11:17:27, 2019-10-19 06:20:11
1585, BYNVNnr1wbvnHvr8aSlE, 2019-10-05 11:17:27, 2019-10-19 06:20:11
1586, PM8sYqN1K5kzF5wBVEpD, 2019-10-05 11:17:27, 2019-10-19 06:20:11
1587, eDZPkkOPhgAXQB0lnRxU, 2019-10-05 11:17:27, 2019-10-19 06:20:11
1588, QoKsMbrEvT48jKw1aXVQ, 2019-10-05 11:17:27, 2019-10-19 06:20:11
1589, PxqMLZ2U7s62rjvcnIgV, 2019-10-05 11:17:27, 2019-10-19 06:20:11
1590, ICEqpuZKQzQX4xl4X9MW, 2019-10-05 11:17:27, 2019-10-19 06:20:11
1591, SNptWkWEP2FCnJ48urqK, 2019-10-05 11:17:27, 2019-10-19 06:20:11
1592, vDg22kQkSZvybPfUwAJf, 2019-10-05 11:17:27, 2019-10-19 06:20:11
1593, NB6mpzg1qMB7mOa3CQ7f, 2019-10-05 11:17:27, 2019-10-19 06:20:11
1594, NzluoQnimC0TnE0Lt6nM, 2019-10-05 11:17:27, 2019-10-19 06:20:11
1595, 6TemKgLC7eEdyZBeODBW, 2019-10-05 11:17:27, 2019-10-19 06:20:11
1596, A53FoiwYNUiLYbtL2wTS, 2019-10-05 11:17:27, 2019-10-19 06:20:11
1597, QFDRydpNcZrKKOoRHXMv, 2019-10-05 11:17:27, 2019-10-19 06:20:11
1598, XOosw9rNHMdHzGkWJFAH, 2019-10-05 11:17:27, 2019-10-19 06:20:11
1599, jiLNtmxl23bCz7eA6uBe, 2019-10-05 11:17:27, 2019-10-19 06:20:11
1600, M7NCqavGsWziQQI4ed1i, 2019-10-05 11:17:27, 2019-10-19 06:20:11
1601, OjMnZEKwjulJmXToAMhU, 2019-10-05 11:17:27, 2019-10-19 06:20:11
1602, pkyiFn7dt5TmHRe6Rx2R, 2019-10-05 11:17:27, 2019-10-19 06:20:11
1603, p3T1jszQexgA9WumFsj6, 2019-10-05 11:17:27, 2019-10-19 06:20:11
1604, uh0946CmrsZzGMpPVwT9, 2019-10-05 11:17:27, 2019-10-19 06:20:11
1605, 6GmgyCdwOGommeiRfqFy, 2019-10-05 11:17:27, 2019-10-19 06:20:11
1606, Z1FcvCJPoU2wAT5baoB4, 2019-10-05 11:17:27, 2019-10-19 06:20:11
1607, ybtzCqLl4ZzdoWEpqk4D, 2019-10-05 11:17:27, 2019-10-19 06:20:11
1608, lEsvKiJmVfGmqphD7CIl, 2019-10-05 11:17:27, 2019-10-19 06:20:11
1609, EqbJTqe4dltDcqs5TAy4, 2019-10-05 11:17:27, 2019-10-19 06:20:11
1610, gu4XaL9yOoWD4fCu54tp, 2019-10-05 11:17:27, 2019-10-19 06:20:11
1611, yETmh0qDYUk8sz00vJwz, 2019-10-05 11:17:27, 2019-10-19 06:20:11
1612, iP8gl8qY2ouJqd3ngcxN, 2019-10-05 11:17:27, 2019-10-19 06:20:11
1613, rxcAw2XtSNmdZrv7VB85, 2019-10-05 11:17:27, 2019-10-19 06:20:11
1614, HbnVbMlhmB2AaJq5t3wF, 2019-10-05 11:17:27, 2019-10-19 06:20:11
1615, yvTvErwITYBjMKyg4127, 2019-10-05 11:17:27, 2019-10-19 06:20:11
1616, TXmz7mPmOkCLONhIACzx, 2019-10-05 11:17:27, 2019-10-19 06:20:11
1617, PKDagbDORpjkMnLDSKpA, 2019-10-05 11:17:27, 2019-10-19 06:20:11
1618, 3QB8z95KmrtxNUGPKPxl, 2019-10-05 11:17:27, 2019-10-19 06:20:11
1619, h4MAr3NLXbpVPewvTtCj, 2019-10-05 11:17:27, 2019-10-19 06:20:11
1620, R42gTQ5EuxdYOiIZT2w3, 2019-10-05 11:17:27, 2019-10-19 06:20:11
1621, YWmVreYH0yUBaU5fEddE, 2019-10-05 11:17:27, 2019-10-19 06:20:12
1622, np6CJTVfJzgTmm2IY3QK, 2019-10-05 11:17:27, 2019-10-19 06:20:12
1623, 3dkhtgkKbwY4hDucubLy, 2019-10-05 11:17:27, 2019-10-19 06:20:12
1624, N4ezwCpb1Yxsf370tYSv, 2019-10-05 11:17:27, 2019-10-19 06:20:12
1625, tfrn91Nq7FYF5twwKS60, 2019-10-05 11:17:27, 2019-10-19 06:20:12
1626, YgqCEGxweJ9zelgrRQ8l, 2019-10-05 11:17:27, 2019-10-19 06:20:12
1627, 9DCBoZcxbZNBkFgwj89U, 2019-10-05 11:17:27, 2019-10-19 06:20:12
1628, oqG3c3xQqbJSoXyeb2bQ, 2019-10-05 11:17:27, 2019-10-19 06:20:12
1629, T9jS4C9oe4ffneYGKTrV, 2019-10-05 11:17:27, 2019-10-19 06:20:12
1630, tAa3g9K8js5ky7KWdmuG, 2019-10-05 11:17:27, 2019-10-19 06:20:12
1631, f1jSLTIRWXMLOprjfm0h, 2019-10-05 11:17:27, 2019-10-19 06:20:12
1632, 421Ad3st66gPNGV4Y1qW, 2019-10-05 11:17:27, 2019-10-19 06:20:12
1633, 7u0TWxRRCMwRG6cteNkx, 2019-10-05 11:17:27, 2019-10-19 06:20:12
1634, FlprByBcEeFYK6AC2SNr, 2019-10-05 11:17:27, 2019-10-19 06:20:12
1635, WZOED7J8AdZ5EwntIw92, 2019-10-05 11:17:27, 2019-10-19 06:20:12
1636, F3DMP6l0X8PtQCIMcSEJ, 2019-10-05 11:17:27, 2019-10-19 06:20:12
1637, e9Hy032Almkl7xpraeIA, 2019-10-05 11:17:27, 2019-10-19 06:20:12
1638, s3oPuju0mIOa6h1r5lHq, 2019-10-05 11:17:27, 2019-10-19 06:20:12
1639, g7zm8qmTeAeUXpOR6wCH, 2019-10-05 11:17:27, 2019-10-19 06:20:12
1640, LVbSsl4RZ4FMiykf2ZX9, 2019-10-05 11:17:27, 2019-10-19 06:20:12
1641, kyENNOQ2riCpKJxJKx76, 2019-10-05 11:17:27, 2019-10-19 06:20:12
1642, 0TG8rsD6lgOkuhYttZQL, 2019-10-05 11:17:27, 2019-10-19 06:20:12
1643, ej9Tu8jS7nydW7WRTZoi, 2019-10-05 11:17:27, 2019-10-19 06:20:12
1644, 3ZLI7fiBoNF2KcEqddPb, 2019-10-05 11:17:27, 2019-10-19 06:20:12
1645, TeXQsskLTmDEd4xi8ObP, 2019-10-05 11:17:27, 2019-10-19 06:20:12
1646, i1dYXWDdU7OhQCxWHMen, 2019-10-05 11:17:27, 2019-10-19 06:20:12
1647, 8FpC4kSHhJj2vzTd5Zpq, 2019-10-05 11:17:27, 2019-10-19 06:20:12
1648, TWjBgRSqohvztEtIvAn7, 2019-10-05 11:17:27, 2019-10-19 06:20:12
1649, zL7yQNQ88stf8UV20JZu, 2019-10-05 11:17:27, 2019-10-19 06:20:12
1650, A32sGzE9EuY129YCVATm, 2019-10-05 11:17:27, 2019-10-19 06:20:12
1651, CFalifjV4oKamx63cKcy, 2019-10-05 11:17:27, 2019-10-19 06:20:12
1652, KmgeLlUU9NPtFW0bizSA, 2019-10-05 11:17:27, 2019-10-19 06:20:13
1653, ps25ztV04UPaq8BCX5kh, 2019-10-05 11:17:27, 2019-10-19 06:20:13
1654, xoYOF2x8Y4SvlGFhNmzr, 2019-10-05 11:17:27, 2019-10-19 06:20:13
1655, asRuryv8cgfoAqpqVZkG, 2019-10-05 11:17:27, 2019-10-19 06:20:13
1656, K3NrqcuCijPqy96FYRvq, 2019-10-05 11:17:27, 2019-10-19 06:20:13
1657, HxZjgyfhnYuLMJPrPK4H, 2019-10-05 11:17:27, 2019-10-19 06:20:13
1658, u0lkSAzw6GvKPEq9b4Gc, 2019-10-05 11:17:27, 2019-10-19 06:20:13
1659, e5t4hurvc2lVKwuVd3jx, 2019-10-05 11:17:27, 2019-10-19 06:20:13
1660, wCSgEIdllJtLfG7vMVw3, 2019-10-05 11:17:27, 2019-10-19 06:20:13
1661, jrdiqsa62NxVavFzFLv3, 2019-10-05 11:17:27, 2019-10-19 06:20:13
1662, qIGpfWAhjpS3Mt3CcvYR, 2019-10-05 11:17:27, 2019-10-19 06:20:13
1663, OwR8By8HzcAtpnmKpl8B, 2019-10-05 11:17:27, 2019-10-19 06:20:13
1664, 7TLNi4LJuWrh9sfrhXNX, 2019-10-05 11:17:27, 2019-10-19 06:20:13
1665, hB0k2Ac8Dp0bb66hwCL8, 2019-10-05 11:17:27, 2019-10-19 06:20:13
1666, 61Jnz0e9awPVrttH2KGr, 2019-10-05 11:17:27, 2019-10-19 06:20:13
1667, 6TMyZ6PkADwfP5jpB3Vd, 2019-10-05 11:17:27, 2019-10-19 06:20:13
1668, JcSnrazEx3kTWYaBNIpp, 2019-10-05 11:17:27, 2019-10-19 06:20:13
1669, sb69iP2udGTmIebLGavN, 2019-10-05 11:17:27, 2019-10-19 06:20:13
1670, Drro0E8Q0qGS3t7pkpAT, 2019-10-05 11:17:27, 2019-10-19 06:20:13
1671, UvlQkp059WaU1uT2Mgdu, 2019-10-05 11:17:27, 2019-10-19 06:20:13
1672, dmbkXZepHpenfpPLq3vH, 2019-10-05 11:17:27, 2019-10-19 06:20:13
1673, M3mxQfTeaIBgnasSKMXW, 2019-10-05 11:17:27, 2019-10-19 06:20:13
1674, PpHwjtSmKkyHjkh9k6ji, 2019-10-05 11:17:27, 2019-10-19 06:20:13
1675, W8MJNves7S3WscexQHxb, 2019-10-05 11:17:27, 2019-10-19 06:20:13
1676, 2EruOdT3OqXALIhxwOe4, 2019-10-05 11:17:27, 2019-10-19 06:20:13
1677, xp3b10fPf3oTorok1CfA, 2019-10-05 11:17:27, 2019-10-19 06:20:13
1678, AZ6pwqOwAdsv7ufEprVJ, 2019-10-05 11:17:27, 2019-10-19 06:20:13
1679, mU6MKiy5yNCy05PknUKQ, 2019-10-05 11:17:27, 2019-10-19 06:20:13
1680, Zp2zqeJDVMyF2LWGb6X6, 2019-10-05 11:17:27, 2019-10-19 06:20:13
1681, Nns1kuT3ynuXDAa9eHhb, 2019-10-05 11:17:27, 2019-10-19 06:20:13
1682, LKKkERUQj8XycSQDjpLG, 2019-10-05 11:17:27, 2019-10-19 06:20:13
1683, mcGJJxHcotvwJmX3l31e, 2019-10-05 11:17:27, 2019-10-19 06:20:13
1684, HyW45ccFpFc42MHyCH93, 2019-10-05 11:17:27, 2019-10-19 06:20:13
1685, 0FQVoE34No7BnOnLa80L, 2019-10-05 11:17:27, 2019-10-19 06:20:13
1686, 7Hve6m6ZPX5XmfHSw4If, 2019-10-05 11:17:27, 2019-10-19 06:20:13
1687, Lmc3r9KoYv9ndyf3aR2j, 2019-10-05 11:17:27, 2019-10-19 06:20:13
1688, W7JsXOkvlRO83YkfHvMn, 2019-10-05 11:17:27, 2019-10-19 06:20:13
1689, 8wYPkHEw77a5hQIlwdA8, 2019-10-05 11:17:27, 2019-10-19 06:20:13
1690, OqD15Ss81OxziNVXFLmv, 2019-10-05 11:17:27, 2019-10-19 06:20:13
1691, 095whRhNEBnD4b30btQ4, 2019-10-05 11:17:27, 2019-10-19 06:20:13
1692, JsHpgZaRbqujQWPnI28A, 2019-10-05 11:17:27, 2019-10-19 06:20:13
1693, x3fRDG6aI9lMq9ruShlI, 2019-10-05 11:17:27, 2019-10-19 06:20:13
1694, joc6vIOUZggx3YVPTrsm, 2019-10-05 11:17:27, 2019-10-19 06:20:14
1695, kOPlMzcl5sVa8DiPn5Fb, 2019-10-05 11:17:27, 2019-10-19 06:20:14
1696, l6960VNqNEssUY68eXSh, 2019-10-05 11:17:27, 2019-10-19 06:20:14
1697, 2g0tinuj2F3mcgkMsOwJ, 2019-10-05 11:17:27, 2019-10-19 06:20:14
1698, aNoAIVzN8ArADlCQqzr0, 2019-10-05 11:17:27, 2019-10-19 06:20:14
1699, 4W1l64aAhn0fMAHwdpUC, 2019-10-05 11:17:27, 2019-10-19 06:20:14
1700, FMywgV3Rt1LPyclcyMLc, 2019-10-05 11:17:27, 2019-10-19 06:20:14
1701, e9pKz6R0BOQD3UhffMXh, 2019-10-05 11:17:27, 2019-10-19 06:20:14
1702, dkb3qnsYs9KDmcUgqwOS, 2019-10-05 11:17:27, 2019-10-19 06:20:14
1703, J6F9eMuPnyPHgYsJHLdN, 2019-10-05 11:17:27, 2019-10-19 06:20:14
1704, jB77sGPbyGFWHtdQj6Yv, 2019-10-05 11:17:27, 2019-10-19 06:20:14
1705, XUGBekjgVFFynE7q7i9D, 2019-10-05 11:17:27, 2019-10-19 06:20:14
1706, LiOAmcHejEFJUaDcnPYM, 2019-10-05 11:17:27, 2019-10-19 06:20:14
1707, 8euv9XnFkbYHVXZfWCAW, 2019-10-05 11:17:27, 2019-10-19 06:20:14
1708, Z09rR5U3ERbSkHswnTOB, 2019-10-05 11:17:27, 2019-10-19 06:20:14
1709, hytD0gyurg4koxHkZXiH, 2019-10-05 11:17:27, 2019-10-19 06:20:14
1710, FYX7W4GWcK8djvN2iO4B, 2019-10-05 11:17:27, 2019-10-19 06:20:14
1711, MsTqOuEcLFkHhcULpf5G, 2019-10-05 11:17:27, 2019-10-19 06:20:14
1712, vTTTtRBdTS4govXUnePI, 2019-10-05 11:17:27, 2019-10-19 06:20:14
1713, JL5dNIVbBzehl5deFviT, 2019-10-05 11:17:27, 2019-10-19 06:20:14
1714, UzrJF530l9MkGaVqjrSY, 2019-10-05 11:17:27, 2019-10-19 06:20:14
1715, RLuftQxMUEqTSCBKAFUa, 2019-10-05 11:17:27, 2019-10-19 06:20:14
1716, 9ByBrEjCxp2MACrDcpt4, 2019-10-05 11:17:27, 2019-10-19 06:20:14
1717, kRXTWdtkSdMZZJXRmkOG, 2019-10-05 11:17:27, 2019-10-19 06:20:14
1718, L9btWWKiTGAJRLy3fnKR, 2019-10-05 11:17:27, 2019-10-19 06:20:14
1719, MFDCQRR829lRdTopBleu, 2019-10-05 11:17:27, 2019-10-19 06:20:14
1720, HyavkCi3vHutDbSAoury, 2019-10-05 11:17:27, 2019-10-19 06:20:14
1721, Gnyc17hytEOJyECHGr8r, 2019-10-05 11:17:27, 2019-10-19 06:20:14
1722, 0mD3QLlBOCIxQOHe60P4, 2019-10-05 11:17:27, 2019-10-19 06:20:14
1723, CkfBhh9lL4jBzh1Dob2F, 2019-10-05 11:17:27, 2019-10-19 06:20:14
1724, kkJjRI4edkJ7DZqUSCfw, 2019-10-05 11:17:27, 2019-10-19 06:20:14
1725, dpni54mi5d96JFbcBfFl, 2019-10-05 11:17:27, 2019-10-19 06:20:14
1726, zOZe1PZ2p7et52j14mzn, 2019-10-05 11:17:27, 2019-10-19 06:20:14
1727, hzpTUwyHAM549v9macvp, 2019-10-05 11:17:27, 2019-10-19 06:20:14
1728, qjcmH9LkkYju0hsFgpmt, 2019-10-05 11:17:27, 2019-10-19 06:20:14
1729, AamI3wbmcuAR4329xPHK, 2019-10-05 11:17:27, 2019-10-19 06:20:14
1730, sR0TJvyc2ujzAyIOSWo2, 2019-10-05 11:17:27, 2019-10-19 06:20:14
1731, g3O39HOpmIxD3Ul5HHUH, 2019-10-05 11:17:27, 2019-10-19 06:20:14
1732, QrATq3czqFt9EpL7Ml2Q, 2019-10-05 11:17:27, 2019-10-19 06:20:14
1733, jcPU9YSeVUk5mRbNzlmj, 2019-10-05 11:17:27, 2019-10-19 06:20:14
1734, O3wj6tpllm4fOK0ou1cD, 2019-10-05 11:17:27, 2019-10-19 06:20:14
1735, OhdeAjWBGKzclFR1146n, 2019-10-05 11:17:27, 2019-10-19 06:20:14
1736, N4rS8ubyw5kPOVVEkP0U, 2019-10-05 11:17:27, 2019-10-19 06:20:14
1737, n6tWY4IyeZC7MlC85p51, 2019-10-05 11:17:27, 2019-10-19 06:20:14
1738, 800x3WRLYO6RvQqZLZwU, 2019-10-05 11:17:27, 2019-10-19 06:20:14
1739, jYGBEapdc4Py2GsY7m6d, 2019-10-05 11:17:27, 2019-10-19 06:20:14
1740, V3W3UJ3pCyoX7FspOPXK, 2019-10-05 11:17:27, 2019-10-19 06:20:14
1741, nuoMCTqEuB7tOd4pOXKS, 2019-10-05 11:17:27, 2019-10-19 06:20:14
1742, pchX9YbTNlyjE81vokd7, 2019-10-05 11:17:27, 2019-10-19 06:20:14
1743, 40h9Vns0y5TbqG6CLNHv, 2019-10-05 11:17:27, 2019-10-19 06:20:14
1744, 7FTU805gg4mHwQ2tBJ53, 2019-10-05 11:17:27, 2019-10-19 06:20:14
1745, lOEM8uDGdTeDFp6PAEz6, 2019-10-05 11:17:27, 2019-10-19 06:20:14
1746, LCQJZOtyZ4PCXi24Ffv4, 2019-10-05 11:17:27, 2019-10-19 06:20:14
1747, NkMcMMVHoz3zpVxtPQOh, 2019-10-05 11:17:27, 2019-10-19 06:20:14
1748, 15fkTJxDCGrn2pj6Dsm6, 2019-10-05 11:17:27, 2019-10-19 06:20:14
1749, DKFr6hIgBBD1kOYwWVoX, 2019-10-05 11:17:27, 2019-10-19 06:20:14
1750, dOKesvMYzMGNj2oyxRg9, 2019-10-05 11:17:27, 2019-10-19 06:20:14
1751, 8XnigWHWvxv5X9Vm8710, 2019-10-05 11:17:27, 2019-10-19 06:20:14
1752, BHo8WejjQi2q03T6wRjC, 2019-10-05 11:17:27, 2019-10-19 06:20:14
1753, UM7asdIABZsehNIUPJ52, 2019-10-05 11:17:27, 2019-10-19 06:20:14
1754, VAqQnUgVrPRxlCA5N3TK, 2019-10-05 11:17:27, 2019-10-19 06:20:14
1755, g6rXjGa9vx6hHzK3QTaV, 2019-10-05 11:17:27, 2019-10-19 06:20:14
1756, A16bv4mXMgCsUmZE89le, 2019-10-05 11:17:27, 2019-10-19 06:20:14
1757, hwtLS8XmZEyuFXaZhxNl, 2019-10-05 11:17:27, 2019-10-19 06:20:14
1758, 84TtUdAg5cpkANAyaqZS, 2019-10-05 11:17:27, 2019-10-19 06:20:14
1759, U7RqVrPArzOxlK3irOII, 2019-10-05 11:17:27, 2019-10-19 06:20:14
1760, FqSLKwo2fyPxssmeyqFI, 2019-10-05 11:17:27, 2019-10-19 06:20:14
1761, ufhY9LiVrf0eKFmRBtew, 2019-10-05 11:17:27, 2019-10-19 06:20:14
1762, xwpIuMRmKs8ihOVQpCFF, 2019-10-05 11:17:27, 2019-10-19 06:20:14
1763, 1f4c8bLa2HkAKvY1qX2Q, 2019-10-05 11:17:27, 2019-10-19 06:20:14
1764, GI0Kdj0YXhwZNHwoVIVR, 2019-10-05 11:17:27, 2019-10-19 06:20:14
1765, gxF6544pzxH8uVeSHCmD, 2019-10-05 11:17:27, 2019-10-19 06:20:14
1766, 5e4DqCLUCsQzcT55RwZH, 2019-10-05 11:17:27, 2019-10-19 06:20:14
1767, bH2W2Z7JH0V7nN0Svr8p, 2019-10-05 11:17:27, 2019-10-19 06:20:14
1768, SBLNlUFt1xKEAxHmXeCU, 2019-10-05 11:17:27, 2019-10-19 06:20:14
1769, oC3RyMQTS6OatimdGt9c, 2019-10-05 11:17:27, 2019-10-19 06:20:14
1770, 5ENCXAg7f5gyqmGHAJuN, 2019-10-05 11:17:27, 2019-10-19 06:20:14
1771, 6VP3H795fPLUI9QL0nC6, 2019-10-05 11:17:27, 2019-10-19 06:20:14
1772, JCeGZW9SXp5535HCZc4Y, 2019-10-05 11:17:27, 2019-10-19 06:20:14
1773, bfLxIzCE4E13fZpGAzbk, 2019-10-05 11:17:27, 2019-10-19 06:20:14
1774, 5r0Vp1eP1yUrp6RcFtYt, 2019-10-05 11:17:27, 2019-10-19 06:20:14
1775, xueIhvrmqZsK7oDFssOM, 2019-10-05 11:17:27, 2019-10-19 06:20:14
1776, BdAvvVGMGThGpWrq1Mx6, 2019-10-05 11:17:27, 2019-10-19 06:20:14
1777, Zocfnc9FrKISIy8U4lkR, 2019-10-05 11:17:27, 2019-10-19 06:20:14
1778, v3sCmWQBs2fCF0bkNKQe, 2019-10-05 11:17:27, 2019-10-19 06:20:14
1779, iFlbnDDJ5AzkpMQWTF7Y, 2019-10-05 11:17:27, 2019-10-19 06:20:14
1780, CvPVGNORt2VMlxrFHKYz, 2019-10-05 11:17:27, 2019-10-19 06:20:14
1781, nNK1LBxv2l6idYVFZ2pD, 2019-10-05 11:17:27, 2019-10-19 06:20:14
1782, gpRUemBtSjSs2b9FDK04, 2019-10-05 11:17:27, 2019-10-19 06:20:14
1783, BjWcGv8XO4C2TFCOs39Q, 2019-10-05 11:17:27, 2019-10-19 06:20:14
1784, epLka2sXfIAnJjLJjVXq, 2019-10-05 11:17:27, 2019-10-19 06:20:14
1785, 718N8KRKlBKsgcwVHcap, 2019-10-05 11:17:27, 2019-10-19 06:20:14
1786, d0SvwXBRLYpYbTihD53r, 2019-10-05 11:17:27, 2019-10-19 06:20:14
1787, rHrlLXj4rmNcAYVUQwKL, 2019-10-05 11:17:27, 2019-10-19 06:20:14
1788, m8PELwwxEJo8LjC0CvDF, 2019-10-05 11:17:27, 2019-10-19 06:20:14
1789, At1ZG4PixSfhBXXIhxGU, 2019-10-05 11:17:27, 2019-10-19 06:20:15
1790, DTkO8e2sUsZ7rhBPTrbS, 2019-10-05 11:17:27, 2019-10-19 06:20:15
1791, 1nRhqaCsATEeiFjh8kJh, 2019-10-05 11:17:27, 2019-10-19 06:20:15
1792, b4Nzdgg0jLrbbDA3CxHi, 2019-10-05 11:17:27, 2019-10-19 06:20:15
1793, tYw2HdPuakTPwolfi01i, 2019-10-05 11:17:27, 2019-10-19 06:20:15
1794, lqTdPGGTudf276FNiFhj, 2019-10-05 11:17:27, 2019-10-19 06:20:15
1795, c5BpDu7u8CSWkA9rrU3R, 2019-10-05 11:17:27, 2019-10-19 06:20:15
1796, Mg9bWM4SZWsEfupXnnbm, 2019-10-05 11:17:27, 2019-10-19 06:20:15
1797, eX1okCkDYOIRRL8tsv16, 2019-10-05 11:17:27, 2019-10-19 06:20:15
1798, F16XeIBJXrh8UGlHyyoV, 2019-10-05 11:17:27, 2019-10-19 06:20:15
1799, aQdA07vsdA0pyTT5I62b, 2019-10-05 11:17:27, 2019-10-19 06:20:15
1800, 9DfTrGjulHRkZitRFd4g, 2019-10-05 11:17:27, 2019-10-19 06:20:15
1801, f6aAWoyuSdpJ78rt78NT, 2019-10-05 11:17:27, 2019-10-19 06:20:15
1802, 6ryd1SSvcGuhvbCVNf6W, 2019-10-05 11:17:27, 2019-10-19 06:20:15
1803, 8bTq4KO1kC6HFrA8r1wy, 2019-10-05 11:17:27, 2019-10-19 06:20:15
1804, o1ImeO2DlffbcismqlXZ, 2019-10-05 11:17:27, 2019-10-19 06:20:15
1805, CrzxwSlP0uAHbC9xX8Xx, 2019-10-05 11:17:27, 2019-10-19 06:20:15
1806, VLa2ro4N8yZXnLLeJx7R, 2019-10-05 11:17:27, 2019-10-19 06:20:15
1807, JJ5SftQS1uWEfyFDQ9ud, 2019-10-05 11:17:27, 2019-10-19 06:20:15
1808, oTzN8HQa9QNtZb5AmL2O, 2019-10-05 11:17:27, 2019-10-19 06:20:15
1809, 7mMHm1jl14KwksaRsJ2w, 2019-10-05 11:17:27, 2019-10-19 06:20:15
1810, gATR4F6hWpxkBgJizcsA, 2019-10-05 11:17:27, 2019-10-19 06:20:15
1811, OtEkGm9oDf8Mu1He1mom, 2019-10-05 11:17:27, 2019-10-19 06:20:15
1812, Lzctk22lTNbxfMdMwFde, 2019-10-05 11:17:27, 2019-10-19 06:20:15
1813, eFceyehcaw5PzOtNsgti, 2019-10-05 11:17:27, 2019-10-19 06:20:15
1814, NSBATvr8Yhh8XtTDuH3V, 2019-10-05 11:17:27, 2019-10-19 06:20:15
1815, qXatobPU2lhvbN0x3b0K, 2019-10-05 11:17:27, 2019-10-19 06:20:15
1816, w4FZtoPsr2n9QxyoarMm, 2019-10-05 11:17:27, 2019-10-19 06:20:15
1817, inanMVOpbG2D59JARfrx, 2019-10-05 11:17:27, 2019-10-19 06:20:15
1818, fO2bHBrqeYRhKaeB1AJC, 2019-10-05 11:17:27, 2019-10-19 06:20:15
1819, MD4cYdOVJqvOixCVZKdI, 2019-10-05 11:17:27, 2019-10-19 06:20:15
1820, eRU6qkjEAQgiZjeyOy3g, 2019-10-05 11:17:27, 2019-10-19 06:20:15
1821, nc0lcCVk1ajdpPMCu8hA, 2019-10-05 11:17:27, 2019-10-19 06:20:15
1822, h1Hf8ld6LX2JL5d3ZUyh, 2019-10-05 11:17:27, 2019-10-19 06:20:15
1823, tbq2emKdYUBYlndVGbp6, 2019-10-05 11:17:27, 2019-10-19 06:20:15
1824, t0VZMh6dlgP8qewu8MVd, 2019-10-05 11:17:27, 2019-10-19 06:20:15
1825, 772C4zsWIST2VxhcPRRq, 2019-10-05 11:17:27, 2019-10-19 06:20:15
1826, qYrxJQBB7aqPh2SYjFLs, 2019-10-05 11:17:27, 2019-10-19 06:20:15
1827, UgDYRUKg0vDEwPByQHpF, 2019-10-05 11:17:27, 2019-10-19 06:20:15
1828, p32w2Gd75SCRTTcLtZbI, 2019-10-05 11:17:27, 2019-10-19 06:20:15
1829, 7mFBBkjLztxevj3RyOUG, 2019-10-05 11:17:27, 2019-10-19 06:20:15
1830, B7ChwuGLFw0a7GY77wDt, 2019-10-05 11:17:27, 2019-10-19 06:20:15
1831, rnj6NpwjVFqrB7OUqHW9, 2019-10-05 11:17:27, 2019-10-19 06:20:15
1832, CefsOuAqdat0Ly3pHod6, 2019-10-05 11:17:27, 2019-10-19 06:20:15
1833, 9rORnsyB2CrvgigthUFF, 2019-10-05 11:17:27, 2019-10-19 06:20:15
1834, KbYwpdV4nxKh8RyFIXzx, 2019-10-05 11:17:27, 2019-10-19 06:20:15
1835, DfGoGnwnom6ICov5YKBu, 2019-10-05 11:17:27, 2019-10-19 06:20:15
1836, LXQSSu2nzQvpcgSafxbp, 2019-10-05 11:17:27, 2019-10-19 06:20:15
1837, abP1dMP4HLKmrRRvhpLo, 2019-10-05 11:17:27, 2019-10-19 06:20:15
1838, h3nd78iuvRFAobbeykPW, 2019-10-05 11:17:27, 2019-10-19 06:20:15
1839, G2qSPLw58zV0CzXVWjYn, 2019-10-05 11:17:27, 2019-10-19 06:20:15
1840, kDwQSTXCoRK2JZ6PAr8y, 2019-10-05 11:17:27, 2019-10-19 06:20:15
1841, fh0X4LfnNFf2n7cCgJbb, 2019-10-05 11:17:27, 2019-10-19 06:20:15
1842, AaT9kQ2v5JdTQ544mGlh, 2019-10-05 11:17:27, 2019-10-19 06:20:15
1843, Ckz82evjS1ViSn8ZXb9Z, 2019-10-05 11:17:27, 2019-10-19 06:20:15
1844, gB72bMxqoD4oybKWkT2a, 2019-10-05 11:17:27, 2019-10-19 06:20:15
1845, kSL76IGHuMLWwuu0G1EF, 2019-10-05 11:17:27, 2019-10-19 06:20:15
1846, ZVA1s33UQOgtDioKZ901, 2019-10-05 11:17:27, 2019-10-19 06:20:15
1847, mI1SFoKvUFOQIjZLojma, 2019-10-05 11:17:27, 2019-10-19 06:20:15
1848, kamFJZ0cyvriKwbjPtJK, 2019-10-05 11:17:27, 2019-10-19 06:20:15
1849, eT9nI0NxmstbkHGB8U8C, 2019-10-05 11:17:27, 2019-10-19 06:20:16
1850, yk44LxKWhxaLIBS4Hm8h, 2019-10-05 11:17:27, 2019-10-19 06:20:16
1851, N1ON6e2Q9NVEBRazERax, 2019-10-05 11:17:27, 2019-10-19 06:20:16
1852, iSEAkYy5x7SqzBPQrhqM, 2019-10-05 11:17:27, 2019-10-19 06:20:16
1853, cF0UEHrsAfpJHuS8u9KE, 2019-10-05 11:17:27, 2019-10-19 06:20:16
1854, jG2WUTiJJTtMBMU03nGB, 2019-10-05 11:17:27, 2019-10-19 06:20:16
1855, 8sc7un1KS6CVGTRRM2MW, 2019-10-05 11:17:27, 2019-10-19 06:20:16
1856, sbX4bBeHQXHz3Kwj2Dyz, 2019-10-05 11:17:27, 2019-10-19 06:20:16
1857, rdWpnBNjFffTDtHbr9rF, 2019-10-05 11:17:27, 2019-10-19 06:20:16
1858, iQaWkjT25SVZHiVPUbcj, 2019-10-05 11:17:27, 2019-10-19 06:20:16
1859, yXNKPoNq55yuHwa2KnbK, 2019-10-05 11:17:27, 2019-10-19 06:20:16
1860, DV422mDWOgglbRoX54cX, 2019-10-05 11:17:27, 2019-10-19 06:20:16
1861, U5qTNEMMTOoV0q9AKjds, 2019-10-05 11:17:27, 2019-10-19 06:20:16
1862, s0ypzFYgtRjs49vSVQum, 2019-10-05 11:17:27, 2019-10-19 06:20:16
1863, kCDsGMiWsHMQ4bykKKdq, 2019-10-05 11:17:27, 2019-10-19 06:20:16
1864, LXxpizFal6i1jA3tQK5u, 2019-10-05 11:17:27, 2019-10-19 06:20:16
1865, ajjCahuXOCHaYiEN5rl2, 2019-10-05 11:17:27, 2019-10-19 06:20:16
1866, fCUoIKQV3a46rjTyTPtE, 2019-10-05 11:17:27, 2019-10-19 06:20:16
1867, pRs1lT6KwNV4MxUoooNb, 2019-10-05 11:17:27, 2019-10-19 06:20:16
1868, IQw69On6cYfoiraHbGkM, 2019-10-05 11:17:27, 2019-10-19 06:20:16
1869, bsKqWQUoBv6fd6Gk0ZtR, 2019-10-05 11:17:27, 2019-10-19 06:20:16
1870, 9Yl7ZumA96m7NmoTwoB2, 2019-10-05 11:17:27, 2019-10-19 06:20:16
1871, xyHEOCDaIuOYdbY8EhYA, 2019-10-05 11:17:27, 2019-10-19 06:20:16
1872, 9nw6vMvhU4DywjLanGI0, 2019-10-05 11:17:27, 2019-10-19 06:20:16
1873, ut3qhNoMHwhwXvxZ6Lv1, 2019-10-05 11:17:27, 2019-10-19 06:20:16
1874, hLIRjeHWKceKj9bioQK7, 2019-10-05 11:17:27, 2019-10-19 06:20:16
1875, 8cpXM3YLXj6SsOwLarAC, 2019-10-05 11:17:27, 2019-10-19 06:20:16
1876, erda5OW7akePPN4RswoY, 2019-10-05 11:17:27, 2019-10-19 06:20:16
1877, 6sAgcRGztB1oiUL8bcdg, 2019-10-05 11:17:27, 2019-10-19 06:20:16
1878, d2r1bf71ZGPNzEByoDPy, 2019-10-05 11:17:27, 2019-10-19 06:20:16
1879, eFR8rhz50AynBt1MlcRk, 2019-10-05 11:17:27, 2019-10-19 06:20:16
1880, 6t9NbwtX3Fuwh8Y6El5A, 2019-10-05 11:17:27, 2019-10-19 06:20:16
1881, EdWfz2Rb73hcHBQzChOT, 2019-10-05 11:17:27, 2019-10-19 06:20:16
1882, 94bVbJ4kFXiGnGdggSAQ, 2019-10-05 11:17:27, 2019-10-19 06:20:16
1883, lg3DItDVJgDFNYEY5wVI, 2019-10-05 11:17:27, 2019-10-19 06:20:16
1884, SBPA7VRJ1V3V7Bbzj8Vn, 2019-10-05 11:17:27, 2019-10-19 06:20:16
1885, w5xxtjuN4wqebufHoXMR, 2019-10-05 11:17:27, 2019-10-19 06:20:16
1886, hF4jh1Ojgqj9KMWXd4sh, 2019-10-05 11:17:27, 2019-10-19 06:20:16
1887, XgA4wY20XEvNK3e83jiS, 2019-10-05 11:17:27, 2019-10-19 06:20:16
1888, qtxXv3hzakiu7KXIMTCQ, 2019-10-05 11:17:27, 2019-10-19 06:20:16
1889, F5niYFgvaorMbuptWSp5, 2019-10-05 11:17:27, 2019-10-19 06:20:16
1890, vm4bhOSzVyLj34LZ52fX, 2019-10-05 11:17:27, 2019-10-19 06:20:16
1891, 2IyaXHnwdN5gY44AS4HY, 2019-10-05 11:17:27, 2019-10-19 06:20:16
1892, 7PBH8Wa0IIZXR2vHs8Me, 2019-10-05 11:17:27, 2019-10-19 06:20:16
1893, mnq3rK2OFoMX9GObBK7p, 2019-10-05 11:17:27, 2019-10-19 06:20:16
1894, tsgeTyyflN6E37EFodsr, 2019-10-05 11:17:27, 2019-10-19 06:20:16
1895, gt9fwO3dSu761IFcKgiQ, 2019-10-05 11:17:27, 2019-10-19 06:20:16
1896, 1g83hd9h0j6Aujftu5mH, 2019-10-05 11:17:27, 2019-10-19 06:20:16
1897, qFKrMMHQjGQTmulhIs41, 2019-10-05 11:17:27, 2019-10-19 06:20:16
1898, G7LxLDh9KOdpEshIBqwf, 2019-10-05 11:17:27, 2019-10-19 06:20:16
1899, W8J0HT2iH8aj3Zf1Ctjf, 2019-10-05 11:17:27, 2019-10-19 06:20:16
1900, 2f2zlDOxjhaEjI2e81yv, 2019-10-05 11:17:27, 2019-10-19 06:20:16
1901, 0GLxidkDHmEHbxTgX1cs, 2019-10-05 11:17:27, 2019-10-19 06:20:16
1902, QGOpwQChYZLGBAB71SPS, 2019-10-05 11:17:27, 2019-10-19 06:20:16
1903, EtUikYjRjsy849F9PHZI, 2019-10-05 11:17:27, 2019-10-19 06:20:16
1904, w26jWixzrpfmu8UoVPaE, 2019-10-05 11:17:27, 2019-10-19 06:20:16
1905, NnUF2sLaJyHyvpGSQsC2, 2019-10-05 11:17:27, 2019-10-19 06:20:16
1906, iZwK4YfNSNIUgwPRUlFI, 2019-10-05 11:17:27, 2019-10-19 06:20:16
1907, 43Ryx39lTYAxS01ecyVe, 2019-10-05 11:17:27, 2019-10-19 06:20:16
1908, huKCSx0gU8hNlZFJNjC4, 2019-10-05 11:17:27, 2019-10-19 06:20:16
1909, CoYI2z1iQjuU8hp7f39a, 2019-10-05 11:17:27, 2019-10-19 06:20:16
1910, pyOwEoFqF14nOOFzppCT, 2019-10-05 11:17:27, 2019-10-19 06:20:16
1911, 0Yvx8T3bwdkzLF5Ll7mc, 2019-10-05 11:17:27, 2019-10-19 06:20:16
1912, bXlBhJ8VROBfLTLqmZo3, 2019-10-05 11:17:27, 2019-10-19 06:20:16
1913, 4dszGlStWDbdLbOVF8Kk, 2019-10-05 11:17:27, 2019-10-19 06:20:16
1914, 4542xfUQMQ5NEtVL4T3A, 2019-10-05 11:17:27, 2019-10-19 06:20:16
1915, 4E9S1xae6Qk5av5emyWL, 2019-10-05 11:17:27, 2019-10-19 06:20:16
1916, 4dQ71aV4PbKgyOzcnaPb, 2019-10-05 11:17:27, 2019-10-19 06:20:16
1917, 6tubEKdyUZcJJXoynuvZ, 2019-10-05 11:17:27, 2019-10-19 06:20:16
1918, LnEPZ9Ry5mIEf1refSIy, 2019-10-05 11:17:27, 2019-10-19 06:20:16
1919, 7yu6imXBzyZGmSOkkhnw, 2019-10-05 11:17:27, 2019-10-19 06:20:16
1920, rRL2oLG4gv6koKr7gHBT, 2019-10-05 11:17:27, 2019-10-19 06:20:16
1921, vlZ5mYZzncNKldR4233E, 2019-10-05 11:17:27, 2019-10-19 06:20:16
1922, WgfoZwldbQznEq6UMnhF, 2019-10-05 11:17:27, 2019-10-19 06:20:16
1923, q0WLtxERQxKFsmBITqnz, 2019-10-05 11:17:27, 2019-10-19 06:20:16
1924, 6WhB71i7LtfVw2jGb5dY, 2019-10-05 11:17:27, 2019-10-19 06:20:16
1925, TQwxQUKRyKxpB9xiq3ET, 2019-10-05 11:17:27, 2019-10-19 06:20:16
1926, 6PIUhnM0CC0FZkcd39kV, 2019-10-05 11:17:27, 2019-10-19 06:20:16
1927, Q5xMZPAtCmY96UPi6vyu, 2019-10-05 11:17:27, 2019-10-19 06:20:16
1928, srqdImcVViyohc2RtjQm, 2019-10-05 11:17:27, 2019-10-19 06:20:16
1929, 08pj7FR7MkoSpVlobZSk, 2019-10-05 11:17:27, 2019-10-19 06:20:16
1930, bEV9GplBG758TOqu7AqK, 2019-10-05 11:17:27, 2019-10-19 06:20:16
1931, S1DGtdIuCWYDyDRwXueG, 2019-10-05 11:17:27, 2019-10-19 06:20:16
1932, vPDFW6Ka1vlyFSehyKIk, 2019-10-05 11:17:27, 2019-10-19 06:20:16
1933, Jv0lR13aGxXAsDRsMAeP, 2019-10-05 11:17:27, 2019-10-19 06:20:16
1934, JieWLFDrONSF54xwS9MR, 2019-10-05 11:17:27, 2019-10-19 06:20:16
1935, sWLTq8yeBgbkdzziSEHp, 2019-10-05 11:17:27, 2019-10-19 06:20:16
1936, XHR7eIdz3NaFekw9aGle, 2019-10-05 11:17:27, 2019-10-19 06:20:16
1937, Nulro3iBFMwib5fHAhNF, 2019-10-05 11:17:27, 2019-10-19 06:20:16
1938, 7FGGU1VNphAN2Hcs2SYs, 2019-10-05 11:17:27, 2019-10-19 06:20:16
1939, ldbqiRm2r4VqjeidOVgZ, 2019-10-05 11:17:27, 2019-10-19 06:20:16
1940, TrcPx2uyeMTZmpO2BIvH, 2019-10-05 11:17:27, 2019-10-19 06:20:16
1941, 4KSDtGtjkxJT9e7JIjlE, 2019-10-05 11:17:27, 2019-10-19 06:20:16
1942, mSoeCZaFcM3toWHhzV31, 2019-10-05 11:17:27, 2019-10-19 06:20:17
1943, ZVAaDdXo18qZH1F6u6EQ, 2019-10-05 11:17:27, 2019-10-19 06:20:17
1944, DhVwsPOVWlo2gpRAHDlJ, 2019-10-05 11:17:27, 2019-10-19 06:20:17
1945, DjR6YeZDIEQ86m8tq1qK, 2019-10-05 11:17:27, 2019-10-19 06:20:17
1946, YVeIpPVRNxz7VYmEpz9x, 2019-10-05 11:17:27, 2019-10-19 06:20:17
1947, Z2clBIj8IvkutpXJLJhH, 2019-10-05 11:17:27, 2019-10-19 06:20:17
1948, mqS3YAKxmnBmeA7YI3JQ, 2019-10-05 11:17:27, 2019-10-19 06:20:17
1949, BXJN5Jop6vl2d61jneJO, 2019-10-05 11:17:27, 2019-10-19 06:20:17
1950, z2MSNb7RbDoqNYHOc8v2, 2019-10-05 11:17:27, 2019-10-19 06:20:17
1951, f7Ci3T6mR7k1KXSIwLhi, 2019-10-05 11:17:27, 2019-10-19 06:20:17
1952, ff7V0KerozBAndl39miJ, 2019-10-05 11:17:27, 2019-10-19 06:20:17
1953, TneYkto4p234fX4m9g5O, 2019-10-05 11:17:27, 2019-10-19 06:20:17
1954, nCe5N3gg45t7wu4CN7Gb, 2019-10-05 11:17:27, 2019-10-19 06:20:17
1955, kW2JXRObOPByTnLdZDac, 2019-10-05 11:17:27, 2019-10-19 06:20:17
1956, K3FBVCyX9s4qzlgnfDJV, 2019-10-05 11:17:27, 2019-10-19 06:20:17
1957, UvWKV3NIIQEGVDDaUbN5, 2019-10-05 11:17:27, 2019-10-19 06:20:17
1958, MWFPK3RH0MZlNC3KfxAL, 2019-10-05 11:17:27, 2019-10-19 06:20:17
1959, RGggQwhmXimTU4NeeVrJ, 2019-10-05 11:17:27, 2019-10-19 06:20:17
1960, Yxx0YV51CosF6h8Ax9WL, 2019-10-05 11:17:27, 2019-10-19 06:20:17
1961, loHrmCNxBdeJBcLdGd3M, 2019-10-05 11:17:27, 2019-10-19 06:20:17
1962, b6M2C1sO3D92AUhpnRJs, 2019-10-05 11:17:27, 2019-10-19 06:20:17
1963, ZKva1prFvHJmbBrVAq3C, 2019-10-05 11:17:27, 2019-10-19 06:20:17
1964, 8d7SEiqxNuuZrehepmd1, 2019-10-05 11:17:27, 2019-10-19 06:20:17
1965, BuU8ILUbxuqBx7QwYXPE, 2019-10-05 11:17:27, 2019-10-19 06:20:17
1966, 2PBZyi7cMKV9M1I5EfwF, 2019-10-05 11:17:27, 2019-10-19 06:20:17
1967, 61oYSHdUSFwrvUiWL8kV, 2019-10-05 11:17:27, 2019-10-19 06:20:17
1968, Vq4U52Ii5kK21gwjPjBz, 2019-10-05 11:17:27, 2019-10-19 06:20:17
1969, 4305O66bEYulV7Swi2H3, 2019-10-05 11:17:27, 2019-10-19 06:20:17
1970, P9ZaCg6LIIfztSiShNJg, 2019-10-05 11:17:27, 2019-10-19 06:20:17
1971, d1o5v5zColOrIDKqXjOL, 2019-10-05 11:17:27, 2019-10-19 06:20:17
1972, hShDG2LQLPzqPzQpcq9U, 2019-10-05 11:17:27, 2019-10-19 06:20:17
1973, VnnzAhOzKRw9pp1fREqi, 2019-10-05 11:17:27, 2019-10-19 06:20:17
1974, c3KoBCeLiLvjAdxiL7MY, 2019-10-05 11:17:27, 2019-10-19 06:20:17
1975, Nrz4Umk9gwMDorLu1DBK, 2019-10-05 11:17:27, 2019-10-19 06:20:17
1976, A6PvI8Jvy92FOLdCIS1G, 2019-10-05 11:17:27, 2019-10-19 06:20:17
1977, 8pdqD8HnglwHdWa5aMEK, 2019-10-05 11:17:27, 2019-10-19 06:20:17
1978, lC5rQZQtErraUlTgxahe, 2019-10-05 11:17:27, 2019-10-19 06:20:17
1979, 6bbbzFQTMZ5p0rTfdYcg, 2019-10-05 11:17:27, 2019-10-19 06:20:17
1980, nA2JFNWhPdyNwlLNR63d, 2019-10-05 11:17:27, 2019-10-19 06:20:17
1981, UfseHfRjCB15SnkbLBJ2, 2019-10-05 11:17:27, 2019-10-19 06:20:17
1982, v9qGnEYDm4dHmSutcUyP, 2019-10-05 11:17:27, 2019-10-19 06:20:17
1983, Wo2eSlZ3hNRUm2UeHwkJ, 2019-10-05 11:17:27, 2019-10-19 06:20:17
1984, xzbPAWfp6GuCpr4qhs74, 2019-10-05 11:17:27, 2019-10-19 06:20:17
1985, 4VwHAHEZUiqGWcJlar87, 2019-10-05 11:17:27, 2019-10-19 06:20:17
1986, hTBZBIZuutyauuRHob8Z, 2019-10-05 11:17:27, 2019-10-19 06:20:17
1987, FBKjW5bSf7jGlVo97Ovl, 2019-10-05 11:17:27, 2019-10-19 06:20:17
1988, 1a99rvEEQwxtHCrJxI2B, 2019-10-05 11:17:27, 2019-10-19 06:20:17
1989, wXoQQbUI9kV6I0W7VfvF, 2019-10-05 11:17:27, 2019-10-19 06:20:17
1990, O8O1O1Rs2zPCW0mccjmf, 2019-10-05 11:17:27, 2019-10-19 06:20:17
1991, 6qMV7VYMsFoFDoJkzw0v, 2019-10-05 11:17:27, 2019-10-19 06:20:17
1992, rP8jUSKCCe7dvdSMRWc1, 2019-10-05 11:17:27, 2019-10-19 06:20:17
1993, kB5WMXzYrNSsc9j1qrOf, 2019-10-05 11:17:27, 2019-10-19 06:20:17
1994, PpsanTxYNpwRl8RguSMy, 2019-10-05 11:17:27, 2019-10-19 06:20:17
1995, w6OHLx3Q9FAPHpCwnuT6, 2019-10-05 11:17:27, 2019-10-19 06:20:17
1996, MYgkGDno9NKQqx4hJaxf, 2019-10-05 11:17:27, 2019-10-19 06:20:17
1997, fwvKKfZMjTcL4ifj14nw, 2019-10-05 11:17:27, 2019-10-19 06:20:17
1998, txH7vM9eeflgZbZFka1K, 2019-10-05 11:17:27, 2019-10-19 06:20:17
1999, mBYe3r3GF2K1LHuZxdsk, 2019-10-05 11:17:27, 2019-10-19 06:20:17
2000, imLQTdE8wKj89cu3s0kF, 2019-10-05 11:17:27, 2019-10-19 06:20:17
2001, AQkAnRXBCdCYBNO0jNUJ, 2019-10-05 11:17:27, 2019-10-19 06:20:17
2002, dYjKtfob6xnh6hXKvjPZ, 2019-10-05 11:17:27, 2019-10-19 06:20:17
2003, aGXjPxAT55bedYP7ngQP, 2019-10-05 11:17:27, 2019-10-19 06:20:17
2004, gi17fWZnfB2gQSXVkuND, 2019-10-05 11:17:27, 2019-10-19 06:20:17
2005, RGkA2gbQVVyxa28w6acp, 2019-10-05 11:17:27, 2019-10-19 06:20:17
2006, uKbiywRPh8h7riN1ahY5, 2019-10-05 11:17:27, 2019-10-19 06:20:17
2007, 94KZLP2jWhQUe5mK6OWw, 2019-10-05 11:17:27, 2019-10-19 06:20:17
2008, TIlUSImV3EMF8ckSYlFb, 2019-10-05 11:17:27, 2019-10-19 06:20:17
2009, LpjV9pb29fMVJEVuUYpx, 2019-10-05 11:17:27, 2019-10-19 06:20:17
2010, Ijr3I0N16ihbuxpLrrV2, 2019-10-05 11:17:27, 2019-10-19 06:20:17
2011, XKazMyxgVh1GVOqzdLoJ, 2019-10-05 11:17:27, 2019-10-19 06:20:17
2012, OfSVaFdAdJc2gWuGYTdp, 2019-10-05 11:17:27, 2019-10-19 06:20:17
2013, STKAQkStKup4bi9wEfpX, 2019-10-05 11:17:27, 2019-10-19 06:20:17
2014, p28Hl3WUZNRYsz0CydCl, 2019-10-05 11:17:27, 2019-10-19 06:20:17
2015, 7DmwVFJ6FCPhpv5Bd8lB, 2019-10-05 11:17:27, 2019-10-19 06:20:17
2016, grMLwm9OH7btGP9yBCVo, 2019-10-05 11:17:27, 2019-10-19 06:20:17
2017, oYpnqgOFNJ32FKYLrzRH, 2019-10-05 11:17:27, 2019-10-19 06:20:17
2018, PVkgacvoNNderg2Ffvgs, 2019-10-05 11:17:27, 2019-10-19 06:20:17
2019, tnOyPQfF3foWGvzh6PKn, 2019-10-05 11:17:27, 2019-10-19 06:20:17
2020, kC8KLh0nhEYT8RMVuig8, 2019-10-05 11:17:27, 2019-10-19 06:20:17
2021, DNZVOcCiGkf0jGkXJfab, 2019-10-05 11:17:27, 2019-10-19 06:20:17
2022, tdVTiVr9RDRzY9YCQIzm, 2019-10-05 11:17:27, 2019-10-19 06:20:17
2023, Em2lp3F03KaDGbTTE022, 2019-10-05 11:17:27, 2019-10-19 06:20:17
2024, SvzUj1SX87B8xm42svhK, 2019-10-05 11:17:27, 2019-10-19 06:20:17
2025, V1EN56vzo4ZGnDr1BufM, 2019-10-05 11:17:27, 2019-10-19 06:20:17
2026, emjIV59gNBFS4HasQRNt, 2019-10-05 11:17:27, 2019-10-19 06:20:17
2027, Awx79tHORbzNzkpOQxFi, 2019-10-05 11:17:27, 2019-10-19 06:20:17
2028, R2qCMqBzy6X9d6wtxIKq, 2019-10-05 11:17:27, 2019-10-19 06:20:17
2029, 4gEdwJRklzRTdo9OFoQu, 2019-10-05 11:17:27, 2019-10-19 06:20:17
2030, 3818nKLWDvULZVgRTuNN, 2019-10-05 11:17:27, 2019-10-19 06:20:17
2031, K2YbbynJhBtK61h3AbzD, 2019-10-05 11:17:27, 2019-10-19 06:20:17
2032, VuEPk6qXVMQDWJWCoSoM, 2019-10-05 11:17:27, 2019-10-19 06:20:17
2033, fB1E56b3TDDwB4k0xIxa, 2019-10-05 11:17:27, 2019-10-19 06:20:17
2034, G199BtCBUvCuk6PKFTgF, 2019-10-05 11:17:27, 2019-10-19 06:20:17
2035, SLmJUGXa6cTpN0RE83RH, 2019-10-05 11:17:27, 2019-10-19 06:20:18
2036, QFin44jwrTKLMELUjwjK, 2019-10-05 11:17:27, 2019-10-19 06:20:18
2037, kMoI7aAEa766SZqcZ0xc, 2019-10-05 11:17:27, 2019-10-19 06:20:18
2038, ilM2Ei6S7otBdiwC7Ked, 2019-10-05 11:17:27, 2019-10-19 06:20:18
2039, eTX63lhTFTMzF1pXeGpF, 2019-10-05 11:17:27, 2019-10-19 06:20:18
2040, ujGINGclYpRn3emCaDNj, 2019-10-05 11:17:27, 2019-10-19 06:20:18
2041, s8U4iBVTdYg3q4Yfxgg2, 2019-10-05 11:17:27, 2019-10-19 06:20:18
2042, 4NsRO2WBMlDn03sLGwPw, 2019-10-05 11:17:27, 2019-10-19 06:20:18
2043, 6iu0vzicj39Jn1pib5Pi, 2019-10-05 11:17:27, 2019-10-19 06:20:18
2044, mfPubphD9OGXZuyNH3pH, 2019-10-05 11:17:27, 2019-10-19 06:20:18
2045, vvj8Vu1dL2XhR0V6bAOo, 2019-10-05 11:17:27, 2019-10-19 06:20:18
2046, Z4Y2GKnZWIpqvtFGP84m, 2019-10-05 11:17:27, 2019-10-19 06:20:18
2047, e29MEdfmI1S5kVkVQMAT, 2019-10-05 11:17:27, 2019-10-19 06:20:18
2048, CDT0Wd3jclw5WFbxLaev, 2019-10-05 11:17:27, 2019-10-19 06:20:18
2049, eGyhphwxaZexhQEXI537, 2019-10-05 11:17:27, 2019-10-19 06:20:18
2050, UtVpQD45Ahp0B2Qrk5CA, 2019-10-05 11:17:27, 2019-10-19 06:20:18
2051, BedKuTqvHKo8CWxgr62P, 2019-10-05 11:17:27, 2019-10-19 06:20:18
2052, HmV2wt4FUEptsTmukRJN, 2019-10-05 11:17:27, 2019-10-19 06:20:18
2053, zswAdETVcPtB0FTHHpgS, 2019-10-05 11:17:27, 2019-10-19 06:20:18
2054, 8CPZ2n00aC7wCGnjZrCY, 2019-10-05 11:17:27, 2019-10-19 06:20:18
2055, FCy3wwTbPxEXY5BNQQcs, 2019-10-05 11:17:27, 2019-10-19 06:20:18
2056, whnn9DUcAM2dWnOKX5de, 2019-10-05 11:17:27, 2019-10-19 06:20:18
2057, ES6GxIyRjeTE6tGCYdLl, 2019-10-05 11:17:27, 2019-10-19 06:20:18
2058, Nwf2slvvh7YjRp5qIedC, 2019-10-05 11:17:27, 2019-10-19 06:20:18
2059, yedTWiFij4LcdvPcJQpj, 2019-10-05 11:17:27, 2019-10-19 06:20:18
2060, CSHPHqeM0BKYF25zPYgu, 2019-10-05 11:17:27, 2019-10-19 06:20:18
2061, S8EijpDSHVT23QCH8cBM, 2019-10-05 11:17:27, 2019-10-19 06:20:18
2062, CG9PgglMfHjflISLpJVa, 2019-10-05 11:17:27, 2019-10-19 06:20:18
2063, nf86wKXf9BZwPirEXlux, 2019-10-05 11:17:27, 2019-10-19 06:20:18
2064, QiqpY7ZqSeP79SwM0I8r, 2019-10-05 11:17:27, 2019-10-19 06:20:18
2065, woHyqjNrayXeOCwZZWa4, 2019-10-05 11:17:27, 2019-10-19 06:20:18
2066, V9z2NWQnaSqPFoBXuVrY, 2019-10-05 11:17:27, 2019-10-19 06:20:18
2067, opeykIWZ3QYP21J8ZLzF, 2019-10-05 11:17:27, 2019-10-19 06:20:18
2068, kIWlpRusAWUvv2V1BiOp, 2019-10-05 11:17:27, 2019-10-19 06:20:18
2069, g4yOS5enU4jwFL17HPtl, 2019-10-05 11:17:27, 2019-10-19 06:20:18
2070, AX2BAFwcN91WXgOB2QDl, 2019-10-05 11:17:27, 2019-10-19 06:20:18
2071, HIOGzejJkjE9ZJuK5GVX, 2019-10-05 11:17:27, 2019-10-19 06:20:18
2072, hKr27A3JRewsCmVPKn92, 2019-10-05 11:17:27, 2019-10-19 06:20:18
2073, joxe7oZuMvA8w9KlGh0J, 2019-10-05 11:17:27, 2019-10-19 06:20:18
2074, QXtj4yy4lFGzBWhxgGLU, 2019-10-05 11:17:27, 2019-10-19 06:20:18
2075, Psbgs1H31oVOynQaV3iE, 2019-10-05 11:17:27, 2019-10-19 06:20:18
2076, qOTn3noTBm24OXIYzBqn, 2019-10-05 11:17:27, 2019-10-19 06:20:18
2077, EBKMqW9FT1o4OjMHFXwn, 2019-10-05 11:17:27, 2019-10-19 06:20:18
2078, p3XdT02xaqP31JuGt1yQ, 2019-10-05 11:17:27, 2019-10-19 06:20:18
2079, Km0xRjKitzH0bWN8xboy, 2019-10-05 11:17:27, 2019-10-19 06:20:18
2080, 6JYDQEbEf4EaCuSAH5U5, 2019-10-05 11:17:27, 2019-10-19 06:20:18
2081, sIDK1Wg1cAGZtl3uQwjq, 2019-10-05 11:17:27, 2019-10-19 06:20:18
2082, 8h1XoMivrSWBO6qTN9QC, 2019-10-05 11:17:27, 2019-10-19 06:20:18
2083, kfiqU6erufkEriD41qfZ, 2019-10-05 11:17:27, 2019-10-19 06:20:18
2084, BI7Q25ORpq56NbVSjuW4, 2019-10-05 11:17:27, 2019-10-19 06:20:18
2085, M3OcjiST89HPx1CoeAKN, 2019-10-05 11:17:27, 2019-10-19 06:20:18
2086, sAhcH82Osrn7hSQ6FH1z, 2019-10-05 11:17:27, 2019-10-19 06:20:18
2087, Uef8G03ofDZmpVmO07pS, 2019-10-05 11:17:27, 2019-10-19 06:20:18
2088, F64MgwIwCT5OvfaF4Yqd, 2019-10-05 11:17:27, 2019-10-19 06:20:18
2089, 8sbJZ1NyNKpdWhPhPMgW, 2019-10-05 11:17:27, 2019-10-19 06:20:18
2090, TECkocay18FILTxsIkMs, 2019-10-05 11:17:27, 2019-10-19 06:20:18
2091, Y0NmRPlGHk5hDrMIco3x, 2019-10-05 11:17:27, 2019-10-19 06:20:18
2092, 1rVQOt29k5B87y2WSMpR, 2019-10-05 11:17:27, 2019-10-19 06:20:18
2093, Rl6Mw4rhn58G9bp6MAfo, 2019-10-05 11:17:27, 2019-10-19 06:20:18
2094, DJAPhEytrbvkn9wSulKN, 2019-10-05 11:17:27, 2019-10-19 06:20:18
2095, Mw5ak8K4UhnxLe6zNRse, 2019-10-05 11:17:27, 2019-10-19 06:20:18
2096, LEJv32Jc4uhcsuNCckiT, 2019-10-05 11:17:27, 2019-10-19 06:20:18
2097, U5T6ZKJsQwUnPhdxhJr5, 2019-10-05 11:17:27, 2019-10-19 06:20:18
2098, aFJ50UFsYiYZUpk0YYrH, 2019-10-05 11:17:27, 2019-10-19 06:20:18
2099, wg1EZA0Ems1ydBWYsgqA, 2019-10-05 11:17:27, 2019-10-19 06:20:18
2100, 1OhVGfYSzow2KiTCqHiD, 2019-10-05 11:17:27, 2019-10-19 06:20:18
2101, N7y3qMHrf1SdlGVXlTMl, 2019-10-05 11:17:27, 2019-10-19 06:20:18
2102, wTWOacYkCTOvBmTwr2J6, 2019-10-05 11:17:27, 2019-10-19 06:20:18
2103, exw3VXhHLgV3ee2Uydvj, 2019-10-05 11:17:27, 2019-10-19 06:20:18
2104, wb82EHisr7JL1B6BykPp, 2019-10-05 11:17:27, 2019-10-19 06:20:18
2105, QbMDsgnWIIrFXmw0Rf1c, 2019-10-05 11:17:27, 2019-10-19 06:20:18
2106, 8vFBWutNpBs5RvK6OpRe, 2019-10-05 11:17:27, 2019-10-19 06:20:18
2107, tUeJVNVMRofOqfTnpFr1, 2019-10-05 11:17:27, 2019-10-19 06:20:18
2108, XOHKC13flOUn98ESfoXa, 2019-10-05 11:17:27, 2019-10-19 06:20:18
2109, xHb8YeEpfQXP0jKzZ3sq, 2019-10-05 11:17:27, 2019-10-19 06:20:18
2110, cyQL0u2eheDDeFZ3r466, 2019-10-05 11:17:27, 2019-10-19 06:20:18
2111, cjVBHiAyakIYgKu5vpRp, 2019-10-05 11:17:27, 2019-10-19 06:20:18
2112, hQWm1Fl03P1AWbykXgZI, 2019-10-05 11:17:27, 2019-10-19 06:20:18
2113, zmfBLZwT8Ns5JJMZcRY3, 2019-10-05 11:17:27, 2019-10-19 06:20:18
2114, rNAlbrT4pn0SBbJ98pGk, 2019-10-05 11:17:27, 2019-10-19 06:20:18
2115, L9Nx5t1JPyE0dC6PCliE, 2019-10-05 11:17:27, 2019-10-19 06:20:18
2116, V7MreloPw6J54eaJRfFg, 2019-10-05 11:17:27, 2019-10-19 06:20:18
2117, l2KWS5H2LPDBnjTPdXYZ, 2019-10-05 11:17:27, 2019-10-19 06:20:18
2118, kYdxSrDBx8ZbJSfnhMWU, 2019-10-05 11:17:27, 2019-10-19 06:20:18
2119, 4SZ0dA4qoOmrTBtuNE51, 2019-10-05 11:17:27, 2019-10-19 06:20:18
2120, EKHl6SCvAeTg8vi7VoNb, 2019-10-05 11:17:27, 2019-10-19 06:20:18
2121, ZrBwRfTDvA5hbMiyIB5w, 2019-10-05 11:17:27, 2019-10-19 06:20:18
2122, BVtRENeNmrs2HKDjPFMM, 2019-10-05 11:17:27, 2019-10-19 06:20:18
2123, wF6TiQHgCp4iTJIwKPjS, 2019-10-05 11:17:27, 2019-10-19 06:20:18
2124, WSbBbzkrBwvOMWpNkXzW, 2019-10-05 11:17:27, 2019-10-19 06:20:18
2125, 5eD2YWp828hBaz3Y5dza, 2019-10-05 11:17:27, 2019-10-19 06:20:18
2126, qp5SXb6hr45W1jOOERc3, 2019-10-05 11:17:27, 2019-10-19 06:20:18
2127, IIuJR1r9Ba0HLC9Jir6g, 2019-10-05 11:17:27, 2019-10-19 06:20:18
2128, BJZYz8DbcG0yb4H9AI2t, 2019-10-05 11:17:27, 2019-10-19 06:20:18
2129, VpA6YenbPavmRJxJpgLi, 2019-10-05 11:17:27, 2019-10-19 06:20:18
2130, R8fmdV4bqPxgEf883WJ3, 2019-10-05 11:17:27, 2019-10-19 06:20:18
2131, yYPtNwejZSIB9Nq2g9K1, 2019-10-05 11:17:27, 2019-10-19 06:20:18
2132, AI0UQYBcPGvIsTTYLyjH, 2019-10-05 11:17:27, 2019-10-19 06:20:18
2133, j7PzBZFVoMMMwzbIzl1M, 2019-10-05 11:17:27, 2019-10-19 06:20:18
2134, Ehu8zaklCqpDmR4YSQj2, 2019-10-05 11:17:27, 2019-10-19 06:20:18
2135, By6ipktifSlnFwhW5iHt, 2019-10-05 11:17:27, 2019-10-19 06:20:18
2136, HmQDAxnMAVeYhSK5vWza, 2019-10-05 11:17:27, 2019-10-19 06:20:18
2137, KHD4OxSNnVpeHsMGJfLx, 2019-10-05 11:17:27, 2019-10-19 06:20:18
2138, QpjiRP7A7KbGE0awknim, 2019-10-05 11:17:27, 2019-10-19 06:20:18
2139, ll8Zu1ZBNAeBB8NWndQz, 2019-10-05 11:17:27, 2019-10-19 06:20:18
2140, ghPGxDR3NuXKhRZTsz1E, 2019-10-05 11:17:27, 2019-10-19 06:20:18
2141, rsJ4E3nCLAQvCTlXU0oH, 2019-10-05 11:17:27, 2019-10-19 06:20:18
2142, cEt6qNs609AQDVd8sV66, 2019-10-05 11:17:27, 2019-10-19 06:20:18
2143, jH2sTvSVi3fxFMI4hJ04, 2019-10-05 11:17:27, 2019-10-19 06:20:18
2144, WdJrRrqdx26AT9cCbwCq, 2019-10-05 11:17:27, 2019-10-19 06:20:18
2145, ypvu5Av2asJ5FQXo78w6, 2019-10-05 11:17:27, 2019-10-19 06:20:18
2146, 17BQyc5AvhyApV5bUJ7K, 2019-10-05 11:17:27, 2019-10-19 06:20:18
2147, 2yd6g5QfNaqzeb0Cm60z, 2019-10-05 11:17:27, 2019-10-19 06:20:18
2148, WF1OgW8ORPtTgCtusOv7, 2019-10-05 11:17:27, 2019-10-19 06:20:18
2149, TIIx7UYvlCSAyOIvnqXN, 2019-10-05 11:17:27, 2019-10-19 06:20:18
2150, pILBM8i9ujKn113aTncW, 2019-10-05 11:17:27, 2019-10-19 06:20:18
2151, WbYtnO9GN07QfgTlJiRg, 2019-10-05 11:17:27, 2019-10-19 06:20:18
2152, UR8UWI99klqsRHaslkXL, 2019-10-05 11:17:27, 2019-10-19 06:20:18
2153, TTNiZqSq3KyZFUj1hjwz, 2019-10-05 11:17:27, 2019-10-19 06:20:18
2154, nynFTKsKQ8AWuGzMONKA, 2019-10-05 11:17:27, 2019-10-19 06:20:18
2155, qFGVzTw24Opcj8dJqUkw, 2019-10-05 11:17:27, 2019-10-19 06:20:18
2156, y02eFGPnrvCXRusfuPOr, 2019-10-05 11:17:27, 2019-10-19 06:20:18
2157, SXMPmhVmk3xXfPSb0Sge, 2019-10-05 11:17:27, 2019-10-19 06:20:19
2158, xrcfaWaNK2nUiCRzUS95, 2019-10-05 11:17:27, 2019-10-19 06:20:19
2159, huVoTMKpMMRjNHNwEepT, 2019-10-05 11:17:27, 2019-10-19 06:20:19
2160, IHJrPRb9ppX2T68U2aM5, 2019-10-05 11:17:27, 2019-10-19 06:20:19
2161, LZ4d3Xcd7UGF5tAMGTCc, 2019-10-05 11:17:27, 2019-10-19 06:20:19
2162, knFTNJbywVMUW4GcvA16, 2019-10-05 11:17:27, 2019-10-19 06:20:19
2163, icSRW4DNHCDbR0gx2zmZ, 2019-10-05 11:17:27, 2019-10-19 06:20:19
2164, nNlIv0RlHA1NhYGMAqZO, 2019-10-05 11:17:27, 2019-10-19 06:20:19
2165, kcmkhDXZOTum8xsDiakO, 2019-10-05 11:17:27, 2019-10-19 06:20:19
2166, 1iKUFjDZDVvskmVb9Lfm, 2019-10-05 11:17:27, 2019-10-19 06:20:19
2167, dPLChkQn9EGmgL0IfqWs, 2019-10-05 11:17:27, 2019-10-19 06:20:19
2168, 7UvRpvu3pKsqh1dirCBD, 2019-10-05 11:17:27, 2019-10-19 06:20:19
2169, 68dUnXk25rJbR8e8jMDn, 2019-10-05 11:17:27, 2019-10-19 06:20:19
2170, XiDyCcGlHJT6VixPJAcs, 2019-10-05 11:17:27, 2019-10-19 06:20:19
2171, eI6fHyOs5vS4fHitFH1f, 2019-10-05 11:17:27, 2019-10-19 06:20:19
2172, 0FxqOT23D1YHhbCC7BY6, 2019-10-05 11:17:27, 2019-10-19 06:20:19
2173, IAEZD0g7MjHfDvKMy7bU, 2019-10-05 11:17:27, 2019-10-19 06:20:19
2174, dnhjC2BWHR0pPO6V2Hf7, 2019-10-05 11:17:27, 2019-10-19 06:20:19
2175, apXMD1pmYivpDAhJbGyp, 2019-10-05 11:17:27, 2019-10-19 06:20:19
2176, dtHlTKZ6OLtblVFhtKnE, 2019-10-05 11:17:27, 2019-10-19 06:20:19
2177, 8pjJe2mK9bUQdZkDODEg, 2019-10-05 11:17:27, 2019-10-19 06:20:19
2178, dYsm5dV0hJkeTswy9OBY, 2019-10-05 11:17:27, 2019-10-19 06:20:19
2179, E2HnB4znnrKt92Ba83uN, 2019-10-05 11:17:27, 2019-10-19 06:20:19
2180, klhjWqaTpWVDimQJMNGV, 2019-10-05 11:17:27, 2019-10-19 06:20:19
2181, wyITShMoWtTdhERDdmga, 2019-10-05 11:17:27, 2019-10-19 06:20:19
2182, tVDCAXHOHG8rtLJh5b9R, 2019-10-05 11:17:27, 2019-10-19 06:20:19
2183, qpHUAxcPhZiFypRQU2vG, 2019-10-05 11:17:27, 2019-10-19 06:20:19
2184, yEjr8ca25BJ1Bmrscg7t, 2019-10-05 11:17:27, 2019-10-19 06:20:19
2185, 5WHv0HwDylONGyU5bHgO, 2019-10-05 11:17:27, 2019-10-19 06:20:19
2186, xdFOu6OeM9c822ULdyCx, 2019-10-05 11:17:27, 2019-10-19 06:20:19
2187, yz2bEcYRDbnm4YXU0Qzd, 2019-10-05 11:17:27, 2019-10-19 06:20:19
2188, vDXcecsV9QYqfC8g5KHn, 2019-10-05 11:17:27, 2019-10-19 06:20:19
2189, WwDHhcMR6lVyxZ0sQ5lB, 2019-10-05 11:17:27, 2019-10-19 06:20:19
2190, xyYodwXmLhq7PfvDKhby, 2019-10-05 11:17:27, 2019-10-19 06:20:19
2191, oM94xmWGkFNc4WDkyTjl, 2019-10-05 11:17:27, 2019-10-19 06:20:19
2192, BM8pppWnV3JH5JaOsiuN, 2019-10-05 11:17:27, 2019-10-19 06:20:19
2193, aBEwk6vewYe2Q8zCflAD, 2019-10-05 11:17:27, 2019-10-19 06:20:19
2194, oh52EMa8InHHQFBAaJLs, 2019-10-05 11:17:27, 2019-10-19 06:20:19
2195, p0VRDHmrRSBqVvGTiMb1, 2019-10-05 11:17:27, 2019-10-19 06:20:19
2196, c4SVPQcVZUWrhADZLOGz, 2019-10-05 11:17:27, 2019-10-19 06:20:19
2197, Qf00cNnuOOrnJ19Q89jr, 2019-10-05 11:17:27, 2019-10-19 06:20:19
2198, U2DAF464jDvWTWVbSBps, 2019-10-05 11:17:27, 2019-10-19 06:20:19
2199, Q8U3lecZpKiW62pG24us, 2019-10-05 11:17:27, 2019-10-19 06:20:19
2200, CK5PiE3ZWyZo0dXaP5CU, 2019-10-05 11:17:27, 2019-10-19 06:20:19
2201, mHCrTW5OZ7VUluhSMZV8, 2019-10-05 11:17:27, 2019-10-19 06:20:19
2202, Fn6eYTVYBvopetYoov7C, 2019-10-05 11:17:27, 2019-10-19 06:20:19
2203, C0BZFxKz6easiXHSL0Ay, 2019-10-05 11:17:27, 2019-10-19 06:20:19
2204, 9lOlrb9imITI5MvJLXMA, 2019-10-05 11:17:27, 2019-10-19 06:20:19
2205, UkeB14Kk9OCStHADIm2S, 2019-10-05 11:17:27, 2019-10-19 06:20:19
2206, zn6rgQVMk9ruAOnYnuU7, 2019-10-05 11:17:27, 2019-10-19 06:20:19
2207, P5tgBBIEW1oYLIP18T6N, 2019-10-05 11:17:27, 2019-10-19 06:20:19
2208, ptwzkxn9V7ZLPuQ9iJWg, 2019-10-05 11:17:27, 2019-10-19 06:20:19
2209, dZ0l5hb9rh4T05tGbLDN, 2019-10-05 11:17:27, 2019-10-19 06:20:19
2210, yBQQOtVfBv5PowpkN1f6, 2019-10-05 11:17:27, 2019-10-19 06:20:19
2211, qzX63P09ZZOp0KxVCNl5, 2019-10-05 11:17:27, 2019-10-19 06:20:19
2212, SLhFR89MzA8GIKzgggef, 2019-10-05 11:17:27, 2019-10-19 06:20:19
2213, 8H1NVv1W8bX5Hyl9srdM, 2019-10-05 11:17:27, 2019-10-19 06:20:19
2214, RWpx3XUmoHGTnTo58DlI, 2019-10-05 11:17:27, 2019-10-19 06:20:19
2215, UGo94Pmd93KKHDeV5t2J, 2019-10-05 11:17:27, 2019-10-19 06:20:19
2216, O0V0x391X07vdod9jmgF, 2019-10-05 11:17:27, 2019-10-19 06:20:19
2217, PtEl8a5xDznhYwg8Rtxk, 2019-10-05 11:17:27, 2019-10-19 06:20:19
2218, J3POxjHj6YqW8qBRBxMw, 2019-10-05 11:17:27, 2019-10-19 06:20:19
2219, CzcdnzQovItpxXsS607f, 2019-10-05 11:17:27, 2019-10-19 06:20:19
2220, UYnqgmL39wmFSiv5QAfC, 2019-10-05 11:17:27, 2019-10-19 06:20:19
2221, Fg6mNnSeBVMAiY95gTjn, 2019-10-05 11:17:27, 2019-10-19 06:20:19
2222, emVx3KcHs3xsLb5USXV7, 2019-10-05 11:17:27, 2019-10-19 06:20:19
2223, cSzKqPIT3AVGT2X6qmnh, 2019-10-05 11:17:27, 2019-10-19 06:20:19
2224, 4g2MrNXu5WoX5rmDoQiL, 2019-10-05 11:17:27, 2019-10-19 06:20:19
2225, Go8Vo8V6Z4C5weDFmbRi, 2019-10-05 11:17:27, 2019-10-19 06:20:20
2226, eTdGw5Wi9wXpVLTUgEVb, 2019-10-05 11:17:27, 2019-10-19 06:20:20
2227, tIt9awAzN5uTONXTnA0k, 2019-10-05 11:17:27, 2019-10-19 06:20:20
2228, sFDL9Za3VkTOyfhSSVTn, 2019-10-05 11:17:27, 2019-10-19 06:20:20
2229, GUUgmaW49Ld6yiIIWGcZ, 2019-10-05 11:17:27, 2019-10-19 06:20:20
2230, x4UqsnbZ7DjvEti861CQ, 2019-10-05 11:17:27, 2019-10-19 06:20:20
2231, Yo6lFa970dwcb2rcI3Ir, 2019-10-05 11:17:27, 2019-10-19 06:20:20
2232, 5XJ4nG1nVUstTUFvTa9l, 2019-10-05 11:17:27, 2019-10-19 06:20:20
2233, AWQsJ4Fr4TCBn3iz3AKj, 2019-10-05 11:17:27, 2019-10-19 06:20:20
2234, j5z9blBgzKJq90gKF1fn, 2019-10-05 11:17:27, 2019-10-19 06:20:20
2235, lsIsJcNB1RBf15ITRrKp, 2019-10-05 11:17:27, 2019-10-19 06:20:20
2236, 18Bl3S6JZI8KtRYjEWJQ, 2019-10-05 11:17:27, 2019-10-19 06:20:20
2237, 4dJcEJyIV62vpZ0avxpt, 2019-10-05 11:17:27, 2019-10-19 06:20:20
2238, b8RVDQHn5eA6pZi1o96G, 2019-10-05 11:17:27, 2019-10-19 06:20:20
2239, 0qFkvVYvWfGwHkWkhfBe, 2019-10-05 11:17:27, 2019-10-19 06:20:20
2240, BfMvCeS7JXk0qOPnOnkL, 2019-10-05 11:17:27, 2019-10-19 06:20:20
2241, S4JorbXPlbyV143S0xXq, 2019-10-05 11:17:27, 2019-10-19 06:20:20
2242, 5ntAF0VCQtWRAMXtDnij, 2019-10-05 11:17:27, 2019-10-19 06:20:20
2243, 6kx3RQMUPt7EBBRcdxLN, 2019-10-05 11:17:27, 2019-10-19 06:20:20
2244, CIZ4pWhDTAdu22jvnGau, 2019-10-05 11:17:27, 2019-10-19 06:20:20
2245, sZ9f4tHbZose56E8JaqD, 2019-10-05 11:17:27, 2019-10-19 06:20:20
2246, AwXk0MUjCkrJU2pwTME5, 2019-10-05 11:17:27, 2019-10-19 06:20:20
2247, Eg5iEXOxRVAEF6HXZsEI, 2019-10-05 11:17:27, 2019-10-19 06:20:20
2248, Js8DGK9oZBHzeryjipEx, 2019-10-05 11:17:27, 2019-10-19 06:20:20
2249, imv09g2ZlpQrc0QAP9bV, 2019-10-05 11:17:27, 2019-10-19 06:20:20
2250, DvxJoHF64KXtzbAs2Vfh, 2019-10-05 11:17:27, 2019-10-19 06:20:20
2251, mcjxVW0vh4640VA5DKbB, 2019-10-05 11:17:27, 2019-10-19 06:20:20
2252, kgIpPhU2ok8vnuPBuuFv, 2019-10-05 11:17:27, 2019-10-19 06:20:20
2253, vV4BGgPkADf9T7K0M9NS, 2019-10-05 11:17:27, 2019-10-19 06:20:20
2254, QbfiVvW6Av3YSJxtGM9r, 2019-10-05 11:17:27, 2019-10-19 06:20:20
2255, 17O4Ga4n6b4tJHjyQYOD, 2019-10-05 11:17:27, 2019-10-19 06:20:20
2256, 6FdQzckb6iMZmDnXLwBu, 2019-10-05 11:17:27, 2019-10-19 06:20:20
2257, 50H4xto7qUW7aeMJwLTD, 2019-10-05 11:17:27, 2019-10-19 06:20:20
2258, Z8IrV0vNXVkpi6nP5iOs, 2019-10-05 11:17:27, 2019-10-19 06:20:21
2259, gU1ufvzpcleBWBWx1ppp, 2019-10-05 11:17:27, 2019-10-19 06:20:21
2260, 9PZ65V6qgPW36GPqYGpy, 2019-10-05 11:17:27, 2019-10-19 06:20:21
2261, gAsEnACoayn6sFBXqcKI, 2019-10-05 11:17:27, 2019-10-19 06:20:21
2262, XKyyZ1Hd4TohYT8yL8VI, 2019-10-05 11:17:27, 2019-10-19 06:20:21
2263, SqsfUGvdmJipk15RMPnX, 2019-10-05 11:17:27, 2019-10-19 06:20:21
2264, Fw8SavCDcLo0MPlUt7fN, 2019-10-05 11:17:27, 2019-10-19 06:20:21
2265, oVlEn1rGGlKuu00KyVyP, 2019-10-05 11:17:27, 2019-10-19 06:20:21
2266, xFHI8tW4y8rgJNGu938x, 2019-10-05 11:17:27, 2019-10-19 06:20:21
2267, RpQfWJfTtl6EHYHzDR0y, 2019-10-05 11:17:27, 2019-10-19 06:20:21
2268, ScpFTLexF04114xw1AFR, 2019-10-05 11:17:27, 2019-10-19 06:20:21
2269, XTX0swG2eDziybl5SIAY, 2019-10-05 11:17:27, 2019-10-19 06:20:21
2270, 6RBlqXlP3QZGVFuwerqF, 2019-10-05 11:17:27, 2019-10-19 06:20:21
2271, 9VUyicqShGJdMk48A5LS, 2019-10-05 11:17:27, 2019-10-19 06:20:21
2272, c3ZvqKDWcNVg5nF6l2Tv, 2019-10-05 11:17:27, 2019-10-19 06:20:21
2273, pCEL5ku1I28AHfQ0fpHy, 2019-10-05 11:17:27, 2019-10-19 06:20:21
2274, yxEgEsnMSJ4d2l9E6pmg, 2019-10-05 11:17:27, 2019-10-19 06:20:21
2275, dltpTMmhy7S0jNNjoTji, 2019-10-05 11:17:27, 2019-10-19 06:20:21
2276, uKeMdgzbJuFm6YTnkelH, 2019-10-05 11:17:27, 2019-10-19 06:20:21
2277, Dmz0hzhfivmfxIKQlZhm, 2019-10-05 11:17:27, 2019-10-19 06:20:21
2278, SPIZimbOVjI855VFswNQ, 2019-10-05 11:17:27, 2019-10-19 06:20:21
2279, FnQ8rmsx84dcAdGKRuL9, 2019-10-05 11:17:27, 2019-10-19 06:20:21
2280, LOxWFRyw6EvcaCwS98eN, 2019-10-05 11:17:27, 2019-10-19 06:20:21
2281, cZDVpyNMBIAZHCrmkf1B, 2019-10-05 11:17:27, 2019-10-19 06:20:21
2282, 5oKU7S0eLniJDp5R3rVt, 2019-10-05 11:17:27, 2019-10-19 06:20:21
2283, CQ5OVuISQBXxVN1C3SSw, 2019-10-05 11:17:27, 2019-10-19 06:20:21
2284, TSixUMJ7zJGtHKuNp2lS, 2019-10-05 11:17:27, 2019-10-19 06:20:21
2285, vGQUlyJKeKo6dIc020w0, 2019-10-05 11:17:27, 2019-10-19 06:20:21
2286, 4gWSxVz8PsqtuwWKZLto, 2019-10-05 11:17:27, 2019-10-19 06:20:21
2287, f2al5gjUd5YfdYARNR0X, 2019-10-05 11:17:27, 2019-10-19 06:20:21
2288, 9QImHFOdqdqYkM1VBjSB, 2019-10-05 11:17:27, 2019-10-19 06:20:21
2289, zrY8dnLEu1pgnUQrSgUm, 2019-10-05 11:17:27, 2019-10-19 06:20:21
2290, J5ICEAPbF5ysCQuNRhp6, 2019-10-05 11:17:27, 2019-10-19 06:20:21
2291, w5RrdnlVxyqHIPiEfBZX, 2019-10-05 11:17:27, 2019-10-19 06:20:21
2292, tq9aVpihSFmJjmgNX4nE, 2019-10-05 11:17:27, 2019-10-19 06:20:21
2293, uCykIdIkDOg9HJOWqK8A, 2019-10-05 11:17:27, 2019-10-19 06:20:21
2294, 85y9cxFQGRWdj5l57yI5, 2019-10-05 11:17:27, 2019-10-19 06:20:21
2295, dWdrBNdgwy6mtazvkJeA, 2019-10-05 11:17:27, 2019-10-19 06:20:21
2296, gQuzoo7DwdesLmfYg5r2, 2019-10-05 11:17:27, 2019-10-19 06:20:21
2297, LiqPOy8D58GrssL1DtFX, 2019-10-05 11:17:27, 2019-10-19 06:20:21
2298, Fhiinr46D6K15AlRiKIE, 2019-10-05 11:17:27, 2019-10-19 06:20:21
2299, DjoFYPOyMlSabW8Ko7Q8, 2019-10-05 11:17:27, 2019-10-19 06:20:21
2300, l86b3gG1x59mNACeVdbq, 2019-10-05 11:17:27, 2019-10-19 06:20:21
2301, Zc5LaiQ4XjX8qi8tBlsp, 2019-10-05 11:17:27, 2019-10-19 06:20:21
2302, 0QWVc5LrUX4W9mFFRD5S, 2019-10-05 11:17:27, 2019-10-19 06:20:21
2303, TFt6tQ37RIVrJILpq2Hg, 2019-10-05 11:17:27, 2019-10-19 06:20:21
2304, vf9ngEDhASJ1T2M791WF, 2019-10-05 11:17:27, 2019-10-19 06:20:21
2305, vR8SPic7LqSpk3M0Lgor, 2019-10-05 11:17:27, 2019-10-19 06:20:21
2306, TF47jGxXS590LsTZlIHn, 2019-10-05 11:17:27, 2019-10-19 06:20:21
2307, hqxJBceIInXig3clvmo2, 2019-10-05 11:17:27, 2019-10-19 06:20:21
2308, 4DU1cIQQ0DHRkpG2rDxj, 2019-10-05 11:17:27, 2019-10-19 06:20:21
2309, WI7sNtHWDsKt0lMsiqMI, 2019-10-05 11:17:27, 2019-10-19 06:20:21
2310, u6Gdk8nYKfZhzN7TQaT6, 2019-10-05 11:17:27, 2019-10-19 06:20:21
2311, Fn3qAAMVhS7g33fqdU8W, 2019-10-05 11:17:27, 2019-10-19 06:20:21
2312, 3Wn4jrynEm49zqPufRE3, 2019-10-05 11:17:27, 2019-10-19 06:20:21
2313, qDWb5Bbom92QhT9Ec2Ed, 2019-10-05 11:17:27, 2019-10-19 06:20:21
2314, xuA8ChiGhK5smVbVBugB, 2019-10-05 11:17:27, 2019-10-19 06:20:21
2315, PriC6gn3KoA3AnaVHlgS, 2019-10-05 11:17:27, 2019-10-19 06:20:21
2316, gnpNx1x8mjG5UvgKLr4o, 2019-10-05 11:17:27, 2019-10-19 06:20:21
2317, OLM2cUBdD6wplUuHnqAZ, 2019-10-05 11:17:27, 2019-10-19 06:20:22
2318, lyE797Qxj50eNc4Ry5jl, 2019-10-05 11:17:27, 2019-10-19 06:20:22
2319, qzOBSUh34RoujEAP4OGb, 2019-10-05 11:17:27, 2019-10-19 06:20:22
2320, 9rI8HMAKhjqwQvJjL26V, 2019-10-05 11:17:27, 2019-10-19 06:20:22
2321, ASQR34PzTdVesdNcMe4J, 2019-10-05 11:17:27, 2019-10-19 06:20:22
2322, Tj5EoVF2k1Gkj6T7J5Qt, 2019-10-05 11:17:27, 2019-10-19 06:20:22
2323, NvYjwSwS6qRvxIPSnOXY, 2019-10-05 11:17:27, 2019-10-19 06:20:22
2324, 01wGyJvSkQ4G9tbLgHRR, 2019-10-05 11:17:27, 2019-10-19 06:20:22
2325, 0Ca8kZPvH5EL43VGkcOs, 2019-10-05 11:17:27, 2019-10-19 06:20:22
2326, naMYT5WViQVSqZt6oeYc, 2019-10-05 11:17:27, 2019-10-19 06:20:22
2327, i52sJSAVambI8akfhQkG, 2019-10-05 11:17:27, 2019-10-19 06:20:22
2328, IixdAMq0dyQBlGdMZ5Cz, 2019-10-05 11:17:27, 2019-10-19 06:20:22
2329, 75fAquRMzKmswopNgfBV, 2019-10-05 11:17:27, 2019-10-19 06:20:22
2330, yRb6NPBrNQLqSJESXurh, 2019-10-05 11:17:27, 2019-10-19 06:20:22
2331, WwLvyJ1XmZfgkCLTrm8A, 2019-10-05 11:17:27, 2019-10-19 06:20:22
2332, a24nm6EmYaVKQGPgAYDJ, 2019-10-05 11:17:27, 2019-10-19 06:20:22
2333, VKXQZG0Lmawg21MBHmIZ, 2019-10-05 11:17:27, 2019-10-19 06:20:22
2334, AQLgzSa8tEKhqoX3ZNAY, 2019-10-05 11:17:27, 2019-10-19 06:20:22
2335, ED2U1XpGvzaKQYoAfNRa, 2019-10-05 11:17:27, 2019-10-19 06:20:22
2336, 6Ev5jktDWzIvwJJes8gm, 2019-10-05 11:17:27, 2019-10-19 06:20:22
2337, WW8bsjfhigdr27wx8m5w, 2019-10-05 11:17:27, 2019-10-19 06:20:22
2338, J2eX6jzx9pMEDa3bvhQq, 2019-10-05 11:17:27, 2019-10-19 06:20:22
2339, X2AIPhNsZrNuTAg4oVjg, 2019-10-05 11:17:27, 2019-10-19 06:20:22
2340, dvc2EoLy346lDPkU60du, 2019-10-05 11:17:27, 2019-10-19 06:20:22
2341, jAsszq9UsuiGhEFfGNVi, 2019-10-05 11:17:27, 2019-10-19 06:20:22
2342, M8FCQI7ghvCVAAxaPxJn, 2019-10-05 11:17:27, 2019-10-19 06:20:22
2343, IiywDX7z0X0WZ33NzmW0, 2019-10-05 11:17:27, 2019-10-19 06:20:22
2344, uIbzC69poesD2ySB5KIV, 2019-10-05 11:17:27, 2019-10-19 06:20:22
2345, W4x0Z3ixmzoGuw8xJ2ga, 2019-10-05 11:17:27, 2019-10-19 06:20:22
2346, Ja59f58ckajakJHEhv2l, 2019-10-05 11:17:27, 2019-10-19 06:20:22
2347, aMRyBYUgZCHepmov8Rl1, 2019-10-05 11:17:27, 2019-10-19 06:20:22
2348, 3KG6N25XffvnKgoNE0uQ, 2019-10-05 11:17:27, 2019-10-19 06:20:22
2349, dklZfFF7tN8s6ItW93gg, 2019-10-05 11:17:27, 2019-10-19 06:20:22
2350, fwJcA1Mz59MPbEm9d1Uf, 2019-10-05 11:17:27, 2019-10-19 06:20:22
2351, ax8GAyQx7w0YPbUStTdd, 2019-10-05 11:17:27, 2019-10-19 06:20:22
2352, 88lbC0oaRiQoluYJqHIn, 2019-10-05 11:17:27, 2019-10-19 06:20:22
2353, nnVkzL5MrYFXsJLFOi2L, 2019-10-05 11:17:27, 2019-10-19 06:20:22
2354, k8sbZiPZhJvUeMIgS2Dn, 2019-10-05 11:17:27, 2019-10-19 06:20:22
2355, bre7fcQDREX4kWqh179N, 2019-10-05 11:17:27, 2019-10-19 06:20:22
2356, yrCNaS2YqyAHmtlbHyWI, 2019-10-05 11:17:27, 2019-10-19 06:20:22
2357, FmqPWbgECeDfSRdkpViw, 2019-10-05 11:17:27, 2019-10-19 06:20:22
2358, K9GRhohclNqRYvVvaOaM, 2019-10-05 11:17:27, 2019-10-19 06:20:22
2359, ZbdtjKWHeuQ9kuYfsAQO, 2019-10-05 11:17:27, 2019-10-19 06:20:22
2360, kATTsuN9r4VtmAt9uqDW, 2019-10-05 11:17:27, 2019-10-19 06:20:22
2361, DmaLtxcFTvl9zKbEqK0g, 2019-10-05 11:17:27, 2019-10-19 06:20:22
2362, ZlfgnZNebvPqxHlJDYwU, 2019-10-05 11:17:27, 2019-10-19 06:20:22
2363, 6xn9BOwnvk0RLjm0R0By, 2019-10-05 11:17:27, 2019-10-19 06:20:22
2364, i577Fv5I6Ia8T2MiKlXc, 2019-10-05 11:17:27, 2019-10-19 06:20:22
2365, K1UCsQl9zvpKvQzYqDHT, 2019-10-05 11:17:27, 2019-10-19 06:20:22
2366, mg72KppCZDbaZGqZChg6, 2019-10-05 11:17:27, 2019-10-19 06:20:22
2367, hpZzdAClTNMHr2mSOqUP, 2019-10-05 11:17:27, 2019-10-19 06:20:22
2368, pRozbe1c8qqZMMZtX8So, 2019-10-05 11:17:27, 2019-10-19 06:20:22
2369, EgXxxfJS7IG8XaLEY6tB, 2019-10-05 11:17:27, 2019-10-19 06:20:22
2370, u9EYDluK5ynQgrwx2P3G, 2019-10-05 11:17:27, 2019-10-19 06:20:22
2371, f8Kcz81cF4Tmp0AhovSP, 2019-10-05 11:17:27, 2019-10-19 06:20:22
2372, Bcj5YwOy0kiqklT89IfS, 2019-10-05 11:17:27, 2019-10-19 06:20:22
2373, xNFuUUOwIjC8vMfQIpbG, 2019-10-05 11:17:27, 2019-10-19 06:20:22
2374, RFQ6oNLrdUZCC95qgEsq, 2019-10-05 11:17:27, 2019-10-19 06:20:22
2375, jD2t8ZXQFnILInUSKIji, 2019-10-05 11:17:27, 2019-10-19 06:20:22
2376, ME5udcAIgspTUtVBNGJl, 2019-10-05 11:17:27, 2019-10-19 06:20:22
2377, dlnaQRGUKa5SDeGgpFw5, 2019-10-05 11:17:27, 2019-10-19 06:20:22
2378, GIccrKk7B6ZKm0iT6aGo, 2019-10-05 11:17:27, 2019-10-19 06:20:22
2379, zkhCzmyhu3ln6cG4ggf4, 2019-10-05 11:17:27, 2019-10-19 06:20:22
2380, 5vx8ezNOc5YYy0YogCro, 2019-10-05 11:17:27, 2019-10-19 06:20:22
2381, PBKHq9bD0mdIZEQuXemX, 2019-10-05 11:17:27, 2019-10-19 06:20:22
2382, TQn6AvSrIbcomDzLYW98, 2019-10-05 11:17:27, 2019-10-19 06:20:22
2383, 0eZsGQZECqFY9TO4T8le, 2019-10-05 11:17:27, 2019-10-19 06:20:22
2384, S5rZ58IylD9Wej0A6K7C, 2019-10-05 11:17:27, 2019-10-19 06:20:22
2385, JEqq2xGAaq07gXzBf1F9, 2019-10-05 11:17:27, 2019-10-19 06:20:22
2386, ZqbZr27eR78L6xbQQvqU, 2019-10-05 11:17:27, 2019-10-19 06:20:22
2387, cjPjUSvfzx3O9renbBLU, 2019-10-05 11:17:27, 2019-10-19 06:20:22
2388, R0BOeUKVnaK4T55n8Ptp, 2019-10-05 11:17:27, 2019-10-19 06:20:22
2389, mpnTeePIn77ORFDm7fX1, 2019-10-05 11:17:27, 2019-10-19 06:20:22
2390, Yis2qcLoptReP9yTBjbe, 2019-10-05 11:17:27, 2019-10-19 06:20:22
2391, Y4qO7NQER3yfHDG11hNG, 2019-10-05 11:17:27, 2019-10-19 06:20:22
2392, tALpdFBO2dHk9kKEt3Wj, 2019-10-05 11:17:27, 2019-10-19 06:20:22
2393, Uae9jbk8aYGssiE69CpW, 2019-10-05 11:17:27, 2019-10-19 06:20:22
2394, RZyNvTUP5G5LI7Hhsg0q, 2019-10-05 11:17:27, 2019-10-19 06:20:22
2395, Pjg0tKoV2FaWaslLd3mq, 2019-10-05 11:17:27, 2019-10-19 06:20:22
2396, 1T2CtBN9bGBXTjkeLeo9, 2019-10-05 11:17:27, 2019-10-19 06:20:23
2397, OiFCrJprAF1jEfB04yv3, 2019-10-05 11:17:27, 2019-10-19 06:20:23
2398, XBnRFlsZh8sHAEnQocbL, 2019-10-05 11:17:27, 2019-10-19 06:20:23
2399, RmEqPyIWnK2Z5GcezTBE, 2019-10-05 11:17:27, 2019-10-19 06:20:23
2400, 9Q0pw3O8oqY10Ov6tmPC, 2019-10-05 11:17:27, 2019-10-19 06:20:23
2401, GFxDpVakIL81l3PVtXlI, 2019-10-05 11:17:27, 2019-10-19 06:20:23
2402, KBuVTN4R24iL7h8CBPMz, 2019-10-05 11:17:27, 2019-10-19 06:20:23
2403, VNWtSKLd19gduJAd2Wod, 2019-10-05 11:17:27, 2019-10-19 06:20:23
2404, PSBJy6MDslZ6x3WeSCct, 2019-10-05 11:17:27, 2019-10-19 06:20:23
2405, zSrI3X7IaZiLdHfxtv01, 2019-10-05 11:17:27, 2019-10-19 06:20:23
2406, lNofG7o8KN4XKgtQKtOa, 2019-10-05 11:17:27, 2019-10-19 06:20:23
2407, x8nTv9rCJQJeKH2KzszN, 2019-10-05 11:17:27, 2019-10-19 06:20:23
2408, s0bs35Z0RywiWoIjQWe5, 2019-10-05 11:17:27, 2019-10-19 06:20:23
2409, cAHgCmYe0nDlPacG25B3, 2019-10-05 11:17:27, 2019-10-19 06:20:23
2410, LDZkOXPCQlykjxWjrxIM, 2019-10-05 11:17:27, 2019-10-19 06:20:23
2411, R3tpT9zYVKAh9VEBtffT, 2019-10-05 11:17:27, 2019-10-19 06:20:23
2412, laGB8R82CW8hC49z5DM6, 2019-10-05 11:17:27, 2019-10-19 06:20:23
2413, LnVknM8n8zFGOwZj858Q, 2019-10-05 11:17:27, 2019-10-19 06:20:23
2414, U8UQ6hYLdYBWhtdTAP1m, 2019-10-05 11:17:27, 2019-10-19 06:20:23
2415, dVRnmOVHJ5Rz4lwUri3s, 2019-10-05 11:17:27, 2019-10-19 06:20:23
2416, WxoECO8KyWwQ2TCdBS5o, 2019-10-05 11:17:27, 2019-10-19 06:20:23
2417, BjKXbbAPxPRVV1bTr691, 2019-10-05 11:17:27, 2019-10-19 06:20:23
2418, 0vOxNY7a4BxghBYHSZZS, 2019-10-05 11:17:27, 2019-10-19 06:20:23
2419, fhcOvRSbPt8wETHRz3ur, 2019-10-05 11:17:27, 2019-10-19 06:20:23
2420, PZ7SapIBrN1XLCLDngrV, 2019-10-05 11:17:27, 2019-10-19 06:20:23
2421, IXNthKR5nXTHGGUtT2FZ, 2019-10-05 11:17:27, 2019-10-19 06:20:23
2422, Mga5NtYqGvCNmzwPXN51, 2019-10-05 11:17:27, 2019-10-19 06:20:23
2423, c3ZHwz6Hm69ZYupNX5ZX, 2019-10-05 11:17:27, 2019-10-19 06:20:23
2424, AwpyAXIAW1BraU2X1C82, 2019-10-05 11:17:27, 2019-10-19 06:20:23
2425, GPVnzGQcCY5CtVj6vr1g, 2019-10-05 11:17:27, 2019-10-19 06:20:23
2426, Rxes1yEGBZ4LzKC8YJ5Z, 2019-10-05 11:17:27, 2019-10-19 06:20:23
2427, JwJL4vJmZBZqGsfjWViq, 2019-10-05 11:17:27, 2019-10-19 06:20:23
2428, 5dRvTSunXPodv8fHB2Uf, 2019-10-05 11:17:27, 2019-10-19 06:20:23
2429, wi67jieGiegntD4guCWU, 2019-10-05 11:17:27, 2019-10-19 06:20:23
2430, hr2ae75xRdW5Y3VPMWeo, 2019-10-05 11:17:27, 2019-10-19 06:20:23
2431, WQzkw2jL62FNV8LaJ75X, 2019-10-05 11:17:27, 2019-10-19 06:20:23
2432, gLK2D2ZIYKpkqDUUrjE2, 2019-10-05 11:17:27, 2019-10-19 06:20:23
2433, ZJ70vlSfHmuM0joFphF2, 2019-10-05 11:17:27, 2019-10-19 06:20:23
2434, NMwlDU15DlWlD0x5zkbs, 2019-10-05 11:17:27, 2019-10-19 06:20:23
2435, lyFnhrydoP1wfi8wQeNz, 2019-10-05 11:17:27, 2019-10-19 06:20:23
2436, PM9pSTlmYgdB7QMdBe1X, 2019-10-05 11:17:27, 2019-10-19 06:20:23
2437, eGtWCuZj2lXUnaBGAVDu, 2019-10-05 11:17:27, 2019-10-19 06:20:23
2438, JymQFPMGXQNTu8eqLssj, 2019-10-05 11:17:27, 2019-10-19 06:20:23
2439, Q0W7ZvOMDgYpRywpTyTF, 2019-10-05 11:17:27, 2019-10-19 06:20:23
2440, F0AbXoXRbplSGd8GcX4w, 2019-10-05 11:17:27, 2019-10-19 06:20:23
2441, R28vkSMLHpeyInxL6sQP, 2019-10-05 11:17:27, 2019-10-19 06:20:23
2442, EZUhAbnnFqH6WAvOspzu, 2019-10-05 11:17:27, 2019-10-19 06:20:23
2443, 0jyh6w6kvkXifJY2Fq7d, 2019-10-05 11:17:27, 2019-10-19 06:20:23
2444, 70HUQgqFiBd3LEV6xmvf, 2019-10-05 11:17:27, 2019-10-19 06:20:23
2445, 7hfcTqZuSRdFoHi2mXrV, 2019-10-05 11:17:27, 2019-10-19 06:20:23
2446, r8umQ2d2arZTLGek31SJ, 2019-10-05 11:17:27, 2019-10-19 06:20:23
2447, vOMbemsWYMFtUqXpGdmY, 2019-10-05 11:17:27, 2019-10-19 06:20:23
2448, pkDsaHNaqoNqNhdEr0OK, 2019-10-05 11:17:27, 2019-10-19 06:20:23
2449, ZDBeSAZsT1ItUKJWEhTu, 2019-10-05 11:17:27, 2019-10-19 06:20:23
2450, bO89yAnmFzD6lkE5nIJY, 2019-10-05 11:17:27, 2019-10-19 06:20:23
2451, 3TwNV0hxfrFYGrtPEa4R, 2019-10-05 11:17:27, 2019-10-19 06:20:23
2452, VNGlwG4nJ0khlHH9pyZU, 2019-10-05 11:17:27, 2019-10-19 06:20:23
2453, ipbXzLBabmVT83ywmkiF, 2019-10-05 11:17:27, 2019-10-19 06:20:23
2454, E3XVF8EHdvQK1tnOp6NY, 2019-10-05 11:17:27, 2019-10-19 06:20:23
2455, SQhA4OpKo9VFSm3R0JuX, 2019-10-05 11:17:27, 2019-10-19 06:20:23
2456, ohatmHvYT7A6slhWpuem, 2019-10-05 11:17:27, 2019-10-19 06:20:23
2457, 6AYrGwtEQsZ8e5t1NKYc, 2019-10-05 11:17:27, 2019-10-19 06:20:23
2458, NAq3no9kJp5z2qqercNc, 2019-10-05 11:17:27, 2019-10-19 06:20:23
2459, LycQS0UunzbnIFZsd2TM, 2019-10-05 11:17:27, 2019-10-19 06:20:23
2460, 2MzXlBKfc6I0JMgJ6sh9, 2019-10-05 11:17:27, 2019-10-19 06:20:23
2461, X9l9PM52OHhEJ2efkyPg, 2019-10-05 11:17:27, 2019-10-19 06:20:23
2462, Cm0MKrNdqD2t571t6SW7, 2019-10-05 11:17:27, 2019-10-19 06:20:23
2463, MBTQN74CiuHVtmUmWFWS, 2019-10-05 11:17:27, 2019-10-19 06:20:23
2464, VJkpomF9J1PIlf2etKkt, 2019-10-05 11:17:27, 2019-10-19 06:20:23
2465, hP2gRpNCAnHCY97eRJFC, 2019-10-05 11:17:27, 2019-10-19 06:20:23
2466, OpXFOPYlnBWrwULONt86, 2019-10-05 11:17:27, 2019-10-19 06:20:23
2467, ArdVbYwVfoXfeFidYNEw, 2019-10-05 11:17:27, 2019-10-19 06:20:23
2468, ZDIg2WNssdNKj8EV4nR9, 2019-10-05 11:17:27, 2019-10-19 06:20:23
2469, AiSGOh0yDZ8AD5mhvXiU, 2019-10-05 11:17:27, 2019-10-19 06:20:23
2470, lzFpONm4JQmNxssuxXQk, 2019-10-05 11:17:27, 2019-10-19 06:20:23
2471, B7S9r4CAp1rytHzbmnSc, 2019-10-05 11:17:27, 2019-10-19 06:20:23
2472, bbWbn20Qfkj4FUPSAJeY, 2019-10-05 11:17:27, 2019-10-19 06:20:23
2473, r61yCd4U8hTx4LNTJ56L, 2019-10-05 11:17:27, 2019-10-19 06:20:23
2474, ov1Vz69uUYZ6ZKzfwu58, 2019-10-05 11:17:27, 2019-10-19 06:20:23
2475, 7lZcZvb22DkwvdvLlSVu, 2019-10-05 11:17:27, 2019-10-19 06:20:23
2476, 8aEkqgd4K5xkeEfjW0dG, 2019-10-05 11:17:27, 2019-10-19 06:20:23
2477, 87QP3NcWOxaZ6a8Wi52v, 2019-10-05 11:17:27, 2019-10-19 06:20:23
2478, wMWuHmHSTr00yAOw1xrI, 2019-10-05 11:17:27, 2019-10-19 06:20:23
2479, 0GDddiNq1lKySuOG1TDp, 2019-10-05 11:17:27, 2019-10-19 06:20:24
2480, FOo9YxWX5yeUTrsG2XDt, 2019-10-05 11:17:27, 2019-10-19 06:20:24
2481, 1ATGY3NIWxeQCeodmYjN, 2019-10-05 11:17:27, 2019-10-19 06:20:24
2482, vVeB3fUsnzENptr99mDt, 2019-10-05 11:17:27, 2019-10-19 06:20:24
2483, yaD1Rc6bJwo9E6BAS5q8, 2019-10-05 11:17:27, 2019-10-19 06:20:24
2484, AwvmTD8CEDZICUvu2h13, 2019-10-05 11:17:27, 2019-10-19 06:20:24
2485, ARtxr7Gm0kFNGqwMSjtU, 2019-10-05 11:17:27, 2019-10-19 06:20:24
2486, GlkeCkEOxFrMlQa8zCGX, 2019-10-05 11:17:27, 2019-10-19 06:20:24
2487, VJfx3EfZmfL8zC96t7AA, 2019-10-05 11:17:27, 2019-10-19 06:20:24
2488, YhAjMLV76umKwiRxrW2p, 2019-10-05 11:17:27, 2019-10-19 06:20:24
2489, ji0MA7I7ytevTrSBD0lF, 2019-10-05 11:17:27, 2019-10-19 06:20:24
2490, ePnCElz9ttVTWSKwGqcf, 2019-10-05 11:17:27, 2019-10-19 06:20:24
2491, l5I19K8KS8OX0nr0h4HF, 2019-10-05 11:17:27, 2019-10-19 06:20:24
2492, MOCRp1p7Tqf2Quhg6nSW, 2019-10-05 11:17:27, 2019-10-19 06:20:24
2493, rQvmWKwxe9H2sS7VF7mU, 2019-10-05 11:17:27, 2019-10-19 06:20:24
2494, TJlgKMe2wS9RRwkmAYnh, 2019-10-05 11:17:27, 2019-10-19 06:20:24
2495, b257WNUUW1PHSsE8LdhD, 2019-10-05 11:17:27, 2019-10-19 06:20:24
2496, OInSZnhIb1rSWxFsbM2t, 2019-10-05 11:17:27, 2019-10-19 06:20:24
2497, 11I5LDQ1LZo8sirAf5ce, 2019-10-05 11:17:27, 2019-10-19 06:20:24
2498, m6PTuJMI6xCKk0Y8w4Wj, 2019-10-05 11:17:27, 2019-10-19 06:20:24
2499, BHCoo2o1VcUEuM5Yb74U, 2019-10-05 11:17:27, 2019-10-19 06:20:24
2500, Ppy80GhRqZHSH4K3jrcJ, 2019-10-05 11:17:27, 2019-10-19 06:20:24
2501, cvwpayVUz7gk4b22WOCX, 2019-10-05 11:17:27, 2019-10-19 06:20:24
2502, 6HxEiY0Ry4xXxBhbkvSw, 2019-10-05 11:17:27, 2019-10-19 06:20:24
2503, O17LdmufXfbQIcwlu9dH, 2019-10-05 11:17:27, 2019-10-19 06:20:24
2504, AxFA39SezwqHDmGVIMZJ, 2019-10-05 11:17:27, 2019-10-19 06:20:24
2505, dafAI30GZl33j8jZjJvv, 2019-10-05 11:17:27, 2019-10-19 06:20:24
2506, W25hTdztPnT8sDeSvK3K, 2019-10-05 11:17:27, 2019-10-19 06:20:24
2507, L5j3EciBIWeeBdIzYCVC, 2019-10-05 11:17:27, 2019-10-19 06:20:24
2508, M7Y1TxnChVDyToPd8HxS, 2019-10-05 11:17:27, 2019-10-19 06:20:24
2509, RTukfq3QxzIwVA3ebmcd, 2019-10-05 11:17:27, 2019-10-19 06:20:24
2510, CplNBf0wL68gEIPwaWmr, 2019-10-05 11:17:27, 2019-10-19 06:20:24
2511, Pjkeae0parfN9N0hkXwW, 2019-10-05 11:17:27, 2019-10-19 06:20:24
2512, vQKeAWF73fqouQ2zfRVz, 2019-10-05 11:17:27, 2019-10-19 06:20:24
2513, SnRUhLp8pffYu80LDrXy, 2019-10-05 11:17:27, 2019-10-19 06:20:24
2514, 7iWhm2mYAF236XteTBzK, 2019-10-05 11:17:27, 2019-10-19 06:20:24
2515, mhsbUHzAO2295OHp5qvm, 2019-10-05 11:17:27, 2019-10-19 06:20:24
2516, IYHogBYOqu9vOPwYqosJ, 2019-10-05 11:17:27, 2019-10-19 06:20:24
2517, OBHUY3B4EGfeHG0HieaR, 2019-10-05 11:17:27, 2019-10-19 06:20:24
2518, DnxTj7JBUBhFYbWufPBW, 2019-10-05 11:17:27, 2019-10-19 06:20:24
2519, BUbN8P6XY6YNNT3wij3J, 2019-10-05 11:17:27, 2019-10-19 06:20:24
2520, v3gw5Sl6w5rEPmQHuZi9, 2019-10-05 11:17:27, 2019-10-19 06:20:24
2521, 4Pul2NHpgXq08x1cIl0v, 2019-10-05 11:17:27, 2019-10-19 06:20:24
2522, DUTJaoOGevvQpDxlJdWp, 2019-10-05 11:17:27, 2019-10-19 06:20:24
2523, Myp6S5gNeCtfJxId6ebK, 2019-10-05 11:17:27, 2019-10-19 06:20:24
2524, woVwmz8C34gBc7ABLyT5, 2019-10-05 11:17:27, 2019-10-19 06:20:24
2525, dUK59VKPmJYSgy6wa2jm, 2019-10-05 11:17:27, 2019-10-19 06:20:24
2526, ZjPsiIjWxrzLuTLrZKQl, 2019-10-05 11:17:27, 2019-10-19 06:20:24
2527, I4qzBbWrjDcCYR6WOvOO, 2019-10-05 11:17:27, 2019-10-19 06:20:24
2528, 4uG9wBX7rZJ7swe8Vxuq, 2019-10-05 11:17:27, 2019-10-19 06:20:24
2529, Mn58iPycIpallWmgXnmf, 2019-10-05 11:17:27, 2019-10-19 06:20:24
2530, iof6ya5YFO9tZkL8sGtV, 2019-10-05 11:17:27, 2019-10-19 06:20:24
2531, AwILACbiEjscqqmUXYxe, 2019-10-05 11:17:27, 2019-10-19 06:20:24
2532, 4dEAq9A8NseBvi4PLkg4, 2019-10-05 11:17:27, 2019-10-19 06:20:24
2533, y1TLMHMkZFVyxk1Ysx2E, 2019-10-05 11:17:27, 2019-10-19 06:20:24
2534, A1kDGROr2fxzQqhmdJpo, 2019-10-05 11:17:27, 2019-10-19 06:20:24
2535, 77luRY5NTgkcwwBZaAPv, 2019-10-05 11:17:27, 2019-10-19 06:20:24
2536, xb27DjUVUvBVWldhtdo8, 2019-10-05 11:17:27, 2019-10-19 06:20:24
2537, NOIkwgXfJxyGzivjVELJ, 2019-10-05 11:17:27, 2019-10-19 06:20:24
2538, AE6P6vwDXCN13YR4kXLC, 2019-10-05 11:17:27, 2019-10-19 06:20:24
2539, HkJ5BVHdYkNWL01obMdH, 2019-10-05 11:17:27, 2019-10-19 06:20:24
2540, 8EaKprWZgHtn6q6J5mR0, 2019-10-05 11:17:27, 2019-10-19 06:20:24
2541, 9ci2SAs5SLXAy9Jgbx0T, 2019-10-05 11:17:27, 2019-10-19 06:20:24
2542, utEUILAFw5Z89B6ciiGR, 2019-10-05 11:17:27, 2019-10-19 06:20:24
2543, sg6FayU0vKTVrs1oqBEF, 2019-10-05 11:17:27, 2019-10-19 06:20:24
2544, i2c9WBnqFpRHwBxlI6h2, 2019-10-05 11:17:27, 2019-10-19 06:20:24
2545, JThKpUhlAM4KXylho9Wq, 2019-10-05 11:17:27, 2019-10-19 06:20:24
2546, 2kqjQuDBTsz4K3xuk9gz, 2019-10-05 11:17:27, 2019-10-19 06:20:24
2547, 845gAQpMxSIzU5hPvj1L, 2019-10-05 11:17:27, 2019-10-19 06:20:24
2548, NCwq0e9KWE7z5t9YUN3I, 2019-10-05 11:17:27, 2019-10-19 06:20:24
2549, iemIVJnoHTWwGb8bun0c, 2019-10-05 11:17:27, 2019-10-19 06:20:24
2550, Pjy0cjrAGiCC14T5lrU3, 2019-10-05 11:17:27, 2019-10-19 06:20:24
2551, zVOZgetjblCDXTIM7iKV, 2019-10-05 11:17:27, 2019-10-19 06:20:24
2552, hh65pnYWaSaE8r5PuXgA, 2019-10-05 11:17:27, 2019-10-19 06:20:24
2553, OAcTtTddYyVeTGoXfxgB, 2019-10-05 11:17:27, 2019-10-19 06:20:24
2554, CKolGW3hFxKegh9cIQgD, 2019-10-05 11:17:27, 2019-10-19 06:20:24
2555, vbapJzTY1BOfgPi9oO7m, 2019-10-05 11:17:27, 2019-10-19 06:20:24
2556, R4ISM359gHjwvm7shrX7, 2019-10-05 11:17:27, 2019-10-19 06:20:24
2557, rAhyKXixUoRXcXDtH9hh, 2019-10-05 11:17:27, 2019-10-19 06:20:24
2558, Pk0iLwCctpQAMh9BKtJ4, 2019-10-05 11:17:27, 2019-10-19 06:20:24
2559, EqOeSZCOxa4jVDjzioVi, 2019-10-05 11:17:27, 2019-10-19 06:20:24
2560, qjbYZvGwwPZdfpcgCpor, 2019-10-05 11:17:27, 2019-10-19 06:20:24
2561, 1rUiJYXxIbpvPhdtH0sW, 2019-10-05 11:17:27, 2019-10-19 06:20:24
2562, TekcGJqMn8IBhR6VS9Tc, 2019-10-05 11:17:27, 2019-10-19 06:20:25
2563, d8pMg9pzO8ig7EQm8c7P, 2019-10-05 11:17:27, 2019-10-19 06:20:25
2564, mEuxK8kThVJ3CeFQlf50, 2019-10-05 11:17:27, 2019-10-19 06:20:25
2565, kezUQR84oyk5eYEtG6Gd, 2019-10-05 11:17:27, 2019-10-19 06:20:25
2566, G99OBPtDHjFaaQ3jYS7I, 2019-10-05 11:17:27, 2019-10-19 06:20:25
2567, i9eRD6lP0uX7V57wV98q, 2019-10-05 11:17:27, 2019-10-19 06:20:25
2568, tRKoTlrFSKOpN7ElsnBg, 2019-10-05 11:17:27, 2019-10-19 06:20:25
2569, hTSRyBRpFrK9N66XsHIB, 2019-10-05 11:17:27, 2019-10-19 06:20:25
2570, 9uumZK5Vta6J5U0wovts, 2019-10-05 11:17:27, 2019-10-19 06:20:25
2571, qbnMDPgGk0F1EktMrm0G, 2019-10-05 11:17:27, 2019-10-19 06:20:25
2572, gxRz26YX9GHxGw4361Mw, 2019-10-05 11:17:27, 2019-10-19 06:20:25
2573, q4JPf3gYW9Kg5cFAKm3W, 2019-10-05 11:17:27, 2019-10-19 06:20:25
2574, E21stQl0PzDBPfOiy5bE, 2019-10-05 11:17:27, 2019-10-19 06:20:25
2575, NaYVb4MNOncJ6PbNYEb7, 2019-10-05 11:17:27, 2019-10-19 06:20:25
2576, TmrCnwz8vSeFYttvCHd4, 2019-10-05 11:17:27, 2019-10-19 06:20:25
2577, pGGinZGqRefntWiGpSD3, 2019-10-05 11:17:27, 2019-10-19 06:20:25
2578, 7asSwomchH7u3Gy1OPdW, 2019-10-05 11:17:27, 2019-10-19 06:20:25
2579, oYgevj8is4kTWlo0BviI, 2019-10-05 11:17:27, 2019-10-19 06:20:25
2580, sFNcCj1OSsxPBzoKFl7l, 2019-10-05 11:17:27, 2019-10-19 06:20:25
2581, pxwMlSTtdZGQMEONbbj7, 2019-10-05 11:17:27, 2019-10-19 06:20:25
2582, TC7krfoPSlUkWEjh0ht1, 2019-10-05 11:17:27, 2019-10-19 06:20:25
2583, bAjlLpmZopABwK1wD07B, 2019-10-05 11:17:27, 2019-10-19 06:20:25
2584, NIiRJym01Rkhes8CsbkF, 2019-10-05 11:17:27, 2019-10-19 06:20:25
2585, OZwRiBh0YY7VdcyKo77Z, 2019-10-05 11:17:27, 2019-10-19 06:20:25
2586, b5LERG42iqFfDXCwDhY0, 2019-10-05 11:17:27, 2019-10-19 06:20:25
2587, ZWM5P3CkZmzIQrma9ZEK, 2019-10-05 11:17:27, 2019-10-19 06:20:25
2588, nv27MwW7V9S46bpvtylw, 2019-10-05 11:17:27, 2019-10-19 06:20:25
2589, 5dEwkh4vEdzUVSTbUwXq, 2019-10-05 11:17:27, 2019-10-19 06:20:25
2590, 7qGz9AxI8saVskbqxur1, 2019-10-05 11:17:27, 2019-10-19 06:20:25
2591, R6smn900M4Q4Dq4ir1ze, 2019-10-05 11:17:27, 2019-10-19 06:20:25
2592, FCCSMqTV0rcSvHKHx0cx, 2019-10-05 11:17:27, 2019-10-19 06:20:25
2593, uDz70EbM2vblXoWYRyCx, 2019-10-05 11:17:27, 2019-10-19 06:20:25
2594, MVVB9YwpVL9lrGT6HAaG, 2019-10-05 11:17:27, 2019-10-19 06:20:25
2595, GETF4wciD7wHQj56I2AW, 2019-10-05 11:17:27, 2019-10-19 06:20:25
2596, 34R5hCdegUCx5qVC8cpv, 2019-10-05 11:17:27, 2019-10-19 06:20:25
2597, ljQRPY1MDJDXYmF6uFgp, 2019-10-05 11:17:27, 2019-10-19 06:20:25
2598, 9sShL7jthe6L6eAyLm1j, 2019-10-05 11:17:27, 2019-10-19 06:20:25
2599, hXXtcM5abFtcVY4c3Gtc, 2019-10-05 11:17:27, 2019-10-19 06:20:25
2600, vUMxN0eOvMJHF4DDzmEf, 2019-10-05 11:17:27, 2019-10-19 06:20:25
2601, SCoDpNAjYunzXrbB7aoW, 2019-10-05 11:17:27, 2019-10-19 06:20:25
2602, gVwQSY3diTHGPyV7PgtI, 2019-10-05 11:17:27, 2019-10-19 06:20:25
2603, EVxA00Zs4p13QlEqZsyV, 2019-10-05 11:17:27, 2019-10-19 06:20:25
2604, BNOYlYSqtNEcyas4PozX, 2019-10-05 11:17:27, 2019-10-19 06:20:25
2605, VwPMI2Mmk8oCw9T8iSe3, 2019-10-05 11:17:27, 2019-10-19 06:20:25
2606, 20n6ESC8L0Jjjywne1QJ, 2019-10-05 11:17:27, 2019-10-19 06:20:25
2607, 4KV1JJXu1oGhvHdwa3WB, 2019-10-05 11:17:27, 2019-10-19 06:20:25
2608, 1pMluEC7LV6osn1Meksn, 2019-10-05 11:17:27, 2019-10-19 06:20:25
2609, FPM2Tb8Dm3srCMLTL25n, 2019-10-05 11:17:27, 2019-10-19 06:20:25
2610, RXsdjHirnmM9ImsNfXhv, 2019-10-05 11:17:27, 2019-10-19 06:20:25
2611, JJktRgkMvXOGfbwIz3se, 2019-10-05 11:17:27, 2019-10-19 06:20:25
2612, AHxBroWgpPQ8LiHzBpMk, 2019-10-05 11:17:27, 2019-10-19 06:20:25
2613, subCyofo0kNvpGoX9LR5, 2019-10-05 11:17:27, 2019-10-19 06:20:25
2614, dpoFnDFRuTlp1p9TngBS, 2019-10-05 11:17:27, 2019-10-19 06:20:25
2615, Lzr1pc2qAjNxhHq4Zqh3, 2019-10-05 11:17:27, 2019-10-19 06:20:25
2616, shdCEm2FcB0outhkp3bh, 2019-10-05 11:17:27, 2019-10-19 06:20:25
2617, Pa21rNFzgyWnoFVsIasI, 2019-10-05 11:17:27, 2019-10-19 06:20:25
2618, gPBOC0ihLLTIPTP8XlFM, 2019-10-05 11:17:27, 2019-10-19 06:20:25
2619, jcGtp0LZaggQrF57Tfin, 2019-10-05 11:17:27, 2019-10-19 06:20:25
2620, EE4JYfIZby7yGzh3B6li, 2019-10-05 11:17:27, 2019-10-19 06:20:25
2621, EMGc4jZovUdjvYePDMPo, 2019-10-05 11:17:27, 2019-10-19 06:20:25
2622, ZmLniAA6f9j9GCWbv2z8, 2019-10-05 11:17:27, 2019-10-19 06:20:25
2623, NxypWKIfn4ioSxvlidYl, 2019-10-05 11:17:27, 2019-10-19 06:20:25
2624, Q0xf3Dve4ByoBFlPAMwX, 2019-10-05 11:17:27, 2019-10-19 06:20:25
2625, 5v4MxB32nucbq3RzzKnL, 2019-10-05 11:17:27, 2019-10-19 06:20:25
2626, P2wKKKV4rIC8GZKQNpeK, 2019-10-05 11:17:27, 2019-10-19 06:20:25
2627, vhisD4Rh4Rb5C78smJiO, 2019-10-05 11:17:27, 2019-10-19 06:20:25
2628, a4ahhZxstcyhTIRaIEHu, 2019-10-05 11:17:27, 2019-10-19 06:20:25
2629, QRDGOzRXfqV5Zc94LpK6, 2019-10-05 11:17:27, 2019-10-19 06:20:25
2630, E3buUuc3Xk8ac6Rb6jd5, 2019-10-05 11:17:27, 2019-10-19 06:20:25
2631, PXh9kl9RqVSaIFX7K7Nq, 2019-10-05 11:17:27, 2019-10-19 06:20:25
2632, LU5lmHKHluTqVfI0OSui, 2019-10-05 11:17:27, 2019-10-19 06:20:25
2633, qWK0IJYKOLnvNhVF31qI, 2019-10-05 11:17:27, 2019-10-19 06:20:25
2634, pfJnm3E8STU4EvuzFQVc, 2019-10-05 11:17:27, 2019-10-19 06:20:25
2635, DCc2OIHsqYuBmwmUZIGz, 2019-10-05 11:17:27, 2019-10-19 06:20:25
2636, cEy5gk8Uf0Vmu9Es7sil, 2019-10-05 11:17:27, 2019-10-19 06:20:25
2637, MxYr9PF4YJE8SiHGlXV8, 2019-10-05 11:17:27, 2019-10-19 06:20:25
2638, fVsjxwepHImMV6VgnYb1, 2019-10-05 11:17:27, 2019-10-19 06:20:25
2639, 19cglbuilmOgj5rfjjxE, 2019-10-05 11:17:27, 2019-10-19 06:20:25
2640, o0XOFjrE0aW7uU8oag6r, 2019-10-05 11:17:27, 2019-10-19 06:20:25
2641, b15fxJNT9jn2fytWprma, 2019-10-05 11:17:27, 2019-10-19 06:20:25
2642, dsyFwXdpwFmT9yQMc5yt, 2019-10-05 11:17:27, 2019-10-19 06:20:25
2643, i5JDgmdAbXs187j0qCV1, 2019-10-05 11:17:27, 2019-10-19 06:20:25
2644, ctTuosbwlFyKXevpvzEn, 2019-10-05 11:17:27, 2019-10-19 06:20:25
2645, KRfy36CA89iqjHo7hFsB, 2019-10-05 11:17:27, 2019-10-19 06:20:25
2646, FQ4xIqyNBDGqAdO6nAcw, 2019-10-05 11:17:27, 2019-10-19 06:20:25
2647, tCjk0iqOtnfRSR8MsXnT, 2019-10-05 11:17:27, 2019-10-19 06:20:25
2648, 7nci7qFpSCjt3D2mtzOC, 2019-10-05 11:17:27, 2019-10-19 06:20:25
2649, KnscDtSLr8SyCZp6WOty, 2019-10-05 11:17:27, 2019-10-19 06:20:25
2650, ktTzDJuAwMa3Gb5Gbv0n, 2019-10-05 11:17:27, 2019-10-19 06:20:25
2651, SP9qHXpuBDNosTJpqHjF, 2019-10-05 11:17:27, 2019-10-19 06:20:25
2652, 7X8amYKxyEkCKHrCJo5c, 2019-10-05 11:17:27, 2019-10-19 06:20:25
2653, 9fnQi86jjm2VXibpehjb, 2019-10-05 11:17:27, 2019-10-19 06:20:25
2654, wc2INgcLnhkfeNnz71ES, 2019-10-05 11:17:27, 2019-10-19 06:20:25
2655, WXCKKJ4CjisfVtAnYdg8, 2019-10-05 11:17:27, 2019-10-19 06:20:25
2656, XxRMUx4wYrd19J7XdXnB, 2019-10-05 11:17:27, 2019-10-19 06:20:25
2657, VSfsisrCbufJNqLlKATy, 2019-10-05 11:17:27, 2019-10-19 06:20:25
2658, pYpzFL3L0wszlzjlP781, 2019-10-05 11:17:27, 2019-10-19 06:20:25
2659, Gyr4CjEFAfL4J5B8I95s, 2019-10-05 11:17:27, 2019-10-19 06:20:25
2660, lv44AdphKGWh4CHP7l4u, 2019-10-05 11:17:27, 2019-10-19 06:20:25
2661, RPiaqbXfLHz4tiea9utK, 2019-10-05 11:17:27, 2019-10-19 06:20:25
2662, Z26y9hw52lXK46712RJt, 2019-10-05 11:17:27, 2019-10-19 06:20:25
2663, 46HaAOa9WJrKqD64Xft6, 2019-10-05 11:17:27, 2019-10-19 06:20:25
2664, dmaIT7uFTGS34D3o5uTy, 2019-10-05 11:17:27, 2019-10-19 06:20:25
2665, kC5BDe9SAHw4obvDN9HI, 2019-10-05 11:17:27, 2019-10-19 06:20:25
2666, lG4vuqbxxumOYrf7nLI0, 2019-10-05 11:17:27, 2019-10-19 06:20:25
2667, woMmVMkM81JjWC3LckeR, 2019-10-05 11:17:27, 2019-10-19 06:20:25
2668, jpJZmByVPxxBwLDyKQDj, 2019-10-05 11:17:27, 2019-10-19 06:20:25
2669, viZ1KXgRCNYRT9bMiyxz, 2019-10-05 11:17:27, 2019-10-19 06:20:25
2670, Khrp14pwe050DuQbbvyi, 2019-10-05 11:17:27, 2019-10-19 06:20:25
2671, mXXYiHkgAWDSStK0g1Tb, 2019-10-05 11:17:27, 2019-10-19 06:20:25
2672, Gr99lJ1OtZ7bwmhqyzJp, 2019-10-05 11:17:27, 2019-10-19 06:20:26
2673, qW9GHDjJ2jy4mNoCHSuv, 2019-10-05 11:17:27, 2019-10-19 06:20:26
2674, fgFbrBNqmpMbd3LPmvQ6, 2019-10-05 11:17:27, 2019-10-19 06:20:26
2675, Ib8iPtK3V7oTnMBDNI9E, 2019-10-05 11:17:27, 2019-10-19 06:20:26
2676, CrruNhcaL9uoLVL8wuFS, 2019-10-05 11:17:27, 2019-10-19 06:20:26
2677, FE0MpEi0twtuhuYLlYXW, 2019-10-05 11:17:27, 2019-10-19 06:20:26
2678, iEFi47fYl6QuzMxgqsla, 2019-10-05 11:17:27, 2019-10-19 06:20:26
2679, hgXFtvyzpemIUnzX7sJ1, 2019-10-05 11:17:27, 2019-10-19 06:20:26
2680, IP6f3J5SAiE4V7FAb876, 2019-10-05 11:17:27, 2019-10-19 06:20:26
2681, 98JmWmXnRVdQAEcHybUr, 2019-10-05 11:17:27, 2019-10-19 06:20:26
2682, dTWNDUM5ZBzhAQ8wsCZR, 2019-10-05 11:17:27, 2019-10-19 06:20:26
2683, C5cMiS49tAKBA9vaw0td, 2019-10-05 11:17:27, 2019-10-19 06:20:26
2684, TznArUoV5OiSf4GpxDxf, 2019-10-05 11:17:27, 2019-10-19 06:20:26
2685, HoRVuziBPpXcwylsNxvw, 2019-10-05 11:17:27, 2019-10-19 06:20:26
2686, kKM2QZcA2E4Y1vL95Chq, 2019-10-05 11:17:27, 2019-10-19 06:20:26
2687, HOu8Uc7iBHQXJq9goa1B, 2019-10-05 11:17:27, 2019-10-19 06:20:26
2688, 87CE7oIMI3IAKkom8Gfs, 2019-10-05 11:17:27, 2019-10-19 06:20:26
2689, pTPfQjn4HpNsdbdxZS86, 2019-10-05 11:17:27, 2019-10-19 06:20:26
2690, U6lBn6elLW54jIqoNmoU, 2019-10-05 11:17:27, 2019-10-19 06:20:26
2691, Pi6dRDaZDLNz0bRFA6IH, 2019-10-05 11:17:27, 2019-10-19 06:20:26
2692, 1PBTOrDWdzGfbxzoHfAe, 2019-10-05 11:17:27, 2019-10-19 06:20:26
2693, QStdUqQoDM7t3mgeAAIm, 2019-10-05 11:17:27, 2019-10-19 06:20:26
2694, LieI8vxqEqkYxWaZKw3N, 2019-10-05 11:17:27, 2019-10-19 06:20:26
2695, aXxti9EaEwUPAKiN0pnI, 2019-10-05 11:17:27, 2019-10-19 06:20:26
2696, YzcwZpkFXWp5Huw4Moqq, 2019-10-05 11:17:27, 2019-10-19 06:20:26
2697, DHVigPvT6bAiNZKYdgkm, 2019-10-05 11:17:27, 2019-10-19 06:20:26
2698, GolHdO4TyP51DDrwlWXf, 2019-10-05 11:17:27, 2019-10-19 06:20:26
2699, OKA6m40NkqBJ39CCxjT6, 2019-10-05 11:17:27, 2019-10-19 06:20:26
2700, ydFG1CqdGv5zjh8knB7f, 2019-10-05 11:17:27, 2019-10-19 06:20:26
2701, ZCwD9QzDJNxbXvNuUhun, 2019-10-05 11:17:27, 2019-10-19 06:20:26
2702, YvAkVvR1LeL46qEmA04A, 2019-10-05 11:17:27, 2019-10-19 06:20:26
2703, Q6kH79Lym6lINKLgaY7j, 2019-10-05 11:17:27, 2019-10-19 06:20:26
2704, sgkVSWMwkGrVMUBCekxR, 2019-10-05 11:17:27, 2019-10-19 06:20:26
2705, EWjZ4yuSRJ0qCpaohcYB, 2019-10-05 11:17:27, 2019-10-19 06:20:26
2706, 4vfMY8sDtxgT8Cu0Bmmv, 2019-10-05 11:17:27, 2019-10-19 06:20:26
2707, KbOf5BQmpp5nUNxb7cA7, 2019-10-05 11:17:27, 2019-10-19 06:20:26
2708, 5wN0yUQUUHybLByr5YAD, 2019-10-05 11:17:27, 2019-10-19 06:20:26
2709, ytN4oC7ht6boVepEHZLe, 2019-10-05 11:17:27, 2019-10-19 06:20:26
2710, tp7VPLATwWX0XxWDmE6b, 2019-10-05 11:17:27, 2019-10-19 06:20:26
2711, jaori2hEOsAPr7C2Z21r, 2019-10-05 11:17:27, 2019-10-19 06:20:26
2712, PWlBRZhVugssJHNwdIS0, 2019-10-05 11:17:27, 2019-10-19 06:20:26
2713, PT6OuGtNMh2swGcHa9iS, 2019-10-05 11:17:27, 2019-10-19 06:20:26
2714, peHkwReCAZKpxM64k62I, 2019-10-05 11:17:27, 2019-10-19 06:20:26
2715, eiaWW1vaxVNB60lTExBU, 2019-10-05 11:17:27, 2019-10-19 06:20:26
2716, EWliQBqh2yh6IiQ5Eyg0, 2019-10-05 11:17:27, 2019-10-19 06:20:26
2717, drwHiO5YqdKhQMloiOVt, 2019-10-05 11:17:27, 2019-10-19 06:20:26
2718, yzHL5bOYKmdGGWS5uRxZ, 2019-10-05 11:17:27, 2019-10-19 06:20:26
2719, n3xJEOEpOyYSOCtZTDtk, 2019-10-05 11:17:27, 2019-10-19 06:20:26
2720, HocNaSzdVgJyEwj08BiG, 2019-10-05 11:17:27, 2019-10-19 06:20:26
2721, obbhtBfU1zc3N0xsMLWe, 2019-10-05 11:17:27, 2019-10-19 06:20:26
2722, whCYSEP3Nkh6gQ0zu8Hq, 2019-10-05 11:17:27, 2019-10-19 06:20:26
2723, QZxJZ9abNaw4aJ6nvAAH, 2019-10-05 11:17:27, 2019-10-19 06:20:26
2724, 5fxVAlFa6BYMH7PKmy0K, 2019-10-05 11:17:27, 2019-10-19 06:20:26
2725, K185MoZh26gEdgHf89Xe, 2019-10-05 11:17:27, 2019-10-19 06:20:26
2726, UGhZ7qPCuv4CaizWxfZn, 2019-10-05 11:17:27, 2019-10-19 06:20:26
2727, YtUzq7v7RmzF1M6fHwCX, 2019-10-05 11:17:27, 2019-10-19 06:20:26
2728, 54BvMyozihKOXGBYgt2v, 2019-10-05 11:17:27, 2019-10-19 06:20:26
2729, 6QLEBpLhNi8yLEVIv808, 2019-10-05 11:17:27, 2019-10-19 06:20:26
2730, eskidk4gqpxfgbGdqVD5, 2019-10-05 11:17:27, 2019-10-19 06:20:26
2731, hMKOLiivZKgTOFqhnelu, 2019-10-05 11:17:27, 2019-10-19 06:20:26
2732, GdJ9nkHo51NfzMtGuJX0, 2019-10-05 11:17:27, 2019-10-19 06:20:26
2733, YtBiHcKhZcaR7NuZbMOa, 2019-10-05 11:17:27, 2019-10-19 06:20:26
2734, UPVKcpcOCtTWFLoh1Sl6, 2019-10-05 11:17:27, 2019-10-19 06:20:26
2735, f8fc1tDpgNDaaN64uSNJ, 2019-10-05 11:17:27, 2019-10-19 06:20:26
2736, pPPwISjFXD1RIUJk5MsK, 2019-10-05 11:17:27, 2019-10-19 06:20:26
2737, pPuVTAYYDublVLQRBpBV, 2019-10-05 11:17:27, 2019-10-19 06:20:26
2738, uRbfNiAOQUoYajFfJtto, 2019-10-05 11:17:27, 2019-10-19 06:20:26
2739, B9zH8TCOy47LDSNzsgm8, 2019-10-05 11:17:27, 2019-10-19 06:20:26
2740, 71csSNw2vH1vUY07xdcR, 2019-10-05 11:17:27, 2019-10-19 06:20:26
2741, XPhjyIIFtkR9mU733j8E, 2019-10-05 11:17:27, 2019-10-19 06:20:26
2742, oyly8XgMvmbZJjtIj2Gf, 2019-10-05 11:17:27, 2019-10-19 06:20:26
2743, oV2NPkJdAgLgATpiLLt1, 2019-10-05 11:17:27, 2019-10-19 06:20:26
2744, tKyZfC9NBPjOZ24iFTMO, 2019-10-05 11:17:27, 2019-10-19 06:20:26
2745, 1OGupIlRLWkizUslJK5J, 2019-10-05 11:17:27, 2019-10-19 06:20:26
2746, Ev7D9vfx0ATs0g5vDw1m, 2019-10-05 11:17:27, 2019-10-19 06:20:26
2747, FjHV2j6Ric0kyAxigXNK, 2019-10-05 11:17:27, 2019-10-19 06:20:26
2748, CLwskJ5amw7FV4PH1oDA, 2019-10-05 11:17:27, 2019-10-19 06:20:26
2749, 9i13CZLC3KHAWgfXukwu, 2019-10-05 11:17:27, 2019-10-19 06:20:26
2750, t8gffcoRB1xXznmEDj7V, 2019-10-05 11:17:27, 2019-10-19 06:20:26
2751, tZ4KrZUP5MxRWbNoMJt2, 2019-10-05 11:17:27, 2019-10-19 06:20:26
2752, ykvMPUpqlNwkc17qMjCT, 2019-10-05 11:17:27, 2019-10-19 06:20:26
2753, 3rwQu1jLbOq3hO4IA6Lz, 2019-10-05 11:17:27, 2019-10-19 06:20:26
2754, lbm2uhNd9UhHPQdNQYga, 2019-10-05 11:17:27, 2019-10-19 06:20:26
2755, 3XCLtm8OpB7a12ckpH0l, 2019-10-05 11:17:27, 2019-10-19 06:20:26
2756, Feug7egrStIBJePVOWXz, 2019-10-05 11:17:27, 2019-10-19 06:20:26
2757, MtjHBE6yWixNWtq2ZSBl, 2019-10-05 11:17:27, 2019-10-19 06:20:26
2758, 4Bd4SQxf8StORHuNtV6A, 2019-10-05 11:17:27, 2019-10-19 06:20:27
2759, nx5PKxBihuwXO3JQPnoq, 2019-10-05 11:17:27, 2019-10-19 06:20:27
2760, iUhVTaavJ0eAqrrJXwe8, 2019-10-05 11:17:27, 2019-10-19 06:20:27
2761, gTxSa3Xy1j4U5Qvdltdq, 2019-10-05 11:17:27, 2019-10-19 06:20:27
2762, 6EWyUffXFOP3YWH5GyWh, 2019-10-05 11:17:27, 2019-10-19 06:20:27
2763, QDlfoCLyOBruIxizbHFd, 2019-10-05 11:17:27, 2019-10-19 06:20:27
2764, O0EZleJ3hrAN6yELvWVI, 2019-10-05 11:17:27, 2019-10-19 06:20:27
2765, iqi8OMEZau675zla64cf, 2019-10-05 11:17:27, 2019-10-19 06:20:27
2766, vXruU96gzKKqATXzX3xP, 2019-10-05 11:17:27, 2019-10-19 06:20:27
2767, dhquoWlKgDB9l10ACqHP, 2019-10-05 11:17:27, 2019-10-19 06:20:27
2768, e4Z8g70RsK9F11noB2jf, 2019-10-05 11:17:27, 2019-10-19 06:20:27
2769, Hbv4hfztdk8lzbnIt9On, 2019-10-05 11:17:27, 2019-10-19 06:20:27
2770, Xao8M1EsfEqYUI0D5ono, 2019-10-05 11:17:27, 2019-10-19 06:20:27
2771, Q8jdP81ZZdFfYoy7bo6l, 2019-10-05 11:17:27, 2019-10-19 06:20:27
2772, UukdPfKN4dU9Sthfex5x, 2019-10-05 11:17:27, 2019-10-19 06:20:27
2773, RJdN0xVAQ8JVyYcm1vSY, 2019-10-05 11:17:27, 2019-10-19 06:20:27
2774, sJyuVJhEgFZ9ywO8BeZc, 2019-10-05 11:17:27, 2019-10-19 06:20:27
2775, W9Sq8QpUC8cNtLTjuQWI, 2019-10-05 11:17:27, 2019-10-19 06:20:27
2776, xRBDeeFKd9w9wFX8J6Un, 2019-10-05 11:17:27, 2019-10-19 06:20:27
2777, zYtx7EJs3TI05TIHaWyw, 2019-10-05 11:17:27, 2019-10-19 06:20:27
2778, g2pjWNjiULC0KCwzkDAF, 2019-10-05 11:17:27, 2019-10-19 06:20:27
2779, 63wRt3EgJlhAqbHkTt9K, 2019-10-05 11:17:27, 2019-10-19 06:20:27
2780, 1ZaYeKL9hL1akuqzQxcf, 2019-10-05 11:17:27, 2019-10-19 06:20:27
2781, kyHx6VEYEbAsz6qtdkBR, 2019-10-05 11:17:27, 2019-10-19 06:20:27
2782, AbNIPjEiQRY3VRFw701v, 2019-10-05 11:17:27, 2019-10-19 06:20:27
2783, 2z7ecCLOJOKGh84s6JKd, 2019-10-05 11:17:27, 2019-10-19 06:20:27
2784, o15Exk651k7qxkCzofGC, 2019-10-05 11:17:27, 2019-10-19 06:20:27
2785, xzblxClYXbQvVQBvMNsw, 2019-10-05 11:17:27, 2019-10-19 06:20:27
2786, FO3MeQTlZwdFqFIqAQFs, 2019-10-05 11:17:27, 2019-10-19 06:20:27
2787, VUX0RouhksH0nTZJPyC7, 2019-10-05 11:17:27, 2019-10-19 06:20:27
2788, evga8UWE2nmwW3Kgmkm9, 2019-10-05 11:17:27, 2019-10-19 06:20:27
2789, ooGIfvFHEdSS4UMy0yvA, 2019-10-05 11:17:27, 2019-10-19 06:20:27
2790, 1HoaSmupXgCma8iRcGsH, 2019-10-05 11:17:27, 2019-10-19 06:20:27
2791, DehALfNFa8dJ11bs80do, 2019-10-05 11:17:27, 2019-10-19 06:20:27
2792, kCWrwA6dxrKqsnPVwkZp, 2019-10-05 11:17:27, 2019-10-19 06:20:27
2793, WdLk0ijtU6ngbVdiQeh9, 2019-10-05 11:17:27, 2019-10-19 06:20:27
2794, 3EyEhs0TLptNFbiKNeak, 2019-10-05 11:17:27, 2019-10-19 06:20:27
2795, JNpD3Nf2vUFdbat4MHF5, 2019-10-05 11:17:27, 2019-10-19 06:20:27
2796, O00pvEfjJva8SA7eEVAM, 2019-10-05 11:17:27, 2019-10-19 06:20:27
2797, NkJxyskxd1dVKt9LvH7A, 2019-10-05 11:17:27, 2019-10-19 06:20:27
2798, lxKfMP9C9U2Flg5aSjMh, 2019-10-05 11:17:27, 2019-10-19 06:20:27
2799, 0RYgkcGuJNOPpLIzoegn, 2019-10-05 11:17:27, 2019-10-19 06:20:27
2800, LRYzrJG9xbHMblPg2VZp, 2019-10-05 11:17:27, 2019-10-19 06:20:27
2801, X4ej4f12dqkiJ9BiuWys, 2019-10-05 11:17:27, 2019-10-19 06:20:27
2802, sUdu8Ea2BBKJhTJjIgtw, 2019-10-05 11:17:27, 2019-10-19 06:20:27
2803, 7JBCA2Nd5NS3RQupRI6q, 2019-10-05 11:17:27, 2019-10-19 06:20:27
2804, EqBb61AFIJoykHzR8b9a, 2019-10-05 11:17:27, 2019-10-19 06:20:27
2805, VS8vLwtyLr5gu0XPuzu7, 2019-10-05 11:17:27, 2019-10-19 06:20:27
2806, 1qOXbFCJGtVHu4UjMeL3, 2019-10-05 11:17:27, 2019-10-19 06:20:27
2807, mcYOkvclEoTK0bJqRM6a, 2019-10-05 11:17:27, 2019-10-19 06:20:27
2808, 8IoxuFaIZWu5fpUZgXNf, 2019-10-05 11:17:27, 2019-10-19 06:20:27
2809, aDGFvhSdiy7AcNpNy7W4, 2019-10-05 11:17:27, 2019-10-19 06:20:27
2810, slGfodqH0VaZjjxXWfZ1, 2019-10-05 11:17:27, 2019-10-19 06:20:27
2811, Y4Ulkq9wWrwEIXMe1Ds2, 2019-10-05 11:17:27, 2019-10-19 06:20:27
2812, zv4TKuaDBoIOs1Ym2HJq, 2019-10-05 11:17:27, 2019-10-19 06:20:27
2813, WfjlPE6DdZJvCteiXbAd, 2019-10-05 11:17:27, 2019-10-19 06:20:27
2814, 5QCXu8jC4LIlZGTD2h0C, 2019-10-05 11:17:27, 2019-10-19 06:20:27
2815, 8YiglOL9jQQEposNADA2, 2019-10-05 11:17:27, 2019-10-19 06:20:27
2816, rwu0PeQpPTrg2Fa1tq6X, 2019-10-05 11:17:27, 2019-10-19 06:20:27
2817, 4MjyUucFamUHayUmtHnf, 2019-10-05 11:17:27, 2019-10-19 06:20:27
2818, YyqU5ST4cIOwl3Q2y29b, 2019-10-05 11:17:27, 2019-10-19 06:20:27
2819, K1iyVmKbsMt0ZG0e4JGA, 2019-10-05 11:17:27, 2019-10-19 06:20:27
2820, SkKi9R9Ab9qj9nF6hmOp, 2019-10-05 11:17:27, 2019-10-19 06:20:27
2821, JczK6oIYoMevmVBaCf70, 2019-10-05 11:17:27, 2019-10-19 06:20:27
2822, 0elnnsOurHJ8DXhSbkue, 2019-10-05 11:17:27, 2019-10-19 06:20:27
2823, 7zKmagzbiGgaMlYJKUzR, 2019-10-05 11:17:27, 2019-10-19 06:20:27
2824, b7Iwq0MpvbxufPrq8rZw, 2019-10-05 11:17:27, 2019-10-19 06:20:27
2825, GflA5pA9TY2QzT2WfQBn, 2019-10-05 11:17:27, 2019-10-19 06:20:27
2826, jvm7mVPmpetfjbNDk5Ch, 2019-10-05 11:17:27, 2019-10-19 06:20:27
2827, 8FXphQQQYjjWNSYHDKSP, 2019-10-05 11:17:27, 2019-10-19 06:20:27
2828, gDLPX4WC03Os24lwYxMh, 2019-10-05 11:17:27, 2019-10-19 06:20:27
2829, ag2GrzNN19Ar3y7LwvZO, 2019-10-05 11:17:27, 2019-10-19 06:20:27
2830, g9PVmZlZuZropn3CJ3pk, 2019-10-05 11:17:27, 2019-10-19 06:20:27
2831, vkix9qPZkIeOIynVWtUf, 2019-10-05 11:17:27, 2019-10-19 06:20:27
2832, HJOiOWqZdzUSJxicSkDM, 2019-10-05 11:17:27, 2019-10-19 06:20:27
2833, 81PiomOhH8DfIail8i9F, 2019-10-05 11:17:27, 2019-10-19 06:20:27
2834, FT8CFHm87yTzzbNLlIj7, 2019-10-05 11:17:27, 2019-10-19 06:20:27
2835, dOnBCZoz5lCX4Q7NDHBl, 2019-10-05 11:17:27, 2019-10-19 06:20:27
2836, zlyZ7Xd1UNsZu7cByTQA, 2019-10-05 11:17:27, 2019-10-19 06:20:27
2837, kiplS5gqkGKQ65OhDfCz, 2019-10-05 11:17:27, 2019-10-19 06:20:27
2838, ErV94nMz78XSIJ3m9HFl, 2019-10-05 11:17:27, 2019-10-19 06:20:27
2839, 4xJgAL51EYpl5uXIUKii, 2019-10-05 11:17:27, 2019-10-19 06:20:27
2840, YSK19I396fVEDGsE6chD, 2019-10-05 11:17:27, 2019-10-19 06:20:27
2841, JWZWWpwjGxa42Ev3SQdI, 2019-10-05 11:17:27, 2019-10-19 06:20:28
2842, 6OYDHODg0sQQelbzM794, 2019-10-05 11:17:27, 2019-10-19 06:20:28
2843, 4JHc7B5oYxVd7eljjJCh, 2019-10-05 11:17:27, 2019-10-19 06:20:28
2844, vgVdlA2DAa5jGX8PCq5K, 2019-10-05 11:17:27, 2019-10-19 06:20:28
2845, jQsB5dqUKVy3aa3W9eCM, 2019-10-05 11:17:27, 2019-10-19 06:20:28
2846, aonGyqce8IFqw4NxCXRP, 2019-10-05 11:17:27, 2019-10-19 06:20:28
2847, biy5Lq0thOh3I7ZwUaU7, 2019-10-05 11:17:27, 2019-10-19 06:20:28
2848, zEjeDVLzcvc2vSqqQ9Cg, 2019-10-05 11:17:27, 2019-10-19 06:20:28
2849, mZsAjrCjyisc61MPKBVH, 2019-10-05 11:17:27, 2019-10-19 06:20:28
2850, 90ji47sOIabkTVBFJace, 2019-10-05 11:17:27, 2019-10-19 06:20:28
2851, bYBT8eSJbzm0zXLEgZn0, 2019-10-05 11:17:27, 2019-10-19 06:20:28
2852, 1lNxuJIbTKAeqFLdqCG5, 2019-10-05 11:17:27, 2019-10-19 06:20:28
2853, LoeUlbH6BhD59qLAB7yO, 2019-10-05 11:17:27, 2019-10-19 06:20:28
2854, z28t1Phn7lfpRc1pI8pY, 2019-10-05 11:17:27, 2019-10-19 06:20:28
2855, 7DOGIMzaXbecuApEz0Ih, 2019-10-05 11:17:27, 2019-10-19 06:20:28
2856, yZRVy0GaIepqwDjw9koF, 2019-10-05 11:17:27, 2019-10-19 06:20:28
2857, uPpklv3iBJvOjGA3dnjJ, 2019-10-05 11:17:27, 2019-10-19 06:20:28
2858, 55773MpoQgQlJg0owjn6, 2019-10-05 11:17:27, 2019-10-19 06:20:28
2859, Q4P8ZYBcDrmy1JHQN6Ts, 2019-10-05 11:17:27, 2019-10-19 06:20:28
2860, BuNyQHV5DFEMTk5pU14j, 2019-10-05 11:17:27, 2019-10-19 06:20:28
2861, Ifp0xoJ4alF315C0JSLY, 2019-10-05 11:17:27, 2019-10-19 06:20:28
2862, dYLCvSlfyDB0uhVbbowN, 2019-10-05 11:17:27, 2019-10-19 06:20:28
2863, 5Wd5pxTOJDSWTZTR36sB, 2019-10-05 11:17:27, 2019-10-19 06:20:28
2864, jToyHqgTDngBCOROI8fo, 2019-10-05 11:17:27, 2019-10-19 06:20:28
2865, YCq4DUt3lqnzq7IASRSx, 2019-10-05 11:17:27, 2019-10-19 06:20:28
2866, o86jaiwbUWxBcTMKqaCr, 2019-10-05 11:17:27, 2019-10-19 06:20:28
2867, eysjVC42i1XaV12evFp5, 2019-10-05 11:17:27, 2019-10-19 06:20:28
2868, YthRHG0BzWtvcMaZZu7C, 2019-10-05 11:17:27, 2019-10-19 06:20:28
2869, uIBvFS6ryEhOeDECCvDA, 2019-10-05 11:17:27, 2019-10-19 06:20:28
2870, hKJdTQQz4pzMKMYFgDR6, 2019-10-05 11:17:27, 2019-10-19 06:20:28
2871, wJ9E824Yb38COQhWB4Xg, 2019-10-05 11:17:27, 2019-10-19 06:20:28
2872, HLwArvOMbsgnzMyY61Z8, 2019-10-05 11:17:27, 2019-10-19 06:20:28
2873, ew2nlV6p8rCocDvBMtvw, 2019-10-05 11:17:27, 2019-10-19 06:20:28
2874, gP6cDOqQsEVvSkxcJf4w, 2019-10-05 11:17:27, 2019-10-19 06:20:28
2875, 1RzFQqRz33lOTwIC7S0e, 2019-10-05 11:17:27, 2019-10-19 06:20:28
2876, ZDrXKcscKsDqIq7mlUij, 2019-10-05 11:17:27, 2019-10-19 06:20:28
2877, Akfnazojg2VbHBg6X4Ni, 2019-10-05 11:17:27, 2019-10-19 06:20:28
2878, dUbvg1Jx2YCyHBbxVq3k, 2019-10-05 11:17:27, 2019-10-19 06:20:28
2879, YQyOhY061o3uddtlSWD9, 2019-10-05 11:17:27, 2019-10-19 06:20:28
2880, eOFQTa1rkMrgVKZBS4M9, 2019-10-05 11:17:27, 2019-10-19 06:20:28
2881, TzYxeQ9Vvjwb5yXSpiDD, 2019-10-05 11:17:27, 2019-10-19 06:20:28
2882, ADsdSk6hwugjzzefVdzW, 2019-10-05 11:17:27, 2019-10-19 06:20:28
2883, 8xlZ2JuLWIsRDzmOGnkj, 2019-10-05 11:17:27, 2019-10-19 06:20:28
2884, C65ISPUNkdkbSUB01rhV, 2019-10-05 11:17:27, 2019-10-19 06:20:28
2885, hAlMQr90NVZyBVyS8Xts, 2019-10-05 11:17:27, 2019-10-19 06:20:28
2886, 15bfDjm0yaG9YshS7Fnk, 2019-10-05 11:17:27, 2019-10-19 06:20:28
2887, DpUj27Rlmow15yfNi0Ou, 2019-10-05 11:17:27, 2019-10-19 06:20:28
2888, NcoKrjS5aTzLL9VIlvEz, 2019-10-05 11:17:27, 2019-10-19 06:20:28
2889, mAI35jvt5rP5Gs3QreAQ, 2019-10-05 11:17:27, 2019-10-19 06:20:28
2890, 8aYOXLj2nRaM9kiPPghD, 2019-10-05 11:17:27, 2019-10-19 06:20:28
2891, 7A9AFQgmw1bjBGUbr1rS, 2019-10-05 11:17:27, 2019-10-19 06:20:28
2892, 3Uty0d4vtRZPEHplOXOG, 2019-10-05 11:17:27, 2019-10-19 06:20:28
2893, LUA7kjXnPsIs0kkCBra0, 2019-10-05 11:17:27, 2019-10-19 06:20:28
2894, wTwC3uFlYPsvu2EFxu9e, 2019-10-05 11:17:27, 2019-10-19 06:20:28
2895, QvQTNTpODAzrKsQweCUq, 2019-10-05 11:17:27, 2019-10-19 06:20:28
2896, RX5pZLsXk7Grt1UnKgSO, 2019-10-05 11:17:27, 2019-10-19 06:20:28
2897, 6vzNe8vOgufDVnDNVAkw, 2019-10-05 11:17:27, 2019-10-19 06:20:28
2898, g7NBQOTVTpupfMMX3eYF, 2019-10-05 11:17:27, 2019-10-19 06:20:28
2899, rFOf2oixKX3UKlaDCy4v, 2019-10-05 11:17:27, 2019-10-19 06:20:28
2900, ZJL4CL7YDsg4DQ6xryxg, 2019-10-05 11:17:27, 2019-10-19 06:20:28
2901, Uh7381Nl3UXM8As0AxGk, 2019-10-05 11:17:27, 2019-10-19 06:20:28
2902, OHFPurAHjtpWg9PUI0Xf, 2019-10-05 11:17:27, 2019-10-19 06:20:28
2903, f1s81UKAZLj1bVdcqhp3, 2019-10-05 11:17:27, 2019-10-19 06:20:28
2904, Oxf2YwDqjWye4NkkBahW, 2019-10-05 11:17:27, 2019-10-19 06:20:28
2905, gV8yEBEp5kVEONT5RHsm, 2019-10-05 11:17:27, 2019-10-19 06:20:28
2906, xudbSwnH8t4EolJaX4eW, 2019-10-05 11:17:27, 2019-10-19 06:20:28
2907, pK46ChLwJmRMv6k5AMVh, 2019-10-05 11:17:27, 2019-10-19 06:20:28
2908, GRTRzZ7X4lKO0aI8Ww88, 2019-10-05 11:17:27, 2019-10-19 06:20:28
2909, MnJum74e5ieMuUtGqCrO, 2019-10-05 11:17:27, 2019-10-19 06:20:28
2910, 2Mj2saPuKawAUaKKEwp7, 2019-10-05 11:17:27, 2019-10-19 06:20:28
2911, CZ2d7bWAF7N6OwVwniHH, 2019-10-05 11:17:27, 2019-10-19 06:20:28
2912, eaopr0RFcWLSXicUx8Ny, 2019-10-05 11:17:27, 2019-10-19 06:20:28
2913, TzfsSbwTZFsu3Ch0ETRG, 2019-10-05 11:17:27, 2019-10-19 06:20:28
2914, EdSDcGep2sSm7XSsZENp, 2019-10-05 11:17:27, 2019-10-19 06:20:28
2915, gyxGkX6rORsNlxQSDhn9, 2019-10-05 11:17:27, 2019-10-19 06:20:28
2916, HxSi54IsanXYxRr2RgOG, 2019-10-05 11:17:27, 2019-10-19 06:20:28
2917, IoNsTydbrGky9tiF2YNx, 2019-10-05 11:17:27, 2019-10-19 06:20:28
2918, UjuiAZVCbgf395QAAGiv, 2019-10-05 11:17:27, 2019-10-19 06:20:28
2919, P0AcB10u1qaGTZRNB8aM, 2019-10-05 11:17:27, 2019-10-19 06:20:28
2920, mlYdooVrcqtzqsyVI2TM, 2019-10-05 11:17:27, 2019-10-19 06:20:28
2921, 8lrBI3isRnu9LSwecBNL, 2019-10-05 11:17:27, 2019-10-19 06:20:28
2922, FhYXEO1R4X61uMfLCRNr, 2019-10-05 11:17:27, 2019-10-19 06:20:28
2923, dWWBcRH1oBbzxI6RXpxU, 2019-10-05 11:17:27, 2019-10-19 06:20:28
2924, QoJiciRR7UtrVXPBMvcW, 2019-10-05 11:17:27, 2019-10-19 06:20:28
2925, 1UcUL5QoQLShLPZcqwBm, 2019-10-05 11:17:27, 2019-10-19 06:20:28
2926, dXbmvMc3jgrEywgjKhvz, 2019-10-05 11:17:27, 2019-10-19 06:20:28
2927, BMfCR6xncxjTjEPPxVau, 2019-10-05 11:17:27, 2019-10-19 06:20:28
2928, zK0FkT80AJbK1L4yIKGM, 2019-10-05 11:17:27, 2019-10-19 06:20:28
2929, mh6pJeAxLHmWbRB46vGX, 2019-10-05 11:17:27, 2019-10-19 06:20:28
2930, pWbzjZgt9p8FlPM4egqV, 2019-10-05 11:17:27, 2019-10-19 06:20:28
2931, Nnydi6vbkHspBP8TpDqY, 2019-10-05 11:17:27, 2019-10-19 06:20:28
2932, CjfBRiNgIkGTrTSdInew, 2019-10-05 11:17:27, 2019-10-19 06:20:28
2933, KGNrJM484zfQ5UbOX2Ez, 2019-10-05 11:17:27, 2019-10-19 06:20:28
2934, 6mx1cvgcIcwnOawH2WMr, 2019-10-05 11:17:27, 2019-10-19 06:20:28
2935, TTieW0bgIfqQmsoVPsX0, 2019-10-05 11:17:27, 2019-10-19 06:20:28
2936, 4JHK6g5upQw6fV0dq80t, 2019-10-05 11:17:27, 2019-10-19 06:20:28
2937, RhrUXEh4xC5Phr799fIL, 2019-10-05 11:17:27, 2019-10-19 06:20:28
2938, totlqvE0ZvNFUAonWarS, 2019-10-05 11:17:27, 2019-10-19 06:20:28
2939, rjcBPQkQnMzZPUDmMN8B, 2019-10-05 11:17:27, 2019-10-19 06:20:28
2940, ue9pLGEa6wD47q5mexFI, 2019-10-05 11:17:27, 2019-10-19 06:20:28
2941, 2MhqRPO9qslvchJ8K5Bk, 2019-10-05 11:17:27, 2019-10-19 06:20:28
2942, 3p0rfjhgwFI8dpYkLl5N, 2019-10-05 11:17:27, 2019-10-19 06:20:28
2943, Ac6QbffIeynaybJGOXkh, 2019-10-05 11:17:27, 2019-10-19 06:20:28
2944, 9xj0vtmL2b8Yp93Ux8C0, 2019-10-05 11:17:27, 2019-10-19 06:20:28
2945, eyyOnNvY1YieHlsHGJsz, 2019-10-05 11:17:27, 2019-10-19 06:20:28
2946, 8N9vtpNuKNEUcYZKK7W2, 2019-10-05 11:17:27, 2019-10-19 06:20:28
2947, PMl9nrs5TASxwgnREEk0, 2019-10-05 11:17:27, 2019-10-19 06:20:28
2948, 3niCyDjpaTe8cNNC4QZD, 2019-10-05 11:17:27, 2019-10-19 06:20:28
2949, JyicCJ2bD4peFQwKx0N4, 2019-10-05 11:17:27, 2019-10-19 06:20:28
2950, OkRtuEzBavqxDqpoidHC, 2019-10-05 11:17:27, 2019-10-19 06:20:28
2951, AnthinnWtiO2BaPxjUIr, 2019-10-05 11:17:27, 2019-10-19 06:20:28
2952, k0ukgBZZMmHzeue6maxM, 2019-10-05 11:17:27, 2019-10-19 06:20:29
2953, mlNKYgaau5FhAf9BRymf, 2019-10-05 11:17:27, 2019-10-19 06:20:29
2954, lV8F0VulFUzchqw9BO0D, 2019-10-05 11:17:27, 2019-10-19 06:20:29
2955, dbrFqsgpVxf8JeJIZzjV, 2019-10-05 11:17:27, 2019-10-19 06:20:29
2956, RHUAAmfDJqvDLLNpkoUe, 2019-10-05 11:17:27, 2019-10-19 06:20:29
2957, 2z4LCdGCEONwVxqGsgF3, 2019-10-05 11:17:27, 2019-10-19 06:20:29
2958, R56eEaFONFHHMQxQxRwn, 2019-10-05 11:17:27, 2019-10-19 06:20:29
2959, jSuPpcf5nRkctc7t7cgS, 2019-10-05 11:17:27, 2019-10-19 06:20:29
2960, em0sApczTv0nLhyKrKdx, 2019-10-05 11:17:27, 2019-10-19 06:20:29
2961, KqNHHvUJTL2Edu4hKuxY, 2019-10-05 11:17:27, 2019-10-19 06:20:29
2962, mOGFvPYgnX3CH0qmTAbw, 2019-10-05 11:17:27, 2019-10-19 06:20:29
2963, u265Z3ZXMausdvSD5TCp, 2019-10-05 11:17:27, 2019-10-19 06:20:29
2964, vLVJ7PyQBICNjFTVwh53, 2019-10-05 11:17:27, 2019-10-19 06:20:29
2965, ExJrouuNLZBeyM2a4oPZ, 2019-10-05 11:17:27, 2019-10-19 06:20:29
2966, 8ECRtAMTZ1lLvmx5V7xv, 2019-10-05 11:17:27, 2019-10-19 06:20:29
2967, AK1t8qf58xKktBxyet7o, 2019-10-05 11:17:27, 2019-10-19 06:20:29
2968, BxtxhKuTUic29ok4GQtZ, 2019-10-05 11:17:27, 2019-10-19 06:20:29
2969, RV7EcibM2lKr9zBFIUuc, 2019-10-05 11:17:27, 2019-10-19 06:20:29
2970, SBnk96YHEaTVPuBExyzW, 2019-10-05 11:17:27, 2019-10-19 06:20:29
2971, 4MPMHlcEc3bOS912X4zS, 2019-10-05 11:17:27, 2019-10-19 06:20:29
2972, OjG6OcvLNbbqV5jfgahj, 2019-10-05 11:17:27, 2019-10-19 06:20:29
2973, NKnvOB38bi4yPYPIjewI, 2019-10-05 11:17:27, 2019-10-19 06:20:29
2974, siAXT1jkuWGkcRSObT2v, 2019-10-05 11:17:27, 2019-10-19 06:20:29
2975, C3LtsQQmUW4ZGUfbmtHj, 2019-10-05 11:17:27, 2019-10-19 06:20:29
2976, DmA85ftGbLMuSoI85yX2, 2019-10-05 11:17:27, 2019-10-19 06:20:29
2977, q1GUn8IZ60BArRy1vw5D, 2019-10-05 11:17:27, 2019-10-19 06:20:29
2978, WuPq6PcYgBYqpdYldw7e, 2019-10-05 11:17:27, 2019-10-19 06:20:29
2979, v5NaJbKKHqJHjmgxa4WX, 2019-10-05 11:17:27, 2019-10-19 06:20:29
2980, fTFXnsaLoGftkDiiYhSU, 2019-10-05 11:17:27, 2019-10-19 06:20:29
2981, EftX6dPZLpR9wxnYopDf, 2019-10-05 11:17:27, 2019-10-19 06:20:29
2982, MFLwZMpADc3mCei4DyP8, 2019-10-05 11:17:27, 2019-10-19 06:20:29
2983, Yc7Qi7f1L2cP00IhAFNI, 2019-10-05 11:17:27, 2019-10-19 06:20:29
2984, RhlYg1jdWgCtFNxAaEIf, 2019-10-05 11:17:27, 2019-10-19 06:20:29
2985, meoGuNcZ6hfW7VgUiLKN, 2019-10-05 11:17:27, 2019-10-19 06:20:29
2986, HAMrcPSwA9fPphCR5U6u, 2019-10-05 11:17:27, 2019-10-19 06:20:29
2987, vO3C67QCullEVBJcTiNO, 2019-10-05 11:17:27, 2019-10-19 06:20:29
2988, 6JfShmTCa4K9iEE7qPe8, 2019-10-05 11:17:27, 2019-10-19 06:20:29
2989, P1a838WMzbHzU0PQVLse, 2019-10-05 11:17:27, 2019-10-19 06:20:29
2990, 3Zvy7rsaKc7rQi1u9ooT, 2019-10-05 11:17:27, 2019-10-19 06:20:29
2991, 9mIKh5yNek5OepaJ5YgW, 2019-10-05 11:17:27, 2019-10-19 06:20:29
2992, p3m2mE6ueeBMYnOmNCm4, 2019-10-05 11:17:27, 2019-10-19 06:20:29
2993, ytCxBtwmIRaJD1yRDqpf, 2019-10-05 11:17:27, 2019-10-19 06:20:29
2994, YODMisbh6UOwDRgssT0h, 2019-10-05 11:17:27, 2019-10-19 06:20:29
2995, NreeBcJ7sMHMbs07OP4R, 2019-10-05 11:17:27, 2019-10-19 06:20:29
2996, YAK03uwWMuvD7Ap0Y8Nv, 2019-10-05 11:17:27, 2019-10-19 06:20:29
2997, Ic5bFsiSRkR0aPzN4LC5, 2019-10-05 11:17:27, 2019-10-19 06:20:29
2998, cdYAjRMnrrYF3rpeG9aU, 2019-10-05 11:17:27, 2019-10-19 06:20:29
2999, GoN4hFaeqSjGNZ61fi0N, 2019-10-05 11:17:27, 2019-10-19 06:20:29
3000, jJGZWX0Hasg506VUIFRt, 2019-10-05 11:17:27, 2019-10-19 06:20:29
3001, IfJptONmOQfmBsFUbfbF, 2019-10-05 11:17:27, 2019-10-19 06:20:29
3002, UKg26l0Uoyvwvy5uqG8P, 2019-10-05 11:17:27, 2019-10-19 06:20:29
3003, T59c4uNEY1sxtveX1q4Q, 2019-10-05 11:17:27, 2019-10-19 06:20:29
3004, pkJYUdYyjTOiEFWiAOXE, 2019-10-05 11:17:27, 2019-10-19 06:20:29
3005, KfjCj6wIQSHgvwxVAlQn, 2019-10-05 11:17:27, 2019-10-19 06:20:29
3006, zGBF73wX7TYrVliFeYsS, 2019-10-05 11:17:27, 2019-10-19 06:20:29
3007, 6GaYGu9kND66LB8MEYdX, 2019-10-05 11:17:27, 2019-10-19 06:20:29
3008, WUZ1QV2m8zvGTd9AfRoq, 2019-10-05 11:17:27, 2019-10-19 06:20:29
3009, c2rhwD6kIA6GEObgN42T, 2019-10-05 11:17:27, 2019-10-19 06:20:29
3010, D7lIqjArUrFuesoOUBiu, 2019-10-05 11:17:27, 2019-10-19 06:20:29
3011, b3cBytZSADqJNYzMTEDl, 2019-10-05 11:17:27, 2019-10-19 06:20:29
3012, cK3XvCmzRdqTJN6GeXci, 2019-10-05 11:17:27, 2019-10-19 06:20:29
3013, 6QTeTfqm1pHR9fWojzqO, 2019-10-05 11:17:27, 2019-10-19 06:20:29
3014, E2qMayD38x4U4g3akSRz, 2019-10-05 11:17:27, 2019-10-19 06:20:29
3015, X1UsCeBMp6bkT9L67eBN, 2019-10-05 11:17:27, 2019-10-19 06:20:29
3016, nUVJGYVeVsZhNEXvzFPU, 2019-10-05 11:17:27, 2019-10-19 06:20:29
3017, XNWdIT7Q2WD0OYW70ccC, 2019-10-05 11:17:27, 2019-10-19 06:20:29
3018, MFgvQK5IcSquq2F3sDYP, 2019-10-05 11:17:27, 2019-10-19 06:20:29
3019, m8EUXLKGfxC04xjV3e3k, 2019-10-05 11:17:27, 2019-10-19 06:20:29
3020, 9uMmIKBfko05S5g8Y83F, 2019-10-05 11:17:27, 2019-10-19 06:20:29
3021, d5DtvU6o2Y4vcgcl1Un2, 2019-10-05 11:17:27, 2019-10-19 06:20:29
3022, VxF9XOPOZkci2UNxv78r, 2019-10-05 11:17:27, 2019-10-19 06:20:29
3023, IVZFs6WiiLuYnA5hpQkx, 2019-10-05 11:17:27, 2019-10-19 06:20:29
3024, bANFPxdJKtY4YyCFNLyp, 2019-10-05 11:17:27, 2019-10-19 06:20:29
3025, TL0RR3tXResD2baz7DyS, 2019-10-05 11:17:27, 2019-10-19 06:20:29
3026, t0vnNgBadat4A3H8c9c9, 2019-10-05 11:17:27, 2019-10-19 06:20:29
3027, smn363Ngppe9McrwczN4, 2019-10-05 11:17:27, 2019-10-19 06:20:29
3028, tVjlm4f58GDrJFrl1xZZ, 2019-10-05 11:17:27, 2019-10-19 06:20:29
3029, zyVwMzZWkn4z2kgrkbam, 2019-10-05 11:17:27, 2019-10-19 06:20:29
3030, DRLsiWQjkF5UEnwGdRRk, 2019-10-05 11:17:27, 2019-10-19 06:20:29
3031, QL2nQdgiye76JnGs8QeE, 2019-10-05 11:17:27, 2019-10-19 06:20:29
3032, zJPGmfXM61JSxLQJhERH, 2019-10-05 11:17:27, 2019-10-19 06:20:29
3033, K1ZVe8S2aQ6hyImqG3Ip, 2019-10-05 11:17:27, 2019-10-19 06:20:29
3034, Pm9hLClVUdR9su34eoZ0, 2019-10-05 11:17:27, 2019-10-19 06:20:29
3035, r8jrvPnrxoG6TVbJUIJv, 2019-10-05 11:17:27, 2019-10-19 06:20:29
3036, QB4JKV52m9P7zM6I4TmN, 2019-10-05 11:17:27, 2019-10-19 06:20:29
3037, avt9uMwT6wtuSWYwWHBj, 2019-10-05 11:17:27, 2019-10-19 06:20:29
3038, QdxJ9frUopj8i2jxlhQ7, 2019-10-05 11:17:27, 2019-10-19 06:20:29
3039, 1QSiLoYhXgtYJSnsF0cS, 2019-10-05 11:17:27, 2019-10-19 06:20:29
3040, J0Y1dyb2RAPo5OAhCwa3, 2019-10-05 11:17:27, 2019-10-19 06:20:29
3041, zioCPG9gK4Tt3CCZMddO, 2019-10-05 11:17:27, 2019-10-19 06:20:29
3042, jBfovCol1vyKsvAlwATw, 2019-10-05 11:17:27, 2019-10-19 06:20:29
3043, uqPPUr0qWYOYF9BxKK7Q, 2019-10-05 11:17:27, 2019-10-19 06:20:29
3044, wn8JZqEVUC9cu78HPmcc, 2019-10-05 11:17:27, 2019-10-19 06:20:29
3045, j8c6vlNA4JXZoJb2KijX, 2019-10-05 11:17:27, 2019-10-19 06:20:29
3046, F016TBPi1p6fGnov156J, 2019-10-05 11:17:27, 2019-10-19 06:20:29
3047, DlhWPHBV9X0ddFudCtUT, 2019-10-05 11:17:27, 2019-10-19 06:20:29
3048, CBgskqwKRC3z4prTBod4, 2019-10-05 11:17:27, 2019-10-19 06:20:29
3049, YJMhaTv5q2xejZGElQYM, 2019-10-05 11:17:27, 2019-10-19 06:20:29
3050, rERpYgxgIgCRoqKEGfBF, 2019-10-05 11:17:27, 2019-10-19 06:20:29
3051, A7w5rVTQ6GgBs77Z98c0, 2019-10-05 11:17:27, 2019-10-19 06:20:29
3052, rxtsceJY5PQY7Eaze3bH, 2019-10-05 11:17:27, 2019-10-19 06:20:29
3053, cdYcvv8cfg9tZy19c0q1, 2019-10-05 11:17:27, 2019-10-19 06:20:29
3054, 5zvzJRZkLohpFhGN6AVZ, 2019-10-05 11:17:27, 2019-10-19 06:20:29
3055, 0NvQm8Z7leIefyCArTFE, 2019-10-05 11:17:27, 2019-10-19 06:20:29
3056, wtKUR6aLGa5zgVGMramg, 2019-10-05 11:17:27, 2019-10-19 06:20:29
3057, YDJJxDEDqQl4JyheFoUR, 2019-10-05 11:17:27, 2019-10-19 06:20:29
3058, 7kc2V5Kzt6YSYrWNM45K, 2019-10-05 11:17:27, 2019-10-19 06:20:29
3059, bzm4hfSk99P4ANYLT7ie, 2019-10-05 11:17:27, 2019-10-19 06:20:29
3060, d4ZySXCF9YmIC4hbr5mm, 2019-10-05 11:17:27, 2019-10-19 06:20:29
3061, eXlVg130JmI2PP9N5Dd0, 2019-10-05 11:17:27, 2019-10-19 06:20:29
3062, O70i1gcLUPe1jlrT4hFO, 2019-10-05 11:17:27, 2019-10-19 06:20:29
3063, btOcRTGRslLLJpOdmNZy, 2019-10-05 11:17:27, 2019-10-19 06:20:29
3064, 25K7sgwpwOJHMjgOYsmQ, 2019-10-05 11:17:27, 2019-10-19 06:20:29
3065, WYQaokb16xjFsh3TlNFu, 2019-10-05 11:17:27, 2019-10-19 06:20:29
3066, yzujrOhIT0wfDg5g5AJG, 2019-10-05 11:17:27, 2019-10-19 06:20:29
3067, 9vbDsrq98kmVwMrVqri6, 2019-10-05 11:17:27, 2019-10-19 06:20:29
3068, 8C8EmBaGRkH6ZZ7ynyNU, 2019-10-05 11:17:27, 2019-10-19 06:20:29
3069, DInsLhHYasPa7sUqGSeW, 2019-10-05 11:17:27, 2019-10-19 06:20:29
3070, ZA3StNNHjSGzNvv5cVDm, 2019-10-05 11:17:27, 2019-10-19 06:20:29
3071, ZCTnZIWW3Qu30E9HLTyY, 2019-10-05 11:17:27, 2019-10-19 06:20:30
3072, ML2IX8wd19Y6YoAiHChJ, 2019-10-05 11:17:27, 2019-10-19 06:20:30
3073, zPbpX8BeZ5Pe5GbHqoai, 2019-10-05 11:17:27, 2019-10-19 06:20:30
3074, NozGkQpk8kyaFZGqZVOJ, 2019-10-05 11:17:27, 2019-10-19 06:20:30
3075, VjvPVzjFaQIC2cSVyGIJ, 2019-10-05 11:17:27, 2019-10-19 06:20:30
3076, n9VhtKBhiVEJJH4Ifm3y, 2019-10-05 11:17:27, 2019-10-19 06:20:30
3077, nFQtKeKeWSlpu3ufJV3t, 2019-10-05 11:17:27, 2019-10-19 06:20:30
3078, wfcwj9RlkkzqyTY0bsyx, 2019-10-05 11:17:27, 2019-10-19 06:20:30
3079, 5sa68eDbzkmgFzZTWGg9, 2019-10-05 11:17:27, 2019-10-19 06:20:30
3080, sdAW4rb3Yqfb9WERPSr8, 2019-10-05 11:17:27, 2019-10-19 06:20:30
3081, 55gmjMFGiR9ueIJ8E7MF, 2019-10-05 11:17:27, 2019-10-19 06:20:30
3082, 20INWi2bbs3llS86Qlzi, 2019-10-05 11:17:27, 2019-10-19 06:20:30
3083, TWb7mOOpGrANccN7FPI0, 2019-10-05 11:17:27, 2019-10-19 06:20:30
3084, EFixkuaCGf3ykCDoWKaI, 2019-10-05 11:17:27, 2019-10-19 06:20:30
3085, mjgMX9L6dKIneec6K0BM, 2019-10-05 11:17:27, 2019-10-19 06:20:30
3086, eyIZY2YndTSLxf6SLry9, 2019-10-05 11:17:27, 2019-10-19 06:20:30
3087, pcpIgSySeTdQr1WH9tZ7, 2019-10-05 11:17:27, 2019-10-19 06:20:30
3088, 2p45mvLbxXPbkS6TIwjt, 2019-10-05 11:17:27, 2019-10-19 06:20:30
3089, 76HdhPUg8dP7czhi7I3Y, 2019-10-05 11:17:27, 2019-10-19 06:20:30
3090, J1zdslfzOikVMVjwD7as, 2019-10-05 11:17:27, 2019-10-19 06:20:30
3091, xwFLKEqJexLTpGRTtgfy, 2019-10-05 11:17:27, 2019-10-19 06:20:30
3092, mZE7AkqxI2yAPakIPPEG, 2019-10-05 11:17:27, 2019-10-19 06:20:30
3093, KiNGWBTlTCtTWMPBaWiX, 2019-10-05 11:17:27, 2019-10-19 06:20:30
3094, zH7fkTS647E6fPbLc86H, 2019-10-05 11:17:27, 2019-10-19 06:20:30
3095, R81KZv7PIDZp8RiMJ3qz, 2019-10-05 11:17:27, 2019-10-19 06:20:30
3096, eePgUi5Lp7Js0JNu43z7, 2019-10-05 11:17:27, 2019-10-19 06:20:30
3097, NBL0OrDVYO457dykrrsM, 2019-10-05 11:17:27, 2019-10-19 06:20:30
3098, ViZ2n1Za5q1FRT1og9GS, 2019-10-05 11:17:27, 2019-10-19 06:20:30
3099, ovdrkHC8Afpj1owH7uYl, 2019-10-05 11:17:27, 2019-10-19 06:20:30
3100, boDiO30BBVBnLwLWj0MW, 2019-10-05 11:17:27, 2019-10-19 06:20:30
3101, zWQlcLS8Gmfk5h7b5XIU, 2019-10-05 11:17:27, 2019-10-19 06:20:30
3102, DY9MhxPTnNNr8VIcwI7N, 2019-10-05 11:17:27, 2019-10-19 06:20:30
3103, kMKWee9Prk7DrHPjDVhR, 2019-10-05 11:17:27, 2019-10-19 06:20:30
3104, aTk3rMlCInjy2Dzg5CCd, 2019-10-05 11:17:27, 2019-10-19 06:20:30
3105, kgJDqPdCTzlY10U5IAIR, 2019-10-05 11:17:27, 2019-10-19 06:20:30
3106, XaDe6vnFGUlvquo3iQ17, 2019-10-05 11:17:27, 2019-10-19 06:20:30
3107, LjRJVyTY2YztV8TgAyge, 2019-10-05 11:17:27, 2019-10-19 06:20:30
3108, 6PyBNpEZ2LlXX45tePJZ, 2019-10-05 11:17:27, 2019-10-19 06:20:30
3109, KxYaqisYj7MoxZKU7pgg, 2019-10-05 11:17:27, 2019-10-19 06:20:30
3110, mwbzddisoY1iQvtjjDth, 2019-10-05 11:17:27, 2019-10-19 06:20:30
3111, KP9UCVEBLRePjwkWlNtw, 2019-10-05 11:17:27, 2019-10-19 06:20:30
3112, T4yLDGtnvBJ1XkTuXMVT, 2019-10-05 11:17:27, 2019-10-19 06:20:30
3113, mWkcuyQvYGuxs6ZxG7mI, 2019-10-05 11:17:27, 2019-10-19 06:20:30
3114, uQMG95rU9FATt1dGVYfQ, 2019-10-05 11:17:27, 2019-10-19 06:20:30
3115, v37CawJP0tQscSuEa32E, 2019-10-05 11:17:27, 2019-10-19 06:20:30
3116, CC1Z26zU8WzUgMxHUqIw, 2019-10-05 11:17:27, 2019-10-19 06:20:30
3117, tzO2Z43mGxF9u4AWePRi, 2019-10-05 11:17:27, 2019-10-19 06:20:30
3118, hYpOrgQ0R53ZWmS7pM6w, 2019-10-05 11:17:27, 2019-10-19 06:20:30
3119, ovojq7ZIR6lrEdpjbKyT, 2019-10-05 11:17:27, 2019-10-19 06:20:30
3120, zTebVuGamsLO6KwqH3VF, 2019-10-05 11:17:27, 2019-10-19 06:20:30
3121, vDeuYws2zFnWqAE0UHLd, 2019-10-05 11:17:27, 2019-10-19 06:20:30
3122, YxEmBvAvvM0KbM6mVFSb, 2019-10-05 11:17:27, 2019-10-19 06:20:30
3123, SPLKPkBlFQ9YlH1COFDM, 2019-10-05 11:17:27, 2019-10-19 06:20:30
3124, h6hlVTl4aAhs9WSNdq3V, 2019-10-05 11:17:27, 2019-10-19 06:20:30
3125, VpJa4Xrr2kOBrTMT6vig, 2019-10-05 11:17:27, 2019-10-19 06:20:30
3126, 2B759NdGCeB3hMdTsxvy, 2019-10-05 11:17:27, 2019-10-19 06:20:30
3127, Lzp419WVFkeGCWaBQrrG, 2019-10-05 11:17:27, 2019-10-19 06:20:30
3128, fx1u88IifWPwSsRMHXbB, 2019-10-05 11:17:27, 2019-10-19 06:20:30
3129, ok9qme7W4rM6pBMsXLUN, 2019-10-05 11:17:27, 2019-10-19 06:20:30
3130, Os1v72ROgBMHzuSAiFxD, 2019-10-05 11:17:27, 2019-10-19 06:20:30
3131, e3WT9nSgXGgrisxH1df6, 2019-10-05 11:17:27, 2019-10-19 06:20:30
3132, eltZEcPCOdCPcHj6S6WN, 2019-10-05 11:17:27, 2019-10-19 06:20:30
3133, Q0UdND0rFO0JdcjpYv0z, 2019-10-05 11:17:27, 2019-10-19 06:20:30
3134, sL3s6unT2yN51SPu9Nv7, 2019-10-05 11:17:27, 2019-10-19 06:20:30
3135, I2zoYTq8FgektSpfXWHC, 2019-10-05 11:17:27, 2019-10-19 06:20:30
3136, UiQRlk16hGlmAu07JwBu, 2019-10-05 11:17:27, 2019-10-19 06:20:30
3137, RKMj589wdKM8kNPuLStp, 2019-10-05 11:17:27, 2019-10-19 06:20:30
3138, 7s8xzMH5SUdXxVWRzUUL, 2019-10-05 11:17:27, 2019-10-19 06:20:30
3139, JaRJfvlpbiHxFijJGVnm, 2019-10-05 11:17:27, 2019-10-19 06:20:30
3140, q10rv8ZfjY8CFLzhQw5z, 2019-10-05 11:17:27, 2019-10-19 06:20:30
3141, ZyRGyWcJoT0WpOBlAd55, 2019-10-05 11:17:27, 2019-10-19 06:20:30
3142, so9In1ey6kvo7vRv5o6r, 2019-10-05 11:17:27, 2019-10-19 06:20:30
3143, OZNx9aJZLphGnnvvwX0s, 2019-10-05 11:17:27, 2019-10-19 06:20:30
3144, Ys8wFOYLy8jeoxRM6d1E, 2019-10-05 11:17:27, 2019-10-19 06:20:30
3145, pydOkevfwxAc27fWzJeY, 2019-10-05 11:17:27, 2019-10-19 06:20:30
3146, OoYYJ9fR3pIjpAtX0w8R, 2019-10-05 11:17:27, 2019-10-19 06:20:30
3147, eDwdNnJHOiXLHtaWFBiY, 2019-10-05 11:17:27, 2019-10-19 06:20:30
3148, 5bcwwZsIjT2zLWHj2LPv, 2019-10-05 11:17:27, 2019-10-19 06:20:30
3149, 1B24m56DdbQioWeW7iQv, 2019-10-05 11:17:27, 2019-10-19 06:20:30
3150, 2JV2kdyHywqLlK4X6NR1, 2019-10-05 11:17:27, 2019-10-19 06:20:30
3151, 7VcWb6iJK7lyrg3uC3hG, 2019-10-05 11:17:27, 2019-10-19 06:20:30
3152, RzcW58HtxtMyUgYuYbda, 2019-10-05 11:17:27, 2019-10-19 06:20:30
3153, ZHdbjMgB8rokwfUgQ8np, 2019-10-05 11:17:27, 2019-10-19 06:20:30
3154, qjckuSuieCgrw4ayZBz7, 2019-10-05 11:17:27, 2019-10-19 06:20:30
3155, rMZBPnofLTNAZxEvJOXT, 2019-10-05 11:17:27, 2019-10-19 06:20:30
3156, zwyynzlum0kqNDyHMztf, 2019-10-05 11:17:27, 2019-10-19 06:20:30
3157, 5qH6ujtpzupMfJcAzSxp, 2019-10-05 11:17:27, 2019-10-19 06:20:30
3158, iYNn2aUO25Asqy8b2rxD, 2019-10-05 11:17:27, 2019-10-19 06:20:30
3159, lCPoFdIOt4SOrriQDX90, 2019-10-05 11:17:27, 2019-10-19 06:20:30
3160, I5hrakUEFAIbtKl89SiF, 2019-10-05 11:17:27, 2019-10-19 06:20:30
3161, ZpNSVtDV5Rrrk0LRHCPu, 2019-10-05 11:17:27, 2019-10-19 06:20:30
3162, EcWTO4u8rJWR6VWznWKB, 2019-10-05 11:17:27, 2019-10-19 06:20:30
3163, hgiIbuUfxXpGAHSO95n9, 2019-10-05 11:17:27, 2019-10-19 06:20:30
3164, NrtCa2fdd0RiQ3siTkPO, 2019-10-05 11:17:27, 2019-10-19 06:20:30
3165, DKk1zDGrjuoux5AMcwhQ, 2019-10-05 11:17:27, 2019-10-19 06:20:30
3166, W5NbgEhYLpe1oCvxecj6, 2019-10-05 11:17:27, 2019-10-19 06:20:30
3167, 0eA0j2NjFyWvCTuahw4Q, 2019-10-05 11:17:27, 2019-10-19 06:20:30
3168, zsg6MTOcDEEkyWejEwlQ, 2019-10-05 11:17:27, 2019-10-19 06:20:30
3169, LVqdT94EqOvG5CoS1oce, 2019-10-05 11:17:27, 2019-10-19 06:20:30
3170, LbHD6LTLmNI7DzuCcXOS, 2019-10-05 11:17:27, 2019-10-19 06:20:30
3171, s1WXcZe7n4TWIqFvXrgj, 2019-10-05 11:17:27, 2019-10-19 06:20:30
3172, ejQvRnWLQbydu6spyv2k, 2019-10-05 11:17:27, 2019-10-19 06:20:30
3173, M6C8cqckRPryvYi379m0, 2019-10-05 11:17:27, 2019-10-19 06:20:30
3174, FSq6hs8U0khZ1uRUB6H2, 2019-10-05 11:17:27, 2019-10-19 06:20:30
3175, yo9uCmvSH5gb6gFj0GP4, 2019-10-05 11:17:27, 2019-10-19 06:20:30
3176, 6bX6EheWZdeiAE7NUPUX, 2019-10-05 11:17:27, 2019-10-19 06:20:30
3177, UPJaebFONc5NZSgLLZDv, 2019-10-05 11:17:27, 2019-10-19 06:20:30
3178, gkbbfFbHY1K4FL1DUQlD, 2019-10-05 11:17:27, 2019-10-19 06:20:30
3179, LT6MKUjYELZCWnzOAZiv, 2019-10-05 11:17:27, 2019-10-19 06:20:30
3180, ODaJeJ9mQyfTShNL8lIJ, 2019-10-05 11:17:27, 2019-10-19 06:20:30
3181, 2NPYnW14HWVvDRndALYS, 2019-10-05 11:17:27, 2019-10-19 06:20:30
3182, nRha8dyCT3YdqhpNNfLh, 2019-10-05 11:17:27, 2019-10-19 06:20:30
3183, hUzzFamGjJSmArT9USIc, 2019-10-05 11:17:27, 2019-10-19 06:20:30
3184, PFbFfkOi9y1lhMMuZy1T, 2019-10-05 11:17:27, 2019-10-19 06:20:30
3185, MfapL9Rh49y7GJCOZhU7, 2019-10-05 11:17:27, 2019-10-19 06:20:30
3186, j1jGsx78ctaZaUjuaGVl, 2019-10-05 11:17:27, 2019-10-19 06:20:30
3187, hGMzUvFIT3LdchoSThsx, 2019-10-05 11:17:27, 2019-10-19 06:20:30
3188, xxoHkGwB7IzaCpRc86qP, 2019-10-05 11:17:27, 2019-10-19 06:20:30
3189, izm9uN1ajCEk73qcERnY, 2019-10-05 11:17:27, 2019-10-19 06:20:30
3190, QAuLVaEHOlXhxou2osL4, 2019-10-05 11:17:27, 2019-10-19 06:20:30
3191, 19lhBaXt4v7Y5QicAa4s, 2019-10-05 11:17:27, 2019-10-19 06:20:30
3192, gRKiY5gulOvyNk7dhE1M, 2019-10-05 11:17:27, 2019-10-19 06:20:30
3193, WMV2qaR4ZdmRpHesOctt, 2019-10-05 11:17:27, 2019-10-19 06:20:30
3194, DI8INz5czoXXhI0CZjH0, 2019-10-05 11:17:27, 2019-10-19 06:20:30
3195, XR14UR6LyCmniUuCyBbP, 2019-10-05 11:17:27, 2019-10-19 06:20:31
3196, snR26t8mOw02mssblvh0, 2019-10-05 11:17:27, 2019-10-19 06:20:31
3197, XlqteSMNsFehnNEMnd4T, 2019-10-05 11:17:27, 2019-10-19 06:20:31
3198, aPsEr8mVm683zUBvtpRl, 2019-10-05 11:17:27, 2019-10-19 06:20:31
3199, yWlslBLEQaDma2E6EncI, 2019-10-05 11:17:27, 2019-10-19 06:20:31
3200, THo9mPQnN6ZhsGexWPLX, 2019-10-05 11:17:27, 2019-10-19 06:20:31
3201, R5Ki89nBg5UCZAPqgb3p, 2019-10-05 11:17:27, 2019-10-19 06:20:31
3202, BnpEccVf7ssgyasvUwi9, 2019-10-05 11:17:27, 2019-10-19 06:20:31
3203, SyggwaorF4YPI5O1vMfd, 2019-10-05 11:17:27, 2019-10-19 06:20:31
3204, A0EjtNmmx73eiNcR5VYn, 2019-10-05 11:17:27, 2019-10-19 06:20:31
3205, yEjrSSh6Aixy6iLbebZs, 2019-10-05 11:17:27, 2019-10-19 06:20:31
3206, ZTn33Tnft0f14osd44TA, 2019-10-05 11:17:27, 2019-10-19 06:20:31
3207, YVDEKjpWGt69wo2hYQtM, 2019-10-05 11:17:27, 2019-10-19 06:20:31
3208, PanTlYDQUD2tXMEsqHRI, 2019-10-05 11:17:27, 2019-10-19 06:20:31
3209, 6qfzGcK6STZ17AgWcRYo, 2019-10-05 11:17:27, 2019-10-19 06:20:31
3210, 8GXdwX5GxyyRII2C1MXT, 2019-10-05 11:17:27, 2019-10-19 06:20:31
3211, gAJed62fre8neMMFOQzX, 2019-10-05 11:17:27, 2019-10-19 06:20:31
3212, AjztIW8YukrJRv9l9C4M, 2019-10-05 11:17:27, 2019-10-19 06:20:31
3213, YLI9o1EK4nZRf2dzUxgj, 2019-10-05 11:17:27, 2019-10-19 06:20:31
3214, 2tgwtFFJIyrMmPNitlAP, 2019-10-05 11:17:27, 2019-10-19 06:20:31
3215, 0lAhimb05OA020qQEiSM, 2019-10-05 11:17:27, 2019-10-19 06:20:31
3216, H5YMawrKkWcsQJAMumL4, 2019-10-05 11:17:27, 2019-10-19 06:20:31
3217, ssyUL6NsKBotYq8Bvjr5, 2019-10-05 11:17:27, 2019-10-19 06:20:31
3218, 9ezfgd9dwhQtSzFlxEtW, 2019-10-05 11:17:27, 2019-10-19 06:20:31
3219, MU6IPs19hFosvXYQqNYh, 2019-10-05 11:17:27, 2019-10-19 06:20:31
3220, J5mXUKh4MPvq1hYaIFUZ, 2019-10-05 11:17:27, 2019-10-19 06:20:31
3221, 5x7BvmCE1ruF4ZFj0vWy, 2019-10-05 11:17:27, 2019-10-19 06:20:31
3222, 8kOGydtzKlPyBPZ4bBVR, 2019-10-05 11:17:27, 2019-10-19 06:20:31
3223, Lw3NvXHvAUyc5Fj2nqvP, 2019-10-05 11:17:27, 2019-10-19 06:20:31
3224, OHvE3OS8ouITnUXVziMT, 2019-10-05 11:17:27, 2019-10-19 06:20:31
3225, GRmpVFStuinwRwqCp8US, 2019-10-05 11:17:27, 2019-10-19 06:20:31
3226, hLlq3WTDFmTFJP14b2If, 2019-10-05 11:17:27, 2019-10-19 06:20:31
3227, XM8u2CMWojBlgHCXroUM, 2019-10-05 11:17:27, 2019-10-19 06:20:31
3228, rOygaq2LStG7jyfptA7v, 2019-10-05 11:17:27, 2019-10-19 06:20:31
3229, BsMSwtyNfhSCoyINhkNm, 2019-10-05 11:17:27, 2019-10-19 06:20:31
3230, mfLx4r0562T07RqDuTHX, 2019-10-05 11:17:27, 2019-10-19 06:20:31
3231, JvtDtiJnf2bJofP9Vb00, 2019-10-05 11:17:27, 2019-10-19 06:20:31
3232, zFzvtQ967yopWuPAlxHn, 2019-10-05 11:17:27, 2019-10-19 06:20:31
3233, 1K3AAvmqbZHULvLUsf6Y, 2019-10-05 11:17:27, 2019-10-19 06:20:31
3234, yBksEyMJDQB8cSQKqGRI, 2019-10-05 11:17:27, 2019-10-19 06:20:31
3235, E2kWR0QFHH0RTKHmp8Qi, 2019-10-05 11:17:27, 2019-10-19 06:20:31
3236, sbEcWHexWOCkmX7zMemZ, 2019-10-05 11:17:27, 2019-10-19 06:20:31
3237, GS3v6lvUZ9aSmnIPQK73, 2019-10-05 11:17:27, 2019-10-19 06:20:31
3238, Y0oisdPnnvh1NeuTaY65, 2019-10-05 11:17:27, 2019-10-19 06:20:31
3239, VLLS0W46dWBhIGrDt4DC, 2019-10-05 11:17:27, 2019-10-19 06:20:31
3240, eLuqDqhTKEYlWAly079f, 2019-10-05 11:17:27, 2019-10-19 06:20:31
3241, gt91wxEK5sfCuSov6YzB, 2019-10-05 11:17:27, 2019-10-19 06:20:31
3242, c14sIsOvKVmY8Y8fKwpL, 2019-10-05 11:17:27, 2019-10-19 06:20:31
3243, bnWy8zVHHVN8BKvXYwJV, 2019-10-05 11:17:27, 2019-10-19 06:20:31
3244, TxVNHy1R0M7jeRkulb7J, 2019-10-05 11:17:27, 2019-10-19 06:20:31
3245, zalfg1S9ITnJpTx8KWZv, 2019-10-05 11:17:27, 2019-10-19 06:20:31
3246, SFO7X9jf4pCgDjbBZE9z, 2019-10-05 11:17:27, 2019-10-19 06:20:31
3247, olQFOFkoKNlsF1hXf3gW, 2019-10-05 11:17:27, 2019-10-19 06:20:31
3248, 2xyEVSBbagipNlfaNq7R, 2019-10-05 11:17:27, 2019-10-19 06:20:31
3249, jS8Clg8N7DaYNzt6FBk5, 2019-10-05 11:17:27, 2019-10-19 06:20:31
3250, vkKWVuL6BvHu9SyrNoA3, 2019-10-05 11:17:27, 2019-10-19 06:20:31
3251, ZmzyBf0ColuLLkVKTlNo, 2019-10-05 11:17:27, 2019-10-19 06:20:31
3252, iteA9iR2AxMqc7PCOKta, 2019-10-05 11:17:27, 2019-10-19 06:20:31
3253, uHtNsS9vcHgQTmAKhkjD, 2019-10-05 11:17:27, 2019-10-19 06:20:31
3254, xmFf7CRBTvhoqcXyN7R5, 2019-10-05 11:17:27, 2019-10-19 06:20:31
3255, ljUYIZz781bUZPYLTnxE, 2019-10-05 11:17:27, 2019-10-19 06:20:31
3256, Sft9eQt9cZ78jWVyFBXH, 2019-10-05 11:17:27, 2019-10-19 06:20:31
3257, 2UVcs6OAByS21snvW24K, 2019-10-05 11:17:27, 2019-10-19 06:20:31
3258, 7M2D7djcJZFE0Mx9Ihme, 2019-10-05 11:17:27, 2019-10-19 06:20:31
3259, iM4nBPo4E1wS8lqslqzj, 2019-10-05 11:17:27, 2019-10-19 06:20:31
3260, ASjhXJvBdCrOKLTs9n9T, 2019-10-05 11:17:27, 2019-10-19 06:20:31
3261, y7JMq1u6ljaokrNKTnB5, 2019-10-05 11:17:27, 2019-10-19 06:20:31
3262, ZvPCMQ8tSJzdprZL25CK, 2019-10-05 11:17:27, 2019-10-19 06:20:31
3263, 80sTbxzZxaDuzvuB6Lt7, 2019-10-05 11:17:27, 2019-10-19 06:20:31
3264, u8GerB6tlhO45NQTTYMH, 2019-10-05 11:17:27, 2019-10-19 06:20:31
3265, wsNNr0GU4CIsFQO6FWDX, 2019-10-05 11:17:27, 2019-10-19 06:20:31
3266, GxKWQVaTNfon6BrxdtJO, 2019-10-05 11:17:27, 2019-10-19 06:20:31
3267, y2aFFHWjouPPeE7MgBNG, 2019-10-05 11:17:27, 2019-10-19 06:20:31
3268, HpOtrM74pqSlqViDJofc, 2019-10-05 11:17:27, 2019-10-19 06:20:31
3269, 1wYZkOGo0iOYkFdfZBV0, 2019-10-05 11:17:27, 2019-10-19 06:20:31
3270, w3CHopOvD32jxISghzGv, 2019-10-05 11:17:27, 2019-10-19 06:20:31
3271, Xie3h88pYDksvbM3FzY4, 2019-10-05 11:17:27, 2019-10-19 06:20:31
3272, DN7vFXFEqLEYtZKaPH8h, 2019-10-05 11:17:27, 2019-10-19 06:20:31
3273, 6ixa1F3PSgBgwG3FgXMs, 2019-10-05 11:17:27, 2019-10-19 06:20:31
3274, UmEhzRud2bGt00nS1oSx, 2019-10-05 11:17:27, 2019-10-19 06:20:31
3275, bLBcRKMdHo1VfvzM91Xq, 2019-10-05 11:17:27, 2019-10-19 06:20:31
3276, 6pLa7kW8HK6jaVfUhjMa, 2019-10-05 11:17:27, 2019-10-19 06:20:31
3277, yRw2bo2V0uThgUYWvvOw, 2019-10-05 11:17:27, 2019-10-19 06:20:31
3278, e3VWL1Ot8oirQm01rrxo, 2019-10-05 11:17:27, 2019-10-19 06:20:31
3279, PPLNND38QTOtlvWy0eEx, 2019-10-05 11:17:27, 2019-10-19 06:20:31
3280, 9cMZq8VrQnTcDfzb4PbV, 2019-10-05 11:17:27, 2019-10-19 06:20:31
3281, LrLmI9TAdEonRXSiDsgp, 2019-10-05 11:17:27, 2019-10-19 06:20:31
3282, 7u7WVFzt5SVxWGA2dHzO, 2019-10-05 11:17:27, 2019-10-19 06:20:31
3283, DhIt4jZKpT7QkmYPYIVz, 2019-10-05 11:17:27, 2019-10-19 06:20:31
3284, gBBcOgh2urAYQWcXolLh, 2019-10-05 11:17:27, 2019-10-19 06:20:32
3285, XK7BiaSA2B0y2egFwDIW, 2019-10-05 11:17:27, 2019-10-19 06:20:32
3286, Uck3ZWPlrur5C4j4Wudu, 2019-10-05 11:17:27, 2019-10-19 06:20:32
3287, 2x2JxB1j3RmWxg9iCnJo, 2019-10-05 11:17:27, 2019-10-19 06:20:32
3288, AfDQYJbBF4nWGFkTFk5V, 2019-10-05 11:17:27, 2019-10-19 06:20:32
3289, VOSVa6cZWDq6wn0phqQp, 2019-10-05 11:17:27, 2019-10-19 06:20:32
3290, Xhx5oSwSYx5nZkSi2j2r, 2019-10-05 11:17:27, 2019-10-19 06:20:32
3291, WE7BzYAd3sWKDFwcSe98, 2019-10-05 11:17:27, 2019-10-19 06:20:32
3292, sDbXFklsKF3BqmwmJCsa, 2019-10-05 11:17:27, 2019-10-19 06:20:32
3293, RoVgJ1nQzW6Kj3VFXEW1, 2019-10-05 11:17:27, 2019-10-19 06:20:32
3294, FU8pPIonw39PYNDmtHjv, 2019-10-05 11:17:27, 2019-10-19 06:20:32
3295, AHpmzV2S1P57qfOeB9Z6, 2019-10-05 11:17:27, 2019-10-19 06:20:32
3296, 0KpjCerAFMfarBpNuI0f, 2019-10-05 11:17:27, 2019-10-19 06:20:32
3297, KNGbRSceV2fJhGzc8Peb, 2019-10-05 11:17:27, 2019-10-19 06:20:32
3298, zCfhoYByjfGbfsow9KcK, 2019-10-05 11:17:27, 2019-10-19 06:20:32
3299, 8KqcQdyH2IbJi0znYk1R, 2019-10-05 11:17:27, 2019-10-19 06:20:32
3300, hWFGQVFasECJCRxiVJjI, 2019-10-05 11:17:27, 2019-10-19 06:20:32
3301, xqFK3utYetq0RMGqX24h, 2019-10-05 11:17:27, 2019-10-19 06:20:32
3302, vUyKYcvMEcKm7TotzSJG, 2019-10-05 11:17:27, 2019-10-19 06:20:32
3303, jwlA2mWIc75kTLHUON7p, 2019-10-05 11:17:27, 2019-10-19 06:20:32
3304, Wx4Pb4Jx0owL0VER8xp7, 2019-10-05 11:17:27, 2019-10-19 06:20:32
3305, 2oS7LIE4Bal0tFbf4jgo, 2019-10-05 11:17:27, 2019-10-19 06:20:32
3306, HPrn35cs50yctTbwpLjC, 2019-10-05 11:17:27, 2019-10-19 06:20:32
3307, vOi09xZyiDZImuSiET4p, 2019-10-05 11:17:27, 2019-10-19 06:20:32
3308, cCtVeKZvs1a9bJjPGXCZ, 2019-10-05 11:17:27, 2019-10-19 06:20:32
3309, Jy0kKM6SsCgDAvhuxjWB, 2019-10-05 11:17:27, 2019-10-19 06:20:32
3310, 4kezfQcL6ft95iwNq4uD, 2019-10-05 11:17:27, 2019-10-19 06:20:32
3311, v25s2lblOq8JXU3XAD6b, 2019-10-05 11:17:27, 2019-10-19 06:20:32
3312, xjntgb2sac0kKseoqOqo, 2019-10-05 11:17:27, 2019-10-19 06:20:32
3313, MckSWwbKj132jtxPk7oV, 2019-10-05 11:17:27, 2019-10-19 06:20:32
3314, 8MrXK5OOPBH4eMvEcZiO, 2019-10-05 11:17:27, 2019-10-19 06:20:32
3315, KPvhdJMPDqdK97SY1O4G, 2019-10-05 11:17:27, 2019-10-19 06:20:32
3316, rW4Eu27Rh8daB6Wl0GJI, 2019-10-05 11:17:27, 2019-10-19 06:20:32
3317, 0lKi9uLeMQLVJGh4PxV2, 2019-10-05 11:17:27, 2019-10-19 06:20:32
3318, FF2jco1haDLilROlgQwT, 2019-10-05 11:17:27, 2019-10-19 06:20:32
3319, FauonnCyK50TCXBeqaU8, 2019-10-05 11:17:27, 2019-10-19 06:20:32
3320, lMHrTKpncKdrw5XIIQpQ, 2019-10-05 11:17:27, 2019-10-19 06:20:32
3321, 7mrfAbqHWCUqtgB4c9ta, 2019-10-05 11:17:27, 2019-10-19 06:20:32
3322, UcVhQRdHlIlcYlR0og6v, 2019-10-05 11:17:27, 2019-10-19 06:20:32
3323, 574U2JnHg3QIS8FSM2Vm, 2019-10-05 11:17:27, 2019-10-19 06:20:32
3324, IEh5DKiJjvFG4uvXAbCA, 2019-10-05 11:17:27, 2019-10-19 06:20:32
3325, 9WCpNLiG3zsa28y651tP, 2019-10-05 11:17:27, 2019-10-19 06:20:32
3326, vh3HmFNyVoB9zVf1m8CU, 2019-10-05 11:17:27, 2019-10-19 06:20:32
3327, igdvSJY1tjknf0LKcvtJ, 2019-10-05 11:17:27, 2019-10-19 06:20:32
3328, UkLEJPDruptU0w6nlJOu, 2019-10-05 11:17:27, 2019-10-19 06:20:32
3329, xGbqVZa7iXB5kTQVfG4i, 2019-10-05 11:17:27, 2019-10-19 06:20:32
3330, R6sC4qZ52baqtDl7BD58, 2019-10-05 11:17:27, 2019-10-19 06:20:32
3331, AlG8pWgnqY5h76HCETRX, 2019-10-05 11:17:27, 2019-10-19 06:20:32
3332, zszFsaFeqfCKzBQ3mu3M, 2019-10-05 11:17:27, 2019-10-19 06:20:32
3333, Ce4W1ITmbqjKhu0Q6L5q, 2019-10-05 11:17:27, 2019-10-19 06:20:32
3334, nsY3UhnCaMwYXfkVb1iG, 2019-10-05 11:17:27, 2019-10-19 06:20:32
3335, 6pn45w6lxRPmDelDMztq, 2019-10-05 11:17:27, 2019-10-19 06:20:32
3336, 5kqc9vMHBJFlV6LthdoN, 2019-10-05 11:17:27, 2019-10-19 06:20:32
3337, 3jfjQmueEo7evao4x7RN, 2019-10-05 11:17:27, 2019-10-19 06:20:32
3338, CXWoqlO1DoilHjzk7kr2, 2019-10-05 11:17:27, 2019-10-19 06:20:33
3339, vAUhvFVJwIDcViHVvhAk, 2019-10-05 11:17:27, 2019-10-19 06:20:33
3340, DXzWzqjODwZIGd5Jwmkz, 2019-10-05 11:17:27, 2019-10-19 06:20:33
3341, SVia9BptH5PkE7s3qaOP, 2019-10-05 11:17:27, 2019-10-19 06:20:33
3342, NcbJOm60IcDQv9CcQyRK, 2019-10-05 11:17:27, 2019-10-19 06:20:33
3343, cUbpI0F9y4k742indJmv, 2019-10-05 11:17:27, 2019-10-19 06:20:33
3344, GIa8rJNNG3qvyrKxEh84, 2019-10-05 11:17:27, 2019-10-19 06:20:33
3345, 3nE86rKYI5JmbsfpOQQg, 2019-10-05 11:17:27, 2019-10-19 06:20:33
3346, 0IBPaTwKOy5d9Bh6F2BR, 2019-10-05 11:17:27, 2019-10-19 06:20:33
3347, EAb4hJXArSGEL9WOZkC5, 2019-10-05 11:17:27, 2019-10-19 06:20:33
3348, 9ogykqR6ls5zh4pk7pye, 2019-10-05 11:17:27, 2019-10-19 06:20:33
3349, CAQpftQTHdrRwWgY9Q9J, 2019-10-05 11:17:27, 2019-10-19 06:20:33
3350, 5VYg9tOL9q8OvyZp37KO, 2019-10-05 11:17:27, 2019-10-19 06:20:33
3351, fNTI7EtAf6lBEi8VQlWy, 2019-10-05 11:17:27, 2019-10-19 06:20:33
3352, RVvog1H0EsPgYIc1IiA8, 2019-10-05 11:17:27, 2019-10-19 06:20:33
3353, lVnvEMLXr51zQVUyYqBT, 2019-10-05 11:17:27, 2019-10-19 06:20:33
3354, P4yvwkyEpUzofCYsLiKZ, 2019-10-05 11:17:27, 2019-10-19 06:20:33
3355, iaUNR6YY9uPMvODzeovr, 2019-10-05 11:17:27, 2019-10-19 06:20:33
3356, XMcfV0iQIsCJjtZcFPHV, 2019-10-05 11:17:27, 2019-10-19 06:20:33
3357, GpQTL8NybpdvkWkZtkON, 2019-10-05 11:17:27, 2019-10-19 06:20:33
3358, 6P5EoLrXneoUMkvWBrpj, 2019-10-05 11:17:27, 2019-10-19 06:20:33
3359, 5A2ZIOS2rlPzzw7IUCFQ, 2019-10-05 11:17:27, 2019-10-19 06:20:33
3360, kUpnqs3zKXmWGeyJwZOL, 2019-10-05 11:17:27, 2019-10-19 06:20:33
3361, 3pTeb9kEKZkzAf6NWSdt, 2019-10-05 11:17:27, 2019-10-19 06:20:33
3362, MAK0yGJYoSxxoX4zOTjW, 2019-10-05 11:17:27, 2019-10-19 06:20:33
3363, EUXhlF0G519vWg0z0BIY, 2019-10-05 11:17:27, 2019-10-19 06:20:33
3364, hzJ8rfbX8YyAqxcHm4q4, 2019-10-05 11:17:27, 2019-10-19 06:20:33
3365, SN2uC0aZG1TNwsVDCAcu, 2019-10-05 11:17:27, 2019-10-19 06:20:33
3366, 2u3Fsm2r1rHn656MhdP2, 2019-10-05 11:17:27, 2019-10-19 06:20:33
3367, JKvbn3tkpUWN6osvj0zY, 2019-10-05 11:17:27, 2019-10-19 06:20:33
3368, z5u9fPcfsmvZU6cXhG3F, 2019-10-05 11:17:27, 2019-10-19 06:20:33
3369, aYLCqNBX7GdJMuB8uWa9, 2019-10-05 11:17:27, 2019-10-19 06:20:33
3370, 0QMnqE9DCfOSMLymbwyk, 2019-10-05 11:17:27, 2019-10-19 06:20:33
3371, 8AKTMs5FlXrFES9AkJAx, 2019-10-05 11:17:27, 2019-10-19 06:20:33
3372, BZfsZDZ391GeFcywa7Ys, 2019-10-05 11:17:27, 2019-10-19 06:20:33
3373, rmLJeDzerbSoNw4hQVjW, 2019-10-05 11:17:27, 2019-10-19 06:20:33
3374, UCACUvJIUr7B3ATUHAUa, 2019-10-05 11:17:27, 2019-10-19 06:20:33
3375, lVU1YQkCOLyKdEzos9ey, 2019-10-05 11:17:27, 2019-10-19 06:20:33
3376, kyC9nFtd8ECteQ1sc4pj, 2019-10-05 11:17:27, 2019-10-19 06:20:33
3377, gjGVH1MEyLvqqr6QvL3F, 2019-10-05 11:17:27, 2019-10-19 06:20:33
3378, vuSiitnnNEBoWpU5DUYw, 2019-10-05 11:17:27, 2019-10-19 06:20:33
3379, nym4GzDJP5F4ZhIEXze4, 2019-10-05 11:17:27, 2019-10-19 06:20:33
3380, 7dQ3WUA4iJN31ih2lUPT, 2019-10-05 11:17:27, 2019-10-19 06:20:33
3381, bhod4STQfTeXBOOblyqW, 2019-10-05 11:17:27, 2019-10-19 06:20:33
3382, KsfZ8aeKvfaUB47ptTgd, 2019-10-05 11:17:27, 2019-10-19 06:20:33
3383, UsJIfkPeKB3oPXM9jMrV, 2019-10-05 11:17:27, 2019-10-19 06:20:33
3384, EZ6j6Ck6Cl7nHLz338YZ, 2019-10-05 11:17:27, 2019-10-19 06:20:33
3385, tkHYaCEpOuNOzqMIRyuF, 2019-10-05 11:17:27, 2019-10-19 06:20:33
3386, Rm2V2eyA5WO4axgNpgax, 2019-10-05 11:17:27, 2019-10-19 06:20:33
3387, gYlTHTv5PmEYDqapYBjB, 2019-10-05 11:17:27, 2019-10-19 06:20:33
3388, JDJihi2ljcBeZLhHMU2b, 2019-10-05 11:17:27, 2019-10-19 06:20:33
3389, JDRyEgxFKpmNnvWTfqtE, 2019-10-05 11:17:27, 2019-10-19 06:20:33
3390, FuvthDkkN90abzMFM5wg, 2019-10-05 11:17:27, 2019-10-19 06:20:33
3391, opd9kNi7VIPFmBQMLx88, 2019-10-05 11:17:27, 2019-10-19 06:20:33
3392, xEbGBrktaw702HmM1Wz2, 2019-10-05 11:17:27, 2019-10-19 06:20:33
3393, Ssm8rzF4fttkWTK6Su2A, 2019-10-05 11:17:27, 2019-10-19 06:20:33
3394, OjSkKV78azirNxS6G7Dn, 2019-10-05 11:17:27, 2019-10-19 06:20:33
3395, MIXWeC0XLdVKFbmZLiJF, 2019-10-05 11:17:27, 2019-10-19 06:20:33
3396, sN2mtcgjIcmTDssc9FHA, 2019-10-05 11:17:27, 2019-10-19 06:20:33
3397, 5EjNszDUHKSoyim449SX, 2019-10-05 11:17:27, 2019-10-19 06:20:33
3398, 5XnsqtG3H2VOcMc9DpXI, 2019-10-05 11:17:27, 2019-10-19 06:20:33
3399, MhVtcWlYtfIzSz9cRhjW, 2019-10-05 11:17:27, 2019-10-19 06:20:33
3400, gMiYf0v8OZsfx6GmT7aY, 2019-10-05 11:17:27, 2019-10-19 06:20:33
3401, GOxZG3IBARKJCvB9xzts, 2019-10-05 11:17:27, 2019-10-19 06:20:33
3402, 5Su7FT2I1CQbIc3wlfaK, 2019-10-05 11:17:27, 2019-10-19 06:20:33
3403, dGnjPswndWXvPuW8qf7r, 2019-10-05 11:17:27, 2019-10-19 06:20:33
3404, lDCslhTN50gHiRy1HIDk, 2019-10-05 11:17:27, 2019-10-19 06:20:33
3405, wYNrQufVtCbddB1fTk7Y, 2019-10-05 11:17:27, 2019-10-19 06:20:33
3406, BPHCTjJaZVPfOsNIgXmI, 2019-10-05 11:17:27, 2019-10-19 06:20:33
3407, cxR949IEiuLccKl2EYyR, 2019-10-05 11:17:27, 2019-10-19 06:20:33
3408, NPfy8nHvKZgsLtsLWMdC, 2019-10-05 11:17:27, 2019-10-19 06:20:33
3409, 0abjaipnrHOVz8wLeyi9, 2019-10-05 11:17:27, 2019-10-19 06:20:33
3410, 0fOyjE8xLfIyUS7tNlC7, 2019-10-05 11:17:27, 2019-10-19 06:20:33
3411, Ln9Zt39nvvTisa8LY6k1, 2019-10-05 11:17:27, 2019-10-19 06:20:33
3412, ExYIN2qUgnSrPXUXrD6c, 2019-10-05 11:17:27, 2019-10-19 06:20:33
3413, pd2WI3AiHItk3LPadxyr, 2019-10-05 11:17:27, 2019-10-19 06:20:33
3414, oH0puKQWE0ptfSomjI7V, 2019-10-05 11:17:27, 2019-10-19 06:20:33
3415, vLuQQw7bqFDJzptUg2Yn, 2019-10-05 11:17:27, 2019-10-19 06:20:33
3416, poL1rtIKo30vYWszgVHn, 2019-10-05 11:17:27, 2019-10-19 06:20:33
3417, SW5S8WxqM3AfwQc3Afc5, 2019-10-05 11:17:27, 2019-10-19 06:20:33
3418, LDwyYDIpnujmAXTAlmfZ, 2019-10-05 11:17:27, 2019-10-19 06:20:33
3419, zxFbxaEJ69MrsfI7zDuU, 2019-10-05 11:17:27, 2019-10-19 06:20:33
3420, ba8zK0AL6V7TDAiwfz9G, 2019-10-05 11:17:27, 2019-10-19 06:20:33
3421, WWBoVnW1CQyAXDBmooKA, 2019-10-05 11:17:27, 2019-10-19 06:20:33
3422, E7KdIiflENvGFWjP9TFe, 2019-10-05 11:17:27, 2019-10-19 06:20:33
3423, hOFXwxBu6HaYG5mWSe6X, 2019-10-05 11:17:27, 2019-10-19 06:20:33
3424, H6NrkLTisGx8uG3FfKSX, 2019-10-05 11:17:27, 2019-10-19 06:20:33
3425, Ey0VD4yn8PwInpnHX7OX, 2019-10-05 11:17:27, 2019-10-19 06:20:33
3426, 2i6dzVxhJYSbOglQVtsL, 2019-10-05 11:17:27, 2019-10-19 06:20:33
3427, 2pKlTPpo5cqzR4RRYByG, 2019-10-05 11:17:27, 2019-10-19 06:20:33
3428, wFAWvNoVTr1pyyAN8fiJ, 2019-10-05 11:17:27, 2019-10-19 06:20:33
3429, bHyxOM8RCki7amkh231r, 2019-10-05 11:17:27, 2019-10-19 06:20:33
3430, dlxPd8fZuhnECzOXPBL3, 2019-10-05 11:17:27, 2019-10-19 06:20:33
3431, 97XTT8LPfhh1B9YZn7wG, 2019-10-05 11:17:27, 2019-10-19 06:20:33
3432, 9ZP3809U1SRWaduGf3wQ, 2019-10-05 11:17:27, 2019-10-19 06:20:33
3433, cukd0EV5Xj6mDFT96EM0, 2019-10-05 11:17:27, 2019-10-19 06:20:33
3434, ClOcz7sKRDW60EDyiLCy, 2019-10-05 11:17:27, 2019-10-19 06:20:33
3435, Ue8GG4awsb15pvR23303, 2019-10-05 11:17:27, 2019-10-19 06:20:33
3436, 1Xo0aUjMqUyqQhI2DSil, 2019-10-05 11:17:27, 2019-10-19 06:20:33
3437, SEW7ZD7D98SMpbOp1oQH, 2019-10-05 11:17:27, 2019-10-19 06:20:33
3438, bKzZ9yBed4U8VzSzsgo2, 2019-10-05 11:17:27, 2019-10-19 06:20:33
3439, Qhgj2oNlYwgf6dBjg3SV, 2019-10-05 11:17:27, 2019-10-19 06:20:33
3440, pXsGXrgidEQWudJz39qx, 2019-10-05 11:17:27, 2019-10-19 06:20:33
3441, rL8UjfymoXHZ9hx3HlHk, 2019-10-05 11:17:27, 2019-10-19 06:20:33
3442, wEyPutyoJViRKC6rgEd0, 2019-10-05 11:17:27, 2019-10-19 06:20:33
3443, WCOgyqolGizqm0Q1k94O, 2019-10-05 11:17:27, 2019-10-19 06:20:33
3444, 91Y7Cd8UabR6yrU1OtUD, 2019-10-05 11:17:27, 2019-10-19 06:20:33
3445, iAWfSQ29SRfQbEoYTJMt, 2019-10-05 11:17:27, 2019-10-19 06:20:33
3446, elFImsUqPGjdFMreBfSq, 2019-10-05 11:17:27, 2019-10-19 06:20:33
3447, y42OdbuJlDtt4iu3Fwtu, 2019-10-05 11:17:27, 2019-10-19 06:20:33
3448, x1K5PpQ5lZSgIHG4DYam, 2019-10-05 11:17:27, 2019-10-19 06:20:33
3449, 1Qt9AIp7J0vN1dsdveKU, 2019-10-05 11:17:27, 2019-10-19 06:20:33
3450, 8i9MWTPLCJ9o0Um8GqkR, 2019-10-05 11:17:27, 2019-10-19 06:20:33
3451, bX1enOv3Xia1zNbpTjFD, 2019-10-05 11:17:27, 2019-10-19 06:20:33
3452, 4c5iKwUlfxc8OFljr0jS, 2019-10-05 11:17:27, 2019-10-19 06:20:34
3453, ohS30niS2ikT2bpACLuY, 2019-10-05 11:17:27, 2019-10-19 06:20:34
3454, L7cH8Pm0wtXmGmAUEiVT, 2019-10-05 11:17:27, 2019-10-19 06:20:34
3455, i2hXRHlVbTwOP4vGB1t3, 2019-10-05 11:17:27, 2019-10-19 06:20:34
3456, rNHFXIogcKUGngYQV9JE, 2019-10-05 11:17:27, 2019-10-19 06:20:34
3457, cQDdfkqAnjEtSc9J8pJf, 2019-10-05 11:17:27, 2019-10-19 06:20:34
3458, Dy7rBBlQKMHK2tTcURkh, 2019-10-05 11:17:27, 2019-10-19 06:20:34
3459, 7JFzD2uldclwrSp1JHSq, 2019-10-05 11:17:27, 2019-10-19 06:20:34
3460, zWwNkXlNJjRoV9Z5cv0L, 2019-10-05 11:17:27, 2019-10-19 06:20:34
3461, prTD2xSloK9kZrf5Ng7F, 2019-10-05 11:17:27, 2019-10-19 06:20:34
3462, xFOCUbe86mf03NOHk239, 2019-10-05 11:17:27, 2019-10-19 06:20:34
3463, Ak6Lc2WRR06IhgElj0ZJ, 2019-10-05 11:17:27, 2019-10-19 06:20:34
3464, eolWwfUiwOL8ac2TZ38g, 2019-10-05 11:17:27, 2019-10-19 06:20:34
3465, ZW1OqLdbYdxI4Hk09exf, 2019-10-05 11:17:27, 2019-10-19 06:20:34
3466, IrjehTeioMjnBqfviIUu, 2019-10-05 11:17:27, 2019-10-19 06:20:34
3467, PGl2xaLkKvoVifWNNhsd, 2019-10-05 11:17:27, 2019-10-19 06:20:34
3468, hC7rPWCu91mdUXOSdbrN, 2019-10-05 11:17:27, 2019-10-19 06:20:34
3469, 2aqGMorJXDWC2CJHYNQM, 2019-10-05 11:17:27, 2019-10-19 06:20:34
3470, VsAATVhwIguYel9iRpYA, 2019-10-05 11:17:27, 2019-10-19 06:20:34
3471, UrQb4V8PXMsO4hiLcObi, 2019-10-05 11:17:27, 2019-10-19 06:20:34
3472, iNwVyMy4azhmnEPWK3IF, 2019-10-05 11:17:27, 2019-10-19 06:20:34
3473, v53pFbdjTKhQaXnmyHiA, 2019-10-05 11:17:27, 2019-10-19 06:20:34
3474, 88yhSsB8HXYsTctuH76n, 2019-10-05 11:17:27, 2019-10-19 06:20:34
3475, F9Pgyj4Pyg07HtGbLZ2K, 2019-10-05 11:17:27, 2019-10-19 06:20:34
3476, tstAKQHNKRKFWEGtzGNX, 2019-10-05 11:17:27, 2019-10-19 06:20:34
3477, 09BL8bcbA8yHC29mRL2u, 2019-10-05 11:17:27, 2019-10-19 06:20:34
3478, nzYxIbPyWnWkaP32CmWZ, 2019-10-05 11:17:27, 2019-10-19 06:20:34
3479, seciUrqCqfbpMuSWA1Cu, 2019-10-05 11:17:27, 2019-10-19 06:20:34
3480, PyzrLb2YVSVAIfugg7cH, 2019-10-05 11:17:27, 2019-10-19 06:20:34
3481, oW0ambDy1Kvgocy53LDn, 2019-10-05 11:17:27, 2019-10-19 06:20:34
3482, AhuA2H8DlpvxqYuyLMOH, 2019-10-05 11:17:27, 2019-10-19 06:20:34
3483, T6ekykJ85E1qbHYBTTkQ, 2019-10-05 11:17:27, 2019-10-19 06:20:34
3484, nQqi9RlOPdSFpeysfoyh, 2019-10-05 11:17:27, 2019-10-19 06:20:34
3485, C6bchcnuFG6ILmUcojpJ, 2019-10-05 11:17:27, 2019-10-19 06:20:34
3486, IWU0NY6eEAG5XcgyqanT, 2019-10-05 11:17:27, 2019-10-19 06:20:34
3487, ASS870YIdqPk4OKmpIoz, 2019-10-05 11:17:27, 2019-10-19 06:20:34
3488, hRHHZXuQwL4yU33aL25G, 2019-10-05 11:17:27, 2019-10-19 06:20:34
3489, sHbrlpP5UvRPHEWFTbID, 2019-10-05 11:17:27, 2019-10-19 06:20:34
3490, zc010iol3l8vYkDy46hp, 2019-10-05 11:17:27, 2019-10-19 06:20:34
3491, wEhqrJuIiFWrbF4GlAQH, 2019-10-05 11:17:27, 2019-10-19 06:20:34
3492, LBkUdnLX3XSYYZNCO4aO, 2019-10-05 11:17:27, 2019-10-19 06:20:34
3493, exzxMvXnRwweIR7VnOo5, 2019-10-05 11:17:27, 2019-10-19 06:20:34
3494, 9cPRrTM1W91m97Zg9esL, 2019-10-05 11:17:27, 2019-10-19 06:20:34
3495, RRqEwZeSa0orXiIeJVub, 2019-10-05 11:17:27, 2019-10-19 06:20:34
3496, CYUcAkZ4bwVEH9G2rd6m, 2019-10-05 11:17:27, 2019-10-19 06:20:34
3497, 7WwNe9odt2gTZqhIdJZQ, 2019-10-05 11:17:27, 2019-10-19 06:20:34
3498, k4N87fSoMvqabzCa7ti9, 2019-10-05 11:17:27, 2019-10-19 06:20:34
3499, H8iYnP2OKVdTplTHbJmj, 2019-10-05 11:17:27, 2019-10-19 06:20:34
3500, 4zQWesiElZ3BKCcwD9EH, 2019-10-05 11:17:27, 2019-10-19 06:20:34
3501, tTyKggxjUzLW2hSHPobf, 2019-10-05 11:17:27, 2019-10-19 06:20:34
3502, JJE0br20lLVpTqvBKTKa, 2019-10-05 11:17:27, 2019-10-19 06:20:34
3503, Ig7G1MRSDkkPj07BlISM, 2019-10-05 11:17:27, 2019-10-19 06:20:34
3504, bSfCLVu8AxoDdXCDr97O, 2019-10-05 11:17:27, 2019-10-19 06:20:34
3505, pr76l7lremI8zynNq2NQ, 2019-10-05 11:17:27, 2019-10-19 06:20:34
3506, rw9C7Q0QQABpO9xV7K4l, 2019-10-05 11:17:27, 2019-10-19 06:20:34
3507, yOFlLcjOUnKNAiKSAltb, 2019-10-05 11:17:27, 2019-10-19 06:20:34
3508, 7MgQzYp6DRe74AAc55mx, 2019-10-05 11:17:27, 2019-10-19 06:20:34
3509, U8Lgf8cr1dB0tMD3mLBU, 2019-10-05 11:17:27, 2019-10-19 06:20:34
3510, zywKpLDYc2g1wOFmLpyr, 2019-10-05 11:17:27, 2019-10-19 06:20:34
3511, CrSdMRu49AvR1eNQokmP, 2019-10-05 11:17:27, 2019-10-19 06:20:34
3512, Y15XIRThwAi97t5i8LL2, 2019-10-05 11:17:27, 2019-10-19 06:20:34
3513, ujTCDto1IRWhsSGEVCHB, 2019-10-05 11:17:27, 2019-10-19 06:20:34
3514, VhoKm1BmBmPDhOqTuU3b, 2019-10-05 11:17:27, 2019-10-19 06:20:34
3515, 1cs4IX13leiKXe0rOBFe, 2019-10-05 11:17:27, 2019-10-19 06:20:34
3516, 9nYMICE9o6ehwNtOdTmo, 2019-10-05 11:17:27, 2019-10-19 06:20:34
3517, 9op1ClOfB6liWT9mWtsV, 2019-10-05 11:17:27, 2019-10-19 06:20:34
3518, yW8dCnEmAzpyE5ZvRfFi, 2019-10-05 11:17:27, 2019-10-19 06:20:34
3519, 0wjQO2fLzMJmTuj7OltR, 2019-10-05 11:17:27, 2019-10-19 06:20:34
3520, MFbWPcDO4dkUUyImAqVK, 2019-10-05 11:17:27, 2019-10-19 06:20:34
3521, LPo4OIPd3cIUxbalDXTC, 2019-10-05 11:17:27, 2019-10-19 06:20:34
3522, un9eu6Z1K9L85B31Adck, 2019-10-05 11:17:27, 2019-10-19 06:20:34
3523, bTv0drevNyVdffk1vbgc, 2019-10-05 11:17:27, 2019-10-19 06:20:34
3524, 7Pyha1QLUSHo96pLZ7hX, 2019-10-05 11:17:27, 2019-10-19 06:20:34
3525, 22u5HWeoAkklSPEEJwxZ, 2019-10-05 11:17:27, 2019-10-19 06:20:34
3526, RnEdqUFIiFv6pLzTY5YL, 2019-10-05 11:17:27, 2019-10-19 06:20:34
3527, qcMoWxWUgZBOZBfDN1ao, 2019-10-05 11:17:27, 2019-10-19 06:20:34
3528, 0c7OjngNaGBM4R6dAtlP, 2019-10-05 11:17:27, 2019-10-19 06:20:34
3529, RxElnquFXXvfvsYAUaIv, 2019-10-05 11:17:27, 2019-10-19 06:20:34
3530, SaAz97RcaF97O13DD1Xi, 2019-10-05 11:17:27, 2019-10-19 06:20:34
3531, EgesoTu9HmIIkcwCHl8U, 2019-10-05 11:17:27, 2019-10-19 06:20:35
3532, nAjVnLiFbxiz1vJPNbnO, 2019-10-05 11:17:27, 2019-10-19 06:20:35
3533, RxcwdpCQYQD2gVmaxQkT, 2019-10-05 11:17:27, 2019-10-19 06:20:35
3534, xlRSiyGFRNJ3AHoQBNHz, 2019-10-05 11:17:27, 2019-10-19 06:20:35
3535, JrPBWyJ4R7c3pOHr7SGA, 2019-10-05 11:17:27, 2019-10-19 06:20:35
3536, SObWnt8MWMjK9IEIZ9wu, 2019-10-05 11:17:27, 2019-10-19 06:20:35
3537, 9pEnXecJ1cbHN82EKUaG, 2019-10-05 11:17:27, 2019-10-19 06:20:35
3538, qdJ1II5PBfmdube7BdrN, 2019-10-05 11:17:27, 2019-10-19 06:20:35
3539, qTokwaQZGG4Q9MOBaGuw, 2019-10-05 11:17:27, 2019-10-19 06:20:35
3540, Xi9OEqtdoS0nWUr5QI3Y, 2019-10-05 11:17:27, 2019-10-19 06:20:35
3541, 7eT5wf861AY7cKfw7u7K, 2019-10-05 11:17:27, 2019-10-19 06:20:35
3542, juY5oXxfUIW9416npD2R, 2019-10-05 11:17:27, 2019-10-19 06:20:35
3543, AqsNNFmZfYphOgdAvbnb, 2019-10-05 11:17:27, 2019-10-19 06:20:35
3544, s2TiVafsUtY1a0dPF5cJ, 2019-10-05 11:17:27, 2019-10-19 06:20:35
3545, iHac0VE4eF2bSGHD1PYB, 2019-10-05 11:17:27, 2019-10-19 06:20:35
3546, Fs2NPRt2EbofaFI7cHIG, 2019-10-05 11:17:27, 2019-10-19 06:20:35
3547, CRUbjLfjEF08lBWvTxWu, 2019-10-05 11:17:27, 2019-10-19 06:20:35
3548, UJZIBULKcUK09wtbcBpM, 2019-10-05 11:17:27, 2019-10-19 06:20:35
3549, lbGN5b5GqmLWKG3pbpp1, 2019-10-05 11:17:27, 2019-10-19 06:20:35
3550, hkrMiUIK3kkpba8u5oYu, 2019-10-05 11:17:27, 2019-10-19 06:20:35
3551, sz6Z6ZLudtPtTztJHk0D, 2019-10-05 11:17:27, 2019-10-19 06:20:35
3552, PX5GAqlqY9iSsBQ3kOwT, 2019-10-05 11:17:27, 2019-10-19 06:20:35
3553, IAF9FOpxLBmQLY4pTBMU, 2019-10-05 11:17:27, 2019-10-19 06:20:35
3554, EXtTo9rhMUn07KgoGALj, 2019-10-05 11:17:27, 2019-10-19 06:20:35
3555, ulCrCcXUq1cCVrGS30Qn, 2019-10-05 11:17:27, 2019-10-19 06:20:35
3556, ZZVm94rLlHuVGLHnXiP1, 2019-10-05 11:17:27, 2019-10-19 06:20:35
3557, Y0kX9Arq8rtypPry0GG7, 2019-10-05 11:17:27, 2019-10-19 06:20:35
3558, bBp484Yvapa0cxH1lsia, 2019-10-05 11:17:27, 2019-10-19 06:20:35
3559, iLRu6VZg2xeVYhogIeNs, 2019-10-05 11:17:27, 2019-10-19 06:20:35
3560, jnu5XK7nHJNl1AKMe53d, 2019-10-05 11:17:27, 2019-10-19 06:20:35
3561, u2D9X5dwOca0Kv87xWXW, 2019-10-05 11:17:27, 2019-10-19 06:20:35
3562, GYXGLhBTU7peUcSwy4mN, 2019-10-05 11:17:27, 2019-10-19 06:20:35
3563, iRTYPoKUwcINXaZrijMN, 2019-10-05 11:17:27, 2019-10-19 06:20:35
3564, lyD8hwTZXrMRaW8syatQ, 2019-10-05 11:17:27, 2019-10-19 06:20:35
3565, ZqN2pcUNJc0p7fzv5egS, 2019-10-05 11:17:27, 2019-10-19 06:20:35
3566, Uf84dbeZ5kCoUhmxfgsY, 2019-10-05 11:17:27, 2019-10-19 06:20:35
3567, cMhbb1aqJmJGky6jBvU8, 2019-10-05 11:17:27, 2019-10-19 06:20:35
3568, 22rtQA5VaaxTjxdJWoXJ, 2019-10-05 11:17:27, 2019-10-19 06:20:35
3569, tiqgUXDX32Sg9ENdnrgO, 2019-10-05 11:17:27, 2019-10-19 06:20:35
3570, POacL2IiTj73D0lV0ccr, 2019-10-05 11:17:27, 2019-10-19 06:20:35
3571, jJKlHeAijpyZ9UtBPxUM, 2019-10-05 11:17:27, 2019-10-19 06:20:35
3572, sq6lQkph0xVGIvyZtTue, 2019-10-05 11:17:27, 2019-10-19 06:20:35
3573, FmLcEw9J0sfFDoWMH4BH, 2019-10-05 11:17:27, 2019-10-19 06:20:35
3574, F96FnTVBVLwcPIWxhZGV, 2019-10-05 11:17:27, 2019-10-19 06:20:35
3575, ZJ4PtLknF26L2sUQm2c9, 2019-10-05 11:17:27, 2019-10-19 06:20:35
3576, gLsElUhdORRZ2rHNdBj4, 2019-10-05 11:17:27, 2019-10-19 06:20:35
3577, J9zf8IwTuNCErjA4Eeaj, 2019-10-05 11:17:27, 2019-10-19 06:20:35
3578, AvV954iqQKfb1muM6YjY, 2019-10-05 11:17:27, 2019-10-19 06:20:35
3579, cOn5e8Fs8n40nxTB7jvN, 2019-10-05 11:17:27, 2019-10-19 06:20:35
3580, AVdLbv31HL5kvZWVBkk3, 2019-10-05 11:17:27, 2019-10-19 06:20:35
3581, nBkSDLuoQVSzXXrnlx0S, 2019-10-05 11:17:27, 2019-10-19 06:20:35
3582, B6k5FoYRJtOlc0HX6I59, 2019-10-05 11:17:27, 2019-10-19 06:20:35
3583, SqSs9Rf3ATdRkGHzr8KE, 2019-10-05 11:17:27, 2019-10-19 06:20:35
3584, BP1wIhsm7vTavmkFWfXh, 2019-10-05 11:17:27, 2019-10-19 06:20:35
3585, rJbogcEtIztKEwYfzVk2, 2019-10-05 11:17:27, 2019-10-19 06:20:35
3586, ANzDwZjAfXUjc9hIWEs4, 2019-10-05 11:17:27, 2019-10-19 06:20:36
3587, H7w2O0Ub8gCo2YvvqmOu, 2019-10-05 11:17:27, 2019-10-19 06:20:36
3588, pwvEClktKsThfkNIY4DV, 2019-10-05 11:17:27, 2019-10-19 06:20:36
3589, N7NVSC6JUfO9PM9Pdrr0, 2019-10-05 11:17:27, 2019-10-19 06:20:36
3590, gIlp9eqDrPGTUvn9rnpm, 2019-10-05 11:17:27, 2019-10-19 06:20:36
3591, Zm7bGF1Wm9dcBS2tptUY, 2019-10-05 11:17:27, 2019-10-19 06:20:36
3592, 0BffYCk8sN4TX4wCoYAf, 2019-10-05 11:17:27, 2019-10-19 06:20:36
3593, zuZlWyOZcHvM3NMBpoDY, 2019-10-05 11:17:27, 2019-10-19 06:20:36
3594, HxwgSAnXU4s2dFbrfzzz, 2019-10-05 11:17:27, 2019-10-19 06:20:36
3595, A1CGpeg1s502gHTD360R, 2019-10-05 11:17:27, 2019-10-19 06:20:36
3596, lQb3ttkHirUcMr2xkTL7, 2019-10-05 11:17:27, 2019-10-19 06:20:36
3597, OiNSYGL7mtdldrKLeHl0, 2019-10-05 11:17:27, 2019-10-19 06:20:36
3598, zcWQtEU7xyxnUOO4VfQH, 2019-10-05 11:17:27, 2019-10-19 06:20:36
3599, AtRBTMlIPNQa57DsJiAP, 2019-10-05 11:17:27, 2019-10-19 06:20:36
3600, uclU1e2Ba7o90nOdKxtL, 2019-10-05 11:17:27, 2019-10-19 06:20:36
3601, 1NWT3JVK3r3lyLh50VgD, 2019-10-05 11:17:27, 2019-10-19 06:20:36
3602, J9CGHaFSZW85OtQ1D08M, 2019-10-05 11:17:27, 2019-10-19 06:20:36
3603, Zhphn4yZBaWV2x2i96es, 2019-10-05 11:17:27, 2019-10-19 06:20:36
3604, 7TbNjX8lOs7p8n6hoibB, 2019-10-05 11:17:27, 2019-10-19 06:20:36
3605, 2aEkFExVAoQSVHjjOgKt, 2019-10-05 11:17:27, 2019-10-19 06:20:36
3606, 6YZzHZFyAGhJ8S0QEhPj, 2019-10-05 11:17:27, 2019-10-19 06:20:36
3607, f7BsCVdBXp48FVH6VA3w, 2019-10-05 11:17:27, 2019-10-19 06:20:36
3608, 7fcJaDs2Ue2WrIFD3r2S, 2019-10-05 11:17:27, 2019-10-19 06:20:36
3609, yhxjtrN4lMWlLjOUfNNG, 2019-10-05 11:17:27, 2019-10-19 06:20:36
3610, 6nXSh4FLY8VrkbWCZlx4, 2019-10-05 11:17:27, 2019-10-19 06:20:36
3611, PXHyweAsTE0eZ66KcsEd, 2019-10-05 11:17:27, 2019-10-19 06:20:36
3612, WSFTNfJaUnemIVCYJ3Bh, 2019-10-05 11:17:27, 2019-10-19 06:20:36
3613, 9wAKvoiK3Mknlc9HLtIF, 2019-10-05 11:17:27, 2019-10-19 06:20:36
3614, 7dsCnCR11wujznRYjh2E, 2019-10-05 11:17:27, 2019-10-19 06:20:36
3615, Nz7jLaQgBU1kJpw1cbgQ, 2019-10-05 11:17:27, 2019-10-19 06:20:36
3616, VGPaaQKxBIHHaJR3FPA9, 2019-10-05 11:17:27, 2019-10-19 06:20:36
3617, xtNSTfPbE7GACOkXndbU, 2019-10-05 11:17:27, 2019-10-19 06:20:36
3618, 8iyQnAZxBkYqRjyJtRFE, 2019-10-05 11:17:27, 2019-10-19 06:20:36
3619, Q9c8uCweaYqpZNiJTci2, 2019-10-05 11:17:27, 2019-10-19 06:20:36
3620, Webp2G8VwOl6d3OCSh54, 2019-10-05 11:17:27, 2019-10-19 06:20:36
3621, sFBokVuJo1oCwluAhfYu, 2019-10-05 11:17:27, 2019-10-19 06:20:36
3622, EKh3ltcbLmihhKkmPZ1g, 2019-10-05 11:17:27, 2019-10-19 06:20:36
3623, 4H3Ms13ajJNCsxY2b20Y, 2019-10-05 11:17:27, 2019-10-19 06:20:36
3624, xMPtcTT5Yz5LdOlGnZpg, 2019-10-05 11:17:27, 2019-10-19 06:20:36
3625, F63JOcfXCqu945RNzIsx, 2019-10-05 11:17:27, 2019-10-19 06:20:36
3626, IWk5Y8eaufZ6Ad3xfgjZ, 2019-10-05 11:17:27, 2019-10-19 06:20:36
3627, SYqXGu4S1lsGD93xUs6m, 2019-10-05 11:17:27, 2019-10-19 06:20:36
3628, gq4QhiYjX9R9Wwx662n1, 2019-10-05 11:17:27, 2019-10-19 06:20:36
3629, vucVl7mgVMQUUH553Of6, 2019-10-05 11:17:27, 2019-10-19 06:20:36
3630, yU4VlyzG5MXA1R9L8K5R, 2019-10-05 11:17:27, 2019-10-19 06:20:36
3631, E2gXT2RVZh81d7mZBy6d, 2019-10-05 11:17:27, 2019-10-19 06:20:36
3632, 8Tggmi2ker627WpGVbW0, 2019-10-05 11:17:27, 2019-10-19 06:20:36
3633, GCUjVIpgcex3LrNjfOaM, 2019-10-05 11:17:27, 2019-10-19 06:20:36
3634, 0T7K7dc7BEzq2B0LAJbn, 2019-10-05 11:17:27, 2019-10-19 06:20:36
3635, OQyHyH6H4NDieJ3fo9Ig, 2019-10-05 11:17:27, 2019-10-19 06:20:36
3636, fbIrZXE0X4P0DV3MdVS3, 2019-10-05 11:17:27, 2019-10-19 06:20:36
3637, R0ZIDN9fPyuL3SxL8pT3, 2019-10-05 11:17:27, 2019-10-19 06:20:36
3638, yfO8akscsrIsnGkjUCWP, 2019-10-05 11:17:27, 2019-10-19 06:20:36
3639, kJIPUeM3f5mL1E0gCmaB, 2019-10-05 11:17:27, 2019-10-19 06:20:36
3640, wWgftGliSZ73OSM2yVwt, 2019-10-05 11:17:27, 2019-10-19 06:20:36
3641, xowB31TIgJd8AfiAW0QI, 2019-10-05 11:17:27, 2019-10-19 06:20:36
3642, LVvz96z4j84OaE7NOcGl, 2019-10-05 11:17:27, 2019-10-19 06:20:36
3643, fX7Aj1CsEipMVojjxSxM, 2019-10-05 11:17:27, 2019-10-19 06:20:36
3644, LYrHSiQHW1jDqXU7HTCG, 2019-10-05 11:17:27, 2019-10-19 06:20:36
3645, MPE693FLEXzqJVyF74qq, 2019-10-05 11:17:27, 2019-10-19 06:20:36
3646, dublfYJxPrQFrG5xJlfM, 2019-10-05 11:17:27, 2019-10-19 06:20:36
3647, sWR27vCuBkhkbMlXwFVN, 2019-10-05 11:17:27, 2019-10-19 06:20:36
3648, LpROLqhbY7oBlOA4obD5, 2019-10-05 11:17:27, 2019-10-19 06:20:36
3649, T7yHJMNDuErnrxHcTTWY, 2019-10-05 11:17:27, 2019-10-19 06:20:36
3650, vk9B3GV1o7Pu6nkSLd1t, 2019-10-05 11:17:27, 2019-10-19 06:20:36
3651, KDl4N9MhEXpuw3iqEtll, 2019-10-05 11:17:27, 2019-10-19 06:20:36
3652, EAaV4Gxh6FvCO3FkdOTH, 2019-10-05 11:17:27, 2019-10-19 06:20:36
3653, DENyMo5GhG1i96St95a9, 2019-10-05 11:17:27, 2019-10-19 06:20:36
3654, Xr5uCzAfiF6fxdTX35KJ, 2019-10-05 11:17:27, 2019-10-19 06:20:36
3655, DFosvOgDFehmZncChA7r, 2019-10-05 11:17:27, 2019-10-19 06:20:36
3656, YBoOSfWB4k9IC3XiYLHg, 2019-10-05 11:17:27, 2019-10-19 06:20:36
3657, 1cbV7jPVPxCNMuH73pj9, 2019-10-05 11:17:27, 2019-10-19 06:20:36
3658, k6jt7gPF5EyQf4fJRRcv, 2019-10-05 11:17:27, 2019-10-19 06:20:36
3659, irieaE3WmSZ1419emZ4P, 2019-10-05 11:17:27, 2019-10-19 06:20:36
3660, vqcnk6X9r70mm1gJxL2m, 2019-10-05 11:17:27, 2019-10-19 06:20:36
3661, qkZhvakTXDZLfJZKgenE, 2019-10-05 11:17:27, 2019-10-19 06:20:36
3662, jS6uEAhPxNg7BF6uNnxf, 2019-10-05 11:17:27, 2019-10-19 06:20:36
3663, 6Wn8PhHIMt3txkF8HZnz, 2019-10-05 11:17:27, 2019-10-19 06:20:36
3664, svDPFbxmJjNthgV9z3wn, 2019-10-05 11:17:27, 2019-10-19 06:20:36
3665, NiAaRksDK9f41QLLNWYQ, 2019-10-05 11:17:27, 2019-10-19 06:20:36
3666, zZb2f7UqrqSi73ptNMuB, 2019-10-05 11:17:27, 2019-10-19 06:20:36
3667, YF5BPawTt4XAcajFNtiT, 2019-10-05 11:17:27, 2019-10-19 06:20:36
3668, vxmDPaylHyurArGU6ZhK, 2019-10-05 11:17:27, 2019-10-19 06:20:36
3669, V3KPjMBdrdbEyyemUkxp, 2019-10-05 11:17:27, 2019-10-19 06:20:36
3670, 5j6d1MZ1lV2IstH9NYgb, 2019-10-05 11:17:27, 2019-10-19 06:20:36
3671, yobM1C1kZ5yxJi1l0V5M, 2019-10-05 11:17:27, 2019-10-19 06:20:36
3672, VUftuQ5aJx6tfcgWRG94, 2019-10-05 11:17:27, 2019-10-19 06:20:36
3673, yP0H8GA5QjMQdUDlZ7Hh, 2019-10-05 11:17:27, 2019-10-19 06:20:36
3674, 1hJUnFKS8M4yOVKiJFP9, 2019-10-05 11:17:27, 2019-10-19 06:20:36
3675, yRX59CgNUMm7QqOpNNYw, 2019-10-05 11:17:27, 2019-10-19 06:20:36
3676, sf0iOzWw4OoGnAXI1isT, 2019-10-05 11:17:27, 2019-10-19 06:20:36
3677, cfHWw5AWCxErumQfqhEY, 2019-10-05 11:17:27, 2019-10-19 06:20:36
3678, N3EMTudbkrh9ugOGyXz8, 2019-10-05 11:17:27, 2019-10-19 06:20:36
3679, 6VIIJAILsoIAFuBihfYq, 2019-10-05 11:17:27, 2019-10-19 06:20:36
3680, SSfZ5wng9qO0ZoY9hQLf, 2019-10-05 11:17:27, 2019-10-19 06:20:36
3681, VhVUYz5kDwRWu0Ik2YkC, 2019-10-05 11:17:27, 2019-10-19 06:20:36
3682, WXaPuMOu1ZwcKbShzq0E, 2019-10-05 11:17:27, 2019-10-19 06:20:36
3683, vpsVhcAZvK6dw4TRa0FH, 2019-10-05 11:17:27, 2019-10-19 06:20:36
3684, DSdO2FJCx7wI0AtaDUrU, 2019-10-05 11:17:27, 2019-10-19 06:20:36
3685, 31StPKEPxAdO3yXeQ9RN, 2019-10-05 11:17:27, 2019-10-19 06:20:36
3686, NZIcZwNugcn2gvaosfcP, 2019-10-05 11:17:27, 2019-10-19 06:20:36
3687, NSrvYx5tDafSWz6TJply, 2019-10-05 11:17:27, 2019-10-19 06:20:36
3688, xpEYV2ye7J6CJ9wuX00r, 2019-10-05 11:17:27, 2019-10-19 06:20:36
3689, yJDWCcih6VvEHe0MnULT, 2019-10-05 11:17:27, 2019-10-19 06:20:36
3690, xY0nua9efNmBuZa47YWh, 2019-10-05 11:17:27, 2019-10-19 06:20:36
3691, kNiadbmchzPlXRcdNEEO, 2019-10-05 11:17:27, 2019-10-19 06:20:36
3692, TS74L1cQOov3oLXjNH4I, 2019-10-05 11:17:27, 2019-10-19 06:20:36
3693, EaFN1AVcJiJeWSgdjaNS, 2019-10-05 11:17:27, 2019-10-19 06:20:36
3694, 61aqYFBNZAiYGRiqZDiK, 2019-10-05 11:17:27, 2019-10-19 06:20:36
3695, hycGCpLCVwOMmmJ3hj7u, 2019-10-05 11:17:27, 2019-10-19 06:20:36
3696, IuXyR6quM8IwTWV0C189, 2019-10-05 11:17:27, 2019-10-19 06:20:36
3697, llw3DagpU1k1jExC9cKF, 2019-10-05 11:17:27, 2019-10-19 06:20:36
3698, LJduUCVPy8sEUhzUuZjZ, 2019-10-05 11:17:27, 2019-10-19 06:20:36
3699, NrFhcD3bBX56NHHIvUaN, 2019-10-05 11:17:27, 2019-10-19 06:20:36
3700, J6YFwzqB0tvN3QJbvmMK, 2019-10-05 11:17:27, 2019-10-19 06:20:36
3701, deWxupZ0JM264k37B35P, 2019-10-05 11:17:27, 2019-10-19 06:20:36
3702, MzSEssGIqZPyadoYcATw, 2019-10-05 11:17:27, 2019-10-19 06:20:36
3703, TOP55ayjJRfRMYqANHv0, 2019-10-05 11:17:27, 2019-10-19 06:20:36
3704, gUcVJm6JK1soOgM6AgqB, 2019-10-05 11:17:27, 2019-10-19 06:20:36
3705, tgbRa6uX84uiTfwyAY8B, 2019-10-05 11:17:27, 2019-10-19 06:20:36
3706, x4nspznGEzmeYnNsAFJl, 2019-10-05 11:17:27, 2019-10-19 06:20:36
3707, nXfnblbZKBiyofZvIIBG, 2019-10-05 11:17:27, 2019-10-19 06:20:36
3708, 5h3Nyq6JNXQoHWBUEiUa, 2019-10-05 11:17:27, 2019-10-19 06:20:36
3709, GbU6kI9oQV140rGyZDzw, 2019-10-05 11:17:27, 2019-10-19 06:20:36
3710, ufylwB5SvyCaRHaO5SzB, 2019-10-05 11:17:27, 2019-10-19 06:20:36
3711, GAivayNvzw7M0YxS5hb4, 2019-10-05 11:17:27, 2019-10-19 06:20:36
3712, bNfyQlIrp92WZmpujbUn, 2019-10-05 11:17:27, 2019-10-19 06:20:36
3713, YFK7g65U3V33POY4l6sk, 2019-10-05 11:17:27, 2019-10-19 06:20:36
3714, YlYE8ZjLbczYgTsEDUlp, 2019-10-05 11:17:27, 2019-10-19 06:20:36
3715, nMCw13xAe3xuXZYRlQxg, 2019-10-05 11:17:27, 2019-10-19 06:20:36
3716, JtxevjgwNByiqrT1w5HQ, 2019-10-05 11:17:27, 2019-10-19 06:20:36
3717, g1pCbCkPjW1UUOdM7tf2, 2019-10-05 11:17:27, 2019-10-19 06:20:36
3718, kz1RSp8IvE0uDmsW7V62, 2019-10-05 11:17:27, 2019-10-19 06:20:37
3719, k4IfY75eETo9tOAgccsP, 2019-10-05 11:17:27, 2019-10-19 06:20:37
3720, 4ik7x6Sn63BPlyGNRiUw, 2019-10-05 11:17:27, 2019-10-19 06:20:37
3721, QtpD2UP4LYcblfkMKAPR, 2019-10-05 11:17:27, 2019-10-19 06:20:37
3722, apWrWb79OMcGaCxCPv7K, 2019-10-05 11:17:27, 2019-10-19 06:20:37
3723, P7aVdA5V52mTEdQgKd3O, 2019-10-05 11:17:27, 2019-10-19 06:20:37
3724, Koe5sTCaxhIHEmM4gJvb, 2019-10-05 11:17:27, 2019-10-19 06:20:37
3725, rBDZ9qM2QcNyUxQJ989p, 2019-10-05 11:17:27, 2019-10-19 06:20:37
3726, vXtw8GhZNYqZOaIMTHQv, 2019-10-05 11:17:27, 2019-10-19 06:20:37
3727, RzVLQZmyD9pdvXpWLkMt, 2019-10-05 11:17:27, 2019-10-19 06:20:37
3728, 1xQTA3GbtmtXGf9tfF1l, 2019-10-05 11:17:27, 2019-10-19 06:20:37
3729, Ft6E3HA3lU0EIzxIA9EI, 2019-10-05 11:17:27, 2019-10-19 06:20:37
3730, 3Gsb8CYyKFxITooSZQLe, 2019-10-05 11:17:27, 2019-10-19 06:20:37
3731, Wm3PHooJTakmNWAzHqIG, 2019-10-05 11:17:27, 2019-10-19 06:20:37
3732, oMXuxKK9JwurgLTofm96, 2019-10-05 11:17:27, 2019-10-19 06:20:37
3733, zmRDE36r05ZTEkMv9mLZ, 2019-10-05 11:17:27, 2019-10-19 06:20:37
3734, 2EvN0eiavYXNqU6v5mZn, 2019-10-05 11:17:27, 2019-10-19 06:20:37
3735, Uj8QLEsYNiVUldSKTBer, 2019-10-05 11:17:27, 2019-10-19 06:20:37
3736, WAIMn2hnSk1P6xfkyLGe, 2019-10-05 11:17:27, 2019-10-19 06:20:37
3737, vqBwVcwLFVvWbS6JkL3O, 2019-10-05 11:17:27, 2019-10-19 06:20:37
3738, Odq9FklMPGCMvGhRUdEd, 2019-10-05 11:17:27, 2019-10-19 06:20:37
3739, xUf3zrdWAYIGEH0y3NAw, 2019-10-05 11:17:27, 2019-10-19 06:20:37
3740, DloWyGpyCJn1vCqarVOc, 2019-10-05 11:17:27, 2019-10-19 06:20:37
3741, 57OKur5kAOmmpVATOTgG, 2019-10-05 11:17:27, 2019-10-19 06:20:37
3742, JY4BADKwo8RxLXRgvDCh, 2019-10-05 11:17:27, 2019-10-19 06:20:37
3743, CZjTxLwJozNoTWm5gTtq, 2019-10-05 11:17:27, 2019-10-19 06:20:37
3744, Vqd40Tnp9K02GbCO2HkD, 2019-10-05 11:17:27, 2019-10-19 06:20:37
3745, gyPiNZy8ob9ZyZYWmmEC, 2019-10-05 11:17:27, 2019-10-19 06:20:37
3746, tE0pV0RC3bD0eh1BSMI2, 2019-10-05 11:17:27, 2019-10-19 06:20:37
3747, JUA43bwobj3l6NKtjDGm, 2019-10-05 11:17:27, 2019-10-19 06:20:37
3748, YHktJQVjPtAQcumkw1TE, 2019-10-05 11:17:27, 2019-10-19 06:20:37
3749, Rl7x4easb4Mj2wlMynmj, 2019-10-05 11:17:27, 2019-10-19 06:20:37
3750, S8nJ1N5Hh5MFim1RLazk, 2019-10-05 11:17:27, 2019-10-19 06:20:37
3751, FLaUENOoXmPX8eiiSTHA, 2019-10-05 11:17:27, 2019-10-19 06:20:37
3752, EB2VNidHoRaWiY7nM8CD, 2019-10-05 11:17:27, 2019-10-19 06:20:37
3753, XeYIWM4tJvBLjhzpxrSj, 2019-10-05 11:17:27, 2019-10-19 06:20:37
3754, 0qjZPnyDsYdTfqYDNe0U, 2019-10-05 11:17:27, 2019-10-19 06:20:37
3755, HcyPR5ppT581mgkdJeiN, 2019-10-05 11:17:27, 2019-10-19 06:20:37
3756, exmWOVNAb1ylfHfSCrRO, 2019-10-05 11:17:27, 2019-10-19 06:20:37
3757, 9yjs6MZtpMj46UUmAIED, 2019-10-05 11:17:27, 2019-10-19 06:20:37
3758, hH9HB06EDtXqs3rPM9dB, 2019-10-05 11:17:27, 2019-10-19 06:20:37
3759, V6yFeOK6Wk6F3xj60uEx, 2019-10-05 11:17:27, 2019-10-19 06:20:37
3760, iUI93m3SDDdliFh4L6k5, 2019-10-05 11:17:27, 2019-10-19 06:20:37
3761, lyRPnxPSArGwmjyFgsv1, 2019-10-05 11:17:27, 2019-10-19 06:20:37
3762, BlAZYyWWjCG6kSZSlmDX, 2019-10-05 11:17:27, 2019-10-19 06:20:37
3763, f7r5jXyzPp3cbGzGj2Uv, 2019-10-05 11:17:27, 2019-10-19 06:20:37
3764, VjGxKRMsJEWAcpQIDQtn, 2019-10-05 11:17:27, 2019-10-19 06:20:37
3765, M69GJToCVL7hyhecil6I, 2019-10-05 11:17:27, 2019-10-19 06:20:37
3766, rOt3RWFcmupQJYtdtl4O, 2019-10-05 11:17:27, 2019-10-19 06:20:37
3767, BbJecgdfxmdfx3WaNbdP, 2019-10-05 11:17:27, 2019-10-19 06:20:37
3768, 1uVq9UveQ33cKRYAOYf9, 2019-10-05 11:17:27, 2019-10-19 06:20:37
3769, l7uA7h4l3jTysDawIgoF, 2019-10-05 11:17:27, 2019-10-19 06:20:37
3770, Qd5aJDdCgbTfc9bUYOWG, 2019-10-05 11:17:27, 2019-10-19 06:20:37
3771, SLlAzAOvg2TBYj7m1x3k, 2019-10-05 11:17:27, 2019-10-19 06:20:37
3772, mvdNkr8VIuJqAk524587, 2019-10-05 11:17:27, 2019-10-19 06:20:37
3773, 5MZLj9M7VWuQ4zcYbzYx, 2019-10-05 11:17:27, 2019-10-19 06:20:37
3774, DZyCR7lA8ogUTNBDy38w, 2019-10-05 11:17:27, 2019-10-19 06:20:37
3775, 8qLSdbGLlsaI4c11kNf5, 2019-10-05 11:17:27, 2019-10-19 06:20:37
3776, dF3YHIYAvdgPECaIDuyt, 2019-10-05 11:17:27, 2019-10-19 06:20:37
3777, 0ehBJWSOMXuvL5ZqFL6i, 2019-10-05 11:17:27, 2019-10-19 06:20:37
3778, LIbC2UmAaGuV9CU2vkjU, 2019-10-05 11:17:27, 2019-10-19 06:20:37
3779, yMgwaimskQIRIwCxeOR3, 2019-10-05 11:17:27, 2019-10-19 06:20:37
3780, QfBp8hKJpmTODGwQGtOG, 2019-10-05 11:17:27, 2019-10-19 06:20:37
3781, sxfSYeMRPqgqcLd9Dgcp, 2019-10-05 11:17:27, 2019-10-19 06:20:37
3782, 5gd8CNNmfg9ShXlL24p1, 2019-10-05 11:17:27, 2019-10-19 06:20:37
3783, p1YlQD0ftTLoMiqKRBkE, 2019-10-05 11:17:27, 2019-10-19 06:20:37
3784, Po7CWk6Pa9xYtvE5vhuv, 2019-10-05 11:17:27, 2019-10-19 06:20:37
3785, BJJLJjjMzIQ1WeM6085X, 2019-10-05 11:17:27, 2019-10-19 06:20:37
3786, FhsPYp3MMWjeNWhCV6Mq, 2019-10-05 11:17:27, 2019-10-19 06:20:37
3787, IEu2mv86oy6op5qiPnU6, 2019-10-05 11:17:27, 2019-10-19 06:20:37
3788, mzfluL5TA2yATuAARERP, 2019-10-05 11:17:27, 2019-10-19 06:20:37
3789, o7L2z0ncqnQY3TJMZwmG, 2019-10-05 11:17:27, 2019-10-19 06:20:37
3790, OUFsYnQmgkrJH56vnxvr, 2019-10-05 11:17:27, 2019-10-19 06:20:37
3791, jEmfK1ZDFCudwPoW0CJM, 2019-10-05 11:17:27, 2019-10-19 06:20:37
3792, 8RDIaMZUxazWoQjMySO6, 2019-10-05 11:17:27, 2019-10-19 06:20:37
3793, Y0Ks2lee8dZE6FSBpEpV, 2019-10-05 11:17:27, 2019-10-19 06:20:37
3794, KCqdkshivH1QLR4f7TJZ, 2019-10-05 11:17:27, 2019-10-19 06:20:37
3795, rBPJuGRmbG3IciaZzZwU, 2019-10-05 11:17:27, 2019-10-19 06:20:37
3796, RkWDm6uCteyR7dUYws8W, 2019-10-05 11:17:27, 2019-10-19 06:20:37
3797, PTI9c3p7F49zel5pKjOI, 2019-10-05 11:17:27, 2019-10-19 06:20:37
3798, ABLnTX9DJl1PrNfipLYN, 2019-10-05 11:17:27, 2019-10-19 06:20:37
3799, RByWPTGPJeOzkeGVxp6T, 2019-10-05 11:17:27, 2019-10-19 06:20:37
3800, lKOqUhBRume3vET61pFr, 2019-10-05 11:17:27, 2019-10-19 06:20:37
3801, xn33EwUJXdodVNIbwe4V, 2019-10-05 11:17:27, 2019-10-19 06:20:37
3802, 84LEUIFz49mEnvtxBwLT, 2019-10-05 11:17:27, 2019-10-19 06:20:37
3803, Z8O9YyNliVZo2LYjBHOy, 2019-10-05 11:17:27, 2019-10-19 06:20:37
3804, mbTjwLCGqBF9vYjZft0M, 2019-10-05 11:17:27, 2019-10-19 06:20:37
3805, c7LO07FrnCqB9d0qCxfw, 2019-10-05 11:17:27, 2019-10-19 06:20:37
3806, 60qg26qvLat0wzECzWmu, 2019-10-05 11:17:27, 2019-10-19 06:20:37
3807, 7NHdUAQLZLuRHD3hpJeh, 2019-10-05 11:17:27, 2019-10-19 06:20:37
3808, 1dKxYiebnOLhLG3Tyj7E, 2019-10-05 11:17:27, 2019-10-19 06:20:37
3809, XzXA0jIvqE5GFGt2wYMb, 2019-10-05 11:17:27, 2019-10-19 06:20:38
3810, RilgOb5yVgG0M0YB627R, 2019-10-05 11:17:27, 2019-10-19 06:20:38
3811, DmlnBDJsjdB3tTv7m8YP, 2019-10-05 11:17:27, 2019-10-19 06:20:38
3812, Hnt52G0Z0uZNawU4UNiP, 2019-10-05 11:17:27, 2019-10-19 06:20:38
3813, Y8ZEKm2CGIECv70Erhb0, 2019-10-05 11:17:27, 2019-10-19 06:20:38
3814, eKpoYZUHPBEijul77cB4, 2019-10-05 11:17:27, 2019-10-19 06:20:38
3815, BOm1FBWo0ZWI6HPmsj8p, 2019-10-05 11:17:27, 2019-10-19 06:20:38
3816, S0CqaarQi6Ovzh2hcwDj, 2019-10-05 11:17:27, 2019-10-19 06:20:38
3817, re5Dl4r6AlDHuOCdYVaI, 2019-10-05 11:17:27, 2019-10-19 06:20:38
3818, ci8VHIHogBRl5wN095tN, 2019-10-05 11:17:27, 2019-10-19 06:20:38
3819, AnYHL716L3zb4ksvqU5q, 2019-10-05 11:17:27, 2019-10-19 06:20:38
3820, 30z3v2LnAAf6xe9hjYmf, 2019-10-05 11:17:27, 2019-10-19 06:20:38
3821, cOl0i3XrE0L5sXwKtofZ, 2019-10-05 11:17:27, 2019-10-19 06:20:38
3822, xZ31GQ6krNFuaEwYlmlL, 2019-10-05 11:17:27, 2019-10-19 06:20:38
3823, AtoyjdSeFGURpHoqxiDW, 2019-10-05 11:17:27, 2019-10-19 06:20:38
3824, FsetduQyvyCGOIwG2nz2, 2019-10-05 11:17:27, 2019-10-19 06:20:38
3825, P6q5YsDHmzmJ3Xz6Aenq, 2019-10-05 11:17:27, 2019-10-19 06:20:38
3826, HIsNP9GRqaWpWLpPE5sw, 2019-10-05 11:17:27, 2019-10-19 06:20:38
3827, dMEo01OCHg3ZGT3n0ULW, 2019-10-05 11:17:27, 2019-10-19 06:20:38
3828, SCvXSEXFMF4t5mkzS2CY, 2019-10-05 11:17:27, 2019-10-19 06:20:38
3829, aulnVEjYPXY3VXgU3CNL, 2019-10-05 11:17:27, 2019-10-19 06:20:38
3830, vj22XjeliniKx0J3Rdo8, 2019-10-05 11:17:27, 2019-10-19 06:20:38
3831, T0vlpy4QmnBmCny9Zvjm, 2019-10-05 11:17:27, 2019-10-19 06:20:38
3832, bDkybMPxyAI2gjJwM9I8, 2019-10-05 11:17:27, 2019-10-19 06:20:38
3833, VD1FGG0KifBd74vY9ErF, 2019-10-05 11:17:27, 2019-10-19 06:20:38
3834, 1M9M43IxgrLrQfBLT0u4, 2019-10-05 11:17:27, 2019-10-19 06:20:38
3835, 31PEUQyEhWhgsgSgEfOU, 2019-10-05 11:17:27, 2019-10-19 06:20:38
3836, zgdc4AjWRIuXOa4S2u9U, 2019-10-05 11:17:27, 2019-10-19 06:20:38
3837, EtZVbtHcs2iKUsIpyxmL, 2019-10-05 11:17:27, 2019-10-19 06:20:38
3838, meLxeNzSRkfeaYWrSvhH, 2019-10-05 11:17:27, 2019-10-19 06:20:38
3839, tACLXoVLyoprQ88nVLBP, 2019-10-05 11:17:27, 2019-10-19 06:20:38
3840, 9pfcczxMvJulqnXIObSu, 2019-10-05 11:17:27, 2019-10-19 06:20:38
3841, ZQJOhCttxINGGpWxlYqF, 2019-10-05 11:17:27, 2019-10-19 06:20:38
3842, lMGgUcGGvQvuSqqtnyJX, 2019-10-05 11:17:27, 2019-10-19 06:20:38
3843, eAD4hL68P99iM87bXSn2, 2019-10-05 11:17:27, 2019-10-19 06:20:38
3844, 2Un7GxTQlibah9brBOy3, 2019-10-05 11:17:27, 2019-10-19 06:20:38
3845, f2vhicjozWEtTr6vXdsd, 2019-10-05 11:17:27, 2019-10-19 06:20:38
3846, HJdCDQPt6W6leXsbw9sQ, 2019-10-05 11:17:27, 2019-10-19 06:20:38
3847, CAo9OtcvEPMl3MBMT7BA, 2019-10-05 11:17:27, 2019-10-19 06:20:38
3848, d3OgfXy9yvlLB1pVYi3H, 2019-10-05 11:17:27, 2019-10-19 06:20:38
3849, HAaO9lfgKwhkn5AHCMsT, 2019-10-05 11:17:27, 2019-10-19 06:20:38
3850, 49eAnpmlACIo9WoxwHbE, 2019-10-05 11:17:27, 2019-10-19 06:20:38
3851, BMy6Qkem70mpTOs7qACX, 2019-10-05 11:17:27, 2019-10-19 06:20:38
3852, 67Qz5grwgWoMFnkzOEEI, 2019-10-05 11:17:27, 2019-10-19 06:20:38
3853, anEH2tOtEfCy4zFsPAcj, 2019-10-05 11:17:27, 2019-10-19 06:20:38
3854, olNHh0huPOutNC3JxdNT, 2019-10-05 11:17:27, 2019-10-19 06:20:38
3855, 8NAdwyfs2xgBkgjxuS3b, 2019-10-05 11:17:27, 2019-10-19 06:20:38
3856, NthgRMmttJfUGrOIEnWz, 2019-10-05 11:17:27, 2019-10-19 06:20:38
3857, zRWvXxGmlBTFqc6kUdeV, 2019-10-05 11:17:27, 2019-10-19 06:20:38
3858, aZ3LL9wQxkY4qSrp52W5, 2019-10-05 11:17:27, 2019-10-19 06:20:38
3859, VKPjC2bLyMMw31rSgvmL, 2019-10-05 11:17:27, 2019-10-19 06:20:38
3860, JdD7wTeAi7w78TrIXh7A, 2019-10-05 11:17:27, 2019-10-19 06:20:38
3861, aPvp0Lw6cddSj38xRlQf, 2019-10-05 11:17:27, 2019-10-19 06:20:38
3862, 0cV6dw3GMIpNb0vdI2Ut, 2019-10-05 11:17:27, 2019-10-19 06:20:38
3863, zlw6JSJ7C79b43T7IVPF, 2019-10-05 11:17:27, 2019-10-19 06:20:38
3864, M2Yx9e64lBMps7SvjIaI, 2019-10-05 11:17:27, 2019-10-19 06:20:38
3865, VrzuoZkTYmojlrz726rG, 2019-10-05 11:17:27, 2019-10-19 06:20:38
3866, Gd3cxTaF4na3k0HWU4nj, 2019-10-05 11:17:27, 2019-10-19 06:20:38
3867, tZmVKazHqvSt3orbxMuT, 2019-10-05 11:17:27, 2019-10-19 06:20:38
3868, vHiMUL95D4TCXL4ZL2T7, 2019-10-05 11:17:27, 2019-10-19 06:20:38
3869, BDmwBfX1jtTCUuHkDmii, 2019-10-05 11:17:27, 2019-10-19 06:20:38
3870, 4qiuAyxnpdYOLeCxGvXr, 2019-10-05 11:17:27, 2019-10-19 06:20:38
3871, BCC0YbStcFkUUFCOrcmU, 2019-10-05 11:17:27, 2019-10-19 06:20:38
3872, ib4CCY07o6oizB3yVmST, 2019-10-05 11:17:27, 2019-10-19 06:20:38
3873, IjUNXBtFBamZGoIRhYBG, 2019-10-05 11:17:27, 2019-10-19 06:20:38
3874, 1PjopFdpD8pmYcTIiqpH, 2019-10-05 11:17:27, 2019-10-19 06:20:38
3875, jyoQPgg8PxwMpaWJxuBX, 2019-10-05 11:17:27, 2019-10-19 06:20:38
3876, pLi3knywUwwG2FxQzHds, 2019-10-05 11:17:27, 2019-10-19 06:20:38
3877, 8669tPBvA5Sy6TXJYg8T, 2019-10-05 11:17:27, 2019-10-19 06:20:38
3878, SH4iJNiIppvE8YiajS7S, 2019-10-05 11:17:27, 2019-10-19 06:20:38
3879, T3LijM5adVnmX6bEgZ48, 2019-10-05 11:17:27, 2019-10-19 06:20:38
3880, uiTzZ3HGA4FXYopl0GHc, 2019-10-05 11:17:27, 2019-10-19 06:20:38
3881, Bf0Sl7bkCfB1Hm5cytSj, 2019-10-05 11:17:27, 2019-10-19 06:20:38
3882, bmARUB0mXA3f0dlMIF2i, 2019-10-05 11:17:27, 2019-10-19 06:20:38
3883, caxy9QYkZUqTeOjssiWP, 2019-10-05 11:17:27, 2019-10-19 06:20:38
3884, XenuB0dpt5X7TMgpjpz7, 2019-10-05 11:17:27, 2019-10-19 06:20:38
3885, FpMfBFLJtg3zWV7aPlmj, 2019-10-05 11:17:27, 2019-10-19 06:20:38
3886, odNkdZVOmQ4mhqtFUJc4, 2019-10-05 11:17:27, 2019-10-19 06:20:38
3887, m5hJ3RmUBSM4U1Jy8zpu, 2019-10-05 11:17:27, 2019-10-19 06:20:38
3888, Jh48NedjGAmi9baOwCDB, 2019-10-05 11:17:27, 2019-10-19 06:20:38
3889, qfYkBEqAI1QFw4KlwU1u, 2019-10-05 11:17:27, 2019-10-19 06:20:38
3890, WrHgoLSLHn2Q9sOASEu0, 2019-10-05 11:17:27, 2019-10-19 06:20:38
3891, yV5ODzhNBSDJbo2loYWI, 2019-10-05 11:17:27, 2019-10-19 06:20:38
3892, ZjQDrfo6HNx8kDxFW3jl, 2019-10-05 11:17:27, 2019-10-19 06:20:38
3893, 5zaF9fjLQEUiozNYDrC1, 2019-10-05 11:17:27, 2019-10-19 06:20:38
3894, 1hX5L33qDAe7Me2IIFHZ, 2019-10-05 11:17:27, 2019-10-19 06:20:38
3895, ESGOfCdhyPIUKubVHTFj, 2019-10-05 11:17:27, 2019-10-19 06:20:38
3896, sCXyX9YGlg06EsKhFPbt, 2019-10-05 11:17:27, 2019-10-19 06:20:38
3897, lxsqFOCiRBc3PsBWi4zE, 2019-10-05 11:17:27, 2019-10-19 06:20:38
3898, 17LFtNQQWhqXoTguG5Zb, 2019-10-05 11:17:27, 2019-10-19 06:20:38
3899, BPT2qfWBWJLZfukdqTdS, 2019-10-05 11:17:27, 2019-10-19 06:20:38
3900, MrJf5jiclGwsb0Dr6TBc, 2019-10-05 11:17:27, 2019-10-19 06:20:38
3901, 3zX3MlffIwvoo61xmapn, 2019-10-05 11:17:27, 2019-10-19 06:20:38
3902, jHWYytyzUZhu2yNJTzqI, 2019-10-05 11:17:27, 2019-10-19 06:20:38
3903, glO4vs3tvi8ND7w9YrFW, 2019-10-05 11:17:27, 2019-10-19 06:20:38
3904, tqU87cn2Ja4VPIpbjXkK, 2019-10-05 11:17:27, 2019-10-19 06:20:38
3905, C1BiuoQ5WK6E84lmml4m, 2019-10-05 11:17:27, 2019-10-19 06:20:38
3906, tcZ2YF2qDwSQ53otiyCc, 2019-10-05 11:17:27, 2019-10-19 06:20:38
3907, 9aJ0r9vzE3RfedpjWAHP, 2019-10-05 11:17:27, 2019-10-19 06:20:38
3908, 2FDf1sphhW3wn1fWddhy, 2019-10-05 11:17:27, 2019-10-19 06:20:38
3909, JGkbN2MOom3JflkGqa0n, 2019-10-05 11:17:27, 2019-10-19 06:20:38
3910, A10R4r8RGrlaZLGqIHdf, 2019-10-05 11:17:27, 2019-10-19 06:20:38
3911, 3FKY0eNR3fdvmDIzbety, 2019-10-05 11:17:27, 2019-10-19 06:20:38
3912, gCTkWXUZqErog2PoteX3, 2019-10-05 11:17:27, 2019-10-19 06:20:38
3913, QhnTgwtVeSCq2gA4KlR0, 2019-10-05 11:17:27, 2019-10-19 06:20:38
3914, I10HO3xSSUfONAybPHGZ, 2019-10-05 11:17:27, 2019-10-19 06:20:38
3915, ijmIG3Ua2gpWj8lGRL8I, 2019-10-05 11:17:27, 2019-10-19 06:20:38
3916, 59Am83jzSNhBfDTDTM3F, 2019-10-05 11:17:27, 2019-10-19 06:20:38
3917, n5CXFmvrzc4R3wvWQplz, 2019-10-05 11:17:27, 2019-10-19 06:20:38
3918, rmq2TQX2LO3T68TG7tPH, 2019-10-05 11:17:27, 2019-10-19 06:20:38
3919, qVesR32XBmwZVJmYtxDz, 2019-10-05 11:17:27, 2019-10-19 06:20:38
3920, eQ5R8Fw7xRX3UMZQtxHO, 2019-10-05 11:17:27, 2019-10-19 06:20:38
3921, nodvoHctY9IccnofYEsw, 2019-10-05 11:17:27, 2019-10-19 06:20:38
3922, FOOr0XBS2IgTIqKgrVph, 2019-10-05 11:17:27, 2019-10-19 06:20:38
3923, j4BEcm9jyHkDj6ET1OYS, 2019-10-05 11:17:27, 2019-10-19 06:20:38
3924, DV39LWXBKvReDILGGhL2, 2019-10-05 11:17:27, 2019-10-19 06:20:38
3925, jMAANWsIWqMrXh69XmBS, 2019-10-05 11:17:27, 2019-10-19 06:20:38
3926, d1yHbwaDe96ZMS539Y5F, 2019-10-05 11:17:27, 2019-10-19 06:20:38
3927, JaYB0j6l1ZvQnBSNsuhr, 2019-10-05 11:17:27, 2019-10-19 06:20:38
3928, 1UO8AwSkQNaO5MlnZw7M, 2019-10-05 11:17:27, 2019-10-19 06:20:38
3929, o7U8K8KJ2r8CXJlDRt4i, 2019-10-05 11:17:27, 2019-10-19 06:20:38
3930, ATag3WxWAE1JuJDSDhi9, 2019-10-05 11:17:27, 2019-10-19 06:20:38
3931, m42z6CppakZWGGIaeuZw, 2019-10-05 11:17:27, 2019-10-19 06:20:39
3932, NMkH1yhXwZNFRx29xnBd, 2019-10-05 11:17:27, 2019-10-19 06:20:39
3933, QQ9ndRIUTShFCCcmcI0D, 2019-10-05 11:17:27, 2019-10-19 06:20:39
3934, RJxySBdbJFoA8QSiHxLm, 2019-10-05 11:17:27, 2019-10-19 06:20:39
3935, PiB83v6M8wW6SagrA7IB, 2019-10-05 11:17:27, 2019-10-19 06:20:39
3936, e9GzfebS1moSYhYxzqx0, 2019-10-05 11:17:27, 2019-10-19 06:20:39
3937, LqDw2lHyKUhclr37LpbK, 2019-10-05 11:17:27, 2019-10-19 06:20:39
3938, Q2lApvb0Q32mM8xOosaL, 2019-10-05 11:17:27, 2019-10-19 06:20:39
3939, ZSGlw39DjgWXqE73jiQn, 2019-10-05 11:17:27, 2019-10-19 06:20:39
3940, 12dnvf0cnrWXki9QlQM4, 2019-10-05 11:17:27, 2019-10-19 06:20:39
3941, 8gUYbTkMX0WLJE2Siv26, 2019-10-05 11:17:27, 2019-10-19 06:20:39
3942, j36LkTtjE6r7y87IpIf6, 2019-10-05 11:17:27, 2019-10-19 06:20:39
3943, DiDllwfxLLfYkXROaJYT, 2019-10-05 11:17:27, 2019-10-19 06:20:39
3944, lP1DlAqGHKfPoDVeNoVO, 2019-10-05 11:17:27, 2019-10-19 06:20:39
3945, 5SDcQll41W1QoA5k3CcT, 2019-10-05 11:17:27, 2019-10-19 06:20:39
3946, FtZXoAQD9vMhCqDfJA51, 2019-10-05 11:17:27, 2019-10-19 06:20:39
3947, 5cPHZIlUUGdNBgdXDfyR, 2019-10-05 11:17:27, 2019-10-19 06:20:39
3948, oXrQwWy5nc2C5zECGXQn, 2019-10-05 11:17:27, 2019-10-19 06:20:39
3949, Zyxp6vbFwQXuer5sGUrf, 2019-10-05 11:17:27, 2019-10-19 06:20:39
3950, Nj9WJforQPVrZiTiAHUL, 2019-10-05 11:17:27, 2019-10-19 06:20:39
3951, S0uRux7vlXkqzkbgzmFo, 2019-10-05 11:17:27, 2019-10-19 06:20:39
3952, asov1H3xmTiD7bMGNLhR, 2019-10-05 11:17:27, 2019-10-19 06:20:39
3953, HnAON3WTvd19FF3JAtB4, 2019-10-05 11:17:27, 2019-10-19 06:20:39
3954, qWYZHxxYRERR6FvvI6P4, 2019-10-05 11:17:27, 2019-10-19 06:20:39
3955, 0u8aZlSJkm61ypSE7i14, 2019-10-05 11:17:27, 2019-10-19 06:20:39
3956, nkieBtHF5abtfjI4PF5z, 2019-10-05 11:17:27, 2019-10-19 06:20:39
3957, 9gNEneVmuZQmgKw05897, 2019-10-05 11:17:27, 2019-10-19 06:20:39
3958, ATdq6y0JY2ZxFvVTE8WN, 2019-10-05 11:17:27, 2019-10-19 06:20:39
3959, cdrSww8E2sYhKXSKTe5J, 2019-10-05 11:17:27, 2019-10-19 06:20:39
3960, 9ET0U60vZtUIypVs4pKH, 2019-10-05 11:17:27, 2019-10-19 06:20:39
3961, urq4U1bUVWajMUFEDNxo, 2019-10-05 11:17:27, 2019-10-19 06:20:39
3962, fNndiHgVfsz9UHyBNlqD, 2019-10-05 11:17:27, 2019-10-19 06:20:39
3963, KlP0gF4Z5NMc75mZfzqP, 2019-10-05 11:17:27, 2019-10-19 06:20:39
3964, lLxPihyopp96EeSH2xFF, 2019-10-05 11:17:27, 2019-10-19 06:20:39
3965, 2NiR8ssMWoXfSKqGy87t, 2019-10-05 11:17:27, 2019-10-19 06:20:39
3966, 3jvBlXWD3ahWoLkkxCi4, 2019-10-05 11:17:27, 2019-10-19 06:20:39
3967, EZvtG4gYb90qGtbeherx, 2019-10-05 11:17:27, 2019-10-19 06:20:39
3968, ash96fgmKGNTBTMLiO6x, 2019-10-05 11:17:27, 2019-10-19 06:20:39
3969, m0cKcRK8VVSfn0gyKTzf, 2019-10-05 11:17:27, 2019-10-19 06:20:39
3970, dkZZgQupiKl7Xgcr3YPG, 2019-10-05 11:17:27, 2019-10-19 06:20:39
3971, 3bECcwMeOXXDRd9c8QBa, 2019-10-05 11:17:27, 2019-10-19 06:20:39
3972, PFUBIHql0aeqsrHuWf5r, 2019-10-05 11:17:27, 2019-10-19 06:20:39
3973, K590y2wguvjBNcxprGqV, 2019-10-05 11:17:27, 2019-10-19 06:20:39
3974, Bd9VSPwPYUqqGJJaAW9U, 2019-10-05 11:17:27, 2019-10-19 06:20:39
3975, t9A0fIRXWDhoqX0LSmr2, 2019-10-05 11:17:27, 2019-10-19 06:20:39
3976, OCGKrlMakqAAPzJyda0v, 2019-10-05 11:17:27, 2019-10-19 06:20:39
3977, jMmWA0VFx9kKlhTuFYdJ, 2019-10-05 11:17:27, 2019-10-19 06:20:39
3978, ZZoLQJcDhaRRJKoG4Zal, 2019-10-05 11:17:27, 2019-10-19 06:20:39
3979, eofZG1LDOJrRZJ0DdRNj, 2019-10-05 11:17:27, 2019-10-19 06:20:39
3980, BRt6hwHdfJ1vEm4c5Ejj, 2019-10-05 11:17:27, 2019-10-19 06:20:39
3981, 4Nq8iWa3VkvY0Ro7edHG, 2019-10-05 11:17:27, 2019-10-19 06:20:39
3982, dCHIm9GpeywabXqVOpvy, 2019-10-05 11:17:27, 2019-10-19 06:20:39
3983, ThTbar2irkpOYhkB7Iw4, 2019-10-05 11:17:27, 2019-10-19 06:20:39
3984, ASdZFwIrftRCzB2fXAPS, 2019-10-05 11:17:27, 2019-10-19 06:20:39
3985, bg5S1JNhIHQb8FYD0uP0, 2019-10-05 11:17:27, 2019-10-19 06:20:39
3986, HzVlOH7J038Huq720jVP, 2019-10-05 11:17:27, 2019-10-19 06:20:39
3987, QCHHmgCqa2wStax6e09d, 2019-10-05 11:17:27, 2019-10-19 06:20:39
3988, zv1qIKtJYHdjNl3GpqRC, 2019-10-05 11:17:27, 2019-10-19 06:20:39
3989, X5JsgXe3bOkndjz1X7jN, 2019-10-05 11:17:27, 2019-10-19 06:20:39
3990, MPlNJ0rOJdWdTqy82MDe, 2019-10-05 11:17:27, 2019-10-19 06:20:39
3991, 5dlTWlAdi03EPkgKCNxe, 2019-10-05 11:17:27, 2019-10-19 06:20:39
3992, TwLAuvGWaj9mlag9SKSo, 2019-10-05 11:17:27, 2019-10-19 06:20:39
3993, JdCHZSpd1YoQ0Ebfw2be, 2019-10-05 11:17:27, 2019-10-19 06:20:39
3994, BKmZZnZevRwIkewWC4bf, 2019-10-05 11:17:27, 2019-10-19 06:20:39
3995, 3ojQG0mquIOrfEBpjP0b, 2019-10-05 11:17:27, 2019-10-19 06:20:39
3996, G45mlXkY7GpTqTt0201Y, 2019-10-05 11:17:27, 2019-10-19 06:20:39
3997, e1s4sy8iHaoMc6auPgKP, 2019-10-05 11:17:27, 2019-10-19 06:20:39
3998, LADYlfYMInjB6s0v8uM8, 2019-10-05 11:17:27, 2019-10-19 06:20:39
3999, VK97i9XvS4F5QuWc0fx2, 2019-10-05 11:17:27, 2019-10-19 06:20:39
4000, 0JLtNqt5MNRGUp38uRSR, 2019-10-05 11:17:27, 2019-10-19 06:20:39
4001, rjHGTtgUV3mMPfUMAYE9, 2019-10-05 11:17:27, 2019-10-19 06:20:39
4002, u8QsgIFoXSHBZxktcv7U, 2019-10-05 11:17:27, 2019-10-19 06:20:39
4003, IgMtmKzVnFcAT3Ccdj3l, 2019-10-05 11:17:27, 2019-10-19 06:20:39
4004, Hqb2TzKfYy2MrXH8UOeZ, 2019-10-05 11:17:27, 2019-10-19 06:20:39
4005, WDBFgfr8ej9893vYjpw3, 2019-10-05 11:17:27, 2019-10-19 06:20:39
4006, K8KrjcfzxEn4kPiXLM1b, 2019-10-05 11:17:27, 2019-10-19 06:20:39
4007, vn10lldwdUQsDkrwBaTv, 2019-10-05 11:17:27, 2019-10-19 06:20:39
4008, fMH9yFSSyNptwPkoDQ4D, 2019-10-05 11:17:27, 2019-10-19 06:20:39
4009, HH5FjKfjmmRHOBQycPRz, 2019-10-05 11:17:27, 2019-10-19 06:20:39
4010, mn1DD2RCQTcUSLgJ9h0U, 2019-10-05 11:17:27, 2019-10-19 06:20:39
4011, JdxAAhkQsmckWAoqN5ar, 2019-10-05 11:17:27, 2019-10-19 06:20:39
4012, tjGxS8rBOVahGPcu0zhp, 2019-10-05 11:17:27, 2019-10-19 06:20:39
4013, NyuNu0zNTAY4z0ZjEdec, 2019-10-05 11:17:27, 2019-10-19 06:20:39
4014, sTnvqkWLdJrFKQzbTBai, 2019-10-05 11:17:27, 2019-10-19 06:20:39
4015, 44mSKEoIuNEFzRrNk39Z, 2019-10-05 11:17:27, 2019-10-19 06:20:39
4016, Yxk9Rtwb2CKV5DNnAzB9, 2019-10-05 11:17:27, 2019-10-19 06:20:39
4017, QAveqNC3Tao51RDa2BYw, 2019-10-05 11:17:27, 2019-10-19 06:20:39
4018, kuUKw3plXuSLPGjJnEnW, 2019-10-05 11:17:27, 2019-10-19 06:20:39
4019, VX5e70jVoSHsbmZUI4lv, 2019-10-05 11:17:27, 2019-10-19 06:20:39
4020, yvo3SbQSYsgG4HsSS0u4, 2019-10-05 11:17:27, 2019-10-19 06:20:39
4021, V5GDhAqI6UpjrAt7bWm0, 2019-10-05 11:17:27, 2019-10-19 06:20:39
4022, Hlsi1bHln6uG9ePEUcPr, 2019-10-05 11:17:27, 2019-10-19 06:20:39
4023, O8NXDLMHGiV8LoxGoAnt, 2019-10-05 11:17:27, 2019-10-19 06:20:39
4024, VUyo10YRavCstpW0MV8P, 2019-10-05 11:17:27, 2019-10-19 06:20:39
4025, 1QxxcJnBb3puKIQQ08z3, 2019-10-05 11:17:27, 2019-10-19 06:20:39
4026, 5zVM7bvdzBuLqzq4KWvm, 2019-10-05 11:17:27, 2019-10-19 06:20:39
4027, 8gHfv7l5U4FY7aGUnh2p, 2019-10-05 11:17:27, 2019-10-19 06:20:39
4028, RmhNdCTuKrqkbIGW7wiE, 2019-10-05 11:17:27, 2019-10-19 06:20:39
4029, IoXM1jAyd1lQ3xYjQ6Q8, 2019-10-05 11:17:27, 2019-10-19 06:20:39
4030, iKVe0Yga373AGzfhXbnZ, 2019-10-05 11:17:27, 2019-10-19 06:20:39
4031, oFvi62zjVdL8iwNoYj48, 2019-10-05 11:17:27, 2019-10-19 06:20:39
4032, pmRzWErcwcR8FGbFDZiI, 2019-10-05 11:17:27, 2019-10-19 06:20:39
4033, fsgsCKGaIJHC1SSqnA8D, 2019-10-05 11:17:27, 2019-10-19 06:20:39
4034, 0fBkba79XsnUiD8seydE, 2019-10-05 11:17:27, 2019-10-19 06:20:39
4035, q2dWVCFiIW0h3gkFNs12, 2019-10-05 11:17:27, 2019-10-19 06:20:39
4036, epoQ3DvxKyAp9Os3sXAm, 2019-10-05 11:17:27, 2019-10-19 06:20:39
4037, LJcuMLWSMDeJxXjK3OsA, 2019-10-05 11:17:27, 2019-10-19 06:20:39
4038, EUbmJfA4RclxwUvp3b5r, 2019-10-05 11:17:27, 2019-10-19 06:20:39
4039, JO8glwgVwW6b1SV87KRE, 2019-10-05 11:17:27, 2019-10-19 06:20:39
4040, 3uXg7P0pkqRo5nBqtm9I, 2019-10-05 11:17:27, 2019-10-19 06:20:39
4041, EcNBF0iRo0PSPDNlwPUC, 2019-10-05 11:17:27, 2019-10-19 06:20:39
4042, DXOqDMAgYP9aWwU7D428, 2019-10-05 11:17:27, 2019-10-19 06:20:39
4043, wAjMYwGJdd9JlXEX5JjU, 2019-10-05 11:17:27, 2019-10-19 06:20:39
4044, qhySAeRP6DJLtkmbit1j, 2019-10-05 11:17:27, 2019-10-19 06:20:39
4045, HL6KouvjNeUw315e3Qk4, 2019-10-05 11:17:27, 2019-10-19 06:20:39
4046, C5F4EVs8xoYNN36X978P, 2019-10-05 11:17:27, 2019-10-19 06:20:39
4047, gL6XgVHD8ZEci0issCf5, 2019-10-05 11:17:27, 2019-10-19 06:20:39
4048, hSSAVpH7deiiQjTIi3Bj, 2019-10-05 11:17:27, 2019-10-19 06:20:39
4049, ew365bFhPWt9CyyGqPRQ, 2019-10-05 11:17:27, 2019-10-19 06:20:39
4050, 84vDzcYwSRumuUl8oRu8, 2019-10-05 11:17:27, 2019-10-19 06:20:39
4051, zdwGGLvHOfwJPJUrV0Dt, 2019-10-05 11:17:27, 2019-10-19 06:20:39
4052, xfw9AESAGcwid0KA7h2t, 2019-10-05 11:17:27, 2019-10-19 06:20:39
4053, kDKbAZnRV5hw60Y3Vs1b, 2019-10-05 11:17:27, 2019-10-19 06:20:39
4054, eA0OmBonKey0quzHkJQW, 2019-10-05 11:17:27, 2019-10-19 06:20:39
4055, 0i0BjhOZoa97gH0VjLxb, 2019-10-05 11:17:27, 2019-10-19 06:20:39
4056, 3R2tx3OFt4hRRKqptDn1, 2019-10-05 11:17:27, 2019-10-19 06:20:39
4057, 65yPZUa4gaJCLlub7m48, 2019-10-05 11:17:27, 2019-10-19 06:20:39
4058, zLRiFpv6uKqqdSjS2aC3, 2019-10-05 11:17:27, 2019-10-19 06:20:40
4059, iW67P1OE39Dii37j4Ve1, 2019-10-05 11:17:27, 2019-10-19 06:20:40
4060, AwKlIN2Ip0Dno35k0g0b, 2019-10-05 11:17:27, 2019-10-19 06:20:40
4061, 6gTzrzS5b6RXYfAn79tC, 2019-10-05 11:17:27, 2019-10-19 06:20:40
4062, vTiY4I4fkVgqChoUsnLn, 2019-10-05 11:17:27, 2019-10-19 06:20:40
4063, iIJpJG9tEIwUVJyh9rri, 2019-10-05 11:17:27, 2019-10-19 06:20:40
4064, 62r7hb57rvbLaiKn8DR0, 2019-10-05 11:17:27, 2019-10-19 06:20:40
4065, c6R6mIJAqCUZgR9SjP92, 2019-10-05 11:17:27, 2019-10-19 06:20:40
4066, IVOtHxnUgAqQoe2jVqww, 2019-10-05 11:17:27, 2019-10-19 06:20:40
4067, CJ1wbIEG9TQw6t3XH2rw, 2019-10-05 11:17:27, 2019-10-19 06:20:40
4068, D6575q1cTxqWb4RNyzQT, 2019-10-05 11:17:27, 2019-10-19 06:20:40
4069, 7BCFqTIks7vHoC0wCsD8, 2019-10-05 11:17:27, 2019-10-19 06:20:40
4070, baRTiPZfmAztusGG0CZ7, 2019-10-05 11:17:27, 2019-10-19 06:20:40
4071, k1RYWV9i03JBDuyHs0KF, 2019-10-05 11:17:27, 2019-10-19 06:20:40
4072, mt3FkCrho5iIJ3tCOqWU, 2019-10-05 11:17:27, 2019-10-19 06:20:40
4073, gOxzQWBWNBvIqPr87z1i, 2019-10-05 11:17:27, 2019-10-19 06:20:40
4074, JmyS8mRXwAxDlX0jK3x1, 2019-10-05 11:17:27, 2019-10-19 06:20:40
4075, ota0ICVqGgie4FbHmubw, 2019-10-05 11:17:27, 2019-10-19 06:20:40
4076, fpNDd5QlCSFEmYjAKTEt, 2019-10-05 11:17:27, 2019-10-19 06:20:40
4077, unjP4zClYBr81DfYROcC, 2019-10-05 11:17:27, 2019-10-19 06:20:40
4078, OlYNec3WTd71EZVIdjsT, 2019-10-05 11:17:27, 2019-10-19 06:20:40
4079, mAmE6n7xgo2dATg6OHoF, 2019-10-05 11:17:27, 2019-10-19 06:20:40
4080, 9mkzhgcKnBaxzmLWlXsZ, 2019-10-05 11:17:27, 2019-10-19 06:20:40
4081, wv9pDpKIvmRJC4ogQhqo, 2019-10-05 11:17:27, 2019-10-19 06:20:40
4082, 4UVmzfSOUawq54psbUKz, 2019-10-05 11:17:27, 2019-10-19 06:20:40
4083, ePXdhKgaguZNg6OOZCjt, 2019-10-05 11:17:27, 2019-10-19 06:20:40
4084, XngOBFRquhpGjGW9l89V, 2019-10-05 11:17:27, 2019-10-19 06:20:40
4085, sHZnk74uLD6nIwg9GfPj, 2019-10-05 11:17:27, 2019-10-19 06:20:40
4086, olxwhOmYbj99B8UeHJxA, 2019-10-05 11:17:27, 2019-10-19 06:20:40
4087, yWZz3jqUqS36nBmL0311, 2019-10-05 11:17:27, 2019-10-19 06:20:40
4088, U5l62MDPsH7sqGccz7PK, 2019-10-05 11:17:27, 2019-10-19 06:20:40
4089, dOxzF2kNb5qYMSiu8g0D, 2019-10-05 11:17:27, 2019-10-19 06:20:40
4090, Voi851lNWhgiqxYrC5Cl, 2019-10-05 11:17:27, 2019-10-19 06:20:40
4091, XJ05fBmZoUz8RM4dHJQ8, 2019-10-05 11:17:27, 2019-10-19 06:20:40
4092, k92p5hCe6GWfKE8MEXq0, 2019-10-05 11:17:27, 2019-10-19 06:20:40
4093, LQDOKILv207MHIrPTviw, 2019-10-05 11:17:27, 2019-10-19 06:20:40
4094, s5JyAYc2ulmasLNza6bv, 2019-10-05 11:17:27, 2019-10-19 06:20:40
4095, qq9cKAgNYwWYDkTiVQfm, 2019-10-05 11:17:27, 2019-10-19 06:20:40
4096, dtHzYHyVrn5NXNHD6r8a, 2019-10-05 11:17:27, 2019-10-19 06:20:40
4097, SyHcYZDbwLvdX5rBS79Z, 2019-10-05 11:17:27, 2019-10-19 06:20:40
4098, FU8S2zvXt16mHKmPQIVP, 2019-10-05 11:17:27, 2019-10-19 06:20:40
4099, xW7iq0qm903rNuYEpEcf, 2019-10-05 11:17:27, 2019-10-19 06:20:40
4100, LnKTnorZpHVelcJfLdsU, 2019-10-05 11:17:27, 2019-10-19 06:20:40
4101, kzNLx203px2qDaIXF6pt, 2019-10-05 11:17:27, 2019-10-19 06:20:40
4102, v4z1usmXPhhkbIXuzufu, 2019-10-05 11:17:27, 2019-10-19 06:20:40
4103, IjzwjADpNLoF3ErmMQH2, 2019-10-05 11:17:27, 2019-10-19 06:20:40
4104, NW5AeVYOkJmh5LbCnHBS, 2019-10-05 11:17:27, 2019-10-19 06:20:40
4105, 4KqX0eFXOhW26bFBHv7S, 2019-10-05 11:17:27, 2019-10-19 06:20:40
4106, kQPmSMvsjD60Uzcm1vAL, 2019-10-05 11:17:27, 2019-10-19 06:20:40
4107, VclkPtfGH6592PtKZfmR, 2019-10-05 11:17:27, 2019-10-19 06:20:40
4108, RwkatiqLLAfE2HJIEK4h, 2019-10-05 11:17:27, 2019-10-19 06:20:40
4109, XAayxhkUcgOILa6ci5zk, 2019-10-05 11:17:27, 2019-10-19 06:20:40
4110, kstfwO9zXB6mvbvqwwn6, 2019-10-05 11:17:27, 2019-10-19 06:20:40
4111, oEJtp0KoNU92xur0Z0Eo, 2019-10-05 11:17:27, 2019-10-19 06:20:40
4112, FaZBp5GpGRwZD6oJvPgv, 2019-10-05 11:17:27, 2019-10-19 06:20:40
4113, hedAk2ADRJDXb7YeKj14, 2019-10-05 11:17:27, 2019-10-19 06:20:40
4114, f2Ag4CjYvmCwS1eN1qYN, 2019-10-05 11:17:27, 2019-10-19 06:20:40
4115, gMHIc15jDk7HT44sV23N, 2019-10-05 11:17:27, 2019-10-19 06:20:40
4116, Imi55ppL9PxbrMnQq1Ln, 2019-10-05 11:17:27, 2019-10-19 06:20:40
4117, 4pIv59TfVBbwsFYIEESe, 2019-10-05 11:17:27, 2019-10-19 06:20:40
4118, IwI91BKtDC59roBrOIjv, 2019-10-05 11:17:27, 2019-10-19 06:20:40
4119, fhIxaYg80g8HiGiYKdbD, 2019-10-05 11:17:27, 2019-10-19 06:20:40
4120, mE9LkPlNQYqvGloB9a5o, 2019-10-05 11:17:27, 2019-10-19 06:20:40
4121, 8s0yQ33R1SZvCILAbvIL, 2019-10-05 11:17:27, 2019-10-19 06:20:40
4122, LkBLlKuqZMHfUe1EwGAi, 2019-10-05 11:17:27, 2019-10-19 06:20:40
4123, 6nWN3OorwfOoDBZcfV3B, 2019-10-05 11:17:27, 2019-10-19 06:20:40
4124, C5tFQr4aKjFWgmfu2I3m, 2019-10-05 11:17:27, 2019-10-19 06:20:40
4125, kCBAPtR1OpZcjy6c7Vq9, 2019-10-05 11:17:27, 2019-10-19 06:20:40
4126, pWBJNRnJ2jwn82XrA6qY, 2019-10-05 11:17:27, 2019-10-19 06:20:40
4127, rM8HRCZOa67sgMfmUDzB, 2019-10-05 11:17:27, 2019-10-19 06:20:40
4128, SmaG2DcBOzrJuk0G2ypO, 2019-10-05 11:17:27, 2019-10-19 06:20:40
4129, CS39PDcdpodn8Ee1rEzB, 2019-10-05 11:17:27, 2019-10-19 06:20:40
4130, yJoun3CUpNJDR8YuyVDk, 2019-10-05 11:17:27, 2019-10-19 06:20:40
4131, 4KMj3x2ScDG3OLokDR8U, 2019-10-05 11:17:27, 2019-10-19 06:20:40
4132, UFxhe1riDuEkID6lZYiP, 2019-10-05 11:17:27, 2019-10-19 06:20:40
4133, j2tefrYKj5LNB9m2wbth, 2019-10-05 11:17:27, 2019-10-19 06:20:40
4134, ONm07OmbLQ9kLE8jfWDw, 2019-10-05 11:17:27, 2019-10-19 06:20:40
4135, 064cxpLIO4re2tqrv8Qj, 2019-10-05 11:17:27, 2019-10-19 06:20:40
4136, wX8kKP3WG9QTDO5mcB3C, 2019-10-05 11:17:27, 2019-10-19 06:20:40
4137, DWjI4fQO5Kk1G49f3PgD, 2019-10-05 11:17:27, 2019-10-19 06:20:40
4138, Og6DheHwJ1NaLoRDfeKT, 2019-10-05 11:17:27, 2019-10-19 06:20:40
4139, xoR7Xbj2bUt1bkAZQxqq, 2019-10-05 11:17:27, 2019-10-19 06:20:40
4140, taxXjbWVSunjaNbyncJ9, 2019-10-05 11:17:27, 2019-10-19 06:20:40
4141, w17tLsW5g0JUeVT7DVtz, 2019-10-05 11:17:27, 2019-10-19 06:20:40
4142, iLH2KsTigi6i325aJGrN, 2019-10-05 11:17:27, 2019-10-19 06:20:40
4143, LUQBYCQYh7iYDebNP88u, 2019-10-05 11:17:27, 2019-10-19 06:20:40
4144, srK97HXMmqJB1KzpPuYn, 2019-10-05 11:17:27, 2019-10-19 06:20:40
4145, dcmt24icex8HZE1gLqts, 2019-10-05 11:17:27, 2019-10-19 06:20:40
4146, L23otMYRtbi56mb7WE30, 2019-10-05 11:17:27, 2019-10-19 06:20:40
4147, H67kBEJy8YGhA1fuYZkU, 2019-10-05 11:17:27, 2019-10-19 06:20:40
4148, JUavapLiwHRlMl4RqhnS, 2019-10-05 11:17:27, 2019-10-19 06:20:40
4149, lya9x2cgHEGTePsEWNkK, 2019-10-05 11:17:27, 2019-10-19 06:20:40
4150, s0Hk2wvcrqbrhMTt1Ha3, 2019-10-05 11:17:27, 2019-10-19 06:20:40
4151, bAmpeYTyXj7HZbkhQzu6, 2019-10-05 11:17:27, 2019-10-19 06:20:40
4152, QBsNoDYoxC9riG3VNZUA, 2019-10-05 11:17:27, 2019-10-19 06:20:40
4153, KmPBfDuVuaJ7WE04iFas, 2019-10-05 11:17:27, 2019-10-19 06:20:40
4154, AgPgZa9TnqTclPE28oCO, 2019-10-05 11:17:27, 2019-10-19 06:20:40
4155, 8LLUSV1fX71Zt4tvm8S3, 2019-10-05 11:17:27, 2019-10-19 06:20:40
4156, TI3kGC27BcN9m5sLEujH, 2019-10-05 11:17:27, 2019-10-19 06:20:40
4157, 3d8M3NRFDupNml9KkF1k, 2019-10-05 11:17:27, 2019-10-19 06:20:40
4158, abunrtQ3Jg2RUEXVwiE3, 2019-10-05 11:17:27, 2019-10-19 06:20:40
4159, SYyq80C53VUnIOo1AQG6, 2019-10-05 11:17:27, 2019-10-19 06:20:40
4160, n1LJDvM8NEBm5IX4HPnB, 2019-10-05 11:17:27, 2019-10-19 06:20:40
4161, F8adIo9cZLKDBm7bSg9l, 2019-10-05 11:17:27, 2019-10-19 06:20:40
4162, nRl6kcKXu2sgrJ72flJH, 2019-10-05 11:17:27, 2019-10-19 06:20:40
4163, LV23KQCZOCRrvHKe8Lgo, 2019-10-05 11:17:27, 2019-10-19 06:20:40
4164, PYNIyEEj56ze0VMAzj9G, 2019-10-05 11:17:27, 2019-10-19 06:20:40
4165, fSX5R6YROXcKoZOWkuh3, 2019-10-05 11:17:27, 2019-10-19 06:20:40
4166, 3GaBFLMY1Sso7kCzpM9H, 2019-10-05 11:17:27, 2019-10-19 06:20:40
4167, LJpzN4C0rGjXeiFYqUou, 2019-10-05 11:17:27, 2019-10-19 06:20:40
4168, blvUyuojAiAarzrHEGLV, 2019-10-05 11:17:27, 2019-10-19 06:20:40
4169, bUcSpXxb3lzmcHW6pb6F, 2019-10-05 11:17:27, 2019-10-19 06:20:40
4170, k08yOQofEWbbNG70LQyy, 2019-10-05 11:17:27, 2019-10-19 06:20:40
4171, 4RyfiPzB68Bt1tfww2nd, 2019-10-05 11:17:27, 2019-10-19 06:20:40
4172, xMRCz5pKmLZNsfZ6aPd5, 2019-10-05 11:17:27, 2019-10-19 06:20:40
4173, y2lCQhu8Ozlb7bRwVosM, 2019-10-05 11:17:27, 2019-10-19 06:20:40
4174, q8J0okZvuIPEflfArq3w, 2019-10-05 11:17:27, 2019-10-19 06:20:40
4175, vEEBrGalPT5LGeZTNqrl, 2019-10-05 11:17:27, 2019-10-19 06:20:40
4176, Lkro4Eed8z60a5Z423j6, 2019-10-05 11:17:27, 2019-10-19 06:20:40
4177, czvLLdX9NrlhOlUMQStP, 2019-10-05 11:17:27, 2019-10-19 06:20:40
4178, d3ehADznKBlt82ctyHiP, 2019-10-05 11:17:27, 2019-10-19 06:20:40
4179, iyYK75rLaHleNOCLSpUC, 2019-10-05 11:17:27, 2019-10-19 06:20:40
4180, t3cM9alkmQ5PX1GlJJga, 2019-10-05 11:17:27, 2019-10-19 06:20:41
4181, Sxt8Xz740gOlm2l6sDxO, 2019-10-05 11:17:27, 2019-10-19 06:20:41
4182, phPbQgAgDS6pm2O7CB0R, 2019-10-05 11:17:27, 2019-10-19 06:20:41
4183, 0aJ86wSy1GaKnHA8bdxA, 2019-10-05 11:17:27, 2019-10-19 06:20:41
4184, tHk9Ez5phnSvHMkR4sto, 2019-10-05 11:17:27, 2019-10-19 06:20:41
4185, 17YqvOSWGRcGHX9u7Sj2, 2019-10-05 11:17:27, 2019-10-19 06:20:41
4186, 8gYWZs7syoZr1RyXdmHg, 2019-10-05 11:17:27, 2019-10-19 06:20:41
4187, gPSNwHVo0OzBLWsklnjV, 2019-10-05 11:17:27, 2019-10-19 06:20:41
4188, h31LPxtcj5IisUujCSws, 2019-10-05 11:17:27, 2019-10-19 06:20:41
4189, vdA3xyy0QcikrEfN9xeM, 2019-10-05 11:17:27, 2019-10-19 06:20:41
4190, ayDVmWT2Ednas9vpXu4e, 2019-10-05 11:17:27, 2019-10-19 06:20:41
4191, YRZ1M7UCZolJnG5ql6qa, 2019-10-05 11:17:27, 2019-10-19 06:20:41
4192, ojyPos8ACfjQPpK0IvEX, 2019-10-05 11:17:27, 2019-10-19 06:20:41
4193, KKunG6nDNXCQ5NIs2bpS, 2019-10-05 11:17:27, 2019-10-19 06:20:41
4194, qgSJo9BvfAIWws2gwVAz, 2019-10-05 11:17:27, 2019-10-19 06:20:41
4195, aRixIrL3HNDCubS4HDiS, 2019-10-05 11:17:27, 2019-10-19 06:20:41
4196, olzfq5wTNtLNbosCJdQw, 2019-10-05 11:17:27, 2019-10-19 06:20:41
4197, pWrGSrQiGd7DYY0XvXgc, 2019-10-05 11:17:27, 2019-10-19 06:20:41
4198, XYdXoM6q7V6LLlzK1wxB, 2019-10-05 11:17:27, 2019-10-19 06:20:41
4199, bxeV8ujHNCk9Qvo00aiJ, 2019-10-05 11:17:27, 2019-10-19 06:20:41
4200, 1oOSDz1bXTBLTr1j1Hkf, 2019-10-05 11:17:27, 2019-10-19 06:20:41
4201, 40YtoYdWAgUmaycQSn4Q, 2019-10-05 11:17:27, 2019-10-19 06:20:41
4202, DEQgWNmXIZmjgvPnavQm, 2019-10-05 11:17:27, 2019-10-19 06:20:41
4203, HUC4aIcIPmXkGRivoOhL, 2019-10-05 11:17:27, 2019-10-19 06:20:41
4204, cfPpVpm5nN0jcOrWoyqm, 2019-10-05 11:17:27, 2019-10-19 06:20:41
4205, 78TicNZWgRQKDIPMiYRW, 2019-10-05 11:17:27, 2019-10-19 06:20:41
4206, XaU1QVDQG667xJsqxFrx, 2019-10-05 11:17:27, 2019-10-19 06:20:41
4207, NtSzS4VB7cshaHYo9J6j, 2019-10-05 11:17:27, 2019-10-19 06:20:41
4208, gRpxeEeBbFuQsclSLKW9, 2019-10-05 11:17:27, 2019-10-19 06:20:41
4209, MYILQDDzFWu9P5ibwvRB, 2019-10-05 11:17:27, 2019-10-19 06:20:41
4210, 2utE3YI19U99eB7k900L, 2019-10-05 11:17:27, 2019-10-19 06:20:41
4211, iGjyoluWVwdzlHmAgtJS, 2019-10-05 11:17:27, 2019-10-19 06:20:41
4212, qbtRdeQLdc23CUdBgRbv, 2019-10-05 11:17:27, 2019-10-19 06:20:41
4213, C1wsLVxepyl3eMfhQzgw, 2019-10-05 11:17:27, 2019-10-19 06:20:41
4214, d8NeWO3mNvQjzNDAfnbG, 2019-10-05 11:17:27, 2019-10-19 06:20:41
4215, OhbvL93Ko4N7UAvoCFMF, 2019-10-05 11:17:27, 2019-10-19 06:20:41
4216, egVWaA8tE83iulySUcmT, 2019-10-05 11:17:27, 2019-10-19 06:20:41
4217, USW2JMhOlf7AIE9HcrA3, 2019-10-05 11:17:27, 2019-10-19 06:20:41
4218, k3DSSFWUtGuB98CEL4H4, 2019-10-05 11:17:27, 2019-10-19 06:20:41
4219, zf4Nkok03nxhB7o86Vlk, 2019-10-05 11:17:27, 2019-10-19 06:20:41
4220, uo35IwVT2OqJF53eNWPY, 2019-10-05 11:17:27, 2019-10-19 06:20:41
4221, vTHr3tcTJ9wR5zCwXKx8, 2019-10-05 11:17:27, 2019-10-19 06:20:41
4222, apVGszxuUJefAPlgbcOY, 2019-10-05 11:17:27, 2019-10-19 06:20:41
4223, 1L8ldVFYkIxh9iqBz3r1, 2019-10-05 11:17:27, 2019-10-19 06:20:41
4224, ZQU9jZNJZQuMxVLyz8AX, 2019-10-05 11:17:27, 2019-10-19 06:20:41
4225, HwkdXnRA4n7y91sYZFib, 2019-10-05 11:17:27, 2019-10-19 06:20:41
4226, Nc1VLbY64YCXHdnx97Is, 2019-10-05 11:17:27, 2019-10-19 06:20:41
4227, jsc2UFfNuEVdEXNICGOV, 2019-10-05 11:17:27, 2019-10-19 06:20:41
4228, Embb9Ogk7FVYBk3I5YVb, 2019-10-05 11:17:27, 2019-10-19 06:20:41
4229, HpaWTh4WwEIezf9gR10h, 2019-10-05 11:17:27, 2019-10-19 06:20:41
4230, UhICYS3lXJf7Rt0JpEUd, 2019-10-05 11:17:27, 2019-10-19 06:20:41
4231, QiutNmqxuSq6kDj7IyNQ, 2019-10-05 11:17:27, 2019-10-19 06:20:41
4232, 7PrskJJGumilU1OXQhVI, 2019-10-05 11:17:27, 2019-10-19 06:20:41
4233, 5ucVcenszIRv5sN3oSA0, 2019-10-05 11:17:27, 2019-10-19 06:20:41
4234, MgGGdy2pIi2pDmpT11qU, 2019-10-05 11:17:27, 2019-10-19 06:20:41
4235, yNWBO0P3CtK2JvHsCB84, 2019-10-05 11:17:27, 2019-10-19 06:20:41
4236, 8ixJVsWkRUTabJHy5QKn, 2019-10-05 11:17:27, 2019-10-19 06:20:41
4237, rW1rdFM6IMyUNZwwaeiE, 2019-10-05 11:17:27, 2019-10-19 06:20:41
4238, Wz5HMlRPKqtYZoRUrqSo, 2019-10-05 11:17:27, 2019-10-19 06:20:41
4239, VMe4Tw6IL1EoIPLnXP8C, 2019-10-05 11:17:27, 2019-10-19 06:20:41
4240, fWeqAvpO9BLcYVPhjNBk, 2019-10-05 11:17:27, 2019-10-19 06:20:41
4241, 9H3TAopaqvhmIh2BSXdr, 2019-10-05 11:17:27, 2019-10-19 06:20:41
4242, vpguGnCMu5QBxfu3tMwx, 2019-10-05 11:17:27, 2019-10-19 06:20:41
4243, yKrSdW7HCfX0IuCrqmZr, 2019-10-05 11:17:27, 2019-10-19 06:20:41
4244, mMtt07k18lXebcpHyC4C, 2019-10-05 11:17:27, 2019-10-19 06:20:41
4245, yR9kzEDbn4JUagvIMBcq, 2019-10-05 11:17:27, 2019-10-19 06:20:41
4246, cBVNirfynJqoiCYKP4hi, 2019-10-05 11:17:27, 2019-10-19 06:20:41
4247, Vbxk7RjI5HGG7OeZszFb, 2019-10-05 11:17:27, 2019-10-19 06:20:41
4248, eKcpYqpmFRzuzjiUMFyC, 2019-10-05 11:17:27, 2019-10-19 06:20:41
4249, nK99Wu6MgEC4SyCqsYpX, 2019-10-05 11:17:27, 2019-10-19 06:20:41
4250, P4p4kUIDtKBlJ0lBX0ot, 2019-10-05 11:17:27, 2019-10-19 06:20:41
4251, yCmwSOo8atsZWApj85lq, 2019-10-05 11:17:27, 2019-10-19 06:20:41
4252, SqUF4qAhyhwSUJ9EqXKq, 2019-10-05 11:17:27, 2019-10-19 06:20:41
4253, 14a0za4WtBJ3xh2jh49r, 2019-10-05 11:17:27, 2019-10-19 06:20:41
4254, VDMc4MfJcisyvSu9Asji, 2019-10-05 11:17:27, 2019-10-19 06:20:41
4255, MQudlF3Lp6bapaCW5VdN, 2019-10-05 11:17:27, 2019-10-19 06:20:41
4256, E48MZ8R4fRUbcD7UVXZp, 2019-10-05 11:17:27, 2019-10-19 06:20:41
4257, 53XY8RwtiCPpzN8aCF5B, 2019-10-05 11:17:27, 2019-10-19 06:20:41
4258, lIpRvz9SaIX0yotLdngr, 2019-10-05 11:17:27, 2019-10-19 06:20:41
4259, 04RQkQSC8rnBiUQgnxXZ, 2019-10-05 11:17:27, 2019-10-19 06:20:41
4260, gdWkjMkHcWVJiM9nX7dd, 2019-10-05 11:17:27, 2019-10-19 06:20:41
4261, UgyfIJxIdYYdVo41KPmq, 2019-10-05 11:17:27, 2019-10-19 06:20:41
4262, VTfdbSRNUsUxFQKiwjvR, 2019-10-05 11:17:27, 2019-10-19 06:20:41
4263, ezzoZDHyZOidsKUSFnYu, 2019-10-05 11:17:27, 2019-10-19 06:20:41
4264, qOLOCi0H4ZlxbqRVw2cw, 2019-10-05 11:17:27, 2019-10-19 06:20:41
4265, Yu9HNUmuLS23vpnzuhFB, 2019-10-05 11:17:27, 2019-10-19 06:20:41
4266, VqWN4VlnSDiPyjavqX8V, 2019-10-05 11:17:27, 2019-10-19 06:20:41
4267, ZczELN5zjSaNZCLG4z5V, 2019-10-05 11:17:27, 2019-10-19 06:20:41
4268, 44mXi5ZdGHuyUsNlhgEm, 2019-10-05 11:17:27, 2019-10-19 06:20:41
4269, CfNyHEBUvOVkqwZZoX4f, 2019-10-05 11:17:27, 2019-10-19 06:20:41
4270, HtmGi6J2gSKV7oxue9t4, 2019-10-05 11:17:27, 2019-10-19 06:20:41
4271, 4MHA7ML23Kn9Nb91C6AB, 2019-10-05 11:17:27, 2019-10-19 06:20:41
4272, HRHmi0WZo9wBM2Rjw3ol, 2019-10-05 11:17:27, 2019-10-19 06:20:41
4273, 7J2xiXW8a86js5k7Ihjj, 2019-10-05 11:17:27, 2019-10-19 06:20:41
4274, sTkV9AAjApyoRs8xhvxu, 2019-10-05 11:17:27, 2019-10-19 06:20:41
4275, znUWOvywXgjYgBgcLC9P, 2019-10-05 11:17:27, 2019-10-19 06:20:41
4276, NUd9ZJNH93QfpfyDei1S, 2019-10-05 11:17:27, 2019-10-19 06:20:41
4277, vHQaXaOjtSLcwaFB3hBR, 2019-10-05 11:17:27, 2019-10-19 06:20:41
4278, 55EPucJgcYdmXsVrxUaP, 2019-10-05 11:17:27, 2019-10-19 06:20:41
4279, unkaF6gt4g8QMacZWqR9, 2019-10-05 11:17:27, 2019-10-19 06:20:41
4280, CaUBAt9L6H2MaZ3knFe7, 2019-10-05 11:17:27, 2019-10-19 06:20:41
4281, egsEgSlujCM7tO5FzCS6, 2019-10-05 11:17:27, 2019-10-19 06:20:41
4282, VyQlkqMnE53uaLzdqhlO, 2019-10-05 11:17:27, 2019-10-19 06:20:41
4283, Comz7xEBvgqq9qopzoAI, 2019-10-05 11:17:27, 2019-10-19 06:20:41
4284, b6YBD7lyrKTid8KH0JjO, 2019-10-05 11:17:27, 2019-10-19 06:20:41
4285, CAF7TvyrCoy1aMLJqc1B, 2019-10-05 11:17:27, 2019-10-19 06:20:41
4286, fpKvCPwohphR2BTuH1BB, 2019-10-05 11:17:27, 2019-10-19 06:20:41
4287, 6S690CJ2YDMWZXavJTAK, 2019-10-05 11:17:27, 2019-10-19 06:20:41
4288, ga3zSCQoSbAcLNvRUiKR, 2019-10-05 11:17:27, 2019-10-19 06:20:41
4289, 7HKb7R1LGRuHIHJLHw4E, 2019-10-05 11:17:27, 2019-10-19 06:20:41
4290, 6vLUBW49Z87p5Nrn7vRg, 2019-10-05 11:17:27, 2019-10-19 06:20:41
4291, W3dwwC33GEaCAlb7bbTT, 2019-10-05 11:17:27, 2019-10-19 06:20:41
4292, xjhimYeCxe4aHUHVynAm, 2019-10-05 11:17:27, 2019-10-19 06:20:41
4293, 3GklvxYeoLKkuqiMuOsi, 2019-10-05 11:17:27, 2019-10-19 06:20:41
4294, re67L64iRetewDuxghwK, 2019-10-05 11:17:27, 2019-10-19 06:20:41
4295, 2d1nKeHpYxUBnz3dG4Rm, 2019-10-05 11:17:27, 2019-10-19 06:20:41
4296, Sbgc4EmCVHVhRN787vGj, 2019-10-05 11:17:27, 2019-10-19 06:20:41
4297, p3axB9yYxALcKhYtYEDr, 2019-10-05 11:17:27, 2019-10-19 06:20:41
4298, yglDWLmJ9WTuQwLAFc6j, 2019-10-05 11:17:27, 2019-10-19 06:20:41
4299, FqvEmFaZmQjhCpDVTB5j, 2019-10-05 11:17:27, 2019-10-19 06:20:41
4300, HWfSBiDLK4HNbjvU2yOz, 2019-10-05 11:17:27, 2019-10-19 06:20:41
4301, OqT2WOmVtldk1dossqbl, 2019-10-05 11:17:27, 2019-10-19 06:20:41
4302, AUhACdpCVGSMjvoHliGJ, 2019-10-05 11:17:27, 2019-10-19 06:20:41
4303, LICuRT7fZJJ1smKYMGO9, 2019-10-05 11:17:27, 2019-10-19 06:20:41
4304, vIDU4tU6fjSHl5IX8xtZ, 2019-10-05 11:17:27, 2019-10-19 06:20:41
4305, 5dmu5CfblA3spApyVtJb, 2019-10-05 11:17:27, 2019-10-19 06:20:41
4306, TbvDP8TzIpZuQ8DcN7IT, 2019-10-05 11:17:27, 2019-10-19 06:20:41
4307, 08Gn4ElZ4IVQF6KB6juN, 2019-10-05 11:17:27, 2019-10-19 06:20:41
4308, E9hwwUP3vbhVCUyJeZ5U, 2019-10-05 11:17:27, 2019-10-19 06:20:41
4309, O4obGUdhMGxilz2dLD6v, 2019-10-05 11:17:27, 2019-10-19 06:20:41
4310, DOVpd9cDnTT5qeKHOB0Z, 2019-10-05 11:17:27, 2019-10-19 06:20:42
4311, bu5C2x4jImFAjPkWJeqW, 2019-10-05 11:17:27, 2019-10-19 06:20:42
4312, etqRAE0xrMvDZdyBGmDe, 2019-10-05 11:17:27, 2019-10-19 06:20:42
4313, CupBob7DRmYlK7hcrjZo, 2019-10-05 11:17:27, 2019-10-19 06:20:42
4314, 2HFamYJb7TFY8bLW9Rnz, 2019-10-05 11:17:27, 2019-10-19 06:20:42
4315, HUg2mr1CqCURuaKtGgMs, 2019-10-05 11:17:27, 2019-10-19 06:20:42
4316, 6eRS4DuRw9nEl18Ny2iu, 2019-10-05 11:17:27, 2019-10-19 06:20:42
4317, NjCtFFKU6wMeETDsiRoc, 2019-10-05 11:17:27, 2019-10-19 06:20:42
4318, VM60hmdXQ9MKtvZydy6Y, 2019-10-05 11:17:27, 2019-10-19 06:20:42
4319, IRXpZpDDxi8z8H9WRxdb, 2019-10-05 11:17:27, 2019-10-19 06:20:42
4320, 9kfpfMsrLnGhIUYyjOQV, 2019-10-05 11:17:27, 2019-10-19 06:20:42
4321, NRSKYnYICDbNTOl9Uz5q, 2019-10-05 11:17:27, 2019-10-19 06:20:42
4322, 0fMUfcWWiu6Nn0mvCSbn, 2019-10-05 11:17:27, 2019-10-19 06:20:42
4323, 7AjGNhJiKIe7O5oOsYqe, 2019-10-05 11:17:27, 2019-10-19 06:20:42
4324, Dx50MUEsIPRaGk4exxvk, 2019-10-05 11:17:27, 2019-10-19 06:20:42
4325, yoKvWFnBSFZMBcftVSko, 2019-10-05 11:17:27, 2019-10-19 06:20:42
4326, ixjxXJ7Q7Gd6OrwvUL5L, 2019-10-05 11:17:27, 2019-10-19 06:20:42
4327, ZIranBT8IDkH5SGyoqsd, 2019-10-05 11:17:27, 2019-10-19 06:20:42
4328, TJyPBtWme01BXvPcDZrR, 2019-10-05 11:17:27, 2019-10-19 06:20:42
4329, KfgSEkqEZnBSapUBa4P0, 2019-10-05 11:17:27, 2019-10-19 06:20:42
4330, ZNA0LdGBWfkzpKy7novA, 2019-10-05 11:17:27, 2019-10-19 06:20:42
4331, BGQt5SNkt6acszgwHc1I, 2019-10-05 11:17:27, 2019-10-19 06:20:42
4332, SN611bRH0CFjsHFURmH4, 2019-10-05 11:17:27, 2019-10-19 06:20:42
4333, h9CH01DE4L6Kr27CKB9d, 2019-10-05 11:17:27, 2019-10-19 06:20:42
4334, ay5UTH6MIavgpYZHX9on, 2019-10-05 11:17:27, 2019-10-19 06:20:42
4335, mInbK5cl4s8BdYVTjA7p, 2019-10-05 11:17:27, 2019-10-19 06:20:42
4336, SevxcZuHq3X0PycZFBv9, 2019-10-05 11:17:27, 2019-10-19 06:20:42
4337, dyfM8sH6H6A7AlPgVdAN, 2019-10-05 11:17:27, 2019-10-19 06:20:42
4338, KoLTXpQfIBHb9o6ZhDyZ, 2019-10-05 11:17:27, 2019-10-19 06:20:42
4339, igi3RNlVSadcO5Oc8rNJ, 2019-10-05 11:17:27, 2019-10-19 06:20:42
4340, q9Dv6bgI2H8KHB9RGtr1, 2019-10-05 11:17:27, 2019-10-19 06:20:42
4341, 9ByHNORDFJDgtodpqPDP, 2019-10-05 11:17:27, 2019-10-19 06:20:42
4342, 37pbcMXDGDXqpwtQie7r, 2019-10-05 11:17:27, 2019-10-19 06:20:42
4343, 0AGarIvh5f8lRsw28qR5, 2019-10-05 11:17:27, 2019-10-19 06:20:42
4344, 7aUGLernoQoI1N6DkIpM, 2019-10-05 11:17:27, 2019-10-19 06:20:42
4345, VVUGPfphaceMKybjtM3s, 2019-10-05 11:17:27, 2019-10-19 06:20:42
4346, f1ypLhRgannKT9kX2Z89, 2019-10-05 11:17:27, 2019-10-19 06:20:42
4347, mP23EfWbHa9e5JkCFcNV, 2019-10-05 11:17:27, 2019-10-19 06:20:42
4348, V1vIheH8YsAFZLKb7vuR, 2019-10-05 11:17:27, 2019-10-19 06:20:42
4349, aX1M3wOvnPcYKuV9h016, 2019-10-05 11:17:27, 2019-10-19 06:20:42
4350, UNGj66vlGJgAJ0qW1jJJ, 2019-10-05 11:17:27, 2019-10-19 06:20:42
4351, 1ekixMLhrwa2IrR2Ctol, 2019-10-05 11:17:27, 2019-10-19 06:20:42
4352, 6PsneM1mEJWjconcA50j, 2019-10-05 11:17:27, 2019-10-19 06:20:42
4353, GG3IP1ow7S187TksIRup, 2019-10-05 11:17:27, 2019-10-19 06:20:42
4354, DTYsNpLxqu3Cyc9s57fA, 2019-10-05 11:17:27, 2019-10-19 06:20:42
4355, pHbN3SAR4bCV3FYBlhNv, 2019-10-05 11:17:27, 2019-10-19 06:20:42
4356, RPazV2GaNvlq6UEvzsVQ, 2019-10-05 11:17:27, 2019-10-19 06:20:42
4357, JmP5uKMr7k8u085mFtth, 2019-10-05 11:17:27, 2019-10-19 06:20:42
4358, KqhScTBjmLuAbnAZNffB, 2019-10-05 11:17:27, 2019-10-19 06:20:42
4359, yTE6nOGQXiiyjDdJhXyw, 2019-10-05 11:17:27, 2019-10-19 06:20:42
4360, fl23FCb3qYf9hquTKc85, 2019-10-05 11:17:27, 2019-10-19 06:20:42
4361, iOuXYaSCyrrfwxEiLN84, 2019-10-05 11:17:27, 2019-10-19 06:20:42
4362, 98p6SEpj8NIT52elt1iR, 2019-10-05 11:17:27, 2019-10-19 06:20:42
4363, WVLvlqG2d5YIUVOe5dp4, 2019-10-05 11:17:27, 2019-10-19 06:20:42
4364, 6UOMagcapkSAjJeAORDd, 2019-10-05 11:17:27, 2019-10-19 06:20:42
4365, jkC5ZTbzMNuNNtjyCWv5, 2019-10-05 11:17:27, 2019-10-19 06:20:42
4366, 5Sk9frA4gr16vpn4ozrC, 2019-10-05 11:17:27, 2019-10-19 06:20:42
4367, 0lbfrR5hSCPGO6dRVHRG, 2019-10-05 11:17:27, 2019-10-19 06:20:42
4368, Cf19F4w5DIeqNPhr2ugU, 2019-10-05 11:17:27, 2019-10-19 06:20:42
4369, PweDomAnq6Zt9vbIfyYJ, 2019-10-05 11:17:27, 2019-10-19 06:20:42
4370, EI8QQUJ5tiIZe8SuP0Fh, 2019-10-05 11:17:27, 2019-10-19 06:20:42
4371, 4OMDjBUut7IsshN1Lxb1, 2019-10-05 11:17:27, 2019-10-19 06:20:42
4372, qieZv1P3O5khwl0WH8ud, 2019-10-05 11:17:27, 2019-10-19 06:20:42
4373, b0bkV0unVJqkAV7YeaF0, 2019-10-05 11:17:27, 2019-10-19 06:20:42
4374, PthgC9O2PagzmCNui0Qh, 2019-10-05 11:17:27, 2019-10-19 06:20:42
4375, Wa34HAJI8W8hdgG1jd9R, 2019-10-05 11:17:27, 2019-10-19 06:20:42
4376, KtQnulhLQRJMtkFxqpTQ, 2019-10-05 11:17:27, 2019-10-19 06:20:42
4377, UUwciZM1dZL9eFbZhYye, 2019-10-05 11:17:27, 2019-10-19 06:20:42
4378, iWvPaVENeSRsPfFbHFcV, 2019-10-05 11:17:27, 2019-10-19 06:20:42
4379, 6N2UWBaUjwfBJBZkGh1r, 2019-10-05 11:17:27, 2019-10-19 06:20:42
4380, txn21U1sJSAveWt2RWiK, 2019-10-05 11:17:27, 2019-10-19 06:20:42
4381, Fy9XU06P6a3Jl7rY6uad, 2019-10-05 11:17:27, 2019-10-19 06:20:42
4382, 1CppD2O1YRAAANIcWpYY, 2019-10-05 11:17:27, 2019-10-19 06:20:42
4383, KkUshDXXex8qhWs8xLKZ, 2019-10-05 11:17:27, 2019-10-19 06:20:42
4384, ADhAk1JfwlyGo4vDa8Yf, 2019-10-05 11:17:27, 2019-10-19 06:20:42
4385, 2ocOsLIiK6A1dTzY5TSP, 2019-10-05 11:17:27, 2019-10-19 06:20:42
4386, sK29aIWgFnJ7nj26mnAq, 2019-10-05 11:17:27, 2019-10-19 06:20:42
4387, ztEeZk4mu5Q6fQgfFSG7, 2019-10-05 11:17:27, 2019-10-19 06:20:42
4388, ccGXPmDOrvjgL7dS2rHS, 2019-10-05 11:17:27, 2019-10-19 06:20:42
4389, cB7cPzLCkeXtvfxokLGI, 2019-10-05 11:17:27, 2019-10-19 06:20:42
4390, eQkDAKNBIqEa2gcBkd2c, 2019-10-05 11:17:27, 2019-10-19 06:20:42
4391, CtpU23cgi16e7nY7XX1T, 2019-10-05 11:17:27, 2019-10-19 06:20:42
4392, NFWY0qFdVTereBSqS4H0, 2019-10-05 11:17:27, 2019-10-19 06:20:42
4393, O6j0yRT7ftWs3xK0bPIS, 2019-10-05 11:17:27, 2019-10-19 06:20:42
4394, k3uyJ6zGQ4bJeAnfiue4, 2019-10-05 11:17:27, 2019-10-19 06:20:42
4395, Ymc6rG8einFj8JG26cFW, 2019-10-05 11:17:27, 2019-10-19 06:20:42
4396, 77RcpGvrqCMuhdcZlOvZ, 2019-10-05 11:17:27, 2019-10-19 06:20:42
4397, JUGy8cZtXtufphbEWO15, 2019-10-05 11:17:27, 2019-10-19 06:20:42
4398, 0Zvmd4uFLWQzGWqozVvl, 2019-10-05 11:17:27, 2019-10-19 06:20:42
4399, pwfmYV1v3O6WBhC0Vl0k, 2019-10-05 11:17:27, 2019-10-19 06:20:42
4400, 0oJw1IhQat0aYC9s1Suy, 2019-10-05 11:17:27, 2019-10-19 06:20:42
4401, oizZpVuweE3VJ9n8HQfp, 2019-10-05 11:17:27, 2019-10-19 06:20:42
4402, vWRDMs4rn5mp6eEGQ9qo, 2019-10-05 11:17:27, 2019-10-19 06:20:42
4403, 5Qb0C8gbENoKYbgaCBlv, 2019-10-05 11:17:27, 2019-10-19 06:20:42
4404, mNRs30mbqhsedcCPBcqD, 2019-10-05 11:17:27, 2019-10-19 06:20:42
4405, ZjE869htxQQAjJY1LDjh, 2019-10-05 11:17:27, 2019-10-19 06:20:42
4406, yaEuhRx5SVx4rzaGNLDo, 2019-10-05 11:17:27, 2019-10-19 06:20:42
4407, a1sZ5uEziutYDNXea49V, 2019-10-05 11:17:27, 2019-10-19 06:20:42
4408, C0zgcCEhaeZXqQ5hhfUL, 2019-10-05 11:17:27, 2019-10-19 06:20:42
4409, oxOwsHe8nILzzSLWu7fG, 2019-10-05 11:17:27, 2019-10-19 06:20:42
4410, KdAnnQm1gglK1KEmK8Wm, 2019-10-05 11:17:27, 2019-10-19 06:20:42
4411, rPADRoY2clAri0wvaAcy, 2019-10-05 11:17:27, 2019-10-19 06:20:42
4412, aEv6kwRM99AXPT61ZIJc, 2019-10-05 11:17:27, 2019-10-19 06:20:42
4413, sQ8zUDfmgt1r6HD3iJ5T, 2019-10-05 11:17:27, 2019-10-19 06:20:42
4414, 2K7RrQNMDpcEr79d25eU, 2019-10-05 11:17:27, 2019-10-19 06:20:42
4415, 8iLXK1VsTIy54hNgJkS1, 2019-10-05 11:17:27, 2019-10-19 06:20:42
4416, iDazGPFpqLzMsQXCKM24, 2019-10-05 11:17:27, 2019-10-19 06:20:42
4417, IYi29iJaqRmun9bWCYoB, 2019-10-05 11:17:27, 2019-10-19 06:20:42
4418, PRotNjxMdjEWMlwX0CGX, 2019-10-05 11:17:27, 2019-10-19 06:20:42
4419, nv5zWCS1dby4ZwJ0n2mq, 2019-10-05 11:17:27, 2019-10-19 06:20:42
4420, uTSMRVTFO02jQVlznrSM, 2019-10-05 11:17:27, 2019-10-19 06:20:42
4421, qm50h32e9wCFYmse5E06, 2019-10-05 11:17:27, 2019-10-19 06:20:42
4422, 7SvKelC2whmqriN8F6ID, 2019-10-05 11:17:27, 2019-10-19 06:20:42
4423, L5CLsGqynr8RUFFh9cA8, 2019-10-05 11:17:27, 2019-10-19 06:20:42
4424, wJ9qQsZDG2KYbx8AdWqT, 2019-10-05 11:17:27, 2019-10-19 06:20:42
4425, UKsneNa66Ct7xrgGVl67, 2019-10-05 11:17:27, 2019-10-19 06:20:42
4426, mGOGnaNVQLTdEwjJ94N8, 2019-10-05 11:17:27, 2019-10-19 06:20:42
4427, QaoV6vF0BkFLoyD2Yatz, 2019-10-05 11:17:27, 2019-10-19 06:20:42
4428, Pf0deSMd9SWaYLHfLPEC, 2019-10-05 11:17:27, 2019-10-19 06:20:42
4429, NrW9rgGVbCPWZAoRheCx, 2019-10-05 11:17:27, 2019-10-19 06:20:42
4430, kDMSJkq492mRnbLOH1W8, 2019-10-05 11:17:27, 2019-10-19 06:20:42
4431, ZuAQytSvEIDaUKOYrJCU, 2019-10-05 11:17:27, 2019-10-19 06:20:42
4432, vfroMFQmUNL79ZnSNoAg, 2019-10-05 11:17:27, 2019-10-19 06:20:42
4433, Jt0iypWUVGTiiFMxzFXD, 2019-10-05 11:17:27, 2019-10-19 06:20:42
4434, otyHEyYLBKDpT6IdFwrM, 2019-10-05 11:17:27, 2019-10-19 06:20:42
4435, PwP68Z3sWbhQEiFQBRCC, 2019-10-05 11:17:27, 2019-10-19 06:20:42
4436, r7pHUbXSfO8E8SvuUMQT, 2019-10-05 11:17:27, 2019-10-19 06:20:43
4437, Bj41J3C6bOTvGGFLdb46, 2019-10-05 11:17:27, 2019-10-19 06:20:43
4438, 9gw0DeeEAaZuptcoJ7yP, 2019-10-05 11:17:27, 2019-10-19 06:20:43
4439, 0oZDjkTndMxGW3hyH8VM, 2019-10-05 11:17:27, 2019-10-19 06:20:43
4440, TdQagmMoJV52mJkLsFwo, 2019-10-05 11:17:27, 2019-10-19 06:20:43
4441, IRDzZTvZFkzU2QqiplTG, 2019-10-05 11:17:27, 2019-10-19 06:20:43
4442, rLqVAyG6d4sO3wDUd9vP, 2019-10-05 11:17:27, 2019-10-19 06:20:43
4443, 6zLq15IZkUalrpfsCMIA, 2019-10-05 11:17:27, 2019-10-19 06:20:43
4444, pODNcOjNRLNo1iPOiDLV, 2019-10-05 11:17:27, 2019-10-19 06:20:43
4445, jpGKDJjlElpBxZMruGcR, 2019-10-05 11:17:27, 2019-10-19 06:20:43
4446, na17MEmGIEJlb43JTYZz, 2019-10-05 11:17:27, 2019-10-19 06:20:43
4447, 9M1g52g4kh1NIK8WxtbL, 2019-10-05 11:17:27, 2019-10-19 06:20:43
4448, 9IqR1xoxhAEY2mGhC8xg, 2019-10-05 11:17:27, 2019-10-19 06:20:43
4449, BrGTzZEuI58OXd7NmxZB, 2019-10-05 11:17:27, 2019-10-19 06:20:43
4450, 1JuaWyFFSs3sumc4cEUW, 2019-10-05 11:17:27, 2019-10-19 06:20:43
4451, brhHiMFzMzgzIEThII87, 2019-10-05 11:17:27, 2019-10-19 06:20:43
4452, lEL3KPaRC67FwGHbCkf2, 2019-10-05 11:17:27, 2019-10-19 06:20:43
4453, RTbgIVoTaZagwFCstpgK, 2019-10-05 11:17:27, 2019-10-19 06:20:43
4454, beR7fFd892PMRSNzgDm3, 2019-10-05 11:17:27, 2019-10-19 06:20:43
4455, FXmHTb3zEEZWm7Mqp9Gl, 2019-10-05 11:17:27, 2019-10-19 06:20:43
4456, sb5LcE6EA4mfEnw9jHbq, 2019-10-05 11:17:27, 2019-10-19 06:20:43
4457, UHEdhUANE0gwllhygBR2, 2019-10-05 11:17:27, 2019-10-19 06:20:43
4458, 4n3mWsrE24XYTaMj2Bog, 2019-10-05 11:17:27, 2019-10-19 06:20:43
4459, zKQnVjWcgNvRI0mIQQ58, 2019-10-05 11:17:27, 2019-10-19 06:20:43
4460, p3jNNqqYXtVioIq8JtbK, 2019-10-05 11:17:27, 2019-10-19 06:20:43
4461, HHHKDvhXPMIWyKXTctbO, 2019-10-05 11:17:27, 2019-10-19 06:20:43
4462, cePhUVfD9gezeo6DYrA4, 2019-10-05 11:17:27, 2019-10-19 06:20:43
4463, fIirmH1yurejrHn6TTJN, 2019-10-05 11:17:27, 2019-10-19 06:20:43
4464, Yo2Q7E4Zyy7LhQI7LPO7, 2019-10-05 11:17:27, 2019-10-19 06:20:43
4465, nhOeFT9prB5vb4U3jiQA, 2019-10-05 11:17:27, 2019-10-19 06:20:43
4466, 058TpymPlxl1I2kUvwVJ, 2019-10-05 11:17:27, 2019-10-19 06:20:43
4467, quSJ1hNh3iJeU9cxbRAR, 2019-10-05 11:17:27, 2019-10-19 06:20:43
4468, lwBoNdqknR6pR2uF3SoG, 2019-10-05 11:17:27, 2019-10-19 06:20:43
4469, xTXhMxLqt5k00ft7iJP1, 2019-10-05 11:17:27, 2019-10-19 06:20:43
4470, Wd3URIiWBf00o8qqGOiJ, 2019-10-05 11:17:27, 2019-10-19 06:20:43
4471, gbtgJFw8DPZMZija4C3o, 2019-10-05 11:17:27, 2019-10-19 06:20:43
4472, EwooZcZ8nfLbupzBvsed, 2019-10-05 11:17:27, 2019-10-19 06:20:43
4473, 4UwaKqvwpd2W20wkEYal, 2019-10-05 11:17:27, 2019-10-19 06:20:43
4474, 0dR1KAWeOA1L6addoRy4, 2019-10-05 11:17:27, 2019-10-19 06:20:43
4475, qp3L8z4SXJyPOUJ7uVb3, 2019-10-05 11:17:27, 2019-10-19 06:20:43
4476, ho2tJmkuj6Wx5o5KAXzx, 2019-10-05 11:17:27, 2019-10-19 06:20:43
4477, JF6i4zsTWAuubHSJ6cXO, 2019-10-05 11:17:27, 2019-10-19 06:20:43
4478, 0n6iAEQgk24jaVe8IqAS, 2019-10-05 11:17:27, 2019-10-19 06:20:43
4479, h4rD8k1yEGOfOAtEF9XR, 2019-10-05 11:17:27, 2019-10-19 06:20:43
4480, g66GTmRxd1tqbjOQY5K5, 2019-10-05 11:17:27, 2019-10-19 06:20:43
4481, Y6kRuOsHfZ0aAm1EY37R, 2019-10-05 11:17:27, 2019-10-19 06:20:43
4482, dc4BRPUxAk5hNdRMG4kQ, 2019-10-05 11:17:27, 2019-10-19 06:20:43
4483, rpZGp0yiSXGJj6hY2FzR, 2019-10-05 11:17:27, 2019-10-19 06:20:43
4484, huaUQko0vhm2edNEooPU, 2019-10-05 11:17:27, 2019-10-19 06:20:43
4485, gXnsaOqeIgC6LwzpYWZu, 2019-10-05 11:17:27, 2019-10-19 06:20:43
4486, lfGoZSHIgBODyhgOhxmG, 2019-10-05 11:17:27, 2019-10-19 06:20:43
4487, x6APshOWWSlx2focJ3p6, 2019-10-05 11:17:27, 2019-10-19 06:20:43
4488, 2ZcO9JUXrNyj7wJDCF7I, 2019-10-05 11:17:27, 2019-10-19 06:20:43
4489, wx5gzOHGDJeC0ugKrjpj, 2019-10-05 11:17:27, 2019-10-19 06:20:43
4490, efXZsBT5ZSr49sZ1AqLA, 2019-10-05 11:17:27, 2019-10-19 06:20:43
4491, VAjnnlFeP41KsWUU7Sbn, 2019-10-05 11:17:27, 2019-10-19 06:20:43
4492, mAWMf1ukdLkuItYlUhfl, 2019-10-05 11:17:27, 2019-10-19 06:20:43
4493, txjmeihfmPwW9ylPTn6n, 2019-10-05 11:17:27, 2019-10-19 06:20:43
4494, eoX0p28YPZHcBw3tUckN, 2019-10-05 11:17:27, 2019-10-19 06:20:43
4495, vOmpxPjm8XjMeGYglIf7, 2019-10-05 11:17:27, 2019-10-19 06:20:43
4496, YnFmnOmOWsRHo015i7My, 2019-10-05 11:17:27, 2019-10-19 06:20:43
4497, U5KxGE34W6KptnPqk6MS, 2019-10-05 11:17:27, 2019-10-19 06:20:43
4498, MxWzj49UmpCCCxX6wDXH, 2019-10-05 11:17:27, 2019-10-19 06:20:43
4499, vyvLIgkkz6bAnXjPP2Q7, 2019-10-05 11:17:27, 2019-10-19 06:20:43
4500, LizVlQsdoHp6lpmcKypH, 2019-10-05 11:17:27, 2019-10-19 06:20:43
4501, ciclm3eQeISR05CXSn2y, 2019-10-05 11:17:27, 2019-10-19 06:20:43
4502, 0BnERMU30HN2kbGs94w5, 2019-10-05 11:17:27, 2019-10-19 06:20:43
4503, BlhZ160EKBZLN1OnuC57, 2019-10-05 11:17:27, 2019-10-19 06:20:43
4504, pi20ZuLQaNOIT3IcEO3R, 2019-10-05 11:17:27, 2019-10-19 06:20:43
4505, UhYAfKSChhEslYElVWpn, 2019-10-05 11:17:27, 2019-10-19 06:20:43
4506, ZSz4nYR5ZGpPrAFf9cVK, 2019-10-05 11:17:27, 2019-10-19 06:20:43
4507, qdIuZdZLg4aa0TR19ZMI, 2019-10-05 11:17:27, 2019-10-19 06:20:43
4508, WMaGwwU78SbNZBeyCssl, 2019-10-05 11:17:27, 2019-10-19 06:20:43
4509, xEdyH9JOoP6I3MNxpCVR, 2019-10-05 11:17:27, 2019-10-19 06:20:43
4510, zxfj4uoMVstZPkRkD5jC, 2019-10-05 11:17:27, 2019-10-19 06:20:43
4511, vboFMFP29R5tM1bo4Mog, 2019-10-05 11:17:27, 2019-10-19 06:20:43
4512, 4zta33QqnVXR4pdPa63O, 2019-10-05 11:17:27, 2019-10-19 06:20:43
4513, 6VYPthZhXTiJAxW5QHGJ, 2019-10-05 11:17:27, 2019-10-19 06:20:43
4514, bGemJgtDroVAjXMT1g1p, 2019-10-05 11:17:27, 2019-10-19 06:20:43
4515, elqfRUAc2mtPzspqy0El, 2019-10-05 11:17:27, 2019-10-19 06:20:43
4516, BuH30gZBPAvPsXOsHxFT, 2019-10-05 11:17:27, 2019-10-19 06:20:43
4517, CX3OV86QhUj0re49exb6, 2019-10-05 11:17:27, 2019-10-19 06:20:43
4518, wNS7vWSN49u1QG9hkWAw, 2019-10-05 11:17:27, 2019-10-19 06:20:43
4519, F0UJ2XFLFqvbXzHWgfiD, 2019-10-05 11:17:27, 2019-10-19 06:20:43
4520, Omkef9jFY8C3naXLmqC4, 2019-10-05 11:17:27, 2019-10-19 06:20:43
4521, E8hHluD5oKMFrbF21pTC, 2019-10-05 11:17:27, 2019-10-19 06:20:43
4522, etnaRVBkK18eVXhr3gy1, 2019-10-05 11:17:27, 2019-10-19 06:20:43
4523, 8SYj4KefterHU8R7FdNt, 2019-10-05 11:17:27, 2019-10-19 06:20:43
4524, kklLCsPfP9yiRbcVKhUn, 2019-10-05 11:17:27, 2019-10-19 06:20:43
4525, FYUqn1G06S4IUJCGEpQg, 2019-10-05 11:17:27, 2019-10-19 06:20:43
4526, wmlozf1UOkrs9q45bWcC, 2019-10-05 11:17:27, 2019-10-19 06:20:43
4527, VaBk1E2NgzVMfF1EPTWK, 2019-10-05 11:17:27, 2019-10-19 06:20:43
4528, FAg71c44a37Banppi6FZ, 2019-10-05 11:17:27, 2019-10-19 06:20:43
4529, fmvUt5kHUT08E2Wwj8Ry, 2019-10-05 11:17:27, 2019-10-19 06:20:43
4530, vmAXwkUoyRM6PdvRFENM, 2019-10-05 11:17:27, 2019-10-19 06:20:43
4531, bVbKF1WjOqr0kCu633Op, 2019-10-05 11:17:27, 2019-10-19 06:20:43
4532, rbjV4cMhwjAmkEMiFD7s, 2019-10-05 11:17:27, 2019-10-19 06:20:43
4533, WXzPjBElhbw1ArBuY1Db, 2019-10-05 11:17:27, 2019-10-19 06:20:43
4534, iAUZ1HBym6nOf5tczyLD, 2019-10-05 11:17:27, 2019-10-19 06:20:43
4535, VcphRjbVP8H1kfdUFfkL, 2019-10-05 11:17:27, 2019-10-19 06:20:43
4536, 18J7xbnMTD02LgkD5CDg, 2019-10-05 11:17:27, 2019-10-19 06:20:43
4537, vnAFTPkNvkwrEFzJFpi9, 2019-10-05 11:17:27, 2019-10-19 06:20:43
4538, VFaiGAZqlS0CMTGCVRIF, 2019-10-05 11:17:27, 2019-10-19 06:20:43
4539, LnmFMKp0rp5Du35obLT8, 2019-10-05 11:17:27, 2019-10-19 06:20:43
4540, NjmDQcuirAh8hbEDKngi, 2019-10-05 11:17:27, 2019-10-19 06:20:43
4541, 0Noc288Lrb2GLY31GfOI, 2019-10-05 11:17:27, 2019-10-19 06:20:43
4542, 3Sd1oC7xGmpu4j0OAVvq, 2019-10-05 11:17:27, 2019-10-19 06:20:43
4543, OUQHvGgHTnBtLJO2Chz4, 2019-10-05 11:17:27, 2019-10-19 06:20:43
4544, 24kVYUqp5s2Pe9zL0VLk, 2019-10-05 11:17:27, 2019-10-19 06:20:43
4545, 8UnXcxXALfWucfZ5q39M, 2019-10-05 11:17:27, 2019-10-19 06:20:43
4546, qXlL56kM5TjFIY3Oeo5G, 2019-10-05 11:17:27, 2019-10-19 06:20:43
4547, 85mPXfQsPiAhgMbSn9dn, 2019-10-05 11:17:27, 2019-10-19 06:20:43
4548, X3CfogaXTg92YTx5WcXG, 2019-10-05 11:17:27, 2019-10-19 06:20:43
4549, DxJdXdwQIdpX7AFB1VWv, 2019-10-05 11:17:27, 2019-10-19 06:20:43
4550, 0IkZfZSmMPnHok7rODAW, 2019-10-05 11:17:27, 2019-10-19 06:20:43
4551, yjLkxIm1toXT2oUqXFUp, 2019-10-05 11:17:27, 2019-10-19 06:20:43
4552, TsgA5nznokubqhkzWdUG, 2019-10-05 11:17:27, 2019-10-19 06:20:43
4553, foY5fhU7wVKxwBJ4AP55, 2019-10-05 11:17:27, 2019-10-19 06:20:43
4554, NMWCdxlAwFKlGWmQ6lNU, 2019-10-05 11:17:27, 2019-10-19 06:20:43
4555, TYEy0MoYYUxQ16vwkqe7, 2019-10-05 11:17:27, 2019-10-19 06:20:43
4556, 6zSPoaQP9tokjeUqNRek, 2019-10-05 11:17:27, 2019-10-19 06:20:43
4557, YUvVlzv3frxKsrkxfGd1, 2019-10-05 11:17:27, 2019-10-19 06:20:43
4558, ejNWmgLMSEK7e0AfSFfx, 2019-10-05 11:17:27, 2019-10-19 06:20:43
4559, I0ye8CWqKid2sLqEB9LW, 2019-10-05 11:17:27, 2019-10-19 06:20:43
4560, 0exRGRxjMm7t7HMCfAY6, 2019-10-05 11:17:27, 2019-10-19 06:20:43
4561, x53crcGpC2QNuiMvoZNT, 2019-10-05 11:17:27, 2019-10-19 06:20:43
4562, WzqtIZwQORMXV8asO3wJ, 2019-10-05 11:17:27, 2019-10-19 06:20:43
4563, 6NHcJjBuJEjg3zqFd8F4, 2019-10-05 11:17:27, 2019-10-19 06:20:43
4564, Ho7jUS5Q3hcoyAaeNfiW, 2019-10-05 11:17:27, 2019-10-19 06:20:43
4565, MR2io16o9CFnai6unrJn, 2019-10-05 11:17:27, 2019-10-19 06:20:43
4566, XfA6pGdIoNYXHl2pcOsb, 2019-10-05 11:17:27, 2019-10-19 06:20:43
4567, KWi6aEkKj3KPRPITjZw5, 2019-10-05 11:17:27, 2019-10-19 06:20:43
4568, 15ipD6PkuPbk1NV7Rx7v, 2019-10-05 11:17:27, 2019-10-19 06:20:43
4569, WLodky2HMphUGBjVeClj, 2019-10-05 11:17:27, 2019-10-19 06:20:43
4570, fskoujyOOimnUkhwaLEG, 2019-10-05 11:17:27, 2019-10-19 06:20:43
4571, 67GYmCqFHL2K4W9mP0kq, 2019-10-05 11:17:27, 2019-10-19 06:20:43
4572, AlqmnJjqc4LalSW7CQmE, 2019-10-05 11:17:27, 2019-10-19 06:20:43
4573, IopVH65eotQNeYT7EJD0, 2019-10-05 11:17:27, 2019-10-19 06:20:43
4574, ZpaMvDUqyfkXsr8s7hmJ, 2019-10-05 11:17:27, 2019-10-19 06:20:43
4575, RrSvYi6nhU3FMFhWnOy2, 2019-10-05 11:17:27, 2019-10-19 06:20:43
4576, JpODH0vUEi9uZjKlVX1H, 2019-10-05 11:17:27, 2019-10-19 06:20:43
4577, 9FqrR3FaG4XyYfLEmnmT, 2019-10-05 11:17:27, 2019-10-19 06:20:43
4578, qZOOJvwma57kZIiTh9iY, 2019-10-05 11:17:27, 2019-10-19 06:20:43
4579, 7Ojb3mXJyY80ADwpCcZu, 2019-10-05 11:17:27, 2019-10-19 06:20:44
4580, k6NabZFH2YcvT1KEuAUA, 2019-10-05 11:17:27, 2019-10-19 06:20:44
4581, aHUucksleG9M9YrpBax9, 2019-10-05 11:17:27, 2019-10-19 06:20:44
4582, YgTjslexxMTLA7YnahGh, 2019-10-05 11:17:27, 2019-10-19 06:20:44
4583, ouJ2Kftoi2OaSegnPfYj, 2019-10-05 11:17:27, 2019-10-19 06:20:44
4584, wkDwcxWOSGDEbDT4SJmt, 2019-10-05 11:17:27, 2019-10-19 06:20:44
4585, NVDlyPWrWWkp9oEO3cKB, 2019-10-05 11:17:27, 2019-10-19 06:20:44
4586, FQ5BAGVOThPaUzFwIML3, 2019-10-05 11:17:27, 2019-10-19 06:20:44
4587, zuXVEeUBf5mwK3HUxlUn, 2019-10-05 11:17:27, 2019-10-19 06:20:44
4588, 0fLjWaju6pGqXiyFvbmT, 2019-10-05 11:17:27, 2019-10-19 06:20:44
4589, ml8f3ovmgFKklyVi9rSG, 2019-10-05 11:17:27, 2019-10-19 06:20:44
4590, 7ZU2jsWtkdDgGAuE2Ye4, 2019-10-05 11:17:27, 2019-10-19 06:20:44
4591, ju31fDS8AaNaLmS3TJsq, 2019-10-05 11:17:27, 2019-10-19 06:20:44
4592, fyUe1Isr7mTIhGsDGSSY, 2019-10-05 11:17:27, 2019-10-19 06:20:44
4593, RTgg3f4tqlebILdY8hX3, 2019-10-05 11:17:27, 2019-10-19 06:20:44
4594, dJOyfFSUxRS3b01Cntm9, 2019-10-05 11:17:27, 2019-10-19 06:20:44
4595, PtOcOx8vXyVjC7K7RmND, 2019-10-05 11:17:27, 2019-10-19 06:20:44
4596, NpkusUsoJOdk6Be5BkfL, 2019-10-05 11:17:27, 2019-10-19 06:20:44
4597, 0ws0Ta0cpM6MuBU0Pu7i, 2019-10-05 11:17:27, 2019-10-19 06:20:44
4598, 2X91upzqGMWrbCc77oqx, 2019-10-05 11:17:27, 2019-10-19 06:20:44
4599, PepRpZRuEuaSvbl61IQO, 2019-10-05 11:17:27, 2019-10-19 06:20:44
4600, YTWV3Jm7WpRxgRjAG7Wf, 2019-10-05 11:17:27, 2019-10-19 06:20:44
4601, C2PeUXy6NsTLUnXzf5i1, 2019-10-05 11:17:27, 2019-10-19 06:20:44
4602, tVIae5AxY8tcfrpJyIn7, 2019-10-05 11:17:27, 2019-10-19 06:20:44
4603, CVSTE5UbAf8p1HVZYP6W, 2019-10-05 11:17:27, 2019-10-19 06:20:44
4604, n5t6dVEpqSp2Wj8bLC7x, 2019-10-05 11:17:27, 2019-10-19 06:20:44
4605, 97HJipFystgl5ITYUnDQ, 2019-10-05 11:17:27, 2019-10-19 06:20:44
4606, KNWoFpzW9AZQoqIndoAq, 2019-10-05 11:17:27, 2019-10-19 06:20:44
4607, guLEZrOzp5RbTqIyU6IV, 2019-10-05 11:17:27, 2019-10-19 06:20:44
4608, 0L7NWGm09YuJG96q6CBS, 2019-10-05 11:17:27, 2019-10-19 06:20:44
4609, tnjR3dENfeakdokXnQDF, 2019-10-05 11:17:27, 2019-10-19 06:20:44
4610, W2TjJRxNvJKDi6y3Z8IN, 2019-10-05 11:17:27, 2019-10-19 06:20:44
4611, 4EtGAVce0m8MnQt217Bq, 2019-10-05 11:17:27, 2019-10-19 06:20:44
4612, IpLiEjU4YGdc03KFPCfN, 2019-10-05 11:17:27, 2019-10-19 06:20:44
4613, WWa4wDc1YQqfCWJ8kmHM, 2019-10-05 11:17:27, 2019-10-19 06:20:44
4614, eExR9xmUpwOQrkkN9G0n, 2019-10-05 11:17:27, 2019-10-19 06:20:44
4615, iprzWCuPzMxsfi6UIJFv, 2019-10-05 11:17:27, 2019-10-19 06:20:44
4616, IIBxSiJ1EBMcHudr8rbb, 2019-10-05 11:17:27, 2019-10-19 06:20:44
4617, 55sirTFDmcAx5EDvS0RD, 2019-10-05 11:17:27, 2019-10-19 06:20:44
4618, 43nmVkwxQE60kb56ZsU2, 2019-10-05 11:17:27, 2019-10-19 06:20:44
4619, jLnjdZJdLY9mkYA91cxB, 2019-10-05 11:17:27, 2019-10-19 06:20:44
4620, bbFXPxOpdsJRN0KAbrlr, 2019-10-05 11:17:27, 2019-10-19 06:20:44
4621, YkNEVfL3sHc97lmS9VUs, 2019-10-05 11:17:27, 2019-10-19 06:20:44
4622, e8T5Ol03uMRdsw68yn2J, 2019-10-05 11:17:27, 2019-10-19 06:20:44
4623, j3CGIfBARXM4sjbOocRf, 2019-10-05 11:17:27, 2019-10-19 06:20:44
4624, wgcwjIt4qZtTdsbKdBBw, 2019-10-05 11:17:27, 2019-10-19 06:20:44
4625, dDr3nXGn76dEMw8IzmIt, 2019-10-05 11:17:27, 2019-10-19 06:20:44
4626, 6SUC8hXVjmNC9ZFOt4Bk, 2019-10-05 11:17:27, 2019-10-19 06:20:44
4627, d2IMcoezlBxaTcPwmOnT, 2019-10-05 11:17:27, 2019-10-19 06:20:44
4628, jkfmMEx1F3d12DUDQem8, 2019-10-05 11:17:27, 2019-10-19 06:20:44
4629, eTs2E9tQzKJ95mvAX5Ll, 2019-10-05 11:17:27, 2019-10-19 06:20:44
4630, QJMTI5TVNQTuoMGvTuat, 2019-10-05 11:17:27, 2019-10-19 06:20:44
4631, lQ7AYN6b8E6Oc4hEesvb, 2019-10-05 11:17:27, 2019-10-19 06:20:44
4632, yfjQoTqyMo6qNtq7afBQ, 2019-10-05 11:17:27, 2019-10-19 06:20:44
4633, eAytjhEE1PQLmAXKQnYw, 2019-10-05 11:17:27, 2019-10-19 06:20:44
4634, BRJB3QcCxrfc053K6RLK, 2019-10-05 11:17:27, 2019-10-19 06:20:44
4635, x9BRSR4McAJbGJl05FLD, 2019-10-05 11:17:27, 2019-10-19 06:20:44
4636, VGsggs8WJ1gQp7D49IqE, 2019-10-05 11:17:27, 2019-10-19 06:20:44
4637, Sssqs6ssELkIHzpVsTK0, 2019-10-05 11:17:27, 2019-10-19 06:20:44
4638, 2THTeVZ3eKSpRs8x3gr1, 2019-10-05 11:17:27, 2019-10-19 06:20:44
4639, sG6HoPp6nVpQmhEz1q2h, 2019-10-05 11:17:27, 2019-10-19 06:20:44
4640, fbcEHQm0vxwTV3dReUmg, 2019-10-05 11:17:27, 2019-10-19 06:20:44
4641, PrgkcvNt2KwDvsbM9ESn, 2019-10-05 11:17:27, 2019-10-19 06:20:44
4642, gE9YsDMvllo98kX0FBYC, 2019-10-05 11:17:27, 2019-10-19 06:20:44
4643, 9jvxX0NIRTHdaVyOBLaG, 2019-10-05 11:17:27, 2019-10-19 06:20:44
4644, 6WA2yV1cbghVc8SyjwyN, 2019-10-05 11:17:27, 2019-10-19 06:20:44
4645, jmLxd8igiMUV4LkLPR1f, 2019-10-05 11:17:27, 2019-10-19 06:20:44
4646, 5WViPETpiFQhYkzqiiV1, 2019-10-05 11:17:27, 2019-10-19 06:20:44
4647, wHyxRKtgCrFLaxiTrdIj, 2019-10-05 11:17:27, 2019-10-19 06:20:44
4648, LRMLbEfY4cFblYMvAGdB, 2019-10-05 11:17:27, 2019-10-19 06:20:44
4649, Ch0aXhBGyuvI1uPABTv6, 2019-10-05 11:17:27, 2019-10-19 06:20:44
4650, 6ZV040WbWOlUqsfvFrkr, 2019-10-05 11:17:27, 2019-10-19 06:20:44
4651, vcnMyICOdS0zxknrvsdP, 2019-10-05 11:17:27, 2019-10-19 06:20:44
4652, zgSg1uF3G51VGM5smXTL, 2019-10-05 11:17:27, 2019-10-19 06:20:44
4653, Yeim7B9fge9iWptI2Hc1, 2019-10-05 11:17:27, 2019-10-19 06:20:44
4654, WxGPOnIQ1tzyk86OTJyT, 2019-10-05 11:17:27, 2019-10-19 06:20:44
4655, JTNSKKxsO03ScC5uwAVO, 2019-10-05 11:17:27, 2019-10-19 06:20:44
4656, oxtjMG5h9U6RDYoghzDz, 2019-10-05 11:17:27, 2019-10-19 06:20:44
4657, trdNI49JM1nfJM6VYhoy, 2019-10-05 11:17:27, 2019-10-19 06:20:44
4658, It6NfOD7Hp2d9pnAIje1, 2019-10-05 11:17:27, 2019-10-19 06:20:44
4659, s5wqqbN1rMdfJ9e00tsW, 2019-10-05 11:17:27, 2019-10-19 06:20:44
4660, oCYQSR2NpusWnD3Q17dr, 2019-10-05 11:17:27, 2019-10-19 06:20:44
4661, OWvyjGmYUBN2EwAszZc6, 2019-10-05 11:17:27, 2019-10-19 06:20:44
4662, Rm5IH18QuGQ15tuPeh5W, 2019-10-05 11:17:27, 2019-10-19 06:20:44
4663, xVbglo3isGDqtfwvT4lb, 2019-10-05 11:17:27, 2019-10-19 06:20:44
4664, f9DK9l9mTadJyO5nMHOB, 2019-10-05 11:17:27, 2019-10-19 06:20:44
4665, ds7jDtk5FN0H6s1afYXe, 2019-10-05 11:17:27, 2019-10-19 06:20:44
4666, bF1tj8EYyJxj2DT3EHzW, 2019-10-05 11:17:27, 2019-10-19 06:20:44
4667, mP6wWANLO3I5oUikx2sF, 2019-10-05 11:17:27, 2019-10-19 06:20:44
4668, 5laQbGHwPAk3dW4a5T7c, 2019-10-05 11:17:27, 2019-10-19 06:20:44
4669, JywSd42DLSuk1z7r0DyS, 2019-10-05 11:17:27, 2019-10-19 06:20:44
4670, ZuajqPC0zRITQBkMsHzv, 2019-10-05 11:17:27, 2019-10-19 06:20:44
4671, iaBpBzKRoNXev2a2xvqv, 2019-10-05 11:17:27, 2019-10-19 06:20:44
4672, t3l8Cbm4evWyl2R0XM9b, 2019-10-05 11:17:27, 2019-10-19 06:20:44
4673, ap3cXS26bXewCqFFsBlQ, 2019-10-05 11:17:27, 2019-10-19 06:20:44
4674, 7trCjpICHuzRqVDcZCuE, 2019-10-05 11:17:27, 2019-10-19 06:20:44
4675, 31XREGWyXHd3S5wAgUm4, 2019-10-05 11:17:27, 2019-10-19 06:20:44
4676, rLu23U3W2EJg7hBrz9Ff, 2019-10-05 11:17:27, 2019-10-19 06:20:44
4677, tGhrHdAKlNxRBfQpiEK7, 2019-10-05 11:17:27, 2019-10-19 06:20:44
4678, SIXzLOrYvHbTp3yyCGnH, 2019-10-05 11:17:27, 2019-10-19 06:20:44
4679, YhcLRIBofTTU9wFl8qLq, 2019-10-05 11:17:27, 2019-10-19 06:20:44
4680, jNvtw1BZ20OxP1W1nwzh, 2019-10-05 11:17:27, 2019-10-19 06:20:44
4681, 0NGogPkFyk8mbUnWoHCy, 2019-10-05 11:17:27, 2019-10-19 06:20:44
4682, 6XgXMZRQghMAsmw8df3G, 2019-10-05 11:17:27, 2019-10-19 06:20:44
4683, FWxtbYfceLe1AVDG3mNf, 2019-10-05 11:17:27, 2019-10-19 06:20:44
4684, yZzsNjKQUHv2LpGNtFBJ, 2019-10-05 11:17:27, 2019-10-19 06:20:44
4685, P8jst59IiwxbhfGMHzZR, 2019-10-05 11:17:27, 2019-10-19 06:20:44
4686, FQuJ6lZiVNAM0nwTYUzL, 2019-10-05 11:17:27, 2019-10-19 06:20:44
4687, ISHHHSHxKSZnzAzSptpG, 2019-10-05 11:17:27, 2019-10-19 06:20:44
4688, uOxjMMTzXvznrqiZLWsG, 2019-10-05 11:17:27, 2019-10-19 06:20:45
4689, P8OYEjp5rUstBPWZ0DSC, 2019-10-05 11:17:27, 2019-10-19 06:20:45
4690, 0EV9xfVyYWNnfwXwuFiW, 2019-10-05 11:17:27, 2019-10-19 06:20:45
4691, a89oAMSgA4YqI79FSbVE, 2019-10-05 11:17:27, 2019-10-19 06:20:45
4692, jTRP9w1bmzWfP9aJLsAC, 2019-10-05 11:17:27, 2019-10-19 06:20:45
4693, dUrVj7zxwGjXGKyCEXJj, 2019-10-05 11:17:27, 2019-10-19 06:20:45
4694, J1Ur4E9fP1MwGrjwAwmC, 2019-10-05 11:17:27, 2019-10-19 06:20:45
4695, NYqmLMQIrAPe88TPiriA, 2019-10-05 11:17:27, 2019-10-19 06:20:45
4696, Pku240z35kDjtfTTb6hB, 2019-10-05 11:17:27, 2019-10-19 06:20:45
4697, fvzOPCPVujlXoPkLVYYs, 2019-10-05 11:17:27, 2019-10-19 06:20:45
4698, DoAEQ0UwOiLrrSLXurz9, 2019-10-05 11:17:27, 2019-10-19 06:20:45
4699, KbVmOmJGcU0IE48RaPSp, 2019-10-05 11:17:27, 2019-10-19 06:20:45
4700, Ra2lWGfGNEpjGBaWFc1Z, 2019-10-05 11:17:27, 2019-10-19 06:20:45
4701, WPFfkk0wnJhUB6HCkNB6, 2019-10-05 11:17:27, 2019-10-19 06:20:45
4702, 5RT3C9X8G6E6HD5acSaD, 2019-10-05 11:17:27, 2019-10-19 06:20:45
4703, 37b14kFCYEaaracXLQAm, 2019-10-05 11:17:27, 2019-10-19 06:20:45
4704, XQTIonoeczlwMrQJOqLK, 2019-10-05 11:17:27, 2019-10-19 06:20:45
4705, J40fSypzFZn7fSrPG0Go, 2019-10-05 11:17:27, 2019-10-19 06:20:45
4706, KCkamFKyZuWbDCOMR19S, 2019-10-05 11:17:27, 2019-10-19 06:20:45
4707, VUpm6PaFBVBBK39O6NZZ, 2019-10-05 11:17:27, 2019-10-19 06:20:45
4708, sHHlOF3dWcT9mKgpkUZj, 2019-10-05 11:17:27, 2019-10-19 06:20:45
4709, JSbuIqXbFKw7DOxwn5XI, 2019-10-05 11:17:27, 2019-10-19 06:20:45
4710, Xa6wBqSgukPK1oaCQtJf, 2019-10-05 11:17:27, 2019-10-19 06:20:45
4711, BNFZz6Bh1S9Jmq8s1eQn, 2019-10-05 11:17:27, 2019-10-19 06:20:45
4712, LNhyo61hqxhSyQB1NDy8, 2019-10-05 11:17:27, 2019-10-19 06:20:45
4713, uOfahGB7tEn23koIW6JN, 2019-10-05 11:17:27, 2019-10-19 06:20:45
4714, eMFtfmJOHQStzWRYLZ14, 2019-10-05 11:17:27, 2019-10-19 06:20:45
4715, ROFrmmYioujIf4L3M4Gk, 2019-10-05 11:17:27, 2019-10-19 06:20:45
4716, 5Z42RaEWJkTNgUessV5k, 2019-10-05 11:17:27, 2019-10-19 06:20:45
4717, ynn0zgrG5oSiGXT82fFn, 2019-10-05 11:17:27, 2019-10-19 06:20:45
4718, vsyW7Lcfg8lJs51k3ofb, 2019-10-05 11:17:27, 2019-10-19 06:20:45
4719, bo5g5hR795WI4j0al5nP, 2019-10-05 11:17:27, 2019-10-19 06:20:45
4720, qBhffXjvpb1MzeXTNcne, 2019-10-05 11:17:27, 2019-10-19 06:20:45
4721, 37vz75QLPvcEW4JED2dv, 2019-10-05 11:17:27, 2019-10-19 06:20:45
4722, Haz4P9VPpJrcZaxL09r1, 2019-10-05 11:17:27, 2019-10-19 06:20:45
4723, 7lL3862hOR1zW7TCR3DY, 2019-10-05 11:17:27, 2019-10-19 06:20:45
4724, UadUNF1RPrbHvLMaf2H0, 2019-10-05 11:17:27, 2019-10-19 06:20:45
4725, 5vihGhjeSq8M7Sl1N6ua, 2019-10-05 11:17:27, 2019-10-19 06:20:45
4726, L5KFTyDLyMZyXKZOQN8j, 2019-10-05 11:17:27, 2019-10-19 06:20:45
4727, HQyrIvoZVw7W0wzi5Nh6, 2019-10-05 11:17:27, 2019-10-19 06:20:45
4728, Q9oVM2k7eKsMedTlpCjk, 2019-10-05 11:17:27, 2019-10-19 06:20:45
4729, Bdnfim58GAKS3JNKPWrp, 2019-10-05 11:17:27, 2019-10-19 06:20:45
4730, FVp4uQpYHcsIv8z0tKG8, 2019-10-05 11:17:27, 2019-10-19 06:20:45
4731, RrSNYZ4La9N5Lne6KTQo, 2019-10-05 11:17:27, 2019-10-19 06:20:45
4732, cfYXrDbubydReYujW81M, 2019-10-05 11:17:27, 2019-10-19 06:20:45
4733, EQ6VJjT0FvfSu8fUR14q, 2019-10-05 11:17:27, 2019-10-19 06:20:45
4734, 5xAKVtXwSzMxAaaXt9Rz, 2019-10-05 11:17:27, 2019-10-19 06:20:45
4735, rziIkV5Z6HM2KBm5xwg8, 2019-10-05 11:17:27, 2019-10-19 06:20:45
4736, eD8BgyRBtB4xUJ6nxcjO, 2019-10-05 11:17:27, 2019-10-19 06:20:45
4737, G16a8qVSxDOMsSkW0m4T, 2019-10-05 11:17:27, 2019-10-19 06:20:45
4738, ok45CCwrdAGqvaEzl5w8, 2019-10-05 11:17:27, 2019-10-19 06:20:45
4739, cTZrg1doOlO5pDe8w6Jk, 2019-10-05 11:17:27, 2019-10-19 06:20:45
4740, VlqkQX7BQvT0y7heMA9j, 2019-10-05 11:17:27, 2019-10-19 06:20:45
4741, qM0O85ZErIXrhx2OVeAl, 2019-10-05 11:17:27, 2019-10-19 06:20:45
4742, yZyHV4HqeXaNyq3zDIJn, 2019-10-05 11:17:27, 2019-10-19 06:20:45
4743, R4YPx6aLKCjUnyhndpeo, 2019-10-05 11:17:27, 2019-10-19 06:20:45
4744, 9dJkWU4vB6tPPgvzPOzZ, 2019-10-05 11:17:27, 2019-10-19 06:20:45
4745, efjjwIucbFN7YoMXWWqw, 2019-10-05 11:17:27, 2019-10-19 06:20:45
4746, DdVemOl4ssTOGt6y2Gz5, 2019-10-05 11:17:27, 2019-10-19 06:20:45
4747, O6G3NnWrESTZcb1PonkE, 2019-10-05 11:17:27, 2019-10-19 06:20:45
4748, 1rmzRUg7W5QEK9XuUEzo, 2019-10-05 11:17:27, 2019-10-19 06:20:45
4749, 7tCj3wGPEqWYU1LZ9pmv, 2019-10-05 11:17:27, 2019-10-19 06:20:45
4750, nCcOtQIDI3H0HLH64bz4, 2019-10-05 11:17:27, 2019-10-19 06:20:45
4751, UiKSjv5P4ltq7KW3I4nt, 2019-10-05 11:17:27, 2019-10-19 06:20:45
4752, KhOc42PSdQsm8DrGvgA7, 2019-10-05 11:17:27, 2019-10-19 06:20:45
4753, Srlu0zHCibOKyxFEvcE2, 2019-10-05 11:17:27, 2019-10-19 06:20:45
4754, FS9j1yvhrl3p0JPEnr1h, 2019-10-05 11:17:27, 2019-10-19 06:20:45
4755, 3GoBEzLlg65UmxX17iMm, 2019-10-05 11:17:27, 2019-10-19 06:20:45
4756, h8THPLjatR1MXEDa4Ry2, 2019-10-05 11:17:27, 2019-10-19 06:20:45
4757, lTTO3ehMjfevGzyX6TCT, 2019-10-05 11:17:27, 2019-10-19 06:20:45
4758, 918MftJ8LJocDhfhcOTJ, 2019-10-05 11:17:27, 2019-10-19 06:20:45
4759, hTBuqG6upjkrIDwKwMND, 2019-10-05 11:17:27, 2019-10-19 06:20:45
4760, grmIj6G843iZnLCjJP4u, 2019-10-05 11:17:27, 2019-10-19 06:20:45
4761, mPvZDXaHY1K6ttWsLgil, 2019-10-05 11:17:27, 2019-10-19 06:20:45
4762, cQbek51m2vckiej5Hl8z, 2019-10-05 11:17:27, 2019-10-19 06:20:45
4763, tOZ66qHzst15TVATnAnY, 2019-10-05 11:17:27, 2019-10-19 06:20:45
4764, g2t4U4LbLCzcJoYZ1ev3, 2019-10-05 11:17:27, 2019-10-19 06:20:45
4765, QqPJqjg8olXhSuYPTOq2, 2019-10-05 11:17:27, 2019-10-19 06:20:45
4766, w0eL40vhzjgVbKhjSWjZ, 2019-10-05 11:17:27, 2019-10-19 06:20:45
4767, 6RCnzkRHYb24bFw6dVAF, 2019-10-05 11:17:27, 2019-10-19 06:20:45
4768, bTlebAma2LySAPOF88Lh, 2019-10-05 11:17:27, 2019-10-19 06:20:45
4769, VT92uC6FtsHLbHvAUImk, 2019-10-05 11:17:27, 2019-10-19 06:20:45
4770, u0WmI7UWHQ5jUGQp7iFY, 2019-10-05 11:17:27, 2019-10-19 06:20:45
4771, rCx3Sh9weAlB2at0EYnM, 2019-10-05 11:17:27, 2019-10-19 06:20:45
4772, bh55cepw1xVenPpP7QxW, 2019-10-05 11:17:27, 2019-10-19 06:20:45
4773, BCe27HgulpWXtvwC6xf1, 2019-10-05 11:17:27, 2019-10-19 06:20:45
4774, KQSyI5EVtOY0CN56mmM7, 2019-10-05 11:17:27, 2019-10-19 06:20:45
4775, M4uxyCwqy0QMIuRo0tWZ, 2019-10-05 11:17:27, 2019-10-19 06:20:45
4776, eZ7iAevZHH7E5QcYs8Nd, 2019-10-05 11:17:27, 2019-10-19 06:20:45
4777, tYHIyltja5YS6OWwhVkw, 2019-10-05 11:17:27, 2019-10-19 06:20:45
4778, ZDymfZ9ftBG5TuPp6mVp, 2019-10-05 11:17:27, 2019-10-19 06:20:45
4779, h81gCQ7c1kXpwiX2J7nA, 2019-10-05 11:17:27, 2019-10-19 06:20:45
4780, RktWtGhsJtxiwSzFuq2I, 2019-10-05 11:17:27, 2019-10-19 06:20:45
4781, aZ8JGukOeju8QZgMY7cD, 2019-10-05 11:17:27, 2019-10-19 06:20:45
4782, oCCbosM4MpmLWZZLodBP, 2019-10-05 11:17:27, 2019-10-19 06:20:45
4783, 17mTvuWosUEGJCasHqFR, 2019-10-05 11:17:27, 2019-10-19 06:20:45
4784, Qyv0CDnxGMvefV54ZohE, 2019-10-05 11:17:27, 2019-10-19 06:20:45
4785, dvPrntV6gfgIwGZwtrNk, 2019-10-05 11:17:27, 2019-10-19 06:20:45
4786, VsuTkOXhmGK82D6AgiSH, 2019-10-05 11:17:27, 2019-10-19 06:20:45
4787, vxX0veUiHM4cE78YbAgB, 2019-10-05 11:17:27, 2019-10-19 06:20:45
4788, Gjz66aKZRYqYPbu3dMsx, 2019-10-05 11:17:27, 2019-10-19 06:20:45
4789, zZPBsqrlKeBxdGDNzTzj, 2019-10-05 11:17:27, 2019-10-19 06:20:45
4790, 6U0Tkxu9obMI8or4pzAC, 2019-10-05 11:17:27, 2019-10-19 06:20:45
4791, I0UcsdHtkj9zZQpwkFw6, 2019-10-05 11:17:27, 2019-10-19 06:20:45
4792, XyhT7SHj4kf2igx4P432, 2019-10-05 11:17:27, 2019-10-19 06:20:45
4793, FHbjPFSYCdmHxVJFDj3T, 2019-10-05 11:17:27, 2019-10-19 06:20:45
4794, xdZdk2Q8CxaZeLfvEovn, 2019-10-05 11:17:27, 2019-10-19 06:20:45
4795, oPdJHkn4kDx7JdXDvWq5, 2019-10-05 11:17:27, 2019-10-19 06:20:45
4796, e8YgWOZiRxR1G62D3ElK, 2019-10-05 11:17:27, 2019-10-19 06:20:45
4797, rUYVYC4FZqpaQI0MP037, 2019-10-05 11:17:27, 2019-10-19 06:20:45
4798, aRm5yfWU5AioM2N8rVTo, 2019-10-05 11:17:27, 2019-10-19 06:20:45
4799, NLCpSRMdq4Sz6gPMwYq7, 2019-10-05 11:17:27, 2019-10-19 06:20:45
4800, SOj1QwMm2FGQpXCUn7tQ, 2019-10-05 11:17:27, 2019-10-19 06:20:45
4801, menQ8Ylc6vK9GtySqNI8, 2019-10-05 11:17:27, 2019-10-19 06:20:45
4802, 1VroSurELn9EyKk6L84I, 2019-10-05 11:17:27, 2019-10-19 06:20:45
4803, kGeKKmpKEKlXtw3JAc6v, 2019-10-05 11:17:27, 2019-10-19 06:20:45
4804, wWS2aYRTVgQDKlFXvaPU, 2019-10-05 11:17:27, 2019-10-19 06:20:45
4805, nav3GsjjL2AL6TeQkmkW, 2019-10-05 11:17:27, 2019-10-19 06:20:45
4806, dNTZ02rpx7DHOofqVV04, 2019-10-05 11:17:27, 2019-10-19 06:20:45
4807, HZzML2JGpaFrASHaiFZe, 2019-10-05 11:17:27, 2019-10-19 06:20:45
4808, VG6XIgeXLsEbQVhfTgC3, 2019-10-05 11:17:27, 2019-10-19 06:20:45
4809, XHoDR2S2iZ55U1eVQKIs, 2019-10-05 11:17:27, 2019-10-19 06:20:45
4810, ojIU7RJBjj75lUkd5Yj5, 2019-10-05 11:17:27, 2019-10-19 06:20:45
4811, 3AOYBncyqNuOiGrVkFX4, 2019-10-05 11:17:27, 2019-10-19 06:20:45
4812, J5TdFFvHaQIfN7YrLCy8, 2019-10-05 11:17:27, 2019-10-19 06:20:45
4813, ROASPu1Tvp55JqkzZoM8, 2019-10-05 11:17:27, 2019-10-19 06:20:45
4814, HbYgrxhXy8ahwIfvvH8t, 2019-10-05 11:17:27, 2019-10-19 06:20:45
4815, 1Pz2JeGf4ub19EM5AZnI, 2019-10-05 11:17:27, 2019-10-19 06:20:45
4816, 5UoCfNHrTVNjAmkKYg8W, 2019-10-05 11:17:27, 2019-10-19 06:20:45
4817, i0hd2plzmRsHUUZj87kN, 2019-10-05 11:17:27, 2019-10-19 06:20:45
4818, lYNM7Oth5AYHJKidqUMv, 2019-10-05 11:17:27, 2019-10-19 06:20:45
4819, yWZDqj2Zu7p0LE7zLT1q, 2019-10-05 11:17:27, 2019-10-19 06:20:45
4820, u3ydSVTz4V768Qom45Cf, 2019-10-05 11:17:27, 2019-10-19 06:20:45
4821, vXyRvxBX353N09xqRdWD, 2019-10-05 11:17:27, 2019-10-19 06:20:45
4822, sIk6fCxMk8UUe25ORdxI, 2019-10-05 11:17:27, 2019-10-19 06:20:45
4823, 6h9Ewmjh2IVddoUohteF, 2019-10-05 11:17:27, 2019-10-19 06:20:45
4824, Gg7fsVMOcwayr9a289mr, 2019-10-05 11:17:27, 2019-10-19 06:20:45
4825, n9NbAx6yLubYeZSpgUyy, 2019-10-05 11:17:27, 2019-10-19 06:20:45
4826, F8u5oPhcJ07rdovWwTpG, 2019-10-05 11:17:27, 2019-10-19 06:20:45
4827, pIZ7PV5PZAwJrDa2IY8c, 2019-10-05 11:17:27, 2019-10-19 06:20:45
4828, cetDdGFBpBqQ2FxIinoW, 2019-10-05 11:17:27, 2019-10-19 06:20:45
4829, rziYH9jbMAX5B60dEJ60, 2019-10-05 11:17:27, 2019-10-19 06:20:45
4830, voL1yVKBCZ0w8dhlgDJ9, 2019-10-05 11:17:27, 2019-10-19 06:20:45
4831, Jr2F9a4BWx7M1kHMYocG, 2019-10-05 11:17:27, 2019-10-19 06:20:45
4832, oBShe2bYQgY1qVz5bqPg, 2019-10-05 11:17:27, 2019-10-19 06:20:45
4833, aQFM2qSXoqfrexHXXUbS, 2019-10-05 11:17:27, 2019-10-19 06:20:45
4834, 7O2MZeBfFkr3d8uuFHwj, 2019-10-05 11:17:27, 2019-10-19 06:20:45
4835, Gtm5XukIEkNIz6JmLXoc, 2019-10-05 11:17:27, 2019-10-19 06:20:45
4836, pOmpvqid5M16Cthpo4Qy, 2019-10-05 11:17:27, 2019-10-19 06:20:45
4837, B1O5goEvm8MoT4DdQt4X, 2019-10-05 11:17:27, 2019-10-19 06:20:45
4838, GubsETaI3EqtJX54UHA6, 2019-10-05 11:17:27, 2019-10-19 06:20:45
4839, LUbrQ4fedhvUOKgFt3qs, 2019-10-05 11:17:27, 2019-10-19 06:20:45
4840, g4PnAlMyyZ3gc6IAHI65, 2019-10-05 11:17:27, 2019-10-19 06:20:45
4841, cWQNWm3UCQbPMoCUU9g6, 2019-10-05 11:17:27, 2019-10-19 06:20:45
4842, xSltkrXGJ2D6IQ4dTYKn, 2019-10-05 11:17:27, 2019-10-19 06:20:45
4843, KoQ2nJz4u6vicjqQoomQ, 2019-10-05 11:17:27, 2019-10-19 06:20:45
4844, MrU9o5dY8FAZFwQx8SjN, 2019-10-05 11:17:27, 2019-10-19 06:20:45
4845, 0YcTC6auqY8JayCqNLZe, 2019-10-05 11:17:27, 2019-10-19 06:20:45
4846, YaHHzUMmw7XSWTTKlopZ, 2019-10-05 11:17:27, 2019-10-19 06:20:45
4847, Dk52eYAwyNtBsoAJqnqC, 2019-10-05 11:17:27, 2019-10-19 06:20:45
4848, tPReZxZy6OLT8Zbdg8Kx, 2019-10-05 11:17:27, 2019-10-19 06:20:45
4849, 2EWdW7BSyVpAMMu77izs, 2019-10-05 11:17:27, 2019-10-19 06:20:45
4850, TsbOqEcUDrteqqvt72Iq, 2019-10-05 11:17:27, 2019-10-19 06:20:45
4851, UWEJ3i6LF1r10NsWIjLA, 2019-10-05 11:17:27, 2019-10-19 06:20:45
4852, m0UqZ71ib3TpNC0vdefz, 2019-10-05 11:17:27, 2019-10-19 06:20:45
4853, 5eaLvD0eBBeZcYDs2giQ, 2019-10-05 11:17:27, 2019-10-19 06:20:45
4854, E0F326T3MYxsAUEypTW9, 2019-10-05 11:17:27, 2019-10-19 06:20:45
4855, 99SP4YNqDfenGbLyrIeA, 2019-10-05 11:17:27, 2019-10-19 06:20:45
4856, a98iLTAUhYprRM5qsvyy, 2019-10-05 11:17:27, 2019-10-19 06:20:45
4857, hEnp4TmcV5kB2QmfYJSR, 2019-10-05 11:17:27, 2019-10-19 06:20:45
4858, FascKNDoh1wX1VGxWH2q, 2019-10-05 11:17:27, 2019-10-19 06:20:46
4859, DW9Yb17rdLA73lu6PacF, 2019-10-05 11:17:27, 2019-10-19 06:20:46
4860, QAAiiMteOKsg9kWH5GHq, 2019-10-05 11:17:27, 2019-10-19 06:20:46
4861, RfvGFT9B1lCqFD3GWF1t, 2019-10-05 11:17:27, 2019-10-19 06:20:46
4862, vCCEKeOIiO0cEsM7MAUG, 2019-10-05 11:17:27, 2019-10-19 06:20:46
4863, hHGyyfZHtsI4IcMeLbRO, 2019-10-05 11:17:27, 2019-10-19 06:20:46
4864, weTd56n967CwbAOT0y9B, 2019-10-05 11:17:27, 2019-10-19 06:20:46
4865, IojPZxVUTQKnf79hRdpy, 2019-10-05 11:17:27, 2019-10-19 06:20:46
4866, Ctjp39rpIPckiIK4ecPu, 2019-10-05 11:17:27, 2019-10-19 06:20:46
4867, PhUW0FvNCZUR5YMHusZv, 2019-10-05 11:17:27, 2019-10-19 06:20:46
4868, 3fEe8xfhmSnfweHIEcdZ, 2019-10-05 11:17:27, 2019-10-19 06:20:46
4869, 2EFJSirQH7fc46g1NTRl, 2019-10-05 11:17:27, 2019-10-19 06:20:46
4870, d6E4FoRIfgJxM9PbFEcW, 2019-10-05 11:17:27, 2019-10-19 06:20:46
4871, UB61ONehAEKshZyOL3MO, 2019-10-05 11:17:27, 2019-10-19 06:20:46
4872, ewvkWd1u6zfYUgXkKU3u, 2019-10-05 11:17:27, 2019-10-19 06:20:46
4873, xbLNYG3NAiFgh1r7yXhO, 2019-10-05 11:17:27, 2019-10-19 06:20:46
4874, 40TplFxfZAqGAZbrrTD0, 2019-10-05 11:17:27, 2019-10-19 06:20:46
4875, Du33OJ4PFklbN90MSbPa, 2019-10-05 11:17:27, 2019-10-19 06:20:46
4876, pICr5gEkJ0YPzJMxBh1U, 2019-10-05 11:17:27, 2019-10-19 06:20:46
4877, 0lQ9f9BzxberSc2YplKR, 2019-10-05 11:17:27, 2019-10-19 06:20:46
4878, ByHMEsRkb1RqVjs0AI7v, 2019-10-05 11:17:27, 2019-10-19 06:20:46
4879, DLdKVIxlrCzGxptq8Hpx, 2019-10-05 11:17:27, 2019-10-19 06:20:46
4880, 8NIq2L7ffPhD4EK70imz, 2019-10-05 11:17:27, 2019-10-19 06:20:46
4881, 9pIGtdWvJr5CyDCizFGo, 2019-10-05 11:17:27, 2019-10-19 06:20:46
4882, YsaWdOvw8T1L2wAcXSyU, 2019-10-05 11:17:27, 2019-10-19 06:20:46
4883, YtvAcXkqYowx3lPHMsN2, 2019-10-05 11:17:27, 2019-10-19 06:20:46
4884, voNN2qQ6hyLeuDs4axHb, 2019-10-05 11:17:27, 2019-10-19 06:20:46
4885, Mpuz6IK2DI633fFhAXbO, 2019-10-05 11:17:27, 2019-10-19 06:20:46
4886, 5kZsrvLU6HNHr1ILNeWU, 2019-10-05 11:17:27, 2019-10-19 06:20:46
4887, 2N2TH3OXsVerLADV4ogV, 2019-10-05 11:17:27, 2019-10-19 06:20:46
4888, 3gqF9sg5z4b7WCfJbVbb, 2019-10-05 11:17:27, 2019-10-19 06:20:46
4889, mWvOwqHSrVLi1DSHEN4O, 2019-10-05 11:17:27, 2019-10-19 06:20:46
4890, jRyXUa4smw3rxa1FRvWR, 2019-10-05 11:17:27, 2019-10-19 06:20:46
4891, 9KW4LXIOXVGJKuEtr0Z5, 2019-10-05 11:17:27, 2019-10-19 06:20:46
4892, P4zbBeMWFHc7OvJ28voq, 2019-10-05 11:17:27, 2019-10-19 06:20:46
4893, xEFpEuwFFLS7WUZtEZRd, 2019-10-05 11:17:27, 2019-10-19 06:20:46
4894, g53bfmQpPhlPJ4dhNp4s, 2019-10-05 11:17:27, 2019-10-19 06:20:46
4895, SzHBqSBK0T67VjQifdOP, 2019-10-05 11:17:27, 2019-10-19 06:20:46
4896, DL4jwUxx0VbL6DXNCFiL, 2019-10-05 11:17:27, 2019-10-19 06:20:46
4897, S88aaAjdCYrvOQvpQIhw, 2019-10-05 11:17:27, 2019-10-19 06:20:46
4898, lA8bWnQI0VYKqBqDpkJh, 2019-10-05 11:17:27, 2019-10-19 06:20:46
4899, 0gyJgAZmRanwgHCcEVcx, 2019-10-05 11:17:27, 2019-10-19 06:20:46
4900, TcSpsXLHr7rknT9bVWu7, 2019-10-05 11:17:27, 2019-10-19 06:20:46
4901, NhWwtJtcc5qVsRgxt8Y7, 2019-10-05 11:17:27, 2019-10-19 06:20:46
4902, FPD9F87wMbxvAAZRbVaF, 2019-10-05 11:17:27, 2019-10-19 06:20:46
4903, Nx7BmGZPdZ9fAEUnfbQv, 2019-10-05 11:17:27, 2019-10-19 06:20:46
4904, JSF6vPgY3E3XDJZy4Qn9, 2019-10-05 11:17:27, 2019-10-19 06:20:46
4905, xrqtvYUjqwTLHn34F5ex, 2019-10-05 11:17:27, 2019-10-19 06:20:46
4906, hQ7J7DhLF42QNmPCeCb8, 2019-10-05 11:17:27, 2019-10-19 06:20:46
4907, zXuRxKqm1TNTl5zGHqvb, 2019-10-05 11:17:27, 2019-10-19 06:20:46
4908, ChO8wgYwMjjyU4yyOMeU, 2019-10-05 11:17:27, 2019-10-19 06:20:46
4909, h7VIPEB5V0nQxSide2Da, 2019-10-05 11:17:27, 2019-10-19 06:20:46
4910, 6dXpDaIEGkKewCexexn8, 2019-10-05 11:17:27, 2019-10-19 06:20:46
4911, 8sK4yXXqiriikv5RIm1H, 2019-10-05 11:17:27, 2019-10-19 06:20:46
4912, CU28shlSkt4tycu8ohBZ, 2019-10-05 11:17:27, 2019-10-19 06:20:46
4913, V0DO7xt13SnphdLR2oiV, 2019-10-05 11:17:27, 2019-10-19 06:20:46
4914, 84BHLVwQ9fp0vxv5egsi, 2019-10-05 11:17:27, 2019-10-19 06:20:46
4915, M5I82F5IAbEByOzIYglN, 2019-10-05 11:17:27, 2019-10-19 06:20:46
4916, ukpS7TjM2qwuqbzc9qP1, 2019-10-05 11:17:27, 2019-10-19 06:20:46
4917, mCdAnCOiGgEM92mVtBRR, 2019-10-05 11:17:27, 2019-10-19 06:20:46
4918, aMKwf0FkHL3J5wpUHLRR, 2019-10-05 11:17:27, 2019-10-19 06:20:46
4919, dDstyMesyThETvVRuEk9, 2019-10-05 11:17:27, 2019-10-19 06:20:46
4920, DFgs6CoSMcWBFZyYrjnj, 2019-10-05 11:17:27, 2019-10-19 06:20:46
4921, 1CU7FpKdEHPqbA3ljhD9, 2019-10-05 11:17:27, 2019-10-19 06:20:46
4922, Yo30gn7DOm7ULWjCkC13, 2019-10-05 11:17:27, 2019-10-19 06:20:46
4923, 3owmK0gRjYRhB5Gz2nw1, 2019-10-05 11:17:27, 2019-10-19 06:20:46
4924, LsDtbjoK6JrD1G23xgwN, 2019-10-05 11:17:27, 2019-10-19 06:20:46
4925, NWaMqWimabyfG7pNl0WQ, 2019-10-05 11:17:27, 2019-10-19 06:20:46
4926, STavlRkxi5xJPxL0CYDc, 2019-10-05 11:17:27, 2019-10-19 06:20:46
4927, 0Iar1g9D7QiFPgOeb4kh, 2019-10-05 11:17:27, 2019-10-19 06:20:46
4928, HnBcANF2seyy6Iza71OA, 2019-10-05 11:17:27, 2019-10-19 06:20:46
4929, XnMSraaHg5HUn3dAyUCq, 2019-10-05 11:17:27, 2019-10-19 06:20:46
4930, PHfKF6zr4UOoy1DBFFew, 2019-10-05 11:17:27, 2019-10-19 06:20:46
4931, tVK4nyk0EQCSoCnRvNOf, 2019-10-05 11:17:27, 2019-10-19 06:20:46
4932, GM69vrVqb3TK3JOB9D0e, 2019-10-05 11:17:27, 2019-10-19 06:20:46
4933, a7OYTq3ueel0lUfLnWvL, 2019-10-05 11:17:27, 2019-10-19 06:20:46
4934, M8nIFmy2yo1gCbT3PRDb, 2019-10-05 11:17:27, 2019-10-19 06:20:46
4935, CAsLJ4DjYZ43PFUKpWcx, 2019-10-05 11:17:27, 2019-10-19 06:20:46
4936, zVe6b4qy3ZXUhWXHXWWz, 2019-10-05 11:17:27, 2019-10-19 06:20:46
4937, N7MkVS0s3mzlbMIpF5Nm, 2019-10-05 11:17:27, 2019-10-19 06:20:46
4938, 0TqdREVnk8nH5ftfUVQv, 2019-10-05 11:17:27, 2019-10-19 06:20:46
4939, MifYB9w8KoLOKQdUQl7w, 2019-10-05 11:17:27, 2019-10-19 06:20:46
4940, zOvdfJSZ4HjMfpzUQTOU, 2019-10-05 11:17:27, 2019-10-19 06:20:46
4941, 7MH18dJQK1K2vyhLHoQM, 2019-10-05 11:17:27, 2019-10-19 06:20:46
4942, 68yD0aZ2Wd0urVaij6ny, 2019-10-05 11:17:27, 2019-10-19 06:20:46
4943, LpD4oV5L0RedBFJygcui, 2019-10-05 11:17:27, 2019-10-19 06:20:46
4944, bTrUhgD2GnaI6NpU4Td1, 2019-10-05 11:17:27, 2019-10-19 06:20:46
4945, Z4PdIuaj7w9hI4p29Xra, 2019-10-05 11:17:27, 2019-10-19 06:20:46
4946, MyIdrjd0xdtmObJDxPql, 2019-10-05 11:17:27, 2019-10-19 06:20:46
4947, aY4EDB4Im7sUWkf0I5AV, 2019-10-05 11:17:27, 2019-10-19 06:20:46
4948, k3JKg9fsBzXWsBETayId, 2019-10-05 11:17:27, 2019-10-19 06:20:46
4949, dphqkJU3HC2wiNUg5Zjc, 2019-10-05 11:17:27, 2019-10-19 06:20:46
4950, MQpsA0xZZzgS7sHFANBJ, 2019-10-05 11:17:27, 2019-10-19 06:20:46
4951, LUG1KOA8GxJnVPRle3jB, 2019-10-05 11:17:27, 2019-10-19 06:20:46
4952, BmzjNRVnkZRcSN81C1jA, 2019-10-05 11:17:27, 2019-10-19 06:20:46
4953, tq1J3rZhZqHYQwqX5lV6, 2019-10-05 11:17:27, 2019-10-19 06:20:46
4954, fg83D1xP5WEaDR6W75S0, 2019-10-05 11:17:27, 2019-10-19 06:20:46
4955, 34PQhzpimTkXLruZBApi, 2019-10-05 11:17:27, 2019-10-19 06:20:47
4956, MEkv8m2gr0VCXnhXGZyV, 2019-10-05 11:17:27, 2019-10-19 06:20:47
4957, yjPDiUh7d9vdqTptQeP8, 2019-10-05 11:17:27, 2019-10-19 06:20:47
4958, bxrKoORPDVlTH9E86EBs, 2019-10-05 11:17:27, 2019-10-19 06:20:47
4959, XRpkbUrNlco2DhhlNzXl, 2019-10-05 11:17:27, 2019-10-19 06:20:47
4960, MvzD1shM2ybh8uKKtBq6, 2019-10-05 11:17:27, 2019-10-19 06:20:47
4961, zpmxErgUrfGB3zfsmSKF, 2019-10-05 11:17:27, 2019-10-19 06:20:47
4962, wA9piiniB3jN6AQUtkAI, 2019-10-05 11:17:27, 2019-10-19 06:20:47
4963, wiSTnOdUmQu4ns1N9pU5, 2019-10-05 11:17:27, 2019-10-19 06:20:47
4964, CNezK0Jet5BA39InShKe, 2019-10-05 11:17:27, 2019-10-19 06:20:47
4965, 1exBIxyA94pjQkbkQlOk, 2019-10-05 11:17:27, 2019-10-19 06:20:47
4966, 10Em8LeFvmvSgA7EPAx5, 2019-10-05 11:17:27, 2019-10-19 06:20:47
4967, OWgM5noV2UFgI8XHMxEP, 2019-10-05 11:17:27, 2019-10-19 06:20:47
4968, 9eIeBxRjyf7sbuDGPPXO, 2019-10-05 11:17:27, 2019-10-19 06:20:47
4969, UUlNygVfLZXH98MBkhoy, 2019-10-05 11:17:27, 2019-10-19 06:20:47
4970, wVD4xfGxMAoezVsT552V, 2019-10-05 11:17:27, 2019-10-19 06:20:47
4971, j1PS81T3zi2mrYm6Zj2I, 2019-10-05 11:17:27, 2019-10-19 06:20:47
4972, Rz20utQfNv50YZrjWq18, 2019-10-05 11:17:27, 2019-10-19 06:20:47
4973, gD4E8xWmTc2bCIEHVyhq, 2019-10-05 11:17:27, 2019-10-19 06:20:47
4974, LT81VhJRJBLiPYci7eDp, 2019-10-05 11:17:27, 2019-10-19 06:20:47
4975, Ky4EiRLybj2MR5x2ymGe, 2019-10-05 11:17:27, 2019-10-19 06:20:47
4976, XDqyBqd4GPONdV3bS8R9, 2019-10-05 11:17:27, 2019-10-19 06:20:47
4977, VADI0pWNdpw2IBk0YNBO, 2019-10-05 11:17:27, 2019-10-19 06:20:47
4978, f1vE9qTWVsI017t1Jttw, 2019-10-05 11:17:27, 2019-10-19 06:20:47
4979, nNNOqQDGrGx0SfhNkYXf, 2019-10-05 11:17:27, 2019-10-19 06:20:47
4980, eiw34DmW16uEvTVTYQ3o, 2019-10-05 11:17:27, 2019-10-19 06:20:47
4981, XlBJkIU2b5iAelxdrY5U, 2019-10-05 11:17:27, 2019-10-19 06:20:47
4982, Ho37UnrxRGhgc9IhtsQI, 2019-10-05 11:17:27, 2019-10-19 06:20:47
4983, Nlv2k0QJMWLCb9JeQi9f, 2019-10-05 11:17:27, 2019-10-19 06:20:47
4984, gyg1yOAW7AQmx9yakA0T, 2019-10-05 11:17:27, 2019-10-19 06:20:47
4985, 9OlnlJLF6lgxodj9aUIF, 2019-10-05 11:17:27, 2019-10-19 06:20:47
4986, bXDrXzyEJIkb2FYmn6dZ, 2019-10-05 11:17:27, 2019-10-19 06:20:47
4987, B6pyhUgyYx07N5QQbpSt, 2019-10-05 11:17:27, 2019-10-19 06:20:47
4988, iQx3mipIEq3IB5qlmHdC, 2019-10-05 11:17:27, 2019-10-19 06:20:47
4989, h0eFJ3qVaCPnZ4U3lG7b, 2019-10-05 11:17:27, 2019-10-19 06:20:47
4990, e0NBnoEupvxPZ78ovUXH, 2019-10-05 11:17:27, 2019-10-19 06:20:47
4991, nB2NxTjHbgvm8V10dniN, 2019-10-05 11:17:27, 2019-10-19 06:20:47
4992, i4UsR4XaKljParVUDRWo, 2019-10-05 11:17:27, 2019-10-19 06:20:47
4993, Q33mTaxynvgWRm1n3pe4, 2019-10-05 11:17:27, 2019-10-19 06:20:47
4994, B3qBcGGYjfKI3RYrSjZG, 2019-10-05 11:17:27, 2019-10-19 06:20:47
4995, FzDOzOIgK2SJZJv3vUSF, 2019-10-05 11:17:27, 2019-10-19 06:20:47
4996, 3cyWN4UNgrU6gHxsOY02, 2019-10-05 11:17:27, 2019-10-19 06:20:47
4997, Kc3mKtA0rRvXBiqMvCYH, 2019-10-05 11:17:27, 2019-10-19 06:20:47
4998, aR5tKx2k1HVon5wr3wUj, 2019-10-05 11:17:27, 2019-10-19 06:20:47
4999, h192Xts7v1JQ3olk1rXc, 2019-10-05 11:17:27, 2019-10-19 06:20:47
5000, dWLBGgc92ycQcRBSSXUF, 2019-10-05 11:17:27, 2019-10-19 06:20:47
5001, LIrJeY5I7UHDfZY8p0zv, 2019-10-05 11:17:27, 2019-10-19 06:20:47
5002, iN5VY4050Ex8XFgMiqVH, 2019-10-05 11:17:27, 2019-10-19 06:20:47
5003, 9D2BobveBXeeYOKmGvKv, 2019-10-05 11:17:27, 2019-10-19 06:20:47
5004, sSIoivjTiWzebwq25pvo, 2019-10-05 11:17:27, 2019-10-19 06:20:47
5005, XIlDlP1QczxhIIgVzcwF, 2019-10-05 11:17:27, 2019-10-19 06:20:47
5006, cQiOMaQKT5Ks4A4TbZfR, 2019-10-05 11:17:27, 2019-10-19 06:20:47
5007, ylpaPt2sVBlfaKSqcFoi, 2019-10-05 11:17:27, 2019-10-19 06:20:47
5008, j1K6SMY8pZVnnuNiRfJ1, 2019-10-05 11:17:27, 2019-10-19 06:20:47
5009, HdUiCL16UfyTYLqJrx6O, 2019-10-05 11:17:27, 2019-10-19 06:20:47
5010, SBCF48V5b5cGJzDxCeLn, 2019-10-05 11:17:27, 2019-10-19 06:20:47
5011, fFyOyBtcPnQWMWTqwKoT, 2019-10-05 11:17:27, 2019-10-19 06:20:47
5012, wLkXN6zM6vkyk3SLYRSM, 2019-10-05 11:17:27, 2019-10-19 06:20:47
5013, 89WVWON3AkwkXypuXaY5, 2019-10-05 11:17:27, 2019-10-19 06:20:47
5014, R9X6QQmqCV0kem2Y08YO, 2019-10-05 11:17:27, 2019-10-19 06:20:47
5015, Cd8aO9K0hScC1UBVsXhY, 2019-10-05 11:17:27, 2019-10-19 06:20:47
5016, lfOpaldN1n27LyaHibMS, 2019-10-05 11:17:27, 2019-10-19 06:20:47
5017, eDVr9SdWYk5rlPwfASQ5, 2019-10-05 11:17:27, 2019-10-19 06:20:47
5018, lQ1ofR4wZh2X8Vam3FqX, 2019-10-05 11:17:27, 2019-10-19 06:20:47
5019, LUubbj8MID3GZWjm8f2S, 2019-10-05 11:17:27, 2019-10-19 06:20:47
5020, 3WeSCHcQ5las6BALWsyT, 2019-10-05 11:17:27, 2019-10-19 06:20:47
5021, boQd59ztpoXWOIdVkuqY, 2019-10-05 11:17:27, 2019-10-19 06:20:47
5022, LtBGGN4H4CDpZSuqA0pQ, 2019-10-05 11:17:27, 2019-10-19 06:20:47
5023, PTsc5lbSDxB9c2k6nIi3, 2019-10-05 11:17:27, 2019-10-19 06:20:47
5024, oQEb9PD6nPuzaiPz1k17, 2019-10-05 11:17:27, 2019-10-19 06:20:47
5025, jrYMmBA0p0cFA3GOaCE7, 2019-10-05 11:17:27, 2019-10-19 06:20:47
5026, nAaIzoErhQHAYJV9cAwY, 2019-10-05 11:17:27, 2019-10-19 06:20:47
5027, 2aurdvwhOoPEtVOrKMyX, 2019-10-05 11:17:27, 2019-10-19 06:20:47
5028, OfchmbQmQbYLz7U1ELpI, 2019-10-05 11:17:27, 2019-10-19 06:20:47
5029, e7ALfNby08MWdfKtuUwQ, 2019-10-05 11:17:27, 2019-10-19 06:20:47
5030, 63ZXCUgT6uZSFXj4OLzD, 2019-10-05 11:17:27, 2019-10-19 06:20:47
5031, ouIFwjK9jUL7D184XThW, 2019-10-05 11:17:27, 2019-10-19 06:20:47
5032, NQcwPcLckTWHbpmWYQZ6, 2019-10-05 11:17:27, 2019-10-19 06:20:47
5033, vxva97QDrEK03bi0cHTS, 2019-10-05 11:17:27, 2019-10-19 06:20:47
5034, 0IPaNhIenw2ciNGpCpI0, 2019-10-05 11:17:27, 2019-10-19 06:20:47
5035, y5c9NY4E7AnrNd4XpBuR, 2019-10-05 11:17:27, 2019-10-19 06:20:47
5036, ktpwcsvXLA2Lct1hsSwP, 2019-10-05 11:17:27, 2019-10-19 06:20:47
5037, C18SLJDN5LqAF7h3oii4, 2019-10-05 11:17:27, 2019-10-19 06:20:47
5038, 11YEzyILwOf5GVLqYwZG, 2019-10-05 11:17:27, 2019-10-19 06:20:47
5039, Ohco584MIiV0bggddkFi, 2019-10-05 11:17:27, 2019-10-19 06:20:47
5040, eLBkLZoEIGu2eTYE5O7n, 2019-10-05 11:17:27, 2019-10-19 06:20:47
5041, vDH8LAcSFlucqyNETbpj, 2019-10-05 11:17:27, 2019-10-19 06:20:47
5042, vj2qbdf7I3mS7GyQScXn, 2019-10-05 11:17:27, 2019-10-19 06:20:47
5043, h6UKn0jh6t1Lz4cvulM0, 2019-10-05 11:17:27, 2019-10-19 06:20:47
5044, dZfOlLmB6ZmtJfX8gyWU, 2019-10-05 11:17:27, 2019-10-19 06:20:47
5045, ZCVkwRz5lCXgI3eDtac2, 2019-10-05 11:17:27, 2019-10-19 06:20:47
5046, AYIVlTc2cK1R9SCxyz5g, 2019-10-05 11:17:27, 2019-10-19 06:20:47
5047, W2kohdbRLyDz2n238wHI, 2019-10-05 11:17:27, 2019-10-19 06:20:47
5048, 4RaN3e3bS5oSvb8exp5x, 2019-10-05 11:17:27, 2019-10-19 06:20:47
5049, tMwMTCvm4JXoWMotphHi, 2019-10-05 11:17:27, 2019-10-19 06:20:47
5050, 7gPIVqkyi3yifw21e3yb, 2019-10-05 11:17:27, 2019-10-19 06:20:47
5051, HMHAemfqA1ovRSVN9QJ4, 2019-10-05 11:17:27, 2019-10-19 06:20:47
5052, npbhzovVRzZHEVu8bfDN, 2019-10-05 11:17:27, 2019-10-19 06:20:47
5053, Vvc75goA38o8rl4krZQG, 2019-10-05 11:17:27, 2019-10-19 06:20:48
5054, iFVaJTfkoSGHwJW9zROx, 2019-10-05 11:17:27, 2019-10-19 06:20:48
5055, Z0xSiUeN07w2ySKL8DGG, 2019-10-05 11:17:27, 2019-10-19 06:20:48
5056, muNqQG8w172FSSlT5P2K, 2019-10-05 11:17:27, 2019-10-19 06:20:48
5057, OuQDYkGKA3yeZRdf17cW, 2019-10-05 11:17:27, 2019-10-19 06:20:48
5058, EZB9RPoqvvD833tQbkSb, 2019-10-05 11:17:27, 2019-10-19 06:20:48
5059, Zn2NdZH21a3vQjikEyM9, 2019-10-05 11:17:27, 2019-10-19 06:20:48
5060, 4urKNPk8R2wOoHlgynmp, 2019-10-05 11:17:27, 2019-10-19 06:20:48
5061, 0RCbuARF485Q0RXhK1Fv, 2019-10-05 11:17:27, 2019-10-19 06:20:48
5062, WAUoqkFws6UxgoW020yT, 2019-10-05 11:17:27, 2019-10-19 06:20:48
5063, TWrGnOg99Je9Ekr3WLOq, 2019-10-05 11:17:27, 2019-10-19 06:20:48
5064, k5zmqGOyIq5zO1En0WH8, 2019-10-05 11:17:27, 2019-10-19 06:20:48
5065, RRBvFsjYd4JPqixjoWhu, 2019-10-05 11:17:27, 2019-10-19 06:20:48
5066, 0c0TDGT7xE7gQQWLxNSo, 2019-10-05 11:17:27, 2019-10-19 06:20:48
5067, TbMoIDi6I4ouR7E9j42t, 2019-10-05 11:17:27, 2019-10-19 06:20:48
5068, HGpzwOeNgkII2sG22lXv, 2019-10-05 11:17:27, 2019-10-19 06:20:48
5069, U2n76ZGSXeNVwiS5CrhP, 2019-10-05 11:17:27, 2019-10-19 06:20:48
5070, 33cBg8Fs2qTTqy1XAp6v, 2019-10-05 11:17:27, 2019-10-19 06:20:48
5071, s8Lo79PHcXwBEwbgEIin, 2019-10-05 11:17:27, 2019-10-19 06:20:48
5072, WzfuzpCFHEpjb1wUJsWZ, 2019-10-05 11:17:27, 2019-10-19 06:20:48
5073, lavn4DoZuzivMK11PDK9, 2019-10-05 11:17:27, 2019-10-19 06:20:48
5074, 3QipShteU1ds2T0I00Xb, 2019-10-05 11:17:27, 2019-10-19 06:20:48
5075, VE2KcSN8EqzbrBtM5ce2, 2019-10-05 11:17:27, 2019-10-19 06:20:48
5076, 7XhIiqMnQaaTbvuQX7E7, 2019-10-05 11:17:27, 2019-10-19 06:20:48
5077, TdbBQFkIh0Alsf8FQSf7, 2019-10-05 11:17:27, 2019-10-19 06:20:48
5078, ajYGRB4zGcixGl0KrJk8, 2019-10-05 11:17:27, 2019-10-19 06:20:48
5079, WVO117eRa0XdYJJSK4fU, 2019-10-05 11:17:27, 2019-10-19 06:20:48
5080, lDIxG1AQ5XEo0awqP3JK, 2019-10-05 11:17:27, 2019-10-19 06:20:48
5081, b8xk5MHm0Anw5M904o7l, 2019-10-05 11:17:27, 2019-10-19 06:20:48
5082, i3df5B2ZpiceKoPxRPki, 2019-10-05 11:17:27, 2019-10-19 06:20:48
5083, MYTet66W0gbpI4sF8Ur5, 2019-10-05 11:17:27, 2019-10-19 06:20:48
5084, OmLn2ZWsIIN3TGVDaznz, 2019-10-05 11:17:27, 2019-10-19 06:20:48
5085, 8Gg0tEwUJTyTxeZ8fLNc, 2019-10-05 11:17:27, 2019-10-19 06:20:48
5086, 6wSoSLvBZHjDlBACmDFU, 2019-10-05 11:17:27, 2019-10-19 06:20:48
5087, YpVXBNkCLgVBKMC85KlV, 2019-10-05 11:17:27, 2019-10-19 06:20:48
5088, FKrbEkzlpH3cVNQKIyko, 2019-10-05 11:17:27, 2019-10-19 06:20:48
5089, 9xiu0UClkb3S98y5GnXk, 2019-10-05 11:17:27, 2019-10-19 06:20:48
5090, teXkQGOmm96n7QaD4tMK, 2019-10-05 11:17:27, 2019-10-19 06:20:48
5091, gjK7jawi1IxMopVZYuOX, 2019-10-05 11:17:27, 2019-10-19 06:20:48
5092, 96M0V59CXWcK5ssUVn4D, 2019-10-05 11:17:27, 2019-10-19 06:20:48
5093, Nxb0Rve8J79RoJCAyANX, 2019-10-05 11:17:27, 2019-10-19 06:20:48
5094, JmARh8cqN4VUby64KD4e, 2019-10-05 11:17:27, 2019-10-19 06:20:48
5095, CHt8GHhqwaY4kSJlaS9L, 2019-10-05 11:17:27, 2019-10-19 06:20:48
5096, MDBBcnSGfPof1YztUBeY, 2019-10-05 11:17:27, 2019-10-19 06:20:48
5097, BhSkriaPOQZ3Ca4nKvHr, 2019-10-05 11:17:27, 2019-10-19 06:20:48
5098, bsNE2ToHcWEBDW89chuW, 2019-10-05 11:17:27, 2019-10-19 06:20:48
5099, 9zKaMD0FMiGTRx5alAYa, 2019-10-05 11:17:27, 2019-10-19 06:20:48
5100, FnO77M2h6WESgWED8Lg9, 2019-10-05 11:17:27, 2019-10-19 06:20:48
5101, q3tuMzFjufLAj75grGSA, 2019-10-05 11:17:27, 2019-10-19 06:20:48
5102, oQUD8EKKyqwG29PuD5lM, 2019-10-05 11:17:27, 2019-10-19 06:20:48
5103, P1E1XM2BMpTT1N2VOFIL, 2019-10-05 11:17:27, 2019-10-19 06:20:48
5104, cH9v2ho0mReBnJ00sQtS, 2019-10-05 11:17:27, 2019-10-19 06:20:48
5105, fzS8E4yOZn2nMEibN5Bn, 2019-10-05 11:17:27, 2019-10-19 06:20:48
5106, 2b7uDQK114sGB3TuLEdC, 2019-10-05 11:17:27, 2019-10-19 06:20:48
5107, Cc0JcaN7LWFP0DPckZZo, 2019-10-05 11:17:27, 2019-10-19 06:20:48
5108, F3cpeusfwYYYnjsO53ID, 2019-10-05 11:17:27, 2019-10-19 06:20:48
5109, cpwcKpVxZxF5wjA3E8In, 2019-10-05 11:17:27, 2019-10-19 06:20:48
5110, s34RY4ljBVdftIlsGiUc, 2019-10-05 11:17:27, 2019-10-19 06:20:48
5111, Reo2uBljP5avM7weWipw, 2019-10-05 11:17:27, 2019-10-19 06:20:48
5112, ulIiJnvjNWtUFUAaWiKJ, 2019-10-05 11:17:27, 2019-10-19 06:20:48
5113, GqUuSTB35w2GNOmLPpeT, 2019-10-05 11:17:27, 2019-10-19 06:20:48
5114, jcEcFGVDG468IYi2kf1z, 2019-10-05 11:17:27, 2019-10-19 06:20:48
5115, Itkp7wWXov0PtFL73QER, 2019-10-05 11:17:27, 2019-10-19 06:20:48
5116, SqV3WcB1yUC6UaolTjdt, 2019-10-05 11:17:27, 2019-10-19 06:20:48
5117, LLtKYlRWc7R2QouS1Rqb, 2019-10-05 11:17:27, 2019-10-19 06:20:48
5118, yEKoCvAYFPzTwWIfiXKf, 2019-10-05 11:17:27, 2019-10-19 06:20:48
5119, OIzbkasu4IGGXSQE4gT6, 2019-10-05 11:17:27, 2019-10-19 06:20:48
5120, QotiaVXb9ICAkQH5vFA1, 2019-10-05 11:17:27, 2019-10-19 06:20:48
5121, f7fQo6VXPF9uMoy77yM3, 2019-10-05 11:17:27, 2019-10-19 06:20:48
5122, kSczP5534247CfSuw0gg, 2019-10-05 11:17:27, 2019-10-19 06:20:48
5123, EuGzsPjGDk8TCLFNlxQc, 2019-10-05 11:17:27, 2019-10-19 06:20:48
5124, GuyGdIcvhZb1rr5XUMJ0, 2019-10-05 11:17:27, 2019-10-19 06:20:48
5125, svX1fpAXQZODfhYEYTbM, 2019-10-05 11:17:27, 2019-10-19 06:20:48
5126, 3Zw9MSxG6O58kLZjEg8N, 2019-10-05 11:17:27, 2019-10-19 06:20:48
5127, nOyeLpOlQ5lHIGiolCj3, 2019-10-05 11:17:27, 2019-10-19 06:20:48
5128, TKzf43Pam7xqAQNhe77F, 2019-10-05 11:17:27, 2019-10-19 06:20:48
5129, gTKPOZWtuexcmXhKGhOl, 2019-10-05 11:17:27, 2019-10-19 06:20:48
5130, sUPDcNkmCswEb8i2R3gy, 2019-10-05 11:17:27, 2019-10-19 06:20:48
5131, gRjMCwVUy1FTGVSMkQc4, 2019-10-05 11:17:27, 2019-10-19 06:20:48
5132, 0TVoYCy6G1yAF2b8OAL7, 2019-10-05 11:17:27, 2019-10-19 06:20:48
5133, oquH2kN0pTapaa8QUYnr, 2019-10-05 11:17:27, 2019-10-19 06:20:48
5134, KnpWMyyMxNiiPKABRWDi, 2019-10-05 11:17:27, 2019-10-19 06:20:48
5135, cDi6UjMKGL5tAAbMsKXc, 2019-10-05 11:17:27, 2019-10-19 06:20:48
5136, YTfzQZq5VgpuiffT7xw3, 2019-10-05 11:17:27, 2019-10-19 06:20:48
5137, cOc6Kn927rfoX6dzJBYS, 2019-10-05 11:17:27, 2019-10-19 06:20:48
5138, KgQwjz7Oh81zWYTXiilF, 2019-10-05 11:17:27, 2019-10-19 06:20:48
5139, 52nvaR94aq74N7N3WJqn, 2019-10-05 11:17:27, 2019-10-19 06:20:48
5140, yZruIS5R5YDCqcb9mCwI, 2019-10-05 11:17:27, 2019-10-19 06:20:48
5141, SoFSvVZNSisWWBQNFfCs, 2019-10-05 11:17:27, 2019-10-19 06:20:48
5142, NWmPHyz58oRyxeDLgyEC, 2019-10-05 11:17:27, 2019-10-19 06:20:48
5143, NyTw6B7TZcPALUNiXo2g, 2019-10-05 11:17:27, 2019-10-19 06:20:48
5144, B9J5dMEV3kcudffrAhZd, 2019-10-05 11:17:27, 2019-10-19 06:20:48
5145, azuyFa6RzMYtQT9W86f1, 2019-10-05 11:17:27, 2019-10-19 06:20:48
5146, RPwa6b2xoHwkeOIEZkPl, 2019-10-05 11:17:27, 2019-10-19 06:20:48
5147, 7lc2Vf8vwTMKAergVWJb, 2019-10-05 11:17:27, 2019-10-19 06:20:48
5148, H6RSq8n9VPQvZ1pdkrHS, 2019-10-05 11:17:27, 2019-10-19 06:20:48
5149, QHM9iXFsu6GNHjWCCv2R, 2019-10-05 11:17:27, 2019-10-19 06:20:48
5150, gg6oPH9Kq62WdWXkogQH, 2019-10-05 11:17:27, 2019-10-19 06:20:48
5151, 4XVgMQC3GK7VhF03e9Io, 2019-10-05 11:17:27, 2019-10-19 06:20:48
5152, 3rTa3S9rm1lTDcg2UTRl, 2019-10-05 11:17:27, 2019-10-19 06:20:48
5153, KeJmr6lENtl3Ox3w1QFf, 2019-10-05 11:17:27, 2019-10-19 06:20:48
5154, iyXLCzOt0FcfmW8xZbIo, 2019-10-05 11:17:27, 2019-10-19 06:20:48
5155, 7fjGK1ObTAOtv5gIe1Zr, 2019-10-05 11:17:27, 2019-10-19 06:20:48
5156, FB7TABFchiwYWC7Bhupv, 2019-10-05 11:17:27, 2019-10-19 06:20:48
5157, xqQuCMbKzkFaNR8KBX8z, 2019-10-05 11:17:27, 2019-10-19 06:20:48
5158, bkRKNIx1J6VHUQs0dPMb, 2019-10-05 11:17:27, 2019-10-19 06:20:48
5159, N7JCsdupjkfEWFBMHhTd, 2019-10-05 11:17:27, 2019-10-19 06:20:48
5160, gVk6wsRYhqPYTrQZ4zlR, 2019-10-05 11:17:27, 2019-10-19 06:20:48
5161, pDjW4wrRHg6ZN9gCGAiU, 2019-10-05 11:17:27, 2019-10-19 06:20:48
5162, rZnrdTe6cByQtELlcS9p, 2019-10-05 11:17:27, 2019-10-19 06:20:48
5163, ls9kkrMGhp6Eq1Tom5Ml, 2019-10-05 11:17:27, 2019-10-19 06:20:48
5164, uMZPHo04ymOQ7TSMoUKK, 2019-10-05 11:17:27, 2019-10-19 06:20:48
5165, kYsnrOxSxfcjCaIhh2QP, 2019-10-05 11:17:27, 2019-10-19 06:20:48
5166, DzH4Ywg1ku7m92wQGK77, 2019-10-05 11:17:27, 2019-10-19 06:20:48
5167, HkWnmWugEQxQWwTXbpYl, 2019-10-05 11:17:27, 2019-10-19 06:20:48
5168, 2g3vDOe6F4xmbTj2ObCX, 2019-10-05 11:17:27, 2019-10-19 06:20:48
5169, od9edZizkdc3KGC8gm7n, 2019-10-05 11:17:27, 2019-10-19 06:20:48
5170, j56NfTZBZwJ4fHIfRMyc, 2019-10-05 11:17:27, 2019-10-19 06:20:48
5171, iSmWHVF5375iEokydHn5, 2019-10-05 11:17:27, 2019-10-19 06:20:48
5172, 23ztZ21XHNJaZUW5TPwK, 2019-10-05 11:17:27, 2019-10-19 06:20:48
5173, XMrB4BU06Mr6UEUJiMil, 2019-10-05 11:17:27, 2019-10-19 06:20:48
5174, JQ4cZfxZgobaTgscjZ1f, 2019-10-05 11:17:27, 2019-10-19 06:20:48
5175, wOCx2anYYfoJurA6JjhA, 2019-10-05 11:17:27, 2019-10-19 06:20:48
5176, D3IceL7IfGLIO9SfjRvw, 2019-10-05 11:17:27, 2019-10-19 06:20:48
5177, wVJFn1y8MTzpdZhQiN4j, 2019-10-05 11:17:27, 2019-10-19 06:20:48
5178, IDlqT83eanNLvhZfhjAv, 2019-10-05 11:17:27, 2019-10-19 06:20:48
5179, 0cExFnM4KBHPg4ScWWFU, 2019-10-05 11:17:27, 2019-10-19 06:20:48
5180, npmiLWa6SnY1tCrZUwhV, 2019-10-05 11:17:27, 2019-10-19 06:20:48
5181, Bpe5gI1gpAtnjNyWq5n6, 2019-10-05 11:17:27, 2019-10-19 06:20:48
5182, qB6FUlDr7dyWXujVwFHk, 2019-10-05 11:17:27, 2019-10-19 06:20:48
5183, KwPZ7JGzu1fdTOvSI5xK, 2019-10-05 11:17:27, 2019-10-19 06:20:48
5184, q9mAgSzPSiVMUwEqI8en, 2019-10-05 11:17:27, 2019-10-19 06:20:48
5185, 4RMCaIrFgh5C7IrFDkli, 2019-10-05 11:17:27, 2019-10-19 06:20:48
5186, 4CHZCNcDW3a47if6xrbJ, 2019-10-05 11:17:27, 2019-10-19 06:20:48
5187, 8IcZhX6fW8MI9PEiNQRp, 2019-10-05 11:17:27, 2019-10-19 06:20:48
5188, BExLEvtJtuVvNxCj81xI, 2019-10-05 11:17:27, 2019-10-19 06:20:48
5189, vgpw0v2juxw3yOye37gL, 2019-10-05 11:17:27, 2019-10-19 06:20:48
5190, gvgv1OuazZbhWrv3Qjxo, 2019-10-05 11:17:27, 2019-10-19 06:20:48
5191, tKdc8GLaS4HUS7ee1D8F, 2019-10-05 11:17:27, 2019-10-19 06:20:48
5192, Bt4H0FOL8z2kXfexF1Q5, 2019-10-05 11:17:27, 2019-10-19 06:20:48
5193, BLfoNqnjdawxQGOESlMZ, 2019-10-05 11:17:27, 2019-10-19 06:20:48
5194, OLNIA5utqCAZ6Ar2M4Jz, 2019-10-05 11:17:27, 2019-10-19 06:20:48
5195, hZzAFLAgTG2LRD1YrIZN, 2019-10-05 11:17:27, 2019-10-19 06:20:48
5196, GHe8Ho0DXFcijVeUXoxr, 2019-10-05 11:17:27, 2019-10-19 06:20:48
5197, BK4WUby25v9LcsbCr4Ni, 2019-10-05 11:17:27, 2019-10-19 06:20:48
5198, g97ID5AtONZ5tW0YXV4D, 2019-10-05 11:17:27, 2019-10-19 06:20:48
5199, rlCliOFfGi4n7QkOppP6, 2019-10-05 11:17:27, 2019-10-19 06:20:48
5200, gcjiNXfYSZ0szgPPEw4D, 2019-10-05 11:17:27, 2019-10-19 06:20:48
5201, pzPlmM4RQQrdZnxFJbbC, 2019-10-05 11:17:27, 2019-10-19 06:20:48
5202, DHnvKnndIzbMkVvPZh5e, 2019-10-05 11:17:27, 2019-10-19 06:20:48
5203, tLy2cjVc8dRycMCd0aPo, 2019-10-05 11:17:27, 2019-10-19 06:20:48
5204, rjIADdmTAmrIUzDLGaw0, 2019-10-05 11:17:27, 2019-10-19 06:20:48
5205, qU5MyRCofiJKrhPjJoJC, 2019-10-05 11:17:27, 2019-10-19 06:20:48
5206, F8GhFzQR4VN9KwBEWckd, 2019-10-05 11:17:27, 2019-10-19 06:20:48
5207, mbwktMmAm8YPywD7IKrt, 2019-10-05 11:17:27, 2019-10-19 06:20:48
5208, jE04mOuodbHUkbD428cS, 2019-10-05 11:17:27, 2019-10-19 06:20:48
5209, 3xlA5LeQtWn8K87oCQYq, 2019-10-05 11:17:27, 2019-10-19 06:20:48
5210, ozFmyXe0kixXklXsGKcE, 2019-10-05 11:17:27, 2019-10-19 06:20:48
5211, phQakpOjZvNoHOfxDJKj, 2019-10-05 11:17:27, 2019-10-19 06:20:48
5212, yUWum613YiZfsPh9HcGx, 2019-10-05 11:17:27, 2019-10-19 06:20:48
5213, idBSBUO7Rs41D7iGvf9M, 2019-10-05 11:17:27, 2019-10-19 06:20:48
5214, n1oE01C6mECS96zJGQzC, 2019-10-05 11:17:27, 2019-10-19 06:20:48
5215, 7UYK6gOFiOUhwp2zLKDx, 2019-10-05 11:17:27, 2019-10-19 06:20:48
5216, pI2IAXTdvm0uoqLAZBeh, 2019-10-05 11:17:27, 2019-10-19 06:20:48
5217, xThnINLBalhRlGRQs8pA, 2019-10-05 11:17:27, 2019-10-19 06:20:48
5218, wLFA63Mx3vsGOExQmeYJ, 2019-10-05 11:17:27, 2019-10-19 06:20:48
5219, BW4ZPPtYoTYEiL6yCx1b, 2019-10-05 11:17:27, 2019-10-19 06:20:48
5220, lwbudCPhZxS4FolXGmEg, 2019-10-05 11:17:27, 2019-10-19 06:20:48
5221, Q5ZuHPjeAOddPEI5j9el, 2019-10-05 11:17:27, 2019-10-19 06:20:48
5222, YjABdk9Yomqap2M5QInt, 2019-10-05 11:17:27, 2019-10-19 06:20:48
5223, gGbzDT6CXKMjafLFoXUj, 2019-10-05 11:17:27, 2019-10-19 06:20:48
5224, c3j7aX8UVbaDsdYN2Seo, 2019-10-05 11:17:27, 2019-10-19 06:20:48
5225, 9KAEWgjWFbaiwjGVX1Tw, 2019-10-05 11:17:27, 2019-10-19 06:20:48
5226, hXVZnRzBAhvuifJFSp8g, 2019-10-05 11:17:27, 2019-10-19 06:20:48
5227, pYN0elrMCv3uo2o6Xqrc, 2019-10-05 11:17:27, 2019-10-19 06:20:48
5228, yrTQqPdyqy4C6kuZy0nx, 2019-10-05 11:17:27, 2019-10-19 06:20:48
5229, P94O6pFKdYAH3fDU8l2S, 2019-10-05 11:17:27, 2019-10-19 06:20:48
5230, jkf1qrBAOJchx5FyJRC0, 2019-10-05 11:17:27, 2019-10-19 06:20:48
5231, 6m1Fq0KLbqXed6YqTTGN, 2019-10-05 11:17:27, 2019-10-19 06:20:48
5232, kPuyBrRNmUG8cA6j80xl, 2019-10-05 11:17:27, 2019-10-19 06:20:48
5233, wMJL9NjsIe8mjG9BhOLi, 2019-10-05 11:17:27, 2019-10-19 06:20:48
5234, xNavpiYkEEeKn1Sbdivw, 2019-10-05 11:17:27, 2019-10-19 06:20:48
5235, bR28EgjtNvbzIhoAxRo5, 2019-10-05 11:17:27, 2019-10-19 06:20:48
5236, BNMeflqJYmdAbyFFO23Q, 2019-10-05 11:17:27, 2019-10-19 06:20:49
5237, 7T4H5dsrJ7uFqRZElwRE, 2019-10-05 11:17:27, 2019-10-19 06:20:49
5238, tTKzyye5S6aCPh47QZGM, 2019-10-05 11:17:27, 2019-10-19 06:20:49
5239, 7GR3SBrWz4wPKSRTINKS, 2019-10-05 11:17:27, 2019-10-19 06:20:49
5240, xIm1zsNdCP9YMFpjJfcK, 2019-10-05 11:17:27, 2019-10-19 06:20:49
5241, dFCxZWOwWZJ6YhyZIU7e, 2019-10-05 11:17:27, 2019-10-19 06:20:49
5242, ml4NR1knwkiSyqTLkfMy, 2019-10-05 11:17:27, 2019-10-19 06:20:49
5243, 1v6AImxEC6kFuCCxw1pN, 2019-10-05 11:17:27, 2019-10-19 06:20:49
5244, yQgYZDIHx4Cdjwv28Dqr, 2019-10-05 11:17:27, 2019-10-19 06:20:49
5245, 4NgXc5cF6JeP8aV90Xj3, 2019-10-05 11:17:27, 2019-10-19 06:20:49
5246, sX4CzY9kc4WOmu7viVal, 2019-10-05 11:17:27, 2019-10-19 06:20:49
5247, GgxLM5iUYPqOmpQkw21o, 2019-10-05 11:17:27, 2019-10-19 06:20:49
5248, 0cQwKPtI6yriiZCLmBAB, 2019-10-05 11:17:27, 2019-10-19 06:20:49
5249, oOzdRBhsC48pAnBWzmCT, 2019-10-05 11:17:27, 2019-10-19 06:20:49
5250, XHd4geom7HIFtQ0wZtCd, 2019-10-05 11:17:27, 2019-10-19 06:20:49
5251, SeobLprUozvBqY4KN9mc, 2019-10-05 11:17:27, 2019-10-19 06:20:49
5252, BmxwlCPjdNWR9G9WzB4B, 2019-10-05 11:17:27, 2019-10-19 06:20:49
5253, jPvEypfHtPNbnP73BOy8, 2019-10-05 11:17:27, 2019-10-19 06:20:49
5254, tZx0aKFHut4rdkO879JH, 2019-10-05 11:17:27, 2019-10-19 06:20:49
5255, iAlNUk2qEeumVjlKItOt, 2019-10-05 11:17:27, 2019-10-19 06:20:49
5256, MKfpK9PBeDQqcGp6m20y, 2019-10-05 11:17:27, 2019-10-19 06:20:49
5257, PJKGhdYJVDs0p0elhom9, 2019-10-05 11:17:27, 2019-10-19 06:20:49
5258, tHiRuKuG7AiJf8Ww6gn7, 2019-10-05 11:17:27, 2019-10-19 06:20:49
5259, WYonBDzcsMyXxpQ3RD4T, 2019-10-05 11:17:27, 2019-10-19 06:20:49
5260, r6WZ3ss11DxPgkVfMMvj, 2019-10-05 11:17:27, 2019-10-19 06:20:49
5261, 41I9VsyWTBDbpqS8WMCi, 2019-10-05 11:17:27, 2019-10-19 06:20:49
5262, ENrXVDxIjLrPNlr7Zk5d, 2019-10-05 11:17:27, 2019-10-19 06:20:49
5263, lmVUsrxr19inhE6FjzfV, 2019-10-05 11:17:27, 2019-10-19 06:20:49
5264, haoT9LG6YwKxH8WBbpEm, 2019-10-05 11:17:27, 2019-10-19 06:20:49
5265, Ps1uEnn3moreNBNY5aiS, 2019-10-05 11:17:27, 2019-10-19 06:20:49
5266, M4pZnLOGxvWgMPUHrMI4, 2019-10-05 11:17:27, 2019-10-19 06:20:49
5267, CAoElkplOothNPNvdmcB, 2019-10-05 11:17:27, 2019-10-19 06:20:49
5268, gUI9m6mZ2vmJIRlL3Is1, 2019-10-05 11:17:27, 2019-10-19 06:20:49
5269, PzOVLP9DeJ8oY2OeAdyg, 2019-10-05 11:17:27, 2019-10-19 06:20:49
5270, XBnpLl81wAOig7Yz9syH, 2019-10-05 11:17:27, 2019-10-19 06:20:49
5271, nF7hCCpCIzyRBB9m3TuR, 2019-10-05 11:17:27, 2019-10-19 06:20:49
5272, JLQ3ie5G7Q9vinmOVt5d, 2019-10-05 11:17:27, 2019-10-19 06:20:49
5273, uVANr2ir47rj9p4OUNIa, 2019-10-05 11:17:27, 2019-10-19 06:20:49
5274, z5vI52kfEmNk3bptuySf, 2019-10-05 11:17:27, 2019-10-19 06:20:49
5275, kJpjww3gsBzotRTGE1gd, 2019-10-05 11:17:27, 2019-10-19 06:20:49
5276, ddSxzYm3veZnRfwNPAjn, 2019-10-05 11:17:27, 2019-10-19 06:20:49
5277, WjwUexlAiCitOaC9cq6W, 2019-10-05 11:17:27, 2019-10-19 06:20:49
5278, kSB8yVhFsh1e9HeTFP6d, 2019-10-05 11:17:27, 2019-10-19 06:20:49
5279, 33cmBpJHIiCZ1IIVLckN, 2019-10-05 11:17:27, 2019-10-19 06:20:49
5280, JgQq6DV5kvoTRk7mH96J, 2019-10-05 11:17:27, 2019-10-19 06:20:49
5281, VyTSG4WIsgXrvoCCmKgf, 2019-10-05 11:17:27, 2019-10-19 06:20:49
5282, ULxGzPHbbXhySz1ZARPu, 2019-10-05 11:17:27, 2019-10-19 06:20:49
5283, ALnU27hoKJTbYb4ulCMr, 2019-10-05 11:17:27, 2019-10-19 06:20:49
5284, FSuERzAwl4cWPrRTmcYx, 2019-10-05 11:17:27, 2019-10-19 06:20:49
5285, Kvwj4vQ1lHhcTl9liSOx, 2019-10-05 11:17:27, 2019-10-19 06:20:49
5286, 3NETFt7iTRRnWljDNxiQ, 2019-10-05 11:17:27, 2019-10-19 06:20:49
5287, KwfLL9RD0fItILyVMHgq, 2019-10-05 11:17:27, 2019-10-19 06:20:49
5288, 8uOIn8e97GZWfO0mdFP5, 2019-10-05 11:17:27, 2019-10-19 06:20:49
5289, LbMyxq2ILtGs82IqcwfH, 2019-10-05 11:17:27, 2019-10-19 06:20:49
5290, b7TBALZkngRa2McZkkN7, 2019-10-05 11:17:27, 2019-10-19 06:20:49
5291, lYPQdoDYUmMz3O1Zpq9m, 2019-10-05 11:17:27, 2019-10-19 06:20:49
5292, j4x8JS89x7OJPsWCCEi0, 2019-10-05 11:17:27, 2019-10-19 06:20:49
5293, E5K34yU4VyeR3TX8O5BZ, 2019-10-05 11:17:27, 2019-10-19 06:20:49
5294, WGD9xttXjKYSUJG0LAuP, 2019-10-05 11:17:27, 2019-10-19 06:20:49
5295, yrjDaLIqnxknrnLMgPDE, 2019-10-05 11:17:27, 2019-10-19 06:20:49
5296, ndbUvUF4rZTbt2nXCaoz, 2019-10-05 11:17:27, 2019-10-19 06:20:49
5297, yK6wVf2gjiNzgD7qAIqP, 2019-10-05 11:17:27, 2019-10-19 06:20:49
5298, KxEzmWxkmQ4hUlZRNIQp, 2019-10-05 11:17:27, 2019-10-19 06:20:49
5299, fdHuV752l4QEhNhxD6Dx, 2019-10-05 11:17:27, 2019-10-19 06:20:49
5300, vyYTmt3j5lASC38MZFbU, 2019-10-05 11:17:27, 2019-10-19 06:20:49
5301, uWqHQxhU87wAK7KZFbKz, 2019-10-05 11:17:27, 2019-10-19 06:20:49
5302, IdsQxNgXU3OD0EazGfnh, 2019-10-05 11:17:27, 2019-10-19 06:20:49
5303, HmCRH2vBH9C4QBkeGZ4D, 2019-10-05 11:17:27, 2019-10-19 06:20:49
5304, NxDGSu0Y1YRsgm9oUZxo, 2019-10-05 11:17:27, 2019-10-19 06:20:49
5305, 18FmdDeGTGuzIkTso5g8, 2019-10-05 11:17:27, 2019-10-19 06:20:49
5306, yC87IYAbNke9P4rr2Cmo, 2019-10-05 11:17:27, 2019-10-19 06:20:49
5307, 5uviyqh6HSzapDK7oJJw, 2019-10-05 11:17:27, 2019-10-19 06:20:49
5308, 1u9LkMbPteUt9z6m3ouh, 2019-10-05 11:17:27, 2019-10-19 06:20:49
5309, vBvBNoOrCICiMY8J38zZ, 2019-10-05 11:17:27, 2019-10-19 06:20:49
5310, oVzq8SQzkK4Sog3MykgW, 2019-10-05 11:17:27, 2019-10-19 06:20:49
5311, BvuoUakVQN7s0pFQ2TgG, 2019-10-05 11:17:27, 2019-10-19 06:20:49
5312, ZXdxKdh0I1dFuEUMMDXC, 2019-10-05 11:17:27, 2019-10-19 06:20:49
5313, uwxemZUGp4tm7DM1u9p2, 2019-10-05 11:17:27, 2019-10-19 06:20:49
5314, QeZmfISQVz1PvKR5zK6z, 2019-10-05 11:17:27, 2019-10-19 06:20:49
5315, 7dOpx0DJXwsXZPPfhJaL, 2019-10-05 11:17:27, 2019-10-19 06:20:49
5316, rV5s5fvPwHFdxaIIThkn, 2019-10-05 11:17:27, 2019-10-19 06:20:49
5317, Jh0oQEWPVrHo7NXWV8XO, 2019-10-05 11:17:27, 2019-10-19 06:20:49
5318, 8hrKmxg6Lc0yQ7vob8u9, 2019-10-05 11:17:27, 2019-10-19 06:20:49
5319, l8Cj1YQupKMwKI1OTm2x, 2019-10-05 11:17:27, 2019-10-19 06:20:49
5320, jYuetIuQxYfoFrgLw8tN, 2019-10-05 11:17:27, 2019-10-19 06:20:49
5321, Uc3zU8RIU7y2yJUWy8BD, 2019-10-05 11:17:27, 2019-10-19 06:20:49
5322, QJuQzgAj6wG4uXLCvtrj, 2019-10-05 11:17:27, 2019-10-19 06:20:49
5323, 6Q8GZGA10CuVhRHyWE65, 2019-10-05 11:17:27, 2019-10-19 06:20:49
5324, h9HjYhSTfbka8AJXktbd, 2019-10-05 11:17:27, 2019-10-19 06:20:49
5325, lPCO1rEcvIyVRCQmunEL, 2019-10-05 11:17:27, 2019-10-19 06:20:49
5326, bE6uPXck63YjKYhemclC, 2019-10-05 11:17:27, 2019-10-19 06:20:49
5327, 4ztEc6m6JeruZdCfIl7T, 2019-10-05 11:17:27, 2019-10-19 06:20:49
5328, mLR1PBevgDrgiX5wjynp, 2019-10-05 11:17:27, 2019-10-19 06:20:49
5329, 6MI7baidOczdEZmdf2t1, 2019-10-05 11:17:27, 2019-10-19 06:20:49
5330, nCWv6EqAnd6BD7Mzk511, 2019-10-05 11:17:27, 2019-10-19 06:20:49
5331, KyR2f25WMtzgNnBjkr4m, 2019-10-05 11:17:27, 2019-10-19 06:20:49
5332, ZLW5c3dIlE9Fd0CLBhGA, 2019-10-05 11:17:27, 2019-10-19 06:20:49
5333, Xwsor9CYYkz7gYHU7GW5, 2019-10-05 11:17:27, 2019-10-19 06:20:49
5334, YPRnHYjFTbQViEqQeeW1, 2019-10-05 11:17:27, 2019-10-19 06:20:49
5335, saxjrwWfUrmMMTfLLw0P, 2019-10-05 11:17:27, 2019-10-19 06:20:49
5336, XovNwdWwsrIK6e9haYI5, 2019-10-05 11:17:27, 2019-10-19 06:20:49
5337, zDSgtpN7DQDW8KbGpSGM, 2019-10-05 11:17:27, 2019-10-19 06:20:49
5338, pZXjBKf8uV2Z5ZkZL5uS, 2019-10-05 11:17:27, 2019-10-19 06:20:49
5339, 65tWH5ue4DS51iid7Shu, 2019-10-05 11:17:27, 2019-10-19 06:20:49
5340, zeu6zVL46pvbNXO0SkuX, 2019-10-05 11:17:27, 2019-10-19 06:20:49
5341, nK2AiCt7ABMhrtLF6xXe, 2019-10-05 11:17:27, 2019-10-19 06:20:49
5342, G9SQ2M5p3bK3f0rnHqvb, 2019-10-05 11:17:27, 2019-10-19 06:20:49
5343, ZW8vlo54SPwZ2T0wRS2t, 2019-10-05 11:17:27, 2019-10-19 06:20:50
5344, EEyGPEYbuyMZbauJPVFe, 2019-10-05 11:17:27, 2019-10-19 06:20:50
5345, mS1essj2fsy5yWqVpkF7, 2019-10-05 11:17:27, 2019-10-19 06:20:50
5346, ZAfRxdSNz7WQbtyrgRmI, 2019-10-05 11:17:27, 2019-10-19 06:20:50
5347, B72Ab8xosadnyoIaXuka, 2019-10-05 11:17:27, 2019-10-19 06:20:50
5348, x64GO7NjmjtDcGKaZpcS, 2019-10-05 11:17:27, 2019-10-19 06:20:50
5349, A3TCX3hafkM32GdkcjBJ, 2019-10-05 11:17:27, 2019-10-19 06:20:50
5350, I4fqqTejP6KjKYbS4zKX, 2019-10-05 11:17:27, 2019-10-19 06:20:50
5351, BafvFmbnabiApzp3tnz9, 2019-10-05 11:17:27, 2019-10-19 06:20:50
5352, vTbLhIRyRvSbFkg24PFn, 2019-10-05 11:17:27, 2019-10-19 06:20:50
5353, 9iflR7FBfxsWyrsxouAJ, 2019-10-05 11:17:27, 2019-10-19 06:20:50
5354, ZzUWfw0LMqoYeRvXrcpm, 2019-10-05 11:17:27, 2019-10-19 06:20:50
5355, I9jCmLai8s9GU24AKf7C, 2019-10-05 11:17:27, 2019-10-19 06:20:50
5356, mDxlClWNuTxouLOZ6ouq, 2019-10-05 11:17:27, 2019-10-19 06:20:50
5357, AAx88q1J8ZGTkjN8jk5n, 2019-10-05 11:17:27, 2019-10-19 06:20:50
5358, QEIGTFTh6iNxg2cOmLXc, 2019-10-05 11:17:27, 2019-10-19 06:20:50
5359, 3oKrld8MC6oMrG7WaMjJ, 2019-10-05 11:17:27, 2019-10-19 06:20:50
5360, yLUXWcBmAhe0zrhhylxY, 2019-10-05 11:17:27, 2019-10-19 06:20:50
5361, 92JPJzDUsFHmQdObDNMl, 2019-10-05 11:17:27, 2019-10-19 06:20:50
5362, zhY8k18sqDBsOhtM1uWw, 2019-10-05 11:17:27, 2019-10-19 06:20:50
5363, ajyQsdSOKwK4T9g6G4g2, 2019-10-05 11:17:27, 2019-10-19 06:20:50
5364, xyc0qrtJqJtE71abHIQ4, 2019-10-05 11:17:27, 2019-10-19 06:20:50
5365, GZMw0nopMoVOK17vWeZa, 2019-10-05 11:17:27, 2019-10-19 06:20:50
5366, vRyxYGZZRm8p5buURrbr, 2019-10-05 11:17:27, 2019-10-19 06:20:50
5367, hsyKdQhtiUjV7JcNMpfq, 2019-10-05 11:17:27, 2019-10-19 06:20:50
5368, xkwNF2LUkuTHYJ3GSCPb, 2019-10-05 11:17:27, 2019-10-19 06:20:50
5369, uf8A4KLRWCaJsoKlWK9k, 2019-10-05 11:17:27, 2019-10-19 06:20:50
5370, yRCNFs7tx5waIIUiJHso, 2019-10-05 11:17:27, 2019-10-19 06:20:50
5371, QOFtQLnNljhJ6szXPVlq, 2019-10-05 11:17:27, 2019-10-19 06:20:50
5372, XDJISEJtvprHbvFu9XwR, 2019-10-05 11:17:27, 2019-10-19 06:20:50
5373, 0QVnwKyNk2WvQRkL5KYj, 2019-10-05 11:17:27, 2019-10-19 06:20:50
5374, JWLXVfP0lSGMRahTFVWB, 2019-10-05 11:17:27, 2019-10-19 06:20:50
5375, aSD0QhBcsn05qcqdIogq, 2019-10-05 11:17:27, 2019-10-19 06:20:50
5376, qFfVROTzdSwMy8xkyCwX, 2019-10-05 11:17:27, 2019-10-19 06:20:50
5377, R8zGVriCbnpCzWrkeTYy, 2019-10-05 11:17:27, 2019-10-19 06:20:50
5378, UlY4SNKs2YB8hQi5IYt5, 2019-10-05 11:17:27, 2019-10-19 06:20:50
5379, NgrgDa6JxjU1pI5hlLoX, 2019-10-05 11:17:27, 2019-10-19 06:20:50
5380, KIaNLlz58FXR5EjDvJzw, 2019-10-05 11:17:27, 2019-10-19 06:20:50
5381, QjL9gkIu4us0Vlq2PwjI, 2019-10-05 11:17:27, 2019-10-19 06:20:50
5382, 9L9W3dXHBdXOoOSA7ISC, 2019-10-05 11:17:27, 2019-10-19 06:20:50
5383, dxCU20sNsdu7F7FiFZX7, 2019-10-05 11:17:27, 2019-10-19 06:20:50
5384, iGmkNtD1PA52V9KCj83B, 2019-10-05 11:17:27, 2019-10-19 06:20:50
5385, fizbAc8WJX2GHThvcciO, 2019-10-05 11:17:27, 2019-10-19 06:20:50
5386, CQUgxog0YABqfutgeNfG, 2019-10-05 11:17:27, 2019-10-19 06:20:50
5387, ueFxwy2B0NdS8ZUTR2j4, 2019-10-05 11:17:27, 2019-10-19 06:20:50
5388, paxFTZ5JQ8Fxj4TZgZGQ, 2019-10-05 11:17:27, 2019-10-19 06:20:50
5389, 9XuX9jrN42tfLzkCZmnX, 2019-10-05 11:17:27, 2019-10-19 06:20:50
5390, fzDh6iqZwU2q7722AflS, 2019-10-05 11:17:27, 2019-10-19 06:20:50
5391, l5NXUHrJJBIXr9EzlCIg, 2019-10-05 11:17:27, 2019-10-19 06:20:50
5392, RVeXKiQlT3FMA3C79PUE, 2019-10-05 11:17:27, 2019-10-19 06:20:50
5393, p3o6T7JavCgbtuJAbFaj, 2019-10-05 11:17:27, 2019-10-19 06:20:50
5394, kokBOs4yiqp74w4xlp7m, 2019-10-05 11:17:27, 2019-10-19 06:20:50
5395, fJMB0U3rVVRhX6yx48ki, 2019-10-05 11:17:27, 2019-10-19 06:20:50
5396, S52v0mtzB2q3S9xGOtR5, 2019-10-05 11:17:27, 2019-10-19 06:20:50
5397, SqzIgquvAxKbLyX9lOFA, 2019-10-05 11:17:27, 2019-10-19 06:20:50
5398, 0gAMOpV0WpKqsZILIF8I, 2019-10-05 11:17:27, 2019-10-19 06:20:50
5399, nnBDHXHpMIz3TVi0zlu0, 2019-10-05 11:17:27, 2019-10-19 06:20:50
5400, bUXkXMckjl6wYgtwVgPh, 2019-10-05 11:17:27, 2019-10-19 06:20:50
5401, wK6Eg5yNxDBg254r3fNr, 2019-10-05 11:17:27, 2019-10-19 06:20:50
5402, VILVn8KUjHVn9i9KzfAV, 2019-10-05 11:17:27, 2019-10-19 06:20:50
5403, zPVxtOpsf8qmY56P2uYB, 2019-10-05 11:17:27, 2019-10-19 06:20:50
5404, V43u8ZehCqbcelbu0cK2, 2019-10-05 11:17:27, 2019-10-19 06:20:50
5405, SpchWUuIqex9foySjT65, 2019-10-05 11:17:27, 2019-10-19 06:20:50
5406, 1TT6HQOj8HykG3hpTfhO, 2019-10-05 11:17:27, 2019-10-19 06:20:50
5407, Vn2R7tuPwJxIbB99iUvl, 2019-10-05 11:17:27, 2019-10-19 06:20:50
5408, GNhIaxxvMfqhrml5CQnJ, 2019-10-05 11:17:27, 2019-10-19 06:20:50
5409, I41hdynbqhVuLSQd9D1G, 2019-10-05 11:17:27, 2019-10-19 06:20:50
5410, uDolYL0Iaf4UBDpV0skj, 2019-10-05 11:17:27, 2019-10-19 06:20:50
5411, gxipxlcTj4idz3JAJm4i, 2019-10-05 11:17:27, 2019-10-19 06:20:50
5412, jntcGCn2cFa6TBTFLpVi, 2019-10-05 11:17:27, 2019-10-19 06:20:50
5413, vZkAnuyWhYLTkFZEwptw, 2019-10-05 11:17:27, 2019-10-19 06:20:50
5414, haR36755K3v4xSSqLs5S, 2019-10-05 11:17:27, 2019-10-19 06:20:50
5415, IqcMJuUwksG1wjNLKpQy, 2019-10-05 11:17:27, 2019-10-19 06:20:50
5416, zmJ60ZVDSDGIqX632ZXr, 2019-10-05 11:17:27, 2019-10-19 06:20:50
5417, GPC2VMoylpJFtJJ4tqzS, 2019-10-05 11:17:27, 2019-10-19 06:20:50
5418, TTyOq2144qfJFv1JkNaI, 2019-10-05 11:17:27, 2019-10-19 06:20:50
5419, qzy5sPctkvTnldr3vKlT, 2019-10-05 11:17:27, 2019-10-19 06:20:50
5420, kZnOVLXq6lwl2XIZh9mv, 2019-10-05 11:17:27, 2019-10-19 06:20:50
5421, 5fZggCPdSbBvcYttuyyd, 2019-10-05 11:17:27, 2019-10-19 06:20:50
5422, h2eY1OQvRmvRgCEGgx4Z, 2019-10-05 11:17:27, 2019-10-19 06:20:50
5423, 4aIwktAGhLkrjwbmkOUa, 2019-10-05 11:17:27, 2019-10-19 06:20:50
5424, jI9mszqH27dYb5OS0qFb, 2019-10-05 11:17:27, 2019-10-19 06:20:50
5425, JyrhmrtVIUvzp2TD14bW, 2019-10-05 11:17:27, 2019-10-19 06:20:50
5426, UjpkXQkt2cLhec2GXMB6, 2019-10-05 11:17:27, 2019-10-19 06:20:50
5427, I4PzgdvZ6JmXtjbWjGj2, 2019-10-05 11:17:27, 2019-10-19 06:20:50
5428, sp9mf6DttE37QUmkNS8b, 2019-10-05 11:17:27, 2019-10-19 06:20:50
5429, FOj4xsvPzPtZtpGdUnLp, 2019-10-05 11:17:27, 2019-10-19 06:20:50
5430, 9eL4AzjdFrFyn1ylWGx8, 2019-10-05 11:17:27, 2019-10-19 06:20:50
5431, z7tPG8oS4VnRRcjKPeKF, 2019-10-05 11:17:27, 2019-10-19 06:20:50
5432, kFDjoIftqgW2FcLOVS0P, 2019-10-05 11:17:27, 2019-10-19 06:20:50
5433, yEwb9GgGxa1d6ueycgF7, 2019-10-05 11:17:27, 2019-10-19 06:20:50
5434, heOnoA5IdzjohfL2X0hd, 2019-10-05 11:17:27, 2019-10-19 06:20:50
5435, VkBlEGqzkAb7lgJiTxoC, 2019-10-05 11:17:27, 2019-10-19 06:20:50
5436, W14ERntyOIR0UoAXHmXX, 2019-10-05 11:17:27, 2019-10-19 06:20:50
5437, kIni5QIMo7vKJ1hMrnsQ, 2019-10-05 11:17:27, 2019-10-19 06:20:50
5438, 509AUfEND4E14Ch2ufeo, 2019-10-05 11:17:27, 2019-10-19 06:20:50
5439, UxKkdukfUDJCjhtOmjKn, 2019-10-05 11:17:27, 2019-10-19 06:20:50
5440, 9nWxMBj8X2kY5UgVaimR, 2019-10-05 11:17:27, 2019-10-19 06:20:50
5441, 4jVOHv9Df2UBUqm4Elo9, 2019-10-05 11:17:27, 2019-10-19 06:20:50
5442, C5ilfkJwqZQyRJVD8tcd, 2019-10-05 11:17:27, 2019-10-19 06:20:50
5443, xcRntdPge3ztRCqCq7rZ, 2019-10-05 11:17:27, 2019-10-19 06:20:50
5444, S7VJNpgyuSABwnsVJZq4, 2019-10-05 11:17:27, 2019-10-19 06:20:50
5445, MiQyvYye4m2KfIIMvF2d, 2019-10-05 11:17:27, 2019-10-19 06:20:50
5446, QvXDMIcmpHjpmIyBVZZy, 2019-10-05 11:17:27, 2019-10-19 06:20:50
5447, KcHgFuj3YnLa2N9Rd90A, 2019-10-05 11:17:27, 2019-10-19 06:20:50
5448, ucOd54TQKmgwxux0o1Bg, 2019-10-05 11:17:27, 2019-10-19 06:20:50
5449, gq9Y614kxPrfiLAu9oX9, 2019-10-05 11:17:27, 2019-10-19 06:20:50
5450, qBAGppDVVx02phthd17N, 2019-10-05 11:17:27, 2019-10-19 06:20:50
5451, KozMButECVmuKZ6Gz30J, 2019-10-05 11:17:27, 2019-10-19 06:20:50
5452, xoQQ4SRkfzFcJbOiqJtC, 2019-10-05 11:17:27, 2019-10-19 06:20:50
5453, FBUoI0hSk9CpbD3qBUht, 2019-10-05 11:17:27, 2019-10-19 06:20:50
5454, FsFFD1IXmJ5xfLGkirE7, 2019-10-05 11:17:27, 2019-10-19 06:20:50
5455, gUMAPqFCTVHm2XZENWl8, 2019-10-05 11:17:27, 2019-10-19 06:20:50
5456, TzAGE5COTYviPNiXQPe2, 2019-10-05 11:17:27, 2019-10-19 06:20:50
5457, 2N9HjhbviXcqXsK0QQKd, 2019-10-05 11:17:27, 2019-10-19 06:20:50
5458, VOGBoeRvKeGw3A43bcz7, 2019-10-05 11:17:27, 2019-10-19 06:20:50
5459, x3etyrALoRWAozhYu1A7, 2019-10-05 11:17:27, 2019-10-19 06:20:50
5460, lntY8uEeBHb1UWkvIfWw, 2019-10-05 11:17:27, 2019-10-19 06:20:50
5461, vzaznqYLVFd4Bpt6olwz, 2019-10-05 11:17:27, 2019-10-19 06:20:50
5462, qixg0y9iisAxksux6cPw, 2019-10-05 11:17:27, 2019-10-19 06:20:50
5463, x0o6m3gQXRInMSFyZbPw, 2019-10-05 11:17:27, 2019-10-19 06:20:50
5464, EixVAfLTcl60uPoTDVgV, 2019-10-05 11:17:27, 2019-10-19 06:20:50
5465, Y2wZxxNDFbAo9bbSSIid, 2019-10-05 11:17:27, 2019-10-19 06:20:50
5466, 2RFcPHwA5v6YFGbJCP1i, 2019-10-05 11:17:27, 2019-10-19 06:20:50
5467, Ur3vGAQIHNSWqD4ZTc4g, 2019-10-05 11:17:27, 2019-10-19 06:20:50
5468, O12vT7NPUYMSXX3T1F4X, 2019-10-05 11:17:27, 2019-10-19 06:20:50
5469, lyxtA3lra2WQGcJzVydB, 2019-10-05 11:17:27, 2019-10-19 06:20:50
5470, Aq73xeN2gsWJlP3qHIcV, 2019-10-05 11:17:27, 2019-10-19 06:20:50
5471, 7fTvBD7HbC6dcD1gQ0i2, 2019-10-05 11:17:27, 2019-10-19 06:20:50
5472, MVJoKonbxjUYjlfcha8S, 2019-10-05 11:17:27, 2019-10-19 06:20:50
5473, H4GpvyZswfRFYrjx0coo, 2019-10-05 11:17:27, 2019-10-19 06:20:50
5474, 8Smk0B60Tq2WDfuscNbJ, 2019-10-05 11:17:27, 2019-10-19 06:20:50
5475, wl3KQ3gKLixbyH1EIy1k, 2019-10-05 11:17:27, 2019-10-19 06:20:50
5476, bB2zqxeVmyfddaUgG53H, 2019-10-05 11:17:27, 2019-10-19 06:20:50
5477, hQ55MuCEkaNoJsA89S4l, 2019-10-05 11:17:27, 2019-10-19 06:20:50
5478, AnrfNN1Ul9KfcdufO3Tg, 2019-10-05 11:17:27, 2019-10-19 06:20:50
5479, hDEzgutKBD3mizbetEhQ, 2019-10-05 11:17:27, 2019-10-19 06:20:50
5480, GUOcdh0AobxrdTzLSnu7, 2019-10-05 11:17:27, 2019-10-19 06:20:50
5481, v4SMLNNJFLEMwqlP20xJ, 2019-10-05 11:17:27, 2019-10-19 06:20:50
5482, UKiWKGaU5FxzBwnH3ZpS, 2019-10-05 11:17:27, 2019-10-19 06:20:50
5483, KPvCpWHhpwhxfriYu33u, 2019-10-05 11:17:27, 2019-10-19 06:20:50
5484, A4s8NRgjIyShmkUrMko6, 2019-10-05 11:17:27, 2019-10-19 06:20:50
5485, vzn6jWnKAq9JvD1jZ8Lh, 2019-10-05 11:17:27, 2019-10-19 06:20:50
5486, ICAbkauegxARlK9vv1aE, 2019-10-05 11:17:27, 2019-10-19 06:20:51
5487, DtbevhQj4hwqavfBanQC, 2019-10-05 11:17:27, 2019-10-19 06:20:51
5488, t6lXUFCR1SmpQSqwtxQn, 2019-10-05 11:17:27, 2019-10-19 06:20:51
5489, DCmARD3yZLm2OMR8HZsG, 2019-10-05 11:17:27, 2019-10-19 06:20:51
5490, YprJHUFulUL5tTlmwRfQ, 2019-10-05 11:17:27, 2019-10-19 06:20:51
5491, hZWMKOxpRlsGFiOEvmge, 2019-10-05 11:17:27, 2019-10-19 06:20:51
5492, tRSw50wrYtvM1tbrtRQR, 2019-10-05 11:17:27, 2019-10-19 06:20:51
5493, trQf21Hzqd3wDIGmH08W, 2019-10-05 11:17:27, 2019-10-19 06:20:51
5494, 837cPPAawMyP82H9krQ5, 2019-10-05 11:17:27, 2019-10-19 06:20:51
5495, OLj9NRoST4WC0aSJV2IA, 2019-10-05 11:17:27, 2019-10-19 06:20:51
5496, 78qxxTJ83ERazZ3xV3E1, 2019-10-05 11:17:27, 2019-10-19 06:20:51
5497, rgKCEiQc2dH9BKKNUmtS, 2019-10-05 11:17:27, 2019-10-19 06:20:51
5498, As0V3ZalTxPrJ6W5SlzQ, 2019-10-05 11:17:27, 2019-10-19 06:20:51
5499, YNRnfsKHxEULRqZz9U4B, 2019-10-05 11:17:27, 2019-10-19 06:20:51
5500, Laknjpixl6IuxiGcfLfs, 2019-10-05 11:17:27, 2019-10-19 06:20:51
5501, 5b63Oev04OZLP51MWzYN, 2019-10-05 11:17:27, 2019-10-19 06:20:51
5502, LktX6mhMmLCKooacWkp3, 2019-10-05 11:17:27, 2019-10-19 06:20:51
5503, W4Wl6kS2A2orhMsUz4wO, 2019-10-05 11:17:27, 2019-10-19 06:20:51
5504, 969JbU5qrowDVwbyjLdh, 2019-10-05 11:17:27, 2019-10-19 06:20:51
5505, EbNdjIuyKT2vU1jblrio, 2019-10-05 11:17:27, 2019-10-19 06:20:51
5506, xLrOaxSlbO3ZrgNIJAa7, 2019-10-05 11:17:27, 2019-10-19 06:20:51
5507, t9KlHS1eEWD0Rq7LHUwa, 2019-10-05 11:17:27, 2019-10-19 06:20:51
5508, 4yB63AUWRBY3wubmX0pz, 2019-10-05 11:17:27, 2019-10-19 06:20:51
5509, VeCTKRxN7jsPwJj96bAp, 2019-10-05 11:17:27, 2019-10-19 06:20:51
5510, 32dVOn86CGxy4NFpXwIS, 2019-10-05 11:17:27, 2019-10-19 06:20:51
5511, v4c814ow8VTCUbeAxKGb, 2019-10-05 11:17:27, 2019-10-19 06:20:51
5512, OkVHhIgGLEoyu2YXywEZ, 2019-10-05 11:17:27, 2019-10-19 06:20:51
5513, 7KDdW9zxr8a6V24AkpJC, 2019-10-05 11:17:27, 2019-10-19 06:20:51
5514, 8C6UuwAnNgMKZ8jKsWvC, 2019-10-05 11:17:27, 2019-10-19 06:20:51
5515, HKEZ6qBdcVZjHpuZ95Qt, 2019-10-05 11:17:27, 2019-10-19 06:20:51
5516, 7rmnUFExK3qp3DhWO5ZV, 2019-10-05 11:17:27, 2019-10-19 06:20:51
5517, 39bVZN3unoHZdmntsj4q, 2019-10-05 11:17:27, 2019-10-19 06:20:51
5518, GwMxsAV9x0uMN7E4N350, 2019-10-05 11:17:27, 2019-10-19 06:20:51
5519, I0mVGkX70M0Rew6B4F1S, 2019-10-05 11:17:27, 2019-10-19 06:20:51
5520, SWcclVzF04BsTAppbBXb, 2019-10-05 11:17:27, 2019-10-19 06:20:51
5521, bFxMLYPdNoKLchNP8ZrL, 2019-10-05 11:17:27, 2019-10-19 06:20:51
5522, Y1mZ6VBGygXYQyiw8Tbd, 2019-10-05 11:17:27, 2019-10-19 06:20:51
5523, npTwTrX9lmIuW9Incp1K, 2019-10-05 11:17:27, 2019-10-19 06:20:51
5524, dmRR1YNdh6kLu2Nedaly, 2019-10-05 11:17:27, 2019-10-19 06:20:51
5525, RnaQXaxWZfrSVzVkUpHL, 2019-10-05 11:17:27, 2019-10-19 06:20:51
5526, 9k5ahMKNlzxRPUC9YITE, 2019-10-05 11:17:27, 2019-10-19 06:20:51
5527, 8ioXwsUC0vYkYzK4D4ut, 2019-10-05 11:17:27, 2019-10-19 06:20:51
5528, U3ukCZXcMgsicjyDxbAh, 2019-10-05 11:17:27, 2019-10-19 06:20:51
5529, BwsDM5ntrXMs2GABqyqg, 2019-10-05 11:17:27, 2019-10-19 06:20:51
5530, a3ye56pUK4RC8l1EBYnh, 2019-10-05 11:17:27, 2019-10-19 06:20:51
5531, HBwJIYKLodNoFx7Tw67n, 2019-10-05 11:17:27, 2019-10-19 06:20:51
5532, bKKCws64lQaXXIf4Trzc, 2019-10-05 11:17:27, 2019-10-19 06:20:51
5533, eZCWQSyle9PLjK09xj2q, 2019-10-05 11:17:27, 2019-10-19 06:20:51
5534, L7RPQlqssLni83DtxQQB, 2019-10-05 11:17:27, 2019-10-19 06:20:51
5535, f69VM3umKWIQN3NuisON, 2019-10-05 11:17:27, 2019-10-19 06:20:51
5536, pvPGMzClHVzrvFFo5ApP, 2019-10-05 11:17:27, 2019-10-19 06:20:51
5537, mPOIYGeRWfo5PgvWIZXu, 2019-10-05 11:17:27, 2019-10-19 06:20:51
5538, rFAZsqPNmWJ1y3kEGY8F, 2019-10-05 11:17:27, 2019-10-19 06:20:51
5539, WBPuSscnlZcSEmy6QC7Y, 2019-10-05 11:17:27, 2019-10-19 06:20:51
5540, Cgf7vgU3BiDeme9LvPXD, 2019-10-05 11:17:27, 2019-10-19 06:20:51
5541, bXheCKpgk17Lft2YNJBW, 2019-10-05 11:17:27, 2019-10-19 06:20:51
5542, w7QqihV82abEWyRLtA38, 2019-10-05 11:17:27, 2019-10-19 06:20:51
5543, f45FgKM2Gu1T4U964oaw, 2019-10-05 11:17:27, 2019-10-19 06:20:51
5544, pPmkYYzzI2YAxfvhippR, 2019-10-05 11:17:27, 2019-10-19 06:20:51
5545, OZsKEg63sqbVipCRD0wg, 2019-10-05 11:17:27, 2019-10-19 06:20:51
5546, Z6Qj0V4gEX23K16SPfAd, 2019-10-05 11:17:27, 2019-10-19 06:20:51
5547, fuDMy27NJjpNXHpbwwbV, 2019-10-05 11:17:27, 2019-10-19 06:20:51
5548, rBPaaqP4Ez6WJBPLMQpL, 2019-10-05 11:17:27, 2019-10-19 06:20:51
5549, VlKXUbrTZViHa5HApOjS, 2019-10-05 11:17:27, 2019-10-19 06:20:51
5550, SeTyLk7JXZWWpIacuHbR, 2019-10-05 11:17:27, 2019-10-19 06:20:51
5551, Rk7Z127WVZnFOGdXJTbl, 2019-10-05 11:17:27, 2019-10-19 06:20:51
5552, znsJSKOXP2l2nZrKr9TC, 2019-10-05 11:17:27, 2019-10-19 06:20:51
5553, iaBpPDf8xiXLrZnYdah5, 2019-10-05 11:17:27, 2019-10-19 06:20:51
5554, A2xymuvhZgMfpI4dAHZl, 2019-10-05 11:17:27, 2019-10-19 06:20:51
5555, iHPWHBM6DUgib40axIQ0, 2019-10-05 11:17:27, 2019-10-19 06:20:51
5556, bmvpqyjzNGyY8yLhbyoD, 2019-10-05 11:17:27, 2019-10-19 06:20:51
5557, hPtf9eWgjGhdSMt8V055, 2019-10-05 11:17:27, 2019-10-19 06:20:51
5558, d0WP6LeGSvJXvXaNMzpF, 2019-10-05 11:17:27, 2019-10-19 06:20:51
5559, yWWruEKBuxt1a7UAxWX0, 2019-10-05 11:17:27, 2019-10-19 06:20:51
5560, iUUXK5O47NUwawDk0cZ4, 2019-10-05 11:17:27, 2019-10-19 06:20:51
5561, aiJ14zxxxrVVQUDDRnWN, 2019-10-05 11:17:27, 2019-10-19 06:20:51
5562, wosJEk7UWpzOOmO58m5w, 2019-10-05 11:17:27, 2019-10-19 06:20:51
5563, zRnk1IHHqAsqw23ZzuS6, 2019-10-05 11:17:27, 2019-10-19 06:20:51
5564, YNWuvdKiRAIm6YTGEpZJ, 2019-10-05 11:17:27, 2019-10-19 06:20:51
5565, JWsL4ayrWYUhpwAa6lct, 2019-10-05 11:17:27, 2019-10-19 06:20:51
5566, SEcNkS2lpyMr0rurkDJE, 2019-10-05 11:17:27, 2019-10-19 06:20:51
5567, wV4RHK0932nGYLZ6xZDi, 2019-10-05 11:17:27, 2019-10-19 06:20:51
5568, 0LJCy3zU3iXHYdXJQxBm, 2019-10-05 11:17:27, 2019-10-19 06:20:51
5569, mNAcwmaGrOTPT4RbY5Qf, 2019-10-05 11:17:27, 2019-10-19 06:20:51
5570, LEc87KObG9LDSfUcohRk, 2019-10-05 11:17:27, 2019-10-19 06:20:51
5571, 27DmLXBsvBrakdbJG4XL, 2019-10-05 11:17:27, 2019-10-19 06:20:51
5572, 2g4jxMAXqMr77SYW0fS1, 2019-10-05 11:17:27, 2019-10-19 06:20:51
5573, 63XvdlhW4Upicp06GDar, 2019-10-05 11:17:27, 2019-10-19 06:20:51
5574, 22tkKhZORqB1BsXKJN7w, 2019-10-05 11:17:27, 2019-10-19 06:20:51
5575, 5JNmiD7nDfyfo59O5wG7, 2019-10-05 11:17:27, 2019-10-19 06:20:51
5576, CSeOIP5oBaBIff75N3qW, 2019-10-05 11:17:27, 2019-10-19 06:20:51
5577, ZPBgndUuphWMHcuWT0DM, 2019-10-05 11:17:27, 2019-10-19 06:20:51
5578, yX4v2LLmKJG4M1Jfk1H5, 2019-10-05 11:17:27, 2019-10-19 06:20:51
5579, pdkFbam0PHKooJRDjOPc, 2019-10-05 11:17:27, 2019-10-19 06:20:51
5580, utnWg1LVQuE8c4OSHbsJ, 2019-10-05 11:17:27, 2019-10-19 06:20:51
5581, cQ09xiqR7mIpF8YbYEzN, 2019-10-05 11:17:27, 2019-10-19 06:20:51
5582, wHJeVUZTxvBgwZES0dSB, 2019-10-05 11:17:27, 2019-10-19 06:20:51
5583, lUXUDONoKV99tYNj9cK4, 2019-10-05 11:17:27, 2019-10-19 06:20:51
5584, BRNPzfcnnzs9XraNqbwb, 2019-10-05 11:17:27, 2019-10-19 06:20:51
5585, ETcJ5igzjzHc9E0NzPiS, 2019-10-05 11:17:27, 2019-10-19 06:20:51
5586, Sy3tSjlDx76EP4zKo5OE, 2019-10-05 11:17:27, 2019-10-19 06:20:51
5587, zdSJJGbGHHG2npmRaCRE, 2019-10-05 11:17:27, 2019-10-19 06:20:51
5588, xm4olpSj7gcUlTzdr6Q5, 2019-10-05 11:17:27, 2019-10-19 06:20:51
5589, aNyHqVVxvoztaXtygJSq, 2019-10-05 11:17:27, 2019-10-19 06:20:51
5590, hspHC6JKBAE6su67oPG9, 2019-10-05 11:17:27, 2019-10-19 06:20:51
5591, HH9epbZaxGijJ3Iur4Nq, 2019-10-05 11:17:27, 2019-10-19 06:20:51
5592, 7croEESWCR5KI3vScY8R, 2019-10-05 11:17:27, 2019-10-19 06:20:51
5593, j7r7a9tmRFRuDXkXJYa1, 2019-10-05 11:17:27, 2019-10-19 06:20:51
5594, DWzRE7E64BQy4adlm8Pd, 2019-10-05 11:17:27, 2019-10-19 06:20:51
5595, uQcKdhKnqNOzSHdq0Fi4, 2019-10-05 11:17:27, 2019-10-19 06:20:51
5596, BRtgrjsfw0yfx0cFE0wd, 2019-10-05 11:17:27, 2019-10-19 06:20:51
5597, OFvCxlRglducaKZnSnL2, 2019-10-05 11:17:27, 2019-10-19 06:20:51
5598, aj9VbTtHA2PAMkXFad4j, 2019-10-05 11:17:27, 2019-10-19 06:20:51
5599, BzoFvQhaBpXantuTEn7w, 2019-10-05 11:17:27, 2019-10-19 06:20:51
5600, V8JDILQSI0QscTYFJV3X, 2019-10-05 11:17:27, 2019-10-19 06:20:51
5601, dgAHZ1BpZaKE3baVyg8X, 2019-10-05 11:17:27, 2019-10-19 06:20:51
5602, LljiVkSBZ10bLgyZtv3i, 2019-10-05 11:17:27, 2019-10-19 06:20:51
5603, CQM9Jlha3zS8d3nfxmIh, 2019-10-05 11:17:27, 2019-10-19 06:20:51
5604, NyX95veZMUBf1yDcjCm9, 2019-10-05 11:17:27, 2019-10-19 06:20:51
5605, KOwCePCKOcz79SUHHq3Z, 2019-10-05 11:17:27, 2019-10-19 06:20:51
5606, CoEvhvCFGfLq34Syq9S6, 2019-10-05 11:17:27, 2019-10-19 06:20:51
5607, 8DjbbGvE3cYcDAODRi3d, 2019-10-05 11:17:27, 2019-10-19 06:20:51
5608, jfEpmdbELknjRrOLTEDJ, 2019-10-05 11:17:27, 2019-10-19 06:20:51
5609, 5mgbaxQYqUEFSluJIGWy, 2019-10-05 11:17:27, 2019-10-19 06:20:51
5610, AA1jnUbE1u8llR25vY9Z, 2019-10-05 11:17:27, 2019-10-19 06:20:51
5611, vFUAlG7l0uMEy5Hqbo4x, 2019-10-05 11:17:27, 2019-10-19 06:20:51
5612, LZnngTJljrVa5f7eonvc, 2019-10-05 11:17:27, 2019-10-19 06:20:51
5613, nE5sUCyHcqwBH9vFQg2D, 2019-10-05 11:17:27, 2019-10-19 06:20:51
5614, KNBjq0ge1QS6VfGrcDDw, 2019-10-05 11:17:27, 2019-10-19 06:20:51
5615, XCeTJfJbJmFCeXM4B7zO, 2019-10-05 11:17:27, 2019-10-19 06:20:51
5616, 5jR8SKoJqeBWjRZeb3dI, 2019-10-05 11:17:27, 2019-10-19 06:20:51
5617, 0AyMLadSxY7R56V5cKkq, 2019-10-05 11:17:27, 2019-10-19 06:20:51
5618, LkefkHvCi48yGnsdf0tq, 2019-10-05 11:17:27, 2019-10-19 06:20:52
5619, 4iQRhIyfzh9GSDfS8AtD, 2019-10-05 11:17:27, 2019-10-19 06:20:52
5620, ZqnwXIOHrI3KGoWmYlHp, 2019-10-05 11:17:27, 2019-10-19 06:20:52
5621, Zqb5pZLnNu51b24tximL, 2019-10-05 11:17:27, 2019-10-19 06:20:52
5622, NgtoNLTF7ObwlKG2H9mJ, 2019-10-05 11:17:27, 2019-10-19 06:20:52
5623, sW5reackISbF3t02PbDX, 2019-10-05 11:17:27, 2019-10-19 06:20:52
5624, yeoTaGcdtqSTZZFWSHy2, 2019-10-05 11:17:27, 2019-10-19 06:20:52
5625, 2rt2nnkT350mNi9af1Yc, 2019-10-05 11:17:27, 2019-10-19 06:20:52
5626, 7fenCsCFTu2LE36vkHuI, 2019-10-05 11:17:27, 2019-10-19 06:20:52
5627, iw1eXdWfjcFcaVrUehIq, 2019-10-05 11:17:27, 2019-10-19 06:20:52
5628, WWIBG9G6O1EAOOeLY4Ks, 2019-10-05 11:17:27, 2019-10-19 06:20:52
5629, Q8sGDGvW226l2SE7cYCn, 2019-10-05 11:17:27, 2019-10-19 06:20:52
5630, e6FeuozBaMptrPjspkBp, 2019-10-05 11:17:27, 2019-10-19 06:20:52
5631, pOdoEGhchw59LCDTxAlR, 2019-10-05 11:17:27, 2019-10-19 06:20:52
5632, I15wUoZevXM2wx4oyIyV, 2019-10-05 11:17:27, 2019-10-19 06:20:52
5633, cmEhnvnQt0S85xuhQY9C, 2019-10-05 11:17:27, 2019-10-19 06:20:52
5634, sCMq0ZFY2yIP5BOP1oii, 2019-10-05 11:17:27, 2019-10-19 06:20:52
5635, haU4pD0y4PeAJktnpsJt, 2019-10-05 11:17:27, 2019-10-19 06:20:52
5636, bseELwTzxby618oSlYLO, 2019-10-05 11:17:27, 2019-10-19 06:20:52
5637, lFATr7KLDW1J97i6wpis, 2019-10-05 11:17:27, 2019-10-19 06:20:52
5638, EN4oiybh6Awkf0Z3UPSm, 2019-10-05 11:17:27, 2019-10-19 06:20:52
5639, 7AJAuXLttg4RH2ywwhHK, 2019-10-05 11:17:27, 2019-10-19 06:20:52
5640, oX2HqWwADNmG3qJcxawK, 2019-10-05 11:17:27, 2019-10-19 06:20:52
5641, Rh8iDTBqJEJyNu2Wx2Wp, 2019-10-05 11:17:27, 2019-10-19 06:20:52
5642, oaTU2vHsi8gXIB8qo6GY, 2019-10-05 11:17:27, 2019-10-19 06:20:52
5643, OV5vjN8UqS6hYlyoCQAC, 2019-10-05 11:17:27, 2019-10-19 06:20:52
5644, xbnyN6F7OV34etD1eyoq, 2019-10-05 11:17:27, 2019-10-19 06:20:52
5645, waEpIw17AneTBAn6AJ2V, 2019-10-05 11:17:27, 2019-10-19 06:20:52
5646, osnlqxOFN9HaSWRi9AIg, 2019-10-05 11:17:27, 2019-10-19 06:20:52
5647, 1a2QNAhL6WfXWie7qLI3, 2019-10-05 11:17:27, 2019-10-19 06:20:52
5648, cOz1nghN6E1k8hx1bRmL, 2019-10-05 11:17:27, 2019-10-19 06:20:52
5649, aRS4bEEjp6mfajjRhzFT, 2019-10-05 11:17:27, 2019-10-19 06:20:52
5650, Yfc5pKIOtc7gN9X5st5d, 2019-10-05 11:17:27, 2019-10-19 06:20:52
5651, fhytXGteQ1O4teF62NWj, 2019-10-05 11:17:27, 2019-10-19 06:20:52
5652, CLtvXvX1QaPExHchPtjr, 2019-10-05 11:17:27, 2019-10-19 06:20:52
5653, wBZy4h4Wc9QD00YhHNlZ, 2019-10-05 11:17:27, 2019-10-19 06:20:52
5654, P0QHLY5r7Vr36ttnYnxh, 2019-10-05 11:17:27, 2019-10-19 06:20:52
5655, 0uIyX6GMnqepMmAu5Ysb, 2019-10-05 11:17:27, 2019-10-19 06:20:52
5656, i6I9VwOhqiTtODV749Kf, 2019-10-05 11:17:27, 2019-10-19 06:20:52
5657, wSnkHWyO8SdnphiaXQWI, 2019-10-05 11:17:27, 2019-10-19 06:20:52
5658, K2tT2y0XvfZsfR1o7d4g, 2019-10-05 11:17:27, 2019-10-19 06:20:52
5659, lUzB4qgomZRBQRHB2c3p, 2019-10-05 11:17:27, 2019-10-19 06:20:52
5660, Cw1ebYF4JVH9OM8FqrDb, 2019-10-05 11:17:27, 2019-10-19 06:20:52
5661, yUgTkLE01aOgm0elja2a, 2019-10-05 11:17:27, 2019-10-19 06:20:52
5662, ogorPp3BsaNjOM6qEcbE, 2019-10-05 11:17:27, 2019-10-19 06:20:52
5663, 1WWEeEcMNPC6Vltugfhc, 2019-10-05 11:17:27, 2019-10-19 06:20:52
5664, YeF9RksjN2VebQSj2IeF, 2019-10-05 11:17:27, 2019-10-19 06:20:52
5665, wkaX68TS8VCfJcBp6aDu, 2019-10-05 11:17:27, 2019-10-19 06:20:52
5666, ptZ5GL25emfbLvKDG0kn, 2019-10-05 11:17:27, 2019-10-19 06:20:52
5667, FjFMwx4hSpFdLrHw6MkU, 2019-10-05 11:17:27, 2019-10-19 06:20:52
5668, PMoE8ffNZEv1oGB3chS7, 2019-10-05 11:17:27, 2019-10-19 06:20:52
5669, KUuTaechdoIqTNbUanRw, 2019-10-05 11:17:27, 2019-10-19 06:20:52
5670, V4fdZsi56IsVEeypf7Mv, 2019-10-05 11:17:27, 2019-10-19 06:20:52
5671, RwVzN3irZyCgrS9mVIbf, 2019-10-05 11:17:27, 2019-10-19 06:20:52
5672, KRMIdEltvOzkU21ONgLc, 2019-10-05 11:17:27, 2019-10-19 06:20:52
5673, ar1HxNAMLKSIgMb46aW0, 2019-10-05 11:17:27, 2019-10-19 06:20:52
5674, 3Nl4NBy78lAAImsqVp4f, 2019-10-05 11:17:27, 2019-10-19 06:20:52
5675, JYjr4m1yeFoCefdLY1ts, 2019-10-05 11:17:27, 2019-10-19 06:20:52
5676, 4fKPJqcSx1mdlmI5hx0N, 2019-10-05 11:17:27, 2019-10-19 06:20:52
5677, EdPNRXvVMPuQSKEorKRp, 2019-10-05 11:17:27, 2019-10-19 06:20:52
5678, BeK1Q7Eie4cw93ZvRlqN, 2019-10-05 11:17:27, 2019-10-19 06:20:52
5679, eyXOADe2UlrSmSQir0y3, 2019-10-05 11:17:27, 2019-10-19 06:20:52
5680, nK25lajrpLxbXY3szW2h, 2019-10-05 11:17:27, 2019-10-19 06:20:52
5681, nKrm5Cr8w5E6rljSbZMY, 2019-10-05 11:17:27, 2019-10-19 06:20:52
5682, rRCXzbGsOzUXT2vcYp30, 2019-10-05 11:17:27, 2019-10-19 06:20:52
5683, Kum9ADLcfLS2xpa5U6q0, 2019-10-05 11:17:27, 2019-10-19 06:20:52
5684, zxOeBMK39pQC0u4mRdms, 2019-10-05 11:17:27, 2019-10-19 06:20:52
5685, XIAzllx3STPWAV5s7pFc, 2019-10-05 11:17:27, 2019-10-19 06:20:52
5686, gABO6R0Quh3VhjR25iD1, 2019-10-05 11:17:27, 2019-10-19 06:20:52
5687, OxVI3VGYkonh5o2pOvnn, 2019-10-05 11:17:27, 2019-10-19 06:20:52
5688, q0Mk09xvwuXsOqzTQBwP, 2019-10-05 11:17:27, 2019-10-19 06:20:52
5689, Pa7LyGgm2CYAdISD1gJD, 2019-10-05 11:17:27, 2019-10-19 06:20:52
5690, 0PeWrCGRLLb0ZazOdrpc, 2019-10-05 11:17:27, 2019-10-19 06:20:52
5691, 1IXPkUS7tXAheliml1fY, 2019-10-05 11:17:27, 2019-10-19 06:20:52
5692, gGD4fBH8IMeT4S2u8NaW, 2019-10-05 11:17:27, 2019-10-19 06:20:52
5693, DUMf5b8rBPtEVtO8Kxzk, 2019-10-05 11:17:27, 2019-10-19 06:20:52
5694, hpVzhHumxvkQKZwQvgqE, 2019-10-05 11:17:27, 2019-10-19 06:20:52
5695, oeQxIjE1rI8TBzq9Nij4, 2019-10-05 11:17:27, 2019-10-19 06:20:52
5696, KUdahqLL7SsegywGTPRL, 2019-10-05 11:17:27, 2019-10-19 06:20:52
5697, tQzqsKNJbc5yKf2Tx8TP, 2019-10-05 11:17:27, 2019-10-19 06:20:52
5698, MLZ0Un6FjcXF5krFU6CA, 2019-10-05 11:17:27, 2019-10-19 06:20:52
5699, pQNA6Sxn9Faa2qw71xdo, 2019-10-05 11:17:27, 2019-10-19 06:20:53
5700, bsOaLYi1JVZsnUbY9rrA, 2019-10-05 11:17:27, 2019-10-19 06:20:53
5701, adIvXioDA2Nk04iC6jPG, 2019-10-05 11:17:27, 2019-10-19 06:20:53
5702, vfgCGp7IG6Ggi9kXQMoY, 2019-10-05 11:17:27, 2019-10-19 06:20:53
5703, touUWQEOattqcJmBGTC4, 2019-10-05 11:17:27, 2019-10-19 06:20:53
5704, uvWzVddQekIF7MwITCI2, 2019-10-05 11:17:27, 2019-10-19 06:20:53
5705, uVPqLefso8ozBfqjF2zs, 2019-10-05 11:17:27, 2019-10-19 06:20:53
5706, h9FWr4uOQ8izszaUJaKT, 2019-10-05 11:17:27, 2019-10-19 06:20:53
5707, RMOYTX5huHVs4TssfKZf, 2019-10-05 11:17:27, 2019-10-19 06:20:53
5708, dkDB9fCzHNK2LJ40jUzq, 2019-10-05 11:17:27, 2019-10-19 06:20:53
5709, n8p3tSYquNBIfTxDij0E, 2019-10-05 11:17:27, 2019-10-19 06:20:53
5710, e7S921hz6Ii5Kk4U7zhf, 2019-10-05 11:17:27, 2019-10-19 06:20:53
5711, ttZRIvPvUiSWUJODS7tg, 2019-10-05 11:17:27, 2019-10-19 06:20:53
5712, 4rG2UEq52jhSAoQOUR9W, 2019-10-05 11:17:27, 2019-10-19 06:20:53
5713, IG5VPV1jxahB5A3X86Yk, 2019-10-05 11:17:27, 2019-10-19 06:20:53
5714, iSM7cMem01JxUbrUQdI9, 2019-10-05 11:17:27, 2019-10-19 06:20:53
5715, tU58nHOswyViNKrVXPk3, 2019-10-05 11:17:27, 2019-10-19 06:20:53
5716, XgTCjHvl3ssAm0cq1eHD, 2019-10-05 11:17:27, 2019-10-19 06:20:53
5717, RIUeO9etFFLPAX5GFtu2, 2019-10-05 11:17:27, 2019-10-19 06:20:53
5718, zTJeftappMzcomvAP0d7, 2019-10-05 11:17:27, 2019-10-19 06:20:53
5719, tQudgynAGRjO6m3tZQuO, 2019-10-05 11:17:27, 2019-10-19 06:20:53
5720, ueVQNcA7sO1as1itIefe, 2019-10-05 11:17:27, 2019-10-19 06:20:53
5721, SzKDme6BfQo2x6qVRqeq, 2019-10-05 11:17:27, 2019-10-19 06:20:53
5722, khDXKbYZwdkDjzsY3pr9, 2019-10-05 11:17:27, 2019-10-19 06:20:53
5723, ZGpSPrAIZDGPePZ0dOW6, 2019-10-05 11:17:27, 2019-10-19 06:20:53
5724, Z5oxGU0vzsuaPxXLbksJ, 2019-10-05 11:17:27, 2019-10-19 06:20:53
5725, 2CDRo1d42oPvrmzdX417, 2019-10-05 11:17:27, 2019-10-19 06:20:53
5726, ReW5jEMAgnJHZ4gK6Ekb, 2019-10-05 11:17:27, 2019-10-19 06:20:53
5727, bCt9UHrQ9qOXvOwrtlV5, 2019-10-05 11:17:27, 2019-10-19 06:20:53
5728, pzr7u1ObrOikMtxp6OcI, 2019-10-05 11:17:27, 2019-10-19 06:20:53
5729, kcX8M01TJwcVXEVfRc1A, 2019-10-05 11:17:27, 2019-10-19 06:20:54
5730, srPpYvlK1G1otnWYsoud, 2019-10-05 11:17:27, 2019-10-19 06:20:54
5731, wiYQbalUu8jKNOoVpx1l, 2019-10-05 11:17:27, 2019-10-19 06:20:54
5732, BVzHCIambC1vLLd6wKyC, 2019-10-05 11:17:27, 2019-10-19 06:20:54
5733, 8LlcCr72KvLrGYnafLWs, 2019-10-05 11:17:27, 2019-10-19 06:20:54
5734, Bz1b1Vh3l4OHMkDQL9KJ, 2019-10-05 11:17:27, 2019-10-19 06:20:54
5735, RoZfkdBEN6so9Vo7VarJ, 2019-10-05 11:17:27, 2019-10-19 06:20:54
5736, jnr0xxvR6MpbE1QQ8l9Y, 2019-10-05 11:17:27, 2019-10-19 06:20:54
5737, 66ylJIPWgeTUHmylUxXD, 2019-10-05 11:17:27, 2019-10-19 06:20:54
5738, tkbtZbc0grI1kpLYBwog, 2019-10-05 11:17:27, 2019-10-19 06:20:54
5739, aCpoOwuKeXV6Ri1aRmKR, 2019-10-05 11:17:27, 2019-10-19 06:20:54
5740, 0yuSPSSIR9fBa1nTuVeh, 2019-10-05 11:17:27, 2019-10-19 06:20:54
5741, LQ96Js7BCO9IIApHQ4rP, 2019-10-05 11:17:27, 2019-10-19 06:20:54
5742, iMGG9KReK4M3M50xRmH4, 2019-10-05 11:17:27, 2019-10-19 06:20:54
5743, n3g738EzOIRDlLyUAVg7, 2019-10-05 11:17:27, 2019-10-19 06:20:54
5744, kcSsFeE33QKJ1v1zwUY9, 2019-10-05 11:17:27, 2019-10-19 06:20:54
5745, U6hhalweiOXiS9rWrMeV, 2019-10-05 11:17:27, 2019-10-19 06:20:54
5746, zA54bbbeGQMrxvaegavD, 2019-10-05 11:17:27, 2019-10-19 06:20:54
5747, 4rIlPGX4U3Hxn4SlkAqH, 2019-10-05 11:17:27, 2019-10-19 06:20:54
5748, tmQmt0qHMdQzpCF61so8, 2019-10-05 11:17:27, 2019-10-19 06:20:54
5749, ZSPju6cd1QsUURtYcQiS, 2019-10-05 11:17:27, 2019-10-19 06:20:54
5750, q9H6lUekymum7CFfii8u, 2019-10-05 11:17:27, 2019-10-19 06:20:54
5751, Q16hHsS3VXPk6qcMrEj6, 2019-10-05 11:17:27, 2019-10-19 06:20:54
5752, iDeMOy9Zm0AneFXp74H9, 2019-10-05 11:17:27, 2019-10-19 06:20:54
5753, b6yIUVumzIjA8oWY1HwM, 2019-10-05 11:17:27, 2019-10-19 06:20:54
5754, XjXxy5BV3My0iWbSVLc8, 2019-10-05 11:17:27, 2019-10-19 06:20:54
5755, Z4y2QWljyLLQeBAXvzF9, 2019-10-05 11:17:27, 2019-10-19 06:20:54
5756, LzFIRV5CIxQjNTpKX0wa, 2019-10-05 11:17:27, 2019-10-19 06:20:54
5757, hdskAhEI4UiSCHK0NZoB, 2019-10-05 11:17:27, 2019-10-19 06:20:54
5758, ERW1nSYesP7ECYdDrOR7, 2019-10-05 11:17:27, 2019-10-19 06:20:54
5759, RomCvQz0DAbPnEVKykCc, 2019-10-05 11:17:27, 2019-10-19 06:20:54
5760, pgcViyUkKDpeTz6ypfYz, 2019-10-05 11:17:27, 2019-10-19 06:20:54
5761, l4OcijnvjP595JdqUnGr, 2019-10-05 11:17:27, 2019-10-19 06:20:54
5762, ElaTyUV3uvaWh7Ff3B5A, 2019-10-05 11:17:27, 2019-10-19 06:20:54
5763, bInex0nPKdZ0TNldxyhT, 2019-10-05 11:17:27, 2019-10-19 06:20:54
5764, CrSUk2BxYZ8YgG9RwSof, 2019-10-05 11:17:27, 2019-10-19 06:20:54
5765, K7m1yBrCdXAGkN2hFSzS, 2019-10-05 11:17:27, 2019-10-19 06:20:54
5766, tECVtV9Edkm9LsWjA0aF, 2019-10-05 11:17:27, 2019-10-19 06:20:54
5767, oWK1SNNex5TL3or9V7uF, 2019-10-05 11:17:27, 2019-10-19 06:20:54
5768, yinSOe2fJiAZ82bKHiZ1, 2019-10-05 11:17:27, 2019-10-19 06:20:54
5769, dMHsNpIFL8VyRDSo204W, 2019-10-05 11:17:27, 2019-10-19 06:20:54
5770, w7siix5WeZb5UTgs6iCx, 2019-10-05 11:17:27, 2019-10-19 06:20:54
5771, 03l7enDmhplwaNx9tUgO, 2019-10-05 11:17:27, 2019-10-19 06:20:54
5772, AbzuV03wXKDoo718D1wH, 2019-10-05 11:17:27, 2019-10-19 06:20:54
5773, 9YIFnAp3AZFkUKWHPw5D, 2019-10-05 11:17:27, 2019-10-19 06:20:54
5774, sdyFV5FWlV238i2CL5hR, 2019-10-05 11:17:27, 2019-10-19 06:20:54
5775, BzwGy0XdkLM1DZ3Kkp8j, 2019-10-05 11:17:27, 2019-10-19 06:20:54
5776, blA2QbmKQooyWXRsKk6u, 2019-10-05 11:17:27, 2019-10-19 06:20:54
5777, QJekbdczgUiezwAHJoja, 2019-10-05 11:17:27, 2019-10-19 06:20:54
5778, BbprmtiIE0eKu19EzGuY, 2019-10-05 11:17:27, 2019-10-19 06:20:54
5779, ijjsaXxBlSxuIrOjuakB, 2019-10-05 11:17:27, 2019-10-19 06:20:54
5780, mFrKdCzy34t8EN5uluun, 2019-10-05 11:17:27, 2019-10-19 06:20:54
5781, DOuPCkeLCcxjYPeQfGOy, 2019-10-05 11:17:27, 2019-10-19 06:20:54
5782, lLRyjCufuLrApdw8AN1L, 2019-10-05 11:17:27, 2019-10-19 06:20:54
5783, 0cpOMAXZczOIAZyGDRCJ, 2019-10-05 11:17:27, 2019-10-19 06:20:54
5784, E8TrJ8kTpfty0hTvCrrQ, 2019-10-05 11:17:27, 2019-10-19 06:20:54
5785, hVg8O8UT6CqShWvco8cP, 2019-10-05 11:17:27, 2019-10-19 06:20:54
5786, moI5STYkidnr5z1Dmvvv, 2019-10-05 11:17:27, 2019-10-19 06:20:54
5787, nMacLh5ZHTGlLMhrAHKY, 2019-10-05 11:17:27, 2019-10-19 06:20:54
5788, mSexJjOIPhJkZodZB5y8, 2019-10-05 11:17:27, 2019-10-19 06:20:54
5789, qfy1xazpXLlBceFgCpfR, 2019-10-05 11:17:27, 2019-10-19 06:20:54
5790, NEQe5H7BWfZxVNCfcsN2, 2019-10-05 11:17:27, 2019-10-19 06:20:54
5791, c0D7ntHta7Dn0oEaDs1u, 2019-10-05 11:17:27, 2019-10-19 06:20:54
5792, KMQqQNEOEW4kVPcmIwQ7, 2019-10-05 11:17:27, 2019-10-19 06:20:54
5793, DkPicvOATWVGwCT5nOi2, 2019-10-05 11:17:27, 2019-10-19 06:20:54
5794, km0quoNNwWERTS3uEXYE, 2019-10-05 11:17:27, 2019-10-19 06:20:54
5795, wStfw2AVkt2xbf6uNtZu, 2019-10-05 11:17:27, 2019-10-19 06:20:54
5796, kNufCbsIZhs5LmlSR3bo, 2019-10-05 11:17:27, 2019-10-19 06:20:54
5797, 10ugvnL3qKcf4Sp8V7gM, 2019-10-05 11:17:27, 2019-10-19 06:20:54
5798, mKD1rpNcYhlGf2LkfZhw, 2019-10-05 11:17:27, 2019-10-19 06:20:54
5799, 3nDc8nvglnHwp01EfHHE, 2019-10-05 11:17:27, 2019-10-19 06:20:54
5800, YPOPgHlClXyMISbcPeXB, 2019-10-05 11:17:27, 2019-10-19 06:20:54
5801, mELDKKn3DiVcUiuMI4lO, 2019-10-05 11:17:27, 2019-10-19 06:20:54
5802, vUCkIOcovbKPKZPu24Ly, 2019-10-05 11:17:27, 2019-10-19 06:20:54
5803, BmZ9YEE1Mc2Jv0RMN7bo, 2019-10-05 11:17:27, 2019-10-19 06:20:54
5804, 2JCR6UWWyxpWfyu3JFGU, 2019-10-05 11:17:27, 2019-10-19 06:20:54
5805, mUSMxWQwQe3j6ypSaOvN, 2019-10-05 11:17:27, 2019-10-19 06:20:54
5806, eg5szytwvbutc88ioYLS, 2019-10-05 11:17:27, 2019-10-19 06:20:54
5807, t6DKP3nu6a5oApkEiw4b, 2019-10-05 11:17:27, 2019-10-19 06:20:54
5808, CCorCuEY1aOfpn9M26Jg, 2019-10-05 11:17:27, 2019-10-19 06:20:54
5809, fNbvbxch1bEe8kRJ6UzM, 2019-10-05 11:17:27, 2019-10-19 06:20:54
5810, DiIXMCDGyHXJGxb5VPua, 2019-10-05 11:17:27, 2019-10-19 06:20:54
5811, YO0JDdnHI1wYyItoM2My, 2019-10-05 11:17:27, 2019-10-19 06:20:54
5812, LdeJ6EbFOQGtL1c4lXaP, 2019-10-05 11:17:27, 2019-10-19 06:20:54
5813, M3cYM2LIDZpTdBorVxq9, 2019-10-05 11:17:27, 2019-10-19 06:20:54
5814, afLsOTbCKGxJUL2yno17, 2019-10-05 11:17:27, 2019-10-19 06:20:55
5815, pc6RfMCzuBFTskzfLhEJ, 2019-10-05 11:17:27, 2019-10-19 06:20:55
5816, Fbext7VkfxTjwPpVzUTc, 2019-10-05 11:17:27, 2019-10-19 06:20:55
5817, R59iyl0wAwSJwDxIFy1I, 2019-10-05 11:17:27, 2019-10-19 06:20:55
5818, Qn6RSaxC3H6j1aQbpE2M, 2019-10-05 11:17:27, 2019-10-19 06:20:55
5819, bPGin1EQa2YMkVK16qTV, 2019-10-05 11:17:27, 2019-10-19 06:20:55
5820, wR3plJOK7mJsal6jLar8, 2019-10-05 11:17:27, 2019-10-19 06:20:55
5821, pvERakT14nJaXfasYJ3T, 2019-10-05 11:17:27, 2019-10-19 06:20:55
5822, ReO2OEaUt0KPCUrVWwnY, 2019-10-05 11:17:27, 2019-10-19 06:20:55
5823, WhFmTNYiBXbsTIXdYz3U, 2019-10-05 11:17:27, 2019-10-19 06:20:55
5824, rPWMVWnuT8HcbW6sEohj, 2019-10-05 11:17:27, 2019-10-19 06:20:55
5825, 5fXFmPMmT3CaAVxJo47e, 2019-10-05 11:17:27, 2019-10-19 06:20:55
5826, 9t9W4Zj7eUVDWzfWN2UQ, 2019-10-05 11:17:27, 2019-10-19 06:20:55
5827, RtcuZ9cT0K8JFeEC9alB, 2019-10-05 11:17:27, 2019-10-19 06:20:55
5828, uJeUe1T5XLe277QiZsGJ, 2019-10-05 11:17:27, 2019-10-19 06:20:55
5829, LMkZk1SBadS4L9KrqoSc, 2019-10-05 11:17:27, 2019-10-19 06:20:55
5830, SYSX1IUpV7VfHRTIpiLK, 2019-10-05 11:17:27, 2019-10-19 06:20:55
5831, A5NqnwttyXMsXtv1x3AA, 2019-10-05 11:17:27, 2019-10-19 06:20:55
5832, OoGasugMijTbRDqLk2WQ, 2019-10-05 11:17:27, 2019-10-19 06:20:55
5833, 7Y5hzOAbw0Aa0y0ttNxB, 2019-10-05 11:17:27, 2019-10-19 06:20:55
5834, l7egWVR6arYC6jy40s1s, 2019-10-05 11:17:27, 2019-10-19 06:20:55
5835, 5hE6YaU4ZBCGE2HAvBiG, 2019-10-05 11:17:27, 2019-10-19 06:20:55
5836, yEShUGScwDt3X7pssN2S, 2019-10-05 11:17:27, 2019-10-19 06:20:55
5837, eKXusCTATqV7utMJ00Sy, 2019-10-05 11:17:27, 2019-10-19 06:20:55
5838, d7iNVgk2YKPIfRpuJlyb, 2019-10-05 11:17:27, 2019-10-19 06:20:55
5839, 4W6g0MIAQoxm8fgrPGC9, 2019-10-05 11:17:27, 2019-10-19 06:20:55
5840, s07OX6PsKuOakGOVjgr3, 2019-10-05 11:17:27, 2019-10-19 06:20:55
5841, j5bWp1TE7VMbWwfHvawC, 2019-10-05 11:17:27, 2019-10-19 06:20:55
5842, 1LMDyZp4UNQNrtJluaOe, 2019-10-05 11:17:27, 2019-10-19 06:20:55
5843, VAFd3t33msboulkNfAdr, 2019-10-05 11:17:27, 2019-10-19 06:20:55
5844, zrrRELFzrvC8uE4LMliJ, 2019-10-05 11:17:27, 2019-10-19 06:20:55
5845, jVNi6be9JGqQ52I3d2Sj, 2019-10-05 11:17:27, 2019-10-19 06:20:55
5846, T0gT3jtiqiHxe15esZsn, 2019-10-05 11:17:27, 2019-10-19 06:20:55
5847, bEEGPqfhXxYn1w9cS5UH, 2019-10-05 11:17:27, 2019-10-19 06:20:55
5848, HpYF17JS1PEIaOvXME4g, 2019-10-05 11:17:27, 2019-10-19 06:20:55
5849, MSw3JqB3aR7ypb1NFAml, 2019-10-05 11:17:27, 2019-10-19 06:20:55
5850, jAPTVSYcqxoqnEWZgUjC, 2019-10-05 11:17:27, 2019-10-19 06:20:55
5851, bdf04yYOnZCQzuoNn6qM, 2019-10-05 11:17:27, 2019-10-19 06:20:55
5852, uGLd5oLKxOjfSajRQlxm, 2019-10-05 11:17:27, 2019-10-19 06:20:55
5853, G6LRxuBP7W5UNsRobb39, 2019-10-05 11:17:27, 2019-10-19 06:20:55
5854, PSKASgIR4ILIlT3sSkvq, 2019-10-05 11:17:27, 2019-10-19 06:20:55
5855, TrwA0eEf0mVVnAmIzyIN, 2019-10-05 11:17:27, 2019-10-19 06:20:55
5856, sp33gfh7PkYSqUM7Td5g, 2019-10-05 11:17:27, 2019-10-19 06:20:55
5857, um9pSl7dMeeaSTmq1kdG, 2019-10-05 11:17:27, 2019-10-19 06:20:55
5858, IXaOja0mqLQZQXujI38K, 2019-10-05 11:17:27, 2019-10-19 06:20:55
5859, 8G4oDKZgV9r8tPQpJNDP, 2019-10-05 11:17:27, 2019-10-19 06:20:55
5860, 9kw7oYuw3Xc4gNolMcXS, 2019-10-05 11:17:27, 2019-10-19 06:20:55
5861, rqYfgP933APZhdPPdJmg, 2019-10-05 11:17:27, 2019-10-19 06:20:55
5862, JM1IMZE11mdlEEYeMVOr, 2019-10-05 11:17:27, 2019-10-19 06:20:55
5863, mbzRZwDM6gRLLGBWSPw7, 2019-10-05 11:17:27, 2019-10-19 06:20:55
5864, 0OMTtSNUAdcQecD0Cl1e, 2019-10-05 11:17:27, 2019-10-19 06:20:55
5865, t9apcEsNJLlibnzm3WWI, 2019-10-05 11:17:27, 2019-10-19 06:20:55
5866, GEkkoFPxUQWfxH2eBgwh, 2019-10-05 11:17:27, 2019-10-19 06:20:55
5867, COD1g0cksqTv5TRppJmy, 2019-10-05 11:17:27, 2019-10-19 06:20:55
5868, 1kPIfmV6byeVwkC3plYx, 2019-10-05 11:17:27, 2019-10-19 06:20:55
5869, mr9LQw2eCSUcZWQAgRcz, 2019-10-05 11:17:27, 2019-10-19 06:20:55
5870, 1KKg2RbOCQKgXDca3fge, 2019-10-05 11:17:27, 2019-10-19 06:20:55
5871, ZzFOpneFsXQgCYyRPv6y, 2019-10-05 11:17:27, 2019-10-19 06:20:55
5872, STphBsvL4itD3ZsYANAc, 2019-10-05 11:17:27, 2019-10-19 06:20:55
5873, 8oCuokYfkUeD8A01ub6d, 2019-10-05 11:17:27, 2019-10-19 06:20:55
5874, fdLVS6yArI4evBSCW3AQ, 2019-10-05 11:17:27, 2019-10-19 06:20:55
5875, SIjVMmiAxBRZPRrn2w6o, 2019-10-05 11:17:27, 2019-10-19 06:20:55
5876, q1jrXa07Gk9FrSuxitUq, 2019-10-05 11:17:27, 2019-10-19 06:20:55
5877, CEMwAbaitRf4SG2xPkPC, 2019-10-05 11:17:27, 2019-10-19 06:20:55
5878, WUq0MWY9Xz7OVsDbu2cu, 2019-10-05 11:17:27, 2019-10-19 06:20:55
5879, ineHqYzsukVC1xPOhyT8, 2019-10-05 11:17:27, 2019-10-19 06:20:55
5880, 1yAHzqRBNhLVwtdjnY4O, 2019-10-05 11:17:27, 2019-10-19 06:20:55
5881, pi8N6MFAKRU8rBRJmT5l, 2019-10-05 11:17:27, 2019-10-19 06:20:55
5882, OnQAkZYWC8UphWzNjqdu, 2019-10-05 11:17:27, 2019-10-19 06:20:55
5883, BDEJT6bAxULpLGwDIvxK, 2019-10-05 11:17:27, 2019-10-19 06:20:55
5884, 1cyFL1mQu4KQm7HiM7DH, 2019-10-05 11:17:27, 2019-10-19 06:20:55
5885, gsjbKSeRY7WjMczQc8kS, 2019-10-05 11:17:27, 2019-10-19 06:20:55
5886, 6S4b27BCUU1QpMfYAbsw, 2019-10-05 11:17:27, 2019-10-19 06:20:55
5887, HXPgL1wTAs6GPTjsZu8j, 2019-10-05 11:17:27, 2019-10-19 06:20:55
5888, gc2qCXWn081G6Xm8BkU3, 2019-10-05 11:17:27, 2019-10-19 06:20:55
5889, erSG2UXflK1BBOwwhq28, 2019-10-05 11:17:27, 2019-10-19 06:20:55
5890, UJ9iYYB7NXA0vTeh5VyT, 2019-10-05 11:17:27, 2019-10-19 06:20:55
5891, UvAam73uetf8TrYx7vHy, 2019-10-05 11:17:27, 2019-10-19 06:20:55
5892, jQI7JbVFWrPFOEaipTLs, 2019-10-05 11:17:27, 2019-10-19 06:20:55
5893, NxSoT3sOgrEJK97Ftijc, 2019-10-05 11:17:27, 2019-10-19 06:20:55
5894, oGMR5m4OUx220ceJ5n3p, 2019-10-05 11:17:27, 2019-10-19 06:20:55
5895, py08mOJs6uJc4wPlcIxG, 2019-10-05 11:17:27, 2019-10-19 06:20:55
5896, sC80R6Fv8lgeEBDZFKil, 2019-10-05 11:17:27, 2019-10-19 06:20:55
5897, Zzhg9uR82Fy7iuYdmOFA, 2019-10-05 11:17:27, 2019-10-19 06:20:55
5898, lhf77YttHmJvFRdCUlMU, 2019-10-05 11:17:27, 2019-10-19 06:20:55
5899, 1EM24wlV9W7xJXJEkKlO, 2019-10-05 11:17:27, 2019-10-19 06:20:55
5900, DCN3dSOfQNs0IsNxAPPb, 2019-10-05 11:17:27, 2019-10-19 06:20:55
5901, A6w0NehElu3b6E6qDjB4, 2019-10-05 11:17:27, 2019-10-19 06:20:55
5902, WiSEi9a3kvC15l7WpqPx, 2019-10-05 11:17:27, 2019-10-19 06:20:55
5903, LUGMjyjkYf8MtHZnsL3u, 2019-10-05 11:17:27, 2019-10-19 06:20:55
5904, VIQlGRfdkK41TJgm1jyB, 2019-10-05 11:17:27, 2019-10-19 06:20:55
5905, fXkjwqGFdS9aGioXmCOs, 2019-10-05 11:17:27, 2019-10-19 06:20:55
5906, ITmHgVH7JL9VLLPbzl7T, 2019-10-05 11:17:27, 2019-10-19 06:20:55
5907, EqMssbASLAg633Wq4I38, 2019-10-05 11:17:27, 2019-10-19 06:20:55
5908, Fipt5RSIvJqbhJSB5nRK, 2019-10-05 11:17:27, 2019-10-19 06:20:55
5909, WoNBeCF42lTIMQe26UN4, 2019-10-05 11:17:27, 2019-10-19 06:20:55
5910, NhPNQJO7IvUL7xtmQQXE, 2019-10-05 11:17:27, 2019-10-19 06:20:55
5911, gB8LE9pthSWLqtFpDLld, 2019-10-05 11:17:27, 2019-10-19 06:20:55
5912, drgmK3QYwF7Uaakq7q0Z, 2019-10-05 11:17:27, 2019-10-19 06:20:55
5913, FFDs6jeYzjOZJbksEk4r, 2019-10-05 11:17:27, 2019-10-19 06:20:55
5914, xBrGeS8T3dMqsdw5seKp, 2019-10-05 11:17:27, 2019-10-19 06:20:55
5915, ISvXYOkjnYUbRAbbX6I6, 2019-10-05 11:17:27, 2019-10-19 06:20:55
5916, nQgoTzAbY5nYjF6HEunR, 2019-10-05 11:17:27, 2019-10-19 06:20:55
5917, QvQTzxw4pZdzApHIvLDc, 2019-10-05 11:17:27, 2019-10-19 06:20:55
5918, eZde7IgKnfTux7osbROI, 2019-10-05 11:17:27, 2019-10-19 06:20:55
5919, bDKzoNArilOapNMjbi6Q, 2019-10-05 11:17:27, 2019-10-19 06:20:55
5920, AhfCSG3ZBuWwwdPSQ8IU, 2019-10-05 11:17:27, 2019-10-19 06:20:55
5921, s62ZcP8LKcPFan8KhjjK, 2019-10-05 11:17:27, 2019-10-19 06:20:55
5922, iKlY5e2zipA23zff5Ddf, 2019-10-05 11:17:27, 2019-10-19 06:20:55
5923, McxijmC1afFaIjqbHSwy, 2019-10-05 11:17:27, 2019-10-19 06:20:55
5924, umO5KdCIPgCkxKYQ2Ogx, 2019-10-05 11:17:27, 2019-10-19 06:20:55
5925, DR86LyfzOuMLCLfodBmk, 2019-10-05 11:17:27, 2019-10-19 06:20:55
5926, o7c2DoWBp3DvtiLVpQ0r, 2019-10-05 11:17:27, 2019-10-19 06:20:55
5927, RCK1eHlD2KExhtHghtVD, 2019-10-05 11:17:27, 2019-10-19 06:20:55
5928, uqIT48Oyjvz6BK8w0VHA, 2019-10-05 11:17:27, 2019-10-19 06:20:55
5929, CUysevrXWreEPcqnotYI, 2019-10-05 11:17:27, 2019-10-19 06:20:55
5930, vZb7UAfodj5SZH4obDM8, 2019-10-05 11:17:27, 2019-10-19 06:20:55
5931, bzB6sJcRFvP66VAd4cNH, 2019-10-05 11:17:27, 2019-10-19 06:20:55
5932, 7wnbYQIuXtRpfCf1Y5zX, 2019-10-05 11:17:27, 2019-10-19 06:20:55
5933, qm4p7CqyzBmHe8sTqRpz, 2019-10-05 11:17:27, 2019-10-19 06:20:55
5934, JGwie26HdYAP96SGizAv, 2019-10-05 11:17:27, 2019-10-19 06:20:55
5935, pAyKniEdUwQVFmkA3ojR, 2019-10-05 11:17:27, 2019-10-19 06:20:55
5936, V8aSky3X9MUZkshLlk0x, 2019-10-05 11:17:27, 2019-10-19 06:20:55
5937, FnCVW8NSfVQjGvWLWMmD, 2019-10-05 11:17:27, 2019-10-19 06:20:55
5938, JWoAaO9RhfvRSYZ688hP, 2019-10-05 11:17:27, 2019-10-19 06:20:55
5939, poORkcfmhWkRj7J9bDLY, 2019-10-05 11:17:27, 2019-10-19 06:20:55
5940, bke2EQUsOacTWz3JBkle, 2019-10-05 11:17:27, 2019-10-19 06:20:55
5941, nMDiiINWUlw8mzgHVNox, 2019-10-05 11:17:27, 2019-10-19 06:20:55
5942, edG4jwUnPJFUN6lNPbqQ, 2019-10-05 11:17:27, 2019-10-19 06:20:55
5943, KVhUrI6RWDNsMdL1qxJJ, 2019-10-05 11:17:27, 2019-10-19 06:20:55
5944, D88f2QQiHjfz5CP1Pkqq, 2019-10-05 11:17:27, 2019-10-19 06:20:56
5945, IQT6oOcCm81i0LqDf0wy, 2019-10-05 11:17:27, 2019-10-19 06:20:56
5946, a9x5dooLGgN6SpfvShWZ, 2019-10-05 11:17:27, 2019-10-19 06:20:56
5947, D8dnnHKjivQaai8jCjCQ, 2019-10-05 11:17:27, 2019-10-19 06:20:56
5948, SyDRk8b4pCDnG4Ydj8OS, 2019-10-05 11:17:27, 2019-10-19 06:20:56
5949, h9chIyEvSayCmTPF1G6q, 2019-10-05 11:17:27, 2019-10-19 06:20:56
5950, a2IvD9E0d6S5jeNfXbiU, 2019-10-05 11:17:27, 2019-10-19 06:20:56
5951, FHfPYso56m5aXaH1V4JS, 2019-10-05 11:17:27, 2019-10-19 06:20:56
5952, UbsMburMCjVtMyCwUSdG, 2019-10-05 11:17:27, 2019-10-19 06:20:56
5953, IS3hLrwDiRuWB9vPhsyH, 2019-10-05 11:17:27, 2019-10-19 06:20:56
5954, x651zTndS8kbn7GJDXCd, 2019-10-05 11:17:27, 2019-10-19 06:20:56
5955, 3lUfPtlEAyNOA9BKLDBn, 2019-10-05 11:17:27, 2019-10-19 06:20:56
5956, T0sudZqsZwkewdUVuhfz, 2019-10-05 11:17:27, 2019-10-19 06:20:56
5957, pg8F1FSh4PtYD1vCMt9M, 2019-10-05 11:17:27, 2019-10-19 06:20:56
5958, OarKJRDFkYuqgBUdTBvV, 2019-10-05 11:17:27, 2019-10-19 06:20:56
5959, 5ymghTjHDWMMeoJKGz36, 2019-10-05 11:17:27, 2019-10-19 06:20:56
5960, ysoUogNR6NZ7ViSHTyFx, 2019-10-05 11:17:27, 2019-10-19 06:20:56
5961, niGpy1AthbdnbzZCZGre, 2019-10-05 11:17:27, 2019-10-19 06:20:56
5962, ukvqfSmyn0DFTiooRWOt, 2019-10-05 11:17:27, 2019-10-19 06:20:56
5963, 5mVjfwR89Q5Mu5cMu3RW, 2019-10-05 11:17:27, 2019-10-19 06:20:56
5964, sKOM0XpoWaTkDgawXFwA, 2019-10-05 11:17:27, 2019-10-19 06:20:56
5965, fA2FC689rkw6RqktivQU, 2019-10-05 11:17:27, 2019-10-19 06:20:56
5966, zYwAHsCWCFKcJt5C18y4, 2019-10-05 11:17:27, 2019-10-19 06:20:56
5967, ZDUEZu0gJQeL0ZlA3EZ6, 2019-10-05 11:17:27, 2019-10-19 06:20:56
5968, 0pw4lqRSCYh1znxHBEAX, 2019-10-05 11:17:27, 2019-10-19 06:20:56
5969, tUEwUFp6mhJwegsK4pLa, 2019-10-05 11:17:27, 2019-10-19 06:20:56
5970, 0ZKtBIefSkTAxUAanFWJ, 2019-10-05 11:17:27, 2019-10-19 06:20:56
5971, 57dHze8UuXjPA32UJy0u, 2019-10-05 11:17:27, 2019-10-19 06:20:56
5972, 4D2uq2s9gzemsHx7D1L7, 2019-10-05 11:17:27, 2019-10-19 06:20:56
5973, BwRjOUIFR7FY8wOssCAS, 2019-10-05 11:17:27, 2019-10-19 06:20:56
5974, 44WnUe2pIITQk9vmZWpb, 2019-10-05 11:17:27, 2019-10-19 06:20:56
5975, aaEUesdOWkJzAGEFX9HD, 2019-10-05 11:17:27, 2019-10-19 06:20:56
5976, 6r4XDtxBd1ZwLH6LdNdY, 2019-10-05 11:17:27, 2019-10-19 06:20:56
5977, FC1HYDTkNNOx5fBx6bcc, 2019-10-05 11:17:27, 2019-10-19 06:20:56
5978, wpNZAXFXEIAunhfIxrNQ, 2019-10-05 11:17:27, 2019-10-19 06:20:56
5979, B7Vo20GOg5pUUzI25cNi, 2019-10-05 11:17:27, 2019-10-19 06:20:56
5980, RDPChRWdZMOwyTgk3Mxr, 2019-10-05 11:17:27, 2019-10-19 06:20:56
5981, LZD0JolKeqslbMxMfL5s, 2019-10-05 11:17:27, 2019-10-19 06:20:56
5982, XLnpI8Dv2EhbpNBmG1jW, 2019-10-05 11:17:27, 2019-10-19 06:20:56
5983, SpXTzPOr5GYupSCi8NES, 2019-10-05 11:17:27, 2019-10-19 06:20:56
5984, Opn5ubS7t5uC6ruyWfCV, 2019-10-05 11:17:27, 2019-10-19 06:20:56
5985, viqKGCtTZJSfOZ7C3FIK, 2019-10-05 11:17:27, 2019-10-19 06:20:56
5986, rfQ87i42GVNRjjBSJZQ4, 2019-10-05 11:17:27, 2019-10-19 06:20:56
5987, IwrJJnw5Sp3woVBuHD5C, 2019-10-05 11:17:27, 2019-10-19 06:20:56
5988, e8lET76ArRTHBfhkk9xM, 2019-10-05 11:17:27, 2019-10-19 06:20:56
5989, rQEO1YMqq0Y2gQs72LfF, 2019-10-05 11:17:27, 2019-10-19 06:20:56
5990, 1hYxnf9MV5llaYhVN5X4, 2019-10-05 11:17:27, 2019-10-19 06:20:56
5991, KoaSA9KlTL1QoBCYGSOv, 2019-10-05 11:17:27, 2019-10-19 06:20:56
5992, qwcqn7b45lBRJAHmX5zp, 2019-10-05 11:17:27, 2019-10-19 06:20:56
5993, 37dBxD4KDKoWtgC466AN, 2019-10-05 11:17:27, 2019-10-19 06:20:56
5994, dLcYq8xRRMJ5Ycm2IGRV, 2019-10-05 11:17:27, 2019-10-19 06:20:56
5995, nrEqmaD2zKknXo03lapn, 2019-10-05 11:17:27, 2019-10-19 06:20:56
5996, D8OS7WOHr5A7KddTmlmV, 2019-10-05 11:17:27, 2019-10-19 06:20:56
5997, 2Wc3vS2wuXzeqDsAZyl0, 2019-10-05 11:17:27, 2019-10-19 06:20:56
5998, H5MG26qTyy4qtwCcpOom, 2019-10-05 11:17:27, 2019-10-19 06:20:56
5999, H4tmg2GXdV7oUwq8JPRP, 2019-10-05 11:17:27, 2019-10-19 06:20:56
6000, 6MbFYBSEvlkZ0TlXVr3Y, 2019-10-05 11:17:27, 2019-10-19 06:20:56
6001, 7Q4JPS891nTMySsHRzku, 2019-10-05 11:17:27, 2019-10-19 06:20:56
6002, CsRd3egecV3tfGX3yuYa, 2019-10-05 11:17:27, 2019-10-19 06:20:56
6003, IHi4LgWA7VPWmXcnCVui, 2019-10-05 11:17:27, 2019-10-19 06:20:56
6004, 04bf5eXJZneh0musMQhb, 2019-10-05 11:17:27, 2019-10-19 06:20:56
6005, MFBX6X8SKGrhuyTQneqq, 2019-10-05 11:17:27, 2019-10-19 06:20:56
6006, 0Nvyh0P0O4TJaTFxQKat, 2019-10-05 11:17:27, 2019-10-19 06:20:56
6007, n8UShU5elUt0AcZBzh9H, 2019-10-05 11:17:27, 2019-10-19 06:20:56
6008, 2gosrKoMFBM3S5Yr5KlU, 2019-10-05 11:17:27, 2019-10-19 06:20:57
6009, tchVUg9sJ6XZoyB71VNl, 2019-10-05 11:17:27, 2019-10-19 06:20:57
6010, v4SASLL633rDGwnOBdjA, 2019-10-05 11:17:27, 2019-10-19 06:20:57
6011, uhvhTS5gNlEULybimk3X, 2019-10-05 11:17:27, 2019-10-19 06:20:57
6012, da5wLFepqFhfMnAKIip8, 2019-10-05 11:17:27, 2019-10-19 06:20:57
6013, KBCeSX9csgq8hOcZyDvJ, 2019-10-05 11:17:27, 2019-10-19 06:20:57
6014, EydICCRWXRhI7NaaVRPb, 2019-10-05 11:17:27, 2019-10-19 06:20:57
6015, Be1xem1PRFVFYIFHho2L, 2019-10-05 11:17:27, 2019-10-19 06:20:57
6016, X6z9ZB8LwTIstYsnfdOt, 2019-10-05 11:17:27, 2019-10-19 06:20:57
6017, B5CHx46V0kqaaRGqHTf1, 2019-10-05 11:17:27, 2019-10-19 06:20:57
6018, MeDRPG1UFCDP2IP3iSr3, 2019-10-05 11:17:27, 2019-10-19 06:20:57
6019, YGkPCRAa6FkVBecp5nxx, 2019-10-05 11:17:27, 2019-10-19 06:20:57
6020, iLVWEizc1xYgmTeOpRSo, 2019-10-05 11:17:27, 2019-10-19 06:20:57
6021, PlfxqxVyFm6v5DaBf6Pr, 2019-10-05 11:17:27, 2019-10-19 06:20:57
6022, 8faGIpdWQOop6BN7CAVE, 2019-10-05 11:17:27, 2019-10-19 06:20:57
6023, oh1v8d1x2vCRiO1KIeWc, 2019-10-05 11:17:27, 2019-10-19 06:20:57
6024, 78SxOakYu5iFf6mWSqSN, 2019-10-05 11:17:27, 2019-10-19 06:20:57
6025, adTe4WAqXiVefRaCmW5L, 2019-10-05 11:17:27, 2019-10-19 06:20:57
6026, 3t7w1HM7qc4KpsMuP2NE, 2019-10-05 11:17:27, 2019-10-19 06:20:57
6027, l8qRB6Qw0vjkheH48ljx, 2019-10-05 11:17:27, 2019-10-19 06:20:57
6028, E1BpeO2QcPFiB90dFNAB, 2019-10-05 11:17:27, 2019-10-19 06:20:57
6029, LsFj2RnwOpILmsgTjVxH, 2019-10-05 11:17:27, 2019-10-19 06:20:57
6030, FKYt09uVeUA9bYJpd1k6, 2019-10-05 11:17:27, 2019-10-19 06:20:57
6031, zxOAVNscHK8wdNmHIrkh, 2019-10-05 11:17:27, 2019-10-19 06:20:57
6032, iijrTcUTkKFFuxFVcAi8, 2019-10-05 11:17:27, 2019-10-19 06:20:57
6033, r6tJrq6N6Yr3AUgGv3us, 2019-10-05 11:17:27, 2019-10-19 06:20:57
6034, Qi2gqatgC2E9DI4Qdvbv, 2019-10-05 11:17:27, 2019-10-19 06:20:57
6035, yZL0IBZJDLRWH5t1TVOZ, 2019-10-05 11:17:27, 2019-10-19 06:20:57
6036, C4jHudIN4xKTlIY5jxHi, 2019-10-05 11:17:27, 2019-10-19 06:20:57
6037, 26u4YYrrKExP4Em94m6r, 2019-10-05 11:17:27, 2019-10-19 06:20:57
6038, c5uQy856xwz3WGVTk7vP, 2019-10-05 11:17:27, 2019-10-19 06:20:57
6039, zRbCPYKl9QoxhLnnu54a, 2019-10-05 11:17:27, 2019-10-19 06:20:57
6040, 5U3Lf8gGpcT0wGBjuar9, 2019-10-05 11:17:27, 2019-10-19 06:20:57
6041, BRNwtmpeA0S6DRIRgn7c, 2019-10-05 11:17:27, 2019-10-19 06:20:57
6042, LvLycRuCcE4Njd0HGXVm, 2019-10-05 11:17:27, 2019-10-19 06:20:57
6043, VLIqzrysbtdfbXbyx6oF, 2019-10-05 11:17:27, 2019-10-19 06:20:57
6044, kLQP2spCWxr2zdKbAP6i, 2019-10-05 11:17:27, 2019-10-19 06:20:57
6045, GJXCA3VRrlEnnTMSfwFn, 2019-10-05 11:17:27, 2019-10-19 06:20:57
6046, 14MRVlIv0hdOS1lM4HOR, 2019-10-05 11:17:27, 2019-10-19 06:20:57
6047, UmRsIjFfKZi05QqgcBOx, 2019-10-05 11:17:27, 2019-10-19 06:20:57
6048, FjNlLq2wNU9iCvXEkcBF, 2019-10-05 11:17:27, 2019-10-19 06:20:57
6049, k3yx0JWxXX533vGkM4fM, 2019-10-05 11:17:27, 2019-10-19 06:20:57
6050, ygq2hu6YYOX1dNRQDzvm, 2019-10-05 11:17:27, 2019-10-19 06:20:57
6051, G7niRfxdsHaWaie25g0c, 2019-10-05 11:17:27, 2019-10-19 06:20:57
6052, hNhmpf088kDK42spxWeY, 2019-10-05 11:17:27, 2019-10-19 06:20:57
6053, ltslAE3wrR7Kys2pvpb3, 2019-10-05 11:17:27, 2019-10-19 06:20:57
6054, VP0n3jGbKw2U2SuwgwH8, 2019-10-05 11:17:27, 2019-10-19 06:20:57
6055, pzeiHN10MJlwsyu1dvF1, 2019-10-05 11:17:27, 2019-10-19 06:20:57
6056, KXJPNiSoV2q8mIwdzUED, 2019-10-05 11:17:27, 2019-10-19 06:20:57
6057, GyMRSrdmLqoJkzyt2eFa, 2019-10-05 11:17:27, 2019-10-19 06:20:57
6058, wm3XAFTwUbEbl3ENMd5D, 2019-10-05 11:17:27, 2019-10-19 06:20:57
6059, TyEpd43k23Oeh2yQVeje, 2019-10-05 11:17:27, 2019-10-19 06:20:57
6060, DznYsiBvayU2AHs88bK8, 2019-10-05 11:17:27, 2019-10-19 06:20:57
6061, 3EDhIftJ3DJMCYgifqRg, 2019-10-05 11:17:27, 2019-10-19 06:20:57
6062, oLOk2oqQVXGPxXIa8QMK, 2019-10-05 11:17:27, 2019-10-19 06:20:57
6063, L9yviMN0ymBkNbgsF37x, 2019-10-05 11:17:27, 2019-10-19 06:20:57
6064, oDEA1SZhV2q0t6dC2UlD, 2019-10-05 11:17:27, 2019-10-19 06:20:57
6065, T9RrxlmuopmktxG0TqZA, 2019-10-05 11:17:27, 2019-10-19 06:20:57
6066, QZghG1S9FNZCxdIAIwzc, 2019-10-05 11:17:27, 2019-10-19 06:20:57
6067, PEXZIUhdTRs8HTQpNsfq, 2019-10-05 11:17:27, 2019-10-19 06:20:57
6068, gSi01aR9tNZnukmt6wx2, 2019-10-05 11:17:27, 2019-10-19 06:20:57
6069, 2Pie5gGcmUkNYSOm2yZ5, 2019-10-05 11:17:27, 2019-10-19 06:20:57
6070, GNSKVuBadIySTiPExjcf, 2019-10-05 11:17:27, 2019-10-19 06:20:57
6071, J6I2WFfa7zKjReMr74aK, 2019-10-05 11:17:27, 2019-10-19 06:20:57
6072, WvcBUmvjcbZ51artdiTd, 2019-10-05 11:17:27, 2019-10-19 06:20:57
6073, fzZgrYZwFqRkT6ZCeiCb, 2019-10-05 11:17:27, 2019-10-19 06:20:57
6074, 0KqzGl4IkMTdIif2OSJ1, 2019-10-05 11:17:27, 2019-10-19 06:20:57
6075, 6uK6unqQ1NNyKeJGF4eZ, 2019-10-05 11:17:27, 2019-10-19 06:20:57
6076, 6riBpJHneFlpZqepsMfc, 2019-10-05 11:17:27, 2019-10-19 06:20:57
6077, ztn7UBKj5bv8rYwCtyQd, 2019-10-05 11:17:27, 2019-10-19 06:20:57
6078, SiBPDgPRQozs6sg4fScy, 2019-10-05 11:17:27, 2019-10-19 06:20:57
6079, O4NYKkin8QHO2CTCbGvq, 2019-10-05 11:17:27, 2019-10-19 06:20:57
6080, YD4NX0qd3rz8Y5JaxHsA, 2019-10-05 11:17:27, 2019-10-19 06:20:57
6081, D3Pm3HhtSkzPnciduN2H, 2019-10-05 11:17:27, 2019-10-19 06:20:57
6082, 5kRhEqtAZiZ6alx0Dixs, 2019-10-05 11:17:27, 2019-10-19 06:20:57
6083, F7y5UI4fwkWBouVeRhc2, 2019-10-05 11:17:27, 2019-10-19 06:20:57
6084, epszVMYklGAUYuniTqNn, 2019-10-05 11:17:27, 2019-10-19 06:20:57
6085, eMkYvBKZxPDl2tw4A7bq, 2019-10-05 11:17:27, 2019-10-19 06:20:57
6086, oYq8ghvBDqIFJPdhJBWk, 2019-10-05 11:17:27, 2019-10-19 06:20:57
6087, UiHEW7p8lHdB8RoOIbTJ, 2019-10-05 11:17:27, 2019-10-19 06:20:57
6088, htZeYJ1dVg4bt1fIeEFp, 2019-10-05 11:17:27, 2019-10-19 06:20:57
6089, 2YMUuobe5102l7bfTaFD, 2019-10-05 11:17:27, 2019-10-19 06:20:57
6090, uHgI5BqIC7KOHGjkxsWN, 2019-10-05 11:17:27, 2019-10-19 06:20:57
6091, E42wK8VXmxxWNHwsMzQJ, 2019-10-05 11:17:27, 2019-10-19 06:20:57
6092, MqsNI1eEflWtOU9Po77P, 2019-10-05 11:17:27, 2019-10-19 06:20:57
6093, sW8iQh68KRjzafAIYM85, 2019-10-05 11:17:27, 2019-10-19 06:20:57
6094, mO6MKJsUjsBkbMoxTjWc, 2019-10-05 11:17:27, 2019-10-19 06:20:57
6095, Im7P4kuTFoJnM6OYofhd, 2019-10-05 11:17:27, 2019-10-19 06:20:57
6096, 3eZB7qMcBFjAbZaYlYw1, 2019-10-05 11:17:27, 2019-10-19 06:20:57
6097, J6WdrUt5KmYHBcnF4j6r, 2019-10-05 11:17:27, 2019-10-19 06:20:57
6098, 8wpncE7br0VAlgM4tiwo, 2019-10-05 11:17:27, 2019-10-19 06:20:57
6099, Qhkzh6qU2UCNB1f0IDsN, 2019-10-05 11:17:27, 2019-10-19 06:20:57
6100, kGuG55cQyZSyJT7S52eG, 2019-10-05 11:17:27, 2019-10-19 06:20:57
6101, 5PxS2iMMunjIvCqYuc0C, 2019-10-05 11:17:27, 2019-10-19 06:20:57
6102, 0n4MYcSejm2DtyQvXXR6, 2019-10-05 11:17:27, 2019-10-19 06:20:57
6103, YH2xNuXIr79d40yU9IU4, 2019-10-05 11:17:27, 2019-10-19 06:20:57
6104, FNw769KZ8BYwyJgZtlHu, 2019-10-05 11:17:27, 2019-10-19 06:20:57
6105, 1Blbr2ViUibv57ud5CxH, 2019-10-05 11:17:27, 2019-10-19 06:20:57
6106, gqjPjtxbKeHuZvhAk4hC, 2019-10-05 11:17:27, 2019-10-19 06:20:57
6107, WSyyOgZBmIHBrMXNxWPW, 2019-10-05 11:17:27, 2019-10-19 06:20:57
6108, dEfY2pk9OSCucWGxMN0c, 2019-10-05 11:17:27, 2019-10-19 06:20:57
6109, iNq6XMWMwFfCyiY2htPl, 2019-10-05 11:17:27, 2019-10-19 06:20:57
6110, YYfcGk3kXWeoYLLHuU35, 2019-10-05 11:17:27, 2019-10-19 06:20:57
6111, LmR6IQPZwiQDwvo7hfcR, 2019-10-05 11:17:27, 2019-10-19 06:20:57
6112, qq6aNWNaXRfIjTOiTCGq, 2019-10-05 11:17:27, 2019-10-19 06:20:57
6113, 6wsadwn4rdJRCzm633P8, 2019-10-05 11:17:27, 2019-10-19 06:20:57
6114, XWtw9RpDj5Ebh8LKf1cM, 2019-10-05 11:17:27, 2019-10-19 06:20:57
6115, VlATnXs6kFkwOZIfJwxS, 2019-10-05 11:17:27, 2019-10-19 06:20:58
6116, gkmRG7MKpNuyJn9oOWiw, 2019-10-05 11:17:27, 2019-10-19 06:20:58
6117, TSv61G4oAmhzPg9yBMtT, 2019-10-05 11:17:27, 2019-10-19 06:20:58
6118, VP4C7xpXs7hVBGuygne7, 2019-10-05 11:17:27, 2019-10-19 06:20:58
6119, ENQXIWYCzJbK4og8SwC4, 2019-10-05 11:17:27, 2019-10-19 06:20:58
6120, CKZCHmcBfrBDPjos936J, 2019-10-05 11:17:27, 2019-10-19 06:20:58
6121, bcjLhn7IqFnQe5KtFJmn, 2019-10-05 11:17:27, 2019-10-19 06:20:58
6122, 3p3Kx2eev5oacaabwGzr, 2019-10-05 11:17:27, 2019-10-19 06:20:58
6123, WtiDjJYgr6YuNKiABp61, 2019-10-05 11:17:27, 2019-10-19 06:20:58
6124, JMuCrqNAMK0UECbcau9W, 2019-10-05 11:17:27, 2019-10-19 06:20:58
6125, SRZNbfya0zKFBsOxkrMh, 2019-10-05 11:17:27, 2019-10-19 06:20:58
6126, VFjcrxAVYlS79tC2tFz6, 2019-10-05 11:17:27, 2019-10-19 06:20:58
6127, qFlRVFBPNN1p7DA5198F, 2019-10-05 11:17:27, 2019-10-19 06:20:58
6128, SnhQu77izEp5FUpA8SD6, 2019-10-05 11:17:27, 2019-10-19 06:20:58
6129, uX5CmAi4sAmdGYofSw2A, 2019-10-05 11:17:27, 2019-10-19 06:20:58
6130, yea8nGOC35GmqvIXxJV4, 2019-10-05 11:17:27, 2019-10-19 06:20:58
6131, mUsHuoO3vj4m0kW404js, 2019-10-05 11:17:27, 2019-10-19 06:20:58
6132, oIivMiE5WcYlYKtUnkif, 2019-10-05 11:17:27, 2019-10-19 06:20:58
6133, 11B6syZTUvN5GBEtdRDz, 2019-10-05 11:17:27, 2019-10-19 06:20:58
6134, fFD1QmjupBU854s3AtFA, 2019-10-05 11:17:27, 2019-10-19 06:20:58
6135, aMDRGWz9nIopz4g8epia, 2019-10-05 11:17:27, 2019-10-19 06:20:58
6136, uq9D2qv6CwAwV05fw2e0, 2019-10-05 11:17:27, 2019-10-19 06:20:58
6137, h3js69FGsbSkj8NhTTAb, 2019-10-05 11:17:27, 2019-10-19 06:20:58
6138, STHCeO0RGz1zoX68glzS, 2019-10-05 11:17:27, 2019-10-19 06:20:58
6139, kMS3Q6kUHXbedq5JnDv1, 2019-10-05 11:17:27, 2019-10-19 06:20:58
6140, S5793jrUnTy1nl4X6kBE, 2019-10-05 11:17:27, 2019-10-19 06:20:58
6141, muztOtenMizibM6h4ZOF, 2019-10-05 11:17:27, 2019-10-19 06:20:58
6142, EyENzwu9GXWqf3Jv6hqS, 2019-10-05 11:17:27, 2019-10-19 06:20:58
6143, 4Zasa1dYq1LAHPaWTQXf, 2019-10-05 11:17:27, 2019-10-19 06:20:58
6144, dchx6f3OYZ5Y5AodsI1h, 2019-10-05 11:17:27, 2019-10-19 06:20:58
6145, phGSP7AKctdkvoSN2xAa, 2019-10-05 11:17:27, 2019-10-19 06:20:58
6146, S5XQjPZGyAAAE4Fb9Dnw, 2019-10-05 11:17:27, 2019-10-19 06:20:58
6147, HtkHV1GbT6r0jzg0LM2J, 2019-10-05 11:17:27, 2019-10-19 06:20:58
6148, Z3CyrLqLl2S7QYlGiBFU, 2019-10-05 11:17:27, 2019-10-19 06:20:58
6149, B4x7WqMiyiR4e5p7wDU1, 2019-10-05 11:17:27, 2019-10-19 06:20:58
6150, 0qaOnTvSOQAUB1xQd8Qp, 2019-10-05 11:17:27, 2019-10-19 06:20:58
6151, 2tCyxi1YFDnp1XU8jks1, 2019-10-05 11:17:27, 2019-10-19 06:20:58
6152, KNg1qd6RrV6HqTstjKxX, 2019-10-05 11:17:27, 2019-10-19 06:20:58
6153, 0x7ueQOjX179JRPQyafB, 2019-10-05 11:17:27, 2019-10-19 06:20:58
6154, DGIjJZH7Nr2j1JAVDhmx, 2019-10-05 11:17:27, 2019-10-19 06:20:58
6155, QWo44WIH17q0FmXOV9EU, 2019-10-05 11:17:27, 2019-10-19 06:20:58
6156, TA8cXH3aQ6hXmY3feDvZ, 2019-10-05 11:17:27, 2019-10-19 06:20:58
6157, mbz8CRGKF5phNlFowOvF, 2019-10-05 11:17:27, 2019-10-19 06:20:58
6158, 6VscRfqde0G6PSJsL9Bs, 2019-10-05 11:17:27, 2019-10-19 06:20:58
6159, 7EthO09ub8fPfvXLZkON, 2019-10-05 11:17:27, 2019-10-19 06:20:58
6160, MlcMyFyXLOJufOUDDKFz, 2019-10-05 11:17:27, 2019-10-19 06:20:58
6161, iPhsJuCRU7BWTJb9HpMp, 2019-10-05 11:17:27, 2019-10-19 06:20:58
6162, sSS3WsiPrkyPMOS6TDy8, 2019-10-05 11:17:27, 2019-10-19 06:20:58
6163, SW0ztiP57PBkpH86mj08, 2019-10-05 11:17:27, 2019-10-19 06:20:58
6164, UDeRa08DBdL0UiVBOa1q, 2019-10-05 11:17:27, 2019-10-19 06:20:58
6165, gHDtE2rJ7elhfJAc3wPY, 2019-10-05 11:17:27, 2019-10-19 06:20:58
6166, rJh83JILwr1erqZkLOU3, 2019-10-05 11:17:27, 2019-10-19 06:20:58
6167, Ey7xj5xwUjnvPjvlS1Nh, 2019-10-05 11:17:27, 2019-10-19 06:20:58
6168, FRTgQC4Ohvh8YCIBgsoa, 2019-10-05 11:17:27, 2019-10-19 06:20:58
6169, CuIFEte8aRO2p6V6FRHL, 2019-10-05 11:17:27, 2019-10-19 06:20:58
6170, iscdwWlVZyTNLroLMCcO, 2019-10-05 11:17:27, 2019-10-19 06:20:58
6171, 3CXXnioWAGwt9hV6IWSu, 2019-10-05 11:17:27, 2019-10-19 06:20:58
6172, 65z1RChIgM5cCBpQy7zL, 2019-10-05 11:17:27, 2019-10-19 06:20:58
6173, HCUAvjzfSn8qNVBq10bJ, 2019-10-05 11:17:27, 2019-10-19 06:20:58
6174, 2nG0n5vhhbCT7Da9TJhr, 2019-10-05 11:17:27, 2019-10-19 06:20:58
6175, FEIJpBwnxllhJeQZU4Pq, 2019-10-05 11:17:27, 2019-10-19 06:20:58
6176, e1k6oO6Je6WxphzDLR2l, 2019-10-05 11:17:27, 2019-10-19 06:20:58
6177, cf5hhRVNrcbppaDnIedm, 2019-10-05 11:17:27, 2019-10-19 06:20:58
6178, qYH4yE2KXxP0p52gMwRX, 2019-10-05 11:17:27, 2019-10-19 06:20:58
6179, IkawLRBWQfRYZBEEOqpD, 2019-10-05 11:17:27, 2019-10-19 06:20:58
6180, 2CwpkaWOsCTZA9ZiPFiI, 2019-10-05 11:17:27, 2019-10-19 06:20:58
6181, APapP4Do3iSWN1lAzb5b, 2019-10-05 11:17:27, 2019-10-19 06:20:58
6182, 4NSYACZNREI2U26EknoN, 2019-10-05 11:17:27, 2019-10-19 06:20:58
6183, golXvJ9HjBkWdMTwl53y, 2019-10-05 11:17:27, 2019-10-19 06:20:58
6184, taLYfM7IK2KxahujQvwD, 2019-10-05 11:17:27, 2019-10-19 06:20:58
6185, j8vy9VguJL43HgcskgXh, 2019-10-05 11:17:27, 2019-10-19 06:20:58
6186, BqM0WOSMEraZBM6DsSSR, 2019-10-05 11:17:27, 2019-10-19 06:20:58
6187, ktXgaHUxK3XdE3SQGr96, 2019-10-05 11:17:27, 2019-10-19 06:20:58
6188, 65o5tH3tZcH5uxNKC0Yk, 2019-10-05 11:17:27, 2019-10-19 06:20:58
6189, NM2kfWmhaLzYJZ6n807d, 2019-10-05 11:17:27, 2019-10-19 06:20:58
6190, oQcvGmAUNjKyfbuU4Pfx, 2019-10-05 11:17:27, 2019-10-19 06:20:58
6191, EKdOl0rqfPwAQvfpXUN8, 2019-10-05 11:17:27, 2019-10-19 06:20:58
6192, q3XkHVDqp8ww7NDOvKjD, 2019-10-05 11:17:27, 2019-10-19 06:20:58
6193, 0wUdAa9F5qJWW2ybeYSK, 2019-10-05 11:17:27, 2019-10-19 06:20:58
6194, JOCDt6SaMZcTp8xKi4zL, 2019-10-05 11:17:27, 2019-10-19 06:20:58
6195, c60v4gmFrdNpDqrHgy1n, 2019-10-05 11:17:27, 2019-10-19 06:20:58
6196, iFEpjHCfhDe7AnAWHskB, 2019-10-05 11:17:27, 2019-10-19 06:20:58
6197, m1VC8HnTcaRB2Ei3uhoR, 2019-10-05 11:17:27, 2019-10-19 06:20:58
6198, DCo8jDagtuetSln2R7EK, 2019-10-05 11:17:27, 2019-10-19 06:20:58
6199, sOmHZqrYi8ILLncakDKf, 2019-10-05 11:17:27, 2019-10-19 06:20:58
6200, Fpb8t174YdPtWvcgw9mO, 2019-10-05 11:17:27, 2019-10-19 06:20:58
6201, 5Z0SR3HH8RwhGBNmfs1K, 2019-10-05 11:17:27, 2019-10-19 06:20:58
6202, hk4hVW7NaLg44qE4IliN, 2019-10-05 11:17:27, 2019-10-19 06:20:58
6203, Npihgle9ReUHyTPkTP8p, 2019-10-05 11:17:27, 2019-10-19 06:20:58
6204, Q24Fyq7jTdbPrcYMIWGb, 2019-10-05 11:17:27, 2019-10-19 06:20:58
6205, XkPF2OSk6EgdBIRy1QY6, 2019-10-05 11:17:27, 2019-10-19 06:20:58
6206, 9elmVrydpQfyurU4fEt4, 2019-10-05 11:17:27, 2019-10-19 06:20:58
6207, jUFAwj4Z9DwlocOhn8Rc, 2019-10-05 11:17:27, 2019-10-19 06:20:58
6208, NbsMd79wOhZzWml0k7z6, 2019-10-05 11:17:27, 2019-10-19 06:20:58
6209, V93n3sjLjydOUiE3lxFW, 2019-10-05 11:17:27, 2019-10-19 06:20:58
6210, O8DbGTYSJHGlFQWUmG12, 2019-10-05 11:17:27, 2019-10-19 06:20:58
6211, felQuXQD96yCS3Fzrf90, 2019-10-05 11:17:27, 2019-10-19 06:20:58
6212, 4BBnzdpSV66JwCqgn5uz, 2019-10-05 11:17:27, 2019-10-19 06:20:58
6213, CCKmtT2XgY7o3MndMsQX, 2019-10-05 11:17:27, 2019-10-19 06:20:58
6214, aXejsZVscUEbWOK70KIn, 2019-10-05 11:17:27, 2019-10-19 06:20:58
6215, HxbwTVB3uKAWwjbe3tk1, 2019-10-05 11:17:27, 2019-10-19 06:20:58
6216, DhqFh7NjximckQ7gaUuC, 2019-10-05 11:17:27, 2019-10-19 06:20:58
6217, Jd8PNCw6oWk9hioTaqka, 2019-10-05 11:17:27, 2019-10-19 06:20:58
6218, hQ2fmhCTWwsuIvxZiZGF, 2019-10-05 11:17:27, 2019-10-19 06:20:58
6219, LDgPvctUNHvckA147QBT, 2019-10-05 11:17:27, 2019-10-19 06:20:58
6220, bnOlZkEuXAawHXCePyBd, 2019-10-05 11:17:27, 2019-10-19 06:20:58
6221, urJmYVZhbIzlqV97Mh48, 2019-10-05 11:17:27, 2019-10-19 06:20:58
6222, Q0iOgTMd3fMCZIfWWjkf, 2019-10-05 11:17:27, 2019-10-19 06:20:58
6223, r82VaIxzIMA9A5jHY3rD, 2019-10-05 11:17:27, 2019-10-19 06:20:58
6224, 5uKT5Bu0cMzWm7qfd17w, 2019-10-05 11:17:27, 2019-10-19 06:20:58
6225, PpbtijD5Sx2XCWSCN5ry, 2019-10-05 11:17:27, 2019-10-19 06:20:58
6226, BUO48MMIFOevXVfTAgex, 2019-10-05 11:17:27, 2019-10-19 06:20:58
6227, T1S9RTq5MfWaE9ml3Wd7, 2019-10-05 11:17:27, 2019-10-19 06:20:58
6228, 6m5Y1I7B2hDpUVSOm8j2, 2019-10-05 11:17:27, 2019-10-19 06:20:58
6229, 8GTa8gNK4pZUlzTgs0Sw, 2019-10-05 11:17:27, 2019-10-19 06:20:58
6230, ju7DZoVqjFIKBq5sLjUA, 2019-10-05 11:17:27, 2019-10-19 06:20:58
6231, kf0jzBZTLqGuff1ls7Zx, 2019-10-05 11:17:27, 2019-10-19 06:20:58
6232, gTryLGapjm0dxfKdJ01C, 2019-10-05 11:17:27, 2019-10-19 06:20:58
6233, TJSRpgTaTw1lq07fPvZ7, 2019-10-05 11:17:27, 2019-10-19 06:20:58
6234, ljxti1OF3m901P8mg5nL, 2019-10-05 11:17:27, 2019-10-19 06:20:58
6235, fVdmfGBgzk2XuSN8BjpN, 2019-10-05 11:17:27, 2019-10-19 06:20:58
6236, vL7vN9H6vDn72HbkimKg, 2019-10-05 11:17:27, 2019-10-19 06:20:58
6237, yqhDpdX7XSXYKrX7txlh, 2019-10-05 11:17:27, 2019-10-19 06:20:58
6238, czvGD1KnYjDlNGLRW11s, 2019-10-05 11:17:27, 2019-10-19 06:20:58
6239, n4Mw2W6byULIWncGmZ6V, 2019-10-05 11:17:27, 2019-10-19 06:20:58
6240, 8KuL7KvRNhKx3HbB84UH, 2019-10-05 11:17:27, 2019-10-19 06:20:58
6241, EHDKxql7XSG4HB8TiVvj, 2019-10-05 11:17:27, 2019-10-19 06:20:58
6242, QXNClxlUpOOpIaQJC6wG, 2019-10-05 11:17:27, 2019-10-19 06:20:58
6243, GqcZvAkxXT34OarsYJjF, 2019-10-05 11:17:27, 2019-10-19 06:20:58
6244, Irzq6fnJJgqLWSg0xEAe, 2019-10-05 11:17:27, 2019-10-19 06:20:58
6245, QiOG3RKkCyWq5PaeqczW, 2019-10-05 11:17:27, 2019-10-19 06:20:58
6246, 39h2CJmK4AUH96nwe4IN, 2019-10-05 11:17:27, 2019-10-19 06:20:58
6247, 4Qg4GP5DWEQMpv1BzDQM, 2019-10-05 11:17:27, 2019-10-19 06:20:58
6248, UiYeG1BbKkEjbni2Cl5K, 2019-10-05 11:17:27, 2019-10-19 06:20:58
6249, ROJvTxk5ZlWNJ771319M, 2019-10-05 11:17:27, 2019-10-19 06:20:58
6250, cqwwEpCOCxzrBiFXmh7F, 2019-10-05 11:17:27, 2019-10-19 06:20:58
6251, 9CroTT0OAhdrV04VOAjr, 2019-10-05 11:17:27, 2019-10-19 06:20:58
6252, 5JRtDobCug2URv8dEnZa, 2019-10-05 11:17:27, 2019-10-19 06:20:58
6253, UCV5jITshDdlHECSuRQa, 2019-10-05 11:17:27, 2019-10-19 06:20:58
6254, 5LOcd1eQ9RWFF8SNZwmB, 2019-10-05 11:17:27, 2019-10-19 06:20:58
6255, t7XKdVzcWG6c5VcDBzWH, 2019-10-05 11:17:27, 2019-10-19 06:20:58
6256, XltXpLsc9A3fzb0vs3Mf, 2019-10-05 11:17:27, 2019-10-19 06:20:58
6257, UQjw2otWU6OKuEUnuUGl, 2019-10-05 11:17:27, 2019-10-19 06:20:58
6258, Oup2sTQEp3td4u4xinsw, 2019-10-05 11:17:27, 2019-10-19 06:20:58
6259, hCSFb5BcKXGMfw8E5n2x, 2019-10-05 11:17:27, 2019-10-19 06:20:58
6260, Qkby2H9njs1iuNaAOX3Z, 2019-10-05 11:17:27, 2019-10-19 06:20:58
6261, YL1wxImqkB83XwyYMX8Y, 2019-10-05 11:17:27, 2019-10-19 06:20:58
6262, 9C8IlFTlN6XasPWU03VP, 2019-10-05 11:17:27, 2019-10-19 06:20:58
6263, jUV1bEoFV9PoZe37oZwU, 2019-10-05 11:17:27, 2019-10-19 06:20:58
6264, VL2AEhTN0aQyUR2lRABW, 2019-10-05 11:17:27, 2019-10-19 06:20:58
6265, yDXbcMs161E0mj8wledK, 2019-10-05 11:17:27, 2019-10-19 06:20:59
6266, CgcwrTKVVKoQEIcRoElR, 2019-10-05 11:17:27, 2019-10-19 06:20:59
6267, 87LCbZ8VlnbmZHWmO2Gx, 2019-10-05 11:17:27, 2019-10-19 06:20:59
6268, eoCYT42aF7DRyGqfqWAZ, 2019-10-05 11:17:27, 2019-10-19 06:20:59
6269, KafvC3igJI7sgDTOBgHV, 2019-10-05 11:17:27, 2019-10-19 06:20:59
6270, SZgJlJfs6bOw0FJfSS2t, 2019-10-05 11:17:27, 2019-10-19 06:20:59
6271, Gtny6sWrFVKS33xQk2zK, 2019-10-05 11:17:27, 2019-10-19 06:20:59
6272, 3HycIQItTOmhPMdl12xd, 2019-10-05 11:17:27, 2019-10-19 06:20:59
6273, 7eRG6JcMywyFJEQrYwBW, 2019-10-05 11:17:27, 2019-10-19 06:20:59
6274, oax3qPUFRfhcO3F3FQng, 2019-10-05 11:17:27, 2019-10-19 06:20:59
6275, LxzCn3KjvYzsF6xxZqO7, 2019-10-05 11:17:27, 2019-10-19 06:20:59
6276, YyvQSR5pd8vwMx7UoaoH, 2019-10-05 11:17:27, 2019-10-19 06:20:59
6277, oV5A9KTXoIKkZLYnoYK7, 2019-10-05 11:17:27, 2019-10-19 06:20:59
6278, jQFnNfChsUDFPnQZRIpQ, 2019-10-05 11:17:27, 2019-10-19 06:20:59
6279, aITxJvC0VLT1J0Y9qHv0, 2019-10-05 11:17:27, 2019-10-19 06:20:59
6280, DPZtNSal4pE20foqwuuR, 2019-10-05 11:17:27, 2019-10-19 06:20:59
6281, L4mqHP0jd3T8ys4n36j4, 2019-10-05 11:17:27, 2019-10-19 06:20:59
6282, MxWvIwbVvKdXwk836ij2, 2019-10-05 11:17:27, 2019-10-19 06:20:59
6283, 2t3ahzIiraXnIfHIWaGg, 2019-10-05 11:17:27, 2019-10-19 06:20:59
6284, MT5VrVEcYaJnppkRJqwj, 2019-10-05 11:17:27, 2019-10-19 06:20:59
6285, CecA36kB7ZUmftxhPGfK, 2019-10-05 11:17:27, 2019-10-19 06:20:59
6286, nwrV8Ltivn5WlpZB9WRq, 2019-10-05 11:17:27, 2019-10-19 06:20:59
6287, lQe7HJtwtwLAqA2KnHw5, 2019-10-05 11:17:27, 2019-10-19 06:20:59
6288, 4fwrbIr73SX2KYgogrtp, 2019-10-05 11:17:27, 2019-10-19 06:20:59
6289, ZnDy9Ix0sIzVUrWV5dQr, 2019-10-05 11:17:27, 2019-10-19 06:20:59
6290, 7Gg5IM6YkvsYSfw5pgyJ, 2019-10-05 11:17:27, 2019-10-19 06:20:59
6291, ciBfzLIRQifuyUcKb1rY, 2019-10-05 11:17:27, 2019-10-19 06:20:59
6292, Tr6BjFhRDkHpQExlvcqq, 2019-10-05 11:17:27, 2019-10-19 06:20:59
6293, 6BzK0yHUSnvBSIGWpYB3, 2019-10-05 11:17:27, 2019-10-19 06:20:59
6294, zb1V3hhpoLuAdqvYaPp7, 2019-10-05 11:17:27, 2019-10-19 06:20:59
6295, wGMUjnRHDz6NWlNiK2bx, 2019-10-05 11:17:27, 2019-10-19 06:20:59
6296, wyallePf4DUSaa2L0ZZ4, 2019-10-05 11:17:27, 2019-10-19 06:20:59
6297, FwpGx63XPngef75SragD, 2019-10-05 11:17:27, 2019-10-19 06:20:59
6298, oBVsL9i5EhD0K3VlVMwU, 2019-10-05 11:17:27, 2019-10-19 06:20:59
6299, fq3ZUoXQ7076OOmy6hH7, 2019-10-05 11:17:27, 2019-10-19 06:20:59
6300, wfsUVbXSBU8v34wFY8Kt, 2019-10-05 11:17:27, 2019-10-19 06:20:59
6301, qa18On59fTA3RzmD8nzq, 2019-10-05 11:17:27, 2019-10-19 06:20:59
6302, xstWQUbpZrgQYLHBoGqT, 2019-10-05 11:17:27, 2019-10-19 06:20:59
6303, AqN6bE3GbYUdErhEhU7W, 2019-10-05 11:17:27, 2019-10-19 06:20:59
6304, HOWCTPzRTb1EndeTNJs6, 2019-10-05 11:17:27, 2019-10-19 06:20:59
6305, kuvsfLKBdBPrD94VTiMI, 2019-10-05 11:17:27, 2019-10-19 06:20:59
6306, TGjvvTCVQyyqJXQQObIG, 2019-10-05 11:17:27, 2019-10-19 06:20:59
6307, 9TnjbaazhNL0KzNSVLHa, 2019-10-05 11:17:27, 2019-10-19 06:20:59
6308, 2qkbn5eJ96jM5y3e6PCC, 2019-10-05 11:17:27, 2019-10-19 06:20:59
6309, OgfWzzrBUjr9omyoWC2z, 2019-10-05 11:17:27, 2019-10-19 06:20:59
6310, Rz3dJLqQElt0ApUc3oFC, 2019-10-05 11:17:27, 2019-10-19 06:20:59
6311, 3b1VhQTORCoWr5egSPx6, 2019-10-05 11:17:27, 2019-10-19 06:20:59
6312, BcykiJTgQ8XND7lHqvhJ, 2019-10-05 11:17:27, 2019-10-19 06:20:59
6313, j1UOojTkAlMznLj4SrWw, 2019-10-05 11:17:27, 2019-10-19 06:20:59
6314, BOZxaEeRWRLpSn7Ilo9K, 2019-10-05 11:17:27, 2019-10-19 06:20:59
6315, 0h25X1yJFtasSvBU4p1O, 2019-10-05 11:17:27, 2019-10-19 06:20:59
6316, SQkgq023sZg6ZlGHkDm5, 2019-10-05 11:17:27, 2019-10-19 06:20:59
6317, wc5WvWnEpJrGoZ4Np9zl, 2019-10-05 11:17:27, 2019-10-19 06:20:59
6318, eK2UqZiwbFn4xumnKn0Y, 2019-10-05 11:17:27, 2019-10-19 06:20:59
6319, WRQh2gkKOOigF9PSDtB6, 2019-10-05 11:17:27, 2019-10-19 06:20:59
6320, 4ZXWxQ43cPCPcGSpmrGz, 2019-10-05 11:17:27, 2019-10-19 06:20:59
6321, SAuDqAaaBdF3CF0v1mb0, 2019-10-05 11:17:27, 2019-10-19 06:20:59
6322, 6yT034fnU835j346RlCN, 2019-10-05 11:17:27, 2019-10-19 06:20:59
6323, ViABMvP57tmwbIkKwVE1, 2019-10-05 11:17:27, 2019-10-19 06:20:59
6324, mGzuL4rrXzSo3NDSkgNy, 2019-10-05 11:17:27, 2019-10-19 06:20:59
6325, cjMzDKpZaChyKwuZrPgN, 2019-10-05 11:17:27, 2019-10-19 06:20:59
6326, sdlrWXQhjCUhm4wjPcAT, 2019-10-05 11:17:27, 2019-10-19 06:20:59
6327, 92BidROp1sueJPerJxkR, 2019-10-05 11:17:27, 2019-10-19 06:20:59
6328, uhkxZoAVhfnxPtlHIkKr, 2019-10-05 11:17:27, 2019-10-19 06:20:59
6329, bFumlISgg7bZzqR6J2pe, 2019-10-05 11:17:27, 2019-10-19 06:20:59
6330, gWuApA9ad6h9W7FoT66l, 2019-10-05 11:17:27, 2019-10-19 06:20:59
6331, J5OSAJxJfWY2a0fz0W8O, 2019-10-05 11:17:27, 2019-10-19 06:20:59
6332, RsbXLpGwneaCC70flZ2F, 2019-10-05 11:17:27, 2019-10-19 06:20:59
6333, sp7ZoeWjKxz9FeLA05eB, 2019-10-05 11:17:27, 2019-10-19 06:20:59
6334, SGo7xfDrWTwjM76XkDjj, 2019-10-05 11:17:27, 2019-10-19 06:20:59
6335, NcspCwOnCjuExw9RVeyR, 2019-10-05 11:17:27, 2019-10-19 06:20:59
6336, WjNGlTqreAhnvMnGrffm, 2019-10-05 11:17:27, 2019-10-19 06:20:59
6337, K6EvSNLAkbCBHMocxsUR, 2019-10-05 11:17:27, 2019-10-19 06:20:59
6338, KrU17iyyAgSXk8nLHReS, 2019-10-05 11:17:27, 2019-10-19 06:20:59
6339, wXkq0r3zc7G3N3shbrie, 2019-10-05 11:17:27, 2019-10-19 06:20:59
6340, 756dBq9oqN0fEHD7MGE3, 2019-10-05 11:17:27, 2019-10-19 06:20:59
6341, Kg0uQJzYF1cP6mSeFovn, 2019-10-05 11:17:27, 2019-10-19 06:20:59
6342, qHEsTpT5qmEF8NKCPDfQ, 2019-10-05 11:17:27, 2019-10-19 06:20:59
6343, Kjoh1KEn6rTxhwmZqJq9, 2019-10-05 11:17:27, 2019-10-19 06:20:59
6344, MzxJvqJ2jgsuMml6M8Hw, 2019-10-05 11:17:27, 2019-10-19 06:20:59
6345, g5KVGwaZkM5QIuFP668o, 2019-10-05 11:17:27, 2019-10-19 06:20:59
6346, IKdNeHJFG8fmw76TIRJf, 2019-10-05 11:17:27, 2019-10-19 06:20:59
6347, w0lDEsc2iFT94s0KmF0u, 2019-10-05 11:17:27, 2019-10-19 06:20:59
6348, AllbA27lYQxKQBdonwma, 2019-10-05 11:17:27, 2019-10-19 06:20:59
6349, w4OTIPg00Fg3LxnLkrnn, 2019-10-05 11:17:27, 2019-10-19 06:20:59
6350, IgI3h0Y5iAbA7ObFutBK, 2019-10-05 11:17:27, 2019-10-19 06:20:59
6351, IwtmzNsuT3GmzwJok0D1, 2019-10-05 11:17:27, 2019-10-19 06:20:59
6352, hghJTT5blZbw60sSVDqS, 2019-10-05 11:17:27, 2019-10-19 06:20:59
6353, vt3NNE2ACMrUJNVyyZmj, 2019-10-05 11:17:27, 2019-10-19 06:20:59
6354, malQEFpLiUCbI8IjbVs0, 2019-10-05 11:17:27, 2019-10-19 06:20:59
6355, CzvMykxpg2Xl9R8txf4N, 2019-10-05 11:17:27, 2019-10-19 06:20:59
6356, 3IMful2vPW9iTwaX93pw, 2019-10-05 11:17:27, 2019-10-19 06:20:59
6357, tyPffWLD2pram1LatGOx, 2019-10-05 11:17:27, 2019-10-19 06:20:59
6358, YMS0c254DG9dfL8aUlPv, 2019-10-05 11:17:27, 2019-10-19 06:20:59
6359, f8wTZu3tmwT4HqVchR1Y, 2019-10-05 11:17:27, 2019-10-19 06:20:59
6360, R4I67OSAFEfh8qDxygLr, 2019-10-05 11:17:27, 2019-10-19 06:20:59
6361, J0cuTKjM59XSeYx0N3Op, 2019-10-05 11:17:27, 2019-10-19 06:20:59
6362, um2spYQx0GYyd7aAZnUk, 2019-10-05 11:17:27, 2019-10-19 06:20:59
6363, LDltp4200rxYLyPs3kGG, 2019-10-05 11:17:27, 2019-10-19 06:20:59
6364, NR6nCjt8Yh6ch1p0C9S8, 2019-10-05 11:17:27, 2019-10-19 06:20:59
6365, dRGLUNPstqohHTirXwzZ, 2019-10-05 11:17:27, 2019-10-19 06:20:59
6366, 9ssKm62ZZoPydKYgoRxR, 2019-10-05 11:17:27, 2019-10-19 06:20:59
6367, 7ZubOxQ3W352kFYRSBCH, 2019-10-05 11:17:27, 2019-10-19 06:20:59
6368, BZDFHvrJObIqiPOThzoS, 2019-10-05 11:17:27, 2019-10-19 06:20:59
6369, HeEVOQuv7aFyvZLuIsbQ, 2019-10-05 11:17:27, 2019-10-19 06:20:59
6370, SRCSFycLeco8Z5Lw7BXQ, 2019-10-05 11:17:27, 2019-10-19 06:20:59
6371, BuW4PCS7wVq9ARMx5mkb, 2019-10-05 11:17:27, 2019-10-19 06:20:59
6372, KY4vAnGbQqz0KHcpVbNN, 2019-10-05 11:17:27, 2019-10-19 06:20:59
6373, 6gH5ZzlUVBHMx8scRl9p, 2019-10-05 11:17:27, 2019-10-19 06:20:59
6374, gohGh1GqpXLw5JxptYqW, 2019-10-05 11:17:27, 2019-10-19 06:20:59
6375, kDrsJY63lTiVc78lA5Yb, 2019-10-05 11:17:27, 2019-10-19 06:20:59
6376, GtbGYzNQuBUp3NWU3RX5, 2019-10-05 11:17:27, 2019-10-19 06:20:59
6377, crgAdeAoIgQCNqYuPoeA, 2019-10-05 11:17:27, 2019-10-19 06:20:59
6378, 2lx8ZSpZldiFeBoZNjvH, 2019-10-05 11:17:27, 2019-10-19 06:20:59
6379, wM0V9sxPRgw73EH7yHPB, 2019-10-05 11:17:27, 2019-10-19 06:20:59
6380, h0PbZLM0CSrOLYWaZxoH, 2019-10-05 11:17:27, 2019-10-19 06:20:59
6381, HkxbdiOqPpLLmCP1ERKe, 2019-10-05 11:17:27, 2019-10-19 06:20:59
6382, yUcfkPsvTz5Mg7Djo8JG, 2019-10-05 11:17:27, 2019-10-19 06:20:59
6383, 9293uRI1tRRlLHiwkXxz, 2019-10-05 11:17:27, 2019-10-19 06:20:59
6384, doeCySVKXz0eqLxHSlcI, 2019-10-05 11:17:27, 2019-10-19 06:20:59
6385, 8cEksuUunStnMlvTPxmv, 2019-10-05 11:17:27, 2019-10-19 06:20:59
6386, Q4ADdoDCzIaLYrGxa7wF, 2019-10-05 11:17:27, 2019-10-19 06:20:59
6387, X8HMXuUYHkhZktxVfsg0, 2019-10-05 11:17:27, 2019-10-19 06:20:59
6388, YLuRSd4nBL8oMpX1r5re, 2019-10-05 11:17:27, 2019-10-19 06:20:59
6389, DtZa4mbFfhQ2qnaN30Kg, 2019-10-05 11:17:27, 2019-10-19 06:20:59
6390, U1Bw5XDrxN4VWXaTcO6m, 2019-10-05 11:17:27, 2019-10-19 06:20:59
6391, m5oEjJ58KFVCWBTF0aL4, 2019-10-05 11:17:27, 2019-10-19 06:20:59
6392, Dc7CYv6X491Qq4P7ieWr, 2019-10-05 11:17:27, 2019-10-19 06:20:59
6393, WqvPAlWs7bEWLWHeY9I7, 2019-10-05 11:17:27, 2019-10-19 06:20:59
6394, x2AArBDrGRn1uwIWF5Aj, 2019-10-05 11:17:27, 2019-10-19 06:20:59
6395, frOHUaxdVRDPPS7nTDVO, 2019-10-05 11:17:27, 2019-10-19 06:20:59
6396, bVrEkU0W1BIUvph6K4c1, 2019-10-05 11:17:27, 2019-10-19 06:20:59
6397, ddnpgImku2ab6u0zAaU2, 2019-10-05 11:17:27, 2019-10-19 06:20:59
6398, oA66KefWeMInV7jaLnuW, 2019-10-05 11:17:27, 2019-10-19 06:21:00
6399, vTZm5YFjG0yMVDcu3p72, 2019-10-05 11:17:27, 2019-10-19 06:21:00
6400, SpAS3qRS2frGt5Z0rObC, 2019-10-05 11:17:27, 2019-10-19 06:21:00
6401, XEwTvx6O6aknizvGNS5g, 2019-10-05 11:17:27, 2019-10-19 06:21:00
6402, l9wlNeuZ2p3v2haEe4vb, 2019-10-05 11:17:27, 2019-10-19 06:21:00
6403, 6GZqOhu9if0KmChXZTnb, 2019-10-05 11:17:27, 2019-10-19 06:21:00
6404, MmbMkxgY5j6s4j9PRH4n, 2019-10-05 11:17:27, 2019-10-19 06:21:00
6405, FQLU2fKKmqcTbwj7KHH1, 2019-10-05 11:17:27, 2019-10-19 06:21:00
6406, 20oxd3XJyg8b9lYwYEeP, 2019-10-05 11:17:27, 2019-10-19 06:21:00
6407, RQMD7EBAy0QWe2iygVTo, 2019-10-05 11:17:27, 2019-10-19 06:21:00
6408, j0fKIhaeKwE8QkV7gE8c, 2019-10-05 11:17:27, 2019-10-19 06:21:00
6409, ryM3JsbcSTYgm4kIsIYu, 2019-10-05 11:17:27, 2019-10-19 06:21:00
6410, 3g77D9qeBCzMqrv11VsT, 2019-10-05 11:17:27, 2019-10-19 06:21:00
6411, hmGUFQSZdBmWazAWQDcb, 2019-10-05 11:17:27, 2019-10-19 06:21:00
6412, MiTllw7t2s09Qpqbc1Xq, 2019-10-05 11:17:27, 2019-10-19 06:21:00
6413, R8Eykbvc3vtN7q95SSZH, 2019-10-05 11:17:27, 2019-10-19 06:21:00
6414, NHt2Tg5L0js4NQnwGtNv, 2019-10-05 11:17:27, 2019-10-19 06:21:00
6415, s8LNV70roZOPTVzxuAsg, 2019-10-05 11:17:27, 2019-10-19 06:21:00
6416, J3cIpZU2Bzcr1WB5XP8t, 2019-10-05 11:17:27, 2019-10-19 06:21:00
6417, hsMPbCCOcTvEYHdClBg0, 2019-10-05 11:17:27, 2019-10-19 06:21:00
6418, WPc47QnmpepURbUXnFZN, 2019-10-05 11:17:27, 2019-10-19 06:21:00
6419, ugs9dCfn68Dm4qqTMRM4, 2019-10-05 11:17:27, 2019-10-19 06:21:00
6420, 0XqDsAUJnAZy0bq03N9u, 2019-10-05 11:17:27, 2019-10-19 06:21:00
6421, Dmp1t9J3HItM0xDExk1r, 2019-10-05 11:17:27, 2019-10-19 06:21:00
6422, U9oMVBho5XQmmTBBYqbc, 2019-10-05 11:17:27, 2019-10-19 06:21:00
6423, qZfTZJpXxGzzVDcVaWsI, 2019-10-05 11:17:27, 2019-10-19 06:21:00
6424, VlVLwgVeh1r57cmp7tg9, 2019-10-05 11:17:27, 2019-10-19 06:21:00
6425, kHuhAbJV0qRPzZFLtzY3, 2019-10-05 11:17:27, 2019-10-19 06:21:00
6426, PPU1JPDwSBwqKIjJQtuX, 2019-10-05 11:17:27, 2019-10-19 06:21:00
6427, wArJtrYRBgMwq5G7FSNn, 2019-10-05 11:17:27, 2019-10-19 06:21:00
6428, eWJPzEEYWR6GiXNWmPNp, 2019-10-05 11:17:27, 2019-10-19 06:21:00
6429, fscU9eJbFZVf2mUONyhB, 2019-10-05 11:17:27, 2019-10-19 06:21:00
6430, OkPGGZ3DfRNWt4myIEPo, 2019-10-05 11:17:27, 2019-10-19 06:21:00
6431, dn1VbtXiQCgEvESW5dtC, 2019-10-05 11:17:27, 2019-10-19 06:21:00
6432, oq2zdh5lcp7Stns9Ct1N, 2019-10-05 11:17:27, 2019-10-19 06:21:00
6433, FxOm0Q5jTul1yZPYHoSk, 2019-10-05 11:17:27, 2019-10-19 06:21:00
6434, 67HLiP3uuaDb8FOT8fti, 2019-10-05 11:17:27, 2019-10-19 06:21:00
6435, ePOuYfUlNyI1VtlvZubS, 2019-10-05 11:17:27, 2019-10-19 06:21:00
6436, sXYMKcnZZVS1fRLSOKtI, 2019-10-05 11:17:27, 2019-10-19 06:21:00
6437, 2BDMAtZQWYOtUaasSU7u, 2019-10-05 11:17:27, 2019-10-19 06:21:00
6438, Hl3vSLkQBXMn9Tq59p0j, 2019-10-05 11:17:27, 2019-10-19 06:21:00
6439, ChOuLOJJpS6wHJFBlKw7, 2019-10-05 11:17:27, 2019-10-19 06:21:00
6440, D4Ox2whofHihiok29l2k, 2019-10-05 11:17:27, 2019-10-19 06:21:00
6441, 5ZDh0BFxSYCmuWAx9tnI, 2019-10-05 11:17:27, 2019-10-19 06:21:00
6442, xTc09SvD76NqAJcXDrKs, 2019-10-05 11:17:27, 2019-10-19 06:21:00
6443, YgJISlrHxG7q0jvcz7Ed, 2019-10-05 11:17:27, 2019-10-19 06:21:00
6444, beTxe0VBeqlyC7HawRbg, 2019-10-05 11:17:27, 2019-10-19 06:21:00
6445, SoeO16IOVBVpaWobSUI7, 2019-10-05 11:17:27, 2019-10-19 06:21:00
6446, uXEQWFL8HWSaG7e4xFJO, 2019-10-05 11:17:27, 2019-10-19 06:21:00
6447, IqNXIBgAdOvxQ06M27vu, 2019-10-05 11:17:27, 2019-10-19 06:21:00
6448, AEsyxqSgfjGS6pPboxxC, 2019-10-05 11:17:27, 2019-10-19 06:21:00
6449, 9K4xlsQ7JQsI2yxNitz1, 2019-10-05 11:17:27, 2019-10-19 06:21:00
6450, A5MRoqJhrzHUOnzlWDyp, 2019-10-05 11:17:27, 2019-10-19 06:21:00
6451, mafesJd2y2GMuLtFIPkF, 2019-10-05 11:17:27, 2019-10-19 06:21:00
6452, XPgDGhAQdo5XODKUOjOC, 2019-10-05 11:17:27, 2019-10-19 06:21:00
6453, 0x7rQpy4yq73KHYRU9Qf, 2019-10-05 11:17:27, 2019-10-19 06:21:00
6454, P8obA7oHc0AjY7rnlqfB, 2019-10-05 11:17:27, 2019-10-19 06:21:00
6455, GG2narl9SVG6jiPJBD7m, 2019-10-05 11:17:27, 2019-10-19 06:21:00
6456, Rzs8uUP1AAKcWofq0BdP, 2019-10-05 11:17:27, 2019-10-19 06:21:00
6457, hlK2iSztPE2kZjbESjso, 2019-10-05 11:17:27, 2019-10-19 06:21:00
6458, sPvlAXDsrJELdf5GroWJ, 2019-10-05 11:17:27, 2019-10-19 06:21:00
6459, VvOgeMRNEGglVSGTML4X, 2019-10-05 11:17:27, 2019-10-19 06:21:00
6460, gyo2Y7gpgtp8kpPTv6TB, 2019-10-05 11:17:27, 2019-10-19 06:21:00
6461, PnckygO7Kuyg5qxx1uHb, 2019-10-05 11:17:27, 2019-10-19 06:21:00
6462, RM3aWprrejpaQLi6lxE6, 2019-10-05 11:17:27, 2019-10-19 06:21:00
6463, edHFSns12iYfW5RaH9E2, 2019-10-05 11:17:27, 2019-10-19 06:21:00
6464, sypXRdknCVz0b6Swlm1j, 2019-10-05 11:17:27, 2019-10-19 06:21:00
6465, Tm2OBK2IoQYs7nkagLUl, 2019-10-05 11:17:27, 2019-10-19 06:21:00
6466, QGxAgucvajxH0lTBZZwr, 2019-10-05 11:17:27, 2019-10-19 06:21:00
6467, mDXa0qMa1tPTKSwXgWbV, 2019-10-05 11:17:27, 2019-10-19 06:21:00
6468, tlfVsHUmSFzl80r8SCzc, 2019-10-05 11:17:27, 2019-10-19 06:21:00
6469, MRxui6WhP9HyQjO3AJ2O, 2019-10-05 11:17:27, 2019-10-19 06:21:00
6470, StUCNJmBeWq3QDz10aoz, 2019-10-05 11:17:27, 2019-10-19 06:21:00
6471, kqNQknXqXOHUcLvDNt18, 2019-10-05 11:17:27, 2019-10-19 06:21:00
6472, C2NOgcFr1xTHB1YWTHTI, 2019-10-05 11:17:27, 2019-10-19 06:21:00
6473, xlqUaVUm30eo3YcpEaGa, 2019-10-05 11:17:27, 2019-10-19 06:21:00
6474, P9nXg5bxvg3VDWuyeUHr, 2019-10-05 11:17:27, 2019-10-19 06:21:00
6475, qYXp6lne3vtpR4xut5MJ, 2019-10-05 11:17:27, 2019-10-19 06:21:00
6476, qJfh0mczhnOYps8SKzvg, 2019-10-05 11:17:27, 2019-10-19 06:21:00
6477, Khia8AszOUVycj7w3YQ8, 2019-10-05 11:17:27, 2019-10-19 06:21:00
6478, pb3gMLF5aLdI1Yc34HGq, 2019-10-05 11:17:27, 2019-10-19 06:21:00
6479, xELDIKQpkxJ3nvxzlZ2A, 2019-10-05 11:17:27, 2019-10-19 06:21:00
6480, pAFOGZGM4ia1de0m2aOB, 2019-10-05 11:17:27, 2019-10-19 06:21:00
6481, D2klt7d9O6goMY7pVgYD, 2019-10-05 11:17:27, 2019-10-19 06:21:00
6482, fKsrYQZlQZahMGz4C54L, 2019-10-05 11:17:27, 2019-10-19 06:21:00
6483, Q8JLE7ppjApw29bhDrjx, 2019-10-05 11:17:27, 2019-10-19 06:21:00
6484, dYsA6ze5PRWqhdbbk3S2, 2019-10-05 11:17:27, 2019-10-19 06:21:00
6485, yfPGY88DqAbt0CkDg58X, 2019-10-05 11:17:27, 2019-10-19 06:21:00
6486, ANg4aVgXWWQ3gpppDXvA, 2019-10-05 11:17:27, 2019-10-19 06:21:00
6487, VD0ZtbX7JdIylilwrcw5, 2019-10-05 11:17:27, 2019-10-19 06:21:00
6488, AWFAYd5hMkNWBwzdzI4x, 2019-10-05 11:17:27, 2019-10-19 06:21:00
6489, oxPB3Xqib6M1uXxirjdd, 2019-10-05 11:17:27, 2019-10-19 06:21:00
6490, ByyeCV4svZPYsooVhQdT, 2019-10-05 11:17:27, 2019-10-19 06:21:00
6491, 9IqgCBhchG8dyQySYyss, 2019-10-05 11:17:27, 2019-10-19 06:21:00
6492, VFPhaLm4FHtDfbEGA1tJ, 2019-10-05 11:17:27, 2019-10-19 06:21:00
6493, MpvPod1Jb6ht2tS3PXHG, 2019-10-05 11:17:27, 2019-10-19 06:21:00
6494, 8hrAJkl4DlLWgzJhE3jf, 2019-10-05 11:17:27, 2019-10-19 06:21:00
6495, uYTlaqMdgBrxKufZJMAo, 2019-10-05 11:17:27, 2019-10-19 06:21:00
6496, bfVIstAgvaL4AZsALZzC, 2019-10-05 11:17:27, 2019-10-19 06:21:00
6497, y0zs7MwEY834anT3o57E, 2019-10-05 11:17:27, 2019-10-19 06:21:00
6498, dft5wm9IoE5Y8LQOXqLD, 2019-10-05 11:17:27, 2019-10-19 06:21:00
6499, 0AJvWs8lJZpDL47rSXMT, 2019-10-05 11:17:27, 2019-10-19 06:21:00
6500, Ow629CNJzFQKbv97LTQF, 2019-10-05 11:17:27, 2019-10-19 06:21:00
6501, CBJ7vNTOKx2DKeRsL1r7, 2019-10-05 11:17:27, 2019-10-19 06:21:00
6502, SwZZHRWkRpM6P2aKBv1s, 2019-10-05 11:17:27, 2019-10-19 06:21:00
6503, qySwsuSOLbOf14aaJZI9, 2019-10-05 11:17:27, 2019-10-19 06:21:00
6504, MVpbixnYwOT0hKNSQ2O0, 2019-10-05 11:17:27, 2019-10-19 06:21:00
6505, TZpem74wWQcS5ISBJxSz, 2019-10-05 11:17:27, 2019-10-19 06:21:00
6506, PoP5RjjyQPDZ9UURoTZl, 2019-10-05 11:17:27, 2019-10-19 06:21:00
6507, afrMmqdLFMtANJwFEUrQ, 2019-10-05 11:17:27, 2019-10-19 06:21:00
6508, 0XuPoDJC3k3dThOWgaGn, 2019-10-05 11:17:27, 2019-10-19 06:21:00
6509, Q3UtVDdH5fLh4OqjdMX1, 2019-10-05 11:17:27, 2019-10-19 06:21:00
6510, yrFj8FwOIj8jGlKjP3gI, 2019-10-05 11:17:27, 2019-10-19 06:21:00
6511, OVk6cD1JnppramgUC5uG, 2019-10-05 11:17:27, 2019-10-19 06:21:00
6512, LnxTkO8RRtSB8QR4oovZ, 2019-10-05 11:17:27, 2019-10-19 06:21:00
6513, nQ7ZUv7s7h0G51Mq95Hk, 2019-10-05 11:17:27, 2019-10-19 06:21:00
6514, AXlEQBYMCYpJB45Rr5Ta, 2019-10-05 11:17:27, 2019-10-19 06:21:00
6515, 7zTKwCQCj1DCUluiy7yh, 2019-10-05 11:17:27, 2019-10-19 06:21:00
6516, tzfNSfVqKnFhuOoAsiQ2, 2019-10-05 11:17:27, 2019-10-19 06:21:00
6517, uwAZ6jRnwEgIOBqXAh5z, 2019-10-05 11:17:27, 2019-10-19 06:21:00
6518, zg88VbaWpoasB4jBvIcs, 2019-10-05 11:17:27, 2019-10-19 06:21:00
6519, 5hh4jaOGXOBOhBOaxJv8, 2019-10-05 11:17:27, 2019-10-19 06:21:00
6520, ePGRyMYgm2Y1Vg7QMx7s, 2019-10-05 11:17:27, 2019-10-19 06:21:00
6521, DpoAsT31w8jaKzT8K3Tr, 2019-10-05 11:17:27, 2019-10-19 06:21:00
6522, xCm5eGNxx6Psi8lrZ9xl, 2019-10-05 11:17:27, 2019-10-19 06:21:00
6523, ByhgV88dj0ntKeN7oTQw, 2019-10-05 11:17:27, 2019-10-19 06:21:00
6524, FqV999t8EAdYnZulH6XF, 2019-10-05 11:17:27, 2019-10-19 06:21:00
6525, r1JABj65cqLZbttcZIXR, 2019-10-05 11:17:27, 2019-10-19 06:21:00
6526, QZkV4h5aekEfuSXU7l4G, 2019-10-05 11:17:27, 2019-10-19 06:21:00
6527, HJzf5ggjsILsnF66PL4a, 2019-10-05 11:17:27, 2019-10-19 06:21:00
6528, zbmY5xuBxWkQ4KsAigyy, 2019-10-05 11:17:27, 2019-10-19 06:21:00
6529, suXP41GCHw5FurMLbhiI, 2019-10-05 11:17:27, 2019-10-19 06:21:00
6530, NNCR3bsZydn47rlPAflV, 2019-10-05 11:17:27, 2019-10-19 06:21:01
6531, SK2pxD8qN3VhLBNV7alN, 2019-10-05 11:17:27, 2019-10-19 06:21:01
6532, grMa3KL1JyLTmfTAUdQ9, 2019-10-05 11:17:27, 2019-10-19 06:21:01
6533, ZLZawUHgDbQAq2l4G5Bj, 2019-10-05 11:17:27, 2019-10-19 06:21:01
6534, fHdmT78IPXr7pPJHUjlm, 2019-10-05 11:17:27, 2019-10-19 06:21:01
6535, 3O6iUlzAY4ifCTI5x1ed, 2019-10-05 11:17:27, 2019-10-19 06:21:01
6536, lzIjYSt1dnq4I8QQwM1V, 2019-10-05 11:17:27, 2019-10-19 06:21:01
6537, sjpav52XstvYbqW7EaLd, 2019-10-05 11:17:27, 2019-10-19 06:21:01
6538, yjId7j5FmmsyVVuRClup, 2019-10-05 11:17:27, 2019-10-19 06:21:01
6539, Xnz4XY98HuKWNPSiGhLA, 2019-10-05 11:17:27, 2019-10-19 06:21:01
6540, 0UTeuUdgGJGCqTmRTpZU, 2019-10-05 11:17:27, 2019-10-19 06:21:01
6541, cvnmRQnflW3wpvhNLQQ5, 2019-10-05 11:17:27, 2019-10-19 06:21:01
6542, zLcyprMPIN9KVpTPKlUE, 2019-10-05 11:17:27, 2019-10-19 06:21:01
6543, MwbI7xAwfrvRTc7jWfqS, 2019-10-05 11:17:27, 2019-10-19 06:21:01
6544, Tlv4xylPPgYBRPVN8wsG, 2019-10-05 11:17:27, 2019-10-19 06:21:01
6545, IjfXBLneHTelIjdlDtlG, 2019-10-05 11:17:27, 2019-10-19 06:21:01
6546, up3tMHno01a0Casig5ZP, 2019-10-05 11:17:27, 2019-10-19 06:21:01
6547, lvaMH5Whd975Wq0Xl6n9, 2019-10-05 11:17:27, 2019-10-19 06:21:01
6548, Hh4M0VS0RmMKADoVxKmt, 2019-10-05 11:17:27, 2019-10-19 06:21:01
6549, n2GTOT2PtcPyHqNEDqFP, 2019-10-05 11:17:27, 2019-10-19 06:21:01
6550, KZ68OoukH31s1iEy0FKB, 2019-10-05 11:17:27, 2019-10-19 06:21:01
6551, tkRzJILOetxDzNjJQQ3T, 2019-10-05 11:17:27, 2019-10-19 06:21:01
6552, iKO5ihNCRSaIhhSkdAby, 2019-10-05 11:17:27, 2019-10-19 06:21:01
6553, rJrPdU8DHt111LqtNDFd, 2019-10-05 11:17:27, 2019-10-19 06:21:01
6554, 7dgq3sydiaejMCBKpWyS, 2019-10-05 11:17:27, 2019-10-19 06:21:01
6555, bh4rViKhlh73h5wMWgec, 2019-10-05 11:17:27, 2019-10-19 06:21:01
6556, HijKi1j3rbevHdSqiv69, 2019-10-05 11:17:27, 2019-10-19 06:21:01
6557, PxpEAL6ljHGOomxLp2py, 2019-10-05 11:17:27, 2019-10-19 06:21:01
6558, ohchf7Yo4kSiUIcUcshI, 2019-10-05 11:17:27, 2019-10-19 06:21:01
6559, 4ophoUErfUOb3P0FBNtV, 2019-10-05 11:17:27, 2019-10-19 06:21:01
6560, pM1u1DgBnZjrwappazih, 2019-10-05 11:17:27, 2019-10-19 06:21:01
6561, uMSEA0tdm2xWvI3SV3uF, 2019-10-05 11:17:27, 2019-10-19 06:21:01
6562, J8cu7GQKX34Vh4HGRp6s, 2019-10-05 11:17:27, 2019-10-19 06:21:01
6563, ve7IX9kTwDLAF7XFsx4F, 2019-10-05 11:17:27, 2019-10-19 06:21:01
6564, znxbLon2s51L6AsEyU7y, 2019-10-05 11:17:27, 2019-10-19 06:21:01
6565, 25a60aZhYPhxKeyvDuJS, 2019-10-05 11:17:27, 2019-10-19 06:21:01
6566, kG3DjFhO28FDW7vex3V8, 2019-10-05 11:17:27, 2019-10-19 06:21:01
6567, aBx8nIdYmCjf9fxm99cd, 2019-10-05 11:17:27, 2019-10-19 06:21:01
6568, wXZw9yvUgwIPCYXS0PNm, 2019-10-05 11:17:27, 2019-10-19 06:21:01
6569, ZbZRY79G0p6rum9oqoIn, 2019-10-05 11:17:27, 2019-10-19 06:21:01
6570, l3J6hwvz2PKpkofw7Nhf, 2019-10-05 11:17:27, 2019-10-19 06:21:01
6571, yYCJ501Bft5TYG6Ke4Cz, 2019-10-05 11:17:27, 2019-10-19 06:21:01
6572, G4bZyr43Lm8b0SYP12C8, 2019-10-05 11:17:27, 2019-10-19 06:21:01
6573, lt2cVzhPbf4Y87y7D9YU, 2019-10-05 11:17:27, 2019-10-19 06:21:01
6574, CpytZ8lqVElAYv97NulJ, 2019-10-05 11:17:27, 2019-10-19 06:21:01
6575, EZf6Q40eQEP2FNMj9UGr, 2019-10-05 11:17:27, 2019-10-19 06:21:01
6576, qG46zYsriDd0bsizkfLC, 2019-10-05 11:17:27, 2019-10-19 06:21:01
6577, Ft4eUhrb43o0nbFDv2Pm, 2019-10-05 11:17:27, 2019-10-19 06:21:01
6578, yP781pWDP1Cn67ApmYzi, 2019-10-05 11:17:27, 2019-10-19 06:21:01
6579, OIo3i4lUGCqfxDLR4dSz, 2019-10-05 11:17:27, 2019-10-19 06:21:01
6580, 9mWY5onpo2En8aDQUeOs, 2019-10-05 11:17:27, 2019-10-19 06:21:01
6581, 5fVB2cEf4c0e80Zq0qdZ, 2019-10-05 11:17:27, 2019-10-19 06:21:01
6582, hRWOya5bxdVMhw4jUu6h, 2019-10-05 11:17:27, 2019-10-19 06:21:01
6583, AC1v8CJ4Qt4u2dOdrzlu, 2019-10-05 11:17:27, 2019-10-19 06:21:01
6584, 6vnqtQS3DjW3WupTUU3N, 2019-10-05 11:17:27, 2019-10-19 06:21:01
6585, 6A8e8CcH80RSGmAiLXCT, 2019-10-05 11:17:27, 2019-10-19 06:21:01
6586, DCLpk65eFEvsmKtgLFGy, 2019-10-05 11:17:27, 2019-10-19 06:21:01
6587, vEKzd1d3vv5sGqR1c9kj, 2019-10-05 11:17:27, 2019-10-19 06:21:01
6588, JF6mIdsllJofGl9dijMU, 2019-10-05 11:17:27, 2019-10-19 06:21:01
6589, FA7iHPVuPsSWsAQjsANb, 2019-10-05 11:17:27, 2019-10-19 06:21:01
6590, YmNKOiOsESWclfEp9BEM, 2019-10-05 11:17:27, 2019-10-19 06:21:01
6591, zg8BKOcutVANhplj86Ug, 2019-10-05 11:17:27, 2019-10-19 06:21:01
6592, sJkicmOtB6dFHMdtLZjx, 2019-10-05 11:17:27, 2019-10-19 06:21:01
6593, RzYNNc3V4kGokzdrd8gV, 2019-10-05 11:17:27, 2019-10-19 06:21:01
6594, 5vJCpK3nGb5hfLPgeEI1, 2019-10-05 11:17:27, 2019-10-19 06:21:01
6595, eZY6Tq6C2am08UanH0cR, 2019-10-05 11:17:27, 2019-10-19 06:21:01
6596, jLcDUpCMOXdDjyzsw109, 2019-10-05 11:17:27, 2019-10-19 06:21:01
6597, LhBnLZVeeE10sYpLQswU, 2019-10-05 11:17:27, 2019-10-19 06:21:01
6598, dTfANoaZYSKvzDjodRNF, 2019-10-05 11:17:27, 2019-10-19 06:21:01
6599, bWJiKsH7BFqtbIPKAYNz, 2019-10-05 11:17:27, 2019-10-19 06:21:02
6600, XVU9eDEGUrdsOdCqQ0Jl, 2019-10-05 11:17:27, 2019-10-19 06:21:02
6601, xks5i2wGLObBZdgbQNdq, 2019-10-05 11:17:27, 2019-10-19 06:21:02
6602, aRAikdQfm2Iosm32HACO, 2019-10-05 11:17:27, 2019-10-19 06:21:02
6603, Wy2DPyk9o315LMloLalQ, 2019-10-05 11:17:27, 2019-10-19 06:21:02
6604, IsmDvU7pw5iTgAphysT3, 2019-10-05 11:17:27, 2019-10-19 06:21:02
6605, jRUYtQOuXswIJI1ba5mZ, 2019-10-05 11:17:27, 2019-10-19 06:21:02
6606, l6VqhzgADMbqKLrMJLN6, 2019-10-05 11:17:27, 2019-10-19 06:21:02
6607, GjdwpyQWPtrXYyglQM4b, 2019-10-05 11:17:27, 2019-10-19 06:21:02
6608, RrAZEp8RViYKcvrRDrUV, 2019-10-05 11:17:27, 2019-10-19 06:21:02
6609, 8w1mwZp3kvsUKOZQmFYA, 2019-10-05 11:17:27, 2019-10-19 06:21:02
6610, zr6femK9FxUlDAxAAifI, 2019-10-05 11:17:27, 2019-10-19 06:21:02
6611, JW9IXoV5CqyQ6pDyAdKf, 2019-10-05 11:17:27, 2019-10-19 06:21:02
6612, 9tB5OPLZEFY8N1Nkf15p, 2019-10-05 11:17:27, 2019-10-19 06:21:02
6613, Drnb4WZsGmR2rrUFpkPn, 2019-10-05 11:17:27, 2019-10-19 06:21:02
6614, q8IrHfrqxVOcAGWyAfix, 2019-10-05 11:17:27, 2019-10-19 06:21:02
6615, ryBDBRb7h66nmE6LZSbp, 2019-10-05 11:17:27, 2019-10-19 06:21:02
6616, pacbvl0RZCb5zQ9tdHU7, 2019-10-05 11:17:27, 2019-10-19 06:21:02
6617, SCJnxSxcGmz6Azwf4vUM, 2019-10-05 11:17:27, 2019-10-19 06:21:02
6618, wtt2almPNFo9Y74JKzKz, 2019-10-05 11:17:27, 2019-10-19 06:21:02
6619, Qdt7bxHCfi7apvtuK4o5, 2019-10-05 11:17:27, 2019-10-19 06:21:02
6620, lzyn2dS4MqX21Sc0ESRQ, 2019-10-05 11:17:27, 2019-10-19 06:21:02
6621, PyJVUozsaK8WSX3NuJxJ, 2019-10-05 11:17:27, 2019-10-19 06:21:02
6622, molb5v9c9FTCpygmFKRD, 2019-10-05 11:17:27, 2019-10-19 06:21:02
6623, Z7nSEKUYVNoxNOliWss3, 2019-10-05 11:17:27, 2019-10-19 06:21:02
6624, bp1MMOUBiGVYR1qzhoya, 2019-10-05 11:17:27, 2019-10-19 06:21:02
6625, 7X5r5vVDW1uB5eWhBuk6, 2019-10-05 11:17:27, 2019-10-19 06:21:02
6626, 23PJRKO5wpFgBI3Hj8f1, 2019-10-05 11:17:27, 2019-10-19 06:21:02
6627, deRlWxHpAN9Gcg1DP7s4, 2019-10-05 11:17:27, 2019-10-19 06:21:02
6628, So58nWZgu1bNf9vyNoMd, 2019-10-05 11:17:27, 2019-10-19 06:21:02
6629, 1HgcZRPloMQnttJp1dr6, 2019-10-05 11:17:27, 2019-10-19 06:21:02
6630, BggWr6KzCEFe4qlKUogE, 2019-10-05 11:17:27, 2019-10-19 06:21:02
6631, sdStWd2d6cvXSq10olOI, 2019-10-05 11:17:27, 2019-10-19 06:21:02
6632, RHqECYZldeqZlmZ0IdyL, 2019-10-05 11:17:27, 2019-10-19 06:21:02
6633, NVAMoK8YRSS5c6guOOGL, 2019-10-05 11:17:27, 2019-10-19 06:21:02
6634, tgiAvKNcsNv5OVaEeqtZ, 2019-10-05 11:17:27, 2019-10-19 06:21:02
6635, ffQPj02t7Z6Fo37Gsc80, 2019-10-05 11:17:27, 2019-10-19 06:21:02
6636, lakqysCBxnEZSNjjEiQk, 2019-10-05 11:17:27, 2019-10-19 06:21:02
6637, mQ6t8NVPCKvW63z1SIUv, 2019-10-05 11:17:27, 2019-10-19 06:21:02
6638, Q70YTgOMfrSpsmUtsSUa, 2019-10-05 11:17:27, 2019-10-19 06:21:02
6639, T0B1Qg4esJeuZGODwsOg, 2019-10-05 11:17:27, 2019-10-19 06:21:02
6640, wf15h7zcaAfOmRUIi1bw, 2019-10-05 11:17:27, 2019-10-19 06:21:02
6641, hXwsf8NWFFaaLVZ6j42a, 2019-10-05 11:17:27, 2019-10-19 06:21:02
6642, FbFLWByEdF51CE55miVH, 2019-10-05 11:17:27, 2019-10-19 06:21:02
6643, cCupGL0CKe3SvzaXsNPy, 2019-10-05 11:17:27, 2019-10-19 06:21:02
6644, tVFMBxqHR7mcTTkTU1SQ, 2019-10-05 11:17:27, 2019-10-19 06:21:02
6645, qPSTWqlmJj3HsM8BkTys, 2019-10-05 11:17:27, 2019-10-19 06:21:02
6646, UZ2E5gMSB9xOnGweH3fP, 2019-10-05 11:17:27, 2019-10-19 06:21:02
6647, XKstFeUGwpUSVqlmdi4x, 2019-10-05 11:17:27, 2019-10-19 06:21:02
6648, 6ia4TI5oEgR8Zdahk9V2, 2019-10-05 11:17:27, 2019-10-19 06:21:02
6649, o8MWrtpapBxEIHDRGIo6, 2019-10-05 11:17:27, 2019-10-19 06:21:02
6650, JlB2qiJQDstMJPmC5mTS, 2019-10-05 11:17:27, 2019-10-19 06:21:02
6651, 7X0092G6UkTAvRFvHHVD, 2019-10-05 11:17:27, 2019-10-19 06:21:02
6652, vgm6URWuBGZKrK9TqNFB, 2019-10-05 11:17:27, 2019-10-19 06:21:02
6653, sfgEGRDWTcVUZ2Hjrh8R, 2019-10-05 11:17:27, 2019-10-19 06:21:02
6654, RvLsIx4zZNF7ngiJS4cU, 2019-10-05 11:17:27, 2019-10-19 06:21:02
6655, pVsy78soeKuVtDSNrzrq, 2019-10-05 11:17:27, 2019-10-19 06:21:02
6656, 6MQtCMMp1fDCfPJg3TO5, 2019-10-05 11:17:27, 2019-10-19 06:21:02
6657, vE7N1DiyQnUavcR6pMFH, 2019-10-05 11:17:27, 2019-10-19 06:21:02
6658, WV21bscAMj1zjuMU5yTB, 2019-10-05 11:17:27, 2019-10-19 06:21:02
6659, ANHhS9IXONfhiK0kQxQa, 2019-10-05 11:17:27, 2019-10-19 06:21:02
6660, QWZgvU7gXtMxs7JvfOa4, 2019-10-05 11:17:27, 2019-10-19 06:21:02
6661, mcfGYygNr72pPc2UJguB, 2019-10-05 11:17:27, 2019-10-19 06:21:02
6662, hZOoPCBvojm7D2E7NiZ1, 2019-10-05 11:17:27, 2019-10-19 06:21:02
6663, j4uB2YUj1G4EK6C7mQs8, 2019-10-05 11:17:27, 2019-10-19 06:21:02
6664, 44Lewn4Jqwl3N9qtuMRW, 2019-10-05 11:17:27, 2019-10-19 06:21:02
6665, FtybcZooG1E28IO2L8tV, 2019-10-05 11:17:27, 2019-10-19 06:21:02
6666, xjheWZaMWMIuz1tTvgsU, 2019-10-05 11:17:27, 2019-10-19 06:21:02
6667, BfgA1aZze6VDMHfQ8Upr, 2019-10-05 11:17:27, 2019-10-19 06:21:02
6668, TjfzzIChC0mlG8q7m7xC, 2019-10-05 11:17:27, 2019-10-19 06:21:02
6669, sb1ZFh0LvfxSfduCzxIs, 2019-10-05 11:17:27, 2019-10-19 06:21:02
6670, gOYLLvsOTb0I1ZWOJLSX, 2019-10-05 11:17:27, 2019-10-19 06:21:02
6671, rQzyp6rMH3H1QrmHmcO1, 2019-10-05 11:17:27, 2019-10-19 06:21:02
6672, bZqWy7cT83QYzxUdEG5c, 2019-10-05 11:17:27, 2019-10-19 06:21:02
6673, spd6lMXVo0cNPukZF0my, 2019-10-05 11:17:27, 2019-10-19 06:21:02
6674, VQ96OK2vyixs39ObYIXK, 2019-10-05 11:17:27, 2019-10-19 06:21:02
6675, IekGbhIpdi1830rBTUyI, 2019-10-05 11:17:27, 2019-10-19 06:21:02
6676, doGcg95qMw5ROC7RtFfp, 2019-10-05 11:17:27, 2019-10-19 06:21:02
6677, aRlE1dRsX4WhL5Io3dGC, 2019-10-05 11:17:27, 2019-10-19 06:21:02
6678, jl2fTRVfluQ1qgpcTOXE, 2019-10-05 11:17:27, 2019-10-19 06:21:02
6679, XnDAIGr7l9obtdQk8nJB, 2019-10-05 11:17:27, 2019-10-19 06:21:02
6680, Vund0dIo9IwCrXeJ787L, 2019-10-05 11:17:27, 2019-10-19 06:21:02
6681, 7fpYYJapNE0ORVjDRbYd, 2019-10-05 11:17:27, 2019-10-19 06:21:02
6682, OsLI8jcnOFqOThO14tM3, 2019-10-05 11:17:27, 2019-10-19 06:21:02
6683, pXQ29lkrYF0Dm6J0ECCn, 2019-10-05 11:17:27, 2019-10-19 06:21:02
6684, gfdW7VnDqHgbeDHqhEPc, 2019-10-05 11:17:27, 2019-10-19 06:21:02
6685, HRTLReYlzQqOvM74E56n, 2019-10-05 11:17:27, 2019-10-19 06:21:02
6686, dYvlhCtYSDDHrAb2TH1V, 2019-10-05 11:17:27, 2019-10-19 06:21:02
6687, ahbbIS1gPJNeVmGSlKj3, 2019-10-05 11:17:27, 2019-10-19 06:21:02
6688, 1zcxXtlGWT5s91cla0eF, 2019-10-05 11:17:27, 2019-10-19 06:21:02
6689, SUub7yc1PiMQApskWWne, 2019-10-05 11:17:27, 2019-10-19 06:21:02
6690, ajdlXp0gBba5uioLvnRq, 2019-10-05 11:17:27, 2019-10-19 06:21:02
6691, bvSEeMvnTZhgvikHda6a, 2019-10-05 11:17:27, 2019-10-19 06:21:03
6692, IQSno8wNbM8oGiaYGW14, 2019-10-05 11:17:27, 2019-10-19 06:21:03
6693, qKeoydz0JZcKovO0meKK, 2019-10-05 11:17:27, 2019-10-19 06:21:03
6694, Riu8MChi45IGGsrReo2v, 2019-10-05 11:17:27, 2019-10-19 06:21:03
6695, INxzNSVwIAOEk0Pt5GO1, 2019-10-05 11:17:27, 2019-10-19 06:21:03
6696, iGocOcOqArAoTzHJgcdE, 2019-10-05 11:17:27, 2019-10-19 06:21:03
6697, suqMswS3NPzSUuWijR1s, 2019-10-05 11:17:27, 2019-10-19 06:21:03
6698, 7dqLcne887EptG5SJp4D, 2019-10-05 11:17:27, 2019-10-19 06:21:03
6699, 4TP1ZAh09y3AB2WXVQZZ, 2019-10-05 11:17:27, 2019-10-19 06:21:03
6700, 8T55oGfugOyzp2wkHhZ9, 2019-10-05 11:17:27, 2019-10-19 06:21:03
6701, FmUzxYHLIMdCI2RdWKG1, 2019-10-05 11:17:27, 2019-10-19 06:21:03
6702, Rk6s60JZHd7Vho483SUB, 2019-10-05 11:17:27, 2019-10-19 06:21:03
6703, pMvy5d6m8yh15Z4raUik, 2019-10-05 11:17:27, 2019-10-19 06:21:03
6704, bFcsfIOifBgQw1qcPk8q, 2019-10-05 11:17:27, 2019-10-19 06:21:03
6705, RfKWXx0VJwHLTVWUibVj, 2019-10-05 11:17:27, 2019-10-19 06:21:03
6706, iOIaaGvVL7F0Nu2aVadM, 2019-10-05 11:17:27, 2019-10-19 06:21:03
6707, mKcmbLZLCvUczS8p0D71, 2019-10-05 11:17:27, 2019-10-19 06:21:03
6708, 2PyiF9v94eLbdLvD1pdt, 2019-10-05 11:17:27, 2019-10-19 06:21:03
6709, JLm5MI0X2jIporC97bAO, 2019-10-05 11:17:27, 2019-10-19 06:21:03
6710, ptAc9S7Q4V7i3uMZI2AP, 2019-10-05 11:17:27, 2019-10-19 06:21:03
6711, GdZgXhjAbzPGSKsRacZB, 2019-10-05 11:17:27, 2019-10-19 06:21:03
6712, fzrEK4QwhekiORtmzwLC, 2019-10-05 11:17:27, 2019-10-19 06:21:03
6713, wHnB63wl9qS7x2q6cB29, 2019-10-05 11:17:27, 2019-10-19 06:21:03
6714, BuJhVQ2kFz8CgyEvXJdy, 2019-10-05 11:17:27, 2019-10-19 06:21:03
6715, SEZu85f68eJkbhC2nUct, 2019-10-05 11:17:27, 2019-10-19 06:21:03
6716, zsFNOvOGwEVJ8ifhBy0z, 2019-10-05 11:17:27, 2019-10-19 06:21:03
6717, OhX4aqxq2tFhgjPnZVIt, 2019-10-05 11:17:27, 2019-10-19 06:21:03
6718, Dy2lxEcIsX9AOPUQBcix, 2019-10-05 11:17:27, 2019-10-19 06:21:03
6719, uUkX2yDTMo8Lkzin4CDK, 2019-10-05 11:17:27, 2019-10-19 06:21:03
6720, 1ac8qcseidJ4gDRvnHCh, 2019-10-05 11:17:27, 2019-10-19 06:21:03
6721, TbvIDfcKfKDtkokjnv2L, 2019-10-05 11:17:27, 2019-10-19 06:21:03
6722, vPR00T5aZ04KZPV2u3TJ, 2019-10-05 11:17:27, 2019-10-19 06:21:03
6723, KmS0bgIoYjtCF8dT966B, 2019-10-05 11:17:27, 2019-10-19 06:21:03
6724, LwT7YhXkAqiIO98Gq0YD, 2019-10-05 11:17:27, 2019-10-19 06:21:03
6725, LEzolEfir3oxV4berIka, 2019-10-05 11:17:27, 2019-10-19 06:21:03
6726, wt3dQeNUSOmPNzKx9JPj, 2019-10-05 11:17:27, 2019-10-19 06:21:03
6727, CaAQAgOThJwDLCccIAV5, 2019-10-05 11:17:27, 2019-10-19 06:21:03
6728, g9MJp2qqdeoNzNGYrqJQ, 2019-10-05 11:17:27, 2019-10-19 06:21:03
6729, UKnYBDhcRkoCk78eOuyi, 2019-10-05 11:17:27, 2019-10-19 06:21:03
6730, ND2fCb68v2q4VWe7K6Kl, 2019-10-05 11:17:27, 2019-10-19 06:21:03
6731, 6u5SBSE3s0XfFun4pvJs, 2019-10-05 11:17:27, 2019-10-19 06:21:03
6732, RGCwo8NGnceApxJ5IC6g, 2019-10-05 11:17:27, 2019-10-19 06:21:03
6733, x05A7Bjja6DMSi2kqemz, 2019-10-05 11:17:27, 2019-10-19 06:21:03
6734, U3uQbXf0Q02YJHDSTY6a, 2019-10-05 11:17:27, 2019-10-19 06:21:03
6735, KGzy2o8ZmpivMD4n99JY, 2019-10-05 11:17:27, 2019-10-19 06:21:03
6736, tg1s5SgI05qZv79soCHl, 2019-10-05 11:17:27, 2019-10-19 06:21:03
6737, TLG5VZTXe7MroriRzW8h, 2019-10-05 11:17:27, 2019-10-19 06:21:03
6738, 6sqnjp5KNHPTyGTgKDPJ, 2019-10-05 11:17:27, 2019-10-19 06:21:03
6739, 9vuPBlvxPvXPsvH0NKG6, 2019-10-05 11:17:27, 2019-10-19 06:21:03
6740, mV8WTwkQ9WGzzXah8unw, 2019-10-05 11:17:27, 2019-10-19 06:21:03
6741, o6VFCanvCLFf5gQtNxjM, 2019-10-05 11:17:27, 2019-10-19 06:21:03
6742, dCZ305bLMT8AZ6hTVa8W, 2019-10-05 11:17:27, 2019-10-19 06:21:03
6743, lCnZhWTe7mLKDzUlWNUE, 2019-10-05 11:17:27, 2019-10-19 06:21:03
6744, sB0K7IRnYGWaTGMhm7MJ, 2019-10-05 11:17:27, 2019-10-19 06:21:03
6745, PvtAwA6sQPm37I0YbKKg, 2019-10-05 11:17:27, 2019-10-19 06:21:03
6746, 9hlxyfHNuoczZcVuGLvH, 2019-10-05 11:17:27, 2019-10-19 06:21:03
6747, jyr9RVqpa0UgDPt40Mli, 2019-10-05 11:17:27, 2019-10-19 06:21:03
6748, M36EbRSk9lyDnCz55EYf, 2019-10-05 11:17:27, 2019-10-19 06:21:03
6749, 2vAbzN1slJm2WbZlqo0X, 2019-10-05 11:17:27, 2019-10-19 06:21:03
6750, 440ZmYaA3kuC0B2NWyLZ, 2019-10-05 11:17:27, 2019-10-19 06:21:03
6751, wRG1y9TENfTGn3khY1xD, 2019-10-05 11:17:27, 2019-10-19 06:21:03
6752, pX2NJiQEcIGkZJhmYFZu, 2019-10-05 11:17:27, 2019-10-19 06:21:03
6753, 8l3eK3jdPiR4SeJgPLuP, 2019-10-05 11:17:27, 2019-10-19 06:21:03
6754, pdeExqq4CVvrPlS1vuDE, 2019-10-05 11:17:27, 2019-10-19 06:21:03
6755, 16Q3YyldGXFFyYiSUiBs, 2019-10-05 11:17:27, 2019-10-19 06:21:03
6756, NMUMCUS176Oycm5DAVT8, 2019-10-05 11:17:27, 2019-10-19 06:21:03
6757, LSTBfc7hg7obnYnqjVUB, 2019-10-05 11:17:27, 2019-10-19 06:21:03
6758, cvQtIVCelZGcaYBbEhCP, 2019-10-05 11:17:27, 2019-10-19 06:21:03
6759, 4dF90dPp7d5nrUzzkYfh, 2019-10-05 11:17:27, 2019-10-19 06:21:03
6760, DIaMZrDvf2wXPlRLVYdP, 2019-10-05 11:17:27, 2019-10-19 06:21:03
6761, JrDlFOE1RcCoT9mxvehF, 2019-10-05 11:17:27, 2019-10-19 06:21:03
6762, 6sJbRxyYYSJlI0dODcUy, 2019-10-05 11:17:27, 2019-10-19 06:21:03
6763, PKHQ83voHnoGudHeSDSG, 2019-10-05 11:17:27, 2019-10-19 06:21:03
6764, K9EYJIBlpYzTsmBevMoh, 2019-10-05 11:17:27, 2019-10-19 06:21:03
6765, CrAMu5hO64lhFnEQ1FrX, 2019-10-05 11:17:27, 2019-10-19 06:21:03
6766, J7T0I6PDkXNV5yqHGaHs, 2019-10-05 11:17:27, 2019-10-19 06:21:03
6767, bLHFj9InqUHrA1LOa3LV, 2019-10-05 11:17:27, 2019-10-19 06:21:03
6768, Hjb8i58sXg7uSBqmYGPF, 2019-10-05 11:17:27, 2019-10-19 06:21:03
6769, EzaQfKv5LNICAaSJxxeA, 2019-10-05 11:17:27, 2019-10-19 06:21:03
6770, lQ9jRt3bzuL6Cm2tmu3y, 2019-10-05 11:17:27, 2019-10-19 06:21:03
6771, TSH4jxXP2s7ZvoC9S2HR, 2019-10-05 11:17:27, 2019-10-19 06:21:03
6772, HMas8kHkV1PjtGmwmTsn, 2019-10-05 11:17:27, 2019-10-19 06:21:03
6773, bMl6BYDwZw7vSr7Jlcgm, 2019-10-05 11:17:27, 2019-10-19 06:21:03
6774, y8lE1Va47RL7uHy5WJpg, 2019-10-05 11:17:27, 2019-10-19 06:21:03
6775, k7saJWhzLQeMVcypIG5h, 2019-10-05 11:17:27, 2019-10-19 06:21:03
6776, mninPNCXs8jGUVVStDsN, 2019-10-05 11:17:27, 2019-10-19 06:21:03
6777, B3mklN11RkyOHwOFOoni, 2019-10-05 11:17:27, 2019-10-19 06:21:03
6778, YdjGR11aMJKm1KKW5hzj, 2019-10-05 11:17:27, 2019-10-19 06:21:03
6779, xXmdsCXxkjLb34kiBY6A, 2019-10-05 11:17:27, 2019-10-19 06:21:03
6780, RPNpxA3YIgOKNkKYk3jr, 2019-10-05 11:17:27, 2019-10-19 06:21:03
6781, R5UH0gvzaLjCnt4B14tr, 2019-10-05 11:17:27, 2019-10-19 06:21:03
6782, GfSXl3jZo3wxAcbD2jAW, 2019-10-05 11:17:27, 2019-10-19 06:21:03
6783, 50YrphAwE0zMDbV5pIKd, 2019-10-05 11:17:27, 2019-10-19 06:21:03
6784, Q0CCG4AtDHRlwNIX90t6, 2019-10-05 11:17:27, 2019-10-19 06:21:03
6785, RT4ecBM58puW8UM1fXqa, 2019-10-05 11:17:27, 2019-10-19 06:21:03
6786, eessTmTihboludMczdSR, 2019-10-05 11:17:27, 2019-10-19 06:21:03
6787, VTpxsov5wpZy0EvXeeuj, 2019-10-05 11:17:27, 2019-10-19 06:21:03
6788, Q3ZDUd0YQA2BKeCOflr0, 2019-10-05 11:17:27, 2019-10-19 06:21:03
6789, CF5C8fbq1NnyvJselyL1, 2019-10-05 11:17:27, 2019-10-19 06:21:03
6790, A5xKNxsl6XoheRJH6er3, 2019-10-05 11:17:27, 2019-10-19 06:21:03
6791, tkWdGyUw9yQYboEeLFBU, 2019-10-05 11:17:27, 2019-10-19 06:21:03
6792, wzYLtfhuGRPWhbXHE6Xk, 2019-10-05 11:17:27, 2019-10-19 06:21:03
6793, MD9YChORRSyBJ4nJZ6zs, 2019-10-05 11:17:27, 2019-10-19 06:21:03
6794, pz7DGOcMEq8eMZS28Saw, 2019-10-05 11:17:27, 2019-10-19 06:21:03
6795, RFBNfIMngExixyV6fKnH, 2019-10-05 11:17:27, 2019-10-19 06:21:03
6796, cqNgIpxjIo84pig7G0yk, 2019-10-05 11:17:27, 2019-10-19 06:21:03
6797, 9TBvc63E6jCYAAQcGzgG, 2019-10-05 11:17:27, 2019-10-19 06:21:03
6798, fPjVdtCvrfNKBqip8ccQ, 2019-10-05 11:17:27, 2019-10-19 06:21:03
6799, NTin65tYPoFnB4dYCWWA, 2019-10-05 11:17:27, 2019-10-19 06:21:03
6800, hBTSv5Ui0JQ1Q7OJ1Szt, 2019-10-05 11:17:27, 2019-10-19 06:21:03
6801, l9RFTj1q0izLu3xwcOY8, 2019-10-05 11:17:27, 2019-10-19 06:21:03
6802, WmoNc1yW3N1Pm1Qj69aA, 2019-10-05 11:17:27, 2019-10-19 06:21:03
6803, JbFz9uAcVi91dOAE9rAA, 2019-10-05 11:17:27, 2019-10-19 06:21:03
6804, 3aK51ZfuCWP2tc2G8DjQ, 2019-10-05 11:17:27, 2019-10-19 06:21:03
6805, 6VmpoRws8U2RdP9Ln7WS, 2019-10-05 11:17:27, 2019-10-19 06:21:03
6806, 5vqfzVJfFPNZoeLN7p6F, 2019-10-05 11:17:27, 2019-10-19 06:21:03
6807, lSnuWb8axRk02TjKi0v6, 2019-10-05 11:17:27, 2019-10-19 06:21:03
6808, GZZpdvF67MrpIaGq2u4X, 2019-10-05 11:17:27, 2019-10-19 06:21:03
6809, VfNjBEfbvnjPnhC9Uzs7, 2019-10-05 11:17:27, 2019-10-19 06:21:03
6810, MARYV3WRv7r59iK1GcD9, 2019-10-05 11:17:27, 2019-10-19 06:21:03
6811, 6jwiv6FmPLABpTMXp6tH, 2019-10-05 11:17:27, 2019-10-19 06:21:03
6812, kGSfnj2n5tRGVRhUhDO7, 2019-10-05 11:17:27, 2019-10-19 06:21:03
6813, q6o3Tukuofw0DAnJZEzD, 2019-10-05 11:17:27, 2019-10-19 06:21:03
6814, op6wG2WulumtEFU0pRMa, 2019-10-05 11:17:27, 2019-10-19 06:21:03
6815, lnPhsPgRw1mGUr1ZY9aq, 2019-10-05 11:17:27, 2019-10-19 06:21:03
6816, Ob9NkG2bBC9dYv0mQcNE, 2019-10-05 11:17:27, 2019-10-19 06:21:03
6817, 3848j0mQQ93Kt2kczk7e, 2019-10-05 11:17:27, 2019-10-19 06:21:03
6818, UY8FSFDe97LT1aYsP6BT, 2019-10-05 11:17:27, 2019-10-19 06:21:03
6819, UAeUOXQz0bSm5Ej1iadx, 2019-10-05 11:17:27, 2019-10-19 06:21:03
6820, hlOThLjXpT0nV80IikRB, 2019-10-05 11:17:27, 2019-10-19 06:21:03
6821, fbUMRm7w8muPkcvruN1K, 2019-10-05 11:17:27, 2019-10-19 06:21:03
6822, KTnktoIk0dCDYmRccL3F, 2019-10-05 11:17:27, 2019-10-19 06:21:03
6823, aOUegawYF4opZJRzPmXK, 2019-10-05 11:17:27, 2019-10-19 06:21:03
6824, 5ahhx9NGFbavnPHAxS6F, 2019-10-05 11:17:27, 2019-10-19 06:21:03
6825, bPOILeWHLZqiAvyDyccV, 2019-10-05 11:17:27, 2019-10-19 06:21:03
6826, OYueKYCXEkrK670jndYp, 2019-10-05 11:17:27, 2019-10-19 06:21:03
6827, 3FZcDjG2nm09ZrHcZCDo, 2019-10-05 11:17:27, 2019-10-19 06:21:03
6828, ODviraN0P8ikETPIfkiD, 2019-10-05 11:17:27, 2019-10-19 06:21:03
6829, CaR6puJkmgz9uLHalCxr, 2019-10-05 11:17:27, 2019-10-19 06:21:03
6830, BuWNJXb4vB2rnFqRu1mA, 2019-10-05 11:17:27, 2019-10-19 06:21:03
6831, Z9PSGGl4zrglhQt0j4IX, 2019-10-05 11:17:27, 2019-10-19 06:21:03
6832, WzEA80wbKEp7VfaqR5CU, 2019-10-05 11:17:27, 2019-10-19 06:21:03
6833, cEcwaPSd3kHzylruQNWQ, 2019-10-05 11:17:27, 2019-10-19 06:21:03
6834, rRzjVeTcg3uGSbnEwocu, 2019-10-05 11:17:27, 2019-10-19 06:21:03
6835, GrIETV6kRmUV904gpe1D, 2019-10-05 11:17:27, 2019-10-19 06:21:03
6836, pyg1mkVUyaTTGFXgMqJt, 2019-10-05 11:17:27, 2019-10-19 06:21:03
6837, cLZMJ8GvXSUODEKTotCU, 2019-10-05 11:17:27, 2019-10-19 06:21:04
6838, vdnt9h7G7GmfhFlqxFKW, 2019-10-05 11:17:27, 2019-10-19 06:21:04
6839, PvMyvXtor2Mj9yRYF3m2, 2019-10-05 11:17:27, 2019-10-19 06:21:04
6840, bLCbYub1ZOarM8dDHo2Q, 2019-10-05 11:17:27, 2019-10-19 06:21:04
6841, K696pES7wTGdzSwuywsP, 2019-10-05 11:17:27, 2019-10-19 06:21:04
6842, IYPkCHB6c1LAvra3K94S, 2019-10-05 11:17:27, 2019-10-19 06:21:04
6843, b1hAByvqVJNTlMXJ57qx, 2019-10-05 11:17:27, 2019-10-19 06:21:04
6844, PvBI9vweQ5LCbgG2AHqx, 2019-10-05 11:17:27, 2019-10-19 06:21:04
6845, eggi47E1ZT5Qp6WIB4d5, 2019-10-05 11:17:27, 2019-10-19 06:21:04
6846, gw04tZjkpKtfJDH3yWo7, 2019-10-05 11:17:27, 2019-10-19 06:21:04
6847, EiEodJ0Ax6Xl6fp78lzP, 2019-10-05 11:17:27, 2019-10-19 06:21:04
6848, BHsc7H55htdZuYB3ggN5, 2019-10-05 11:17:27, 2019-10-19 06:21:04
6849, 7kMfkK68tHCzi9ia8Lbs, 2019-10-05 11:17:27, 2019-10-19 06:21:04
6850, Hpp4O2F1SFtSwPLEfIME, 2019-10-05 11:17:27, 2019-10-19 06:21:04
6851, EUv5nkj3LmPu2U36ucrb, 2019-10-05 11:17:27, 2019-10-19 06:21:04
6852, n9twX3ujiUhgA66b6C26, 2019-10-05 11:17:27, 2019-10-19 06:21:04
6853, F8kqR2ybxsEuX0dm8WT5, 2019-10-05 11:17:27, 2019-10-19 06:21:04
6854, LYJuzUlBw9HELcevzOFv, 2019-10-05 11:17:27, 2019-10-19 06:21:04
6855, avr8jW0q7QprAun39ILE, 2019-10-05 11:17:27, 2019-10-19 06:21:04
6856, SxDW4goUelViGFuNjxTy, 2019-10-05 11:17:27, 2019-10-19 06:21:04
6857, Urtr28BGK4d4YB1nkkjm, 2019-10-05 11:17:27, 2019-10-19 06:21:04
6858, ig3n1BtBT0wYnfGMKVUz, 2019-10-05 11:17:27, 2019-10-19 06:21:04
6859, DzmCBEwfXY0worbmyBtK, 2019-10-05 11:17:27, 2019-10-19 06:21:04
6860, LblIr9RGcrlfSp9WBEoF, 2019-10-05 11:17:27, 2019-10-19 06:21:04
6861, gXoem7VyGIO6nYMWCsRF, 2019-10-05 11:17:27, 2019-10-19 06:21:04
6862, 3F5ttoNqw0QcxdyHlj9K, 2019-10-05 11:17:27, 2019-10-19 06:21:04
6863, JHSOAzAZ8ZZMpJFc222F, 2019-10-05 11:17:27, 2019-10-19 06:21:04
6864, 2Smg2nOsTglM8jTvTFOM, 2019-10-05 11:17:27, 2019-10-19 06:21:04
6865, M9WRoKnCKJyP1JqPV9RG, 2019-10-05 11:17:27, 2019-10-19 06:21:04
6866, bB1Uz8bMWM7AtiqbFfqb, 2019-10-05 11:17:27, 2019-10-19 06:21:04
6867, ObFhunWfMVwtj7oRun1S, 2019-10-05 11:17:27, 2019-10-19 06:21:04
6868, 97zN3xVoTNTJUSLDABZr, 2019-10-05 11:17:27, 2019-10-19 06:21:04
6869, WqbDZkS2j6AcETiBVSEr, 2019-10-05 11:17:27, 2019-10-19 06:21:04
6870, nfVLa6h7xWrFNm6CnHls, 2019-10-05 11:17:27, 2019-10-19 06:21:04
6871, qgah1Na9Pc4sAFa3lovb, 2019-10-05 11:17:27, 2019-10-19 06:21:04
6872, wF3TeTShdWNrk6qJjmpG, 2019-10-05 11:17:27, 2019-10-19 06:21:04
6873, SbY7UitIg1XuFr8BdvGH, 2019-10-05 11:17:27, 2019-10-19 06:21:04
6874, ou6seQQ3lzEYRk8V99Xb, 2019-10-05 11:17:27, 2019-10-19 06:21:04
6875, Ur0p5ZpbuYmkdBH5a5Gs, 2019-10-05 11:17:27, 2019-10-19 06:21:04
6876, 9zllduaGfS5bzfY4VwS4, 2019-10-05 11:17:27, 2019-10-19 06:21:04
6877, C9yu1QmcA0YplpFpX91F, 2019-10-05 11:17:27, 2019-10-19 06:21:04
6878, i5TFjcnsIozSiQwJtEW0, 2019-10-05 11:17:27, 2019-10-19 06:21:04
6879, GUI7mUDPHqsZswXxa3Zw, 2019-10-05 11:17:27, 2019-10-19 06:21:04
6880, J07GmJH5aLMoCAFV20Cn, 2019-10-05 11:17:27, 2019-10-19 06:21:04
6881, sMRA8eS1jKIJjBCw3DWF, 2019-10-05 11:17:27, 2019-10-19 06:21:04
6882, lpZP5D02FfV56L0bN2MG, 2019-10-05 11:17:27, 2019-10-19 06:21:04
6883, HvSYNdG3wmA0IGwQw7VS, 2019-10-05 11:17:27, 2019-10-19 06:21:04
6884, u7JNAeceb2QhYKEU5z3R, 2019-10-05 11:17:27, 2019-10-19 06:21:04
6885, CmPu8ILt9sSH9FOFZH6s, 2019-10-05 11:17:27, 2019-10-19 06:21:04
6886, rkAS5PGTgiYBxFNvaAwW, 2019-10-05 11:17:27, 2019-10-19 06:21:04
6887, kaW81epw9iRCdClmuT7Q, 2019-10-05 11:17:27, 2019-10-19 06:21:04
6888, KkjiltL57nXW8q8pLhXV, 2019-10-05 11:17:27, 2019-10-19 06:21:04
6889, YDb3mDnDK7xEL3gDcjlB, 2019-10-05 11:17:27, 2019-10-19 06:21:04
6890, ABISPqKvIzMJCUcXxbdG, 2019-10-05 11:17:27, 2019-10-19 06:21:04
6891, aOCFzv3EYpzNbdFZsszZ, 2019-10-05 11:17:27, 2019-10-19 06:21:04
6892, L8Uj1FnQsFoTE4xeBIh7, 2019-10-05 11:17:27, 2019-10-19 06:21:04
6893, C4GI31hqdVGEUMQj3iw9, 2019-10-05 11:17:27, 2019-10-19 06:21:04
6894, c8VtH0LgXZLAiDYN9dzR, 2019-10-05 11:17:27, 2019-10-19 06:21:04
6895, QbsI2iF9reuJA1SYE7DM, 2019-10-05 11:17:27, 2019-10-19 06:21:04
6896, 7zFXW3GV22ShZ0ATYaTy, 2019-10-05 11:17:27, 2019-10-19 06:21:04
6897, sefP0QTymq44UDms5kCo, 2019-10-05 11:17:27, 2019-10-19 06:21:04
6898, k5kb0afeqJxIQ7nSTGKB, 2019-10-05 11:17:27, 2019-10-19 06:21:04
6899, dZFO3MONpUKUql1xH9s0, 2019-10-05 11:17:27, 2019-10-19 06:21:04
6900, sKgY0U9BTQZhLjERF2B9, 2019-10-05 11:17:27, 2019-10-19 06:21:04
6901, 8v6WI9Umn4qAiOcua9cE, 2019-10-05 11:17:27, 2019-10-19 06:21:04
6902, QQd4Dz4aygPjrlddfV5n, 2019-10-05 11:17:27, 2019-10-19 06:21:04
6903, iMAjTffcwFp08RfFd1Mr, 2019-10-05 11:17:27, 2019-10-19 06:21:04
6904, aNctWyvOj65UkcfgjGjC, 2019-10-05 11:17:27, 2019-10-19 06:21:04
6905, aTJNFVL8lUFTW620U9jS, 2019-10-05 11:17:27, 2019-10-19 06:21:04
6906, 1h6dF52QDOhg1rnq5sdK, 2019-10-05 11:17:27, 2019-10-19 06:21:04
6907, 0Zdxi6HrmPFpvohVxfyy, 2019-10-05 11:17:27, 2019-10-19 06:21:04
6908, 7tQb3MFKTX35dY4FfbSr, 2019-10-05 11:17:27, 2019-10-19 06:21:04
6909, lp0tq4p8sCZLCUilpSCS, 2019-10-05 11:17:27, 2019-10-19 06:21:04
6910, 7sbdNCwnxIeSeXQ2byWv, 2019-10-05 11:17:27, 2019-10-19 06:21:04
6911, X7quY7p7uXSui9tZaUkL, 2019-10-05 11:17:27, 2019-10-19 06:21:04
6912, yjdPOA7ttJIe79fHcXTH, 2019-10-05 11:17:27, 2019-10-19 06:21:04
6913, g0QodrOUzc5Df8T05Lki, 2019-10-05 11:17:27, 2019-10-19 06:21:04
6914, te2EWeogqxlvySdinDVs, 2019-10-05 11:17:27, 2019-10-19 06:21:04
6915, Zdf9utWUkOhDsVzdgUa6, 2019-10-05 11:17:27, 2019-10-19 06:21:04
6916, LH9E7MLLrJVjFTR2lAKr, 2019-10-05 11:17:27, 2019-10-19 06:21:04
6917, fm6NS9hMw8Fm4x4Oc0tI, 2019-10-05 11:17:27, 2019-10-19 06:21:04
6918, VUUuu8C0fIlKMnUv4Z05, 2019-10-05 11:17:27, 2019-10-19 06:21:04
6919, RurF3xT426Yki26u9Bfy, 2019-10-05 11:17:27, 2019-10-19 06:21:04
6920, 7vNPDjqEhxd40Re0dJAA, 2019-10-05 11:17:27, 2019-10-19 06:21:04
6921, NUZHLX6Bw62UsmBYkVYl, 2019-10-05 11:17:27, 2019-10-19 06:21:04
6922, y8IrbNj5Qsuzgsb3THmm, 2019-10-05 11:17:27, 2019-10-19 06:21:04
6923, yhgINlMH0mAdxbt1TG9Q, 2019-10-05 11:17:27, 2019-10-19 06:21:04
6924, kiMcFiHlovonDFQiAhqx, 2019-10-05 11:17:27, 2019-10-19 06:21:04
6925, gIylPRYhMqP78xy4Bh72, 2019-10-05 11:17:27, 2019-10-19 06:21:04
6926, kWAUl33AlB12y4JvjvxF, 2019-10-05 11:17:27, 2019-10-19 06:21:04
6927, SIGLDPccCQU5ckdAwls8, 2019-10-05 11:17:27, 2019-10-19 06:21:04
6928, 8sNUOLpCY04ge57FpX6m, 2019-10-05 11:17:27, 2019-10-19 06:21:04
6929, F8hZ4xlejm9nMvnu11Cm, 2019-10-05 11:17:27, 2019-10-19 06:21:04
6930, TbTmcs9RjxPl81cK8eDu, 2019-10-05 11:17:27, 2019-10-19 06:21:04
6931, VHdtr8Qz5KUZJ6XLb5tC, 2019-10-05 11:17:27, 2019-10-19 06:21:05
6932, 3PLF12PGSMHqpT9W8qXu, 2019-10-05 11:17:27, 2019-10-19 06:21:05
6933, bVfxCarRDHBHvSWU2OeS, 2019-10-05 11:17:27, 2019-10-19 06:21:05
6934, vTl45wnX1DD9crBxfVsb, 2019-10-05 11:17:27, 2019-10-19 06:21:05
6935, Wt1OnJoEv1GLGayDd7ks, 2019-10-05 11:17:27, 2019-10-19 06:21:05
6936, kkidlr4pJkcw6Pn4iNGN, 2019-10-05 11:17:27, 2019-10-19 06:21:05
6937, EPWGeyzxLALJIXSgjlMB, 2019-10-05 11:17:27, 2019-10-19 06:21:05
6938, kH82D7AMmFZGce8AFce2, 2019-10-05 11:17:27, 2019-10-19 06:21:05
6939, uzFz45wc9WuEvTG3dBFy, 2019-10-05 11:17:27, 2019-10-19 06:21:05
6940, RTwnnoXtvh0LX3eq37lL, 2019-10-05 11:17:27, 2019-10-19 06:21:05
6941, H7V1SmlxQPgLuR3QgsCl, 2019-10-05 11:17:27, 2019-10-19 06:21:05
6942, GSl3Gw44Q6ZkzQgkxDEg, 2019-10-05 11:17:27, 2019-10-19 06:21:05
6943, CBlH0oT8qqfssW2nVlnW, 2019-10-05 11:17:27, 2019-10-19 06:21:05
6944, aZ1XOHK6ifgMjnhWUDj0, 2019-10-05 11:17:27, 2019-10-19 06:21:05
6945, 1ysPcP2DXwSMUV8V6CFg, 2019-10-05 11:17:27, 2019-10-19 06:21:05
6946, rGx3IT1VSZ9r17o3kzvQ, 2019-10-05 11:17:27, 2019-10-19 06:21:05
6947, sY0DTv61hoFLhJDQ8l6R, 2019-10-05 11:17:27, 2019-10-19 06:21:05
6948, cTKzwczy0EAP1WEVM3yE, 2019-10-05 11:17:27, 2019-10-19 06:21:05
6949, VkWW7cOrwX0FIGXdoyrr, 2019-10-05 11:17:27, 2019-10-19 06:21:05
6950, KutRe9GIc7dLW6VF5wxT, 2019-10-05 11:17:27, 2019-10-19 06:21:05
6951, bOjpsA9lpSt74dPUcBiR, 2019-10-05 11:17:27, 2019-10-19 06:21:05
6952, solyompHZ8ursQFKDc2R, 2019-10-05 11:17:27, 2019-10-19 06:21:05
6953, 12sFN5DGJwqfa34qOplo, 2019-10-05 11:17:27, 2019-10-19 06:21:05
6954, tnJdkj1NbGWIsxlu1jP4, 2019-10-05 11:17:27, 2019-10-19 06:21:05
6955, tlydS6qjKnKI7CyUxrDa, 2019-10-05 11:17:27, 2019-10-19 06:21:05
6956, PFCYp3U1mHcpQxn67RsB, 2019-10-05 11:17:27, 2019-10-19 06:21:05
6957, hS9U9TbTCKiaSgftga3A, 2019-10-05 11:17:27, 2019-10-19 06:21:05
6958, wmRd6UwEnictrLT0bk1V, 2019-10-05 11:17:27, 2019-10-19 06:21:05
6959, m1RJg1hPuDp9WwA4OeuT, 2019-10-05 11:17:27, 2019-10-19 06:21:05
6960, FGM1SWayQPaV36oXqNTJ, 2019-10-05 11:17:27, 2019-10-19 06:21:05
6961, MgBQa21oEGlG9a8iH0VT, 2019-10-05 11:17:27, 2019-10-19 06:21:05
6962, eYVwSEkbBPoz3tMmCMTl, 2019-10-05 11:17:27, 2019-10-19 06:21:05
6963, z0dSN6TensCdHCTLztB6, 2019-10-05 11:17:27, 2019-10-19 06:21:05
6964, jNzDBCcwudXRmMMPXRBu, 2019-10-05 11:17:27, 2019-10-19 06:21:05
6965, ugzHciPerfC0k6pxAhQ9, 2019-10-05 11:17:27, 2019-10-19 06:21:05
6966, Udg6Of5T6kwqyeBrcUJ7, 2019-10-05 11:17:27, 2019-10-19 06:21:05
6967, DY1FQ4D7AJz4w8VbkN06, 2019-10-05 11:17:27, 2019-10-19 06:21:05
6968, 9L1Qj4FjtgVBwY7FJxbT, 2019-10-05 11:17:27, 2019-10-19 06:21:05
6969, Mng2WT4oY0xMJQeK3Y3k, 2019-10-05 11:17:27, 2019-10-19 06:21:05
6970, czqva3zNEaossG1u98Na, 2019-10-05 11:17:27, 2019-10-19 06:21:05
6971, dGblgjy7mwu5ssasQKUm, 2019-10-05 11:17:27, 2019-10-19 06:21:05
6972, pv63IcgZTGuvkPXxlR96, 2019-10-05 11:17:27, 2019-10-19 06:21:05
6973, c5ACLhz0XV8PVgaCBk5a, 2019-10-05 11:17:27, 2019-10-19 06:21:05
6974, Gc6Roqp9engkvb9ra51S, 2019-10-05 11:17:27, 2019-10-19 06:21:05
6975, 4w48pMTcx7FTBDnT2Ei7, 2019-10-05 11:17:27, 2019-10-19 06:21:05
6976, OJaK9J7ecEtDpG2IeSth, 2019-10-05 11:17:27, 2019-10-19 06:21:05
6977, sa4JDOyouAPpesKlXQpY, 2019-10-05 11:17:27, 2019-10-19 06:21:05
6978, FmsMIqv5LiMMos1sRp4e, 2019-10-05 11:17:27, 2019-10-19 06:21:05
6979, z40kzQt5feHWaDwBsa0A, 2019-10-05 11:17:27, 2019-10-19 06:21:05
6980, QA4zq8Yof79WCN2cN1S9, 2019-10-05 11:17:27, 2019-10-19 06:21:05
6981, lblrlFpPYIu0AtXBKm98, 2019-10-05 11:17:27, 2019-10-19 06:21:05
6982, B3Sr9U9lGpVoFQtyQAoZ, 2019-10-05 11:17:27, 2019-10-19 06:21:05
6983, bJ8r6NmhMjCAwql3jNkt, 2019-10-05 11:17:27, 2019-10-19 06:21:05
6984, EseUquAcNm8vFniufqHA, 2019-10-05 11:17:27, 2019-10-19 06:21:05
6985, 2WPMsCMgl117qygrHAZ6, 2019-10-05 11:17:27, 2019-10-19 06:21:05
6986, CRu1mOpAEeJ4w3FVkabT, 2019-10-05 11:17:27, 2019-10-19 06:21:05
6987, 8xSewcMJ8JvAdKq5KzaQ, 2019-10-05 11:17:27, 2019-10-19 06:21:05
6988, e1MXYQBVPaTEwHKIzFkf, 2019-10-05 11:17:27, 2019-10-19 06:21:05
6989, aoP8ZS4Nns0XL2YqkmTw, 2019-10-05 11:17:27, 2019-10-19 06:21:05
6990, FNTwtbUbuJbyeIqZgiHJ, 2019-10-05 11:17:27, 2019-10-19 06:21:05
6991, N1nd7ZK6toRupvcuuLqk, 2019-10-05 11:17:27, 2019-10-19 06:21:05
6992, 3fUjxJdsIzvIhhjDZCb0, 2019-10-05 11:17:27, 2019-10-19 06:21:05
6993, FsDDxLNuLjKBzDQQmN8G, 2019-10-05 11:17:27, 2019-10-19 06:21:05
6994, LVaDFmwZSqeP31bKNQXT, 2019-10-05 11:17:27, 2019-10-19 06:21:05
6995, FPZP1tvWbU5kA0qiu5bA, 2019-10-05 11:17:27, 2019-10-19 06:21:05
6996, zOWkNrxRMFKwUtjC9uFF, 2019-10-05 11:17:27, 2019-10-19 06:21:05
6997, Yl4HDIlj5DPVKOTDn9xy, 2019-10-05 11:17:27, 2019-10-19 06:21:05
6998, SUremKnfOljyh5svtpI0, 2019-10-05 11:17:27, 2019-10-19 06:21:05
6999, pUHmYh8rfj5qw6QQWTEH, 2019-10-05 11:17:27, 2019-10-19 06:21:05
7000, 8fNuKo9BTW4bRKNyH9Nz, 2019-10-05 11:17:27, 2019-10-19 06:21:05
7001, 4BFMqQfy723jApZfR9sx, 2019-10-05 11:17:27, 2019-10-19 06:21:05
7002, BibErVpGZjMqIQvu6QEc, 2019-10-05 11:17:27, 2019-10-19 06:21:05
7003, E5EtNvvVh6gHCrOjMSJw, 2019-10-05 11:17:27, 2019-10-19 06:21:05
7004, Z4KWZV6QuqTbYUTNdRUy, 2019-10-05 11:17:27, 2019-10-19 06:21:05
7005, U6ZMjoYUyuLF447Udg38, 2019-10-05 11:17:27, 2019-10-19 06:21:05
7006, 3hfNMxSBu13Fr4PP8eYN, 2019-10-05 11:17:27, 2019-10-19 06:21:05
7007, WPD0r7QLuhqgTMCXN0ND, 2019-10-05 11:17:27, 2019-10-19 06:21:05
7008, ubmC4PdZ7T38nibw9TS2, 2019-10-05 11:17:27, 2019-10-19 06:21:05
7009, QrCjEiIBTbIIVHXG3JyN, 2019-10-05 11:17:27, 2019-10-19 06:21:05
7010, XNqv5mzMsgLNWRYUSYOA, 2019-10-05 11:17:27, 2019-10-19 06:21:05
7011, xXzfGYVAf5u3YDDJ8PPr, 2019-10-05 11:17:27, 2019-10-19 06:21:05
7012, V5SFoo03x9AIKbFCsyNf, 2019-10-05 11:17:27, 2019-10-19 06:21:05
7013, VoWzJuRn5HvoGZK9ZP4l, 2019-10-05 11:17:27, 2019-10-19 06:21:05
7014, LpiClsTjsMuxAkPiHK31, 2019-10-05 11:17:27, 2019-10-19 06:21:05
7015, t0V8Uw3oHkhA1To0C7iD, 2019-10-05 11:17:27, 2019-10-19 06:21:05
7016, T4DIn4JGqUpir3zaPvpF, 2019-10-05 11:17:27, 2019-10-19 06:21:05
7017, 4LUEhovzUateYS5hpdA7, 2019-10-05 11:17:27, 2019-10-19 06:21:05
7018, Z0VYvJJNHVkUE4kmzzC5, 2019-10-05 11:17:27, 2019-10-19 06:21:05
7019, 2hysbgCZE2XFiIDSsunD, 2019-10-05 11:17:27, 2019-10-19 06:21:05
7020, eGOa4AgfQxgwEH0b7hXj, 2019-10-05 11:17:27, 2019-10-19 06:21:05
7021, FbcrS3j5dNma4hF9d48f, 2019-10-05 11:17:27, 2019-10-19 06:21:05
7022, TIaPriXLr0i5Mw6t8Z4Y, 2019-10-05 11:17:27, 2019-10-19 06:21:05
7023, e9of8NzuOXGCkRvcOMf2, 2019-10-05 11:17:27, 2019-10-19 06:21:05
7024, hUi0AW7ZrC5p21wMP3Wj, 2019-10-05 11:17:27, 2019-10-19 06:21:05
7025, sufGqWqZK3uHS9l4jBU3, 2019-10-05 11:17:27, 2019-10-19 06:21:05
7026, XOTJzZM98KaZ2gU6rhH7, 2019-10-05 11:17:27, 2019-10-19 06:21:05
7027, UEpaVfwZfRbpOw8BePrL, 2019-10-05 11:17:27, 2019-10-19 06:21:05
7028, xUEWZZM3ZaPgTxwSMlKv, 2019-10-05 11:17:27, 2019-10-19 06:21:05
7029, g1dDyNFTMfxsWwSdSQIB, 2019-10-05 11:17:27, 2019-10-19 06:21:05
7030, 0YnlznvTMhGRArW4Qnog, 2019-10-05 11:17:27, 2019-10-19 06:21:05
7031, e8I6f4Jwhy44zaTItwYH, 2019-10-05 11:17:27, 2019-10-19 06:21:05
7032, xkX1cxksRpxfpxb1NzX2, 2019-10-05 11:17:27, 2019-10-19 06:21:05
7033, l2xJhYcro7uwAV15EyNN, 2019-10-05 11:17:27, 2019-10-19 06:21:05
7034, GP9cVyIwNDSdMKZf2Ao5, 2019-10-05 11:17:27, 2019-10-19 06:21:05
7035, KxI8f6x5iClKDs2vznHN, 2019-10-05 11:17:27, 2019-10-19 06:21:05
7036, w8PGP4epXukyrgK7bW23, 2019-10-05 11:17:27, 2019-10-19 06:21:05
7037, MDn39mTJW4XfgqIY9NWF, 2019-10-05 11:17:27, 2019-10-19 06:21:05
7038, bgtoRV23YxmC7Zs2LG9g, 2019-10-05 11:17:27, 2019-10-19 06:21:05
7039, 0yowMP5iFI9srcmu15tD, 2019-10-05 11:17:27, 2019-10-19 06:21:05
7040, i4ZfsHqnzbf3KXpnFeHn, 2019-10-05 11:17:27, 2019-10-19 06:21:06
7041, ldnX6JkK5acexpN5dDIm, 2019-10-05 11:17:27, 2019-10-19 06:21:06
7042, jocy6bBCkPDSEaNGDqrZ, 2019-10-05 11:17:27, 2019-10-19 06:21:06
7043, 56DqDGXxXLgajDend6xe, 2019-10-05 11:17:27, 2019-10-19 06:21:06
7044, AfgcRGyWnq2bbFe3jIto, 2019-10-05 11:17:27, 2019-10-19 06:21:06
7045, 76qPhzEfyViaYgIQdQ50, 2019-10-05 11:17:27, 2019-10-19 06:21:06
7046, CBkkjVzVsjrDtWq2yEBf, 2019-10-05 11:17:27, 2019-10-19 06:21:06
7047, xEFVIscfKlEr9hEpsl2c, 2019-10-05 11:17:27, 2019-10-19 06:21:06
7048, BjSCdGLSAQVis4zAXTcA, 2019-10-05 11:17:27, 2019-10-19 06:21:06
7049, Qwhf6oYKphe1olLbGX8u, 2019-10-05 11:17:27, 2019-10-19 06:21:06
7050, R7nTDejSx1q5VNTfviD4, 2019-10-05 11:17:27, 2019-10-19 06:21:06
7051, NeWoMkVUy4oHKLTf26mr, 2019-10-05 11:17:27, 2019-10-19 06:21:06
7052, n7uzb6MOE9ruCzDgCO8R, 2019-10-05 11:17:27, 2019-10-19 06:21:06
7053, 70bya0elrMyT5ygqLFPn, 2019-10-05 11:17:27, 2019-10-19 06:21:06
7054, 55ei7DNrkVjYrgZBwedw, 2019-10-05 11:17:27, 2019-10-19 06:21:06
7055, Inv3KeXCZCWFNPPjhkth, 2019-10-05 11:17:27, 2019-10-19 06:21:06
7056, jXZ9GdYc1AJFPnneGBLb, 2019-10-05 11:17:27, 2019-10-19 06:21:06
7057, mbhLmHXlNlr22IDkg8WJ, 2019-10-05 11:17:27, 2019-10-19 06:21:06
7058, IW4HqNcC99a7wTfC8jUL, 2019-10-05 11:17:27, 2019-10-19 06:21:06
7059, yLJLbeMoesPIe167chTa, 2019-10-05 11:17:27, 2019-10-19 06:21:06
7060, h3V9M7JhDfMJKba2jZhg, 2019-10-05 11:17:27, 2019-10-19 06:21:06
7061, G9wxFdeYNcV4iiqYzavl, 2019-10-05 11:17:27, 2019-10-19 06:21:06
7062, fJ6eek4R2ECZLCmuxzEK, 2019-10-05 11:17:27, 2019-10-19 06:21:06
7063, drERie7A2IxcjD0pe7vh, 2019-10-05 11:17:27, 2019-10-19 06:21:06
7064, gQF1ukTc9Ut3WBKFHOTm, 2019-10-05 11:17:27, 2019-10-19 06:21:06
7065, E9JvcodELeqEByU2H3W4, 2019-10-05 11:17:27, 2019-10-19 06:21:06
7066, RWJNwgHLsGY7ArIKUx6F, 2019-10-05 11:17:27, 2019-10-19 06:21:06
7067, CSr906eB3o2vGPXwXWDC, 2019-10-05 11:17:27, 2019-10-19 06:21:06
7068, q7wYKaSQQ4jdCnbz1HHd, 2019-10-05 11:17:27, 2019-10-19 06:21:06
7069, JUjpcExfJYpgYLuEHluu, 2019-10-05 11:17:27, 2019-10-19 06:21:06
7070, Vy0tOlpGvaR5GmhTjfF2, 2019-10-05 11:17:27, 2019-10-19 06:21:06
7071, 711drOZjt58452feMaHW, 2019-10-05 11:17:27, 2019-10-19 06:21:06
7072, a3GJ2Mddfr0CVxiji9R9, 2019-10-05 11:17:27, 2019-10-19 06:21:06
7073, VK1IHDxBUGzNZY2xUHpb, 2019-10-05 11:17:27, 2019-10-19 06:21:06
7074, iiigwPcAJRgJse8s5h0v, 2019-10-05 11:17:27, 2019-10-19 06:21:06
7075, pXpJIesIckqEX97mIerF, 2019-10-05 11:17:27, 2019-10-19 06:21:06
7076, e2cepFmFBkA5n5inTLWR, 2019-10-05 11:17:27, 2019-10-19 06:21:06
7077, 7R1KrESBG4U4S7nFGrl3, 2019-10-05 11:17:27, 2019-10-19 06:21:06
7078, 8HdFdskbzaXpT4A4d5M5, 2019-10-05 11:17:27, 2019-10-19 06:21:06
7079, SyiLcYihWuUDuR9Cuwxf, 2019-10-05 11:17:27, 2019-10-19 06:21:06
7080, FD8TxWfgmoSea0oVn7H8, 2019-10-05 11:17:27, 2019-10-19 06:21:06
7081, iHivsxcQLSS2xtwZBbc4, 2019-10-05 11:17:27, 2019-10-19 06:21:06
7082, tV4qXSM5osexS7SfQ3a1, 2019-10-05 11:17:27, 2019-10-19 06:21:06
7083, WX71T8rnyCywIur6CfMv, 2019-10-05 11:17:27, 2019-10-19 06:21:06
7084, VXAvovfVAu92vUPTHEaM, 2019-10-05 11:17:27, 2019-10-19 06:21:06
7085, c7Obs3YmOyCBQYtztvPM, 2019-10-05 11:17:27, 2019-10-19 06:21:06
7086, 4Tk8FjMqhfix8J79bc25, 2019-10-05 11:17:27, 2019-10-19 06:21:06
7087, wmzYlWeCLMWHGE5fUr90, 2019-10-05 11:17:27, 2019-10-19 06:21:06
7088, TrEfkogDabNooKNARRZN, 2019-10-05 11:17:27, 2019-10-19 06:21:06
7089, HeZB0sEPyqTAKKwvmv9n, 2019-10-05 11:17:27, 2019-10-19 06:21:06
7090, 6rvkGtMCEcpGki0131mH, 2019-10-05 11:17:27, 2019-10-19 06:21:06
7091, yna4tTrfZky5x1zzUYM8, 2019-10-05 11:17:27, 2019-10-19 06:21:06
7092, JBoTLW7xeeisTw65Yu7W, 2019-10-05 11:17:27, 2019-10-19 06:21:06
7093, qKsKPBrnvgxody5diJnX, 2019-10-05 11:17:27, 2019-10-19 06:21:06
7094, 6AVokep9P0yFLoJHJQTz, 2019-10-05 11:17:27, 2019-10-19 06:21:06
7095, jDJFw5O5dSFBqYeGFQ2c, 2019-10-05 11:17:27, 2019-10-19 06:21:06
7096, D2bOyOxyBpjilV7qgpc4, 2019-10-05 11:17:27, 2019-10-19 06:21:06
7097, 1NcOqu1m4FeoSYVgDG9i, 2019-10-05 11:17:27, 2019-10-19 06:21:06
7098, bTcO0mppBQ2iO27ybVKD, 2019-10-05 11:17:27, 2019-10-19 06:21:06
7099, CITcGabGgi19ANXeFF2f, 2019-10-05 11:17:27, 2019-10-19 06:21:06
7100, PVMyis7IrKboJztzPU39, 2019-10-05 11:17:27, 2019-10-19 06:21:06
7101, EsrpVmmJkfgXT0Ass8Yl, 2019-10-05 11:17:27, 2019-10-19 06:21:06
7102, 2SBj33Kn9ZhukY1QXFsB, 2019-10-05 11:17:27, 2019-10-19 06:21:06
7103, U3kV02o2Tc7V9hUvsZN2, 2019-10-05 11:17:27, 2019-10-19 06:21:06
7104, cqg0rMMWrTNLuRi27gKs, 2019-10-05 11:17:27, 2019-10-19 06:21:06
7105, uxv7Y6Rku6TZNa2qIdrS, 2019-10-05 11:17:27, 2019-10-19 06:21:06
7106, f0XmBdYLDjoHUwTRPU7U, 2019-10-05 11:17:27, 2019-10-19 06:21:06
7107, gynEwZt4GBL6e4nK6c1B, 2019-10-05 11:17:27, 2019-10-19 06:21:06
7108, crB9f3bj2C5I4hlCdsGx, 2019-10-05 11:17:27, 2019-10-19 06:21:06
7109, Rw3e0DSD9gddvIHibpOr, 2019-10-05 11:17:27, 2019-10-19 06:21:06
7110, ljtiCvoRxeUqt3wIE0F3, 2019-10-05 11:17:27, 2019-10-19 06:21:06
7111, Br9uWC2VbPXxipzdbXhv, 2019-10-05 11:17:27, 2019-10-19 06:21:06
7112, gWnSRHwqkUexaIzf8yiY, 2019-10-05 11:17:27, 2019-10-19 06:21:06
7113, SQqK1AQglJ5phE3jaGE2, 2019-10-05 11:17:27, 2019-10-19 06:21:06
7114, eGu5DT4UXdu1TmH7Fo02, 2019-10-05 11:17:27, 2019-10-19 06:21:06
7115, EwKAicalWiY4fX3T7xBx, 2019-10-05 11:17:27, 2019-10-19 06:21:06
7116, pOfP2FgHN4pT8vdy86E5, 2019-10-05 11:17:27, 2019-10-19 06:21:06
7117, EAXBHnNnRP9AnV0KZMIj, 2019-10-05 11:17:27, 2019-10-19 06:21:06
7118, IQbW790iVZ2BFqwXRTe4, 2019-10-05 11:17:27, 2019-10-19 06:21:06
7119, AGlf2sA61zKCVH96RpWc, 2019-10-05 11:17:27, 2019-10-19 06:21:06
7120, BB55kj9lyt8WBkrcPquu, 2019-10-05 11:17:27, 2019-10-19 06:21:06
7121, qJSmJwfpvxOiWKqRhZl3, 2019-10-05 11:17:27, 2019-10-19 06:21:06
7122, jBVavwcuasg52I0mov8y, 2019-10-05 11:17:27, 2019-10-19 06:21:06
7123, K0CJmAhEEgZbuisZZmSe, 2019-10-05 11:17:27, 2019-10-19 06:21:06
7124, Mt2jarkxjNwClSJ3XiR0, 2019-10-05 11:17:27, 2019-10-19 06:21:06
7125, eJadJi6wa7AzhibMtpVF, 2019-10-05 11:17:27, 2019-10-19 06:21:06
7126, r3G8x95CRg1wdp1rgjxb, 2019-10-05 11:17:27, 2019-10-19 06:21:06
7127, iXtbnZRrVsRPDIT6Pp0R, 2019-10-05 11:17:27, 2019-10-19 06:21:06
7128, BojP7ycITU2dnPApJRsi, 2019-10-05 11:17:27, 2019-10-19 06:21:06
7129, 05MkXLlb1Cl7ZavTZMom, 2019-10-05 11:17:27, 2019-10-19 06:21:06
7130, fJDmdyXQ02KiiKnijrvY, 2019-10-05 11:17:27, 2019-10-19 06:21:06
7131, 6gmRMpzlesECSIJZMr4C, 2019-10-05 11:17:27, 2019-10-19 06:21:06
7132, 1lkR8rReJUrNZohlubS0, 2019-10-05 11:17:27, 2019-10-19 06:21:06
7133, qWEIJillyS40TNSiueON, 2019-10-05 11:17:27, 2019-10-19 06:21:06
7134, d7FyCfU6ps5bjKgoEEz5, 2019-10-05 11:17:27, 2019-10-19 06:21:06
7135, 2qvVY60j8kOZHGhGiqn8, 2019-10-05 11:17:27, 2019-10-19 06:21:06
7136, Ztz0rPFD6WxtkQqcKP3n, 2019-10-05 11:17:27, 2019-10-19 06:21:06
7137, FuPsVTI4R5Fa3mwuK8Y5, 2019-10-05 11:17:27, 2019-10-19 06:21:06
7138, WC6m6miQGOAQobKuCyEO, 2019-10-05 11:17:27, 2019-10-19 06:21:06
7139, 2atCriEWPx7ecCNhLodd, 2019-10-05 11:17:27, 2019-10-19 06:21:06
7140, b76GDXUlfj09utFPifmJ, 2019-10-05 11:17:27, 2019-10-19 06:21:06
7141, x818BhXHI5nWbKEEa5Va, 2019-10-05 11:17:27, 2019-10-19 06:21:06
7142, 5dUS9MfLQkWKe7QQrXHA, 2019-10-05 11:17:27, 2019-10-19 06:21:06
7143, DRKj0kTcHxP6MTjhWiNB, 2019-10-05 11:17:27, 2019-10-19 06:21:06
7144, 0DlXArvthy4fz1xRdnRv, 2019-10-05 11:17:27, 2019-10-19 06:21:06
7145, B0sOaP1GpduvPrkldzmU, 2019-10-05 11:17:27, 2019-10-19 06:21:06
7146, 3nPPYe3iC8BzNlSsoLLn, 2019-10-05 11:17:27, 2019-10-19 06:21:06
7147, CYiET3eppvDpLo2qWnwE, 2019-10-05 11:17:27, 2019-10-19 06:21:06
7148, 04bTOCzvaS4n1tpILtdS, 2019-10-05 11:17:27, 2019-10-19 06:21:06
7149, 66XnffoPMfb6Kdbne5bm, 2019-10-05 11:17:27, 2019-10-19 06:21:06
7150, zMR0FvG96XUYIK6HD5tO, 2019-10-05 11:17:27, 2019-10-19 06:21:06
7151, owYT16OG1PsoGR9i6sAE, 2019-10-05 11:17:27, 2019-10-19 06:21:06
7152, YzwRjTfArzofOCKofkMi, 2019-10-05 11:17:27, 2019-10-19 06:21:06
7153, Rss8sP4yGe9Eej3G1lXH, 2019-10-05 11:17:27, 2019-10-19 06:21:06
7154, 2ifLp5pCykFPiqoqg2X4, 2019-10-05 11:17:27, 2019-10-19 06:21:06
7155, orCrE0O3GtXpH8c6ngtP, 2019-10-05 11:17:27, 2019-10-19 06:21:06
7156, XyVe9yKpH5iOT5a8bE4m, 2019-10-05 11:17:27, 2019-10-19 06:21:06
7157, m80PW6cJZvjG1yKkJlOV, 2019-10-05 11:17:27, 2019-10-19 06:21:06
7158, Yc8KhPBWIapL28DlhfSm, 2019-10-05 11:17:27, 2019-10-19 06:21:06
7159, I6HeAaSN58lTUM61dY7D, 2019-10-05 11:17:27, 2019-10-19 06:21:06
7160, 5PDkoMTby4jrun3w3y8B, 2019-10-05 11:17:27, 2019-10-19 06:21:06
7161, Dsolk9drijVdgxoDp9Un, 2019-10-05 11:17:27, 2019-10-19 06:21:06
7162, jh8RZXgBKz5hLLHOjKYb, 2019-10-05 11:17:27, 2019-10-19 06:21:06
7163, 9JxvEow1S6p5OGv23S1B, 2019-10-05 11:17:27, 2019-10-19 06:21:06
7164, jal44pv8zK2URm9DWQpW, 2019-10-05 11:17:27, 2019-10-19 06:21:06
7165, 5vWOHLSneko1fx119zDx, 2019-10-05 11:17:27, 2019-10-19 06:21:06
7166, fXty5U33ARrCE3QMxgLO, 2019-10-05 11:17:27, 2019-10-19 06:21:06
7167, AnuPd43nRB3SweoC3WhV, 2019-10-05 11:17:27, 2019-10-19 06:21:06
7168, lgfkYOEwRNE44CEiYQiE, 2019-10-05 11:17:27, 2019-10-19 06:21:06
7169, 8M07ftOnd3VY1NmL5nLG, 2019-10-05 11:17:27, 2019-10-19 06:21:06
7170, exzJGbUmzsV2L29t79UP, 2019-10-05 11:17:27, 2019-10-19 06:21:06
7171, wwVZyQ3BMXIz7em688ze, 2019-10-05 11:17:27, 2019-10-19 06:21:06
7172, LAKPPPVgsdVLzMHM3flk, 2019-10-05 11:17:27, 2019-10-19 06:21:06
7173, IwLp1mdHbKsZhTP41vjk, 2019-10-05 11:17:27, 2019-10-19 06:21:06
7174, SvpkyQvDdyj2tV6objrj, 2019-10-05 11:17:27, 2019-10-19 06:21:06
7175, U5wIHjyNcuAewb6z3CH6, 2019-10-05 11:17:27, 2019-10-19 06:21:06
7176, v9z3oZkZ3jj3nm11wo1I, 2019-10-05 11:17:27, 2019-10-19 06:21:06
7177, 9qrpR3eq2lEhUvN0cSPV, 2019-10-05 11:17:27, 2019-10-19 06:21:06
7178, KsMjBz1i61OxF1p6REOn, 2019-10-05 11:17:27, 2019-10-19 06:21:06
7179, rqgRrdvCjsUFkl2HW5Ax, 2019-10-05 11:17:27, 2019-10-19 06:21:06
7180, 67hHoVaZJLOyKp5lVAqD, 2019-10-05 11:17:27, 2019-10-19 06:21:06
7181, 2NESc9sNXC8xdFD9qIHP, 2019-10-05 11:17:27, 2019-10-19 06:21:06
7182, lDL9y6j0Fe4a5OeRvJe9, 2019-10-05 11:17:27, 2019-10-19 06:21:06
7183, 4MPf2TDuYaaRYWKu6kMw, 2019-10-05 11:17:27, 2019-10-19 06:21:06
7184, AynkASv6OqBam3qMtzen, 2019-10-05 11:17:27, 2019-10-19 06:21:06
7185, 5NBJaMDaTayLk9To2t86, 2019-10-05 11:17:27, 2019-10-19 06:21:06
7186, rwRjFjiE0aDqQZ7ImPkZ, 2019-10-05 11:17:27, 2019-10-19 06:21:06
7187, BzpythKJXOxsZ5wiqUvs, 2019-10-05 11:17:27, 2019-10-19 06:21:06
7188, 955cCIpkLf9NHcSBhgwc, 2019-10-05 11:17:27, 2019-10-19 06:21:06
7189, 7kHf8Myq4OFwOLdUDZ3z, 2019-10-05 11:17:27, 2019-10-19 06:21:06
7190, WpmY3OmNyshF41gX9CyK, 2019-10-05 11:17:27, 2019-10-19 06:21:06
7191, uyhOx3BTUG1KGd7xZvvG, 2019-10-05 11:17:27, 2019-10-19 06:21:06
7192, M6KlEiDj3tSOH9AoCx7m, 2019-10-05 11:17:27, 2019-10-19 06:21:06
7193, jfHCn0wqPR2q9XHICLyE, 2019-10-05 11:17:27, 2019-10-19 06:21:06
7194, u5WKQCkqHy66acpZoc0v, 2019-10-05 11:17:27, 2019-10-19 06:21:06
7195, Tk0OgfUwtBSQgNVrt4nn, 2019-10-05 11:17:27, 2019-10-19 06:21:06
7196, azd1nmCBhZshR8OX5bw6, 2019-10-05 11:17:27, 2019-10-19 06:21:06
7197, 6KqAzDCjTZuFbAeyU5S3, 2019-10-05 11:17:27, 2019-10-19 06:21:06
7198, pvL6gtvfXwqT6Udr5D91, 2019-10-05 11:17:27, 2019-10-19 06:21:06
7199, fkxA0NG0vLeRBCQcUdBo, 2019-10-05 11:17:27, 2019-10-19 06:21:06
7200, QI3OIUaTA2rKXPzVaZ4H, 2019-10-05 11:17:27, 2019-10-19 06:21:06
7201, 5Zxjm5XOyHcrBcnO5O3e, 2019-10-05 11:17:27, 2019-10-19 06:21:06
7202, 775m6kWS1C590JFPj9b4, 2019-10-05 11:17:27, 2019-10-19 06:21:06
7203, ov9c2XaDj6VFKNPoZGnK, 2019-10-05 11:17:27, 2019-10-19 06:21:06
7204, 1cF0JUmUvhDHsoeh1YLl, 2019-10-05 11:17:27, 2019-10-19 06:21:06
7205, tKG3jHPdZF9Z1gj0Gwsz, 2019-10-05 11:17:27, 2019-10-19 06:21:06
7206, zaIwsC5H2fmRuhu9G8gT, 2019-10-05 11:17:27, 2019-10-19 06:21:06
7207, l9kYYNEx1ORIvHVjVJWT, 2019-10-05 11:17:27, 2019-10-19 06:21:06
7208, nni9e3zpDRLOKUFn8c40, 2019-10-05 11:17:27, 2019-10-19 06:21:06
7209, F8FYKL7KznDSK2ptPHwN, 2019-10-05 11:17:27, 2019-10-19 06:21:06
7210, yFbQaPjtYEz0nfmtmmOk, 2019-10-05 11:17:27, 2019-10-19 06:21:06
7211, OHdI3LcVENkcIPEZ4apH, 2019-10-05 11:17:27, 2019-10-19 06:21:06
7212, FVmTiAJEAeF1uavSomd0, 2019-10-05 11:17:27, 2019-10-19 06:21:06
7213, 6U4m6yKEDrW9EFQHWhAX, 2019-10-05 11:17:27, 2019-10-19 06:21:06
7214, m6VTmC2Qgc4xIrNe6hOo, 2019-10-05 11:17:27, 2019-10-19 06:21:06
7215, Cgh4XOMxmfuwELmRu0S3, 2019-10-05 11:17:27, 2019-10-19 06:21:07
7216, 67IVvFRlCBvVivMRsuSa, 2019-10-05 11:17:27, 2019-10-19 06:21:07
7217, IzXZzAi1LTnFRqpAADvI, 2019-10-05 11:17:27, 2019-10-19 06:21:07
7218, yegEPtqzwxixKMzlJdd5, 2019-10-05 11:17:27, 2019-10-19 06:21:07
7219, iT8sbB2wDy0nTuccf5Jk, 2019-10-05 11:17:27, 2019-10-19 06:21:07
7220, cWvIsYETgDEMvY7gGD8Z, 2019-10-05 11:17:27, 2019-10-19 06:21:07
7221, EXytckzEPDmgOTcoXUu3, 2019-10-05 11:17:27, 2019-10-19 06:21:07
7222, vAYtfs41EsspLKin8OPZ, 2019-10-05 11:17:27, 2019-10-19 06:21:07
7223, acE46kgAdHsWwfZjHHat, 2019-10-05 11:17:27, 2019-10-19 06:21:07
7224, 3eJUsoXQOLwYXarjHOtJ, 2019-10-05 11:17:27, 2019-10-19 06:21:07
7225, uVXe5dsUoz1hXQTDjQtv, 2019-10-05 11:17:27, 2019-10-19 06:21:07
7226, pca03NU5LEapJSxXSXhc, 2019-10-05 11:17:27, 2019-10-19 06:21:07
7227, 64wyvwDgeKZH0K7Agk7u, 2019-10-05 11:17:27, 2019-10-19 06:21:07
7228, sqIkeRXB1wk6JzZXaPZx, 2019-10-05 11:17:27, 2019-10-19 06:21:07
7229, JWsUQcIIHP5EmgQdxZsD, 2019-10-05 11:17:27, 2019-10-19 06:21:07
7230, tEQt4qIdaQNMJbWl5Qqh, 2019-10-05 11:17:27, 2019-10-19 06:21:07
7231, 4Woaaq6igQvNM9ZChlRr, 2019-10-05 11:17:27, 2019-10-19 06:21:07
7232, 9BT9XNEmgKJCHzn8zRxS, 2019-10-05 11:17:27, 2019-10-19 06:21:07
7233, 6rlCYEqMsEP197XHBCBs, 2019-10-05 11:17:27, 2019-10-19 06:21:07
7234, 0Rup4p3vIU1Ea7HlkK4I, 2019-10-05 11:17:27, 2019-10-19 06:21:07
7235, uWgF2Pgdh2MSlhNZFqiZ, 2019-10-05 11:17:27, 2019-10-19 06:21:07
7236, xjPiYL1vNsF0iwHJxgzy, 2019-10-05 11:17:27, 2019-10-19 06:21:07
7237, BybZtDA9KKGUc9VwxxOi, 2019-10-05 11:17:27, 2019-10-19 06:21:07
7238, UQHCliY72O3iW1fkzIxz, 2019-10-05 11:17:27, 2019-10-19 06:21:07
7239, 0cDqviVqwefNoNfAyoAY, 2019-10-05 11:17:27, 2019-10-19 06:21:07
7240, sdTOytA4Tn3Y5aloPyEl, 2019-10-05 11:17:27, 2019-10-19 06:21:07
7241, QICv29CLZybMzUSiEipt, 2019-10-05 11:17:27, 2019-10-19 06:21:07
7242, xQu7VmfirsZggSuDGYR8, 2019-10-05 11:17:27, 2019-10-19 06:21:07
7243, O1dqEpz6X9EsSTYdRqO6, 2019-10-05 11:17:27, 2019-10-19 06:21:07
7244, F0PbaCa3R5FqGqfxxJDI, 2019-10-05 11:17:27, 2019-10-19 06:21:07
7245, FuGIyD69r4mS888XXGXc, 2019-10-05 11:17:27, 2019-10-19 06:21:07
7246, a16KQimyqIqDrBXMMsrD, 2019-10-05 11:17:27, 2019-10-19 06:21:07
7247, IOzk30e7OA3df4gf8rf4, 2019-10-05 11:17:27, 2019-10-19 06:21:07
7248, IBmJk3Nm6epK33jOU71p, 2019-10-05 11:17:27, 2019-10-19 06:21:07
7249, LndGhw6YEA47WWyrjROl, 2019-10-05 11:17:27, 2019-10-19 06:21:07
7250, aSqAaPlaVGmzG39Fz6pI, 2019-10-05 11:17:27, 2019-10-19 06:21:07
7251, WouK97PLEuEaUxYGnfs6, 2019-10-05 11:17:27, 2019-10-19 06:21:07
7252, atjvxxkzTLAQSmbCYGPa, 2019-10-05 11:17:27, 2019-10-19 06:21:07
7253, Nf03Wiwtk509sbCjMkEd, 2019-10-05 11:17:27, 2019-10-19 06:21:07
7254, 2KiXqTzH5MMzQ6faIJjJ, 2019-10-05 11:17:27, 2019-10-19 06:21:07
7255, rp0Z21I1vDRiWnGQpHwZ, 2019-10-05 11:17:27, 2019-10-19 06:21:07
7256, PuRL1g5lgzq1IrQNWqxj, 2019-10-05 11:17:27, 2019-10-19 06:21:07
7257, NFxu3SzcPipkAe6tq4iJ, 2019-10-05 11:17:27, 2019-10-19 06:21:07
7258, 1ceODPLqMcx3nGMQGole, 2019-10-05 11:17:27, 2019-10-19 06:21:07
7259, AeSbok2e9FdyzQelDWrK, 2019-10-05 11:17:27, 2019-10-19 06:21:07
7260, LQukjRc2RwMbC4FIKiLs, 2019-10-05 11:17:27, 2019-10-19 06:21:07
7261, pQyyw5EeoWLQLOnRZDcQ, 2019-10-05 11:17:27, 2019-10-19 06:21:07
7262, ESdzzQJxi7Oap4mwWgvx, 2019-10-05 11:17:27, 2019-10-19 06:21:07
7263, GWhlsvwsRpiumfDD4CuW, 2019-10-05 11:17:27, 2019-10-19 06:21:07
7264, CaIOjSNCJawTllR4eM5H, 2019-10-05 11:17:27, 2019-10-19 06:21:07
7265, SXi7cufbZztWiBzMQgIL, 2019-10-05 11:17:27, 2019-10-19 06:21:07
7266, 5kXhpbCjhK6u0zw2c3X7, 2019-10-05 11:17:27, 2019-10-19 06:21:07
7267, LYJSvYfWyxYXthRpClG3, 2019-10-05 11:17:27, 2019-10-19 06:21:07
7268, T2DpekZSyvUuln2X1XcS, 2019-10-05 11:17:27, 2019-10-19 06:21:07
7269, IY1IAqWCPe6N9KOs1Elb, 2019-10-05 11:17:27, 2019-10-19 06:21:07
7270, JoteGCTYGCCR9Ub6trwX, 2019-10-05 11:17:27, 2019-10-19 06:21:07
7271, co7NtfqKMUwIGlXJFWOp, 2019-10-05 11:17:27, 2019-10-19 06:21:07
7272, piJrIikblewyIBS5yc8X, 2019-10-05 11:17:27, 2019-10-19 06:21:07
7273, W5412d6upeKoHbOe2zeY, 2019-10-05 11:17:27, 2019-10-19 06:21:07
7274, OUCDL9596An7P9hyNrA2, 2019-10-05 11:17:27, 2019-10-19 06:21:07
7275, Sze9W3n0JbPE6KFmZOM9, 2019-10-05 11:17:27, 2019-10-19 06:21:07
7276, UMm2nK5gJ3CoYkbQb2E8, 2019-10-05 11:17:27, 2019-10-19 06:21:07
7277, D8hdBveuWIzc0XhUzUvq, 2019-10-05 11:17:27, 2019-10-19 06:21:07
7278, tsq13xbN3dPsTX7q92Zh, 2019-10-05 11:17:27, 2019-10-19 06:21:07
7279, koUKkwztgSZ1fx2f7Xg1, 2019-10-05 11:17:27, 2019-10-19 06:21:07
7280, RGGpYCz7xfTP5rm9NO3Y, 2019-10-05 11:17:27, 2019-10-19 06:21:07
7281, 6UulUguZCd5BD7NwQsHV, 2019-10-05 11:17:27, 2019-10-19 06:21:07
7282, kt2LPzuOAPe7rsPAscsA, 2019-10-05 11:17:27, 2019-10-19 06:21:07
7283, HDv9ZQhE21d6fnVer67r, 2019-10-05 11:17:27, 2019-10-19 06:21:07
7284, Yotg9s4LYFLZPbNRnWpI, 2019-10-05 11:17:27, 2019-10-19 06:21:07
7285, sD00emdUkwLcq62uKHkO, 2019-10-05 11:17:27, 2019-10-19 06:21:07
7286, OKRzDAwQHMnnmNnVi56r, 2019-10-05 11:17:27, 2019-10-19 06:21:07
7287, lLG0Na8aJtP2iehy4N2f, 2019-10-05 11:17:27, 2019-10-19 06:21:07
7288, Tty4FD4Wkwg4liebF7JE, 2019-10-05 11:17:27, 2019-10-19 06:21:07
7289, p9Vw9csxf1m4qTSCUbYz, 2019-10-05 11:17:27, 2019-10-19 06:21:07
7290, HGWFwo24xNkdnqVf2aOj, 2019-10-05 11:17:27, 2019-10-19 06:21:07
7291, rJYR7r6Xufy5SMtZwkvB, 2019-10-05 11:17:27, 2019-10-19 06:21:07
7292, IkA48fEwALeOoKx6cUkk, 2019-10-05 11:17:27, 2019-10-19 06:21:07
7293, F12TgaxuELU0iZ7PKyEx, 2019-10-05 11:17:27, 2019-10-19 06:21:07
7294, SDmd9nOzycry13pJEAQA, 2019-10-05 11:17:27, 2019-10-19 06:21:07
7295, i77Vq7jLAWPwiNXxHou4, 2019-10-05 11:17:27, 2019-10-19 06:21:07
7296, PSjXhEW3gSFNg70vrlpe, 2019-10-05 11:17:27, 2019-10-19 06:21:07
7297, YlucjO98kK2xTHDjED4L, 2019-10-05 11:17:27, 2019-10-19 06:21:07
7298, dlgDmf7JcFWjGK6n2c0d, 2019-10-05 11:17:27, 2019-10-19 06:21:07
7299, WzsixKXJaS1A5cATj0Wt, 2019-10-05 11:17:27, 2019-10-19 06:21:07
7300, t2aFQswSWFZ776XofZt7, 2019-10-05 11:17:27, 2019-10-19 06:21:07
7301, naDpDoCT6UGOIownvv2a, 2019-10-05 11:17:27, 2019-10-19 06:21:07
7302, Jwh2R8Z5sqMbWIbPozK1, 2019-10-05 11:17:27, 2019-10-19 06:21:07
7303, atBgUnRKViRuHfkMAs81, 2019-10-05 11:17:27, 2019-10-19 06:21:07
7304, GgY9U2PDgEgM7Im20O0p, 2019-10-05 11:17:27, 2019-10-19 06:21:07
7305, 5kbzylfHsrBT7prDsv6M, 2019-10-05 11:17:27, 2019-10-19 06:21:07
7306, SBbIu3Zpovw1uxnjkfXJ, 2019-10-05 11:17:27, 2019-10-19 06:21:07
7307, xkL627COS5uL5S864bKk, 2019-10-05 11:17:27, 2019-10-19 06:21:07
7308, bL9HjEzpVMRh40NNqoYY, 2019-10-05 11:17:27, 2019-10-19 06:21:07
7309, eON0cQG1mPLQJD07U7mB, 2019-10-05 11:17:27, 2019-10-19 06:21:07
7310, BnXX6dA6mk09fR5cBExl, 2019-10-05 11:17:27, 2019-10-19 06:21:07
7311, okfbfU8ENLGWD4sAo7Je, 2019-10-05 11:17:27, 2019-10-19 06:21:07
7312, l1i1IUjvVGDES3Cy8cAn, 2019-10-05 11:17:27, 2019-10-19 06:21:07
7313, ashKZm9jlPKs7rBP0Gz5, 2019-10-05 11:17:27, 2019-10-19 06:21:07
7314, Muyb78DBbka8kVkZiCEG, 2019-10-05 11:17:27, 2019-10-19 06:21:07
7315, OsMA7ivyjPD8ofTEbOuX, 2019-10-05 11:17:27, 2019-10-19 06:21:07
7316, o7ncXKwgNCYIL7ZItqWz, 2019-10-05 11:17:27, 2019-10-19 06:21:08
7317, ACMnjR1ybwiYP8heP3XR, 2019-10-05 11:17:27, 2019-10-19 06:21:08
7318, 5cgRT16VUxMIMz1whi2c, 2019-10-05 11:17:27, 2019-10-19 06:21:08
7319, KuwzhOfvekmtu6Q9gHFI, 2019-10-05 11:17:27, 2019-10-19 06:21:08
7320, Q8PHn5uBPcMpso2RWesD, 2019-10-05 11:17:27, 2019-10-19 06:21:08
7321, UBmvjZa33jxAd25SnNeo, 2019-10-05 11:17:27, 2019-10-19 06:21:08
7322, 5UooEIntbHfjSyCYUuqO, 2019-10-05 11:17:27, 2019-10-19 06:21:08
7323, JdJ1S0O60wt7zpQYes1o, 2019-10-05 11:17:27, 2019-10-19 06:21:08
7324, OaCw1c2fP4Ai0DV8mgoD, 2019-10-05 11:17:27, 2019-10-19 06:21:08
7325, I1z32XBujAW3kqYfYola, 2019-10-05 11:17:27, 2019-10-19 06:21:08
7326, I1Hnsm1bm1Lx9LXQnJnA, 2019-10-05 11:17:27, 2019-10-19 06:21:08
7327, nlrDvWEdJYi9cqNK8cPr, 2019-10-05 11:17:27, 2019-10-19 06:21:08
7328, AgFbVS85DOujZf8wHFgq, 2019-10-05 11:17:27, 2019-10-19 06:21:08
7329, 5gC54n1ruN1HHn6jYh2D, 2019-10-05 11:17:27, 2019-10-19 06:21:08
7330, jd7pr3nCKvFtzWVr3wKO, 2019-10-05 11:17:27, 2019-10-19 06:21:08
7331, oQOjVnrklUBNUWiqYSPK, 2019-10-05 11:17:27, 2019-10-19 06:21:08
7332, 9VXHBVlUyTBA2wvh92oY, 2019-10-05 11:17:27, 2019-10-19 06:21:08
7333, Ea6n8HPEE6LWOaHwtjT4, 2019-10-05 11:17:27, 2019-10-19 06:21:08
7334, TvFVwvRAMQjFvqMmoEW8, 2019-10-05 11:17:27, 2019-10-19 06:21:08
7335, lNDyi8Mdt97tdxtCrjZ5, 2019-10-05 11:17:27, 2019-10-19 06:21:08
7336, 4TPWw7XRY3qX9A3g2td5, 2019-10-05 11:17:27, 2019-10-19 06:21:08
7337, 1O32OQAu33g483uvQ7DA, 2019-10-05 11:17:27, 2019-10-19 06:21:08
7338, Ucm0WNhF2I5sl3FdCWL6, 2019-10-05 11:17:27, 2019-10-19 06:21:08
7339, q1j2i4XDOfg4VRIPEeNF, 2019-10-05 11:17:27, 2019-10-19 06:21:08
7340, Qx7CZWndBIjjmBMbn6xx, 2019-10-05 11:17:27, 2019-10-19 06:21:08
7341, hGlmnGy4iu38rsQu6nek, 2019-10-05 11:17:27, 2019-10-19 06:21:08
7342, tPA3T7xu2ONj5I1Gk2AZ, 2019-10-05 11:17:27, 2019-10-19 06:21:08
7343, WQjvu1sjR4JWO6MeTC2J, 2019-10-05 11:17:27, 2019-10-19 06:21:08
7344, zk7HLLfMr9kqi8GOuJpB, 2019-10-05 11:17:27, 2019-10-19 06:21:08
7345, ryDFFbVzYknPIIJcbKxC, 2019-10-05 11:17:27, 2019-10-19 06:21:08
7346, vDNxXpqD37sci2hXX8lR, 2019-10-05 11:17:27, 2019-10-19 06:21:08
7347, 0tvLisoQwCROrPQMY174, 2019-10-05 11:17:27, 2019-10-19 06:21:08
7348, hLw55gJfrJusLLMa7LvK, 2019-10-05 11:17:27, 2019-10-19 06:21:08
7349, j5oVueXDO7MLaa7985xT, 2019-10-05 11:17:27, 2019-10-19 06:21:08
7350, KGolelHAOZGbDbVlNzqr, 2019-10-05 11:17:27, 2019-10-19 06:21:08
7351, v9dYI9Qucevutu3r7QSo, 2019-10-05 11:17:27, 2019-10-19 06:21:08
7352, Y41VZBYyG9TsjlP0b5GF, 2019-10-05 11:17:27, 2019-10-19 06:21:08
7353, Yb98FeaY4iBcoZSEBD7s, 2019-10-05 11:17:27, 2019-10-19 06:21:08
7354, puPysqnQ2UZiFGRuPyOk, 2019-10-05 11:17:27, 2019-10-19 06:21:08
7355, hrqkJbYabxWUcSfqElni, 2019-10-05 11:17:27, 2019-10-19 06:21:08
7356, GWbpPNiuaq6U6zrfi13f, 2019-10-05 11:17:27, 2019-10-19 06:21:08
7357, 7lx3y1NjhbjZNc2UMXft, 2019-10-05 11:17:27, 2019-10-19 06:21:08
7358, 5Ri5P3LzXWEfyYefieHf, 2019-10-05 11:17:27, 2019-10-19 06:21:08
7359, H9jQ57k3DnIo2JL4409m, 2019-10-05 11:17:27, 2019-10-19 06:21:08
7360, 7agdpZhSnbXR0bYHtoBp, 2019-10-05 11:17:27, 2019-10-19 06:21:08
7361, BIxblD8FuRa1cylFllS5, 2019-10-05 11:17:27, 2019-10-19 06:21:08
7362, 2pMApy0CZvLo9JnQdXqg, 2019-10-05 11:17:27, 2019-10-19 06:21:08
7363, TbEacEGOIgpmoG1SrceU, 2019-10-05 11:17:27, 2019-10-19 06:21:08
7364, xP6TADHVsUzM25vcoUeB, 2019-10-05 11:17:27, 2019-10-19 06:21:08
7365, Y0b4xPYQHz5zhBCWqYpv, 2019-10-05 11:17:27, 2019-10-19 06:21:08
7366, VgVDnrTCMVkhi8BwZOPl, 2019-10-05 11:17:27, 2019-10-19 06:21:08
7367, Ug2QsZVbrv7nFkP4uF50, 2019-10-05 11:17:27, 2019-10-19 06:21:08
7368, 0cTZNA9l2491BKEOOcU6, 2019-10-05 11:17:27, 2019-10-19 06:21:08
7369, 4EM4FszdFVT9cN6kUc28, 2019-10-05 11:17:27, 2019-10-19 06:21:08
7370, y798RFDv9pSwbiN04WYt, 2019-10-05 11:17:27, 2019-10-19 06:21:08
7371, cuGmDLnpn5hMkgNuHOkN, 2019-10-05 11:17:27, 2019-10-19 06:21:08
7372, 6CTSBrTfbdHwyJVXzGHZ, 2019-10-05 11:17:27, 2019-10-19 06:21:08
7373, WaRQLznDln1cNhaWGDnx, 2019-10-05 11:17:27, 2019-10-19 06:21:08
7374, 9NFX9tJCOxrxtDn2OqYE, 2019-10-05 11:17:27, 2019-10-19 06:21:08
7375, aQrjUewG21nsdOgKYMC1, 2019-10-05 11:17:27, 2019-10-19 06:21:08
7376, BO0jWw01wevdIDVlhDxU, 2019-10-05 11:17:27, 2019-10-19 06:21:08
7377, DxsMtLssFTfWviiaqGpa, 2019-10-05 11:17:27, 2019-10-19 06:21:08
7378, XKiV99CFBlf12FEloXn8, 2019-10-05 11:17:27, 2019-10-19 06:21:08
7379, IfYang8z7nHYy4HSIkxR, 2019-10-05 11:17:27, 2019-10-19 06:21:08
7380, kEPoeqSBaW8ILDbxhNDr, 2019-10-05 11:17:27, 2019-10-19 06:21:08
7381, vjVnsmq9JnLFleVSFadO, 2019-10-05 11:17:27, 2019-10-19 06:21:08
7382, t5Ip5GsbyQh1pA4jOA8t, 2019-10-05 11:17:27, 2019-10-19 06:21:08
7383, vD9qyHMStLMNWjWFnQQq, 2019-10-05 11:17:27, 2019-10-19 06:21:08
7384, JoWSSsJVWPMckmOSMUtF, 2019-10-05 11:17:27, 2019-10-19 06:21:08
7385, uyTamfLwZxlDz7GiNGZY, 2019-10-05 11:17:27, 2019-10-19 06:21:08
7386, lnj8HWafgiYZ3MBiQSwG, 2019-10-05 11:17:27, 2019-10-19 06:21:08
7387, 1JxvWqIP9qo6gAdZSWsX, 2019-10-05 11:17:27, 2019-10-19 06:21:08
7388, 5bKitIAm82MjNVfhDHnp, 2019-10-05 11:17:27, 2019-10-19 06:21:08
7389, cvMX0Or2Ax0GjnuWUBY1, 2019-10-05 11:17:27, 2019-10-19 06:21:08
7390, 0xwijGUAIaFwWOdjhpU4, 2019-10-05 11:17:27, 2019-10-19 06:21:08
7391, r5fNM7tUyRbeTXvhdSe5, 2019-10-05 11:17:27, 2019-10-19 06:21:08
7392, q5t4rEmpaVUz4GOUouUV, 2019-10-05 11:17:27, 2019-10-19 06:21:08
7393, Tcn1u5dZ0yuuNK2VIOHH, 2019-10-05 11:17:27, 2019-10-19 06:21:08
7394, ljsxpT5IMyBoHlChO95J, 2019-10-05 11:17:27, 2019-10-19 06:21:08
7395, qI8AQDsKVTb2YjoJULCf, 2019-10-05 11:17:27, 2019-10-19 06:21:08
7396, w5Sx24fc7KJoQhvitmqC, 2019-10-05 11:17:27, 2019-10-19 06:21:08
7397, zDySrohLBg9n1VVPw0bJ, 2019-10-05 11:17:27, 2019-10-19 06:21:08
7398, oDXzI469Ipnoh3DBapUk, 2019-10-05 11:17:27, 2019-10-19 06:21:08
7399, Hz5ZSSmBwMoKPyf4N6qn, 2019-10-05 11:17:27, 2019-10-19 06:21:08
7400, l663kfyfsvd3ngAYOxXy, 2019-10-05 11:17:27, 2019-10-19 06:21:08
7401, qzoPhhgYEGXFcRMxRaQL, 2019-10-05 11:17:27, 2019-10-19 06:21:08
7402, uN20ZDCmCNUL3UvIiL1q, 2019-10-05 11:17:27, 2019-10-19 06:21:08
7403, bbYATiBkPtfWt8SSvfF3, 2019-10-05 11:17:27, 2019-10-19 06:21:08
7404, SQSM1UM26QpOZlTu8OsQ, 2019-10-05 11:17:27, 2019-10-19 06:21:08
7405, hxfTvLyDKYBMUKAX8H0X, 2019-10-05 11:17:27, 2019-10-19 06:21:08
7406, 6h0Ik5cEI6EJeQtt9ITa, 2019-10-05 11:17:27, 2019-10-19 06:21:08
7407, EXqFqVljEIb9V9dOGEuz, 2019-10-05 11:17:27, 2019-10-19 06:21:08
7408, cFlUBUCISGAD1y0YRhk5, 2019-10-05 11:17:27, 2019-10-19 06:21:08
7409, n12KLnF7pjjlafkbF620, 2019-10-05 11:17:27, 2019-10-19 06:21:08
7410, vHal2CjRlHaYE9FR8VoQ, 2019-10-05 11:17:27, 2019-10-19 06:21:08
7411, c6AOEKYE8dlz89ZnB3rR, 2019-10-05 11:17:27, 2019-10-19 06:21:08
7412, to4vY1Jx8z63nMG3by5F, 2019-10-05 11:17:27, 2019-10-19 06:21:08
7413, 3lnCjaIWxeLU6XZ8rEUt, 2019-10-05 11:17:27, 2019-10-19 06:21:08
7414, Q0DfUC1jOPjuWiRdpcWv, 2019-10-05 11:17:27, 2019-10-19 06:21:08
7415, wi1DxYqlo3eXU5HYZztN, 2019-10-05 11:17:27, 2019-10-19 06:21:08
7416, TnsgFt1YRRyn3ePv5O5H, 2019-10-05 11:17:27, 2019-10-19 06:21:08
7417, aTv2PkaeE8TUAzbnsjVh, 2019-10-05 11:17:27, 2019-10-19 06:21:08
7418, bNg7refnydB3GXffE5VJ, 2019-10-05 11:17:27, 2019-10-19 06:21:08
7419, hE8WYZ4XauTqvxVdBZow, 2019-10-05 11:17:27, 2019-10-19 06:21:08
7420, ZkLUdbq8g2D218P1bszr, 2019-10-05 11:17:27, 2019-10-19 06:21:08
7421, WOVobuT3gUGJpLKvnoHl, 2019-10-05 11:17:27, 2019-10-19 06:21:08
7422, dW619v3GtPU4GFUj8AzZ, 2019-10-05 11:17:27, 2019-10-19 06:21:08
7423, uepDznSLVk0CbDIKv0wl, 2019-10-05 11:17:27, 2019-10-19 06:21:08
7424, BytGUcXTEEORuRZlW963, 2019-10-05 11:17:27, 2019-10-19 06:21:08
7425, nNwGwSWFpfuVAJYeKLDA, 2019-10-05 11:17:27, 2019-10-19 06:21:08
7426, dGgsEWSrS1xqlwCMxHJj, 2019-10-05 11:17:27, 2019-10-19 06:21:08
7427, AMini4pIt2HXMnYrzV3r, 2019-10-05 11:17:27, 2019-10-19 06:21:08
7428, EDQ5YPAnKJRgQocGnK5V, 2019-10-05 11:17:27, 2019-10-19 06:21:08
7429, 9b1oG0EpJ1nvVXSVqOxL, 2019-10-05 11:17:27, 2019-10-19 06:21:08
7430, rIMgXYZtQdsDFpqCTdJD, 2019-10-05 11:17:27, 2019-10-19 06:21:08
7431, bfvButOcPErwKHragoYf, 2019-10-05 11:17:27, 2019-10-19 06:21:08
7432, f7r0ZkiF0X6EzZb8XQMC, 2019-10-05 11:17:27, 2019-10-19 06:21:08
7433, A44jC22UEOqbPQtliTqY, 2019-10-05 11:17:27, 2019-10-19 06:21:08
7434, zWqQvakOfZdMVlxXO57Q, 2019-10-05 11:17:27, 2019-10-19 06:21:08
7435, MOHYPClRNrbUUgtv4bhU, 2019-10-05 11:17:27, 2019-10-19 06:21:08
7436, 5D9Zxp8TQwR8bwVcw7Fm, 2019-10-05 11:17:27, 2019-10-19 06:21:08
7437, 50mAzpKDWtUkm3pcN9ti, 2019-10-05 11:17:27, 2019-10-19 06:21:08
7438, N8kLFnpvggBvUIhINqJF, 2019-10-05 11:17:27, 2019-10-19 06:21:08
7439, G5RTX6FermSjL6axvJTy, 2019-10-05 11:17:27, 2019-10-19 06:21:08
7440, bvyfPKsDBopWmkQuCsRQ, 2019-10-05 11:17:27, 2019-10-19 06:21:08
7441, 01UKwZZ4qi0rgxxFhEIW, 2019-10-05 11:17:27, 2019-10-19 06:21:08
7442, bcAGrgubrJkn0hetTkch, 2019-10-05 11:17:27, 2019-10-19 06:21:08
7443, 9ObBy2v8yUoeoqEQ6HvD, 2019-10-05 11:17:27, 2019-10-19 06:21:08
7444, 1XBvYD5f1o9WFknvrWyA, 2019-10-05 11:17:27, 2019-10-19 06:21:08
7445, yx6xprN6vMWMSRIERBh9, 2019-10-05 11:17:27, 2019-10-19 06:21:08
7446, oyoALOeGcw5lFIPcxCAB, 2019-10-05 11:17:27, 2019-10-19 06:21:08
7447, FKVEswzoyafqj5JJ4C5o, 2019-10-05 11:17:27, 2019-10-19 06:21:08
7448, ZkbB7mmIUy7zMdS9kVoy, 2019-10-05 11:17:27, 2019-10-19 06:21:08
7449, o83dyLnnJ0HNDhXTQyEC, 2019-10-05 11:17:27, 2019-10-19 06:21:08
7450, E4ADceLtKhkIO0AI26Tt, 2019-10-05 11:17:27, 2019-10-19 06:21:08
7451, hguq7uZ8TNZ5aoz65ghZ, 2019-10-05 11:17:27, 2019-10-19 06:21:08
7452, KG3CPukVpjAFZ6Fjnoyc, 2019-10-05 11:17:27, 2019-10-19 06:21:08
7453, V31FWGZwNhxZdoropqay, 2019-10-05 11:17:27, 2019-10-19 06:21:08
7454, iiYAoVgpfnJtdMoCaL3m, 2019-10-05 11:17:27, 2019-10-19 06:21:08
7455, 2zJdGgt9Xor2Yf3D5ngk, 2019-10-05 11:17:27, 2019-10-19 06:21:08
7456, qTHDjbt9WamHMdzMinbL, 2019-10-05 11:17:27, 2019-10-19 06:21:08
7457, IeG8hyWC5AuteOPN6nxf, 2019-10-05 11:17:27, 2019-10-19 06:21:08
7458, gn7UHmjqi9AhCDNsyxBm, 2019-10-05 11:17:27, 2019-10-19 06:21:08
7459, bfTDTzriVxoS5AodZkrU, 2019-10-05 11:17:27, 2019-10-19 06:21:08
7460, arOeXmvHBgNpYl71MXV3, 2019-10-05 11:17:27, 2019-10-19 06:21:08
7461, Mp30uPmjYngzGBghSdSk, 2019-10-05 11:17:27, 2019-10-19 06:21:08
7462, 8ai2vkdWOyJGvdDVKSLU, 2019-10-05 11:17:27, 2019-10-19 06:21:08
7463, nS9L9gIxNMdCMFPma5Vw, 2019-10-05 11:17:27, 2019-10-19 06:21:08
7464, QxLs5yYrZ9aezmSogkjB, 2019-10-05 11:17:27, 2019-10-19 06:21:08
7465, FetKZFjb4JXQyiGOTG5e, 2019-10-05 11:17:27, 2019-10-19 06:21:08
7466, PBosKN9DZxcIaeKhiix8, 2019-10-05 11:17:27, 2019-10-19 06:21:08
7467, 1ww3YKUZisvptQBYkuoM, 2019-10-05 11:17:27, 2019-10-19 06:21:08
7468, E6z0gdSZ7AHPFBvZy1gI, 2019-10-05 11:17:27, 2019-10-19 06:21:08
7469, bc6BY7L6myFOrGgTQ7Q8, 2019-10-05 11:17:27, 2019-10-19 06:21:08
7470, vlg81yud3aJ5gmVPv5u0, 2019-10-05 11:17:27, 2019-10-19 06:21:08
7471, ORMlXaEYDZGdbfDWm0cR, 2019-10-05 11:17:27, 2019-10-19 06:21:08
7472, lXSqG0CbfUEAPiMDKIbT, 2019-10-05 11:17:27, 2019-10-19 06:21:08
7473, B1ldU0lxf50i8o1YDhLF, 2019-10-05 11:17:27, 2019-10-19 06:21:08
7474, k7EtSIvtXc7BI6EM20pO, 2019-10-05 11:17:27, 2019-10-19 06:21:08
7475, GOvC2BHyQV31ENYnfwiY, 2019-10-05 11:17:27, 2019-10-19 06:21:08
7476, Ha4MAuS8aqPmSUpFemKp, 2019-10-05 11:17:27, 2019-10-19 06:21:08
7477, c6OQC1J7qMnOgQ1HOyHh, 2019-10-05 11:17:27, 2019-10-19 06:21:08
7478, YiSzy15Fm2pXf9pRsDVk, 2019-10-05 11:17:27, 2019-10-19 06:21:08
7479, jOXo17iGRlvdNZSJztHQ, 2019-10-05 11:17:27, 2019-10-19 06:21:08
7480, 2NcmQlsYeQP6dMd1wJOc, 2019-10-05 11:17:27, 2019-10-19 06:21:08
7481, dxWXm22pjpgxt3piWMT0, 2019-10-05 11:17:27, 2019-10-19 06:21:08
7482, FNfXRuIq9uHWcGitMkYD, 2019-10-05 11:17:27, 2019-10-19 06:21:08
7483, f1FijVXNI6HO8vX63BZE, 2019-10-05 11:17:27, 2019-10-19 06:21:08
7484, qFbufUynnxREzvN17DZP, 2019-10-05 11:17:27, 2019-10-19 06:21:08
7485, NbQt561sksOFRwBVcd4h, 2019-10-05 11:17:27, 2019-10-19 06:21:08
7486, aLlI7bAThZsZUdn7bU5d, 2019-10-05 11:17:27, 2019-10-19 06:21:08
7487, kMJhz3dMCGB6UOnPkAl9, 2019-10-05 11:17:27, 2019-10-19 06:21:08
7488, Tv5w3E3JY5xjx9kb6uVB, 2019-10-05 11:17:27, 2019-10-19 06:21:08
7489, 0ckY9TR3s2rjg8BWyCfw, 2019-10-05 11:17:27, 2019-10-19 06:21:08
7490, 4yDaxNvUCbNh1HnCHIFT, 2019-10-05 11:17:27, 2019-10-19 06:21:08
7491, UXl00RZb0ctoWQI1glnS, 2019-10-05 11:17:27, 2019-10-19 06:21:08
7492, 4xs6D4miFKDicu4KiWU0, 2019-10-05 11:17:27, 2019-10-19 06:21:09
7493, 46NkPGTNb2HVq5x9A0Dh, 2019-10-05 11:17:27, 2019-10-19 06:21:09
7494, R2ur2kGFNlKI21Y252xf, 2019-10-05 11:17:27, 2019-10-19 06:21:09
7495, mH74Pu79UDpsXBOJ8qlm, 2019-10-05 11:17:27, 2019-10-19 06:21:09
7496, EnJVDeH3kUj3WvKKpmIN, 2019-10-05 11:17:27, 2019-10-19 06:21:09
7497, Q0yre5seVjNfHdWSuyiO, 2019-10-05 11:17:27, 2019-10-19 06:21:09
7498, r8cr8ex9jl8fCAFVXT4D, 2019-10-05 11:17:27, 2019-10-19 06:21:09
7499, s7fMFYC6tRLkJMwmEwHi, 2019-10-05 11:17:27, 2019-10-19 06:21:09
7500, rOOIbRRiAF360X0oKblB, 2019-10-05 11:17:27, 2019-10-19 06:21:09
7501, FlzEs7zXSIWnOipD1qk8, 2019-10-05 11:17:27, 2019-10-19 06:21:09
7502, 70J1DhzI0vWrloVZaER7, 2019-10-05 11:17:27, 2019-10-19 06:21:09
7503, mIzyXH5oy865NbpPIWuI, 2019-10-05 11:17:27, 2019-10-19 06:21:09
7504, KNvwwGGVXOZBTciFsyQS, 2019-10-05 11:17:27, 2019-10-19 06:21:09
7505, ipu96IctZeynY3B2l2MP, 2019-10-05 11:17:27, 2019-10-19 06:21:09
7506, kAVxmarPRLj1BltRteem, 2019-10-05 11:17:27, 2019-10-19 06:21:09
7507, lvw0SExWINmmb5h1Sp5i, 2019-10-05 11:17:27, 2019-10-19 06:21:09
7508, 4KZnfDtewoBYGzW4YoYj, 2019-10-05 11:17:27, 2019-10-19 06:21:09
7509, XVjpfJztkh36S41PTfV2, 2019-10-05 11:17:27, 2019-10-19 06:21:09
7510, 09EzERqVANwhdeKpCPG4, 2019-10-05 11:17:27, 2019-10-19 06:21:09
7511, ArWmedCVSSx480wVZRgL, 2019-10-05 11:17:27, 2019-10-19 06:21:09
7512, nIJYlyd32tI76F5Ar9jq, 2019-10-05 11:17:27, 2019-10-19 06:21:09
7513, nw9wputTwg9VDTYU4TYw, 2019-10-05 11:17:27, 2019-10-19 06:21:09
7514, ibXn9QENV4bSWx7tjHrt, 2019-10-05 11:17:27, 2019-10-19 06:21:09
7515, MZ9SfJ5H9QNK2hzp6jVU, 2019-10-05 11:17:27, 2019-10-19 06:21:09
7516, WLinSN7GD4chTUIvWmM1, 2019-10-05 11:17:27, 2019-10-19 06:21:09
7517, VytVzqZE8kFBsH23EMM1, 2019-10-05 11:17:27, 2019-10-19 06:21:09
7518, LOF4CBJP7OXFu39tveDX, 2019-10-05 11:17:27, 2019-10-19 06:21:09
7519, PAp491CuPZfYKKk0D3HN, 2019-10-05 11:17:27, 2019-10-19 06:21:09
7520, gDLAoLHCFln4O3W4PKT8, 2019-10-05 11:17:27, 2019-10-19 06:21:09
7521, BXSuVKss183GdLKEozxx, 2019-10-05 11:17:27, 2019-10-19 06:21:09
7522, txQd3xUVzBRToIaO9Yg6, 2019-10-05 11:17:27, 2019-10-19 06:21:09
7523, 1Ry6WQFNvq4p4xtai1ns, 2019-10-05 11:17:27, 2019-10-19 06:21:09
7524, Z8m5khHL1d7CjkwQFGas, 2019-10-05 11:17:27, 2019-10-19 06:21:09
7525, CSov5kcLPhHbsdV7cYZh, 2019-10-05 11:17:27, 2019-10-19 06:21:09
7526, yT2mUSxTsF1jHoexsE5R, 2019-10-05 11:17:27, 2019-10-19 06:21:09
7527, 3UU7dOROlD3EPHxukYVD, 2019-10-05 11:17:27, 2019-10-19 06:21:09
7528, o2ArxmEIFhfqpInPRL34, 2019-10-05 11:17:27, 2019-10-19 06:21:09
7529, K8goR8jTXS7xKz5A6MQa, 2019-10-05 11:17:27, 2019-10-19 06:21:09
7530, FxUOP3T5kM2zzVj0TWP2, 2019-10-05 11:17:27, 2019-10-19 06:21:09
7531, UrEoNUspYcnzG0cOAthR, 2019-10-05 11:17:27, 2019-10-19 06:21:09
7532, aLEdhbJgQK5sMEN7WTSY, 2019-10-05 11:17:27, 2019-10-19 06:21:09
7533, rUAJjbtPRyr3JJ1x72MU, 2019-10-05 11:17:27, 2019-10-19 06:21:09
7534, QfsAS8RGDMHVqzah00IK, 2019-10-05 11:17:27, 2019-10-19 06:21:09
7535, OvF6yWeFRfN3L4XLjJHD, 2019-10-05 11:17:27, 2019-10-19 06:21:09
7536, HJqc6I4HHQky43o8C2M0, 2019-10-05 11:17:27, 2019-10-19 06:21:09
7537, Hy0SsEYmlZsDPSCzOOBs, 2019-10-05 11:17:27, 2019-10-19 06:21:09
7538, LSGLDEnPM4gGYEDFFrrv, 2019-10-05 11:17:27, 2019-10-19 06:21:09
7539, QEzXt2Q7pBIFmWyJgpFf, 2019-10-05 11:17:27, 2019-10-19 06:21:09
7540, AF7jfeInRaudkaVSQQJ7, 2019-10-05 11:17:27, 2019-10-19 06:21:09
7541, YHF6FSrrK1meTVgs3TMe, 2019-10-05 11:17:27, 2019-10-19 06:21:09
7542, ltriU3VZH5xM3EpzLYYc, 2019-10-05 11:17:27, 2019-10-19 06:21:09
7543, WgQLHDrkt3N168vXe37E, 2019-10-05 11:17:27, 2019-10-19 06:21:09
7544, zOEWlBz4pTGjCq4Jl6GB, 2019-10-05 11:17:27, 2019-10-19 06:21:09
7545, fUD0cb7dW7C0fyCzLL6R, 2019-10-05 11:17:27, 2019-10-19 06:21:09
7546, cBUYWWcU3ih6rkTvJxei, 2019-10-05 11:17:27, 2019-10-19 06:21:09
7547, NkwyNDVLXWmpsrhgJxXJ, 2019-10-05 11:17:27, 2019-10-19 06:21:09
7548, LHRi6w2mZcWa5IJL7Cjp, 2019-10-05 11:17:27, 2019-10-19 06:21:09
7549, pw2jLolEwOU3SmbarPiA, 2019-10-05 11:17:27, 2019-10-19 06:21:09
7550, 5dMzBVrXPfpZKQGUZwqF, 2019-10-05 11:17:27, 2019-10-19 06:21:09
7551, Z4rQK2zevjoKbSFAlsm5, 2019-10-05 11:17:27, 2019-10-19 06:21:09
7552, 3vIJk4Q4DHpJeY6A8jJy, 2019-10-05 11:17:27, 2019-10-19 06:21:09
7553, wCyL8gD5lSEGvbrQt2p5, 2019-10-05 11:17:27, 2019-10-19 06:21:09
7554, IXk0imAIc8iX0npIMyjZ, 2019-10-05 11:17:27, 2019-10-19 06:21:09
7555, hbHdXsD6icmmSUevgaqM, 2019-10-05 11:17:27, 2019-10-19 06:21:09
7556, PxwCm3lwuDG0ru7J4iuR, 2019-10-05 11:17:27, 2019-10-19 06:21:09
7557, khkMIkl1FLjT6z8rKqRO, 2019-10-05 11:17:27, 2019-10-19 06:21:09
7558, xlsQo9P2GRnbcoBJEIiP, 2019-10-05 11:17:27, 2019-10-19 06:21:09
7559, PGxSYr7lELnIl955bUIZ, 2019-10-05 11:17:27, 2019-10-19 06:21:09
7560, wLObx7fY1AtwctvoMZ2R, 2019-10-05 11:17:27, 2019-10-19 06:21:09
7561, kIDEJNUs2bAAgUhzYcS9, 2019-10-05 11:17:27, 2019-10-19 06:21:09
7562, 3s3WkGsqfNoBkMfIASeZ, 2019-10-05 11:17:27, 2019-10-19 06:21:09
7563, Ox9MgYyrg2DExv1k4OL0, 2019-10-05 11:17:27, 2019-10-19 06:21:09
7564, ybdGrjKNRRMIiLRlX90I, 2019-10-05 11:17:27, 2019-10-19 06:21:09
7565, fH0eIN5LfLGnIyUhUHAk, 2019-10-05 11:17:27, 2019-10-19 06:21:09
7566, 4BYjan1f78goBJoz3yI3, 2019-10-05 11:17:27, 2019-10-19 06:21:09
7567, 9N6rAwBcvdURWftmQJ6U, 2019-10-05 11:17:27, 2019-10-19 06:21:09
7568, 6ZbXZ4A0dIyTRg2hInww, 2019-10-05 11:17:27, 2019-10-19 06:21:09
7569, PSTcoBhkoqaMj3Bn2q0j, 2019-10-05 11:17:27, 2019-10-19 06:21:09
7570, E6wLLT5aE7arIvktSdj4, 2019-10-05 11:17:27, 2019-10-19 06:21:09
7571, YxfTy8f34ZN5cfUwyptD, 2019-10-05 11:17:27, 2019-10-19 06:21:09
7572, 9eHydFdbgg8TbISLCoBy, 2019-10-05 11:17:27, 2019-10-19 06:21:09
7573, ktm2I4dWWxmTFoP8ybFy, 2019-10-05 11:17:27, 2019-10-19 06:21:09
7574, 6wyY22CIGvnazAbBMBpS, 2019-10-05 11:17:27, 2019-10-19 06:21:09
7575, TP7P7Fa0UzkX4s2LGENN, 2019-10-05 11:17:27, 2019-10-19 06:21:09
7576, 6q0LdtWl9xNipxcDflPL, 2019-10-05 11:17:27, 2019-10-19 06:21:09
7577, ImyoJzbWkKMC1NzuUpE8, 2019-10-05 11:17:27, 2019-10-19 06:21:09
7578, xgwbkR5MqKPLTNbUAcpS, 2019-10-05 11:17:27, 2019-10-19 06:21:09
7579, 9CQtNWlKE2NFPVhy59iy, 2019-10-05 11:17:27, 2019-10-19 06:21:09
7580, XxJ6c0526faoUo5HNR9c, 2019-10-05 11:17:27, 2019-10-19 06:21:09
7581, jW3ZlLK7skcSlT19j69L, 2019-10-05 11:17:27, 2019-10-19 06:21:09
7582, ZKRNHhFvGiyEu0Zc93c1, 2019-10-05 11:17:27, 2019-10-19 06:21:09
7583, Y8yllRZcplponTo4hLOV, 2019-10-05 11:17:27, 2019-10-19 06:21:09
7584, M06M2vOOGMVZLSOBvTaU, 2019-10-05 11:17:27, 2019-10-19 06:21:09
7585, Yfqa1lT4xjmx3QAJN7ER, 2019-10-05 11:17:27, 2019-10-19 06:21:09
7586, xJhp2EkaZBErYF5KkmKg, 2019-10-05 11:17:27, 2019-10-19 06:21:09
7587, P9wiq2oo5XYXkB7YrOOK, 2019-10-05 11:17:27, 2019-10-19 06:21:09
7588, CsTqBbWP3Uk4y1QcPeRG, 2019-10-05 11:17:27, 2019-10-19 06:21:09
7589, z7vVGdVMnjTjK31G1CP2, 2019-10-05 11:17:27, 2019-10-19 06:21:09
7590, j2gSlJJxGDVZDjLWd9HC, 2019-10-05 11:17:27, 2019-10-19 06:21:09
7591, irzes3OnMBQv3lpLvbe6, 2019-10-05 11:17:27, 2019-10-19 06:21:09
7592, dVbACecMqMiY2Wyci2qA, 2019-10-05 11:17:27, 2019-10-19 06:21:09
7593, LDgEsPVteVPFUcsipVJJ, 2019-10-05 11:17:27, 2019-10-19 06:21:09
7594, C0lNhpQ1ZRBTkbDnDSkK, 2019-10-05 11:17:27, 2019-10-19 06:21:09
7595, dK1IDqF3vHydvbtU1HCC, 2019-10-05 11:17:27, 2019-10-19 06:21:09
7596, OzfnLUZdooK0wVTeYegu, 2019-10-05 11:17:27, 2019-10-19 06:21:09
7597, oYd53Ypm0WTeXBYgpbxo, 2019-10-05 11:17:27, 2019-10-19 06:21:09
7598, SEJFOJlnTYL4WbQGo7Va, 2019-10-05 11:17:27, 2019-10-19 06:21:09
7599, Pefi7Pig40G4CMWskHlm, 2019-10-05 11:17:27, 2019-10-19 06:21:09
7600, 9DRYXbRlPGnz70EDC3Ji, 2019-10-05 11:17:27, 2019-10-19 06:21:09
7601, inD0trT4ojAN5WOmV9Jr, 2019-10-05 11:17:27, 2019-10-19 06:21:09
7602, JazHGWEUKYdumILRFlMV, 2019-10-05 11:17:27, 2019-10-19 06:21:09
7603, bPLlU2XUzuY0I2CiZEzT, 2019-10-05 11:17:27, 2019-10-19 06:21:09
7604, 5ORQQxkfMwY4vPDV0o2W, 2019-10-05 11:17:27, 2019-10-19 06:21:09
7605, 5HOFI9qb5tVuwx95W6ZX, 2019-10-05 11:17:27, 2019-10-19 06:21:09
7606, 9R2w0Rzg19F4DhcpgXsE, 2019-10-05 11:17:27, 2019-10-19 06:21:09
7607, pVf0s863gY178OOlgwoj, 2019-10-05 11:17:27, 2019-10-19 06:21:09
7608, A0dWaFrZRNcxkLvBOcMb, 2019-10-05 11:17:27, 2019-10-19 06:21:09
7609, vmAPezZmNGGSwGIT5WHo, 2019-10-05 11:17:27, 2019-10-19 06:21:09
7610, SsV1HsAaU4mhbsHRNSOF, 2019-10-05 11:17:27, 2019-10-19 06:21:09
7611, mTrD8QXqG6TaKZFt8FxP, 2019-10-05 11:17:27, 2019-10-19 06:21:09
7612, cHXlgpWM9baBB7fwwbXl, 2019-10-05 11:17:27, 2019-10-19 06:21:09
7613, svqq0RIx8Nxk6NsobRE4, 2019-10-05 11:17:27, 2019-10-19 06:21:09
7614, LHS0uce0T1J3WaM0UVfg, 2019-10-05 11:17:27, 2019-10-19 06:21:09
7615, IKMDhxzCgEuFFtMVyuUH, 2019-10-05 11:17:27, 2019-10-19 06:21:09
7616, oCt7JvPFIcLJLv1yTz8x, 2019-10-05 11:17:27, 2019-10-19 06:21:09
7617, 5IhSLgWtcjFLHU5kKC72, 2019-10-05 11:17:27, 2019-10-19 06:21:09
7618, paJLOBTnCh7TeA1ewmHq, 2019-10-05 11:17:27, 2019-10-19 06:21:09
7619, gQOGq25kUtTNz0WOkLPC, 2019-10-05 11:17:27, 2019-10-19 06:21:09
7620, SEzlynLeiIJtsi9n7oF2, 2019-10-05 11:17:27, 2019-10-19 06:21:09
7621, 1EltEHRXUBwQU3Jjyq1u, 2019-10-05 11:17:27, 2019-10-19 06:21:09
7622, JyW8didClpvURMSCV3ex, 2019-10-05 11:17:27, 2019-10-19 06:21:09
7623, 78LzLZz9mHjBqTzunmgQ, 2019-10-05 11:17:27, 2019-10-19 06:21:09
7624, 95gcSWh2zTPMRv0778Kf, 2019-10-05 11:17:27, 2019-10-19 06:21:09
7625, DD1Obz7VG5adsn3UjtJ3, 2019-10-05 11:17:27, 2019-10-19 06:21:09
7626, KZI9ZUXWf3Dr5kQ0ZD3b, 2019-10-05 11:17:27, 2019-10-19 06:21:09
7627, XbtNiJotEDpLhnfe16Rk, 2019-10-05 11:17:27, 2019-10-19 06:21:09
7628, SIHZRZTT7tCtEuJLsF0o, 2019-10-05 11:17:27, 2019-10-19 06:21:09
7629, 80XWfuOM6HoM3jEXeSnE, 2019-10-05 11:17:27, 2019-10-19 06:21:09
7630, 3bIqynnmUeUtj9UpgDsP, 2019-10-05 11:17:27, 2019-10-19 06:21:09
7631, N5PlItwU3UUjSooDeefM, 2019-10-05 11:17:27, 2019-10-19 06:21:09
7632, vNDu0BW6I6JYwCWq2ulA, 2019-10-05 11:17:27, 2019-10-19 06:21:09
7633, pX4sSemb09nVGI1lFgdH, 2019-10-05 11:17:27, 2019-10-19 06:21:09
7634, jbE0kvFy2El8vdvU3I0o, 2019-10-05 11:17:27, 2019-10-19 06:21:09
7635, GYHFgYEJrnTBTimftF1N, 2019-10-05 11:17:27, 2019-10-19 06:21:09
7636, dDJHCd28HTVGRqV5Ceky, 2019-10-05 11:17:27, 2019-10-19 06:21:09
7637, JH9QnwlduKtqBTXZ9EuR, 2019-10-05 11:17:27, 2019-10-19 06:21:09
7638, yFgLNb9jd1pjICVRQW4p, 2019-10-05 11:17:27, 2019-10-19 06:21:09
7639, OCZMD6v7yJgl2h2Jhaw9, 2019-10-05 11:17:27, 2019-10-19 06:21:09
7640, Lg8hpUeISOnv6UqHUlr8, 2019-10-05 11:17:27, 2019-10-19 06:21:09
7641, 5AvFJpFLShgLRIG72TzD, 2019-10-05 11:17:27, 2019-10-19 06:21:09
7642, hP45dlm8vZGRsGWK1Q7N, 2019-10-05 11:17:27, 2019-10-19 06:21:09
7643, u1UK1YFW7xrI5Geq9aFE, 2019-10-05 11:17:27, 2019-10-19 06:21:09
7644, rmAWot2ClwBkjIsjm0tX, 2019-10-05 11:17:27, 2019-10-19 06:21:09
7645, 0g8nrkN3qYijWEKdqVUs, 2019-10-05 11:17:27, 2019-10-19 06:21:09
7646, mvPZIqT0JXbjNGjyPbP0, 2019-10-05 11:17:27, 2019-10-19 06:21:09
7647, QdW5oR1xelzawvRtEL14, 2019-10-05 11:17:27, 2019-10-19 06:21:09
7648, ekGLTyXkEziXP3df6dQx, 2019-10-05 11:17:27, 2019-10-19 06:21:09
7649, 42vNz5tphumVr9bLCQXe, 2019-10-05 11:17:27, 2019-10-19 06:21:09
7650, dnpdka169RJ03KOGiyWs, 2019-10-05 11:17:27, 2019-10-19 06:21:09
7651, U7W1LKBL1jGettFzWVp2, 2019-10-05 11:17:27, 2019-10-19 06:21:09
7652, GJBHeal9IzoTYQuS4za8, 2019-10-05 11:17:27, 2019-10-19 06:21:09
7653, KZKALcJ6UGLsdDgExmwU, 2019-10-05 11:17:27, 2019-10-19 06:21:09
7654, 3jfHWgkwCZeJpC4Mk1a4, 2019-10-05 11:17:27, 2019-10-19 06:21:09
7655, 12q9lf5onPd4pOiTNyP7, 2019-10-05 11:17:27, 2019-10-19 06:21:09
7656, IvqV2BkHO06OBj376Vz4, 2019-10-05 11:17:27, 2019-10-19 06:21:09
7657, QoilKQbBPlgPal3Fe02Y, 2019-10-05 11:17:27, 2019-10-19 06:21:09
7658, eZ3eFxjOxvlOVzx9WXDX, 2019-10-05 11:17:27, 2019-10-19 06:21:09
7659, TIwzrDwB4GBd0SPDxyt6, 2019-10-05 11:17:27, 2019-10-19 06:21:09
7660, GavQEQYR3RarcQSh48RS, 2019-10-05 11:17:27, 2019-10-19 06:21:09
7661, tlFD4LVH8zDfN04tnt11, 2019-10-05 11:17:27, 2019-10-19 06:21:09
7662, B3pzOEZE0W60BeDVqPqn, 2019-10-05 11:17:27, 2019-10-19 06:21:09
7663, l9Ys445Ntyb3kqdhqiWy, 2019-10-05 11:17:27, 2019-10-19 06:21:09
7664, qt5OyOuEJNh03CZG9qDh, 2019-10-05 11:17:27, 2019-10-19 06:21:09
7665, DgBEySXLXPagnvLfcmW0, 2019-10-05 11:17:27, 2019-10-19 06:21:09
7666, i4AOCzmUXviWfqC1S5Wr, 2019-10-05 11:17:27, 2019-10-19 06:21:09
7667, 6WR2T1YkSdZCHqmUYs2v, 2019-10-05 11:17:27, 2019-10-19 06:21:09
7668, whaaxDeGUm3Qug0ikR6H, 2019-10-05 11:17:27, 2019-10-19 06:21:10
7669, ziFO0m5X1cm4T8v2Ewhs, 2019-10-05 11:17:27, 2019-10-19 06:21:10
7670, cmYpArXPjSJUTGALk0am, 2019-10-05 11:17:27, 2019-10-19 06:21:10
7671, QIb4MpoKVIQ6YImaXuXi, 2019-10-05 11:17:27, 2019-10-19 06:21:10
7672, 15xyDTC0sZIF4BCXFVOH, 2019-10-05 11:17:27, 2019-10-19 06:21:10
7673, XmrDkPWegtdIaer52F7o, 2019-10-05 11:17:27, 2019-10-19 06:21:10
7674, gE03OSLrfTSH6fwdWoY6, 2019-10-05 11:17:27, 2019-10-19 06:21:10
7675, lXo5AvQW08EHyVQ4beoH, 2019-10-05 11:17:27, 2019-10-19 06:21:10
7676, yruIkyyaTyiMpKpQGb4J, 2019-10-05 11:17:27, 2019-10-19 06:21:10
7677, QuxyAD8HDjUe6xjfPeG4, 2019-10-05 11:17:27, 2019-10-19 06:21:10
7678, lT7PMY9RPqPtjUO7TEFd, 2019-10-05 11:17:27, 2019-10-19 06:21:10
7679, lCp0gW8B3Np9plTcZ6Y5, 2019-10-05 11:17:27, 2019-10-19 06:21:10
7680, NJ3oJ09l1XeI7z8dEFmb, 2019-10-05 11:17:27, 2019-10-19 06:21:10
7681, I3kxPk2V4ftXOkEq1qYe, 2019-10-05 11:17:27, 2019-10-19 06:21:10
7682, wAWc6QJkCLoOHC0ecexO, 2019-10-05 11:17:27, 2019-10-19 06:21:10
7683, KtC3wKtYAnoyhWeeCPGZ, 2019-10-05 11:17:27, 2019-10-19 06:21:10
7684, MxbFZs85B6PVHKvlY5ZB, 2019-10-05 11:17:27, 2019-10-19 06:21:10
7685, WvpyAsT3fIGSU04eHwx2, 2019-10-05 11:17:27, 2019-10-19 06:21:10
7686, 5gLG4xLQsRsmJI5lWn0G, 2019-10-05 11:17:27, 2019-10-19 06:21:10
7687, PxYOpkWYRtDPC02eeYdg, 2019-10-05 11:17:27, 2019-10-19 06:21:10
7688, zQrSHQMzijbElvBr7CHR, 2019-10-05 11:17:27, 2019-10-19 06:21:10
7689, CW1ccCXcUfmiPPqQR2XN, 2019-10-05 11:17:27, 2019-10-19 06:21:10
7690, JTBTlytQ1FQnocdTTy35, 2019-10-05 11:17:27, 2019-10-19 06:21:10
7691, tLzRb1XHr6oucogk4JOc, 2019-10-05 11:17:27, 2019-10-19 06:21:10
7692, UH0H5vHuNn4NAL8MRTN2, 2019-10-05 11:17:27, 2019-10-19 06:21:10
7693, w9dbYVt41AGYujc2ypUr, 2019-10-05 11:17:27, 2019-10-19 06:21:10
7694, mPX7dDv8alwyQNU6ffS6, 2019-10-05 11:17:27, 2019-10-19 06:21:10
7695, k1EIv0LHXxBe173HWFA9, 2019-10-05 11:17:27, 2019-10-19 06:21:10
7696, IKHDkWNeVoCksi89NSpy, 2019-10-05 11:17:27, 2019-10-19 06:21:10
7697, u7ZnCAzD1DULiQegO3l7, 2019-10-05 11:17:27, 2019-10-19 06:21:10
7698, lz0qQOGUVOJQs3KvrUGG, 2019-10-05 11:17:27, 2019-10-19 06:21:10
7699, DZmOqGUVTIoC17ugKvmF, 2019-10-05 11:17:27, 2019-10-19 06:21:10
7700, i0YeYS2Ydeznvqq5ruEC, 2019-10-05 11:17:27, 2019-10-19 06:21:10
7701, kyycuLumP10w0GvvHsge, 2019-10-05 11:17:27, 2019-10-19 06:21:10
7702, QnK12G5fcBWIIU55if7p, 2019-10-05 11:17:27, 2019-10-19 06:21:10
7703, sexNPyGszGiyQzESYYxJ, 2019-10-05 11:17:27, 2019-10-19 06:21:10
7704, yujPR9SKUcwhtL6iqE3i, 2019-10-05 11:17:27, 2019-10-19 06:21:10
7705, y6ELypZ8C0p91L3t5GyJ, 2019-10-05 11:17:27, 2019-10-19 06:21:10
7706, QcJPaMXU5NrDYW2InGL2, 2019-10-05 11:17:27, 2019-10-19 06:21:10
7707, sugCwMaA6LXjjtJQ7HNo, 2019-10-05 11:17:27, 2019-10-19 06:21:10
7708, VuEdtQgYiMbxms9GvysT, 2019-10-05 11:17:27, 2019-10-19 06:21:10
7709, 2CFAwvytxDWPBOWp7rIH, 2019-10-05 11:17:27, 2019-10-19 06:21:10
7710, VooHAHdcazQcln4gANDa, 2019-10-05 11:17:27, 2019-10-19 06:21:10
7711, T556ULf4FFPzzilFO28T, 2019-10-05 11:17:27, 2019-10-19 06:21:10
7712, XzbDoJnd6vDxOXAD1b3t, 2019-10-05 11:17:27, 2019-10-19 06:21:10
7713, foo2eQYX5WNM6kreADyc, 2019-10-05 11:17:27, 2019-10-19 06:21:10
7714, k2xHMfxMcs0epqrfmjKo, 2019-10-05 11:17:27, 2019-10-19 06:21:10
7715, mcTgbkEv7KemByr02Cr9, 2019-10-05 11:17:27, 2019-10-19 06:21:10
7716, RK3yxl9GctnC9jNWRUsF, 2019-10-05 11:17:27, 2019-10-19 06:21:10
7717, kn7VeauzR7F5tyaMSqii, 2019-10-05 11:17:27, 2019-10-19 06:21:10
7718, czaDMOTvjYW6TC5KYpHY, 2019-10-05 11:17:27, 2019-10-19 06:21:10
7719, pjZO6LKawi73Iqrpxibr, 2019-10-05 11:17:27, 2019-10-19 06:21:10
7720, S1ptQQTIFkY7NyATNJCb, 2019-10-05 11:17:27, 2019-10-19 06:21:10
7721, z5XGAI5M1YkpuYFVJoUK, 2019-10-05 11:17:27, 2019-10-19 06:21:10
7722, SEXmsfj2f29LvgAsEWVS, 2019-10-05 11:17:27, 2019-10-19 06:21:10
7723, wNhgrSDnjh8ViDG04jKp, 2019-10-05 11:17:27, 2019-10-19 06:21:10
7724, hgB5ulMou3hYsPhWXIfh, 2019-10-05 11:17:27, 2019-10-19 06:21:10
7725, nxrBelXADHZg68K0yO7m, 2019-10-05 11:17:27, 2019-10-19 06:21:10
7726, YPUUwj2pTBdEhjA7nsP1, 2019-10-05 11:17:27, 2019-10-19 06:21:10
7727, woRW4wlZs1DrAu4Hfe9z, 2019-10-05 11:17:27, 2019-10-19 06:21:10
7728, atqbIzmdX04HpiDd59Yf, 2019-10-05 11:17:27, 2019-10-19 06:21:10
7729, tQm6y9dZFTVHQ93TIJrc, 2019-10-05 11:17:27, 2019-10-19 06:21:10
7730, aY9Vz3JsGujwJB3S5abL, 2019-10-05 11:17:27, 2019-10-19 06:21:10
7731, JN6K4y55Yu8dbOafSRid, 2019-10-05 11:17:27, 2019-10-19 06:21:10
7732, uMVGiPHpORyj6glh0Cex, 2019-10-05 11:17:27, 2019-10-19 06:21:10
7733, CCxp2rGDPy0wflsWJNVd, 2019-10-05 11:17:27, 2019-10-19 06:21:10
7734, uRulZdCuzO63FKGycLRN, 2019-10-05 11:17:27, 2019-10-19 06:21:10
7735, Nu4lOHM3KmsVOitBeWiD, 2019-10-05 11:17:27, 2019-10-19 06:21:10
7736, pJIstmPsJCGF3ONYRzY5, 2019-10-05 11:17:27, 2019-10-19 06:21:10
7737, NXqihqnT6GYCbkfe4Xs6, 2019-10-05 11:17:27, 2019-10-19 06:21:10
7738, 7FypqilxX1cbWbhjH4ui, 2019-10-05 11:17:27, 2019-10-19 06:21:10
7739, 02MpNeCPHV4I8JIvq9uW, 2019-10-05 11:17:27, 2019-10-19 06:21:10
7740, pECBTqTrYqgBSNQvilNH, 2019-10-05 11:17:27, 2019-10-19 06:21:10
7741, KNRmuPeIVXRP62myoLm0, 2019-10-05 11:17:27, 2019-10-19 06:21:10
7742, Mv6M6nfHj3rWKSnCwFRi, 2019-10-05 11:17:27, 2019-10-19 06:21:10
7743, BfozqUuRcHz0fuK3jJWV, 2019-10-05 11:17:27, 2019-10-19 06:21:10
7744, JMKnMs0Etea28IfiqZdK, 2019-10-05 11:17:27, 2019-10-19 06:21:10
7745, vchro2OPee1xLzxg1GyX, 2019-10-05 11:17:27, 2019-10-19 06:21:10
7746, wsYQHFCBorCPvEFwgQr5, 2019-10-05 11:17:27, 2019-10-19 06:21:10
7747, yPwlYz1kFLqZPB1OYNG7, 2019-10-05 11:17:27, 2019-10-19 06:21:10
7748, 4twOmuTQec0YoSovUhyl, 2019-10-05 11:17:27, 2019-10-19 06:21:10
7749, QnXVZ5T8pMkKVtnqXxMR, 2019-10-05 11:17:27, 2019-10-19 06:21:10
7750, jwNXT850OR7cTZmMOtSP, 2019-10-05 11:17:27, 2019-10-19 06:21:10
7751, eGIB3w78BHReAN2hz2d4, 2019-10-05 11:17:27, 2019-10-19 06:21:10
7752, O9nEEqVl1jx6WfX3LWQz, 2019-10-05 11:17:27, 2019-10-19 06:21:10
7753, 2wr22GLLAlL8wBojLKsV, 2019-10-05 11:17:27, 2019-10-19 06:21:10
7754, cGmHAVss19z8zPbkHvJi, 2019-10-05 11:17:27, 2019-10-19 06:21:10
7755, lCS7Iy35O26Eegl0mDaK, 2019-10-05 11:17:27, 2019-10-19 06:21:10
7756, e1ClyO7rglTQSAMu24bd, 2019-10-05 11:17:27, 2019-10-19 06:21:10
7757, oAzxxTzJyAU065GFk168, 2019-10-05 11:17:27, 2019-10-19 06:21:10
7758, Wv8vcxdrYFySUSTyFQIl, 2019-10-05 11:17:27, 2019-10-19 06:21:10
7759, 4tNvEcTgKWNdjbOXUnfP, 2019-10-05 11:17:27, 2019-10-19 06:21:10
7760, 1DQwPfzWuEDNI3Uhmza0, 2019-10-05 11:17:27, 2019-10-19 06:21:10
7761, hGBmjIQ2XB5pllt3RxSn, 2019-10-05 11:17:27, 2019-10-19 06:21:10
7762, Kn3dszL2iUjQjvr9FaFG, 2019-10-05 11:17:27, 2019-10-19 06:21:10
7763, oweA6EGDCW17YezGbLrx, 2019-10-05 11:17:27, 2019-10-19 06:21:10
7764, J4qTo4Mh3JjXjqQ5rILp, 2019-10-05 11:17:27, 2019-10-19 06:21:10
7765, Ijg5aMFT0Wuhd8VMme80, 2019-10-05 11:17:27, 2019-10-19 06:21:10
7766, hBaD5PTJUcagawdsYQO1, 2019-10-05 11:17:27, 2019-10-19 06:21:10
7767, 9u8MUhmqCJWxHxikgDEq, 2019-10-05 11:17:27, 2019-10-19 06:21:10
7768, bQoqlsDFcAiC8DUNd2fb, 2019-10-05 11:17:27, 2019-10-19 06:21:10
7769, iZbXE7LV6qaEOanspYMQ, 2019-10-05 11:17:27, 2019-10-19 06:21:10
7770, ffnAAy25OEpzoH7jipKU, 2019-10-05 11:17:27, 2019-10-19 06:21:10
7771, ngt04Q8uIs0PChoQRdGX, 2019-10-05 11:17:27, 2019-10-19 06:21:10
7772, qtC09xcJM6MUQwZJC1Za, 2019-10-05 11:17:27, 2019-10-19 06:21:10
7773, WXvIyYcns1ATQ9GmPS85, 2019-10-05 11:17:27, 2019-10-19 06:21:10
7774, mRHeaVerR5hKaZ61YqD8, 2019-10-05 11:17:27, 2019-10-19 06:21:10
7775, wIySMa8hqzod2kUwaax4, 2019-10-05 11:17:27, 2019-10-19 06:21:10
7776, Dg4M9jtNHlEIYvv2CkVG, 2019-10-05 11:17:27, 2019-10-19 06:21:10
7777, PWjopE4xTTBsMrruB5T7, 2019-10-05 11:17:27, 2019-10-19 06:21:10
7778, fXZ6saROZfJPu5vJrgBy, 2019-10-05 11:17:27, 2019-10-19 06:21:10
7779, xoaWaDcW4Pa5mj52ZhW9, 2019-10-05 11:17:27, 2019-10-19 06:21:10
7780, cF3JGW71t6r7oMzprPLW, 2019-10-05 11:17:27, 2019-10-19 06:21:10
7781, ubFoLfD2EVwhrTm1lKrN, 2019-10-05 11:17:27, 2019-10-19 06:21:10
7782, p1C9dXPC7HvF76vbsyAI, 2019-10-05 11:17:27, 2019-10-19 06:21:10
7783, xXmb5ViSXbSaDaZRlIPO, 2019-10-05 11:17:27, 2019-10-19 06:21:10
7784, 0auFh7DSmXWIqRSXZyR8, 2019-10-05 11:17:27, 2019-10-19 06:21:10
7785, O8h7yvsMwLJTX2P3CJhD, 2019-10-05 11:17:27, 2019-10-19 06:21:10
7786, 1Gu4OYdn641uqsKMRcxx, 2019-10-05 11:17:27, 2019-10-19 06:21:10
7787, SKKtT5ijX7Xe2j12LoO5, 2019-10-05 11:17:27, 2019-10-19 06:21:10
7788, 5nFM6IfeWWFx9H166oJS, 2019-10-05 11:17:27, 2019-10-19 06:21:10
7789, 4IL4UafGQc32sgzqWNKS, 2019-10-05 11:17:27, 2019-10-19 06:21:10
7790, 9IcMKqSUX3ZqwsRuHJNT, 2019-10-05 11:17:27, 2019-10-19 06:21:10
7791, 3PAe0R8itLSjKFAfvoN2, 2019-10-05 11:17:27, 2019-10-19 06:21:10
7792, AYrr7p1cIO8BCwFHlVjH, 2019-10-05 11:17:27, 2019-10-19 06:21:10
7793, SynIAxEx46wnr2RPFGn0, 2019-10-05 11:17:27, 2019-10-19 06:21:10
7794, LWndMtYnUHFdHj3gHAQp, 2019-10-05 11:17:27, 2019-10-19 06:21:10
7795, lUqjd2p3B0MdWetABZSe, 2019-10-05 11:17:27, 2019-10-19 06:21:10
7796, OgOmPz7uE4ggE1Zp0geh, 2019-10-05 11:17:27, 2019-10-19 06:21:10
7797, iq5oRskLWZMduzYeTzHP, 2019-10-05 11:17:27, 2019-10-19 06:21:10
7798, JRQ6c4SVDsgvbBTQe1Ae, 2019-10-05 11:17:27, 2019-10-19 06:21:10
7799, QgtD1NPjqr7oLVFd5QlA, 2019-10-05 11:17:27, 2019-10-19 06:21:10
7800, 0RNXg0onNgGCakfi7JEo, 2019-10-05 11:17:27, 2019-10-19 06:21:10
7801, MVdXaa8h89t4UurGwyLi, 2019-10-05 11:17:27, 2019-10-19 06:21:10
7802, qXO8lFyaJLhwt8NKL7TQ, 2019-10-05 11:17:27, 2019-10-19 06:21:10
7803, bnQUK2Qh7GRsqVd08DTc, 2019-10-05 11:17:27, 2019-10-19 06:21:10
7804, 3v8W8hwkxWeAoZ4CsXgC, 2019-10-05 11:17:27, 2019-10-19 06:21:10
7805, qTWMesk2lVGgQEvG0V5Y, 2019-10-05 11:17:27, 2019-10-19 06:21:10
7806, SAMQqxmYsYSbRuRQ3Sd1, 2019-10-05 11:17:27, 2019-10-19 06:21:10
7807, VWoVNKBye0T3jLpgx2ly, 2019-10-05 11:17:27, 2019-10-19 06:21:10
7808, Owevz3fjIcdAHxL1Eof5, 2019-10-05 11:17:27, 2019-10-19 06:21:10
7809, 2AcFYhUlK8xzEEmR2l6p, 2019-10-05 11:17:27, 2019-10-19 06:21:10
7810, PvgbzLVR0SXC0UGBYIf4, 2019-10-05 11:17:27, 2019-10-19 06:21:10
7811, MYt2nOjSgIeOlqADbWgh, 2019-10-05 11:17:27, 2019-10-19 06:21:10
7812, sWOyQwKAwkKitAdu86Nv, 2019-10-05 11:17:27, 2019-10-19 06:21:11
7813, QbsCDrejEvZNyc82Dh2z, 2019-10-05 11:17:27, 2019-10-19 06:21:11
7814, hdT5xzESkIOBMOwezON2, 2019-10-05 11:17:27, 2019-10-19 06:21:11
7815, c40t4X5xKTPC3tSM1Kw9, 2019-10-05 11:17:27, 2019-10-19 06:21:11
7816, U2Ivkwfwi9fiwJy9FONk, 2019-10-05 11:17:27, 2019-10-19 06:21:11
7817, SBlrUDPUwSlV54tZwkWf, 2019-10-05 11:17:27, 2019-10-19 06:21:11
7818, xUtAIHK6oScIXjHmgRv3, 2019-10-05 11:17:27, 2019-10-19 06:21:11
7819, uJjekOBRV8HtEWKjHYJx, 2019-10-05 11:17:27, 2019-10-19 06:21:11
7820, bZCmI4VR4JTW4GIQMbEE, 2019-10-05 11:17:27, 2019-10-19 06:21:11
7821, fKfyaq66g1LCvtqFILXm, 2019-10-05 11:17:27, 2019-10-19 06:21:11
7822, WoNUgxfVztwWqtWNZEGn, 2019-10-05 11:17:27, 2019-10-19 06:21:11
7823, qhUg6qZIT6Wp4b2ewm1Z, 2019-10-05 11:17:27, 2019-10-19 06:21:11
7824, 7brzmw2QoCF3NGyNnjEE, 2019-10-05 11:17:27, 2019-10-19 06:21:11
7825, 0teJSPsqK6L1NgNfbGCG, 2019-10-05 11:17:27, 2019-10-19 06:21:11
7826, HNGgovFx99MOtPjd9iK1, 2019-10-05 11:17:27, 2019-10-19 06:21:11
7827, PrhUOpjkCdNjW1Al0jCs, 2019-10-05 11:17:27, 2019-10-19 06:21:11
7828, sVxZta9cN2fzrXcy3QLy, 2019-10-05 11:17:27, 2019-10-19 06:21:11
7829, YR7x8nKYkfsY7xqFXBmo, 2019-10-05 11:17:27, 2019-10-19 06:21:11
7830, sFY4X6DLXt0CJGoeQfSF, 2019-10-05 11:17:27, 2019-10-19 06:21:11
7831, 9Rdd0TAkCLGIlH82fWom, 2019-10-05 11:17:27, 2019-10-19 06:21:11
7832, byWCzIreqgEHuPkBvlTx, 2019-10-05 11:17:27, 2019-10-19 06:21:11
7833, MybaFXdHqnaOucV1hyVY, 2019-10-05 11:17:27, 2019-10-19 06:21:11
7834, ceZaBw9xzmCy1ss6q2Gw, 2019-10-05 11:17:27, 2019-10-19 06:21:11
7835, IbwSzYeZt6McgGDE8B3x, 2019-10-05 11:17:27, 2019-10-19 06:21:11
7836, ZzyAFP5LyMICeupsUf0I, 2019-10-05 11:17:27, 2019-10-19 06:21:11
7837, 0SbzPpJeqGkjcAlJ1EWI, 2019-10-05 11:17:27, 2019-10-19 06:21:11
7838, G3CxvY11kksoksBy9wcu, 2019-10-05 11:17:27, 2019-10-19 06:21:11
7839, WEYFGtl1bKosx5wkna9j, 2019-10-05 11:17:27, 2019-10-19 06:21:11
7840, rQVkfcSSEIpRnMUEzMiD, 2019-10-05 11:17:27, 2019-10-19 06:21:11
7841, 9TkM6ATNxKM3JpVz6YoT, 2019-10-05 11:17:27, 2019-10-19 06:21:11
7842, pHZ1qL4EBcTQdTBCzioB, 2019-10-05 11:17:27, 2019-10-19 06:21:11
7843, tgQS8zQdpEc78ZUxQaHG, 2019-10-05 11:17:27, 2019-10-19 06:21:11
7844, BJpUuPqBolcS6Wd2EFQL, 2019-10-05 11:17:27, 2019-10-19 06:21:11
7845, swBeCOguXc1kR5TSJZZi, 2019-10-05 11:17:27, 2019-10-19 06:21:11
7846, x8IvcbfKg1xPYno1zKZQ, 2019-10-05 11:17:27, 2019-10-19 06:21:11
7847, kftDHcdZ4O1dLQPTfp8G, 2019-10-05 11:17:27, 2019-10-19 06:21:11
7848, GCwK1OL2HwDjAHHJ1vwf, 2019-10-05 11:17:27, 2019-10-19 06:21:11
7849, FjoEht0qTUkHlmpyZHF4, 2019-10-05 11:17:27, 2019-10-19 06:21:11
7850, RCYjb21sLkGBQXVKsyeK, 2019-10-05 11:17:27, 2019-10-19 06:21:11
7851, lceGE663ak2FFIkftyDa, 2019-10-05 11:17:27, 2019-10-19 06:21:11
7852, DZYndv5Nj1iyccJk5F8t, 2019-10-05 11:17:27, 2019-10-19 06:21:11
7853, whB9rZcVIzgJFpg14rPy, 2019-10-05 11:17:27, 2019-10-19 06:21:11
7854, sIRI4cGZWCvoT6ZIQP7B, 2019-10-05 11:17:27, 2019-10-19 06:21:11
7855, wjK2hcgPqKL8hD5CvjNU, 2019-10-05 11:17:27, 2019-10-19 06:21:11
7856, kJGCERLTHGkaTOpdQN3A, 2019-10-05 11:17:27, 2019-10-19 06:21:11
7857, n11F6NeUhLyGvuIaI7EC, 2019-10-05 11:17:27, 2019-10-19 06:21:11
7858, Ri7HgQuI0RU5eLVUCQwO, 2019-10-05 11:17:27, 2019-10-19 06:21:11
7859, cKVXIKg7IAUN3VuHP6Gn, 2019-10-05 11:17:27, 2019-10-19 06:21:11
7860, r8wUjtg9FV2SvjsCYfrF, 2019-10-05 11:17:27, 2019-10-19 06:21:11
7861, t68SxmrAT1LthB4CD5aV, 2019-10-05 11:17:27, 2019-10-19 06:21:11
7862, 6nHZy0K1udF50fgm508J, 2019-10-05 11:17:27, 2019-10-19 06:21:11
7863, rhCSqINGkST4ClQDm3ID, 2019-10-05 11:17:27, 2019-10-19 06:21:11
7864, WopMjOIMWTXJwFTQzE17, 2019-10-05 11:17:27, 2019-10-19 06:21:11
7865, MTmVrvT1dX9tBf4AL6gy, 2019-10-05 11:17:27, 2019-10-19 06:21:11
7866, lgUZCbkHEdgnXlL3S9Qk, 2019-10-05 11:17:27, 2019-10-19 06:21:11
7867, 12pAA0EQ0KPYQldLgUTV, 2019-10-05 11:17:27, 2019-10-19 06:21:11
7868, ezAc8uLpyvhOVhi2LHXo, 2019-10-05 11:17:27, 2019-10-19 06:21:11
7869, 9kkFIDaWHPtIMIQbOkXB, 2019-10-05 11:17:27, 2019-10-19 06:21:11
7870, VbDkJbleYIVEaVK8jFQp, 2019-10-05 11:17:27, 2019-10-19 06:21:11
7871, 2NhqwKqt52MVORW7tgyN, 2019-10-05 11:17:27, 2019-10-19 06:21:11
7872, KnJBcWRaSoLRUCvbtIJt, 2019-10-05 11:17:27, 2019-10-19 06:21:11
7873, wrDu5H3WGHtvrJsuP6Kn, 2019-10-05 11:17:27, 2019-10-19 06:21:11
7874, lGc4Z00MGqZTVscERZcF, 2019-10-05 11:17:27, 2019-10-19 06:21:11
7875, BMdiN1Wi608aZRzQq2Jd, 2019-10-05 11:17:27, 2019-10-19 06:21:11
7876, 1Kzc2DtK4DjxdrTZf5wS, 2019-10-05 11:17:27, 2019-10-19 06:21:11
7877, vqhaVY3gwIBhacyBBhdB, 2019-10-05 11:17:27, 2019-10-19 06:21:11
7878, 2MZZ6RxBxlZGLA4fTzk8, 2019-10-05 11:17:27, 2019-10-19 06:21:11
7879, TX11ZEJmJcXp7FyJe7n2, 2019-10-05 11:17:27, 2019-10-19 06:21:11
7880, OMUhB2Gfo03ObSHUetgP, 2019-10-05 11:17:27, 2019-10-19 06:21:11
7881, vyr5Ay7a2Z0D5KJancCD, 2019-10-05 11:17:27, 2019-10-19 06:21:11
7882, AfXM9iyKVph0G7VBRmyy, 2019-10-05 11:17:27, 2019-10-19 06:21:11
7883, a98Y08ZzgG4xcz3JF6Rx, 2019-10-05 11:17:27, 2019-10-19 06:21:11
7884, LgCqCy5vUa50zJyW8F8M, 2019-10-05 11:17:27, 2019-10-19 06:21:11
7885, dRSQAmdHYwlkXCKhlb2u, 2019-10-05 11:17:27, 2019-10-19 06:21:11
7886, msRSCEcC1GrdJXGyeKHz, 2019-10-05 11:17:27, 2019-10-19 06:21:11
7887, 90EqWgsYHskXSgN1ZNJI, 2019-10-05 11:17:27, 2019-10-19 06:21:11
7888, h5LYtM9sGRo3rtx52LmE, 2019-10-05 11:17:27, 2019-10-19 06:21:11
7889, kXHUnGWeeEYBkqNTYv9Z, 2019-10-05 11:17:27, 2019-10-19 06:21:11
7890, JqcHeQdz6yphe3cH9ggk, 2019-10-05 11:17:27, 2019-10-19 06:21:11
7891, lwqD1aJfOXY6ZH4Sdedj, 2019-10-05 11:17:27, 2019-10-19 06:21:11
7892, toinQXcFHtTOuD3NJGXR, 2019-10-05 11:17:27, 2019-10-19 06:21:11
7893, YaLTGmaLLl7RMFvp4zkl, 2019-10-05 11:17:27, 2019-10-19 06:21:11
7894, yZTDYp5PAgSFtqD9JsHk, 2019-10-05 11:17:27, 2019-10-19 06:21:11
7895, vt2spYieKx7Z64D31uzk, 2019-10-05 11:17:27, 2019-10-19 06:21:11
7896, Bu58E9Enf1HMtAnjQ3U1, 2019-10-05 11:17:27, 2019-10-19 06:21:11
7897, M3Sw5kN11EijPvXIzcZO, 2019-10-05 11:17:27, 2019-10-19 06:21:11
7898, YU6NAKzhOgpVAOrJTRA7, 2019-10-05 11:17:27, 2019-10-19 06:21:11
7899, yJArjrDs0u8VckWyXMcu, 2019-10-05 11:17:27, 2019-10-19 06:21:11
7900, DuuwqPeEuQCsfqmffY9V, 2019-10-05 11:17:27, 2019-10-19 06:21:11
7901, hX1ENT1LQj18YN70Fu60, 2019-10-05 11:17:27, 2019-10-19 06:21:11
7902, yjHh9POUHQk0J1Txz5Df, 2019-10-05 11:17:27, 2019-10-19 06:21:11
7903, mXizymJL7Vaa6ZkTIFzr, 2019-10-05 11:17:27, 2019-10-19 06:21:11
7904, ZFpMSQYq187tgSSvscgR, 2019-10-05 11:17:27, 2019-10-19 06:21:11
7905, iqOWSz3o4ouiJ094YjoF, 2019-10-05 11:17:27, 2019-10-19 06:21:11
7906, KOkQy18UJHEiVUXLBO7I, 2019-10-05 11:17:27, 2019-10-19 06:21:11
7907, 6u4PbMyHUCQxWawOGucp, 2019-10-05 11:17:27, 2019-10-19 06:21:11
7908, TkDJgyxJotsNYAcCT5AJ, 2019-10-05 11:17:27, 2019-10-19 06:21:11
7909, Pmj6JXzwhiw40ryu7JyF, 2019-10-05 11:17:27, 2019-10-19 06:21:11
7910, 4YK9tZkI6KsTyEpzc3gg, 2019-10-05 11:17:27, 2019-10-19 06:21:11
7911, HojnNt2GwP41jsV0NZld, 2019-10-05 11:17:27, 2019-10-19 06:21:11
7912, dWZLfvUksPI9EMOydOwE, 2019-10-05 11:17:27, 2019-10-19 06:21:11
7913, XFV8sbnHv6wrVin1r3q5, 2019-10-05 11:17:27, 2019-10-19 06:21:11
7914, QgXSvbCso0L16vk2Njad, 2019-10-05 11:17:27, 2019-10-19 06:21:11
7915, eVsouL8nk4zovawrxtmW, 2019-10-05 11:17:27, 2019-10-19 06:21:11
7916, IUgZGuD8y8fE0d3J4F3P, 2019-10-05 11:17:27, 2019-10-19 06:21:11
7917, XPOQHQq1IGudeGrDhbcf, 2019-10-05 11:17:27, 2019-10-19 06:21:11
7918, 1Itajzauv0OmHR0zgiVF, 2019-10-05 11:17:27, 2019-10-19 06:21:11
7919, KsChXuTHGZ1eWtu5mpFo, 2019-10-05 11:17:27, 2019-10-19 06:21:11
7920, 5H9AJpS4XvqHRH29y0yK, 2019-10-05 11:17:27, 2019-10-19 06:21:11
7921, K3DDBox6KMsSnMPMB4jl, 2019-10-05 11:17:27, 2019-10-19 06:21:11
7922, nAWEWwqwkkHGeFfIO09O, 2019-10-05 11:17:27, 2019-10-19 06:21:11
7923, a5olvCz9htuDoNy8NShB, 2019-10-05 11:17:27, 2019-10-19 06:21:11
7924, iZ9L0vQLfjEFDGjzezJ3, 2019-10-05 11:17:27, 2019-10-19 06:21:11
7925, fCUEcIYfknkWImeozBmB, 2019-10-05 11:17:27, 2019-10-19 06:21:11
7926, vaQDPm9WFdpnlGuafn0f, 2019-10-05 11:17:27, 2019-10-19 06:21:11
7927, sDGC8VikL3nmGQMP69Zy, 2019-10-05 11:17:27, 2019-10-19 06:21:11
7928, MPzExCo1z1HSLUOFzhnt, 2019-10-05 11:17:27, 2019-10-19 06:21:11
7929, LZYyd7KbP3XiepmzSsN9, 2019-10-05 11:17:27, 2019-10-19 06:21:11
7930, ERrdgqw3gTHyj4Yk1q3S, 2019-10-05 11:17:27, 2019-10-19 06:21:11
7931, 8O3zKZimsQFjTkxFEdP2, 2019-10-05 11:17:27, 2019-10-19 06:21:11
7932, G1rcY6nAAk3FFzvi8N8T, 2019-10-05 11:17:27, 2019-10-19 06:21:11
7933, VpPRqJfP1LoQzxEfBr82, 2019-10-05 11:17:27, 2019-10-19 06:21:11
7934, v2VoMe00arrwbEymU9WW, 2019-10-05 11:17:27, 2019-10-19 06:21:11
7935, BsYf6oRI7jyNSCeS7gqq, 2019-10-05 11:17:27, 2019-10-19 06:21:11
7936, 2pBAlEuehEYxMBwkp2XI, 2019-10-05 11:17:27, 2019-10-19 06:21:11
7937, WCrI7w2JCYRnrEJEH2qp, 2019-10-05 11:17:27, 2019-10-19 06:21:11
7938, 9oAWTBCoG9XPZ8rHlRqX, 2019-10-05 11:17:27, 2019-10-19 06:21:11
7939, 3R1YCg9mc9ZHH5UD9kBJ, 2019-10-05 11:17:27, 2019-10-19 06:21:11
7940, 4hJT57Nygmz1Jaq8u7to, 2019-10-05 11:17:27, 2019-10-19 06:21:11
7941, 9h7n0rBWZBDRNX4KnVF6, 2019-10-05 11:17:27, 2019-10-19 06:21:11
7942, D1hHJsUhIVwNrh0xm3p6, 2019-10-05 11:17:27, 2019-10-19 06:21:11
7943, 07pDTB5EEXES966v9Esd, 2019-10-05 11:17:27, 2019-10-19 06:21:11
7944, NqcKmJ2l7U62juxCB9f3, 2019-10-05 11:17:27, 2019-10-19 06:21:11
7945, ECd63QvyHqg4yBVKlfRF, 2019-10-05 11:17:27, 2019-10-19 06:21:11
7946, L2TxP9a7uxI7YXgtOQnu, 2019-10-05 11:17:27, 2019-10-19 06:21:11
7947, nsLQNTbqhRKScmE6DppP, 2019-10-05 11:17:27, 2019-10-19 06:21:11
7948, wiROJI7HTfoROUDazgLG, 2019-10-05 11:17:27, 2019-10-19 06:21:11
7949, TkgA4jVys0Z3Ph48abU8, 2019-10-05 11:17:27, 2019-10-19 06:21:11
7950, pJslBZyy5KiSTvpO7C4l, 2019-10-05 11:17:27, 2019-10-19 06:21:11
7951, 0as2g6r0kEYkoH0OodND, 2019-10-05 11:17:27, 2019-10-19 06:21:11
7952, NVshluF3z1DbBLPeDowD, 2019-10-05 11:17:27, 2019-10-19 06:21:11
7953, Bv4pKAWGwA9Ij0JQ0ZYf, 2019-10-05 11:17:27, 2019-10-19 06:21:11
7954, bDqivzEcZfaaPvpjmJAu, 2019-10-05 11:17:27, 2019-10-19 06:21:11
7955, JvzvcKvgZSzz8OZy2ovQ, 2019-10-05 11:17:27, 2019-10-19 06:21:11
7956, IcQu9pVYSiBDNoXMk3nL, 2019-10-05 11:17:27, 2019-10-19 06:21:11
7957, AkHVBxhLxRZqsNfqJ868, 2019-10-05 11:17:27, 2019-10-19 06:21:11
7958, z72ha62YbL10p0KF3hN8, 2019-10-05 11:17:27, 2019-10-19 06:21:11
7959, 8gbh10hbCeeZAaeCQAr0, 2019-10-05 11:17:27, 2019-10-19 06:21:11
7960, U4LScBPe7xKzIoS92GHz, 2019-10-05 11:17:27, 2019-10-19 06:21:11
7961, oqccS8SkfHlzUqkXzm22, 2019-10-05 11:17:27, 2019-10-19 06:21:11
7962, LVHOkK5QnRtEgXWIxsQC, 2019-10-05 11:17:27, 2019-10-19 06:21:11
7963, 557x7yoOhmFEVr7zzu3n, 2019-10-05 11:17:27, 2019-10-19 06:21:11
7964, LJt0r6mq16v9tuoWWNfm, 2019-10-05 11:17:27, 2019-10-19 06:21:11
7965, LdliWqlHtnHKclP4iQk2, 2019-10-05 11:17:27, 2019-10-19 06:21:11
7966, 5BgHmaSSYfOLQct9voFM, 2019-10-05 11:17:27, 2019-10-19 06:21:11
7967, B4oMtcr4C5H6kroSSPX9, 2019-10-05 11:17:27, 2019-10-19 06:21:11
7968, uY4XgMjJAaJH96sRytHN, 2019-10-05 11:17:27, 2019-10-19 06:21:11
7969, TMbFrXHpPpR95LObnhg1, 2019-10-05 11:17:27, 2019-10-19 06:21:11
7970, fDXFVldtXbtHTwJSI2X7, 2019-10-05 11:17:27, 2019-10-19 06:21:11
7971, Agx6oioqH2ZlZqDPe4Qo, 2019-10-05 11:17:27, 2019-10-19 06:21:11
7972, Uv9aPnP87vuUMteSEVvh, 2019-10-05 11:17:27, 2019-10-19 06:21:11
7973, i4YW3YiCmpnfz2TK4zTH, 2019-10-05 11:17:27, 2019-10-19 06:21:11
7974, GuwHNZc3gIZjZDDjjv90, 2019-10-05 11:17:27, 2019-10-19 06:21:11
7975, hK36jgAxUqEyMbOQjQai, 2019-10-05 11:17:27, 2019-10-19 06:21:11
7976, Pbe9CZtcoK0g8SP7KVaP, 2019-10-05 11:17:27, 2019-10-19 06:21:11
7977, kXta0MUKxYlH8kWZxX6M, 2019-10-05 11:17:27, 2019-10-19 06:21:11
7978, KQZXHuebWVZ9kWWUbnDM, 2019-10-05 11:17:27, 2019-10-19 06:21:11
7979, EPjovEEPq5e46kZqKkqm, 2019-10-05 11:17:27, 2019-10-19 06:21:11
7980, pD0nZbgfgLSORVFE4AC3, 2019-10-05 11:17:27, 2019-10-19 06:21:11
7981, fCN92ALz6G5SGRqHPZ16, 2019-10-05 11:17:27, 2019-10-19 06:21:11
7982, etdeVw68U9dnh4Jxbxpj, 2019-10-05 11:17:27, 2019-10-19 06:21:11
7983, No8bn4gO8TjqA27O0gk7, 2019-10-05 11:17:27, 2019-10-19 06:21:11
7984, pDD230EOtBJ8dl735xEP, 2019-10-05 11:17:27, 2019-10-19 06:21:11
7985, ORy9GrhfIjcYXpQuQY9s, 2019-10-05 11:17:27, 2019-10-19 06:21:11
7986, ESSnuTSo2IepfrXHmzBc, 2019-10-05 11:17:27, 2019-10-19 06:21:11
7987, BK3NiIov733AgtRwpwFM, 2019-10-05 11:17:27, 2019-10-19 06:21:11
7988, mSZQl7hfs1u0SNsPz4yy, 2019-10-05 11:17:27, 2019-10-19 06:21:11
7989, BF1yH6Utl8DAWQtysS5a, 2019-10-05 11:17:27, 2019-10-19 06:21:11
7990, 0tmqSOMbTpVs8dt633j8, 2019-10-05 11:17:27, 2019-10-19 06:21:11
7991, MPSWRITCYYndQ93QQJsv, 2019-10-05 11:17:27, 2019-10-19 06:21:11
7992, ZvTZuvlFFtfbNHDCZPiX, 2019-10-05 11:17:27, 2019-10-19 06:21:11
7993, d3PP89bnfozt06tlfhPk, 2019-10-05 11:17:27, 2019-10-19 06:21:11
7994, piI15dGSV1q4MQXvPFcf, 2019-10-05 11:17:27, 2019-10-19 06:21:11
7995, p9c95H8PI5Rt7tdaS5Jo, 2019-10-05 11:17:27, 2019-10-19 06:21:11
7996, x9HJX5uXMBXb9xRQrHxC, 2019-10-05 11:17:27, 2019-10-19 06:21:11
7997, U0HNo6zbqaIH3V8LavPI, 2019-10-05 11:17:27, 2019-10-19 06:21:11
7998, qUjj8CbNyy2PX1K327RY, 2019-10-05 11:17:27, 2019-10-19 06:21:11
7999, ayuVAdjTf9zRCyQODPFJ, 2019-10-05 11:17:27, 2019-10-19 06:21:11
8000, QuMP3iOcmypCBo9YJYO6, 2019-10-05 11:17:27, 2019-10-19 06:21:11
8001, aiLl0CLMx4NIbmoBCPeJ, 2019-10-05 11:17:27, 2019-10-19 06:21:11
8002, KxQriAvVtpnIHk9pH0Us, 2019-10-05 11:17:27, 2019-10-19 06:21:11
8003, yKXAf8J5pfylBpHhc2IP, 2019-10-05 11:17:27, 2019-10-19 06:21:11
8004, 9JCJ5ly5rGJhKX6s55A8, 2019-10-05 11:17:27, 2019-10-19 06:21:11
8005, 1aW6hgd7hdQ460jWKVvS, 2019-10-05 11:17:27, 2019-10-19 06:21:11
8006, AbCC83YLYkFXwYl6pG00, 2019-10-05 11:17:27, 2019-10-19 06:21:11
8007, r1nui6wxzA4JjkbzEw4c, 2019-10-05 11:17:27, 2019-10-19 06:21:11
8008, z8fksBWNDzvhNF3yWkWz, 2019-10-05 11:17:27, 2019-10-19 06:21:11
8009, cCvaxTE9fhAolwwibjGV, 2019-10-05 11:17:27, 2019-10-19 06:21:11
8010, MJe1B7MBEA9DWURx2ixM, 2019-10-05 11:17:27, 2019-10-19 06:21:11
8011, 6hC6natwrSYX4PXvAkBU, 2019-10-05 11:17:27, 2019-10-19 06:21:11
8012, Ta4OUkdjKSdZvkqEoo3d, 2019-10-05 11:17:27, 2019-10-19 06:21:11
8013, saQDe0tMY5WlzDDYY0FE, 2019-10-05 11:17:27, 2019-10-19 06:21:11
8014, ZH5GSAg2JwOc0Y13zz4s, 2019-10-05 11:17:27, 2019-10-19 06:21:11
8015, ILbJFe5VoSsMjNXYhABf, 2019-10-05 11:17:27, 2019-10-19 06:21:11
8016, PeBWoQOUEtVPNC0pmlQa, 2019-10-05 11:17:27, 2019-10-19 06:21:11
8017, iakbamB7hf8zA0HlfIln, 2019-10-05 11:17:27, 2019-10-19 06:21:11
8018, zafVjF3IVTT3ns11m2gu, 2019-10-05 11:17:27, 2019-10-19 06:21:11
8019, xV9dDoxLr5JrEvPAtKx6, 2019-10-05 11:17:27, 2019-10-19 06:21:11
8020, Kw0jaEZB0fUvXs97IK0e, 2019-10-05 11:17:27, 2019-10-19 06:21:11
8021, B3s1cOSia485XnIQeebK, 2019-10-05 11:17:27, 2019-10-19 06:21:11
8022, JG5jmzJAvHKm7gmgK7mS, 2019-10-05 11:17:27, 2019-10-19 06:21:11
8023, ldrW4t8jlVPCPXHo5DyO, 2019-10-05 11:17:27, 2019-10-19 06:21:11
8024, q53FYVH1DkkvYpiYbqSP, 2019-10-05 11:17:27, 2019-10-19 06:21:12
8025, qhM11m97xO7Hx16p7fNK, 2019-10-05 11:17:27, 2019-10-19 06:21:12
8026, NgtWrgP17tAGp6vII5zU, 2019-10-05 11:17:27, 2019-10-19 06:21:12
8027, at8A4XcAkQMQd3K7nMtJ, 2019-10-05 11:17:27, 2019-10-19 06:21:12
8028, 5pSMa7BG8VrVxYgZPV9E, 2019-10-05 11:17:27, 2019-10-19 06:21:12
8029, 4z6niR2QMQA85O4cXTi1, 2019-10-05 11:17:27, 2019-10-19 06:21:12
8030, jn0k1GRTP92CR4gtORAH, 2019-10-05 11:17:27, 2019-10-19 06:21:12
8031, obE8NQbFuNpyaLfsQlAt, 2019-10-05 11:17:27, 2019-10-19 06:21:12
8032, JIUEjUVPEINoornivCUM, 2019-10-05 11:17:27, 2019-10-19 06:21:12
8033, 5hiORzQUTjXcDu7U9a88, 2019-10-05 11:17:27, 2019-10-19 06:21:12
8034, YWdhBpjwOnaCkWu1YlvP, 2019-10-05 11:17:27, 2019-10-19 06:21:12
8035, BcYRLdk7808nyXkzkCwb, 2019-10-05 11:17:27, 2019-10-19 06:21:12
8036, jF4DBdVuCvqE1PENKqBE, 2019-10-05 11:17:27, 2019-10-19 06:21:12
8037, l9wNyj2wMeQWWt6rkbqK, 2019-10-05 11:17:27, 2019-10-19 06:21:12
8038, alAIe3Kgcld6k2b2pLgB, 2019-10-05 11:17:27, 2019-10-19 06:21:12
8039, ZXO8jLJAD65DS6Ez2nau, 2019-10-05 11:17:27, 2019-10-19 06:21:12
8040, 8RarKCaDIWaL9UOxJqyw, 2019-10-05 11:17:27, 2019-10-19 06:21:12
8041, osSQfZTteussregehDpS, 2019-10-05 11:17:27, 2019-10-19 06:21:12
8042, eUyV9As7UrncywKNeUyZ, 2019-10-05 11:17:27, 2019-10-19 06:21:12
8043, 17oRcqwoyhJ1iFbir7br, 2019-10-05 11:17:27, 2019-10-19 06:21:12
8044, 71usPxgOTrYQ0pNOgCBE, 2019-10-05 11:17:27, 2019-10-19 06:21:12
8045, EGN49bKPjTckh8X94AUC, 2019-10-05 11:17:27, 2019-10-19 06:21:12
8046, peJWcY1VgVLh2Rx4YDcY, 2019-10-05 11:17:27, 2019-10-19 06:21:12
8047, LuRThN0QxvArQcLoyGMp, 2019-10-05 11:17:27, 2019-10-19 06:21:12
8048, puCGSYXv4Adt0pnx2OTU, 2019-10-05 11:17:27, 2019-10-19 06:21:12
8049, SMUpxOT0IpjSo9sS7Igr, 2019-10-05 11:17:27, 2019-10-19 06:21:12
8050, UendaHT8MlTvdXOmn80s, 2019-10-05 11:17:27, 2019-10-19 06:21:12
8051, XKqPqc8DxhQP1dg6Jazq, 2019-10-05 11:17:27, 2019-10-19 06:21:12
8052, dhJWOqKpDYaLHna6qYB5, 2019-10-05 11:17:27, 2019-10-19 06:21:12
8053, WUt9Wfl9RK6rDsXkv2yF, 2019-10-05 11:17:27, 2019-10-19 06:21:12
8054, Vd2hq6JMHEUvyF8UzZrc, 2019-10-05 11:17:27, 2019-10-19 06:21:12
8055, T7CEEjcg26WycWznV9FS, 2019-10-05 11:17:27, 2019-10-19 06:21:12
8056, tUATf77JzBnfHXfWCTwp, 2019-10-05 11:17:27, 2019-10-19 06:21:12
8057, Lu5DHgD1Qw9yqjEkBJ7V, 2019-10-05 11:17:27, 2019-10-19 06:21:12
8058, KlitjcGl6g9HcdCwqfqz, 2019-10-05 11:17:27, 2019-10-19 06:21:12
8059, XZaBBCmnjoSLuzybxCHM, 2019-10-05 11:17:27, 2019-10-19 06:21:12
8060, nggmtLhwqczOToDA0BBj, 2019-10-05 11:17:27, 2019-10-19 06:21:12
8061, 6uy9ASaJyPLjzln8CrNn, 2019-10-05 11:17:27, 2019-10-19 06:21:12
8062, NE8Ej4F5XxRWdzVnv4hl, 2019-10-05 11:17:27, 2019-10-19 06:21:12
8063, maXfIdI2jEfEF9c41hVj, 2019-10-05 11:17:27, 2019-10-19 06:21:12
8064, 9SvjBpauzK3LTYRjhSV9, 2019-10-05 11:17:27, 2019-10-19 06:21:12
8065, 63ZXo3UOj0ZGGKqaZPMu, 2019-10-05 11:17:27, 2019-10-19 06:21:12
8066, NNNlZM2aOWUtSXww8HUO, 2019-10-05 11:17:27, 2019-10-19 06:21:12
8067, 12QLPPG6cfcaHC8nQD6J, 2019-10-05 11:17:27, 2019-10-19 06:21:12
8068, 6hQrbXbTl1TZoN5BHUkM, 2019-10-05 11:17:27, 2019-10-19 06:21:12
8069, vp6AsawTxztawUlWrgzi, 2019-10-05 11:17:27, 2019-10-19 06:21:12
8070, DLSsU48OlHZx3nZgtEs0, 2019-10-05 11:17:27, 2019-10-19 06:21:12
8071, ZBsU9zqU7Pwaoh2OrOkj, 2019-10-05 11:17:27, 2019-10-19 06:21:12
8072, yUkpsjDQOacgYaDS8gk0, 2019-10-05 11:17:27, 2019-10-19 06:21:12
8073, Ln43cOWMXxAlKEhAjUfM, 2019-10-05 11:17:27, 2019-10-19 06:21:12
8074, MNCIGH9eduXVtDjRucTK, 2019-10-05 11:17:27, 2019-10-19 06:21:12
8075, BSNqcSFLcwM9hq74gx9i, 2019-10-05 11:17:27, 2019-10-19 06:21:12
8076, 8zREtXwHvgi08iBJj8wf, 2019-10-05 11:17:27, 2019-10-19 06:21:12
8077, fUQVUyc14Nb5S2pdsOeC, 2019-10-05 11:17:27, 2019-10-19 06:21:12
8078, vqX61Kpv92f8fCMy34A2, 2019-10-05 11:17:27, 2019-10-19 06:21:12
8079, bKcf10BxGNJfMiWXWp2r, 2019-10-05 11:17:27, 2019-10-19 06:21:12
8080, a1yHzzI2gvAmt5yB06Uy, 2019-10-05 11:17:27, 2019-10-19 06:21:12
8081, TfZ9xFI7WNzV5NhaEthu, 2019-10-05 11:17:27, 2019-10-19 06:21:12
8082, ANbE4nh1z4lJVHzM4S51, 2019-10-05 11:17:27, 2019-10-19 06:21:12
8083, 8H1w2GE4vS5Jy6wXHGpu, 2019-10-05 11:17:27, 2019-10-19 06:21:12
8084, qUYIsu8WYkGcEQ27iPXv, 2019-10-05 11:17:27, 2019-10-19 06:21:12
8085, wPNIr8687pTdVdoxZ2Ys, 2019-10-05 11:17:27, 2019-10-19 06:21:12
8086, cIelXzKw4SEC0MEI4YRg, 2019-10-05 11:17:27, 2019-10-19 06:21:12
8087, ma1KZoZGsx2sADwnhdg8, 2019-10-05 11:17:27, 2019-10-19 06:21:12
8088, 98XxSYanXyafrHrPDXpS, 2019-10-05 11:17:27, 2019-10-19 06:21:12
8089, qtTu9ERaOX5VGJwP7cHr, 2019-10-05 11:17:27, 2019-10-19 06:21:12
8090, 6rwF4dzhyZTfeZs3IurR, 2019-10-05 11:17:27, 2019-10-19 06:21:12
8091, 35opffq8XodmwIkiRISU, 2019-10-05 11:17:27, 2019-10-19 06:21:12
8092, fG5docseBvX7ynkLDROa, 2019-10-05 11:17:27, 2019-10-19 06:21:12
8093, nLn7gvLUbgZF6EGz6sMi, 2019-10-05 11:17:27, 2019-10-19 06:21:12
8094, 5piqdYtoalB54T0j3bHy, 2019-10-05 11:17:27, 2019-10-19 06:21:12
8095, xlAlT9VHMHNFSSXlTBTW, 2019-10-05 11:17:27, 2019-10-19 06:21:12
8096, U5mydjHt2E91vtm4WFEi, 2019-10-05 11:17:27, 2019-10-19 06:21:12
8097, BMWjBbwCdZdbdRx38VYi, 2019-10-05 11:17:27, 2019-10-19 06:21:12
8098, pYF4gttE9jUl2adBX6Ok, 2019-10-05 11:17:27, 2019-10-19 06:21:12
8099, FfTAURvoJyTVo4ZgYzSp, 2019-10-05 11:17:27, 2019-10-19 06:21:12
8100, uEzELQt0vD57QfGOzNjU, 2019-10-05 11:17:27, 2019-10-19 06:21:12
8101, oxxCkBWQ4UwuEuhgUTEs, 2019-10-05 11:17:27, 2019-10-19 06:21:12
8102, P9yAYZCSaZh943KZa5Ax, 2019-10-05 11:17:27, 2019-10-19 06:21:12
8103, UI94tZOSwUDBcjH4n4qD, 2019-10-05 11:17:27, 2019-10-19 06:21:12
8104, dwXkZSEvXe7MBzvoqkS6, 2019-10-05 11:17:27, 2019-10-19 06:21:12
8105, saWeoCl8CBq2THynVySy, 2019-10-05 11:17:27, 2019-10-19 06:21:12
8106, rMGdCushil1VKJfGnKZ3, 2019-10-05 11:17:27, 2019-10-19 06:21:12
8107, dn0CdH8Ft3tdZURsGrrB, 2019-10-05 11:17:27, 2019-10-19 06:21:12
8108, zb7Iic3gvJhANsaqJOUp, 2019-10-05 11:17:27, 2019-10-19 06:21:12
8109, Evb61uiyBMg4jixY8sRk, 2019-10-05 11:17:27, 2019-10-19 06:21:12
8110, fY3l3hZCF08FN7271JY7, 2019-10-05 11:17:27, 2019-10-19 06:21:12
8111, oFWaY0SdkL0Jnr4I9X02, 2019-10-05 11:17:27, 2019-10-19 06:21:12
8112, LyhbcihMGNHzdHp3OBqO, 2019-10-05 11:17:27, 2019-10-19 06:21:12
8113, acZZFk5IXfCe9kQTplFQ, 2019-10-05 11:17:27, 2019-10-19 06:21:12
8114, 9sMUwG03SxCFoFwbfJPF, 2019-10-05 11:17:27, 2019-10-19 06:21:12
8115, TVRsEWwa77HaIwADJNRx, 2019-10-05 11:17:27, 2019-10-19 06:21:12
8116, zdaLG8DEgym3PIUTrrdQ, 2019-10-05 11:17:27, 2019-10-19 06:21:12
8117, ZoKtwYLNnEahjb9dp1Y9, 2019-10-05 11:17:27, 2019-10-19 06:21:12
8118, sBnpHWDcmaGbLwB0XX28, 2019-10-05 11:17:27, 2019-10-19 06:21:12
8119, q01V92iOeJ30BB4YSoSb, 2019-10-05 11:17:27, 2019-10-19 06:21:12
8120, P2EoyuQs2ugFnNpdrj67, 2019-10-05 11:17:27, 2019-10-19 06:21:12
8121, 1IFzF3tZnCzBtQkbIia7, 2019-10-05 11:17:27, 2019-10-19 06:21:12
8122, 6ZlGsB7ZX81lpMlhkVc4, 2019-10-05 11:17:27, 2019-10-19 06:21:12
8123, EOZPXDBt6WSZa89BVdRD, 2019-10-05 11:17:27, 2019-10-19 06:21:12
8124, rkmavYUnZf9MDFO6Ll9P, 2019-10-05 11:17:27, 2019-10-19 06:21:12
8125, yuFAPsGoodLJcaksRCqH, 2019-10-05 11:17:27, 2019-10-19 06:21:12
8126, 9xTPWe7mDuyjq4ZjTP2k, 2019-10-05 11:17:27, 2019-10-19 06:21:12
8127, gkCNNELHVnvdMapsPR1o, 2019-10-05 11:17:27, 2019-10-19 06:21:12
8128, iylDzc5Y2xK1cerhFmIC, 2019-10-05 11:17:27, 2019-10-19 06:21:12
8129, BMnsNKpkU9HR0zEJakWy, 2019-10-05 11:17:27, 2019-10-19 06:21:12
8130, vw1X6RTF29q09Wrh5B6V, 2019-10-05 11:17:27, 2019-10-19 06:21:12
8131, 1Y2xSf1CuSegyGLt9yFI, 2019-10-05 11:17:27, 2019-10-19 06:21:12
8132, LazHIl9mjJVqB08Jdn0C, 2019-10-05 11:17:27, 2019-10-19 06:21:12
8133, JilC4ICXVjeDpNlXZJf9, 2019-10-05 11:17:27, 2019-10-19 06:21:12
8134, F1lfSxB3ZkqU28H0oLDX, 2019-10-05 11:17:27, 2019-10-19 06:21:12
8135, jVq4PdDbyJfkI8WQzRlf, 2019-10-05 11:17:27, 2019-10-19 06:21:12
8136, eJoz25mpmHWHBEtS0dCI, 2019-10-05 11:17:27, 2019-10-19 06:21:12
8137, auTC5uPMVn05XrNV9sYq, 2019-10-05 11:17:27, 2019-10-19 06:21:12
8138, f5bHwfJXuJtHBUkYdJFy, 2019-10-05 11:17:27, 2019-10-19 06:21:12
8139, 12am6e883mXr3YrxFj1K, 2019-10-05 11:17:27, 2019-10-19 06:21:12
8140, s0cc5m2ZKGCil8lJrXrn, 2019-10-05 11:17:27, 2019-10-19 06:21:12
8141, xF7l1EHw7Ej9jizHFemU, 2019-10-05 11:17:27, 2019-10-19 06:21:12
8142, kxpsACDk3VuJ5N4EevA3, 2019-10-05 11:17:27, 2019-10-19 06:21:12
8143, AILjq63oVO3uOhXOUXl4, 2019-10-05 11:17:27, 2019-10-19 06:21:12
8144, TgZeMGz0XbCEQnwUzH7g, 2019-10-05 11:17:27, 2019-10-19 06:21:12
8145, prf9D3z4H8zg6zky7GGI, 2019-10-05 11:17:27, 2019-10-19 06:21:12
8146, SJPks2qlNmOvikCMspBu, 2019-10-05 11:17:27, 2019-10-19 06:21:12
8147, ki2bbv5QXAu7MZmRkfA0, 2019-10-05 11:17:27, 2019-10-19 06:21:12
8148, 6Ln0bmCctMvWT9nk8Wyx, 2019-10-05 11:17:27, 2019-10-19 06:21:12
8149, gGD3o0YxoFPvXgqpPFPf, 2019-10-05 11:17:27, 2019-10-19 06:21:12
8150, i2Z8F5Q9E4ExlQOfuxF5, 2019-10-05 11:17:27, 2019-10-19 06:21:12
8151, xh3KqSwEfK8y1EgXx8aG, 2019-10-05 11:17:27, 2019-10-19 06:21:12
8152, cuAfqwGYc9ZeRkVRSJU4, 2019-10-05 11:17:27, 2019-10-19 06:21:12
8153, dqaqJEPwLEkTpRC4ogt3, 2019-10-05 11:17:27, 2019-10-19 06:21:13
8154, X1d1c5OvRbcyP60c7BIv, 2019-10-05 11:17:27, 2019-10-19 06:21:13
8155, xWSYvs1aoleGHn56cgU7, 2019-10-05 11:17:27, 2019-10-19 06:21:13
8156, yc09CtaW5hWnGzWkc7qb, 2019-10-05 11:17:27, 2019-10-19 06:21:13
8157, DNsYawMcBVhm3SwhC752, 2019-10-05 11:17:27, 2019-10-19 06:21:13
8158, AzL1PxSjxsz6FyqmkNCj, 2019-10-05 11:17:27, 2019-10-19 06:21:13
8159, U7rwnryGCm1kpLCrQSxa, 2019-10-05 11:17:27, 2019-10-19 06:21:13
8160, yTID1qZVLdvPiFsS5zOK, 2019-10-05 11:17:27, 2019-10-19 06:21:13
8161, H43eyMea04Je83xVYj7z, 2019-10-05 11:17:27, 2019-10-19 06:21:13
8162, ZN8mox6fastrrwqluwqy, 2019-10-05 11:17:27, 2019-10-19 06:21:13
8163, sOugoPNpHVsRSRtIJIaY, 2019-10-05 11:17:27, 2019-10-19 06:21:13
8164, WHQ8t5xiC5omCZwsXVZT, 2019-10-05 11:17:27, 2019-10-19 06:21:14
8165, oySBHbD0uCVJzzhyih0P, 2019-10-05 11:17:27, 2019-10-19 06:21:14
8166, OSwWRTutTCIGzeIauq0o, 2019-10-05 11:17:27, 2019-10-19 06:21:14
8167, e5BmOdurDSU0PeEcvEgF, 2019-10-05 11:17:27, 2019-10-19 06:21:14
8168, uucjwzTjmXkGdOqCvdu9, 2019-10-05 11:17:27, 2019-10-19 06:21:14
8169, GMi1bZmT61BDf2cRchJZ, 2019-10-05 11:17:27, 2019-10-19 06:21:14
8170, MVRULUwOQTUh0P6fkYwX, 2019-10-05 11:17:27, 2019-10-19 06:21:14
8171, ycyWIR9qwBohGayvi1Ax, 2019-10-05 11:17:27, 2019-10-19 06:21:14
8172, xf8SrBa7QepnsM8u8KMv, 2019-10-05 11:17:27, 2019-10-19 06:21:14
8173, ZfFthXaY0b9lVlKc4VoN, 2019-10-05 11:17:27, 2019-10-19 06:21:14
8174, yOLH131iyG6UjUN3wNe7, 2019-10-05 11:17:27, 2019-10-19 06:21:14
8175, HDiifNL67LJUlmAZhFxx, 2019-10-05 11:17:27, 2019-10-19 06:21:14
8176, RPwM0gs07N0IXLJFXDvx, 2019-10-05 11:17:27, 2019-10-19 06:21:14
8177, phAGdC5veteq0H9blQh8, 2019-10-05 11:17:27, 2019-10-19 06:21:14
8178, T6XbjAN0KO23Mr1ulsYk, 2019-10-05 11:17:27, 2019-10-19 06:21:14
8179, SX9wY3IcmAx7rSjmC9M2, 2019-10-05 11:17:27, 2019-10-19 06:21:14
8180, P72mJc1SjN0UbKfM1MjU, 2019-10-05 11:17:27, 2019-10-19 06:21:14
8181, BPSBPNtY8jVsOYVIWnse, 2019-10-05 11:17:27, 2019-10-19 06:21:14
8182, iMRlR13IVa8aYfQAwWAv, 2019-10-05 11:17:27, 2019-10-19 06:21:14
8183, E2AaWRJNDF2exDYnwXq8, 2019-10-05 11:17:27, 2019-10-19 06:21:14
8184, TDoLIDfD3HnCJzUnUxRI, 2019-10-05 11:17:27, 2019-10-19 06:21:14
8185, YwnFerKy5UffYZzQNvTl, 2019-10-05 11:17:27, 2019-10-19 06:21:14
8186, nyYX6cSPmO7ijnW3ojL4, 2019-10-05 11:17:27, 2019-10-19 06:21:14
8187, n96YXVsS9zysrQNjv1gG, 2019-10-05 11:17:27, 2019-10-19 06:21:14
8188, P2bvbhjeZ1bMgeD5fd3v, 2019-10-05 11:17:27, 2019-10-19 06:21:14
8189, FtbzaebMLISgTEoBPQFB, 2019-10-05 11:17:27, 2019-10-19 06:21:14
8190, MBU8h1cFGeaQz09pCgpk, 2019-10-05 11:17:27, 2019-10-19 06:21:14
8191, Fm7jut0fvAqDFdUxOW8S, 2019-10-05 11:17:27, 2019-10-19 06:21:14
8192, I9bV3h1xXjJKn7XAYpJm, 2019-10-05 11:17:27, 2019-10-19 06:21:14
8193, 8GxRKU7Tw9MGG28lANI7, 2019-10-05 11:17:27, 2019-10-19 06:21:14
8194, lObaI42M4OHcklypis7g, 2019-10-05 11:17:27, 2019-10-19 06:21:14
8195, V7Xq8POfiaZlvAXXv1AT, 2019-10-05 11:17:27, 2019-10-19 06:21:14
8196, 20fVGSC2D3zfLwxTaWrg, 2019-10-05 11:17:27, 2019-10-19 06:21:14
8197, lC4dgHinWIEiSNwH6FLZ, 2019-10-05 11:17:27, 2019-10-19 06:21:14
8198, rKYhsQZ3gN8yBtotpePW, 2019-10-05 11:17:27, 2019-10-19 06:21:14
8199, 5ibrNvPc2kvY8N9bSkCo, 2019-10-05 11:17:27, 2019-10-19 06:21:14
8200, pEulTLIrb4Fcd5njNvmp, 2019-10-05 11:17:27, 2019-10-19 06:21:14
8201, 5W4mf1GK4BH4G9YKOWWt, 2019-10-05 11:17:27, 2019-10-19 06:21:14
8202, Ihxt3ikShQGlexSmZuns, 2019-10-05 11:17:27, 2019-10-19 06:21:14
8203, LWOUcAS1Uop5hUCOFcbu, 2019-10-05 11:17:27, 2019-10-19 06:21:14
8204, IYpPLZ24jy06SM3T9nIS, 2019-10-05 11:17:27, 2019-10-19 06:21:14
8205, o0rIyRprSY3cxJTcLON8, 2019-10-05 11:17:27, 2019-10-19 06:21:14
8206, R66JUu4gmtghL7BEifkv, 2019-10-05 11:17:27, 2019-10-19 06:21:14
8207, Q3RkNJVMoVuhov1pXbQA, 2019-10-05 11:17:27, 2019-10-19 06:21:14
8208, n8bQiHWTbd9ipO5vYAV5, 2019-10-05 11:17:27, 2019-10-19 06:21:14
8209, PQNNOlaxl8zE9TOArDkK, 2019-10-05 11:17:27, 2019-10-19 06:21:14
8210, WlSud590mlOIdIGZ2MLx, 2019-10-05 11:17:27, 2019-10-19 06:21:14
8211, hmJmzTrTUmgabuShADSB, 2019-10-05 11:17:27, 2019-10-19 06:21:14
8212, 3EV5y67lMRyzvrKOiUTm, 2019-10-05 11:17:27, 2019-10-19 06:21:14
8213, ID2e2LuZmFRg1mlcWdKT, 2019-10-05 11:17:27, 2019-10-19 06:21:14
8214, U4NTMjALsBcf8el0l2Ts, 2019-10-05 11:17:27, 2019-10-19 06:21:14
8215, AHqo9xTlA2UZy1Zz8umv, 2019-10-05 11:17:27, 2019-10-19 06:21:14
8216, CIe0ViHQjTWhd9YsgSRk, 2019-10-05 11:17:27, 2019-10-19 06:21:14
8217, dRJRCqFwgr6lbPraoCjI, 2019-10-05 11:17:27, 2019-10-19 06:21:14
8218, 0NT1arxvlmNWYJ67Sjdg, 2019-10-05 11:17:27, 2019-10-19 06:21:14
8219, jD8gkTb6Y852qFaltj3V, 2019-10-05 11:17:27, 2019-10-19 06:21:14
8220, GnXRned9qpUTZ6CMD0Lt, 2019-10-05 11:17:27, 2019-10-19 06:21:14
8221, Own5ey7Hz8rcwI9qmi51, 2019-10-05 11:17:27, 2019-10-19 06:21:14
8222, o2qlV2E2CPqaLZ7F4qss, 2019-10-05 11:17:27, 2019-10-19 06:21:14
8223, d303eXlWNmBYre3n8SLm, 2019-10-05 11:17:27, 2019-10-19 06:21:14
8224, UctWf7IU7XuoFaPvYa9v, 2019-10-05 11:17:27, 2019-10-19 06:21:14
8225, ju8KYR1dmjDTpGK6xufD, 2019-10-05 11:17:27, 2019-10-19 06:21:14
8226, TWh6BabfEE9YqH1p8Y0P, 2019-10-05 11:17:27, 2019-10-19 06:21:14
8227, rIR3VzxeXHcFelZT9Qji, 2019-10-05 11:17:27, 2019-10-19 06:21:14
8228, DMwxlOslN84HYTkpDdBs, 2019-10-05 11:17:27, 2019-10-19 06:21:14
8229, V8vACq2OZSIPvgDJmXNs, 2019-10-05 11:17:27, 2019-10-19 06:21:14
8230, xeeKdZh3fWmlgP0mUGfW, 2019-10-05 11:17:27, 2019-10-19 06:21:14
8231, rsrUlaUeA1ELmul6XsUs, 2019-10-05 11:17:27, 2019-10-19 06:21:14
8232, WHm30zIwHMKahYdwjhHG, 2019-10-05 11:17:27, 2019-10-19 06:21:14
8233, XVy5MkLC0G1uLmqdqs6Q, 2019-10-05 11:17:27, 2019-10-19 06:21:14
8234, n9OrVZ524NHtEVFam7Jh, 2019-10-05 11:17:27, 2019-10-19 06:21:14
8235, mvsiMLcXkEJxWGJOYzJ5, 2019-10-05 11:17:27, 2019-10-19 06:21:14
8236, y8hmG8c658XHf5o4eYq5, 2019-10-05 11:17:27, 2019-10-19 06:21:14
8237, CoLDadolyprkV5RVuJwp, 2019-10-05 11:17:27, 2019-10-19 06:21:14
8238, xXw4ZRTXYhCtWOsX5ND2, 2019-10-05 11:17:27, 2019-10-19 06:21:14
8239, fgd5Dp60xLH12qEPHNgS, 2019-10-05 11:17:27, 2019-10-19 06:21:14
8240, tyvXHEFhTb5hpqLazLmm, 2019-10-05 11:17:27, 2019-10-19 06:21:14
8241, 64JFqbkPgW3RWMDaxAnU, 2019-10-05 11:17:27, 2019-10-19 06:21:14
8242, zrgNuEjmEPKYH6O5SA1K, 2019-10-05 11:17:27, 2019-10-19 06:21:14
8243, ch65ftZFIYHANuSR9xUa, 2019-10-05 11:17:27, 2019-10-19 06:21:14
8244, V954PUuI7xzZYRGguPvh, 2019-10-05 11:17:27, 2019-10-19 06:21:14
8245, NK11bkbn5rOAhfH3uwvE, 2019-10-05 11:17:27, 2019-10-19 06:21:14
8246, sTvnNz56onlE5z6dWyCc, 2019-10-05 11:17:27, 2019-10-19 06:21:14
8247, j0HRRYxFS3QtKCWBZvZ0, 2019-10-05 11:17:27, 2019-10-19 06:21:14
8248, Rb2AhNCVJW4bzksKORUM, 2019-10-05 11:17:27, 2019-10-19 06:21:14
8249, ZlRcXtuyW2pqksJmBglN, 2019-10-05 11:17:27, 2019-10-19 06:21:14
8250, K0CvJAziRF8bWYvXKyaA, 2019-10-05 11:17:27, 2019-10-19 06:21:14
8251, 2MxtlJQgaZ6M7Yb2hJWi, 2019-10-05 11:17:27, 2019-10-19 06:21:14
8252, D3nTmxrDhwDhQua7dvkv, 2019-10-05 11:17:27, 2019-10-19 06:21:14
8253, aNjEPSTaweOBHf3fZDqB, 2019-10-05 11:17:27, 2019-10-19 06:21:14
8254, h0D7YR5xCvrvCVV90iD9, 2019-10-05 11:17:27, 2019-10-19 06:21:14
8255, idJiDXEEeh2dpD6hEGCR, 2019-10-05 11:17:27, 2019-10-19 06:21:14
8256, nXB6ejD5Rx1ij5FFWD9B, 2019-10-05 11:17:27, 2019-10-19 06:21:14
8257, A4JpGdKgwroqu0QsSrpH, 2019-10-05 11:17:27, 2019-10-19 06:21:14
8258, t5vgYjY0Hxmli165DX5J, 2019-10-05 11:17:27, 2019-10-19 06:21:14
8259, bvx4HknCbk775yc2wHE2, 2019-10-05 11:17:27, 2019-10-19 06:21:14
8260, lAVaHoUnuduKrSM3Qtq8, 2019-10-05 11:17:27, 2019-10-19 06:21:14
8261, zSoWgzbnXXOIvXY3GL9q, 2019-10-05 11:17:27, 2019-10-19 06:21:14
8262, ghdqc5jZe8sP76quKbn7, 2019-10-05 11:17:27, 2019-10-19 06:21:14
8263, BSk5D4whhVZBdEXckQbv, 2019-10-05 11:17:27, 2019-10-19 06:21:14
8264, jYXMYbPbHq3WQ9hy4fxM, 2019-10-05 11:17:27, 2019-10-19 06:21:14
8265, rny7XgXQ6V31iXk0dV83, 2019-10-05 11:17:27, 2019-10-19 06:21:14
8266, dhlrxUBHHX72w2TobsfM, 2019-10-05 11:17:27, 2019-10-19 06:21:14
8267, tI5uHd6ZlO8W2EfXFDs9, 2019-10-05 11:17:27, 2019-10-19 06:21:14
8268, 8FR8j1epM7PMyyjkXjky, 2019-10-05 11:17:27, 2019-10-19 06:21:14
8269, PV2k7hglH59bOpbMePWn, 2019-10-05 11:17:27, 2019-10-19 06:21:14
8270, IDSHIdAiReCaWFiDC4m4, 2019-10-05 11:17:27, 2019-10-19 06:21:14
8271, OzRHwvkvMlHDPPxDl7TQ, 2019-10-05 11:17:27, 2019-10-19 06:21:14
8272, 5YqvIWbdT1411sOsRZtl, 2019-10-05 11:17:27, 2019-10-19 06:21:15
8273, zqbUAsP4R2ck9BttaeYr, 2019-10-05 11:17:27, 2019-10-19 06:21:15
8274, YwwrXb1VMVG8lbPk1iMm, 2019-10-05 11:17:27, 2019-10-19 06:21:15
8275, XmZ52aDfYvkmhcl2wV6l, 2019-10-05 11:17:27, 2019-10-19 06:21:15
8276, VGjcOrEywOcKZTFJ0wEH, 2019-10-05 11:17:27, 2019-10-19 06:21:15
8277, IngyOA3RZHn0Zd4gCXNE, 2019-10-05 11:17:27, 2019-10-19 06:21:15
8278, WHZhXzcp1blaLE8mU28v, 2019-10-05 11:17:27, 2019-10-19 06:21:15
8279, 1LRSARmFiS3rYtfvdWST, 2019-10-05 11:17:27, 2019-10-19 06:21:15
8280, RgbpVwghgwnmjzRgC7yz, 2019-10-05 11:17:27, 2019-10-19 06:21:15
8281, Jaci7BegyoINyaU8MvIx, 2019-10-05 11:17:27, 2019-10-19 06:21:15
8282, Q39ztDpCfdnMzrlPg9Vh, 2019-10-05 11:17:27, 2019-10-19 06:21:15
8283, wsoNdSHQ7uMF99PDXQXs, 2019-10-05 11:17:27, 2019-10-19 06:21:15
8284, RCgyoqpquIwy3ib7anK1, 2019-10-05 11:17:27, 2019-10-19 06:21:15
8285, aKyOZf5ee7KRX1DyNTLL, 2019-10-05 11:17:27, 2019-10-19 06:21:15
8286, phdZke32eNq7sXsiLgHa, 2019-10-05 11:17:27, 2019-10-19 06:21:15
8287, hFjxLyu8a6goJVh3BxUx, 2019-10-05 11:17:27, 2019-10-19 06:21:15
8288, ogHE1om2DT2Ap8D6YuMO, 2019-10-05 11:17:27, 2019-10-19 06:21:15
8289, xNA2N35xEaLdFPBOtlzI, 2019-10-05 11:17:27, 2019-10-19 06:21:15
8290, PxLYcvGyhC0APP2KUCCB, 2019-10-05 11:17:27, 2019-10-19 06:21:15
8291, GRGWfAPIr3UpbCosOz7o, 2019-10-05 11:17:27, 2019-10-19 06:21:15
8292, XglR2mh8zGhcOPFg1xmf, 2019-10-05 11:17:27, 2019-10-19 06:21:15
8293, AT6Mez0leamg6A07eH6M, 2019-10-05 11:17:27, 2019-10-19 06:21:15
8294, TcViOYacIDVHpXv9JoUS, 2019-10-05 11:17:27, 2019-10-19 06:21:15
8295, wxFkG8ZdSVjZ1wZ6A8vr, 2019-10-05 11:17:27, 2019-10-19 06:21:15
8296, ip9Y7LFxEcT52ciOvE40, 2019-10-05 11:17:27, 2019-10-19 06:21:15
8297, jzHJGfsfqDsJ2BhCEoD6, 2019-10-05 11:17:27, 2019-10-19 06:21:15
8298, Yxb0aSnq5DBp2KxVNc9e, 2019-10-05 11:17:27, 2019-10-19 06:21:15
8299, kNs7ycQFXLam0K5FPSOH, 2019-10-05 11:17:27, 2019-10-19 06:21:15
8300, Y8wSo2oIMmVUmq6TT0PH, 2019-10-05 11:17:27, 2019-10-19 06:21:15
8301, hf7dcGNvq7isazsmp8mU, 2019-10-05 11:17:27, 2019-10-19 06:21:15
8302, c0459N1NjZXHfli4nDjX, 2019-10-05 11:17:27, 2019-10-19 06:21:15
8303, P1dmTDT4D1RFwx3IPp7F, 2019-10-05 11:17:27, 2019-10-19 06:21:15
8304, ApQmuOgJRVTqJsqpdXAN, 2019-10-05 11:17:27, 2019-10-19 06:21:15
8305, DdtzPEN8VFsQZ6yook9V, 2019-10-05 11:17:27, 2019-10-19 06:21:15
8306, nIFbtHbPutzdatTDCoNo, 2019-10-05 11:17:27, 2019-10-19 06:21:15
8307, c0P7IculcAMp8XfcwNoH, 2019-10-05 11:17:27, 2019-10-19 06:21:15
8308, K01YB4F5hgN657czrwo0, 2019-10-05 11:17:27, 2019-10-19 06:21:15
8309, uYo7ftG8S7tFVUXQGzHm, 2019-10-05 11:17:27, 2019-10-19 06:21:15
8310, TjLpOWRtUQzWT5YowWgL, 2019-10-05 11:17:27, 2019-10-19 06:21:15
8311, SXAoyvNM9N1gRSpkSj3d, 2019-10-05 11:17:27, 2019-10-19 06:21:15
8312, a46s9zfgINyFEfo13j78, 2019-10-05 11:17:27, 2019-10-19 06:21:15
8313, F4m66HiKQryMyYXgA3CY, 2019-10-05 11:17:27, 2019-10-19 06:21:15
8314, Jw4ORKF6m313dIhVQwFF, 2019-10-05 11:17:27, 2019-10-19 06:21:15
8315, pS8mnLuDTCZ4IaHRG3r1, 2019-10-05 11:17:27, 2019-10-19 06:21:15
8316, eEs2sopyPNpffgD1cNXo, 2019-10-05 11:17:27, 2019-10-19 06:21:15
8317, yro0FG8xTUw64crkSLzH, 2019-10-05 11:17:27, 2019-10-19 06:21:15
8318, LKTpfk4QQkDfnDRYvRKY, 2019-10-05 11:17:27, 2019-10-19 06:21:15
8319, LvBsGqPaExFuNc0pMxHE, 2019-10-05 11:17:27, 2019-10-19 06:21:15
8320, kVLsCUPjTrTy7doxkR9u, 2019-10-05 11:17:27, 2019-10-19 06:21:15
8321, bWYqtPCGoBJ6qU1zZYVE, 2019-10-05 11:17:27, 2019-10-19 06:21:15
8322, SXTkUme7IgLR3NAoxhf9, 2019-10-05 11:17:27, 2019-10-19 06:21:15
8323, IuTqy1qNYvqGt1811YRJ, 2019-10-05 11:17:27, 2019-10-19 06:21:15
8324, Kd242oARiskBvImJc4QK, 2019-10-05 11:17:27, 2019-10-19 06:21:15
8325, rJ71L9RLNDWEZkI5yX5O, 2019-10-05 11:17:27, 2019-10-19 06:21:15
8326, sLfXEgtat6FYR9M3AZrC, 2019-10-05 11:17:27, 2019-10-19 06:21:15
8327, lA8OL0BBVs74JOMGclof, 2019-10-05 11:17:27, 2019-10-19 06:21:15
8328, Yppa7PdX68B1tizYqShP, 2019-10-05 11:17:27, 2019-10-19 06:21:15
8329, 7a0IRPGfXQKPIRIZMDil, 2019-10-05 11:17:27, 2019-10-19 06:21:15
8330, 0J1ZBR3NhpitP8JTrWgq, 2019-10-05 11:17:27, 2019-10-19 06:21:15
8331, uYzhZU9I8iW1HKSLNjaA, 2019-10-05 11:17:27, 2019-10-19 06:21:15
8332, 3FPz3zhfMCJ7k3V9iioK, 2019-10-05 11:17:27, 2019-10-19 06:21:15
8333, PzP9VXy82VhYYNBBQTUX, 2019-10-05 11:17:27, 2019-10-19 06:21:15
8334, 9BzDzWbNmsJEbCBOEtDY, 2019-10-05 11:17:27, 2019-10-19 06:21:15
8335, 94S9aQurejEmtfMSafhY, 2019-10-05 11:17:27, 2019-10-19 06:21:15
8336, 3hX0utFqtSTaQMNu8kRC, 2019-10-05 11:17:27, 2019-10-19 06:21:15
8337, 4jAGxZXPezVvYLvckTKu, 2019-10-05 11:17:27, 2019-10-19 06:21:15
8338, bnotKThn2BPVe1MR9DZU, 2019-10-05 11:17:27, 2019-10-19 06:21:15
8339, TKptzOzpQTfyJrVQrosV, 2019-10-05 11:17:27, 2019-10-19 06:21:15
8340, 6JneSfZUKwK3lZLBDRFX, 2019-10-05 11:17:27, 2019-10-19 06:21:15
8341, Vq0FSXZUnTWKbLy0aGnx, 2019-10-05 11:17:27, 2019-10-19 06:21:15
8342, iWUvvWq263AfKWlZTDVG, 2019-10-05 11:17:27, 2019-10-19 06:21:15
8343, 5mKzVF7Hv9jLUTAKQpqK, 2019-10-05 11:17:27, 2019-10-19 06:21:15
8344, W3KFinhF0PaQsbVWycLW, 2019-10-05 11:17:27, 2019-10-19 06:21:15
8345, qWQUzgWQDV8Qcv003C5k, 2019-10-05 11:17:27, 2019-10-19 06:21:15
8346, N3Lxl531IlX0z7lnuNBh, 2019-10-05 11:17:27, 2019-10-19 06:21:15
8347, lsfuN4u4afTtWwDuDQqm, 2019-10-05 11:17:27, 2019-10-19 06:21:15
8348, EtfyBPvI9Cm12uMvSH8N, 2019-10-05 11:17:27, 2019-10-19 06:21:15
8349, lIwM8zC1P1huy5DCAxBr, 2019-10-05 11:17:27, 2019-10-19 06:21:15
8350, K4qYqexJoZET5I4a63wE, 2019-10-05 11:17:27, 2019-10-19 06:21:15
8351, oR8YsDr6m5WN6sh3eEUy, 2019-10-05 11:17:27, 2019-10-19 06:21:15
8352, Ea3xryzjOwLjibtqgCXp, 2019-10-05 11:17:27, 2019-10-19 06:21:15
8353, 2aDlUxydzjogfPvnDlc9, 2019-10-05 11:17:27, 2019-10-19 06:21:15
8354, 9jjXQ12FXTnMRsYABBTj, 2019-10-05 11:17:27, 2019-10-19 06:21:15
8355, 3vaRo4TzBu1MIIR6yL58, 2019-10-05 11:17:27, 2019-10-19 06:21:15
8356, dWSwrK1oOzPKGSP9dFo7, 2019-10-05 11:17:27, 2019-10-19 06:21:15
8357, WeXozDLnpuKBoJoDzWJN, 2019-10-05 11:17:27, 2019-10-19 06:21:15
8358, Yw2h69MVppDjk8AyJiSU, 2019-10-05 11:17:27, 2019-10-19 06:21:15
8359, LtMnDMBKDrvjuU0VF7Dm, 2019-10-05 11:17:27, 2019-10-19 06:21:15
8360, n07Lcrwsguw9PIqEYtXf, 2019-10-05 11:17:27, 2019-10-19 06:21:15
8361, PPJcSY0tth6M8c2bzdhU, 2019-10-05 11:17:27, 2019-10-19 06:21:15
8362, l2RPJoTflwqShIvD8Xoy, 2019-10-05 11:17:27, 2019-10-19 06:21:15
8363, B8sZoZyp7UB8uGkO2Nxo, 2019-10-05 11:17:27, 2019-10-19 06:21:15
8364, LZ77lcPuCBl0UwbDmrzu, 2019-10-05 11:17:27, 2019-10-19 06:21:15
8365, HIJmkZsRowsI63jEZtr7, 2019-10-05 11:17:27, 2019-10-19 06:21:15
8366, ltJSOjmc3PnxV73iVr5S, 2019-10-05 11:17:27, 2019-10-19 06:21:15
8367, vuViKCtodQo6qzZAu5DX, 2019-10-05 11:17:27, 2019-10-19 06:21:15
8368, LYxTpMJJX1ECpXeWUVeK, 2019-10-05 11:17:27, 2019-10-19 06:21:15
8369, vypgZZYtLrL3SpnIEQjP, 2019-10-05 11:17:27, 2019-10-19 06:21:15
8370, M948Zn9Zuvf4vfk5Zo4A, 2019-10-05 11:17:27, 2019-10-19 06:21:15
8371, JCzyvRBOeFZer1zW6tr5, 2019-10-05 11:17:27, 2019-10-19 06:21:15
8372, CRPt6YC4aGN3V9rikSPk, 2019-10-05 11:17:27, 2019-10-19 06:21:15
8373, N6rkjt9vWUXuggWVKfl6, 2019-10-05 11:17:27, 2019-10-19 06:21:15
8374, D6HV3syqMZPDIAGfHtMK, 2019-10-05 11:17:27, 2019-10-19 06:21:15
8375, Qp3xZLaGxLKEXVa0FFYq, 2019-10-05 11:17:27, 2019-10-19 06:21:15
8376, ttyE52HkClV9rvZVclVj, 2019-10-05 11:17:27, 2019-10-19 06:21:15
8377, Oj21gxduCDmCrXe3PGOE, 2019-10-05 11:17:27, 2019-10-19 06:21:15
8378, 6DUU5Rhgpqhbajv2cOLl, 2019-10-05 11:17:27, 2019-10-19 06:21:15
8379, rilwlYyAjQ3hy12D1IeV, 2019-10-05 11:17:27, 2019-10-19 06:21:15
8380, AxwvHYOLTXbL9FlJ5TBj, 2019-10-05 11:17:27, 2019-10-19 06:21:15
8381, AuhR0d5MlSeRyoZdtSJE, 2019-10-05 11:17:27, 2019-10-19 06:21:15
8382, 2BtqWuQ3pEzRT9nRxtL2, 2019-10-05 11:17:27, 2019-10-19 06:21:15
8383, bdRNrGmohUw6lk21xWlM, 2019-10-05 11:17:27, 2019-10-19 06:21:15
8384, ZOlKDskL7vRoMh1ZrMT7, 2019-10-05 11:17:27, 2019-10-19 06:21:15
8385, 6xPM70WAn5Ncg3ssC4Vr, 2019-10-05 11:17:27, 2019-10-19 06:21:15
8386, 6AWPCch3sAonGTHwgY3r, 2019-10-05 11:17:27, 2019-10-19 06:21:15
8387, Jnxgiu5rYqYr7m1v05nu, 2019-10-05 11:17:27, 2019-10-19 06:21:15
8388, yJieh8BTu8IutKI6jrkl, 2019-10-05 11:17:27, 2019-10-19 06:21:15
8389, KrTBwnxeY4WpdFfSEKvS, 2019-10-05 11:17:27, 2019-10-19 06:21:15
8390, yBZNnGXSSg4VzXpFdAsl, 2019-10-05 11:17:27, 2019-10-19 06:21:15
8391, DUz0FH0GPiIvguHFFauV, 2019-10-05 11:17:27, 2019-10-19 06:21:15
8392, RMJBOqEjICNApn0afxFK, 2019-10-05 11:17:27, 2019-10-19 06:21:15
8393, Hz8JKpaOXvE7NcSQvG6b, 2019-10-05 11:17:27, 2019-10-19 06:21:15
8394, XmcyUxjRgtVUgk9J1RuM, 2019-10-05 11:17:27, 2019-10-19 06:21:15
8395, 4MaxE3zhVfcDC942xKfj, 2019-10-05 11:17:27, 2019-10-19 06:21:15
8396, CRx3QxCSpyKvsDLiQCyh, 2019-10-05 11:17:27, 2019-10-19 06:21:15
8397, YvXsX1qxdvUWkyXSXXxc, 2019-10-05 11:17:27, 2019-10-19 06:21:15
8398, nNxCCS34k5QtvMtTiLsv, 2019-10-05 11:17:27, 2019-10-19 06:21:15
8399, xZyf6VZ2Mbq4Kz7ZjDqM, 2019-10-05 11:17:27, 2019-10-19 06:21:15
8400, 1aEfvkkmWlXlHknNl7hM, 2019-10-05 11:17:27, 2019-10-19 06:21:15
8401, 9RENoo6ww9YNyJEoeyWC, 2019-10-05 11:17:27, 2019-10-19 06:21:15
8402, pfKt8Hn4imHsa25JtJON, 2019-10-05 11:17:27, 2019-10-19 06:21:15
8403, CTfAxGDSKJtF0EVxs387, 2019-10-05 11:17:27, 2019-10-19 06:21:15
8404, dGoVyqiI3DditpyysGEe, 2019-10-05 11:17:27, 2019-10-19 06:21:15
8405, 9kETX7KCk1GpQwp1FPz6, 2019-10-05 11:17:27, 2019-10-19 06:21:15
8406, WmrRwvcLeXsaEweqVjXk, 2019-10-05 11:17:27, 2019-10-19 06:21:15
8407, mdu4Mbg93gpnPs9Ch769, 2019-10-05 11:17:27, 2019-10-19 06:21:15
8408, V7mosPcIgiigDdq9xJB6, 2019-10-05 11:17:27, 2019-10-19 06:21:15
8409, X7uOshrK4d3qhN39Zad4, 2019-10-05 11:17:27, 2019-10-19 06:21:15
8410, hjDjKzmfx7lbIi4QFFsz, 2019-10-05 11:17:27, 2019-10-19 06:21:15
8411, NggNG4PetkgFyFumwNjA, 2019-10-05 11:17:27, 2019-10-19 06:21:15
8412, tESI6KicUfoV2EG6WVRD, 2019-10-05 11:17:27, 2019-10-19 06:21:15
8413, kHi3FSNTXYhva1HQRRpN, 2019-10-05 11:17:27, 2019-10-19 06:21:15
8414, ssTz0Q4NEStVp9dPRHPe, 2019-10-05 11:17:27, 2019-10-19 06:21:15
8415, UdtCzYITUxMGiOi209hx, 2019-10-05 11:17:27, 2019-10-19 06:21:15
8416, OYbfjU4D8QmrEv5UXpig, 2019-10-05 11:17:27, 2019-10-19 06:21:15
8417, 6E8UdYzmF1X8jKSvjP4a, 2019-10-05 11:17:27, 2019-10-19 06:21:15
8418, XKQGFNWEjAWpHNEazHgj, 2019-10-05 11:17:27, 2019-10-19 06:21:15
8419, Uais1o2wIQpgX3hdZShc, 2019-10-05 11:17:27, 2019-10-19 06:21:15
8420, BefARrxV2xROQ1VDo7cB, 2019-10-05 11:17:27, 2019-10-19 06:21:15
8421, DAo5vSlIq8YiE9zqS5EL, 2019-10-05 11:17:27, 2019-10-19 06:21:15
8422, jBzoRiTSUO3lkFSkl4JZ, 2019-10-05 11:17:27, 2019-10-19 06:21:15
8423, A3GnFtjQJnZTRVyVoJCs, 2019-10-05 11:17:27, 2019-10-19 06:21:15
8424, lnAzZhNfB0rQvTWDdBY1, 2019-10-05 11:17:27, 2019-10-19 06:21:15
8425, bWbJ33w1IRFD8oMAG7J8, 2019-10-05 11:17:27, 2019-10-19 06:21:15
8426, DsM4YdaEg6bCIv3NPdhD, 2019-10-05 11:17:27, 2019-10-19 06:21:15
8427, z3yi2ioDQ06NqtrwTt7T, 2019-10-05 11:17:27, 2019-10-19 06:21:15
8428, HZ7UpkEdDeS5oSRKl8Ct, 2019-10-05 11:17:27, 2019-10-19 06:21:15
8429, QLMMdhy0m8KWS6QmZuBW, 2019-10-05 11:17:27, 2019-10-19 06:21:15
8430, BmmGmOWcC8QjTWfTANgw, 2019-10-05 11:17:27, 2019-10-19 06:21:15
8431, brNVdELLvaL9Ush0kjA5, 2019-10-05 11:17:27, 2019-10-19 06:21:15
8432, Vx9hlF0oxjJv6UvVSHVN, 2019-10-05 11:17:27, 2019-10-19 06:21:15
8433, YkgomcZQ5r50o7FMlIfY, 2019-10-05 11:17:27, 2019-10-19 06:21:15
8434, ErPBh3KrnGFaQpFngS3f, 2019-10-05 11:17:27, 2019-10-19 06:21:15
8435, S1AjDJzOnBtaua2YB0OB, 2019-10-05 11:17:27, 2019-10-19 06:21:15
8436, knvgkbPNwLYaQHPB342D, 2019-10-05 11:17:27, 2019-10-19 06:21:15
8437, XS2r4zpWm3QNGkSHNcAK, 2019-10-05 11:17:27, 2019-10-19 06:21:15
8438, Dqj42jjoPFnEKVvYk37X, 2019-10-05 11:17:27, 2019-10-19 06:21:15
8439, cvY0oDXvAIQ7ROEfgMU8, 2019-10-05 11:17:27, 2019-10-19 06:21:15
8440, RYdfS1a2OztpZxAyJmBy, 2019-10-05 11:17:27, 2019-10-19 06:21:15
8441, pxhNhy8MP6KXUNKvtFq1, 2019-10-05 11:17:27, 2019-10-19 06:21:15
8442, Ps1qnyEE6f5BYmmplAp8, 2019-10-05 11:17:27, 2019-10-19 06:21:15
8443, csgmFF0uouQ74AQCCNuh, 2019-10-05 11:17:27, 2019-10-19 06:21:16
8444, xXxDb5PSnPtIQsKuDg40, 2019-10-05 11:17:27, 2019-10-19 06:21:16
8445, yo9bLT6PuYWoOf9up9E7, 2019-10-05 11:17:27, 2019-10-19 06:21:16
8446, kL3her0BE3xWQ1ICDrmw, 2019-10-05 11:17:27, 2019-10-19 06:21:16
8447, SmlhdgXdZ5BrgKfoMlfu, 2019-10-05 11:17:27, 2019-10-19 06:21:16
8448, 8UwX5Wi9gYDY9qm9kghd, 2019-10-05 11:17:27, 2019-10-19 06:21:16
8449, GBfGhu4S5bUgtAhlpvut, 2019-10-05 11:17:27, 2019-10-19 06:21:16
8450, DfGOV8sReKU12lvwJzhh, 2019-10-05 11:17:27, 2019-10-19 06:21:16
8451, 462RsST8lyEqgbf65L22, 2019-10-05 11:17:27, 2019-10-19 06:21:16
8452, xFko2a1A1zHG2sQSgb2I, 2019-10-05 11:17:27, 2019-10-19 06:21:16
8453, FlmsZFkoEo8bM8SaV1t7, 2019-10-05 11:17:27, 2019-10-19 06:21:16
8454, EziM2QB5jQDG68j0p2D8, 2019-10-05 11:17:27, 2019-10-19 06:21:16
8455, Wd7nkCS8mlIYcv90bIOg, 2019-10-05 11:17:27, 2019-10-19 06:21:16
8456, zzvoh9PNk6h0qdDKHXWR, 2019-10-05 11:17:27, 2019-10-19 06:21:16
8457, aYbmr4L69IzVGraLWgmF, 2019-10-05 11:17:27, 2019-10-19 06:21:16
8458, yelP0VUAHIJbMX3kJGxO, 2019-10-05 11:17:27, 2019-10-19 06:21:16
8459, pIjsODIzczDqF3VsCk2b, 2019-10-05 11:17:27, 2019-10-19 06:21:16
8460, NFxfhsjowRBXqDzSN0mC, 2019-10-05 11:17:27, 2019-10-19 06:21:16
8461, 2sJx1oFiABwTX5Mtqywg, 2019-10-05 11:17:27, 2019-10-19 06:21:16
8462, ljNalXDTaLFvQsQVNi9A, 2019-10-05 11:17:27, 2019-10-19 06:21:16
8463, sM1sqGyGiTbkBpBfbvnD, 2019-10-05 11:17:27, 2019-10-19 06:21:16
8464, EBb7cihAp9cS0FKMq8tK, 2019-10-05 11:17:27, 2019-10-19 06:21:16
8465, 86X4CMuLdikTuvrL1dhU, 2019-10-05 11:17:27, 2019-10-19 06:21:16
8466, 89ygHevE1JAhpeFsJuw6, 2019-10-05 11:17:27, 2019-10-19 06:21:16
8467, 88ML0xsN48hd92dnBMun, 2019-10-05 11:17:27, 2019-10-19 06:21:16
8468, Rp7gzJzcCzO0zFtMcTfp, 2019-10-05 11:17:27, 2019-10-19 06:21:16
8469, V2llLm4XGnTIRD4NgvFg, 2019-10-05 11:17:27, 2019-10-19 06:21:16
8470, CRtPRJz67aSXgzoqrkGK, 2019-10-05 11:17:27, 2019-10-19 06:21:16
8471, sUpFE7WX8eIHvjqilth2, 2019-10-05 11:17:27, 2019-10-19 06:21:16
8472, B9Y2jC9NI1IMwGRU6MXp, 2019-10-05 11:17:27, 2019-10-19 06:21:16
8473, mWJmr8cQXZdP9yzKziSO, 2019-10-05 11:17:27, 2019-10-19 06:21:16
8474, 3WeeoV1rVRqW2ilvPSmR, 2019-10-05 11:17:27, 2019-10-19 06:21:16
8475, u8fZxQ4D87HevxDMpc4x, 2019-10-05 11:17:27, 2019-10-19 06:21:16
8476, P6ncW6gXVfesQt7anmAz, 2019-10-05 11:17:27, 2019-10-19 06:21:16
8477, suD0jcFTUkmwNHlaPvI6, 2019-10-05 11:17:27, 2019-10-19 06:21:16
8478, rHEDELxgixc53LBSfYNB, 2019-10-05 11:17:27, 2019-10-19 06:21:16
8479, Apqrpf7pdB4Hx96jU7hC, 2019-10-05 11:17:27, 2019-10-19 06:21:16
8480, iJhM028QJFWiG601b2iT, 2019-10-05 11:17:27, 2019-10-19 06:21:16
8481, rYOpshbLwApAZePJRtUb, 2019-10-05 11:17:27, 2019-10-19 06:21:16
8482, hCWkMkkXazEvQiODcycL, 2019-10-05 11:17:27, 2019-10-19 06:21:16
8483, zRRAhNMcu9aRO7IrptyS, 2019-10-05 11:17:27, 2019-10-19 06:21:16
8484, wa9TgYEmHyPhqyFSRDGZ, 2019-10-05 11:17:27, 2019-10-19 06:21:16
8485, 9dNxGWTF14t0SN81CHIz, 2019-10-05 11:17:27, 2019-10-19 06:21:16
8486, 1ONF5uFt8pR3kZBhFu8J, 2019-10-05 11:17:27, 2019-10-19 06:21:16
8487, BLL82sVnO2IO8iGIKfpD, 2019-10-05 11:17:27, 2019-10-19 06:21:16
8488, P8ST7vhfFTzCj0DUELZR, 2019-10-05 11:17:27, 2019-10-19 06:21:16
8489, b2TCAnbQ99BvSsM56CwE, 2019-10-05 11:17:27, 2019-10-19 06:21:16
8490, pqkFAWAA5b6FH707HXTa, 2019-10-05 11:17:27, 2019-10-19 06:21:16
8491, PmWV1M2Q6DmJUZhKxdzB, 2019-10-05 11:17:27, 2019-10-19 06:21:16
8492, dZ79qmFj6dvsOtTlOooz, 2019-10-05 11:17:27, 2019-10-19 06:21:16
8493, jIILYSGp8x3glYmZiaCM, 2019-10-05 11:17:27, 2019-10-19 06:21:16
8494, 1s8Enjw3LRtX4aD7252l, 2019-10-05 11:17:27, 2019-10-19 06:21:16
8495, faB20gNorxCaa7200npR, 2019-10-05 11:17:27, 2019-10-19 06:21:16
8496, YTr5V2uZtB1eul6qdE0I, 2019-10-05 11:17:27, 2019-10-19 06:21:16
8497, Z4U4qQLH0PW6XMZn0AJa, 2019-10-05 11:17:27, 2019-10-19 06:21:16
8498, Wy7Wr0g0u37OSfDUk0HI, 2019-10-05 11:17:27, 2019-10-19 06:21:16
8499, 2vw7a4DSWzJMHWlm5qJq, 2019-10-05 11:17:27, 2019-10-19 06:21:16
8500, vAqH8EawTYZMfxgInhag, 2019-10-05 11:17:27, 2019-10-19 06:21:16
8501, XkKnhNsoDY1hUMQwKqTu, 2019-10-05 11:17:27, 2019-10-19 06:21:16
8502, 1kw2UgiW6kxxFDe2PdsZ, 2019-10-05 11:17:27, 2019-10-19 06:21:16
8503, 6ygJrDCO0WbDX8rRVP66, 2019-10-05 11:17:27, 2019-10-19 06:21:16
8504, CR32EPQchkWguigzN4I2, 2019-10-05 11:17:27, 2019-10-19 06:21:16
8505, QyHVaJbu41hOKFvnJZSu, 2019-10-05 11:17:27, 2019-10-19 06:21:16
8506, j7gPBKevuJPLCpFjr3x0, 2019-10-05 11:17:27, 2019-10-19 06:21:16
8507, 6vQEJSq7oXEbi35rxSZY, 2019-10-05 11:17:27, 2019-10-19 06:21:16
8508, 5Xby1p2I0GJ6Y2q7wgxu, 2019-10-05 11:17:27, 2019-10-19 06:21:16
8509, EFB4uNvDJuOY34SzlHtw, 2019-10-05 11:17:27, 2019-10-19 06:21:16
8510, bdridFu9G86s7nUiDBoR, 2019-10-05 11:17:27, 2019-10-19 06:21:16
8511, 1ChvZXaHftOTw5XhpQ7X, 2019-10-05 11:17:27, 2019-10-19 06:21:16
8512, xrDqa7PL6YBp0RZsuk54, 2019-10-05 11:17:27, 2019-10-19 06:21:16
8513, OiBTuHM0mf3z8VUOKcHc, 2019-10-05 11:17:27, 2019-10-19 06:21:16
8514, G9kDh1rQhVKMNtBZEYVB, 2019-10-05 11:17:27, 2019-10-19 06:21:16
8515, WdUZ5cw4IzRqi3LaPmBv, 2019-10-05 11:17:27, 2019-10-19 06:21:16
8516, tM7UT9AeCGTFd4XVbohO, 2019-10-05 11:17:27, 2019-10-19 06:21:16
8517, W2XgicKDdQyOIjb2k43u, 2019-10-05 11:17:27, 2019-10-19 06:21:16
8518, FBVdS2zyUTWkzxQRrbWR, 2019-10-05 11:17:27, 2019-10-19 06:21:16
8519, SidIXkdVI7lh60QT4vjg, 2019-10-05 11:17:27, 2019-10-19 06:21:16
8520, sGsFy4qiXr4jprAwpg8a, 2019-10-05 11:17:27, 2019-10-19 06:21:16
8521, OjH0e0H3G0lXpdlGLn8i, 2019-10-05 11:17:27, 2019-10-19 06:21:16
8522, mUI7JIzL0zrm5jlHcMuT, 2019-10-05 11:17:27, 2019-10-19 06:21:16
8523, VZXQSPrgXQF0jRCSqM1V, 2019-10-05 11:17:27, 2019-10-19 06:21:16
8524, wo5cMX1LAcLxgyDKkIo5, 2019-10-05 11:17:27, 2019-10-19 06:21:16
8525, bRGyKPh08PcH7yoQ6t1P, 2019-10-05 11:17:27, 2019-10-19 06:21:16
8526, veoid11QoisntKSjcowK, 2019-10-05 11:17:27, 2019-10-19 06:21:16
8527, AgIGxnJXXw8fceThHpyL, 2019-10-05 11:17:27, 2019-10-19 06:21:16
8528, i2hvB2Lo61k5AUanHl0p, 2019-10-05 11:17:27, 2019-10-19 06:21:16
8529, kY9Fdz5cmSf22CCsdd5i, 2019-10-05 11:17:27, 2019-10-19 06:21:16
8530, UxAJB04EyK5OJSN7gGsz, 2019-10-05 11:17:27, 2019-10-19 06:21:16
8531, CGO8Uz7pra0eA2xODWkk, 2019-10-05 11:17:27, 2019-10-19 06:21:16
8532, EYds8oslY3tVa2QJmp1h, 2019-10-05 11:17:27, 2019-10-19 06:21:16
8533, leMYC5tqceL1oSXnX4Pk, 2019-10-05 11:17:27, 2019-10-19 06:21:16
8534, NJnXXsewJRm6iKOeVuno, 2019-10-05 11:17:27, 2019-10-19 06:21:16
8535, nmkGzIxsMs6zlUxdK8Ki, 2019-10-05 11:17:27, 2019-10-19 06:21:16
8536, DusesxaR4rNHikKM8AXL, 2019-10-05 11:17:27, 2019-10-19 06:21:16
8537, cZk8jegtxP5weYwXZkOK, 2019-10-05 11:17:27, 2019-10-19 06:21:16
8538, 1qpco9zW3cBKDYKNIDLs, 2019-10-05 11:17:27, 2019-10-19 06:21:16
8539, BBeLt12rKcZziy0vKcAR, 2019-10-05 11:17:27, 2019-10-19 06:21:16
8540, Ro3Fy3Onsg6GM9ig41Lh, 2019-10-05 11:17:27, 2019-10-19 06:21:16
8541, LLeYr99zVMqH5YzfRhnj, 2019-10-05 11:17:27, 2019-10-19 06:21:16
8542, zaiXtw2fnuHu6D7ISdA6, 2019-10-05 11:17:27, 2019-10-19 06:21:16
8543, JorgOOaLGGwmhudReNeq, 2019-10-05 11:17:27, 2019-10-19 06:21:16
8544, BXzHhpRizvm6PtwVnI3h, 2019-10-05 11:17:27, 2019-10-19 06:21:16
8545, RLdPRytRwTBPA1zBVal2, 2019-10-05 11:17:27, 2019-10-19 06:21:16
8546, afrbzz0pIIMuDc7PIisI, 2019-10-05 11:17:27, 2019-10-19 06:21:16
8547, SolWa1ytJ2NDejP5E627, 2019-10-05 11:17:27, 2019-10-19 06:21:16
8548, F1IWOeoelRgeRDYxfajv, 2019-10-05 11:17:27, 2019-10-19 06:21:16
8549, msVOkT6hhThdjvw1qoID, 2019-10-05 11:17:27, 2019-10-19 06:21:16
8550, FXPh4oZgtF3YDZafBaSf, 2019-10-05 11:17:27, 2019-10-19 06:21:16
8551, RxOpziAWsjjOmdLPF296, 2019-10-05 11:17:27, 2019-10-19 06:21:16
8552, TwSW2fa6W71xvA1d4TW9, 2019-10-05 11:17:27, 2019-10-19 06:21:16
8553, 0CXqrleBXjafYGgMWIjO, 2019-10-05 11:17:27, 2019-10-19 06:21:16
8554, ziddNwTZkm2P4ZLlmbFV, 2019-10-05 11:17:27, 2019-10-19 06:21:16
8555, YD7XJuQkUApWVfAUJLoF, 2019-10-05 11:17:27, 2019-10-19 06:21:16
8556, eJlfTddOmOL3BwYPMnYM, 2019-10-05 11:17:27, 2019-10-19 06:21:16
8557, SCzBvC1YK3nLq7TJnaXw, 2019-10-05 11:17:27, 2019-10-19 06:21:16
8558, 4p8ThxEncb1j1kPBZgHE, 2019-10-05 11:17:27, 2019-10-19 06:21:16
8559, CgOYkKc5kaddWdzL3EYU, 2019-10-05 11:17:27, 2019-10-19 06:21:16
8560, 2wJGDv1hL8y3YBtXX5KH, 2019-10-05 11:17:27, 2019-10-19 06:21:16
8561, kEF87VHIQk7BVPAdmM1v, 2019-10-05 11:17:27, 2019-10-19 06:21:16
8562, a1kz98xvLkToz0OJOc7A, 2019-10-05 11:17:27, 2019-10-19 06:21:16
8563, r5eDhtqCLglYZZZpYuem, 2019-10-05 11:17:27, 2019-10-19 06:21:16
8564, NGsGk3JiFpPdhzeBh5cb, 2019-10-05 11:17:27, 2019-10-19 06:21:16
8565, rAY57mJ2FoFDJDKNEAQf, 2019-10-05 11:17:27, 2019-10-19 06:21:16
8566, CiMkWAPgRq97H01dtbeO, 2019-10-05 11:17:27, 2019-10-19 06:21:16
8567, c8j9v2uEiYw4T1mp1oYZ, 2019-10-05 11:17:27, 2019-10-19 06:21:16
8568, waIeLcZed2tXHQx7Wj3k, 2019-10-05 11:17:27, 2019-10-19 06:21:16
8569, QiRkMiN7CoQdKlNiSha4, 2019-10-05 11:17:27, 2019-10-19 06:21:16
8570, LIC56fy5NJ0JctYYnfy1, 2019-10-05 11:17:27, 2019-10-19 06:21:16
8571, maYZwQ7bP0CW06wHRxeH, 2019-10-05 11:17:27, 2019-10-19 06:21:16
8572, dAcZp3MIHXvOT0LxOo9j, 2019-10-05 11:17:27, 2019-10-19 06:21:16
8573, Tv1XKyg4AFMpzZFlOSXm, 2019-10-05 11:17:27, 2019-10-19 06:21:16
8574, Cw2TuobRs0BiG15Y5RzK, 2019-10-05 11:17:27, 2019-10-19 06:21:16
8575, wzIRQHEJOuDp7K9wK0vr, 2019-10-05 11:17:27, 2019-10-19 06:21:16
8576, QwmeM4bKSaI7CLd5y4FR, 2019-10-05 11:17:27, 2019-10-19 06:21:16
8577, x3Ttj44EXoRLa7KPwJri, 2019-10-05 11:17:27, 2019-10-19 06:21:16
8578, 5QHpuZGz5j05fM9bOJ6m, 2019-10-05 11:17:27, 2019-10-19 06:21:16
8579, SagcWywlN5QEAxjFLz8F, 2019-10-05 11:17:27, 2019-10-19 06:21:16
8580, rVjWVffk4kATr5D8eRNq, 2019-10-05 11:17:27, 2019-10-19 06:21:16
8581, ecloHt7gdkPT0aUYYUli, 2019-10-05 11:17:27, 2019-10-19 06:21:16
8582, vf576Yq1ABVqcEHNrcxH, 2019-10-05 11:17:27, 2019-10-19 06:21:16
8583, oWh2zFmxLR7Ek6IllP6G, 2019-10-05 11:17:27, 2019-10-19 06:21:16
8584, O6g1dWYYiPJS6YF28IkP, 2019-10-05 11:17:27, 2019-10-19 06:21:16
8585, zJFxDBgvUF49Cti9FUkU, 2019-10-05 11:17:27, 2019-10-19 06:21:16
8586, KxdUfpLgayg3U0dJNTdh, 2019-10-05 11:17:27, 2019-10-19 06:21:16
8587, OHlO2vrlH5NKki1t1Nvw, 2019-10-05 11:17:27, 2019-10-19 06:21:16
8588, LykCQ4SDQLPJBYu3l93n, 2019-10-05 11:17:27, 2019-10-19 06:21:16
8589, z7X3P5tsivq3LaZDZoX0, 2019-10-05 11:17:27, 2019-10-19 06:21:16
8590, i5AN7faT3B7eQSDdfBHB, 2019-10-05 11:17:27, 2019-10-19 06:21:16
8591, um9rUCbZ8nYLJNsva0e7, 2019-10-05 11:17:27, 2019-10-19 06:21:16
8592, O3iG7gUbeawgc0ePWPNP, 2019-10-05 11:17:27, 2019-10-19 06:21:16
8593, lhNa9Lyc0fuaZshIgXh1, 2019-10-05 11:17:27, 2019-10-19 06:21:16
8594, um4w0JDQPquw2Zrdw2F2, 2019-10-05 11:17:27, 2019-10-19 06:21:16
8595, uMWb3IYDhjNAwfpXbsH2, 2019-10-05 11:17:27, 2019-10-19 06:21:16
8596, USNUlKpt38W0LmNm9JHK, 2019-10-05 11:17:27, 2019-10-19 06:21:16
8597, bR5yaPFXFeLHdFBIGkpU, 2019-10-05 11:17:27, 2019-10-19 06:21:16
8598, 6F7W4zi5qVgnqs8pGOcy, 2019-10-05 11:17:27, 2019-10-19 06:21:16
8599, yhiiCV4ReqpQcS48YkXZ, 2019-10-05 11:17:27, 2019-10-19 06:21:16
8600, tVfuZbEAvWNLCjUbgKCX, 2019-10-05 11:17:27, 2019-10-19 06:21:16
8601, Kdc4meCw1c0wxx6plgd5, 2019-10-05 11:17:27, 2019-10-19 06:21:16
8602, xNttCR5PjQ8Pl26joyjA, 2019-10-05 11:17:27, 2019-10-19 06:21:16
8603, KSG9iziCuXiBHjnTswku, 2019-10-05 11:17:27, 2019-10-19 06:21:16
8604, BdUhPBIs8rl0uOPcLh5j, 2019-10-05 11:17:27, 2019-10-19 06:21:16
8605, DW3v8YPu1MJnH1L51vb3, 2019-10-05 11:17:27, 2019-10-19 06:21:16
8606, PV4NFRSd8uFBWzPOYXDI, 2019-10-05 11:17:27, 2019-10-19 06:21:16
8607, VuT00Xf1TCB6Ad1ZaiAq, 2019-10-05 11:17:27, 2019-10-19 06:21:16
8608, SAT1iuUZe57BODPBGa4k, 2019-10-05 11:17:27, 2019-10-19 06:21:16
8609, EnPh8nmimTMo20WerQW3, 2019-10-05 11:17:27, 2019-10-19 06:21:16
8610, L6DBgYpC1Z22wp95iSIk, 2019-10-05 11:17:27, 2019-10-19 06:21:16
8611, tybQKiQ7ZW41821KM80Q, 2019-10-05 11:17:27, 2019-10-19 06:21:16
8612, 10rfrHozE2UhBUGRnhOK, 2019-10-05 11:17:27, 2019-10-19 06:21:16
8613, kHvfOFxPJoGVgChJnp8f, 2019-10-05 11:17:27, 2019-10-19 06:21:16
8614, gQwOY58RE1aUIjgH5cik, 2019-10-05 11:17:27, 2019-10-19 06:21:16
8615, VhsGwq75nyJHuaYdi50s, 2019-10-05 11:17:27, 2019-10-19 06:21:16
8616, 4Ykspbls4ZpD8dEfJbU1, 2019-10-05 11:17:27, 2019-10-19 06:21:16
8617, MQnBGgiFicE1DaAPuxoi, 2019-10-05 11:17:27, 2019-10-19 06:21:16
8618, qc7ku7J4mndgspQQpMoJ, 2019-10-05 11:17:27, 2019-10-19 06:21:16
8619, EsaW0sDTkyU45vDgaDvh, 2019-10-05 11:17:27, 2019-10-19 06:21:16
8620, wvv8DTu0qwDfbeosa8X6, 2019-10-05 11:17:27, 2019-10-19 06:21:16
8621, NC5GkUbcm35Rcddz48Z1, 2019-10-05 11:17:27, 2019-10-19 06:21:16
8622, ULFXyqZuN9i8UNPRMvqL, 2019-10-05 11:17:27, 2019-10-19 06:21:16
8623, wlkNH9lNLcaQlFOAo8E7, 2019-10-05 11:17:27, 2019-10-19 06:21:16
8624, AYtRHEtpFulEXwwgl63f, 2019-10-05 11:17:27, 2019-10-19 06:21:16
8625, ooeTlGN96JK6CAqfc9Cf, 2019-10-05 11:17:27, 2019-10-19 06:21:16
8626, Qf6TJPY58G2W4fkdpkJs, 2019-10-05 11:17:27, 2019-10-19 06:21:16
8627, SSQ2lCDjMXGRNb0KUf9e, 2019-10-05 11:17:27, 2019-10-19 06:21:16
8628, wGInY5Sn4MUBmIqnD24g, 2019-10-05 11:17:27, 2019-10-19 06:21:16
8629, 2RtyNCb2KLo0capzq8HN, 2019-10-05 11:17:27, 2019-10-19 06:21:16
8630, dCjuQeuSFhGRVIZg9FZ3, 2019-10-05 11:17:27, 2019-10-19 06:21:16
8631, IFN69cTqmhsBiquWoxxG, 2019-10-05 11:17:27, 2019-10-19 06:21:16
8632, LWtVmcI1wOL3BWnzb7Pc, 2019-10-05 11:17:27, 2019-10-19 06:21:16
8633, 0B8BZfJb6QubrUD2bLWi, 2019-10-05 11:17:27, 2019-10-19 06:21:16
8634, M2zfMtAKDUaUMTn478WJ, 2019-10-05 11:17:27, 2019-10-19 06:21:16
8635, VXogC0M1yzo13ubYRv1w, 2019-10-05 11:17:27, 2019-10-19 06:21:16
8636, AUxMSmFKBt50Z8mXHFPd, 2019-10-05 11:17:27, 2019-10-19 06:21:16
8637, xvMULrxWPj8oBQQSvTeR, 2019-10-05 11:17:27, 2019-10-19 06:21:16
8638, EqQQTeombTVdHgjbHq95, 2019-10-05 11:17:27, 2019-10-19 06:21:16
8639, Zc7rrMSwPFJiTDRHHVyJ, 2019-10-05 11:17:27, 2019-10-19 06:21:16
8640, d9Vn3cT3Fh2UhTgfTBEs, 2019-10-05 11:17:27, 2019-10-19 06:21:16
8641, gHBX9FmVk8BfVp9E65eL, 2019-10-05 11:17:27, 2019-10-19 06:21:16
8642, NstBCyrhulRjoIVxpJX9, 2019-10-05 11:17:27, 2019-10-19 06:21:16
8643, EsKbRi71vdUfhUL3yCV5, 2019-10-05 11:17:27, 2019-10-19 06:21:16
8644, ZEY61FmVRTwgAMEx84px, 2019-10-05 11:17:27, 2019-10-19 06:21:16
8645, 5RVZBUbXehuQp3FFFCeX, 2019-10-05 11:17:27, 2019-10-19 06:21:16
8646, yWd6VmH2zmK0mbZKNqsO, 2019-10-05 11:17:27, 2019-10-19 06:21:16
8647, obsHfJ2D0SbFnuzLvSA8, 2019-10-05 11:17:27, 2019-10-19 06:21:16
8648, GRckDtIEgxN674b19euX, 2019-10-05 11:17:27, 2019-10-19 06:21:16
8649, BAvsjVAL08oVMYS5Cgt9, 2019-10-05 11:17:27, 2019-10-19 06:21:16
8650, zPGw2eJBWxOlusmklc28, 2019-10-05 11:17:27, 2019-10-19 06:21:16
8651, PgtkNVnQQITo3RBuqTee, 2019-10-05 11:17:27, 2019-10-19 06:21:16
8652, M1awBBWtVSDyvWd57rp0, 2019-10-05 11:17:27, 2019-10-19 06:21:16
8653, UiOyBjrUP39vyxpdwgAp, 2019-10-05 11:17:27, 2019-10-19 06:21:16
8654, teOJAIB3LoehHZqOKOkM, 2019-10-05 11:17:27, 2019-10-19 06:21:16
8655, UH8WgsSUmyHAgBJck2t3, 2019-10-05 11:17:27, 2019-10-19 06:21:16
8656, aNbhXmVbOTKmfYUNCRb1, 2019-10-05 11:17:27, 2019-10-19 06:21:16
8657, TWEVuSFQjO37atd41PIX, 2019-10-05 11:17:27, 2019-10-19 06:21:16
8658, 3vQ2z1LkoSWVLbKMjAw3, 2019-10-05 11:17:27, 2019-10-19 06:21:16
8659, ywXrgFVBgfyXoKBB4Opk, 2019-10-05 11:17:27, 2019-10-19 06:21:16
8660, yohcfEjVNE77WlIB9yuz, 2019-10-05 11:17:27, 2019-10-19 06:21:17
8661, BZwmPX3Hu7ovF5zYTomV, 2019-10-05 11:17:27, 2019-10-19 06:21:17
8662, CBX4i818y1hL8IuOiCVr, 2019-10-05 11:17:27, 2019-10-19 06:21:17
8663, pOQ5TJNBPjQbbEYM7MVU, 2019-10-05 11:17:27, 2019-10-19 06:21:17
8664, a5FjTU9QE5ppgh1GIosg, 2019-10-05 11:17:27, 2019-10-19 06:21:17
8665, ApnUMOZgbfMnku86e0XL, 2019-10-05 11:17:27, 2019-10-19 06:21:17
8666, xvq2zYRPOFcJ6DVyaKuV, 2019-10-05 11:17:27, 2019-10-19 06:21:17
8667, BvmvpDN7EJaX9CT09IJ1, 2019-10-05 11:17:27, 2019-10-19 06:21:17
8668, DmcRt8NJg0f6rsqY9ZG6, 2019-10-05 11:17:27, 2019-10-19 06:21:17
8669, WxqMWOddziV9IvjzsZ8m, 2019-10-05 11:17:27, 2019-10-19 06:21:17
8670, 7vzFU84lfCgCHXqIuKN6, 2019-10-05 11:17:27, 2019-10-19 06:21:17
8671, AztffZ2V8wPxRrYuk8H9, 2019-10-05 11:17:27, 2019-10-19 06:21:17
8672, P6YqhbdhC6TDELJoNoEE, 2019-10-05 11:17:27, 2019-10-19 06:21:17
8673, Z5AyQiq8QIHCKeza3lcm, 2019-10-05 11:17:27, 2019-10-19 06:21:17
8674, 7Uwk0GYRD7oPr8JpeLfx, 2019-10-05 11:17:27, 2019-10-19 06:21:17
8675, hOeUw0XgPcWF3qTjQDvz, 2019-10-05 11:17:27, 2019-10-19 06:21:17
8676, POvutnH3WXIBsnQvGms1, 2019-10-05 11:17:27, 2019-10-19 06:21:17
8677, NINnf69rWenhVveeYrta, 2019-10-05 11:17:27, 2019-10-19 06:21:17
8678, 1FYKSBqFAUvFxJqxLmM2, 2019-10-05 11:17:27, 2019-10-19 06:21:17
8679, ioCPIRQkwm9I0bVBBlJ7, 2019-10-05 11:17:27, 2019-10-19 06:21:17
8680, AytMQD5pwkeVaAZIdGtp, 2019-10-05 11:17:27, 2019-10-19 06:21:17
8681, c0LXlEcEMxghYzBXArHS, 2019-10-05 11:17:27, 2019-10-19 06:21:17
8682, OqzQG6kQnNdhYPmtKclw, 2019-10-05 11:17:27, 2019-10-19 06:21:17
8683, WbVP3pjhJn7l4savAhi8, 2019-10-05 11:17:27, 2019-10-19 06:21:17
8684, TaIR5NS35uV7nvqSwrfZ, 2019-10-05 11:17:27, 2019-10-19 06:21:17
8685, 2DAfSsn98l8rztetzgcf, 2019-10-05 11:17:27, 2019-10-19 06:21:17
8686, FJtjzjpJb7W2Uijt8UFZ, 2019-10-05 11:17:27, 2019-10-19 06:21:17
8687, CD88WZF3JgthuQfO1sde, 2019-10-05 11:17:27, 2019-10-19 06:21:17
8688, vHnaD1ZvoFTp8wjp426Y, 2019-10-05 11:17:27, 2019-10-19 06:21:17
8689, KtMP0UDac4Grr2T2bhqo, 2019-10-05 11:17:27, 2019-10-19 06:21:17
8690, eDjB2gcgukML3ze1vR3x, 2019-10-05 11:17:27, 2019-10-19 06:21:17
8691, a3zBeC0YHkSO7elAyaPx, 2019-10-05 11:17:27, 2019-10-19 06:21:17
8692, 3ID07fcZ4pUAwBUZ5H5Q, 2019-10-05 11:17:27, 2019-10-19 06:21:17
8693, LQBzK1S6HVFcf97tcIMa, 2019-10-05 11:17:27, 2019-10-19 06:21:17
8694, M5f4pTcDl1j66SNvMyOS, 2019-10-05 11:17:27, 2019-10-19 06:21:17
8695, OCpOHalDfwEIqHM2UCIK, 2019-10-05 11:17:27, 2019-10-19 06:21:17
8696, sE2JJVXrCeDRMrUmPe6j, 2019-10-05 11:17:27, 2019-10-19 06:21:17
8697, WQB1wAIEZAk8wO03TJl9, 2019-10-05 11:17:27, 2019-10-19 06:21:17
8698, 7powXFYTGDuhrTrq44uE, 2019-10-05 11:17:27, 2019-10-19 06:21:17
8699, 5VbsU3s7MscavplQKwzP, 2019-10-05 11:17:27, 2019-10-19 06:21:17
8700, yXVwcFWSkvIOeaerYPh2, 2019-10-05 11:17:27, 2019-10-19 06:21:17
8701, eAk2MkGeKeN7HVYBb5xE, 2019-10-05 11:17:27, 2019-10-19 06:21:17
8702, ZNjC5gay7WgaM6RZSx3n, 2019-10-05 11:17:27, 2019-10-19 06:21:17
8703, BCFA9LFGPmbDwo6XGQSd, 2019-10-05 11:17:27, 2019-10-19 06:21:17
8704, IPm23jwHQc9sEmwGLErv, 2019-10-05 11:17:27, 2019-10-19 06:21:17
8705, mNMD31JxaoOeeXL8V4sK, 2019-10-05 11:17:27, 2019-10-19 06:21:17
8706, N2A4ms45kWNJuTQAN98C, 2019-10-05 11:17:27, 2019-10-19 06:21:17
8707, JU5QLnoF4zO4D3nyJ9TT, 2019-10-05 11:17:27, 2019-10-19 06:21:17
8708, n23FFn8cGjpyQWnFsLff, 2019-10-05 11:17:27, 2019-10-19 06:21:17
8709, 4H8rINfMpnPMHHy92aWf, 2019-10-05 11:17:27, 2019-10-19 06:21:17
8710, j04a2mLS2jsfEWQ4eX8V, 2019-10-05 11:17:27, 2019-10-19 06:21:17
8711, TOkc0zu04JgI0yf2VBnJ, 2019-10-05 11:17:27, 2019-10-19 06:21:17
8712, bZJeCDmMIYXvNlrYtmZx, 2019-10-05 11:17:27, 2019-10-19 06:21:17
8713, sBLXX50ggfx0SIoas290, 2019-10-05 11:17:27, 2019-10-19 06:21:17
8714, IzcvpTOfyzomFySw6X9j, 2019-10-05 11:17:27, 2019-10-19 06:21:17
8715, pA1JQ4hT7VymFHorQqP7, 2019-10-05 11:17:27, 2019-10-19 06:21:17
8716, MY41NhL0rLMNa3fIF1kG, 2019-10-05 11:17:27, 2019-10-19 06:21:17
8717, FzApmsBnZV7YYWPNDQCM, 2019-10-05 11:17:27, 2019-10-19 06:21:17
8718, qSLdxMqG42wHKTbiKJmG, 2019-10-05 11:17:27, 2019-10-19 06:21:17
8719, SJ77D6DM976pfie092OC, 2019-10-05 11:17:27, 2019-10-19 06:21:17
8720, ksQVdjlpti2DrGBaBmVO, 2019-10-05 11:17:27, 2019-10-19 06:21:17
8721, pWuXoM3VEtP0ax4DqwGV, 2019-10-05 11:17:27, 2019-10-19 06:21:17
8722, oTynPA6s0pmFhXAtwNzV, 2019-10-05 11:17:27, 2019-10-19 06:21:17
8723, ZkTejSMsvx52Fj8Mp6aA, 2019-10-05 11:17:27, 2019-10-19 06:21:17
8724, EYlFgrCvawdMxqwwmMn3, 2019-10-05 11:17:27, 2019-10-19 06:21:17
8725, HEBD7DS7M88mYgNGxM8R, 2019-10-05 11:17:27, 2019-10-19 06:21:17
8726, noG8pPjt4eMoIdMZdXgP, 2019-10-05 11:17:27, 2019-10-19 06:21:17
8727, VraN7h8OkvMoMrXVSaZY, 2019-10-05 11:17:27, 2019-10-19 06:21:17
8728, IBaxuevHeFSB6f1Hih2L, 2019-10-05 11:17:27, 2019-10-19 06:21:17
8729, ka3YAcmg7XgknkaLLUlX, 2019-10-05 11:17:27, 2019-10-19 06:21:17
8730, MY3NZkSW4kecLWm2B0yU, 2019-10-05 11:17:27, 2019-10-19 06:21:17
8731, hxcIEJCtNXKCU0fjyV7o, 2019-10-05 11:17:27, 2019-10-19 06:21:17
8732, ZfiZz7OCtRRIfAMDc0z0, 2019-10-05 11:17:27, 2019-10-19 06:21:17
8733, gsvPSzQPkhw58zI9DI3r, 2019-10-05 11:17:27, 2019-10-19 06:21:17
8734, KVwDik5m17mLIFChy60v, 2019-10-05 11:17:27, 2019-10-19 06:21:17
8735, wIQD5P58aXyYHw7n8pJL, 2019-10-05 11:17:27, 2019-10-19 06:21:17
8736, jWn7SDPDq7yf2HdSc029, 2019-10-05 11:17:27, 2019-10-19 06:21:17
8737, xBSb9nxGFMMqDOoMbUmF, 2019-10-05 11:17:27, 2019-10-19 06:21:17
8738, TQfdt6lI2B5KKbxcjOH1, 2019-10-05 11:17:27, 2019-10-19 06:21:17
8739, eE9wR54iJbopPitUmT3d, 2019-10-05 11:17:27, 2019-10-19 06:21:17
8740, Lo4HxQ5ypQF1hrgLH6BH, 2019-10-05 11:17:27, 2019-10-19 06:21:17
8741, EqWtfRjlntUI7GiD1lQR, 2019-10-05 11:17:27, 2019-10-19 06:21:17
8742, 6z95ghzoTv52a1SdI4xm, 2019-10-05 11:17:27, 2019-10-19 06:21:17
8743, jZUGk2pQTiBck3rbAwqW, 2019-10-05 11:17:27, 2019-10-19 06:21:17
8744, 7vA90Lp1tpvqjzfdA69v, 2019-10-05 11:17:27, 2019-10-19 06:21:17
8745, N98zcXF6hm1X9D5GzqfD, 2019-10-05 11:17:27, 2019-10-19 06:21:17
8746, vD0XqLdvWCo9K2MbgZ8U, 2019-10-05 11:17:27, 2019-10-19 06:21:17
8747, 21KODVveBwMpPtUfGIYI, 2019-10-05 11:17:27, 2019-10-19 06:21:17
8748, 0JeeNVmKyGVw8VCTMgbn, 2019-10-05 11:17:27, 2019-10-19 06:21:17
8749, vk7VQ3BPGlehsEqCIyy0, 2019-10-05 11:17:27, 2019-10-19 06:21:17
8750, hCLqnEWZH7EdxGBNcLz0, 2019-10-05 11:17:27, 2019-10-19 06:21:17
8751, nCVkYk1tQV6Prz6U1nws, 2019-10-05 11:17:27, 2019-10-19 06:21:17
8752, S7nEqHF2UsusZ38E4H9l, 2019-10-05 11:17:27, 2019-10-19 06:21:17
8753, hgFZ5ts9PCIC1CSjlZ8B, 2019-10-05 11:17:27, 2019-10-19 06:21:17
8754, InKXIbjkeaqrNe8gPzwN, 2019-10-05 11:17:27, 2019-10-19 06:21:17
8755, YyfurLUKjQyQAIAg9arj, 2019-10-05 11:17:27, 2019-10-19 06:21:17
8756, tW00vP6rWYLYnnVIuHij, 2019-10-05 11:17:27, 2019-10-19 06:21:17
8757, HYQ4nEJDGjrewJs5xm1q, 2019-10-05 11:17:27, 2019-10-19 06:21:17
8758, Sttq60yxrYOO7bHPEhGC, 2019-10-05 11:17:27, 2019-10-19 06:21:17
8759, NTZMXGnjrKvrN8HeHzAG, 2019-10-05 11:17:27, 2019-10-19 06:21:17
8760, EyHYxfpOhdJLay6QqFQW, 2019-10-05 11:17:27, 2019-10-19 06:21:17
8761, 414FrljZpN2g3eEnSSmD, 2019-10-05 11:17:27, 2019-10-19 06:21:17
8762, 7QR2dLrOSBlY7SXNnbjw, 2019-10-05 11:17:27, 2019-10-19 06:21:17
8763, KqeOoGOaUF6pzpw7gyVk, 2019-10-05 11:17:27, 2019-10-19 06:21:17
8764, pypZ6kk6Dfp40qeeiKad, 2019-10-05 11:17:27, 2019-10-19 06:21:17
8765, z6tCWzr23HfoNhZcwOcb, 2019-10-05 11:17:27, 2019-10-19 06:21:17
8766, m7v8PTQs7I5VvOav76kA, 2019-10-05 11:17:27, 2019-10-19 06:21:17
8767, cY1NRYOKtHDfV3bE46go, 2019-10-05 11:17:27, 2019-10-19 06:21:17
8768, Nps8FkDoXSVHS7L5YPNz, 2019-10-05 11:17:27, 2019-10-19 06:21:17
8769, mljtxo2Fqa9cWbYkyeI2, 2019-10-05 11:17:27, 2019-10-19 06:21:17
8770, CsGlz0m4dbZWtUp6cAWf, 2019-10-05 11:17:27, 2019-10-19 06:21:17
8771, AJGIWFgSaj6pvVUxCehe, 2019-10-05 11:17:27, 2019-10-19 06:21:17
8772, lJP2MCEtK4RnsTxq4uqx, 2019-10-05 11:17:27, 2019-10-19 06:21:17
8773, sdZoCB5Ga7OrmocbJiJw, 2019-10-05 11:17:27, 2019-10-19 06:21:17
8774, 5dzSUD8Elkoi7KWSo8UH, 2019-10-05 11:17:27, 2019-10-19 06:21:17
8775, KFb50MlCesKUHSVK8M5E, 2019-10-05 11:17:27, 2019-10-19 06:21:17
8776, LkQIuBnw6ecY1bwNqSYx, 2019-10-05 11:17:27, 2019-10-19 06:21:17
8777, PSRlsm70pZPMSKf7Q8iZ, 2019-10-05 11:17:27, 2019-10-19 06:21:17
8778, OCd3ccXYlaWfcn8NICR2, 2019-10-05 11:17:27, 2019-10-19 06:21:17
8779, ykfxxr7JhZlOH2hcmmT4, 2019-10-05 11:17:27, 2019-10-19 06:21:17
8780, mV4274kzCsDjRlCPeW8J, 2019-10-05 11:17:27, 2019-10-19 06:21:17
8781, 7u9sqiRwnv5PTKAjb6yU, 2019-10-05 11:17:27, 2019-10-19 06:21:17
8782, wWb124cWJWqX0r0AMbHM, 2019-10-05 11:17:27, 2019-10-19 06:21:17
8783, mqMrDRe8Dtwo7kMSR5HK, 2019-10-05 11:17:27, 2019-10-19 06:21:17
8784, hkqTpQce3AGjAuzVAU8w, 2019-10-05 11:17:27, 2019-10-19 06:21:17
8785, Jb0JfUzF1EuxOjTppSRS, 2019-10-05 11:17:27, 2019-10-19 06:21:17
8786, YlESmMqd0H99qSTUM979, 2019-10-05 11:17:27, 2019-10-19 06:21:17
8787, xfTFIen1ig62LLPVxezs, 2019-10-05 11:17:27, 2019-10-19 06:21:17
8788, PbohC2j5zynSJL6pj5Bx, 2019-10-05 11:17:27, 2019-10-19 06:21:17
8789, WZDJGpj7oTFnzgRLrPvC, 2019-10-05 11:17:27, 2019-10-19 06:21:17
8790, v1NgldtVkpoTzpic6yx2, 2019-10-05 11:17:27, 2019-10-19 06:21:17
8791, J3YzXGm8l1jqGQC1BYbx, 2019-10-05 11:17:27, 2019-10-19 06:21:17
8792, ghSVVf8VgEj192SAWaJl, 2019-10-05 11:17:27, 2019-10-19 06:21:17
8793, 2R6UBKKKqjmraMmCKhE6, 2019-10-05 11:17:27, 2019-10-19 06:21:17
8794, 0xQWXBjunC0tic5YGCIa, 2019-10-05 11:17:27, 2019-10-19 06:21:17
8795, S1YdNvBJr7JoIScTahv1, 2019-10-05 11:17:27, 2019-10-19 06:21:17
8796, cd1StocXOWyLlACGjxQ1, 2019-10-05 11:17:27, 2019-10-19 06:21:17
8797, Xpcsy3LaijOFL2CLH8Tm, 2019-10-05 11:17:27, 2019-10-19 06:21:17
8798, k212zI84fJwDzJOhJOPI, 2019-10-05 11:17:27, 2019-10-19 06:21:17
8799, uKIGXghgZwoY0IY88E3L, 2019-10-05 11:17:27, 2019-10-19 06:21:17
8800, Ke7K7DUwdVOpLW7dlkvY, 2019-10-05 11:17:27, 2019-10-19 06:21:17
8801, KIofXcsmlecBuWRmA1eG, 2019-10-05 11:17:27, 2019-10-19 06:21:17
8802, MLTJBWEWcUtBMoTfZ4LD, 2019-10-05 11:17:27, 2019-10-19 06:21:17
8803, L3AXLAhIcLBz0fdBKiGH, 2019-10-05 11:17:27, 2019-10-19 06:21:17
8804, adXiUlMQxIRtlOiLBOZ1, 2019-10-05 11:17:27, 2019-10-19 06:21:17
8805, 7sZEqAlpw5wJReK1xvNo, 2019-10-05 11:17:27, 2019-10-19 06:21:17
8806, X7VlfoxVSUZtdo5otJRz, 2019-10-05 11:17:27, 2019-10-19 06:21:18
8807, B13qiHLiaPDlczW0D0DX, 2019-10-05 11:17:27, 2019-10-19 06:21:18
8808, kx2tH5v9cFKRbHXstq3u, 2019-10-05 11:17:27, 2019-10-19 06:21:18
8809, jrnAJKKnj3k4EFI7tZVL, 2019-10-05 11:17:27, 2019-10-19 06:21:18
8810, xqr0ViY0by70zdvqs3xV, 2019-10-05 11:17:27, 2019-10-19 06:21:18
8811, psvrkV9WHbI3SZ6SgazU, 2019-10-05 11:17:27, 2019-10-19 06:21:18
8812, 1jF05ypGdgrfQLuE2yt6, 2019-10-05 11:17:27, 2019-10-19 06:21:18
8813, 7DZIyCPa74nfqZaZiq5H, 2019-10-05 11:17:27, 2019-10-19 06:21:18
8814, Jh6eNwbofDKchL4wXDjt, 2019-10-05 11:17:27, 2019-10-19 06:21:18
8815, 6J4BUlgUIu39GFW1EmQM, 2019-10-05 11:17:27, 2019-10-19 06:21:18
8816, iDgGdJmiHCWQojfe4ny6, 2019-10-05 11:17:27, 2019-10-19 06:21:18
8817, apfquAwFBGmiYc7NYhmh, 2019-10-05 11:17:27, 2019-10-19 06:21:18
8818, 3Cm9K5tsTHzg0BUglf4F, 2019-10-05 11:17:27, 2019-10-19 06:21:18
8819, Si6bpHm9FWGdrMjnAm0V, 2019-10-05 11:17:27, 2019-10-19 06:21:18
8820, IsUnWWEvBoJI4yx3Ul0c, 2019-10-05 11:17:27, 2019-10-19 06:21:18
8821, iI5czVxJJtovYDz2gyyx, 2019-10-05 11:17:27, 2019-10-19 06:21:18
8822, dRBXmCG3dOB43BG08EHG, 2019-10-05 11:17:27, 2019-10-19 06:21:18
8823, yWmwS1pZcjNUFrektnKR, 2019-10-05 11:17:27, 2019-10-19 06:21:18
8824, TNLs9XSAa2Dkhl8BvAn0, 2019-10-05 11:17:27, 2019-10-19 06:21:18
8825, U8n4NuMTqSRalqu9kaoo, 2019-10-05 11:17:27, 2019-10-19 06:21:18
8826, TUZ3wEqv7EkaFPTSXUfu, 2019-10-05 11:17:27, 2019-10-19 06:21:18
8827, 0XEb6zdjspCKEMgXdPLj, 2019-10-05 11:17:27, 2019-10-19 06:21:18
8828, MpP1PsQDe5514lT9s47q, 2019-10-05 11:17:27, 2019-10-19 06:21:18
8829, AGYFerVQ79GAageb3YDJ, 2019-10-05 11:17:27, 2019-10-19 06:21:18
8830, dmWirnRID1ps8JoQlISb, 2019-10-05 11:17:27, 2019-10-19 06:21:18
8831, inumxAkZJXxLj2JdaPi3, 2019-10-05 11:17:27, 2019-10-19 06:21:18
8832, WiUAoNq5RynHwZuXdwiX, 2019-10-05 11:17:27, 2019-10-19 06:21:18
8833, xUWtSCV5nm7iUR7tTpWs, 2019-10-05 11:17:27, 2019-10-19 06:21:18
8834, qdDjUM8FH2QL2mVxsyEH, 2019-10-05 11:17:27, 2019-10-19 06:21:18
8835, 56IQEOMDCdero69w8OrY, 2019-10-05 11:17:27, 2019-10-19 06:21:18
8836, sfJtKGy99YqGdIyUlCwh, 2019-10-05 11:17:27, 2019-10-19 06:21:18
8837, d96irhH55cTo1M4CAXq6, 2019-10-05 11:17:27, 2019-10-19 06:21:18
8838, XxGgvs8wKPLWQzZZFZCU, 2019-10-05 11:17:27, 2019-10-19 06:21:18
8839, TX54uuxF4WDIMPUTg8Yi, 2019-10-05 11:17:27, 2019-10-19 06:21:18
8840, gmea6Of7ryAXm51tERhJ, 2019-10-05 11:17:27, 2019-10-19 06:21:18
8841, S8PRWc9ecfl8xtGqXiio, 2019-10-05 11:17:27, 2019-10-19 06:21:18
8842, MuvyWh8BheFVwJ2b6p5B, 2019-10-05 11:17:27, 2019-10-19 06:21:18
8843, CodbxO2jLmYz6PvbXafI, 2019-10-05 11:17:27, 2019-10-19 06:21:18
8844, 44S3oo6PfvaYz5aCm7Yw, 2019-10-05 11:17:27, 2019-10-19 06:21:18
8845, UdFUqv28pI0zCyxRupWW, 2019-10-05 11:17:27, 2019-10-19 06:21:18
8846, htlRSvEgPokFSCvJaH59, 2019-10-05 11:17:27, 2019-10-19 06:21:18
8847, potu2wzRWxnR8PSVHKms, 2019-10-05 11:17:27, 2019-10-19 06:21:18
8848, FsDXU5jcUoldBxAvmNFD, 2019-10-05 11:17:27, 2019-10-19 06:21:18
8849, oWHLRVn8kSKQtoa7ORLf, 2019-10-05 11:17:27, 2019-10-19 06:21:18
8850, MPvOXL3sOWBwLSG4ceJu, 2019-10-05 11:17:27, 2019-10-19 06:21:18
8851, 0kC5ZWEpOzW3krG7NWnk, 2019-10-05 11:17:27, 2019-10-19 06:21:18
8852, xabXEqmE6jRyyTcNHBpn, 2019-10-05 11:17:27, 2019-10-19 06:21:18
8853, lvZxh0HDUlwXj8ew9vDu, 2019-10-05 11:17:27, 2019-10-19 06:21:18
8854, pysVpct5eoyAcV6rYBsB, 2019-10-05 11:17:27, 2019-10-19 06:21:18
8855, YWkII7AwKfpTYdPJPQdN, 2019-10-05 11:17:27, 2019-10-19 06:21:18
8856, ImiWObYVlOuTELKhaNrE, 2019-10-05 11:17:27, 2019-10-19 06:21:18
8857, spKKUbZOGmiFteXyBZKw, 2019-10-05 11:17:27, 2019-10-19 06:21:18
8858, miSUd10uL1EJHQV8kFOF, 2019-10-05 11:17:27, 2019-10-19 06:21:18
8859, xNKEtLIsoN45PPUGQymi, 2019-10-05 11:17:27, 2019-10-19 06:21:18
8860, lefMyLoMLphi8iVecoF6, 2019-10-05 11:17:27, 2019-10-19 06:21:18
8861, SP9KQitxBzUbW2KPlwBs, 2019-10-05 11:17:27, 2019-10-19 06:21:18
8862, xPb88zdu5Xiy313M0Hos, 2019-10-05 11:17:27, 2019-10-19 06:21:18
8863, vB3rrvkMUdr0m9T2SPKp, 2019-10-05 11:17:27, 2019-10-19 06:21:18
8864, GH4g7jVvba8MOd9S6VI0, 2019-10-05 11:17:27, 2019-10-19 06:21:18
8865, ksWVxRg8obyGTeGLnUMw, 2019-10-05 11:17:27, 2019-10-19 06:21:18
8866, qNqovzGU579amEgGrtgh, 2019-10-05 11:17:27, 2019-10-19 06:21:18
8867, dnPjfE335310BNC77MF1, 2019-10-05 11:17:27, 2019-10-19 06:21:18
8868, XvPM2Ogmd41gtgJp5bjR, 2019-10-05 11:17:27, 2019-10-19 06:21:18
8869, mQ0mrzdqKP7MtyPyAugh, 2019-10-05 11:17:27, 2019-10-19 06:21:18
8870, 249KAog1MDTyKkHJbb1J, 2019-10-05 11:17:27, 2019-10-19 06:21:18
8871, ssfqWJRQvtRRem8E9udR, 2019-10-05 11:17:27, 2019-10-19 06:21:18
8872, ghIRsMgp0URxKYzMpxEN, 2019-10-05 11:17:27, 2019-10-19 06:21:18
8873, I9mIiPHzd6otMvtID9Q3, 2019-10-05 11:17:27, 2019-10-19 06:21:18
8874, DeOL8uhFUca5C1jD0HuK, 2019-10-05 11:17:27, 2019-10-19 06:21:18
8875, duilM6XMCfhyq8bbeEXh, 2019-10-05 11:17:27, 2019-10-19 06:21:18
8876, Y61QMAtOSlaLi3neysnV, 2019-10-05 11:17:27, 2019-10-19 06:21:18
8877, xqaGi8kX1fSefVEu9v4t, 2019-10-05 11:17:27, 2019-10-19 06:21:18
8878, QvXZrZ0u8ET5WNqLbVua, 2019-10-05 11:17:27, 2019-10-19 06:21:18
8879, rMaHrsLkOSZq9WjDlH1g, 2019-10-05 11:17:27, 2019-10-19 06:21:18
8880, qxuoBX5kTRtPytCW5eud, 2019-10-05 11:17:27, 2019-10-19 06:21:18
8881, aDu7ZogHjNDJsscgdKFy, 2019-10-05 11:17:27, 2019-10-19 06:21:18
8882, 0uSNTRIXRolVgnGBkoNH, 2019-10-05 11:17:27, 2019-10-19 06:21:18
8883, fgiLqrVnSI4gVSQDQb1y, 2019-10-05 11:17:27, 2019-10-19 06:21:18
8884, u5GZlPoZOIamSFeVTTCF, 2019-10-05 11:17:27, 2019-10-19 06:21:18
8885, xSw1h8s7UZT4LQPLgpcB, 2019-10-05 11:17:27, 2019-10-19 06:21:18
8886, xHoens3QIFUaBNkcfgYU, 2019-10-05 11:17:27, 2019-10-19 06:21:18
8887, wuph0ldV6vta9Hpwl7SJ, 2019-10-05 11:17:27, 2019-10-19 06:21:18
8888, QzrEkNfG7PO3qmcEJ7M4, 2019-10-05 11:17:27, 2019-10-19 06:21:18
8889, RCzNYHiK6Z9TzNdDtrQK, 2019-10-05 11:17:27, 2019-10-19 06:21:18
8890, hpAXBHfJlpNfgMJoRJUx, 2019-10-05 11:17:27, 2019-10-19 06:21:18
8891, RMDzWG54JVLcRFp8ebmd, 2019-10-05 11:17:27, 2019-10-19 06:21:18
8892, 7sHVRFZU8AZbStqU1Nkd, 2019-10-05 11:17:27, 2019-10-19 06:21:18
8893, wC0LK9H7HhCIIXWOCeOP, 2019-10-05 11:17:27, 2019-10-19 06:21:18
8894, dlhSg3WD7V6BV4u2YmQb, 2019-10-05 11:17:27, 2019-10-19 06:21:18
8895, kHcjnEjgk39cl4F7VNvp, 2019-10-05 11:17:27, 2019-10-19 06:21:18
8896, TtyPVLWJVZMJRcpiYGgD, 2019-10-05 11:17:27, 2019-10-19 06:21:18
8897, jbndpWavOCehFCgvaZ9R, 2019-10-05 11:17:27, 2019-10-19 06:21:18
8898, 7lzgjTe8pGrdKqbBhrjC, 2019-10-05 11:17:27, 2019-10-19 06:21:18
8899, bjpCqiMYzslKFOKWfFzW, 2019-10-05 11:17:27, 2019-10-19 06:21:18
8900, XaHjcYAGd5jtQ1BQuoyO, 2019-10-05 11:17:27, 2019-10-19 06:21:18
8901, b7uDd2InCVva3ZfPSeIQ, 2019-10-05 11:17:27, 2019-10-19 06:21:18
8902, t6HFocbaWgWtJQU0mx9B, 2019-10-05 11:17:27, 2019-10-19 06:21:18
8903, eYqRYKg6z0nIlS5XVOsD, 2019-10-05 11:17:27, 2019-10-19 06:21:18
8904, 0idwjT3bQ2QJKvbW5vXD, 2019-10-05 11:17:27, 2019-10-19 06:21:18
8905, W9SK2EurtEvSKBjOe8nk, 2019-10-05 11:17:27, 2019-10-19 06:21:18
8906, RxoniQvmwEmZogltTmBg, 2019-10-05 11:17:27, 2019-10-19 06:21:18
8907, lPyTzQ1JaFvVkei8N7Wa, 2019-10-05 11:17:27, 2019-10-19 06:21:18
8908, BdEIbcCOzdVFA9vbuXxe, 2019-10-05 11:17:27, 2019-10-19 06:21:18
8909, 9F2ZMsdx5A6JN9Jt2BFq, 2019-10-05 11:17:27, 2019-10-19 06:21:18
8910, X50mf1n5kt0P2Td2svwT, 2019-10-05 11:17:27, 2019-10-19 06:21:18
8911, SjBk1rIknIeTNnbRjjzZ, 2019-10-05 11:17:27, 2019-10-19 06:21:18
8912, DQ24hg3A35a5oXzlmuuK, 2019-10-05 11:17:27, 2019-10-19 06:21:18
8913, PB5tYph3TnAVTZcAgUY6, 2019-10-05 11:17:27, 2019-10-19 06:21:18
8914, JQm4EaIGP4khViAayBpa, 2019-10-05 11:17:27, 2019-10-19 06:21:18
8915, PmLvaLOROrefQ6bqyNi6, 2019-10-05 11:17:27, 2019-10-19 06:21:18
8916, KCuQJJgNnm6wcPrm36Rw, 2019-10-05 11:17:27, 2019-10-19 06:21:18
8917, apefIaX7h2S5qxWMMAQM, 2019-10-05 11:17:27, 2019-10-19 06:21:18
8918, 2NohZnNiZMiYx0fIgW4D, 2019-10-05 11:17:27, 2019-10-19 06:21:18
8919, ZUU5at2dpaAo2gkmQdjC, 2019-10-05 11:17:27, 2019-10-19 06:21:18
8920, P1umDgYRfPZO7aBd3led, 2019-10-05 11:17:27, 2019-10-19 06:21:18
8921, 5PTFju8DfkqP7TSaJQdJ, 2019-10-05 11:17:27, 2019-10-19 06:21:18
8922, JsFijiWqzompPth5hyXZ, 2019-10-05 11:17:27, 2019-10-19 06:21:18
8923, imOt4SQZbJ9eNuszRGib, 2019-10-05 11:17:27, 2019-10-19 06:21:18
8924, IxRjtCi7e1txgiMVprq2, 2019-10-05 11:17:27, 2019-10-19 06:21:18
8925, MLIDAivwlYhOgEArpyKj, 2019-10-05 11:17:27, 2019-10-19 06:21:18
8926, o8lW0aSMTN7BmTQHpivV, 2019-10-05 11:17:27, 2019-10-19 06:21:18
8927, lSCIAwrPUUCbhjZsqgb1, 2019-10-05 11:17:27, 2019-10-19 06:21:18
8928, RtGaiGUoxZEczfriLd7B, 2019-10-05 11:17:27, 2019-10-19 06:21:18
8929, RRqAiGg3wWISUXwK8Z2C, 2019-10-05 11:17:27, 2019-10-19 06:21:18
8930, md8W4qvFvswOcyy2jE20, 2019-10-05 11:17:27, 2019-10-19 06:21:18
8931, Pq14mfiUeJibljPtwUdl, 2019-10-05 11:17:27, 2019-10-19 06:21:18
8932, u2bzCMledeHPmjpy0Lxr, 2019-10-05 11:17:27, 2019-10-19 06:21:18
8933, sbTYVBLohINhNTqWh2Gr, 2019-10-05 11:17:27, 2019-10-19 06:21:18
8934, VGSMk10pr1jio4nkbaq7, 2019-10-05 11:17:27, 2019-10-19 06:21:18
8935, S0XjNKfhtc6R2QZsfXFi, 2019-10-05 11:17:27, 2019-10-19 06:21:18
8936, 1K260RjrqvsNnR3B853s, 2019-10-05 11:17:27, 2019-10-19 06:21:18
8937, FZMJ1EifT4mfNFHKfIec, 2019-10-05 11:17:27, 2019-10-19 06:21:18
8938, EZQPzB3vstGADCjyD3Ks, 2019-10-05 11:17:27, 2019-10-19 06:21:18
8939, xYCjd9DvQ9Z3Uyb2fe7R, 2019-10-05 11:17:27, 2019-10-19 06:21:18
8940, aNykcqiezjc4ReCLjCKk, 2019-10-05 11:17:27, 2019-10-19 06:21:18
8941, rMiyx63NeQ1YuTggMNXB, 2019-10-05 11:17:27, 2019-10-19 06:21:18
8942, 78rkyB5nLbl4dsfMgACS, 2019-10-05 11:17:27, 2019-10-19 06:21:18
8943, ZuwE1IU1jVpGHck2niRH, 2019-10-05 11:17:27, 2019-10-19 06:21:18
8944, up4lI1I2aGIETcJM2WgQ, 2019-10-05 11:17:27, 2019-10-19 06:21:18
8945, LtpSkky4Oby5OmuLnQIp, 2019-10-05 11:17:27, 2019-10-19 06:21:18
8946, Tb3qBgjQ42RsHdpPvbMQ, 2019-10-05 11:17:27, 2019-10-19 06:21:18
8947, onw6TYT5Pbd5JMmiVkiA, 2019-10-05 11:17:27, 2019-10-19 06:21:18
8948, MKEyycWyzXZaErbmhnE7, 2019-10-05 11:17:27, 2019-10-19 06:21:18
8949, A9wIVtvaa79339Lk1MGD, 2019-10-05 11:17:27, 2019-10-19 06:21:18
8950, Tp4yWlfel4nGHsFWF3ld, 2019-10-05 11:17:27, 2019-10-19 06:21:18
8951, t3mmYB4SviUboGUGgE73, 2019-10-05 11:17:27, 2019-10-19 06:21:18
8952, pHv2ywO7OLhIf5RwfyKc, 2019-10-05 11:17:27, 2019-10-19 06:21:18
8953, pJq4mGTLhp2FrBqvKFCl, 2019-10-05 11:17:27, 2019-10-19 06:21:18
8954, ZYAnkiVKLRkCtPv8q8oY, 2019-10-05 11:17:27, 2019-10-19 06:21:18
8955, WdHld9Lj6fRERb16foZ4, 2019-10-05 11:17:27, 2019-10-19 06:21:18
8956, 4bSgZzvaj1YAMOSYNIAd, 2019-10-05 11:17:27, 2019-10-19 06:21:18
8957, zLz5tbJMbBIteFlte2A9, 2019-10-05 11:17:27, 2019-10-19 06:21:18
8958, chO9xasChQ94szbSFwZd, 2019-10-05 11:17:27, 2019-10-19 06:21:18
8959, egokuqMASJnu1UgNHYzS, 2019-10-05 11:17:27, 2019-10-19 06:21:18
8960, Lr509mdayAnULIzpXl92, 2019-10-05 11:17:27, 2019-10-19 06:21:18
8961, oNRvnRC4AzwSOMhhgdcy, 2019-10-05 11:17:27, 2019-10-19 06:21:19
8962, Xc1XqWLdJEJ2TLijeAZn, 2019-10-05 11:17:27, 2019-10-19 06:21:19
8963, BQ3m8OfJ3rFPusUZQ5LJ, 2019-10-05 11:17:27, 2019-10-19 06:21:19
8964, uupfQQ6ZiRrNKgXRw5oV, 2019-10-05 11:17:27, 2019-10-19 06:21:19
8965, CZq46YfZ1GcFWI73PC3V, 2019-10-05 11:17:27, 2019-10-19 06:21:19
8966, iyRsfDIDQyb7gPfjR4Zj, 2019-10-05 11:17:27, 2019-10-19 06:21:19
8967, XvplOTqplfCJ9FdZ2DrV, 2019-10-05 11:17:27, 2019-10-19 06:21:19
8968, YwdZ1B4bDxhnnRu3QFM4, 2019-10-05 11:17:27, 2019-10-19 06:21:19
8969, ib1C2NQpuFg5j6wXYEp7, 2019-10-05 11:17:27, 2019-10-19 06:21:19
8970, z7YzydN89jh5cwWwe9xB, 2019-10-05 11:17:27, 2019-10-19 06:21:19
8971, z2BirMjJL5lM01acRpzn, 2019-10-05 11:17:27, 2019-10-19 06:21:19
8972, JnB1jag6wMNpaBGCh7vO, 2019-10-05 11:17:27, 2019-10-19 06:21:19
8973, gyjhi0Y4rcoD0CtoAc0h, 2019-10-05 11:17:27, 2019-10-19 06:21:19
8974, QAfQokUdncmDLQNqCoBD, 2019-10-05 11:17:27, 2019-10-19 06:21:19
8975, 3J4nwit3OqgVxVjBOnFC, 2019-10-05 11:17:27, 2019-10-19 06:21:19
8976, 8cUlPBdjMAuncJbpO1Ul, 2019-10-05 11:17:27, 2019-10-19 06:21:19
8977, ThetG42JfqzRE1CNTrnx, 2019-10-05 11:17:27, 2019-10-19 06:21:19
8978, w5PYrEevKPPmvDKYjuO2, 2019-10-05 11:17:27, 2019-10-19 06:21:19
8979, Rb27ZqMZejOqJQpepaAi, 2019-10-05 11:17:27, 2019-10-19 06:21:19
8980, ATRY6Kn30WWx2hL2F5rg, 2019-10-05 11:17:27, 2019-10-19 06:21:19
8981, ZdRQwC6p5l8fRfqBH5qN, 2019-10-05 11:17:27, 2019-10-19 06:21:19
8982, x2hQj9N9JJthDpegJHQp, 2019-10-05 11:17:27, 2019-10-19 06:21:19
8983, 6A3hyYBHkOWrHK2Z2lvc, 2019-10-05 11:17:27, 2019-10-19 06:21:19
8984, C96Oaakmj4Y51Pf3LQUV, 2019-10-05 11:17:27, 2019-10-19 06:21:19
8985, 3qoUfJGa0fTE9Vv6Ji8h, 2019-10-05 11:17:27, 2019-10-19 06:21:19
8986, 5wADp6CqoA3cHrNhWWED, 2019-10-05 11:17:27, 2019-10-19 06:21:19
8987, Pb6nSn6vAXIhZtWgRAAk, 2019-10-05 11:17:27, 2019-10-19 06:21:19
8988, tXk21opioaBQQedEFacC, 2019-10-05 11:17:27, 2019-10-19 06:21:19
8989, W28rrPMjzSXdPFMfI8hY, 2019-10-05 11:17:27, 2019-10-19 06:21:19
8990, Pw4QFObeDKU00rjISnCw, 2019-10-05 11:17:27, 2019-10-19 06:21:19
8991, g9SNufsGGh0dVNH0IB7E, 2019-10-05 11:17:27, 2019-10-19 06:21:19
8992, B7Qewi85SkyKkxZylCAd, 2019-10-05 11:17:27, 2019-10-19 06:21:19
8993, GfBPDzeAA4OJaVUso70a, 2019-10-05 11:17:27, 2019-10-19 06:21:19
8994, w453wIYXCPdl6PYrDe7H, 2019-10-05 11:17:27, 2019-10-19 06:21:19
8995, K7dn9zIYFGEyAvetReJ6, 2019-10-05 11:17:27, 2019-10-19 06:21:19
8996, 66Zyc0Pe5eg00pccQxJy, 2019-10-05 11:17:27, 2019-10-19 06:21:19
8997, R2l5SpXO7dUYgZjOGuBP, 2019-10-05 11:17:27, 2019-10-19 06:21:19
8998, pE7kmZkZmnapQeWVQUyl, 2019-10-05 11:17:27, 2019-10-19 06:21:19
8999, 5innak3kylFDcaSWog7Y, 2019-10-05 11:17:27, 2019-10-19 06:21:19
9000, jSOA3BBzAWrbmbwwzcEH, 2019-10-05 11:17:27, 2019-10-19 06:21:19
9001, 6996THZm0XVa0MAjyegD, 2019-10-05 11:17:27, 2019-10-19 06:21:19
9002, Ke243LgS2wYUFrPiOi64, 2019-10-05 11:17:27, 2019-10-19 06:21:19
9003, w68xx5QQvJfYYipsMG1u, 2019-10-05 11:17:27, 2019-10-19 06:21:19
9004, dLVcylztAG2AKyfIQ57q, 2019-10-05 11:17:27, 2019-10-19 06:21:19
9005, PQ0pu6qiN5SBqepcyRwk, 2019-10-05 11:17:27, 2019-10-19 06:21:19
9006, pwdRu7p8yPg7dI0hedUQ, 2019-10-05 11:17:27, 2019-10-19 06:21:19
9007, Ht4bTOVWNlMFsU2Suu9t, 2019-10-05 11:17:27, 2019-10-19 06:21:19
9008, dHXpjW8KvzqfX2MzF2z7, 2019-10-05 11:17:27, 2019-10-19 06:21:19
9009, TA917cLWt3dcxtS6vLVd, 2019-10-05 11:17:27, 2019-10-19 06:21:19
9010, 5vLm8E9AF3OMpQmr2i7I, 2019-10-05 11:17:27, 2019-10-19 06:21:19
9011, wKCxksgJWAdo3yRQaOhe, 2019-10-05 11:17:27, 2019-10-19 06:21:19
9012, Z2Gd7zpwbtqfhxOvNEm4, 2019-10-05 11:17:27, 2019-10-19 06:21:19
9013, ILK89w91maXdWf2p7zOu, 2019-10-05 11:17:27, 2019-10-19 06:21:19
9014, UtJGuQlK6bzAjiWTOeOl, 2019-10-05 11:17:27, 2019-10-19 06:21:19
9015, yQN6VYiRH1UXDLGhkBMk, 2019-10-05 11:17:27, 2019-10-19 06:21:19
9016, y6wXCF9B4d39MAFeMajm, 2019-10-05 11:17:27, 2019-10-19 06:21:19
9017, IXEia82kNhhA5ZRX2BCt, 2019-10-05 11:17:27, 2019-10-19 06:21:19
9018, BXXfAORfF0B9yXxRd1cR, 2019-10-05 11:17:27, 2019-10-19 06:21:19
9019, kqva2AAl5bEEj0D9BJhY, 2019-10-05 11:17:27, 2019-10-19 06:21:19
9020, JrHag3ThYjkLDDwaihXL, 2019-10-05 11:17:27, 2019-10-19 06:21:19
9021, mNARkrfHmix3jx81j2yT, 2019-10-05 11:17:27, 2019-10-19 06:21:19
9022, jOOKhpg1ITq80fj3cpVn, 2019-10-05 11:17:27, 2019-10-19 06:21:19
9023, ewSAVGWDqBkyDKIt1wcg, 2019-10-05 11:17:27, 2019-10-19 06:21:19
9024, 0FQLjHKNoUQSDoWepSw6, 2019-10-05 11:17:27, 2019-10-19 06:21:19
9025, wR840kxyGGk3MKVQGd96, 2019-10-05 11:17:27, 2019-10-19 06:21:19
9026, x3iBCCZt3X09XttxhYNe, 2019-10-05 11:17:27, 2019-10-19 06:21:19
9027, NYrtdV9tCZJNHGfXzxEX, 2019-10-05 11:17:27, 2019-10-19 06:21:19
9028, 2qiTaL4mKUPnhzrtHIEL, 2019-10-05 11:17:27, 2019-10-19 06:21:19
9029, GdeK02qhJuhn6TF9Bswp, 2019-10-05 11:17:27, 2019-10-19 06:21:19
9030, P8QXePAEWNQazHsm9hsg, 2019-10-05 11:17:27, 2019-10-19 06:21:19
9031, rjWfeNQ05jtnJd1xuBnb, 2019-10-05 11:17:27, 2019-10-19 06:21:19
9032, MARTCmahuBamIyhiL4LP, 2019-10-05 11:17:27, 2019-10-19 06:21:19
9033, FgUjFwwW3gzX1iziMGAZ, 2019-10-05 11:17:27, 2019-10-19 06:21:19
9034, f9IG9CCWMkqkrjM3DPLJ, 2019-10-05 11:17:27, 2019-10-19 06:21:19
9035, De9QKh9qr9S2At5TIBDR, 2019-10-05 11:17:27, 2019-10-19 06:21:19
9036, 1EaGj5YV4DX8hGTWleP0, 2019-10-05 11:17:27, 2019-10-19 06:21:19
9037, msXZWVcFGfNnTa6f2fqt, 2019-10-05 11:17:27, 2019-10-19 06:21:19
9038, zX8xtni2M8lJkiCmhLZT, 2019-10-05 11:17:27, 2019-10-19 06:21:19
9039, 12EgvD7GE8osbACXJJ1G, 2019-10-05 11:17:27, 2019-10-19 06:21:19
9040, SjfDHaXd7Vi8PHquPXIa, 2019-10-05 11:17:27, 2019-10-19 06:21:19
9041, AILputoFU3ug0EUzNqtV, 2019-10-05 11:17:27, 2019-10-19 06:21:19
9042, Qufw0zYFjMVEcdqbJhK1, 2019-10-05 11:17:27, 2019-10-19 06:21:19
9043, BhKc9xh3r271FMzrrklj, 2019-10-05 11:17:27, 2019-10-19 06:21:19
9044, lhPh98ZBuqYV6F6bU8Ia, 2019-10-05 11:17:27, 2019-10-19 06:21:19
9045, NZpchv2BWVCqfEwX4bNs, 2019-10-05 11:17:27, 2019-10-19 06:21:19
9046, Tza8Ym4ie5a6olyKs2Ma, 2019-10-05 11:17:27, 2019-10-19 06:21:19
9047, HtrEg6yU70Qhcynx3rNE, 2019-10-05 11:17:27, 2019-10-19 06:21:19
9048, ZRnbNKahwQGg9xtJq7WG, 2019-10-05 11:17:27, 2019-10-19 06:21:19
9049, UG5V2H28qwtkGLKgaCLJ, 2019-10-05 11:17:27, 2019-10-19 06:21:19
9050, W8YG0WbG3tFgBAvqu6qz, 2019-10-05 11:17:27, 2019-10-19 06:21:19
9051, yk1JsVphtjJhmXIdvi6n, 2019-10-05 11:17:27, 2019-10-19 06:21:19
9052, ozjMhMfnXe9vvrzlscbV, 2019-10-05 11:17:27, 2019-10-19 06:21:19
9053, er3pqe1xVtZpo3jgoFmf, 2019-10-05 11:17:27, 2019-10-19 06:21:19
9054, mF6SFEchRnHIlOV26ixm, 2019-10-05 11:17:27, 2019-10-19 06:21:19
9055, cCgrml7rY3n3HLiO1DZr, 2019-10-05 11:17:27, 2019-10-19 06:21:19
9056, T5eSJQyxiwHQN6NQlMwu, 2019-10-05 11:17:27, 2019-10-19 06:21:19
9057, t8zN35Ys74UqtphbWvVu, 2019-10-05 11:17:27, 2019-10-19 06:21:19
9058, Ia7g7hwHnIII3kEPpd6H, 2019-10-05 11:17:27, 2019-10-19 06:21:19
9059, h7Nk2kBM7K3MGYJjT0Th, 2019-10-05 11:17:27, 2019-10-19 06:21:19
9060, LqeF8uz7rymdVg8Ps5lA, 2019-10-05 11:17:27, 2019-10-19 06:21:19
9061, xq2WS76h5CaIXCEc7rKP, 2019-10-05 11:17:27, 2019-10-19 06:21:19
9062, W1tT3pGL7VqeWIiwg6XU, 2019-10-05 11:17:27, 2019-10-19 06:21:19
9063, IyIkHJpfazwhHpK4yLAm, 2019-10-05 11:17:27, 2019-10-19 06:21:19
9064, RAfteVwtoCEvZ5WdeRSi, 2019-10-05 11:17:27, 2019-10-19 06:21:19
9065, ylzHr9coUpCESzdS5SRl, 2019-10-05 11:17:27, 2019-10-19 06:21:19
9066, VUP9cVnPy74rUDyN4QMo, 2019-10-05 11:17:27, 2019-10-19 06:21:19
9067, 5FwW0sa5IiZz4WZiql9c, 2019-10-05 11:17:27, 2019-10-19 06:21:19
9068, L5e8nPdZbZKfuaQYxoqJ, 2019-10-05 11:17:27, 2019-10-19 06:21:19
9069, WLmIzSVjZdqhTdWBAXrC, 2019-10-05 11:17:27, 2019-10-19 06:21:19
9070, Vnoc6l8rTb977FvVzP3f, 2019-10-05 11:17:27, 2019-10-19 06:21:19
9071, uZp09Fb9wAbm6rp6tBcI, 2019-10-05 11:17:27, 2019-10-19 06:21:19
9072, 09AMYHpRGJ5Fd1cJPtC7, 2019-10-05 11:17:27, 2019-10-19 06:21:19
9073, 8bDC3pfySXRJsxdQXhpT, 2019-10-05 11:17:27, 2019-10-19 06:21:19
9074, xuU2HNPwxF3ujstwjyt2, 2019-10-05 11:17:27, 2019-10-19 06:21:19
9075, ow1ZU09CIEMXL1I3he5R, 2019-10-05 11:17:27, 2019-10-19 06:21:19
9076, BqdKoz8xq4s3ems7MBNH, 2019-10-05 11:17:27, 2019-10-19 06:21:19
9077, uHjOvwZjiWJDFWejwJiI, 2019-10-05 11:17:27, 2019-10-19 06:21:19
9078, FAyE5b3lcnzPI2WdiAIL, 2019-10-05 11:17:27, 2019-10-19 06:21:19
9079, zhBUTGKDiHMQ7mZN0c9W, 2019-10-05 11:17:27, 2019-10-19 06:21:19
9080, clecTjkVkXoxS1S50AUP, 2019-10-05 11:17:27, 2019-10-19 06:21:19
9081, T7TLn9NzSsurDDJvxQVw, 2019-10-05 11:17:27, 2019-10-19 06:21:19
9082, m7TeeybcsSFOBnUbYBcA, 2019-10-05 11:17:27, 2019-10-19 06:21:19
9083, c5Imqc5oWzLRggYFPOLA, 2019-10-05 11:17:27, 2019-10-19 06:21:19
9084, BXuAlYQumptPUgBcYFG9, 2019-10-05 11:17:27, 2019-10-19 06:21:19
9085, 9OD6ITDbvQTUwFEEozsx, 2019-10-05 11:17:27, 2019-10-19 06:21:19
9086, tQUjSbQpqroNc5LJznIQ, 2019-10-05 11:17:27, 2019-10-19 06:21:19
9087, Hyo86EEsf3VysZr9K7RD, 2019-10-05 11:17:27, 2019-10-19 06:21:19
9088, aQsiJKKMaD8JYhD1mO63, 2019-10-05 11:17:27, 2019-10-19 06:21:19
9089, djUSpAgvUaxQ2L4QxJ0g, 2019-10-05 11:17:27, 2019-10-19 06:21:19
9090, kA4ZxGJXJfqhcWNodvD3, 2019-10-05 11:17:27, 2019-10-19 06:21:19
9091, NsWWRls7Mz8ohrFEhpL0, 2019-10-05 11:17:27, 2019-10-19 06:21:19
9092, Su1JE59vUXFyTmlzaJa0, 2019-10-05 11:17:27, 2019-10-19 06:21:19
9093, OZBmpPj1zDbZhAs0IE22, 2019-10-05 11:17:27, 2019-10-19 06:21:19
9094, Jdm3s3civh9FsMORWpl9, 2019-10-05 11:17:27, 2019-10-19 06:21:19
9095, Da73AmzW6BTg9l78qfDV, 2019-10-05 11:17:27, 2019-10-19 06:21:19
9096, Yip7c9RujimFGcKPAmnM, 2019-10-05 11:17:27, 2019-10-19 06:21:19
9097, gbcmQma2HutChWCE1OwW, 2019-10-05 11:17:27, 2019-10-19 06:21:19
9098, fY0tWD4yDqVa8DXlxZM8, 2019-10-05 11:17:27, 2019-10-19 06:21:19
9099, zRj1d01uJNkdyazf3oYW, 2019-10-05 11:17:27, 2019-10-19 06:21:19
9100, ABozsu7mfrWVDQU6Dmxd, 2019-10-05 11:17:27, 2019-10-19 06:21:19
9101, NhadjE5FYkPEpiX058sw, 2019-10-05 11:17:27, 2019-10-19 06:21:19
9102, Ly9ILNQP9xub79xH4DbI, 2019-10-05 11:17:27, 2019-10-19 06:21:19
9103, Z60nz9lGOa6AC6eaUvnw, 2019-10-05 11:17:27, 2019-10-19 06:21:19
9104, naM5Z14EzjQ0fIfjSrjy, 2019-10-05 11:17:27, 2019-10-19 06:21:19
9105, 6KCqVhQ65D8rXhbGRsll, 2019-10-05 11:17:27, 2019-10-19 06:21:19
9106, V5q3zhJJDpxZuZBUtW0C, 2019-10-05 11:17:27, 2019-10-19 06:21:19
9107, s0gxg6PnEE4DzqvL2gnS, 2019-10-05 11:17:27, 2019-10-19 06:21:19
9108, rMdLaAPmg2m3dDSi9t0v, 2019-10-05 11:17:27, 2019-10-19 06:21:19
9109, zot8pBJWV3qtoBNeta41, 2019-10-05 11:17:27, 2019-10-19 06:21:19
9110, moSIZ1NU1ig0dDhrwtvH, 2019-10-05 11:17:27, 2019-10-19 06:21:19
9111, erwEWa00wu4g0bLu7xOE, 2019-10-05 11:17:27, 2019-10-19 06:21:19
9112, Auxcptdzs5VqrOEzziYP, 2019-10-05 11:17:27, 2019-10-19 06:21:19
9113, ujqcWYUcZfq9s81ZQ0Q4, 2019-10-05 11:17:27, 2019-10-19 06:21:19
9114, 5gXTaGsWZfl7Rofi4YjS, 2019-10-05 11:17:27, 2019-10-19 06:21:19
9115, 49JYh0usDz7JgOdfD9B1, 2019-10-05 11:17:27, 2019-10-19 06:21:19
9116, Ar0UvL1whACU8U4Yl785, 2019-10-05 11:17:27, 2019-10-19 06:21:19
9117, 2aAq29JEArDHda2VFlZC, 2019-10-05 11:17:27, 2019-10-19 06:21:19
9118, lEmoSBtWBaN1Oww356Dm, 2019-10-05 11:17:27, 2019-10-19 06:21:19
9119, cn5mWkHcdtMnkRElfzp3, 2019-10-05 11:17:27, 2019-10-19 06:21:19
9120, h5DPYCIJ6CjMcYvr6tOG, 2019-10-05 11:17:27, 2019-10-19 06:21:19
9121, 3naDAT9wRCJE0eZa0SFy, 2019-10-05 11:17:27, 2019-10-19 06:21:20
9122, ykAL8kC227yBl2K03nEL, 2019-10-05 11:17:27, 2019-10-19 06:21:20
9123, b6qZLUYWZZrFAOdaHnQ6, 2019-10-05 11:17:27, 2019-10-19 06:21:20
9124, ezElxMecydX7K9XuVLj3, 2019-10-05 11:17:27, 2019-10-19 06:21:20
9125, VnRtcgtHEqPCiRRE9Nke, 2019-10-05 11:17:27, 2019-10-19 06:21:20
9126, BeBKVyYvWjApErV6W5gu, 2019-10-05 11:17:27, 2019-10-19 06:21:20
9127, Jvec6bnurDrhbyORSMIn, 2019-10-05 11:17:27, 2019-10-19 06:21:20
9128, IR2hmea1269inKnbaUhE, 2019-10-05 11:17:27, 2019-10-19 06:21:20
9129, 4yqxNys4Zedq6XZJoN9r, 2019-10-05 11:17:27, 2019-10-19 06:21:20
9130, QvIJ9w2odzV7zgN9rQeW, 2019-10-05 11:17:27, 2019-10-19 06:21:20
9131, yG6tftgKpGCLwcOljM2C, 2019-10-05 11:17:27, 2019-10-19 06:21:20
9132, YrQwpiL9N4NzM6nMKUi0, 2019-10-05 11:17:27, 2019-10-19 06:21:20
9133, 1gTF1gbkcdLhxO5E6GMv, 2019-10-05 11:17:27, 2019-10-19 06:21:20
9134, 3DUzoEGEh3BwMNPmVrJX, 2019-10-05 11:17:27, 2019-10-19 06:21:20
9135, 4S9JbWRzKIApaUiuPTjJ, 2019-10-05 11:17:27, 2019-10-19 06:21:20
9136, COfF768TJtDIblU1YeuJ, 2019-10-05 11:17:27, 2019-10-19 06:21:20
9137, BwczoHerk8pPzKK8DYWf, 2019-10-05 11:17:27, 2019-10-19 06:21:20
9138, Qqjo0xhIF9BXWkURbyDd, 2019-10-05 11:17:27, 2019-10-19 06:21:20
9139, sThmkC2vjgVnHqCKLSXv, 2019-10-05 11:17:27, 2019-10-19 06:21:20
9140, 8j9Ke8uj4XahUYpD4qx0, 2019-10-05 11:17:27, 2019-10-19 06:21:20
9141, IxTYVsnWKiS3eL7pqICb, 2019-10-05 11:17:27, 2019-10-19 06:21:20
9142, ukXB1nbzHxwcFakBY0NX, 2019-10-05 11:17:27, 2019-10-19 06:21:20
9143, xry3HZvRN65shIKSPEbh, 2019-10-05 11:17:27, 2019-10-19 06:21:20
9144, 3Wtsc9Y8fjTzEBDRJv37, 2019-10-05 11:17:27, 2019-10-19 06:21:20
9145, ATCIHzSMtTt9e5j98eMO, 2019-10-05 11:17:27, 2019-10-19 06:21:20
9146, gkjQG5FcoL0lsl3RJy0r, 2019-10-05 11:17:27, 2019-10-19 06:21:20
9147, sLQaeBKl8VdA87fUa7aC, 2019-10-05 11:17:27, 2019-10-19 06:21:20
9148, uf2UtbtXjTsmJhZ5W9NS, 2019-10-05 11:17:27, 2019-10-19 06:21:20
9149, UQoX7wKJQpkZRvjbfpK9, 2019-10-05 11:17:27, 2019-10-19 06:21:20
9150, 7ER8vouOIctoluPsYD7m, 2019-10-05 11:17:27, 2019-10-19 06:21:20
9151, 6uMulPIKQHuBVSUAfzo8, 2019-10-05 11:17:27, 2019-10-19 06:21:20
9152, Rb6VtE1ZqtyUHYAYYYaE, 2019-10-05 11:17:27, 2019-10-19 06:21:20
9153, uCHxkzYleQ7OFvGW5OoD, 2019-10-05 11:17:27, 2019-10-19 06:21:20
9154, v5VHZzggD047x8sqPEIw, 2019-10-05 11:17:27, 2019-10-19 06:21:20
9155, YbMtLGLNuLpPm18Kq1gB, 2019-10-05 11:17:27, 2019-10-19 06:21:20
9156, Ssf40dXgk4CUlqn7v5Re, 2019-10-05 11:17:27, 2019-10-19 06:21:20
9157, iWPOEfMaZF5lnZLgIess, 2019-10-05 11:17:27, 2019-10-19 06:21:20
9158, r6lOfcZbo9WJ53wCN8dw, 2019-10-05 11:17:27, 2019-10-19 06:21:20
9159, pq8XeMzgIYmjTlxGNUuf, 2019-10-05 11:17:27, 2019-10-19 06:21:20
9160, ABupI1yGLwrVXQmTOAlp, 2019-10-05 11:17:27, 2019-10-19 06:21:20
9161, A8xFPrBvpDmcbRkQxcd1, 2019-10-05 11:17:27, 2019-10-19 06:21:20
9162, eQ97pSQE5Dsjt6NjV6OI, 2019-10-05 11:17:27, 2019-10-19 06:21:20
9163, BgB0XIxGPVOEEj65PMrV, 2019-10-05 11:17:27, 2019-10-19 06:21:20
9164, i2Og8VwNsfx001JtxC5f, 2019-10-05 11:17:27, 2019-10-19 06:21:20
9165, KqY3G0W0F7DLPC3gpSNp, 2019-10-05 11:17:27, 2019-10-19 06:21:20
9166, g7amqA14muXR2w3jqRkE, 2019-10-05 11:17:27, 2019-10-19 06:21:20
9167, peB24Pb60OUfp5RmGxV1, 2019-10-05 11:17:27, 2019-10-19 06:21:20
9168, MTY1hJjqHQQNuAOzib5q, 2019-10-05 11:17:27, 2019-10-19 06:21:20
9169, cvuDqNEwNX56tzBQ3h28, 2019-10-05 11:17:27, 2019-10-19 06:21:20
9170, ZEl2HECtOaMHWWuUJbdh, 2019-10-05 11:17:27, 2019-10-19 06:21:20
9171, T4IzHvNk0XeW28UnlarH, 2019-10-05 11:17:27, 2019-10-19 06:21:20
9172, LmZB76RLDAVUI0djZ5iG, 2019-10-05 11:17:27, 2019-10-19 06:21:20
9173, ULzNvCMG0TdYCXlO3x6U, 2019-10-05 11:17:27, 2019-10-19 06:21:20
9174, D7NaWN7sGpzKRa5Trefn, 2019-10-05 11:17:27, 2019-10-19 06:21:20
9175, 1bW5whvfsxJ0zxZwQgG5, 2019-10-05 11:17:27, 2019-10-19 06:21:20
9176, YMDchpWX1738uA2yM8nD, 2019-10-05 11:17:27, 2019-10-19 06:21:20
9177, uqTjduidTiruPhh3WUgq, 2019-10-05 11:17:27, 2019-10-19 06:21:20
9178, 14yvXmzm2m6xYLoyQjMa, 2019-10-05 11:17:27, 2019-10-19 06:21:20
9179, mZIfGZe0dMd01KzLNxQ2, 2019-10-05 11:17:27, 2019-10-19 06:21:20
9180, RT0yw8wnbsbDqCCqbonq, 2019-10-05 11:17:27, 2019-10-19 06:21:20
9181, xlKkjMoWs7N0iQgedc7e, 2019-10-05 11:17:27, 2019-10-19 06:21:20
9182, PEwwbklFGrXVzRCsJEju, 2019-10-05 11:17:27, 2019-10-19 06:21:20
9183, KPRi5GRAG6tndCa4bLeS, 2019-10-05 11:17:27, 2019-10-19 06:21:20
9184, E7BtbC3wDV38wv3l6c57, 2019-10-05 11:17:27, 2019-10-19 06:21:20
9185, m4OXbkOvzdDRcp7lijvr, 2019-10-05 11:17:27, 2019-10-19 06:21:20
9186, tKK6MdGzHmppauZUHJsQ, 2019-10-05 11:17:27, 2019-10-19 06:21:20
9187, 2xyX6aBJ2bDQjAZG94ZI, 2019-10-05 11:17:27, 2019-10-19 06:21:20
9188, AM5irvY3lBrctkKD2ym3, 2019-10-05 11:17:27, 2019-10-19 06:21:20
9189, r13rnuC61JdOnnBDlcgl, 2019-10-05 11:17:27, 2019-10-19 06:21:20
9190, SisFZEriuGRzm36ky2jQ, 2019-10-05 11:17:27, 2019-10-19 06:21:20
9191, 3iIzrUUOZv1Dcx02g5hK, 2019-10-05 11:17:27, 2019-10-19 06:21:20
9192, n5GL5zTvSUcP29FLhd2v, 2019-10-05 11:17:27, 2019-10-19 06:21:20
9193, JUZJuCtpAi4ggaMOt2Ke, 2019-10-05 11:17:27, 2019-10-19 06:21:20
9194, o1PooGVl5ghUqJeIuDgl, 2019-10-05 11:17:27, 2019-10-19 06:21:20
9195, zBXig0B9yBh7A1Sy4q9J, 2019-10-05 11:17:27, 2019-10-19 06:21:20
9196, bJDMZkmQLIy6o4pFmAt8, 2019-10-05 11:17:27, 2019-10-19 06:21:20
9197, Hrj4OaOEb2pBkEhbAznr, 2019-10-05 11:17:27, 2019-10-19 06:21:20
9198, z7uSNPuDnn0KvKwn6fXH, 2019-10-05 11:17:27, 2019-10-19 06:21:20
9199, B8227071Zka8GXtGMGL5, 2019-10-05 11:17:27, 2019-10-19 06:21:20
9200, A0dgMoxeHddIGXudMTuF, 2019-10-05 11:17:27, 2019-10-19 06:21:20
9201, YbjZfi3P4NgB9P7Ahx34, 2019-10-05 11:17:27, 2019-10-19 06:21:20
9202, zNOtATGqm8C2yI1hcUeM, 2019-10-05 11:17:27, 2019-10-19 06:21:20
9203, ZdJ3uBNT7EoJyCSAm9CV, 2019-10-05 11:17:27, 2019-10-19 06:21:20
9204, IKuXHb1jXcXxAp3BUsXr, 2019-10-05 11:17:27, 2019-10-19 06:21:20
9205, EztDYLX8JjedSnZO63vx, 2019-10-05 11:17:27, 2019-10-19 06:21:20
9206, bpb7Td9KR7hRAZgXThtZ, 2019-10-05 11:17:27, 2019-10-19 06:21:20
9207, k55Zmytpf1pjqTHSytDd, 2019-10-05 11:17:27, 2019-10-19 06:21:20
9208, wIFOmduMHV4NvtXYGWMe, 2019-10-05 11:17:27, 2019-10-19 06:21:20
9209, zHaGYyNVIUpLlqObspBk, 2019-10-05 11:17:27, 2019-10-19 06:21:20
9210, RGzFKBjheOHOsFLAB0IO, 2019-10-05 11:17:27, 2019-10-19 06:21:20
9211, UbeevTYHwemyOEUAsrsF, 2019-10-05 11:17:27, 2019-10-19 06:21:20
9212, o9mxdGJrbQiRxMyk2ij2, 2019-10-05 11:17:27, 2019-10-19 06:21:20
9213, pnUnTj481xpXlhK1pAcM, 2019-10-05 11:17:27, 2019-10-19 06:21:20
9214, 3R0GiKJJgMTxuuQn45Ou, 2019-10-05 11:17:27, 2019-10-19 06:21:20
9215, xE1m5SHAnD32nFnuxtIN, 2019-10-05 11:17:27, 2019-10-19 06:21:20
9216, RhAFRqJeIJKYqW9mBGtL, 2019-10-05 11:17:27, 2019-10-19 06:21:20
9217, p7Nz7VETQZK7AurV7fL9, 2019-10-05 11:17:27, 2019-10-19 06:21:20
9218, oqVgj5807js7e78i3vVT, 2019-10-05 11:17:27, 2019-10-19 06:21:20
9219, JlN7JSeIQr1uk5OC0N8V, 2019-10-05 11:17:27, 2019-10-19 06:21:20
9220, xU0LCTpH2sGVkDISJyXv, 2019-10-05 11:17:27, 2019-10-19 06:21:20
9221, hmaQ2qQwNrEdk8m6uaZP, 2019-10-05 11:17:27, 2019-10-19 06:21:20
9222, hLDdVF2VdYv2oE3NaUKd, 2019-10-05 11:17:27, 2019-10-19 06:21:20
9223, 7XCCEejrjngGWFBdGwNM, 2019-10-05 11:17:27, 2019-10-19 06:21:20
9224, pFWO1nSxrWatprkthMsP, 2019-10-05 11:17:27, 2019-10-19 06:21:20
9225, 2lKMsITXfOpQf5NOxJSz, 2019-10-05 11:17:27, 2019-10-19 06:21:20
9226, yXlG1TB4ziqCgpK7ofxZ, 2019-10-05 11:17:27, 2019-10-19 06:21:20
9227, fA3wrVUgiu7VBxEsnh3D, 2019-10-05 11:17:27, 2019-10-19 06:21:20
9228, tgEdHqvXAm0w6fvoF5EG, 2019-10-05 11:17:27, 2019-10-19 06:21:20
9229, 4MeLdkMH53T6DzfIcKTo, 2019-10-05 11:17:27, 2019-10-19 06:21:20
9230, MPCb9pBaxB7Ukr1P7FnZ, 2019-10-05 11:17:27, 2019-10-19 06:21:20
9231, J3X7tB4a6caEcRrP86y6, 2019-10-05 11:17:27, 2019-10-19 06:21:20
9232, wgtu80CnX7zxm9NX6qtr, 2019-10-05 11:17:27, 2019-10-19 06:21:20
9233, YHUgRJaIaVZqVQiD11gV, 2019-10-05 11:17:27, 2019-10-19 06:21:20
9234, aJJnX2kspSHoPn6yhPHW, 2019-10-05 11:17:27, 2019-10-19 06:21:20
9235, PyIwGEuWtGZhUUbXFK0l, 2019-10-05 11:17:27, 2019-10-19 06:21:20
9236, xiqAJMTs8KShNWojirDV, 2019-10-05 11:17:27, 2019-10-19 06:21:20
9237, hBs5t3LoZAPFvtEEbRmF, 2019-10-05 11:17:27, 2019-10-19 06:21:20
9238, 55DGtcU9BIK37AkB78Xt, 2019-10-05 11:17:27, 2019-10-19 06:21:20
9239, 2ZcfoUZ3XNh40NZ5SxR1, 2019-10-05 11:17:27, 2019-10-19 06:21:20
9240, g1wFq2fDqf7PmCaanPBa, 2019-10-05 11:17:27, 2019-10-19 06:21:20
9241, MJBS5lV1VzIVrYstuR6p, 2019-10-05 11:17:27, 2019-10-19 06:21:20
9242, dM7CqbZKD3O0XEjr7YvJ, 2019-10-05 11:17:27, 2019-10-19 06:21:20
9243, pSFA3gmxKYvySpzQ8dbT, 2019-10-05 11:17:27, 2019-10-19 06:21:20
9244, JgamxmoRqqJIsGXadyWA, 2019-10-05 11:17:27, 2019-10-19 06:21:20
9245, R0XkKTImZkZPozkXK4xM, 2019-10-05 11:17:27, 2019-10-19 06:21:21
9246, RJmXICNAjAhAuKSI1ppe, 2019-10-05 11:17:27, 2019-10-19 06:21:21
9247, M0b4sPPMUyxgZVDtKBfP, 2019-10-05 11:17:27, 2019-10-19 06:21:21
9248, wu9ovii0gvNvajPj7KHk, 2019-10-05 11:17:27, 2019-10-19 06:21:21
9249, pjbkGVBvHn9w615hySNV, 2019-10-05 11:17:27, 2019-10-19 06:21:21
9250, oJ2OLrdeh5xSKNhPlStZ, 2019-10-05 11:17:27, 2019-10-19 06:21:21
9251, pv6yC4PayN1d6kbec1y8, 2019-10-05 11:17:27, 2019-10-19 06:21:21
9252, lkGdxTBSdihdk7g4xnwm, 2019-10-05 11:17:27, 2019-10-19 06:21:21
9253, 4UIRwu9dildD61FeMIaR, 2019-10-05 11:17:27, 2019-10-19 06:21:21
9254, 8RC27STZrvdqFDxlGjGV, 2019-10-05 11:17:27, 2019-10-19 06:21:21
9255, cd4t6fjZYEJAaVD08PH0, 2019-10-05 11:17:27, 2019-10-19 06:21:21
9256, wbbuqlHkjfI6Yem75I2G, 2019-10-05 11:17:27, 2019-10-19 06:21:21
9257, nydazVyiLEl5bjrho51z, 2019-10-05 11:17:27, 2019-10-19 06:21:21
9258, wEXu4BZKdAZXMfewHGxS, 2019-10-05 11:17:27, 2019-10-19 06:21:21
9259, BZxrnP95NNMUJsN7gMRV, 2019-10-05 11:17:27, 2019-10-19 06:21:21
9260, lvXJzNPVBEEWmjWisnrk, 2019-10-05 11:17:27, 2019-10-19 06:21:21
9261, iBSHrYt6PTwG4dWirzzO, 2019-10-05 11:17:27, 2019-10-19 06:21:21
9262, w49DkwSPBIpidGb3hWo9, 2019-10-05 11:17:27, 2019-10-19 06:21:21
9263, l7jD6OnvCsyIQCVrc4Hk, 2019-10-05 11:17:27, 2019-10-19 06:21:21
9264, rZvn2DvdQgVvvNgcb9CE, 2019-10-05 11:17:27, 2019-10-19 06:21:21
9265, EUDEeMOKwldDcOSqGZk7, 2019-10-05 11:17:27, 2019-10-19 06:21:21
9266, NhZ6Cj4GZ5IwLQbOXoH9, 2019-10-05 11:17:27, 2019-10-19 06:21:21
9267, XwICm64hYluj8rZgL38r, 2019-10-05 11:17:27, 2019-10-19 06:21:21
9268, pAT3ZUpp77qCyybe3Q4b, 2019-10-05 11:17:27, 2019-10-19 06:21:21
9269, BgkSnr9I8Pqm69mFsnYQ, 2019-10-05 11:17:27, 2019-10-19 06:21:21
9270, KtoxkAM5SH2jMMuhuBbO, 2019-10-05 11:17:27, 2019-10-19 06:21:21
9271, pzUK8xqBvrb1Zp6vwvbu, 2019-10-05 11:17:27, 2019-10-19 06:21:21
9272, 1V9YP1kKwGX4r4GJx30b, 2019-10-05 11:17:27, 2019-10-19 06:21:21
9273, KVldAHe4XOQIkZCL0jdn, 2019-10-05 11:17:27, 2019-10-19 06:21:21
9274, kKy74QlpGGWnNY70PjRs, 2019-10-05 11:17:27, 2019-10-19 06:21:21
9275, dGhJ5CYNRY1zQ3xm28kV, 2019-10-05 11:17:27, 2019-10-19 06:21:21
9276, FI9Ge76j0bcY915kA0v5, 2019-10-05 11:17:27, 2019-10-19 06:21:21
9277, 1dfn8B4GALSOVcmNwjWH, 2019-10-05 11:17:27, 2019-10-19 06:21:21
9278, lhjLbVUHeoR8AO3n6SgI, 2019-10-05 11:17:27, 2019-10-19 06:21:21
9279, HUwZQcYxp4vs8lbNT77p, 2019-10-05 11:17:27, 2019-10-19 06:21:21
9280, Du8gUAdJSkcD6BT1QmlI, 2019-10-05 11:17:27, 2019-10-19 06:21:21
9281, xE4fEOwrI7hdwCsjpKdq, 2019-10-05 11:17:27, 2019-10-19 06:21:21
9282, 90don8Hi7lTX8PitJAV1, 2019-10-05 11:17:27, 2019-10-19 06:21:21
9283, 2uRr2TMObSPNGacPLLCt, 2019-10-05 11:17:27, 2019-10-19 06:21:21
9284, 9SZJhWzVhlguptApZbf5, 2019-10-05 11:17:27, 2019-10-19 06:21:21
9285, YO4ECERq7N8ljjnHGOB5, 2019-10-05 11:17:27, 2019-10-19 06:21:21
9286, bISm0lnyRBLtvQUyzBdN, 2019-10-05 11:17:27, 2019-10-19 06:21:21
9287, L9LgCqVQgN4hIpUX0ufq, 2019-10-05 11:17:27, 2019-10-19 06:21:21
9288, 7RXFJhxLPW8o8nfTvUu1, 2019-10-05 11:17:27, 2019-10-19 06:21:21
9289, i7XTiFzc4YNbbGFkGdvI, 2019-10-05 11:17:27, 2019-10-19 06:21:21
9290, dgRPjMeY9eCxjBIELcgV, 2019-10-05 11:17:27, 2019-10-19 06:21:21
9291, 69GYS9DHF5YIXsn9Lio0, 2019-10-05 11:17:27, 2019-10-19 06:21:21
9292, rIKCiomVsbCq2S8LEk7F, 2019-10-05 11:17:27, 2019-10-19 06:21:21
9293, z2GqUllOew9OnzB7jql8, 2019-10-05 11:17:27, 2019-10-19 06:21:21
9294, nXXMOZiCkIVgc5aONzmI, 2019-10-05 11:17:27, 2019-10-19 06:21:21
9295, CHUTeAl3LMn2bRh2m4eb, 2019-10-05 11:17:27, 2019-10-19 06:21:21
9296, xLT6V07SNUBdBpm6kX4D, 2019-10-05 11:17:27, 2019-10-19 06:21:21
9297, o402UL4WqZ79HmXAAfAp, 2019-10-05 11:17:27, 2019-10-19 06:21:21
9298, xy0q4tjIoTtnZWGigXiz, 2019-10-05 11:17:27, 2019-10-19 06:21:21
9299, 5be9349XPgbTvXpTGtUE, 2019-10-05 11:17:27, 2019-10-19 06:21:21
9300, exQKsA3i0yVI5u6OVKgW, 2019-10-05 11:17:27, 2019-10-19 06:21:21
9301, fiEOu3kCcMkTBTsbw3iN, 2019-10-05 11:17:27, 2019-10-19 06:21:21
9302, a49EWEkc9xGn4Dt4yliv, 2019-10-05 11:17:27, 2019-10-19 06:21:21
9303, VrxzIXYsCKBrmzshERbf, 2019-10-05 11:17:27, 2019-10-19 06:21:21
9304, KARVMmYHNMm48jj4nObv, 2019-10-05 11:17:27, 2019-10-19 06:21:21
9305, uuAmNsXfMqF3WQnIFeri, 2019-10-05 11:17:27, 2019-10-19 06:21:21
9306, bDggvBlzzDEG3GqbR88Q, 2019-10-05 11:17:27, 2019-10-19 06:21:21
9307, tD4X0ngvgbztw8iCmEoi, 2019-10-05 11:17:27, 2019-10-19 06:21:21
9308, kzF3P9csUoA1M0xzjAbE, 2019-10-05 11:17:27, 2019-10-19 06:21:21
9309, 38UwWeah4LhYRd8fxZld, 2019-10-05 11:17:27, 2019-10-19 06:21:21
9310, 6TwNdW0N28al4K2eHfK9, 2019-10-05 11:17:27, 2019-10-19 06:21:21
9311, JNzUfOlNWwjjNClYaIK8, 2019-10-05 11:17:27, 2019-10-19 06:21:21
9312, JaDtxzKJWzY8P1luzIy0, 2019-10-05 11:17:27, 2019-10-19 06:21:21
9313, QrKUPEDbTsFrg7WQu7zn, 2019-10-05 11:17:27, 2019-10-19 06:21:21
9314, nU0zzO7iPH6WRN42OyNs, 2019-10-05 11:17:27, 2019-10-19 06:21:21
9315, 0BhOFr6uxdY12erYgQQB, 2019-10-05 11:17:27, 2019-10-19 06:21:21
9316, XF8PWF3aEejZCaJUoP11, 2019-10-05 11:17:27, 2019-10-19 06:21:21
9317, 1oL0KebTfQN1gCQAkXYu, 2019-10-05 11:17:27, 2019-10-19 06:21:21
9318, DVmaKAbnSYXPEGYVNsm3, 2019-10-05 11:17:27, 2019-10-19 06:21:21
9319, ONDDqzp4QVI8hCIfenIQ, 2019-10-05 11:17:27, 2019-10-19 06:21:21
9320, VBud4e49ls3dWZx763jr, 2019-10-05 11:17:27, 2019-10-19 06:21:21
9321, omCfc8ECynQ6xXM8OVT8, 2019-10-05 11:17:27, 2019-10-19 06:21:21
9322, F8SPQuaSsZ2efEVUPaJR, 2019-10-05 11:17:27, 2019-10-19 06:21:21
9323, YPlLnPzEK9ABqHnq3FNr, 2019-10-05 11:17:27, 2019-10-19 06:21:21
9324, oy2ZYlRvTNEFIEM0j7xI, 2019-10-05 11:17:27, 2019-10-19 06:21:21
9325, aPKo6vlGQfBCQfGktp2o, 2019-10-05 11:17:27, 2019-10-19 06:21:21
9326, F0n3XRgtDHItib2nfieW, 2019-10-05 11:17:27, 2019-10-19 06:21:21
9327, nFtswrES0CmmUKIBUQR7, 2019-10-05 11:17:27, 2019-10-19 06:21:21
9328, 9udMhkznItd6nWqeynlY, 2019-10-05 11:17:27, 2019-10-19 06:21:21
9329, klyyavrEqyTdoVVjTPhv, 2019-10-05 11:17:27, 2019-10-19 06:21:21
9330, sSsnKevUEIVoAmoMDsXP, 2019-10-05 11:17:27, 2019-10-19 06:21:21
9331, UFV9d6WjIBnjEr7AX9UG, 2019-10-05 11:17:27, 2019-10-19 06:21:21
9332, TXyaTlZfqUnrJfKYEAkM, 2019-10-05 11:17:27, 2019-10-19 06:21:21
9333, TTKF3MlmwrxfE2Cut3tg, 2019-10-05 11:17:27, 2019-10-19 06:21:21
9334, AUuEwuJRm2ez7w6pqHZR, 2019-10-05 11:17:27, 2019-10-19 06:21:21
9335, 5Uycl558VcpV1vtQUNL9, 2019-10-05 11:17:27, 2019-10-19 06:21:21
9336, 4wRS0EkyCFFQFapm3aeY, 2019-10-05 11:17:27, 2019-10-19 06:21:21
9337, a0RcsQTSBhTu0Ftbgnkg, 2019-10-05 11:17:27, 2019-10-19 06:21:21
9338, RAl4yb6aCbEGmBZaZFSE, 2019-10-05 11:17:27, 2019-10-19 06:21:21
9339, pgV5pZUAkj9tKqZwT12U, 2019-10-05 11:17:27, 2019-10-19 06:21:21
9340, lxyAwgiuxhGSAov0botI, 2019-10-05 11:17:27, 2019-10-19 06:21:21
9341, pdPOmQYADinVqxEBVo9e, 2019-10-05 11:17:27, 2019-10-19 06:21:21
9342, AsWQJfBo2wOQ73HWKYJd, 2019-10-05 11:17:27, 2019-10-19 06:21:21
9343, aalSBiR6nwYwUvYVUtCU, 2019-10-05 11:17:27, 2019-10-19 06:21:21
9344, XKZp9hHdaXPCojRpJ1Ha, 2019-10-05 11:17:27, 2019-10-19 06:21:21
9345, aUh4DzlcD0a3auwdhSXd, 2019-10-05 11:17:27, 2019-10-19 06:21:21
9346, VlfKqutmjit1jPX6vCoM, 2019-10-05 11:17:27, 2019-10-19 06:21:21
9347, dR3ad3HLmnFxSz3Y6drU, 2019-10-05 11:17:27, 2019-10-19 06:21:21
9348, sjSfNIkXjvzkCEuhxz8d, 2019-10-05 11:17:27, 2019-10-19 06:21:21
9349, IbpEY8mgKK2ebnzrRXqB, 2019-10-05 11:17:27, 2019-10-19 06:21:21
9350, tKb788zuw1s6GCo9OIda, 2019-10-05 11:17:27, 2019-10-19 06:21:21
9351, pHflVB7PMwlhCEH6k7az, 2019-10-05 11:17:27, 2019-10-19 06:21:21
9352, 2h7tYFFinLaR35XQ1USA, 2019-10-05 11:17:27, 2019-10-19 06:21:21
9353, Ds4JVOnJ33TRmfj6n9st, 2019-10-05 11:17:27, 2019-10-19 06:21:21
9354, Fgz2cs8Sf4PvTjJvfOJL, 2019-10-05 11:17:27, 2019-10-19 06:21:21
9355, Bw2t2lkGC3wDgrPBpl8p, 2019-10-05 11:17:27, 2019-10-19 06:21:21
9356, dwbWoOunG9KKJfp4e7t9, 2019-10-05 11:17:27, 2019-10-19 06:21:21
9357, fxhgKQ62JzeahSsW85p7, 2019-10-05 11:17:27, 2019-10-19 06:21:21
9358, DtWhphDZsdr63ycU9ksH, 2019-10-05 11:17:27, 2019-10-19 06:21:21
9359, f6gryeBJVla10kSJBBPz, 2019-10-05 11:17:27, 2019-10-19 06:21:21
9360, kNcDdK4ItuJnxIiZ5c2F, 2019-10-05 11:17:27, 2019-10-19 06:21:21
9361, 5Rp1G13V0vFb6cD1lD6c, 2019-10-05 11:17:27, 2019-10-19 06:21:21
9362, bHv20S2qeW2errehKvTh, 2019-10-05 11:17:27, 2019-10-19 06:21:21
9363, Tp2tgn7wPCOeztljIo8a, 2019-10-05 11:17:27, 2019-10-19 06:21:21
9364, 0CyFVHdRLjJSjbNRvZ9s, 2019-10-05 11:17:27, 2019-10-19 06:21:21
9365, mhSjCX4RtmTScnNBattt, 2019-10-05 11:17:27, 2019-10-19 06:21:21
9366, DT5PuLknFc6Kt7OqfkQh, 2019-10-05 11:17:27, 2019-10-19 06:21:21
9367, 9CD2benz0eC7P7Hg7pSO, 2019-10-05 11:17:27, 2019-10-19 06:21:21
9368, 4dlnHKtwk77SHAtZhKpU, 2019-10-05 11:17:27, 2019-10-19 06:21:21
9369, CK6dZoXyMrCEyeggloL6, 2019-10-05 11:17:27, 2019-10-19 06:21:21
9370, Ni2cepbAHQCdMZGF01DD, 2019-10-05 11:17:27, 2019-10-19 06:21:21
9371, 2bwfrrvkvl81KSOZoPM3, 2019-10-05 11:17:27, 2019-10-19 06:21:21
9372, pQffi5qRZH8DSqBV5qyU, 2019-10-05 11:17:27, 2019-10-19 06:21:21
9373, ZAZP8rGN5iDF6kHWkl6t, 2019-10-05 11:17:27, 2019-10-19 06:21:21
9374, zBpaCUF87f5QEAV4ZgsD, 2019-10-05 11:17:27, 2019-10-19 06:21:21
9375, tzyUOQ8MxzRQRDCckPQ0, 2019-10-05 11:17:27, 2019-10-19 06:21:21
9376, 0964EuTgJExSRPlWyDCh, 2019-10-05 11:17:27, 2019-10-19 06:21:21
9377, j3mzfB79s4WRUonam32R, 2019-10-05 11:17:27, 2019-10-19 06:21:21
9378, PCIZtoCGUZe2YfUnSFFA, 2019-10-05 11:17:27, 2019-10-19 06:21:21
9379, GxjrG0a1WBQdHb7nsDR9, 2019-10-05 11:17:27, 2019-10-19 06:21:21
9380, Na7xY4Gusy0IWLsqmFIv, 2019-10-05 11:17:27, 2019-10-19 06:21:21
9381, VyX1xSUMHdvXnTWVBYQf, 2019-10-05 11:17:27, 2019-10-19 06:21:21
9382, WYdAxHo1rQrgtZlqylbA, 2019-10-05 11:17:27, 2019-10-19 06:21:21
9383, pGw0cNIryNu521DdZl9P, 2019-10-05 11:17:27, 2019-10-19 06:21:21
9384, ISywJglaRRGsHzlFav02, 2019-10-05 11:17:27, 2019-10-19 06:21:21
9385, K6QmCZ96eyAvLJ66WJGw, 2019-10-05 11:17:27, 2019-10-19 06:21:21
9386, PvzLEYsdHZkCr2kknayK, 2019-10-05 11:17:27, 2019-10-19 06:21:21
9387, CQkgcpwBpDi6Vm3hi9pk, 2019-10-05 11:17:27, 2019-10-19 06:21:21
9388, zr2yafhwdhuaZxLUPeCT, 2019-10-05 11:17:27, 2019-10-19 06:21:21
9389, BoMZ4kxKEyIWzeFoUZ9m, 2019-10-05 11:17:27, 2019-10-19 06:21:21
9390, 8rib9YBLMZ45zQ3Z97MU, 2019-10-05 11:17:27, 2019-10-19 06:21:21
9391, I3AzE9nZi9evGf2FCxvs, 2019-10-05 11:17:27, 2019-10-19 06:21:21
9392, ZyHDcVyJ4RlRqFNpRrRo, 2019-10-05 11:17:27, 2019-10-19 06:21:21
9393, B3nwgbGA2g6tpQ5jtSxD, 2019-10-05 11:17:27, 2019-10-19 06:21:21
9394, ujzeQoiU9Psw2nMdnHDt, 2019-10-05 11:17:27, 2019-10-19 06:21:21
9395, 1z6ls9zSZT3t8IDm1gZE, 2019-10-05 11:17:27, 2019-10-19 06:21:21
9396, 83pIVhQeOIGdCK737Sdg, 2019-10-05 11:17:27, 2019-10-19 06:21:21
9397, FmuAyQaEtK63IBGP62uy, 2019-10-05 11:17:27, 2019-10-19 06:21:21
9398, sBe5DwjPDFZMoS69mPvp, 2019-10-05 11:17:27, 2019-10-19 06:21:21
9399, fyeDjsjNTrXTdkRNAvc3, 2019-10-05 11:17:27, 2019-10-19 06:21:21
9400, KSFGUfaSceWri6tEg3sD, 2019-10-05 11:17:27, 2019-10-19 06:21:21
9401, PDVY8umwbTkRZcpuqpVO, 2019-10-05 11:17:27, 2019-10-19 06:21:21
9402, CMbE9DDaLl0uqWBuT6lB, 2019-10-05 11:17:27, 2019-10-19 06:21:21
9403, mGVO0YQSlNYkuS2LuFls, 2019-10-05 11:17:27, 2019-10-19 06:21:21
9404, yBh4vEVYliRCKWhjJipD, 2019-10-05 11:17:27, 2019-10-19 06:21:21
9405, BPvwficObWs8e4dCyAE4, 2019-10-05 11:17:27, 2019-10-19 06:21:21
9406, UV3S44XqResqmawu5VPS, 2019-10-05 11:17:27, 2019-10-19 06:21:21
9407, U4ErAdabVffFMIr0u23S, 2019-10-05 11:17:27, 2019-10-19 06:21:21
9408, ZF5o094G57qGfzNdhbcF, 2019-10-05 11:17:27, 2019-10-19 06:21:21
9409, YRKkblvHv3vBKQxkRnw2, 2019-10-05 11:17:27, 2019-10-19 06:21:21
9410, Cb8z7U50PESW6lZdsGzw, 2019-10-05 11:17:27, 2019-10-19 06:21:21
9411, XOt9ATXmVlZwo5tI7lsT, 2019-10-05 11:17:27, 2019-10-19 06:21:21
9412, PFY8hIPJ2CoEaT1gKsvQ, 2019-10-05 11:17:27, 2019-10-19 06:21:21
9413, FLuvs63ddOWJK6RQOhJ3, 2019-10-05 11:17:27, 2019-10-19 06:21:22
9414, af8B6V5ChDoeWLLu4r2T, 2019-10-05 11:17:27, 2019-10-19 06:21:22
9415, ZqcNRPcLkjfVM2gloH7y, 2019-10-05 11:17:27, 2019-10-19 06:21:22
9416, i8n3ITFr6fLtOD6wonwx, 2019-10-05 11:17:27, 2019-10-19 06:21:22
9417, 468sIKv9gbF410hfkf2G, 2019-10-05 11:17:27, 2019-10-19 06:21:22
9418, RLLQ9mK9mJ7NQcx3YamZ, 2019-10-05 11:17:27, 2019-10-19 06:21:22
9419, Qk7T5n3PTdEYn7sFRpGe, 2019-10-05 11:17:27, 2019-10-19 06:21:22
9420, 0zOMvOpBYDDcwMNcXwSu, 2019-10-05 11:17:27, 2019-10-19 06:21:22
9421, Huxe21Jke2Ljf8NySsLB, 2019-10-05 11:17:27, 2019-10-19 06:21:22
9422, HcU30Bb5oRWXKw2PC6S0, 2019-10-05 11:17:27, 2019-10-19 06:21:22
9423, YpdPWwoFz0nWPblsJ2ZX, 2019-10-05 11:17:27, 2019-10-19 06:21:22
9424, SwijK1iG0F0JlnFJtwVW, 2019-10-05 11:17:27, 2019-10-19 06:21:22
9425, kwKxQ8JGF19sxSk70Gdg, 2019-10-05 11:17:27, 2019-10-19 06:21:22
9426, 8LirU1O1To1mOrZa0JnE, 2019-10-05 11:17:27, 2019-10-19 06:21:22
9427, Q0Q1RurUlhC4o8DMaFEV, 2019-10-05 11:17:27, 2019-10-19 06:21:22
9428, UwQceruLSGsLUzBDAM8z, 2019-10-05 11:17:27, 2019-10-19 06:21:22
9429, YTw6Fux9PDbuTma4edfw, 2019-10-05 11:17:27, 2019-10-19 06:21:22
9430, SftRjKgVvDLMODbm7Qg7, 2019-10-05 11:17:27, 2019-10-19 06:21:22
9431, 28LPpnoTl9q9QUUnxzdE, 2019-10-05 11:17:27, 2019-10-19 06:21:22
9432, vbFk5u7DknB0ej5SuUg2, 2019-10-05 11:17:27, 2019-10-19 06:21:22
9433, 04WrXgOjqGAtQIPlgVlb, 2019-10-05 11:17:27, 2019-10-19 06:21:22
9434, QjDfbQEJwpOMeE0HvSam, 2019-10-05 11:17:27, 2019-10-19 06:21:22
9435, c5DvN7cB3l8Qvpc6Doye, 2019-10-05 11:17:27, 2019-10-19 06:21:22
9436, tOq4IEMPzH9PE33p9iUH, 2019-10-05 11:17:27, 2019-10-19 06:21:22
9437, 3e6uYNs9kQ0lZX7eq4Wr, 2019-10-05 11:17:27, 2019-10-19 06:21:22
9438, hL1FBFyeIIi1irEkXDm5, 2019-10-05 11:17:27, 2019-10-19 06:21:22
9439, BaG8CjFrQTD7v8GWsYmn, 2019-10-05 11:17:27, 2019-10-19 06:21:22
9440, dLuDcqXgWxMb3KSUwlAH, 2019-10-05 11:17:27, 2019-10-19 06:21:22
9441, FzFNqu42btR4nUwnTNns, 2019-10-05 11:17:27, 2019-10-19 06:21:22
9442, KwMe6iNrqKKIeaZuO7CU, 2019-10-05 11:17:27, 2019-10-19 06:21:22
9443, EQkrKTIzDKQ1KiQI9OfI, 2019-10-05 11:17:27, 2019-10-19 06:21:22
9444, sHAuBx20jAkvc9uOmKfU, 2019-10-05 11:17:27, 2019-10-19 06:21:22
9445, iKV728n4Ekc6Kg0bygC2, 2019-10-05 11:17:27, 2019-10-19 06:21:22
9446, 9QfvTVzVCT1SNRS0ds7F, 2019-10-05 11:17:27, 2019-10-19 06:21:22
9447, ZIgd6aqDdkOWatq30LRT, 2019-10-05 11:17:27, 2019-10-19 06:21:22
9448, 2FRbFbCq8DfjquurqTIY, 2019-10-05 11:17:27, 2019-10-19 06:21:22
9449, fCIgTT1Z9r7Hdx3Ka1J9, 2019-10-05 11:17:27, 2019-10-19 06:21:22
9450, XFnEE4nTXWnNfmF8t4MJ, 2019-10-05 11:17:27, 2019-10-19 06:21:22
9451, caAhHyruqylrab6n05Xo, 2019-10-05 11:17:27, 2019-10-19 06:21:22
9452, 0JHniBrDl9zMYa2exaE0, 2019-10-05 11:17:27, 2019-10-19 06:21:22
9453, q3vooKTQ7KaTdhm7qegJ, 2019-10-05 11:17:27, 2019-10-19 06:21:22
9454, 2w4OaJvCNuIdvvo0Q6qi, 2019-10-05 11:17:27, 2019-10-19 06:21:22
9455, SmjNZkL5TJkfewi1uYd5, 2019-10-05 11:17:27, 2019-10-19 06:21:22
9456, CzEpY51iGFqGrfvzi3CH, 2019-10-05 11:17:27, 2019-10-19 06:21:22
9457, IrFLclVYvgCMZ3OIMsLD, 2019-10-05 11:17:27, 2019-10-19 06:21:22
9458, l0951V9Bv6wJsKuMWHg5, 2019-10-05 11:17:27, 2019-10-19 06:21:22
9459, qGCvmVrQEfFFpC1bkmtZ, 2019-10-05 11:17:27, 2019-10-19 06:21:22
9460, iK3WUEVdwzAutBsZYQam, 2019-10-05 11:17:27, 2019-10-19 06:21:22
9461, mIil7NnIaOFKTZIFc72u, 2019-10-05 11:17:27, 2019-10-19 06:21:22
9462, nArxFc4QGffE1kJDjVAC, 2019-10-05 11:17:27, 2019-10-19 06:21:22
9463, O251kEnzJPss7csN6SEJ, 2019-10-05 11:17:27, 2019-10-19 06:21:22
9464, 2xOWOfYrkO7JPLw8dgLj, 2019-10-05 11:17:27, 2019-10-19 06:21:22
9465, t0mffxGGxSepKEdE0nPM, 2019-10-05 11:17:27, 2019-10-19 06:21:22
9466, IpYLniJU8o0qX3FkBSrN, 2019-10-05 11:17:27, 2019-10-19 06:21:22
9467, R9K7Dv5392ul84zE1iDP, 2019-10-05 11:17:27, 2019-10-19 06:21:22
9468, QupBW6qN4MSeOMc7idta, 2019-10-05 11:17:27, 2019-10-19 06:21:22
9469, uy8gRWgnhTRg6anyXkpk, 2019-10-05 11:17:27, 2019-10-19 06:21:22
9470, 4KvyNNcFxZOUPJVq3YnM, 2019-10-05 11:17:27, 2019-10-19 06:21:22
9471, s177uU51aqC2nExRRQ2u, 2019-10-05 11:17:27, 2019-10-19 06:21:22
9472, JZnl6S6H74xUX2W2x5Gr, 2019-10-05 11:17:27, 2019-10-19 06:21:22
9473, 2ISu26Xt9LH8we96fOdN, 2019-10-05 11:17:27, 2019-10-19 06:21:22
9474, yXjV3UobayjyIsFnfv86, 2019-10-05 11:17:27, 2019-10-19 06:21:22
9475, D7k4Yiz0asxKwp3m0xCI, 2019-10-05 11:17:27, 2019-10-19 06:21:22
9476, vCxasmtgnLUdgExVKgMi, 2019-10-05 11:17:27, 2019-10-19 06:21:22
9477, WBzqN8KspVzRSuppM7LR, 2019-10-05 11:17:27, 2019-10-19 06:21:22
9478, dGyMPe4OUyWbgjTIl7xk, 2019-10-05 11:17:27, 2019-10-19 06:21:22
9479, 7R2DAcpR5k3BGE0cOn7Y, 2019-10-05 11:17:27, 2019-10-19 06:21:22
9480, yKKAApmZZjGyoXtU2Uuv, 2019-10-05 11:17:27, 2019-10-19 06:21:22
9481, cDIbqaFHzkZQvVWQaFls, 2019-10-05 11:17:27, 2019-10-19 06:21:22
9482, w1jTZCw6Z1ovQ7JvMnVR, 2019-10-05 11:17:27, 2019-10-19 06:21:22
9483, BJPS8PQF2Zb3Dyk9f94b, 2019-10-05 11:17:27, 2019-10-19 06:21:22
9484, BnYahrB13FRXD08v6DKB, 2019-10-05 11:17:27, 2019-10-19 06:21:22
9485, kuixXLGQHnaX7Qdgf9Oz, 2019-10-05 11:17:27, 2019-10-19 06:21:22
9486, 4D3gRcSdcl2mRyFKZUy4, 2019-10-05 11:17:27, 2019-10-19 06:21:22
9487, HiHVwTiCvIqJHSoZ8hYP, 2019-10-05 11:17:27, 2019-10-19 06:21:22
9488, OSq8xJTZgaqDAPl30RE7, 2019-10-05 11:17:27, 2019-10-19 06:21:22
9489, dqWsrIgbd6UfslpxijSF, 2019-10-05 11:17:27, 2019-10-19 06:21:22
9490, 8J7phtALzrYmpHXH0KHY, 2019-10-05 11:17:27, 2019-10-19 06:21:22
9491, 6CiAxcTADxn1VIkCTu58, 2019-10-05 11:17:27, 2019-10-19 06:21:22
9492, VxI3IuKrFnnCdflY2XUO, 2019-10-05 11:17:27, 2019-10-19 06:21:22
9493, HeM9MDv9eFNXg3grCBxA, 2019-10-05 11:17:27, 2019-10-19 06:21:22
9494, IwLPfnhLjCKSlJ9Lpw3N, 2019-10-05 11:17:27, 2019-10-19 06:21:22
9495, Fm9rqYM833dd5hT2C9R6, 2019-10-05 11:17:27, 2019-10-19 06:21:22
9496, xcbYVRUj9HgaXOgBXroq, 2019-10-05 11:17:27, 2019-10-19 06:21:22
9497, JHgB0VhWeTmxwZSAUhsu, 2019-10-05 11:17:27, 2019-10-19 06:21:22
9498, fRDOs2wzSXi7vQ7TtU2t, 2019-10-05 11:17:27, 2019-10-19 06:21:22
9499, woM65pE3YkpvjQC7f9Aq, 2019-10-05 11:17:27, 2019-10-19 06:21:22
9500, TEySE7s3ymDjxuEZ7epJ, 2019-10-05 11:17:27, 2019-10-19 06:21:22
9501, 30GC2ad5yh6So0R9y406, 2019-10-05 11:17:27, 2019-10-19 06:21:22
9502, TXFJmGMjNzuSfyFEZbUX, 2019-10-05 11:17:27, 2019-10-19 06:21:22
9503, cITCwzmijmB1a6RlGLnB, 2019-10-05 11:17:27, 2019-10-19 06:21:22
9504, 612dftRJ7hGhYGj1z2r6, 2019-10-05 11:17:27, 2019-10-19 06:21:22
9505, 2Ly0Oe5RotMCN3T5WBQQ, 2019-10-05 11:17:27, 2019-10-19 06:21:22
9506, DGSkrQXH7O1xHBaRx0ji, 2019-10-05 11:17:27, 2019-10-19 06:21:22
9507, 8xFyPY41B4FSb0KtQF2G, 2019-10-05 11:17:27, 2019-10-19 06:21:22
9508, G2Jz53pnEhtZJPbpNgOR, 2019-10-05 11:17:27, 2019-10-19 06:21:22
9509, TW9ZANSOcNgayUfwaIN1, 2019-10-05 11:17:27, 2019-10-19 06:21:22
9510, OsECI7YCdpw0PCnB8fnm, 2019-10-05 11:17:27, 2019-10-19 06:21:22
9511, pCCeijIXHp0p4zTvhwCL, 2019-10-05 11:17:27, 2019-10-19 06:21:22
9512, tuJceLsnwTNOxbJPjPhJ, 2019-10-05 11:17:27, 2019-10-19 06:21:22
9513, F9nNTgwSMKegqSUaqguT, 2019-10-05 11:17:27, 2019-10-19 06:21:22
9514, 5Cgj9Kd8pvMHmtkPgiVa, 2019-10-05 11:17:27, 2019-10-19 06:21:22
9515, GIDPmwIe8Cxjm9MJnaJ3, 2019-10-05 11:17:27, 2019-10-19 06:21:22
9516, PtVCB7sA2gSbhJNzMpA2, 2019-10-05 11:17:27, 2019-10-19 06:21:22
9517, hLyb6DasCS0seJts4DIZ, 2019-10-05 11:17:27, 2019-10-19 06:21:22
9518, wNXU2WmQuia53LglafEI, 2019-10-05 11:17:27, 2019-10-19 06:21:22
9519, o0DQsAGeiBekhCoqHGjA, 2019-10-05 11:17:27, 2019-10-19 06:21:22
9520, E5BnObj5x9WaGyFJ0sfP, 2019-10-05 11:17:27, 2019-10-19 06:21:22
9521, II8JSTVxD5uNF8rEgM4e, 2019-10-05 11:17:27, 2019-10-19 06:21:22
9522, 9viepSf0Wrf90Ur0lHFp, 2019-10-05 11:17:27, 2019-10-19 06:21:22
9523, nbE3fHxt6yR7J13bUwa9, 2019-10-05 11:17:27, 2019-10-19 06:21:22
9524, P2TpxfBfW4CZRHR0ywA3, 2019-10-05 11:17:27, 2019-10-19 06:21:22
9525, ck34HtFyUYridb1UFHRc, 2019-10-05 11:17:27, 2019-10-19 06:21:22
9526, FNtDod0Ux3zEWoTPEgJt, 2019-10-05 11:17:27, 2019-10-19 06:21:22
9527, JSUr3DJ4XcHZ9d8L2ULA, 2019-10-05 11:17:27, 2019-10-19 06:21:22
9528, aQl9zQhoPUAKyIzaBRo4, 2019-10-05 11:17:27, 2019-10-19 06:21:22
9529, ZGbTndC6Bq5m7bPDvloG, 2019-10-05 11:17:27, 2019-10-19 06:21:22
9530, 2shohEqH8zzVmm8WlIrC, 2019-10-05 11:17:27, 2019-10-19 06:21:22
9531, bZ9xvxN8SjJK5FVazouy, 2019-10-05 11:17:27, 2019-10-19 06:21:22
9532, ATQfGKpXRdrRKiYJMdiD, 2019-10-05 11:17:27, 2019-10-19 06:21:22
9533, K88IOiz0z3jYnGkJeJAm, 2019-10-05 11:17:27, 2019-10-19 06:21:22
9534, f6CnLmFXZOEmonKsCAnl, 2019-10-05 11:17:27, 2019-10-19 06:21:22
9535, 4FCWWBLL0OpmbdlNz6TY, 2019-10-05 11:17:27, 2019-10-19 06:21:22
9536, UepzF6kMeBVIlXpTuV8p, 2019-10-05 11:17:27, 2019-10-19 06:21:22
9537, fTm7rHaR72q2VYDg7bZz, 2019-10-05 11:17:27, 2019-10-19 06:21:22
9538, c5T9VUP3rKncfdZlWuwx, 2019-10-05 11:17:27, 2019-10-19 06:21:23
9539, 8n5LNuy8I6AO1Etkarmx, 2019-10-05 11:17:27, 2019-10-19 06:21:23
9540, B8DiHmhrkMmCf90GjiQR, 2019-10-05 11:17:27, 2019-10-19 06:21:23
9541, 0hfCwtw6DCAzdrJVE2Jz, 2019-10-05 11:17:27, 2019-10-19 06:21:23
9542, trF1YF0rH4XjHJiWRXXa, 2019-10-05 11:17:27, 2019-10-19 06:21:23
9543, f3KapAEnDDFzBO9ZhMJN, 2019-10-05 11:17:27, 2019-10-19 06:21:23
9544, bpnkvrbUFszLO5aqzxak, 2019-10-05 11:17:27, 2019-10-19 06:21:23
9545, WZ3feKlh2UdetMBYLnKc, 2019-10-05 11:17:27, 2019-10-19 06:21:23
9546, rbOETfua27KHEQCZD4gP, 2019-10-05 11:17:27, 2019-10-19 06:21:23
9547, h70wqRxNb6uLER2i6nv7, 2019-10-05 11:17:27, 2019-10-19 06:21:23
9548, Kp0K02sENNNkDG8M0AXS, 2019-10-05 11:17:27, 2019-10-19 06:21:23
9549, SruAX4xTw4xrI8NIPGnx, 2019-10-05 11:17:27, 2019-10-19 06:21:23
9550, XJgTJJuxM6gvbrMYYv1E, 2019-10-05 11:17:27, 2019-10-19 06:21:23
9551, 5BqjgOT9twhI2xxDNs3Y, 2019-10-05 11:17:27, 2019-10-19 06:21:23
9552, NSnoCkdTe0vubwokbNmA, 2019-10-05 11:17:27, 2019-10-19 06:21:23
9553, CiojCVhL5t4iQkahmKCq, 2019-10-05 11:17:27, 2019-10-19 06:21:23
9554, yPP3zoIDlTSvaxZfhBBn, 2019-10-05 11:17:27, 2019-10-19 06:21:23
9555, 0sNnaYgDW0inteUnr6PZ, 2019-10-05 11:17:27, 2019-10-19 06:21:23
9556, q1B23NuQAmpXIYIhtpZo, 2019-10-05 11:17:27, 2019-10-19 06:21:23
9557, iJlgpURxZK03tNraXeiY, 2019-10-05 11:17:27, 2019-10-19 06:21:23
9558, NE5iXG3Bk6h1KhmUbPQs, 2019-10-05 11:17:27, 2019-10-19 06:21:23
9559, MFYrBMJizbWxe4Esn4x8, 2019-10-05 11:17:27, 2019-10-19 06:21:23
9560, zQMwwKprMrBj08kKJupe, 2019-10-05 11:17:27, 2019-10-19 06:21:23
9561, RvOdLdTsrJTw5UXzyhmL, 2019-10-05 11:17:27, 2019-10-19 06:21:23
9562, aey5h1QM8LeQ3Z6PpzWR, 2019-10-05 11:17:27, 2019-10-19 06:21:23
9563, a3tBbyWNK0RqKorwkfn2, 2019-10-05 11:17:27, 2019-10-19 06:21:23
9564, OGwbvuWbNcgrbFdBPWzK, 2019-10-05 11:17:27, 2019-10-19 06:21:23
9565, wyBGcwEXionxnHhUCkt8, 2019-10-05 11:17:27, 2019-10-19 06:21:23
9566, DYWFLQ09V5PcpzyPWN1q, 2019-10-05 11:17:27, 2019-10-19 06:21:23
9567, SU1yqveojDyJOgtL16Qz, 2019-10-05 11:17:27, 2019-10-19 06:21:23
9568, t7JzDoWMRGyJevzpNaAD, 2019-10-05 11:17:27, 2019-10-19 06:21:23
9569, 7QkVVHBQduv8ceQLCbmP, 2019-10-05 11:17:27, 2019-10-19 06:21:23
9570, cJX9iO7wGealmr5TOWId, 2019-10-05 11:17:27, 2019-10-19 06:21:23
9571, 5R6oEc9RDsWDmQqrATHR, 2019-10-05 11:17:27, 2019-10-19 06:21:23
9572, K8wL8xWU0DZZIxaic3Y7, 2019-10-05 11:17:27, 2019-10-19 06:21:23
9573, ri0Cu5OYwzZvJUhoLe5O, 2019-10-05 11:17:27, 2019-10-19 06:21:23
9574, GQMS6f7ievSULtiIMyHc, 2019-10-05 11:17:27, 2019-10-19 06:21:23
9575, ymW03J0LLHcWiwzYMDoe, 2019-10-05 11:17:27, 2019-10-19 06:21:23
9576, hrZ54gn4dsCy4yfgQ6Zh, 2019-10-05 11:17:27, 2019-10-19 06:21:23
9577, 6qmNV818dHyhdquqvKPt, 2019-10-05 11:17:27, 2019-10-19 06:21:23
9578, F016lHC4YKvgbocjWqI0, 2019-10-05 11:17:27, 2019-10-19 06:21:23
9579, wGVCBmOWT70Albo7og59, 2019-10-05 11:17:27, 2019-10-19 06:21:23
9580, 8vbATZAtegfH5PEdoGrr, 2019-10-05 11:17:27, 2019-10-19 06:21:23
9581, g6StJSF9eaw8z1Qeyt2V, 2019-10-05 11:17:27, 2019-10-19 06:21:23
9582, XrCkKq7I5NjzYAvmDcY7, 2019-10-05 11:17:27, 2019-10-19 06:21:23
9583, glOHya29ptNUdLTO7qGk, 2019-10-05 11:17:27, 2019-10-19 06:21:23
9584, CEkZ49n7eGY32vKA8BHR, 2019-10-05 11:17:27, 2019-10-19 06:21:23
9585, SIfHHz2EXZ0I2pathvvb, 2019-10-05 11:17:27, 2019-10-19 06:21:23
9586, JXW8tbUzNdWYIhtPgO2Y, 2019-10-05 11:17:27, 2019-10-19 06:21:23
9587, n32TAWcxrLgcQFtqm2dn, 2019-10-05 11:17:27, 2019-10-19 06:21:23
9588, T5aFY1yOdTWCMgbmTO4o, 2019-10-05 11:17:27, 2019-10-19 06:21:23
9589, fBBzAHFR7sbwlaY4XRka, 2019-10-05 11:17:27, 2019-10-19 06:21:23
9590, vvB0V7axXw5x3IWFmIl9, 2019-10-05 11:17:27, 2019-10-19 06:21:23
9591, GHC65RD5xnGrJl08tn3L, 2019-10-05 11:17:27, 2019-10-19 06:21:23
9592, LRKxd0NR93VkBohMEevZ, 2019-10-05 11:17:27, 2019-10-19 06:21:23
9593, M4Pg85ywbIzhjGQJhpV0, 2019-10-05 11:17:27, 2019-10-19 06:21:23
9594, VF2pk6013yhmndP9XwLP, 2019-10-05 11:17:27, 2019-10-19 06:21:23
9595, cLRqgLgFhSi2uIuuyFMt, 2019-10-05 11:17:27, 2019-10-19 06:21:23
9596, i3sAjqN1rxbrdCn3J98x, 2019-10-05 11:17:27, 2019-10-19 06:21:23
9597, rQAeh5Xw9Mom7TrULQat, 2019-10-05 11:17:27, 2019-10-19 06:21:23
9598, gxF10KdjoItLS36H191a, 2019-10-05 11:17:27, 2019-10-19 06:21:23
9599, pSnxMCL3Jh2sCJja6RR0, 2019-10-05 11:17:27, 2019-10-19 06:21:23
9600, zA85aO7W9K9XP3krMODx, 2019-10-05 11:17:27, 2019-10-19 06:21:23
9601, EyejTpHU7vMMMCj1IKPQ, 2019-10-05 11:17:27, 2019-10-19 06:21:23
9602, 0McQ30cyGwLSgx9RwspF, 2019-10-05 11:17:27, 2019-10-19 06:21:23
9603, 19pXJZMZvu6dYFAwlL2A, 2019-10-05 11:17:27, 2019-10-19 06:21:23
9604, Ji2heSTDeFXoB8udQGfi, 2019-10-05 11:17:27, 2019-10-19 06:21:23
9605, JDp9i3zrYhpBzeFrcex2, 2019-10-05 11:17:27, 2019-10-19 06:21:23
9606, HvuUqcb5yWBfWAh0h2QB, 2019-10-05 11:17:27, 2019-10-19 06:21:23
9607, jZQZUzwge4V95Qv9WzFq, 2019-10-05 11:17:27, 2019-10-19 06:21:23
9608, LvOxZNBZAoc7BjyIENZJ, 2019-10-05 11:17:27, 2019-10-19 06:21:23
9609, FZYvTKwwZXI2PmpX2S0o, 2019-10-05 11:17:27, 2019-10-19 06:21:23
9610, yqJxuNXjjlm6bbz7gwvR, 2019-10-05 11:17:27, 2019-10-19 06:21:23
9611, snn7AnulShHHJnjTIuBy, 2019-10-05 11:17:27, 2019-10-19 06:21:23
9612, CNE8P8oZ2241KlASeumG, 2019-10-05 11:17:27, 2019-10-19 06:21:23
9613, sC4hnKeGkrq7kqed8Su5, 2019-10-05 11:17:27, 2019-10-19 06:21:23
9614, 37vsJFgghcbVtA4asZo9, 2019-10-05 11:17:27, 2019-10-19 06:21:23
9615, wfdKhFmQDLAOjpG3gXEa, 2019-10-05 11:17:27, 2019-10-19 06:21:23
9616, O7qJrJMGNzwQSyfAPzmV, 2019-10-05 11:17:27, 2019-10-19 06:21:23
9617, 3u69OhkHF7bipVqoTcE7, 2019-10-05 11:17:27, 2019-10-19 06:21:23
9618, yPHozU7s5eJAzr8RfUkI, 2019-10-05 11:17:27, 2019-10-19 06:21:23
9619, X5Skj2sGPBKDBzkpl8gI, 2019-10-05 11:17:27, 2019-10-19 06:21:23
9620, 4WEo3dPjHoaT91Tcnoxg, 2019-10-05 11:17:27, 2019-10-19 06:21:23
9621, znXXhvkNYX8t4lWAVmOx, 2019-10-05 11:17:27, 2019-10-19 06:21:23
9622, gNVYNvL2fUFL6GMKWAtx, 2019-10-05 11:17:27, 2019-10-19 06:21:23
9623, sLTDFYdnfB6Hlbf1SAsi, 2019-10-05 11:17:27, 2019-10-19 06:21:23
9624, JU9QAtG6biY5ZsgwKP4N, 2019-10-05 11:17:27, 2019-10-19 06:21:23
9625, ctd6YTJbR25KzzLT5N30, 2019-10-05 11:17:27, 2019-10-19 06:21:23
9626, ds0qabRksMBCBDDwRY5D, 2019-10-05 11:17:27, 2019-10-19 06:21:23
9627, aqDQufO9SchNfU7XMN3V, 2019-10-05 11:17:27, 2019-10-19 06:21:23
9628, i7LCUXtFIsBiP5FQy8QW, 2019-10-05 11:17:27, 2019-10-19 06:21:23
9629, 2h4L4HEJRmA0c5LPkWI1, 2019-10-05 11:17:27, 2019-10-19 06:21:23
9630, LZOh0KVRBMgQGTp7QwBU, 2019-10-05 11:17:27, 2019-10-19 06:21:23
9631, 8OnCe9NxUgB0vikFBquq, 2019-10-05 11:17:27, 2019-10-19 06:21:23
9632, pTdAhdW0zDpaaXF0NnLc, 2019-10-05 11:17:27, 2019-10-19 06:21:23
9633, Y3LyP353TmPfoccseh3y, 2019-10-05 11:17:27, 2019-10-19 06:21:23
9634, O8jVxbMnZMhSPwgQUM39, 2019-10-05 11:17:27, 2019-10-19 06:21:23
9635, c5nATL6IBrTYxI33trID, 2019-10-05 11:17:27, 2019-10-19 06:21:23
9636, Lw3XnJpV86rray3ex8JZ, 2019-10-05 11:17:27, 2019-10-19 06:21:23
9637, KE3xOEWIPWWLXB8ED9Eg, 2019-10-05 11:17:27, 2019-10-19 06:21:23
9638, n58wL4fowHiT1rS3pOe6, 2019-10-05 11:17:27, 2019-10-19 06:21:23
9639, MJm7o9EfIdIdQ5hOG4Q8, 2019-10-05 11:17:27, 2019-10-19 06:21:23
9640, CvdmTwLBjnfogwYklstm, 2019-10-05 11:17:27, 2019-10-19 06:21:23
9641, ZuuFUwT6dtX3480Mf32T, 2019-10-05 11:17:27, 2019-10-19 06:21:23
9642, VDswt32USSvAi2ZsYPet, 2019-10-05 11:17:27, 2019-10-19 06:21:23
9643, prMEkYc2jv4xrkk9TmRY, 2019-10-05 11:17:27, 2019-10-19 06:21:23
9644, 2vA1C96D9oYrFQVaiAjJ, 2019-10-05 11:17:27, 2019-10-19 06:21:23
9645, uFHcWHWEcFzVNQEAgCcy, 2019-10-05 11:17:27, 2019-10-19 06:21:23
9646, 3J7VE8YeKB8b4dMGFUAQ, 2019-10-05 11:17:27, 2019-10-19 06:21:23
9647, td8ie21s3FllmYjFtUQJ, 2019-10-05 11:17:27, 2019-10-19 06:21:23
9648, 8VJJkwImU9SP6NbpNSR4, 2019-10-05 11:17:27, 2019-10-19 06:21:23
9649, 0ZuEylgflJgNxgyesQ38, 2019-10-05 11:17:27, 2019-10-19 06:21:23
9650, rH1e2dic9bVQRN8aIA4b, 2019-10-05 11:17:27, 2019-10-19 06:21:23
9651, m0vGed6dqIdOeTfG8NLD, 2019-10-05 11:17:27, 2019-10-19 06:21:23
9652, jfD3BsGHcI9IDnu4kyIv, 2019-10-05 11:17:27, 2019-10-19 06:21:23
9653, rxlMWMbLM0uG0N2ThVuK, 2019-10-05 11:17:27, 2019-10-19 06:21:23
9654, TNQrrHl3gWD7ybDtHHcl, 2019-10-05 11:17:27, 2019-10-19 06:21:23
9655, ItRjT49MO3naMfkdTSnf, 2019-10-05 11:17:27, 2019-10-19 06:21:23
9656, XL63NB6zcTMu3PZ9KHx4, 2019-10-05 11:17:27, 2019-10-19 06:21:23
9657, zJA7jfDIy4mr5l7zTADY, 2019-10-05 11:17:27, 2019-10-19 06:21:23
9658, BAv19piuQ1DhfDOIXfuT, 2019-10-05 11:17:27, 2019-10-19 06:21:23
9659, 62kArNB4fwgIeJGVnqht, 2019-10-05 11:17:27, 2019-10-19 06:21:23
9660, 9AOxcoGdd7R1Uf2TS5RN, 2019-10-05 11:17:27, 2019-10-19 06:21:23
9661, NYLEDHOuO6Lw7yldW4qi, 2019-10-05 11:17:27, 2019-10-19 06:21:23
9662, UdtUcrOU1nxBdRgpV1Vv, 2019-10-05 11:17:27, 2019-10-19 06:21:23
9663, NsvZtLqn3PvjKykiXPVl, 2019-10-05 11:17:27, 2019-10-19 06:21:23
9664, Q9Dkv3pZhHWru0yOBOYE, 2019-10-05 11:17:27, 2019-10-19 06:21:23
9665, V2bBVYOkRnF3Vw4jOrR0, 2019-10-05 11:17:27, 2019-10-19 06:21:23
9666, L2dfCHxLxZQIsZ5gLxnY, 2019-10-05 11:17:27, 2019-10-19 06:21:24
9667, 0sWzdMyvYRkcgSjaenf6, 2019-10-05 11:17:27, 2019-10-19 06:21:24
9668, Xrvz0EmvE2gFIHuoUKLr, 2019-10-05 11:17:27, 2019-10-19 06:21:24
9669, FQwrZl0HaZXVL6UpvX0z, 2019-10-05 11:17:27, 2019-10-19 06:21:24
9670, 2YNidQXuBfcJk69A5b93, 2019-10-05 11:17:27, 2019-10-19 06:21:24
9671, sy5uXNOxaiBi2GzMQfKI, 2019-10-05 11:17:27, 2019-10-19 06:21:24
9672, GhZqEG0kVuABxEOAIsoa, 2019-10-05 11:17:27, 2019-10-19 06:21:24
9673, cAe6uoFpNIc94A0hk7eg, 2019-10-05 11:17:27, 2019-10-19 06:21:24
9674, nIqCylv3bZ1OeLDfEzbv, 2019-10-05 11:17:27, 2019-10-19 06:21:24
9675, qw9wLTYQPhou1tZhBFb0, 2019-10-05 11:17:27, 2019-10-19 06:21:24
9676, 5foj4R2j2nmRI9tYnL6s, 2019-10-05 11:17:27, 2019-10-19 06:21:24
9677, yu8dZWSp6CC4ddREbbSB, 2019-10-05 11:17:27, 2019-10-19 06:21:24
9678, QiuEGLXQJdhphDftFYdE, 2019-10-05 11:17:27, 2019-10-19 06:21:24
9679, VQPeMMSHwzYbouXXH3ei, 2019-10-05 11:17:27, 2019-10-19 06:21:24
9680, vAC7VUVh6RsLgBDSSuMb, 2019-10-05 11:17:27, 2019-10-19 06:21:24
9681, DHwx5DFDORbBgksU0Vrd, 2019-10-05 11:17:27, 2019-10-19 06:21:24
9682, NwlzoYRxRxgNvaBm9wnW, 2019-10-05 11:17:27, 2019-10-19 06:21:24
9683, syUicPJEnCyzMr2lWWMr, 2019-10-05 11:17:27, 2019-10-19 06:21:24
9684, fb6vdmklm95TaNvzFvEp, 2019-10-05 11:17:27, 2019-10-19 06:21:24
9685, gZZ4eBS0U0Iy3uQMgHlR, 2019-10-05 11:17:27, 2019-10-19 06:21:24
9686, 86ztb2ekHGww7TPyIJAI, 2019-10-05 11:17:27, 2019-10-19 06:21:24
9687, OJ7UF4LTSIobRjDAL2Z6, 2019-10-05 11:17:27, 2019-10-19 06:21:24
9688, G8ch0qbQ55M0innDI6Wo, 2019-10-05 11:17:27, 2019-10-19 06:21:24
9689, 51VkM8Q5pFCjNtMVRTBP, 2019-10-05 11:17:27, 2019-10-19 06:21:24
9690, AYxBxBH49aucytIRJjbA, 2019-10-05 11:17:27, 2019-10-19 06:21:24
9691, M79qz1jFqpQlsNbvR6uu, 2019-10-05 11:17:27, 2019-10-19 06:21:24
9692, TH1FB01Leik8zn9vwcNF, 2019-10-05 11:17:27, 2019-10-19 06:21:24
9693, GLQl5SEdS56CepcV00QQ, 2019-10-05 11:17:27, 2019-10-19 06:21:24
9694, P8u9zxyNpptes9eT0qvd, 2019-10-05 11:17:27, 2019-10-19 06:21:24
9695, 4NyNhQ3iS0AbGHIg9KGN, 2019-10-05 11:17:27, 2019-10-19 06:21:24
9696, 7F1sbXYEP5qZbXzFAYH8, 2019-10-05 11:17:27, 2019-10-19 06:21:24
9697, Mxu0EcGF7l5irkQIo1VN, 2019-10-05 11:17:27, 2019-10-19 06:21:24
9698, iR1a21XzL0RtSFtK9hCd, 2019-10-05 11:17:27, 2019-10-19 06:21:24
9699, zo8zj21HFkEz7GcpAayJ, 2019-10-05 11:17:27, 2019-10-19 06:21:24
9700, IRVsxKt3oCQlhQ8DLX2i, 2019-10-05 11:17:27, 2019-10-19 06:21:24
9701, Lq6sRtVlPezzolfSY6EW, 2019-10-05 11:17:27, 2019-10-19 06:21:24
9702, YmUXARxrOa2ap0e4YFrp, 2019-10-05 11:17:27, 2019-10-19 06:21:24
9703, sdZMsIOox0GtQBtwafB7, 2019-10-05 11:17:27, 2019-10-19 06:21:24
9704, WOPx4BkiFqG77bthjjs5, 2019-10-05 11:17:27, 2019-10-19 06:21:24
9705, 18gTTOqYRrJRUtKyEkG5, 2019-10-05 11:17:27, 2019-10-19 06:21:24
9706, saoc0B2olqDbvCa2ni4X, 2019-10-05 11:17:27, 2019-10-19 06:21:24
9707, sYaGyW7xzYAZhxxLVMQm, 2019-10-05 11:17:27, 2019-10-19 06:21:24
9708, XMze6eg6dWpQugxSPHJ3, 2019-10-05 11:17:27, 2019-10-19 06:21:24
9709, asaiQTlmO22iuXMyWN0z, 2019-10-05 11:17:27, 2019-10-19 06:21:24
9710, kUlejrozHovRqg0IlnSS, 2019-10-05 11:17:27, 2019-10-19 06:21:24
9711, tjz7JkjLHgaJekFOKmhF, 2019-10-05 11:17:27, 2019-10-19 06:21:24
9712, 81ThIP9LpdSE0ESjtfIA, 2019-10-05 11:17:27, 2019-10-19 06:21:24
9713, kMYsKITIPdehueEc0PIl, 2019-10-05 11:17:27, 2019-10-19 06:21:24
9714, a24hgJqiHAbMalsfO97i, 2019-10-05 11:17:27, 2019-10-19 06:21:24
9715, ZJrzX8CoE9q2g9dgJ232, 2019-10-05 11:17:27, 2019-10-19 06:21:24
9716, vsskkYPjf0SH9LuNuX9R, 2019-10-05 11:17:27, 2019-10-19 06:21:24
9717, 4FP4NXo3IRkUZwWiFrcX, 2019-10-05 11:17:27, 2019-10-19 06:21:24
9718, DJdBEWzvdvCMF0LSIgAj, 2019-10-05 11:17:27, 2019-10-19 06:21:24
9719, 3vMABDtAvg0b7l91gtxI, 2019-10-05 11:17:27, 2019-10-19 06:21:24
9720, QFMTbbBqVcLypAPJLGEH, 2019-10-05 11:17:27, 2019-10-19 06:21:24
9721, b6CW5FZ0xHrelQ3kLimY, 2019-10-05 11:17:27, 2019-10-19 06:21:24
9722, OQ9MRtAqaKvoIK5C9CyQ, 2019-10-05 11:17:27, 2019-10-19 06:21:24
9723, wF03W4zcEdlTZPXITZbI, 2019-10-05 11:17:27, 2019-10-19 06:21:24
9724, a536RmwDfcLr15aUF3KX, 2019-10-05 11:17:27, 2019-10-19 06:21:24
9725, kMLDvfKZAImRR0pwqdnX, 2019-10-05 11:17:27, 2019-10-19 06:21:24
9726, 7BlkA2Ke0bIFO2jspYQJ, 2019-10-05 11:17:27, 2019-10-19 06:21:24
9727, fqcYjAkPGYfH21yS5AaV, 2019-10-05 11:17:27, 2019-10-19 06:21:24
9728, mWVZsQ5HXQs6nHNZbak5, 2019-10-05 11:17:27, 2019-10-19 06:21:24
9729, 30lFsljHmpR8hFV1Zy0r, 2019-10-05 11:17:27, 2019-10-19 06:21:24
9730, WyRemlg8yhuUtn1rcI3K, 2019-10-05 11:17:27, 2019-10-19 06:21:24
9731, QZVgE8YGobJWlOwdPMxy, 2019-10-05 11:17:27, 2019-10-19 06:21:24
9732, ZCRyBuCq7VDlCSnZ1XXh, 2019-10-05 11:17:27, 2019-10-19 06:21:24
9733, xGIA8a0DcSuG851ykulw, 2019-10-05 11:17:27, 2019-10-19 06:21:24
9734, pNItata6khiBJENisSRP, 2019-10-05 11:17:27, 2019-10-19 06:21:24
9735, WuM3IDrauJrrJynxyZFl, 2019-10-05 11:17:27, 2019-10-19 06:21:24
9736, WKLj8MDtYVZaUs7lwJAX, 2019-10-05 11:17:27, 2019-10-19 06:21:24
9737, mIoy7LZUzrLvTjaO8nKy, 2019-10-05 11:17:27, 2019-10-19 06:21:24
9738, B2WBe7VYk4G0RqPcwZJD, 2019-10-05 11:17:27, 2019-10-19 06:21:24
9739, WhNe6MSdpwiT9uWZ7zJw, 2019-10-05 11:17:27, 2019-10-19 06:21:24
9740, P3OtADCbuClWCES7vB7y, 2019-10-05 11:17:27, 2019-10-19 06:21:24
9741, eiYuSkpCo6tv0tVJrRds, 2019-10-05 11:17:27, 2019-10-19 06:21:24
9742, VQ3VVZ8IiQMQkl3u9qh2, 2019-10-05 11:17:27, 2019-10-19 06:21:24
9743, wLsncsvo58GfOKddZ13i, 2019-10-05 11:17:27, 2019-10-19 06:21:24
9744, nXgBZcg32gNfyBkWqqxd, 2019-10-05 11:17:27, 2019-10-19 06:21:24
9745, Kl6RfTkdePf4dTnxe08B, 2019-10-05 11:17:27, 2019-10-19 06:21:24
9746, D9KLzFl2UvdsoIjmVinT, 2019-10-05 11:17:27, 2019-10-19 06:21:24
9747, Cq2jWaqVFC5pt3mT7iwo, 2019-10-05 11:17:27, 2019-10-19 06:21:24
9748, FhIeCmqPgwfPrvNzx8Pa, 2019-10-05 11:17:27, 2019-10-19 06:21:24
9749, pxY5aG5vRVt9pv6xDKj7, 2019-10-05 11:17:27, 2019-10-19 06:21:24
9750, gieWoWK7WVvuyN5DVSxL, 2019-10-05 11:17:27, 2019-10-19 06:21:24
9751, hONP1VDXvsidLII6QCq0, 2019-10-05 11:17:27, 2019-10-19 06:21:24
9752, cxGHRXZvUIlAEVq4KvdJ, 2019-10-05 11:17:27, 2019-10-19 06:21:24
9753, mJXzXLzSSy2XDbX3uPqN, 2019-10-05 11:17:27, 2019-10-19 06:21:24
9754, RQQultif1iJEzVYKOAQB, 2019-10-05 11:17:27, 2019-10-19 06:21:24
9755, 5TtArIfpuC5NWilHqWAT, 2019-10-05 11:17:27, 2019-10-19 06:21:24
9756, FtGj5aPDX9MnVyGnPR4Z, 2019-10-05 11:17:27, 2019-10-19 06:21:24
9757, EzXlGvefItrmVuQtfteB, 2019-10-05 11:17:27, 2019-10-19 06:21:24
9758, 1NB77SYancR5uc1641Ws, 2019-10-05 11:17:27, 2019-10-19 06:21:24
9759, GwsM8Cmxadiuhli9rmD7, 2019-10-05 11:17:27, 2019-10-19 06:21:24
9760, Wjwi3rEZ87Ki20vvmuwC, 2019-10-05 11:17:27, 2019-10-19 06:21:24
9761, 2JiLxNh6HZgjUTlqkwV3, 2019-10-05 11:17:27, 2019-10-19 06:21:24
9762, 7HM6sPPftd8zjpomHtlB, 2019-10-05 11:17:27, 2019-10-19 06:21:24
9763, ADIOiw8kl99tNoRlgdBQ, 2019-10-05 11:17:27, 2019-10-19 06:21:24
9764, veU18RquBcJvyCDrwrr7, 2019-10-05 11:17:27, 2019-10-19 06:21:24
9765, mvO5XNvF4tT8bdMh7iB9, 2019-10-05 11:17:27, 2019-10-19 06:21:24
9766, pNVL9XOXxB2hb1qgYrBy, 2019-10-05 11:17:27, 2019-10-19 06:21:24
9767, GpsCmPB4syHBXXBnF8L1, 2019-10-05 11:17:27, 2019-10-19 06:21:24
9768, U8hVLBPPrJeZzHtivLsw, 2019-10-05 11:17:27, 2019-10-19 06:21:24
9769, exfRZBE5yhHAwlFSv6AN, 2019-10-05 11:17:27, 2019-10-19 06:21:24
9770, eoKvM4o4zdmXHIpiar21, 2019-10-05 11:17:27, 2019-10-19 06:21:24
9771, EGzoVFRpWJPKm3NPzGjp, 2019-10-05 11:17:27, 2019-10-19 06:21:24
9772, cLv9cJBAVH14Dbs4bMYG, 2019-10-05 11:17:27, 2019-10-19 06:21:24
9773, T2UEzlSffoM0XcBMCVno, 2019-10-05 11:17:27, 2019-10-19 06:21:25
9774, QQdbBwIrSfCw7tG7Dr2K, 2019-10-05 11:17:27, 2019-10-19 06:21:25
9775, OxZ31HkoGbAzawQGVh3N, 2019-10-05 11:17:27, 2019-10-19 06:21:25
9776, TYKhUigmu0omiWwM1bqx, 2019-10-05 11:17:27, 2019-10-19 06:21:25
9777, QpWMPFd24QMBhRzbpYYX, 2019-10-05 11:17:27, 2019-10-19 06:21:25
9778, Hvs04Bn06sl88GAyOJ1Z, 2019-10-05 11:17:27, 2019-10-19 06:21:25
9779, uQ7rHMxsJNNoFHQiSrQc, 2019-10-05 11:17:27, 2019-10-19 06:21:25
9780, ClN9VcBU4kHw89IfnnCr, 2019-10-05 11:17:27, 2019-10-19 06:21:25
9781, pRI5xQ8RrdGnj83K8W9D, 2019-10-05 11:17:27, 2019-10-19 06:21:25
9782, vX7KmzHTTjwxVW3IsBU7, 2019-10-05 11:17:27, 2019-10-19 06:21:25
9783, 8fiVQKwWYWDEutNuJkk1, 2019-10-05 11:17:27, 2019-10-19 06:21:25
9784, WLgPLBzmaXHUlJYwhGdk, 2019-10-05 11:17:27, 2019-10-19 06:21:25
9785, o617G7bYVyq1vkL5rOEt, 2019-10-05 11:17:27, 2019-10-19 06:21:25
9786, 0buREz6QsnOwafAIYBe2, 2019-10-05 11:17:27, 2019-10-19 06:21:25
9787, WaNKCHLhW1GSF4NXwmI9, 2019-10-05 11:17:27, 2019-10-19 06:21:25
9788, 7Xvhh6wjFVwbTlC41XUw, 2019-10-05 11:17:27, 2019-10-19 06:21:25
9789, 8MWIgVNOqUxyeCQYDhNp, 2019-10-05 11:17:27, 2019-10-19 06:21:25
9790, bcqbi6bnteAX2fPMwg2I, 2019-10-05 11:17:27, 2019-10-19 06:21:25
9791, 1dk0ORHZtDveRBvqPzK6, 2019-10-05 11:17:27, 2019-10-19 06:21:25
9792, ex1dlmMmYgqoWUwYrbcS, 2019-10-05 11:17:27, 2019-10-19 06:21:25
9793, m7S8dybeoEFdTwUaNyLZ, 2019-10-05 11:17:27, 2019-10-19 06:21:25
9794, 2GE0RCzs9j39rXgDQJfw, 2019-10-05 11:17:27, 2019-10-19 06:21:25
9795, Fm2NIjWNGqyXU7gy1xGi, 2019-10-05 11:17:27, 2019-10-19 06:21:25
9796, 7cVtTx03k7GJcJqagtMO, 2019-10-05 11:17:27, 2019-10-19 06:21:25
9797, oKmkn1c5JpWcWgh5Wzdk, 2019-10-05 11:17:27, 2019-10-19 06:21:25
9798, c3GZS1aNVHuXuo4AGLod, 2019-10-05 11:17:27, 2019-10-19 06:21:25
9799, 9bPFPlyqyQB9lA0GTfX6, 2019-10-05 11:17:27, 2019-10-19 06:21:25
9800, UuTy3euIrxVYEf8X5o3Q, 2019-10-05 11:17:27, 2019-10-19 06:21:25
9801, vBXD5W5pVW3if02v85ow, 2019-10-05 11:17:27, 2019-10-19 06:21:25
9802, lhmfmbXQF4zG3JH2tn7r, 2019-10-05 11:17:27, 2019-10-19 06:21:25
9803, QDhUXUxkBj9khHWVITlN, 2019-10-05 11:17:27, 2019-10-19 06:21:25
9804, YD3ggoDHrIBUPp13fsNq, 2019-10-05 11:17:27, 2019-10-19 06:21:25
9805, 2waAWcDKp9mqyqcBm6n6, 2019-10-05 11:17:27, 2019-10-19 06:21:25
9806, OAVcGCFWn7n7MeXcnGqL, 2019-10-05 11:17:27, 2019-10-19 06:21:25
9807, KMM4f4Jd7AlME01LSXHs, 2019-10-05 11:17:27, 2019-10-19 06:21:25
9808, n9YZXxGlX6CxOojoEghm, 2019-10-05 11:17:27, 2019-10-19 06:21:25
9809, Iv6M4pWYo4mSOFhPd5mm, 2019-10-05 11:17:27, 2019-10-19 06:21:25
9810, zyJqrDhAL5Vh6s8WwHYA, 2019-10-05 11:17:27, 2019-10-19 06:21:25
9811, xkjhvd9vysXqDYXpNo32, 2019-10-05 11:17:27, 2019-10-19 06:21:25
9812, HtkwUCE5YWRCvHjp8Htt, 2019-10-05 11:17:27, 2019-10-19 06:21:25
9813, 6Xn9XAtnygDtAdn5EERp, 2019-10-05 11:17:27, 2019-10-19 06:21:25
9814, VbJPiWyCnq2XQtOrHCoO, 2019-10-05 11:17:27, 2019-10-19 06:21:25
9815, mM6q1wGsYBhM8O4PbEUv, 2019-10-05 11:17:27, 2019-10-19 06:21:25
9816, anB3AG0kCjzhFY5C8dWO, 2019-10-05 11:17:27, 2019-10-19 06:21:25
9817, uH3GgYxm5bvLdtn4pRKX, 2019-10-05 11:17:27, 2019-10-19 06:21:25
9818, ybxfd0VOvarz27PSTO7L, 2019-10-05 11:17:27, 2019-10-19 06:21:25
9819, qgDnFiaTaNV3rDWYHLU1, 2019-10-05 11:17:27, 2019-10-19 06:21:25
9820, MHKGhFRdbsNU13pqaHop, 2019-10-05 11:17:27, 2019-10-19 06:21:25
9821, zyVYp8jNEwmsaMAQ4sZB, 2019-10-05 11:17:27, 2019-10-19 06:21:25
9822, vBHan81g4WKqMGWSv5Mf, 2019-10-05 11:17:27, 2019-10-19 06:21:25
9823, mhUFCxnyN9HAIPgXZ2mM, 2019-10-05 11:17:27, 2019-10-19 06:21:25
9824, SJtkR9cHzsXNQICfH6QQ, 2019-10-05 11:17:27, 2019-10-19 06:21:25
9825, tPNc6cCs7xlDJcv00vcR, 2019-10-05 11:17:27, 2019-10-19 06:21:25
9826, 1hBjpp1shR6nY6siIApU, 2019-10-05 11:17:27, 2019-10-19 06:21:26
9827, MPYcGM0lzbS5ZpI4uysg, 2019-10-05 11:17:27, 2019-10-19 06:21:26
9828, ie9e7ZTOhpCIwbMJuZA0, 2019-10-05 11:17:27, 2019-10-19 06:21:26
9829, EuyBF5fa3ki5DIOzs30j, 2019-10-05 11:17:27, 2019-10-19 06:21:26
9830, 0tivmuKofGDj7wKSUnfc, 2019-10-05 11:17:27, 2019-10-19 06:21:26
9831, CbzEEm8DPja3d3vheBKX, 2019-10-05 11:17:27, 2019-10-19 06:21:26
9832, 0aC9f4WaF42dzxLrx5Zf, 2019-10-05 11:17:27, 2019-10-19 06:21:26
9833, k3OdgtxjZIkeExmy6rms, 2019-10-05 11:17:27, 2019-10-19 06:21:26
9834, 0Mxhah5EmFWuJN7ywjNj, 2019-10-05 11:17:27, 2019-10-19 06:21:26
9835, jbNcXXKesv3XUpXGqEnL, 2019-10-05 11:17:27, 2019-10-19 06:21:26
9836, NztsRqQT6ySQoqzH1g11, 2019-10-05 11:17:27, 2019-10-19 06:21:26
9837, cnp9lwftjuv0hMJQch6N, 2019-10-05 11:17:27, 2019-10-19 06:21:26
9838, qHox9h3QW9p1eZt1pYvi, 2019-10-05 11:17:27, 2019-10-19 06:21:26
9839, 1AqU31PJicqf70z3zFIk, 2019-10-05 11:17:27, 2019-10-19 06:21:26
9840, GRYj31kjXFwvAK44ppHA, 2019-10-05 11:17:27, 2019-10-19 06:21:26
9841, 8fLEFlhhESJkDugZjKeD, 2019-10-05 11:17:27, 2019-10-19 06:21:26
9842, KCyG3D42UfUn7zccfLgl, 2019-10-05 11:17:27, 2019-10-19 06:21:26
9843, x1FZZjlWsm9QwKtC5UV4, 2019-10-05 11:17:27, 2019-10-19 06:21:26
9844, Ot0qTXUp3tQYBzE2y2zX, 2019-10-05 11:17:27, 2019-10-19 06:21:26
9845, zSEHj4JdS4DoCgdCfyUw, 2019-10-05 11:17:27, 2019-10-19 06:21:26
9846, VyQTcQOLrrgLTuzFnXtX, 2019-10-05 11:17:27, 2019-10-19 06:21:26
9847, iLVJK5YnmI4sRO6YjKkz, 2019-10-05 11:17:27, 2019-10-19 06:21:26
9848, TMtolyS8YafnSt6xyFrY, 2019-10-05 11:17:27, 2019-10-19 06:21:26
9849, gbvZXeGiJTpmz4cq0EtE, 2019-10-05 11:17:27, 2019-10-19 06:21:26
9850, G9MJZLgWm9IvilAU56vm, 2019-10-05 11:17:27, 2019-10-19 06:21:26
9851, SEmlJYyqzA7JnOuwEIqJ, 2019-10-05 11:17:27, 2019-10-19 06:21:26
9852, rOmgY7P69MmCbqcBHCLp, 2019-10-05 11:17:27, 2019-10-19 06:21:26
9853, Imm8nVQjniKrTboUwyRS, 2019-10-05 11:17:27, 2019-10-19 06:21:26
9854, e8coiEeApeQhWYkPTXIy, 2019-10-05 11:17:27, 2019-10-19 06:21:26
9855, YlqVLavnLK07J0GHxss5, 2019-10-05 11:17:27, 2019-10-19 06:21:26
9856, ZkGazSDtWv2aBnVqkEaI, 2019-10-05 11:17:27, 2019-10-19 06:21:26
9857, lAqlgo8k8mOJDQETGLQE, 2019-10-05 11:17:27, 2019-10-19 06:21:26
9858, 3EFCakUZu3axipaypbEq, 2019-10-05 11:17:27, 2019-10-19 06:21:26
9859, UQboGL3U4vOudDmgn60D, 2019-10-05 11:17:27, 2019-10-19 06:21:26
9860, 25hGlndHkU1gwdmUfKUr, 2019-10-05 11:17:27, 2019-10-19 06:21:26
9861, 76TWuekTnEk9GjDbgeg8, 2019-10-05 11:17:27, 2019-10-19 06:21:26
9862, F1fEC5ZgFOBW6U4tg8ep, 2019-10-05 11:17:27, 2019-10-19 06:21:26
9863, S0W5w0luymKgarx3Ja7x, 2019-10-05 11:17:27, 2019-10-19 06:21:26
9864, Nz46TBBpDKsErMsA9vO6, 2019-10-05 11:17:27, 2019-10-19 06:21:26
9865, tCheQ6lyDqMroeQlP6Rh, 2019-10-05 11:17:27, 2019-10-19 06:21:26
9866, snIAe3M5OxtXZuSMGuVP, 2019-10-05 11:17:27, 2019-10-19 06:21:26
9867, hXCOrS0gFk9qASN3xOh1, 2019-10-05 11:17:27, 2019-10-19 06:21:26
9868, fviJZ1V57XPYVmXsSmmz, 2019-10-05 11:17:27, 2019-10-19 06:21:26
9869, CJF2igbyFUDYHLCIlHbm, 2019-10-05 11:17:27, 2019-10-19 06:21:26
9870, IniVSw9uZ4xG1qpHNmbz, 2019-10-05 11:17:27, 2019-10-19 06:21:26
9871, HDfO8P21rSvZKJgbAKeY, 2019-10-05 11:17:27, 2019-10-19 06:21:26
9872, Gp9g92IlxrNSDuX30JZw, 2019-10-05 11:17:27, 2019-10-19 06:21:26
9873, J5q2gqjIqtkE3aZcAF1d, 2019-10-05 11:17:27, 2019-10-19 06:21:26
9874, sPW7tafRBXm2rN8C69yj, 2019-10-05 11:17:27, 2019-10-19 06:21:26
9875, GMI85D12YX3MnoYEq6WW, 2019-10-05 11:17:27, 2019-10-19 06:21:26
9876, 7jVbi5Uoja0aJrz6jhaH, 2019-10-05 11:17:27, 2019-10-19 06:21:26
9877, po5hxLwzT10zXd67lKUY, 2019-10-05 11:17:27, 2019-10-19 06:21:26
9878, 0YwdPC9VnFXcs93Z0WNM, 2019-10-05 11:17:27, 2019-10-19 06:21:26
9879, RqhrU27cCIpSnDlTG341, 2019-10-05 11:17:27, 2019-10-19 06:21:26
9880, c7sysCCeHoGiAd7Zz8kx, 2019-10-05 11:17:27, 2019-10-19 06:21:26
9881, wMCzefQVFyaBtsVVO4BL, 2019-10-05 11:17:27, 2019-10-19 06:21:26
9882, 3k7IJwpl443VGV15kJJk, 2019-10-05 11:17:27, 2019-10-19 06:21:26
9883, aNyh6fNSJ2ZuX10tyRBB, 2019-10-05 11:17:27, 2019-10-19 06:21:26
9884, cVwyLURbLmzIu2FbVqUq, 2019-10-05 11:17:27, 2019-10-19 06:21:26
9885, O1qQKrudS6pYVEKNLsAr, 2019-10-05 11:17:27, 2019-10-19 06:21:26
9886, AEt6mxyRjlScGzbu89NZ, 2019-10-05 11:17:27, 2019-10-19 06:21:26
9887, yPkmQcih8uQVGGBqcntd, 2019-10-05 11:17:27, 2019-10-19 06:21:26
9888, rKQQKFNWdPI7VjcsJMtR, 2019-10-05 11:17:27, 2019-10-19 06:21:26
9889, d76VlkjM81a3RNNrpYUB, 2019-10-05 11:17:27, 2019-10-19 06:21:26
9890, m8a3r6OT363fjFgD2hyw, 2019-10-05 11:17:27, 2019-10-19 06:21:26
9891, byqfIn7Hrs08HzP1tDS5, 2019-10-05 11:17:27, 2019-10-19 06:21:26
9892, gMEHfhQwKZ9Nqjt6PycG, 2019-10-05 11:17:27, 2019-10-19 06:21:26
9893, 0ET0ZOzydteVaYW5NMjF, 2019-10-05 11:17:27, 2019-10-19 06:21:26
9894, PIJUZhbJ7FABYOnUvJ6h, 2019-10-05 11:17:27, 2019-10-19 06:21:26
9895, xzJLY5PqCVKsfufELk7k, 2019-10-05 11:17:27, 2019-10-19 06:21:26
9896, BRdTzpYVn9gt7TKqPtJQ, 2019-10-05 11:17:27, 2019-10-19 06:21:26
9897, uv5P6UTs5KTzI7LRdjrr, 2019-10-05 11:17:27, 2019-10-19 06:21:26
9898, mVOD3fPUmrHuU4fGrArB, 2019-10-05 11:17:27, 2019-10-19 06:21:26
9899, yaWVpIGcLl8igY60HgzS, 2019-10-05 11:17:27, 2019-10-19 06:21:26
9900, GlJawQ3lbrhtZIf7kIBn, 2019-10-05 11:17:27, 2019-10-19 06:21:26
9901, BZ7HakOk8qRs2BV4F1ev, 2019-10-05 11:17:27, 2019-10-19 06:21:26
9902, rUAGDnY5ZuKwvdioiN7X, 2019-10-05 11:17:27, 2019-10-19 06:21:26
9903, 0mIvU1JX4ImMP9YchRnk, 2019-10-05 11:17:27, 2019-10-19 06:21:26
9904, GTa1ebjpcnRI4Ba17DxG, 2019-10-05 11:17:27, 2019-10-19 06:21:26
9905, VEZ1LQ2AzNEUriBxbdPu, 2019-10-05 11:17:27, 2019-10-19 06:21:26
9906, gzYwV6slC0Htgbz69u4k, 2019-10-05 11:17:27, 2019-10-19 06:21:26
9907, TJkdPYt3jhc6ZVGf6xUT, 2019-10-05 11:17:27, 2019-10-19 06:21:26
9908, Ne5Dcc91pqaWghObDRUa, 2019-10-05 11:17:27, 2019-10-19 06:21:26
9909, njs6Ej3kYeMsHbNgyIHQ, 2019-10-05 11:17:27, 2019-10-19 06:21:26
9910, SB3mNxo3SdjvVnAdo8jl, 2019-10-05 11:17:27, 2019-10-19 06:21:26
9911, yyBDV9gADUHCoySXllWI, 2019-10-05 11:17:27, 2019-10-19 06:21:26
9912, vzLtk8mVK8nupnKxOWv2, 2019-10-05 11:17:27, 2019-10-19 06:21:26
9913, eSEsSIKMVMlZKqDTkwsX, 2019-10-05 11:17:27, 2019-10-19 06:21:26
9914, D7hGjteTPRCoxwv9YG0U, 2019-10-05 11:17:27, 2019-10-19 06:21:26
9915, s3hJdIcKKXoKecfUUILx, 2019-10-05 11:17:27, 2019-10-19 06:21:26
9916, D3bMIhMAIxJCd3C3U5WT, 2019-10-05 11:17:27, 2019-10-19 06:21:26
9917, ykFe0D5U5bGmkoZCOFqC, 2019-10-05 11:17:27, 2019-10-19 06:21:26
9918, RHY5p2TeSxQIOGRnS8nW, 2019-10-05 11:17:27, 2019-10-19 06:21:26
9919, N6WDtiRpTntmVhIKFM1h, 2019-10-05 11:17:27, 2019-10-19 06:21:26
9920, uOZ3enUmwTvCUXiwTiOB, 2019-10-05 11:17:27, 2019-10-19 06:21:26
9921, hQaLkcy336UmTOzcc3jf, 2019-10-05 11:17:27, 2019-10-19 06:21:26
9922, ZMQBvcOIJL9gSUsIcSLw, 2019-10-05 11:17:27, 2019-10-19 06:21:26
9923, 8hCbikMlPF6d4C7eNxyn, 2019-10-05 11:17:27, 2019-10-19 06:21:26
9924, NwOtCtr9omg5Aa4JaJpw, 2019-10-05 11:17:27, 2019-10-19 06:21:26
9925, Rq7I0ab5DoYln8FZhsH8, 2019-10-05 11:17:27, 2019-10-19 06:21:26
9926, fs1FypD962TXaYvfYIFU, 2019-10-05 11:17:27, 2019-10-19 06:21:26
9927, pBPjm8TpwizOhEiVlETb, 2019-10-05 11:17:27, 2019-10-19 06:21:26
9928, upaNeLhXV1ZJuqAnzdpH, 2019-10-05 11:17:27, 2019-10-19 06:21:26
9929, CoOg2V1kGUVos3qqIiXs, 2019-10-05 11:17:27, 2019-10-19 06:21:26
9930, xv9ti9BBRHino4Oi1hig, 2019-10-05 11:17:27, 2019-10-19 06:21:26
9931, 4TsgEJWmSWKAIns0VTj6, 2019-10-05 11:17:27, 2019-10-19 06:21:26
9932, BWddR6N64ooRxq2Lyd3n, 2019-10-05 11:17:27, 2019-10-19 06:21:26
9933, geiT6T70LlDzyjStDMdn, 2019-10-05 11:17:27, 2019-10-19 06:21:26
9934, wPjCdIr5PaXLGGr2QYTf, 2019-10-05 11:17:27, 2019-10-19 06:21:26
9935, qWgnLKFycGjagLZw7G9k, 2019-10-05 11:17:27, 2019-10-19 06:21:26
9936, IluzkcQRRN3vN1UB0DNN, 2019-10-05 11:17:27, 2019-10-19 06:21:26
9937, Vvkf0xbJAhaRgASDyylu, 2019-10-05 11:17:27, 2019-10-19 06:21:26
9938, wwjphSbsiV2hEMSt1CqV, 2019-10-05 11:17:27, 2019-10-19 06:21:26
9939, mgw8W2uy2IqeR9bYqEu9, 2019-10-05 11:17:27, 2019-10-19 06:21:26
9940, 4iFU2oRCHmlBElDwLr0p, 2019-10-05 11:17:27, 2019-10-19 06:21:26
9941, Pj7oLwLISsd6P0XzRzNS, 2019-10-05 11:17:27, 2019-10-19 06:21:26
9942, 9mjvxUChvZKSBKl3tDn8, 2019-10-05 11:17:27, 2019-10-19 06:21:26
9943, AVgAQ6MymC3ruks5yg8E, 2019-10-05 11:17:27, 2019-10-19 06:21:26
9944, dZAXEEMKWGcCVDemg99k, 2019-10-05 11:17:27, 2019-10-19 06:21:26
9945, VEFrQaipzU0FjIA5ZP2t, 2019-10-05 11:17:27, 2019-10-19 06:21:26
9946, HOotap74rY7B5gfSBiyd, 2019-10-05 11:17:27, 2019-10-19 06:21:26
9947, SuavDCqtCnrEdDufMGfO, 2019-10-05 11:17:27, 2019-10-19 06:21:26
9948, 9CnukxwqIHxbk8DiXnow, 2019-10-05 11:17:27, 2019-10-19 06:21:26
9949, q45B9QgGfMqcw4Dvqx1t, 2019-10-05 11:17:27, 2019-10-19 06:21:26
9950, RblVkCeIrLkvikKWHg0D, 2019-10-05 11:17:27, 2019-10-19 06:21:26
9951, LOf46JzNvJzGpF5h656x, 2019-10-05 11:17:27, 2019-10-19 06:21:27
9952, t0CW0tSHWrpieVe1Xfzl, 2019-10-05 11:17:27, 2019-10-19 06:21:27
9953, buqXQRfye9H2RCPFpGnK, 2019-10-05 11:17:27, 2019-10-19 06:21:27
9954, 5pJ4gaFtuBuxd9xKUagr, 2019-10-05 11:17:27, 2019-10-19 06:21:27
9955, x7JB5OgiGGsTII3A44xq, 2019-10-05 11:17:27, 2019-10-19 06:21:27
9956, NTIUnhtE4QGH6BExZQz9, 2019-10-05 11:17:27, 2019-10-19 06:21:27
9957, qnlM5eCF7wuSHgdj1LPl, 2019-10-05 11:17:27, 2019-10-19 06:21:27
9958, yRN6uulbTdxOa86g0FZj, 2019-10-05 11:17:27, 2019-10-19 06:21:27
9959, SoaAjZ94si1OMzDzUwVT, 2019-10-05 11:17:27, 2019-10-19 06:21:27
9960, lX2j3TEpiaY3hV6vU40z, 2019-10-05 11:17:27, 2019-10-19 06:21:27
9961, KlGka1ro8enXUXnk1foa, 2019-10-05 11:17:27, 2019-10-19 06:21:27
9962, 3orTmKEAFf8DaRe56GY1, 2019-10-05 11:17:27, 2019-10-19 06:21:27
9963, D85wgS0qyhx01PGDZqAJ, 2019-10-05 11:17:27, 2019-10-19 06:21:27
9964, q31uMt2hB7MoTMg1URQ6, 2019-10-05 11:17:27, 2019-10-19 06:21:27
9965, WMCe7q53I2ocQzb5v5b6, 2019-10-05 11:17:27, 2019-10-19 06:21:27
9966, 85qMiIHaX6lZa7GbO1Z4, 2019-10-05 11:17:27, 2019-10-19 06:21:27
9967, 6TdTANjEGYoiT4Gzt2AK, 2019-10-05 11:17:27, 2019-10-19 06:21:27
9968, dGMeeid0ELWeMlYxIrcT, 2019-10-05 11:17:27, 2019-10-19 06:21:27
9969, 65VQHwGKBfGWaCszwWEJ, 2019-10-05 11:17:27, 2019-10-19 06:21:27
9970, y1tKOLjZPRbZflFsG7Nj, 2019-10-05 11:17:27, 2019-10-19 06:21:27
9971, d5Bb3oqNFLSS310EMlDZ, 2019-10-05 11:17:27, 2019-10-19 06:21:27
9972, Z2huwFsutRZMRBuFOfM2, 2019-10-05 11:17:27, 2019-10-19 06:21:27
9973, q1FaiWXoSFrG2kcO99al, 2019-10-05 11:17:27, 2019-10-19 06:21:27
9974, 6bxZldf4Uc0R67s5EyTw, 2019-10-05 11:17:27, 2019-10-19 06:21:27
9975, G6tg1Tqb306C7QJTsFgo, 2019-10-05 11:17:27, 2019-10-19 06:21:27
9976, rIHNbCudTL8MgtZXJf94, 2019-10-05 11:17:27, 2019-10-19 06:21:27
9977, 3nYPqPnlaXHofJEgHw03, 2019-10-05 11:17:27, 2019-10-19 06:21:27
9978, 8NESnT3K4IuCIbGp5kXo, 2019-10-05 11:17:27, 2019-10-19 06:21:27
9979, juwT0eA4nnwk3CB5KY6S, 2019-10-05 11:17:27, 2019-10-19 06:21:27
9980, pKPSND9e5QYrK93T0oVU, 2019-10-05 11:17:27, 2019-10-19 06:21:27
9981, HBY58FiymgC7nqVlxTSZ, 2019-10-05 11:17:27, 2019-10-19 06:21:27
9982, IYHcfgXMVuFy2pByiV9P, 2019-10-05 11:17:27, 2019-10-19 06:21:27
9983, 1cmaggaoWV8FbMm3YMPu, 2019-10-05 11:17:27, 2019-10-19 06:21:27
9984, FLcFfSzKK3SofENZJUJp, 2019-10-05 11:17:27, 2019-10-19 06:21:27
9985, nsqqnN7fuybVPUEHEX1G, 2019-10-05 11:17:27, 2019-10-19 06:21:27
9986, C8Rv9OD8oLAL8ZSIlOST, 2019-10-05 11:17:27, 2019-10-19 06:21:27
9987, Xiiam2geE1ZTBMI5pjtD, 2019-10-05 11:17:27, 2019-10-19 06:21:27
9988, fFwDY9QpN24vANj8bl13, 2019-10-05 11:17:27, 2019-10-19 06:21:27
9989, xcKBpvMZ2YjgxTz1MYVe, 2019-10-05 11:17:27, 2019-10-19 06:21:27
9990, hj7zKMSE7tw6YvwdiThQ, 2019-10-05 11:17:27, 2019-10-19 06:21:27
9991, VU27snsKH58EQMtpdfOT, 2019-10-05 11:17:27, 2019-10-19 06:21:27
9992, 1cMgffa6sQiI7wnDbaVO, 2019-10-05 11:17:27, 2019-10-19 06:21:27
9993, j6WhNueTtOpa7abS9F2c, 2019-10-05 11:17:27, 2019-10-19 06:21:27
9994, MGMmyoUJgz1Zd3SwgdlC, 2019-10-05 11:17:27, 2019-10-19 06:21:27
9995, kQzsODviLMs16Z043p2h, 2019-10-05 11:17:27, 2019-10-19 06:21:27
9996, ZP0MXbd8bfsdRd8BxvFm, 2019-10-05 11:17:27, 2019-10-19 06:21:27
9997, zQmwYQtTSnB9xJQhQtMF, 2019-10-05 11:17:27, 2019-10-19 06:21:27
9998, jW0eW3eil99HugfGjUgj, 2019-10-05 11:17:27, 2019-10-19 06:21:27
9999, cewdsNWNARYBBElXPIrF, 2019-10-05 11:17:27, 2019-10-19 06:21:27
10000, 6pjfpAxGVHPaV2BNLMLh, 2019-10-05 11:17:27, 2019-10-19 06:21:27